Date,WL_obs,target,persistence,ridge,tgcn,lstm,pistgnn,stgnn_nophys
2023-01-01,2.4,Baruria,2.46,2.3869505859077775,2.3918100182936244,2.3997342878587733,2.404587571422729,2.394364169260926
2023-01-02,2.31,Baruria,2.4,2.341375033934537,2.338116602997625,2.3491549962371328,2.349230338631413,2.3405032148229936
2023-01-03,2.29,Baruria,2.31,2.2769153463862977,2.257103517338706,2.2738432529546575,2.274663380481553,2.2692467961869767
2023-01-04,2.24,Baruria,2.29,2.2654938604703596,2.2511160777213637,2.2675407799553438,2.2601740540823996,2.2564283605258186
2023-01-05,2.2,Baruria,2.24,2.2302117092865945,2.214632731368427,2.22697288705293,2.2242434155093975,2.222167200644328
2023-01-06,2.19,Baruria,2.2,2.2021814649063627,2.187033674222966,2.1970891575601885,2.2001335033268905,2.1987714023488647
2023-01-07,2.21,Baruria,2.19,2.1933423329332244,2.182956597743995,2.191744217401127,2.19153381846342,2.189356319620341
2023-01-08,2.23,Baruria,2.21,2.219782989452336,2.2096282463369246,2.216261058013749,2.217301826260537,2.2152475644682856
2023-01-09,2.22,Baruria,2.23,2.2306302281650363,2.225789311742785,2.2339264978928646,2.2309738219042257,2.2282984747616363
2023-01-10,2.2,Baruria,2.22,2.2055913433212817,2.2014664018872643,2.212247218207907,2.2065420324662264,2.203432736464308
2023-01-11,2.18,Baruria,2.2,2.178569407008956,2.1724450715151717,2.1793672473382717,2.181983669295341,2.1775556086118084
2023-01-12,2.15,Baruria,2.18,2.1491014169645357,2.151437009968555,2.1517601639188384,2.1532065041380837,2.1486816501833457
2023-01-13,2.13,Baruria,2.15,2.117734046197993,2.116999908891589,2.1162880657279453,2.1209259454170106,2.117485164564019
2023-01-14,2.11,Baruria,2.13,2.108205401565071,2.0991291622348753,2.1012333621612638,2.1098969460462507,2.105304628708452
2023-01-15,2.08,Baruria,2.11,2.0751209172949716,2.0793622522521904,2.0834964164498246,2.080412573713348,2.0755823608032284
2023-01-16,2.02,Baruria,2.08,2.0415327423275538,2.043572716817636,2.047616808408798,2.049424443879395,2.0453618629793184
2023-01-17,1.97,Baruria,2.02,1.9877373880705838,1.976469587844674,1.9855512671580025,1.988423490269474,1.9830779662601519
2023-01-18,1.92,Baruria,1.97,1.9570376357532708,1.9213371067823974,1.9388597770718612,1.9446923009953094,1.9412928467878057
2023-01-19,1.91,Baruria,1.92,1.9265908676020846,1.8783603649245333,1.901901443608123,1.906197068989618,1.9065877080067224
2023-01-20,1.92,Baruria,1.91,1.9239522763361459,1.8870502581648347,1.904274158190864,1.9079162173853206,1.9086118627798598
2023-01-21,1.95,Baruria,1.92,1.9454427277258386,1.9210434330637647,1.9293385016556608,1.9346587025021051,1.9354370211366794
2023-01-22,2.02,Baruria,1.95,2.0016893139917205,1.9670861678333071,1.9765039554091253,1.9902511256448063,1.9926298775406641
2023-01-23,2.12,Baruria,2.02,2.0916131856179296,2.050142651750478,2.061269153915106,2.083345787740447,2.088579298647059
2023-01-24,2.09,Baruria,2.12,2.1573826176854105,2.1398913013897496,2.1493877671895656,2.1610470428194137,2.161600348203788
2023-01-25,2.07,Baruria,2.09,2.0896647061413174,2.0815917377242807,2.087867386559518,2.09918912613256,2.095843919489758
2023-01-26,2.05,Baruria,2.07,2.0459766924267635,2.0375989938985097,2.0418049556292557,2.046406714076382,2.042406075440264
2023-01-27,2.01,Baruria,2.05,2.009370093266498,2.0025787154400017,2.012283663224677,2.0084225348679765,2.002691516096894
2023-01-28,1.95,Baruria,2.01,1.9683683510361663,1.9600895376927028,1.9701093510270438,1.9696926819564682,1.9634351597963562
2023-01-29,1.87,Baruria,1.95,1.8953962750534694,1.8927089060241418,1.9066369327001127,1.9044540710293838,1.896145272063493
2023-01-30,1.82,Baruria,1.87,1.8342798969189833,1.8194438317333272,1.830963047617266,1.8309031752850862,1.8242377711815092
2023-01-31,1.81,Baruria,1.82,1.8003651240725054,1.7789408730201475,1.7873027919951943,1.7920463713432584,1.787164380215084
2023-02-01,1.78,Baruria,1.81,1.7898430943726087,1.773598293246837,1.7877411422392406,1.7891379567494734,1.7859394698027848
2023-02-02,1.72,Baruria,1.78,1.751523302795864,1.7431937852965078,1.7624287341176592,1.7546832467242697,1.75084247681664
2023-02-03,1.67,Baruria,1.72,1.7038172913367529,1.6881883810603793,1.7082388144816256,1.7012995700695992,1.6981925187705695
2023-02-04,1.7,Baruria,1.67,1.6761050625766771,1.6535711009738205,1.673090211031331,1.6722145489001274,1.6696079436151183
2023-02-05,1.75,Baruria,1.7,1.7288539046017262,1.706900151076681,1.7191821660941191,1.7245235931737302,1.724957317822975
2023-02-06,1.78,Baruria,1.75,1.786101654350795,1.767326817676888,1.7824904097464078,1.7828809906510346,1.7844580904513048
2023-02-07,1.83,Baruria,1.78,1.8235138766605699,1.8025354026671143,1.821610412070718,1.8276669613322365,1.8309806580016101
2023-02-08,1.85,Baruria,1.83,1.8658092642529784,1.8488864976113122,1.8706274689922795,1.8771025278419664,1.8798908460758057
2023-02-09,1.86,Baruria,1.85,1.8650971175992097,1.8518891216243916,1.8725818310677755,1.8694239252788885,1.8680245243297022
2023-02-10,1.84,Baruria,1.86,1.8481999906572912,1.8380066100140802,1.8500487548275466,1.850167141329566,1.847202753996083
2023-02-11,1.86,Baruria,1.84,1.8124509836307945,1.8109070215655352,1.8129686857599505,1.818460970664531,1.8126526544913197
2023-02-12,1.8,Baruria,1.86,1.8395758764104115,1.8339231233668176,1.8271782205257445,1.8375201890563597,1.8334182668759087
2023-02-13,1.75,Baruria,1.8,1.764058502734217,1.7629742346192565,1.762548537298154,1.7686917530810435,1.7644429485762751
2023-02-14,1.68,Baruria,1.75,1.698623079708143,1.6997988209134467,1.7067908318893321,1.7082900392850853,1.7013931861911882
2023-02-15,1.62,Baruria,1.68,1.6277396059133011,1.6226446631131932,1.6378925846283758,1.636226933554271,1.6284695942510599
2023-02-16,1.58,Baruria,1.62,1.5970189103479522,1.5675162894038424,1.5900773098164924,1.5909175095668202,1.5877806951381095
2023-02-17,1.57,Baruria,1.58,1.586193097772097,1.551888404280567,1.5725346625282366,1.5810648629074429,1.5785873406150952
2023-02-18,1.66,Baruria,1.57,1.6051792989284408,1.5780322224833505,1.5922982877101723,1.6017701385387284,1.6040472473735037
2023-02-19,1.76,Baruria,1.66,1.704434892292492,1.697829671485694,1.7093771369728294,1.7086668758563535,1.710923364302231
2023-02-20,1.78,Baruria,1.76,1.7968384660186931,1.8117733867960715,1.8192595142962833,1.8108438143910606,1.8129378914706915
2023-02-21,1.91,Baruria,1.78,1.8343613046447802,1.8374601889100652,1.8448506424547888,1.8529558291747563,1.856555916279489
2023-02-22,1.96,Baruria,1.91,1.9673541059235624,1.9713036805633142,1.9657143252690685,1.9885520486802306,1.9948444591436587
2023-02-23,1.98,Baruria,1.96,1.9618942047640708,1.993854902876894,1.979419682200631,1.9884650000159543,1.9833356982266441
2023-02-24,1.94,Baruria,1.98,1.9382278173487024,1.9604315157941912,1.935959511205259,1.9488436729766032,1.9456377818930501
2023-02-25,1.83,Baruria,1.94,1.8794511586146418,1.8904086497900272,1.8804808024881272,1.89645885438322,1.891018948770536
2023-02-26,1.7,Baruria,1.83,1.761885802708832,1.776561209957664,1.767535183316719,1.7762776800439921,1.7696727007748123
2023-02-27,1.63,Baruria,1.7,1.6157683700451386,1.642250329183297,1.6375629714894924,1.6421239354106139,1.6316071311526532
2023-02-28,1.57,Baruria,1.63,1.5661984578569947,1.557036007088705,1.5687159872404415,1.5798138468921321,1.5697441843270716
2023-03-01,1.51,Baruria,1.57,1.5319896670572601,1.4976537063030018,1.516864655971692,1.5317289640081768,1.5217747926210132
2023-03-02,1.46,Baruria,1.51,1.4937337289405945,1.4486149530593544,1.474102541291426,1.4876812972285995,1.480602606721087
2023-03-03,1.43,Baruria,1.46,1.4669874014445272,1.4168216401762697,1.4511647226810516,1.4580678137591734,1.4552507736498326
2023-03-04,1.53,Baruria,1.43,1.4767483709081792,1.4128111862141441,1.4680541383051284,1.4661609630013566,1.4707347966680182
2023-03-05,1.59,Baruria,1.53,1.5974344346719864,1.5345688887847242,1.6101728161047735,1.5913503145260253,1.5985800862012407
2023-03-06,1.66,Baruria,1.59,1.660789082716092,1.6080909759484967,1.690020855473762,1.6698737103122496,1.677870516393068
2023-03-07,1.72,Baruria,1.66,1.7300050057895435,1.68258369673853,1.7535140932315034,1.7403311890874615,1.7470841279301805
2023-03-08,1.75,Baruria,1.72,1.7447715724006125,1.739440215854487,1.7783768499367156,1.7619318200446052,1.76071596995979
2023-03-09,1.75,Baruria,1.75,1.743604475536651,1.7534167872211182,1.7632423665359578,1.759179255251099,1.7537347765333227
2023-03-10,1.73,Baruria,1.75,1.7481565631220266,1.7453183426328067,1.7456026854706603,1.7601511383106496,1.7549730077283894
2023-03-11,1.72,Baruria,1.73,1.721334825531123,1.724702669115417,1.7122450904467932,1.7313313966559487,1.7267226326194758
2023-03-12,1.71,Baruria,1.72,1.6921611402609111,1.694178472631651,1.6858681527667974,1.7002358536822229,1.697081188748182
2023-03-13,1.65,Baruria,1.71,1.6749471326277776,1.66434504161212,1.6695234306648052,1.6816452625392273,1.677262458465938
2023-03-14,1.63,Baruria,1.65,1.626737395209199,1.608603777279204,1.6197256460578853,1.6339771484711456,1.628526980368286
2023-03-15,1.6,Baruria,1.63,1.6256209854412973,1.6068017934939647,1.6129780707233472,1.62402640054611,1.6205115388600249
2023-03-16,1.59,Baruria,1.6,1.592627549649547,1.5736363825218886,1.5860404092408478,1.5949982068451487,1.5926914211820593
2023-03-17,1.51,Baruria,1.59,1.555181216061509,1.55325853040335,1.5685546059128557,1.5632522087348188,1.557736481083072
2023-03-18,1.49,Baruria,1.51,1.4764915660592421,1.4775896039628573,1.4981461699643184,1.4834958964732479,1.4756525901667799
2023-03-19,1.51,Baruria,1.49,1.5131544595601942,1.4880938795908492,1.520755145994901,1.5119881136589317,1.5142888144251456
2023-03-20,1.66,Baruria,1.51,1.592930023757048,1.5483902955729174,1.5896694579617157,1.59594311283965,1.6066933453815906
2023-03-21,1.88,Baruria,1.66,1.831373068954603,1.7469433621610293,1.7837122546587356,1.8282783013133574,1.8414096813730174
2023-03-22,1.93,Baruria,1.88,1.945435145494181,1.9607251535260788,1.9903007308214455,1.9649900664628575,1.9642717771508889
2023-03-23,1.98,Baruria,1.93,1.9397068948343297,1.9618873765603724,1.9989081129261874,1.9580470004298338,1.9511047506486008
2023-03-24,1.97,Baruria,1.98,1.9668322292689728,1.982349777721032,1.9998109838734568,1.9899336059578274,1.9836744549136254
2023-03-25,1.9,Baruria,1.97,1.94266518110544,1.9562987855586484,1.9500151208063485,1.9539254578554832,1.9518664182634407
2023-03-26,1.87,Baruria,1.9,1.8532924868047735,1.8526038182958733,1.8532165389187558,1.8678991552564959,1.8628641452997787
2023-03-27,1.82,Baruria,1.87,1.8273211873901656,1.7989679815788395,1.8243776010795567,1.8340116603143615,1.826654620577239
2023-03-28,1.77,Baruria,1.82,1.7796926738070384,1.754152742187714,1.7872210103913915,1.785818051137105,1.7778654434990164
2023-03-29,1.72,Baruria,1.77,1.7499061534078109,1.7179135983456808,1.7468899141283158,1.7515226066281908,1.7437825484147584
2023-03-30,1.71,Baruria,1.72,1.717604598057097,1.6743341216703254,1.7101100464702703,1.7154566156368496,1.7091444254639185
2023-03-31,1.73,Baruria,1.71,1.7290761233489897,1.672786134935605,1.737179896336811,1.7256631862282374,1.7239656275005366
2023-04-01,1.76,Baruria,1.73,1.773787622065104,1.7132248921988456,1.8070194526300385,1.7665397973792378,1.7686786661692864
2023-04-02,1.84,Baruria,1.76,1.8094534107405031,1.7643629130089051,1.866502655370917,1.8101393905429146,1.814032976887053
2023-04-03,1.92,Baruria,1.84,1.9157314274609554,1.8650506937335243,1.9619128009046554,1.9196453594976315,1.9265990500645869
2023-04-04,1.99,Baruria,1.92,1.9885318761493083,1.955947718829013,2.0292020372273347,2.0046268634742557,2.0109837839925615
2023-04-05,2.1,Baruria,1.99,2.071272279197777,2.0367125211233184,2.1034549685854045,2.0846662988771603,2.0883001016274396
2023-04-06,2.21,Baruria,2.1,2.2055563993714817,2.1438535277078117,2.236672152601451,2.206283330204775,2.216022065625083
2023-04-07,2.24,Baruria,2.21,2.2883355277926425,2.23022723574848,2.3288479661526442,2.2965158711592566,2.3036203072293024
2023-04-08,2.3,Baruria,2.24,2.2801977311464876,2.2364265276425694,2.2986791614563944,2.298139700719432,2.2991952852629414
2023-04-09,2.28,Baruria,2.3,2.292243498591458,2.282920173131237,2.2915637886580047,2.3013447237119977,2.2993185165859367
2023-04-10,2.24,Baruria,2.28,2.2546909523418113,2.245818893334363,2.244568034384524,2.2558580407769284,2.2510678474152126
2023-04-11,2.24,Baruria,2.24,2.232665513129427,2.1874634313345136,2.2150415394253034,2.231559923527693,2.2269776219188757
2023-04-12,2.22,Baruria,2.24,2.2363648984642848,2.1780952054627507,2.2311326950078416,2.229667661110239,2.224834041681343
2023-04-13,2.23,Baruria,2.22,2.223579731485958,2.167449496482657,2.2240099184094966,2.2255012666346707,2.2198261394910124
2023-04-14,2.23,Baruria,2.23,2.2237874164650044,2.1929244513071686,2.2338380674517855,2.2263437488026208,2.2211229593246276
2023-04-15,2.22,Baruria,2.23,2.236032363309212,2.20837403699923,2.248593127607119,2.240077073089864,2.2389982487591866
2023-04-16,2.22,Baruria,2.22,2.204373147118103,2.211945926773638,2.240148057496965,2.2131452054781557,2.211448333691988
2023-04-17,2.24,Baruria,2.22,2.2338849737462927,2.2351071265726024,2.2516360513678157,2.249417597105229,2.2490003781344874
2023-04-18,2.3,Baruria,2.24,2.292179839479076,2.288693868668791,2.2978664298265348,2.301450980950534,2.3039320801960166
2023-04-19,2.34,Baruria,2.3,2.362125227491701,2.371564042261237,2.3747288478227193,2.3738202236650654,2.3776005392483834
2023-04-20,2.42,Baruria,2.34,2.360275241239642,2.398740621907194,2.4019785659255377,2.3728254802241193,2.3709752760622327
2023-04-21,2.42,Baruria,2.42,2.4880019123999775,2.4516402606194063,2.4715007334566734,2.486125311041022,2.4919047375064256
2023-04-22,2.4,Baruria,2.42,2.4485019874657907,2.4302802223874997,2.450856572218378,2.4619974611244317,2.461847298480824
2023-04-23,2.34,Baruria,2.4,2.343146271920656,2.3774468454711237,2.3757751869111687,2.3622887563063464,2.357232395651678
2023-04-24,2.25,Baruria,2.34,2.2683470749454555,2.281168925352469,2.2861892632094722,2.2843849965279084,2.2756487724788768
2023-04-25,2.21,Baruria,2.25,2.201313988652948,2.1756406466914533,2.207527880256196,2.2040382562989724,2.1971834905168817
2023-04-26,2.19,Baruria,2.21,2.179290626255949,2.132671439058008,2.188541861065776,2.1805985947917166,2.174834900761916
2023-04-27,2.18,Baruria,2.19,2.175904594725613,2.1182513419673703,2.1787728292608204,2.1868563602736404,2.1766690646088187
2023-04-28,2.16,Baruria,2.18,2.1551428152908145,2.1220533070658694,2.167594728841254,2.1581588321812615,2.1493033435463285
2023-04-29,2.16,Baruria,2.16,2.1624754619737967,2.123112257826379,2.1668832251669,2.1660363299050007,2.160243312058507
2023-04-30,2.23,Baruria,2.16,2.2117358340792204,2.1383992556463833,2.221098775965265,2.2101883420659494,2.213346182803555
2023-05-01,2.34,Baruria,2.23,2.324711142269719,2.22880444991775,2.3566374529318423,2.334128595840834,2.3414516076862584
2023-05-02,2.44,Baruria,2.34,2.441921405965404,2.3573881176678597,2.4874021342457726,2.4464545174225765,2.4557179309348207
2023-05-03,2.53,Baruria,2.44,2.5186657294046375,2.47619710375868,2.559589210760843,2.5260853825944305,2.529472436292972
2023-05-04,2.58,Baruria,2.53,2.5854857126609994,2.568450212139968,2.6101324999225253,2.5908365048104,2.5919833380875517
2023-05-05,2.58,Baruria,2.58,2.613790305776677,2.60771963809531,2.6349359979609903,2.624652082495047,2.625932231001238
2023-05-06,2.64,Baruria,2.58,2.6124802805469476,2.5960592977928205,2.630974282108669,2.6234397607917423,2.6242330707109858
2023-05-07,2.64,Baruria,2.64,2.680142489680619,2.6749464200136255,2.7003613806582325,2.6868770982635652,2.68792411511962
2023-05-08,2.6,Baruria,2.64,2.6283233461728646,2.6585768058069053,2.6668736787045138,2.6346036348275623,2.6311434643559193
2023-05-09,2.6,Baruria,2.6,2.5860667494485523,2.5456204539363303,2.61783139769985,2.5894727791799736,2.5880677322132253
2023-05-10,2.68,Baruria,2.6,2.663328625883506,2.5310241658532973,2.7054302182087375,2.6526196207032755,2.659334753475864
2023-05-11,2.95,Baruria,2.68,2.866139664835006,2.6464069517153885,2.891226069839144,2.8466841840978367,2.8684734213613314
2023-05-12,3.2,Baruria,2.95,3.1474287632269498,2.9575285896070476,3.189628881814486,3.148413652692536,3.1669369756213244
2023-05-13,3.37,Baruria,3.2,3.3738782148958077,3.2369275645990996,3.421838594889516,3.38557702606099,3.401531930108059
2023-05-14,3.47,Baruria,3.37,3.4952608049666885,3.406639458544609,3.540349811669747,3.5123420639333554,3.521791791254735
2023-05-15,3.44,Baruria,3.47,3.469821492151208,3.4891147894461016,3.5308838413269523,3.490645128650499,3.48143436894656
2023-05-16,3.49,Baruria,3.44,3.4740175458662743,3.4866947820725174,3.483179066479943,3.45684426900512,3.450680937197602
2023-05-17,3.49,Baruria,3.49,3.5385995720849186,3.5712711922486307,3.5199814032843073,3.50747808185553,3.506898485778883
2023-05-18,3.51,Baruria,3.49,3.4855975972155187,3.5375666305723406,3.473279684134356,3.4937380438423573,3.4917402721493205
2023-05-19,3.45,Baruria,3.51,3.4895743983604426,3.5027988982589076,3.4751729176290063,3.4826634699173886,3.4758943346065916
2023-05-20,3.43,Baruria,3.45,3.4335862160945796,3.433387643783295,3.4228980053741807,3.430324944881695,3.424948109522191
2023-05-21,3.38,Baruria,3.43,3.3828587168446678,3.4153118253467376,3.3859069454330224,3.3871840382636815,3.3807399134667437
2023-05-22,3.32,Baruria,3.38,3.336176410887933,3.3557383733067567,3.3264299694308304,3.344349146362994,3.339360516235315
2023-05-23,3.25,Baruria,3.32,3.258010004639053,3.278956088948575,3.285235519512959,3.2662994193149326,3.2574940934578964
2023-05-24,3.23,Baruria,3.25,3.193865048703351,3.189497877624048,3.2288292801787333,3.201478271532743,3.1955538726486474
2023-05-25,3.21,Baruria,3.23,3.243579916887329,3.168628717910529,3.242864478654223,3.245556286156256,3.246201450455294
2023-05-26,3.23,Baruria,3.21,3.2250313059410396,3.154782076489236,3.245064029261249,3.22984671350668,3.228833218009679
2023-05-27,3.25,Baruria,3.23,3.2349085722299584,3.1800954582266736,3.2838100435431614,3.2449378713778625,3.23979262161637
2023-05-28,3.29,Baruria,3.25,3.2756742874861446,3.198103187270004,3.331625341833542,3.280114987608814,3.2792953449308038
2023-05-29,3.34,Baruria,3.29,3.337214318784336,3.239790787513852,3.388611737164139,3.3444064198147196,3.346694393080862
2023-05-30,3.4,Baruria,3.34,3.398710583326474,3.2970059946408057,3.4369592542041185,3.402504319056454,3.4040239672995685
2023-05-31,3.42,Baruria,3.4,3.4190651508443213,3.3799657100212666,3.4718880427455314,3.416846126869721,3.41339711746329
2023-06-01,3.43,Baruria,3.42,3.4377864181440954,3.4168715694801013,3.46697977867575,3.4401825897529332,3.438102386810629
2023-06-02,3.44,Baruria,3.43,3.4605658719538868,3.4537338333197583,3.483765767906244,3.4638179355346197,3.4607783979249747
2023-06-03,3.46,Baruria,3.44,3.4856007701847824,3.490126892890705,3.4995359111200965,3.4831692393996785,3.483206597916992
2023-06-04,3.49,Baruria,3.46,3.4956368848855512,3.5104644622049785,3.5006870967316406,3.476077991796434,3.478666951704488
2023-06-05,3.52,Baruria,3.49,3.5288815087449192,3.5081238190395205,3.51576807883268,3.5229318069774735,3.526802469249997
2023-06-06,3.49,Baruria,3.52,3.5196923372142854,3.520903316072728,3.5241086908659427,3.5205530372559046,3.5168434649412625
2023-06-07,3.46,Baruria,3.49,3.4430258844540034,3.476129256281176,3.456889530744421,3.446985134863192,3.439182306499825
2023-06-08,3.41,Baruria,3.46,3.391092365625106,3.4099173235320035,3.39152231642443,3.406376047989886,3.399979470475652
2023-06-09,3.37,Baruria,3.41,3.3667146722771917,3.3296979206929724,3.3618773967063618,3.376571501100422,3.3716261014524034
2023-06-10,3.4,Baruria,3.37,3.4087164251263697,3.3074193035658337,3.4066831010157195,3.405217901562606,3.408185256535552
2023-06-11,3.46,Baruria,3.4,3.437774790678469,3.3732435308938613,3.4812338892417434,3.4335400312557756,3.4360374696484794
2023-06-12,3.5,Baruria,3.46,3.513337111382809,3.4733890216144645,3.556095511961326,3.513632335584898,3.5153972271594207
2023-06-13,3.55,Baruria,3.5,3.552681037703472,3.5254036277268224,3.589769233198677,3.5475597949836764,3.54906913043029
2023-06-14,3.59,Baruria,3.55,3.5672970173889587,3.5704061202675885,3.6356913661147883,3.5754948569450806,3.570517005381077
2023-06-15,3.68,Baruria,3.59,3.6928470528529695,3.628409512588835,3.7228593079079615,3.696142586986735,3.7027422736836484
2023-06-16,3.81,Baruria,3.68,3.8110672295350745,3.7585140535277084,3.8561826252882354,3.8161447237495225,3.8229707403345743
2023-06-17,4.08,Baruria,3.81,4.052483155038319,3.930408666091163,4.090498010363426,4.046516162380459,4.065276618914223
2023-06-18,4.63,Baruria,4.08,4.592903190332995,4.268760438023694,4.539902665641679,4.546829256712096,4.5756584997869965
2023-06-19,5.31,Baruria,4.63,5.28110360803051,4.887529710815854,5.208646393737974,5.178411168692571,5.19601772998206
2023-06-20,5.91,Baruria,5.31,5.870847350912486,5.606455613605004,5.841241280176406,5.801429007706692,5.817887099896136
2023-06-21,6.23,Baruria,5.91,6.275190756572066,6.182031449029542,6.287712012442051,6.241663539020263,6.253577658683324
2023-06-22,6.47,Baruria,6.23,6.458314314940506,6.440233522589499,6.462689995184509,6.461557735129123,6.474347080754545
2023-06-23,6.6,Baruria,6.47,6.611283703153184,6.574333189927432,6.5737646105021525,6.611185230105854,6.614828056769909
2023-06-24,6.63,Baruria,6.6,6.642092088959411,6.609629075322098,6.583771618513443,6.641404268028917,6.640488347719526
2023-06-25,6.56,Baruria,6.63,6.5603486223351855,6.573845140279154,6.516167463133949,6.569116422113196,6.559257985396051
2023-06-26,6.5,Baruria,6.56,6.4667172825541455,6.482829296834546,6.423626052646956,6.479773211913577,6.470901839056718
2023-06-27,6.39,Baruria,6.5,6.393292969876991,6.435088953292843,6.389440174026549,6.403379046919529,6.393501167675357
2023-06-28,6.2,Baruria,6.39,6.268158036774803,6.325930942387089,6.283138806016662,6.278081549389008,6.271906819295939
2023-06-29,6.06,Baruria,6.2,6.04878609739301,6.1138390119697315,6.082705191072237,6.072712984634432,6.064360611718114
2023-06-30,5.95,Baruria,6.06,5.904319371468324,5.954488056330857,5.935706339303585,5.919202374685098,5.9113604236136625
2023-07-01,5.89,Baruria,5.95,5.864107142320141,5.864168384822531,5.867180878446064,5.872712950449134,5.868150151214524
2023-07-02,5.86,Baruria,5.89,5.874538019942027,5.863653260293721,5.870313396110845,5.869381706069782,5.8678540339679275
2023-07-03,5.9,Baruria,5.86,5.886703944550608,5.879486735326942,5.885927226359294,5.892807055966487,5.88811736336535
2023-07-04,5.94,Baruria,5.9,5.986309221869506,5.944011443596828,5.9825407625490925,5.992824376177089,5.9955566930636754
2023-07-05,6.15,Baruria,5.94,6.09602893663411,6.032290848117003,6.102826788817346,6.092191688370228,6.104154435167267
2023-07-06,6.37,Baruria,6.15,6.389917896368405,6.317207244973048,6.352011075296777,6.373400359934351,6.389059622386476
2023-07-07,6.48,Baruria,6.37,6.525549555952341,6.53134927125356,6.490680195344416,6.513591353846284,6.519249295742385
2023-07-08,6.56,Baruria,6.48,6.523211140017937,6.518745758326367,6.50811703117014,6.522206286146383,6.519893917782311
2023-07-09,6.54,Baruria,6.56,6.564828075908883,6.467370135593842,6.557344163354255,6.568385941862455,6.566493394086712
2023-07-10,6.54,Baruria,6.54,6.536187992399359,6.417419484752018,6.554637623718509,6.545956902723915,6.542946457782075
2023-07-11,6.59,Baruria,6.54,6.583824556442331,6.4797961264743575,6.590049574672167,6.589486891495045,6.591397137122443
2023-07-12,6.65,Baruria,6.59,6.645266349673929,6.584221826088251,6.651992110469705,6.6412207145775035,6.644504746127794
2023-07-13,6.75,Baruria,6.65,6.743289386928745,6.659743180040349,6.7264088587503865,6.733877774548854,6.738421863300194
2023-07-14,6.84,Baruria,6.75,6.865634011028542,6.779857188079045,6.858955081746196,6.867500176456557,6.868883045273052
2023-07-15,7.03,Baruria,6.84,7.030557655296499,6.9065746124364695,7.006237005976218,7.017391309323876,7.026272065177586
2023-07-16,7.15,Baruria,7.03,7.2012263568698645,7.126695937024647,7.186761011814703,7.186162394309659,7.190292810686127
2023-07-17,7.16,Baruria,7.15,7.1998660755116095,7.224644794628166,7.221261158290282,7.197014849122655,7.191555114144656
2023-07-18,7.17,Baruria,7.16,7.162806817527284,7.174989382018313,7.173854884198842,7.171920269060354,7.167394881685105
2023-07-19,7.12,Baruria,7.17,7.169887231652845,7.14694959867913,7.1545915257333315,7.173336439347561,7.170084099480611
2023-07-20,7.05,Baruria,7.12,7.104711811303435,7.0985189825300585,7.101833969816858,7.119009716417762,7.116987885941924
2023-07-21,6.99,Baruria,7.05,7.030162255066514,7.038225741559249,7.033665924925896,7.030740205808861,7.0287502177185
2023-07-22,6.92,Baruria,6.99,6.9543888796392155,6.965799815543197,6.951471655832418,6.956932011833319,6.953185659957768
2023-07-23,6.8,Baruria,6.92,6.8521614371054955,6.851299390019342,6.8468189942787845,6.855049856605287,6.848372542045735
2023-07-24,6.72,Baruria,6.8,6.666173121492932,6.674035791169005,6.681994518831661,6.67491428530775,6.666129881677559
2023-07-25,6.65,Baruria,6.72,6.604839856889567,6.589565210365806,6.6050733664970664,6.604429962485707,6.597675752107271
2023-07-26,6.61,Baruria,6.65,6.574294037151706,6.557013609468778,6.560999507918175,6.579404010778152,6.578502233484717
2023-07-27,6.58,Baruria,6.61,6.572305671366469,6.559094946965467,6.557695969716963,6.575439754516485,6.572198427831499
2023-07-28,6.54,Baruria,6.58,6.53495530403774,6.531821310358768,6.553057914434464,6.542083740687443,6.537840057886908
2023-07-29,6.55,Baruria,6.54,6.51874586362417,6.479913808579416,6.542498221384524,6.539716750556999,6.538790856585121
2023-07-30,6.55,Baruria,6.55,6.555473537587539,6.500533032177085,6.580840748277306,6.580557020607738,6.579738567934505
2023-07-31,6.57,Baruria,6.55,6.588095100305995,6.530651088588878,6.608422793488493,6.596235853954752,6.595567449434871
2023-08-01,6.63,Baruria,6.57,6.637264156755623,6.620978437584533,6.655798076237029,6.641647647902974,6.644142737510738
2023-08-02,6.86,Baruria,6.63,6.787372839371934,6.781033380047013,6.758142239992853,6.77716263797825,6.787912384803956
2023-08-03,6.86,Baruria,6.86,6.920596725040495,6.986188730926476,6.922687567649203,6.904243359221675,6.900594690085186
2023-08-04,6.83,Baruria,6.86,6.858282697035539,6.897413992061949,6.872856302358646,6.875842296692131,6.873279575001649
2023-08-05,6.83,Baruria,6.83,6.8438747176221515,6.8053183319777455,6.850447936966064,6.858338789254211,6.855649714556514
2023-08-06,6.82,Baruria,6.83,6.815592255663424,6.785432823937941,6.83159003643144,6.827646209464704,6.824603390234743
2023-08-07,6.8,Baruria,6.82,6.8115988895169775,6.767113883043582,6.821769378911571,6.808522280211367,6.809105047321151
2023-08-08,6.85,Baruria,6.8,6.8417101436783785,6.7176705411259805,6.812765716280725,6.830334808899397,6.832184301833938
2023-08-09,6.89,Baruria,6.85,6.883261242141693,6.759358506943021,6.87337439289728,6.877363157939818,6.876854338091161
2023-08-10,6.94,Baruria,6.89,6.9430304491805375,6.810216825224967,6.947842719935438,6.935022307552654,6.936947478546089
2023-08-11,7.05,Baruria,6.94,7.056376077717634,6.893488510520723,7.063141041957579,7.051133560695251,7.059303620022572
2023-08-12,7.17,Baruria,7.05,7.158949096916363,7.053024935431289,7.19788183453876,7.180025417348325,7.183797142693078
2023-08-13,7.27,Baruria,7.17,7.2750440267186605,7.2209814889233135,7.314604398321067,7.288485101430706,7.286688648709081
2023-08-14,7.35,Baruria,7.27,7.377276745361546,7.310342803716907,7.394704711703937,7.373365511349046,7.374850772617388
2023-08-15,7.41,Baruria,7.35,7.416014053566702,7.354031896960734,7.433218720066505,7.433101091737171,7.433638784813977
2023-08-16,7.47,Baruria,7.41,7.491680286540427,7.406989733398319,7.4940968551221765,7.48811449814828,7.488138645183988
2023-08-17,7.48,Baruria,7.47,7.499976634469758,7.482063007618035,7.515734939137829,7.507319064895172,7.503534190518043
2023-08-18,7.48,Baruria,7.48,7.475808855117865,7.525573470581491,7.491441910992141,7.485523545831248,7.477268107997929
2023-08-19,7.49,Baruria,7.48,7.482105214492961,7.521679983115301,7.468866240163538,7.481024417489983,7.475847531121901
2023-08-20,7.43,Baruria,7.49,7.441032704933287,7.4784420852083215,7.439455679740072,7.456239248644227,7.448392537553683
2023-08-21,7.33,Baruria,7.43,7.337329469484999,7.331111473735277,7.342661608059657,7.349404480433395,7.3388960270252825
2023-08-22,7.24,Baruria,7.33,7.223562402000368,7.1965828536999865,7.228926586801317,7.242251788455353,7.230580228541498
2023-08-23,7.19,Baruria,7.24,7.1702407795275125,7.1191705403526315,7.161866664500906,7.182357755736984,7.174451620734428
2023-08-24,7.1,Baruria,7.19,7.102530422551762,7.070944601555801,7.1220731273089966,7.114802465265555,7.105908307113147
2023-08-25,7.05,Baruria,7.1,7.036511288676624,6.977263070246579,7.045312475149004,7.055395208684902,7.051655651632546
2023-08-26,7.03,Baruria,7.05,7.050642935279524,6.938688254069375,7.060350536534554,7.053461255843504,7.051719630510338
2023-08-27,7.09,Baruria,7.03,7.076513073720904,6.954543280143485,7.109819934586176,7.080952807379607,7.083576231890297
2023-08-28,7.2,Baruria,7.09,7.190780551934427,7.0803877748938175,7.207396125630708,7.189047157483455,7.19071156824646
2023-08-29,7.27,Baruria,7.2,7.282029418802018,7.23837986568411,7.306369666265636,7.2899524054645894,7.289053467876432
2023-08-30,7.38,Baruria,7.27,7.376934536681405,7.319495051527801,7.379076104885075,7.380687666252253,7.382636658157639
2023-08-31,7.5,Baruria,7.38,7.495561115756159,7.434907342437796,7.499826819673849,7.499204426359078,7.4995639604554
2023-09-01,7.61,Baruria,7.5,7.612368392622723,7.585761857418167,7.623291513377936,7.618614131948668,7.618523667299805
2023-09-02,7.69,Baruria,7.61,7.710226696034022,7.6845588072421736,7.713981337086435,7.7121409339843,7.714542533624936
2023-09-03,7.73,Baruria,7.69,7.736709585612096,7.715389898870691,7.740491200016393,7.743702079232214,7.738722573630959
2023-09-04,7.68,Baruria,7.73,7.685766848817319,7.670835979015938,7.6889437205315785,7.692704719353681,7.681695749242489
2023-09-05,7.55,Baruria,7.68,7.523383807615282,7.5390292237859455,7.539102115915288,7.543694798841288,7.529672320306571
2023-09-06,7.31,Baruria,7.55,7.349970902892962,7.3969967697703085,7.368091841697712,7.3610339927534545,7.352988200455584
2023-09-07,7.16,Baruria,7.31,7.119266404912761,7.1675330651269205,7.12679236688945,7.133413039997138,7.12564982699688
2023-09-08,6.98,Baruria,7.16,6.974177698666383,7.023523191825883,6.974200175667406,6.982963533906992,6.972145595991225
2023-09-09,6.74,Baruria,6.98,6.773054962924751,6.821923668385174,6.79437578290295,6.784830133563862,6.772152107160814
2023-09-10,6.48,Baruria,6.74,6.520477032820545,6.569458691000624,6.562828865611297,6.528119961586994,6.517322364773289
2023-09-11,6.38,Baruria,6.48,6.30795521339076,6.326112422750927,6.332938165253245,6.328317966502502,6.317655669415598
2023-09-12,6.24,Baruria,6.38,6.248965865407016,6.2670907056155905,6.265428307105563,6.260850282401669,6.2525899492425765
2023-09-13,6.14,Baruria,6.24,6.146688697417335,6.1900074984858255,6.152442928202228,6.149521771782081,6.141650622226088
2023-09-14,6.15,Baruria,6.14,6.1220816219219,6.153789616296533,6.09217185436798,6.117203353753889,6.116504316151855
2023-09-15,6.12,Baruria,6.15,6.1311872792194935,6.163349851202123,6.112582973711901,6.127877752966203,6.127436720455989
2023-09-16,6.0,Baruria,6.12,6.036187112203599,6.077609243797096,6.045782801955979,6.045459667087403,6.040681300048672
2023-09-17,5.95,Baruria,6.0,5.907091097752944,5.916308552903509,5.92036751348293,5.919965787992749,5.916292687329616
2023-09-18,5.88,Baruria,5.95,5.904896981097031,5.894239567882896,5.89583047416716,5.90682776540494,5.905859494426216
2023-09-19,5.92,Baruria,5.88,5.901511123114611,5.900162563499073,5.895676078958563,5.896835420729805,5.8957997978225505
2023-09-20,5.97,Baruria,5.92,5.947707090286426,5.983458510335801,5.9704846584595215,5.947024239461965,5.9460592080370605
2023-09-21,5.97,Baruria,5.97,5.968360657778568,5.9812935914681775,5.976440875585072,5.96719930716052,5.9641835549014575
2023-09-22,5.94,Baruria,5.97,5.919206665833529,5.898454343598597,5.9334593098827995,5.933371145447251,5.931437683451147
2023-09-23,5.95,Baruria,5.94,5.949474734146324,5.814083904831534,5.960481878556396,5.961823105879201,5.961067105905649
2023-09-24,6.06,Baruria,5.95,6.04746278525153,5.833781916414896,6.072219319073874,6.058161598356871,6.064373940233575
2023-09-25,6.26,Baruria,6.06,6.191580036876533,6.013780265518434,6.2341912789271134,6.225152987951223,6.232982345094552
2023-09-26,6.43,Baruria,6.26,6.462947311518349,6.286580601864763,6.4523873505422324,6.455825798222594,6.462770291405689
2023-09-27,6.52,Baruria,6.43,6.548122787694417,6.488654709113338,6.579334476492485,6.548140263719908,6.547169094923429
2023-09-28,6.58,Baruria,6.52,6.555158294162601,6.56421606457129,6.605005335299661,6.578161509378407,6.57574435641003
2023-09-29,6.66,Baruria,6.58,6.629721429094772,6.60351169663723,6.649644947924848,6.638596300001318,6.634546465683022
2023-09-30,6.66,Baruria,6.66,6.748811292971237,6.721082454165052,6.75033175331392,6.740371749862528,6.744791715564586
2023-10-01,6.77,Baruria,6.66,6.716020377188394,6.740028459504881,6.724740990279924,6.722058643185765,6.722029307659841
2023-10-02,6.71,Baruria,6.77,6.769038240538537,6.813160536405558,6.774478296255883,6.771389296633271,6.762937759109698
2023-10-03,6.66,Baruria,6.71,6.628306156407012,6.675674337243874,6.642168242690812,6.636657583834922,6.629122640118343
2023-10-04,6.63,Baruria,6.66,6.559817348957451,6.567880893970688,6.555493683224845,6.569079678068628,6.565328687603029
2023-10-05,6.69,Baruria,6.63,6.584054323413723,6.52045667749481,6.554300767231202,6.58093501700504,6.578875498635566
2023-10-06,6.63,Baruria,6.69,6.738302950625891,6.606161011392872,6.6975865836918915,6.744823431488712,6.750329330325493
2023-10-07,6.53,Baruria,6.63,6.575474390026812,6.536727657912731,6.6432196569167346,6.579282504555106,6.5756844106216406
2023-10-08,6.43,Baruria,6.53,6.4183616126585195,6.411010110798363,6.473765042202519,6.43865698351468,6.433186280023264
2023-10-09,6.4,Baruria,6.43,6.374628288420588,6.315896766537098,6.400873055689392,6.395275826154353,6.392750884947163
2023-10-10,6.38,Baruria,6.4,6.367523547488451,6.312204658368202,6.409435231610286,6.387130223985541,6.386534327358766
2023-10-11,6.37,Baruria,6.38,6.3691458335276785,6.331560272576201,6.40801912899142,6.380013704886806,6.376510965723873
2023-10-12,6.37,Baruria,6.37,6.368459256267076,6.352427121713227,6.410668895383066,6.380339032865927,6.374927745046693
2023-10-13,6.37,Baruria,6.37,6.379879358523342,6.353223374769286,6.414510268099238,6.39002446266409,6.38375934641737
2023-10-14,6.35,Baruria,6.37,6.390214846216775,6.342668159247437,6.406978538783316,6.380469835380798,6.375430469156593
2023-10-15,6.37,Baruria,6.35,6.361444619049834,6.318768085989504,6.366827819704395,6.358390891831305,6.355460343740803
2023-10-16,6.37,Baruria,6.37,6.377862261985593,6.34169091032451,6.368327012975686,6.373045962824371,6.367992751085403
2023-10-17,6.31,Baruria,6.37,6.317787854699139,6.330709245271907,6.319452443655654,6.325505211269338,6.314978749931794
2023-10-18,6.2,Baruria,6.31,6.18508730997559,6.23705039296278,6.203571797754802,6.213190710449212,6.201826001767138
2023-10-19,6.05,Baruria,6.2,6.049801846188998,6.074577142729884,6.062550746289585,6.075745845380539,6.065818051854365
2023-10-20,5.86,Baruria,6.05,5.888642173382799,5.898893796977298,5.903526405777858,5.913298544597562,5.905073810969131
2023-10-21,5.71,Baruria,5.86,5.690430996526529,5.7016367107026396,5.71376437550864,5.705292492112576,5.699422548957284
2023-10-22,5.55,Baruria,5.71,5.529757017527755,5.562784640759406,5.565207948446368,5.5472231772713,5.540767640744879
2023-10-23,5.48,Baruria,5.55,5.374979523112125,5.412044893646718,5.41244266401898,5.390869584357891,5.385839333552933
2023-10-24,5.37,Baruria,5.48,5.338815641240196,5.370139088464825,5.37225301572618,5.35800568179904,5.349804380509571
2023-10-25,5.13,Baruria,5.37,5.238576623842962,5.280821520673075,5.278055966918373,5.265520269249936,5.2580126678880115
2023-10-26,5.05,Baruria,5.13,5.027839296776833,5.037306622991948,5.061642203334258,5.057865913991592,5.049777758564482
2023-10-27,4.95,Baruria,5.05,4.942306180314091,4.9631496609371935,4.98708313588984,4.971458343678129,4.960996238007088
2023-10-28,4.86,Baruria,4.95,4.846228226939373,4.869803617749921,4.882975270624307,4.863112479359366,4.853837854475586
2023-10-29,4.78,Baruria,4.86,4.772994120140212,4.775028784296803,4.787568532491705,4.7783671449427345,4.770209349950359
2023-10-30,4.69,Baruria,4.78,4.692952726069039,4.690117192233476,4.708024359831717,4.694775349708023,4.687322554484472
2023-10-31,4.6,Baruria,4.69,4.626802829961496,4.606972013525994,4.6295196220990915,4.623636906341507,4.615989744827517
2023-11-01,4.5,Baruria,4.6,4.512437432455081,4.502813475465508,4.528744317925894,4.52263604942615,4.513211829145937
2023-11-02,4.41,Baruria,4.5,4.386453584628993,4.376900097973189,4.416105684844247,4.406243211478244,4.39509661020232
2023-11-03,4.32,Baruria,4.41,4.317140087347109,4.282319256115129,4.331149237335256,4.324171064935331,4.315584254139142
2023-11-04,4.21,Baruria,4.32,4.232028536491055,4.21212679195418,4.249625603198293,4.238267429134287,4.227780326424128
2023-11-05,4.11,Baruria,4.21,4.113219867271553,4.109055738748336,4.1408815873217675,4.131726436489015,4.119667738184354
2023-11-06,4.0,Baruria,4.11,3.9982057378628233,3.994545583766167,4.03418904208883,4.021219237269611,4.008344553036313
2023-11-07,3.94,Baruria,4.0,3.9142743266093336,3.8829694033573428,3.933563726251825,3.9297736824661906,3.917099004035766
2023-11-08,3.89,Baruria,3.94,3.882249552143299,3.852897282781226,3.8892598944643435,3.8853200141588595,3.875819479184545
2023-11-09,3.82,Baruria,3.89,3.8249742493821937,3.8310636428890223,3.842804019252592,3.8317918633633066,3.8201500778546884
2023-11-10,3.77,Baruria,3.82,3.7614172890459208,3.766563092108076,3.7776977629789648,3.768721464139681,3.76092180334005
2023-11-11,3.73,Baruria,3.77,3.714128684086384,3.717579425575654,3.7323126405348774,3.7254172098956695,3.7170857678797002
2023-11-12,3.69,Baruria,3.73,3.67847531724139,3.690621573491399,3.6968115550742637,3.683354166614086,3.675334807687632
2023-11-13,3.68,Baruria,3.69,3.6483287787560026,3.654367087506443,3.6596195413462396,3.651927075517733,3.646248898336321
2023-11-14,3.63,Baruria,3.68,3.6450279642997154,3.6417387225677587,3.651571984872623,3.644427664994515,3.63875851606363
2023-11-15,3.61,Baruria,3.63,3.584847139385099,3.5882500258081342,3.596155110449331,3.592655379257657,3.5867884648900343
2023-11-16,3.53,Baruria,3.61,3.5477251449240375,3.5684914016240175,3.5679899473151333,3.564289260571874,3.5564292235094688
2023-11-17,3.47,Baruria,3.53,3.4869873899939754,3.527467650852517,3.4974687204673955,3.4959512935087083,3.487651362333517
2023-11-18,3.52,Baruria,3.47,3.454712260646247,3.449503237909683,3.4410933293032184,3.4520371128262037,3.451225081148133
2023-11-19,3.42,Baruria,3.52,3.4322220172578244,3.430278578391525,3.460316999891806,3.445673115087096,3.4364419444593852
2023-11-20,3.33,Baruria,3.42,3.3243415568927994,3.291987033148848,3.3459093136883187,3.341389751872171,3.329305180504465
2023-11-21,3.23,Baruria,3.33,3.225481201041199,3.212239819408198,3.2542575801190616,3.250843021003984,3.236894688787318
2023-11-22,3.16,Baruria,3.23,3.1620438611801647,3.1408459834243363,3.1661677221130944,3.175647395575093,3.165312760925959
2023-11-23,3.11,Baruria,3.16,3.1039643599113917,3.092911784042925,3.107426867310185,3.115778114405657,3.1063941998994875
2023-11-24,3.07,Baruria,3.11,3.065293491188788,3.058303572972363,3.0719776845474214,3.075648360966129,3.0689933321082825
2023-11-25,3.08,Baruria,3.07,3.04438697544323,3.02893310242773,3.045986652364636,3.0430413870722,3.0382716640477594
2023-11-26,3.06,Baruria,3.08,3.0478781633792122,3.0430626991580496,3.0600274384833455,3.0520218730306303,3.047356565986567
2023-11-27,3.05,Baruria,3.06,3.0420595270153896,3.021647838988643,3.0432730478194507,3.040523404198769,3.0376859895943746
2023-11-28,3.01,Baruria,3.05,3.029701179745577,3.012882081239125,3.0300069427760707,3.032253580072709,3.0282859688395796
2023-11-29,2.98,Baruria,3.01,2.98252934574981,2.966714973421551,2.9839474859391046,2.9895721692833295,2.9840043802236154
2023-11-30,2.97,Baruria,2.98,2.9449448693543716,2.9293005142192388,2.947939342203531,2.9466904027001717,2.9391386080996207
2023-12-01,2.9,Baruria,2.97,2.9216388071788355,2.9080966574073543,2.92610425551079,2.927572962529005,2.918851856397803
2023-12-02,2.88,Baruria,2.9,2.8359168217825963,2.8270377747488626,2.8494171832590065,2.853768579706218,2.8419090996502487
2023-12-03,2.81,Baruria,2.88,2.8287058023307248,2.8066198072547075,2.829049737192147,2.8359368620837273,2.825060070972524
2023-12-04,2.75,Baruria,2.81,2.751072543827858,2.7397255740077644,2.7576828675215093,2.7670670318246002,2.7548592255744424
2023-12-05,2.68,Baruria,2.75,2.7001109056389496,2.6814465030588717,2.7021093340149682,2.708716322935073,2.697903975960115
2023-12-06,2.63,Baruria,2.68,2.6345166783564284,2.612614017439451,2.637135442354319,2.6439858236800347,2.6340146279388166
2023-12-07,2.62,Baruria,2.63,2.6229083178902344,2.5694858388002104,2.6002634783444325,2.6191085830751404,2.6122034094886586
2023-12-08,2.61,Baruria,2.62,2.6160011167868142,2.572420343324664,2.604476291074322,2.607478864160582,2.6046313431890877
2023-12-09,2.61,Baruria,2.61,2.5976632240696884,2.5692312168387232,2.5988662298637517,2.590939624849177,2.5868989397767916
2023-12-10,2.53,Baruria,2.61,2.597759248574535,2.5734364525971665,2.6037138682774947,2.5933232638309796,2.592022622002727
2023-12-11,2.54,Baruria,2.53,2.4998838560238643,2.4951814480203924,2.5245053370828416,2.504016988029328,2.50140039303585
2023-12-12,2.54,Baruria,2.54,2.5410704726116644,2.5086813613556553,2.5382725854357715,2.5330626939989735,2.533896807551401
2023-12-13,2.53,Baruria,2.54,2.537914260003513,2.517831677577163,2.5386551393375116,2.5383181709886613,2.5361792939587837
2023-12-14,2.51,Baruria,2.53,2.517985618500653,2.5083995084790303,2.525242111854858,2.5216275274215216,2.518738047506083
2023-12-15,2.5,Baruria,2.51,2.476250893021682,2.4843774744764127,2.4949972056909164,2.4833323952811974,2.47768046152146
2023-12-16,2.49,Baruria,2.5,2.4716327812540926,2.4697948129171716,2.479975230493157,2.476035691923739,2.4707641498695625
2023-12-17,2.47,Baruria,2.49,2.465643454667129,2.4444111033569005,2.4682745718550536,2.462939373218813,2.458396109751399
2023-12-18,2.43,Baruria,2.47,2.446253729912213,2.4078943271053532,2.4434368841190106,2.451875159420979,2.4448360547866606
2023-12-19,2.38,Baruria,2.43,2.3756335609424277,2.3675365918938023,2.3951213241565914,2.3929495741121,2.3824417157063764
2023-12-20,2.34,Baruria,2.38,2.320783301161264,2.3152514132307136,2.3380195066174654,2.334300818883578,2.3225871508415077
2023-12-21,2.33,Baruria,2.34,2.312823927844307,2.278495024516706,2.30640375813114,2.310127157312511,2.3025272941516537
2023-12-22,2.32,Baruria,2.33,2.3239652218681903,2.280854622294561,2.3118104494418286,2.3170485165401993,2.3134121429632732
2023-12-23,2.31,Baruria,2.32,2.3172008324055375,2.2843090964573256,2.3131102432061112,2.314213553516778,2.314299354422429
2023-12-24,2.32,Baruria,2.31,2.3084013153116287,2.2912495866164018,2.3110914864454393,2.3090145354166993,2.307709498723866
2023-12-25,2.34,Baruria,2.32,2.3107071813232243,2.3023466070915517,2.3210203734686465,2.3115843741360482,2.310433225790554
2023-12-26,2.3,Baruria,2.34,2.341167599066835,2.3180494666657094,2.340902292924488,2.3415238261529,2.342136982619369
2023-12-27,2.28,Baruria,2.3,2.275563308334257,2.272112946559488,2.291913257261116,2.285809405418131,2.2833508958806767
2023-12-28,2.26,Baruria,2.28,2.251345965572824,2.2519139087196827,2.262814539824545,2.259337435203292,2.2563845359261285
2023-12-29,2.19,Baruria,2.26,2.2273170806403457,2.228079813073539,2.2371461853866457,2.2312283107124147,2.227920114779408
2023-12-30,2.14,Baruria,2.19,2.1440768840143267,2.1472532935927107,2.1625323564573926,2.1492136781458693,2.1449674002328756
2023-12-31,2.13,Baruria,2.14,2.099752987961027,2.0902673670800254,2.111723426424426,2.1040189200373813,2.0982083678347863
2024-01-01,2.06,Baruria,2.13,2.092342072287824,2.075727880490017,2.097202275622308,2.0953516542648685,2.0885998637941063
2024-01-02,2.03,Baruria,2.06,2.01263799428953,1.9946186169149973,2.0210460730015716,2.0238005212014887,2.015103822311121
2024-01-03,1.98,Baruria,2.03,1.9760908961873895,1.9579119789724275,1.9876445987349378,1.9884473766513713,1.9783796656247572
2024-01-04,1.95,Baruria,1.98,1.9373146192491952,1.9196814870345724,1.9412305540992687,1.9448028625720823,1.9392021085586097
2024-01-05,1.93,Baruria,1.95,1.9276937398958105,1.9029038521533472,1.9221195167389233,1.9249461016059668,1.922295013820965
2024-01-06,1.92,Baruria,1.93,1.8906077158846673,1.8776697670607572,1.9044422143791528,1.9036684948701836,1.9000348677583638
2024-01-07,1.87,Baruria,1.92,1.8727539479027955,1.8622684845622999,1.8917694081396206,1.8850927189397215,1.880025184209585
2024-01-08,1.84,Baruria,1.87,1.8381799965228887,1.8155381597284295,1.845803032112232,1.845543859566745,1.8419590916051403
2024-01-09,1.86,Baruria,1.84,1.8387388052747817,1.8003173642090007,1.8327300719430806,1.845849103209547,1.8444877941224547
2024-01-10,1.87,Baruria,1.86,1.8621917248561155,1.8389897534504656,1.870870769847394,1.867497774598144,1.86655563515289
2024-01-11,1.91,Baruria,1.87,1.8729641646776054,1.8680197913852767,1.89928632361908,1.8823574119376054,1.8811830589326355
2024-01-12,1.91,Baruria,1.91,1.9205507665935289,1.9023364513004866,1.9405883831315947,1.9310028391425629,1.9310695214765694
2024-01-13,1.92,Baruria,1.91,1.9059277836077766,1.8923235949838688,1.9310021808235938,1.9202150910928826,1.9179269239739207
2024-01-14,1.9,Baruria,1.92,1.9191144628502808,1.9134072795276367,1.9382012530493402,1.9303508565868597,1.9275635206273716
2024-01-15,1.91,Baruria,1.9,1.8825885361305759,1.8845056508860571,1.9022689353493163,1.8912084987241269,1.8894142234857323
2024-01-16,1.89,Baruria,1.91,1.8998924409447853,1.8688359695888341,1.8925126420310177,1.9027820089946814,1.9009585981546353
2024-01-17,1.82,Baruria,1.89,1.8630296040430858,1.8458667810370981,1.8620752124794422,1.8713780366600945,1.8658905603462455
2024-01-18,1.79,Baruria,1.82,1.778549880822401,1.7669944514927247,1.7841524486346236,1.7863903029240662,1.780491201182337
2024-01-19,1.74,Baruria,1.79,1.7455800935337935,1.727166347754486,1.7502427998280476,1.751684305869724,1.745017304106672
2024-01-20,1.66,Baruria,1.74,1.688346845623478,1.6663734675923674,1.6983201554263874,1.6967280227086283,1.6880964861206553
2024-01-21,1.63,Baruria,1.66,1.624019477337916,1.5894443599197154,1.6242383796428381,1.6292412004907477,1.6247367774088406
2024-01-22,1.61,Baruria,1.63,1.6189438939690615,1.5710018077428407,1.6102554800875388,1.6158606961852497,1.6120993014176808
2024-01-23,1.62,Baruria,1.61,1.5964943843273296,1.5645502801400817,1.6049396847878412,1.6019292526123152,1.5988920689917114
2024-01-24,1.66,Baruria,1.62,1.6355171959055539,1.5869094503141792,1.6322914681524816,1.6390189389848022,1.6386149757305375
2024-01-25,1.66,Baruria,1.66,1.6672496656052658,1.6349847845673724,1.679804458362568,1.6745558173952204,1.6725494324788326
2024-01-26,1.64,Baruria,1.66,1.6676383489314197,1.6421565907803082,1.6781436158791945,1.6799228252407843,1.6777631296324376
2024-01-27,1.64,Baruria,1.64,1.635080907211143,1.623646389375537,1.6464434573620181,1.648164264441972,1.6444309345319608
2024-01-28,1.65,Baruria,1.64,1.6336893773840802,1.616315712103934,1.6391063940061061,1.6347226513512432,1.6324409060947946
2024-01-29,1.64,Baruria,1.65,1.6549058301987318,1.6206096383309463,1.6529972698801803,1.6527747241335085,1.6514431061860122
2024-01-30,1.67,Baruria,1.64,1.6516075376308625,1.6118675410335512,1.6483829990508962,1.6542580213018312,1.6531060030038656
2024-01-31,1.66,Baruria,1.67,1.6764791265035195,1.6411501242761055,1.6749248420248362,1.6735804146126538,1.6716623684692484
2024-02-01,1.65,Baruria,1.66,1.662659103766184,1.6249811724715373,1.656779121742921,1.66955028304152,1.6661423201263903
2024-02-02,1.62,Baruria,1.65,1.632376976967842,1.6066939531841093,1.637631782810151,1.6397414158195742,1.6346154364160501
2024-02-03,1.59,Baruria,1.62,1.6011137975997551,1.5748742572059147,1.605034229410968,1.6034261866676074,1.5982762952803393
2024-02-04,1.59,Baruria,1.59,1.5628675693375982,1.5426739912816474,1.5719073411573075,1.5658092445096192,1.5609482502004253
2024-02-05,1.51,Baruria,1.59,1.5523289667809002,1.5346851622226465,1.561313017889186,1.5626437450678001,1.5561571903556397
2024-02-06,1.48,Baruria,1.51,1.4783481789681991,1.447649571224881,1.4806828791351576,1.4846933010503445,1.4796267412220805
2024-02-07,1.46,Baruria,1.48,1.4770486863334975,1.4240217952740073,1.4637540884940934,1.4749725345737261,1.4729803529541503
2024-02-08,1.51,Baruria,1.46,1.4675238220457076,1.4172923269636861,1.461005958213076,1.4724861692401838,1.4713987980384629
2024-02-09,1.51,Baruria,1.51,1.5323125430312625,1.4761213861302795,1.518661156162388,1.5358254696753058,1.5367547562883532
2024-02-10,1.49,Baruria,1.51,1.5079215660806,1.4822718833199497,1.511475776999559,1.5189913021496684,1.51508675292989
2024-02-11,1.56,Baruria,1.49,1.5301540910658704,1.4836472697512229,1.5197967376578088,1.533954921839323,1.5367017286820355
2024-02-12,1.62,Baruria,1.56,1.613281388708314,1.5742922439136997,1.6105491303509805,1.6169555436189835,1.6241884585721234
2024-02-13,1.64,Baruria,1.62,1.6448501014658352,1.632475671264369,1.6622151608758855,1.6603597092439542,1.6586481180874746
2024-02-14,1.65,Baruria,1.64,1.6301468747291459,1.6203513225258461,1.6496700499317336,1.6391675867708824,1.635300576477305
2024-02-15,1.58,Baruria,1.65,1.605634265031156,1.588807962813737,1.619417021094496,1.6203213002602181,1.612462168277977
2024-02-16,1.5,Baruria,1.58,1.5076033705648166,1.4981386744337588,1.530248398126328,1.5343122141334036,1.523079183122774
2024-02-17,1.42,Baruria,1.5,1.4165989504951682,1.415402863859678,1.444294179734775,1.444364632874735,1.4315258083772233
2024-02-18,1.4,Baruria,1.42,1.3715378236156428,1.341465747381318,1.3696913544616407,1.3805414103634812,1.3722646773426377
2024-02-19,1.32,Baruria,1.4,1.3800506700155972,1.3374681874355352,1.363157097241069,1.3839647332172262,1.3796710910324677
2024-02-20,1.3,Baruria,1.32,1.3053790393523437,1.2591430723222177,1.3004094378229114,1.3179856600620405,1.3147503228653852
2024-02-21,1.34,Baruria,1.3,1.3035826267418875,1.249476484007259,1.2991688074581804,1.310514732040616,1.30860194377546
2024-02-22,1.36,Baruria,1.34,1.3711954523584247,1.2965153319058536,1.3539005089993388,1.3698041691162117,1.3694186457318873
2024-02-23,1.4,Baruria,1.36,1.4010766195882831,1.3392077567745664,1.3881433118878812,1.4067161076173071,1.4105232520838331
2024-02-24,1.45,Baruria,1.4,1.4291465020576524,1.4033901753923523,1.432134361531425,1.4420101435222807,1.4441881384897999
2024-02-25,1.52,Baruria,1.45,1.4689900935767475,1.4453793702757463,1.4750848898912043,1.4819101861417316,1.4796065398534894
2024-02-26,1.49,Baruria,1.52,1.5124758764447708,1.4920019777466837,1.5285711890474107,1.522900832981578,1.5201704615619847
2024-02-27,1.43,Baruria,1.49,1.4948899140629532,1.4528453099180465,1.4915006364552188,1.497448314807763,1.4956248389164355
2024-02-28,1.48,Baruria,1.43,1.4536635417681358,1.3986949050324717,1.4408997314368674,1.4519715247147882,1.45126783898185
2024-02-29,1.48,Baruria,1.48,1.4957629115661892,1.4466729446709072,1.4867962210293773,1.4931624779244481,1.4933195767693688
2024-03-01,1.47,Baruria,1.48,1.4622373625894345,1.4323394247345298,1.4674106323050493,1.4683116007942167,1.4636403185731062
2024-03-02,1.43,Baruria,1.47,1.4531658804333365,1.4110554967338722,1.445603237509185,1.4536464368629725,1.448296294646336
2024-03-03,1.4,Baruria,1.43,1.3946989327322248,1.3593295643568555,1.4006976648577767,1.406713815538758,1.3985770373144224
2024-03-04,1.38,Baruria,1.4,1.3938358974280654,1.3246887469519164,1.3803972333351437,1.3868162609139885,1.379876267111199
2024-03-05,1.36,Baruria,1.38,1.3778211761935646,1.298112714635672,1.3723596417299946,1.3744673584641873,1.3676880504339828
2024-03-06,1.35,Baruria,1.36,1.3581704041020164,1.29084325216788,1.3645758153367638,1.365111743463882,1.3623791312444766
2024-03-07,1.39,Baruria,1.35,1.3498284199720574,1.2951762248061423,1.3548292123042192,1.3607103915505334,1.3568671327808721
2024-03-08,1.42,Baruria,1.39,1.4102307901855378,1.3468763049365242,1.4036527160913692,1.4192162521133052,1.4180909711930783
2024-03-09,1.49,Baruria,1.42,1.4479946648786004,1.4070443172631384,1.460131692359248,1.4619476890878993,1.465277979905519
2024-03-10,1.6,Baruria,1.49,1.537575721617229,1.5040762511078736,1.5510689460496014,1.5553681939201278,1.5633384191799584
2024-03-11,1.66,Baruria,1.6,1.632148782528791,1.634707728647294,1.6691237466489393,1.6556212464260387,1.659543375537816
2024-03-12,1.71,Baruria,1.66,1.726583408566296,1.7025229132847517,1.7370343745266734,1.7415596140186738,1.747331499739521
2024-03-13,1.74,Baruria,1.71,1.7534212795830724,1.73846850801473,1.7770532580313454,1.774090742873745,1.7762293289075564
2024-03-14,1.73,Baruria,1.74,1.7507870657931848,1.7224845067012382,1.766109121885387,1.7566194491740645,1.7568885359685336
2024-03-15,1.73,Baruria,1.73,1.760589421751554,1.6648500659053171,1.7198340732658235,1.742049503405663,1.7334877351844924
2024-03-16,1.63,Baruria,1.73,1.7009145202975573,1.63975950906295,1.6890888091752256,1.6959640205751045,1.6874931350656996
2024-03-17,1.53,Baruria,1.63,1.5333667880407844,1.5380345884652078,1.5726617100183586,1.5711493041512556,1.5558735285446676
2024-03-18,1.43,Baruria,1.53,1.4338023766250068,1.435584859549736,1.4630503051091883,1.468219040551693,1.4523658454843382
2024-03-19,1.35,Baruria,1.43,1.3697474087654216,1.3373035438979546,1.3695705130176659,1.3809751284925893,1.36879058284601
2024-03-20,1.34,Baruria,1.35,1.3346247550215888,1.2774234525215615,1.3138248174214688,1.3319667646356443,1.3266250300803095
2024-03-21,1.31,Baruria,1.34,1.3668533749604765,1.2917641068638324,1.338345265281098,1.3590440188558874,1.3601402274910435
2024-03-22,1.47,Baruria,1.31,1.4024107829189911,1.2916714643430904,1.3605219354458946,1.3881370770144281,1.3978456095583915
2024-03-23,1.47,Baruria,1.47,1.5670413955313915,1.4722247790815004,1.5568700138053657,1.5686932854506785,1.5794344212214082
2024-03-24,1.65,Baruria,1.47,1.5428326197008642,1.488625769472846,1.5732837687760128,1.578635699035541,1.5877282479843398
2024-03-25,1.71,Baruria,1.65,1.7194259318646261,1.6728949350287365,1.7461752561589907,1.7286086797238884,1.7350705340307728
2024-03-26,1.75,Baruria,1.71,1.7716538819721193,1.725782952142682,1.7909474120713424,1.7716167819222244,1.7736797055094502
2024-03-27,1.79,Baruria,1.75,1.794242976146358,1.7585629238484157,1.822511362390553,1.7954917592330715,1.7957793934489334
2024-03-28,1.86,Baruria,1.79,1.8365791902708875,1.792662426973535,1.8599186594317594,1.8364834200505868,1.8365888915964252
2024-03-29,1.88,Baruria,1.86,1.8775432492273894,1.852552702576738,1.903487517105898,1.8717272020608426,1.86740309896299
2024-03-30,1.88,Baruria,1.88,1.8957231940015602,1.8590966084202247,1.9000968070616404,1.9009216018011494,1.8993002428436199
2024-03-31,1.9,Baruria,1.88,1.8883002626870102,1.8436285013272833,1.8879265905861027,1.902006778172631,1.9004476850007668
2024-04-01,1.89,Baruria,1.9,1.8905047213852364,1.8571194310655559,1.8945045528354338,1.8956783678663054,1.8919244127969685
2024-04-02,1.86,Baruria,1.89,1.8862623150811708,1.8448411044707902,1.879153365678378,1.8883713751308076,1.8844449292159873
2024-04-03,1.85,Baruria,1.86,1.8443212701167668,1.8197401650552412,1.848219081825883,1.8466668155691786,1.842974976233884
2024-04-04,1.82,Baruria,1.85,1.8356792896616574,1.8097934550650792,1.8432083995456081,1.8380141937074912,1.834753849063511
2024-04-05,1.87,Baruria,1.82,1.8537001309081134,1.802591816379456,1.855625764424361,1.8579222793574457,1.859020761318054
2024-04-06,1.93,Baruria,1.87,1.927952497922902,1.8815649914862185,1.9404992707420734,1.931484955066507,1.9367240569139295
2024-04-07,2.05,Baruria,1.93,2.026916012491488,1.9642109727756374,2.0279453067338147,2.0387749053086366,2.046866712281017
2024-04-08,2.12,Baruria,2.05,2.1184643040540507,2.097690451783676,2.1488488221974915,2.1263408810285274,2.1283031971710726
2024-04-09,2.15,Baruria,2.12,2.172955411507219,2.1584329501318993,2.208034221846142,2.1862131736386234,2.18782578276511
2024-04-10,2.22,Baruria,2.15,2.198118824896194,2.1506260540668705,2.2345637984251776,2.1965301268707327,2.1988561161058082
2024-04-11,2.3,Baruria,2.22,2.2992242073942073,2.2043697145240473,2.3220342290661633,2.2851869107434313,2.2919503427915386
2024-04-12,2.33,Baruria,2.3,2.327479772274766,2.284127602110819,2.3589145378094183,2.337419941218483,2.339277316633647
2024-04-13,2.3,Baruria,2.33,2.3104935024069118,2.272704135596829,2.3047623794398877,2.3314919809485346,2.3238876708820713
2024-04-14,2.25,Baruria,2.3,2.2678528445032753,2.203492191047188,2.2680007011743313,2.301602005650406,2.2863961610388244
2024-04-15,2.27,Baruria,2.25,2.293659363607193,2.154008288833223,2.280088163062359,2.2828204634692875,2.273930709722316
2024-04-16,2.41,Baruria,2.27,2.3718117535440695,2.2054925071577105,2.369375390637803,2.3619184269281313,2.3641370069565286
2024-04-17,2.49,Baruria,2.41,2.500025836121006,2.3896362781886387,2.516827620348879,2.493368712709431,2.501430613439311
2024-04-18,2.5,Baruria,2.49,2.5134299696777336,2.493978835064057,2.544934540812284,2.5269735645286535,2.525809483121039
2024-04-19,2.46,Baruria,2.5,2.4795953011605136,2.501462605958167,2.5011070564696753,2.4939316355738623,2.488427445851085
2024-04-20,2.44,Baruria,2.46,2.434572921248491,2.461517591204402,2.4520036719289107,2.447064916401951,2.44121401072104
2024-04-21,2.46,Baruria,2.44,2.4647462603074777,2.452496917880271,2.4627516291154596,2.4735584208193924,2.473477517841566
2024-04-22,2.47,Baruria,2.46,2.4774895305545988,2.475382341197792,2.4940796069166686,2.491773852533229,2.4923074378384427
2024-04-23,2.43,Baruria,2.47,2.4599279012676174,2.464430884427465,2.4852221268301613,2.4698603087608295,2.466568690062736
2024-04-24,2.43,Baruria,2.43,2.418023397986766,2.40661542894483,2.4387550431591722,2.4184061441584315,2.416173600221939
2024-04-25,2.48,Baruria,2.43,2.483600621822368,2.417905910211589,2.4847189929572235,2.4664110253317015,2.472337707082103
2024-04-26,2.55,Baruria,2.48,2.543674993686327,2.481848982164792,2.5700692514438432,2.5442112351941666,2.5528274873330288
2024-04-27,2.61,Baruria,2.55,2.6030371769502922,2.5498687487309337,2.641829931164723,2.600932868728139,2.607096269490016
2024-04-28,2.63,Baruria,2.61,2.639686981581154,2.5925059517235485,2.677093822275813,2.6658109619835235,2.665712758834209
2024-04-29,2.62,Baruria,2.63,2.6165216290363222,2.582639197519527,2.6589848777151217,2.630556191375709,2.6275920356247884
2024-04-30,2.61,Baruria,2.62,2.6312054553158886,2.55299992245796,2.643560511118897,2.630414606409095,2.6281821635189258
2024-05-01,2.72,Baruria,2.61,2.700529149381344,2.5632605291973847,2.7210466556525135,2.693456466020878,2.703212258754556
2024-05-02,2.93,Baruria,2.72,2.8664258780290797,2.7140818405008034,2.9274347284972806,2.872367795199615,2.8878240525511116
2024-05-03,3.06,Baruria,2.93,3.082679316905722,2.9431302476164958,3.1189652437437956,3.0747180628589788,3.090821113827278
2024-05-04,3.06,Baruria,3.06,3.092389856608875,3.0541241875840606,3.1383070985132644,3.0976371726007095,3.09547134482489
2024-05-05,3.03,Baruria,3.06,3.0712459890019277,3.035483736570294,3.0940513343286855,3.0747071058596744,3.0739752602943073
2024-05-06,3.09,Baruria,3.03,3.071094298225273,3.040423523855605,3.0979229823899885,3.081321601309019,3.0797614009643426
2024-05-07,3.15,Baruria,3.09,3.1751752553969363,3.1439533853430617,3.1932315629542,3.1681411500920027,3.175772746135346
2024-05-08,3.21,Baruria,3.15,3.219096395676833,3.18536807895117,3.2619441135408533,3.2174552090326345,3.2226950533320164
2024-05-09,3.28,Baruria,3.21,3.2721168998816275,3.1802238755579055,3.3202212121348906,3.257137749207844,3.2621812982294505
2024-05-10,3.39,Baruria,3.28,3.3708985934031457,3.2349002794532318,3.408616552305025,3.38400471738437,3.3876452681209224
2024-05-11,3.45,Baruria,3.39,3.4542366848690786,3.36322890563107,3.4835901338428727,3.452929327701323,3.4564939540514623
2024-05-12,3.39,Baruria,3.45,3.421382835478402,3.411250760762016,3.44413883659057,3.4211180149635374,3.414074999446172
2024-05-13,3.25,Baruria,3.39,3.291989742768134,3.290197917823132,3.3075620113025592,3.3066342724763373,3.2954827116907084
2024-05-14,3.09,Baruria,3.25,3.0889534702646415,3.124913792652712,3.1415694742067592,3.1401598250786784,3.125741543322454
2024-05-15,2.95,Baruria,3.09,2.9443468275297437,2.9877434132762453,2.9863173053065846,2.9904585219304884,2.9725624772340407
2024-05-16,2.82,Baruria,2.95,2.837348752361429,2.8692057964725617,2.856670617479675,2.8670666588038833,2.8508162276521247
2024-05-17,2.74,Baruria,2.82,2.7289230835372065,2.7473157102523214,2.749521309514325,2.7578345649266764,2.743280456094595
2024-05-18,2.69,Baruria,2.74,2.7108251040598637,2.688250720107137,2.705931075570406,2.715749080314023,2.7115404267612475
2024-05-19,2.7,Baruria,2.69,2.682095930337336,2.670493497088918,2.6932742331109227,2.6919974059876437,2.691668775586805
2024-05-20,2.72,Baruria,2.7,2.7330148546277644,2.702327933283853,2.7473104195948643,2.738821553477566,2.7423474474273255
2024-05-21,2.72,Baruria,2.72,2.7590888224751886,2.7262575138030933,2.8039312519063824,2.7700929387237925,2.7724022123815626
2024-05-22,2.81,Baruria,2.72,2.7656258155062896,2.723425734591219,2.823520638706461,2.780556019296705,2.7842289603673613
2024-05-23,2.9,Baruria,2.81,2.8986856060915307,2.8149004931133175,2.9310857822786685,2.8980269933477367,2.9081519581756115
2024-05-24,2.96,Baruria,2.9,2.962409080680526,2.904490984020464,3.013753708356051,2.9665015832657606,2.9701974865714504
2024-05-25,3.06,Baruria,2.96,3.054454769142338,2.998631297560769,3.0989086364772285,3.061381471547868,3.067156800649885
2024-05-26,3.26,Baruria,3.06,3.2371875570991215,3.189738851708182,3.2721059656161686,3.247217497952386,3.2607173492871024
2024-05-27,3.92,Baruria,3.26,3.824757004557162,3.600109318638069,3.6690599717501726,3.8528404376552747,3.875325255262028
2024-05-28,3.95,Baruria,3.92,4.065880017299606,4.18801796189797,4.114850285735208,4.015219998038625,4.023691361024437
2024-05-29,3.69,Baruria,3.95,3.6991054298969432,3.876593332250471,3.814963618016286,3.7736181544939913,3.7601265672740816
2024-05-30,3.57,Baruria,3.69,3.5594103743052274,3.5366557067685416,3.5905956153379592,3.586065343478819,3.574124020237168
2024-05-31,3.52,Baruria,3.57,3.5259196225723426,3.471471694773134,3.555247726849634,3.5423518079265013,3.53787583827514
2024-06-01,3.59,Baruria,3.52,3.5743006026248993,3.49640341402487,3.6119016037993745,3.570981412596476,3.5751691382846302
2024-06-02,3.85,Baruria,3.59,3.8014744984862547,3.603524153075284,3.8229180458958805,3.7942009546997575,3.8118335642570766
2024-06-03,4.04,Baruria,3.85,4.064893530957946,3.8982563285450467,4.145571963935359,4.056831961587824,4.078493844054369
2024-06-04,4.34,Baruria,4.04,4.332459352019179,4.156114032524874,4.403251879293334,4.33684495680058,4.361510078261671
2024-06-05,4.74,Baruria,4.34,4.703243557166994,4.519379793428609,4.762286205251823,4.679800666786817,4.700973169329683
2024-06-06,5.04,Baruria,4.74,5.020578226225787,4.938080950948823,5.059883754590335,5.028294213904282,5.0451268210665114
2024-06-07,5.22,Baruria,5.04,5.223129702177516,5.20310970464692,5.2390888260151,5.21332792525731,5.223756665692373
2024-06-08,5.32,Baruria,5.22,5.311598104014615,5.314783876900169,5.308166001864937,5.2961589317267075,5.300504636620459
2024-06-09,5.33,Baruria,5.32,5.326510097228819,5.350232484968234,5.318321346900645,5.31560742640806,5.308230757229894
2024-06-10,5.27,Baruria,5.33,5.263164315580756,5.287714338912852,5.254385651347458,5.270780100832444,5.261090195506113
2024-06-11,5.19,Baruria,5.27,5.196402359229074,5.16455884600278,5.171939876652535,5.1980023412739405,5.189529687670703
2024-06-12,5.06,Baruria,5.19,5.071522417134375,5.058166899242424,5.073428207443997,5.078662157229922,5.071956726639137
2024-06-13,4.96,Baruria,5.06,4.952131716010585,4.9441147395876675,4.959099519128164,4.969119338533957,4.959781652070502
2024-06-14,4.92,Baruria,4.96,4.941679556139166,4.88005779305596,4.917893029579141,4.932437009493013,4.9269429682038295
2024-06-15,4.9,Baruria,4.92,4.894559032875915,4.883548000800052,4.914248992153936,4.915417048628528,4.906562068694616
2024-06-16,4.98,Baruria,4.9,4.968407115788214,4.886879286932298,4.980823688003254,4.958855882369879,4.95807314024816
2024-06-17,5.17,Baruria,4.98,5.139464437005804,4.997508231606662,5.148455507943079,5.112576777181975,5.124424159434277
2024-06-18,5.41,Baruria,5.17,5.386189690093304,5.241832030990074,5.384468933469074,5.394163496467164,5.406352996419344
2024-06-19,5.71,Baruria,5.41,5.711731493809567,5.543693001662784,5.701967998039546,5.711679824780407,5.725472736475216
2024-06-20,6.06,Baruria,5.71,6.083125298211233,5.88559081127989,6.052295478842448,6.04458904953952,6.062283178527468
2024-06-21,6.3,Baruria,6.06,6.315134759673605,6.204029712748826,6.332666828314811,6.2904913451340745,6.296736941225904
2024-06-22,6.45,Baruria,6.3,6.475108985005478,6.368083318186678,6.515936698544731,6.4476635606013275,6.448951856997368
2024-06-23,6.47,Baruria,6.45,6.497851783993262,6.4424697186084146,6.511740271805699,6.490970032510275,6.490412593333795
2024-06-24,6.36,Baruria,6.47,6.367238566743196,6.408065314832558,6.3891870183359565,6.396697745628796,6.388281077760504
2024-06-25,6.27,Baruria,6.36,6.2598699670461775,6.2784986317970874,6.256674067350964,6.286860991386146,6.272742054811164
2024-06-26,6.18,Baruria,6.27,6.175149287669194,6.184236185604903,6.179192038111506,6.204472053775635,6.1919926471494895
2024-06-27,6.17,Baruria,6.18,6.116008442598409,6.094328077912558,6.130844003323362,6.140344598144854,6.135621522960733
2024-06-28,6.22,Baruria,6.17,6.225164988527878,6.138525825476193,6.202318482245023,6.193797718882334,6.198183467610302
2024-06-29,6.27,Baruria,6.22,6.271590264556893,6.227962225136037,6.275907862372507,6.268356327977082,6.261093237902812
2024-06-30,6.3,Baruria,6.27,6.285908160530983,6.260695985480543,6.296182361822248,6.296753182481015,6.293798733682325
2024-07-01,6.33,Baruria,6.3,6.358283884197543,6.264119739982914,6.348336344223392,6.343101435147903,6.347975300937338
2024-07-02,6.49,Baruria,6.33,6.464995265030413,6.2855911526857575,6.482949676310945,6.451096450688841,6.460576622009981
2024-07-03,6.75,Baruria,6.49,6.783565886275811,6.512388845599205,6.765762131352396,6.763156423341396,6.776968083682895
2024-07-04,7.15,Baruria,6.75,7.176109002400864,6.875858062252149,7.1078466069829425,7.1294138372327955,7.151141145676263
2024-07-05,7.46,Baruria,7.15,7.4742130659938075,7.3146175933530335,7.461268168576596,7.434359863825079,7.446379834933462
2024-07-06,7.59,Baruria,7.46,7.631013536349596,7.5779650728125665,7.63901645339864,7.617775496091184,7.614915054200476
2024-07-07,7.65,Baruria,7.59,7.668930502425455,7.609427437614417,7.660327788625128,7.672238225518304,7.669737352417935
2024-07-08,7.67,Baruria,7.65,7.682533194183003,7.5992091440565375,7.6583736613731075,7.685028156515206,7.683581528769296
2024-07-09,7.65,Baruria,7.67,7.654407476245375,7.592981147342073,7.638463471220784,7.652691043869616,7.647477411767294
2024-07-10,7.62,Baruria,7.65,7.640123553726396,7.57222044632924,7.617458149200471,7.644787794571929,7.640703244986725
2024-07-11,7.62,Baruria,7.62,7.6474453257996675,7.518460816156083,7.617534718832204,7.640209071695973,7.63869296267625
2024-07-12,7.73,Baruria,7.62,7.754881947083481,7.540068376465791,7.70103803110858,7.735005399094944,7.740072130658592
2024-07-13,7.72,Baruria,7.73,7.78784468280638,7.683714327804764,7.801422424753973,7.76498244020924,7.763651157926358
2024-07-14,7.67,Baruria,7.72,7.701169049687616,7.661188190940011,7.718609465531716,7.712527740448472,7.709242370142808
2024-07-15,7.64,Baruria,7.67,7.668457395704294,7.607496299997366,7.664965742244164,7.6646966538234125,7.6603179106847925
2024-07-16,7.6,Baruria,7.64,7.603616686580031,7.579526290289124,7.6164445466007,7.615496197793786,7.6113255537048135
2024-07-17,7.51,Baruria,7.6,7.551128411017491,7.520943439366273,7.560186890419939,7.552785558566241,7.546887791676809
2024-07-18,7.43,Baruria,7.51,7.451205987946482,7.3989750729758414,7.469043663585836,7.460116916476077,7.452816188597659
2024-07-19,7.39,Baruria,7.43,7.388307155824989,7.349668007511668,7.412461077181166,7.397235973053497,7.391324553201095
2024-07-20,7.36,Baruria,7.39,7.36098417292723,7.3712594412350425,7.378718095410683,7.363559533106252,7.358833188011044
2024-07-21,7.3,Baruria,7.36,7.316595335419503,7.369387004324854,7.316815861887768,7.3138572818990255,7.306936652995401
2024-07-22,7.21,Baruria,7.3,7.214026455629171,7.289156214273997,7.2185895058353475,7.2132963160157,7.2051924823623885
2024-07-23,7.13,Baruria,7.21,7.137196725717635,7.17368545762735,7.123840378913994,7.138441432220237,7.134736503266072
2024-07-24,7.05,Baruria,7.13,7.06445264915535,7.070862516469404,7.0621219417906635,7.064557385444708,7.0611160460180455
2024-07-25,6.98,Baruria,7.05,7.005599352928829,6.98298298830835,7.008149448720719,7.005882095843474,7.005523968589532
2024-07-26,6.99,Baruria,6.98,6.9548511952935375,6.910697469643897,6.96079126846282,6.955634929626201,6.954419355792496
2024-07-27,6.98,Baruria,6.99,6.96858285802232,6.9102790315971285,6.968903619482252,6.966874457510147,6.963881913379962
2024-07-28,6.94,Baruria,6.98,6.934234235639806,6.895745451663484,6.955055978858268,6.952173842365164,6.949634279364585
2024-07-29,6.89,Baruria,6.94,6.9024110932147185,6.851947919174319,6.920596521405545,6.91001675141013,6.908848832844256
2024-07-30,6.84,Baruria,6.89,6.833863160712568,6.780159949977139,6.844221393003518,6.841482106956302,6.838845602801271
2024-07-31,6.72,Baruria,6.84,6.74545594970898,6.714640892985794,6.75764036773955,6.757058935915739,6.749223965280486
2024-08-01,6.64,Baruria,6.72,6.6352211103723535,6.6278317221406455,6.642315395179776,6.642855180305795,6.639794137609823
2024-08-02,6.7,Baruria,6.64,6.666534637913981,6.621916462648005,6.622593027200643,6.658598835640237,6.6589946739894375
2024-08-03,6.72,Baruria,6.7,6.720780353668571,6.725382988689891,6.71499689370663,6.722446638025076,6.718731759260561
2024-08-04,6.68,Baruria,6.72,6.71495826553002,6.704767524577591,6.726565919543663,6.723768771899381,6.720659042222252
2024-08-05,6.68,Baruria,6.68,6.68912652543785,6.624039981877625,6.70153654717786,6.695299782881688,6.694976659722344
2024-08-06,6.68,Baruria,6.68,6.7044856218419175,6.634812873081952,6.713143971298543,6.699414649399816,6.6976891806366075
2024-08-07,6.66,Baruria,6.68,6.6621458253766415,6.657778529595956,6.683675411384301,6.660823625403933,6.657587067411561
2024-08-08,6.7,Baruria,6.66,6.6791439451368175,6.647461769767982,6.676796172689602,6.680080519088094,6.679327724841695
2024-08-09,6.8,Baruria,6.7,6.78254052441816,6.692701094958138,6.777095755181235,6.779801345531962,6.781793659856152
2024-08-10,6.9,Baruria,6.8,6.8837553977474455,6.783120800173851,6.895673230266179,6.888593305519017,6.88892588236427
2024-08-11,6.98,Baruria,6.9,7.006793600079465,6.848673626294587,6.99988957678351,7.014270666553703,7.011081665384888
2024-08-12,7.08,Baruria,6.98,7.093172445468431,6.911476851650086,7.089655741293517,7.082774821426846,7.083444690034237
2024-08-13,7.14,Baruria,7.08,7.139210472578038,7.016782061211862,7.161671922020528,7.129116499906158,7.128980235685688
2024-08-14,7.17,Baruria,7.14,7.1461396392648915,7.082304292257061,7.180915326117199,7.1478349470996,7.146636663029176
2024-08-15,7.2,Baruria,7.17,7.184194539213411,7.110034236715907,7.203501485335736,7.200267693323855,7.2001853713607415
2024-08-16,7.23,Baruria,7.2,7.223176929943859,7.154488342646552,7.25339806597101,7.242797333416957,7.241586748149193
2024-08-17,7.26,Baruria,7.23,7.28035706799631,7.204801737199921,7.29040016856904,7.27542734285204,7.275640638198058
2024-08-18,7.28,Baruria,7.26,7.2765184446658004,7.27272587063608,7.282489031945256,7.285857901642231,7.280488554986257
2024-08-19,7.21,Baruria,7.28,7.247589573189212,7.325053603290528,7.259375345789149,7.260364841266338,7.2524160621130065
2024-08-20,7.14,Baruria,7.21,7.138140648728255,7.245132539536267,7.159652585632543,7.152047778574289,7.143407426236641
2024-08-21,7.13,Baruria,7.14,7.130529226455302,7.134860357324949,7.095208468139359,7.110636053488004,7.107546774199091
2024-08-22,7.1,Baruria,7.13,7.10464141510103,7.102092152700506,7.0770940753620275,7.09031026928256,7.087015525087227
2024-08-23,7.08,Baruria,7.1,7.056992591947801,7.067682295100249,7.045048942866629,7.059833402623397,7.055796131008592
2024-08-24,7.02,Baruria,7.08,7.011504101856042,7.009360606828408,7.021458122533789,7.016570441586857,7.010276599995234
2024-08-25,6.95,Baruria,7.02,6.9480630383555235,6.88355620665229,6.953969719106074,6.9543248921644825,6.9490878060394365
2024-08-26,6.95,Baruria,6.95,6.929567956598925,6.818156060831569,6.918876520404379,6.936310873604622,6.9365711090880495
2024-08-27,6.86,Baruria,6.95,6.886765514289853,6.832458128039646,6.924228135815706,6.894625181471664,6.8887149637669465
2024-08-28,6.75,Baruria,6.86,6.7579607709607465,6.7279583673849155,6.808842122991384,6.771836449032972,6.765728796352025
2024-08-29,6.68,Baruria,6.75,6.688672402425428,6.615438645025207,6.7029429471062025,6.6995014342094565,6.696503213704443
2024-08-30,6.65,Baruria,6.68,6.61862195024132,6.574426307919719,6.655330810981922,6.634481528741648,6.629690511397032
2024-08-31,6.65,Baruria,6.65,6.643609028398772,6.61605311958073,6.652281811166309,6.6393674104151605,6.636448481350892
2024-09-01,6.62,Baruria,6.65,6.640867345393701,6.664806870673421,6.654062734846005,6.635944678257069,6.632648548035763
2024-09-02,6.57,Baruria,6.62,6.584556533302414,6.595519468805569,6.597943739685172,6.5759640240294965,6.572799742347669
2024-09-03,6.57,Baruria,6.57,6.556373626639107,6.517358282443031,6.547581763997415,6.567548989023417,6.5654419177334615
2024-09-04,6.56,Baruria,6.57,6.570792982261346,6.527697963336912,6.575479500909542,6.572697454486594,6.56853862826394
2024-09-05,6.55,Baruria,6.56,6.557903311835878,6.537877465656376,6.570170990877588,6.553206489423144,6.550220054692484
2024-09-06,6.54,Baruria,6.55,6.553203697507831,6.5289068184874415,6.559267532442202,6.551929468163904,6.549214025362911
2024-09-07,6.52,Baruria,6.54,6.530163907984392,6.513113486443259,6.553220443386728,6.535639131969006,6.5313183274048034
2024-09-08,6.5,Baruria,6.52,6.509925841023521,6.496058661748088,6.526654466263909,6.5123800827128795,6.509678694674938
2024-09-09,6.5,Baruria,6.5,6.480663779267559,6.462835795951283,6.479633901214811,6.480203476792049,6.479690890040518
2024-09-10,6.44,Baruria,6.5,6.4553126116005,6.436023119185681,6.461493507858914,6.4513623831083535,6.4498973380436135
2024-09-11,6.34,Baruria,6.44,6.354791527077108,6.368601567658981,6.3894138682457,6.361804777313701,6.35981704259973
2024-09-12,6.25,Baruria,6.34,6.269707052811275,6.253627198058232,6.289935925596473,6.273379278980793,6.271791642607615
2024-09-13,6.15,Baruria,6.25,6.164038675880804,6.132064857481365,6.195233863710989,6.1686814952862505,6.166729455511486
2024-09-14,6.24,Baruria,6.15,6.167360885916489,6.143068474672689,6.1459750585486885,6.170528283104922,6.176429945698767
2024-09-15,6.38,Baruria,6.24,6.371807998539846,6.390585764780783,6.3135154072373725,6.352016995261991,6.3544402925407475
2024-09-16,6.34,Baruria,6.38,6.380937637742266,6.513402359475664,6.396074768071759,6.3743164980371665,6.369382481929743
2024-09-17,6.18,Baruria,6.34,6.220465548591985,6.307413016621337,6.276038200674794,6.227508674844446,6.223647352201251
2024-09-18,6.14,Baruria,6.18,6.135485679185575,6.047037602056075,6.140619948944061,6.138531795867803,6.131899245263455
2024-09-19,6.19,Baruria,6.14,6.1893890023106275,6.065834476959334,6.189001638424666,6.183417015394315,6.187326142923287
2024-09-20,6.28,Baruria,6.19,6.253095162995599,6.225670698813924,6.2748416020913735,6.246964550185751,6.253133802093565
2024-09-21,6.36,Baruria,6.28,6.3363140578662245,6.310980588583559,6.344474481250903,6.331633720827253,6.33314491934257
2024-09-22,6.44,Baruria,6.36,6.428401140583151,6.348993970740057,6.420107349332363,6.429622917224166,6.430170890138155
2024-09-23,6.53,Baruria,6.44,6.480448934186696,6.376359337168,6.484122105367583,6.481056944491815,6.483493500089099
2024-09-24,6.6,Baruria,6.53,6.565708300425387,6.467726996127522,6.568415394092036,6.5671465905293465,6.567280646475645
2024-09-25,6.69,Baruria,6.6,6.6733530591135555,6.594254919626709,6.6444481102987,6.669227235431716,6.670441087141161
2024-09-26,6.73,Baruria,6.69,6.72586208768587,6.708122544901754,6.709865346795766,6.721655754099969,6.720960366308504
2024-09-27,6.66,Baruria,6.73,6.702952496405351,6.686156118729187,6.7256490739732016,6.711713563364128,6.70704426650813
2024-09-28,6.65,Baruria,6.66,6.661054506885843,6.5678174143281085,6.679451798885679,6.667295288606742,6.666359395819216
2024-09-29,6.65,Baruria,6.65,6.679690584998068,6.569737468402747,6.718405382744834,6.686142738234321,6.686354638880862
2024-09-30,6.75,Baruria,6.65,6.778551039960213,6.630144324577556,6.780819618903801,6.768307450717572,6.772590631788908
2024-10-01,6.83,Baruria,6.75,6.865588322950492,6.781823373471815,6.848989249699979,6.853814896010134,6.854112577613267
2024-10-02,6.79,Baruria,6.83,6.7929367761099035,6.846328255352077,6.796137936043654,6.8098040983521075,6.800345566122934
2024-10-03,6.75,Baruria,6.79,6.750024986104186,6.7648731903949155,6.725765651417447,6.75548307866999,6.747944159019082
2024-10-04,6.83,Baruria,6.75,6.82300691580863,6.748860277578082,6.764238240941816,6.810999150361259,6.8149384339296555
2024-10-05,6.87,Baruria,6.83,6.890626107341227,6.867073945161199,6.901491583807105,6.874483204164065,6.874719914502037
2024-10-06,6.9,Baruria,6.87,6.903419264317893,6.878190789318857,6.935064001984737,6.90760343266935,6.909333904309784
2024-10-07,6.93,Baruria,6.9,6.946282462768005,6.821824133105685,6.945927433686062,6.947676054634045,6.946734597793572
2024-10-08,6.88,Baruria,6.93,6.886911534050214,6.8136754717018855,6.91841678307869,6.897614841691719,6.891198175040718
2024-10-09,6.79,Baruria,6.88,6.80884246975632,6.783085377679441,6.822735695009231,6.817769291603429,6.811721371611244
2024-10-10,6.72,Baruria,6.79,6.737821498040959,6.713102978851544,6.750991202679266,6.744351163371388,6.740855161786523
2024-10-11,6.72,Baruria,6.72,6.719280669495287,6.654967177293799,6.737358737907065,6.714662336670348,6.71522278988954
2024-10-12,6.72,Baruria,6.72,6.730470504985902,6.664748926356164,6.74279402574611,6.722947969573856,6.720692701490022
2024-10-13,6.66,Baruria,6.72,6.682456449911347,6.663754493486704,6.687904964769612,6.680102607377524,6.677452381738839
2024-10-14,6.57,Baruria,6.66,6.628645468748258,6.603232924454217,6.592698816555366,6.6249183103824585,6.624329858224343
2024-10-15,6.46,Baruria,6.57,6.481338034078079,6.4857328161025585,6.471794061169237,6.484463996927562,6.48011389977128
2024-10-16,6.35,Baruria,6.46,6.374587958481821,6.426003836729834,6.37235643081419,6.373210758835518,6.370329429411981
2024-10-17,6.31,Baruria,6.35,6.339922196302259,6.3890814775821925,6.316977140943049,6.320943018342689,6.322874881378293
2024-10-18,6.3,Baruria,6.31,6.300459793370696,6.345915186249439,6.3020912599287895,6.292222379309706,6.287657517515794
2024-10-19,6.24,Baruria,6.3,6.2606497001015065,6.29177513940438,6.2630565140822005,6.255758518357606,6.24978680290602
2024-10-20,6.13,Baruria,6.24,6.163857549272084,6.177481841265855,6.147777698352353,6.159068187858941,6.153412639850001
2024-10-21,5.95,Baruria,6.13,5.998512276364709,6.0016449085101655,5.98935734938884,5.99865185914836,5.988530080965931
2024-10-22,5.8,Baruria,5.95,5.847059785493885,5.826340601441513,5.814757868618926,5.873135912147011,5.868057055024486
2024-10-23,5.68,Baruria,5.8,5.606832807343348,5.683736491538672,5.669105368928048,5.6285794474711155,5.616592230984014
2024-10-24,5.59,Baruria,5.68,5.584644813961189,5.620838773618992,5.582272925336418,5.573360254456634,5.570280737196704
2024-10-25,5.59,Baruria,5.59,5.540498761873097,5.586917168693762,5.530567322427277,5.528744802356113,5.526586936857154
2024-10-26,5.51,Baruria,5.59,5.50645656337335,5.533768535890012,5.507074773734417,5.516615805299867,5.510386725294745
2024-10-27,5.35,Baruria,5.51,5.388402426700712,5.378959324464238,5.3991428185471735,5.414023519506607,5.407666510518557
2024-10-28,5.22,Baruria,5.35,5.223072724878506,5.20759846681803,5.245157133914666,5.248315992921665,5.241475633830059
2024-10-29,5.12,Baruria,5.22,5.125632143953799,5.101867018319841,5.129475888944834,5.123233432661526,5.118970155547641
2024-10-30,5.05,Baruria,5.12,5.027320922010624,5.061053396011154,5.046500322795474,5.026908108433024,5.020640245721199
2024-10-31,4.98,Baruria,5.05,4.967541208946372,5.0225014141648145,4.983632011015733,4.966172403173296,4.958282897013002
2024-11-01,4.92,Baruria,4.98,4.911807820841799,4.941892550200568,4.918788254877481,4.920459259238382,4.914169516744848
2024-11-02,4.85,Baruria,4.92,4.867959465508456,4.8503290157158485,4.875162587036814,4.873951737227173,4.871684763382063
2024-11-03,4.82,Baruria,4.85,4.81442763886921,4.775308156581242,4.819927688399547,4.817634079957721,4.816045172048826
2024-11-04,4.78,Baruria,4.82,4.763072074717978,4.753185507692742,4.787228970933552,4.773891644587987,4.769241218675089
2024-11-05,4.72,Baruria,4.78,4.728233411396873,4.720332058829808,4.735768877123679,4.729814865161527,4.724728692805553
2024-11-06,4.66,Baruria,4.72,4.662801614999645,4.634675293898209,4.6513017093143665,4.667656416803084,4.66565328661915
2024-11-07,4.59,Baruria,4.66,4.601677699830221,4.55953939068984,4.5873645091216835,4.604020858535553,4.6006176894661985
2024-11-08,4.51,Baruria,4.59,4.510682097780046,4.496960430479793,4.518465752726029,4.518336257308242,4.510785066383584
2024-11-09,4.42,Baruria,4.51,4.429192011425454,4.422358812558444,4.435100540645778,4.442249150872741,4.4358920360679415
2024-11-10,4.32,Baruria,4.42,4.342936192634982,4.326242930456707,4.344472759350193,4.3523876840819105,4.345962091961408
2024-11-11,4.23,Baruria,4.32,4.252187419940814,4.2317373351657155,4.253259308805325,4.258295627593827,4.251051315656162
2024-11-12,4.16,Baruria,4.23,4.167908334122654,4.158965178302281,4.1691506720466025,4.175420233030553,4.169988218571994
2024-11-13,4.08,Baruria,4.16,4.10698118986882,4.099571925064151,4.107073128849373,4.106720138044621,4.1019857699580236
2024-11-14,4.04,Baruria,4.08,4.041747292116801,4.031169447946107,4.04176062923733,4.027904976882501,4.0224532440794825
2024-11-15,4.01,Baruria,4.04,4.016758127168242,4.015534853433653,4.0085154250773,4.000918246365994,3.9971517303278667
2024-11-16,3.98,Baruria,4.01,3.979358987796753,3.983406728079588,3.9742746071352033,3.975534599284971,3.972696791770836
2024-11-17,3.91,Baruria,3.98,3.918667541213546,3.9385024672806828,3.929816043023397,3.92949475908062,3.923196441960828
2024-11-18,3.86,Baruria,3.91,3.8637186776725962,3.8681449515087887,3.8650251588320805,3.867622045021953,3.859625404605065
2024-11-19,3.8,Baruria,3.86,3.811908466160383,3.813366097886471,3.8114697697639204,3.815123039327039,3.81036066102596
2024-11-20,3.73,Baruria,3.8,3.7405480729865976,3.7250917890800346,3.737795896710228,3.738619145831287,3.7370851932450377
2024-11-21,3.64,Baruria,3.73,3.6414813909471455,3.6367170727681994,3.661145452666704,3.6619241598742676,3.6527021380587925
2024-11-22,3.55,Baruria,3.64,3.5628228915368263,3.5577216523515625,3.577115588673175,3.573862075714782,3.5636323418949094
2024-11-23,3.51,Baruria,3.55,3.4847900016881157,3.4759617190007277,3.4911117981843702,3.4929821422230227,3.4845015593022404
2024-11-24,3.42,Baruria,3.51,3.452976715891164,3.4286285435430757,3.451064000237395,3.4529315843670094,3.444464159152107
2024-11-25,3.34,Baruria,3.42,3.3536332971993383,3.3422662233497356,3.3653523559213405,3.3690598678450585,3.3599536876170517
2024-11-26,3.28,Baruria,3.34,3.2748483867223017,3.26833130300264,3.2922874418217756,3.2848942821437395,3.2758687828518505
2024-11-27,3.25,Baruria,3.28,3.2559432515351805,3.2250811614653494,3.2496010117055296,3.256526159071171,3.254124839151045
2024-11-28,3.22,Baruria,3.25,3.227133373966722,3.2092620849728397,3.228976922952532,3.228344041419637,3.2252392161754613
2024-11-29,3.19,Baruria,3.22,3.1911390479577153,3.1880519832679464,3.2031665764354145,3.193933116978363,3.191152367244293
2024-11-30,3.16,Baruria,3.19,3.1796114132954596,3.16630815574707,3.182253996632758,3.1728853837058697,3.1692053359995422
2024-12-01,3.18,Baruria,3.16,3.165229402491703,3.153536894206107,3.16729573789426,3.1580029489579733,3.1551941209224146
2024-12-02,3.2,Baruria,3.18,3.2064313211282656,3.175061629459437,3.1933101376115793,3.198339477048085,3.202118914005426
2024-12-03,3.18,Baruria,3.2,3.1869197251601395,3.180116988944865,3.1965923610314815,3.1874467778328,3.1851480381458868
2024-12-04,3.15,Baruria,3.18,3.1478473302198537,3.1591272172165663,3.1642220436697794,3.149920682810201,3.142788012749266
2024-12-05,3.08,Baruria,3.15,3.0896276247186703,3.121395391893326,3.114247730547722,3.10518322303802,3.099638633433678
2024-12-06,3.02,Baruria,3.08,3.02037943251769,3.0401442002995913,3.038572800726284,3.0358042337962217,3.0308527297359436
2024-12-07,2.96,Baruria,3.02,2.976898389682715,2.9570772830092023,2.9787796906894464,2.9761650168771503,2.972350921464354
2024-12-08,2.9,Baruria,2.96,2.912936685213236,2.888891432700124,2.9240130220545217,2.919706646298239,2.914092914987774
2024-12-09,2.86,Baruria,2.9,2.8721597372115992,2.8405249072570116,2.871023791217952,2.8703660551082426,2.8655413594141486
2024-12-10,2.83,Baruria,2.86,2.8308654885326647,2.8163710880615156,2.8306369841550048,2.8415841364670236,2.8358476052503434
2024-12-11,2.79,Baruria,2.83,2.800249009909194,2.7836412301133713,2.7962922316120156,2.8029252050496933,2.7968934234131084
2024-12-12,2.73,Baruria,2.79,2.757715194342513,2.7533662622643846,2.763360469245935,2.7539373387915256,2.7483568235327667
2024-12-13,2.76,Baruria,2.73,2.74307438772282,2.716004438050532,2.7226070811113536,2.7261793572753645,2.729232935553617
2024-12-14,2.8,Baruria,2.76,2.772940499244824,2.7612376601444617,2.764761841077141,2.7651995288672953,2.7656880167210676
2024-12-15,2.75,Baruria,2.8,2.7926645018090883,2.7938100627516538,2.796547012482094,2.789957416431554,2.788433225006937
2024-12-16,2.73,Baruria,2.75,2.7178667111873103,2.7366295624349406,2.7378585309509247,2.7312193405893743,2.723683292302033
2024-12-17,2.71,Baruria,2.73,2.7054348319744173,2.7255829807869687,2.7227358009010274,2.7122947072276005,2.70788164476754
2024-12-18,2.74,Baruria,2.71,2.7275258917964478,2.7129252573525835,2.7120639898773775,2.713003209387441,2.7164796283681873
2024-12-19,2.73,Baruria,2.74,2.7370460237045457,2.7252038807680123,2.732395257658999,2.7337627936715982,2.7335471061731202
2024-12-20,2.68,Baruria,2.73,2.6863309171682803,2.6874547105747193,2.7018738193495704,2.699982688390739,2.6925941373791638
2024-12-21,2.59,Baruria,2.68,2.6438437488862894,2.6209770778476504,2.6374618193787662,2.649000029369564,2.642073555391455
2024-12-22,2.52,Baruria,2.59,2.484365695008936,2.5208277474117624,2.5337058281893077,2.519488473362104,2.5067717006810697
2024-12-23,2.43,Baruria,2.52,2.4445793963162648,2.4538888230670506,2.4653330382927745,2.4628462336162262,2.454104850566894
2024-12-24,2.39,Baruria,2.43,2.3992398870764764,2.3777057655726117,2.3891588728748467,2.3982050289843513,2.3919220362117897
2024-12-25,2.36,Baruria,2.39,2.3768280960655805,2.3504459445720944,2.3650382298329364,2.3656571940778215,2.3615826944819407
2024-12-26,2.33,Baruria,2.36,2.3449165857966427,2.326205805346711,2.3393293723137827,2.3401186494872452,2.33604080929122
2024-12-27,2.28,Baruria,2.33,2.2948652099568148,2.2967357373719532,2.3089249606393505,2.3041791656446367,2.2965318926761173
2024-12-28,2.25,Baruria,2.28,2.2644843941680564,2.248781900279652,2.2629485296353735,2.2681613605227464,2.2646968398550693
2024-12-29,2.25,Baruria,2.25,2.25080800862199,2.2351334989676244,2.2486322334802558,2.251819837239123,2.2487674298839386
2024-12-30,2.24,Baruria,2.25,2.2553402705190235,2.246210041748029,2.2528541203068166,2.2600426895844925,2.2598011255535684
2024-12-31,2.22,Baruria,2.24,2.219759877699337,2.2275908193676526,2.233178966469867,2.2227475213922507,2.217989299868062
2025-01-01,2.16,Baruria,2.22,2.1825535351753254,2.1981036929803266,2.196991150402051,2.184181833599521,2.178786191480849
2025-01-02,2.15,Baruria,2.16,2.141304032392647,2.139782855205608,2.1411316026733966,2.13891404937106,2.135871074451698
2025-01-03,2.15,Baruria,2.15,2.157413330493088,2.1407401496629315,2.1439721950479034,2.152087270863691,2.151402066633514
2025-01-04,2.18,Baruria,2.15,2.1622918069407735,2.1432704081618734,2.1506818069182274,2.1599815916861687,2.158453504990813
2025-01-05,2.19,Baruria,2.18,2.187950422512162,2.165076391748586,2.1792679623077444,2.180187946045437,2.1776193111934634
2025-01-06,2.17,Baruria,2.19,2.1814667343584744,2.164112847597807,2.180333023073264,2.180482507774099,2.176827056824673
2025-01-07,2.16,Baruria,2.17,2.158430087149656,2.1441073728819524,2.1531301335148885,2.158734668308844,2.157170201467449
2025-01-08,2.13,Baruria,2.16,2.132946108912754,2.1295375420374816,2.1324955287585365,2.1362038252007096,2.131862642238376
2025-01-09,2.08,Baruria,2.13,2.07373528804465,2.086451669252336,2.0912453476280413,2.087868695195743,2.0800081195087263
2025-01-10,1.98,Baruria,2.08,2.0261940279805724,2.027317678300444,2.043160989042406,2.0366575591604636,2.0289071066195916
2025-01-11,1.97,Baruria,1.98,1.963531102299319,1.9410305639087018,1.9549845655613918,1.9588855590781211,1.956364445054663
2025-01-12,1.96,Baruria,1.97,1.9806928631667937,1.9637570984318993,1.970840665833989,1.9712646748574982,1.9706629452991447
2025-01-13,2.01,Baruria,1.96,2.009179475871382,1.9807165549576304,1.9940551992421593,2.006219669195905,2.0099684010810086
2025-01-14,2.05,Baruria,2.01,2.0322482849857266,2.024333115200216,2.041704323121467,2.0262801260772405,2.0261777331917195
2025-01-15,1.99,Baruria,2.05,2.037604734086802,2.0424307513729087,2.056457758777846,2.040073151768594,2.036329241918153
2025-01-16,1.96,Baruria,1.99,1.9633030276340533,1.9763330532727386,1.9810283051563957,1.9699057626632752,1.9638524286697656
2025-01-17,1.99,Baruria,1.96,1.9543938464117767,1.956771901809602,1.9444570309077207,1.9564776460237923,1.9549695552250317
2025-01-18,1.99,Baruria,1.99,2.007679213309974,1.9809856961333114,1.9833252265786758,2.002582655035666,2.003078189244255
2025-01-19,1.93,Baruria,1.99,1.9636780005374184,1.9505885213689236,1.9744325937432974,1.9643774783794903,1.9614051634631633
2025-01-20,1.9,Baruria,1.93,1.890072916137804,1.8719527447234106,1.9051090177701582,1.8929488247213364,1.8875956992529286
2025-01-21,1.88,Baruria,1.9,1.903590533912842,1.856141778824683,1.8816273899314708,1.8851966956371287,1.8845907958579529
2025-01-22,1.87,Baruria,1.88,1.8819093257641508,1.852426788635657,1.866007523432815,1.8669998581816067,1.8664346171880952
2025-01-23,1.83,Baruria,1.87,1.8502548999109767,1.8401838672850577,1.8521847146176944,1.8485731476964709,1.8449020154851166
2025-01-24,1.77,Baruria,1.83,1.7906039535351919,1.7841733634739805,1.803942398495213,1.7968502519132763,1.7909667555403137
2025-01-25,1.73,Baruria,1.77,1.7497556263621747,1.722814442202596,1.7517739118716882,1.7478820112230924,1.745062849574623
2025-01-26,1.71,Baruria,1.73,1.7171428243761568,1.6980416210324716,1.721076474329351,1.7130584140433147,1.7104445568414388
2025-01-27,1.7,Baruria,1.71,1.7193404312547107,1.6933595537725747,1.7157022831176223,1.7097240211218994,1.709232646292252
2025-01-28,1.73,Baruria,1.7,1.7176056639361146,1.696989628015243,1.7223439068728907,1.7131278506936087,1.713151390584022
2025-01-29,1.8,Baruria,1.73,1.7720861512938253,1.7504822454456237,1.7736277694036005,1.7741836924515446,1.7752855033030668
2025-01-30,1.86,Baruria,1.8,1.8392832078623491,1.8381147088543968,1.8534689649290865,1.8503849756103887,1.8507500347288905
2025-01-31,1.94,Baruria,1.86,1.889662076063487,1.9005321029461906,1.9141955096823582,1.9035636062888905,1.9031048108757396
2025-02-01,1.97,Baruria,1.94,1.9749100300117106,1.9700285075677837,1.9795060759703127,1.9902948613710958,1.9922933581690838
2025-02-02,1.94,Baruria,1.97,1.9614388883118563,1.970018468158477,1.972387640602615,1.9760764188414377,1.9720391164356927
2025-02-03,1.92,Baruria,1.94,1.9023817607556472,1.9004419963929797,1.9134218494668207,1.9111352813083586,1.907026265936168
2025-02-04,1.84,Baruria,1.92,1.8768661244250011,1.861564015611932,1.879623615709831,1.8810123105191012,1.8754505959480572
2025-02-05,1.76,Baruria,1.84,1.7848503323988751,1.7859694688067531,1.8027551514438827,1.7934865936762943,1.7860760141324128
2025-02-06,1.71,Baruria,1.76,1.7220768340234793,1.7116889804398063,1.7309816180384539,1.7251558013358075,1.7203185637546323
2025-02-07,1.65,Baruria,1.71,1.670443136574896,1.6660987088048502,1.6831531026737163,1.6691770265191483,1.664606802764937
2025-02-08,1.56,Baruria,1.65,1.6266848018102968,1.5950024077818654,1.6246809551844583,1.6142225721814236,1.6108488548629485
2025-02-09,1.53,Baruria,1.56,1.524391700043614,1.5076111012130127,1.5389330061818514,1.521410653342641,1.5189482437640214
2025-02-10,1.58,Baruria,1.53,1.5237037549012886,1.4994205529454083,1.5269997478533799,1.5299114863387182,1.5258973660413384
2025-02-11,1.63,Baruria,1.58,1.6310125086390475,1.5811968404652958,1.6124918833747728,1.630162968596747,1.6361695818925035
2025-02-12,1.69,Baruria,1.63,1.6767222754144735,1.655992042155195,1.6834389372575274,1.6805132914316034,1.6838225143075078
2025-02-13,1.76,Baruria,1.69,1.714457728986013,1.7210208965259772,1.7430246577373605,1.7282456484106337,1.7281252445599549
2025-02-14,1.77,Baruria,1.76,1.76668159653756,1.7913116128715583,1.8048043458613734,1.7940888576425789,1.7912825401528123
2025-02-15,1.74,Baruria,1.77,1.7413405956485017,1.7847951597080425,1.7888274609712627,1.764130760582385,1.7588150734275294
2025-02-16,1.73,Baruria,1.74,1.7017613814358097,1.730777953564686,1.7306447690887226,1.7279989118604318,1.722781389257797
2025-02-17,1.67,Baruria,1.73,1.6982699465080844,1.6962687012624567,1.7062494421950527,1.7050551141098975,1.7038348253593052
2025-02-18,1.63,Baruria,1.67,1.6250023179090318,1.6203513612947507,1.6400078497927641,1.6420618899769828,1.6376213472535481
2025-02-19,1.58,Baruria,1.63,1.6022216789428079,1.5764196427567239,1.6042789764279555,1.6093480450673112,1.6032549209395839
2025-02-20,1.56,Baruria,1.58,1.5456407388216746,1.5328715190643702,1.5575392590563812,1.5465660818949942,1.541119561868003
2025-02-21,1.48,Baruria,1.56,1.5371113230332814,1.5082093422879748,1.537131576603513,1.5318748176699042,1.5257020638347676
2025-02-22,1.46,Baruria,1.48,1.4705563293331088,1.421364205830253,1.465311127780162,1.4698557352070527,1.4661605838941778
2025-02-23,1.42,Baruria,1.46,1.4643200846284785,1.4077315120024947,1.4566376409788717,1.4589674773196328,1.4568729084523133
2025-02-24,1.42,Baruria,1.42,1.4197373302008072,1.3768939277623689,1.4307174793213324,1.4241012394584802,1.4213601523581163
2025-02-25,1.45,Baruria,1.42,1.441996754097965,1.403971968220759,1.4585581400221976,1.4415534583426852,1.4436316017614157
2025-02-26,1.51,Baruria,1.45,1.5047720474917654,1.4517291746175272,1.5079821933524638,1.499620503357928,1.50461371829993
2025-02-27,1.61,Baruria,1.51,1.5695366018901182,1.5263473431327814,1.579641039643853,1.5726419051189637,1.5786963458516103
2025-02-28,1.74,Baruria,1.61,1.6926691251720634,1.6573688686050039,1.6966121210354244,1.7024920595369621,1.7096707130477924
2025-03-01,1.82,Baruria,1.74,1.7925519978631126,1.8160252313940821,1.8312635478707078,1.8165161881608265,1.8184540901237345
2025-03-02,1.9,Baruria,1.82,1.8873762636007159,1.9077065125714494,1.9083661759337929,1.9044703587643728,1.9089127905770233
2025-03-03,1.9,Baruria,1.9,1.9464979200846382,1.955597704800924,1.9609508372081352,1.9614202940926553,1.963381963191787
2025-03-04,1.84,Baruria,1.9,1.855711975951486,1.8780100811504632,1.891082099747341,1.8743964672822468,1.8712257659062808
2025-03-05,1.7,Baruria,1.84,1.783060904167894,1.751722475718311,1.7906885732606508,1.784282175604955,1.7806676106870032
2025-03-06,1.63,Baruria,1.7,1.6363116478435484,1.6040530250332132,1.647737446414072,1.6467008325589612,1.6370133159156872
2025-03-07,1.52,Baruria,1.63,1.5269004662996368,1.5505895326394779,1.5759796428271862,1.5673654376353163,1.5509349913731765
2025-03-08,1.47,Baruria,1.52,1.4918076177118014,1.4525219221717973,1.4835663790881128,1.4890109900768282,1.4801328674989962
2025-03-09,1.46,Baruria,1.47,1.4753204781647715,1.4169991785525167,1.4593249223874591,1.4618506255619923,1.4573432560907065
2025-03-10,1.44,Baruria,1.46,1.4520015094328662,1.423615672347213,1.4694543597227856,1.4589602913213984,1.4536751604881832
2025-03-11,1.46,Baruria,1.44,1.4525490223324904,1.4254072254363308,1.4711590927695077,1.4554923147259888,1.4546579986472388
2025-03-12,1.54,Baruria,1.46,1.5158357768002586,1.4733616567086962,1.5270831278451282,1.5173689158906107,1.523339948737416
2025-03-13,1.58,Baruria,1.54,1.630087380900435,1.5933054017214818,1.6438041616813297,1.6446686984171075,1.654053894867199
2025-03-14,1.79,Baruria,1.58,1.6874046432898286,1.6580960721559466,1.7073806265273765,1.6990315460732548,1.7080916457081203
2025-03-15,1.87,Baruria,1.79,1.8632327735964753,1.8525028393566367,1.902241236570316,1.8646260182262617,1.867209763189912
2025-03-16,1.89,Baruria,1.87,1.8766940070267777,1.894507917983255,1.9327176629740956,1.894788017959689,1.887829706583368
2025-03-17,1.86,Baruria,1.89,1.8733658916883422,1.890166066046891,1.909761427373504,1.894483103057705,1.8875707152841006
2025-03-18,1.85,Baruria,1.86,1.8555775718297245,1.8464994006751938,1.8628156787940844,1.867968042021632,1.8670291573088311
2025-03-19,1.82,Baruria,1.85,1.8421807075368153,1.821996551602453,1.8437793294905285,1.847751032882942,1.848466515232112
2025-03-20,1.75,Baruria,1.82,1.7825344840473996,1.7725690219317023,1.7967123197929578,1.786259522092956,1.7840580861129711
2025-03-21,1.69,Baruria,1.75,1.703269085304167,1.6831490356075587,1.7145585898057947,1.7060852986999986,1.6998596343208325
2025-03-22,1.56,Baruria,1.69,1.6321032845307526,1.6153382467020319,1.649362195425729,1.645821934683604,1.6344467640207572
2025-03-23,1.54,Baruria,1.56,1.4993931175958286,1.4874626290053563,1.5246016606929782,1.5109109116021535,1.5024476271181586
2025-03-24,1.5,Baruria,1.54,1.5144022148276444,1.4797447533089476,1.5217535924533863,1.5227031741989239,1.5160751841230873
2025-03-25,1.48,Baruria,1.5,1.5046082918764747,1.4590854082942266,1.5066076800811992,1.5100577502571948,1.5067867935808188
2025-03-26,1.6,Baruria,1.48,1.5686641446853886,1.4718164066363635,1.5766868541310435,1.5593051690503872,1.5656266426917067
2025-03-27,1.86,Baruria,1.6,1.7686618282202746,1.6501375552294248,1.8064483498438264,1.7518619217403382,1.7655295845650194
2025-03-28,2.09,Baruria,1.86,2.0281483470778743,1.9811910439257057,2.1102383746077877,2.040741856243217,2.051359137843295
2025-03-29,2.29,Baruria,2.09,2.1847695331466235,2.240979843709655,2.2962876887907284,2.2194755657533256,2.2194783967850977
2025-03-30,2.34,Baruria,2.29,2.3305157288093747,2.3936549080209626,2.3737204163661567,2.3600338904045297,2.3590732789973696
2025-03-31,2.35,Baruria,2.34,2.335668089318994,2.3655818370136283,2.329305188647528,2.367231602564781,2.3638541309200107
2025-04-01,2.33,Baruria,2.35,2.2878431342301075,2.3350627732627953,2.3047020118206,2.3138868503235464,2.310750599672609
2025-04-02,2.28,Baruria,2.33,2.307303396477377,2.3010891703579515,2.294463040748767,2.3206659376430863,2.3190210387951438
2025-04-03,2.16,Baruria,2.28,2.1963279038855297,2.2136572370353638,2.224869507146327,2.228890592267584,2.2211136577836723
2025-04-04,2.05,Baruria,2.16,2.0736512393818476,2.055707065305905,2.1002692990880782,2.0951710670918575,2.0871636741318054
2025-04-05,1.96,Baruria,2.05,2.0010917364474654,1.9508489163547742,2.0016879517622077,2.001412328614969,1.9891591078967925
2025-04-06,1.91,Baruria,1.96,1.9497011249254714,1.8927115978311633,1.9356049401180604,1.9376728470671274,1.9307424799866555
2025-04-07,1.89,Baruria,1.91,1.9190792698425478,1.8715579693421684,1.9253534957248561,1.9120353122367482,1.907772058974999
2025-04-08,1.93,Baruria,1.89,1.93688334322696,1.892971200904359,1.9713362799588883,1.9249087223622972,1.9268445374800933
2025-04-09,1.99,Baruria,1.93,1.980145995564965,1.9651713690798935,2.046055694535588,1.981534868899824,1.9845705155754827
2025-04-10,2.05,Baruria,1.99,2.0345326099053898,2.0165848657594307,2.0911539690019616,2.0521631623808414,2.0563833703422447
2025-04-11,2.08,Baruria,2.05,2.103545655529196,2.0675465574365304,2.137500891541952,2.1200187429967854,2.122889464724679
2025-04-12,2.17,Baruria,2.08,2.1557344960628946,2.1155675955684075,2.18009879211315,2.1562269823060025,2.159932816774008
2025-04-13,2.22,Baruria,2.17,2.234970440836139,2.210930993935196,2.2600815955750284,2.2468743310270747,2.251550208470713
2025-04-14,2.24,Baruria,2.22,2.21480074868884,2.2280911255514355,2.272757200694332,2.2287467171372293,2.2238151027231203
2025-04-15,2.25,Baruria,2.24,2.2508843518753263,2.2211480439511315,2.2678787830198726,2.250042618895433,2.2500357824394186
2025-04-16,2.25,Baruria,2.25,2.263320594856402,2.233980473025308,2.275568006677498,2.28487822458681,2.2832608086042927
2025-04-17,2.25,Baruria,2.25,2.270235891723215,2.23956435078481,2.2812430297391053,2.284571099272298,2.285794840511239
2025-04-18,2.23,Baruria,2.25,2.2465552797662682,2.233084325269778,2.2682702284410214,2.249446703605615,2.2469038581173697
2025-04-19,2.2,Baruria,2.23,2.235980511860248,2.1840407317170727,2.235186528368679,2.234280300917075,2.2331701765117717
2025-04-20,2.18,Baruria,2.2,2.198295642065446,2.1434927791708094,2.216298254351543,2.1964129889530177,2.1931513385129793
2025-04-21,2.17,Baruria,2.18,2.1916650649284843,2.1296647320078326,2.2124373426456283,2.179498675242814,2.1777909784897225
2025-04-22,2.18,Baruria,2.17,2.1735665972469307,2.128785356222394,2.2173793132387676,2.1790885455757425,2.1735904225354816
2025-04-23,2.22,Baruria,2.18,2.21912589272997,2.170483727919303,2.2613109810818224,2.2228682028851185,2.2267863178991494
2025-04-24,2.31,Baruria,2.22,2.2988460631878453,2.2496466400654827,2.3435902323321725,2.2944970727086416,2.302016173402441
2025-04-25,2.43,Baruria,2.31,2.3848148996005354,2.3751638947326716,2.450173438085079,2.3945568093154894,2.4022797946032437
2025-04-26,2.54,Baruria,2.43,2.5466699326801465,2.520519052433133,2.5806479989081574,2.552653042855768,2.56222483066713
2025-04-27,2.65,Baruria,2.54,2.633322466360863,2.629066861501626,2.678688135183917,2.652933760370692,2.6586412904250363
2025-04-28,2.71,Baruria,2.65,2.6995627592703264,2.696170285732361,2.764082819269023,2.7197195886326377,2.721569681773671
2025-04-29,2.71,Baruria,2.71,2.79917058228216,2.703742646205517,2.8540919399373976,2.80053701005624,2.81445779695825
2025-04-30,2.98,Baruria,2.71,2.920345981771026,2.707383248983094,3.0066153795524677,2.923196745505043,2.943286302068033
2025-05-01,3.41,Baruria,2.98,3.332395553796705,3.041254411590026,3.4131192871059337,3.3163306891839692,3.3472676978628377
2025-05-02,3.73,Baruria,3.41,3.7058533992382645,3.4835593246585663,3.8094290792117538,3.703355779528824,3.726402293267919
2025-05-03,3.9,Baruria,3.73,3.8987658333635,3.7264226969894367,3.9460173829502523,3.902692733319732,3.9120970149484773
2025-05-04,3.86,Baruria,3.9,3.8622858989509306,3.829142907076953,3.885287958248378,3.8581441760975124,3.8503169517688662
2025-05-05,3.71,Baruria,3.86,3.7164373714475927,3.760188602479616,3.7296926102649777,3.7526821425508454,3.7375809507063056
2025-05-06,3.53,Baruria,3.71,3.536610331304695,3.615253602811824,3.5629173072103306,3.6011671623876946,3.5830599421496565
2025-05-07,3.34,Baruria,3.53,3.3982753912907433,3.4440388130779063,3.3959088530351913,3.433183133275939,3.4186539174009263
2025-05-08,3.21,Baruria,3.34,3.247621538002734,3.2658355663514613,3.2292398507734212,3.254920637842267,3.2447921585104886
2025-05-09,3.1,Baruria,3.21,3.091165568527042,3.1557362434827714,3.11098150300946,3.1327525103018155,3.1199159964258243
2025-05-10,3.02,Baruria,3.1,3.0279253641292105,3.0711651077546205,3.0325597108949194,3.0467364303549207,3.0379847067538743
2025-05-11,2.97,Baruria,3.02,2.992968644278808,3.0073681397237593,2.9876177980556275,2.988858011146405,2.985967209388926
2025-05-12,2.98,Baruria,2.97,2.9824169931474462,2.962535893759263,2.975497497997093,2.9816346470974664,2.986789353580594
2025-05-13,2.99,Baruria,2.98,2.984519754782853,2.9719855560143524,3.0124392204592887,3.0007232977397997,3.001825788594052
2025-05-14,3.0,Baruria,2.99,3.0007616911738126,2.982406412219083,3.0449826041684873,3.008641175351016,3.0106617566254115
2025-05-15,3.06,Baruria,3.0,3.0544141929306763,3.0025336633826654,3.116953128138116,3.0694327974813853,3.0731148995071833
2025-05-16,3.16,Baruria,3.06,3.1290207290293677,3.0614446741387344,3.227901111431874,3.1364512080020206,3.1428475391887347
2025-05-17,3.33,Baruria,3.16,3.292932785722936,3.1580933960429896,3.3407830137553725,3.286716402636522,3.3065059843218676
2025-05-18,3.45,Baruria,3.33,3.435122711157828,3.3208885585239885,3.4846378385978647,3.430342118600129,3.4406307541870604
2025-05-19,3.55,Baruria,3.45,3.5213339496325156,3.4197542261215923,3.57165826131144,3.5656509506659453,3.5681485868145444
2025-05-20,3.61,Baruria,3.55,3.646026618164509,3.509319615458884,3.70566598537817,3.6758714610814445,3.681164352532548
2025-05-21,3.91,Baruria,3.61,3.843655327391898,3.598372946537923,3.8789821988298883,3.827223527383861,3.852439034727812
2025-05-22,4.24,Baruria,3.91,4.165778924549148,3.998888610582,4.207493852874804,4.141377714814639,4.16729023189534
2025-05-23,4.46,Baruria,4.24,4.388089534630176,4.381708613635421,4.420266034741311,4.382137164539408,4.391699584966228
2025-05-24,4.59,Baruria,4.46,4.553986471612959,4.596481800408757,4.537529954271159,4.553302352177439,4.55779255244715
2025-05-25,4.7,Baruria,4.59,4.662522454434062,4.7198420351836115,4.632047855051216,4.695544201931602,4.691749817924464
2025-05-26,4.7,Baruria,4.7,4.75546011250393,4.834155195354884,4.714293502655997,4.789178132152376,4.78121340242481
2025-05-27,4.66,Baruria,4.7,4.709657068938945,4.8205992195091545,4.67361071632192,4.7110045608181395,4.700524284155789
2025-05-28,4.61,Baruria,4.66,4.6382030629482776,4.747023897382278,4.606329280455211,4.610662767850939,4.602305586343889
2025-05-29,4.68,Baruria,4.61,4.674276206050592,4.7647263777287945,4.630065596757784,4.654510411212057,4.658554673671251
2025-05-30,4.77,Baruria,4.68,4.792544483174854,4.89799818233026,4.739005717155027,4.76941272268592,4.772501825902697
2025-05-31,4.64,Baruria,4.77,4.723354045481082,4.875724354083351,4.734149865665072,4.711872259808486,4.698060885692626
2025-06-01,4.58,Baruria,4.64,4.571274550893107,4.497271059381284,4.573527486616553,4.5484314724053405,4.530340202741535
2025-06-02,4.62,Baruria,4.58,4.6008742756145935,4.434572544875287,4.64987297781981,4.615754765452409,4.61326979782405
2025-06-03,4.94,Baruria,4.62,4.833621688366687,4.602087703207857,4.900252432234756,4.8249843941712145,4.842936577256282
2025-06-04,5.47,Baruria,4.94,5.34076924434652,5.13363777148011,5.3488648942323875,5.333756524195768,5.361520619321422
2025-06-05,6.01,Baruria,5.47,5.943385877523248,5.718145124980457,5.933514826264266,5.892547742628231,5.910973915371116
2025-06-06,6.31,Baruria,6.01,6.305236016656383,6.227115982870518,6.364780245694192,6.299951082188027,6.308751712209886
2025-06-07,6.42,Baruria,6.31,6.383086844329098,6.430135266830402,6.4467338836655825,6.415794789876302,6.416212901350627
2025-06-08,6.33,Baruria,6.42,6.336866989147559,6.43399180131734,6.357743836603286,6.381616931823757,6.3635049116684925
2025-06-09,6.11,Baruria,6.33,6.14535926941242,6.247447548802261,6.156523046359052,6.1904614309637624,6.170665375374878
2025-06-10,5.83,Baruria,6.11,5.840110890453228,5.989835510164848,5.900704298083632,5.901932681382024,5.89142723594517
2025-06-11,5.61,Baruria,5.83,5.625369559911727,5.720428103502556,5.6418715063195295,5.653482646603089,5.644062135113274
2025-06-12,5.41,Baruria,5.61,5.444068368916765,5.524576065540697,5.458546967829935,5.474563623757546,5.463091831992551
2025-06-13,5.23,Baruria,5.41,5.263862384593959,5.32519544741481,5.288127152490737,5.288338275991301,5.2752685957711565
2025-06-14,5.09,Baruria,5.23,5.145036245943904,5.152152350647724,5.146873609151381,5.138400159320458,5.13132339519823
2025-06-15,4.99,Baruria,5.09,5.033731592292135,5.034453172005663,5.023519036888757,5.023338532592738,5.018287534765719
2025-06-16,4.91,Baruria,4.99,4.908377809237128,4.94666481020998,4.915143705206806,4.9166871223208455,4.9070696338158255
2025-06-17,4.89,Baruria,4.91,4.8799543864203,4.879999010190954,4.8470156837823355,4.866282645206483,4.863261927366263
2025-06-18,4.81,Baruria,4.89,4.823583056857373,4.85890138690726,4.807899967455119,4.830396107454262,4.819467931034744
2025-06-19,4.74,Baruria,4.81,4.781647214773158,4.78041503178444,4.774658923167742,4.779090453252956,4.773260642401624
2025-06-20,4.75,Baruria,4.74,4.734556556242574,4.716037736268681,4.745604278781287,4.726890816621437,4.724026371908537
2025-06-21,4.77,Baruria,4.75,4.773511414695127,4.758581903860831,4.814656617900415,4.770598195018219,4.766805677982859
2025-06-22,4.86,Baruria,4.77,4.843722058693233,4.814767108773118,4.90300219174684,4.83538018243764,4.843965485778797
2025-06-23,4.94,Baruria,4.86,4.952925316588537,4.9169505546193655,4.9974535208401045,4.931274760079576,4.940684020299735
2025-06-24,5.02,Baruria,4.94,5.030050325957642,5.027638477604462,5.077464664558307,5.023042479665154,5.025091093705142
2025-06-25,5.17,Baruria,5.02,5.164473239455695,5.181394945926705,5.219838931475194,5.159706796620023,5.169552746960515
2025-06-26,5.49,Baruria,5.17,5.436533410071904,5.367419356864443,5.456612990420726,5.421689340840501,5.440350655751796
2025-06-27,5.85,Baruria,5.49,5.7720564333294,5.6579825729833715,5.766082620802187,5.749264848801549,5.764382856836043
2025-06-28,6.05,Baruria,5.85,6.014954457391929,5.957515404946556,6.00439415129311,6.009663148974828,6.010556679500464
2025-06-29,6.14,Baruria,6.05,6.14278988779405,6.0946698484337105,6.115708283754723,6.17595331120593,6.168897627168323
2025-06-30,6.21,Baruria,6.14,6.19970832994671,6.123442632065256,6.164405645225767,6.22382496852055,6.222585408544639
2025-07-01,6.23,Baruria,6.21,6.243617117975381,6.1446421984382305,6.203799723934641,6.246980057513902,6.247217767039557
2025-07-02,6.17,Baruria,6.23,6.196987173819102,6.152325449505852,6.179474506448301,6.200037568687574,6.196130351064227
2025-07-03,6.08,Baruria,6.17,6.079748656094773,6.109237474741989,6.086077990345319,6.098278124013656,6.092972050570862
2025-07-04,5.94,Baruria,6.08,5.998770580017763,6.014231367503336,5.991034181118586,6.003314653986976,6.001015457206392
2025-07-05,5.8,Baruria,5.94,5.850517381694958,5.838532379504582,5.868055740569932,5.851335798757927,5.85017117265425
2025-07-06,5.73,Baruria,5.8,5.750901645347249,5.706123014056964,5.779477422525441,5.739682467140548,5.73751901590488
2025-07-07,5.74,Baruria,5.73,5.751774961171276,5.7041075862501565,5.784292214050146,5.733755534830938,5.733438881672057
2025-07-08,5.81,Baruria,5.74,5.7976173364058505,5.7944029053108155,5.842082849261337,5.801493205303707,5.798937168716591
2025-07-09,5.93,Baruria,5.81,5.909484391475292,5.901622356862078,5.929896065462024,5.910457913350673,5.914317726804136
2025-07-10,6.06,Baruria,5.93,6.055829013498539,6.007207697161211,6.050822444282787,6.055827548864354,6.060643262277492
2025-07-11,6.08,Baruria,6.06,6.130195361861539,6.092148527098494,6.146633667754571,6.130854022268178,6.128472090665677
2025-07-12,6.12,Baruria,6.08,6.117188528582341,6.064615191606394,6.126467324628833,6.111353465131401,6.11194202657567
2025-07-13,6.13,Baruria,6.12,6.136174194757784,6.091566260793523,6.1355574601150495,6.136336476533039,6.130573240464259
2025-07-14,6.19,Baruria,6.13,6.169516839268912,6.172724812513594,6.167821881811567,6.168540374083534,6.166492679434992
2025-07-15,6.23,Baruria,6.19,6.2489397468710886,6.246181858370356,6.222100874866389,6.241187862812976,6.240711187838255
2025-07-16,6.16,Baruria,6.23,6.202231682470542,6.181156363097664,6.2053610320726245,6.200494495827918,6.195676683426762
2025-07-17,6.16,Baruria,6.16,6.171444287994118,6.0438730194336685,6.166153640025148,6.177561430761543,6.178139031932222
2025-07-18,6.19,Baruria,6.16,6.2412526779031685,6.093579194579225,6.239948850613882,6.243240700460863,6.248848252766931
2025-07-19,6.24,Baruria,6.19,6.279636181517452,6.199827184663278,6.281171001580836,6.276139104544779,6.281231055189253
2025-07-20,6.31,Baruria,6.24,6.266104871985583,6.255817235902755,6.30827593416397,6.265400223376422,6.2631985107116535
2025-07-21,6.39,Baruria,6.31,6.379767940341974,6.305264831882286,6.381357814086445,6.372338665534335,6.372449861592949
2025-07-22,6.49,Baruria,6.39,6.52832097942109,6.408757527807879,6.508316665448439,6.544620987713894,6.545938468716886
2025-07-23,6.61,Baruria,6.49,6.588682047483555,6.5576446036704645,6.6159960681122625,6.5852688853777295,6.580935221042516
2025-07-24,6.72,Baruria,6.61,6.726253814650231,6.708691873404194,6.701619388788941,6.721949334990385,6.715937947797914
2025-07-25,6.82,Baruria,6.72,6.777721487871805,6.878027884655356,6.790446799511032,6.788612339493979,6.782735868659422
2025-07-26,6.86,Baruria,6.82,6.882898024143775,6.923023636507286,6.862859348104675,6.867145215360264,6.866726262556031
2025-07-27,6.81,Baruria,6.86,6.838695673992341,6.8511892819250475,6.847849544902417,6.852971423147896,6.846007138762904
2025-07-28,6.75,Baruria,6.81,6.7441305408372285,6.738444632743289,6.7699080251168295,6.7608372301839275,6.750196188386429
2025-07-29,6.65,Baruria,6.75,6.69098612036105,6.678244077040247,6.69044510754892,6.699580479322681,6.6912447820855485
2025-07-30,6.59,Baruria,6.65,6.621524204422909,6.569226631964365,6.592516213720013,6.629024418411048,6.624025678446867
2025-07-31,6.61,Baruria,6.59,6.631393442035266,6.502935114871868,6.581416793469714,6.614585441330167,6.6209279673008945
2025-08-01,6.62,Baruria,6.61,6.6519396092297365,6.520746009145463,6.624173257964121,6.626059807361194,6.627380900011335
2025-08-02,6.62,Baruria,6.62,6.618182576052373,6.541161439220971,6.6144870653433605,6.597917733050163,6.595190546541313
2025-08-03,6.63,Baruria,6.62,6.630490729643683,6.572356459496789,6.627821811836412,6.609329074827596,6.606567915503802
2025-08-04,6.69,Baruria,6.63,6.6854186842417915,6.603684918584072,6.682637522815956,6.692754691898249,6.691786407909269
2025-08-05,6.76,Baruria,6.69,6.746070513741572,6.687073136513734,6.781134253678219,6.765334143926004,6.763712250680615
2025-08-06,6.87,Baruria,6.76,6.86321032555865,6.788182592020051,6.892150408531645,6.860664061729225,6.860069225872014
2025-08-07,6.99,Baruria,6.87,6.9874402326412355,6.939659181145249,7.000061006470783,6.986270651725012,6.9851551523491535
2025-08-08,7.12,Baruria,6.99,7.100836218643177,7.087321667903839,7.097464012699439,7.096695869819999,7.095345422562223
2025-08-09,7.22,Baruria,7.12,7.223588628920228,7.20698500538942,7.211188223690786,7.213701982149003,7.212599801806202
2025-08-10,7.28,Baruria,7.22,7.2836469964689625,7.267483780392819,7.289143716525022,7.28554569371429,7.2827490662634204
2025-08-11,7.37,Baruria,7.28,7.37107093815946,7.281692448832346,7.362156118658095,7.372167986195232,7.372433981752803
2025-08-12,7.48,Baruria,7.37,7.458815626751109,7.371961062053486,7.465649829151833,7.461678470964887,7.459873445351705
2025-08-13,7.56,Baruria,7.48,7.570984566331907,7.50239961982613,7.567246181948055,7.573875205905593,7.575743860345625
2025-08-14,7.67,Baruria,7.56,7.6423640710185206,7.572947628720151,7.641068554904579,7.6335242941097805,7.633432342822297
2025-08-15,7.75,Baruria,7.67,7.743420545359789,7.633783690266578,7.73498948964481,7.739171862046168,7.738947129817505
2025-08-16,7.8,Baruria,7.75,7.80263931325747,7.686047859489078,7.806840212033564,7.810450858262317,7.810132110452169
2025-08-17,7.81,Baruria,7.8,7.814013102375253,7.729554083217316,7.822519024055448,7.820901923788483,7.818490889109973
2025-08-18,7.79,Baruria,7.81,7.768792354588737,7.754188678699022,7.772278423560786,7.7819822776165815,7.775884889160512
2025-08-19,7.72,Baruria,7.79,7.74076055307941,7.757384141658487,7.710165658488958,7.7485456804133355,7.7402969801580825
2025-08-20,7.62,Baruria,7.72,7.626987118527952,7.6821119850865385,7.59734616935567,7.622790645067738,7.617738445093036
2025-08-21,7.48,Baruria,7.62,7.504456741857196,7.563370975416553,7.472053755784631,7.49538798700523,7.490976871746863
2025-08-22,7.34,Baruria,7.48,7.375220174271618,7.411643585890829,7.337490984753917,7.355023703298003,7.352340114158043
2025-08-23,7.25,Baruria,7.34,7.2743124543705475,7.284867184381901,7.228145098419621,7.2647918020594835,7.261049920508
2025-08-24,7.16,Baruria,7.25,7.183879191739896,7.186726791908363,7.173101573743861,7.163614023005344,7.161497799000074
2025-08-25,7.09,Baruria,7.16,7.09715426817386,7.07987314282493,7.087989865305492,7.079592653841833,7.076428516140173
2025-08-26,7.04,Baruria,7.09,7.028980586504232,7.00473543771107,7.024084008136288,7.032928534762931,7.02831920738236
2025-08-27,7.02,Baruria,7.04,7.011063903244575,6.979219583037515,7.005683368096452,7.012799719392901,7.010763300733501
2025-08-28,7.03,Baruria,7.02,7.005765616313266,6.9616980385989145,6.997504997413743,7.00558055327497,7.003253057018539
2025-08-29,7.05,Baruria,7.03,7.029795226020012,6.951257383789791,7.022270816292114,7.031957779782656,7.028866976559054
2025-08-30,7.05,Baruria,7.05,7.057674306198503,6.9585468421541785,7.062409288599933,7.065424477514896,7.0616807975123175
2025-08-31,7.1,Baruria,7.05,7.074920592434371,6.973717885197487,7.087170736697704,7.089078245834526,7.087702943783099
2025-09-01,7.16,Baruria,7.1,7.147954406928921,7.033893845025985,7.151063092720278,7.149673907858021,7.146611999546329
2025-09-02,7.28,Baruria,7.16,7.253006869782442,7.139690870958809,7.241215848352996,7.257285565309933,7.256397304805453
2025-09-03,7.34,Baruria,7.28,7.353901791161787,7.2934094216963565,7.3622083279493085,7.3444000192173,7.343705779797792
2025-09-04,7.4,Baruria,7.34,7.409086170592006,7.355688707580686,7.40011035209952,7.3982533097469165,7.397459512376737
2025-09-05,7.4,Baruria,7.4,7.429043709079516,7.391175275083107,7.43028459277945,7.430350081205602,7.428353326047258
2025-09-06,7.39,Baruria,7.4,7.39038707497995,7.367216708333306,7.394899077690842,7.403683438495606,7.40074149602263
2025-09-07,7.36,Baruria,7.39,7.347231625358844,7.350824101549296,7.351467207192111,7.344487717286898,7.335888088786195
2025-09-08,7.32,Baruria,7.36,7.302762440706424,7.316661683411714,7.286980108088803,7.302555777042097,7.295346539020737
2025-09-09,7.24,Baruria,7.32,7.2528453141236175,7.281800449295138,7.240925750621796,7.257201161465666,7.250722444131905
2025-09-10,7.2,Baruria,7.24,7.193353243591524,7.209983102550566,7.175835282309208,7.1929197888499745,7.188150685113736
2025-09-11,7.2,Baruria,7.2,7.1821167866787965,7.1786771221954835,7.16707962620139,7.180711365540028,7.177240379642318
2025-09-12,7.2,Baruria,7.2,7.182991943224923,7.1596032763424695,7.1772947672841125,7.183187562087258,7.178546200853606
2025-09-13,7.2,Baruria,7.2,7.191340106663863,7.111310982127695,7.183637111544926,7.195153638208886,7.191702322084012
2025-09-14,7.23,Baruria,7.2,7.2161080017703405,7.0955034114271625,7.212432571537785,7.219924667926754,7.218741118838949
2025-09-15,7.25,Baruria,7.23,7.251679765381577,7.145788314386568,7.265621437213113,7.255728961328714,7.2549293318943056
2025-09-16,7.29,Baruria,7.25,7.275108070614863,7.179988780166383,7.2859460413733,7.2814164087514195,7.281058963234909
2025-09-17,7.35,Baruria,7.29,7.339869590230681,7.236425178187107,7.3448382579768,7.348791747010382,7.348543330911135
2025-09-18,7.4,Baruria,7.35,7.416242462955867,7.321798253612556,7.418306693879284,7.4289369336946445,7.428890700447828
2025-09-19,7.47,Baruria,7.4,7.471318840144295,7.395700515876132,7.465696428809175,7.4690518502378795,7.468445936581098
2025-09-20,7.49,Baruria,7.47,7.510250918334905,7.4727984778258,7.512827059250569,7.510070777471863,7.5074145254824565
2025-09-21,7.5,Baruria,7.49,7.511078408850533,7.477620672701778,7.499882990666953,7.517434938993271,7.516300293724228
2025-09-22,7.53,Baruria,7.5,7.529839680427849,7.494688703038945,7.502307023199914,7.5284413360944304,7.524133537883458
2025-09-23,7.51,Baruria,7.53,7.536918960072199,7.537386017363808,7.511102129889269,7.526940418238621,7.521120192043111
2025-09-24,7.49,Baruria,7.51,7.478188811064787,7.493143034701881,7.466012257386384,7.476663988410464,7.470824853542111
2025-09-25,7.43,Baruria,7.49,7.455124389225145,7.442001708838035,7.431509402025353,7.463923697119121,7.4594925881325365
2025-09-26,7.37,Baruria,7.43,7.364213030858516,7.359376154952045,7.3548205790117365,7.372126235623928,7.364316973255143
2025-09-27,7.29,Baruria,7.37,7.287930207098165,7.288784892129883,7.262967285736299,7.291630403450452,7.284312049276788
2025-09-28,7.15,Baruria,7.29,7.160362160130824,7.1400641822877695,7.140821590838406,7.161780804974057,7.145761886996549
2025-09-29,6.97,Baruria,7.15,6.988002349636211,6.9781732082893475,6.984339368960263,6.990970148435051,6.979985210869312
2025-09-30,6.79,Baruria,6.97,6.796808462882532,6.802583653953188,6.802224203122505,6.783508959831463,6.776909179460703
2025-10-01,6.69,Baruria,6.79,6.674318964433998,6.64935460856151,6.640826114938199,6.664908918143349,6.660726984621303
2025-10-02,6.64,Baruria,6.69,6.608468569797791,6.6342094005679195,6.591093477948752,6.6127170460778215,6.607711419351301
2025-10-03,6.58,Baruria,6.64,6.5674731545589085,6.624597942825417,6.557231687833698,6.57157701501135,6.570690723392325
2025-10-04,6.49,Baruria,6.58,6.5008798967412895,6.545287632528278,6.501406909798189,6.5105009731408225,6.508938647787616
2025-10-05,6.45,Baruria,6.49,6.427814960808,6.4264602724711395,6.4355291947944835,6.428316091859649,6.426295371809187
2025-10-06,6.45,Baruria,6.45,6.4630014366870405,6.402209917173837,6.464076809464707,6.475166926496031,6.47433737390579
2025-10-07,6.62,Baruria,6.45,6.6042868032420285,6.466180757208961,6.626442146942267,6.583939072446494,6.59214830478821
2025-10-08,6.87,Baruria,6.62,6.786678376634368,6.603250775670095,6.791404072636515,6.742391734459871,6.743321659009152
2025-10-09,6.93,Baruria,6.87,6.862475184186977,6.825436295074323,6.890353555796377,6.889689027899201,6.88490628030717
2025-10-10,6.87,Baruria,6.93,6.865136590433098,6.859752035134394,6.884774196191999,6.90710210880665,6.898229710307919
2025-10-11,6.82,Baruria,6.87,6.827413207327932,6.846298349483217,6.849006454716489,6.8772423845678405,6.870673825776495
2025-10-12,6.75,Baruria,6.82,6.790052059142074,6.776016761537117,6.803475571865853,6.786381488909093,6.785875278917852
2025-10-13,6.66,Baruria,6.75,6.664412838571225,6.633815836755143,6.682904383809137,6.667547674000107,6.6630934826504555
2025-10-14,6.49,Baruria,6.66,6.530074589937621,6.508049691548027,6.544352334623068,6.539007527045193,6.529732529200733
2025-10-15,6.32,Baruria,6.49,6.325877119888578,6.3400909660687566,6.352239187079724,6.341266610992178,6.332243103136854
2025-10-16,6.2,Baruria,6.32,6.2202618366035916,6.192857120927317,6.206410380231529,6.219065723686378,6.217104380711004
2025-10-17,6.1,Baruria,6.2,6.120831050011109,6.102565614470531,6.121580553352383,6.118937545803899,6.115531014884314
2025-10-18,6.03,Baruria,6.1,6.029474521381609,6.013557801351084,6.035346240652192,6.025635935243968,6.022687599531043
2025-10-19,6.0,Baruria,6.03,5.9933716507781885,5.9626907501964554,5.983975525179807,5.9826562079959755,5.982279281789019
2025-10-20,5.95,Baruria,6.0,5.932933310852086,5.942835520103832,5.949071259625483,5.939132957281612,5.9348388926972
2025-10-21,5.86,Baruria,5.95,5.857157799529897,5.880692829319147,5.879260065302359,5.874055732063894,5.869019277968728
2025-10-22,5.76,Baruria,5.86,5.771240354280456,5.775741425422833,5.777497742371097,5.780323169325331,5.77441284580386
2025-10-23,5.66,Baruria,5.76,5.655030085159366,5.664724064563672,5.669110867989751,5.660819769911242,5.657859194149182
2025-10-24,5.55,Baruria,5.66,5.552746155292357,5.576679331330684,5.569100974990854,5.566988858757178,5.5609979271570245
2025-10-25,5.45,Baruria,5.55,5.442037195072408,5.467319425532839,5.458121073710341,5.4495422841708425,5.444568383388005
2025-10-26,5.34,Baruria,5.45,5.327230230233418,5.342904614464313,5.3473169266662595,5.339316573122221,5.334472448778707
2025-10-27,5.2,Baruria,5.34,5.229864737444991,5.208066456594324,5.237254179067436,5.241510114927362,5.238074380319117
2025-10-28,5.09,Baruria,5.2,5.082335974267737,5.065204980821913,5.101760914505564,5.092739252371936,5.089420880683796
2025-10-29,4.98,Baruria,5.09,4.9974184033430875,4.9844631494961815,5.006298722353843,5.0014910770343155,4.995140253989465
2025-10-30,4.9,Baruria,4.98,4.906622962314102,4.915262123273707,4.913023975819822,4.918092657187215,4.91118285628624
2025-10-31,4.8,Baruria,4.9,4.8138910975671525,4.8224439746755206,4.829472347583086,4.82861350587017,4.823337062852441
2025-11-01,4.77,Baruria,4.8,4.755745920809541,4.698147352244699,4.752560939093132,4.754098622153542,4.753641814707555
2025-11-02,4.87,Baruria,4.77,4.8624226142881675,4.703917752672977,4.830795480870209,4.871660147768586,4.869672642035128
2025-11-03,5.03,Baruria,4.87,5.0162820555989915,4.88001157837542,5.0330490248115,5.034163233569932,5.0327328512974
2025-11-04,5.25,Baruria,5.03,5.216433143493043,5.112484034362187,5.214427113689845,5.223464717724203,5.2290880141751055
2025-11-05,5.33,Baruria,5.25,5.345970802895934,5.385865995487779,5.360819982293609,5.349387720891381,5.343542098241882
2025-11-06,5.33,Baruria,5.33,5.322307208756434,5.45148406612238,5.330776272437743,5.330753418621511,5.320611213469328
2025-11-07,5.28,Baruria,5.33,5.285925591240105,5.370321251793658,5.2921770502456855,5.287340219451857,5.279678727574219
2025-11-08,5.21,Baruria,5.28,5.242288783721336,5.244507086537823,5.252492231092237,5.252398824824424,5.249865812487896
2025-11-09,5.19,Baruria,5.21,5.165123688485956,5.1230756082929885,5.190466390653575,5.170917500444632,5.170312190463743
2025-11-10,5.16,Baruria,5.19,5.1493221573998325,5.077664444041172,5.154925453013171,5.142647191021003,5.140876123911487
2025-11-11,5.06,Baruria,5.16,5.0530467826931025,5.036232092434501,5.06450554082932,5.067435342998459,5.061263147303317
2025-11-12,4.91,Baruria,5.06,4.9314991207397485,4.9349775290310145,4.941562165463431,4.948324341588129,4.941636428006437
2025-11-13,4.76,Baruria,4.91,4.7826403631627,4.786496915334303,4.797193028679403,4.796254420217711,4.79162574918806
2025-11-14,4.63,Baruria,4.76,4.650571786000221,4.639981634424897,4.664568874757027,4.664250196334913,4.6597581364659
2025-11-15,4.54,Baruria,4.63,4.536280761260179,4.51795567949598,4.554161533202892,4.54894387919667,4.542945540423924
2025-11-16,4.45,Baruria,4.54,4.457746845338412,4.446840848877312,4.477426074103216,4.4644028422327935,4.456017241121864
2025-11-17,4.36,Baruria,4.45,4.377849548914691,4.376765634880914,4.395778534621928,4.38729756919961,4.379214487772459
2025-11-18,4.3,Baruria,4.36,4.29010936757081,4.300818337108384,4.306934325026872,4.303914380863227,4.294642245275154
2025-11-19,4.24,Baruria,4.3,4.224449562913138,4.253228766824985,4.243845924363934,4.229561814778965,4.221824480045853
2025-11-20,4.17,Baruria,4.24,4.188287609339503,4.191847169544206,4.183165049079707,4.193679476797516,4.189885392893623
2025-11-21,4.11,Baruria,4.17,4.117640697499501,4.118265206593861,4.1136541757370635,4.125914127094504,4.11964661999635
2025-11-22,4.02,Baruria,4.11,4.023351110584392,4.060892161220763,4.049048727147574,4.036673180530186,4.026406166254538
2025-11-23,3.95,Baruria,4.02,3.933190338019903,3.9689501618944667,3.955618978991931,3.951977024882398,3.94537924462171
2025-11-24,3.88,Baruria,3.95,3.880637797386358,3.8840109286592543,3.8831043445097895,3.8927737231210693,3.8895597526683487
2025-11-25,3.79,Baruria,3.88,3.803367939016314,3.7912915222536596,3.8141792276001554,3.822479373878251,3.8191042566561975
2025-11-26,3.74,Baruria,3.79,3.736812291353333,3.706721420377191,3.736195307774553,3.748494667198351,3.7438829034304484
2025-11-27,3.68,Baruria,3.74,3.702212265903164,3.670973852590103,3.6925066698446707,3.699788492953324,3.695721970812936
2025-11-28,3.62,Baruria,3.68,3.629700492365194,3.613278092146033,3.6339764289589453,3.636386038580715,3.629951259484558
2025-11-29,3.55,Baruria,3.62,3.5676142251928145,3.5448052980320277,3.5726962414219856,3.5759108120811973,3.5689493431156705
2025-11-30,3.51,Baruria,3.55,3.510516948806048,3.480016323746337,3.506124511612511,3.5148209945326236,3.509743232873678
2025-12-01,3.47,Baruria,3.51,3.48043238785712,3.456004691907331,3.473239571857857,3.4771138154202674,3.4741632731678713
2025-12-02,3.45,Baruria,3.47,3.435972966788419,3.4338420889703936,3.442186924177882,3.4383321981683106,3.4319930080273005
2025-12-03,3.43,Baruria,3.45,3.432817042397653,3.4269605958151117,3.4286606234557837,3.4316360703744793,3.428231256808727
2025-12-04,3.4,Baruria,3.43,3.4066594414021982,3.4138352453887557,3.4097131388798303,3.412100906449634,3.4083101202120396
2025-12-05,3.39,Baruria,3.4,3.3759649884452694,3.3757955707302387,3.376492649421349,3.3697629429933187,3.3680827577282173
2025-12-06,3.34,Baruria,3.39,3.3462747962050656,3.3550712754352747,3.3531637385432393,3.3529140283571652,3.3502927791613306
2025-12-07,3.28,Baruria,3.34,3.3029717886256957,3.305736139430739,3.307242852877032,3.3111360940157026,3.3067950866918285
2025-12-08,3.23,Baruria,3.28,3.2357286985811555,3.2337223351838453,3.2430586364886795,3.236375445630028,3.2334917977788176
2025-12-09,3.2,Baruria,3.23,3.191026495575806,3.171332934378191,3.1899400641740137,3.1959627217178497,3.194661078533537
2025-12-10,3.13,Baruria,3.2,3.137441750693992,3.128666178326508,3.152702614712876,3.14979579559518,3.1414941540049597
2025-12-11,3.04,Baruria,3.13,3.0679347820998806,3.058955550712612,3.0831791049419555,3.0798636692349888,3.071604796694005
2025-12-12,3.01,Baruria,3.04,2.9912756315897213,2.972218058094866,2.997326012251969,2.998795149475992,2.993211910736912
2025-12-13,2.97,Baruria,3.01,3.0013420855707924,2.947823072533604,2.973425808472806,2.9914753564130057,2.9887000423640218
2025-12-14,2.92,Baruria,2.97,2.9318598098507667,2.9107967591646218,2.936259567195178,2.936026001869832,2.928341958881259
2025-12-15,2.87,Baruria,2.92,2.8813438456661036,2.861169931478957,2.8883638599280617,2.88370713618376,2.8774871954500196
2025-12-16,2.82,Baruria,2.87,2.826800623856505,2.817427417210352,2.840089009506315,2.8311537337398716,2.825318961644133
2025-12-17,2.8,Baruria,2.82,2.8014600143856656,2.772909994729025,2.7932187259728596,2.7986443376506123,2.7953295945229564
2025-12-18,2.79,Baruria,2.8,2.782252944589943,2.768116252199407,2.780151405843227,2.7801090865151834,2.77768973481349
2025-12-19,2.79,Baruria,2.79,2.798700717815492,2.776951205243955,2.7812875988327903,2.794547982170187,2.7936614767492824
2025-12-20,2.78,Baruria,2.79,2.783302257591655,2.787403089623964,2.786881188071009,2.7925205744143065,2.7908377263834137
2025-12-21,2.75,Baruria,2.78,2.7485406908877628,2.769415160874699,2.767622807467999,2.7528207209823083,2.749158814343702
2025-12-22,2.7,Baruria,2.75,2.7161477971025216,2.72266484423413,2.731284367585103,2.720875569704585,2.716101981766671
2025-12-23,2.69,Baruria,2.7,2.680899725101431,2.665322825271591,2.683594754270301,2.6849270056004424,2.682462449763207
2025-12-24,2.67,Baruria,2.69,2.652727075767566,2.66007161219158,2.6692966294017317,2.6633853591672776,2.6577861212823404
2025-12-25,2.6,Baruria,2.67,2.6324864676626123,2.626943770054285,2.643205763420824,2.637109245350901,2.63193166900556
2025-12-26,2.56,Baruria,2.6,2.56076259250749,2.539555434997955,2.5705134309549496,2.5708926946712887,2.5657490820337148
2025-12-27,2.52,Baruria,2.56,2.535611067788693,2.505892829723594,2.5325610432052015,2.532805161583114,2.5278621844448206
2025-12-28,2.5,Baruria,2.52,2.4936005596827946,2.4791393826435466,2.4915862436798615,2.48592889852085,2.480229570132083
2025-12-29,2.46,Baruria,2.5,2.4602429650683804,2.4561479855842925,2.468719117986812,2.463071983276951,2.4553962234848945
2025-12-30,2.42,Baruria,2.46,2.4250894269265166,2.4145904670871166,2.433856699069561,2.4328740109921463,2.4257728951395108
2025-12-31,2.4,Baruria,2.42,2.4033393599366617,2.379446153211737,2.403307714189477,2.406003932168399,2.4018120761575426
2023-01-01,1.11,Bhagyakul,1.19,1.10500339199849,1.0976106822784844,1.1099884216713545,1.106610390441791,1.1029516424671248
2023-01-02,1.05,Bhagyakul,1.11,1.061662760401725,1.0314561262600719,1.0560582150342765,1.056732890994989,1.0549232050708814
2023-01-03,0.99,Bhagyakul,1.05,1.0456346779179566,0.999202265517965,1.0256705197848117,1.0290093947155914,1.024325310606043
2023-01-04,0.94,Bhagyakul,0.99,0.9881611020627132,0.9643906709999385,0.986513374915145,0.9770898901964076,0.9729154885335101
2023-01-05,0.94,Bhagyakul,0.94,0.9400985183232994,0.9375380177963986,0.9538323557961652,0.9337336052128434,0.9311509189789547
2023-01-06,0.93,Bhagyakul,0.94,0.9735605193072415,0.9607286959181686,0.9803266531635614,0.9750797656232729,0.9758743200889214
2023-01-07,1.0,Bhagyakul,0.93,0.9658201238157882,0.960278716628053,0.9778740790826634,0.9716736041845516,0.9724591539992061
2023-01-08,1.06,Bhagyakul,1.0,1.0431506356469518,1.043787067731823,1.0621137295063383,1.049626770383074,1.0531423461910485
2023-01-09,1.07,Bhagyakul,1.06,1.0847852229035335,1.0874794323883268,1.1006884151659095,1.0976256546172178,1.1004422251701593
2023-01-10,1.09,Bhagyakul,1.07,1.0616259079748687,1.061449284806022,1.0727724263465823,1.0712167252736708,1.073534531062644
2023-01-11,1.08,Bhagyakul,1.09,1.076318639253362,1.0629166634103984,1.0714728192363756,1.0818498588166727,1.0847952577279223
2023-01-12,1.02,Bhagyakul,1.08,1.0522866917936156,1.0480311971926726,1.0461450137891068,1.0601667043373773,1.061038944413856
2023-01-13,1.02,Bhagyakul,1.02,0.9771767087977463,0.9789062913320653,0.9679233230177834,0.9836527236654841,0.9826111823022424
2023-01-14,0.98,Bhagyakul,1.02,1.0152789304549594,0.9901338167579375,0.9927765964422522,1.0270951800381496,1.029309038774833
2023-01-15,0.95,Bhagyakul,0.98,0.9534091601465268,0.9525971499493527,0.9488798126977285,0.9637902208397926,0.9631248311643607
2023-01-16,0.87,Bhagyakul,0.95,0.8790706910265995,0.9102076413867293,0.8961683956345899,0.8925471870040891,0.892745793973813
2023-01-17,0.8,Bhagyakul,0.87,0.8185456895071389,0.8223763204604841,0.8147251418294937,0.8150739979300358,0.8148038176205991
2023-01-18,0.79,Bhagyakul,0.8,0.7641398389942253,0.7508168532192686,0.7493668316955372,0.7487539122293416,0.7451854979211402
2023-01-19,0.78,Bhagyakul,0.79,0.8019371133815117,0.7669993223858222,0.7805317512564592,0.7886071121682923,0.7843346272233814
2023-01-20,0.82,Bhagyakul,0.78,0.80370634022043,0.7966318437216234,0.8056895075909402,0.8062437366806899,0.8026889742016063
2023-01-21,0.93,Bhagyakul,0.82,0.8801605958810544,0.8794082800338169,0.8836241558499257,0.8843393947940984,0.8853499224027853
2023-01-22,1.07,Bhagyakul,0.93,1.03749637864333,1.0117450105021397,1.015204957803862,1.029131033299414,1.034936206652586
2023-01-23,1.17,Bhagyakul,1.07,1.187785069765475,1.1540912118662923,1.1602150898846098,1.1788191915914263,1.1879967176113502
2023-01-24,1.17,Bhagyakul,1.17,1.197115234874131,1.1978033993242765,1.1906620959935814,1.2055688543591885,1.2109831193224623
2023-01-25,1.14,Bhagyakul,1.17,1.123092809001736,1.1343720490679337,1.1141738242350694,1.1188654852839413,1.1224400241821053
2023-01-26,1.09,Bhagyakul,1.14,1.0769999617975687,1.0708914746638396,1.0502859242436247,1.0692074239684282,1.0694724388586705
2023-01-27,0.99,Bhagyakul,1.09,1.0264444568168563,1.004230226446435,0.9938512867904755,1.0228098382891566,1.0194391066125073
2023-01-28,0.86,Bhagyakul,0.99,0.9183266587995296,0.9087235022647951,0.8997671105592264,0.9152581993250238,0.9132471164251671
2023-01-29,0.72,Bhagyakul,0.86,0.7662185396226084,0.7720883259071772,0.7639096492307682,0.7735855447496469,0.7674149553697918
2023-01-30,0.68,Bhagyakul,0.72,0.6765969282941608,0.6644689251433927,0.6552064874480072,0.6576920820669144,0.6572893068060776
2023-01-31,0.68,Bhagyakul,0.68,0.6583156682111191,0.6613360919496197,0.6400732793182363,0.6358322858017192,0.6321010206089316
2023-02-01,0.7,Bhagyakul,0.68,0.6984660831603622,0.679939544155947,0.6791282112108536,0.7038219230947766,0.6990274489645477
2023-02-02,0.66,Bhagyakul,0.7,0.6906105178116806,0.700932714724256,0.707278890338217,0.6959503189480801,0.6909911197696558
2023-02-03,0.64,Bhagyakul,0.66,0.6539910499054851,0.665316366201878,0.6774036153328011,0.6619473389861265,0.6599254004226003
2023-02-04,0.73,Bhagyakul,0.64,0.6907159901432508,0.6756945855899188,0.6932904594889958,0.6956323993823131,0.6948939908144117
2023-02-05,0.81,Bhagyakul,0.73,0.7909311820555729,0.8069311031813425,0.8059716503540916,0.7921662162822974,0.7947017557471918
2023-02-06,0.89,Bhagyakul,0.81,0.8874458199400599,0.8882282741739971,0.8899083981313302,0.8959086000421131,0.9014550640545925
2023-02-07,0.96,Bhagyakul,0.89,0.963710160870255,0.9572507439926534,0.9723438457052751,0.9727703954876147,0.9816827163123785
2023-02-08,1.01,Bhagyakul,0.96,1.0199504032370874,0.9978516408573986,1.0164186492472007,1.0262060345622774,1.0322962167161065
2023-02-09,1.03,Bhagyakul,1.01,1.0230283936730389,1.0047985689485326,1.0143001294456604,1.0303898788268226,1.0335768358480584
2023-02-10,0.98,Bhagyakul,1.03,0.9855022411057214,0.9794899946594544,0.9703495475137611,0.9839033628021975,0.9846132256324452
2023-02-11,0.93,Bhagyakul,0.98,0.94128680864967,0.9288285083587736,0.9092188711490575,0.9273672146669713,0.9283080108156844
2023-02-12,0.87,Bhagyakul,0.93,0.8703544254715333,0.8850971659406768,0.8512503046949863,0.8647999400718377,0.8653620702139738
2023-02-13,0.81,Bhagyakul,0.87,0.7961397701997691,0.8123241938184843,0.7818151567910423,0.797248090412975,0.7943490753518976
2023-02-14,0.65,Bhagyakul,0.81,0.7022010531240181,0.7408929002515713,0.7173045938098914,0.7159443792157988,0.7134104216605328
2023-02-15,0.58,Bhagyakul,0.65,0.5797473398301881,0.5816810786529016,0.570253846057,0.5761838968174996,0.5729992323758193
2023-02-16,0.61,Bhagyakul,0.58,0.5802212136249277,0.5397930740175999,0.5471822588489165,0.5786508623343359,0.57528222995881
2023-02-17,0.72,Bhagyakul,0.61,0.6628267757902045,0.6320692912646529,0.6529057206304997,0.662989437888836,0.6619286527903686
2023-02-18,0.86,Bhagyakul,0.72,0.800272790724453,0.8133435243205659,0.8096770605009782,0.7991969516923029,0.8060588593678372
2023-02-19,1.03,Bhagyakul,0.86,0.9795468413312554,0.9891938817566713,0.9758092373451546,0.9887156115154964,0.9997553357227525
2023-02-20,1.21,Bhagyakul,1.03,1.1055635140299809,1.1326784121176063,1.1243246158364488,1.132199214139958,1.1447836943386318
2023-02-21,1.31,Bhagyakul,1.21,1.3061589329819197,1.2854105991728728,1.285417193578101,1.3149142060447803,1.3322491353699573
2023-02-22,1.32,Bhagyakul,1.31,1.347978124136786,1.349796873158282,1.324673163702143,1.3596974159863129,1.3729129727793115
2023-02-23,1.29,Bhagyakul,1.32,1.2949946418371994,1.3070069414651975,1.267806537817335,1.3083032900687435,1.3131069200744099
2023-02-24,1.24,Bhagyakul,1.29,1.123980355264506,1.2040741067487364,1.1492809235429888,1.1503765361405447,1.1479119005498488
2023-02-25,1.04,Bhagyakul,1.24,1.1461057644096417,1.1214330378513397,1.1117434998486744,1.1624668509702805,1.1644933145854488
2023-02-26,0.88,Bhagyakul,1.04,0.8874115905729244,0.9198771048443098,0.904241302781818,0.9041362714587639,0.9001899353721456
2023-02-27,0.78,Bhagyakul,0.88,0.7561418164560838,0.7676970533525719,0.750641450866938,0.7720415345134134,0.767905970770872
2023-02-28,0.63,Bhagyakul,0.78,0.6516444342910863,0.6659356691953855,0.6493244626755779,0.6682037028145974,0.6649891231195165
2023-03-01,0.51,Bhagyakul,0.63,0.5446869895450471,0.5407230546395576,0.5241276536228244,0.5319968809098619,0.5297406326023385
2023-03-02,0.5,Bhagyakul,0.51,0.48481801767386773,0.4606669999906454,0.4468285650071428,0.45872657458808525,0.45537042332660294
2023-03-03,0.54,Bhagyakul,0.5,0.5276056937351203,0.5021279234854422,0.508044926040235,0.5130127817560814,0.5110834244110724
2023-03-04,0.62,Bhagyakul,0.54,0.6308196250001428,0.6041350548887292,0.6259077181827176,0.6175935545998199,0.624464277471006
2023-03-05,0.72,Bhagyakul,0.62,0.7052425372080112,0.71180431775648,0.7306128698134841,0.7224889193941193,0.7313550589924734
2023-03-06,0.79,Bhagyakul,0.72,0.8240216459062786,0.8143937695850653,0.8349173291704751,0.8356401446291831,0.8448365006410521
2023-03-07,0.87,Bhagyakul,0.79,0.884353447801281,0.8629176047511393,0.8807513929307736,0.8995413002032971,0.9059759478513528
2023-03-08,0.9,Bhagyakul,0.87,0.9054799365693953,0.9178301466826694,0.9163108669125318,0.9241751768564282,0.9272335417013516
2023-03-09,0.86,Bhagyakul,0.9,0.8955345289784092,0.9059183490823349,0.8884674667159372,0.9081808207429757,0.910211797728123
2023-03-10,0.89,Bhagyakul,0.86,0.8702089332320153,0.848249491548173,0.8477185699788793,0.8880368286956353,0.8909165821804007
2023-03-11,0.88,Bhagyakul,0.89,0.8547238516066276,0.882431310430195,0.8541728830775144,0.8519679295914879,0.8549372682666802
2023-03-12,0.82,Bhagyakul,0.88,0.8287924772673295,0.8382572555607094,0.8034216209372355,0.8327776633369851,0.8316746475383012
2023-03-13,0.77,Bhagyakul,0.82,0.7516371796632265,0.7483491046117209,0.7332473610168551,0.7617677014595348,0.7592732474670486
2023-03-14,0.75,Bhagyakul,0.77,0.7646377593436283,0.7227363612228178,0.71967302466192,0.7668662696853407,0.7636956457535807
2023-03-15,0.77,Bhagyakul,0.75,0.7352462829183173,0.7439048103983588,0.7190059899556097,0.7368644219849033,0.7346809982294479
2023-03-16,0.7,Bhagyakul,0.77,0.7401045469285498,0.760859231240305,0.7198071080696407,0.7375532540380747,0.7351127302503656
2023-03-17,0.64,Bhagyakul,0.7,0.6193726142728664,0.6696892899574806,0.6333582036086298,0.6168690216215353,0.6156903919019397
2023-03-18,0.68,Bhagyakul,0.64,0.6303465845477226,0.6312144990873368,0.6173548567871753,0.6215545377822248,0.6205098576622047
2023-03-19,0.83,Bhagyakul,0.68,0.7691683667993241,0.7375114667412778,0.7513666264685736,0.7614080977343338,0.7653128538955878
2023-03-20,1.05,Bhagyakul,0.83,0.9763175570678561,0.9565919989389983,0.9601127588568291,0.9759135756727703,0.9861458870888011
2023-03-21,1.21,Bhagyakul,1.05,1.2352771618626435,1.2034941749674128,1.1968739120585676,1.2399297540084344,1.2537668381668519
2023-03-22,1.27,Bhagyakul,1.21,1.2648939362832787,1.2907013103674878,1.2737703202216177,1.282924318096941,1.2885967826555926
2023-03-23,1.28,Bhagyakul,1.27,1.2847422135655953,1.2688522427433624,1.2607190391721625,1.276695180765342,1.2811708142983413
2023-03-24,1.21,Bhagyakul,1.28,1.262601198927834,1.2420981075005184,1.2328176214226714,1.2511913811155881,1.255455361597096
2023-03-25,1.14,Bhagyakul,1.21,1.1075520799318046,1.1428906533114345,1.1212353452830717,1.1159668555858986,1.1161055453921183
2023-03-26,1.05,Bhagyakul,1.14,0.9929648924118609,1.0273576887098,1.0086798387499254,1.0140769439867376,1.0078040113407907
2023-03-27,0.92,Bhagyakul,1.05,0.9371124687054805,0.9169055546379615,0.9223019156466133,0.9399308354849016,0.9352989565170257
2023-03-28,0.81,Bhagyakul,0.92,0.8445759577750719,0.8091490662813349,0.823675604766729,0.8377874671373263,0.8327905595492071
2023-03-29,0.7,Bhagyakul,0.81,0.7272695543435105,0.7341630336041947,0.726924089407941,0.7252289058748448,0.7205105163303683
2023-03-30,0.6,Bhagyakul,0.7,0.6510398769485919,0.6553407315976291,0.6446219880683508,0.6356780035637551,0.6340523526899599
2023-03-31,0.61,Bhagyakul,0.6,0.659368327368654,0.5934929888573275,0.6249539236492668,0.6417029476736232,0.6395221552659637
2023-04-01,0.72,Bhagyakul,0.61,0.7037709491286851,0.6574250384874399,0.7119412626206337,0.700801308891193,0.7013698108497696
2023-04-02,0.82,Bhagyakul,0.72,0.7894987167062842,0.80994099133285,0.8381983286801317,0.7878088641383095,0.7901980931045217
2023-04-03,0.97,Bhagyakul,0.82,0.957196984563901,0.9280959105653301,0.9600839039597479,0.9672454042494083,0.9761160805810681
2023-04-04,1.04,Bhagyakul,0.97,1.074490710060492,1.0615187142529554,1.0856665086568873,1.0774549873906665,1.0855637473996371
2023-04-05,1.17,Bhagyakul,1.04,1.1528904438410397,1.1221222152388128,1.15748168453804,1.1459458456052733,1.1578585834275243
2023-04-06,1.27,Bhagyakul,1.17,1.2579873662516843,1.2312590191464627,1.2603247021188968,1.2539560970738837,1.2644864412833758
2023-04-07,1.25,Bhagyakul,1.27,1.2992163172012388,1.2789724157122817,1.305401866891369,1.295579225891139,1.3014629662897492
2023-04-08,1.25,Bhagyakul,1.25,1.2587665497814327,1.2210102227280053,1.2435626425811408,1.2507550319501473,1.2550985205943814
2023-04-09,1.16,Bhagyakul,1.25,1.204583157553621,1.2046975757384846,1.2030769059259947,1.2055915101507921,1.2049094173957429
2023-04-10,1.18,Bhagyakul,1.16,1.1083235768120927,1.098256664084017,1.0991790754183601,1.1078124941913436,1.1051647478885076
2023-04-11,1.18,Bhagyakul,1.18,1.1361221937310406,1.1028780964991054,1.1212109491304745,1.1412506406215723,1.1391556867762729
2023-04-12,1.09,Bhagyakul,1.18,1.118707895808352,1.0892145721247721,1.1170650018758617,1.1217103500141172,1.118055583150363
2023-04-13,1.03,Bhagyakul,1.09,1.0399568936817913,1.0165925001664409,1.0390077908835968,1.0376965950981691,1.035698943987369
2023-04-14,0.99,Bhagyakul,1.03,0.9917701028194454,0.988622661392486,0.9968463868111294,0.9918576258027231,0.9886050327003338
2023-04-15,1.01,Bhagyakul,0.99,1.0460365977360724,0.9868819677171112,1.0199491441927866,1.0455728356422271,1.0444191324685468
2023-04-16,1.07,Bhagyakul,1.01,1.0424464184665272,1.0420920480807399,1.06587095169409,1.056705679101969,1.055149598268798
2023-04-17,1.24,Bhagyakul,1.07,1.17131934589327,1.141302283016582,1.1708883055110575,1.181202723304165,1.1865799144906617
2023-04-18,1.39,Bhagyakul,1.24,1.3675787370586883,1.3453740642851688,1.3652868164491394,1.3652044144197795,1.3740144446521343
2023-04-19,1.5,Bhagyakul,1.39,1.4779518227276534,1.4834522495980045,1.4839085379220351,1.4788576330126724,1.4867948501298567
2023-04-20,1.63,Bhagyakul,1.5,1.5559232683366695,1.5546435240554664,1.5494283265318511,1.553205874050536,1.556933128397268
2023-04-21,1.69,Bhagyakul,1.63,1.6674167099596755,1.6285378169653508,1.6332955970790621,1.660579892850958,1.663410213783778
2023-04-22,1.57,Bhagyakul,1.69,1.6802220526326517,1.6506594498990144,1.6625993626688087,1.6860365918559272,1.6882862593514307
2023-04-23,1.4,Bhagyakul,1.57,1.425273939548009,1.4813300661575495,1.4675061708095887,1.4549930345652353,1.4449686652548015
2023-04-24,1.27,Bhagyakul,1.4,1.230501731926291,1.2764678058371093,1.2705404329386658,1.2646983676178787,1.2544510866810905
2023-04-25,1.15,Bhagyakul,1.27,1.159269577950359,1.1423302201048176,1.158912092480884,1.1675118629656087,1.1591843678435663
2023-04-26,1.04,Bhagyakul,1.15,1.0841890709181894,1.025730398069177,1.0595997781637436,1.0782326380020952,1.071114873860482
2023-04-27,0.96,Bhagyakul,1.04,0.9662650739984406,0.9324850707088079,0.9592510529838963,0.9650943467908931,0.9593563901541398
2023-04-28,0.87,Bhagyakul,0.96,0.8924968477218006,0.8893371133715317,0.9016329562324797,0.8892293871949111,0.8814221279466962
2023-04-29,0.86,Bhagyakul,0.87,0.8768349155347419,0.8497857347067629,0.8719891769700564,0.8547340062199918,0.8513490547729862
2023-04-30,0.9,Bhagyakul,0.86,0.9053947472672551,0.8798314626040957,0.9159185449150229,0.889759322683571,0.8894954011970299
2023-05-01,0.98,Bhagyakul,0.9,1.0178000313207274,0.9638595154568783,1.02487810265538,1.0185439020208433,1.0260856043496307
2023-05-02,1.08,Bhagyakul,0.98,1.09343260629509,1.067177583817986,1.1185821772695406,1.1023188379443631,1.1093483141973763
2023-05-03,1.27,Bhagyakul,1.08,1.2047814035210824,1.1829566413055708,1.2242970883205921,1.2138463918166063,1.2228540231212626
2023-05-04,1.37,Bhagyakul,1.27,1.387050208900009,1.3585718731872511,1.389182680866881,1.3906240774998786,1.3994658070942372
2023-05-05,1.45,Bhagyakul,1.37,1.4209076450679012,1.414648890737997,1.4374863329849978,1.4228958987739142,1.4294693254336195
2023-05-06,1.51,Bhagyakul,1.45,1.5031290599888263,1.466077832547996,1.493972750109079,1.5043342955557313,1.5093404533221715
2023-05-07,1.48,Bhagyakul,1.51,1.5685090091090066,1.5450049154707586,1.5748765423183346,1.5774526405188116,1.5840321204041352
2023-05-08,1.46,Bhagyakul,1.48,1.4437054733608667,1.4846262532414751,1.4791655585509502,1.4576891556234832,1.4550565045785824
2023-05-09,1.42,Bhagyakul,1.46,1.3626988905711506,1.3693789310059161,1.389396831734363,1.3843572448701498,1.3723505439947898
2023-05-10,1.42,Bhagyakul,1.42,1.392401753896461,1.3316681275514655,1.420891448079867,1.3907897391885022,1.3933005594039098
2023-05-11,1.55,Bhagyakul,1.42,1.5293066453024275,1.3872788233022846,1.4927621698113143,1.5114217369058818,1.51678846811851
2023-05-12,1.64,Bhagyakul,1.55,1.6788693667771737,1.5758696167527495,1.6544768105812835,1.6742288026660355,1.678915591399269
2023-05-13,1.8,Bhagyakul,1.64,1.7683794472166228,1.7162808737563733,1.7634470300641667,1.758481176160652,1.7645086630390086
2023-05-14,1.92,Bhagyakul,1.8,1.9024111141667133,1.877697153538538,1.8847384439888077,1.8960501156225933,1.9003563624864899
2023-05-15,1.96,Bhagyakul,1.92,1.9334968646881565,1.9688564908389126,1.9427161521226637,1.9313614169922528,1.9303052351063759
2023-05-16,2.2,Bhagyakul,1.96,2.1226329521585634,2.035168891537594,2.0576921531091226,2.114841136183309,2.1224192954970422
2023-05-17,2.21,Bhagyakul,2.2,2.287133366176372,2.2777463337665527,2.247776321825258,2.2627309716128075,2.265833791346673
2023-05-18,2.23,Bhagyakul,2.21,2.202172942577171,2.2172151936255937,2.1725020568747313,2.1947653207242825,2.194892190811005
2023-05-19,2.18,Bhagyakul,2.23,2.1590765040914177,2.179744158771086,2.161303826339999,2.1779781291349267,2.1774156149846533
2023-05-20,2.17,Bhagyakul,2.18,2.187271934198756,2.136396669018149,2.1504078668838926,2.1901514120237167,2.1887915506406483
2023-05-21,2.06,Bhagyakul,2.17,2.1097692017879983,2.137329743460975,2.115529897998051,2.1304475071422684,2.1280163125434037
2023-05-22,2.0,Bhagyakul,2.06,1.9848559690212382,2.01842342063942,1.9907692411355473,2.007045388661346,2.002951985953828
2023-05-23,1.94,Bhagyakul,2.0,1.904553720191415,1.9519392053569107,1.9335855500192267,1.9294750487546848,1.9245505606835014
2023-05-24,1.84,Bhagyakul,1.94,1.8515081628795473,1.8777873738561455,1.8652198002104268,1.8642778452406972,1.8581739594336433
2023-05-25,1.83,Bhagyakul,1.84,1.8147782806264496,1.7753575895526528,1.798030215846877,1.8206436471167937,1.8184730980412438
2023-05-26,1.83,Bhagyakul,1.83,1.8024127061777535,1.7745438933869053,1.8021645669064197,1.8125298283964202,1.8100494769328683
2023-05-27,1.79,Bhagyakul,1.83,1.814247197988976,1.787864518884281,1.8188751242749248,1.8199752874113884,1.8154778703371297
2023-05-28,1.76,Bhagyakul,1.79,1.761504443634968,1.7505558594560515,1.7791452553089808,1.7655470554339772,1.7615467857442801
2023-05-29,1.73,Bhagyakul,1.76,1.7382287223835549,1.7263192184010148,1.758223939375947,1.740858856066647,1.740147792361394
2023-05-30,1.76,Bhagyakul,1.73,1.7703728820179865,1.7088911699094156,1.7576577183610587,1.7631739519276177,1.7620053709873365
2023-05-31,1.83,Bhagyakul,1.76,1.8176515489037288,1.7813257359682189,1.826953307601211,1.8123445098151454,1.813339004234517
2023-06-01,1.94,Bhagyakul,1.83,1.9095813335435448,1.875323687338434,1.9024302865306189,1.9080406522158169,1.9095601316362032
2023-06-02,2.02,Bhagyakul,1.94,2.040033845871996,2.0106055427298988,2.037981098842764,2.0461524249917273,2.05211535432506
2023-06-03,2.09,Bhagyakul,2.02,2.095797669409722,2.0923446442202054,2.097218947865103,2.0934641689704994,2.096191112703813
2023-06-04,2.14,Bhagyakul,2.09,2.0971493261854928,2.13811942290119,2.1147336416715574,2.0924833999032653,2.093806169456076
2023-06-05,2.14,Bhagyakul,2.14,2.1619766989871674,2.1418713159945995,2.140403190441209,2.1635251986476245,2.163349108827626
2023-06-06,2.12,Bhagyakul,2.14,2.128787701674723,2.118824189799781,2.1341566449739,2.1410289784278884,2.141697431247877
2023-06-07,2.06,Bhagyakul,2.12,2.0594769501053247,2.090215467762533,2.084711701716809,2.078409727181102,2.0767932015980253
2023-06-08,1.98,Bhagyakul,2.06,1.948833631539224,1.9918542017551655,1.966502438192017,1.970164287117351,1.9627168248032942
2023-06-09,1.93,Bhagyakul,1.98,1.9029537509121233,1.8812777967868612,1.8992060441717118,1.921333017841115,1.9169592484136107
2023-06-10,1.97,Bhagyakul,1.93,1.9503229297726445,1.8733326841450613,1.9339150434092318,1.9433753897232589,1.9405211436816743
2023-06-11,2.01,Bhagyakul,1.97,1.9937875989826281,1.9656934516995204,1.9998329001719484,1.9975449966803485,1.9962089244739614
2023-06-12,2.07,Bhagyakul,2.01,2.0900922422846153,2.0556877771777216,2.086477912409677,2.094860150780274,2.0987931859124664
2023-06-13,2.12,Bhagyakul,2.07,2.123984499816692,2.122288391953391,2.122629307921072,2.1223737471072766,2.122897471338211
2023-06-14,2.24,Bhagyakul,2.12,2.18696551699801,2.1643311333495627,2.17577021242659,2.181193679991956,2.180619497771416
2023-06-15,2.33,Bhagyakul,2.24,2.3671543192506683,2.289657511423885,2.3204545613510423,2.344724835660169,2.3505842832962056
2023-06-16,2.4,Bhagyakul,2.33,2.4292132677633584,2.3914081264477747,2.4149650512686978,2.4121019732523448,2.416562710328082
2023-06-17,2.54,Bhagyakul,2.4,2.572561828507003,2.484820263209357,2.532016212431675,2.5461147857419038,2.5454227147223087
2023-06-18,2.78,Bhagyakul,2.54,2.857877773217989,2.677798943397768,2.743170123504228,2.8333492759689904,2.831208488373671
2023-06-19,3.19,Bhagyakul,2.78,3.1808253783488603,2.9689803431638935,3.0454304910702787,3.185112859774334,3.163649571107071
2023-06-20,3.59,Bhagyakul,3.19,3.551724061562439,3.4061934366481874,3.4682293055808024,3.5618351699527344,3.5475709871861887
2023-06-21,3.93,Bhagyakul,3.59,3.838318787180369,3.7781264925744495,3.798512832119299,3.8413799391670467,3.8377231825974127
2023-06-22,4.1,Bhagyakul,3.93,4.113361656977355,4.062589658919809,4.050631407637511,4.1017174952245945,4.094757694359569
2023-06-23,4.2,Bhagyakul,4.1,4.18875050280754,4.1431510780422345,4.109072767148554,4.168429535131598,4.165361847044859
2023-06-24,4.24,Bhagyakul,4.2,4.229952511493044,4.190768809217985,4.1727417925188846,4.232354050376169,4.233770195925401
2023-06-25,4.2,Bhagyakul,4.24,4.17986612161844,4.19932084425841,4.15332191296836,4.186491202050372,4.186007317814126
2023-06-26,4.16,Bhagyakul,4.2,4.136980596868235,4.140306910716443,4.089547955583719,4.148803067819666,4.142958838630015
2023-06-27,4.11,Bhagyakul,4.16,4.093133294117611,4.101076702604253,4.067852496960279,4.0959581052161775,4.092745175396767
2023-06-28,4.0,Bhagyakul,4.11,4.026091775826118,4.030094435103717,4.009295927391022,4.023952224944712,4.0196576835324045
2023-06-29,3.87,Bhagyakul,4.0,3.9139767503729934,3.89316908435412,3.8814815282240276,3.9083585160372643,3.906552631114058
2023-06-30,3.72,Bhagyakul,3.87,3.7560458153812153,3.7562488567170695,3.736810704628004,3.7581390093374893,3.75054688640042
2023-07-01,3.67,Bhagyakul,3.72,3.7124959211500883,3.6434942987251318,3.655454587289539,3.702749939821843,3.699544578870789
2023-07-02,3.66,Bhagyakul,3.67,3.7208140647529064,3.6497323405841424,3.6674577265374317,3.702704944608396,3.699568948950264
2023-07-03,3.69,Bhagyakul,3.66,3.7479476073331908,3.6738516870376703,3.689187936416086,3.718349994386545,3.7185345986524596
2023-07-04,3.75,Bhagyakul,3.69,3.8143367992688137,3.7153024290875103,3.750649749456725,3.7806254263676227,3.785237724318789
2023-07-05,3.86,Bhagyakul,3.75,3.947043566675177,3.841994228471126,3.895374791866072,3.920882841643722,3.9287618118628846
2023-07-06,4.13,Bhagyakul,3.86,4.104931685240179,4.026103700652576,4.049330619754714,4.087943011791634,4.096694883481821
2023-07-07,4.28,Bhagyakul,4.13,4.261022897482956,4.267206133384259,4.247523120035565,4.24339549132843,4.245869523224436
2023-07-08,4.23,Bhagyakul,4.28,4.308492885495015,4.2851484452629505,4.252683098956531,4.268864397746735,4.265987797036744
2023-07-09,4.2,Bhagyakul,4.23,4.200323596068198,4.110405717532818,4.153632448201317,4.181451306026731,4.181403773975236
2023-07-10,4.15,Bhagyakul,4.2,4.159958291694958,4.082299231074017,4.164680151880098,4.164379169360412,4.162012183980606
2023-07-11,4.17,Bhagyakul,4.15,4.170093858547203,4.110658186580209,4.172753662581262,4.17276990773967,4.170922415279895
2023-07-12,4.2,Bhagyakul,4.17,4.182387145380493,4.175096343769492,4.201713319205574,4.192969084349784,4.189636349088933
2023-07-13,4.27,Bhagyakul,4.2,4.278193764890389,4.208380597578198,4.243572976398574,4.266780604189257,4.265364939499772
2023-07-14,4.38,Bhagyakul,4.27,4.371700902499842,4.298137457518316,4.34765387106382,4.361963208769542,4.362554791995993
2023-07-15,4.53,Bhagyakul,4.38,4.52148893454205,4.439750859470377,4.50109813724475,4.52484044964022,4.523831000992451
2023-07-16,4.68,Bhagyakul,4.53,4.666390026066296,4.602845292280719,4.654657892679197,4.665445462870514,4.668331511709923
2023-07-17,4.69,Bhagyakul,4.68,4.721009793327949,4.723791569632532,4.732720341637769,4.729085225455918,4.727979366977526
2023-07-18,4.67,Bhagyakul,4.69,4.6973416131781525,4.683200827267928,4.677561625927429,4.699696298662637,4.696888144854427
2023-07-19,4.67,Bhagyakul,4.67,4.662996851984467,4.636008806442573,4.63875062369461,4.662469270739034,4.663723246550856
2023-07-20,4.65,Bhagyakul,4.67,4.664196094145304,4.644493500223231,4.651050871604657,4.666445552876165,4.666921069218273
2023-07-21,4.63,Bhagyakul,4.65,4.630656780844502,4.632489099320946,4.625905853692106,4.6271322520699805,4.626271178389419
2023-07-22,4.58,Bhagyakul,4.63,4.597825346778486,4.591550694555209,4.575043550842356,4.586843600966918,4.586096129976887
2023-07-23,4.49,Bhagyakul,4.58,4.505799968676307,4.485499787847601,4.477722530509491,4.490193760591478,4.486090071223498
2023-07-24,4.35,Bhagyakul,4.49,4.359719509724985,4.348542401131968,4.347147836500231,4.339513815896552,4.332142032071147
2023-07-25,4.22,Bhagyakul,4.35,4.264796722709403,4.2252842859607895,4.229633164524551,4.240003586336292,4.236270684011468
2023-07-26,4.24,Bhagyakul,4.22,4.181799227199012,4.151165748228157,4.148810631418441,4.166736341970773,4.166780733991126
2023-07-27,4.16,Bhagyakul,4.24,4.230146309940867,4.2063598468017895,4.192688555608004,4.217746453545643,4.219298215986419
2023-07-28,4.09,Bhagyakul,4.16,4.110255343017183,4.108370373057551,4.102075968239775,4.108237004992422,4.103054735317021
2023-07-29,4.06,Bhagyakul,4.09,4.065938420803654,4.025592616125999,4.055405604421236,4.076763434853745,4.070817473667593
2023-07-30,4.04,Bhagyakul,4.06,4.070621988266718,4.0155680729107734,4.060410025701098,4.0695141980957965,4.063229940608096
2023-07-31,4.07,Bhagyakul,4.04,4.063705161412623,4.030010298206396,4.070267686589006,4.066791821640241,4.060959383709307
2023-08-01,4.16,Bhagyakul,4.07,4.167138337729065,4.140531558294845,4.16674362752228,4.172813351897457,4.168177962483511
2023-08-02,4.43,Bhagyakul,4.16,4.39793912917926,4.328633457906444,4.3224557558802905,4.3741039362281855,4.378328351977475
2023-08-03,4.37,Bhagyakul,4.43,4.481641690806122,4.530737359728309,4.481922162033354,4.454533595520894,4.451310589735752
2023-08-04,4.38,Bhagyakul,4.37,4.373665193759747,4.372509312806366,4.358447178852391,4.367540582664909,4.363570825480207
2023-08-05,4.39,Bhagyakul,4.38,4.392143071115133,4.350221458969138,4.380481575465091,4.39390476044553,4.39092507351565
2023-08-06,4.39,Bhagyakul,4.39,4.373427600854998,4.358263020866288,4.364664994689211,4.367426062048291,4.363122247094336
2023-08-07,4.34,Bhagyakul,4.39,4.396934376697332,4.352031311323985,4.368189832994353,4.3848083373679225,4.383820034230193
2023-08-08,4.33,Bhagyakul,4.34,4.326680212580476,4.263686926382307,4.293208240956891,4.319820383370203,4.313168166651484
2023-08-09,4.3,Bhagyakul,4.33,4.302395270092703,4.250107469291428,4.297501874259026,4.30757515872991,4.29816804172085
2023-08-10,4.3,Bhagyakul,4.3,4.317529572731353,4.233553181191708,4.303059989183662,4.315156769702405,4.307643309600415
2023-08-11,4.37,Bhagyakul,4.3,4.386234862559516,4.271969892197014,4.369317650801133,4.381974924329975,4.379153973365624
2023-08-12,4.48,Bhagyakul,4.37,4.453339253938417,4.3863374889530045,4.472284980488398,4.475995736078427,4.468802393698074
2023-08-13,4.59,Bhagyakul,4.48,4.590356339836064,4.537525554402641,4.603019329956566,4.612717972010562,4.608227428427091
2023-08-14,4.65,Bhagyakul,4.59,4.718491024277443,4.620225058287445,4.693987013299379,4.704809201994206,4.702038535706053
2023-08-15,4.69,Bhagyakul,4.65,4.699533582957768,4.6432341794791165,4.707794310823497,4.703445821365325,4.7000488785845675
2023-08-16,4.76,Bhagyakul,4.69,4.764637891051449,4.6891315674589675,4.758987092858257,4.772101295291076,4.773036258254231
2023-08-17,4.81,Bhagyakul,4.76,4.819603117500238,4.781069794544588,4.812638717819591,4.812177867274989,4.812232056600301
2023-08-18,4.89,Bhagyakul,4.81,4.887006553724963,4.876498531521615,4.869446905135503,4.875074714305389,4.877027433065802
2023-08-19,4.94,Bhagyakul,4.89,4.940087719568344,4.944820539912787,4.910840807603651,4.9199320660255745,4.922616823236599
2023-08-20,4.87,Bhagyakul,4.94,4.900836532558767,4.9226316292085395,4.893871794274825,4.893363035316771,4.894366235336551
2023-08-21,4.78,Bhagyakul,4.87,4.782022701992673,4.755936773643569,4.772977372625424,4.769038856031941,4.770270971628315
2023-08-22,4.68,Bhagyakul,4.78,4.696984576929497,4.650893717026846,4.681865855974032,4.681519144202117,4.683962642353741
2023-08-23,4.58,Bhagyakul,4.68,4.617794309293269,4.582868708517423,4.601147730344351,4.612538456679927,4.612132937290142
2023-08-24,4.49,Bhagyakul,4.58,4.4840662503337665,4.480012829804072,4.497014331320249,4.487252796889259,4.486586767058668
2023-08-25,4.41,Bhagyakul,4.49,4.431837484203883,4.388259734105712,4.422067570949218,4.431612594455863,4.4284324633491865
2023-08-26,4.35,Bhagyakul,4.41,4.395108345001347,4.322213984923988,4.3859188984995106,4.391129657415793,4.386824796634365
2023-08-27,4.37,Bhagyakul,4.35,4.388056234962993,4.304468239622007,4.389493819373466,4.386909855802774,4.382733104638761
2023-08-28,4.48,Bhagyakul,4.37,4.4787794517457655,4.392549975999471,4.469735132472505,4.478032097248466,4.475007618572949
2023-08-29,4.55,Bhagyakul,4.48,4.603221464732669,4.5384136089027365,4.589137299854553,4.592090006389685,4.589857716111977
2023-08-30,4.65,Bhagyakul,4.55,4.678747925354747,4.605336176184721,4.6534297699156655,4.667856534251357,4.6663994850388795
2023-08-31,4.79,Bhagyakul,4.65,4.776785553263563,4.710200623054373,4.760514614704821,4.774435735475908,4.7748411359251195
2023-09-01,4.92,Bhagyakul,4.79,4.920482339007328,4.893951480652606,4.921172400426639,4.929929665222263,4.933915724062146
2023-09-02,5.01,Bhagyakul,4.92,5.022613815800352,5.003266556090203,5.020162954918981,5.022070904447507,5.026011259522427
2023-09-03,5.07,Bhagyakul,5.01,5.052362042045741,5.0400182741532875,5.055253015398353,5.055784130086784,5.059637981381708
2023-09-04,5.06,Bhagyakul,5.07,5.0243115566844025,5.011760490262475,5.022079392115206,5.018015765330703,5.017746572228026
2023-09-05,4.91,Bhagyakul,5.06,4.936166602187315,4.9218062731990315,4.928582144361108,4.91112907306337,4.916311103158473
2023-09-06,4.7,Bhagyakul,4.91,4.760487291545328,4.757940986531473,4.760248770090367,4.7414879777711,4.7446219939182575
2023-09-07,4.53,Bhagyakul,4.7,4.590342264626792,4.578951985063192,4.5643812448623615,4.560166262799707,4.561094434256112
2023-09-08,4.39,Bhagyakul,4.53,4.386782910110976,4.419863110722319,4.3849672343974895,4.365933680758339,4.360975089026415
2023-09-09,4.13,Bhagyakul,4.39,4.238412010481441,4.229664187280182,4.230891725363624,4.206651327227424,4.202980963856174
2023-09-10,3.94,Bhagyakul,4.13,3.955524571097384,3.948954404137907,3.97544880090564,3.9258557165672703,3.921640251945716
2023-09-11,3.78,Bhagyakul,3.94,3.850414791063644,3.8099073904265754,3.832008795270967,3.8190804001030063,3.8192546208568494
2023-09-12,3.71,Bhagyakul,3.78,3.718227905806359,3.7150799584658585,3.715791087163639,3.700293050569195,3.698107483547083
2023-09-13,3.74,Bhagyakul,3.71,3.7087992394610567,3.7094882717258186,3.700132384174039,3.6956156821070434,3.698961310526068
2023-09-14,3.81,Bhagyakul,3.74,3.821112227451119,3.7944497613653887,3.771501674649837,3.796840013220533,3.7985736621351176
2023-09-15,3.76,Bhagyakul,3.81,3.810993297279423,3.8240477087490703,3.7893932715936534,3.7978654608969413,3.799081799451019
2023-09-16,3.61,Bhagyakul,3.76,3.6731509289447626,3.692722836657902,3.6772921187289396,3.6765756156163847,3.674203921889017
2023-09-17,3.53,Bhagyakul,3.61,3.551149191240542,3.5249753704491016,3.537135108762154,3.5476827265412285,3.5454872942481153
2023-09-18,3.52,Bhagyakul,3.53,3.50311100967668,3.4981336526027333,3.49802337515081,3.5023392120232373,3.5036243504777254
2023-09-19,3.56,Bhagyakul,3.52,3.575173731719767,3.570858219912235,3.5632649279592434,3.568673901766145,3.572747906965267
2023-09-20,3.67,Bhagyakul,3.56,3.615840826424147,3.6366018060085463,3.6185080494172905,3.6039529864336317,3.6065841753590533
2023-09-21,3.63,Bhagyakul,3.67,3.6699860554842725,3.674534539014781,3.656512550316034,3.6537870438521156,3.6525523298289984
2023-09-22,3.51,Bhagyakul,3.63,3.566009070838438,3.5523963786804487,3.557957881878879,3.559888250006369,3.5554033917823147
2023-09-23,3.43,Bhagyakul,3.51,3.458220924862295,3.3908723146062734,3.450422695966498,3.4558468160058666,3.455003918144096
2023-09-24,3.47,Bhagyakul,3.43,3.4290534739376306,3.3409268134352677,3.4398188924109525,3.4415421801148227,3.439897743851798
2023-09-25,3.55,Bhagyakul,3.47,3.550016161262839,3.465363037122515,3.5578474928104256,3.57077735094744,3.5606951459335394
2023-09-26,3.67,Bhagyakul,3.55,3.707992061559894,3.605084428265883,3.676201697146025,3.70581734263992,3.7052798807727405
2023-09-27,3.8,Bhagyakul,3.67,3.816916696708867,3.7534185859313225,3.8004781816801163,3.7989160535683553,3.7913715578352405
2023-09-28,3.91,Bhagyakul,3.8,3.8987746320668952,3.872297781634224,3.9011801381023337,3.8894025405597574,3.8818751943581984
2023-09-29,4.02,Bhagyakul,3.91,4.02362773658451,3.970540918831921,3.9974795688367912,4.0100446566245225,4.009381576520156
2023-09-30,4.18,Bhagyakul,4.02,4.170724076100239,4.111377310902507,4.128472231743456,4.16130922635022,4.1695491506254045
2023-10-01,4.25,Bhagyakul,4.18,4.295077279384068,4.279319401184905,4.258974121625198,4.270380021379657,4.274705397286084
2023-10-02,4.22,Bhagyakul,4.25,4.259099664873971,4.284188735060112,4.250933408615066,4.246356330029699,4.24806616279358
2023-10-03,4.2,Bhagyakul,4.22,4.170919994676809,4.1786948030982245,4.153011716124653,4.1526007951336785,4.156198592861
2023-10-04,4.13,Bhagyakul,4.2,4.145606561039553,4.120837608091164,4.0943001650307105,4.118480754749074,4.116529252580814
2023-10-05,4.04,Bhagyakul,4.13,4.095725698726236,4.051675216495712,4.035630522228601,4.082795419465466,4.077481652490243
2023-10-06,4.05,Bhagyakul,4.04,4.083328225169389,3.9706424470858344,4.023206492363862,4.077890666109158,4.080296474541748
2023-10-07,3.97,Bhagyakul,4.05,4.044035514602638,3.96282602592909,4.044712020141033,4.023137346600149,4.022521616738117
2023-10-08,3.88,Bhagyakul,3.97,3.8711403331025735,3.8628947224339476,3.8984104796468273,3.8610801038743396,3.850271953565495
2023-10-09,3.81,Bhagyakul,3.88,3.8483013307697918,3.790464516913121,3.8367114681846037,3.848976037320886,3.8449601328927954
2023-10-10,3.77,Bhagyakul,3.81,3.817304599881766,3.745567286881285,3.8036487362285523,3.798351647482862,3.7952887225413057
2023-10-11,3.79,Bhagyakul,3.77,3.7780577664815103,3.741824564657216,3.7967640405205594,3.7731867643303194,3.772069273888622
2023-10-12,3.82,Bhagyakul,3.79,3.8037274895369753,3.792706056232175,3.839395517624211,3.819963891124756,3.8182964538787445
2023-10-13,3.82,Bhagyakul,3.82,3.8433032008818984,3.8177250089447514,3.8643568873820393,3.8496125772022194,3.846530753028313
2023-10-14,3.83,Bhagyakul,3.82,3.8287158627677362,3.7990562033535262,3.849382517247394,3.8381565631114563,3.8387722415741705
2023-10-15,3.81,Bhagyakul,3.83,3.8498514359545157,3.8104394541879905,3.8498015006240416,3.852916523660754,3.851242775767739
2023-10-16,3.81,Bhagyakul,3.81,3.8121257866487297,3.7932683928614304,3.813146880582492,3.8217182935105423,3.818701988176367
2023-10-17,3.78,Bhagyakul,3.81,3.779961437111864,3.7811343678012297,3.775564151356211,3.7886816238052266,3.7838030450962847
2023-10-18,3.7,Bhagyakul,3.78,3.701195532445915,3.7195456349737004,3.6920935983728875,3.7045691510951477,3.7012140567056195
2023-10-19,3.57,Bhagyakul,3.7,3.5916496356815797,3.5873330238331467,3.565058822123494,3.592613169706528,3.5844939157406674
2023-10-20,3.4,Bhagyakul,3.57,3.4446660227925037,3.417952697080515,3.421585791272616,3.4382458517834364,3.4290243721241302
2023-10-21,3.23,Bhagyakul,3.4,3.2610523432242653,3.244443107381693,3.2559058386413473,3.254325787884303,3.2423226654210553
2023-10-22,3.1,Bhagyakul,3.23,3.1089149078686273,3.1004051601252094,3.1103015153954767,3.1082920483882694,3.0969846297295636
2023-10-23,2.94,Bhagyakul,3.1,3.0002738640682405,3.0035720483067876,2.9960870636400756,2.9921044031022936,2.981925519791904
2023-10-24,2.89,Bhagyakul,2.94,2.9022899858661524,2.889658840148948,2.895219136950132,2.896108111540522,2.892335127091984
2023-10-25,2.85,Bhagyakul,2.89,2.826181335563804,2.847756834336861,2.853992598903147,2.840694630735458,2.8365437219597767
2023-10-26,2.82,Bhagyakul,2.85,2.8440544835944443,2.808182925348417,2.827527721618479,2.843961866191494,2.8419892643902727
2023-10-27,2.77,Bhagyakul,2.82,2.7820765735532746,2.780876872417899,2.7820202642934277,2.791128443711091,2.7887768815253726
2023-10-28,2.71,Bhagyakul,2.77,2.7252039137870128,2.73171857407733,2.7190667607703904,2.7374629628503864,2.7352770619450926
2023-10-29,2.65,Bhagyakul,2.71,2.6671252782799315,2.6622391259071896,2.6427148013725827,2.6698398236100362,2.6679154662293882
2023-10-30,2.55,Bhagyakul,2.65,2.5961199862080715,2.595131604248111,2.5792999155567276,2.602892522549717,2.602539763499212
2023-10-31,2.45,Bhagyakul,2.55,2.5036738187634384,2.5012395731151393,2.4901202742658723,2.502907163284746,2.5036259237194716
2023-11-01,2.37,Bhagyakul,2.45,2.3558495951942002,2.3776534228961435,2.3669140321328714,2.3742281773563314,2.369776466170976
2023-11-02,2.27,Bhagyakul,2.37,2.258447463809498,2.2723419003273313,2.2777403122113014,2.282305691504502,2.2762341354444917
2023-11-03,2.18,Bhagyakul,2.27,2.1890898587607386,2.1743789309628845,2.1912832325431997,2.195864340877678,2.1908818522853757
2023-11-04,2.04,Bhagyakul,2.18,2.1004320964682255,2.106829521543121,2.121994028379502,2.113888282664495,2.1095865351525807
2023-11-05,1.95,Bhagyakul,2.04,1.9614158785958016,1.9652392962695837,1.9835572312043022,1.974554305698481,1.968904704916369
2023-11-06,1.81,Bhagyakul,1.95,1.8265957390265455,1.859022943568414,1.8857196208704423,1.8533357167854332,1.8452508162555177
2023-11-07,1.71,Bhagyakul,1.81,1.746995377999743,1.7282241387624755,1.7730202673605062,1.752767769094353,1.7475569621770528
2023-11-08,1.71,Bhagyakul,1.71,1.7301859282857897,1.6811637529195023,1.7297955688877231,1.7207614369860966,1.7208033287056788
2023-11-09,1.71,Bhagyakul,1.71,1.715673918432734,1.723940504211822,1.7511345230264197,1.7187552064368532,1.717163991832617
2023-11-10,1.74,Bhagyakul,1.71,1.7288020156258703,1.73086519806741,1.7623533063201355,1.7426201943522843,1.743059240541027
2023-11-11,1.78,Bhagyakul,1.74,1.7663713580228428,1.7582672921127716,1.8001594305354482,1.7821154174407805,1.7837143330223668
2023-11-12,1.83,Bhagyakul,1.78,1.8027288724227986,1.80574181765519,1.8436286891849294,1.8172357674171014,1.8191943448503372
2023-11-13,1.86,Bhagyakul,1.83,1.8470439410308233,1.8479677853057739,1.8785334788258536,1.8589388825012392,1.8599844771893126
2023-11-14,1.87,Bhagyakul,1.86,1.8521924059669697,1.8627413773346433,1.8938820535878014,1.86864900737224,1.8704454040235852
2023-11-15,1.85,Bhagyakul,1.87,1.84998571609017,1.8631967306147448,1.8847001411233766,1.864952690869383,1.8665546647104672
2023-11-16,1.8,Bhagyakul,1.85,1.8136515343435133,1.835863118005302,1.8497843548496455,1.839554852024105,1.8388641823793392
2023-11-17,1.82,Bhagyakul,1.8,1.8011179303857412,1.8460143378677507,1.848299760598816,1.820054494657781,1.8232424276289014
2023-11-18,1.9,Bhagyakul,1.82,1.8568121252623093,1.8306680182985058,1.8238147242568292,1.8627935222883132,1.8629682689294063
2023-11-19,1.74,Bhagyakul,1.9,1.7728497893839583,1.8067164666566782,1.8160935086921377,1.7947128480413241,1.7874957583258855
2023-11-20,1.63,Bhagyakul,1.74,1.6157055304186867,1.595059725985789,1.6390572952191447,1.6348597090649468,1.6292281651610516
2023-11-21,1.53,Bhagyakul,1.63,1.5090775195149084,1.4923714448215486,1.535043501222722,1.5287685312946653,1.5174096623421416
2023-11-22,1.48,Bhagyakul,1.53,1.4771854509175402,1.4272453681148012,1.4604321856390534,1.4711125818778417,1.4649535705132468
2023-11-23,1.43,Bhagyakul,1.48,1.4431825124085937,1.419151967162496,1.44374301910105,1.4392423290370797,1.4359333139248978
2023-11-24,1.47,Bhagyakul,1.43,1.441945648625899,1.398776545093465,1.4450667178826209,1.4457081677941102,1.4456324379061396
2023-11-25,1.53,Bhagyakul,1.47,1.510210056964814,1.4622612062945606,1.5233653206859918,1.5083238459788977,1.5108645992887915
2023-11-26,1.57,Bhagyakul,1.53,1.5312233973930118,1.5223956316564304,1.5730908822179586,1.5323083945664253,1.5313814278081146
2023-11-27,1.6,Bhagyakul,1.57,1.5839176955106324,1.549232148745686,1.5990317266633813,1.5818495669472126,1.5827250216050857
2023-11-28,1.55,Bhagyakul,1.6,1.600300737155593,1.567603621123098,1.6106221229542603,1.5985186603116164,1.5997365684564777
2023-11-29,1.52,Bhagyakul,1.55,1.5321135693181869,1.4989020306247418,1.5337748394872992,1.532480080651955,1.5317320170829953
2023-11-30,1.46,Bhagyakul,1.52,1.4871105016171884,1.464419705834904,1.4942494294936284,1.486769010870578,1.4852086864076572
2023-12-01,1.41,Bhagyakul,1.46,1.394231862939913,1.3843347226229714,1.4073294136535441,1.397161418503088,1.3943943883981837
2023-12-02,1.33,Bhagyakul,1.41,1.3575709488405063,1.3244054513985486,1.3594730872569232,1.3588085943084582,1.3549070631358988
2023-12-03,1.23,Bhagyakul,1.33,1.2741671950197246,1.2436370137341266,1.2842522307967965,1.2714500281790773,1.2657113850852995
2023-12-04,1.15,Bhagyakul,1.23,1.1715597459375537,1.1517061053626654,1.1893949654751241,1.165092792153745,1.1597808976429798
2023-12-05,1.07,Bhagyakul,1.15,1.1168554796570302,1.0806174950526535,1.130345714785638,1.109928728290467,1.1053447509394396
2023-12-06,0.98,Bhagyakul,1.07,1.044675839414426,1.0108391052153665,1.0676311901070876,1.035229847634844,1.0293165895841794
2023-12-07,0.97,Bhagyakul,0.98,1.001800712050492,0.9382827768094925,1.0072386592861264,0.9899089185310769,0.9863888129987948
2023-12-08,1.06,Bhagyakul,0.97,1.0268524175476017,0.9572417356796378,1.0344177154626337,1.0212537075142147,1.0183207502117466
2023-12-09,1.08,Bhagyakul,1.06,1.0900933060065547,1.0642960733597082,1.1254188399694058,1.0864585119222376,1.0844880650693365
2023-12-10,1.1,Bhagyakul,1.08,1.1076097198360246,1.0775594402680593,1.144378179615984,1.11792457011965,1.1194110375838457
2023-12-11,1.13,Bhagyakul,1.1,1.128872748887093,1.0974306701056746,1.1583753151355045,1.1351898408762215,1.1358988762199076
2023-12-12,1.16,Bhagyakul,1.13,1.179948236507815,1.1242385525503036,1.1828831525923065,1.1808084330872952,1.1823803754955258
2023-12-13,1.27,Bhagyakul,1.16,1.1854040172168314,1.1619325170791164,1.2122059338520466,1.1984728215960032,1.203427435615317
2023-12-14,1.27,Bhagyakul,1.27,1.278074465132129,1.264529414076755,1.3007605533872832,1.2940969128512627,1.2976719037236062
2023-12-15,1.18,Bhagyakul,1.27,1.2385647584618713,1.252450003554417,1.2707904970556676,1.2408400778127457,1.2412764856446943
2023-12-16,1.15,Bhagyakul,1.18,1.1581457300099431,1.1502971102713726,1.1691317587397902,1.1649723482618264,1.1643328107448445
2023-12-17,1.16,Bhagyakul,1.15,1.1259938136655905,1.0972432293139454,1.1280116200851162,1.1262567551457239,1.122763659955727
2023-12-18,1.07,Bhagyakul,1.16,1.123589389833416,1.0834500001580858,1.1260100009457612,1.124899538617597,1.122922329993089
2023-12-19,1.0,Bhagyakul,1.07,1.0041018710912126,0.9948336698332837,1.0319001810407906,1.0052424058020701,1.0010655917694684
2023-12-20,0.92,Bhagyakul,1.0,0.9343329620274896,0.924790565769427,0.9515253686227333,0.9331506149264516,0.9258239333665387
2023-12-21,0.9,Bhagyakul,0.92,0.9208006636812737,0.8641674685605641,0.9105648792328074,0.9091012882887841,0.9046125691687545
2023-12-22,0.94,Bhagyakul,0.9,0.9317774909865699,0.8753374982853064,0.9312481901986258,0.92718646816245,0.9223927467561364
2023-12-23,1.0,Bhagyakul,0.94,0.9808864404459399,0.9425628762069097,0.9960212110198143,0.9843981232293157,0.9812017983635494
2023-12-24,1.04,Bhagyakul,1.0,1.052806606525059,1.0317321602420007,1.0772275982431028,1.0593149048869714,1.0606574194245677
2023-12-25,1.07,Bhagyakul,1.04,1.070971818026937,1.0606306183707899,1.093239826486833,1.0790848031308187,1.0785364913346034
2023-12-26,1.11,Bhagyakul,1.07,1.1010865419568732,1.0665556689087383,1.1143023038536837,1.107769505594754,1.112043086279699
2023-12-27,1.11,Bhagyakul,1.11,1.108486012454796,1.0886666466382895,1.1295212630395355,1.1181344458133464,1.1203419535481898
2023-12-28,1.12,Bhagyakul,1.11,1.088247143238865,1.0840339299889454,1.109315463656779,1.0883371404699143,1.0877290474422785
2023-12-29,1.06,Bhagyakul,1.12,1.0862267822680916,1.0809039849216415,1.1043862687980233,1.0984008471650497,1.0971619217960529
2023-12-30,0.99,Bhagyakul,1.06,1.0084917208778474,0.9999079228632989,1.0267179751696163,1.013720588521965,1.009862297345346
2023-12-31,0.95,Bhagyakul,0.99,0.9573742343404493,0.9268616695670655,0.9573721619173825,0.9519538563729096,0.9470136273663918
2024-01-01,0.86,Bhagyakul,0.95,0.8874224772460758,0.8818748141565628,0.9059268333627899,0.8896212743818778,0.8852766929711242
2024-01-02,0.8,Bhagyakul,0.86,0.8104079245382136,0.7815809475954145,0.8107785662486409,0.8134194717693465,0.8111248056565645
2024-01-03,0.73,Bhagyakul,0.8,0.7458060532961855,0.7236939982489807,0.7568329923173325,0.7494328641036733,0.7467648265389887
2024-01-04,0.7,Bhagyakul,0.73,0.7070440770325365,0.6898547243151761,0.7202691154431804,0.701657428938467,0.700805148789382
2024-01-05,0.67,Bhagyakul,0.7,0.7127611260459253,0.6927701967619462,0.7223830853832616,0.7205031123767868,0.7168612363348733
2024-01-06,0.65,Bhagyakul,0.67,0.6656982489928098,0.6579548910398344,0.684717192528959,0.6858162675715684,0.6815455265928173
2024-01-07,0.65,Bhagyakul,0.65,0.6181248040932368,0.6318864444262472,0.6630846600934079,0.6378193603802061,0.6346605642389109
2024-01-08,0.68,Bhagyakul,0.65,0.6523804509448156,0.6401607875546939,0.6781966041168196,0.669810795829865,0.6671784924737479
2024-01-09,0.74,Bhagyakul,0.68,0.7336810590463126,0.69758469194874,0.7449881680466168,0.745318267218709,0.7452417833324593
2024-01-10,0.79,Bhagyakul,0.74,0.7911441485434108,0.7864741204959173,0.8279453265296283,0.8137757915740647,0.8152098852558459
2024-01-11,0.92,Bhagyakul,0.79,0.8641586000211282,0.8632392421509983,0.8987524285483381,0.8896670169051805,0.8945013225343423
2024-01-12,0.94,Bhagyakul,0.92,0.9438117593131896,0.9587074327269179,0.9793334120402167,0.9742653457052411,0.9753682986353361
2024-01-13,0.92,Bhagyakul,0.94,0.9457246316310488,0.9382451405331832,0.9671306646436396,0.9542853365102815,0.9592168114905856
2024-01-14,0.95,Bhagyakul,0.92,0.9348536572628517,0.9274358840367373,0.9555329266597948,0.9451866013586797,0.950796560097201
2024-01-15,0.95,Bhagyakul,0.95,0.9311592137206396,0.9394584281754863,0.9396535542218887,0.9412512113697281,0.9397690805638019
2024-01-16,0.95,Bhagyakul,0.95,0.9169979288381008,0.8918686106421397,0.9038542573368292,0.9183981696417177,0.9183234078450581
2024-01-17,0.83,Bhagyakul,0.95,0.8955030795430292,0.891037472604792,0.9084312639206708,0.8956211500556589,0.8951604235490835
2024-01-18,0.75,Bhagyakul,0.83,0.7597045793336077,0.7580207538660604,0.7546626536783227,0.7580124705046877,0.750701348070947
2024-01-19,0.64,Bhagyakul,0.75,0.688866233770798,0.6789276655445184,0.6836993642540626,0.68384903057607,0.6808021842761202
2024-01-20,0.54,Bhagyakul,0.64,0.575140460118184,0.5663871033891179,0.5755436211054495,0.5732624581460684,0.5679537274545594
2024-01-21,0.57,Bhagyakul,0.54,0.5224193799180181,0.48958386086095373,0.5135642115750092,0.5159038104629663,0.5120615758389896
2024-01-22,0.57,Bhagyakul,0.57,0.6116964309158716,0.5544749472789704,0.5962374838048229,0.6116902456699429,0.6061450296839103
2024-01-23,0.59,Bhagyakul,0.57,0.6125195975829288,0.5866343788549911,0.6236758031592023,0.6126445993448905,0.6091398088982106
2024-01-24,0.7,Bhagyakul,0.59,0.6623796450823676,0.6268628615325865,0.662712158698436,0.6700975663169667,0.66833199375244
2024-01-25,0.7,Bhagyakul,0.7,0.7425558791061205,0.7410627033098042,0.7683346749267347,0.7610138503404941,0.7588498438460655
2024-01-26,0.71,Bhagyakul,0.7,0.7123055836836459,0.7330366877091298,0.74377635033657,0.7182719734863103,0.7182468549363265
2024-01-27,0.69,Bhagyakul,0.71,0.6948532819148266,0.7334079300387025,0.7278855570146089,0.7024133436069838,0.7036042518168603
2024-01-28,0.69,Bhagyakul,0.69,0.6938950845508096,0.696968908052597,0.7004003038820313,0.6952013627737004,0.6946115874439678
2024-01-29,0.71,Bhagyakul,0.69,0.7085798147352654,0.6873359205580224,0.714686029759963,0.7193119914343046,0.7187550012240971
2024-01-30,0.75,Bhagyakul,0.71,0.7278977685478082,0.713256852824408,0.741014112601141,0.7427816570304621,0.7419989193107965
2024-01-31,0.79,Bhagyakul,0.75,0.7523166063792175,0.7492046188477,0.762904818972677,0.7558130172219387,0.7543857299144792
2024-02-01,0.77,Bhagyakul,0.79,0.7934790687493358,0.773090684600056,0.7834196219574835,0.8024189607476969,0.8044804139184851
2024-02-02,0.72,Bhagyakul,0.77,0.7401847616997774,0.7353113006883417,0.7392701085436727,0.7408775343232973,0.7393500459544331
2024-02-03,0.67,Bhagyakul,0.72,0.6961946347173382,0.6864271544227899,0.691837433177699,0.7005825520168232,0.6983221191250495
2024-02-04,0.59,Bhagyakul,0.67,0.6383610384927311,0.6439425674865195,0.6407101602986137,0.6425800845257742,0.640277451093715
2024-02-05,0.52,Bhagyakul,0.59,0.5176127030647291,0.5540614935312281,0.540135231978636,0.5168745507451181,0.5128692931975113
2024-02-06,0.52,Bhagyakul,0.52,0.5035934809423105,0.4845995815355708,0.4935467986750406,0.4950329980981579,0.49225420349616567
2024-02-07,0.57,Bhagyakul,0.52,0.5529158003258897,0.5062266598683758,0.5403849933427639,0.5468536282597131,0.5429402200213083
2024-02-08,0.63,Bhagyakul,0.57,0.6299023213613071,0.5882455419173519,0.6280665420082511,0.6357859755369519,0.6356426402517596
2024-02-09,0.67,Bhagyakul,0.63,0.6476176274344447,0.6540122348090704,0.6731922960484256,0.6627401994439737,0.6631612031972836
2024-02-10,0.69,Bhagyakul,0.67,0.654188929519185,0.6929644838983138,0.6904866297620185,0.6600713892708826,0.6638466335903183
2024-02-11,0.79,Bhagyakul,0.69,0.824311446540076,0.7459491551212031,0.7845616287173738,0.8293616662123969,0.8379938225161497
2024-02-12,0.83,Bhagyakul,0.79,0.8511799100994277,0.8676990056131836,0.8769261111616187,0.8721732373465664,0.8780820962951603
2024-02-13,0.86,Bhagyakul,0.83,0.832564478271471,0.8774339760219672,0.8645795814309958,0.8685412268685818,0.8733378087956893
2024-02-14,0.86,Bhagyakul,0.86,0.8210463991382707,0.8378502980116879,0.8247985631681013,0.8365215313052435,0.8396061081038521
2024-02-15,0.74,Bhagyakul,0.86,0.7553726475220499,0.763703572793025,0.7550511320240277,0.7668855576734983,0.7658606501494685
2024-02-16,0.59,Bhagyakul,0.74,0.6204829785162712,0.6265532426363092,0.6247702078964336,0.6261402401852977,0.6261143825046066
2024-02-17,0.48,Bhagyakul,0.59,0.4834773054368058,0.493164822969348,0.48579255998334636,0.49039394598646474,0.4895714124500383
2024-02-18,0.38,Bhagyakul,0.48,0.4222284179545262,0.4187783765201076,0.40801753227566806,0.410212857522265,0.4075993253249878
2024-02-19,0.36,Bhagyakul,0.38,0.3737107489216854,0.3586687467889882,0.36651279371942214,0.3732807387666351,0.3707504915200823
2024-02-20,0.4,Bhagyakul,0.36,0.39549285864972006,0.34892823187819894,0.3818634773457472,0.41224553766473854,0.40525798201687513
2024-02-21,0.49,Bhagyakul,0.4,0.4664150485896669,0.4186167376063341,0.46849254475001567,0.47174775114672113,0.4707342585194505
2024-02-22,0.62,Bhagyakul,0.49,0.5503394175734748,0.5157399970148391,0.5535534830602699,0.5607383636683893,0.5569844734297846
2024-02-23,0.7,Bhagyakul,0.62,0.7011444556702771,0.6775756198883518,0.7080456240178549,0.7049263802899324,0.7115761523550767
2024-02-24,0.72,Bhagyakul,0.7,0.7482741206149106,0.7768744840700278,0.7713122332451352,0.7633269335515157,0.7699314963046512
2024-02-25,0.73,Bhagyakul,0.72,0.7485837060986534,0.7624110391389006,0.7408454904639473,0.7662557345583866,0.7681677858375494
2024-02-26,0.65,Bhagyakul,0.73,0.6953906126929055,0.7164199586902167,0.7087201382497011,0.7192818702393732,0.7192360895878238
2024-02-27,0.62,Bhagyakul,0.65,0.6199679872800601,0.6153775786238048,0.6193442399552925,0.616346593423594,0.6169217883381597
2024-02-28,0.68,Bhagyakul,0.62,0.6594638546843106,0.6112830466638159,0.6262855007918162,0.6572963829316877,0.6562997866624661
2024-02-29,0.7,Bhagyakul,0.68,0.6745848794465381,0.6755556269735797,0.6652548172564501,0.6655754903880879,0.6614799004483797
2024-03-01,0.64,Bhagyakul,0.7,0.672269493288527,0.6735605949319975,0.6554339538208802,0.6601991524280796,0.6591479564885673
2024-03-02,0.56,Bhagyakul,0.64,0.5989953399921483,0.5913661683641797,0.5798781826224566,0.5914924577660302,0.5915962164249473
2024-03-03,0.47,Bhagyakul,0.56,0.5052140923184402,0.4986521686775074,0.49289514926511496,0.4885488941905763,0.48746507709961523
2024-03-04,0.38,Bhagyakul,0.47,0.40807061112771115,0.4137742952023152,0.4189288296351151,0.3901313032832163,0.39127329081040146
2024-03-05,0.3,Bhagyakul,0.38,0.3518212506264696,0.32098194774675404,0.34625702437510214,0.35241021317383364,0.35397900238250174
2024-03-06,0.34,Bhagyakul,0.3,0.3273589088331635,0.2775360502197488,0.33034582374922866,0.3274838807657778,0.3266595707669277
2024-03-07,0.42,Bhagyakul,0.34,0.3699252542276644,0.3555696670184454,0.3909069974414501,0.3780611512794154,0.3747858430762036
2024-03-08,0.51,Bhagyakul,0.42,0.5031089037852048,0.4554730732144548,0.5013852526484558,0.5295492590268192,0.52788076745758
2024-03-09,0.69,Bhagyakul,0.51,0.635573367987116,0.5971488086949407,0.6509720502140008,0.6641438895496132,0.6673933222310481
2024-03-10,0.86,Bhagyakul,0.69,0.80503554304797,0.8056357846075869,0.8279080866663651,0.8347153139619338,0.8403355245283199
2024-03-11,0.9,Bhagyakul,0.86,0.9394988609840296,0.979819196443719,0.9815480860362098,0.9627806942142604,0.9731343997779646
2024-03-12,0.99,Bhagyakul,0.9,1.00653098324734,0.9802336904050994,0.9947856600842707,1.0213098854487004,1.0336974918117223
2024-03-13,1.05,Bhagyakul,0.99,1.0220009504852374,1.0136909712224424,1.0243223571483215,1.026629495879392,1.0336906332635103
2024-03-14,1.05,Bhagyakul,1.05,0.9938101465622001,0.9821280573283251,0.9820977835540529,0.9819044422534356,0.9823091528473192
2024-03-15,0.96,Bhagyakul,1.05,0.9875250653539064,0.920059481437133,0.935690641418954,0.9518371403212741,0.9574704819269809
2024-03-16,0.75,Bhagyakul,0.96,0.8267111430532414,0.8120441236753612,0.8161986295538171,0.8135008398542327,0.8129135214969195
2024-03-17,0.57,Bhagyakul,0.75,0.5778404385866274,0.6205592629306109,0.60705960978107,0.5963138251123935,0.5926218723278928
2024-03-18,0.4,Bhagyakul,0.57,0.4142127192096099,0.4600028047268092,0.43813541716004084,0.4418379352657755,0.43742441080113575
2024-03-19,0.35,Bhagyakul,0.4,0.34738281150877154,0.31793989288064045,0.3196496092526741,0.3339356481991868,0.32919413660721114
2024-03-20,0.39,Bhagyakul,0.35,0.40770418871811115,0.3265831603634316,0.3681328385025157,0.3925708697824941,0.38754775448856726
2024-03-21,0.44,Bhagyakul,0.39,0.4647563353128797,0.4167257119207312,0.4711071288078567,0.46317933518240034,0.4596579363837745
2024-03-22,0.72,Bhagyakul,0.44,0.6177848734678006,0.5231419216614762,0.5886825190217579,0.6132497692523925,0.6213746508065333
2024-03-23,0.8,Bhagyakul,0.72,0.825614719732177,0.8084095736771809,0.8615708378409069,0.8548758632603582,0.8663877169768918
2024-03-24,0.98,Bhagyakul,0.8,0.9393704795509379,0.8944768682663558,0.934821062240668,0.9371991498734399,0.9566797705438689
2024-03-25,1.03,Bhagyakul,0.98,1.018244953975967,1.047451952362636,1.0417487399665692,1.0440030376486862,1.054856201867169
2024-03-26,1.03,Bhagyakul,1.03,1.0544387860742896,1.0519019835068606,1.0432745911978663,1.05512355435894,1.063485435200797
2024-03-27,1.0,Bhagyakul,1.03,1.0490671794076307,1.0248219428951753,1.0312737436854824,1.0556867889492587,1.0606869640048489
2024-03-28,1.02,Bhagyakul,1.0,1.0317812293480508,0.9864695628564183,0.9990583724919698,1.0333178114009092,1.0348430415980268
2024-03-29,1.02,Bhagyakul,1.02,1.0014116278279808,0.9985647443018953,0.996113805992608,0.9906790645600209,0.9895287957954017
2024-03-30,1.03,Bhagyakul,1.02,1.0109373808680002,0.9789906320927738,0.982660353184926,1.0031772788598456,1.0033630449202908
2024-03-31,1.02,Bhagyakul,1.03,1.0305800284232838,0.967515089997708,0.9806181723364741,1.0140247404289446,1.0121354749777665
2024-04-01,0.95,Bhagyakul,1.02,0.984630056760368,0.9515749021020392,0.9589330077614856,0.9759377011329109,0.9691674363197258
2024-04-02,0.9,Bhagyakul,0.95,0.9314383222531323,0.8822361046444942,0.8866883442658265,0.9202767196091876,0.9137739614912607
2024-04-03,0.83,Bhagyakul,0.9,0.8682944212659548,0.8559626327762793,0.8496816665441642,0.8501125474625324,0.8435022475258739
2024-04-04,0.83,Bhagyakul,0.83,0.8351932866370476,0.7941525816207592,0.7971070229891136,0.8290208783877011,0.8238386059511787
2024-04-05,0.95,Bhagyakul,0.83,0.937016628585159,0.8541998533689487,0.8973615524292802,0.9233367209197585,0.9277520294930017
2024-04-06,1.08,Bhagyakul,0.95,1.018257408733092,1.0189782521753399,1.0273505012369093,1.010197683523055,1.0130797750396665
2024-04-07,1.21,Bhagyakul,1.08,1.2141554164865487,1.169255078036663,1.1794370402087566,1.19786981481597,1.2090212853912332
2024-04-08,1.33,Bhagyakul,1.21,1.296864083495535,1.2882631084696896,1.2892069002217053,1.28943443693722,1.2977203300449345
2024-04-09,1.35,Bhagyakul,1.33,1.3783816416514412,1.3676512718680351,1.367660976569262,1.3634815033652654,1.3714436903567169
2024-04-10,1.26,Bhagyakul,1.35,1.3312700657346443,1.3179343940085817,1.3296754812553482,1.3243819925859468,1.3259969906322289
2024-04-11,1.22,Bhagyakul,1.26,1.268203050728488,1.2083562080848158,1.2577325578480822,1.2553344569770521,1.2600994251368904
2024-04-12,1.18,Bhagyakul,1.22,1.177608454901704,1.1761482217002273,1.19302511087664,1.1799628897223433,1.1814534929201967
2024-04-13,1.09,Bhagyakul,1.18,1.087787587610276,1.073569261613,1.0760408773162125,1.1084423438264828,1.099570777139672
2024-04-14,0.98,Bhagyakul,1.09,0.990937828925879,0.9467380828260291,0.9881309554475718,0.9909882104732736,0.9846528951956478
2024-04-15,0.89,Bhagyakul,0.98,0.9104836455873602,0.8501063304299055,0.9155196579781801,0.9037755303130023,0.9004226635105012
2024-04-16,0.86,Bhagyakul,0.89,0.9347879513554164,0.8237701101072137,0.8937306935911874,0.9039821459438055,0.9045401123162917
2024-04-17,0.99,Bhagyakul,0.86,0.9736482979923953,0.8907833432507521,0.9443200756187776,0.9506136580474447,0.9501953814315715
2024-04-18,1.11,Bhagyakul,0.99,1.113802267200514,1.075354540867468,1.092115136747662,1.1097383032604924,1.1096463825869463
2024-04-19,1.18,Bhagyakul,1.11,1.1760636955977182,1.1828508688944683,1.1842101880359568,1.1928051618172653,1.1931768443130233
2024-04-20,1.3,Bhagyakul,1.18,1.2361311786720837,1.2322151551447993,1.2469736090579657,1.2589379500976294,1.2638421774916828
2024-04-21,1.42,Bhagyakul,1.3,1.4101464924858131,1.3470496815775344,1.378489897558742,1.4112300082717386,1.4216584832782824
2024-04-22,1.5,Bhagyakul,1.42,1.4701932962389228,1.4440564458698368,1.462135848033015,1.4772098521374015,1.4837307622860039
2024-04-23,1.43,Bhagyakul,1.5,1.4701196504024865,1.4677008643873108,1.4764899706364443,1.4854317761922111,1.4835759791316747
2024-04-24,1.46,Bhagyakul,1.43,1.3964536946413748,1.3685351498437897,1.3897263305147491,1.402107074006677,1.3988568886013264
2024-04-25,1.48,Bhagyakul,1.46,1.4991861577987666,1.4286832812410133,1.47564452757826,1.4889075178719924,1.4919758805216985
2024-04-26,1.46,Bhagyakul,1.48,1.530578404575993,1.469085626788761,1.5122267448819897,1.5238682718596916,1.5267641579341091
2024-04-27,1.47,Bhagyakul,1.46,1.4969308301516404,1.448068577838341,1.4933008708649325,1.4962502988881117,1.49707944127255
2024-04-28,1.44,Bhagyakul,1.47,1.4676653349515665,1.4387524298921763,1.4675504681133296,1.457492279325168,1.4566072527122442
2024-04-29,1.41,Bhagyakul,1.44,1.3935978487958645,1.3665085926892502,1.3891131178589335,1.3862994953330656,1.380768417133351
2024-04-30,1.36,Bhagyakul,1.41,1.3740846699512594,1.3088986115025103,1.3590617210883738,1.3571322645554218,1.3501106791598885
2024-05-01,1.43,Bhagyakul,1.36,1.4241789416511714,1.30456873837357,1.3996647522700245,1.3988883489854764,1.3947605461153596
2024-05-02,1.49,Bhagyakul,1.43,1.5476682312453163,1.4444764181523952,1.52985966665132,1.5296648487884397,1.5348344478944558
2024-05-03,1.57,Bhagyakul,1.49,1.5798199663754726,1.5283972985796728,1.5695079014320523,1.5624696507630127,1.5631464702027758
2024-05-04,1.63,Bhagyakul,1.57,1.6224425566852976,1.5823862357356402,1.6152591688738844,1.6252023425522049,1.6251677614300188
2024-05-05,1.73,Bhagyakul,1.63,1.7006883839475726,1.6200650832965453,1.6618641401007206,1.6961809669868249,1.700780264733302
2024-05-06,1.93,Bhagyakul,1.73,1.8344452255574162,1.7784482256210306,1.819904264182887,1.8339210726454003,1.8394370131084035
2024-05-07,1.93,Bhagyakul,1.93,1.9928776261606647,2.003946860402708,1.9955566717043445,1.9909789429813065,1.9939476283329196
2024-05-08,1.95,Bhagyakul,1.93,1.9471010068957102,1.9541053567824094,1.9551395561139604,1.9546753964726868,1.952455233885605
2024-05-09,1.81,Bhagyakul,1.95,1.9159492993377456,1.889862844385921,1.9231364951130792,1.9255210834853778,1.9212181886217168
2024-05-10,1.78,Bhagyakul,1.81,1.8430584366410097,1.7476353796971982,1.8280996814813042,1.842060891597497,1.8402266979682083
2024-05-11,1.79,Bhagyakul,1.78,1.8004428493605835,1.758882003839072,1.80704835946589,1.799215280767883,1.797346218010305
2024-05-12,1.75,Bhagyakul,1.79,1.757209676035103,1.7617195171922264,1.7652016331584137,1.764277157090051,1.759717269877834
2024-05-13,1.65,Bhagyakul,1.75,1.6403665010772719,1.6350224808529459,1.6367780131339131,1.656172697540797,1.6429829491531092
2024-05-14,1.51,Bhagyakul,1.65,1.4948307106225842,1.5044458702873644,1.5248427343738225,1.52415998149859,1.5171839095631032
2024-05-15,1.39,Bhagyakul,1.51,1.3922787730237949,1.387535987340101,1.4118257865939523,1.4068361343808204,1.3997821325815398
2024-05-16,1.28,Bhagyakul,1.39,1.2798498222530152,1.2867772010257743,1.3021243139264334,1.2971353413737212,1.2890590657345395
2024-05-17,1.25,Bhagyakul,1.28,1.2116796531724812,1.1976926460129365,1.233923518131962,1.2301335319780098,1.2235444527388246
2024-05-18,1.31,Bhagyakul,1.25,1.2596433792027342,1.21268615904151,1.2714382681935865,1.2749172655273153,1.2715875165244357
2024-05-19,1.37,Bhagyakul,1.31,1.3627235460491167,1.3314678606082875,1.3820604323213914,1.3682786470339223,1.371121114348029
2024-05-20,1.44,Bhagyakul,1.37,1.4338567237941473,1.4155991995838682,1.452849304062414,1.4345612835315205,1.4395201386318568
2024-05-21,1.48,Bhagyakul,1.44,1.4882001866512091,1.4727687341371454,1.5156627990658897,1.5020898870187933,1.5076330206952135
2024-05-22,1.58,Bhagyakul,1.48,1.5509138780638851,1.5000376673277434,1.5527421725025974,1.5516421777944818,1.5555246767761213
2024-05-23,1.67,Bhagyakul,1.58,1.655578740593444,1.5937762113851752,1.646518617186187,1.652018208417779,1.6545153997426079
2024-05-24,1.76,Bhagyakul,1.67,1.7378296872189396,1.6789379186980724,1.7276917432694656,1.735736503054957,1.7379011637225397
2024-05-25,1.84,Bhagyakul,1.76,1.8868419933786948,1.818448609715232,1.8722111796477208,1.873653561788328,1.881428588141109
2024-05-26,2.12,Bhagyakul,1.84,2.0745817644118922,1.9873690582679793,2.031801253348619,2.057227641926767,2.0636688448995772
2024-05-27,2.96,Bhagyakul,2.12,2.8152372627827758,2.409065131661963,2.5153989015727674,2.7276239688675386,2.725236525709081
2024-05-28,2.68,Bhagyakul,2.96,3.049352648621598,3.1131086783736115,2.927363553168584,2.9428574640118828,2.9477893164161135
2024-05-29,2.37,Bhagyakul,2.68,2.282972313288771,2.4764562135401333,2.3905722260761135,2.4194790673108657,2.405017619903926
2024-05-30,2.22,Bhagyakul,2.37,2.169125072864888,2.149176428463159,2.1709915025673756,2.1876010099361323,2.1837610984764297
2024-05-31,2.1,Bhagyakul,2.22,2.130772865249229,2.061110640586708,2.1203084888835164,2.100583961876349,2.100127046565581
2024-06-01,2.02,Bhagyakul,2.1,2.078391668432865,2.038432961200444,2.082820796810093,2.057649696916079,2.057009594431373
2024-06-02,2.15,Bhagyakul,2.02,2.136761570912334,2.0526095466222247,2.1206173656811007,2.135375114446582,2.1346102416010644
2024-06-03,2.35,Bhagyakul,2.15,2.3242135337188796,2.2497554407258638,2.3150046319817825,2.3031389130674094,2.3012970027436235
2024-06-04,2.57,Bhagyakul,2.35,2.6144112449187786,2.4972944281555263,2.5549852654023595,2.5872488135209872,2.590972339930314
2024-06-05,2.79,Bhagyakul,2.57,2.852128090333329,2.7293736250096194,2.7726165197020642,2.832101324026634,2.839210816700932
2024-06-06,2.93,Bhagyakul,2.79,2.988411449565114,2.9200456695767394,2.9167382856495663,2.981108686176917,2.9845128061717148
2024-06-07,3.03,Bhagyakul,2.93,3.06122646009048,3.0067145990536006,2.9897792726742494,3.037507678064752,3.0422383116917007
2024-06-08,3.07,Bhagyakul,3.03,3.0884758188697123,3.0634504072018847,3.036959111597213,3.0846028259894975,3.0841181380548037
2024-06-09,3.08,Bhagyakul,3.07,3.1120176069213477,3.0798298559707136,3.0568340364914497,3.101528172060899,3.1027788942108536
2024-06-10,3.04,Bhagyakul,3.08,3.049455176521173,3.051467594260831,3.0165321379114247,3.0496723026948502,3.052118431132301
2024-06-11,2.97,Bhagyakul,3.04,2.98860807299107,2.9583194781279363,2.9504019082943524,2.990048674675382,2.991732829019007
2024-06-12,2.88,Bhagyakul,2.97,2.8713870735035205,2.854032725365855,2.8729655788179804,2.8877510883133284,2.8881165960941684
2024-06-13,2.86,Bhagyakul,2.88,2.830575568056781,2.7869007667745542,2.8283432588546575,2.8424470307175267,2.842481424083521
2024-06-14,2.84,Bhagyakul,2.86,2.8726427298390864,2.809281581889016,2.8500339767258644,2.878676169237425,2.8768097620405464
2024-06-15,2.84,Bhagyakul,2.84,2.8625425146884034,2.836109734361635,2.866971899367755,2.8719369512719735,2.8719879376975554
2024-06-16,2.85,Bhagyakul,2.84,2.8931223402574533,2.8575352698040946,2.8922144669886234,2.901815300810682,2.901140751436723
2024-06-17,2.97,Bhagyakul,2.85,2.996581128832403,2.8934235284174754,2.9614090172332426,2.9805559518237117,2.9870593165385633
2024-06-18,3.14,Bhagyakul,2.97,3.163864534759974,3.052946816642068,3.120460656808305,3.1613013970924952,3.1648707357388677
2024-06-19,3.38,Bhagyakul,3.14,3.4147727730698265,3.2655253942481823,3.338724587033791,3.420109280286429,3.4246435192383213
2024-06-20,3.69,Bhagyakul,3.38,3.6966463813023376,3.5303206433634173,3.603988992143964,3.6938144561225967,3.6949863198227084
2024-06-21,3.82,Bhagyakul,3.69,3.8950098892553933,3.7989199206640194,3.845183630662317,3.872704086978492,3.8688939854248243
2024-06-22,3.95,Bhagyakul,3.82,3.9820194407039824,3.868479112788832,3.9411259795338682,3.9648563197110356,3.962462117329697
2024-06-23,3.94,Bhagyakul,3.95,4.0336167215640355,3.9492649741797816,3.996391565542963,4.004088594915484,4.012551607528734
2024-06-24,3.88,Bhagyakul,3.94,3.946999530481153,3.907385383861284,3.9154053071558663,3.9168954609282665,3.920126252223523
2024-06-25,3.84,Bhagyakul,3.88,3.8861706098632722,3.8412160985798605,3.83646203960695,3.8580426682474798,3.8612164368830464
2024-06-26,3.79,Bhagyakul,3.84,3.797254361596263,3.782965366768353,3.7781756825449357,3.7977001829416763,3.7969759580371716
2024-06-27,3.8,Bhagyakul,3.79,3.8041464801944294,3.727762501683064,3.7529558168619985,3.775972046756079,3.7756465671509063
2024-06-28,3.93,Bhagyakul,3.8,3.87288015389207,3.785599637660852,3.831588923507569,3.8574370439252523,3.8604698688307315
2024-06-29,3.99,Bhagyakul,3.93,3.9820601438034213,3.9381286047692154,3.9500054503618514,3.9731675954896004,3.9732696269614745
2024-06-30,3.97,Bhagyakul,3.99,3.99695381364669,3.962551393510706,3.959694189034748,3.997408305965608,3.9997618771850494
2024-07-01,3.98,Bhagyakul,3.97,3.98273509888148,3.9164636163330626,3.9527374340701087,4.001131337881712,4.0049686326487945
2024-07-02,4.01,Bhagyakul,3.98,4.05689250629266,3.9337955516680236,4.025337366353968,4.055382012655594,4.058625856829223
2024-07-03,4.2,Bhagyakul,4.01,4.22092459376545,4.038938941971526,4.196416351414654,4.232805907250313,4.240189622514397
2024-07-04,4.52,Bhagyakul,4.2,4.525376944869197,4.333739345300406,4.466512979425119,4.52156393743848,4.523378019066357
2024-07-05,4.75,Bhagyakul,4.52,4.752348390041766,4.6752261502182115,4.760061928000691,4.765395848606528,4.771491872441669
2024-07-06,4.85,Bhagyakul,4.75,4.897962088046959,4.847216324548008,4.878468395232512,4.89466285097409,4.894397345029193
2024-07-07,4.94,Bhagyakul,4.85,4.9367904215805645,4.858381552925876,4.860977824509598,4.913414461919596,4.9143068424582665
2024-07-08,4.99,Bhagyakul,4.94,4.99364411412848,4.904806981611983,4.91050101944195,4.971292041039369,4.975201171665003
2024-07-09,5.01,Bhagyakul,4.99,4.9883639468462855,4.937305461570756,4.943387757114984,4.977247033420221,4.980908115178855
2024-07-10,5.0,Bhagyakul,5.01,5.007134952610003,4.947398681159218,4.973773800921486,5.0111402953354665,5.017265913709248
2024-07-11,5.0,Bhagyakul,5.0,4.9818148381754925,4.895406686178013,4.954228465620624,4.990725787138167,4.996227041626244
2024-07-12,5.15,Bhagyakul,5.0,5.095782379491029,4.9245006634137445,5.034844055991204,5.096010467631974,5.104216843868813
2024-07-13,5.13,Bhagyakul,5.15,5.1940547361726015,5.101562248696291,5.188345861879063,5.189098000437031,5.192987950196028
2024-07-14,5.09,Bhagyakul,5.13,5.15158759451487,5.049339252516641,5.105873280754067,5.137448523596617,5.133303042758967
2024-07-15,5.09,Bhagyakul,5.09,5.123086415081924,5.013266044967872,5.069515445864053,5.109403108748128,5.107984950129688
2024-07-16,5.05,Bhagyakul,5.09,5.104586285349588,5.020785095914002,5.060977884060418,5.079990121000062,5.08002392518543
2024-07-17,4.96,Bhagyakul,5.05,5.018209234362823,4.952294991864272,4.989020815639913,4.9953197257567,4.9975115235657155
2024-07-18,4.89,Bhagyakul,4.96,4.931897403154435,4.829813607483477,4.894761109372873,4.901093284619358,4.90635533793235
2024-07-19,4.92,Bhagyakul,4.89,4.911960001320112,4.815773047190869,4.881247077335222,4.883942380964425,4.889425814543887
2024-07-20,4.94,Bhagyakul,4.92,4.936729516858028,4.915615395461367,4.925183985555904,4.920959603789634,4.9277757080874744
2024-07-21,4.94,Bhagyakul,4.94,4.949231249871075,4.943554528158967,4.916671294903649,4.925391844443367,4.936222843023997
2024-07-22,4.86,Bhagyakul,4.94,4.909801297675473,4.9075241535276035,4.875359937779405,4.87732302475953,4.8889270217383975
2024-07-23,4.8,Bhagyakul,4.86,4.826704620511626,4.800359295543339,4.785343168771622,4.8001405706251745,4.810286719790571
2024-07-24,4.73,Bhagyakul,4.8,4.753620273464042,4.721831698112585,4.727468193342642,4.731271843219769,4.7399153617466
2024-07-25,4.65,Bhagyakul,4.73,4.690113107495251,4.649651371272314,4.673484862661898,4.6739965552042415,4.682139921822665
2024-07-26,4.6,Bhagyakul,4.65,4.616613041012666,4.5745573487919495,4.606218014329639,4.609901794197586,4.613426146120738
2024-07-27,4.6,Bhagyakul,4.6,4.550910038018799,4.513091711983997,4.5440681616774,4.54680321715783,4.546868676952061
2024-07-28,4.53,Bhagyakul,4.6,4.543671878715822,4.514150203228546,4.547176322692593,4.54750605060018,4.5485911828340555
2024-07-29,4.47,Bhagyakul,4.53,4.485573494552541,4.437044783419318,4.477408781848703,4.481487414685712,4.483273896153494
2024-07-30,4.36,Bhagyakul,4.47,4.416674574716375,4.347846639728417,4.391395855673149,4.403530543402259,4.403370610809603
2024-07-31,4.24,Bhagyakul,4.36,4.253326332637891,4.22174959291828,4.255918603008296,4.251358472392691,4.24737219266317
2024-08-01,4.24,Bhagyakul,4.24,4.202759681811879,4.158378321427976,4.18632180773509,4.191553745294858,4.193893104177729
2024-08-02,4.31,Bhagyakul,4.24,4.329970361170776,4.243595070965008,4.256188765659831,4.297715752273814,4.301342348912296
2024-08-03,4.33,Bhagyakul,4.31,4.365273473075947,4.334472609591378,4.329055897001015,4.344461138708698,4.345448410036952
2024-08-04,4.27,Bhagyakul,4.33,4.319432964820762,4.280857790865536,4.30084002768779,4.315614400947152,4.31300236952504
2024-08-05,4.21,Bhagyakul,4.27,4.279982806493476,4.187250409668096,4.256853101178632,4.270279532174761,4.2689293765548895
2024-08-06,4.19,Bhagyakul,4.21,4.246526775346935,4.155530473160682,4.228724766444236,4.230813274984812,4.230395664860938
2024-08-07,4.21,Bhagyakul,4.19,4.214249218710958,4.167058615111316,4.201477146382717,4.188028327159951,4.1892165507111665
2024-08-08,4.25,Bhagyakul,4.21,4.26892910928965,4.201254871978274,4.229645815909012,4.244978309314029,4.24303584662936
2024-08-09,4.35,Bhagyakul,4.25,4.322385048350485,4.24133701446231,4.295892435673913,4.307866687861655,4.308947643582248
2024-08-10,4.37,Bhagyakul,4.35,4.401099684071145,4.319883183482189,4.394407661413739,4.395205123126836,4.3953450575612
2024-08-11,4.4,Bhagyakul,4.37,4.413408419872983,4.292855423027484,4.40233217380639,4.413283327216397,4.409670550622986
2024-08-12,4.43,Bhagyakul,4.4,4.465744901933721,4.319289572738218,4.453079339970935,4.462009119572746,4.459821467692294
2024-08-13,4.47,Bhagyakul,4.43,4.462627748940771,4.361674686446648,4.473197190453027,4.462721165553902,4.456038237104728
2024-08-14,4.47,Bhagyakul,4.47,4.494956947702836,4.410309459443019,4.498741015511798,4.491646968545339,4.485839703324831
2024-08-15,4.51,Bhagyakul,4.47,4.5191586835119475,4.4081457689906856,4.49377561018416,4.511757613610805,4.5063762968855565
2024-08-16,4.56,Bhagyakul,4.51,4.562826262140608,4.467879002447837,4.553097515703661,4.565449541843679,4.5628363341842535
2024-08-17,4.59,Bhagyakul,4.56,4.6200162431763765,4.5330777225402015,4.610473493033859,4.623136912392051,4.623254950716399
2024-08-18,4.69,Bhagyakul,4.59,4.672332920760786,4.602268871761866,4.648777130375997,4.6690045992975975,4.672604378235046
2024-08-19,4.72,Bhagyakul,4.69,4.75505661986644,4.730630907398596,4.729499093538327,4.734511798133766,4.73870033206074
2024-08-20,4.73,Bhagyakul,4.72,4.769245497984606,4.746802157576082,4.724705583630523,4.720022382017551,4.7264770836834895
2024-08-21,4.74,Bhagyakul,4.73,4.806398004846023,4.712846452026317,4.715193024230186,4.742791055075192,4.750308632007784
2024-08-22,4.72,Bhagyakul,4.74,4.770055062619521,4.700706389796369,4.711028415963094,4.719079284621401,4.7292354154496445
2024-08-23,4.75,Bhagyakul,4.72,4.737264861702409,4.679912472512364,4.689983547662095,4.701574028743928,4.708302991018158
2024-08-24,4.68,Bhagyakul,4.75,4.715091575772965,4.666547747840002,4.686225385074771,4.680199198046967,4.684219188933336
2024-08-25,4.57,Bhagyakul,4.68,4.606439062220084,4.520227058252176,4.5781278460011485,4.5799339891953155,4.581602256476615
2024-08-26,4.56,Bhagyakul,4.57,4.566036112148056,4.433701370349009,4.527994703589916,4.553683315777918,4.558610535659203
2024-08-27,4.46,Bhagyakul,4.56,4.486782227592757,4.438342975343564,4.512504388873484,4.481456622412178,4.480212656936377
2024-08-28,4.32,Bhagyakul,4.46,4.356809009935789,4.3101286706957955,4.382969099631084,4.348761323409845,4.345058750931276
2024-08-29,4.28,Bhagyakul,4.32,4.268963900866052,4.171313451342194,4.263648185910476,4.263431219613648,4.263617927428563
2024-08-30,4.26,Bhagyakul,4.28,4.274625567998545,4.185420507158724,4.268677807385636,4.254650814424118,4.254950021330956
2024-08-31,4.3,Bhagyakul,4.26,4.313911406820349,4.240612283337122,4.297424919460802,4.2924012629872665,4.299189270335724
2024-09-01,4.32,Bhagyakul,4.3,4.336688432027867,4.305490784694424,4.340757585056461,4.319075469097182,4.326750036117598
2024-09-02,4.27,Bhagyakul,4.32,4.30030502577359,4.259666080995087,4.303912296347037,4.27882825357218,4.282664127848986
2024-09-03,4.27,Bhagyakul,4.27,4.295961030147492,4.187499948690567,4.256222730156782,4.274809961205209,4.279438810161974
2024-09-04,4.24,Bhagyakul,4.27,4.286914302358832,4.208712505531321,4.276639672102338,4.27351172229612,4.277465364307468
2024-09-05,4.25,Bhagyakul,4.24,4.24237442257412,4.199240208496568,4.2536921233731855,4.232252447170894,4.236266129534198
2024-09-06,4.25,Bhagyakul,4.25,4.252399480422723,4.206026673779384,4.260398437364603,4.2447177762276125,4.246486061062003
2024-09-07,4.25,Bhagyakul,4.25,4.248549564785086,4.200190524052981,4.264888757084921,4.242562847447672,4.246312045268257
2024-09-08,4.27,Bhagyakul,4.25,4.263440084582315,4.2031693193533455,4.26645927602936,4.253128361110401,4.258287458188561
2024-09-09,4.27,Bhagyakul,4.27,4.240633591809557,4.204308243139059,4.245769572857287,4.234179699221954,4.2361988615850565
2024-09-10,4.17,Bhagyakul,4.27,4.232595772958309,4.175948491161341,4.226746450306437,4.223286477517449,4.224614483004222
2024-09-11,4.03,Bhagyakul,4.17,4.088585056094069,4.074369439505115,4.122052723089888,4.089860349860051,4.089392853935689
2024-09-12,3.92,Bhagyakul,4.03,3.9285168569206257,3.921312853585279,3.9679697012596518,3.939962052460134,3.9330884563245214
2024-09-13,3.78,Bhagyakul,3.92,3.8135652485804825,3.789568355419108,3.849110150969072,3.8208149956168533,3.815121860885668
2024-09-14,4.0,Bhagyakul,3.78,3.881050997300512,3.805282467460966,3.8598076894485494,3.8848693008808097,3.8834805337524596
2024-09-15,4.19,Bhagyakul,4.0,4.221600883657443,4.172628617399357,4.141112185997764,4.182076672054682,4.194969605940211
2024-09-16,4.18,Bhagyakul,4.19,4.2193361917032055,4.2815148979596955,4.229999720359452,4.176789295932738,4.182213214197919
2024-09-17,4.02,Bhagyakul,4.18,4.037122286467528,4.079170163026845,4.082693906653921,4.02904764700916,4.0236574573171255
2024-09-18,3.98,Bhagyakul,4.02,3.974932857426985,3.862348665830434,3.9450575533740384,3.960777485502509,3.9626257557486775
2024-09-19,4.0,Bhagyakul,3.98,4.028443757778979,3.923777348576754,3.9983956799661704,4.00908099524725,4.010850357768196
2024-09-20,4.03,Bhagyakul,4.0,4.054144984623766,4.0391189526686375,4.056940611458496,4.047831843284993,4.047794944520774
2024-09-21,4.08,Bhagyakul,4.03,4.070428822897768,4.034205155185282,4.067397532544167,4.06116941585676,4.05604948463511
2024-09-22,4.11,Bhagyakul,4.08,4.135623262680806,4.048953693484568,4.115121627607713,4.1181239434064985,4.118068023495841
2024-09-23,4.12,Bhagyakul,4.11,4.1089135756978665,4.031256749574922,4.111261334997752,4.099153442031137,4.090004135087078
2024-09-24,4.15,Bhagyakul,4.12,4.1572496858950405,4.059647437909758,4.142579161467495,4.149454655554831,4.143908270552877
2024-09-25,4.25,Bhagyakul,4.15,4.255177949754067,4.155546126468937,4.204454505395123,4.2353232628949256,4.2356701955564775
2024-09-26,4.27,Bhagyakul,4.25,4.287162335518999,4.262594616859389,4.284238922035123,4.272588666518473,4.269427287242793
2024-09-27,4.21,Bhagyakul,4.27,4.2198326912815265,4.196762121318389,4.260001802451142,4.220728392017262,4.216228684912174
2024-09-28,4.17,Bhagyakul,4.21,4.1706214161529775,4.106273453713744,4.2084040004836405,4.17910580063706,4.175382798415833
2024-09-29,4.14,Bhagyakul,4.17,4.15697091868108,4.096094745760166,4.202744385302587,4.167771908487268,4.164684354776018
2024-09-30,4.19,Bhagyakul,4.14,4.218126309643245,4.1279043589247655,4.217473597933935,4.224178403802465,4.227626693228827
2024-10-01,4.3,Bhagyakul,4.19,4.318670983820106,4.217143104128483,4.281078061516895,4.303201553625795,4.30872474266718
2024-10-02,4.3,Bhagyakul,4.3,4.325102834307022,4.300954415007113,4.323014939339192,4.293059782438353,4.290397128633772
2024-10-03,4.31,Bhagyakul,4.3,4.3427945959940555,4.266345060789346,4.285375081043887,4.304307687906715,4.302340473051507
2024-10-04,4.41,Bhagyakul,4.31,4.444839913249998,4.315614812526227,4.349539770364907,4.413059001563172,4.415961086990198
2024-10-05,4.49,Bhagyakul,4.41,4.475135645302618,4.438000398897106,4.468866179484268,4.463230018986969,4.464664895977383
2024-10-06,4.45,Bhagyakul,4.49,4.472672013538592,4.468842714369324,4.516715351347199,4.484129291827891,4.48190494147065
2024-10-07,4.43,Bhagyakul,4.45,4.413895961393284,4.330708720343103,4.4352802263612645,4.432165178262074,4.431772410576138
2024-10-08,4.37,Bhagyakul,4.43,4.381524751472136,4.294169649582006,4.405213581747898,4.3845246217017495,4.386051255397636
2024-10-09,4.29,Bhagyakul,4.37,4.315270101246282,4.27454316410685,4.333194636790066,4.315042816809102,4.314920902721208
2024-10-10,4.22,Bhagyakul,4.29,4.223249179532472,4.216531162512658,4.256870802762154,4.241374052425055,4.237396341514284
2024-10-11,4.19,Bhagyakul,4.22,4.201969664228282,4.1596143435447415,4.2227024774483715,4.2169980955584965,4.2138517372028925
2024-10-12,4.19,Bhagyakul,4.19,4.206341266467462,4.13608794762894,4.209271425391267,4.206800999943366,4.202337768938674
2024-10-13,4.14,Bhagyakul,4.19,4.179886522091392,4.1319945398239675,4.180804793414152,4.165363698344935,4.162963021348517
2024-10-14,4.1,Bhagyakul,4.14,4.144757529555649,4.072863738758788,4.106120938517868,4.1255601937807524,4.127365644146078
2024-10-15,4.06,Bhagyakul,4.1,4.061608714908664,4.003842753653898,4.025220411904805,4.035543908261977,4.031064157685981
2024-10-16,4.04,Bhagyakul,4.06,4.073994718445426,4.038922263099281,4.044102815357759,4.060043660698554,4.06285406439515
2024-10-17,4.08,Bhagyakul,4.04,4.089895375724327,4.080841261449109,4.060947209292028,4.075384821008028,4.077179082038896
2024-10-18,4.14,Bhagyakul,4.08,4.094889083391801,4.0913632888195295,4.0790761558599655,4.079845282264647,4.079860981570781
2024-10-19,4.05,Bhagyakul,4.14,4.1156435614141715,4.098896533957156,4.102646932440351,4.110170244857315,4.109529875605894
2024-10-20,3.91,Bhagyakul,4.05,3.9726002773594904,3.9486294591794593,3.95651182090412,3.9700706809720256,3.9680080509267412
2024-10-21,3.75,Bhagyakul,3.91,3.7233368199571135,3.740924535884352,3.749488433892092,3.7447203747640985,3.735989650707889
2024-10-22,3.6,Bhagyakul,3.75,3.635490138032822,3.6008464294809754,3.616623288267101,3.660166820551568,3.656310930275384
2024-10-23,3.45,Bhagyakul,3.6,3.4428728690831165,3.4894355567417086,3.4829144257034694,3.44197132855998,3.4272692847625486
2024-10-24,3.45,Bhagyakul,3.45,3.408003152299142,3.416008859965831,3.4089336867444575,3.4078018550431026,3.4066723282401488
2024-10-25,3.48,Bhagyakul,3.45,3.457178886113985,3.4603700254350946,3.440741081833957,3.443669185723842,3.443753463191174
2024-10-26,3.34,Bhagyakul,3.48,3.3943613080072637,3.4150789253820193,3.389254441005028,3.398319552890582,3.3887955716705513
2024-10-27,3.15,Bhagyakul,3.34,3.208715394270021,3.1902057645772715,3.214230333148697,3.2234780544968316,3.2176101688766767
2024-10-28,3.04,Bhagyakul,3.15,3.0407077692970796,3.0031293782481114,3.045859268653601,3.0553331877862218,3.046788238711
2024-10-29,2.96,Bhagyakul,3.04,2.9680129453009902,2.9425000301207227,2.9662838578738175,2.961885924819221,2.959759887554173
2024-10-30,2.92,Bhagyakul,2.96,2.9251157641171806,2.9308977168394783,2.93508127310345,2.9186753818017146,2.918653597835668
2024-10-31,2.89,Bhagyakul,2.92,2.907865862689474,2.9192275960425724,2.912611328740521,2.8966577552185004,2.895384957273306
2024-11-01,2.86,Bhagyakul,2.89,2.874878002538973,2.879573757203484,2.875948807254763,2.862960192686806,2.864022650174695
2024-11-02,2.79,Bhagyakul,2.86,2.832190271693948,2.816187260545195,2.8283498304934738,2.824466798827979,2.824150473823881
2024-11-03,2.73,Bhagyakul,2.79,2.7419975495685622,2.742500986323506,2.7588651184394415,2.751679526736607,2.752787429293713
2024-11-04,2.67,Bhagyakul,2.73,2.703526531127871,2.6906396097617695,2.7077884055850867,2.7098597034246694,2.7087088157442807
2024-11-05,2.6,Bhagyakul,2.67,2.646246901461298,2.6399927940173256,2.646883588110299,2.6404910980989644,2.6423029614851434
2024-11-06,2.55,Bhagyakul,2.6,2.5431468203231926,2.541973042164873,2.5389361851739505,2.544411278045692,2.5428720544900956
2024-11-07,2.5,Bhagyakul,2.55,2.5054222194875173,2.480084569918778,2.494878247233228,2.5079266398466977,2.5080685733322734
2024-11-08,2.36,Bhagyakul,2.5,2.442446983559626,2.444123621967698,2.4540245505030183,2.4438410633428562,2.4414958542829175
2024-11-09,2.26,Bhagyakul,2.36,2.2824271261147526,2.3027998626594,2.3060238947317764,2.291301226638891,2.2880391199897683
2024-11-10,2.18,Bhagyakul,2.26,2.197093072313953,2.1996628424131845,2.2130412670822794,2.2018282744953446,2.1991220043328656
2024-11-11,2.15,Bhagyakul,2.18,2.1687472874009623,2.1383231537359126,2.1664072384206627,2.159822184470317,2.158374717195403
2024-11-12,2.15,Bhagyakul,2.15,2.155801625566402,2.133750267851559,2.16036997764647,2.1517297066220866,2.1489423644407335
2024-11-13,2.13,Bhagyakul,2.15,2.151625449939245,2.138638833533196,2.1633644573853985,2.147095650616927,2.1441369259011673
2024-11-14,2.17,Bhagyakul,2.13,2.1577911118252553,2.1319914294071682,2.157958477442381,2.145111682729272,2.1443575905723837
2024-11-15,2.22,Bhagyakul,2.17,2.18608140548412,2.195736897763322,2.198323487371962,2.1790988406214287,2.1808178632437674
2024-11-16,2.23,Bhagyakul,2.22,2.2187115405961353,2.224507384881839,2.2161425973766167,2.2160206920499697,2.218013843171606
2024-11-17,2.16,Bhagyakul,2.23,2.1754452192001597,2.2066015196905355,2.1959879502129995,2.1921857675528043,2.193474995863872
2024-11-18,2.1,Bhagyakul,2.16,2.1414516867617834,2.1360810246961726,2.1344480339146257,2.1530779499737815,2.152521776205654
2024-11-19,2.01,Bhagyakul,2.1,2.0437349772749687,2.068828639365532,2.0514843324257055,2.0553071240889955,2.054203006390855
2024-11-20,1.92,Bhagyakul,2.01,1.9189987634045862,1.9423863826608798,1.93317105732668,1.9352073131493543,1.9320441803497896
2024-11-21,1.83,Bhagyakul,1.92,1.8371281693925021,1.8358357151938616,1.8459582937358805,1.851740127550219,1.84602376542417
2024-11-22,1.73,Bhagyakul,1.83,1.7624324007902943,1.767409224391488,1.7731452422968925,1.7644426765718968,1.7597573830915876
2024-11-23,1.64,Bhagyakul,1.73,1.6684902770244836,1.6806002981169952,1.6778565939577164,1.668533223006498,1.6639955755575973
2024-11-24,1.51,Bhagyakul,1.64,1.5569215980871023,1.5801544272019934,1.588311834755124,1.5640724535608275,1.5599767179189168
2024-11-25,1.46,Bhagyakul,1.51,1.4624367204203736,1.46369774853354,1.4881854215734371,1.4597813039122076,1.4584759905877174
2024-11-26,1.43,Bhagyakul,1.46,1.4370560362933085,1.4261387914979586,1.4618759999168647,1.4349389891679702,1.4309672138166072
2024-11-27,1.47,Bhagyakul,1.43,1.4677493670322224,1.426556941997663,1.476934280335617,1.4694422705288857,1.470947415061432
2024-11-28,1.51,Bhagyakul,1.47,1.5129528467781652,1.4864727541202818,1.533335368137332,1.5118234523157215,1.514005701745407
2024-11-29,1.54,Bhagyakul,1.51,1.541615038401966,1.532081656836425,1.5747314110304815,1.546482526110102,1.548830762207638
2024-11-30,1.64,Bhagyakul,1.54,1.5866410919508454,1.5660123547863474,1.605059155179217,1.5848780926215416,1.58670365116519
2024-12-01,1.72,Bhagyakul,1.64,1.688806317181521,1.6870775306632568,1.7065357599211382,1.6861090247592072,1.6905694016149218
2024-12-02,1.75,Bhagyakul,1.72,1.7715323412756367,1.7492315952527606,1.7601795185766196,1.7601661105756776,1.7635053374431184
2024-12-03,1.73,Bhagyakul,1.75,1.7318405579169036,1.7432995702453373,1.7503614163878378,1.736377296830421,1.739569356402262
2024-12-04,1.7,Bhagyakul,1.73,1.7363795578859333,1.7237380591125353,1.7356988672985736,1.7425853443797117,1.7458294931261662
2024-12-05,1.67,Bhagyakul,1.7,1.653076365873303,1.6776697232824906,1.6661486627159885,1.6543498342810323,1.6516863801763069
2024-12-06,1.62,Bhagyakul,1.67,1.6031265246130864,1.6379412356402876,1.6295250414350917,1.618413356481683,1.6161399943247758
2024-12-07,1.5,Bhagyakul,1.62,1.5538175706622586,1.549242231077704,1.5564230575114164,1.555450072645197,1.551951114534499
2024-12-08,1.42,Bhagyakul,1.5,1.4579861532872167,1.4184287420362576,1.4472908777572877,1.4507237142544191,1.4483675864498275
2024-12-09,1.37,Bhagyakul,1.42,1.4028142677452151,1.3603659952959326,1.386747531902145,1.390228797602526,1.3908203578904377
2024-12-10,1.33,Bhagyakul,1.37,1.352636646443822,1.3370173783284,1.347076097676477,1.346196253899046,1.3519914613065176
2024-12-11,1.3,Bhagyakul,1.33,1.3042277317114532,1.2937398000593843,1.3011573726073067,1.294931862417612,1.2983264671665251
2024-12-12,1.29,Bhagyakul,1.3,1.3043030195876772,1.2915902544481639,1.3099365655240216,1.2888605763560215,1.2896297765144777
2024-12-13,1.41,Bhagyakul,1.29,1.3664173683266303,1.3144898780635077,1.3356872410955651,1.3447715686803525,1.348969742740814
2024-12-14,1.53,Bhagyakul,1.41,1.4689563078589438,1.4521266301385645,1.468280952781898,1.4708629011594432,1.4750644225474747
2024-12-15,1.51,Bhagyakul,1.53,1.5296208604575507,1.5448619699686057,1.553341172942643,1.53827348606947,1.5411602243394176
2024-12-16,1.54,Bhagyakul,1.51,1.5027156664986203,1.505325254799749,1.5152586598462845,1.5115590124562504,1.5189993504423447
2024-12-17,1.57,Bhagyakul,1.54,1.5584740902734038,1.5435108230204264,1.546292162313511,1.5607116704246398,1.5604847530496828
2024-12-18,1.55,Bhagyakul,1.57,1.590044056584696,1.5819039051606356,1.5613676004555874,1.5737141595770998,1.5760732003637739
2024-12-19,1.53,Bhagyakul,1.55,1.5177768353455054,1.5286129551642353,1.503677044377986,1.5226392447174852,1.5264270771974806
2024-12-20,1.48,Bhagyakul,1.53,1.467783795673947,1.470268394360424,1.461591983667553,1.4799060182010344,1.482385438105023
2024-12-21,1.38,Bhagyakul,1.48,1.4114411192707865,1.3885293996584436,1.3951738924612729,1.4206241609082892,1.4246316307505642
2024-12-22,1.21,Bhagyakul,1.38,1.246301649506442,1.2776061896370428,1.2810450402793185,1.2705287599430737,1.2627781164078715
2024-12-23,1.08,Bhagyakul,1.21,1.1151462703763746,1.1164833805138314,1.120359256204675,1.1182228082411394,1.1115331146220564
2024-12-24,1.04,Bhagyakul,1.08,1.0660749730094465,1.0201820061226992,1.0270518658251513,1.0536130179897925,1.0513630183102582
2024-12-25,1.01,Bhagyakul,1.04,1.037325797846275,1.0132736363555097,1.0217067345649349,1.02718849108231,1.0225808636725944
2024-12-26,0.97,Bhagyakul,1.01,0.9872162574236406,1.00091915392605,0.999898580723957,0.9723981359468888,0.9717838248759828
2024-12-27,0.94,Bhagyakul,0.97,0.9665899493782852,0.9633482849059636,0.9727129526615022,0.9584689407294738,0.9589571684205941
2024-12-28,0.96,Bhagyakul,0.94,0.9657408393967803,0.9338762946082424,0.9589750099772116,0.959343183513656,0.9618879102882821
2024-12-29,1.06,Bhagyakul,0.96,1.0425142566190368,0.9853702498521276,1.0308994126032862,1.051333333475011,1.0549815433148602
2024-12-30,1.11,Bhagyakul,1.06,1.094023888991514,1.0947068835268732,1.116754972409592,1.113823794118274,1.121448669890998
2024-12-31,1.07,Bhagyakul,1.11,1.1024846553570764,1.1188303161346909,1.1235508107149255,1.1113793442241386,1.1185675553807115
2025-01-01,1.05,Bhagyakul,1.07,1.0108770830899143,1.0548792186423077,1.0399585735399501,1.0135863334139248,1.0218548425072387
2025-01-02,1.05,Bhagyakul,1.05,1.0526936127371667,1.0383094465177882,1.0371488917829879,1.0606636380994905,1.0619349153044944
2025-01-03,1.06,Bhagyakul,1.05,1.0680192056467146,1.05421134136947,1.0620156965561451,1.086650547511336,1.086416042577362
2025-01-04,1.12,Bhagyakul,1.06,1.0747118871682142,1.0670697356759515,1.0697323612321454,1.0903611585874622,1.0901756996485696
2025-01-05,1.12,Bhagyakul,1.12,1.127033192281226,1.114355654005241,1.1155959888200344,1.1429167827812892,1.1436987227495363
2025-01-06,1.08,Bhagyakul,1.12,1.11159343877699,1.0911752706149003,1.088005813150337,1.1167385353679151,1.115793065704237
2025-01-07,1.07,Bhagyakul,1.08,1.0626056655960288,1.0493170127588547,1.0407773505921278,1.061026266623078,1.0608139402829824
2025-01-08,1.02,Bhagyakul,1.07,1.017398349466476,1.0315427807591897,1.007447694870429,1.0251326212760785,1.0238398332435592
2025-01-09,0.91,Bhagyakul,1.02,0.9305200293553362,0.9642662266179386,0.9351816185011009,0.9364341680880107,0.9345455277120256
2025-01-10,0.85,Bhagyakul,0.91,0.8645014125633945,0.8406809668401563,0.8444301164473291,0.8731302338677875,0.8683841337183992
2025-01-11,0.93,Bhagyakul,0.85,0.82583127969181,0.8176172202785331,0.8247809706689725,0.8182316630336457,0.8155807129815033
2025-01-12,0.98,Bhagyakul,0.93,0.9883140109096615,0.9627672822125725,0.9831774727407218,0.9932282672482979,0.9939155721491953
2025-01-13,1.08,Bhagyakul,0.98,1.0593923272972599,1.049840146545858,1.0598419715201501,1.0618118143248527,1.0661315524480925
2025-01-14,1.1,Bhagyakul,1.08,1.1030274942052591,1.1220006584779607,1.113246945757609,1.115414511973489,1.1153854055159889
2025-01-15,1.05,Bhagyakul,1.1,1.0781683407417664,1.0862917568938586,1.0832414033868443,1.0885370006496011,1.0898856924508429
2025-01-16,1.03,Bhagyakul,1.05,1.02209738079035,1.026502394616534,1.024733247887772,1.0259616312988618,1.0283390732542346
2025-01-17,1.09,Bhagyakul,1.03,0.9841180869829894,1.0289916381220559,0.9947355144692104,0.982150571251875,0.984105271222413
2025-01-18,1.06,Bhagyakul,1.09,1.1140591848869386,1.075675745822326,1.0693311431974504,1.1283704757811848,1.1287246187902213
2025-01-19,0.93,Bhagyakul,1.06,0.9796653797038115,0.9876601855173255,0.988503096972304,1.0013792347496968,0.9952797055659373
2025-01-20,0.84,Bhagyakul,0.93,0.8562781362731366,0.8350982019925005,0.8438305776235318,0.8555170462969518,0.8479868998944609
2025-01-21,0.8,Bhagyakul,0.84,0.8206073825658922,0.7838892954445843,0.7848326165317591,0.8002831448628226,0.7976084117934223
2025-01-22,0.79,Bhagyakul,0.8,0.7846168171702765,0.7836539361818856,0.7644529694375771,0.7681051416976766,0.7659881592085789
2025-01-23,0.69,Bhagyakul,0.79,0.7501715862945441,0.7774296732551259,0.7537654317529857,0.7487101982563211,0.7471114916703138
2025-01-24,0.61,Bhagyakul,0.69,0.6285945853539702,0.652191015380825,0.6406220345068125,0.6309313096471381,0.626267950507744
2025-01-25,0.6,Bhagyakul,0.61,0.6232369548997216,0.5813797583464108,0.6077014219670458,0.6153559846697477,0.6097915623298124
2025-01-26,0.61,Bhagyakul,0.6,0.6129700977008748,0.6133926297346082,0.6369628438282932,0.615821413025738,0.609339223343675
2025-01-27,0.67,Bhagyakul,0.61,0.6515474837572481,0.6526954311477261,0.6740053620873238,0.6665390476923583,0.6631365877681374
2025-01-28,0.78,Bhagyakul,0.67,0.7347413946212515,0.7332470224775967,0.7591314376113006,0.7564890912105041,0.7571655606251505
2025-01-29,0.91,Bhagyakul,0.78,0.8806167237389471,0.8729924831117728,0.895753423631438,0.8957177550525796,0.9024123286334803
2025-01-30,1.03,Bhagyakul,0.91,0.9924915236494817,1.0059533523685522,1.0146033157753174,1.0147015572907727,1.0222273589640267
2025-01-31,1.15,Bhagyakul,1.03,1.094984692589846,1.10513774100138,1.1102734658320477,1.1123385528497518,1.1203344433518712
2025-02-01,1.12,Bhagyakul,1.15,1.166843758397303,1.1814076657196495,1.1704579234545907,1.1796559786175103,1.1872331796100508
2025-02-02,1.12,Bhagyakul,1.12,1.0612930022578848,1.083285396093869,1.0670030373214046,1.0824850135401165,1.084251270012941
2025-02-03,1.04,Bhagyakul,1.12,1.0321239136483435,1.030267637980016,1.0217265408802267,1.0397186440607171,1.036929713597919
2025-02-04,0.89,Bhagyakul,1.04,0.916848339293138,0.9293996638749111,0.9245903425628001,0.9281603268865725,0.9234547965172486
2025-02-05,0.79,Bhagyakul,0.89,0.8080908650729517,0.795706905864939,0.7962948597047452,0.8164217490790436,0.8125580664961406
2025-02-06,0.69,Bhagyakul,0.79,0.7255464890644461,0.7216973276344004,0.7143472538619712,0.7249788895630548,0.7195049079361002
2025-02-07,0.59,Bhagyakul,0.69,0.610449160938839,0.6495814651440354,0.628745482654915,0.6061412820230819,0.6029381749958963
2025-02-08,0.53,Bhagyakul,0.59,0.5476959845464664,0.5405986771268928,0.5347333062502929,0.5332611940637499,0.5282877721414548
2025-02-09,0.52,Bhagyakul,0.53,0.5196262531635947,0.5048975566439599,0.5200821230204644,0.5060004853611525,0.5045984958641129
2025-02-10,0.63,Bhagyakul,0.52,0.5795871288875831,0.547805824012826,0.5749026225017498,0.5848891890996056,0.5811124078980446
2025-02-11,0.76,Bhagyakul,0.63,0.7356512328346679,0.7116171154025458,0.7424362933738372,0.7607923717009196,0.7656129108082679
2025-02-12,0.85,Bhagyakul,0.76,0.836961435691881,0.8681639513700085,0.8820580148597633,0.8688486922519703,0.8765694239320742
2025-02-13,0.9,Bhagyakul,0.85,0.9010515269557794,0.9386196465181955,0.9378215977484112,0.92437619509362,0.9307595946468323
2025-02-14,0.94,Bhagyakul,0.9,0.9450368511913034,0.9601617821605027,0.9683712814369733,0.9696995112116854,0.9788219847375634
2025-02-15,0.92,Bhagyakul,0.94,0.907408445111317,0.9539414958788539,0.9432468492849903,0.9229964743204687,0.9278814070047648
2025-02-16,0.89,Bhagyakul,0.92,0.8728258568675353,0.8906932979235855,0.8804748821648481,0.8849142770538118,0.8954901534140124
2025-02-17,0.86,Bhagyakul,0.89,0.81537447787597,0.8207784335427322,0.8218814357482077,0.834302228230403,0.8411608743854954
2025-02-18,0.79,Bhagyakul,0.86,0.7755623012051804,0.7741479263661385,0.7775095064152281,0.789721005966741,0.7898572982708277
2025-02-19,0.7,Bhagyakul,0.79,0.716938048802939,0.7099673997745541,0.7107994893364902,0.7262928600621487,0.7229457126020846
2025-02-20,0.63,Bhagyakul,0.7,0.624792695444445,0.649575745715535,0.6344440239986797,0.6296489500681297,0.6268256219914593
2025-02-21,0.51,Bhagyakul,0.63,0.5565308468706934,0.5822692221201767,0.5588752025566739,0.5565183356213753,0.549590942664343
2025-02-22,0.49,Bhagyakul,0.51,0.5071782084498986,0.465904206617822,0.4728420595487229,0.5016700077134292,0.49810202605156406
2025-02-23,0.48,Bhagyakul,0.49,0.48976473826042977,0.4699064831770369,0.4899187811672879,0.48526295861237956,0.48008248430245654
2025-02-24,0.53,Bhagyakul,0.48,0.5027900808963979,0.48632781921070584,0.5095581465974584,0.5019516063637235,0.49514121163820235
2025-02-25,0.62,Bhagyakul,0.53,0.588873562504369,0.5907830954328892,0.6229286629983048,0.6024452186700534,0.6028649293694135
2025-02-26,0.72,Bhagyakul,0.62,0.6899231704662586,0.6991982651360651,0.7129163815345096,0.6992125498989492,0.7006003400154451
2025-02-27,0.86,Bhagyakul,0.72,0.8271058693861639,0.8097077828511278,0.8321431354447406,0.837708694516729,0.8462854415047151
2025-02-28,1.05,Bhagyakul,0.86,0.9941646163843108,0.97967260048766,0.9966171872402388,1.0076576624722595,1.0196596974788343
2025-03-01,1.14,Bhagyakul,1.05,1.1511741344365622,1.1738133704290215,1.1698782419427343,1.1734717968898833,1.182842044020291
2025-03-02,1.18,Bhagyakul,1.14,1.220409484297074,1.2384342896144291,1.228872736766363,1.229556147213052,1.2421832285268717
2025-03-03,1.15,Bhagyakul,1.18,1.190823534407082,1.202430045670428,1.1848292735436594,1.193270542333306,1.1978575537309286
2025-03-04,1.05,Bhagyakul,1.15,1.0179749763115535,1.060308577325434,1.0443312866813566,1.0347032851331466,1.0287065121091843
2025-03-05,0.91,Bhagyakul,1.05,0.8919865738194879,0.8820956417630946,0.9021607500051859,0.9113752359587668,0.9040863639080362
2025-03-06,0.73,Bhagyakul,0.91,0.79012422905178,0.751027106922748,0.7776894681701543,0.7820324574763733,0.777506292890274
2025-03-07,0.55,Bhagyakul,0.73,0.5611035572136497,0.6043039777535412,0.6009770841740026,0.5876241765058128,0.5780168536258913
2025-03-08,0.49,Bhagyakul,0.55,0.49445694028837844,0.4695506948734029,0.45967709123570627,0.47976525865670805,0.4730508406906852
2025-03-09,0.53,Bhagyakul,0.49,0.5177517377846701,0.4665212161127236,0.4769414238998296,0.49963389840226596,0.49175785157248625
2025-03-10,0.53,Bhagyakul,0.53,0.5331305093252031,0.5515663204646526,0.5598384139171081,0.5286904342879458,0.5218055729932601
2025-03-11,0.63,Bhagyakul,0.53,0.5959537937126145,0.5907605171137261,0.6137871266967879,0.5984218413756408,0.5985955404901109
2025-03-12,0.72,Bhagyakul,0.63,0.7707795296753577,0.7329374408986967,0.7704983472908505,0.7790998407147406,0.7857069487961503
2025-03-13,0.96,Bhagyakul,0.72,0.8544247778952101,0.8543229187288027,0.8853024319915498,0.8832484846081347,0.8951610049390509
2025-03-14,1.15,Bhagyakul,0.96,1.1078221956725347,1.1024240529478575,1.1152355839048458,1.125096970646487,1.1373118651017995
2025-03-15,1.14,Bhagyakul,1.15,1.1856453298268266,1.2210099542731978,1.211089015685528,1.196522664391863,1.2035503837226897
2025-03-16,1.07,Bhagyakul,1.14,1.1125560742631808,1.1301642895050092,1.124073702793935,1.1199954460533912,1.1244541224836917
2025-03-17,1.04,Bhagyakul,1.07,1.0184738589482305,1.0288668982141036,1.0255318962857505,1.024694270889691,1.0267698705549464
2025-03-18,1.04,Bhagyakul,1.04,1.0013811248004743,0.9953399185538513,0.9919142550228809,0.9977007394136451,0.9993955440360569
2025-03-19,0.98,Bhagyakul,1.04,0.9916683737847034,0.9826352540030522,0.9805685425969434,0.9879331984836907,0.9864214518997367
2025-03-20,0.88,Bhagyakul,0.98,0.8906205536207337,0.8901491086010141,0.8908113119434381,0.8931942438558561,0.8858976797483186
2025-03-21,0.74,Bhagyakul,0.88,0.7747279390146959,0.7663325297114145,0.7695867641937189,0.771303188814101,0.764223342927338
2025-03-22,0.57,Bhagyakul,0.74,0.6251140737043448,0.6239774485838703,0.6276472070573457,0.6280200177894016,0.6210396843830795
2025-03-23,0.48,Bhagyakul,0.57,0.5129855853632295,0.48539137360086887,0.48918225435784946,0.4971256190035353,0.49398608911121733
2025-03-24,0.45,Bhagyakul,0.48,0.4924359638126643,0.44126379714815894,0.4674653365241372,0.499228267379364,0.4968022919353456
2025-03-25,0.5,Bhagyakul,0.45,0.4278326636555848,0.46351317175802964,0.48348321101207165,0.4267679421906305,0.4278925779872849
2025-03-26,0.67,Bhagyakul,0.5,0.6286029899957511,0.5830267056270235,0.6487538153998494,0.6348482962337101,0.64574116961225
2025-03-27,0.89,Bhagyakul,0.67,0.8681762768618329,0.8411043089916834,0.8947013782135227,0.886762903724561,0.9026415858365562
2025-03-28,1.21,Bhagyakul,0.89,1.1193624085906686,1.098281292203909,1.1402684564986771,1.1582337776603049,1.1745820167668868
2025-03-29,1.45,Bhagyakul,1.21,1.3914752899375804,1.402631370196185,1.4214125149467396,1.438386823249499,1.4559745522680139
2025-03-30,1.55,Bhagyakul,1.45,1.4862035420580648,1.5255715461587067,1.5017702698234705,1.490124189970528,1.4995097770366221
2025-03-31,1.51,Bhagyakul,1.55,1.5133097319545683,1.5124033217558959,1.5044979101976563,1.519169981820127,1.5282781620873653
2025-04-01,1.39,Bhagyakul,1.51,1.3809416136546124,1.4286403797953902,1.4270241252269056,1.4306709366654398,1.4275700522646213
2025-04-02,1.31,Bhagyakul,1.39,1.289778870434419,1.2991287208187794,1.311666960320757,1.3190446147130428,1.320040940817247
2025-04-03,1.14,Bhagyakul,1.31,1.1137459150243527,1.173603149223367,1.1737365699621778,1.1770570747337656,1.1688326161314437
2025-04-04,0.96,Bhagyakul,1.14,0.991302305840735,0.9684307258701139,0.994777157166041,1.0154098872064645,1.006527208071782
2025-04-05,0.83,Bhagyakul,0.96,0.8595256756088774,0.8108702141973846,0.8415297875121722,0.8413592301279951,0.8304470679867265
2025-04-06,0.76,Bhagyakul,0.83,0.8102246195774697,0.7400076950556603,0.7669606790987955,0.7649448861522261,0.7568883019745724
2025-04-07,0.79,Bhagyakul,0.76,0.8114402610017979,0.7396655367614292,0.776400275557847,0.7731941584845746,0.7659348110948967
2025-04-08,0.89,Bhagyakul,0.79,0.8841819320492762,0.864842321502235,0.9080903000546239,0.8569487844611136,0.8599535240988739
2025-04-09,0.94,Bhagyakul,0.89,0.9754052782699195,1.0118796209909398,1.023686236635162,0.9612166644942831,0.9674713448596423
2025-04-10,1.02,Bhagyakul,0.94,1.026097994296907,1.0156774644386093,1.0365271624750116,1.0089855619231605,1.0138695184451778
2025-04-11,1.15,Bhagyakul,1.02,1.1297851956033436,1.0627003314993566,1.1342172687426395,1.1307249118337737,1.138840271345426
2025-04-12,1.31,Bhagyakul,1.15,1.2619786395431205,1.2153625742815095,1.2816551020537545,1.261978287208094,1.2706269932430816
2025-04-13,1.32,Bhagyakul,1.31,1.3231115409700072,1.3572731590211886,1.369520187821174,1.3282940577773055,1.3342951519547839
2025-04-14,1.29,Bhagyakul,1.32,1.2944717129906984,1.3048615287807177,1.3247672876637508,1.3136320422818717,1.3188949935961947
2025-04-15,1.22,Bhagyakul,1.29,1.2833091816229945,1.2350621081205577,1.2732091379420483,1.2848321320668452,1.2890285632231162
2025-04-16,1.22,Bhagyakul,1.22,1.2427933981812824,1.1798257130101348,1.2330863333324051,1.2521574382097789,1.2534521437342587
2025-04-17,1.22,Bhagyakul,1.22,1.21447605050242,1.196960601282101,1.2294152272197527,1.2225048975623605,1.2217337204416567
2025-04-18,1.19,Bhagyakul,1.22,1.1781182402333956,1.1961749656603182,1.205132181294851,1.1792656133535042,1.1757427507362481
2025-04-19,1.15,Bhagyakul,1.19,1.159185648473153,1.1175013743643623,1.1382061781444834,1.153838874158854,1.147496243186379
2025-04-20,1.11,Bhagyakul,1.15,1.1231750285432085,1.0652099314550603,1.1165792462829225,1.1141150974990033,1.108513168948348
2025-04-21,1.04,Bhagyakul,1.11,1.075613210107361,1.0385388199239962,1.07702408062972,1.049167923890014,1.0434452324263008
2025-04-22,0.97,Bhagyakul,1.04,1.0225643627933172,0.9877323299439182,1.0237135139399676,1.0190723979621916,1.0125870383014495
2025-04-23,1.1,Bhagyakul,0.97,1.0367378757149013,0.9875102345125123,1.0416590605593226,1.0232868046150854,1.02465882660983
2025-04-24,1.3,Bhagyakul,1.1,1.2580565066765403,1.1919088155461044,1.2450982754223672,1.2488473604618002,1.255046305274391
2025-04-25,1.48,Bhagyakul,1.3,1.44427174176463,1.4262002256812156,1.4586312829070354,1.4404635418807261,1.449551492055554
2025-04-26,1.62,Bhagyakul,1.48,1.6371187343899767,1.595279258539202,1.6273399959884063,1.6210690377559807,1.633488408048746
2025-04-27,1.74,Bhagyakul,1.62,1.719037187667766,1.696109126966461,1.7103028238499671,1.6904976381424184,1.695580519375406
2025-04-28,1.72,Bhagyakul,1.74,1.7438550062579403,1.7553715496166182,1.7594050402580852,1.7292709468220553,1.7300548862663014
2025-04-29,1.66,Bhagyakul,1.72,1.6706576252946335,1.6693680431902365,1.7169590698819495,1.674779450181443,1.6677471703291957
2025-04-30,1.63,Bhagyakul,1.66,1.7296319871890897,1.6415847542101487,1.7682703488105072,1.7331319577536508,1.7302303905676952
2025-05-01,1.79,Bhagyakul,1.63,1.8376528556087957,1.700439433723173,1.8345023394873052,1.8264511501142373,1.8361845058242008
2025-05-02,1.93,Bhagyakul,1.79,1.9571474843345142,1.8782698728760863,1.9650873671308116,1.9474822354072343,1.9516441495842718
2025-05-03,1.97,Bhagyakul,1.93,2.030472791863861,1.9464871127962367,2.0113717477959043,2.0116590742385942,2.005368434739547
2025-05-04,1.92,Bhagyakul,1.97,1.903889877231445,1.902416082122097,1.923463772460331,1.903956486587674,1.8972904672401818
2025-05-05,1.83,Bhagyakul,1.92,1.8034309016338046,1.8134786458874608,1.820098276712115,1.8299445512043107,1.8202167619131895
2025-05-06,1.69,Bhagyakul,1.83,1.6985197120073336,1.736806338154057,1.7382796057633145,1.7340266153908033,1.7296382077769963
2025-05-07,1.58,Bhagyakul,1.69,1.5922499494573912,1.6070401244332,1.6192595148421927,1.6177119314634263,1.6142199024907136
2025-05-08,1.55,Bhagyakul,1.58,1.5560449198103181,1.5229296336217544,1.5648457260918622,1.5731357489331073,1.5715188008986
2025-05-09,1.55,Bhagyakul,1.55,1.4877873595892996,1.5300897315204125,1.5554973209037286,1.5260802520072323,1.524184962428398
2025-05-10,1.57,Bhagyakul,1.55,1.5602162684599796,1.5667038964343265,1.6053686095799786,1.5914890882744919,1.5913814725426896
2025-05-11,1.61,Bhagyakul,1.57,1.589670394468272,1.598645990489282,1.6392215383219444,1.6087062577639664,1.6092306072824878
2025-05-12,1.65,Bhagyakul,1.61,1.6467735145998212,1.638420967667747,1.6801553764471047,1.6459200102606772,1.6471124124491154
2025-05-13,1.7,Bhagyakul,1.65,1.6817250810666013,1.6678223337279476,1.7144387645458512,1.6968615787596064,1.6968886683248094
2025-05-14,1.67,Bhagyakul,1.7,1.7042738158447495,1.710711469838752,1.7567982888673297,1.726419306560467,1.7250739255550478
2025-05-15,1.67,Bhagyakul,1.67,1.7168377102438193,1.6920115829975144,1.7609699343406255,1.7241747741576292,1.7231268567300695
2025-05-16,1.7,Bhagyakul,1.67,1.7109480024529584,1.6882571354373654,1.7602379944407744,1.7256673560168814,1.7247460457324184
2025-05-17,1.79,Bhagyakul,1.7,1.8018969100017914,1.7240849295884768,1.8076629057081484,1.7812895598595768,1.7835862292714477
2025-05-18,1.84,Bhagyakul,1.79,1.8600784965114368,1.8071678836117684,1.8742239376523233,1.8475051662891815,1.8489549669232765
2025-05-19,1.88,Bhagyakul,1.84,1.8908469075861267,1.8280646404805687,1.889129170599545,1.885208991244203,1.8841512884057419
2025-05-20,1.93,Bhagyakul,1.88,1.9158649409766322,1.8573381399019555,1.9429390037734098,1.9135243967343918,1.9112097842874245
2025-05-21,2.09,Bhagyakul,1.93,2.091785537514538,1.9622798255112412,2.0773666182870705,2.0797210299491002,2.0772271179857995
2025-05-22,2.32,Bhagyakul,2.09,2.3027773433310887,2.221072796192041,2.2984212954538905,2.300035176308357,2.3037017199880445
2025-05-23,2.44,Bhagyakul,2.32,2.4511810786900434,2.4684746822635257,2.466788298633722,2.453336180933978,2.4537733215248174
2025-05-24,2.61,Bhagyakul,2.44,2.5463733382424287,2.5473528004464714,2.5372024373864694,2.56023666086539,2.5637957740207393
2025-05-25,2.74,Bhagyakul,2.61,2.709344653590822,2.7007931257797324,2.68632541700117,2.727004379414662,2.735667188403371
2025-05-26,2.82,Bhagyakul,2.74,2.838221042714517,2.826273948102754,2.807290397080726,2.8370307262787287,2.845783413561422
2025-05-27,2.84,Bhagyakul,2.82,2.8485424963692405,2.8896092047316375,2.854968782174088,2.8467465978854474,2.8468323803758224
2025-05-28,2.86,Bhagyakul,2.84,2.8415438082828257,2.8841962284023084,2.8484500180935295,2.8236651637472416,2.8269342715358747
2025-05-29,3.13,Bhagyakul,2.86,3.0275232918801915,2.9849302258130144,2.988668551827993,2.997152396033126,3.004430961033582
2025-05-30,3.24,Bhagyakul,3.13,3.3582001612096346,3.2978965496889203,3.261949592117275,3.2909126446670895,3.300856090209578
2025-05-31,2.95,Bhagyakul,3.24,3.093565264609779,3.248299678695312,3.156438229059022,3.087072278565241,3.0779618078423865
2025-06-01,2.89,Bhagyakul,2.95,2.77034537594514,2.7544814568766554,2.80586532068539,2.8080292507180213,2.798493699978486
2025-06-02,2.81,Bhagyakul,2.89,2.8167810101408417,2.732505113464286,2.8815220122940866,2.8287875672281415,2.8308692795893022
2025-06-03,2.89,Bhagyakul,2.81,2.9200094773399345,2.8083529981816167,2.9540210306476706,2.911483504530944,2.9070352086392006
2025-06-04,3.23,Bhagyakul,2.89,3.125693911422968,3.0508088129446773,3.1416219934291405,3.171141847583396,3.1742664368405236
2025-06-05,3.65,Bhagyakul,3.23,3.5219823498511165,3.4400434613688806,3.5107305374868303,3.560239374517799,3.5476809694911506
2025-06-06,3.95,Bhagyakul,3.65,3.8430133252311145,3.82045651445017,3.8829700385312798,3.8863040039774917,3.882709782963131
2025-06-07,4.09,Bhagyakul,3.95,4.001053466137487,4.0218564815216125,4.047657233855877,4.0416080403228465,4.044794796419471
2025-06-08,4.03,Bhagyakul,4.09,4.046790101490588,4.068454952807172,4.042341155679913,4.072436561145666,4.075125102790868
2025-06-09,3.88,Bhagyakul,4.03,3.9350455021368664,3.9424933950219327,3.911130595760902,3.926797862702552,3.928810347402026
2025-06-10,3.71,Bhagyakul,3.88,3.707013465174098,3.77627299494296,3.7430331486135633,3.7195198104153957,3.7140700246994047
2025-06-11,3.53,Bhagyakul,3.71,3.5884962880323785,3.6151543589347295,3.597828146254443,3.590054176773615,3.581489418995444
2025-06-12,3.38,Bhagyakul,3.53,3.44786950870755,3.447683419622731,3.4604698948983237,3.442649453550193,3.4419128019044787
2025-06-13,3.23,Bhagyakul,3.38,3.2989211935656595,3.2943944120141713,3.313608471566902,3.2832787765345697,3.2792952443322982
2025-06-14,3.12,Bhagyakul,3.23,3.1931428873202123,3.1540057890685005,3.194138658777049,3.1705956627468654,3.167376345818655
2025-06-15,3.07,Bhagyakul,3.12,3.095079805735713,3.06465096199207,3.1084891285555023,3.0897537786868874,3.0879481741236035
2025-06-16,3.05,Bhagyakul,3.07,3.044095264883147,3.026538909200488,3.0517394253815766,3.0268240513845033,3.028159855125024
2025-06-17,3.09,Bhagyakul,3.05,3.0752812449252853,3.0217503355444104,3.041702271034286,3.0466752099197962,3.04794387850315
2025-06-18,3.04,Bhagyakul,3.09,3.0504931362716157,3.057374568764846,3.054730450999079,3.0472800423571,3.0493270928863994
2025-06-19,2.98,Bhagyakul,3.04,2.9936220786307217,2.998919738413481,3.017289166545582,3.0059192764745553,3.00450492013138
2025-06-20,2.97,Bhagyakul,2.98,2.945101590874759,2.9426908682386475,2.970387169112987,2.9484092243184548,2.9513476732771182
2025-06-21,2.9,Bhagyakul,2.97,2.9437330956701286,2.969140431505211,3.010720176546927,2.9693534842323808,2.9700142122869053
2025-06-22,2.98,Bhagyakul,2.9,2.9349143060629976,2.9286730927981175,2.9805594720343715,2.9383555198536357,2.9397120566352783
2025-06-23,3.04,Bhagyakul,2.98,3.0301471371900695,3.016863867430008,3.071145420962001,3.0269032173056822,3.0286994400064384
2025-06-24,3.17,Bhagyakul,3.04,3.1379796718545068,3.1082385505534886,3.1731664867185345,3.12733285563931,3.1282126896466225
2025-06-25,3.31,Bhagyakul,3.17,3.308509866974586,3.3046999841350897,3.3475811193739133,3.2955790636332725,3.3022508074206542
2025-06-26,3.48,Bhagyakul,3.31,3.500057364991281,3.4554592090885783,3.5035485855266155,3.484687305414203,3.483677877156245
2025-06-27,3.64,Bhagyakul,3.48,3.6387168338608786,3.5890887856937503,3.662155818510628,3.6413154624067032,3.637259442721454
2025-06-28,3.76,Bhagyakul,3.64,3.7425000163432047,3.7128592015312214,3.794464689268004,3.7505908658073763,3.7494248981614113
2025-06-29,3.81,Bhagyakul,3.76,3.812576402636377,3.8044387295411277,3.8737288715612013,3.8311411202385646,3.8349307844033924
2025-06-30,3.9,Bhagyakul,3.81,3.844792134933336,3.8167136547851417,3.8701500699123095,3.847902677407936,3.8496418256248965
2025-07-01,3.9,Bhagyakul,3.9,3.895146280300799,3.857587651565883,3.8987462937194457,3.889510392887285,3.8859320198547747
2025-07-02,3.87,Bhagyakul,3.9,3.870011653903951,3.8325842589956522,3.870655185965516,3.8697600179695457,3.863433618987058
2025-07-03,3.82,Bhagyakul,3.87,3.84134230928837,3.8141546416692815,3.825925617620213,3.825827505240238,3.822602884412022
2025-07-04,3.69,Bhagyakul,3.82,3.769809374655041,3.7493635011873505,3.7362736662797515,3.741380624483129,3.733160607461654
2025-07-05,3.58,Bhagyakul,3.69,3.5963214122514544,3.5819131534566195,3.5988592388604244,3.590305960546752,3.5812817421295375
2025-07-06,3.51,Bhagyakul,3.58,3.5370185713009956,3.4920378458286088,3.5496600713560107,3.5301436691131785,3.52577379668861
2025-07-07,3.54,Bhagyakul,3.51,3.553055960559021,3.49027311239757,3.5617084190260697,3.5309932036118217,3.5280914495192506
2025-07-08,3.64,Bhagyakul,3.54,3.6148721465945464,3.5867850201107103,3.6322293501969316,3.604502921091228,3.6018963995911855
2025-07-09,3.75,Bhagyakul,3.64,3.7643661481517503,3.7169513009898836,3.7564328223824965,3.7510080719580876,3.7533176532187937
2025-07-10,3.85,Bhagyakul,3.75,3.885072029310969,3.808129663770637,3.8530100762078163,3.854904677205688,3.8582465335093796
2025-07-11,3.88,Bhagyakul,3.85,3.88748738615397,3.8593206465252368,3.908694298461422,3.879340061409664,3.8805232304112915
2025-07-12,3.85,Bhagyakul,3.88,3.8952443806535366,3.8501615146192165,3.9004461874182823,3.888379779436967,3.8894246112062185
2025-07-13,3.84,Bhagyakul,3.85,3.8682277850261197,3.817853041204996,3.8629717434351147,3.858525544083374,3.8614870636902183
2025-07-14,4.0,Bhagyakul,3.84,3.9560964039069333,3.8968720422178404,3.927045194463863,3.9367590863985398,3.9401089015257535
2025-07-15,4.02,Bhagyakul,4.0,4.070789877503838,4.044856470074844,4.029740075550043,4.03137503522287,4.032099526044514
2025-07-16,3.95,Bhagyakul,4.02,3.9519950862832505,3.9302616263835977,3.944420516157828,3.9398801619613035,3.9384383116549753
2025-07-17,3.91,Bhagyakul,3.95,3.9470048730149956,3.812751884741823,3.906288156134592,3.9380486234331884,3.9347823808380142
2025-07-18,3.9,Bhagyakul,3.91,3.9675961290541335,3.838812582043848,3.9384872804358064,3.9510270721122693,3.948014341367117
2025-07-19,3.93,Bhagyakul,3.9,3.9088621727862605,3.887854530470625,3.9354693971011563,3.92356374601315,3.9135826536551925
2025-07-20,3.99,Bhagyakul,3.93,3.964653070595929,3.920053485953442,3.9692881575285788,3.954279586881583,3.9471949774248487
2025-07-21,4.06,Bhagyakul,3.99,4.068105567162871,3.9734087206492625,4.04066313528264,4.04729037660485,4.043863843108542
2025-07-22,4.16,Bhagyakul,4.06,4.164307795243683,4.062505491415652,4.138615194656379,4.163438245281107,4.16328904962394
2025-07-23,4.29,Bhagyakul,4.16,4.256623269051381,4.2037114877939326,4.258521751715619,4.261868426811691,4.265056105547335
2025-07-24,4.41,Bhagyakul,4.29,4.457729003299956,4.3644055037500955,4.392677130957715,4.432549966837326,4.439280875064297
2025-07-25,4.57,Bhagyakul,4.41,4.572906308131613,4.565060428617926,4.537402612930804,4.552826761941804,4.556799448462917
2025-07-26,4.62,Bhagyakul,4.57,4.661300117481611,4.640997370360516,4.6189124421838645,4.611020836227913,4.61044079533455
2025-07-27,4.54,Bhagyakul,4.62,4.589950508282125,4.568759648563289,4.581643489441971,4.566282016166206,4.569266705821566
2025-07-28,4.5,Bhagyakul,4.54,4.510378092157947,4.449676330016036,4.499114390609134,4.4994721392167,4.502506378665429
2025-07-29,4.43,Bhagyakul,4.5,4.459705935943791,4.422500813601483,4.440733834312014,4.440434489773942,4.43679306634339
2025-07-30,4.35,Bhagyakul,4.43,4.379522499760372,4.336896977667711,4.350730673718933,4.370064846259443,4.36716509376681
2025-07-31,4.32,Bhagyakul,4.35,4.339269657155703,4.246098502324949,4.303748005173745,4.330518446445978,4.332751909562698
2025-08-01,4.27,Bhagyakul,4.32,4.3059939708977435,4.211920075798001,4.287063418525272,4.282565357047978,4.280236995070708
2025-08-02,4.25,Bhagyakul,4.27,4.242732796627638,4.179084607459198,4.242165659460544,4.225375291480426,4.220165787811982
2025-08-03,4.24,Bhagyakul,4.25,4.244877761408259,4.200570122893485,4.255319808469513,4.246045884513024,4.243235560039346
2025-08-04,4.29,Bhagyakul,4.24,4.292245634740276,4.199306542504016,4.270696749415751,4.286465291707057,4.2819124249621945
2025-08-05,4.34,Bhagyakul,4.29,4.333434036655115,4.266491210804317,4.349989252061955,4.342053469028259,4.340057717568333
2025-08-06,4.43,Bhagyakul,4.34,4.451717895891933,4.349396461795547,4.441438945993787,4.450749345625884,4.451489910416469
2025-08-07,4.56,Bhagyakul,4.43,4.593534289912529,4.48091189609393,4.554415117977058,4.577562499818509,4.582454773684919
2025-08-08,4.72,Bhagyakul,4.56,4.694944555357663,4.635868843219762,4.674656757560231,4.679546557462711,4.682978533339836
2025-08-09,4.83,Bhagyakul,4.72,4.841422692618518,4.780441256826187,4.8137363952299275,4.816597833565516,4.821420170374677
2025-08-10,4.9,Bhagyakul,4.83,4.88606103157046,4.849714315484474,4.8908288297825715,4.878804614058181,4.881094802907945
2025-08-11,4.97,Bhagyakul,4.9,4.9721985155872215,4.87530522800855,4.954117376835133,4.96657545888629,4.971908638662268
2025-08-12,5.05,Bhagyakul,4.97,5.048437712588305,4.960669990840748,5.0420881777589,5.047773032527013,5.053823979583928
2025-08-13,5.14,Bhagyakul,5.05,5.124735605262913,5.060155214511374,5.125622039830483,5.1308888779528345,5.136831436164219
2025-08-14,5.23,Bhagyakul,5.14,5.203543265764898,5.139399024029269,5.203867124255283,5.1979262295127775,5.203466330204571
2025-08-15,5.27,Bhagyakul,5.23,5.2533255710799835,5.171156299335228,5.2558959000707794,5.253198929786788,5.258471865737474
2025-08-16,5.29,Bhagyakul,5.27,5.27653239502229,5.188430058878321,5.289631653485003,5.293241632001422,5.299208128277598
2025-08-17,5.25,Bhagyakul,5.29,5.284233884454088,5.20575148147967,5.291612238150523,5.290526369122273,5.295667181423582
2025-08-18,5.2,Bhagyakul,5.25,5.244506781754055,5.191208368120028,5.235694508273016,5.235476317737857,5.240986812209348
2025-08-19,5.18,Bhagyakul,5.2,5.201051702398408,5.166775846555256,5.16931990726267,5.184110328578918,5.192681024252831
2025-08-20,5.11,Bhagyakul,5.18,5.145952176926311,5.138958379657103,5.109335837309092,5.106204568689184,5.120520590855139
2025-08-21,5.03,Bhagyakul,5.11,5.0757167342482985,5.049870578921504,5.017766827463449,5.020290031091714,5.033161120691335
2025-08-22,4.92,Bhagyakul,5.03,4.9824352132499286,4.959925762164118,4.935342222172359,4.926714852377117,4.936577853312255
2025-08-23,4.89,Bhagyakul,4.92,4.902109187320012,4.86911771915998,4.854675303943959,4.863499253621722,4.869030979197987
2025-08-24,4.81,Bhagyakul,4.89,4.85772345750325,4.822633374655926,4.830466911275142,4.807142231517296,4.813780947206552
2025-08-25,4.7,Bhagyakul,4.81,4.756615877183919,4.722999719946107,4.746503395072249,4.724973594836253,4.730297942425071
2025-08-26,4.64,Bhagyakul,4.7,4.643461057441736,4.611101560925936,4.644761131547901,4.628885434844302,4.631193738343417
2025-08-27,4.61,Bhagyakul,4.64,4.628485094782295,4.587261603933409,4.626062127249036,4.613524441245514,4.616797452196505
2025-08-28,4.6,Bhagyakul,4.61,4.577281271090868,4.554906852441168,4.582514809514219,4.568344498471412,4.5647612140427904
2025-08-29,4.58,Bhagyakul,4.6,4.56443468053882,4.517351485367503,4.569427232864429,4.568401477039238,4.567423301266558
2025-08-30,4.55,Bhagyakul,4.58,4.544176361206733,4.481234482028274,4.5599448648753365,4.553172142664944,4.551375318464715
2025-08-31,4.55,Bhagyakul,4.55,4.550497731743848,4.474976386627493,4.562656779238614,4.561504501440271,4.557540446181707
2025-09-01,4.56,Bhagyakul,4.55,4.555172019549861,4.486657256598201,4.568188873530656,4.5615516171997585,4.556155215836269
2025-09-02,4.71,Bhagyakul,4.56,4.649277915047937,4.555712322683484,4.634183163038493,4.652679400937455,4.651523719951951
2025-09-03,4.8,Bhagyakul,4.71,4.7840695483476035,4.73122324402641,4.785387929099553,4.776835748437459,4.776002960524441
2025-09-04,4.87,Bhagyakul,4.8,4.8578329871652715,4.806481622540734,4.85128904815692,4.852133607788418,4.850906756162001
2025-09-05,4.87,Bhagyakul,4.87,4.894861295804691,4.838307764610909,4.893284444236086,4.892619927924294,4.893266750976194
2025-09-06,4.86,Bhagyakul,4.87,4.881519135308791,4.818086533272816,4.869232831551748,4.871960029945325,4.872396638701885
2025-09-07,4.83,Bhagyakul,4.86,4.864786460339447,4.818613863188346,4.846612051114811,4.834236987035272,4.83772952745245
2025-09-08,4.8,Bhagyakul,4.83,4.813241587924282,4.792153488780293,4.791663485901112,4.790338173568753,4.794153246838396
2025-09-09,4.76,Bhagyakul,4.8,4.795532612299479,4.768310021083504,4.768484070647879,4.768551710877696,4.776348290111982
2025-09-10,4.72,Bhagyakul,4.76,4.760458640776967,4.735506794899404,4.7357478513350415,4.730785270421239,4.735565223606588
2025-09-11,4.74,Bhagyakul,4.72,4.739574421724715,4.703885455282675,4.716051084977209,4.717037548571533,4.71833171546513
2025-09-12,4.74,Bhagyakul,4.74,4.7215482888331834,4.697318980952155,4.717984252283929,4.709825196554279,4.707408957033388
2025-09-13,4.71,Bhagyakul,4.74,4.6989610786362315,4.640721846457097,4.6971474474057,4.698677594096382,4.695753179275823
2025-09-14,4.67,Bhagyakul,4.71,4.701074747087104,4.603004338066536,4.69431624572125,4.7019125914734685,4.701533724542279
2025-09-15,4.67,Bhagyakul,4.67,4.67417731950449,4.59022267003352,4.686372820462775,4.680159985090343,4.677870034971303
2025-09-16,4.7,Bhagyakul,4.67,4.6476943273342215,4.605303797828687,4.6830587743767245,4.667982258714692,4.663343088689657
2025-09-17,4.73,Bhagyakul,4.7,4.7193205947633565,4.653046895520135,4.735999742074161,4.740910433888387,4.737972466639046
2025-09-18,4.77,Bhagyakul,4.73,4.793963493840422,4.701648650699352,4.787421471205873,4.801092815073342,4.801983662977766
2025-09-19,4.84,Bhagyakul,4.77,4.84668071353321,4.762635865065778,4.833678679907994,4.844141141333856,4.844369731523022
2025-09-20,4.87,Bhagyakul,4.84,4.914253731038792,4.838886180099693,4.89460640440161,4.899449941518432,4.900585098458393
2025-09-21,4.91,Bhagyakul,4.87,4.9178240831023965,4.8521606512988855,4.894245168877898,4.8998506248661355,4.9026009964941375
2025-09-22,4.99,Bhagyakul,4.91,5.001213690959381,4.909336838711506,4.9444812889410095,4.969707228669695,4.974427308869466
2025-09-23,4.97,Bhagyakul,4.99,5.039709454382788,5.000326803492633,5.003514594159853,5.002120981477494,5.007678512485555
2025-09-24,4.94,Bhagyakul,4.97,4.981569808901116,4.948413471432569,4.950333013206746,4.948983524716055,4.95285165737556
2025-09-25,4.9,Bhagyakul,4.94,4.921449843476743,4.8848917775730465,4.898476024656802,4.907942926295584,4.911034981057966
2025-09-26,4.88,Bhagyakul,4.9,4.863751727667596,4.8303355617153985,4.848408902157204,4.844177366115435,4.851764138425845
2025-09-27,4.83,Bhagyakul,4.88,4.830673666737253,4.805671595979079,4.801630462556186,4.807268673928804,4.814767486286768
2025-09-28,4.63,Bhagyakul,4.83,4.687808591941647,4.660702337901438,4.677943494478424,4.668756643517534,4.665804222439779
2025-09-29,4.43,Bhagyakul,4.63,4.477475454197861,4.4363196800426605,4.476142914304798,4.445964475999856,4.4469403392279565
2025-09-30,4.21,Bhagyakul,4.43,4.273708157264754,4.251246796786583,4.288969278850459,4.242255596272588,4.240886862135127
2025-10-01,4.15,Bhagyakul,4.21,4.151892494965962,4.085528790398698,4.112892919720746,4.1221802193943065,4.125581095709748
2025-10-02,4.16,Bhagyakul,4.15,4.172485867017559,4.143437585913378,4.145114140166747,4.155556727684737,4.158896042483245
2025-10-03,4.15,Bhagyakul,4.16,4.133432582774896,4.167308454716927,4.133295610626474,4.123316772617173,4.120747427692548
2025-10-04,4.05,Bhagyakul,4.15,4.1041611105798514,4.110743285162285,4.102560250163431,4.102819583942136,4.100903114020665
2025-10-05,4.01,Bhagyakul,4.05,4.023746899338872,3.9770719394235385,4.012079610542179,4.011353642308696,4.010528499725832
2025-10-06,4.04,Bhagyakul,4.01,4.033147476594233,3.970427885345934,4.029552716024637,4.018993282561548,4.020776120837084
2025-10-07,4.14,Bhagyakul,4.04,4.125208721398183,4.077098779310659,4.151744436447275,4.118264535756572,4.1236021044397155
2025-10-08,4.34,Bhagyakul,4.14,4.213860035493355,4.108136959150678,4.210346998206858,4.2093022361028,4.206052008218673
2025-10-09,4.38,Bhagyakul,4.34,4.374150111483459,4.283987757849676,4.3702683840905125,4.365778614470346,4.366482356108933
2025-10-10,4.31,Bhagyakul,4.38,4.356606957583942,4.29690791688824,4.343544767253896,4.357741154318303,4.352932158818406
2025-10-11,4.29,Bhagyakul,4.31,4.328522363201197,4.293848787178211,4.32252366094869,4.356156386895596,4.3557243811392325
2025-10-12,4.18,Bhagyakul,4.29,4.209759907058085,4.233107894956796,4.245050335638566,4.232463316908222,4.228122327502789
2025-10-13,4.05,Bhagyakul,4.18,4.073265804806733,4.045318095582334,4.0870892603972235,4.079077909319692,4.074647913284767
2025-10-14,3.88,Bhagyakul,4.05,3.9229178449196453,3.882062589876854,3.92956993911395,3.906898904074685,3.89951856672289
2025-10-15,3.74,Bhagyakul,3.88,3.779096985361076,3.7364218266375477,3.7665593120038623,3.7393906615144537,3.7320690060433486
2025-10-16,3.63,Bhagyakul,3.74,3.702294228691525,3.646986247665618,3.6688775337919157,3.6694693124207376,3.660664858802131
2025-10-17,3.55,Bhagyakul,3.63,3.6000749501398803,3.568708086039438,3.598776254538635,3.5857239895599213,3.581243611147612
2025-10-18,3.52,Bhagyakul,3.55,3.537559696167226,3.500348206969645,3.542454977480394,3.5248872134867253,3.518668162194963
2025-10-19,3.51,Bhagyakul,3.52,3.5346057946067964,3.4868014238760234,3.529136368708718,3.519386173137478,3.5162356365694407
2025-10-20,3.49,Bhagyakul,3.51,3.4976345730580842,3.4822720887601264,3.5124989129399657,3.489329167297172,3.487354656499745
2025-10-21,3.41,Bhagyakul,3.49,3.4668925630425913,3.4471451161704585,3.4701302137941976,3.4577462648538124,3.4553766449403027
2025-10-22,3.31,Bhagyakul,3.41,3.387163418820795,3.3559903195070135,3.3800289468542335,3.3732523289152696,3.3753866308510276
2025-10-23,3.25,Bhagyakul,3.31,3.2567707302625966,3.247718622806328,3.2631542920614525,3.2469462108275984,3.245557052894506
2025-10-24,3.17,Bhagyakul,3.25,3.203830703771691,3.2045792944355362,3.2138213559115205,3.205540262055949,3.2057157724654393
2025-10-25,3.08,Bhagyakul,3.17,3.109106782511338,3.1192852435595313,3.1211801843876117,3.1053434373235507,3.1056333413783848
2025-10-26,2.95,Bhagyakul,3.08,2.975534764211709,3.001857469136573,3.0068908795867166,2.982507876800275,2.9767136221917556
2025-10-27,2.86,Bhagyakul,2.95,2.855700791241894,2.844144023244048,2.8727107471121123,2.8655690113474748,2.8600671619441367
2025-10-28,2.77,Bhagyakul,2.86,2.7713831266641518,2.7618274279738677,2.797008500005969,2.782507600010781,2.780127935565833
2025-10-29,2.72,Bhagyakul,2.77,2.7264967940895097,2.7114332796471694,2.7439153564320162,2.7241685136245235,2.7267883284328107
2025-10-30,2.66,Bhagyakul,2.72,2.6628780917361814,2.701761273065788,2.7147202810417532,2.6715914333147395,2.6705124689991795
2025-10-31,2.52,Bhagyakul,2.66,2.5608642436145552,2.6199917251652516,2.626683618335369,2.5720146456201616,2.5689958268167943
2025-11-01,2.52,Bhagyakul,2.52,2.4940587077014373,2.460084067056131,2.5103630688854666,2.496105809787763,2.49613844070933
2025-11-02,2.65,Bhagyakul,2.52,2.654941644911894,2.5213125588796927,2.5864979928907323,2.6200083661563798,2.622176479498898
2025-11-03,2.74,Bhagyakul,2.65,2.794134069055818,2.71599663628423,2.7507582049133994,2.773065818729316,2.7764659389225397
2025-11-04,2.95,Bhagyakul,2.74,2.931926967437076,2.8464096186896835,2.8609213541711225,2.9187321888634656,2.9166616067912634
2025-11-05,3.1,Bhagyakul,2.95,3.1079099289872913,3.083065098375334,3.066186265370119,3.0876266698710295,3.092913768670511
2025-11-06,3.21,Bhagyakul,3.1,3.184651404486762,3.2048927117839874,3.164924329242487,3.1528147685591157,3.1548042688423252
2025-11-07,3.19,Bhagyakul,3.21,3.215883949556419,3.237314587549982,3.2167191938051736,3.193970268407376,3.1995347104999428
2025-11-08,3.06,Bhagyakul,3.19,3.1324379514803473,3.1495406116057456,3.1526463844641377,3.1434716323083034,3.1460185909178353
2025-11-09,2.95,Bhagyakul,3.06,2.9544249614018208,2.978323724306412,2.990984503183871,2.9735871351550305,2.968301077935143
2025-11-10,2.9,Bhagyakul,2.95,2.8655445508535067,2.850989654751667,2.8720853558772035,2.879954528791408,2.8767927162322096
2025-11-11,2.75,Bhagyakul,2.9,2.7873710758095243,2.801704586149499,2.814374418103757,2.800178150404711,2.7952450357436427
2025-11-12,2.61,Bhagyakul,2.75,2.6246508850404897,2.6512955393221334,2.6674894207506568,2.6371699936881243,2.631616610732566
2025-11-13,2.47,Bhagyakul,2.61,2.5080770385397693,2.509538797245618,2.541041253129816,2.519295733773865,2.514278473754459
2025-11-14,2.38,Bhagyakul,2.47,2.3995167643219877,2.3778097242308776,2.422692100037096,2.3987135181392842,2.39596634431356
2025-11-15,2.34,Bhagyakul,2.38,2.33981822768389,2.309659160266794,2.3589816981286753,2.336886756005306,2.335348397317595
2025-11-16,2.3,Bhagyakul,2.34,2.315314641005889,2.300454894201462,2.340027558481227,2.3144061290266227,2.313556890782707
2025-11-17,2.3,Bhagyakul,2.3,2.3021289537305787,2.282099575739153,2.3148139048084677,2.300346387396793,2.29882507714115
2025-11-18,2.33,Bhagyakul,2.3,2.3110248185495124,2.2959439668842703,2.3206031974711316,2.306927730826032,2.305545501606137
2025-11-19,2.33,Bhagyakul,2.33,2.3305611647058524,2.3360073191800814,2.3483733677765404,2.3231952508665734,2.3227808653066067
2025-11-20,2.32,Bhagyakul,2.33,2.329231633909249,2.313987766902079,2.3313152516093214,2.3267355809690256,2.3256138955357772
2025-11-21,2.26,Bhagyakul,2.32,2.30046313604064,2.289909491437909,2.311010901764075,2.3036832911402265,2.3034227106094396
2025-11-22,2.18,Bhagyakul,2.26,2.200019183376122,2.2302636709786925,2.2400228482623876,2.2153447008144838,2.2128649912052407
2025-11-23,2.12,Bhagyakul,2.18,2.113491251472304,2.150311333864819,2.147559788973016,2.1326956606081224,2.1302457549578864
2025-11-24,2.02,Bhagyakul,2.12,2.024854554933257,2.074747185851715,2.0694873006554633,2.0455204208109388,2.0429528557470387
2025-11-25,1.9,Bhagyakul,2.02,1.9437190291980935,1.9441272970592942,1.963322810378305,1.9553003128698814,1.950697220919108
2025-11-26,1.87,Bhagyakul,1.9,1.8785308573047712,1.8399331450614966,1.8661452465728006,1.8781817862397638,1.8761244431029738
2025-11-27,1.8,Bhagyakul,1.87,1.8379490603763937,1.8302562634436235,1.8410707847193333,1.8355620027797075,1.8336184534879407
2025-11-28,1.74,Bhagyakul,1.8,1.7696496462943934,1.7642123229221298,1.7750289035689135,1.7686848996823894,1.7664572897162516
2025-11-29,1.69,Bhagyakul,1.74,1.7033478814439476,1.6951784312379834,1.714640442381316,1.7029845121249443,1.700555426172534
2025-11-30,1.68,Bhagyakul,1.69,1.686047524548492,1.6589729363702184,1.6795715744315654,1.6731566906713509,1.6733830868317228
2025-12-01,1.71,Bhagyakul,1.68,1.6965910498091366,1.670873232882145,1.688081447168133,1.6912987871340956,1.6902098488018675
2025-12-02,1.74,Bhagyakul,1.71,1.750995767542163,1.728502852219548,1.743222847547831,1.7511217148257983,1.7521895395070695
2025-12-03,1.77,Bhagyakul,1.74,1.7744217721821076,1.7715361045475797,1.7810990727884708,1.7745401857643077,1.775309681150259
2025-12-04,1.79,Bhagyakul,1.77,1.784836520986466,1.7996504665715014,1.8041895481038892,1.7835520181741407,1.7828158046970033
2025-12-05,1.86,Bhagyakul,1.79,1.8036420005660063,1.8004892514660265,1.8083260963323378,1.795555917402079,1.7952477674384735
2025-12-06,1.81,Bhagyakul,1.86,1.8063063196562583,1.8483555922744201,1.8436413469593564,1.8108767347006012,1.8111809439081321
2025-12-07,1.71,Bhagyakul,1.81,1.8000042336741404,1.7890681347922053,1.8006589229955916,1.8127195920942334,1.8113760200475015
2025-12-08,1.64,Bhagyakul,1.71,1.6463251734732223,1.6658037978352016,1.670339465773128,1.6616502222419458,1.657698243274688
2025-12-09,1.64,Bhagyakul,1.64,1.6030008135848892,1.5880806338203683,1.5964298602347748,1.6088694121941465,1.6081152516464288
2025-12-10,1.53,Bhagyakul,1.64,1.567605286841588,1.574014597553611,1.5851395851605963,1.5818681416764495,1.5787175265226763
2025-12-11,1.43,Bhagyakul,1.53,1.4652727889518609,1.4632332123581822,1.4804574504881545,1.4709647642321775,1.4662127807722756
2025-12-12,1.37,Bhagyakul,1.43,1.3893004324677811,1.3694055654568276,1.38581120103633,1.3862956018144958,1.3822135757728387
2025-12-13,1.29,Bhagyakul,1.37,1.3507549639996803,1.3179183139204858,1.3343624174302022,1.3365606167908017,1.3364001489655644
2025-12-14,1.24,Bhagyakul,1.29,1.2770415900776573,1.2461301231928097,1.2719997264020162,1.269249936308461,1.2672594556150953
2025-12-15,1.21,Bhagyakul,1.24,1.2341771651201325,1.2005614369193758,1.2370662516930524,1.2322647759985246,1.228790178404048
2025-12-16,1.22,Bhagyakul,1.21,1.213315655552909,1.1865447807890714,1.2261504963178955,1.2076869513595154,1.2051188907806905
2025-12-17,1.24,Bhagyakul,1.22,1.2310584044212358,1.2018677851989827,1.2385718598411743,1.2248004293926027,1.2238277287093966
2025-12-18,1.26,Bhagyakul,1.24,1.262672497731653,1.2452955900447982,1.2802357095018695,1.2600445697040994,1.2623223135467787
2025-12-19,1.33,Bhagyakul,1.26,1.3153288714299667,1.2877442960541254,1.3165291433408832,1.3079157329210982,1.3141436372146234
2025-12-20,1.39,Bhagyakul,1.33,1.3568635089209333,1.364979637200576,1.3878615224424615,1.3677284388130075,1.3712046580347679
2025-12-21,1.36,Bhagyakul,1.39,1.3650085734663524,1.4009722234705526,1.4198542585006566,1.3820760013787499,1.3834933737150406
2025-12-22,1.31,Bhagyakul,1.36,1.3330070624806016,1.3359506964122743,1.3648047146515532,1.344390513489742,1.3440113058787677
2025-12-23,1.29,Bhagyakul,1.31,1.3191618625240114,1.2774825243268586,1.317658070125593,1.324209409733183,1.3257375900813122
2025-12-24,1.28,Bhagyakul,1.29,1.2683690047768732,1.2694558224412866,1.2899151063283527,1.2715963908461203,1.273256120742966
2025-12-25,1.22,Bhagyakul,1.28,1.2362104959603946,1.2348102863747128,1.2489618528079143,1.2432590618013082,1.2409445929326046
2025-12-26,1.14,Bhagyakul,1.22,1.171555640800694,1.151931822373468,1.176510235176931,1.173833582066843,1.1710944758103077
2025-12-27,1.11,Bhagyakul,1.14,1.1218195912876243,1.0855919552423041,1.1090352408409494,1.1110142921947717,1.1089230569415467
2025-12-28,1.06,Bhagyakul,1.11,1.076213169800262,1.0795238198315495,1.0793592842386965,1.0671936626151306,1.0642852385051096
2025-12-29,1.0,Bhagyakul,1.06,1.018743903411262,1.0270689798466617,1.0253649641264035,1.0150242630152668,1.0128932412906118
2025-12-30,0.97,Bhagyakul,1.0,0.9769298224116034,0.9742307511509147,0.9902101596274816,0.9806403898442291,0.9780371094748171
2025-12-31,1.01,Bhagyakul,0.97,0.9816513032451883,0.9546182417845376,0.9862455011629927,0.9910160690875127,0.9883547601609891
2023-01-01,1.07,Sureswar,1.13,1.0584609410917596,1.0070546039092638,1.0518724504063826,1.0431789692373548,1.0376530863913835
2023-01-02,0.99,Sureswar,1.07,0.9947981456840369,0.9601517850493803,1.0002899323192063,1.0008285359749163,0.9963292008930856
2023-01-03,0.95,Sureswar,0.99,0.9182489657313103,0.8927904110668562,0.9283972748461383,0.9308314037827997,0.9254786795731702
2023-01-04,0.98,Sureswar,0.95,0.8955495579780837,0.8665509736170227,0.8993650659263239,0.9013768121931184,0.8952110690880973
2023-01-05,0.97,Sureswar,0.98,0.9435251282454276,0.9173981091034582,0.9409943020944761,0.9397641054136966,0.9338455766608614
2023-01-06,0.97,Sureswar,0.97,0.9436521296722613,0.9183806254693132,0.9451054077727256,0.9414135380189252,0.9368338482876247
2023-01-07,1.02,Sureswar,0.97,0.992931226528397,0.9217506573001044,0.9641281470220165,0.9803467214749401,0.9853732238667771
2023-01-08,1.06,Sureswar,1.02,1.0517685661141358,0.981456071439322,1.0353744469738746,1.0535558257491349,1.0604274560660585
2023-01-09,1.05,Sureswar,1.06,1.0693385227601917,1.0082128410777074,1.0586638399925168,1.067904659323455,1.0720605666721752
2023-01-10,1.05,Sureswar,1.05,1.0399416482035024,0.9695063517642254,1.0201811804099457,1.042457869524503,1.0474979861715528
2023-01-11,1.07,Sureswar,1.05,1.0231650589938874,0.9568914524848,0.9986414674353417,1.0263354328290737,1.0288101249058152
2023-01-12,1.02,Sureswar,1.07,1.0070029334854267,0.9713552178327397,0.9918582458808619,1.0096054836749293,1.002963453337783
2023-01-13,0.99,Sureswar,1.02,0.9739502164006502,0.9175803606472908,0.9323876673986747,0.966211761790101,0.9660215819950856
2023-01-14,0.9,Sureswar,0.99,0.936154787207989,0.8927829411021473,0.9153978625748692,0.9470363356783283,0.9431998866051544
2023-01-15,0.79,Sureswar,0.9,0.8635444614131291,0.8063132475103633,0.8318868582591644,0.8637965378141185,0.8621140632082493
2023-01-16,0.66,Sureswar,0.79,0.7168045505118116,0.6937814692532713,0.7145726144198434,0.7299188544907533,0.721821613805039
2023-01-17,0.61,Sureswar,0.66,0.6052011087873738,0.5649592602553515,0.5878450096095817,0.5999165051832297,0.5947773505974917
2023-01-18,0.54,Sureswar,0.61,0.5920815409569775,0.5258700204010461,0.5451489433036254,0.5616340142721238,0.5631741836955474
2023-01-19,0.58,Sureswar,0.54,0.5437658584923809,0.4775057805661616,0.5004023060327935,0.5127973489812436,0.5161881822365538
2023-01-20,0.67,Sureswar,0.58,0.6184721386474447,0.5525427230800526,0.5695878136257555,0.5859485934110263,0.592578960758596
2023-01-21,0.74,Sureswar,0.67,0.7416729596825048,0.6835175996812642,0.7002287267435184,0.7275325739548655,0.7403275004705784
2023-01-22,0.85,Sureswar,0.74,0.8680236365532641,0.7739872787022898,0.8012398808508169,0.8381587269186707,0.8548051954951755
2023-01-23,0.95,Sureswar,0.85,0.9660859513860921,0.8785744379410788,0.9154531709867548,0.9486743827123784,0.9660203544341965
2023-01-24,1.01,Sureswar,0.95,0.9617276036033311,0.9266172125229294,0.9486637685012048,0.9629969885151141,0.9683685529212586
2023-01-25,0.94,Sureswar,1.01,0.9436034502279734,0.9275106177399205,0.9298544278477076,0.9430912035004858,0.9347675960762659
2023-01-26,0.85,Sureswar,0.94,0.8444273075703278,0.8277162686265481,0.8236545930531771,0.8482851406822194,0.8365201147203359
2023-01-27,0.77,Sureswar,0.85,0.7399273587819452,0.724160720743115,0.7303047848295573,0.7483955395652124,0.7354566477742664
2023-01-28,0.67,Sureswar,0.77,0.6413416164846276,0.6496221343883304,0.6583694847984932,0.6646848653888552,0.6482935855873369
2023-01-29,0.53,Sureswar,0.67,0.5021449962838814,0.5527478400480047,0.555755685459455,0.5600830519550923,0.5453877077300383
2023-01-30,0.48,Sureswar,0.53,0.449127750400403,0.4348430555715656,0.442175905491752,0.45330422383124347,0.44290125283116466
2023-01-31,0.46,Sureswar,0.48,0.44439427096578743,0.41855266605187164,0.41351139263803915,0.43140535618896325,0.4228573944245868
2023-02-01,0.53,Sureswar,0.46,0.4831781155349586,0.425020351786813,0.4233955334804484,0.44892738379366187,0.4522408889216365
2023-02-02,0.51,Sureswar,0.53,0.49567382171067376,0.5005030414275352,0.49294113492946573,0.49001249079696474,0.48092152744421285
2023-02-03,0.54,Sureswar,0.51,0.48395054651618546,0.47287210205846614,0.47023158998796716,0.46794804269743845,0.4649313117593444
2023-02-04,0.56,Sureswar,0.54,0.5922166822213836,0.5191552249582553,0.5264793411647022,0.5564917817981888,0.5649834167863625
2023-02-05,0.67,Sureswar,0.56,0.6219697114578161,0.5668470248954379,0.5777650292676378,0.6071872923112398,0.6143197048199837
2023-02-06,0.73,Sureswar,0.67,0.7484838228237916,0.6846982136561858,0.7004187720465649,0.7266590354848207,0.7401452507205425
2023-02-07,0.81,Sureswar,0.73,0.7899239431423475,0.7314120196766224,0.7660573736531692,0.7872837973222332,0.8002278731672522
2023-02-08,0.87,Sureswar,0.81,0.8510835320750607,0.784075332877455,0.8185925481589442,0.8410631108428944,0.8532852374216805
2023-02-09,0.9,Sureswar,0.87,0.8599796687692449,0.8078799508086146,0.8256763909272138,0.862420851628949,0.866571488205711
2023-02-10,0.77,Sureswar,0.9,0.8049576032101982,0.8007031319367351,0.7961671299064076,0.8265880992916714,0.8155519310454388
2023-02-11,0.7,Sureswar,0.77,0.6889895180451717,0.6593272886003084,0.663144708644809,0.7032228027599411,0.6930586550811282
2023-02-12,0.69,Sureswar,0.7,0.6166327240723927,0.5981518020794813,0.6010173486481748,0.625356290518605,0.6109921262007951
2023-02-13,0.6,Sureswar,0.69,0.5987178011356712,0.5963078243594566,0.5925837752511377,0.6066356609909312,0.5955212863440511
2023-02-14,0.49,Sureswar,0.6,0.4544131484070589,0.49917871030021227,0.49420613918789336,0.49057704774928773,0.4740012322870976
2023-02-15,0.39,Sureswar,0.49,0.4005064379071462,0.38783363483626915,0.39068966462645127,0.39555379083403674,0.38656743053462445
2023-02-16,0.3,Sureswar,0.39,0.3887276437141459,0.31220129187414114,0.32170695600531246,0.3525351571099568,0.3505443146083716
2023-02-17,0.41,Sureswar,0.3,0.3928305550211966,0.2875047445018115,0.3062404271720167,0.3639943488269286,0.3802946703966767
2023-02-18,0.51,Sureswar,0.41,0.5572465801766426,0.4807258267385787,0.49462934927047364,0.5342671592459962,0.5508445541963596
2023-02-19,0.71,Sureswar,0.51,0.7039184805724567,0.6209517442823945,0.6430678354953999,0.6826859743223439,0.7055802242935428
2023-02-20,0.86,Sureswar,0.71,0.8981188518108065,0.8090563254132613,0.8432247373583999,0.8766642118889431,0.8989780869008066
2023-02-21,0.99,Sureswar,0.86,1.0117503211134267,0.9158091793750054,0.9578011757174892,0.9895038073769548,1.0132194455383894
2023-02-22,1.11,Sureswar,0.99,1.0215780846574256,0.9880207997002973,0.9987724170162212,1.0210595352584289,1.0352833769050378
2023-02-23,1.02,Sureswar,1.11,1.043910188093331,1.0506806224364709,1.0191779427494223,1.0565778027402133,1.0538430946683228
2023-02-24,0.76,Sureswar,1.02,0.8745441774948118,0.9062157476166823,0.868604493420917,0.902916693130003,0.8873863394405594
2023-02-25,0.65,Sureswar,0.76,0.6032510929003336,0.6228815051315572,0.6298551084366516,0.6455953782779165,0.6289908567049829
2023-02-26,0.55,Sureswar,0.65,0.48286048556979283,0.5205405664543332,0.5387350855930709,0.5334093086833867,0.5140090242130432
2023-02-27,0.39,Sureswar,0.55,0.41581796630755496,0.436994558457149,0.4556907715835867,0.4537551341861273,0.4512577840617274
2023-02-28,0.29,Sureswar,0.39,0.23771258227491193,0.27859584791431946,0.2927697835309434,0.28752022054829357,0.28493896917139244
2023-03-01,0.21,Sureswar,0.29,0.17222807199770263,0.19332545000613854,0.202536068644706,0.19593507239594823,0.19212993504560158
2023-03-02,0.24,Sureswar,0.21,0.15971449954772401,0.14735869254137524,0.14270776644439312,0.1441070643607028,0.14005194945953725
2023-03-03,0.3,Sureswar,0.24,0.2390288241289167,0.23104054832585944,0.21081661284922515,0.22334787487890304,0.22164003359334908
2023-03-04,0.41,Sureswar,0.3,0.37154000568844736,0.3431439397969142,0.33824393774342304,0.34174444218040834,0.3509020112090313
2023-03-05,0.46,Sureswar,0.41,0.48334528965946566,0.47255682439868485,0.4772955497510909,0.4729471228093647,0.48393851655083536
2023-03-06,0.52,Sureswar,0.46,0.5370651854726907,0.5029269480995925,0.5337340615880531,0.5226169445729457,0.5347844012984723
2023-03-07,0.6,Sureswar,0.52,0.5990602555812999,0.5308022231317685,0.5782757974052655,0.5806169158623352,0.5955238825211592
2023-03-08,0.62,Sureswar,0.6,0.6307307636643231,0.5842589741935611,0.6241799373112279,0.6257088325038467,0.6325529612508931
2023-03-09,0.62,Sureswar,0.62,0.5992040425413685,0.5651616213270433,0.5869624398175942,0.5889501016067572,0.5846827067555296
2023-03-10,0.64,Sureswar,0.62,0.6182097559717707,0.5519669393963477,0.5799932185959437,0.6075877871793195,0.6087360327411466
2023-03-11,0.56,Sureswar,0.64,0.5972060103313492,0.5785613876522774,0.5861800470442019,0.600514353239252,0.5882188945748115
2023-03-12,0.49,Sureswar,0.56,0.49800416616188375,0.47549234702771376,0.4769725375613691,0.495162468576778,0.4885162323089687
2023-03-13,0.44,Sureswar,0.49,0.4161209205071651,0.391934928030424,0.4029906297634221,0.422568269744072,0.4174091252139774
2023-03-14,0.42,Sureswar,0.44,0.4136292678206962,0.35891916435647353,0.375629379409215,0.4052279236122947,0.4051699562152056
2023-03-15,0.41,Sureswar,0.42,0.416805785859528,0.3815243055095367,0.3824605095388829,0.41072775125186906,0.40944629796097914
2023-03-16,0.35,Sureswar,0.41,0.3508495512931637,0.3726747430187555,0.35496374877254233,0.3576208789786431,0.3492609252130438
2023-03-17,0.32,Sureswar,0.35,0.27065767316986283,0.29403597154807415,0.2833996130570136,0.2833554707097888,0.27219974317874196
2023-03-18,0.41,Sureswar,0.32,0.3310676177251238,0.28216150581631294,0.28911593790257156,0.31042689407600416,0.31540507558646547
2023-03-19,0.57,Sureswar,0.41,0.5191423147430707,0.44328460933527175,0.4660316816203716,0.49247921665456246,0.5098540611303718
2023-03-20,0.73,Sureswar,0.57,0.7445264757692795,0.6735008203759052,0.6965987409998187,0.7219314308960415,0.7408706171228787
2023-03-21,0.89,Sureswar,0.73,0.9002905990382626,0.8423597384403548,0.8802330681244488,0.890277710858637,0.907680420983593
2023-03-22,0.99,Sureswar,0.89,0.9529622173911222,0.93303707030484,0.9741756666514868,0.97656309744068,0.9929086590294798
2023-03-23,0.99,Sureswar,0.99,1.0005650677906293,0.9519862279125828,0.9898615097679825,1.0038790728856186,1.0130972217159384
2023-03-24,0.91,Sureswar,0.99,0.9009954679928666,0.9031569125544596,0.9150230221367464,0.9260478767555368,0.9152122165629931
2023-03-25,0.8,Sureswar,0.91,0.7942886650055057,0.8034415220049095,0.7995142116066364,0.8101100594864666,0.7928127475929556
2023-03-26,0.64,Sureswar,0.8,0.6462142282879583,0.6732658537487137,0.6819152505333852,0.6863347852356778,0.6770031473725399
2023-03-27,0.51,Sureswar,0.64,0.48566776649235915,0.5062558714981263,0.5387981297267446,0.5333058236838305,0.5283288600728651
2023-03-28,0.42,Sureswar,0.51,0.39072219945464537,0.3917824612237811,0.43392609295923795,0.4201962797109379,0.4173478231318246
2023-03-29,0.29,Sureswar,0.42,0.29523603822587585,0.32835218017393625,0.35440271302940957,0.33050635388860233,0.32439178746832975
2023-03-30,0.26,Sureswar,0.29,0.18668302616945434,0.22355528683173218,0.23613283628761317,0.20874665055704641,0.20096140406902338
2023-03-31,0.23,Sureswar,0.26,0.2536794223250104,0.2294866109009989,0.25155226173882306,0.23217962419836394,0.23587425035827378
2023-04-01,0.34,Sureswar,0.23,0.30887686476918286,0.2510712654896045,0.29644778664423904,0.29291444624211255,0.30849397599166306
2023-04-02,0.45,Sureswar,0.34,0.4292338686695631,0.40905195327902866,0.4424403244840793,0.4278196509246795,0.4404229703097344
2023-04-03,0.58,Sureswar,0.45,0.5941152810105581,0.5379037025183714,0.5868822378480468,0.5823718028768525,0.60209127437463
2023-04-04,0.66,Sureswar,0.58,0.6682284235095869,0.6387773627878502,0.6921213480292648,0.6651388211506225,0.6770629914139903
2023-04-05,0.8,Sureswar,0.66,0.7863179367470313,0.6955692955056042,0.7680276515935943,0.7724205994525318,0.7938420672692362
2023-04-06,0.91,Sureswar,0.8,0.856712598935715,0.8131790593953596,0.8723529440877918,0.8717727375830439,0.8851026142823963
2023-04-07,0.93,Sureswar,0.91,0.8685086213680092,0.873915992946903,0.9116131499254806,0.8847708094147304,0.8824595696844088
2023-04-08,0.89,Sureswar,0.93,0.8769079623453866,0.8532649702897289,0.8848923788249476,0.8756792297448918,0.8706445695321144
2023-04-09,0.79,Sureswar,0.89,0.7638162134254207,0.7924282844217236,0.8068911359575822,0.7947835729888607,0.7719699421227206
2023-04-10,0.67,Sureswar,0.79,0.75196966629343,0.6920560686147511,0.7226437736259644,0.7415205519565652,0.7415372488854417
2023-04-11,0.64,Sureswar,0.67,0.6326202602942256,0.5749177642753526,0.6281900920146175,0.6473518226004678,0.6537820495962969
2023-04-12,0.56,Sureswar,0.64,0.5720579243783598,0.5449786941184361,0.5984392204999763,0.5894967312996765,0.5920684930681611
2023-04-13,0.5,Sureswar,0.56,0.5011709084255217,0.47731090305299756,0.5299838393704227,0.5101814828948953,0.512322078807559
2023-04-14,0.49,Sureswar,0.5,0.4457361587917063,0.4406074497487054,0.4848543284789515,0.45652523993218486,0.4546694789905285
2023-04-15,0.51,Sureswar,0.49,0.5235003854592403,0.4696814499188098,0.5246225019318401,0.5029784503594853,0.5115767166485696
2023-04-16,0.62,Sureswar,0.51,0.5532448251090146,0.5303045933417897,0.5868925524953587,0.5660121100954737,0.5749719433257393
2023-04-17,0.8,Sureswar,0.62,0.779398003907801,0.6911323927906384,0.7556029429947652,0.7570448454309383,0.7745285151928069
2023-04-18,1.03,Sureswar,0.8,0.9450080541089402,0.9062644935801089,0.9631482603474387,0.9561489070379064,0.970213111698647
2023-04-19,1.16,Sureswar,1.03,1.1460104239944726,1.1223194243507049,1.1634185760595044,1.145996162181856,1.160470146211192
2023-04-20,1.24,Sureswar,1.16,1.2433413552455788,1.198221020674195,1.2394458512788098,1.25636635561934,1.274301440202956
2023-04-21,1.37,Sureswar,1.24,1.2590190790410882,1.2094236537160141,1.2449339198839489,1.2596902702547694,1.268955941392097
2023-04-22,1.32,Sureswar,1.37,1.2569743139467342,1.2924357063947036,1.29002073780884,1.279925033409971,1.2638642198478756
2023-04-23,1.19,Sureswar,1.32,1.1054093097085325,1.1972087887627916,1.1699975657628563,1.1652307574005454,1.1360829913333268
2023-04-24,0.91,Sureswar,1.19,0.9535269663720679,1.0456751120775651,1.0416636432165605,1.0400316624203925,1.0186144693652577
2023-04-25,0.76,Sureswar,0.91,0.7342184946549603,0.7630976047397166,0.7994563067007651,0.792872500065268,0.7795539116346027
2023-04-26,0.66,Sureswar,0.76,0.6462790237202919,0.6270308857706905,0.6823800330592785,0.6722527443309652,0.6703374011829234
2023-04-27,0.57,Sureswar,0.66,0.5344707451324782,0.5490455455860803,0.601178747179394,0.5834679164065842,0.5815487295958092
2023-04-28,0.47,Sureswar,0.57,0.47252600095043285,0.48883429222592095,0.5303095545747715,0.5040335728771593,0.501260314063538
2023-04-29,0.49,Sureswar,0.47,0.4652447605298546,0.4278781385720681,0.4760646843200405,0.44310145570043713,0.44364978987273673
2023-04-30,0.53,Sureswar,0.49,0.5219344634187626,0.4826253147427597,0.5336780359339097,0.495637574846153,0.5009938846026158
2023-05-01,0.59,Sureswar,0.53,0.5986402201243392,0.5533464611458506,0.6234433207528945,0.5839298846029708,0.5984891374462423
2023-05-02,0.74,Sureswar,0.59,0.6624163069936968,0.6299903390538237,0.7064076623231172,0.6640709019316979,0.6762621850189557
2023-05-03,0.92,Sureswar,0.74,0.8977725910401052,0.8072651609058142,0.8848603086869714,0.8714318009210991,0.8877827494340124
2023-05-04,1.01,Sureswar,0.92,1.0244404547813664,0.9805491391553817,1.0444656712033928,1.023965153672023,1.0376703471918256
2023-05-05,1.09,Sureswar,1.01,1.0855230471271977,1.0296873422242279,1.0872029128646874,1.0804705636986667,1.0944769993040095
2023-05-06,1.2,Sureswar,1.09,1.124410523847425,1.07084449344631,1.130501235552606,1.1345799467753679,1.1523558001131964
2023-05-07,1.19,Sureswar,1.2,1.1856355437756045,1.1723448292423109,1.2180013706007504,1.1987969569281796,1.2046920759274025
2023-05-08,1.13,Sureswar,1.19,1.130905927864704,1.1306387297730887,1.155182009774894,1.1425925498551568,1.1363339076679326
2023-05-09,1.02,Sureswar,1.13,1.0218175761389119,1.0133680463662023,1.0371046163686104,1.045329317402684,1.0422026155062032
2023-05-10,0.97,Sureswar,1.02,0.9562055277057104,0.9015720777463306,0.9781175632580971,0.9801790163075151,0.9908710186997313
2023-05-11,1.0,Sureswar,0.97,1.0277915157918218,0.8812336846449297,1.0020576825753917,1.004089165198992,1.0252905756260204
2023-05-12,1.02,Sureswar,1.0,1.0380289650701404,0.9664974064387025,1.0763883335001891,1.0542924006861278,1.0635124074980913
2023-05-13,1.22,Sureswar,1.02,1.1224232548530686,1.0590276093138353,1.145907276579864,1.1354618024949419,1.1429046333358832
2023-05-14,1.29,Sureswar,1.22,1.2834037887205487,1.2908734074477495,1.3348709942192334,1.310294868289919,1.3135067756034475
2023-05-15,1.4,Sureswar,1.29,1.3150560654472963,1.3374220337786085,1.3681538535005757,1.3518702687091764,1.3576055279277541
2023-05-16,1.73,Sureswar,1.4,1.6316328139586274,1.4680154232220868,1.546759534534824,1.6008099023895355,1.6273383698905441
2023-05-17,1.76,Sureswar,1.73,1.771926829972911,1.7924456787865362,1.8092803075143487,1.7973512339545534,1.796040970627308
2023-05-18,1.77,Sureswar,1.76,1.7803084295258893,1.736610770946306,1.740146792470738,1.7633342015375055,1.7704936315356061
2023-05-19,1.72,Sureswar,1.77,1.6674909604340475,1.67539589454557,1.6811543642703988,1.6964165799177113,1.6820849943548126
2023-05-20,1.72,Sureswar,1.72,1.6891908844214125,1.6162518190916557,1.6494676638179016,1.6841891153429105,1.684253567788775
2023-05-21,1.65,Sureswar,1.72,1.6208141915994512,1.6237543951595506,1.6360935523930025,1.635133138450754,1.6160677471339338
2023-05-22,1.58,Sureswar,1.65,1.5407249368265954,1.5580035317071255,1.5655889783752617,1.575626379373537,1.563770726655039
2023-05-23,1.43,Sureswar,1.58,1.478590843173388,1.4896404610832124,1.505739722140679,1.5209226789990087,1.5128079299042554
2023-05-24,1.33,Sureswar,1.43,1.3443723691898892,1.3294906682711107,1.353909892337425,1.3602313988784769,1.3566394127325632
2023-05-25,1.29,Sureswar,1.33,1.3035690250449707,1.2362734451329354,1.2818101661472343,1.295899732280058,1.303053794373111
2023-05-26,1.28,Sureswar,1.29,1.254027121880112,1.2161523525578806,1.2608877731386414,1.2742903248601911,1.2830282309454284
2023-05-27,1.25,Sureswar,1.28,1.257560147754922,1.222380171635533,1.2628049575178213,1.2636867461871282,1.2674445487041204
2023-05-28,1.2,Sureswar,1.25,1.1928263817632954,1.1929904989072897,1.232367513105945,1.217029031908418,1.2206066106587705
2023-05-29,1.14,Sureswar,1.2,1.137016316370901,1.1382128641679021,1.1867094320175242,1.1525072593051455,1.1541315310397713
2023-05-30,1.16,Sureswar,1.14,1.1411537128314895,1.087711380752822,1.159360090433428,1.1394403859791706,1.1453620580855477
2023-05-31,1.21,Sureswar,1.16,1.206306959106375,1.1555374335708157,1.2367456365478386,1.224392582716607,1.2308620503481558
2023-06-01,1.41,Sureswar,1.21,1.3213884758113994,1.2495943023191385,1.3244488470235203,1.320735137041913,1.334451669547913
2023-06-02,1.57,Sureswar,1.41,1.5037580471925112,1.4834059192973985,1.5423189987034303,1.5313850497875603,1.5480434876964602
2023-06-03,1.65,Sureswar,1.57,1.6330592979650327,1.6278422061656557,1.6684849510006377,1.6577485341074147,1.6708850539220093
2023-06-04,1.71,Sureswar,1.65,1.6584370378045359,1.6536076948053064,1.682528416692991,1.6808274075541725,1.6851600251234498
2023-06-05,1.76,Sureswar,1.71,1.6840203247852228,1.6510535917607367,1.6806726942159882,1.6780327214718695,1.678573337073093
2023-06-06,1.71,Sureswar,1.76,1.703889178219754,1.6751009147184142,1.704124058806502,1.7117155788964789,1.7032272065838463
2023-06-07,1.56,Sureswar,1.71,1.6231443797793301,1.611648962783476,1.6349544846671407,1.6410018268390523,1.6292951459385747
2023-06-08,1.43,Sureswar,1.56,1.4487708708635836,1.443799583546651,1.4623480420753117,1.4731991294476385,1.4671871573050357
2023-06-09,1.38,Sureswar,1.43,1.3491417374849346,1.3062576651815985,1.3444209468712058,1.3683345789468975,1.3750904592262874
2023-06-10,1.41,Sureswar,1.38,1.386039238478824,1.2903582152868198,1.3522983715501808,1.392424093030021,1.4000465922355818
2023-06-11,1.46,Sureswar,1.41,1.4254011301317924,1.379390343179885,1.4228188543551763,1.452169843447799,1.4566017296751521
2023-06-12,1.59,Sureswar,1.46,1.525415614470682,1.488040240821898,1.526118293094207,1.5446709937803236,1.5556717648271527
2023-06-13,1.64,Sureswar,1.59,1.6184438296115244,1.631052115562781,1.650237523527677,1.652655792374379,1.6551126554349642
2023-06-14,1.74,Sureswar,1.64,1.7285279912532523,1.6619593952061846,1.7100896969335342,1.745467670778181,1.7630731893581792
2023-06-15,1.88,Sureswar,1.74,1.8216829862808188,1.7480566669467255,1.807596581721232,1.8346124209473427,1.8485749587363134
2023-06-16,1.97,Sureswar,1.88,1.9121286419551042,1.8825252871377567,1.9243779507061578,1.9490922392841423,1.9604887807987286
2023-06-17,2.05,Sureswar,1.97,2.0395360272988032,1.9675600818381174,2.007030751353279,2.04343200983369,2.056280407095816
2023-06-18,2.15,Sureswar,2.05,2.1147515631186073,2.054205359001583,2.099280170292213,2.125391176533179,2.129952473921692
2023-06-19,2.35,Sureswar,2.15,2.282449931293857,2.1829747796884598,2.251990916626662,2.3072385365166332,2.312755840858031
2023-06-20,2.57,Sureswar,2.35,2.5119429017669113,2.4345620634365646,2.494803878211574,2.5611259598792784,2.5661841113559523
2023-06-21,2.73,Sureswar,2.57,2.7212823008700147,2.658023145877448,2.7021141687933405,2.764117850096666,2.774226226627713
2023-06-22,2.81,Sureswar,2.73,2.8401383474191384,2.787171727021194,2.8214639920317826,2.8715911883993166,2.8785074809179445
2023-06-23,2.88,Sureswar,2.81,2.8527611985759305,2.808333724473733,2.8403119473851466,2.8655265823141334,2.864405607602796
2023-06-24,2.93,Sureswar,2.88,2.939695037935805,2.843888289412655,2.884946963850194,2.9051890205913167,2.9007593165754044
2023-06-25,2.95,Sureswar,2.93,2.932893258968364,2.871599734212062,2.908100651694244,2.912123499843753,2.9021802341669907
2023-06-26,2.92,Sureswar,2.95,2.9346073394416927,2.8759362017749908,2.9184234392076775,2.9213118620904575,2.916614327960154
2023-06-27,2.93,Sureswar,2.92,2.8695765444740875,2.849286509928353,2.9007269085217118,2.9079082081818886,2.9047740150374586
2023-06-28,2.88,Sureswar,2.93,2.8577441478234777,2.8550459718100876,2.8985581213672145,2.886052145186189,2.8779798964592693
2023-06-29,2.81,Sureswar,2.88,2.779774095585478,2.7872579806852777,2.8327378799748146,2.8182839864191855,2.8129585862681488
2023-06-30,2.76,Sureswar,2.81,2.675449309283606,2.7034689130830682,2.7506149649969056,2.7261922486677492,2.7164955008830787
2023-07-01,2.76,Sureswar,2.76,2.7416229381499306,2.6733859655096635,2.733407803952445,2.734030163047814,2.7283679180247833
2023-07-02,2.78,Sureswar,2.76,2.742794522442214,2.714327912861742,2.7615166734474723,2.7661876528856983,2.7645285705992975
2023-07-03,2.81,Sureswar,2.78,2.7738942949658947,2.7596071148038255,2.7931800266507314,2.811239074338681,2.8164301228996678
2023-07-04,2.88,Sureswar,2.81,2.814350243620547,2.7972141825276715,2.83915555645534,2.8599393367149024,2.866581741999356
2023-07-05,3.02,Sureswar,2.88,2.953226258392441,2.898992448938319,2.960612223595748,2.986182508724955,2.9992636812452615
2023-07-06,3.23,Sureswar,3.02,3.183793142746339,3.0821499268714696,3.1435015132220925,3.168160261598116,3.183851360813293
2023-07-07,3.2,Sureswar,3.23,3.2966637270069405,3.273202673843509,3.3003745482065985,3.3179655796920913,3.327530152211299
2023-07-08,3.16,Sureswar,3.2,3.13408388509082,3.148792674446488,3.1494848289868487,3.164481156275873,3.15926131375417
2023-07-09,3.1,Sureswar,3.16,3.0509079464219013,3.0418228468525754,3.059955034171342,3.079116828606915,3.0750559101735164
2023-07-10,3.03,Sureswar,3.1,3.0012880656421106,2.977204394452805,3.015658184229198,3.0192591691104838,3.0073663314003496
2023-07-11,3.02,Sureswar,3.03,2.9879572012709175,2.9398755657241806,2.995452608521937,2.9970172056718556,2.991245359203725
2023-07-12,3.04,Sureswar,3.02,2.9965418519227227,2.9690598932337475,3.0212565877157473,3.0127474153371003,3.01142559204022
2023-07-13,3.13,Sureswar,3.04,3.068860215321716,3.007232186329333,3.071954980070178,3.0660688783725587,3.0719898574151028
2023-07-14,3.19,Sureswar,3.13,3.181971384533114,3.119353837902223,3.1906674667292347,3.1902608952431564,3.1968438704737547
2023-07-15,3.29,Sureswar,3.19,3.275926436901167,3.1943294160691607,3.2752448768983604,3.2693811339245222,3.2819963864151784
2023-07-16,3.4,Sureswar,3.29,3.364737741646132,3.30023653632564,3.38739929197842,3.381336569721556,3.3942274102943166
2023-07-17,3.38,Sureswar,3.4,3.3839940993739215,3.3864873661918042,3.456906616633285,3.434781648950334,3.4387084259090805
2023-07-18,3.41,Sureswar,3.38,3.3708749237661393,3.3296617968704703,3.401102409663514,3.377323697032853,3.37979343034089
2023-07-19,3.44,Sureswar,3.41,3.370755956514762,3.3427922491369215,3.4172341899149443,3.3912102948467537,3.39126830345182
2023-07-20,3.38,Sureswar,3.44,3.4108473557771464,3.376979262168584,3.4451218549763056,3.4159386625018313,3.413738938123364
2023-07-21,3.38,Sureswar,3.38,3.321900071378576,3.3176164008898126,3.385406718589121,3.3587086210546135,3.360776295150053
2023-07-22,3.33,Sureswar,3.38,3.3079202336755356,3.3068047844197577,3.3682490248688963,3.3392473854579454,3.3415507492570597
2023-07-23,3.27,Sureswar,3.33,3.2298140991839728,3.2289900647098784,3.282353430379859,3.2522670199559527,3.2511735051536808
2023-07-24,3.19,Sureswar,3.27,3.138501811342498,3.1444915293257316,3.1850281622614474,3.157848322532255,3.157214266711108
2023-07-25,3.11,Sureswar,3.19,3.0609890079975854,3.064650709854009,3.1148509394361557,3.0915686407381195,3.085848716321003
2023-07-26,3.15,Sureswar,3.11,3.0714096143549074,3.017209402367255,3.085293218561899,3.086964132971716,3.0936961230396514
2023-07-27,3.09,Sureswar,3.15,3.0894720264811553,3.0846638194510265,3.1320638676557135,3.1075315948819284,3.1042509200586585
2023-07-28,3.0,Sureswar,3.09,3.001803739813197,3.0101484608014477,3.0593720346115565,3.0312317025996762,3.0257999405845015
2023-07-29,2.99,Sureswar,3.0,2.9452947477165643,2.9083893253161004,2.9868919551666386,2.9592967009912052,2.9570975969965674
2023-07-30,3.0,Sureswar,2.99,2.9432573292026083,2.9148673737207833,3.003580879963959,2.9595732549745626,2.956958155999327
2023-07-31,3.04,Sureswar,3.0,2.9792269377428204,2.9523544148429575,3.039805700146792,2.9954437642164273,2.9997465383800797
2023-08-01,3.15,Sureswar,3.04,3.07472342283094,3.0426486502358325,3.139575160108052,3.114579339536908,3.1267355732019744
2023-08-02,3.41,Sureswar,3.15,3.3601873676960623,3.2191870049518534,3.325869403753925,3.3192721823369937,3.3474773236286484
2023-08-03,3.42,Sureswar,3.41,3.3759356268063514,3.4244059295508755,3.482525675247976,3.4120600440963016,3.410140133428919
2023-08-04,3.38,Sureswar,3.42,3.3856631746014902,3.3650532361965184,3.3983689937385027,3.3938371331098627,3.399082010156843
2023-08-05,3.24,Sureswar,3.38,3.2920503491321287,3.2940461680186313,3.3445404341771976,3.331931080314105,3.325462993829038
2023-08-06,3.25,Sureswar,3.24,3.1978246906069803,3.1451140283602457,3.216445951717704,3.196612898808786,3.197553203258261
2023-08-07,3.26,Sureswar,3.25,3.216074572368548,3.1583484162101474,3.2363510909590474,3.2094708341282776,3.2066288485600576
2023-08-08,3.14,Sureswar,3.26,3.1694704648095726,3.1534017558542744,3.213737526628171,3.192882691136892,3.1905752835220134
2023-08-09,3.09,Sureswar,3.14,3.05663875727824,3.028539663781114,3.0904901668693796,3.0844234460802427,3.0822885685668484
2023-08-10,3.05,Sureswar,3.09,3.0396515266261592,2.9901576578697395,3.061234747248365,3.0562586039478425,3.0509250020508785
2023-08-11,3.06,Sureswar,3.05,3.048301415911878,2.9862999808191026,3.071283472759663,3.0596357706630504,3.059928322620211
2023-08-12,3.16,Sureswar,3.06,3.080358920793176,3.036161038859092,3.1257271922600633,3.1106362750032743,3.115208790018228
2023-08-13,3.19,Sureswar,3.16,3.2178018889867124,3.1726563796793315,3.263421557964243,3.2540108134646526,3.261390928481617
2023-08-14,3.23,Sureswar,3.19,3.2427092251626037,3.181925169477541,3.2850564455033258,3.25229416203631,3.2565489336615303
2023-08-15,3.28,Sureswar,3.23,3.255849426713913,3.19530969291803,3.292189229319155,3.2598363638584744,3.260310071742941
2023-08-16,3.33,Sureswar,3.28,3.3212184581570123,3.2448679243855785,3.3387804982167815,3.3205611827439303,3.325177399044905
2023-08-17,3.41,Sureswar,3.33,3.353160356974501,3.3056079055423946,3.385075848556094,3.3696760535114776,3.3712571383805425
2023-08-18,3.57,Sureswar,3.41,3.486223971976427,3.4144527535820637,3.4930274801846157,3.505460374244858,3.5170366060865565
2023-08-19,3.6,Sureswar,3.57,3.601349694856194,3.5684493898311387,3.6273311747220696,3.6215978056364144,3.6304631132014733
2023-08-20,3.45,Sureswar,3.6,3.5312136270304437,3.5454188514818132,3.5770559201177927,3.56089076501452,3.559708404002507
2023-08-21,3.34,Sureswar,3.45,3.3452806467514584,3.340105411131709,3.372731172118106,3.3656077565333944,3.3661434638570067
2023-08-22,3.32,Sureswar,3.34,3.2303339464577694,3.2207812396106004,3.2719780954372406,3.2601825647043428,3.2547102630965026
2023-08-23,3.28,Sureswar,3.32,3.2325631073293324,3.2113562860659113,3.2681255028082234,3.2393218016128364,3.233213024234079
2023-08-24,3.19,Sureswar,3.28,3.1441928259978984,3.1697340647677668,3.222389387731662,3.192111394630184,3.1848089462346514
2023-08-25,3.13,Sureswar,3.19,3.087103525475097,3.0797068874276867,3.144403769049196,3.120717499043146,3.113866838605329
2023-08-26,3.07,Sureswar,3.13,3.05094207394374,3.0317844546118358,3.1098335614110884,3.079069153707698,3.0742647890291237
2023-08-27,3.08,Sureswar,3.07,3.0535278232499925,3.0011424791740686,3.092664723393389,3.0623794978391126,3.064236579700207
2023-08-28,3.2,Sureswar,3.08,3.1467731353424764,3.0623410929058377,3.1575813107738795,3.1455543361174425,3.1542624583448458
2023-08-29,3.28,Sureswar,3.2,3.2436685695345897,3.2088531046125603,3.2915782241666918,3.2750529052312127,3.280609914137697
2023-08-30,3.37,Sureswar,3.28,3.344701245625012,3.2818977419505573,3.3677738584470354,3.3526979734979854,3.3620891935675092
2023-08-31,3.53,Sureswar,3.37,3.433063445173732,3.3679526645745113,3.459764064262734,3.455326427031998,3.466783738991778
2023-09-01,3.65,Sureswar,3.53,3.59787398057061,3.5457431596499673,3.6288476301043624,3.625161510448276,3.6343722087857877
2023-09-02,3.71,Sureswar,3.65,3.682149130077633,3.6464465952048855,3.717132172348849,3.6916353796088557,3.69793895841574
2023-09-03,3.61,Sureswar,3.71,3.696633227360002,3.6739586739958665,3.7354910877420657,3.721064337563899,3.7236881891587323
2023-09-04,3.62,Sureswar,3.61,3.572243004789528,3.5255926698854645,3.583533830172638,3.579073694744968,3.580991109612732
2023-09-05,3.56,Sureswar,3.62,3.491479779002465,3.5032855470905893,3.535984962581097,3.5269406683943796,3.5193024700816706
2023-09-06,3.46,Sureswar,3.56,3.3952384877637813,3.4336581536897044,3.4629056484952705,3.4391749834601146,3.4256826042355706
2023-09-07,3.38,Sureswar,3.46,3.314325387996129,3.3368194702868617,3.3789075373672723,3.3452848856807935,3.3358785807746805
2023-09-08,3.27,Sureswar,3.38,3.2175302220297746,3.257035327632728,3.301531208507393,3.257979571745938,3.2507476605389827
2023-09-09,3.02,Sureswar,3.27,3.0623236938431924,3.1297450364916934,3.1677958702159454,3.1072960319194003,3.09498399768584
2023-09-10,2.92,Sureswar,3.02,2.8520955560515415,2.874876202612363,2.9266937846116794,2.8850932921264114,2.878811403206143
2023-09-11,2.86,Sureswar,2.92,2.8143945110336888,2.7962017491266606,2.86284898618594,2.8223430862500343,2.819680034774624
2023-09-12,2.82,Sureswar,2.86,2.7915646434013306,2.777614988941785,2.8383785471400373,2.809907115655714,2.8095774464057364
2023-09-13,2.92,Sureswar,2.82,2.858447559125156,2.7909392228828414,2.8632388444849433,2.8627029270459308,2.873603396065415
2023-09-14,3.02,Sureswar,2.92,2.9995415151743985,2.9319578437893905,3.0005896398130147,3.0014895948604887,3.018435539466376
2023-09-15,2.98,Sureswar,3.02,2.9945102928251526,2.9928505946687047,3.0250579861214337,3.002240060908614,3.007767577582948
2023-09-16,2.91,Sureswar,2.98,2.83269569498968,2.881674595050837,2.8897952400561446,2.876356434824373,2.87077954465391
2023-09-17,2.77,Sureswar,2.91,2.772483186579199,2.791370544474401,2.805199579285946,2.8088493344872574,2.804246633497067
2023-09-18,2.79,Sureswar,2.77,2.6847177128765543,2.6744101037348518,2.7140514123129047,2.7227922781271268,2.7225549980672414
2023-09-19,2.79,Sureswar,2.79,2.783696835226831,2.7603393443238446,2.805592053621007,2.8070482964331744,2.8169563243084217
2023-09-20,2.93,Sureswar,2.79,2.8312803271964824,2.7953367769916615,2.8504050887471855,2.8545011308676997,2.872422773499787
2023-09-21,2.84,Sureswar,2.93,2.8816527064096396,2.893193648808627,2.9178158282749127,2.9070106893818575,2.9097755983725353
2023-09-22,2.69,Sureswar,2.84,2.7080680750299524,2.7337070480952677,2.7436454774951695,2.7420495840188104,2.737358772222777
2023-09-23,2.56,Sureswar,2.69,2.5561976411383567,2.55666195573384,2.5726062910998624,2.5674800875926085,2.563923634496572
2023-09-24,2.49,Sureswar,2.56,2.4528164639057315,2.436856236859039,2.4799201233254053,2.491391580036498,2.4956316979239648
2023-09-25,2.52,Sureswar,2.49,2.463035314355498,2.4191753516368273,2.478208654749698,2.496395345165267,2.5006622557095564
2023-09-26,2.61,Sureswar,2.52,2.555727402377755,2.511398730778908,2.5698763491899785,2.576171640212303,2.578686004250018
2023-09-27,2.77,Sureswar,2.61,2.6596422288002945,2.6493854077628787,2.7059369304609207,2.729253954351351,2.740198724210279
2023-09-28,2.88,Sureswar,2.77,2.8522567035661757,2.813271722110896,2.871532600600856,2.883399425662303,2.896067076586301
2023-09-29,3.01,Sureswar,2.88,2.9617425340546757,2.9025966494003157,2.9783416830911693,2.9864652045038382,3.003306812323315
2023-09-30,3.24,Sureswar,3.01,3.1482747217187637,3.0440943569512586,3.131877741417209,3.1487927592099454,3.168811286506307
2023-10-01,3.42,Sureswar,3.24,3.3101871379608543,3.2580161115092245,3.3138429955544915,3.297583934490588,3.306909087757786
2023-10-02,3.42,Sureswar,3.42,3.358127808419585,3.380365497346969,3.38441409867076,3.375279748299416,3.3696124088836243
2023-10-03,3.45,Sureswar,3.42,3.2995744931359163,3.320959132191884,3.320567132933274,3.3459513681218644,3.3400459860721945
2023-10-04,3.29,Sureswar,3.45,3.3246275826938754,3.3257440018615045,3.323537272126947,3.340112475356337,3.329260431596676
2023-10-05,3.25,Sureswar,3.29,3.168427612004245,3.1540946788423234,3.175261305661254,3.176656747235453,3.170837325931465
2023-10-06,3.18,Sureswar,3.25,3.1715777215295375,3.125591088568409,3.1908718564311607,3.1858295795351634,3.1827191941862325
2023-10-07,3.1,Sureswar,3.18,3.051496287894501,3.0595174860514995,3.135447924393221,3.1256448124802376,3.1227941333873765
2023-10-08,3.02,Sureswar,3.1,2.9744343364087924,2.9786855558645122,3.03668288081299,3.0330406091614344,3.0256593674912087
2023-10-09,2.95,Sureswar,3.02,2.9272054405330135,2.9043484411961082,2.9724916899352003,2.9686202122702405,2.9653781570196087
2023-10-10,2.93,Sureswar,2.95,2.9218873441613757,2.8488186974884493,2.9269499938808408,2.9131086000724586,2.9111034602141963
2023-10-11,2.96,Sureswar,2.93,2.922470633879615,2.861368117754036,2.943772155393044,2.9291085779899038,2.935864303173336
2023-10-12,3.01,Sureswar,2.96,2.936133486679395,2.9174450943570327,3.004174517338937,2.980302163429652,2.991559138960175
2023-10-13,3.06,Sureswar,3.01,2.990988069885335,2.964812828410281,3.053010747917073,3.0174791742816054,3.025234217360248
2023-10-14,3.08,Sureswar,3.06,3.0268823865705285,2.9987105677743577,3.0890398018894563,3.057381892205903,3.064587775141367
2023-10-15,3.09,Sureswar,3.08,3.0388053555811267,3.005307625256279,3.090806201060053,3.062754790654927,3.0659225759988016
2023-10-16,3.06,Sureswar,3.09,3.0491917436361913,3.006420770900436,3.085912731711826,3.060966314637124,3.063406102651681
2023-10-17,3.02,Sureswar,3.06,2.9915854753730944,2.968639445962752,3.044283190446152,3.0284714985768915,3.029688301759478
2023-10-18,2.93,Sureswar,3.02,2.934716489873004,2.9167271816348905,2.980821714935793,2.967757942144147,2.9683574901336574
2023-10-19,2.83,Sureswar,2.93,2.815623401066294,2.8070510681742706,2.8523181395835024,2.836243827918349,2.837743792846943
2023-10-20,2.65,Sureswar,2.83,2.6743720863162466,2.69356469172932,2.7284310889171466,2.6985355330122753,2.6975543375702435
2023-10-21,2.48,Sureswar,2.65,2.4784401110643364,2.508076079007948,2.548882322604929,2.5180563974485524,2.513244345444511
2023-10-22,2.38,Sureswar,2.48,2.361367723016117,2.3480059443939942,2.404835456104843,2.3839476397412507,2.38147917323888
2023-10-23,2.3,Sureswar,2.38,2.2556046906237865,2.2574251206796467,2.31444378877861,2.287256921051583,2.280048609788904
2023-10-24,2.32,Sureswar,2.3,2.2462370183031655,2.205568002604916,2.2771603759431813,2.2775463532333178,2.2766289151355608
2023-10-25,2.3,Sureswar,2.32,2.252033230975645,2.255373000584079,2.313526767202078,2.2974866831769596,2.292116573729387
2023-10-26,2.32,Sureswar,2.3,2.2826601300596243,2.239823514628374,2.3003638758759006,2.295396070284987,2.3016630104455564
2023-10-27,2.29,Sureswar,2.32,2.239445424176211,2.2476933352728063,2.303044105748136,2.2972348068893544,2.296613819657351
2023-10-28,2.29,Sureswar,2.29,2.2322865091418436,2.201658708248004,2.2559622891589806,2.2593945758278076,2.259025130917662
2023-10-29,2.27,Sureswar,2.29,2.19807380797291,2.189906785517135,2.23480227961662,2.2376358352101176,2.235722910200506
2023-10-30,2.24,Sureswar,2.27,2.144982989459432,2.161736392068391,2.1981588386943365,2.1918464377576963,2.1868117069026725
2023-10-31,2.2,Sureswar,2.24,2.110385561275995,2.1291002589114916,2.1657393254572956,2.1440274763475817,2.1323136189194183
2023-11-01,2.14,Sureswar,2.2,2.0554909938519406,2.0790915676466395,2.1118740095125994,2.086761797689686,2.0789022717853722
2023-11-02,2.02,Sureswar,2.14,1.9970669944438988,2.0076903148376286,2.040159077960024,2.0217056350639457,2.015697472168623
2023-11-03,1.98,Sureswar,2.02,1.9029938381914533,1.8847413415874221,1.929258061924738,1.9207205461561123,1.9177808578329418
2023-11-04,1.87,Sureswar,1.98,1.850488662368879,1.8537399719016106,1.8985286884345083,1.8726880336927234,1.8632787690576256
2023-11-05,1.71,Sureswar,1.87,1.74885074329748,1.7458739437451811,1.794322171354735,1.771154832950147,1.7665941387377362
2023-11-06,1.56,Sureswar,1.71,1.5497126767502216,1.5777740422015236,1.6312621195119466,1.5961153160785522,1.5909569359337892
2023-11-07,1.48,Sureswar,1.56,1.4633146704453286,1.43142938357431,1.4993730127218097,1.4777239863051113,1.477471405859218
2023-11-08,1.5,Sureswar,1.48,1.472157390184315,1.3853021522847604,1.469826069318459,1.4724214928431845,1.486267315377006
2023-11-09,1.56,Sureswar,1.5,1.4996356121878296,1.4554526488198585,1.5227208962057215,1.5186524573165219,1.5303724850731968
2023-11-10,1.58,Sureswar,1.56,1.578779919530466,1.5365003707004223,1.6017895952551566,1.5968490576845153,1.6144058412656106
2023-11-11,1.65,Sureswar,1.58,1.6179953486292429,1.5452935815046949,1.6329445928163258,1.6292172099373843,1.6476425317854257
2023-11-12,1.73,Sureswar,1.65,1.7036979374067274,1.6062183718256975,1.7057632012350472,1.7038273700242454,1.7243991420346934
2023-11-13,1.79,Sureswar,1.73,1.7496740642169177,1.6664273614685172,1.7578287485781654,1.7525786573635906,1.7667519907097813
2023-11-14,1.81,Sureswar,1.79,1.772307714049228,1.7052311663411712,1.7913753839737343,1.7872841496014804,1.7974980038365
2023-11-15,1.79,Sureswar,1.81,1.771356060123785,1.7091151340899027,1.7909916954722853,1.7792078968994975,1.7843025740401757
2023-11-16,1.8,Sureswar,1.79,1.7281792454411764,1.680526815678166,1.7588029003732428,1.7411247823944782,1.7419012520784498
2023-11-17,2.12,Sureswar,1.8,1.7903804184136092,1.7319205020817885,1.8200381402983663,1.814474324830319,1.8315463857705474
2023-11-18,1.36,Sureswar,2.12,2.1164207169729807,2.052586223742664,2.0977094478401574,2.1014019631101246,2.1149166695864245
2023-11-19,1.21,Sureswar,1.36,1.2459670587821423,1.2077637854819947,1.2931726594444621,1.2865978805257714,1.2973705821748258
2023-11-20,1.14,Sureswar,1.21,1.1867628435762396,1.0505832474901398,1.1490757700742125,1.1617341297314852,1.1874332106192071
2023-11-21,1.04,Sureswar,1.14,1.0643383186330873,1.0029485210758586,1.0844964965025816,1.0901219414436518,1.1069501851992047
2023-11-22,0.98,Sureswar,1.04,1.0291149266052293,0.939092173548523,1.0032749983363989,1.0049559256053735,1.0187502284320007
2023-11-23,0.97,Sureswar,0.98,0.9453182552435389,0.9235397514287907,0.9686546218542441,0.9565773578430692,0.9641454978401202
2023-11-24,1.06,Sureswar,0.97,1.030172062444053,0.9478596742373014,1.0029362706075406,1.0024967662496496,1.0175100621684978
2023-11-25,1.11,Sureswar,1.06,1.1265559306022632,1.0547089164005603,1.1170376072826185,1.1140061130207226,1.1271310475069276
2023-11-26,1.17,Sureswar,1.11,1.137043216104317,1.0954194275053644,1.1638130586296855,1.1503251923578748,1.160110468462178
2023-11-27,1.18,Sureswar,1.17,1.201279575529963,1.1318174708315858,1.207715419626874,1.1952237675197865,1.205984627535891
2023-11-28,1.19,Sureswar,1.18,1.1487454406475934,1.1152381064978043,1.1838332061386632,1.155647008742718,1.1563281566777068
2023-11-29,1.16,Sureswar,1.19,1.150645654028913,1.1032954130179742,1.161912751829812,1.139723391475205,1.1384723498977547
2023-11-30,1.09,Sureswar,1.16,1.0749318942664192,1.0619321983415742,1.1161021508398548,1.092813097656271,1.0840229217428077
2023-12-01,1.02,Sureswar,1.09,1.0135123013070066,0.9830909480840527,1.0376211144527974,1.019956631333234,1.015268625302315
2023-12-02,0.93,Sureswar,1.02,0.9430521351903085,0.9090156476138483,0.9676480689981012,0.9499682456430577,0.9455149946645548
2023-12-03,0.82,Sureswar,0.93,0.8420538746039612,0.8191247047513827,0.8749003654699052,0.8494073801658519,0.8415727330116055
2023-12-04,0.74,Sureswar,0.82,0.735149082858692,0.7152613169865125,0.7699275557179736,0.745686309357135,0.7395893745169971
2023-12-05,0.57,Sureswar,0.74,0.6779280187089805,0.6453934673504415,0.7013840512164077,0.6732422221323087,0.6666567943478267
2023-12-06,0.41,Sureswar,0.57,0.5152330354458207,0.48422532037786875,0.5441494098765395,0.5120900294393566,0.5060328154663626
2023-12-07,0.4,Sureswar,0.41,0.42585015187954894,0.34308336221114916,0.41657920768684203,0.3951955083395582,0.4053413992996404
2023-12-08,0.51,Sureswar,0.4,0.49151091231855437,0.37928935918754814,0.45670002338404836,0.46252207747021484,0.4860953334672688
2023-12-09,0.52,Sureswar,0.51,0.562072501430673,0.5199492913672307,0.5732596142197895,0.5533026335276611,0.5649520326231063
2023-12-10,0.59,Sureswar,0.52,0.5696861477889187,0.5239958698730837,0.58210426481028,0.561151610638313,0.5755222984958653
2023-12-11,0.63,Sureswar,0.59,0.6267428114694126,0.5784448777796894,0.6403888414789906,0.6216862171158685,0.6324958592257066
2023-12-12,0.67,Sureswar,0.63,0.6722384970352275,0.6014028968513275,0.6637907891056103,0.6539202133945974,0.6636582696856137
2023-12-13,0.76,Sureswar,0.67,0.7316098378335919,0.6451703864127578,0.7139991189811205,0.7261259872078117,0.7399764175632804
2023-12-14,0.79,Sureswar,0.76,0.7661782898082269,0.7288686827952437,0.7826444551819787,0.7755341754323952,0.7796527374859205
2023-12-15,0.76,Sureswar,0.79,0.7206842962051955,0.7348176443051849,0.7720747114103302,0.7365515437493343,0.7275422971734681
2023-12-16,0.67,Sureswar,0.76,0.7092473088449678,0.6829428977982355,0.7210631610768695,0.7064423453273073,0.7015593503946075
2023-12-17,0.67,Sureswar,0.67,0.635580372358616,0.5813207213263617,0.6278621290465882,0.6351792447649212,0.6365027344942775
2023-12-18,0.6,Sureswar,0.67,0.6017291707797203,0.5748564142014706,0.61293618951062,0.6003910702797991,0.5928761589889002
2023-12-19,0.5,Sureswar,0.6,0.5100431287043825,0.5074731352313612,0.5415019580978565,0.5285498362821206,0.5226030035359438
2023-12-20,0.39,Sureswar,0.5,0.4091075436271672,0.40691694709034737,0.4346947190940839,0.4245369092926996,0.41968006285915993
2023-12-21,0.41,Sureswar,0.39,0.36735331573669305,0.3134009548024723,0.35595517466967747,0.35733489562707027,0.3616620248372138
2023-12-22,0.43,Sureswar,0.41,0.4441613220154643,0.37432290451200045,0.41523304813611955,0.4176710091882241,0.4247622055689446
2023-12-23,0.52,Sureswar,0.43,0.4808524117660668,0.42942396890227,0.47047037032500194,0.4723746688295393,0.48513728557427876
2023-12-24,0.54,Sureswar,0.52,0.583006271598197,0.5424230112118018,0.5840222579482269,0.572863987296314,0.5834951508652638
2023-12-25,0.63,Sureswar,0.54,0.584590349361402,0.5409235774497883,0.5850094009152212,0.5758218044035813,0.5851372072294533
2023-12-26,0.7,Sureswar,0.63,0.6642375496959264,0.6078288588215378,0.6591191838495353,0.6516247619799013,0.6592391031381046
2023-12-27,0.72,Sureswar,0.7,0.6837702297308994,0.6544343272547295,0.6959418650723089,0.6864345103952022,0.6874317735519995
2023-12-28,0.71,Sureswar,0.72,0.695305914479939,0.6592121929311506,0.6950791279514408,0.693320773610702,0.6932053362556747
2023-12-29,0.65,Sureswar,0.71,0.6426388978094476,0.6334316551981684,0.6636568088051017,0.6548132300704624,0.6503074683555604
2023-12-30,0.53,Sureswar,0.65,0.576635485382118,0.5586472129871626,0.5865690716258886,0.5788071298337784,0.5709595406577462
2023-12-31,0.48,Sureswar,0.53,0.489978029324298,0.43669725694978484,0.4745552608891161,0.48062631893104063,0.48068119346568056
2024-01-01,0.42,Sureswar,0.48,0.39399565437045914,0.38990505071097264,0.4191456334444406,0.4081800060094645,0.40093959237420124
2024-01-02,0.36,Sureswar,0.42,0.364389913014975,0.330780021950679,0.3551642092741798,0.3518684441803015,0.3506593188136485
2024-01-03,0.29,Sureswar,0.36,0.27799550621597446,0.27579524286635254,0.29375873650100964,0.2915970765195779,0.2885234468747871
2024-01-04,0.27,Sureswar,0.29,0.2625173881291479,0.23265982436380717,0.24526867195746813,0.24593151449397302,0.24200752699828443
2024-01-05,0.25,Sureswar,0.27,0.27169111479161,0.24292608677688973,0.2460996048975422,0.24078820560952363,0.23939815186510813
2024-01-06,0.21,Sureswar,0.25,0.23298020234265646,0.222005035056535,0.2224962332366439,0.2199538083779352,0.21951055001862343
2024-01-07,0.25,Sureswar,0.21,0.207785236385398,0.17669117223338623,0.1906783042788902,0.19318892348509123,0.19564943028179593
2024-01-08,0.17,Sureswar,0.25,0.2756933139304593,0.2277881399062479,0.24641177672849932,0.2508644331347627,0.25708403144303654
2024-01-09,0.26,Sureswar,0.17,0.2532056917830901,0.16835665014682444,0.20836331408293282,0.21927404977554224,0.23684335424195532
2024-01-10,0.26,Sureswar,0.26,0.3413717688236747,0.2894767137674759,0.32691163993535,0.323848260661628,0.338318980656918
2024-01-11,0.36,Sureswar,0.26,0.4016749721537098,0.3173822092166556,0.3682831881457933,0.38302029099509527,0.40543810067596836
2024-01-12,0.41,Sureswar,0.36,0.417495137830318,0.390371139700673,0.4335453833936062,0.4182506342748736,0.43141917314042794
2024-01-13,0.43,Sureswar,0.41,0.42565274161137756,0.39203976161181964,0.44032721788405027,0.41863039361029974,0.4276640196857426
2024-01-14,0.45,Sureswar,0.43,0.4539143383575155,0.40316607297820956,0.4541842754696852,0.4421426706229105,0.4512445418630235
2024-01-15,0.49,Sureswar,0.45,0.4302124962629196,0.4091333045698972,0.43296104076850894,0.4317469159912184,0.4320043297705452
2024-01-16,0.41,Sureswar,0.49,0.4749331098303941,0.42195383616533305,0.4402971224407109,0.4524192223157784,0.45309519253638314
2024-01-17,0.33,Sureswar,0.41,0.2973629647401454,0.32662328954113456,0.3468716414233907,0.333157563282614,0.3180865544598972
2024-01-18,0.23,Sureswar,0.33,0.24765359147374136,0.23864649207398267,0.247426229237054,0.24651526486719968,0.2393253749287416
2024-01-19,0.14,Sureswar,0.23,0.11809569285736345,0.14288083359931134,0.14984139707027885,0.14619564311825003,0.1370440669068529
2024-01-20,0.07,Sureswar,0.14,0.04238714101094358,0.06123813375232609,0.06142092509291669,0.05959376701564395,0.05435098568863675
2024-01-21,0.08,Sureswar,0.07,0.06855348974286352,0.021272620313878835,0.024031199125322002,0.04210540546195184,0.045572518984611184
2024-01-22,0.13,Sureswar,0.08,0.09673268302988355,0.06655753839544264,0.07207345072232087,0.07952541705477753,0.08524623310383578
2024-01-23,0.19,Sureswar,0.13,0.16691743247820218,0.1448483565052888,0.15041132517205077,0.14891913406039167,0.15565161907688618
2024-01-24,0.31,Sureswar,0.19,0.27687904381193673,0.22258949914144022,0.23989437292514712,0.25246002097387005,0.27015990672685614
2024-01-25,0.31,Sureswar,0.31,0.311339139076409,0.3316407325615787,0.34110707794300826,0.32145078189664317,0.323498564312902
2024-01-26,0.34,Sureswar,0.31,0.3308820801393609,0.3119025730198166,0.3237367149479059,0.30872993396493714,0.3107696620330331
2024-01-27,0.33,Sureswar,0.34,0.30691716691187765,0.32333374190129854,0.32899715920070843,0.30284548849785115,0.29742402666558476
2024-01-28,0.29,Sureswar,0.33,0.32587037568872945,0.29327193717239347,0.30592599953955957,0.2934947794967786,0.2929254573319762
2024-01-29,0.24,Sureswar,0.29,0.29101083611567496,0.24538942129243113,0.27590738972719175,0.2768437608526205,0.2807932318594011
2024-01-30,0.24,Sureswar,0.24,0.2753271276644069,0.20755085304945295,0.24747833546153516,0.2618764879263154,0.2719744048765646
2024-01-31,0.24,Sureswar,0.24,0.28066731324086064,0.22220393056948787,0.2548369803866287,0.2704825909763872,0.2811644811121827
2024-02-01,0.23,Sureswar,0.24,0.2420642300205441,0.21480417429104878,0.23840670244248618,0.2430450487856121,0.25214866615714576
2024-02-02,0.21,Sureswar,0.23,0.20272174609182858,0.1880201149963675,0.1983677726647766,0.19804475601249147,0.200646544358323
2024-02-03,0.14,Sureswar,0.21,0.1760496176921152,0.16392970795349784,0.16637889093397484,0.16832386850432976,0.16765196292989545
2024-02-04,0.05,Sureswar,0.14,0.07901805923996436,0.09312053362650964,0.08633331083151863,0.08444983548757617,0.07693494774409275
2024-02-05,-0.03,Sureswar,0.05,-0.017628806624572363,0.0009191020604239717,-0.012176838312033414,-0.01580547329304779,-0.026296680081405732
2024-02-06,0.02,Sureswar,-0.03,-0.034858798354722685,-0.06692255406381935,-0.06843686978361045,-0.055251984483401684,-0.05115657655818103
2024-02-07,0.05,Sureswar,0.02,0.0722511200107485,0.016622894704177115,0.024534705833103437,0.035184116837668325,0.043977521011219683
2024-02-08,0.13,Sureswar,0.05,0.12589491331296163,0.07518227561530173,0.0945511935697934,0.10168670709201477,0.11995417793508069
2024-02-09,0.22,Sureswar,0.13,0.17566507622202804,0.15863052562044805,0.1686552802981349,0.15798789808725108,0.16630665655523305
2024-02-10,0.18,Sureswar,0.22,0.21946859595765703,0.23881820259251882,0.2395874986922314,0.22055174609965586,0.22280926489227593
2024-02-11,0.33,Sureswar,0.18,0.31482477492540817,0.21328947640490625,0.2586479706545277,0.2708721512924748,0.2924880790997831
2024-02-12,0.41,Sureswar,0.33,0.37322438491783644,0.3811314282435043,0.4018248769948151,0.37955550025841717,0.38338761479581324
2024-02-13,0.41,Sureswar,0.41,0.4393059294002289,0.4308650453763352,0.44650521832447,0.4328632958042462,0.4417163804493589
2024-02-14,0.27,Sureswar,0.41,0.3739490535444051,0.35967443458719545,0.3868782102641675,0.38738872366461424,0.38500864148037356
2024-02-15,0.19,Sureswar,0.27,0.1737241154208552,0.16123566171338413,0.1827839522868917,0.18663055663580294,0.1810220676451788
2024-02-16,0.07,Sureswar,0.19,0.06950539146915326,0.07499071325389985,0.08457627557695004,0.09121615041991515,0.08591996536606228
2024-02-17,-0.06,Sureswar,0.07,-0.05880080759884934,-0.02604973019358014,-0.027363884278390035,-0.015908858229245478,-0.015273431223984751
2024-02-18,-0.08,Sureswar,-0.06,-0.14104741307331675,-0.12260444126276644,-0.13368418852959338,-0.1301875186986432,-0.13136920589230636
2024-02-19,-0.14,Sureswar,-0.08,-0.09298530486013379,-0.0972052095316237,-0.11568952354216024,-0.11483558195576858,-0.11550682548556152
2024-02-20,-0.09,Sureswar,-0.14,-0.09405590198489201,-0.1388862613214279,-0.1381793437968913,-0.1305596796775057,-0.11661140981094349
2024-02-21,0.07,Sureswar,-0.09,0.01279173098176041,-0.06123633457572595,-0.030945214242982372,-0.02175684791199212,-0.0013180336657355786
2024-02-22,0.19,Sureswar,0.07,0.1875020368728122,0.11667367608597586,0.14239600506524663,0.14790545362659058,0.1686156916850998
2024-02-23,0.29,Sureswar,0.19,0.2793945493256739,0.25446076697498127,0.2812193977823981,0.2719594002136831,0.28634232276488886
2024-02-24,0.32,Sureswar,0.29,0.33745110911545173,0.3503189269428031,0.35857981129768784,0.32851693923250924,0.33666335507266076
2024-02-25,0.26,Sureswar,0.32,0.32064777193967736,0.3224458902341258,0.33074582599634117,0.3148508212769435,0.32067372171156067
2024-02-26,0.23,Sureswar,0.26,0.18033249817724575,0.19646015758418642,0.21704693654361903,0.20049112732784244,0.19423288001266167
2024-02-27,0.18,Sureswar,0.23,0.1730274752202035,0.1579026083990524,0.17711900566831798,0.17086285226177045,0.16347507890077353
2024-02-28,0.19,Sureswar,0.18,0.2048493983975123,0.1407372965458226,0.16312894051980867,0.184215438201055,0.1941323040552805
2024-02-29,0.17,Sureswar,0.19,0.18585206696243045,0.17096792673379638,0.17308240131739447,0.18687202703863268,0.1880262939462851
2024-03-01,0.1,Sureswar,0.17,0.13922038499199163,0.13682066218782127,0.1327772191065133,0.14161724489843286,0.14326236515240862
2024-03-02,0.04,Sureswar,0.1,0.0365221242746253,0.044097846910454146,0.04278101385430467,0.04519941855148071,0.04241002975829276
2024-03-03,-0.01,Sureswar,0.04,-0.04393044117464163,-0.026384636466158434,-0.03344215732581083,-0.03216383335058051,-0.03697545787846506
2024-03-04,-0.13,Sureswar,-0.01,-0.10823701047576886,-0.07051411908203646,-0.08668831707208557,-0.09156935213528629,-0.09986971463780188
2024-03-05,-0.19,Sureswar,-0.13,-0.22001117420258687,-0.18947413661172544,-0.19922595998973747,-0.2017145595322973,-0.20409958305109802
2024-03-06,-0.17,Sureswar,-0.19,-0.16951003765241787,-0.21269939031107354,-0.2044622264677596,-0.20040025326864264,-0.19196318352886407
2024-03-07,-0.11,Sureswar,-0.17,-0.11497783440800231,-0.1541522295984993,-0.13831923003528834,-0.134324506556496,-0.1214430704591886
2024-03-08,0.0,Sureswar,-0.11,0.014382156089348869,-0.06925820540991041,-0.034528035907175084,-0.03066943867845362,-0.007003416732660653
2024-03-09,0.18,Sureswar,0.0,0.19888834400960795,0.0930879033098186,0.14522300047007417,0.15710365329839562,0.1806172401447609
2024-03-10,0.4,Sureswar,0.18,0.36838567178893067,0.3036595489837118,0.34038160567817427,0.33832495630150294,0.35951556163469506
2024-03-11,0.47,Sureswar,0.4,0.4924863517995809,0.5084633294964788,0.5341748465893899,0.49900620926787714,0.512303195661899
2024-03-12,0.54,Sureswar,0.47,0.5467928914226523,0.5118364835932881,0.5645045321238815,0.5472750096167017,0.5668330454683401
2024-03-13,0.56,Sureswar,0.54,0.5417053698276466,0.517475916574091,0.5747607814119178,0.5623147705356139,0.5680848432493933
2024-03-14,0.46,Sureswar,0.56,0.503582311966303,0.4715974813452179,0.5061392900907795,0.5130341028381898,0.5107476062338792
2024-03-15,0.36,Sureswar,0.46,0.3559676337721904,0.33379977509143305,0.35759831826856225,0.36804338299072387,0.363855134625421
2024-03-16,0.23,Sureswar,0.36,0.13179107839615473,0.22148106425992956,0.23175827575957864,0.23864171057698935,0.22576338998387677
2024-03-17,0.03,Sureswar,0.23,0.015289875017788612,0.10704409451662533,0.10613720022696038,0.11546019437729756,0.1096329082365574
2024-03-18,-0.12,Sureswar,0.03,-0.16549458720283028,-0.07288463016511931,-0.07915479428384514,-0.07335105555853061,-0.07092060545269453
2024-03-19,-0.18,Sureswar,-0.12,-0.15640683564348162,-0.18862552625513887,-0.19067526355971295,-0.18459144100728805,-0.17788234400833014
2024-03-20,-0.11,Sureswar,-0.18,-0.07866561539278734,-0.19139521262782488,-0.18288548122447923,-0.16218614086454547,-0.14553542333806097
2024-03-21,-0.04,Sureswar,-0.11,0.005514455535553048,-0.07004548064055281,-0.04887475159015444,-0.0554354908152326,-0.04057279510874851
2024-03-22,0.2,Sureswar,-0.04,0.2160724308005749,0.05688444041951599,0.11099109565379284,0.13836750920695798,0.1665705058724695
2024-03-23,0.3,Sureswar,0.2,0.31703374097965886,0.3071514413975686,0.35271018015096023,0.3130322019074007,0.3262758624621817
2024-03-24,0.47,Sureswar,0.3,0.4840910470696498,0.3924015106408785,0.4572565448554146,0.4443320061198404,0.47122976230295044
2024-03-25,0.52,Sureswar,0.47,0.5002642525441893,0.5102113261135744,0.5605622347013598,0.5284790858653142,0.5408516115977635
2024-03-26,0.56,Sureswar,0.52,0.5070335254641225,0.49972853116461374,0.5517091586381819,0.5269407857224788,0.5383987896140049
2024-03-27,0.58,Sureswar,0.56,0.5387188415824167,0.5044717762447339,0.5573440415469458,0.5306652043265431,0.5321115868849186
2024-03-28,0.6,Sureswar,0.58,0.5490511646339862,0.5126662940118095,0.5698140268532259,0.5551805797266276,0.5562333373490592
2024-03-29,0.5,Sureswar,0.6,0.5559866519810062,0.5322201501884384,0.5871259354185198,0.5675613257624635,0.5592893369898659
2024-03-30,0.44,Sureswar,0.5,0.4849808913360614,0.4258207850239513,0.49400025648049084,0.48449529877178227,0.485289339129593
2024-03-31,0.42,Sureswar,0.44,0.429183309148816,0.3637608534998377,0.43735217627330547,0.43170560431941446,0.4378700670337215
2024-04-01,0.45,Sureswar,0.42,0.394670208485173,0.35230482850564865,0.4095768029448695,0.39606911291911434,0.40049783790594673
2024-04-02,0.4,Sureswar,0.45,0.4103091657587484,0.38999175547757137,0.42472375930132666,0.4073366413012704,0.40812493903314423
2024-04-03,0.35,Sureswar,0.4,0.32819941058997903,0.34336738072519596,0.368051131022383,0.3393299408763168,0.3301147323030809
2024-04-04,0.32,Sureswar,0.35,0.33584403474260205,0.29713898293329716,0.3290682397867944,0.32418434880701225,0.3278748428483498
2024-04-05,0.45,Sureswar,0.32,0.4118723196063384,0.32239198340769276,0.3924295474528506,0.40990088380305517,0.42633304916311104
2024-04-06,0.62,Sureswar,0.45,0.540679472550789,0.5115768316861802,0.5602278097879073,0.5552751108828682,0.5666174045863323
2024-04-07,0.75,Sureswar,0.62,0.7553464203484469,0.7078456037991577,0.7567969491093751,0.7491636414137162,0.7673872796486371
2024-04-08,0.81,Sureswar,0.75,0.831920556259908,0.8129288119768617,0.8771960483621847,0.8589322020097546,0.8757827035069036
2024-04-09,0.85,Sureswar,0.81,0.8644494219159581,0.8179260055083729,0.8929564702363905,0.865551077060195,0.8803523085783991
2024-04-10,0.88,Sureswar,0.85,0.7771944297838655,0.7858969939741876,0.8503489360596918,0.8045390426111273,0.8009415681060797
2024-04-11,0.83,Sureswar,0.88,0.7950847589443703,0.7858083800555997,0.8513829369072837,0.8001250619158734,0.785973233699655
2024-04-12,0.6,Sureswar,0.83,0.7083905555073867,0.7320036013505034,0.7885243176894802,0.7399347494358434,0.7217860553788635
2024-04-13,0.51,Sureswar,0.6,0.4805139970232582,0.4754560314615655,0.5282276080154173,0.5024705121829404,0.49695293251791606
2024-04-14,0.43,Sureswar,0.51,0.3764153700295215,0.38073657151765694,0.44116077732719416,0.4194535435109033,0.4174705957331746
2024-04-15,0.27,Sureswar,0.43,0.30122680954688175,0.31292882186028687,0.37452739523996925,0.34318008139989886,0.34449898481726615
2024-04-16,0.24,Sureswar,0.27,0.21981943401855575,0.18797127945057154,0.2575408725767632,0.22608353570229114,0.2340264285139095
2024-04-17,0.33,Sureswar,0.24,0.33097000209036354,0.24504998079265014,0.31673288833939534,0.30134815367828355,0.3226570086977243
2024-04-18,0.5,Sureswar,0.33,0.45477865462719397,0.4148718079504132,0.4620548582879029,0.4525042330839857,0.4670758338296384
2024-04-19,0.61,Sureswar,0.5,0.6242793524989869,0.6017469835162491,0.6415641016262189,0.6173091588206309,0.6280027248517981
2024-04-20,0.76,Sureswar,0.61,0.7536707001602624,0.6886124846994813,0.7624779953895048,0.7478914293556792,0.7678391803666308
2024-04-21,0.87,Sureswar,0.76,0.9053077358385485,0.8104276512422914,0.910389201979438,0.8855362091622282,0.9056285666626481
2024-04-22,0.93,Sureswar,0.87,0.9562623624059503,0.8833461020433796,0.9846683850115526,0.9546363700229498,0.9720592041313965
2024-04-23,0.92,Sureswar,0.93,0.8945295639920098,0.8834687944666358,0.9599165088453804,0.9100419699056745,0.9128337032516196
2024-04-24,0.93,Sureswar,0.92,0.8934443492449218,0.842327118394138,0.9221065319019527,0.9066733156030716,0.9139006678945497
2024-04-25,1.0,Sureswar,0.93,0.9137658995428368,0.8629994537132895,0.958434077910998,0.9266005205840088,0.9289069620756023
2024-04-26,1.01,Sureswar,1.0,0.9657202397043338,0.9527900646700772,1.0368884140195547,0.9879164592868209,0.9874470177864781
2024-04-27,0.98,Sureswar,1.01,0.9908811363404891,0.966980089053905,1.0496921970760915,1.0055409684001393,1.0052904576362114
2024-04-28,0.84,Sureswar,0.98,0.8984674259652178,0.9195517158688142,0.9926916865381701,0.9417766115374732,0.9332855285550573
2024-04-29,0.77,Sureswar,0.84,0.7644903566313116,0.748569218513254,0.8241609082650116,0.7995251534873158,0.8060006347664963
2024-04-30,0.74,Sureswar,0.77,0.7343262126620774,0.6685732645888072,0.7472281284800717,0.7275106567012659,0.7320535680866812
2024-05-01,0.81,Sureswar,0.74,0.7596247106408314,0.6754631509583667,0.7846236263253125,0.7794245825111187,0.7954756782360018
2024-05-02,0.87,Sureswar,0.81,0.8503882995096331,0.8051405957711714,0.905496896286183,0.8641552913314628,0.8717304369110205
2024-05-03,0.9,Sureswar,0.87,0.8914372191747373,0.8915563580965945,0.9773387683326381,0.9097468877597571,0.9094732482262797
2024-05-04,0.95,Sureswar,0.9,0.9466170939784525,0.9108564505653192,1.0070006872213344,0.9625534860997133,0.970628039756335
2024-05-05,1.11,Sureswar,0.95,1.0586901058207285,0.9561630634971405,1.0609265376798511,1.0415241520555159,1.0522933378943131
2024-05-06,1.31,Sureswar,1.11,1.279540331750018,1.1721249811018357,1.2692743880914645,1.2808758374037448,1.3004058355289698
2024-05-07,1.35,Sureswar,1.31,1.3511169725634447,1.3777140778901869,1.4334018315785766,1.3795104124006674,1.386265948525524
2024-05-08,1.25,Sureswar,1.35,1.366830345178256,1.3490688897268734,1.421820470005451,1.372316937803503,1.3863169377190758
2024-05-09,1.23,Sureswar,1.25,1.1489178181976216,1.1480154444307706,1.2368539876762739,1.1488588005482585,1.1354208339667438
2024-05-10,1.4,Sureswar,1.23,1.1514132858856703,1.1152014155271284,1.2182295715339102,1.1475706853853316,1.1372641519194586
2024-05-11,1.29,Sureswar,1.4,1.2906977577076377,1.3156087871856539,1.3804425557066773,1.31649724566038,1.2995879136627995
2024-05-12,1.21,Sureswar,1.29,1.1760350388692764,1.2118350281292523,1.2485406731808328,1.2221278660560457,1.2100563215762272
2024-05-13,1.09,Sureswar,1.21,1.0793111217254256,1.0955516380480934,1.121190179889261,1.1196069331863256,1.106510550846994
2024-05-14,0.97,Sureswar,1.09,0.9456242759883555,0.960407407631441,0.9962016635540198,1.0041406221359226,0.998435327909144
2024-05-15,0.88,Sureswar,0.97,0.8822394618010327,0.8538831913621291,0.9007829662920486,0.8972379119564176,0.8926653444126135
2024-05-16,0.79,Sureswar,0.88,0.8036017543061914,0.7795476167896478,0.8289042719878789,0.8047615335224636,0.8019104215194263
2024-05-17,0.77,Sureswar,0.79,0.7697080071118934,0.7110927628775262,0.776386396685799,0.7587496080437856,0.7680961491567135
2024-05-18,0.87,Sureswar,0.77,0.8323965356422387,0.7346153303546382,0.8239773652491671,0.8101059079573932,0.8254796794852847
2024-05-19,1.06,Sureswar,0.87,0.9558001269196944,0.8867060637313969,0.9742707520294168,0.9434215656492793,0.9561493584836137
2024-05-20,1.17,Sureswar,1.06,1.1092755482283654,1.0972815331389019,1.1704484128436528,1.1194312473441255,1.1288214150253133
2024-05-21,1.23,Sureswar,1.17,1.1793764546793866,1.1800034970647053,1.2639541511377796,1.204572301559162,1.2127722895807467
2024-05-22,1.28,Sureswar,1.23,1.2723253370834673,1.2044593002032296,1.3136629053785367,1.28001836546375,1.2946402109599022
2024-05-23,1.36,Sureswar,1.28,1.3107374686794442,1.2330748860560372,1.3552204432806256,1.325684748034987,1.3373963032504577
2024-05-24,1.47,Sureswar,1.36,1.3924489259629877,1.3115909080111778,1.4355924471608599,1.4215430737491583,1.4370942107497244
2024-05-25,1.62,Sureswar,1.47,1.5477406055141216,1.4626537532280703,1.5831460228682097,1.5665232466143022,1.5869609468866752
2024-05-26,1.86,Sureswar,1.62,1.8109206366921455,1.7025471292119898,1.8111139642736873,1.8312417262188694,1.8604553236142596
2024-05-27,2.8,Sureswar,1.86,2.52821029263853,2.0664426108025946,2.228926008247857,2.285769548784281,2.364500803208196
2024-05-28,2.18,Sureswar,2.8,2.6020343249227538,2.9073154165418944,2.7795039886715514,2.70390532865841,2.687141668218011
2024-05-29,1.71,Sureswar,2.18,1.8517506418984755,2.04065799876918,1.8883678898349903,1.9594595657053844,1.9365092112999243
2024-05-30,1.51,Sureswar,1.71,1.444672544027903,1.5298465204006162,1.4912449887058241,1.54058504388185,1.5238307172746577
2024-05-31,1.39,Sureswar,1.51,1.3671000468975407,1.3506108957785286,1.3749381037907185,1.391491288375345,1.3849280658036092
2024-06-01,1.35,Sureswar,1.39,1.375358385291587,1.2739601117116266,1.3131305761331966,1.3338266911764691,1.3292821106415682
2024-06-02,1.41,Sureswar,1.35,1.3893482443598408,1.3402351379626605,1.3636901630661142,1.4148015868318329,1.4216766586940883
2024-06-03,1.59,Sureswar,1.41,1.573501814283077,1.5029065791543428,1.5098562130018738,1.5685512759451774,1.5796063382752799
2024-06-04,1.8,Sureswar,1.59,1.8113702411746695,1.7235240684806115,1.739158882127562,1.7682864662484217,1.784249643169464
2024-06-05,1.99,Sureswar,1.8,1.9447204953803934,1.9227958442766167,1.9536693352121528,1.9635685780901069,1.981897248665864
2024-06-06,2.04,Sureswar,1.99,2.072511492992109,2.056339042868464,2.081841596574209,2.076934668410738,2.0864468986481337
2024-06-07,2.12,Sureswar,2.04,2.0396871019230676,2.0401086109114406,2.0670671375397447,2.0872776292535105,2.0944958938275566
2024-06-08,2.32,Sureswar,2.12,2.0972501649198203,2.083750244501062,2.098502921701493,2.1247039048809744,2.1185159192043272
2024-06-09,2.29,Sureswar,2.32,2.2453921556265746,2.26940709172317,2.2640930613511037,2.296921964984708,2.2838029771265673
2024-06-10,2.18,Sureswar,2.29,2.2013605983469895,2.202798846932818,2.207349223754593,2.2414923783796783,2.2221085028352072
2024-06-11,2.1,Sureswar,2.18,2.0894058333543,2.0615028628356966,2.0918708921970643,2.1208282140136796,2.106114787184918
2024-06-12,2.04,Sureswar,2.1,2.019911837327427,1.9735010851834573,2.0144604485662523,2.043068931725393,2.0350455212437364
2024-06-13,2.07,Sureswar,2.04,2.042247982967442,1.940594455180527,1.987975282977186,2.0486293713354855,2.046747064984869
2024-06-14,2.05,Sureswar,2.07,2.0675085681519882,2.016318875360193,2.0360676253520427,2.081180189036454,2.0738478410837673
2024-06-15,2.09,Sureswar,2.05,2.072967600873239,2.03270702789258,2.043348969158853,2.101798580862702,2.103295754516898
2024-06-16,2.1,Sureswar,2.09,2.1044590611592313,2.0807305579226534,2.091118780316065,2.1334474410758304,2.1332967883346163
2024-06-17,2.17,Sureswar,2.1,2.1547074955340624,2.0922295103123845,2.1323570218486316,2.180636299922351,2.1990060009638177
2024-06-18,2.3,Sureswar,2.17,2.2620712480141174,2.180560238569982,2.2273198864533827,2.273942142413133,2.2880298981119784
2024-06-19,2.48,Sureswar,2.3,2.4268909473753317,2.34114796803428,2.388443824076706,2.45279630210587,2.4691827782346416
2024-06-20,2.69,Sureswar,2.48,2.6746647615204253,2.539946756419322,2.595040140738255,2.6629994488417488,2.681447921421833
2024-06-21,2.77,Sureswar,2.69,2.738242148711879,2.720420206627566,2.7500850811828905,2.795182243499109,2.803405529876917
2024-06-22,2.86,Sureswar,2.77,2.8363916099660993,2.760314062559478,2.7955893406914343,2.8534051499352686,2.860777443587633
2024-06-23,2.9,Sureswar,2.86,2.812467391995264,2.8151860694354944,2.8332636167881056,2.873310168234605,2.8625957414575454
2024-06-24,2.84,Sureswar,2.9,2.871235107901741,2.8352873477661387,2.8416420688423183,2.8908376828136184,2.8785664956476276
2024-06-25,2.74,Sureswar,2.84,2.827779013554662,2.7677396639069856,2.7859383110887816,2.830980475699264,2.8229702037697453
2024-06-26,2.68,Sureswar,2.74,2.705776302381546,2.6580505962024232,2.6882791107500736,2.717263108165687,2.7185523821419246
2024-06-27,2.75,Sureswar,2.68,2.7034683437866924,2.607734679100275,2.6444338803110576,2.691482435962664,2.703436528198514
2024-06-28,2.89,Sureswar,2.75,2.804626133772334,2.725698297730524,2.7473224457367826,2.818565802396849,2.8384929512306427
2024-06-29,2.93,Sureswar,2.89,2.860752572679366,2.8855530301108563,2.8652459324082975,2.928883940192635,2.9377240411551497
2024-06-30,2.92,Sureswar,2.93,2.8546268998179065,2.888595635565446,2.868900551944691,2.9166587374887487,2.9151860243915784
2024-07-01,2.91,Sureswar,2.92,2.8406628457307552,2.8498561219074987,2.8713193664618477,2.90753548384131,2.9043136474430824
2024-07-02,2.85,Sureswar,2.91,2.879234943001094,2.83417590024413,2.879822247156613,2.890878149042642,2.888613966784291
2024-07-03,3.0,Sureswar,2.85,2.9585882642029544,2.819265115307642,2.893823003332803,2.9310555598426653,2.9415259380364085
2024-07-04,3.23,Sureswar,3.0,3.1511625593793458,3.046245128521616,3.1101552692576795,3.1549554334571526,3.1718330833129484
2024-07-05,3.34,Sureswar,3.23,3.320472912264957,3.2983998311562313,3.3484480096429556,3.380887092153877,3.3967363792832033
2024-07-06,3.4,Sureswar,3.34,3.4017524355480453,3.3630064871846144,3.4242254730577915,3.438383177259828,3.445677757195929
2024-07-07,3.4,Sureswar,3.4,3.4217092441112653,3.363964117977179,3.4439203420084836,3.4456312021179785,3.451832291704893
2024-07-08,3.36,Sureswar,3.4,3.4284509014132367,3.335796064317654,3.4217668305561055,3.428964622237361,3.435281185632513
2024-07-09,3.31,Sureswar,3.36,3.3977791540471163,3.288910892425521,3.3670915731820785,3.384066985340615,3.3967208229884562
2024-07-10,3.3,Sureswar,3.31,3.3280547993745127,3.2422342949397507,3.3171329138397034,3.3319118158419774,3.3408744489505042
2024-07-11,3.32,Sureswar,3.3,3.2828401462464654,3.216223534126152,3.2897172846177285,3.2909338975530473,3.295433455656072
2024-07-12,3.39,Sureswar,3.32,3.3958814557234898,3.2593640302884936,3.3457526424702464,3.365204791028734,3.370959177088326
2024-07-13,3.33,Sureswar,3.39,3.3600021953611425,3.342421137350236,3.4173090270062,3.410865440248379,3.403964085847829
2024-07-14,3.31,Sureswar,3.33,3.3211504100583182,3.2648038305718075,3.348721751020431,3.3388154570500617,3.335852980489195
2024-07-15,3.36,Sureswar,3.31,3.2955548393033927,3.253587286415177,3.3484936426876253,3.347309971171377,3.3473401815996984
2024-07-16,3.37,Sureswar,3.36,3.3393522352306118,3.30857028269284,3.3950991016200547,3.3673751576494766,3.3673458159849345
2024-07-17,3.33,Sureswar,3.37,3.3204294592059327,3.297102150238451,3.3764230256049346,3.3359228517664916,3.3341179401099423
2024-07-18,3.32,Sureswar,3.33,3.247053157961185,3.2306724623338128,3.320143556630051,3.2825827622813684,3.280064164237226
2024-07-19,3.41,Sureswar,3.32,3.3332341132617707,3.255445606322535,3.35542101018531,3.348461125061041,3.3556231348596355
2024-07-20,3.48,Sureswar,3.41,3.4162954021351126,3.3892632627644033,3.469652515161522,3.449593767973943,3.456505451538836
2024-07-21,3.49,Sureswar,3.48,3.493556984241447,3.4610601171293625,3.5354612798971385,3.5192918665607706,3.532328222009833
2024-07-22,3.5,Sureswar,3.49,3.4445087061188824,3.441228685365044,3.510395285306632,3.490731711297561,3.4980625558383394
2024-07-23,3.51,Sureswar,3.5,3.4561247484850255,3.43089347974666,3.490170275701201,3.4752599784415987,3.482161617222473
2024-07-24,3.41,Sureswar,3.51,3.429821250520847,3.4211977947611416,3.466360084700078,3.4453454935801826,3.4445335768849676
2024-07-25,3.28,Sureswar,3.41,3.3201718653660346,3.3122979223072484,3.3605691331270098,3.346457391668544,3.346616351213384
2024-07-26,3.29,Sureswar,3.28,3.2215598387633784,3.1835582071509223,3.24345734544594,3.232469748272372,3.2373149151878606
2024-07-27,3.31,Sureswar,3.29,3.236687911517432,3.198433567287006,3.250152817996515,3.2476261305095036,3.2553452911761345
2024-07-28,3.23,Sureswar,3.31,3.1992603117248537,3.219373549318023,3.2592700593504405,3.249136049646362,3.2465928345907322
2024-07-29,3.13,Sureswar,3.23,3.135415964301727,3.1303776776741183,3.180565591052327,3.1696263503076754,3.1667555888921353
2024-07-30,2.92,Sureswar,3.13,3.0127066237383464,3.0147645204040003,3.071622721923537,3.048948796061777,3.0401312417495325
2024-08-08,2.95,Sureswar,2.96,2.9711919630588652,2.919047565713323,2.9921639226269385,2.9843918663142333,2.989492543517496
2024-08-09,2.99,Sureswar,2.95,2.987702906463684,2.9180701292582825,3.0002096284398747,2.99234027964065,3.001415535055974
2024-08-10,2.99,Sureswar,2.99,2.978670103289823,2.9448675091315795,3.0157055739038197,2.992940940227997,2.992125319116783
2024-08-11,2.95,Sureswar,2.99,2.952718086658241,2.9141632462253484,2.9846337388994306,2.9625009006060825,2.9572049908758564
2024-08-12,2.91,Sureswar,2.95,2.9012050208953806,2.866355100781494,2.947834223225886,2.9380221799367234,2.929942409169081
2024-08-13,2.88,Sureswar,2.91,2.896036087232302,2.83987017246915,2.919020248242766,2.92111035555333,2.917253667703015
2024-08-14,2.86,Sureswar,2.88,2.8683364708463026,2.8272514834275024,2.904032747398586,2.9036664234266545,2.9016617232710913
2024-08-15,2.87,Sureswar,2.86,2.8810679296115995,2.8185838654804125,2.899928025347249,2.8980820112242394,2.8994510715421327
2024-08-16,2.91,Sureswar,2.87,2.8866840542545287,2.845797215894379,2.9299080535250606,2.927785578254237,2.9307239823375966
2024-08-17,2.97,Sureswar,2.91,2.9555366526295415,2.8958954634141136,2.976587968030947,2.9631280407675384,2.9646640984499606
2024-08-18,3.12,Sureswar,2.97,3.063116084007707,2.988855538831016,3.06760087415652,3.0833596812477437,3.09476585003256
2024-08-19,3.26,Sureswar,3.12,3.192100932385293,3.160650313333996,3.2235371920760394,3.22563713971566,3.2363556768752164
2024-08-20,3.33,Sureswar,3.26,3.296436099610595,3.2812246474668334,3.339653169969575,3.3341556490798148,3.3492522159049662
2024-08-21,3.41,Sureswar,3.33,3.3607602029135077,3.3063815558762037,3.3646878260849102,3.3602479862651626,3.369792603255466
2024-08-22,3.4,Sureswar,3.41,3.3635693358036836,3.3527790539848055,3.392138314507713,3.3937201513657542,3.3919484990749886
2024-08-23,3.33,Sureswar,3.4,3.373934107103887,3.3308851077348063,3.366948583974956,3.3879673380061974,3.3885841084394994
2024-08-24,3.29,Sureswar,3.33,3.2232113191025036,3.2342315128909047,3.2677055776690387,3.2773138750216826,3.2724421973391036
2024-08-25,3.26,Sureswar,3.29,3.1514784214660057,3.164712400459745,3.189771156026963,3.186984853756535,3.1753122912496696
2024-08-26,3.18,Sureswar,3.26,3.1895199251637156,3.143367111714944,3.189953075673504,3.213215137179322,3.2024987274381815
2024-08-27,3.02,Sureswar,3.18,3.0343637237910737,3.068151508185238,3.1090755178407807,3.101393262313811,3.0812053548356126
2024-08-28,2.91,Sureswar,3.02,2.887430186694905,2.8997470479931438,2.9474881974349767,2.932757992167055,2.9178205279825753
2024-08-29,2.84,Sureswar,2.91,2.83068753072975,2.7982966906807145,2.8670669853565145,2.8668497704115805,2.8598735415696663
2024-08-30,2.82,Sureswar,2.84,2.8211589610517716,2.771951575613452,2.8452569871405355,2.849434236032616,2.8480794710336426
2024-08-31,2.92,Sureswar,2.82,2.895327842464372,2.809494421406333,2.8819293111363464,2.8868096923059348,2.8941763997868235
2024-09-01,2.98,Sureswar,2.92,2.95228033182217,2.93446814091676,3.000824748076663,2.9907402468135174,3.0008989151898953
2024-09-02,2.99,Sureswar,2.98,2.965774438540086,2.950631014385015,3.00658381823427,2.9748779995226937,2.9784990266507685
2024-09-03,3.0,Sureswar,2.99,2.980337734883638,2.930487305401185,2.989827919040252,2.9825471536256036,2.985823598744377
2024-09-04,2.97,Sureswar,3.0,2.959123717768343,2.9340593899011638,2.9870638245819854,2.9731888211400155,2.965791011146028
2024-09-05,2.96,Sureswar,2.97,2.9296738894226557,2.911418314055586,2.963265908141532,2.956286753533251,2.9552255455585255
2024-09-06,2.92,Sureswar,2.96,2.914285857140248,2.9074496675324233,2.960840348996758,2.954179181063768,2.953235476956191
2024-09-07,2.91,Sureswar,2.92,2.8888193133485984,2.8733893617890462,2.9364286382716376,2.929393709119329,2.932918948304879
2024-09-08,2.9,Sureswar,2.91,2.9228375457679507,2.8711234723474632,2.940119177374435,2.9310692576196047,2.937211216929376
2024-09-09,2.92,Sureswar,2.9,2.8720207643863436,2.847044985273597,2.902815887716073,2.8923209490019963,2.897026759822404
2024-09-10,2.85,Sureswar,2.92,2.8570320711561523,2.8488620315385127,2.888723506639456,2.882193118221522,2.8766150878127505
2024-09-11,2.73,Sureswar,2.85,2.727890266210838,2.768068995790569,2.797056736339565,2.781305983370086,2.766492860407092
2024-09-12,2.52,Sureswar,2.73,2.600658869421671,2.6321769538001876,2.6620872829912297,2.6341535274736945,2.621453775988453
2024-09-13,2.19,Sureswar,2.52,2.3755239985927514,2.410699610235239,2.4542767977537703,2.424539996712358,2.4143906422444514
2024-09-14,2.4,Sureswar,2.19,2.392590290136276,2.2013389923532496,2.314135333569085,2.353089656264463,2.3819929313286567
2024-09-15,2.91,Sureswar,2.4,2.662935194940711,2.5384352768396705,2.603055905590342,2.6047632453612315,2.6290427970272785
2024-09-16,2.95,Sureswar,2.91,2.9373552497709507,3.024021550189188,3.033000272069304,2.9783602932343918,2.9899824461588502
2024-09-17,2.8,Sureswar,2.95,2.781525367383683,2.9117917280725067,2.8528758700714554,2.8399026244127428,2.817806870921306
2024-09-18,2.81,Sureswar,2.8,2.682782279779552,2.68556303137448,2.66078674154601,2.70168070469947,2.6820076324781184
2024-09-19,2.86,Sureswar,2.81,2.7498824420271615,2.7248804837399354,2.724602780013123,2.752890924132813,2.730754821239375
2024-09-20,2.9,Sureswar,2.86,2.8056397542346674,2.8353229723062108,2.824850102161946,2.8330746863646126,2.819729164671884
2024-09-21,2.84,Sureswar,2.9,2.832394396630009,2.8724512024273214,2.8774950329999025,2.88771928455092,2.8836362770569295
2024-09-22,2.71,Sureswar,2.84,2.7928824645655705,2.7934647805379753,2.8320184877150596,2.8440631982734743,2.8386054577986477
2024-09-23,2.66,Sureswar,2.71,2.677004464629146,2.6335783157467976,2.6843946199814046,2.691909224703068,2.695076220076439
2024-09-24,2.68,Sureswar,2.66,2.6712734120198363,2.604713367292982,2.664079799540976,2.680992802784397,2.683379129562075
2024-09-25,2.78,Sureswar,2.68,2.74805296270141,2.6832194536236322,2.7359629829415373,2.7542630325395145,2.759864984405348
2024-09-26,2.74,Sureswar,2.78,2.7972970041767113,2.7951243888184414,2.8215994308565286,2.812788374725271,2.8102069127801363
2024-09-27,2.66,Sureswar,2.74,2.679953878507028,2.698343198215385,2.727709266257744,2.713506984760549,2.7043829182700576
2024-09-28,2.65,Sureswar,2.66,2.60039044648442,2.58994172400793,2.6404450704121527,2.631871422945896,2.6222985372833736
2024-09-29,2.66,Sureswar,2.65,2.6078097519616397,2.598886065307406,2.646961474839554,2.6311709095302795,2.6216833325311644
2024-09-30,2.69,Sureswar,2.66,2.6694944692143685,2.6473162338562823,2.6988925621693602,2.6748478701605936,2.673928656270729
2024-10-01,2.78,Sureswar,2.69,2.7400778825211742,2.7081767537885977,2.768236937838896,2.7613076797510665,2.763484678156639
2024-10-02,2.82,Sureswar,2.78,2.783830936073166,2.7913320218654483,2.8246111887616188,2.8181531244188247,2.8159177673667988
2024-10-03,2.9,Sureswar,2.82,2.852206394525008,2.8124938060502864,2.836191828027973,2.8603317023125694,2.861924267452325
2024-10-04,3.04,Sureswar,2.9,2.973124224439552,2.906997486993154,2.945805063554104,2.981170161490862,2.9841425318153036
2024-10-05,3.12,Sureswar,3.04,3.0730495238032276,3.05093474209893,3.0849432616593098,3.0960178339287623,3.0950887797098416
2024-10-06,3.07,Sureswar,3.12,3.0205157222430676,3.0810605772008617,3.0985152750378937,3.075841317930525,3.0582399618090386
2024-10-07,2.91,Sureswar,3.07,2.9369603214677475,2.96312092213255,2.997483833917764,2.986370873927149,2.9786804202769317
2024-10-08,2.82,Sureswar,2.91,2.811394106353556,2.7939779244257266,2.852109146318003,2.8599242310040496,2.8498050914928132
2024-10-09,2.78,Sureswar,2.82,2.7638464369045463,2.7361347585586575,2.795593931283426,2.792384628902729,2.78207581224323
2024-10-10,2.74,Sureswar,2.78,2.709294109562411,2.7273946589586484,2.779723764180266,2.7613364220491317,2.7539288484816056
2024-10-11,2.71,Sureswar,2.74,2.7134256646641846,2.701267628719029,2.769947093315339,2.742164322014174,2.7418027596013417
2024-10-12,2.71,Sureswar,2.71,2.7126251048601837,2.6738901587151713,2.7569523688042366,2.724955136336051,2.726882974784237
2024-10-13,2.69,Sureswar,2.71,2.68977556248653,2.6741796443007253,2.743882604101034,2.714966415996489,2.7137956618225245
2024-10-14,2.71,Sureswar,2.69,2.6697272751513603,2.653322140714916,2.711444975651787,2.6893132100111363,2.687442270043229
2024-10-15,2.74,Sureswar,2.71,2.6741178504123293,2.658184196552512,2.6990431836996405,2.694616734604472,2.688868825442627
2024-10-16,2.8,Sureswar,2.74,2.752383410605384,2.731811938107788,2.777130541677174,2.8003848923101082,2.800371292772031
2024-10-17,2.88,Sureswar,2.8,2.838909490270339,2.8265458684044678,2.8676175389209604,2.865282727548545,2.871026693876811
2024-10-18,3.01,Sureswar,2.88,2.8851994285009517,2.883384901387091,2.9257869220818584,2.9100745468711744,2.9216389017588007
2024-10-19,2.98,Sureswar,3.01,2.9224840909189154,2.9693776379863723,2.9865442877622783,2.972539625684868,2.9646630532631266
2024-10-20,2.84,Sureswar,2.98,2.8428977483216094,2.884592319069434,2.879241192461374,2.874125407779777,2.8566866773545776
2024-10-21,2.69,Sureswar,2.84,2.6344339146607196,2.7045246546479955,2.6829957345406847,2.6730773131985366,2.6556571345140143
2024-10-22,2.45,Sureswar,2.69,2.513073316453002,2.5577581205260165,2.562116790593453,2.552148868961401,2.5370126917608236
2024-10-23,2.36,Sureswar,2.45,2.3031100823949537,2.3362322597889147,2.3657918683405885,2.3549265673860424,2.346985277610013
2024-10-24,2.4,Sureswar,2.36,2.3703359969076474,2.32173879167129,2.381016635259399,2.3811943455658597,2.3878690778290133
2024-10-25,2.44,Sureswar,2.4,2.42628175192594,2.4119301411608114,2.467324917000806,2.4505670872627343,2.458018980235935
2024-10-26,2.33,Sureswar,2.44,2.370686569547684,2.4030948184947456,2.4208718612034708,2.372776486859303,2.367143517613335
2024-10-27,2.16,Sureswar,2.33,2.1661474467441346,2.221632098754131,2.228733868830048,2.1981393386910404,2.1907385055711805
2024-10-28,2.08,Sureswar,2.16,2.048896313017666,2.0383071452759434,2.058755905588207,2.0480617925324665,2.0390411145920804
2024-10-29,2.02,Sureswar,2.08,1.988468805763987,1.9798392279822787,2.0056306595691256,2.003650691445118,1.9932270440029558
2024-10-30,2.07,Sureswar,2.02,1.9837624220328298,1.973494630509707,2.005414380207435,2.007610701984373,2.0022853738340864
2024-10-31,2.15,Sureswar,2.07,2.04045108006736,2.0645834793185878,2.086395718758455,2.077536936544479,2.0740628516283492
2024-11-01,2.17,Sureswar,2.15,2.1174849317497726,2.141931165917446,2.152953977458323,2.1367235757499574,2.1324301698349655
2024-11-02,2.26,Sureswar,2.17,2.085215985425964,2.1130626536221726,2.124934737002619,2.1067640025648005,2.098157561699885
2024-11-03,2.13,Sureswar,2.26,2.1457537493508885,2.173095787086694,2.176574836205547,2.1637114935799846,2.1513747725983596
2024-11-04,2.06,Sureswar,2.13,2.0237532885530882,2.0277415101017655,2.047474726044793,2.055392886824856,2.0467208990120924
2024-11-05,1.99,Sureswar,2.06,1.9528885668555884,1.9638839657186002,1.9936666099551665,1.99461366345617,1.9836851865973768
2024-11-06,1.88,Sureswar,1.99,1.8890447371892867,1.8917108924860457,1.9223936167525206,1.9235588678502165,1.92107045668698
2024-11-07,1.86,Sureswar,1.88,1.8204332339754012,1.7827215421220945,1.8325238466479732,1.8406824691060135,1.8440162859175497
2024-11-08,1.75,Sureswar,1.86,1.7717791650005645,1.7719986695298624,1.8106803557210933,1.792233876520292,1.7841104764673794
2024-11-09,1.68,Sureswar,1.75,1.659639297062468,1.6608309495762257,1.6929965487817145,1.6689495097295985,1.6628337043530068
2024-11-10,1.62,Sureswar,1.68,1.5797248599781695,1.5916605213989914,1.6262184365767043,1.6037261355528019,1.5988903477540113
2024-11-11,1.6,Sureswar,1.62,1.5797855779361183,1.547871216071611,1.5993004185481874,1.5878473978784509,1.5909668403784567
2024-11-12,1.61,Sureswar,1.6,1.6020125001361925,1.5539272318521988,1.615046936161505,1.6063049873925903,1.6125373871174098
2024-11-13,1.68,Sureswar,1.61,1.5916301247980722,1.5763904527193346,1.634465823538484,1.6204774689519261,1.6267754713232865
2024-11-14,1.71,Sureswar,1.68,1.6906061122604896,1.6587863094121216,1.720257976260542,1.7230519404976812,1.734965027173742
2024-11-15,1.79,Sureswar,1.71,1.7290602441394314,1.6950328450579724,1.7562563669784632,1.7573535080827103,1.766654380341925
2024-11-16,1.84,Sureswar,1.79,1.7878239280140744,1.7516453283567868,1.8019406491949457,1.7970294616662923,1.8047533021553217
2024-11-17,1.81,Sureswar,1.84,1.7561182356078568,1.7650865566862441,1.8046466058506727,1.783729318991005,1.779576848206432
2024-11-18,1.73,Sureswar,1.81,1.7240112627893072,1.7155477590730086,1.760713863693244,1.7510127822784647,1.748115683984441
2024-11-19,1.64,Sureswar,1.73,1.6048708682383082,1.6238528047854128,1.6582749817925746,1.6339161224313734,1.6209426376758274
2024-11-20,1.54,Sureswar,1.64,1.5134171175365705,1.5196887445925504,1.5516063424187763,1.5345394981367344,1.5289479578511977
2024-11-21,1.44,Sureswar,1.54,1.4118614307901565,1.416792369023046,1.4581404096675359,1.448832580052733,1.4437815670656124
2024-11-22,1.36,Sureswar,1.44,1.3271262871247234,1.3307332902846556,1.3756879382086993,1.3632990107957361,1.3556112343055184
2024-11-23,1.26,Sureswar,1.36,1.2503011052527377,1.2620501310433845,1.3011435338309647,1.2793137773781955,1.2717911316669992
2024-11-24,1.14,Sureswar,1.26,1.131621106025695,1.1614069533157696,1.1982449792198635,1.1594789633943046,1.146248185087101
2024-11-25,1.07,Sureswar,1.14,1.071725754552201,1.054799511423645,1.106332019807956,1.0755792831885669,1.0708658912324793
2024-11-26,1.08,Sureswar,1.07,1.0346355848045417,1.002442033861315,1.061198075553873,1.035307690482049,1.0417628344924952
2024-11-27,1.12,Sureswar,1.08,1.09654418879396,1.0468150755635117,1.1178278929509846,1.1011552124784318,1.1124548038496915
2024-11-28,1.17,Sureswar,1.12,1.1476080880006065,1.1114526208504496,1.1835017912364139,1.1627913575532227,1.1746548099002456
2024-11-29,1.24,Sureswar,1.17,1.1966354539305828,1.164735668981493,1.238663136544181,1.2145212584650984,1.2274685340416058
2024-11-30,1.36,Sureswar,1.24,1.2911218692897595,1.2346895857838354,1.311087949761032,1.307968451562332,1.326745289227847
2024-12-01,1.41,Sureswar,1.36,1.4021982677322906,1.361837123884311,1.4262935438278426,1.4235542476326237,1.4403463298034413
2024-12-02,1.48,Sureswar,1.41,1.4230694809305784,1.3819922551496475,1.4382314773071805,1.4262912868767124,1.439960662513478
2024-12-03,1.46,Sureswar,1.48,1.4245875562959067,1.4105555055043955,1.4631706541435872,1.441852155268838,1.444026378702069
2024-12-04,1.43,Sureswar,1.46,1.4018664666573906,1.376587903209769,1.4421725568082777,1.4331335915828045,1.4403217254274736
2024-12-05,1.41,Sureswar,1.43,1.3451936594752902,1.3382485969048183,1.3879748333165038,1.375414306830636,1.3731365128076647
2024-12-06,1.33,Sureswar,1.41,1.3218310558009982,1.3172635143279026,1.3605445777010698,1.3482087614835991,1.3456126208947905
2024-12-07,1.19,Sureswar,1.33,1.2116127925855817,1.2164814204255523,1.2500683887209632,1.223609411454215,1.2140397925427475
2024-12-08,1.14,Sureswar,1.19,1.095041032501027,1.071626305632716,1.1181210541492768,1.1051965462064766,1.0990122468324304
2024-12-09,1.1,Sureswar,1.14,1.0543139486601774,1.0393929283836976,1.0868695316699213,1.0755017868330612,1.0687152224600325
2024-12-10,1.12,Sureswar,1.1,1.018270873520457,1.025560412194892,1.0612155047036451,1.0456089135397517,1.04127230196655
2024-12-11,1.09,Sureswar,1.12,1.0351685372983073,1.0559535023371902,1.0789657755771818,1.0606958938410442,1.0578466764992787
2024-12-12,1.01,Sureswar,1.09,1.0370642629274593,1.044945639455961,1.0830125724236097,1.067188263611426,1.064611267977028
2024-12-13,1.16,Sureswar,1.01,1.1030706500732075,0.9937369710128915,1.0621688295548168,1.0825857917995583,1.100969097813122
2024-12-14,1.24,Sureswar,1.16,1.2579895041495144,1.1763676198993287,1.2424743350942107,1.2538017486424655,1.2713775648749135
2024-12-15,1.31,Sureswar,1.24,1.2483232739571157,1.2318989290528937,1.28940939307405,1.2623908948013358,1.2697894773316827
2024-12-16,1.35,Sureswar,1.31,1.3250528890081585,1.2702192452554304,1.3287130694959146,1.322692129863549,1.335695415005403
2024-12-17,1.37,Sureswar,1.35,1.3550108585378295,1.2977201748068137,1.3401026280521968,1.3586719568362833,1.3694784766494028
2024-12-18,1.34,Sureswar,1.37,1.3349540483499047,1.307266694600647,1.326234142254344,1.333409703590516,1.3292462578990147
2024-12-19,1.33,Sureswar,1.34,1.271739855998105,1.251454215247089,1.2719378510929384,1.2817603565666997,1.2804204778362072
2024-12-20,1.27,Sureswar,1.33,1.2359231999658742,1.2248840946367527,1.250417196585663,1.2542136630531142,1.250955850958883
2024-12-21,1.14,Sureswar,1.27,1.1514469970888155,1.1517281862425646,1.1740723776461188,1.168774750765906,1.1591745854226128
2024-12-22,1.01,Sureswar,1.14,0.9632233309691145,1.0113194388803481,1.027096214460881,1.020262703786852,1.0044582002189852
2024-12-23,0.88,Sureswar,1.01,0.8616785016182127,0.8852323418830599,0.9031484979673529,0.8982642024927855,0.8816644845925987
2024-12-24,0.85,Sureswar,0.88,0.8048196955497401,0.7783987528817482,0.8049162581552065,0.8134271164382308,0.8046907047082031
2024-12-25,0.81,Sureswar,0.85,0.8009786356541545,0.7809016633791902,0.8031579160541676,0.8059064899310644,0.7968342648869723
2024-12-26,0.79,Sureswar,0.81,0.7549483714058614,0.7598397537455402,0.7770175131467606,0.7609738045177975,0.7512901617754806
2024-12-27,0.75,Sureswar,0.79,0.7597946207164753,0.7394518535485545,0.7650968487400535,0.7471592278280951,0.7432138610905398
2024-12-28,0.82,Sureswar,0.75,0.7521276361404923,0.6983375590578396,0.7374155014954793,0.7327837059753995,0.7359666026467065
2024-12-29,0.9,Sureswar,0.82,0.8871076738092444,0.7993244883086837,0.8543215396982756,0.877499564101118,0.8936059165533069
2024-12-30,1.02,Sureswar,0.9,0.9279287538474138,0.8898087173638825,0.929035453768631,0.934549504038351,0.9386250897945497
2024-12-31,1.05,Sureswar,1.02,0.9799445282612826,0.9764231147914839,0.9973247412613886,0.9866620092122164,0.9831890416662318
2025-01-01,0.96,Sureswar,1.05,0.9768528976775647,0.969938276571359,0.9802786313711417,0.9782038849000458,0.9661320759646387
2025-01-02,0.94,Sureswar,0.96,0.9245962691534778,0.8692158558995969,0.8925991331603363,0.9217216219827655,0.9228375276600976
2025-01-03,0.9,Sureswar,0.94,0.9366857636510648,0.8599116299537952,0.897280055050663,0.921942061573879,0.9210498712866427
2025-01-04,0.94,Sureswar,0.9,0.9363659279811685,0.8385565966589081,0.8868834328135938,0.9257590201971472,0.9341346728434768
2025-01-05,0.94,Sureswar,0.94,0.9611177920200213,0.8813837609404578,0.9252928393170454,0.949406996201318,0.9531402498584763
2025-01-06,0.93,Sureswar,0.94,0.921653564928347,0.8628483567366411,0.8924852479057414,0.9080238286998666,0.9065696390411905
2025-01-07,0.92,Sureswar,0.93,0.9020924277287599,0.8476351726994843,0.863763717685042,0.8921797976297495,0.888343696333788
2025-01-08,0.89,Sureswar,0.92,0.8401519474437108,0.8300829242644187,0.8288505286173061,0.850815987013834,0.8388934107293565
2025-01-09,0.75,Sureswar,0.89,0.7556905381057375,0.7860837485083855,0.7805196355278007,0.7834636746888061,0.7667408364100569
2025-01-10,0.73,Sureswar,0.75,0.6669754480758852,0.6411783654176345,0.6540219427049566,0.6729241866596701,0.6652786741574622
2025-01-11,0.78,Sureswar,0.73,0.723797980786295,0.6534363320771398,0.6796314886298083,0.7158600032706571,0.7193112349672818
2025-01-12,0.89,Sureswar,0.78,0.8477395618405293,0.7653162997881681,0.8003520922711956,0.8261105957976009,0.8371765986191778
2025-01-13,1.01,Sureswar,0.89,0.9644237346247466,0.9152552517727153,0.9453686334968167,0.9548374749042813,0.9672923839866066
2025-01-14,1.11,Sureswar,1.01,1.019218403677131,1.0005773294564602,1.0230855909298588,1.0255932898603166,1.030613684867695
2025-01-15,1.01,Sureswar,1.11,1.0478923361514785,1.035009656261483,1.0511061695167032,1.0458936357504802,1.0342973125294044
2025-01-16,0.96,Sureswar,1.01,0.9485277475443182,0.9108444381653648,0.9293119189437163,0.9513481536256547,0.942810092643795
2025-01-17,0.99,Sureswar,0.96,0.9493478000995654,0.8732414169830637,0.8967343128966285,0.9341045262385638,0.9308715924415646
2025-01-18,0.97,Sureswar,0.99,0.9656485707220928,0.9072371507365448,0.9348682006061036,0.9606709775188366,0.962502183487388
2025-01-19,0.86,Sureswar,0.97,0.8346525083707711,0.8587369259141533,0.8700544658499861,0.8664707738283212,0.8526954778414567
2025-01-20,0.78,Sureswar,0.86,0.7303998718342753,0.7320761042822768,0.7478578682922009,0.7576734562598456,0.7484995933254179
2025-01-21,0.69,Sureswar,0.78,0.693322059550737,0.6696279564911801,0.6845387921714924,0.6984981800408147,0.6849072476373556
2025-01-22,0.68,Sureswar,0.69,0.6533596476313016,0.609311323012972,0.6136817160706111,0.6371325327528102,0.6277770033197133
2025-01-23,0.57,Sureswar,0.68,0.5996716923453682,0.6112809778262439,0.6022350588678616,0.5996984280318524,0.5838621698686143
2025-01-24,0.48,Sureswar,0.57,0.4777951840762681,0.4833550133377562,0.48401626280104054,0.48285679168816165,0.4724652212598282
2025-01-25,0.51,Sureswar,0.48,0.4661019540838649,0.399804750046518,0.4158283532582219,0.4291365119951933,0.4248450154586078
2025-01-26,0.54,Sureswar,0.51,0.50941289417495,0.46820353577748586,0.46953410105234267,0.4786060593766715,0.47524891341613723
2025-01-27,0.65,Sureswar,0.54,0.5802105596767452,0.5304025555579872,0.5273882522678566,0.5491083361804462,0.5553670462929071
2025-01-28,0.73,Sureswar,0.65,0.7142054475015072,0.6591303321834633,0.6691911533505538,0.7009654515688672,0.7116472909871526
2025-01-29,0.86,Sureswar,0.73,0.8449232235338208,0.751866879222317,0.7843420241471278,0.8202291963596365,0.8343789216105236
2025-01-30,1.02,Sureswar,0.86,0.9591987229723676,0.8775036454846372,0.9104215950281779,0.9500100387529304,0.964272295290797
2025-01-31,1.11,Sureswar,1.02,1.104853539110523,1.0221544805530305,1.050458582575021,1.1045783944748324,1.121337562792904
2025-02-01,1.07,Sureswar,1.11,1.0821718453904978,1.0598758954055392,1.0675867556082328,1.0883165135684603,1.0872790545206965
2025-02-02,1.02,Sureswar,1.07,1.0184572848272397,0.9678426426283394,0.9649441803955602,1.0121172448175697,1.0090532170842537
2025-02-03,0.92,Sureswar,1.02,0.9008474281266948,0.8895399606966329,0.8875238817054002,0.917955496333776,0.9066717596184567
2025-02-04,0.75,Sureswar,0.92,0.7472729418206154,0.780894447424167,0.7837386853932399,0.7961473111248761,0.7772841866725431
2025-02-05,0.68,Sureswar,0.75,0.6301528338092619,0.6211981515775095,0.6397701937483888,0.6525416960197722,0.6437297677284742
2025-02-06,0.57,Sureswar,0.68,0.5621764733105878,0.5704598468286953,0.5837602204278594,0.5844488953847559,0.5725104427082627
2025-02-07,0.49,Sureswar,0.57,0.4605390761049365,0.4796027055195868,0.48248632563528915,0.47811205087678416,0.4662585916906001
2025-02-08,0.42,Sureswar,0.49,0.42766052131102117,0.4038337504067558,0.4032094921217655,0.404191555195488,0.39622956542995946
2025-02-09,0.45,Sureswar,0.42,0.3947289503075564,0.3565186203826693,0.35473645598225595,0.37423256756534373,0.36854894782879466
2025-02-10,0.58,Sureswar,0.45,0.5384475015436447,0.43555311161675453,0.43880185976738645,0.4836881468274398,0.4967137302396149
2025-02-11,0.75,Sureswar,0.58,0.6790817270526942,0.6208404908648366,0.6273493030577172,0.6620820822480505,0.6763569855593404
2025-02-12,0.84,Sureswar,0.75,0.8377802096749868,0.804680587074778,0.8068305421794034,0.8261944694403297,0.8347133429012968
2025-02-13,0.9,Sureswar,0.84,0.9005374431607458,0.8453790486778647,0.8568834081472483,0.8780257256560132,0.8857614455897075
2025-02-14,0.94,Sureswar,0.9,0.9248443711109485,0.8604707864452004,0.8859859529617499,0.9196843797782336,0.9267875943975193
2025-02-15,0.92,Sureswar,0.94,0.8843646112101815,0.8610665020753075,0.8689090231230042,0.8937208260766156,0.8849839379642604
2025-02-16,0.84,Sureswar,0.92,0.8495739887928119,0.8180858330894968,0.8208833384956479,0.8525819924532462,0.8436301544761875
2025-02-17,0.76,Sureswar,0.84,0.76175809886287,0.7207311089744987,0.7335952866276388,0.7627716138984293,0.7575825587167251
2025-02-18,0.64,Sureswar,0.76,0.6730016555455389,0.6361059111458786,0.6535545749577075,0.6776508552781578,0.6736660819408874
2025-02-19,0.58,Sureswar,0.64,0.5492255838273548,0.5224669664768079,0.5400145692828967,0.5559566078702455,0.552362143811693
2025-02-20,0.52,Sureswar,0.58,0.48879455680758527,0.48211650939612966,0.49075111115855524,0.5049148887824325,0.5012826528581976
2025-02-21,0.4,Sureswar,0.52,0.4081529047034129,0.4295167248491696,0.4238499125332155,0.42134215082851806,0.41279838956078563
2025-02-22,0.41,Sureswar,0.4,0.35616455303142724,0.3169233433878656,0.31939297458163024,0.3328337559849582,0.3305887146055042
2025-02-23,0.36,Sureswar,0.41,0.37365748223377626,0.3526332483884898,0.34354944707270657,0.3532292570203281,0.34282229201632514
2025-02-24,0.44,Sureswar,0.36,0.3779035031331207,0.33145605151897156,0.32013495728191416,0.35161011683285404,0.3561195893034426
2025-02-25,0.56,Sureswar,0.44,0.5142430167234111,0.46155226039347547,0.4638274422382567,0.4920475187045628,0.5018249109530477
2025-02-26,0.69,Sureswar,0.56,0.6448066742502587,0.6012660365865644,0.5970311095456945,0.612071738126998,0.6221427811365577
2025-02-27,0.84,Sureswar,0.69,0.813142725258968,0.7212254363096356,0.7467794569673073,0.773047446581557,0.7912418407378589
2025-02-28,1.02,Sureswar,0.84,0.9942101250087584,0.8754746276502345,0.9276290418421675,0.9664824022768989,0.9848964086861584
2025-03-01,1.16,Sureswar,1.02,1.1046012252451392,1.048676016057206,1.0904599909091404,1.1191417409457085,1.1359841819814234
2025-03-02,1.21,Sureswar,1.16,1.2026158849246344,1.1638270887918365,1.1906364556756321,1.2110829930213134,1.2263251824974761
2025-03-03,1.13,Sureswar,1.21,1.1326535065882,1.1463259119575053,1.1537751295820458,1.1561903200570163,1.153953747596087
2025-03-04,0.95,Sureswar,1.13,0.9757383211559536,0.9980985509448438,0.9919111849727734,0.997708591254678,0.980353986688097
2025-03-05,0.78,Sureswar,0.95,0.7618946555577379,0.7841998583413492,0.7913636559321761,0.8062465933592279,0.7958437799456984
2025-03-06,0.62,Sureswar,0.78,0.5715218675936224,0.6172190789657896,0.6402626521549006,0.6513769344234587,0.6398485364391876
2025-03-07,0.46,Sureswar,0.62,0.41014762895930174,0.4776649375119377,0.49317166770969045,0.502347461532183,0.49755563856933177
2025-03-08,0.42,Sureswar,0.46,0.37198744899325037,0.35110152838976116,0.3658443514496719,0.3723534765514767,0.3739551626920301
2025-03-09,0.47,Sureswar,0.42,0.41497380555167346,0.36765600628843925,0.3690067385661034,0.39466167121974677,0.3977265541317941
2025-03-10,0.49,Sureswar,0.47,0.4876157879213522,0.46327995825034735,0.4454025375512208,0.4486025263630736,0.44368830710468427
2025-03-11,0.6,Sureswar,0.49,0.5901736168443429,0.5140610455050741,0.5193082270289214,0.5372479767178011,0.5501138561245406
2025-03-12,0.72,Sureswar,0.6,0.7002412682151321,0.6479432983855365,0.674353427444654,0.679134431275787,0.69132630485977
2025-03-13,0.92,Sureswar,0.72,0.9023913187667598,0.7951436714609796,0.8405824777935896,0.8695133540513419,0.8899125923376264
2025-03-14,1.11,Sureswar,0.92,1.0885410979329608,0.9904896986907094,1.0429881324709827,1.0751082054657555,1.0974269167544792
2025-03-15,1.14,Sureswar,1.11,1.1062825167523649,1.0995403882254184,1.1343978278858502,1.1291018149092638,1.1361018814337827
2025-03-16,1.12,Sureswar,1.14,1.062662739633524,1.0452382409766159,1.0665026149283177,1.0645623441240384,1.0556108666035697
2025-03-17,1.07,Sureswar,1.12,1.0135655075374712,1.0025634601625428,1.008184858570839,1.0234996845782316,1.0023782217020876
2025-03-18,1.01,Sureswar,1.07,0.9831454722051489,0.9547487363903068,0.96836667405658,0.9864434072120188,0.9743574372232428
2025-03-19,0.92,Sureswar,1.01,0.916099934175189,0.8962114474963577,0.9197274832739272,0.9240195612505399,0.9138721974449063
2025-03-20,0.78,Sureswar,0.92,0.7923257256214311,0.7961122798160815,0.8246125281858884,0.8218024194784653,0.8129178999394293
2025-03-21,0.61,Sureswar,0.78,0.6420766417094016,0.6456347087925945,0.6729067819366691,0.6700152353986665,0.6619716846314622
2025-03-22,0.5,Sureswar,0.61,0.4282932586283248,0.4750834493067633,0.49704676488848726,0.4963530435393309,0.4873616187342624
2025-03-23,0.47,Sureswar,0.5,0.4008312608651133,0.3853521515899661,0.40461645698158505,0.4070074778459607,0.40653172948738053
2025-03-24,0.41,Sureswar,0.47,0.4157807362050415,0.3918195955154502,0.3989548192233278,0.4057697690999826,0.4031642113563432
2025-03-25,0.43,Sureswar,0.41,0.39515902430070804,0.38298225460803836,0.37470253232081324,0.3870685630421192,0.3824341210416049
2025-03-26,0.61,Sureswar,0.43,0.5793183361909598,0.46801683152550616,0.5023643790749904,0.5348886977957336,0.5612506886923624
2025-03-27,0.81,Sureswar,0.61,0.8068992129675783,0.7245849184805669,0.7732968264253778,0.7832625128643044,0.799699847787716
2025-03-28,1.05,Sureswar,0.81,1.1244853777864479,0.956534236486711,1.0324910366128366,1.0537267696620223,1.0830981492314813
2025-03-29,1.23,Sureswar,1.05,1.2969256444949235,1.1806949081027696,1.2802644949024298,1.289869905885344,1.320036449069613
2025-03-30,1.35,Sureswar,1.23,1.3666718811802738,1.2754244250177678,1.3479474531765545,1.345211062370131,1.358999816610581
2025-03-31,1.42,Sureswar,1.35,1.3289888489451933,1.2895314632802088,1.3147061596416674,1.3191823017645998,1.3230847574130562
2025-04-01,1.38,Sureswar,1.42,1.256275048440189,1.3016634272274648,1.2757168308523406,1.285215086604351,1.263941550896709
2025-04-02,1.17,Sureswar,1.38,1.2146961007720731,1.244246425632685,1.2347723911144493,1.2342265910063175,1.2072940317432084
2025-04-03,0.94,Sureswar,1.17,0.8850345021781614,1.0127426614104078,1.0237267880572103,1.010937339032593,0.9954266311329731
2025-04-04,0.8,Sureswar,0.94,0.7222581408171515,0.7741448986737458,0.810677217540067,0.8018939700007577,0.7957781990396192
2025-04-05,0.66,Sureswar,0.8,0.6191529347743179,0.652162699893733,0.6977914070750524,0.6894065021058001,0.6814509099919089
2025-04-06,0.68,Sureswar,0.66,0.594868531953254,0.5488629299454356,0.5924554287180127,0.5824481358073688,0.5817607197315275
2025-04-07,0.6,Sureswar,0.68,0.6736185383594094,0.6292657220976529,0.6594123903576329,0.6600546723777919,0.6660297851170601
2025-04-08,0.75,Sureswar,0.6,0.6843305948999912,0.6235548793197828,0.675950204854761,0.6832556944895624,0.6975338292307844
2025-04-09,0.83,Sureswar,0.75,0.8330659339955484,0.815465680098365,0.8555414720008043,0.8189692384539969,0.8283396389856049
2025-04-10,0.89,Sureswar,0.83,0.9081499796586208,0.8570734826625322,0.9126741602728523,0.8779190988878375,0.8939642624753731
2025-04-11,1.03,Sureswar,0.89,0.9965000606804449,0.8800417751910481,0.981404493147021,0.9719993511209623,0.9946926673736547
2025-04-12,1.19,Sureswar,1.03,1.1599470050194445,1.0339351030505686,1.1335932059433182,1.1402842076591915,1.1621389587877655
2025-04-13,1.21,Sureswar,1.19,1.1755542377261972,1.1755846796441418,1.2224760744111791,1.1963030488063315,1.2011942803532467
2025-04-14,1.21,Sureswar,1.21,1.1473493495361746,1.1328155968477651,1.174765782037151,1.171582421436477,1.1751498639301587
2025-04-15,1.21,Sureswar,1.21,1.1016844261929821,1.0971338106266175,1.1310764535753344,1.1196280986901137,1.1050102544432445
2025-04-16,1.18,Sureswar,1.21,1.1456808137062424,1.1018685981266287,1.145905264551021,1.1524581516187244,1.1441262265228405
2025-04-17,1.1,Sureswar,1.18,1.1164783552276942,1.0846398757918954,1.1278094285679752,1.1259549573001482,1.114886366074214
2025-04-18,0.98,Sureswar,1.1,1.0174920264772724,1.0117881701266742,1.0595879576141005,1.0553044703686039,1.0503879756147816
2025-04-19,0.95,Sureswar,0.98,0.9304156035219106,0.8743367440218819,0.9306625325917907,0.9314137218611281,0.9377940543742623
2025-04-20,0.95,Sureswar,0.95,0.8848883517465224,0.8416923765149419,0.907695740745016,0.9048717884214975,0.9105645708196565
2025-04-21,0.9,Sureswar,0.95,0.8779794705264239,0.8473836708975799,0.8981020812809039,0.8788264441484462,0.8729716419471115
2025-04-22,0.84,Sureswar,0.9,0.7892986085989745,0.8025056902102468,0.8483052954760271,0.8283338539538178,0.8218930543948799
2025-04-23,0.93,Sureswar,0.84,0.892825735399823,0.7953056522677242,0.8709617083135042,0.8827823624405299,0.8951992533149807
2025-04-24,1.12,Sureswar,0.93,1.0840351901627687,0.9714188366709311,1.0486187102913949,1.0800867481076732,1.0990252786295578
2025-04-25,1.34,Sureswar,1.12,1.3012402707469617,1.217266089683376,1.279579345234623,1.2991116981013906,1.3195067304570123
2025-04-26,1.53,Sureswar,1.34,1.5056982423538234,1.4265594312892322,1.4946659197958345,1.4932062626084306,1.5187662067995864
2025-04-27,1.63,Sureswar,1.53,1.5836828004359704,1.5623196054583552,1.6152594110876966,1.6202118763299211,1.640122078269967
2025-04-28,1.57,Sureswar,1.63,1.576091079904727,1.5784317414741835,1.5978284328127084,1.5976822680050988,1.6012277190241129
2025-04-29,1.54,Sureswar,1.57,1.431147034506954,1.4529377807461865,1.4730531748642512,1.456523066746742,1.4476114350758529
2025-04-30,1.56,Sureswar,1.54,1.4120906994441567,1.4182493671638465,1.4874457206233298,1.455288147463822,1.4499691830025545
2025-05-01,1.53,Sureswar,1.56,1.5513891157730793,1.4775194534547242,1.5928257512660755,1.5613603589113534,1.5693525654448919
2025-05-02,1.47,Sureswar,1.53,1.515873366538025,1.4777044777374233,1.5813822580296277,1.5535544758438764,1.5601618611404078
2025-05-03,1.51,Sureswar,1.47,1.4557016357988588,1.395565141602713,1.489775563068955,1.478875605752922,1.4859849476814022
2025-05-04,1.44,Sureswar,1.51,1.4392913665443987,1.405626425096706,1.4569708471417997,1.4729051848186343,1.4707906975556586
2025-05-05,1.38,Sureswar,1.44,1.3739013553285446,1.3206494103110096,1.3506899096145244,1.3847505486619387,1.3820574796658798
2025-05-06,1.29,Sureswar,1.38,1.2768111673284082,1.266940254494498,1.2867883945041803,1.2965968476049512,1.2865096148416164
2025-05-07,1.22,Sureswar,1.29,1.2308659916078757,1.188257584314932,1.2099956127165807,1.2084338358224944,1.2010291318698065
2025-05-08,1.27,Sureswar,1.22,1.2129936728409147,1.142758405609715,1.1862999007936892,1.2039125894484755,1.2093759874162753
2025-05-09,1.31,Sureswar,1.27,1.2722715361230346,1.229957337316019,1.2753837611043768,1.282187685130176,1.2860612288544215
2025-05-10,1.36,Sureswar,1.31,1.363361030747673,1.3000089274521993,1.364641141531261,1.3639901134576107,1.3809546134268542
2025-05-11,1.42,Sureswar,1.36,1.3962231566156453,1.3516509276736313,1.4299257851860965,1.4128000035345838,1.4255755831315151
2025-05-12,1.45,Sureswar,1.42,1.4626009071950836,1.3943242308698436,1.4817214146282331,1.4542776717690076,1.4647009243391265
2025-05-13,1.49,Sureswar,1.45,1.4723285152964463,1.403215737638415,1.4959043385518687,1.4872098104285245,1.5012853703775193
2025-05-14,1.61,Sureswar,1.49,1.4445030208341907,1.4246742129179273,1.5077021954801666,1.4829671731764822,1.4862528735616056
2025-05-15,1.72,Sureswar,1.61,1.5618721539076856,1.544579579478011,1.6185446699236952,1.5926374027135157,1.5975906952851247
2025-05-16,1.72,Sureswar,1.72,1.6328557474903713,1.6414849794968933,1.7007541800514543,1.6856366976873856,1.6825339299273452
2025-05-17,1.66,Sureswar,1.72,1.7154153676525987,1.62838731835177,1.6995259512779934,1.7115056147616998,1.7124554781033325
2025-05-18,1.27,Sureswar,1.66,1.6212529918732006,1.5596042936072374,1.6316633104355291,1.6647068723081528,1.6678746565199407
2025-05-19,1.3,Sureswar,1.27,1.3014743954373595,1.1590144956018322,1.2637454772946823,1.3161992459298244,1.3292362004794758
2025-05-20,1.31,Sureswar,1.3,1.343844253091325,1.2205724791110175,1.3244845781492003,1.3696560812408396,1.3867027825203244
2025-05-21,1.44,Sureswar,1.31,1.4384115202039967,1.301898190931987,1.3966692455667395,1.433964502504191,1.456700187802593
2025-05-22,1.64,Sureswar,1.44,1.642991191788799,1.5258826169843516,1.586184423328506,1.6156931857649173,1.6405560684966058
2025-05-23,1.71,Sureswar,1.64,1.7585981264957076,1.7410254979529662,1.7645604839659343,1.7627667795206226,1.7835840423935814
2025-05-24,1.83,Sureswar,1.71,1.8481979332799976,1.7781392409664136,1.814003612035432,1.8482265126998652,1.8738982455287452
2025-05-25,2.03,Sureswar,1.83,1.9321092747076691,1.8732087853034824,1.9071841021024418,1.943609044754422,1.9560910840819972
2025-05-26,2.15,Sureswar,2.03,2.108069678214112,2.0629439923484605,2.0746949559749854,2.10637962820184,2.112251478731943
2025-05-27,2.23,Sureswar,2.15,2.1492954157340707,2.1576760456181154,2.1495519432182544,2.182876661231061,2.177792848052757
2025-05-28,2.37,Sureswar,2.23,2.221135943666786,2.206158179206622,2.200920283968316,2.246552394656834,2.241307749008494
2025-05-29,2.68,Sureswar,2.37,2.5595739478829005,2.398811156485673,2.4488340097271073,2.5307966053276356,2.5506367989902814
2025-05-30,2.72,Sureswar,2.68,2.7771083241013272,2.7372249432743865,2.7460615347663335,2.7852865440587267,2.7957548265324985
2025-05-31,2.23,Sureswar,2.72,2.475837421467932,2.6551032957331535,2.583438908681475,2.542381903223608,2.5156078832745408
2025-06-01,2.17,Sureswar,2.23,2.0856310154325954,2.070349360069415,2.060631707613865,2.084273439494977,2.097028534651827
2025-06-02,2.11,Sureswar,2.17,2.0157510750327132,2.0209673606331418,2.061234763288919,2.0634633522703485,2.0520748331790646
2025-06-03,2.1,Sureswar,2.11,2.136801041833701,2.0241684986531068,2.0926242138967024,2.1028470000739445,2.1125067795484846
2025-06-04,2.27,Sureswar,2.1,2.2471864153675956,2.146401426302844,2.202495994196825,2.2369268656342975,2.2528695707946365
2025-06-05,2.44,Sureswar,2.27,2.4903455424127108,2.393498111526233,2.4270430567418075,2.4834649934844126,2.501894504961061
2025-06-06,2.56,Sureswar,2.44,2.658474372596894,2.552091508019902,2.594027821064593,2.6483395833439247,2.6660284452838128
2025-06-07,2.63,Sureswar,2.56,2.6654502137175284,2.611962920991967,2.6696566617927395,2.7043403093007874,2.7159962219736076
2025-06-08,2.64,Sureswar,2.63,2.652840566787465,2.6154691600995776,2.664776885127059,2.6787956622950944,2.674414430181001
2025-06-09,2.59,Sureswar,2.64,2.6374713687173856,2.5793568555721484,2.6053319262065413,2.608052011786287,2.590818259348194
2025-06-10,2.53,Sureswar,2.59,2.5505215639055248,2.509407242504038,2.5232647932356636,2.5228873571478254,2.4992430676551307
2025-06-11,2.47,Sureswar,2.53,2.468198205176938,2.4453627565439278,2.45701299610097,2.434888851671889,2.412176039970564
2025-06-12,2.43,Sureswar,2.47,2.3694026496164495,2.3978925808227607,2.410830472754221,2.3926806230625455,2.3733670383644596
2025-06-13,2.37,Sureswar,2.43,2.30277207208472,2.3569284174074405,2.3657735910266404,2.332903873382415,2.312485101609365
2025-06-14,2.31,Sureswar,2.37,2.2450863373899477,2.3007934793073663,2.3191509710139346,2.300482110021853,2.284960079438093
2025-06-15,2.22,Sureswar,2.31,2.2517476463858657,2.2530680586596827,2.2773816191332936,2.276773391204189,2.262972735556581
2025-06-16,2.2,Sureswar,2.22,2.1877209386970895,2.1722894221650435,2.1998698509782906,2.225201134369277,2.2196309373252316
2025-06-17,2.29,Sureswar,2.2,2.230117804690573,2.1716895331996153,2.2003251190942845,2.2443900350586206,2.240172356046715
2025-06-18,2.34,Sureswar,2.29,2.246702529291928,2.261657217088953,2.2566205250059252,2.294541858360539,2.286012595281768
2025-06-19,2.29,Sureswar,2.34,2.272106551001973,2.295160539508824,2.276809302358061,2.303696913227802,2.2884365831850624
2025-06-20,2.23,Sureswar,2.29,2.210866766799263,2.2235701054013934,2.2178258112206515,2.2530032534641933,2.2428429304290476
2025-06-21,2.25,Sureswar,2.23,2.1291429673389004,2.167070908709421,2.171378287072041,2.1872360331575247,2.1719387137478314
2025-06-22,2.23,Sureswar,2.25,2.23888666031956,2.218127711745696,2.2268904691844886,2.2591842928972508,2.2601731050225022
2025-06-23,2.28,Sureswar,2.23,2.2260804592322305,2.2130190583170646,2.230331914448183,2.2550607224983694,2.255345686074492
2025-06-24,2.42,Sureswar,2.28,2.358301651316756,2.2931549889556107,2.3307530457306993,2.376189898533499,2.3888470328194997
2025-06-25,2.56,Sureswar,2.42,2.529010231827493,2.4752897242963856,2.5035178152613824,2.542356152445072,2.55501973510022
2025-06-26,2.65,Sureswar,2.56,2.662026555470444,2.6137487932046404,2.6281207870380787,2.6547020170516977,2.671854798532005
2025-06-27,2.7,Sureswar,2.65,2.6948953197446945,2.661539276253657,2.6774654542982126,2.6924777557915935,2.7051516965925195
2025-06-28,2.69,Sureswar,2.7,2.709823372663643,2.682155421082372,2.705148674576806,2.7363627582724845,2.7431386583833355
2025-06-29,2.62,Sureswar,2.69,2.6868795012807465,2.664526718264933,2.690126821497614,2.7054661890628773,2.700404366906407
2025-06-30,2.68,Sureswar,2.62,2.6517096425745836,2.5896401703895133,2.628882720242225,2.6508878438072023,2.6520520488562513
2025-07-01,2.65,Sureswar,2.68,2.6709604613441864,2.630814604064784,2.6545163795910565,2.6639730773246852,2.6607570166093435
2025-07-02,2.63,Sureswar,2.65,2.6187489405328472,2.5854605154591788,2.6079484900983316,2.631588456828956,2.6259133182374743
2025-07-03,2.62,Sureswar,2.63,2.608276964963856,2.575276545393698,2.5947557164227266,2.623165634189951,2.6162906578758625
2025-07-04,2.52,Sureswar,2.62,2.487250298694632,2.559777524714708,2.5607903841851285,2.551150012535665,2.5320940275056376
2025-07-05,2.43,Sureswar,2.52,2.388860062105762,2.436008374146049,2.4536230689727048,2.444710765294806,2.4365870084079826
2025-07-06,2.4,Sureswar,2.43,2.347109829496382,2.3548783323256544,2.3936610260610234,2.388031149677504,2.381870457493092
2025-07-07,2.45,Sureswar,2.4,2.3958002218351746,2.3734481664866593,2.4233148337970896,2.420376086012032,2.4229677711581403
2025-07-08,2.55,Sureswar,2.45,2.4909668962557805,2.478290776265329,2.520078457571018,2.522175632049637,2.5341420644896746
2025-07-09,2.65,Sureswar,2.55,2.6074966041729426,2.599814318958058,2.649760969140496,2.649946135147365,2.663454320121679
2025-07-10,2.7,Sureswar,2.65,2.7062320121704273,2.6812169343341625,2.7406567594608973,2.724098169838761,2.7300196003577124
2025-07-11,2.73,Sureswar,2.7,2.6862160728239477,2.6941014388189046,2.747790169543024,2.7239432599746105,2.724595103151102
2025-07-12,2.72,Sureswar,2.73,2.6805970603373055,2.6872978568967247,2.7276775068553873,2.7034830361333904,2.696155324983786
2025-07-13,2.74,Sureswar,2.72,2.6738607802424648,2.665743479773551,2.7004882287491134,2.6924939350994657,2.685731215201564
2025-07-14,2.89,Sureswar,2.74,2.829226288420195,2.7476938411244887,2.8057256743574386,2.837852295345039,2.8512709023283946
2025-07-15,2.78,Sureswar,2.89,2.8848650347168547,2.8939764613687537,2.9119070601697317,2.8897512684671534,2.8818125732087516
2025-07-16,2.68,Sureswar,2.78,2.695490205473076,2.699579450187065,2.7145342108538446,2.72128867104295,2.71477360112442
2025-07-17,2.64,Sureswar,2.68,2.6169831969297643,2.568061144072872,2.611871510778326,2.632544139991721,2.618291239023137
2025-07-18,2.56,Sureswar,2.64,2.5754818581644536,2.565091539681616,2.6144841069525455,2.6098382535122484,2.594531448569653
2025-07-19,2.57,Sureswar,2.56,2.528060180524637,2.5336425431556395,2.5694915769326045,2.5523480697377128,2.5456317722108186
2025-07-20,2.58,Sureswar,2.57,2.569076207774038,2.5607139352587027,2.613030910844366,2.6044835323313564,2.60740889386358
2025-07-21,2.61,Sureswar,2.58,2.6330161205263187,2.5738997656209874,2.6461055720558586,2.636174359033115,2.641609118815408
2025-07-22,2.71,Sureswar,2.61,2.66619184911585,2.621258807064036,2.700212687810083,2.677721901066127,2.6815104248092214
2025-07-23,2.81,Sureswar,2.71,2.801737670823919,2.7473109329927303,2.8242025700396027,2.8165135382910087,2.8282400316245577
2025-07-24,2.95,Sureswar,2.81,2.936110224745595,2.863886349960198,2.9377863965576227,2.929238970949782,2.9351846607406404
2025-07-25,3.26,Sureswar,2.95,3.1109259252518187,3.0529298589487213,3.124508736278291,3.1348064050479256,3.1544286474560708
2025-07-26,3.26,Sureswar,3.26,3.3262164859288927,3.303398774907834,3.3327301211540608,3.289226138021738,3.289600499360524
2025-07-27,3.2,Sureswar,3.26,3.1435075312882517,3.2057094211541464,3.19309298042468,3.1902460489935507,3.17546791567854
2025-07-28,3.08,Sureswar,3.2,3.131431284989935,3.105509034442671,3.1133889161819503,3.1388674207311866,3.123646608685551
2025-07-29,3.01,Sureswar,3.08,2.959099122205232,2.9858394209831496,3.0064204887886716,3.006950338239862,2.9889764565723236
2025-07-30,2.95,Sureswar,3.01,2.9054079024830535,2.915448050259398,2.9382203137506546,2.924599977870687,2.9146174459730325
2025-07-31,2.91,Sureswar,2.95,2.8534084324352076,2.8588725653754654,2.8969834975379025,2.8933401870830586,2.8894750309934714
2025-08-01,2.83,Sureswar,2.91,2.800881070628702,2.8211834580078268,2.8612440020531085,2.8529669188877502,2.8487062296159
2025-08-02,2.75,Sureswar,2.83,2.772296234662951,2.753998736735826,2.8010356563415333,2.8062424051417554,2.8034781174405765
2025-08-03,2.73,Sureswar,2.75,2.7218324111273025,2.70585055576273,2.765923062583072,2.7674976888942044,2.765648187942372
2025-08-04,2.7,Sureswar,2.73,2.7474606045163954,2.7053142864797635,2.773772850054956,2.758699003768681,2.7619914513939925
2025-08-05,2.68,Sureswar,2.7,2.73682042241599,2.6922792401895896,2.7687763162907544,2.755363563557142,2.7596507853321577
2025-08-06,2.84,Sureswar,2.68,2.7636516564309352,2.6963747937100053,2.7867998313904336,2.7808785620807104,2.7887100629379877
2025-08-07,2.98,Sureswar,2.84,2.958440618093636,2.8904871818254967,2.970696277475543,2.9680367744145038,2.9773677167232164
2025-08-08,3.13,Sureswar,2.98,3.10646752799606,3.043102273106925,3.1083108373486237,3.1079024019940467,3.1170377956970277
2025-08-09,3.23,Sureswar,3.13,3.1857805201962406,3.1673952816461246,3.2226003522620914,3.2164737657919136,3.2188151758746666
2025-08-10,3.3,Sureswar,3.23,3.2542256253830932,3.231082399332815,3.2692412196928693,3.270145907770843,3.2697088994389865
2025-08-11,3.35,Sureswar,3.3,3.2967566317758745,3.2657584491460088,3.302239730234691,3.303858055454461,3.2976065737192832
2025-08-12,3.37,Sureswar,3.35,3.332197461997041,3.3142579879103518,3.3618401993170024,3.3671941631622033,3.359858379324622
2025-08-13,3.34,Sureswar,3.37,3.37805313871232,3.3444977812083843,3.4058146858387643,3.403248363523243,3.3981328623163005
2025-08-14,3.34,Sureswar,3.34,3.362058439181833,3.312801403212211,3.390940904293956,3.384948327070635,3.3849979695507018
2025-08-15,3.41,Sureswar,3.34,3.3467520952910137,3.286923221588431,3.3663695036969483,3.350597587940691,3.349337770649063
2025-08-16,3.37,Sureswar,3.41,3.3899707790243663,3.3478799852240684,3.4216151070823564,3.4101004748265757,3.403179342181991
2025-08-17,3.29,Sureswar,3.37,3.327386551768523,3.301375192846702,3.370306515051176,3.353762351956876,3.3401260187779713
2025-08-18,3.34,Sureswar,3.29,3.2802205446279387,3.2373282108693275,3.3146525230707824,3.3086084847823893,3.305088858032738
2025-08-19,3.38,Sureswar,3.34,3.360876853350462,3.317342050423066,3.389855672747895,3.3794286480629587,3.378439992618587
2025-08-20,3.42,Sureswar,3.38,3.368773018049864,3.355783778924034,3.412924819318285,3.3951177307867297,3.3975270101811756
2025-08-21,3.43,Sureswar,3.42,3.390465157190246,3.3775714140142483,3.4238473079838676,3.419131924346628,3.422872820498597
2025-08-22,3.4,Sureswar,3.43,3.3633895268260092,3.372787623432681,3.408482187749376,3.3994346521703576,3.3988510919702506
2025-08-23,3.44,Sureswar,3.4,3.365641672692763,3.347223217472294,3.3856296742832757,3.3856232747636947,3.388121530557919
2025-08-24,3.41,Sureswar,3.44,3.3600323702115373,3.37144289347739,3.4027089189224013,3.3876952281315096,3.3865095279148565
2025-08-25,3.34,Sureswar,3.41,3.2915747883592137,3.3187620845249675,3.3450724957137763,3.3300648040797998,3.324261521812076
2025-08-26,3.24,Sureswar,3.34,3.2334610801325856,3.241056815927768,3.2751085739768873,3.2692072112898978,3.2668438115438163
2025-08-27,3.21,Sureswar,3.24,3.1745972935701263,3.1634652193218487,3.2158521246180545,3.215023812808431,3.2163490323671518
2025-08-28,3.14,Sureswar,3.21,3.157489460963369,3.139967827223599,3.186365196082919,3.1746629667760438,3.1794067104449457
2025-08-29,3.11,Sureswar,3.14,3.092436259317644,3.0562288087472074,3.108926287018734,3.107619091195182,3.110507565701141
2025-08-30,2.99,Sureswar,3.11,3.0376005605397456,3.0181131739073663,3.0742367495001424,3.0699064694646805,3.0675178794181126
2025-08-31,2.98,Sureswar,2.99,2.953435853240381,2.9125570498490707,2.9816573020608748,2.9752288523854715,2.972686794775876
2025-09-01,2.93,Sureswar,2.98,2.9348930973361687,2.916750817823502,2.9829321827404236,2.964674229241913,2.960084266497798
2025-09-02,3.02,Sureswar,2.93,2.992481119539641,2.9165228544110255,3.0000215869400857,3.00507402545151,3.012559428208201
2025-09-03,3.11,Sureswar,3.02,3.0849716541176866,3.0353398214051612,3.112462654222041,3.10248035960988,3.1080293841311963
2025-09-04,3.17,Sureswar,3.11,3.17849626796577,3.120114945170575,3.1939040073650795,3.180473610371955,3.1870747297918087
2025-09-05,3.2,Sureswar,3.17,3.1727267436538287,3.1488088429301793,3.220913027776771,3.195805920308986,3.195380361907881
2025-09-06,3.18,Sureswar,3.2,3.1914154114935838,3.155248540728619,3.222697406526747,3.2021444620334365,3.1990981874664297
2025-09-07,3.22,Sureswar,3.18,3.1642675717442987,3.13451138526604,3.2015975959606937,3.19049507924882,3.192163923071002
2025-09-08,3.27,Sureswar,3.22,3.207004036167826,3.1758907955786833,3.2304542827855514,3.2167904196213786,3.2164693227627033
2025-09-09,3.3,Sureswar,3.27,3.2496990410461746,3.2308815991830655,3.280556357887994,3.2770016675650617,3.2798580535099027
2025-09-10,3.3,Sureswar,3.3,3.2699227032284286,3.2601629184792267,3.3033942418996136,3.2947758390608697,3.296854713801441
2025-09-11,3.25,Sureswar,3.3,3.284574026040115,3.254685946784939,3.3057575637580903,3.3001581809379203,3.305935859240465
2025-09-12,3.18,Sureswar,3.25,3.217059624465843,3.1848529522917253,3.237984913151781,3.2325263535552033,3.2349339291582933
2025-09-13,3.13,Sureswar,3.18,3.1185345477822906,3.08290729681435,3.139487095429969,3.133241897911283,3.13238523659841
2025-09-14,3.07,Sureswar,3.13,3.070911612894516,3.0309957647249277,3.095881714884578,3.0917665006395576,3.0861987033941283
2025-09-15,3.0,Sureswar,3.07,3.01983782468501,2.991676249718376,3.0617519931240333,3.0544895758441637,3.049191498846048
2025-09-16,3.0,Sureswar,3.0,2.9771578857954903,2.9423202090478213,3.0104125132932658,3.006529520602537,3.0072880224764513
2025-09-17,2.99,Sureswar,3.0,3.005476299230827,2.9624365649872395,3.033409547393171,3.020959141754046,3.021054825770958
2025-09-18,3.03,Sureswar,2.99,3.022567952456846,2.970692596767593,3.047835942553153,3.03296804015085,3.032747314829679
2025-09-19,3.1,Sureswar,3.03,3.095738732862187,3.029826449477753,3.1083318592818157,3.0998324921375193,3.1026093138562287
2025-09-20,3.15,Sureswar,3.1,3.1409012356098547,3.104089867306366,3.1782157705237677,3.1649961627481744,3.165545980407646
2025-09-21,3.21,Sureswar,3.15,3.1772162123972745,3.1367145693163927,3.205257899964438,3.1901174117754985,3.1923218782411644
2025-09-22,3.36,Sureswar,3.21,3.2747883554852772,3.2052167155085436,3.28145215944676,3.2936417145159935,3.3006992245076083
2025-09-23,3.35,Sureswar,3.36,3.3500288221719665,3.3536377883978346,3.4013469165245325,3.3886062876317813,3.385962760586438
2025-09-24,3.35,Sureswar,3.35,3.3300977843699258,3.314756617111366,3.353624041126752,3.3503583597806283,3.351877248906613
2025-09-25,3.28,Sureswar,3.35,3.2768357947313174,3.288493618190682,3.328506505889822,3.3190292784326214,3.312086671224421
2025-09-26,3.27,Sureswar,3.28,3.240979912747488,3.2099149777666853,3.263053033388427,3.263336400495067,3.2643840644039908
2025-09-27,3.22,Sureswar,3.27,3.2161284689939866,3.2006061940331088,3.2489920248408812,3.244793403159831,3.2420430025469
2025-09-28,3.07,Sureswar,3.22,3.038254607672798,3.0971867085324813,3.1145590606049347,3.0855574660246403,3.071508378804603
2025-09-29,2.92,Sureswar,3.07,2.8841734778218515,2.9321534045558795,2.9589915278150936,2.9437840055684568,2.930759850397594
2025-09-30,2.77,Sureswar,2.92,2.731202011291042,2.788109933403193,2.8233404478984245,2.788987078250477,2.7729698509543343
2025-10-01,2.75,Sureswar,2.77,2.7281131536357757,2.6769787427537826,2.731261356049828,2.7293609709446005,2.7251883136853188
2025-10-02,2.86,Sureswar,2.75,2.771618260529425,2.746459924400521,2.8146016131233402,2.811252808381885,2.8149171358106657
2025-10-03,2.86,Sureswar,2.86,2.8535489785445054,2.87604485366475,2.920066393591741,2.8873722925717593,2.8956585664744927
2025-10-04,2.81,Sureswar,2.86,2.7981134519368456,2.8333969504052736,2.8740769323079065,2.844523359592776,2.848118523281267
2025-10-05,2.78,Sureswar,2.81,2.766319303265607,2.744616938358254,2.798785841411626,2.7885185888837793,2.7922589124260018
2025-10-06,2.82,Sureswar,2.78,2.778656835387662,2.7296669265843536,2.79079229223573,2.785190785733032,2.785123959752976
2025-10-07,2.91,Sureswar,2.82,2.837712793617024,2.812839674563572,2.874701864881624,2.859148717294049,2.867731076398343
2025-10-08,3.02,Sureswar,2.91,2.9429251736278808,2.8666328914701524,2.924829724612833,2.931088974957344,2.9562047727799254
2025-10-09,3.07,Sureswar,3.02,2.9953884929491985,2.960013203550345,3.010149099782209,3.0436723614508554,3.0435601960544854
2025-10-10,2.97,Sureswar,3.07,2.97698856840399,2.990618347664927,3.0169763191988768,3.0307630619466472,3.0125685219775042
2025-10-11,2.85,Sureswar,2.97,2.9202686761082863,2.9264753936764083,2.980007046497955,2.992665678195801,2.9835097900903715
2025-10-12,2.75,Sureswar,2.85,2.7748318984849365,2.782894104388015,2.845774948652021,2.7920763936744852,2.7768961121648164
2025-10-13,2.64,Sureswar,2.75,2.644562432791366,2.643637744428991,2.716577320026968,2.672799754871202,2.6659891232282686
2025-10-14,2.47,Sureswar,2.64,2.5252854861811684,2.518668101795663,2.5767854379581965,2.5338180814043585,2.5243028099276934
2025-10-15,2.33,Sureswar,2.47,2.3625137629852055,2.357396252005555,2.415609618150875,2.391323034864313,2.3868882649842402
2025-10-16,2.24,Sureswar,2.33,2.287626626134532,2.257516947017872,2.314525545653314,2.2913066947868903,2.2866954551415986
2025-10-17,2.27,Sureswar,2.24,2.196843153129,2.2042051986804814,2.261710233211043,2.231071519516833,2.2303031478795936
2025-10-18,2.26,Sureswar,2.27,2.264318922880788,2.2547092102860327,2.308723738974466,2.2811654818641807,2.2822039883190963
2025-10-19,2.28,Sureswar,2.26,2.250634072719436,2.2480711821082244,2.3022679311124246,2.285386923032921,2.2890379561343543
2025-10-20,2.24,Sureswar,2.28,2.268107019696379,2.263031466446489,2.30586628229709,2.2963855625770475,2.295322312543287
2025-10-21,2.23,Sureswar,2.24,2.1983046963772974,2.2070140521295283,2.23669601469328,2.227393954365069,2.2200539143321496
2025-10-22,2.19,Sureswar,2.23,2.1527327902538413,2.18683870856035,2.2017803723358034,2.197892481216622,2.184901651072606
2025-10-23,2.17,Sureswar,2.19,2.121110735687573,2.1384706291250892,2.1460202465893157,2.1516873487196135,2.140580327206035
2025-10-24,2.23,Sureswar,2.17,2.104819441010423,2.125804131127549,2.13225216970539,2.1368503939696404,2.1238546098116866
2025-10-25,2.04,Sureswar,2.23,2.122960314131277,2.1811751041269125,2.165962367033428,2.164675902897819,2.1490447626476743
2025-10-26,1.97,Sureswar,2.04,1.9158624537976146,1.954828217534389,1.9506977454698422,1.943774548124476,1.9294915807290727
2025-10-27,1.92,Sureswar,1.97,1.8619656385391852,1.8658398226433308,1.875054556645579,1.8753174508594288,1.8656946944880441
2025-10-28,1.85,Sureswar,1.92,1.8071004752094209,1.8221232330889034,1.833448636050149,1.8402424856312427,1.8307799223269985
2025-10-29,1.83,Sureswar,1.85,1.7948835252023014,1.7860140898370804,1.79441187705391,1.8156237076650992,1.810742937057487
2025-10-30,1.77,Sureswar,1.83,1.7544786686009404,1.8025714101717298,1.7974806731476214,1.7911774846844308,1.7825758791907054
2025-10-31,1.68,Sureswar,1.77,1.6533265356197504,1.7232251493592265,1.710028317368369,1.6780674593173268,1.6642933877960644
2025-11-01,1.67,Sureswar,1.68,1.6467793891988405,1.612825086913402,1.635308861055911,1.643024933388442,1.6521598751621802
2025-11-02,1.81,Sureswar,1.67,1.7599016523596298,1.646824142228506,1.6988697687196772,1.7439127756030957,1.7570728410217764
2025-11-03,1.89,Sureswar,1.81,1.8406691381233398,1.8428654707747143,1.8618656257884378,1.8873609920984586,1.8957360325119872
2025-11-04,2.03,Sureswar,1.89,1.9783880597273709,1.9543606651006673,1.9721047203709727,2.0129125851169385,2.027615417420098
2025-11-05,2.19,Sureswar,2.03,2.0978272790563364,2.110452280493479,2.136014376556137,2.182649369856293,2.194919428104848
2025-11-06,2.35,Sureswar,2.19,2.2964810593622116,2.2521845922896553,2.271034870721204,2.3101209991687575,2.322883799764471
2025-11-07,2.43,Sureswar,2.35,2.3601280965648117,2.3468736629047524,2.343489724853439,2.3676872872491925,2.365364649890553
2025-11-08,2.31,Sureswar,2.43,2.287527258817171,2.3531750644462943,2.3277097881105084,2.3220437293118477,2.2952376595190462
2025-11-09,2.1,Sureswar,2.31,2.1387668689159565,2.186430173547007,2.163272989512486,2.15382968618272,2.139893633802085
2025-11-10,1.98,Sureswar,2.1,1.9692530814993743,1.964634026958629,1.9669553492846845,1.9810392106032866,1.9750957451375157
2025-11-11,1.82,Sureswar,1.98,1.8190795390867063,1.852278206314856,1.8634118518042524,1.8637016081850837,1.8511821936752095
2025-11-12,1.69,Sureswar,1.82,1.6992955564682284,1.7076329687388103,1.7235794016361454,1.7234686690094367,1.712503784223716
2025-11-13,1.59,Sureswar,1.69,1.5722808945612432,1.5917709528860982,1.6106250043381338,1.6077193583323102,1.5951791423979167
2025-11-14,1.52,Sureswar,1.59,1.519016633494178,1.510916660814256,1.5290249728651204,1.5266611383975235,1.5196707421625515
2025-11-15,1.49,Sureswar,1.52,1.4897814624914614,1.465148485491915,1.4830094654535166,1.4941015692265882,1.4972309858683666
2025-11-16,1.51,Sureswar,1.49,1.4750505887806333,1.4639992058947235,1.4766669082154837,1.4914777314563772,1.4941350688344501
2025-11-17,1.55,Sureswar,1.51,1.5159983991105324,1.5047932052797461,1.5161244860381498,1.5332526016007988,1.5408023893309526
2025-11-18,1.61,Sureswar,1.55,1.5723286135678611,1.553271749263448,1.5710287193854446,1.5928863025435582,1.6040587922117089
2025-11-19,1.64,Sureswar,1.61,1.614241621948692,1.6091068119337468,1.6261879021757037,1.646374225863797,1.6569480777406103
2025-11-20,1.66,Sureswar,1.64,1.6289391645573563,1.6074189875230693,1.6287133188815852,1.6372193593407716,1.641881312194279
2025-11-21,1.65,Sureswar,1.66,1.5766978624188954,1.596833155889887,1.6243594695726422,1.619431294395099,1.6158911841110377
2025-11-22,1.58,Sureswar,1.65,1.5520324626158097,1.5742717708290257,1.597847732967514,1.5901873203853605,1.5821200881635964
2025-11-23,1.5,Sureswar,1.58,1.496811707545203,1.4991868966585233,1.5194891829901422,1.5138102799820368,1.5077357061298553
2025-11-24,1.39,Sureswar,1.5,1.389129670999595,1.4087598257844263,1.4259692895163425,1.4039880597854986,1.3918070850321784
2025-11-25,1.28,Sureswar,1.39,1.2755799641159036,1.2838528881070366,1.308764946898832,1.289123013417372,1.2808985351780748
2025-11-26,1.24,Sureswar,1.28,1.232310703066493,1.187314226404031,1.2229188260087531,1.2321773527696738,1.2381867582439952
2025-11-27,1.18,Sureswar,1.24,1.1624906161081234,1.170743383086718,1.1911655040267772,1.1848977743485387,1.1840625710708068
2025-11-28,1.12,Sureswar,1.18,1.1114153119858594,1.1230837195022805,1.136711167607376,1.1342206670638555,1.1373822843433936
2025-11-29,1.08,Sureswar,1.12,1.0589168174621706,1.0633191447503665,1.078844874995358,1.0746888847778486,1.0776850108217755
2025-11-30,1.08,Sureswar,1.08,1.0620440056100158,1.0336713801269013,1.0543361757491532,1.0599586586970637,1.0642345174856322
2025-12-01,1.14,Sureswar,1.08,1.1002347822714362,1.0570044266750236,1.0790949271116672,1.1011548991166726,1.1098421918437926
2025-12-02,1.2,Sureswar,1.14,1.167675504166442,1.1451185830176482,1.1689487712040998,1.187258208975473,1.1989135700953704
2025-12-03,1.24,Sureswar,1.2,1.2182316072383803,1.211633453688817,1.2384058044883985,1.2378552269719447,1.2471419943293196
2025-12-04,1.29,Sureswar,1.24,1.2449196843681125,1.2395795946764878,1.2703678145339141,1.2652292613129392,1.2744444508671087
2025-12-05,1.36,Sureswar,1.29,1.322699770538723,1.2714685986730998,1.3100391168368544,1.3237097796568573,1.337475746338864
2025-12-06,1.38,Sureswar,1.36,1.3034563474969563,1.310070779249621,1.3330286258087003,1.3094942434246697,1.3032908208322886
2025-12-07,1.28,Sureswar,1.38,1.3045918877187015,1.3039503323064092,1.329482530396835,1.3041094150223453,1.29559094367878
2025-12-08,1.19,Sureswar,1.28,1.161162426692687,1.1792792668207779,1.2064307953112696,1.1840027732974603,1.1713596370442605
2025-12-09,1.16,Sureswar,1.19,1.136509496924383,1.0901332228978868,1.1258584685912114,1.1369759297608522,1.141880653523971
2025-12-10,1.04,Sureswar,1.16,1.0514788479159156,1.061776394150401,1.086678041361899,1.0788887881905744,1.0706030631237553
2025-12-11,0.97,Sureswar,1.04,0.9425871671683692,0.9469314595436082,0.9696760892371925,0.9621350403151713,0.9519109626527603
2025-12-12,0.91,Sureswar,0.97,0.887247118146488,0.8854791876451701,0.9065573667490824,0.9054476766837528,0.9004521830681872
2025-12-13,0.84,Sureswar,0.91,0.8188270780300203,0.8312723535809585,0.8492677847562913,0.8315207643229817,0.8202753827247112
2025-12-14,0.78,Sureswar,0.84,0.782912144102679,0.7720303815675232,0.7924062164398843,0.7877633535213459,0.7823284397751825
2025-12-15,0.72,Sureswar,0.78,0.7367870905746705,0.7190378551126978,0.7457397887249538,0.7428333108613968,0.740917988543761
2025-12-16,0.75,Sureswar,0.72,0.718553449585382,0.6780984155866766,0.7114364399269553,0.7272030944207871,0.7322648798976298
2025-12-17,0.79,Sureswar,0.75,0.7561068641815765,0.7184306927172986,0.7474783138908867,0.7568198219701849,0.7618037716917557
2025-12-18,0.83,Sureswar,0.79,0.8100353457856616,0.7756739895568326,0.8076113545326384,0.810676913753627,0.8166350859388359
2025-12-19,0.94,Sureswar,0.83,0.8880329610409574,0.8350834566135221,0.8708056918603518,0.8744167360163733,0.8855961866627918
2025-12-20,1.0,Sureswar,0.94,0.970360964834083,0.953817411714152,0.9848180826932369,0.979136655583332,0.9885485068114476
2025-12-21,1.02,Sureswar,1.0,0.9784048825060065,0.9828718797252959,1.008147019681614,0.9825592828043365,0.9817721721791846
2025-12-22,0.95,Sureswar,1.02,0.9581248341849922,0.9564292506957704,0.9850403222592684,0.9581966345646551,0.9502008433899528
2025-12-23,0.95,Sureswar,0.95,0.9051589178797916,0.8666960438094412,0.9072554335108259,0.9040608072832103,0.9014813237738056
2025-12-24,0.92,Sureswar,0.95,0.9041981521422735,0.8769382656611073,0.9078550494255735,0.9118464721906919,0.9062175549115162
2025-12-25,0.83,Sureswar,0.92,0.8388902223882656,0.8378056577985055,0.8584145658944194,0.854535819323452,0.8463644332605812
2025-12-26,0.77,Sureswar,0.83,0.7291802842395555,0.7336843434099992,0.7584027536913531,0.7516024086462814,0.7432260749362439
2025-12-27,0.74,Sureswar,0.77,0.715910016636793,0.6822988356796514,0.7086718884275113,0.7187511712211303,0.7150893941585742
2025-12-28,0.71,Sureswar,0.74,0.6810539312777517,0.671119607388332,0.6815169777262188,0.6841975194972716,0.6749277569965134
2025-12-29,0.67,Sureswar,0.71,0.6346608436657565,0.6427494779738101,0.6465369239698137,0.6424839428267536,0.6303285296985474
2025-12-30,0.62,Sureswar,0.67,0.6172757550970668,0.60725339755629,0.6187923158012376,0.6160277097571153,0.6062337709209448
2025-12-31,0.63,Sureswar,0.62,0.6242029967915228,0.5689334137258076,0.5916249607524989,0.6108016876457135,0.6152386186804043
