k,Date,WL_obs,persistence,ridge,tgcn,custom,lstm
3,2023-01-01,1.11,1.19,1.0939693864127524,1.09201013768636,1.1011320301025789,1.1064604879377873
3,2023-01-02,1.05,1.11,1.0540429407160123,1.0202862063026992,1.0503052132645436,1.05107018126252
3,2023-01-03,0.99,1.05,1.0391351542095335,0.9838897932097789,1.0222363615605567,1.0250614040806374
3,2023-01-04,0.94,0.99,0.9735782684984967,0.9438454718763212,0.9710098710898011,0.9857546702401595
3,2023-01-05,0.94,0.94,0.9324281472806979,0.9179984622841665,0.9314777330548839,0.9509916186426159
3,2023-01-06,0.93,0.94,0.9672260470707905,0.9427938352250346,0.9757343890528594,0.9797246363000833
3,2023-01-07,1.0,0.93,0.9622674157501512,0.9452653960042948,0.9722126641032953,0.9781826049834391
3,2023-01-08,1.06,1.0,1.0443767821499226,1.0339987691230563,1.0512703829826273,1.0623482123513488
3,2023-01-09,1.07,1.06,1.0875571573919756,1.0756013317602466,1.0986384064146304,1.105521683463355
3,2023-01-10,1.09,1.07,1.0684592342084274,1.0588512535389933,1.0740339648673383,1.0817554605282336
3,2023-01-11,1.08,1.09,1.0790188911622105,1.0662193432378875,1.0889799178028952,1.0858341985404807
3,2023-01-12,1.02,1.08,1.058499932499212,1.0483512220981843,1.0686992171136642,1.0640906324447252
3,2023-01-13,1.02,1.02,0.9830023557242946,0.974955460141342,0.9909898541547837,0.9848900938864813
3,2023-01-14,0.98,1.02,1.024175213028816,0.9847802913472766,1.0300804996537622,1.0118639052736218
3,2023-01-15,0.95,0.98,0.9565933553814419,0.9401248315611176,0.9643398940807876,0.9656331944073485
3,2023-01-16,0.87,0.95,0.881127735917951,0.8950911151777213,0.8981741856789233,0.9045040517791293
3,2023-01-17,0.8,0.87,0.8204169477686583,0.8140011522574097,0.820368158401284,0.8233270855284124
3,2023-01-18,0.79,0.8,0.7688698216885129,0.7424408082542518,0.7488705793387916,0.7595316851157002
3,2023-01-19,0.78,0.79,0.8053965887774851,0.7603298214778272,0.7820424822259708,0.789139944698435
3,2023-01-20,0.82,0.78,0.8102763045061065,0.7874894455257362,0.804113228949228,0.8081368483726651
3,2023-01-21,0.93,0.82,0.8836879038272918,0.8684680504659159,0.8854483406299497,0.8822840116280452
3,2023-01-22,1.07,0.93,1.0361207674112094,0.997809278731166,1.0324970889123715,1.0165169946690602
3,2023-01-23,1.17,1.07,1.188382341721288,1.1478269635813663,1.1860807854711872,1.1631940160196061
3,2023-01-24,1.17,1.17,1.1914168129298421,1.1911396092629631,1.2099851832726374,1.1965685408733198
3,2023-01-25,1.14,1.17,1.1272348972778823,1.147316587020452,1.128027125940691,1.1245103743201892
3,2023-01-26,1.09,1.14,1.0788261987894339,1.0843274980048303,1.0759380365431164,1.064741861303707
3,2023-01-27,0.99,1.09,1.0386093879976035,1.0086892473796112,1.0242532297254876,1.0076140160989098
3,2023-01-28,0.86,0.99,0.924301644157252,0.9083450163682295,0.9171820749963492,0.9095222188009423
3,2023-01-29,0.72,0.86,0.7630901893441248,0.7635684087252361,0.7717497462721906,0.7702659167400014
3,2023-01-30,0.68,0.72,0.669591008330039,0.6630455038293613,0.6590180094919528,0.6582178741646781
3,2023-01-31,0.68,0.68,0.6455517698127506,0.6484734598743542,0.633661836126506,0.6428099345493811
3,2023-02-01,0.7,0.68,0.6934523828182263,0.6639087595641251,0.6974954582701868,0.6804394948477008
3,2023-02-02,0.66,0.7,0.6838601563519364,0.6836294735042072,0.6844059710916387,0.7066230946006025
3,2023-02-03,0.64,0.66,0.6480973997315087,0.657345735066886,0.6588942015794109,0.6749739593152128
3,2023-02-04,0.73,0.64,0.6933057034418032,0.6744864993877066,0.7007254891148138,0.6944628108454588
3,2023-02-05,0.81,0.73,0.7887178058749849,0.8018027186832145,0.7981629332342752,0.8080273954393183
3,2023-02-06,0.89,0.81,0.8912277032127744,0.877188050416332,0.9009470484751224,0.8943989179266859
3,2023-02-07,0.96,0.89,0.9728752785298013,0.9594399777827333,0.9803637027329657,0.9735069451842664
3,2023-02-08,1.01,0.96,1.0241359368375742,1.0013069375826953,1.0331346101284413,1.0215765259101175
3,2023-02-09,1.03,1.01,1.0287826835738567,1.0110005439846284,1.0328811660265378,1.0215917583689706
3,2023-02-10,0.98,1.03,0.9852516960532179,0.9825590828466594,0.9942137051815099,0.9776807878959431
3,2023-02-11,0.93,0.98,0.9375175282956256,0.9376045436760552,0.9400583599224347,0.918038487991641
3,2023-02-12,0.87,0.93,0.8724713469983744,0.8813516559150547,0.8753626819944156,0.8609537247617368
3,2023-02-13,0.81,0.87,0.7969408837905456,0.8040370127542733,0.7978131906711479,0.7889734456852167
3,2023-02-14,0.65,0.81,0.7087241216885809,0.7337301137045656,0.7121975506489614,0.7200234852663755
3,2023-02-15,0.58,0.65,0.5824400739023694,0.5784186304744178,0.5751384584513229,0.5719250358781078
3,2023-02-16,0.61,0.58,0.5844487070881927,0.5347923305959835,0.5761944931135026,0.548931724311057
3,2023-02-17,0.72,0.61,0.6561500417823091,0.6274169120393491,0.6643028918460105,0.6564480385272874
3,2023-02-18,0.86,0.72,0.7936359493213266,0.8030371757957985,0.8041657740127034,0.8089721116155691
3,2023-02-19,1.03,0.86,0.980343933412916,0.9711346621096743,0.9956094785231452,0.975242709800099
3,2023-02-20,1.21,1.03,1.1058708358932106,1.1191330670971584,1.141085179432773,1.1217276010865365
3,2023-02-21,1.31,1.21,1.3187025246264752,1.2977971843461131,1.3296739428169904,1.2892274191697946
3,2023-02-22,1.32,1.31,1.363672407537901,1.3629026129692914,1.3765745073617008,1.332931134235852
3,2023-02-23,1.29,1.32,1.3033512634367934,1.3254095843896452,1.3186149295374892,1.277281349004258
3,2023-02-24,1.24,1.29,1.1301308123345986,1.2190833587553034,1.149789472655889,1.1499849667808877
3,2023-02-25,1.04,1.24,1.1565114556451097,1.135204694499395,1.1658390762007034,1.111573081794883
3,2023-02-26,0.88,1.04,0.8900780808930243,0.9269214996435492,0.9014230330778258,0.9007919343945378
3,2023-02-27,0.78,0.88,0.7461254000805642,0.7645936728988597,0.7695698236577423,0.7462849533098653
3,2023-02-28,0.63,0.78,0.6469212757622087,0.6529027048734573,0.6628675767106963,0.643817483535217
3,2023-03-01,0.51,0.63,0.5251601829951688,0.5318749804151753,0.5222262696139585,0.5188169774033624
3,2023-03-02,0.5,0.51,0.47052540074408056,0.4497598588407321,0.45820755870471214,0.442098155668133
3,2023-03-03,0.54,0.5,0.5130108080822695,0.49089518846244795,0.5135633576710722,0.5074002865036321
3,2023-03-04,0.62,0.54,0.6176726123894011,0.5979088437992263,0.6193002379872279,0.624539271201784
3,2023-03-05,0.72,0.62,0.6989380870022531,0.697223625627946,0.7216605968500627,0.7273110387119447
3,2023-03-06,0.79,0.72,0.815504825478628,0.8063607288443713,0.8385021470829209,0.832612220075335
3,2023-03-07,0.87,0.79,0.8782372478010569,0.8612465899425897,0.9066635569002884,0.8882130941306362
3,2023-03-08,0.9,0.87,0.906284882852147,0.9245774967447836,0.9308507641234872,0.927403900284856
3,2023-03-09,0.86,0.9,0.8978354488548532,0.9138248098663485,0.9146168856954017,0.9004799619087743
3,2023-03-10,0.89,0.86,0.8787338902147579,0.8658352353210791,0.8960365643765825,0.8613253515755606
3,2023-03-11,0.88,0.89,0.8562258551616908,0.8890751424756594,0.8583538217992919,0.858521434554698
3,2023-03-12,0.82,0.88,0.8279139434656477,0.8329128206081701,0.8311504441467701,0.8063403342564447
3,2023-03-13,0.77,0.82,0.7587901378922489,0.7498106531761812,0.7578604509445381,0.7359795364362544
3,2023-03-14,0.75,0.77,0.7677088457804095,0.7257222113983463,0.7638139276937107,0.7260837678034173
3,2023-03-15,0.77,0.75,0.7369197567648675,0.7376531167157592,0.7337365110998646,0.7238973008281628
3,2023-03-16,0.7,0.77,0.7365767775610625,0.7410451887079041,0.7271212991701791,0.7176461507017726
3,2023-03-17,0.64,0.7,0.607735685970731,0.6593920709713091,0.6111810506103943,0.6243236781411413
3,2023-03-18,0.68,0.64,0.6254453547657027,0.6308772898176728,0.6226398076473344,0.6063578511488811
3,2023-03-19,0.83,0.68,0.7722888918585205,0.7384600110187826,0.7675885540843409,0.7453281579769756
3,2023-03-20,1.05,0.83,0.980203398300941,0.9472123011304462,0.9802530137532933,0.9568505519577943
3,2023-03-21,1.21,1.05,1.2401678640001192,1.1914869065756015,1.2555465357740634,1.1938752536824184
3,2023-03-22,1.27,1.21,1.2462833081612386,1.2842588347305413,1.2855791651520183,1.2746029450161347
3,2023-03-23,1.28,1.27,1.2866083013482308,1.2944388483095743,1.280268379033327,1.2719894479846492
3,2023-03-24,1.21,1.28,1.265262878412622,1.2709548874974363,1.258458986591767,1.2477332973577808
3,2023-03-25,1.14,1.21,1.1125920484251899,1.16051235685521,1.1206114985764684,1.12264817069115
3,2023-03-26,1.05,1.14,0.9960671230828366,1.0315421438246768,1.0063034978444338,1.0075254219328038
3,2023-03-27,0.92,1.05,0.935688314670648,0.9176904061015344,0.9309562526681833,0.9207115238562732
3,2023-03-28,0.81,0.92,0.8504020619487763,0.8083165672239957,0.8318925599180105,0.8211486681036048
3,2023-03-29,0.7,0.81,0.7220187231209434,0.7237637432160996,0.716395062040513,0.7237617382178595
3,2023-03-30,0.6,0.7,0.644667408869383,0.64163501815228,0.6260324718741543,0.6376151971810168
3,2023-03-31,0.61,0.6,0.6479319982924869,0.5822135573403674,0.6376669168013355,0.6225310508550672
3,2023-04-01,0.72,0.61,0.6910076287249896,0.6484894919669625,0.6968412368674802,0.7111916957277818
3,2023-04-02,0.82,0.72,0.7704037788384581,0.795449440066743,0.781443587730205,0.8319422720024213
3,2023-04-03,0.97,0.82,0.9512706845725065,0.9171591209287313,0.9736909400573973,0.9628567689493606
3,2023-04-04,1.04,0.97,1.071517072956641,1.0545041310589023,1.0835001896178786,1.0958872726423772
3,2023-04-05,1.17,1.04,1.1457427632142563,1.1397342455156563,1.1613898644886615,1.1744418457091506
3,2023-04-06,1.27,1.17,1.2739305201939481,1.2392864662818976,1.2665540430446351,1.2826291402214987
3,2023-04-07,1.25,1.27,1.3071006845115423,1.2882029478112045,1.3025786577552723,1.3211750138820235
3,2023-04-08,1.25,1.25,1.2691534589788211,1.2435499924015672,1.2598603344926875,1.2566297872380008
3,2023-04-09,1.16,1.25,1.2071064777418332,1.217156911763116,1.21696726696561,1.2124473722468878
3,2023-04-10,1.18,1.16,1.1011495762756112,1.1056983305938395,1.1145737382116003,1.108638237424105
3,2023-04-11,1.18,1.18,1.1442835573367514,1.0991977710052454,1.1378365975846385,1.1318050352924864
3,2023-04-12,1.09,1.18,1.120294037807947,1.0794797177635818,1.110033874048027,1.1240805009123311
3,2023-04-13,1.03,1.09,1.0448768302670246,1.0100160090878154,1.0316266379392973,1.0430980170282254
3,2023-04-14,0.99,1.03,0.9998261727513869,0.9732890397511705,0.9906464972705544,1.0005985982884957
3,2023-04-15,1.01,0.99,1.046935407948388,0.9686506210951538,1.0429297093310985,1.0290744102734164
3,2023-04-16,1.07,1.01,1.0384790149891063,1.022300365526592,1.0496948858643351,1.0684925871427284
3,2023-04-17,1.24,1.07,1.1718031386710848,1.1284630677915228,1.1817207536799288,1.1737069422316766
3,2023-04-18,1.39,1.24,1.363999193317858,1.3311392224589678,1.3672476843379915,1.3736491407694207
3,2023-04-19,1.5,1.39,1.4721995824639373,1.4746026699257915,1.4797956153672456,1.4910558825842912
3,2023-04-20,1.63,1.5,1.5587291059632618,1.5660977000895808,1.5483834267965575,1.560130854213076
3,2023-04-21,1.69,1.63,1.686260841918546,1.6435725214050827,1.6617257450972083,1.6420697979503902
3,2023-04-22,1.57,1.69,1.6827909662952183,1.670605166442946,1.6876934884183958,1.6652664380892108
3,2023-04-23,1.4,1.57,1.429761624635074,1.496782397287878,1.4484001245900064,1.462315145408822
3,2023-04-24,1.27,1.4,1.229898533185545,1.2839530725628954,1.2547574232257368,1.2641700132003306
3,2023-04-25,1.15,1.27,1.1575231809688467,1.1452849452313973,1.1584731881712542,1.154421729007425
3,2023-04-26,1.04,1.15,1.0783351209422642,1.0178768811327554,1.066199581594786,1.0565488148207975
3,2023-04-27,0.96,1.04,0.9550333949474953,0.918843970030892,0.9515145922625153,0.9543916933724904
3,2023-04-28,0.87,0.96,0.8764962583517824,0.8720959211123742,0.878262719686235,0.8952103734064604
3,2023-04-29,0.86,0.87,0.8709285579549085,0.8307303673664218,0.8549334215608281,0.8683446313494484
3,2023-04-30,0.9,0.86,0.895218432207443,0.8556384370115854,0.8876643994229902,0.9146659010252299
3,2023-05-01,0.98,0.9,1.0105674555454425,0.9481714492072149,1.0275017889793367,1.0253547383132438
3,2023-05-02,1.08,0.98,1.0926089261751692,1.05144564378904,1.1065718436092338,1.1250041322592466
3,2023-05-03,1.27,1.08,1.2060104166064405,1.1780875166730758,1.2203533077571542,1.2382174954482383
3,2023-05-04,1.37,1.27,1.386903931605751,1.352060503771799,1.397032153823802,1.413980033531117
3,2023-05-05,1.45,1.37,1.4222745668581989,1.4247018100339623,1.4309755735647727,1.4611697528050485
3,2023-05-06,1.51,1.45,1.5076966107502716,1.4897083686279229,1.5146252480728275,1.519413683420222
3,2023-05-07,1.48,1.51,1.5813108362757733,1.56994007013479,1.5879196743601511,1.5948064728994285
3,2023-05-08,1.46,1.48,1.4456278799831024,1.4931831758093639,1.4648445946165578,1.4796539181386708
3,2023-05-09,1.42,1.46,1.3640315089961745,1.3730431366537574,1.375507009325631,1.3884881920192864
3,2023-05-10,1.42,1.42,1.388026934996246,1.3541778400925146,1.3936950750914885,1.4168745851181894
3,2023-05-11,1.55,1.42,1.5462467292903364,1.3914577995045985,1.5297469790396943,1.5018649365833052
3,2023-05-12,1.64,1.55,1.687877277765676,1.5560612712614281,1.6837564387599766,1.6667514403909378
3,2023-05-13,1.8,1.64,1.7691388854570946,1.6993085517611923,1.7692482647852028,1.78270308753342
3,2023-05-14,1.92,1.8,1.9152392502981788,1.8587484945833384,1.905239202666267,1.9111911894668323
3,2023-05-15,1.96,1.92,1.9331656835592974,1.9638725681631237,1.9406097285829833,1.9588275652549358
3,2023-05-16,2.2,1.96,2.136522478343083,2.057698411082443,2.1252775394286556,2.0860997990575085
3,2023-05-17,2.21,2.2,2.278991917273673,2.26864270722413,2.26754697398685,2.253176301176073
3,2023-05-18,2.23,2.21,2.1722190418165734,2.217610021956966,2.200996596770674,2.1649205289940396
3,2023-05-19,2.18,2.23,2.1603672415827697,2.198662573687157,2.179529722510173,2.1642606923969026
3,2023-05-20,2.17,2.18,2.1922181563627774,2.154946902539202,2.192720695991298,2.1553999446351497
3,2023-05-21,2.06,2.17,2.119031178934882,2.132528883921097,2.1298600129228213,2.1078524377481824
3,2023-05-22,2.0,2.06,1.9895335146130715,2.0115309673254456,2.002246143314966,1.9835906915642434
3,2023-05-23,1.94,2.0,1.897060515196651,1.9481875800866568,1.9220197788415494,1.9297004530356305
3,2023-05-24,1.84,1.94,1.8483930438449403,1.8662754096947936,1.853637761360589,1.8588899222161634
3,2023-05-25,1.83,1.84,1.8148090738159461,1.76753409831445,1.8158224788987687,1.7939187384200563
3,2023-05-26,1.83,1.83,1.795024059851398,1.7617937918378566,1.808365576187537,1.7972614724213294
3,2023-05-27,1.79,1.83,1.8083426157137399,1.7702479756622462,1.8142650275739445,1.8114701643128586
3,2023-05-28,1.76,1.79,1.7608083644428385,1.7324700659361956,1.758557120125067,1.773017751302321
3,2023-05-29,1.73,1.76,1.7382075977777478,1.7129379204674926,1.737027300182237,1.7506229665832
3,2023-05-30,1.76,1.73,1.7695291097187547,1.6973397956385916,1.764449098524352,1.7557588805300421
3,2023-05-31,1.83,1.76,1.8149325296926249,1.7722376267103739,1.8161256969153812,1.823388752065046
3,2023-06-01,1.94,1.83,1.9066869956527994,1.8570857170008928,1.9063287252482661,1.9012867289878628
3,2023-06-02,2.02,1.94,2.042212034593917,2.000304359624326,2.0422861155213,2.041756500333672
3,2023-06-03,2.09,2.02,2.0946217413854975,2.0855352844900676,2.094794962764147,2.1012976512168806
3,2023-06-04,2.14,2.09,2.0929621501396434,2.1364719557774783,2.096307247164146,2.1114106370239862
3,2023-06-05,2.14,2.14,2.167452450151216,2.146343677812251,2.1621712505226074,2.1395542006981345
3,2023-06-06,2.12,2.14,2.1324534806498185,2.132079574056228,2.145472000579558,2.127363699680095
3,2023-06-07,2.06,2.12,2.0607788372684253,2.096306475703772,2.0796606753181464,2.071833815512985
3,2023-06-08,1.98,2.06,1.9482696929216836,1.984354906838304,1.9638595480628842,1.9593124295460267
3,2023-06-09,1.93,1.98,1.903911598525173,1.8785705190278097,1.9153093625483777,1.9031560827084695
3,2023-06-10,1.97,1.93,1.952769591937029,1.8771086378600605,1.9464834371077264,1.9420350855687858
3,2023-06-11,2.01,1.97,1.993537324996988,1.9456716873139774,1.9981012766454167,1.9933363036005194
3,2023-06-12,2.07,2.01,2.099110166262012,2.0303382420511764,2.0919552702497692,2.0804770393342293
3,2023-06-13,2.12,2.07,2.1187419628870883,2.097610624690534,2.11879780555992,2.116279637365794
3,2023-06-14,2.24,2.12,2.1801062759469287,2.154452731309299,2.1725962594331345,2.1752568903983884
3,2023-06-15,2.33,2.24,2.3735635752455204,2.2878754647403454,2.343351085628806,2.330047986874519
3,2023-06-16,2.4,2.33,2.4268599181634767,2.393319448791137,2.4185671903269554,2.4160512709592443
3,2023-06-17,2.54,2.4,2.5762860820006095,2.492983513293375,2.5450262348161155,2.539149768483153
3,2023-06-18,2.78,2.54,2.8646299654680956,2.682423995176722,2.8468270440529975,2.7647800692969873
3,2023-06-19,3.19,2.78,3.17752202753916,2.970672418949718,3.2075112796207073,3.076056105152164
3,2023-06-20,3.59,3.19,3.5654750424866144,3.4267514856016263,3.5940027228335967,3.501257335740206
3,2023-06-21,3.93,3.59,3.8432118094745213,3.7874083974434245,3.8545586362763005,3.8238100988107955
3,2023-06-22,4.1,3.93,4.117022621295781,4.065504888979365,4.11283661396385,4.080569518017827
3,2023-06-23,4.2,4.1,4.1738201437567355,4.139747433809732,4.178311223329994,4.145348334374001
3,2023-06-24,4.24,4.2,4.232759835313928,4.196770530806989,4.2394539207580655,4.201547700995311
3,2023-06-25,4.2,4.24,4.188645457726764,4.195079098017978,4.192856468263571,4.167595901535621
3,2023-06-26,4.16,4.2,4.154547444765323,4.1272386329382265,4.144746258878754,4.09807946777243
3,2023-06-27,4.11,4.16,4.09206331990324,4.0922551215430545,4.100182293279227,4.080983140378666
3,2023-06-28,4.0,4.11,4.030264416423853,4.015408813601192,4.021775743283268,4.017123644417889
3,2023-06-29,3.87,4.0,3.9160067402713468,3.887019085286699,3.9063575821666343,3.8954760761086242
3,2023-06-30,3.72,3.87,3.7508775042298192,3.7564478782796495,3.752244586376223,3.751272172424757
3,2023-07-01,3.67,3.72,3.71860766344781,3.652218163308549,3.7020477894382147,3.6743001222187393
3,2023-07-02,3.66,3.67,3.7129630337978585,3.6512147392187533,3.705710760658347,3.684442564691647
3,2023-07-03,3.69,3.66,3.732092342551402,3.673296424014506,3.7239983021147083,3.701177245630865
3,2023-07-04,3.75,3.69,3.8047153892545236,3.7238749604817394,3.796538043924404,3.774426022784248
3,2023-07-05,3.86,3.75,3.938283470602832,3.8686131832057886,3.9436733304001605,3.9201865091532917
3,2023-07-06,4.13,3.86,4.10109436098105,4.045103063974282,4.103356276041002,4.063014623996662
3,2023-07-07,4.28,4.13,4.257712401417274,4.267826836661418,4.259157829169676,4.250476305731293
3,2023-07-08,4.23,4.28,4.291889583964041,4.288573375185455,4.280382936135896,4.2596758956358105
3,2023-07-09,4.2,4.23,4.184326498582007,4.136380612459978,4.189497416637308,4.164997216606289
3,2023-07-10,4.15,4.2,4.165455055633988,4.104210929101888,4.168266957799273,4.163565984553068
3,2023-07-11,4.17,4.15,4.1754613468659425,4.0995943259322765,4.172979217237075,4.162514908834021
3,2023-07-12,4.2,4.17,4.19375398782513,4.1498629846977435,4.194046913632442,4.19785936935989
3,2023-07-13,4.27,4.2,4.278776586385812,4.200696107515644,4.26707657081504,4.251770473721597
3,2023-07-14,4.38,4.27,4.366278002812311,4.308692642466596,4.368580192316859,4.360806433530762
3,2023-07-15,4.53,4.38,4.521891471889568,4.453227174780236,4.528003918871693,4.509387754891567
3,2023-07-16,4.68,4.53,4.6666135992587225,4.611628927900651,4.673166986355008,4.664959454695453
3,2023-07-17,4.69,4.68,4.723035175909185,4.7274204473813,4.738384687652701,4.744683350543009
3,2023-07-18,4.67,4.69,4.702901295878981,4.68794467306866,4.700414789781922,4.688600828495313
3,2023-07-19,4.67,4.67,4.67488028298476,4.639531709839454,4.665722185830546,4.643365065974403
3,2023-07-20,4.65,4.67,4.66221080538263,4.639231519973734,4.669139044360772,4.643061530905051
3,2023-07-21,4.63,4.65,4.626603742515925,4.6188707672671105,4.63126352503133,4.6155699938871
3,2023-07-22,4.58,4.63,4.599411034518202,4.576478618137689,4.587829928416764,4.5696080770756655
3,2023-07-23,4.49,4.58,4.502228252833594,4.4719613923549515,4.4860534409251445,4.4765136389096805
3,2023-07-24,4.35,4.49,4.363334285076191,4.340275572499043,4.3356154536407026,4.344319562194853
3,2023-07-25,4.22,4.35,4.26813170394743,4.226871785796041,4.235571160515363,4.224174393697802
3,2023-07-26,4.24,4.22,4.187755753090469,4.149580941547321,4.168440677131429,4.14095654866472
3,2023-07-27,4.16,4.24,4.238486824647774,4.194860357807453,4.2203746515404275,4.185938140277394
3,2023-07-28,4.09,4.16,4.103572638442398,4.107027241728123,4.106743041723367,4.09820560459494
3,2023-07-29,4.06,4.09,4.078645197553318,4.041008311860521,4.069709128056849,4.055345449376586
3,2023-07-30,4.04,4.06,4.075972228242368,4.0300407406616765,4.068429929030656,4.060036383234603
3,2023-07-31,4.07,4.04,4.064521816114915,4.034941302946647,4.065260277397818,4.064926788844168
3,2023-08-01,4.16,4.07,4.1737017235959515,4.150959170132656,4.17172090651746,4.164578926075071
3,2023-08-02,4.43,4.16,4.3998698861458685,4.347768753312214,4.375004955250799,4.3259982377451545
3,2023-08-03,4.37,4.43,4.463940028451963,4.521701614270365,4.467865600232856,4.483599545260042
3,2023-08-04,4.38,4.37,4.362414016327537,4.389147050507863,4.371261637234245,4.354238913958626
3,2023-08-05,4.39,4.38,4.391072412850262,4.37902679100857,4.3924581807646454,4.3886201007773815
3,2023-08-06,4.39,4.39,4.377217679834542,4.35655703243166,4.367756902899816,4.357973783728241
3,2023-08-07,4.34,4.39,4.41509889394978,4.334913783278306,4.386554658551045,4.365729562947494
3,2023-08-08,4.33,4.34,4.335529111044488,4.251388217903112,4.321547726735237,4.293826533138708
3,2023-08-09,4.3,4.33,4.2887969842726115,4.251525918889484,4.303358420594642,4.291977801659093
3,2023-08-10,4.3,4.3,4.315112423834566,4.22941188111522,4.30962023021882,4.302631916112406
3,2023-08-11,4.37,4.3,4.391643680241872,4.2724685437550445,4.3855102238833465,4.368628918613353
3,2023-08-12,4.48,4.37,4.456660281947574,4.385636917080704,4.475401023015741,4.474301437803028
3,2023-08-13,4.59,4.48,4.599643415351137,4.541447614718195,4.611122040987797,4.608401404503184
3,2023-08-14,4.65,4.59,4.729860723187957,4.62032959175924,4.704050429100961,4.707797668862353
3,2023-08-15,4.69,4.65,4.698641313371496,4.651134570895578,4.707829070356543,4.720128514568143
3,2023-08-16,4.76,4.69,4.765326344995808,4.700078031424467,4.77284587007814,4.771947607078531
3,2023-08-17,4.81,4.76,4.822954094710426,4.777470956087247,4.815097493038313,4.828633011868234
3,2023-08-18,4.89,4.81,4.886770160109028,4.8735118283722585,4.880522381180019,4.880734224536429
3,2023-08-19,4.94,4.89,4.951501087620943,4.9372897622756815,4.926120339319991,4.92194910699859
3,2023-08-20,4.87,4.94,4.898770553669008,4.9180916063464695,4.901946663866512,4.895491942447943
3,2023-08-21,4.78,4.87,4.783339398085322,4.751269983918203,4.771416607232806,4.770444312221912
3,2023-08-22,4.68,4.78,4.704560443803939,4.649287132326992,4.685141982318476,4.674915910185103
3,2023-08-23,4.58,4.68,4.626011522680513,4.56564282051178,4.61247720908115,4.5924580254936584
3,2023-08-24,4.49,4.58,4.493187634400689,4.452238537312418,4.4895880998985715,4.487304383115162
3,2023-08-25,4.41,4.49,4.436318831433537,4.376852636449762,4.4306211890931015,4.415754157728638
3,2023-08-26,4.35,4.41,4.3934807210542415,4.3212513207012515,4.392940237942928,4.383671034228058
3,2023-08-27,4.37,4.35,4.388744733973674,4.307914901261664,4.386799890145068,4.386041632094591
3,2023-08-28,4.48,4.37,4.481779563040422,4.397320152269674,4.478315787507909,4.4705422258233325
3,2023-08-29,4.55,4.48,4.602124436254873,4.539773434391239,4.594952369063445,4.597394151072508
3,2023-08-30,4.65,4.55,4.679147899553331,4.613117698391969,4.671001258448437,4.665369762120771
3,2023-08-31,4.79,4.65,4.775295956367333,4.723792176487648,4.778657204897276,4.774029753917039
3,2023-09-01,4.92,4.79,4.922397071824371,4.908277424161547,4.935340941378838,4.931020394459698
3,2023-09-02,5.01,4.92,5.031660534749566,5.00200767886478,5.0255863290310385,5.033475857774831
3,2023-09-03,5.07,5.01,5.05867633180535,5.041913001737913,5.064124725663428,5.068247797247444
3,2023-09-04,5.06,5.07,5.029415820769083,5.00878245448263,5.021766873209462,5.033363951245249
3,2023-09-05,4.91,5.06,4.944544177169662,4.912086836934475,4.917300083832685,4.930402111848224
3,2023-09-06,4.7,4.91,4.761711703873232,4.746884478110137,4.744369860292132,4.756412926398281
3,2023-09-07,4.53,4.7,4.600499852112479,4.563032003385756,4.560918368224228,4.558247907670145
3,2023-09-08,4.39,4.53,4.391675260516699,4.396541273644181,4.359538956363373,4.375272714483944
3,2023-09-09,4.13,4.39,4.240676133288842,4.217397665819342,4.201357927975845,4.2214300741015895
3,2023-09-10,3.94,4.13,3.9551247263830898,3.957046019712775,3.926033712834748,3.9629506409786486
3,2023-09-11,3.78,3.94,3.8489342018790063,3.8271632990329842,3.8237367672358267,3.8139805851306465
3,2023-09-12,3.71,3.78,3.7124168104646893,3.717582401866585,3.706981245537051,3.6952835386785807
3,2023-09-13,3.74,3.71,3.71096216100854,3.7155082020546644,3.7017272516875432,3.677155741048042
3,2023-09-14,3.81,3.74,3.826096811652267,3.807067767513446,3.801565304716578,3.759480767172542
3,2023-09-15,3.76,3.81,3.8119640787725975,3.825347261951498,3.805885111690173,3.7770871369747905
3,2023-09-16,3.61,3.76,3.6688813819804524,3.709731501794909,3.681574791571157,3.6668036433004905
3,2023-09-17,3.53,3.61,3.552563432444645,3.564820523759794,3.546238295224454,3.5288888177679802
3,2023-09-18,3.52,3.53,3.5092840822091063,3.51848774289782,3.5046480231437287,3.486059033261571
3,2023-09-19,3.56,3.52,3.5834738809598417,3.573084668508629,3.577365898771605,3.551390795698442
3,2023-09-20,3.67,3.56,3.6223333541442524,3.63358429894979,3.613385965371259,3.6088193015198637
3,2023-09-21,3.63,3.67,3.6741184881886,3.6707976513311666,3.6586067429416627,3.6444041274266854
3,2023-09-22,3.51,3.63,3.562990910216381,3.573242868719667,3.563538602475693,3.551917991197851
3,2023-09-23,3.43,3.51,3.459388068987918,3.414546660959713,3.467545967992305,3.44950522576341
3,2023-09-24,3.47,3.43,3.4329870375166553,3.3536778393224878,3.4558654190000784,3.436709301347756
3,2023-09-25,3.55,3.47,3.556295522514433,3.467957833205942,3.5806132028470903,3.5545320430132143
3,2023-09-26,3.67,3.55,3.720660276225322,3.600874287084571,3.714607105398541,3.6780660804416088
3,2023-09-27,3.8,3.67,3.8171642050498042,3.7582412897571094,3.804070523433415,3.8026620121698542
3,2023-09-28,3.91,3.8,3.8864655061397806,3.8841313628056224,3.885819503357613,3.898625369344998
3,2023-09-29,4.02,3.91,4.028173317970771,3.9931108136040385,4.01012590662947,4.000977915253111
3,2023-09-30,4.18,4.02,4.176402210470908,4.13635461385793,4.168131542107119,4.141001992481691
3,2023-10-01,4.25,4.18,4.297247397658202,4.288948347461099,4.283855451431818,4.265475231566607
3,2023-10-02,4.22,4.25,4.249755267857831,4.286208292475834,4.258232129157681,4.249481892475592
3,2023-10-03,4.2,4.22,4.177736934945864,4.193441443663711,4.1595785730168195,4.155022722562712
3,2023-10-04,4.13,4.2,4.154778547729453,4.134826645628903,4.1173761417484025,4.0923804505803085
3,2023-10-05,4.04,4.13,4.10505981804413,4.050639944150273,4.081974916414545,4.034191399059709
3,2023-10-06,4.05,4.04,4.100746971696084,3.9627244711551497,4.080860815279402,4.0281346800178675
3,2023-10-07,3.97,4.05,4.043227285309623,3.9500570179262993,4.031157291558908,4.039934772004156
3,2023-10-08,3.88,3.97,3.8657447022276963,3.8610135005514503,3.8593170953287483,3.878755244019512
3,2023-10-09,3.81,3.88,3.839812929676475,3.7986227052261596,3.842800712407053,3.825594111464987
3,2023-10-10,3.77,3.81,3.8169005756714953,3.746851218088952,3.80173104206875,3.7981354192547716
3,2023-10-11,3.79,3.77,3.7697147479219373,3.7447007354819903,3.777921474433033,3.7810530969011484
3,2023-10-12,3.82,3.79,3.8119872219586375,3.7966471319595336,3.8202087234988173,3.8268149233839903
3,2023-10-13,3.82,3.82,3.8488937157757865,3.820262795112123,3.849540457585444,3.853494023559783
3,2023-10-14,3.83,3.82,3.8274776461083615,3.8090368498967275,3.8385943812387766,3.8392289100832486
3,2023-10-15,3.81,3.83,3.8534725391673743,3.8265017633416516,3.854069963466021,3.843228878087571
3,2023-10-16,3.81,3.81,3.8126966457100626,3.8016809073426323,3.8204035229236974,3.8066032039337476
3,2023-10-17,3.78,3.81,3.783360984986598,3.781370965239723,3.7846795445196606,3.769898566660164
3,2023-10-18,3.7,3.78,3.704097500214524,3.7210011158697576,3.7014194415888846,3.6860988864191504
3,2023-10-19,3.57,3.7,3.597389068663273,3.585264436564278,3.581261552730689,3.5606976824857504
3,2023-10-20,3.4,3.57,3.4539958671877944,3.4193504493196216,3.4303725465338775,3.4166432531198203
3,2023-10-21,3.23,3.4,3.2595150327216444,3.2491303141060843,3.2473890784820583,3.2458086980897094
3,2023-10-22,3.1,3.23,3.1114486156161756,3.1082027206192264,3.1019660206702873,3.092223115731418
3,2023-10-23,2.94,3.1,3.001707911506224,3.0050716510581807,2.9821462293184964,2.9699654334264713
3,2023-10-24,2.89,2.94,2.896178731569075,2.897277121516444,2.8919292976071334,2.859776151828031
3,2023-10-25,2.85,2.89,2.8238804011875147,2.845150627179764,2.8362817256113764,2.8116732947558742
3,2023-10-26,2.82,2.85,2.8480908832875826,2.8115072064832147,2.838467463954817,2.7864824156542247
3,2023-10-27,2.77,2.82,2.7786519249147914,2.7874037967116467,2.7891807051624085,2.7484215700057355
3,2023-10-28,2.71,2.77,2.730110424071655,2.7348863370635077,2.7333461305490285,2.689561460694461
3,2023-10-29,2.65,2.71,2.671475089336331,2.662046547525394,2.6670350706526533,2.6191614260782052
3,2023-10-30,2.55,2.65,2.5960790816534027,2.5960953253428016,2.6056340492469245,2.5587871948558707
3,2023-10-31,2.45,2.55,2.502143838387531,2.506964766578775,2.5098215713294483,2.4721812168820367
3,2023-11-01,2.37,2.45,2.3555856000621507,2.372240174025198,2.3728034918739183,2.3471404829187374
3,2023-11-02,2.27,2.37,2.268517469393597,2.269270779955469,2.2760053991283353,2.25978360404635
3,2023-11-03,2.18,2.27,2.193892904944919,2.1743543782302,2.19561605243038,2.1790952067634537
3,2023-11-04,2.04,2.18,2.110001174288046,2.1018574555433642,2.1165189660924786,2.1082930734066703
3,2023-11-05,1.95,2.04,1.9639955751422726,1.9514892800093115,1.9741601298411122,1.9674014846723882
3,2023-11-06,1.81,1.95,1.8251478530237544,1.8449176603106856,1.8466452007772418,1.867358888568632
3,2023-11-07,1.71,1.81,1.749273702313993,1.7220423366848363,1.752463016158486,1.7585745600393254
3,2023-11-08,1.71,1.71,1.7355648178159553,1.6751677173270958,1.7329489494098318,1.727255294313638
3,2023-11-09,1.71,1.71,1.7132984381815404,1.7005270869275293,1.7257535565789486,1.7438668317431125
3,2023-11-10,1.74,1.71,1.7274073928445797,1.7053746009073845,1.7468770443464077,1.751717977514243
3,2023-11-11,1.78,1.74,1.7693107487161022,1.7447296563530348,1.7889039855090847,1.7920750771321714
3,2023-11-12,1.83,1.78,1.8052226841915922,1.7992261663790898,1.8267384039016321,1.8352136724914112
3,2023-11-13,1.86,1.83,1.8566912875956443,1.837466360434772,1.8693222204096938,1.8713415170057301
3,2023-11-14,1.87,1.86,1.8679087834210029,1.8574683445323483,1.8818165642100226,1.8859648864530165
3,2023-11-15,1.85,1.87,1.8673138094918118,1.862211380601541,1.87792556853749,1.8776977057973674
3,2023-11-16,1.8,1.85,1.8278391083272196,1.8339448665239546,1.848147282388684,1.843501478453159
3,2023-11-17,1.82,1.8,1.8149178089120404,1.8578777782205644,1.8344581541498772,1.8439582690942486
3,2023-11-18,1.9,1.82,1.8689877195602285,1.8057626149197983,1.8661666293781316,1.8235302143959489
3,2023-11-19,1.74,1.9,1.7703560139940433,1.7896889613328202,1.7887465509906086,1.8000302596955515
3,2023-11-20,1.63,1.74,1.6145780931504248,1.602792830883845,1.630668375786616,1.629575668737357
3,2023-11-21,1.53,1.63,1.5216017848403107,1.4974078134936715,1.5310225910956354,1.5359550125030745
3,2023-11-22,1.48,1.53,1.4790344581086738,1.4185818454826506,1.476703264597267,1.4706766425867954
3,2023-11-23,1.43,1.48,1.4527548197793043,1.3937043850732909,1.4405730353244486,1.4511736734129126
3,2023-11-24,1.47,1.43,1.445946007207914,1.368743574508285,1.443168396805918,1.4450851279718624
3,2023-11-25,1.53,1.47,1.510146799351341,1.4321710333644677,1.5017142282513858,1.5149569977980384
3,2023-11-26,1.57,1.53,1.5271507532609143,1.493629096970123,1.528027475248092,1.5586946618215567
3,2023-11-27,1.6,1.57,1.5904763494053695,1.530513887026795,1.582267490776849,1.5876403780137338
3,2023-11-28,1.55,1.6,1.6074355286406123,1.557244339795221,1.6011124254351439,1.6030432354481048
3,2023-11-29,1.52,1.55,1.5379635515023862,1.4918586417229245,1.5336955386210012,1.5299467963852926
3,2023-11-30,1.46,1.52,1.497564784916361,1.4598782268003838,1.4860357116498866,1.491739592237104
3,2023-12-01,1.41,1.46,1.3978485381722878,1.3722583973341538,1.3960930500934807,1.4045404084281
3,2023-12-02,1.33,1.41,1.3614273764458027,1.3159364034007661,1.3527461609904397,1.3565024623243855
3,2023-12-03,1.23,1.33,1.2719605049525387,1.233554655796631,1.268170070249015,1.282944987236713
3,2023-12-04,1.15,1.23,1.1655243077369977,1.1401644740239665,1.1622463216397627,1.1871421095226735
3,2023-12-05,1.07,1.15,1.1172071245679025,1.0651149845934926,1.106970688120187,1.1290050610308362
3,2023-12-06,0.98,1.07,1.0393966922621085,0.993880847093433,1.0312967122527397,1.0666372475666674
3,2023-12-07,0.97,0.98,0.9964049504445904,0.921379146393842,0.9875503940739282,1.0090152448981886
3,2023-12-08,1.06,0.97,1.0208415154435888,0.9385289507493711,1.0214816248395646,1.037128775531925
3,2023-12-09,1.08,1.06,1.0800094120110775,1.0373787666035805,1.0821990915373625,1.1267184883242924
3,2023-12-10,1.1,1.08,1.1046148151218875,1.0558830353678559,1.1213230591278651,1.1466648325324105
3,2023-12-11,1.13,1.1,1.134499464928111,1.084443951365502,1.1390675227646323,1.1656588518519353
3,2023-12-12,1.16,1.13,1.1831424006053382,1.1116269526264955,1.184749044734023,1.1940617552115487
3,2023-12-13,1.27,1.16,1.1954790285644172,1.1552890027748983,1.2056342717607074,1.221644952422084
3,2023-12-14,1.27,1.27,1.290110177150174,1.2498759562292583,1.2970863890151334,1.3137791208023586
3,2023-12-15,1.18,1.27,1.244317850593607,1.248677754838284,1.243522139745416,1.2788292948387123
3,2023-12-16,1.15,1.18,1.1701047314971402,1.1524674155187464,1.1697721632485958,1.1773430438240153
3,2023-12-17,1.16,1.15,1.1365571688237033,1.092417645427127,1.123559845606384,1.135349833146029
3,2023-12-18,1.07,1.16,1.1271028541519066,1.0761090508267994,1.1207690162562234,1.1300810725605943
3,2023-12-19,1.0,1.07,1.0048490956800056,0.9911393416356139,1.0032495819794054,1.0339457397154679
3,2023-12-20,0.92,1.0,0.9306002622467667,0.9127552596861267,0.931248512176691,0.9572785640956859
3,2023-12-21,0.9,0.92,0.9225826459184778,0.854971542433911,0.9092050218852231,0.9199308689809618
3,2023-12-22,0.94,0.9,0.9289784700526688,0.8602988900460349,0.9278833868599928,0.9430428004910986
3,2023-12-23,1.0,0.94,0.9774273814522785,0.9238567859317831,0.9820890848473706,1.0038576888694986
3,2023-12-24,1.04,1.0,1.0520673921495454,1.014819418978416,1.0618751568047486,1.082073116570049
3,2023-12-25,1.07,1.04,1.072718223650022,1.0400225037192452,1.0780576484795243,1.1029516063767535
3,2023-12-26,1.11,1.07,1.1042971691920096,1.0577430024435284,1.1096431161301192,1.1255857288004008
3,2023-12-27,1.11,1.11,1.1144013074983725,1.0824022386331646,1.1180427409319835,1.142400511962502
3,2023-12-28,1.12,1.11,1.090938290574774,1.0801118654255124,1.0884527073790589,1.11743156500716
3,2023-12-29,1.06,1.12,1.09366096015628,1.070342805368455,1.1000976312984356,1.1106312232227675
3,2023-12-30,0.99,1.06,1.0138077625046538,0.9927164597440087,1.0143275040379225,1.0289993207877355
3,2023-12-31,0.95,0.99,0.9571694128660279,0.9227857817085791,0.9518882733902264,0.9574379708871555
3,2024-01-01,0.86,0.95,0.888819998300573,0.871918455066088,0.8892589491109563,0.9047710037015694
3,2024-01-02,0.8,0.86,0.8112065307678674,0.7723364087571983,0.8110008279497184,0.8125410387120754
3,2024-01-03,0.73,0.8,0.7454712133417962,0.7135551571322544,0.7466135103413106,0.7628916237848747
3,2024-01-04,0.7,0.73,0.7034731680315344,0.6829381965795381,0.7055126548465903,0.7303241418722931
3,2024-01-05,0.67,0.7,0.7153431589815339,0.6776014106136442,0.7225992819646633,0.7385669707061524
3,2024-01-06,0.65,0.67,0.663696440287533,0.6371617033690794,0.6793881113177086,0.7012374795999771
3,2024-01-07,0.65,0.65,0.612870351164505,0.6178050707725299,0.6352799927279943,0.6748323258158614
3,2024-01-08,0.68,0.65,0.6558727521516192,0.6288372261114302,0.6736586784319344,0.695547335546769
3,2024-01-09,0.74,0.68,0.7388369359256982,0.6901475171447201,0.7522749960186332,0.766485842433695
3,2024-01-10,0.79,0.74,0.7933028996560404,0.7781525282246253,0.8161663781619662,0.8466977131486481
3,2024-01-11,0.92,0.79,0.8745241189830566,0.857806673932605,0.8944533385086677,0.9143944053257487
3,2024-01-12,0.94,0.92,0.9510677172850132,0.9395722477659656,0.9758640718314854,0.9954854093953373
3,2024-01-13,0.92,0.94,0.9430190356835962,0.9437462909482582,0.9596962862174615,0.9769344875459819
3,2024-01-14,0.95,0.92,0.940226425446349,0.9403891316251481,0.9583375657740575,0.9666215422393867
3,2024-01-15,0.95,0.95,0.9393683681184045,0.9341580207753997,0.9426639388642273,0.9485258218085075
3,2024-01-16,0.95,0.95,0.9247975648324801,0.8897365923653934,0.9177147872310211,0.9048822318285058
3,2024-01-17,0.83,0.95,0.8975340383722227,0.895157100009628,0.8985819802319642,0.9064994005402555
3,2024-01-18,0.75,0.83,0.7577240870306639,0.7521819458178376,0.7571964905938642,0.7581586110882649
3,2024-01-19,0.64,0.75,0.6915040291065492,0.6735193544065264,0.6822406549710083,0.6847952640081458
3,2024-01-20,0.54,0.64,0.5692278994913519,0.5549875397689275,0.5717732966778817,0.5786457798695563
3,2024-01-21,0.57,0.54,0.5204603068363759,0.48254473512912294,0.5151644631141093,0.5191722587685983
3,2024-01-22,0.57,0.57,0.6030019558604447,0.5410608650754987,0.6104533809463832,0.6113150841624083
3,2024-01-23,0.59,0.57,0.6004068974016256,0.5743394497125207,0.6070983120441202,0.6386551721962387
3,2024-01-24,0.7,0.59,0.6588364838731494,0.6138685444013084,0.6692354629508692,0.6787452579587768
3,2024-01-25,0.7,0.7,0.738094369213133,0.7260937126873861,0.7585790467447975,0.7825796317991415
3,2024-01-26,0.71,0.7,0.705688389783688,0.7275537481578356,0.7210404107006787,0.7527306843702161
3,2024-01-27,0.69,0.71,0.6974245669990132,0.7303174775757603,0.7081407508520446,0.7313555059442044
3,2024-01-28,0.69,0.69,0.6970585735056988,0.6957134639618724,0.694410334896058,0.7034836696107284
3,2024-01-29,0.71,0.69,0.7161994471738135,0.6870582854357444,0.7156499403099956,0.7197225250188394
3,2024-01-30,0.75,0.71,0.7370912753851423,0.7124215346630814,0.7422335372383154,0.747581462247113
3,2024-01-31,0.79,0.75,0.7494538875676738,0.7409048804200417,0.75221635410273,0.7683595118369025
3,2024-02-01,0.77,0.79,0.7931995295518357,0.7625322959024704,0.8080690806204549,0.7912859201205032
3,2024-02-02,0.72,0.77,0.734836814632583,0.7259871005514107,0.7421980486778755,0.7472010846790473
3,2024-02-03,0.67,0.72,0.6954584101067445,0.680633339044817,0.7026501529285071,0.7001623923167979
3,2024-02-04,0.59,0.67,0.6434789112633874,0.6348238278450756,0.6427026468397948,0.6448761796245898
3,2024-02-05,0.52,0.59,0.5099447385577862,0.5425756606138864,0.5149495502357971,0.5361244691816246
3,2024-02-06,0.52,0.52,0.5005410208967657,0.47607177774402737,0.4940754636124434,0.49007626651184705
3,2024-02-07,0.57,0.52,0.5502749728003643,0.49752634042106897,0.5448535286722488,0.5426921172062625
3,2024-02-08,0.63,0.57,0.6250281019696455,0.5784631410618826,0.633748557494959,0.6339537673656662
3,2024-02-09,0.67,0.63,0.6450984150033603,0.6376917413523913,0.6587092337409683,0.6756367006971348
3,2024-02-10,0.69,0.67,0.6434206768740001,0.6821680424393599,0.6618593071584844,0.6880340203376726
3,2024-02-11,0.79,0.69,0.835311062320333,0.7491485070245666,0.8439400322031424,0.7977010482509369
3,2024-02-12,0.83,0.79,0.8591736163872004,0.86007865807801,0.8758301570347018,0.8882163700938621
3,2024-02-13,0.86,0.83,0.8338467017922799,0.8712645607554883,0.8755785565977519,0.8647557349691589
3,2024-02-14,0.86,0.86,0.8320101774849491,0.8354648131248162,0.8357315233430193,0.8227626454764861
3,2024-02-15,0.74,0.86,0.7528802300443438,0.7635204790723952,0.7655865108180836,0.7568034970874365
3,2024-02-16,0.59,0.74,0.6286886154437711,0.6298402911237065,0.6274401247221805,0.6259336302141246
3,2024-02-17,0.48,0.59,0.49697229646460206,0.48922468198746105,0.5030153147544515,0.48734333436778615
3,2024-02-18,0.38,0.48,0.4264457626458198,0.412125246932487,0.4158423896313159,0.4075205560805748
3,2024-02-19,0.36,0.38,0.36496471225243815,0.3500195870806701,0.3787856126588442,0.36638866372616313
3,2024-02-20,0.4,0.36,0.3906232346669223,0.33317718829398874,0.40360009824764614,0.38676295263909927
3,2024-02-21,0.49,0.4,0.44988833748845664,0.40973544689045377,0.46370143154056515,0.4697315130225763
3,2024-02-22,0.62,0.49,0.5436946742837625,0.49819737960714744,0.5516835282483905,0.557575713427723
3,2024-02-23,0.7,0.62,0.6986926768838375,0.6723725492057858,0.7093838702880116,0.7123023865056989
3,2024-02-24,0.72,0.7,0.7455760157952083,0.7704019589467478,0.7721016622216389,0.7759267978638036
3,2024-02-25,0.73,0.72,0.7554740376069952,0.7533314802215373,0.7669880941485471,0.7464743437621535
3,2024-02-26,0.65,0.73,0.7041333392190968,0.7138521132663936,0.714432141840911,0.706490834017572
3,2024-02-27,0.62,0.65,0.6242666032964672,0.6216792982868542,0.6178470856805629,0.6145824846776978
3,2024-02-28,0.68,0.62,0.6712746904842519,0.6169595588126643,0.6611847754187469,0.6293001343737513
3,2024-02-29,0.7,0.68,0.6686007792062693,0.6621626864570576,0.6572473763502753,0.6618164975988777
3,2024-03-01,0.64,0.7,0.657986420972728,0.6595510231538092,0.6549550268578241,0.6479593535158155
3,2024-03-02,0.56,0.64,0.5951800793827913,0.5811710445680465,0.5920928239042625,0.5747921834472908
3,2024-03-03,0.47,0.56,0.49232254732022995,0.4887065057428974,0.4905490464517232,0.4899104579106031
3,2024-03-04,0.38,0.47,0.4049441090332071,0.4056096399203774,0.39175846640144685,0.41255172373739485
3,2024-03-05,0.3,0.38,0.35179979738599426,0.3087568345970221,0.35569751228601093,0.34334584679080327
3,2024-03-06,0.34,0.3,0.32583390488529657,0.2744960047718796,0.329245646382375,0.3319288361265552
3,2024-03-07,0.42,0.34,0.3564412060902641,0.34514943055816555,0.3761121791470698,0.3983952121943093
3,2024-03-08,0.51,0.42,0.49741325233809824,0.44255995596316794,0.5295361415807069,0.5143196696077399
3,2024-03-09,0.69,0.51,0.6364606153550324,0.5978254242365776,0.6654539893826136,0.6661843150889661
3,2024-03-10,0.86,0.69,0.8091659929096711,0.7968584834227727,0.8373053095188552,0.8441680548758578
3,2024-03-11,0.9,0.86,0.9449521209496711,0.976913569985903,0.9702607411480185,0.9888574736367276
3,2024-03-12,0.99,0.9,1.0149936132145418,0.9862133886601523,1.0419828004114755,1.0052572612436348
3,2024-03-13,1.05,0.99,1.0224925037084511,1.0278951756560468,1.0384181098678062,1.0330590171887273
3,2024-03-14,1.05,1.05,0.9877836898776444,0.9913439773653927,0.9815783734676361,0.9842355109783298
3,2024-03-15,0.96,1.05,1.0091828650890349,0.9300684870237657,0.9510613691209168,0.9393197799874088
3,2024-03-16,0.75,0.96,0.8352316113328504,0.8130019860972285,0.8123668672225541,0.8199677475841387
3,2024-03-17,0.57,0.75,0.5771477692044321,0.6191644570194262,0.5945818328700839,0.6077697903525642
3,2024-03-18,0.4,0.57,0.4250953955420498,0.44634110014325135,0.4477948665958988,0.4375585621748985
3,2024-03-19,0.35,0.4,0.3504676061146823,0.30739522312863893,0.3415714834961885,0.3172102672245207
3,2024-03-20,0.39,0.35,0.39276184176348866,0.31991492022551626,0.39699581848922394,0.3746419227721986
3,2024-03-21,0.44,0.39,0.44080977380285435,0.4043542483422673,0.45699433700163455,0.4758315843215844
3,2024-03-22,0.72,0.44,0.6071609010969728,0.519796109734138,0.6124345437646356,0.593352367219015
3,2024-03-23,0.8,0.72,0.8233525066633782,0.7833717350672721,0.851136500763238,0.86264883703867
3,2024-03-24,0.98,0.8,0.9307551829798437,0.8979643791964245,0.9484106344638175,0.9391614246593624
3,2024-03-25,1.03,0.98,1.028930603685133,1.0359354514679786,1.0539098851766917,1.0587041520104925
3,2024-03-26,1.03,1.03,1.0600616429391212,1.0632764328249447,1.0675938456599714,1.0631916035583089
3,2024-03-27,1.0,1.03,1.0703901394571733,1.0417091762907913,1.0642887751269539,1.0513061065257043
3,2024-03-28,1.02,1.0,1.044106143205953,1.0010761302943356,1.0342416406768045,1.0115832575162635
3,2024-03-29,1.02,1.02,0.9946194943357298,1.0020912150664079,0.9845118756062062,0.9930452623833149
3,2024-03-30,1.03,1.02,1.0144926993720425,0.97746789030237,0.9964026323608883,0.9767971827089369
3,2024-03-31,1.02,1.03,1.0228419406916125,0.9628487369541623,1.0044131741316675,0.9781569308000025
3,2024-04-01,0.95,1.02,0.9787176077088927,0.9476276093933794,0.9661318791793573,0.9563570709803585
3,2024-04-02,0.9,0.95,0.9294969339442236,0.8755969590700218,0.9120312688452085,0.8891639580714612
3,2024-04-03,0.83,0.9,0.862517700984542,0.8489659153059499,0.8393161255438158,0.8475295906388389
3,2024-04-04,0.83,0.83,0.8250844957335535,0.7798926509797175,0.8160710456681147,0.7952365422899841
3,2024-04-05,0.95,0.83,0.9323943075974513,0.8523206942558272,0.9233200964258774,0.9000905674277249
3,2024-04-06,1.08,0.95,1.003519848486179,0.9976210941818607,1.0035145979024087,1.0241690855720378
3,2024-04-07,1.21,1.08,1.2095848009482875,1.1558880963003197,1.1987306251281178,1.179530262432008
3,2024-04-08,1.33,1.21,1.2959097988004231,1.2826329272849373,1.2854518273739692,1.2959950970255052
3,2024-04-09,1.35,1.33,1.3793453832303242,1.3700723522702702,1.361360116676644,1.374189508259903
3,2024-04-10,1.26,1.35,1.337571389533893,1.3300234263985327,1.3234449099318548,1.3294695929985838
3,2024-04-11,1.22,1.26,1.2776853003482578,1.235911349171391,1.2560109508169954,1.2538237256358513
3,2024-04-12,1.18,1.22,1.1733253377495423,1.18818658795457,1.1798043393890667,1.1791036715147303
3,2024-04-13,1.09,1.18,1.0821973577958204,1.0630198546278689,1.0985551367854733,1.0711075553587162
3,2024-04-14,0.98,1.09,0.9865754514567604,0.9454721337339329,0.9841511121022318,0.9886303291447978
3,2024-04-15,0.89,0.98,0.9064821318667339,0.8481853755992365,0.9011855347560808,0.9207104624893104
3,2024-04-16,0.86,0.89,0.9411681134399403,0.8189033846760024,0.9099614421372412,0.9080051262740539
3,2024-04-17,0.99,0.86,0.966965541342114,0.8781918523548425,0.9582188440577921,0.9636922547699934
3,2024-04-18,1.11,0.99,1.097111696912105,1.0413435841090468,1.1080941571275091,1.1197111237263473
3,2024-04-19,1.18,1.11,1.1643642829237422,1.1548953347568296,1.1875514513359322,1.2128511376185245
3,2024-04-20,1.3,1.18,1.2406185136122692,1.2305474162994756,1.2611226454552527,1.2782420646560524
3,2024-04-21,1.42,1.3,1.415185575283067,1.349880202160603,1.4172799001558511,1.4145676812655437
3,2024-04-22,1.5,1.42,1.4720489310314449,1.4448278239151522,1.4782427745569375,1.4868295091548005
3,2024-04-23,1.43,1.5,1.478298480033582,1.4704359028762308,1.4817578688166577,1.4874697891494657
3,2024-04-24,1.46,1.43,1.4090946649142722,1.38587589791174,1.3985277740872686,1.4011409375687676
3,2024-04-25,1.48,1.46,1.5161390845914384,1.4395141712883708,1.4837578540556795,1.4822374460492442
3,2024-04-26,1.46,1.48,1.5378000391836602,1.461290981188372,1.5200312404610206,1.5048585033617377
3,2024-04-27,1.47,1.46,1.4987186507625936,1.4412581425455888,1.486390074365789,1.4832639303854493
3,2024-04-28,1.44,1.47,1.4563166793857134,1.4320858464265358,1.4533553178184935,1.4581190895104994
3,2024-04-29,1.41,1.44,1.3757326265426038,1.3572432409498125,1.3741046117796785,1.38298127422049
3,2024-04-30,1.36,1.41,1.3769284950679066,1.3052817374063403,1.347111845771181,1.357303425138222
3,2024-05-01,1.43,1.36,1.414694645105885,1.3048843828676728,1.4025430181480452,1.408189291142824
3,2024-05-02,1.49,1.43,1.5461294424471597,1.4262911733215358,1.5395874593407433,1.5388342732561533
3,2024-05-03,1.57,1.49,1.5769751695709424,1.4982356175147886,1.5611060888413502,1.5724622901267242
3,2024-05-04,1.63,1.57,1.6275832816595284,1.5629819322222642,1.6164752223953738,1.6303905592562844
3,2024-05-05,1.73,1.63,1.7001410360157203,1.6195557886811214,1.6939465085923768,1.692717662162626
3,2024-05-06,1.93,1.73,1.8407116991722925,1.7907151514798205,1.8394548575927387,1.8543657236560112
3,2024-05-07,1.93,1.93,2.0050073228663057,1.9887599502597226,1.996320470686398,2.012675360270192
3,2024-05-08,1.95,1.93,1.9568451638822866,1.9490546506737196,1.957535866292177,1.956467768047587
3,2024-05-09,1.81,1.95,1.91642641938669,1.8976165718802802,1.9230911594267113,1.9199852521229925
3,2024-05-10,1.78,1.81,1.8453681218902063,1.7753327176377613,1.8423446923017568,1.8318400859828066
3,2024-05-11,1.79,1.78,1.8025431109524088,1.7663717886075023,1.8018355568956805,1.8096592537311607
3,2024-05-12,1.75,1.79,1.7572867915523167,1.7430413749783715,1.7600955807618417,1.7608223102149951
3,2024-05-13,1.65,1.75,1.628698620822584,1.6202425309798356,1.642428441402587,1.6423005666928059
3,2024-05-14,1.51,1.65,1.4919636855405156,1.5037749435034458,1.5218007408492735,1.5356117056577379
3,2024-05-15,1.39,1.51,1.3849298402451289,1.3872587640495588,1.4110401297327817,1.420518196493118
3,2024-05-16,1.28,1.39,1.289683671114983,1.2698453069315452,1.294490605966547,1.3009122245243452
3,2024-05-17,1.25,1.28,1.211895187090548,1.1763194667241994,1.219845446778312,1.2277652637391603
3,2024-05-18,1.31,1.25,1.2612308478165148,1.1914724450788905,1.2680897015176076,1.2674287381306628
3,2024-05-19,1.37,1.31,1.3715658133033488,1.3039064209811608,1.357638600535137,1.376154404158448
3,2024-05-20,1.44,1.37,1.4348973068347577,1.3823597825025058,1.4215289343022723,1.4491478275362735
3,2024-05-21,1.48,1.44,1.4906910888841531,1.4512896720382837,1.492216855995001,1.5178782932354598
3,2024-05-22,1.58,1.48,1.559340141838785,1.4974778480563022,1.5454678366891066,1.5624357867686338
3,2024-05-23,1.67,1.58,1.6681814451252277,1.59518559898589,1.6506167979064597,1.6585648759971605
3,2024-05-24,1.76,1.67,1.7405106125822434,1.6812788892257153,1.7330886429090004,1.7408977593293136
3,2024-05-25,1.84,1.76,1.899090172455391,1.832724970297359,1.8761545184318855,1.8906171110666339
3,2024-05-26,2.12,1.84,2.0820367719669113,2.0012151411303614,2.0666860885899196,2.0553590039569527
3,2024-05-27,2.96,2.12,2.8517048269230436,2.464320164513131,2.7311758470377137,2.575241778193178
3,2024-05-28,2.68,2.96,3.0262994809186883,3.0271469853337365,2.9647916730300565,2.9183887590199533
3,2024-05-29,2.37,2.68,2.255337861857574,2.4725445741179723,2.4272287593214794,2.3767143443088345
3,2024-05-30,2.22,2.37,2.1697448650789397,2.183356510221422,2.1972127064308586,2.198672613615404
3,2024-05-31,2.1,2.22,2.124927342738055,2.082108756069095,2.1333288217165327,2.1309242375222746
3,2024-06-01,2.02,2.1,2.07905013777532,2.0117685694675314,2.0688806036525427,2.0775526182168575
3,2024-06-02,2.15,2.02,2.1674320934149875,2.021223295041209,2.132324713522633,2.1303642942096586
3,2024-06-03,2.35,2.15,2.3174151538567926,2.210973040130556,2.2987883387508994,2.3138309637832553
3,2024-06-04,2.57,2.35,2.6052605353404132,2.467700739091509,2.5817348644630163,2.5573000868449056
3,2024-06-05,2.79,2.57,2.8441305542234563,2.719544192502639,2.8303543724584728,2.7926326414193614
3,2024-06-06,2.93,2.79,2.9969341077602416,2.9185763253072583,2.982845408855752,2.9441996285006837
3,2024-06-07,3.03,2.93,3.050691921625013,3.0192224084594095,3.047627142062895,3.0200387638826154
3,2024-06-08,3.07,3.03,3.0904092231802522,3.0790882482456374,3.0896126573205094,3.0607618269009955
3,2024-06-09,3.08,3.07,3.103275831865145,3.0858450843238145,3.1037258310914644,3.0700041454541105
3,2024-06-10,3.04,3.08,3.0487882398890775,3.0413776462155915,3.0545574473482398,3.021534628909897
3,2024-06-11,2.97,3.04,2.9783444353743005,2.947090976539785,2.9922017998064816,2.9535180731605712
3,2024-06-12,2.88,2.97,2.8702828677136796,2.8495120320461393,2.897174620820689,2.875039540501623
3,2024-06-13,2.86,2.88,2.834396412617114,2.7887058089188397,2.8540719603877647,2.8296621509447704
3,2024-06-14,2.84,2.86,2.8776516638943215,2.801695682942247,2.884555871391169,2.8539272937774567
3,2024-06-15,2.84,2.84,2.8685402547510344,2.824838071150886,2.8798541345486934,2.8679031386413825
3,2024-06-16,2.85,2.84,2.901178668523364,2.8464308130392557,2.906279949332138,2.895200052096588
3,2024-06-17,2.97,2.85,2.998555431635844,2.892750784391508,2.9904413917476282,2.9772799070385187
3,2024-06-18,3.14,2.97,3.164749218067151,3.0531281228557927,3.170126835226578,3.1437490070175342
3,2024-06-19,3.38,3.14,3.417999183019133,3.2605969488542015,3.421840857935882,3.369621338047155
3,2024-06-20,3.69,3.38,3.7114704441242754,3.531882659331209,3.6992214810032436,3.641878959526918
3,2024-06-21,3.82,3.69,3.895514118013414,3.7950150744477598,3.8871370362240074,3.875628784707702
3,2024-06-22,3.95,3.82,3.9739249509478753,3.8801487428753383,3.974201422804193,3.9683137760573177
3,2024-06-23,3.94,3.95,4.026744403176011,3.960437971936889,4.014919802704088,4.016429603760089
3,2024-06-24,3.88,3.94,3.948280255586604,3.912474880738888,3.925752171512652,3.9103964103579325
3,2024-06-25,3.84,3.88,3.8846343006953465,3.8398113543341794,3.857117666557359,3.831633222235683
3,2024-06-26,3.79,3.84,3.8054113754140744,3.7687415218477525,3.793382827877785,3.7619055381198
3,2024-06-27,3.8,3.79,3.796809132618467,3.7214782068140404,3.779041104570959,3.730432003915954
3,2024-06-28,3.93,3.8,3.868294609524755,3.787339736977613,3.863927323477862,3.816707353781927
3,2024-06-29,3.99,3.93,3.976042277992038,3.923967025026478,3.980279154331576,3.938576959969384
3,2024-06-30,3.97,3.99,4.004952143546605,3.95003780019472,4.009512981802101,3.9643375593611805
3,2024-07-01,3.98,3.97,4.005556837036814,3.930722583555458,4.0124311536890405,3.9735396735433
3,2024-07-02,4.01,3.98,4.071985974184108,3.9477420424634513,4.066896921445717,4.034367065382898
3,2024-07-03,4.2,4.01,4.234694778968265,4.045385314611408,4.246043333816487,4.197445404867247
3,2024-07-04,4.52,4.2,4.526034238749473,4.330908338760136,4.5428709653785075,4.473158637845568
3,2024-07-05,4.75,4.52,4.740883878846549,4.671952096838051,4.780884235722154,4.7682365640959015
3,2024-07-06,4.85,4.75,4.901068100510444,4.849642742833269,4.899145191056287,4.900960146047803
3,2024-07-07,4.94,4.85,4.9399758222825065,4.864796061598496,4.917567620371268,4.88906818968142
3,2024-07-08,4.99,4.94,4.988851677083902,4.909789117630441,4.975747233785229,4.926177222378272
3,2024-07-09,5.01,4.99,4.991978902623394,4.925763289052448,4.979625615718342,4.938587837205636
3,2024-07-10,5.0,5.01,5.023201602136112,4.928049788873152,5.010873735279738,4.959388232503022
3,2024-07-11,5.0,5.0,4.9950041858470735,4.870154073176131,4.996473174275646,4.942728314806954
3,2024-07-12,5.15,5.0,5.116563515827121,4.913801800801335,5.102690394530817,5.024250174576894
3,2024-07-13,5.13,5.15,5.2036706465440306,5.075259674188136,5.198935918504358,5.189155972072581
3,2024-07-14,5.09,5.13,5.168732195164536,5.025810130904362,5.137203548493868,5.10623324101912
3,2024-07-15,5.09,5.09,5.121615916447549,5.008469954944995,5.106460594782969,5.0713731593545806
3,2024-07-16,5.05,5.09,5.102088883249274,5.008708855582737,5.0784623556695765,5.053985057221207
3,2024-07-17,4.96,5.05,5.010998987895935,4.931396346383549,4.995826438087314,4.972359833339648
3,2024-07-18,4.89,4.96,4.924555626343249,4.8129795539050555,4.907055389864431,4.879990632266872
3,2024-07-19,4.92,4.89,4.908828166833517,4.812976874946293,4.894913666128475,4.864120646162823
3,2024-07-20,4.94,4.92,4.93592908703561,4.896037969058121,4.9301078691541,4.90762670426225
3,2024-07-21,4.94,4.94,4.952384984979678,4.923555171327907,4.939162583762248,4.904732962344332
3,2024-07-22,4.86,4.94,4.914698309838729,4.90140292533535,4.900599828387794,4.870297116723723
3,2024-07-23,4.8,4.86,4.824509657247477,4.804067995160597,4.8128174353656314,4.774596091048996
3,2024-07-24,4.73,4.8,4.7562141132415885,4.715145846274027,4.741449098743453,4.713942660423446
3,2024-07-25,4.65,4.73,4.693923548392427,4.637226536509769,4.686121213694276,4.654790700002361
3,2024-07-26,4.6,4.65,4.620094472102836,4.56086923600276,4.619308259582216,4.5882994419108725
3,2024-07-27,4.6,4.6,4.551160065432736,4.495866347316878,4.552087444392035,4.528576352471557
3,2024-07-28,4.53,4.6,4.5427463504420365,4.502191202620636,4.553363683542895,4.535752958214059
3,2024-07-29,4.47,4.53,4.487475885355025,4.4276471255841585,4.486015786469026,4.469980022939837
3,2024-07-30,4.36,4.47,4.426743592687889,4.340223796140349,4.406795851251961,4.388404116240078
3,2024-07-31,4.24,4.36,4.250661658338902,4.22115411523762,4.251805909838898,4.248599632195851
3,2024-08-01,4.24,4.24,4.205064138672156,4.168163428181494,4.197957317169345,4.177129183908503
3,2024-08-02,4.31,4.24,4.333869309352967,4.240801890925432,4.299100845837592,4.249477546770449
3,2024-08-03,4.33,4.31,4.357650283902499,4.321464327137613,4.351806087841557,4.322091056029187
3,2024-08-04,4.27,4.33,4.325945089909449,4.279746862969983,4.3182634258611525,4.299381837920169
3,2024-08-05,4.21,4.27,4.284935970319651,4.214529416619952,4.272459159389587,4.255799641120345
3,2024-08-06,4.19,4.21,4.250074123225544,4.174014206157484,4.23247383619131,4.2246122809960545
3,2024-08-07,4.21,4.19,4.214225593794207,4.161015938672141,4.191281966302205,4.190170950156996
3,2024-08-08,4.25,4.21,4.263842146884884,4.196084851058008,4.24347412055395,4.222576706957739
3,2024-08-09,4.35,4.25,4.31692579832172,4.244025177621616,4.309617037731919,4.2929291400294325
3,2024-08-10,4.37,4.35,4.404044378960152,4.320594279046524,4.400150605058826,4.393085088112875
3,2024-08-11,4.4,4.37,4.425248262139018,4.293971204548012,4.417801139625506,4.404624739768473
3,2024-08-12,4.43,4.4,4.482643416790863,4.328777304269732,4.466959517998302,4.459341751473574
3,2024-08-13,4.47,4.43,4.4736144441655465,4.35855231288249,4.464283048138337,4.475904404493915
3,2024-08-14,4.47,4.47,4.5038602088028705,4.40008143668424,4.488621302588026,4.498657468679418
3,2024-08-15,4.51,4.47,4.516816934176994,4.403459965765062,4.505805252147433,4.500850946524035
3,2024-08-16,4.56,4.51,4.558991037173089,4.469982372188292,4.564079218999986,4.56156731982366
3,2024-08-17,4.59,4.56,4.638307529556461,4.529794211685291,4.6229463712923655,4.619763829090348
3,2024-08-18,4.69,4.59,4.692538838801998,4.60663916472632,4.672611795029382,4.658781094581463
3,2024-08-19,4.72,4.69,4.754597713687131,4.732453186580716,4.742093577488813,4.739228951545853
3,2024-08-20,4.73,4.72,4.765377735644337,4.746111617491584,4.730929243444723,4.730877045099654
3,2024-08-21,4.74,4.73,4.815658336876726,4.711735525829916,4.753663406744521,4.723910813711416
3,2024-08-22,4.72,4.74,4.7648086124610876,4.702074923434005,4.739524317940997,4.713304551984091
3,2024-08-23,4.75,4.72,4.725162994224324,4.67361710852382,4.715330987735395,4.683285295843956
3,2024-08-24,4.68,4.75,4.711203215540698,4.642322784791946,4.688110253335423,4.6772521123035125
3,2024-08-25,4.57,4.68,4.609191145655551,4.504982971676331,4.58508783717109,4.566453533054346
3,2024-08-26,4.56,4.57,4.582525692690954,4.435752167506377,4.5672013917603325,4.5238591840253015
3,2024-08-27,4.46,4.56,4.491441822545301,4.417487055016013,4.487406580426389,4.504004519974791
3,2024-08-28,4.32,4.46,4.3590900500528615,4.2956504594645875,4.3443941551841725,4.363419172288444
3,2024-08-29,4.28,4.32,4.277126318985956,4.174836987672841,4.262429998255267,4.257296368477846
3,2024-08-30,4.26,4.28,4.27377546812993,4.1895312649950744,4.259639772958834,4.264554086088737
3,2024-08-31,4.3,4.26,4.320612791469377,4.233731521031952,4.297048130166561,4.290784001671784
3,2024-09-01,4.32,4.3,4.340151849639727,4.294673607645621,4.3292303098449905,4.335270077337567
3,2024-09-02,4.27,4.32,4.296551885194661,4.2581055262972,4.286603835547354,4.295050491283014
3,2024-09-03,4.27,4.27,4.297009491698694,4.209689167360414,4.282432309703139,4.256684378028015
3,2024-09-04,4.24,4.27,4.286559995961183,4.220044019851078,4.2851666396460715,4.2810268522388055
3,2024-09-05,4.25,4.24,4.247498832092655,4.1929540233220015,4.2412869384429674,4.246809644633413
3,2024-09-06,4.25,4.25,4.256902365996053,4.197512735060415,4.2505168802132305,4.253748418816358
3,2024-09-07,4.25,4.25,4.246830138091947,4.201457964150124,4.251315903870931,4.2592202843630735
3,2024-09-08,4.27,4.25,4.266786918306081,4.205980968315269,4.261072138862186,4.262271928109818
3,2024-09-09,4.27,4.27,4.246310866319636,4.1985768350304555,4.2412950705340995,4.236634328512111
3,2024-09-10,4.17,4.27,4.235014926174458,4.174343055087597,4.2295628195099795,4.221226147273112
3,2024-09-11,4.03,4.17,4.088947406456762,4.080752567194159,4.094621279350236,4.113818124803671
3,2024-09-12,3.92,4.03,3.9300869750282676,3.9183328314978545,3.932762266898997,3.949833783633373
3,2024-09-13,3.78,3.92,3.8167307094887306,3.782435346494267,3.812977430310496,3.8309165539612224
3,2024-09-14,4.0,3.78,3.889380870618397,3.842021251511247,3.891555575807978,3.8552745124660635
3,2024-09-15,4.19,4.0,4.233576162896901,4.166970311866411,4.191321712142458,4.143316219393497
3,2024-09-16,4.18,4.19,4.208925706256362,4.247919032758503,4.198742701959483,4.211009603392977
3,2024-09-17,4.02,4.18,4.029605890657197,4.087923040614455,4.0337595084153,4.067965189583294
3,2024-09-18,3.98,4.02,3.9779050607267075,3.921120910772038,3.9607207151667505,3.948520904075316
3,2024-09-19,4.0,3.98,4.032431402672354,3.940932111818561,4.017451015872216,3.9993978787611937
3,2024-09-20,4.03,4.0,4.064508995024662,4.0046616697087964,4.056707499828383,4.046809692633544
3,2024-09-21,4.08,4.03,4.080065288328831,4.009392276740714,4.062146411569035,4.059853685886753
3,2024-09-22,4.11,4.08,4.141031724009017,4.0604977520605425,4.124354843303325,4.11743322661029
3,2024-09-23,4.12,4.11,4.105634792328116,4.0408034960207315,4.1025656268340045,4.108497570873562
3,2024-09-24,4.15,4.12,4.165316822548756,4.071443374389626,4.150478236891467,4.1467711964952105
3,2024-09-25,4.25,4.15,4.2605789229781665,4.159771180037052,4.239800838557576,4.2187768263140235
3,2024-09-26,4.27,4.25,4.282516504356855,4.246728346833428,4.278296305203027,4.286296603302973
3,2024-09-27,4.21,4.27,4.207140321926891,4.18666294178549,4.222573760113437,4.255380274923861
3,2024-09-28,4.17,4.21,4.163514480528743,4.1280593245088495,4.179680788255197,4.209584422860694
3,2024-09-29,4.14,4.17,4.149671092189323,4.10764068614593,4.172443162732019,4.205207932587036
3,2024-09-30,4.19,4.14,4.223109489244381,4.118909976113245,4.228553671881195,4.218474571216263
3,2024-10-01,4.3,4.19,4.314420264307324,4.206640445886212,4.309275107887441,4.2839891745334535
3,2024-10-02,4.3,4.3,4.310371244155264,4.294180240447361,4.301469542383308,4.316599758439938
3,2024-10-03,4.31,4.3,4.3353368016899205,4.277763514721344,4.304654561097981,4.289103243162068
3,2024-10-04,4.41,4.31,4.452475143350089,4.337850924579167,4.417562084881399,4.368508880302154
3,2024-10-05,4.49,4.41,4.473446111167794,4.436794207248316,4.478811786346893,4.47647069432995
3,2024-10-06,4.45,4.49,4.473012439598806,4.456139110088781,4.491977394844276,4.50809006173763
3,2024-10-07,4.43,4.45,4.411261326445765,4.330861324497278,4.437639522232989,4.4328530549273
3,2024-10-08,4.37,4.43,4.383426964175485,4.306389203109499,4.39423024811614,4.409408304832575
3,2024-10-09,4.29,4.37,4.318890376673497,4.268715820230768,4.320295614846321,4.3335404463127745
3,2024-10-10,4.22,4.29,4.228152930421315,4.198939459179836,4.237750877876789,4.254602564395241
3,2024-10-11,4.19,4.22,4.206539324728057,4.15475675444873,4.213135184814958,4.222011705031517
3,2024-10-12,4.19,4.19,4.209642387707666,4.136444607930257,4.203088540104832,4.206908463176362
3,2024-10-13,4.14,4.19,4.1796145815284165,4.131799626808628,4.16799478404693,4.179017984859793
3,2024-10-14,4.1,4.14,4.145909990790192,4.077127816091907,4.127816798909997,4.108775591020151
3,2024-10-15,4.06,4.1,4.062506488450463,4.0047309185988125,4.037413655777428,4.032615047612691
3,2024-10-16,4.04,4.06,4.083445280036938,4.0571665332517375,4.070706439077278,4.0445481343873935
3,2024-10-17,4.08,4.04,4.097997619710199,4.076786563703377,4.080834430012309,4.054058022171161
3,2024-10-18,4.14,4.08,4.099941097572535,4.078551258099738,4.08632824952071,4.064754478016639
3,2024-10-19,4.05,4.14,4.120064726544337,4.107143349989004,4.1184321846078795,4.095539385294006
3,2024-10-20,3.91,4.05,3.9835184328641304,3.965909106625199,3.9727219717039532,3.952168260683148
3,2024-10-21,3.75,3.91,3.734226167984237,3.7423237901729878,3.7440982306068484,3.7399908557802397
3,2024-10-22,3.6,3.75,3.642642579418482,3.608276032018337,3.6607114681285418,3.6107198054324314
3,2024-10-23,3.45,3.6,3.4407619212996243,3.483780085392716,3.437961097597247,3.4742243079590716
3,2024-10-24,3.45,3.45,3.429695035470849,3.4215721821054608,3.405565142724786,3.3830555066455346
3,2024-10-25,3.48,3.45,3.463178939604599,3.4600137975677185,3.4449691719973945,3.419694751028958
3,2024-10-26,3.34,3.48,3.393195109331248,3.399051870001966,3.3936406261292604,3.3691569469439084
3,2024-10-27,3.15,3.34,3.201146455209051,3.20557462661138,3.222826341712995,3.2086422331388693
3,2024-10-28,3.04,3.15,3.052305952042363,3.033517403436866,3.0540256638662147,3.044709347790159
3,2024-10-29,2.96,3.04,2.9770714215789136,2.9533738101389044,2.963578326842047,2.9548374418625527
3,2024-10-30,2.92,2.96,2.9277223322391595,2.9269042904806386,2.9221984398213414,2.9146467668741884
3,2024-10-31,2.89,2.92,2.89935774499683,2.9122879375512856,2.898255428720669,2.891758398865722
3,2024-11-01,2.86,2.89,2.8693688971155282,2.87863328877853,2.8655319852385204,2.8551585359643936
3,2024-11-02,2.79,2.86,2.828231985671206,2.819630489050153,2.8273776365820686,2.8131855683348443
3,2024-11-03,2.73,2.79,2.7503359908109526,2.755408849799744,2.7585906452248747,2.7478724292819976
3,2024-11-04,2.67,2.73,2.7068708628506215,2.6957827607321048,2.7137415705345123,2.7025276631671304
3,2024-11-05,2.6,2.67,2.6512168729368684,2.63881506229906,2.64570154139794,2.6409293839176122
3,2024-11-06,2.55,2.6,2.538671586002522,2.5362312386501404,2.5459362542197277,2.531061598764499
3,2024-11-07,2.5,2.55,2.508612801641637,2.483461301297788,2.5132759836466225,2.4951664470395585
3,2024-11-08,2.36,2.5,2.4465905772871843,2.4483381265689084,2.448772684450151,2.4548471664482707
3,2024-11-09,2.26,2.36,2.28174914798682,2.3009008166823803,2.293413103179081,2.2991190087295634
3,2024-11-10,2.18,2.26,2.1983689597640996,2.197101356911744,2.2042184362954838,2.207447389109303
3,2024-11-11,2.15,2.18,2.1657475838283387,2.137205472564509,2.1645616377531884,2.1658306306619988
3,2024-11-12,2.15,2.15,2.1578029453087955,2.125918777010209,2.1573145024203026,2.1579503298409652
3,2024-11-13,2.13,2.15,2.1509570286223596,2.1233264604129523,2.150816159333987,2.157513558603086
3,2024-11-14,2.17,2.13,2.155756815583661,2.12610143061045,2.150798359836888,2.1588799924745445
3,2024-11-15,2.22,2.17,2.190063052655384,2.189749736836854,2.188950981645021,2.198316148738574
3,2024-11-16,2.23,2.22,2.222560556856595,2.2070092803466186,2.223530271078566,2.215744185588777
3,2024-11-17,2.16,2.23,2.1872821812860193,2.2021907410539936,2.1987014485640484,2.1963920304218436
3,2024-11-18,2.1,2.16,2.1567876105662793,2.14267080228644,2.1613687453446713,2.1488757383056356
3,2024-11-19,2.01,2.1,2.061462033543911,2.065181125328038,2.0617432839814858,2.058902152200105
3,2024-11-20,1.92,2.01,1.931277093594224,1.9330699561400067,1.93667715017264,1.931330253150228
3,2024-11-21,1.83,1.92,1.8415299079936298,1.83483527034751,1.8517758318112492,1.8486144933151945
3,2024-11-22,1.73,1.83,1.7630148394827299,1.7662155266003736,1.7698482129962227,1.7814191767795116
3,2024-11-23,1.64,1.73,1.6693599072765928,1.6665101627908843,1.672014754624019,1.6846696833244101
3,2024-11-24,1.51,1.64,1.5611892705148418,1.5623364598177931,1.5627126654536487,1.5916473455792168
3,2024-11-25,1.46,1.51,1.4646888227267336,1.4588766266173814,1.4628473727079954,1.4919979639575889
3,2024-11-26,1.43,1.46,1.4446387839098926,1.4143451599164913,1.4392066423644743,1.4669555856463894
3,2024-11-27,1.47,1.43,1.4771040070633392,1.4155008623995735,1.4787049350609365,1.4794080335708513
3,2024-11-28,1.51,1.47,1.514598221957547,1.4692426902385378,1.5190684565341979,1.5326392259518193
3,2024-11-29,1.54,1.51,1.5457572044436618,1.5178191398750904,1.551422330328857,1.5721143242092062
3,2024-11-30,1.64,1.54,1.5907189629375482,1.559440417432538,1.5917799413912517,1.610142309975524
3,2024-12-01,1.72,1.64,1.705699285390621,1.6844579282488505,1.6951777864212183,1.715865105087451
3,2024-12-02,1.75,1.72,1.7931153034277882,1.7379502967935831,1.769305277411054,1.7712469126091623
3,2024-12-03,1.73,1.75,1.7542517111129776,1.744001548377528,1.7455807083546346,1.7656229296692532
3,2024-12-04,1.7,1.73,1.7526896666879581,1.7367657698718084,1.7517744898317025,1.7582381560061915
3,2024-12-05,1.67,1.7,1.6617121640753774,1.6772442167788961,1.6619589121968612,1.6854245913319927
3,2024-12-06,1.62,1.67,1.6152433068588872,1.6394548733793612,1.6217593960952617,1.6424402847491306
3,2024-12-07,1.5,1.62,1.566349330824798,1.543972393953748,1.5534413617602072,1.5687257148176537
3,2024-12-08,1.42,1.5,1.4687026963352416,1.4228889948539454,1.4479612361751795,1.4632928434729244
3,2024-12-09,1.37,1.42,1.4127058390524798,1.36026817856824,1.3939086622016639,1.408509650264712
3,2024-12-10,1.33,1.37,1.3579603995007847,1.3252800192314331,1.3474751913017746,1.3681934617035487
3,2024-12-11,1.3,1.33,1.3015919363232253,1.2716344897163032,1.2920129112172558,1.3211998744610562
3,2024-12-12,1.29,1.3,1.3034224459703039,1.282444080313854,1.2887333458368826,1.3282596018411792
3,2024-12-13,1.41,1.29,1.3728629804961288,1.3017197284436046,1.3497792675767954,1.3512290461219267
3,2024-12-14,1.53,1.41,1.4807899375113274,1.4339491980042365,1.4720614551242603,1.4746507727199125
3,2024-12-15,1.51,1.53,1.5323485360445004,1.527490141666816,1.541362888244669,1.5575692546103255
3,2024-12-16,1.54,1.51,1.5077773890185644,1.5108214458176945,1.5168531306611162,1.5237563801684735
3,2024-12-17,1.57,1.54,1.5685549617777546,1.5504430772486149,1.5679290396504257,1.5655949727735023
3,2024-12-18,1.55,1.57,1.602975891627463,1.5819218131507415,1.5758705634325454,1.5842630825165755
3,2024-12-19,1.53,1.55,1.538145319637747,1.5252368813566821,1.5240066713582128,1.5181619995397142
3,2024-12-20,1.48,1.53,1.4830764340640181,1.473485104790922,1.4811989651041764,1.4723508467018673
3,2024-12-21,1.38,1.48,1.4101207769561541,1.3892591374585326,1.4236858102121939,1.4078509407100432
3,2024-12-22,1.21,1.38,1.2500378557273868,1.2742263641039695,1.2633519401075393,1.2909519710657253
3,2024-12-23,1.08,1.21,1.1211186515223428,1.1136202124424728,1.1137463642130883,1.1325264452950852
3,2024-12-24,1.04,1.08,1.0725409646678765,1.0135053993650096,1.0585724945546258,1.0495523545247212
3,2024-12-25,1.01,1.04,1.035483323725159,0.9957660562920613,1.0239488692990424,1.0411077897262897
3,2024-12-26,0.97,1.01,0.9753366584174069,0.9794028343297039,0.96784785446035,1.008160548298119
3,2024-12-27,0.94,0.97,0.9641191586911922,0.9444325984016925,0.9564747699048134,0.9801724834082911
3,2024-12-28,0.96,0.94,0.965240504882523,0.9198510169397102,0.958391006026417,0.9692927519469562
3,2024-12-29,1.06,0.96,1.0389169946282586,0.9784240158586686,1.0568503036235506,1.0437293946415347
3,2024-12-30,1.11,1.06,1.0986953724154254,1.075335067993982,1.1120590609343664,1.1281876032083817
3,2024-12-31,1.07,1.11,1.0988173179658358,1.105204710864783,1.1108553825368443,1.1355532097646126
3,2025-01-01,1.05,1.07,1.0164160835299383,1.056241604751443,1.0195099936673222,1.0534704782057491
3,2025-01-02,1.05,1.05,1.0646659463687425,1.042617996793328,1.0683496232025746,1.0569519591270622
3,2025-01-03,1.06,1.05,1.0835272677912258,1.053722395787031,1.0915687512723578,1.0760278051668524
3,2025-01-04,1.12,1.06,1.08571969508796,1.0609540394947317,1.0902974778043804,1.077135259911593
3,2025-01-05,1.12,1.12,1.1364922766173442,1.1053222085606393,1.1415222126273128,1.124710561718314
3,2025-01-06,1.08,1.12,1.113296589384999,1.0861161690008687,1.1173904932542909,1.102488511839469
3,2025-01-07,1.07,1.08,1.068692382884347,1.0505651768369022,1.0637978963298769,1.058121157556757
3,2025-01-08,1.02,1.07,1.027749177226279,1.0229381022766548,1.0280135225373785,1.022972070854887
3,2025-01-09,0.91,1.02,0.9326004534816313,0.9548138408265844,0.9326076510360416,0.9455489512562325
3,2025-01-10,0.85,0.91,0.8714749257717924,0.8341584136124873,0.8718587795262867,0.8564754322294696
3,2025-01-11,0.93,0.85,0.8308907407157603,0.8145049541144008,0.820872744416485,0.8312305402615562
3,2025-01-12,0.98,0.93,0.9865781183776199,0.9495152021677371,0.9978874906540344,0.9846403313506421
3,2025-01-13,1.08,0.98,1.0672006239703222,1.0314259946341615,1.063463487696991,1.056771173986988
3,2025-01-14,1.1,1.08,1.0944611578143568,1.0987183275113288,1.1069591531861473,1.1081981061663486
3,2025-01-15,1.05,1.1,1.0826116869585447,1.0814197377575485,1.0864622034084297,1.0824174074654465
3,2025-01-16,1.03,1.05,1.0275308666248912,1.0388452164553101,1.0323011345590398,1.0303278310084345
3,2025-01-17,1.09,1.03,0.9968161243079537,1.034750471378195,0.9889184045799064,0.9955448574960295
3,2025-01-18,1.06,1.09,1.1287396908744853,1.0623874296821814,1.1274562832404742,1.076101038445282
3,2025-01-19,0.93,1.06,0.9878430939277053,0.9772077949597419,0.9931845248839725,0.9928985254782529
3,2025-01-20,0.84,0.93,0.8526243118348686,0.8389639269549667,0.8466275943461805,0.8530247366330918
3,2025-01-21,0.8,0.84,0.829970156786843,0.7867099779430688,0.802483517437616,0.8002131330429254
3,2025-01-22,0.79,0.8,0.7824986357732349,0.7719676501672036,0.7703094826397492,0.7780449174986833
3,2025-01-23,0.69,0.79,0.7481931298735586,0.7579599636831696,0.7458528412815563,0.7605254447383057
3,2025-01-24,0.61,0.69,0.6217675144156711,0.6390843291426801,0.6259505847736265,0.6438476017621633
3,2025-01-25,0.6,0.61,0.6181426713136564,0.5790226790172307,0.6102337417530929,0.6125058365026114
3,2025-01-26,0.61,0.6,0.6107208792853307,0.6108945765154088,0.6147632548147951,0.642758709232009
3,2025-01-27,0.67,0.61,0.6551873893732424,0.6439063234118354,0.6682616725149247,0.6793756020468714
3,2025-01-28,0.78,0.67,0.7351071460758436,0.7252040620930681,0.7605741425906074,0.7628623995056257
3,2025-01-29,0.91,0.78,0.8788879721144665,0.8683364099320846,0.9075936314919343,0.9005161032472045
3,2025-01-30,1.03,0.91,0.9933787852051331,0.9995263084214492,1.0279610422358874,1.0239602245699764
3,2025-01-31,1.15,1.03,1.1086855640198556,1.110670136043159,1.1233187540965475,1.1232660328377433
3,2025-02-01,1.12,1.15,1.1842813135578374,1.1890435163090107,1.1924837024840125,1.1847147319055766
3,2025-02-02,1.12,1.12,1.0768695523655671,1.0976290337122774,1.0965326768865613,1.0794450853336697
3,2025-02-03,1.04,1.12,1.0500061276340367,1.0429087219976452,1.0421400277614143,1.0347202887959026
3,2025-02-04,0.89,1.04,0.9241966005206342,0.9371152811103521,0.9279863338189706,0.9345367310349088
3,2025-02-05,0.79,0.89,0.8204185647853821,0.800152683614825,0.821706384109501,0.8054945443535225
3,2025-02-06,0.69,0.79,0.7331575568386298,0.7150059280676627,0.7220296441986137,0.7207759731720106
3,2025-02-07,0.59,0.69,0.6017991273902737,0.6397189807508153,0.5993635672821147,0.6249322427692571
3,2025-02-08,0.53,0.59,0.5416355875626172,0.5230132096784265,0.527065385883999,0.5291235522594733
3,2025-02-09,0.52,0.53,0.5061286253775514,0.49835518451843464,0.5042181587424773,0.5146522732313586
3,2025-02-10,0.63,0.52,0.5656401084059058,0.5436066304617341,0.5897471706995095,0.5780555417043481
3,2025-02-11,0.76,0.63,0.7398469939001607,0.7033275232429936,0.7678709364277904,0.7511866494212879
3,2025-02-12,0.85,0.76,0.8373190413844599,0.8549067908635312,0.8743840913928068,0.887045971320147
3,2025-02-13,0.9,0.85,0.9019593172518355,0.9293180569842976,0.9310751134037577,0.9418405980297168
3,2025-02-14,0.94,0.9,0.9516983280050734,0.9703379859096851,0.9848636153492669,0.9756234824097253
3,2025-02-15,0.92,0.94,0.9122837049333284,0.963733529858812,0.9318617348205481,0.9488494349823143
3,2025-02-16,0.89,0.92,0.8845083635325429,0.9040488460725083,0.898122906832764,0.8831245408621918
3,2025-02-17,0.86,0.89,0.8271044938282389,0.8270613079214771,0.8413952272454504,0.8237980526462442
3,2025-02-18,0.79,0.86,0.7819848702191918,0.7777612628298209,0.790370397710242,0.7803119094467079
3,2025-02-19,0.7,0.79,0.7215571066734398,0.7089115897903634,0.727364108532787,0.71575875393223
3,2025-02-20,0.63,0.7,0.6377422412097308,0.6460603619116291,0.6313596145664497,0.6378416651305204
3,2025-02-21,0.51,0.63,0.5535601776279324,0.5656098030388782,0.5536020520881688,0.5597440379592347
3,2025-02-22,0.49,0.51,0.5072093086528131,0.4561471630430593,0.4980319224775102,0.47753348016772107
3,2025-02-23,0.48,0.49,0.4801611858059626,0.45903733589419504,0.48043107852134265,0.4947572016093102
3,2025-02-24,0.53,0.48,0.49121208983354336,0.47631981145052765,0.4974908187382425,0.5171402156577596
3,2025-02-25,0.62,0.53,0.5911734734128961,0.5899273485908728,0.6057923814224769,0.627862786955097
3,2025-02-26,0.72,0.62,0.6928683149895515,0.6862106103760574,0.7010018222223323,0.7169105147401869
3,2025-02-27,0.86,0.72,0.8291814060713354,0.8072789704620362,0.8436914223581056,0.8361383187257673
3,2025-02-28,1.05,0.86,1.0002456510006046,0.9824477559328894,1.0221230621045436,1.0066775683580438
3,2025-03-01,1.14,1.05,1.154580158721525,1.1735568971711114,1.1861343938589668,1.1846344750654776
3,2025-03-02,1.18,1.14,1.2400111259936886,1.2565861979512476,1.2496557346282664,1.2436174003696014
3,2025-03-03,1.15,1.18,1.199594242736491,1.219223842112579,1.2065727972467022,1.1992898386664164
3,2025-03-04,1.05,1.15,1.0135746527753788,1.0825999676471165,1.0295376382524746,1.0487768163551892
3,2025-03-05,0.91,1.05,0.9028580614442312,0.8936763382836023,0.9082626257165467,0.9055237641377625
3,2025-03-06,0.73,0.91,0.7978462473951615,0.7636606144258415,0.7824317749648216,0.7799476161285526
3,2025-03-07,0.55,0.73,0.5462502280366317,0.6032076651057525,0.5899213879468688,0.6020021310284186
3,2025-03-08,0.49,0.55,0.49430722509164793,0.4628098500110868,0.4817978035334874,0.46304071196520796
3,2025-03-09,0.53,0.49,0.5085302832886395,0.45411191159078285,0.49751492302137956,0.48551554994732
3,2025-03-10,0.53,0.53,0.5098584167696973,0.5346554845865775,0.5191449740994819,0.5569851629408575
3,2025-03-11,0.63,0.53,0.585438142917827,0.5827148363883653,0.5986278396524356,0.6071334907621543
3,2025-03-12,0.72,0.63,0.7747674358504448,0.7265413401913796,0.7817818996738964,0.7719609493289621
3,2025-03-13,0.96,0.72,0.8496661263231134,0.8517996284438336,0.894736288540695,0.8885887600389015
3,2025-03-14,1.15,0.96,1.1169791814287255,1.098695585407275,1.1370568157324703,1.125595372429312
3,2025-03-15,1.14,1.15,1.1910675391347305,1.222533012105697,1.205173027099125,1.2213058801193564
3,2025-03-16,1.07,1.14,1.123934836279718,1.1624548753647332,1.1335093841782102,1.1369311335023415
3,2025-03-17,1.04,1.07,1.0366820688275036,1.06289128230131,1.034349912528044,1.0391570495814793
3,2025-03-18,1.04,1.04,1.0153295816746182,1.013123041447453,0.9994982679119842,0.9989530043927538
3,2025-03-19,0.98,1.04,0.9994583606159766,0.982976587961892,0.9859245317766282,0.9799917012050096
3,2025-03-20,0.88,0.98,0.885373597327989,0.8844566909115731,0.8853533159295696,0.8872051866768155
3,2025-03-21,0.74,0.88,0.7604925111003993,0.760444961125487,0.7619801644896973,0.7683528984717638
3,2025-03-22,0.57,0.74,0.608216664109446,0.6167502455213776,0.6229089782252001,0.6289722390297803
3,2025-03-23,0.48,0.57,0.5063581674898906,0.4810294931332672,0.49766257962115595,0.4916812229946774
3,2025-03-24,0.45,0.48,0.493106695068818,0.4320681904619035,0.5004802562464269,0.4764004726996358
3,2025-03-25,0.5,0.45,0.40879033619862926,0.4542809258528781,0.4273176600343405,0.4853520239944447
3,2025-03-26,0.67,0.5,0.6220436786622493,0.581042083606481,0.652747962198735,0.655747011379626
3,2025-03-27,0.89,0.67,0.8715746897860016,0.8441563003210152,0.9042649955301155,0.9059368310286225
3,2025-03-28,1.21,0.89,1.127755828649686,1.1111079795882703,1.1811556787590123,1.1590040232214454
3,2025-03-29,1.45,1.21,1.4010516203465455,1.413754774194391,1.459785401448143,1.4568159718683698
3,2025-03-30,1.55,1.45,1.4909068651991813,1.5473287488772838,1.5129892833521537,1.5492526721248385
3,2025-03-31,1.51,1.55,1.5466539863922306,1.5658472976804518,1.5470969279537297,1.5496278552854905
3,2025-04-01,1.39,1.51,1.4173841700040994,1.4745415759169986,1.4473966778601286,1.4503888335852066
3,2025-04-02,1.31,1.39,1.3176538895763004,1.3245347314783757,1.3286478885160102,1.3190303095603462
3,2025-04-03,1.14,1.31,1.1227171327818546,1.1711110179703674,1.1707577372804894,1.1718950810278528
3,2025-04-04,0.96,1.14,0.9897908297345492,0.9659025658182333,1.007452983725206,0.9963871877442263
3,2025-04-05,0.83,0.96,0.8398264080156769,0.8112893098040642,0.8281039352893717,0.8454889487909218
3,2025-04-06,0.76,0.83,0.7967501493953154,0.7349088553960036,0.7591281160931324,0.7689362854238625
3,2025-04-07,0.79,0.76,0.7838886891774888,0.7218328037545976,0.7667245412459242,0.7796584185123558
3,2025-04-08,0.89,0.79,0.8502078769588934,0.8493397787592042,0.8528814348366577,0.8994132046038795
3,2025-04-09,0.94,0.89,0.948399389924384,0.9823245876133287,0.957114361633561,1.005558962590278
3,2025-04-10,1.02,0.94,1.0044258250887923,0.9955255754549004,1.0027265419260176,1.021603240135065
3,2025-04-11,1.15,1.02,1.1248989776188076,1.0722707462697283,1.1330932463395142,1.1365372522060782
3,2025-04-12,1.31,1.15,1.2722087317169333,1.227891485444218,1.2689878018345626,1.2945849415001078
3,2025-04-13,1.32,1.31,1.3340769838149067,1.350484572262223,1.3368991791010831,1.3769980530449828
3,2025-04-14,1.29,1.32,1.3016549985296861,1.3129464989758262,1.320025613590456,1.336336868338084
3,2025-04-15,1.22,1.29,1.294001360501748,1.2516260153725642,1.2948089236610996,1.2913941119707089
3,2025-04-16,1.22,1.22,1.2435980814622019,1.1962465109640388,1.2597623566038356,1.256674919284433
3,2025-04-17,1.22,1.22,1.225865147286865,1.1934136710397858,1.2223261853151088,1.2473435512787943
3,2025-04-18,1.19,1.22,1.1729259459011658,1.1862439375137088,1.174433952452953,1.2123190434582358
3,2025-04-19,1.15,1.19,1.1630881730664373,1.103229229375992,1.1467778497682808,1.1521307940692826
3,2025-04-20,1.11,1.15,1.1189929460935815,1.0645117197035676,1.1069373150943984,1.130130671715406
3,2025-04-21,1.04,1.11,1.0630963437543273,1.0302383022231874,1.0463774353057023,1.0867571636259399
3,2025-04-22,0.97,1.04,1.0233221693871775,0.9732571449007326,1.0148105983410574,1.0344986101673552
3,2025-04-23,1.1,0.97,1.0329408421009085,0.9813440731202956,1.024833665854655,1.052709499613105
3,2025-04-24,1.3,1.1,1.2608745389839733,1.1702567427013422,1.2472305196862032,1.2589274143504712
3,2025-04-25,1.48,1.3,1.44201440566356,1.4005547621597856,1.4370336559593941,1.4667201866368267
3,2025-04-26,1.62,1.48,1.6412745325771012,1.5866795050459876,1.6253951205092438,1.6423209622274302
3,2025-04-27,1.74,1.62,1.716361666556802,1.7086805865706325,1.6986202513299062,1.7313404089121136
3,2025-04-28,1.72,1.74,1.7469066921161256,1.7735384750504233,1.7385428375319183,1.7724712025932439
3,2025-04-29,1.66,1.72,1.6884656054648057,1.6928499105622166,1.6822703215569703,1.7201932681874565
3,2025-04-30,1.63,1.66,1.7500114160199745,1.677996356530693,1.7516290877069132,1.77052417073033
3,2025-05-01,1.79,1.63,1.8498317501149348,1.7190910844729952,1.8522494828574059,1.8380307625763745
3,2025-05-02,1.93,1.79,1.9545677143985467,1.855584717891589,1.9529019699377408,1.9646447382820782
3,2025-05-03,1.97,1.93,2.0195234451041135,1.9297516798563479,2.012213813073659,2.0213348593126548
3,2025-05-04,1.92,1.97,1.8928929471159295,1.9098111935922788,1.9142189715280649,1.941956574251079
3,2025-05-05,1.83,1.92,1.7990518398684716,1.824034074663916,1.8345552213687704,1.8451766332779813
3,2025-05-06,1.69,1.83,1.7024628700857043,1.7415552682395206,1.7436099496561894,1.7644524653811002
3,2025-05-07,1.58,1.69,1.6029246763029872,1.6007476141688457,1.6267320243418897,1.6398286422604829
3,2025-05-08,1.55,1.58,1.567775562083115,1.5151520364534334,1.5788036304565871,1.583531910546936
3,2025-05-09,1.55,1.55,1.4823486282486522,1.5165553349797605,1.5301650782498217,1.5562529335884132
3,2025-05-10,1.57,1.55,1.5550239557562753,1.5490867260131607,1.5890278085071217,1.6060788683124212
3,2025-05-11,1.61,1.57,1.5952777715051414,1.580053964011802,1.6055902976454497,1.639764520730889
3,2025-05-12,1.65,1.61,1.6459386302127261,1.627848246631048,1.6437757810349047,1.678245304678916
3,2025-05-13,1.7,1.65,1.6869126949204922,1.6620083594095139,1.6965228818831974,1.7216366249688475
3,2025-05-14,1.67,1.7,1.7140835957746303,1.7097196424493486,1.728855161930664,1.7630062782609641
3,2025-05-15,1.67,1.67,1.7313165370247616,1.6990702727545444,1.7287603733483345,1.7690335733934421
3,2025-05-16,1.7,1.67,1.7162078177051008,1.687597028847338,1.730015621187113,1.7657026732157257
3,2025-05-17,1.79,1.7,1.808112419258934,1.7265624065132386,1.7843147725683481,1.8169570546595952
3,2025-05-18,1.84,1.79,1.8540302465946081,1.8013028839996732,1.850815559412866,1.8891674325132242
3,2025-05-19,1.88,1.84,1.8918294660111707,1.82134729020462,1.8904855960867943,1.9124066836233722
3,2025-05-20,1.93,1.88,1.9256322324085517,1.8577286421947525,1.9272445096353212,1.970541481509109
3,2025-05-21,2.09,1.93,2.1143592223364047,1.9675148402335623,2.091945354692745,2.110775944738877
3,2025-05-22,2.32,2.09,2.314389028145417,2.2156303983848193,2.315238636182577,2.3273558260541662
3,2025-05-23,2.44,2.32,2.447745702995083,2.441102935647317,2.4621909905931254,2.488920451315528
3,2025-05-24,2.61,2.44,2.543885489080869,2.5516292000230094,2.567617589521751,2.578249449510773
3,2025-05-25,2.74,2.61,2.7273655245961916,2.720417644154351,2.7393658222498036,2.739587935275164
3,2025-05-26,2.82,2.74,2.8596116966688747,2.8359184450093653,2.8474263566954607,2.8496169464080796
3,2025-05-27,2.84,2.82,2.8714544620643956,2.8962438169711064,2.8526996033270677,2.8748892331914693
3,2025-05-28,2.86,2.84,2.8358967197595835,2.893431623259145,2.828769486779733,2.8499137685453575
3,2025-05-29,3.13,2.86,3.022190614626754,3.011420870855227,3.0066080866732743,3.0042903664790352
3,2025-05-30,3.24,3.13,3.337243739434687,3.285246417691946,3.2883994949155912,3.2735877913076443
3,2025-05-31,2.95,3.24,3.0643793917375604,3.206775882237428,3.0934440270396983,3.11632271193058
3,2025-06-01,2.89,2.95,2.7695129750976544,2.769122083160204,2.814151162818573,2.788874530617438
3,2025-06-02,2.81,2.89,2.834635246184067,2.779143217803418,2.8466517719107363,2.8827896963919755
3,2025-06-03,2.89,2.81,2.911628344369805,2.8224194088987864,2.933670125198835,2.9522846104177227
3,2025-06-04,3.23,2.89,3.1600962911313815,3.0293860490299758,3.194581989752597,3.153448784792939
3,2025-06-05,3.65,3.23,3.5250076187885693,3.437089908656526,3.5686764139080864,3.534166635676531
3,2025-06-06,3.95,3.65,3.8485554584470614,3.8210807587581193,3.892254213466058,3.90715429331846
3,2025-06-07,4.09,3.95,4.030376281985025,4.030467403534684,4.053595671625964,4.078501001941176
3,2025-06-08,4.03,4.09,4.062692674248516,4.080516827665878,4.085477842174806,4.078361418875766
3,2025-06-09,3.88,4.03,3.943431690043294,3.955226085370164,3.937780944010379,3.9354214892680304
3,2025-06-10,3.71,3.88,3.717967875735913,3.7746329777470304,3.728859625750484,3.74827347658122
3,2025-06-11,3.53,3.71,3.5914382634390267,3.5985389657067324,3.5853137934179373,3.5959411778430925
3,2025-06-12,3.38,3.53,3.4333646973397127,3.436593322383422,3.451095297941226,3.4607486882044363
3,2025-06-13,3.23,3.38,3.276423492912659,3.2894994398958914,3.286398463740916,3.311998383217581
3,2025-06-14,3.12,3.23,3.1658882546200355,3.163313446270801,3.1687665436321897,3.1969501378238667
3,2025-06-15,3.07,3.12,3.0827499846615756,3.0752068682299694,3.085667778330922,3.1154963193539658
3,2025-06-16,3.05,3.07,3.021296716112582,3.0292266229343414,3.027349998954588,3.050590687976842
3,2025-06-17,3.09,3.05,3.054586193558031,3.026570370003897,3.0429163303365256,3.045788877721684
3,2025-06-18,3.04,3.09,3.033883656078153,3.055550496128791,3.0488366354843133,3.0542695095498957
3,2025-06-19,2.98,3.04,2.991647954002025,3.004986097620003,3.0017937937951977,3.0136277831876357
3,2025-06-20,2.97,2.98,2.9487366560666053,2.950597032520802,2.9493890890472785,2.9717441518155834
3,2025-06-21,2.9,2.97,2.953809992708458,2.9763810703922444,2.9648870991785508,3.0097589132742315
3,2025-06-22,2.98,2.9,2.9396082053585197,2.930606311251496,2.9335614246340906,2.9814415913998467
3,2025-06-23,3.04,2.98,3.0399581018180792,3.0095716913800596,3.0230545424744353,3.0696701806383735
3,2025-06-24,3.17,3.04,3.1331511584520517,3.1150376610044876,3.1284795005395254,3.173218225868032
3,2025-06-25,3.31,3.17,3.3161871678919805,3.314924261964953,3.30726559347613,3.3495262327342226
3,2025-06-26,3.48,3.31,3.5072717227664123,3.4592050521478064,3.4934578711642517,3.5051246160922744
3,2025-06-27,3.64,3.48,3.642831450805276,3.601586768909032,3.645944374656844,3.6626040477612243
3,2025-06-28,3.76,3.64,3.7497653002077564,3.736951049687655,3.7593691117201744,3.797201240001359
3,2025-06-29,3.81,3.76,3.8133951500681857,3.821072984195364,3.839355711870734,3.87821507891119
3,2025-06-30,3.9,3.81,3.8663923657973127,3.820628395795152,3.8488189174256635,3.8775316187588036
3,2025-07-01,3.9,3.9,3.913196585721768,3.8538231560759955,3.889219037120272,3.90213881461889
3,2025-07-02,3.87,3.9,3.8648973661022636,3.8336892628010655,3.8627211139769266,3.8748037511871107
3,2025-07-03,3.82,3.87,3.839304289951138,3.813028564992536,3.8224148606046184,3.8302002466813563
3,2025-07-04,3.69,3.82,3.7389383980797386,3.734811502622611,3.727766450251915,3.7349920000404353
3,2025-07-05,3.58,3.69,3.5813425310891076,3.5740788199355613,3.5791046538711684,3.5966880993298846
3,2025-07-06,3.51,3.58,3.531558687450475,3.505585024233041,3.5238247633868265,3.5451448696924914
3,2025-07-07,3.54,3.51,3.5401608898733685,3.5038803496322246,3.5342583254044846,3.557578766630034
3,2025-07-08,3.64,3.54,3.606128015095225,3.5900831334697507,3.609561883374873,3.6297821546926214
3,2025-07-09,3.75,3.64,3.763665696162409,3.7209854627960155,3.760517883957506,3.762024544982365
3,2025-07-10,3.85,3.75,3.8905061094630478,3.8187473477424425,3.868901046580211,3.867207526515994
3,2025-07-11,3.88,3.85,3.891398128913261,3.8746188835583126,3.893174511034377,3.917012689532134
3,2025-07-12,3.85,3.88,3.9036514639924893,3.8693752783072703,3.892269904420916,3.904471951595134
3,2025-07-13,3.84,3.85,3.865343157417495,3.834303150151708,3.8629143346433494,3.8673070721188214
3,2025-07-14,4.0,3.84,3.955482726610237,3.9116835963004957,3.9413094367006956,3.9329832771113793
3,2025-07-15,4.02,4.0,4.069497086535051,4.018622523428056,4.036912935514054,4.029128926599242
3,2025-07-16,3.95,4.02,3.948451377724095,3.914139350578658,3.945533412519872,3.941136058875783
3,2025-07-17,3.91,3.95,3.9651169624080156,3.842546049841719,3.9389457397182324,3.9164231384792814
3,2025-07-18,3.9,3.91,3.972682173881734,3.8559353851039653,3.95924201291998,3.9444893972898236
3,2025-07-19,3.93,3.9,3.910625776688534,3.8657043474598374,3.925957297194848,3.925701438180043
3,2025-07-20,3.99,3.93,3.9616858712430614,3.9014196391207245,3.951893391749572,3.9664911696914977
3,2025-07-21,4.06,3.99,4.070237060245404,3.9800568230861058,4.047648848201188,4.045524175354434
3,2025-07-22,4.16,4.06,4.157945051013221,4.072878803270938,4.167222771213157,4.141746777619232
3,2025-07-23,4.29,4.16,4.260090700948323,4.209216186673584,4.269264977462812,4.262200169062848
3,2025-07-24,4.41,4.29,4.4745365679869735,4.369052576526667,4.438573623829214,4.398691136771634
3,2025-07-25,4.57,4.41,4.567255678362632,4.591140691300047,4.564818156864498,4.541680079574202
3,2025-07-26,4.62,4.57,4.67427974807377,4.635474658780576,4.617781484695726,4.6168348443169736
3,2025-07-27,4.54,4.62,4.575812423814385,4.569264542802279,4.582923995161119,4.572853316338371
3,2025-07-28,4.5,4.54,4.5082236648545555,4.466394499793641,4.5091685502853665,4.501059199821406
3,2025-07-29,4.43,4.5,4.451283021494611,4.41348948324499,4.434908451256244,4.435033284485644
3,2025-07-30,4.35,4.43,4.369794224213376,4.3102488722976195,4.364506394736302,4.338772701097407
3,2025-07-31,4.32,4.35,4.34453508404486,4.236722529055501,4.334451291698041,4.3049013268880145
3,2025-08-01,4.27,4.32,4.298493291349771,4.208694519587131,4.286473332250899,4.286411271608343
3,2025-08-02,4.25,4.27,4.244626550215111,4.174977929284521,4.223740262991981,4.234662937780802
3,2025-08-03,4.24,4.25,4.25463245172069,4.2010616490615815,4.244929850243777,4.24925760960779
3,2025-08-04,4.29,4.24,4.295861041361841,4.195863465223501,4.280491706997485,4.266260422768796
3,2025-08-05,4.34,4.29,4.339544215240494,4.269885907307388,4.347589202901852,4.344602766519212
3,2025-08-06,4.43,4.34,4.468170188060653,4.3579199244685505,4.453684394583296,4.440252554552192
3,2025-08-07,4.56,4.43,4.612105880957701,4.489775775821386,4.585858197027786,4.557677307884582
3,2025-08-08,4.72,4.56,4.704610634311848,4.642387656615969,4.69254286429987,4.673414382489813
3,2025-08-09,4.83,4.72,4.837871852902089,4.783904748557002,4.827738633472181,4.811804983823691
3,2025-08-10,4.9,4.83,4.887353546925407,4.851650970470853,4.888897657956635,4.8873909714445105
3,2025-08-11,4.97,4.9,4.977411286215695,4.873019178290746,4.9713933541146025,4.9526937159408035
3,2025-08-12,5.05,4.97,5.054542266798969,4.960305237270582,5.055763105135935,5.0409121851217344
3,2025-08-13,5.14,5.05,5.1355444595718485,5.048579579549453,5.134728964425094,5.122050166050742
3,2025-08-14,5.23,5.14,5.20904700838252,5.126496358468489,5.203655342068312,5.198280719998204
3,2025-08-15,5.27,5.23,5.250192528944594,5.158157678254338,5.260856816241341,5.250901058650338
3,2025-08-16,5.29,5.27,5.277727890149859,5.184070258171606,5.302318313831268,5.287200789795805
3,2025-08-17,5.25,5.29,5.29042520283466,5.1944359034976175,5.299313333803902,5.294934874580114
3,2025-08-18,5.2,5.25,5.249144654962586,5.18047503143195,5.241912198119999,5.239447487554264
3,2025-08-19,5.18,5.2,5.202913626514708,5.156849050144338,5.1906306435998655,5.176043177805667
3,2025-08-20,5.11,5.18,5.1393334307706064,5.128637270607157,5.119155195549492,5.113260775986528
3,2025-08-21,5.03,5.11,5.0681351980840885,5.045643952576698,5.03643962584725,5.0183234880383525
3,2025-08-22,4.92,5.03,4.969089382860551,4.956552959222338,4.940291888263813,4.930578606324364
3,2025-08-23,4.89,4.92,4.891482990928391,4.86673475156539,4.8697259064904985,4.8422513782272265
3,2025-08-24,4.81,4.89,4.8504359466587115,4.807019404985286,4.817651699956977,4.8156020021503405
3,2025-08-25,4.7,4.81,4.758094495718113,4.713742814686543,4.734223450318107,4.724496090912202
3,2025-08-26,4.64,4.7,4.637410046413126,4.6051685298544935,4.634070411267328,4.623921582540725
3,2025-08-27,4.61,4.64,4.628354504717036,4.580595861547538,4.620720875655992,4.606972580210946
3,2025-08-28,4.6,4.61,4.576870518073918,4.537461830021957,4.568879144845302,4.565671078845775
3,2025-08-29,4.58,4.6,4.573591500234293,4.505247703496856,4.57233130332467,4.556303695720526
3,2025-08-30,4.55,4.58,4.552539230747005,4.476979532534602,4.556264444653805,4.552667910245288
3,2025-08-31,4.55,4.55,4.555705875382983,4.472204495251432,4.558690735548533,4.555158306498467
3,2025-09-01,4.56,4.55,4.564654232800974,4.47386598292004,4.557700585433611,4.564556673304402
3,2025-09-02,4.71,4.56,4.659783086799223,4.556947493990628,4.648980009269653,4.631512581844686
3,2025-09-03,4.8,4.71,4.790920799135599,4.72191773964849,4.778737890267693,4.787520064617722
3,2025-09-04,4.87,4.8,4.869263101136725,4.800986098227182,4.852864524799337,4.849389014973139
3,2025-09-05,4.87,4.87,4.891615036738782,4.835754548028057,4.895672493991468,4.897056978409595
3,2025-09-06,4.86,4.87,4.8811133725041485,4.81916192937117,4.875501266969651,4.874041675687818
3,2025-09-07,4.83,4.86,4.85506693258748,4.812876593008616,4.841863907311498,4.849109063603993
3,2025-09-08,4.8,4.83,4.820853125522133,4.777356385977325,4.794715315811094,4.791829712998836
3,2025-09-09,4.76,4.8,4.795616920606617,4.75780081516266,4.779370859366505,4.7678289999167776
3,2025-09-10,4.72,4.76,4.756915079112843,4.726513464499566,4.741170400509264,4.731508246449721
3,2025-09-11,4.74,4.72,4.735029122290344,4.6973621540037565,4.721839154888297,4.706835572311605
3,2025-09-12,4.74,4.74,4.718461585673552,4.683973692277278,4.713121398368387,4.708080132742936
3,2025-09-13,4.71,4.74,4.700962680688006,4.626530375461468,4.700214149135253,4.684754985718549
3,2025-09-14,4.67,4.71,4.707025355289875,4.597230102855697,4.708090880131522,4.689249476688102
3,2025-09-15,4.67,4.67,4.67927756019026,4.578132093964839,4.68441361434365,4.683057269990862
3,2025-09-16,4.7,4.67,4.65389508313409,4.585379613776446,4.668247933300329,4.676470819603846
3,2025-09-17,4.73,4.7,4.72498325904866,4.640963432097753,4.737337386844845,4.735026187142764
3,2025-09-18,4.77,4.73,4.799486522627913,4.6961729435845045,4.801174556132942,4.793349459196996
3,2025-09-19,4.84,4.77,4.848604230605533,4.759211181944964,4.8453366928987665,4.839017645293302
3,2025-09-20,4.87,4.84,4.911449704364146,4.832962069783662,4.9022603186657925,4.902329854723395
3,2025-09-21,4.91,4.87,4.915418066942178,4.846869454571858,4.904372810890049,4.902490027487736
3,2025-09-22,4.99,4.91,4.993138839647775,4.909874319906529,4.9741360488920945,4.954083205122287
3,2025-09-23,4.97,4.99,5.027297074404562,4.992583881324593,5.014151300127672,5.010339114140454
3,2025-09-24,4.94,4.97,4.9702916726561135,4.939721169429496,4.957033199720748,4.95032636803938
3,2025-09-25,4.9,4.94,4.914795915512456,4.881042274405662,4.912758096510399,4.897494414899849
3,2025-09-26,4.88,4.9,4.859496944902729,4.824584027162598,4.850999962232258,4.842393573554191
3,2025-09-27,4.83,4.88,4.835843623759833,4.791494860021363,4.811467714556302,4.794358459677088
3,2025-09-28,4.63,4.83,4.679163297223485,4.6378494665133205,4.670877292774599,4.668237331981877
3,2025-09-29,4.43,4.63,4.471677367359851,4.434490815800643,4.447787851983981,4.465363119428688
3,2025-09-30,4.21,4.43,4.269390300747767,4.249584904720025,4.239288355199368,4.278565798355873
3,2025-10-01,4.15,4.21,4.154469454200694,4.080744517971378,4.121872832774311,4.096555016550006
3,2025-10-02,4.16,4.15,4.168075312078146,4.14509989682067,4.166453863383687,4.132189279445366
3,2025-10-03,4.15,4.16,4.124185720697046,4.15492273717269,4.125715145564765,4.115905859042219
3,2025-10-04,4.05,4.15,4.111801776721269,4.118328449226226,4.106156094716622,4.089927209926876
3,2025-10-05,4.01,4.05,4.032326182866397,4.004898259070792,4.016393243615694,4.006554721500168
3,2025-10-06,4.04,4.01,4.040323400767101,3.995912474732632,4.031618025631128,4.016436603108855
3,2025-10-07,4.14,4.04,4.122189009399851,4.078930120914909,4.131602309086353,4.132746666929254
3,2025-10-08,4.34,4.14,4.22238673850999,4.083098663469136,4.224096679734373,4.196648461125972
3,2025-10-09,4.38,4.34,4.378989914135575,4.292125820568093,4.384031758226771,4.369296403422564
3,2025-10-10,4.31,4.38,4.35559130003308,4.302498686264369,4.367104677058427,4.348883188061291
3,2025-10-11,4.29,4.31,4.345997373589259,4.309393552762885,4.360225070353628,4.329682252504145
3,2025-10-12,4.18,4.29,4.239497002852865,4.2139292304196045,4.229705283808131,4.247222363825105
3,2025-10-13,4.05,4.18,4.08502256535204,4.042571914060823,4.073290383349334,4.076508888083342
3,2025-10-14,3.88,4.05,3.901393030432731,3.890453242443455,3.9004847991628337,3.922799175599932
3,2025-10-15,3.74,3.88,3.750978996807838,3.7383298237423035,3.736503956802739,3.7556674411244426
3,2025-10-16,3.63,3.74,3.685653012443301,3.6400151916240335,3.6671995337733967,3.6565609349513064
3,2025-10-17,3.55,3.63,3.5935590836786897,3.5596252282203094,3.5864525456004537,3.5819501997137855
3,2025-10-18,3.52,3.55,3.534402314382958,3.5053738896808095,3.522819754878942,3.522475753252953
3,2025-10-19,3.51,3.52,3.5256614570366,3.496739085508335,3.51975318318024,3.5089370709681624
3,2025-10-20,3.49,3.51,3.4844595424871017,3.4918170568319673,3.493243015615699,3.493567558563855
3,2025-10-21,3.41,3.49,3.464226710857747,3.4535765651666606,3.4567492361506496,3.4560362723697335
3,2025-10-22,3.31,3.41,3.3912989988586424,3.370533569992567,3.3760778854285434,3.3727958587820766
3,2025-10-23,3.25,3.31,3.2573004391878237,3.261009033150143,3.2496366449022833,3.2542803839444936
3,2025-10-24,3.17,3.25,3.2086399113253345,3.2144494173623053,3.2069623656783404,3.2046716305515144
3,2025-10-25,3.08,3.17,3.1057848041963094,3.118571947594585,3.1086487788711614,3.109865070273797
3,2025-10-26,2.95,3.08,2.969231691630364,3.0038671451393597,2.9826741217390853,2.9925715746609307
3,2025-10-27,2.86,2.95,2.858005881269942,2.8528988786434812,2.8643437586221965,2.8645590614501457
3,2025-10-28,2.77,2.86,2.776107505146373,2.772524851405336,2.7837152699209855,2.790978122871675
3,2025-10-29,2.72,2.77,2.729286708093285,2.720110497436789,2.7319432664139853,2.7386304002620103
3,2025-10-30,2.66,2.72,2.667786185726657,2.7014254936317332,2.6788303401296703,2.7004856927607483
3,2025-10-31,2.52,2.66,2.5586537089951924,2.6105222595075346,2.574277214769594,2.6068094683345464
3,2025-11-01,2.52,2.52,2.499768732025152,2.470074626658956,2.500593503894921,2.502368092579711
3,2025-11-02,2.65,2.52,2.668535867777864,2.5381022450754522,2.6403192633945736,2.600301078735774
3,2025-11-03,2.74,2.65,2.7920625365228062,2.7022875457761675,2.7961103883389846,2.7664134758486316
3,2025-11-04,2.95,2.74,2.9378219363020124,2.831056314082595,2.930717317317084,2.8807735859729657
3,2025-11-05,3.1,2.95,3.1116115959363784,3.077787158000016,3.107192064585685,3.085528789238045
3,2025-11-06,3.21,3.1,3.179707595009378,3.2000451867596507,3.1637188087583614,3.1752995987321775
3,2025-11-07,3.19,3.21,3.2178614450930585,3.2364794437640323,3.2043138247294607,3.225159075875169
3,2025-11-08,3.06,3.19,3.14410850749951,3.1641333056877268,3.1558168941279887,3.164885305340096
3,2025-11-09,2.95,3.06,2.9549222562853945,2.990288682137907,2.98723747411721,2.9935973676147856
3,2025-11-10,2.9,2.95,2.875059114296296,2.8474006739191466,2.8872315747508246,2.872618452625335
3,2025-11-11,2.75,2.9,2.7884335609015958,2.7939883912027006,2.800394489714801,2.8106481101841596
3,2025-11-12,2.61,2.75,2.630049776243906,2.6496304086736733,2.6369858464938427,2.6617649094961684
3,2025-11-13,2.47,2.61,2.5107892483561525,2.5104290946251013,2.5192172907664534,2.5371350306012057
3,2025-11-14,2.38,2.47,2.397085811676711,2.3823260966094715,2.401492009018026,2.417822853915301
3,2025-11-15,2.34,2.38,2.33859365992469,2.3124452667405455,2.3419116469120813,2.3522581421283015
3,2025-11-16,2.3,2.34,2.316945522422979,2.2953191226441407,2.3204458332258224,2.33136619971794
3,2025-11-17,2.3,2.3,2.299991182060149,2.2713817837344634,2.3076595095189267,2.3080712675541872
3,2025-11-18,2.33,2.3,2.3118150712687564,2.28533789512314,2.3129994561639653,2.3156442030404087
3,2025-11-19,2.33,2.33,2.327752307319554,2.3265697599684025,2.329335292696443,2.339757031418646
3,2025-11-20,2.32,2.33,2.331364222234488,2.3025130946460206,2.3340760566619565,2.318136794929941
3,2025-11-21,2.26,2.32,2.2968967023864795,2.2874471284617437,2.3137304054990206,2.3008878618494477
3,2025-11-22,2.18,2.26,2.1934501348149733,2.230232860272689,2.22384026661314,2.229052539048222
3,2025-11-23,2.12,2.18,2.123683068826203,2.146105243459612,2.1381722317412786,2.1355305420623627
3,2025-11-24,2.02,2.12,2.034552701542461,2.0669381654334362,2.0487192850579508,2.055524697660197
3,2025-11-25,1.9,2.02,1.9468857908123687,1.937165221031013,1.9563918831870872,1.9524282021665424
3,2025-11-26,1.87,1.9,1.8840741300078496,1.8443642608369653,1.8849196994293356,1.8678817058832229
3,2025-11-27,1.8,1.87,1.8372851814126887,1.818616619125286,1.8423962576214656,1.8442266629934867
3,2025-11-28,1.74,1.8,1.7643759441569304,1.7463924015142211,1.7721167396274293,1.7760048538785043
3,2025-11-29,1.69,1.74,1.697514770151891,1.6802824837209371,1.706645865747747,1.7149630448989719
3,2025-11-30,1.68,1.69,1.681187736627361,1.6516023665882391,1.6818118787552034,1.683517395675415
3,2025-12-01,1.71,1.68,1.700180594740627,1.6581249640798987,1.7008129699871983,1.6960147539015678
3,2025-12-02,1.74,1.71,1.7545870528189484,1.7136515462856654,1.757465032255298,1.7498228208939783
3,2025-12-03,1.77,1.74,1.7768018632119609,1.7566490707769458,1.7814092723530317,1.7798426397918348
3,2025-12-04,1.79,1.77,1.7847925248854477,1.7896811157720922,1.790862608136421,1.797141546006969
3,2025-12-05,1.86,1.79,1.8088116500588125,1.7944928711583508,1.8025547772894894,1.8025546128966254
3,2025-12-06,1.81,1.86,1.8152182085172848,1.8437285832858494,1.8172840175209835,1.829470699697036
3,2025-12-07,1.71,1.81,1.812625995550837,1.7919898717507092,1.8228432659514986,1.7983689631064326
3,2025-12-08,1.64,1.71,1.659290664449034,1.665416421980338,1.6644500595553389,1.664505946332551
3,2025-12-09,1.64,1.64,1.6074695732153645,1.5893773477413902,1.6105816084771387,1.5936701356298135
3,2025-12-10,1.53,1.64,1.5736396352919233,1.565381659640375,1.5824429797692947,1.5808223023106251
3,2025-12-11,1.43,1.53,1.4674430437258343,1.4598539424475023,1.4708595799855286,1.479502585368741
3,2025-12-12,1.37,1.43,1.3912211333035494,1.362953275523412,1.3878407919390074,1.389543176474257
3,2025-12-13,1.29,1.37,1.351907282581327,1.3046004699333802,1.3405208476851378,1.3404081591378734
3,2025-12-14,1.24,1.29,1.2741165135918395,1.2307576479139912,1.2704445919959801,1.2791313704837755
3,2025-12-15,1.21,1.24,1.238325137972407,1.1825111684001144,1.2321233395146314,1.2434222623649844
3,2025-12-16,1.22,1.21,1.2065204280650499,1.1710054684173015,1.2083198239565007,1.2275844916613097
3,2025-12-17,1.24,1.22,1.2312460129470584,1.1810354754248586,1.2290800320812654,1.2381851704433355
3,2025-12-18,1.26,1.24,1.2601263208787299,1.2325496384597971,1.2671441142737823,1.2769132456091203
3,2025-12-19,1.33,1.26,1.3185243006900647,1.2741957971969333,1.3168383446542011,1.3139373636753584
3,2025-12-20,1.39,1.33,1.367399097915473,1.3510829187873046,1.3735512179197924,1.3807687001391233
3,2025-12-21,1.36,1.39,1.3770517605036803,1.3909607417960512,1.3906922512923343,1.40816931948797
3,2025-12-22,1.31,1.36,1.348041474715099,1.337791230423709,1.3515268266261948,1.357550599797536
3,2025-12-23,1.29,1.31,1.3292024387291754,1.2854117800717944,1.3314488182224613,1.3184906562644236
3,2025-12-24,1.28,1.29,1.2717392371899425,1.2714872467279479,1.2788198678827527,1.2896475468532151
3,2025-12-25,1.22,1.28,1.241967385533049,1.2211270416532838,1.2453487431808972,1.2510192622115957
3,2025-12-26,1.14,1.22,1.1821547802317658,1.1460114805620727,1.1712660577825684,1.1804344381219611
3,2025-12-27,1.11,1.14,1.121296430473583,1.0849963331338055,1.1187032952025164,1.1196419984219224
3,2025-12-28,1.06,1.11,1.0771779278215532,1.069978355395208,1.0758911495776358,1.0906447553880665
3,2025-12-29,1.0,1.06,1.0155050543090343,1.0101236709548864,1.0174356735488717,1.033482539331026
3,2025-12-30,0.97,1.0,0.9851609312211977,0.9651405487513692,0.9819708578256631,0.9987511085559895
3,2025-12-31,1.01,0.97,0.9888701343920826,0.9421034522662121,0.9908100992714979,0.9954761349985848
7,2023-01-01,1.11,1.19,1.10500339199849,1.0976106822784844,1.1029516424671248,1.1099884216713545
7,2023-01-02,1.05,1.11,1.061662760401725,1.0314561262600719,1.0549232050708814,1.0560582150342765
7,2023-01-03,0.99,1.05,1.0456346779179566,0.999202265517965,1.024325310606043,1.0256705197848117
7,2023-01-04,0.94,0.99,0.9881611020627132,0.9643906709999385,0.9729154885335101,0.986513374915145
7,2023-01-05,0.94,0.94,0.9400985183232994,0.9375380177963986,0.9311509189789547,0.9538323557961652
7,2023-01-06,0.93,0.94,0.9735605193072415,0.9607286959181686,0.9758743200889214,0.9803266531635614
7,2023-01-07,1.0,0.93,0.9658201238157882,0.960278716628053,0.9724591539992061,0.9778740790826634
7,2023-01-08,1.06,1.0,1.0431506356469518,1.043787067731823,1.0531423461910485,1.0621137295063383
7,2023-01-09,1.07,1.06,1.0847852229035335,1.0874794323883268,1.1004422251701593,1.1006884151659095
7,2023-01-10,1.09,1.07,1.0616259079748687,1.061449284806022,1.073534531062644,1.0727724263465823
7,2023-01-11,1.08,1.09,1.076318639253362,1.0629166634103984,1.0847952577279223,1.0714728192363756
7,2023-01-12,1.02,1.08,1.0522866917936156,1.0480311971926726,1.061038944413856,1.0461450137891068
7,2023-01-13,1.02,1.02,0.9771767087977463,0.9789062913320653,0.9826111823022424,0.9679233230177834
7,2023-01-14,0.98,1.02,1.0152789304549594,0.9901338167579375,1.029309038774833,0.9927765964422522
7,2023-01-15,0.95,0.98,0.9534091601465268,0.9525971499493527,0.9631248311643607,0.9488798126977285
7,2023-01-16,0.87,0.95,0.8790706910265995,0.9102076413867293,0.892745793973813,0.8961683956345899
7,2023-01-17,0.8,0.87,0.8185456895071389,0.8223763204604841,0.8148038176205991,0.8147251418294937
7,2023-01-18,0.79,0.8,0.7641398389942253,0.7508168532192686,0.7451854979211402,0.7493668316955372
7,2023-01-19,0.78,0.79,0.8019371133815117,0.7669993223858222,0.7843346272233814,0.7805317512564592
7,2023-01-20,0.82,0.78,0.80370634022043,0.7966318437216234,0.8026889742016063,0.8056895075909402
7,2023-01-21,0.93,0.82,0.8801605958810544,0.8794082800338169,0.8853499224027853,0.8836241558499257
7,2023-01-22,1.07,0.93,1.03749637864333,1.0117450105021397,1.034936206652586,1.015204957803862
7,2023-01-23,1.17,1.07,1.187785069765475,1.1540912118662923,1.1879967176113502,1.1602150898846098
7,2023-01-24,1.17,1.17,1.197115234874131,1.1978033993242765,1.2109831193224623,1.1906620959935814
7,2023-01-25,1.14,1.17,1.123092809001736,1.1343720490679337,1.1224400241821053,1.1141738242350694
7,2023-01-26,1.09,1.14,1.0769999617975687,1.0708914746638396,1.0694724388586705,1.0502859242436247
7,2023-01-27,0.99,1.09,1.0264444568168563,1.004230226446435,1.0194391066125073,0.9938512867904755
7,2023-01-28,0.86,0.99,0.9183266587995296,0.9087235022647951,0.9132471164251671,0.8997671105592264
7,2023-01-29,0.72,0.86,0.7662185396226084,0.7720883259071772,0.7674149553697918,0.7639096492307682
7,2023-01-30,0.68,0.72,0.6765969282941608,0.6644689251433927,0.6572893068060776,0.6552064874480072
7,2023-01-31,0.68,0.68,0.6583156682111191,0.6613360919496197,0.6321010206089316,0.6400732793182363
7,2023-02-01,0.7,0.68,0.6984660831603622,0.679939544155947,0.6990274489645477,0.6791282112108536
7,2023-02-02,0.66,0.7,0.6906105178116806,0.700932714724256,0.6909911197696558,0.707278890338217
7,2023-02-03,0.64,0.66,0.6539910499054851,0.665316366201878,0.6599254004226003,0.6774036153328011
7,2023-02-04,0.73,0.64,0.6907159901432508,0.6756945855899188,0.6948939908144117,0.6932904594889958
7,2023-02-05,0.81,0.73,0.7909311820555729,0.8069311031813425,0.7947017557471918,0.8059716503540916
7,2023-02-06,0.89,0.81,0.8874458199400599,0.8882282741739971,0.9014550640545925,0.8899083981313302
7,2023-02-07,0.96,0.89,0.963710160870255,0.9572507439926534,0.9816827163123785,0.9723438457052751
7,2023-02-08,1.01,0.96,1.0199504032370874,0.9978516408573986,1.0322962167161065,1.0164186492472007
7,2023-02-09,1.03,1.01,1.0230283936730389,1.0047985689485326,1.0335768358480584,1.0143001294456604
7,2023-02-10,0.98,1.03,0.9855022411057214,0.9794899946594544,0.9846132256324452,0.9703495475137611
7,2023-02-11,0.93,0.98,0.94128680864967,0.9288285083587736,0.9283080108156844,0.9092188711490575
7,2023-02-12,0.87,0.93,0.8703544254715333,0.8850971659406768,0.8653620702139738,0.8512503046949863
7,2023-02-13,0.81,0.87,0.7961397701997691,0.8123241938184843,0.7943490753518976,0.7818151567910423
7,2023-02-14,0.65,0.81,0.7022010531240181,0.7408929002515713,0.7134104216605328,0.7173045938098914
7,2023-02-15,0.58,0.65,0.5797473398301881,0.5816810786529016,0.5729992323758193,0.570253846057
7,2023-02-16,0.61,0.58,0.5802212136249277,0.5397930740175999,0.57528222995881,0.5471822588489165
7,2023-02-17,0.72,0.61,0.6628267757902045,0.6320692912646529,0.6619286527903686,0.6529057206304997
7,2023-02-18,0.86,0.72,0.800272790724453,0.8133435243205659,0.8060588593678372,0.8096770605009782
7,2023-02-19,1.03,0.86,0.9795468413312554,0.9891938817566713,0.9997553357227525,0.9758092373451546
7,2023-02-20,1.21,1.03,1.1055635140299809,1.1326784121176063,1.1447836943386318,1.1243246158364488
7,2023-02-21,1.31,1.21,1.3061589329819197,1.2854105991728728,1.3322491353699573,1.285417193578101
7,2023-02-22,1.32,1.31,1.347978124136786,1.349796873158282,1.3729129727793115,1.324673163702143
7,2023-02-23,1.29,1.32,1.2949946418371994,1.3070069414651975,1.3131069200744099,1.267806537817335
7,2023-02-24,1.24,1.29,1.123980355264506,1.2040741067487364,1.1479119005498488,1.1492809235429888
7,2023-02-25,1.04,1.24,1.1461057644096417,1.1214330378513397,1.1644933145854488,1.1117434998486744
7,2023-02-26,0.88,1.04,0.8874115905729244,0.9198771048443098,0.9001899353721456,0.904241302781818
7,2023-02-27,0.78,0.88,0.7561418164560838,0.7676970533525719,0.767905970770872,0.750641450866938
7,2023-02-28,0.63,0.78,0.6516444342910863,0.6659356691953855,0.6649891231195165,0.6493244626755779
7,2023-03-01,0.51,0.63,0.5446869895450471,0.5407230546395576,0.5297406326023385,0.5241276536228244
7,2023-03-02,0.5,0.51,0.48481801767386773,0.4606669999906454,0.45537042332660294,0.4468285650071428
7,2023-03-03,0.54,0.5,0.5276056937351203,0.5021279234854422,0.5110834244110724,0.508044926040235
7,2023-03-04,0.62,0.54,0.6308196250001428,0.6041350548887292,0.624464277471006,0.6259077181827176
7,2023-03-05,0.72,0.62,0.7052425372080112,0.71180431775648,0.7313550589924734,0.7306128698134841
7,2023-03-06,0.79,0.72,0.8240216459062786,0.8143937695850653,0.8448365006410521,0.8349173291704751
7,2023-03-07,0.87,0.79,0.884353447801281,0.8629176047511393,0.9059759478513528,0.8807513929307736
7,2023-03-08,0.9,0.87,0.9054799365693953,0.9178301466826694,0.9272335417013516,0.9163108669125318
7,2023-03-09,0.86,0.9,0.8955345289784092,0.9059183490823349,0.910211797728123,0.8884674667159372
7,2023-03-10,0.89,0.86,0.8702089332320153,0.848249491548173,0.8909165821804007,0.8477185699788793
7,2023-03-11,0.88,0.89,0.8547238516066276,0.882431310430195,0.8549372682666802,0.8541728830775144
7,2023-03-12,0.82,0.88,0.8287924772673295,0.8382572555607094,0.8316746475383012,0.8034216209372355
7,2023-03-13,0.77,0.82,0.7516371796632265,0.7483491046117209,0.7592732474670486,0.7332473610168551
7,2023-03-14,0.75,0.77,0.7646377593436283,0.7227363612228178,0.7636956457535807,0.71967302466192
7,2023-03-15,0.77,0.75,0.7352462829183173,0.7439048103983588,0.7346809982294479,0.7190059899556097
7,2023-03-16,0.7,0.77,0.7401045469285498,0.760859231240305,0.7351127302503656,0.7198071080696407
7,2023-03-17,0.64,0.7,0.6193726142728664,0.6696892899574806,0.6156903919019397,0.6333582036086298
7,2023-03-18,0.68,0.64,0.6303465845477226,0.6312144990873368,0.6205098576622047,0.6173548567871753
7,2023-03-19,0.83,0.68,0.7691683667993241,0.7375114667412778,0.7653128538955878,0.7513666264685736
7,2023-03-20,1.05,0.83,0.9763175570678561,0.9565919989389983,0.9861458870888011,0.9601127588568291
7,2023-03-21,1.21,1.05,1.2352771618626435,1.2034941749674128,1.2537668381668519,1.1968739120585676
7,2023-03-22,1.27,1.21,1.2648939362832787,1.2907013103674878,1.2885967826555926,1.2737703202216177
7,2023-03-23,1.28,1.27,1.2847422135655953,1.2688522427433624,1.2811708142983413,1.2607190391721625
7,2023-03-24,1.21,1.28,1.262601198927834,1.2420981075005184,1.255455361597096,1.2328176214226714
7,2023-03-25,1.14,1.21,1.1075520799318046,1.1428906533114345,1.1161055453921183,1.1212353452830717
7,2023-03-26,1.05,1.14,0.9929648924118609,1.0273576887098,1.0078040113407907,1.0086798387499254
7,2023-03-27,0.92,1.05,0.9371124687054805,0.9169055546379615,0.9352989565170257,0.9223019156466133
7,2023-03-28,0.81,0.92,0.8445759577750719,0.8091490662813349,0.8327905595492071,0.823675604766729
7,2023-03-29,0.7,0.81,0.7272695543435105,0.7341630336041947,0.7205105163303683,0.726924089407941
7,2023-03-30,0.6,0.7,0.6510398769485919,0.6553407315976291,0.6340523526899599,0.6446219880683508
7,2023-03-31,0.61,0.6,0.659368327368654,0.5934929888573275,0.6395221552659637,0.6249539236492668
7,2023-04-01,0.72,0.61,0.7037709491286851,0.6574250384874399,0.7013698108497696,0.7119412626206337
7,2023-04-02,0.82,0.72,0.7894987167062842,0.80994099133285,0.7901980931045217,0.8381983286801317
7,2023-04-03,0.97,0.82,0.957196984563901,0.9280959105653301,0.9761160805810681,0.9600839039597479
7,2023-04-04,1.04,0.97,1.074490710060492,1.0615187142529554,1.0855637473996371,1.0856665086568873
7,2023-04-05,1.17,1.04,1.1528904438410397,1.1221222152388128,1.1578585834275243,1.15748168453804
7,2023-04-06,1.27,1.17,1.2579873662516843,1.2312590191464627,1.2644864412833758,1.2603247021188968
7,2023-04-07,1.25,1.27,1.2992163172012388,1.2789724157122817,1.3014629662897492,1.305401866891369
7,2023-04-08,1.25,1.25,1.2587665497814327,1.2210102227280053,1.2550985205943814,1.2435626425811408
7,2023-04-09,1.16,1.25,1.204583157553621,1.2046975757384846,1.2049094173957429,1.2030769059259947
7,2023-04-10,1.18,1.16,1.1083235768120927,1.098256664084017,1.1051647478885076,1.0991790754183601
7,2023-04-11,1.18,1.18,1.1361221937310406,1.1028780964991054,1.1391556867762729,1.1212109491304745
7,2023-04-12,1.09,1.18,1.118707895808352,1.0892145721247721,1.118055583150363,1.1170650018758617
7,2023-04-13,1.03,1.09,1.0399568936817913,1.0165925001664409,1.035698943987369,1.0390077908835968
7,2023-04-14,0.99,1.03,0.9917701028194454,0.988622661392486,0.9886050327003338,0.9968463868111294
7,2023-04-15,1.01,0.99,1.0460365977360724,0.9868819677171112,1.0444191324685468,1.0199491441927866
7,2023-04-16,1.07,1.01,1.0424464184665272,1.0420920480807399,1.055149598268798,1.06587095169409
7,2023-04-17,1.24,1.07,1.17131934589327,1.141302283016582,1.1865799144906617,1.1708883055110575
7,2023-04-18,1.39,1.24,1.3675787370586883,1.3453740642851688,1.3740144446521343,1.3652868164491394
7,2023-04-19,1.5,1.39,1.4779518227276534,1.4834522495980045,1.4867948501298567,1.4839085379220351
7,2023-04-20,1.63,1.5,1.5559232683366695,1.5546435240554664,1.556933128397268,1.5494283265318511
7,2023-04-21,1.69,1.63,1.6674167099596755,1.6285378169653508,1.663410213783778,1.6332955970790621
7,2023-04-22,1.57,1.69,1.6802220526326517,1.6506594498990144,1.6882862593514307,1.6625993626688087
7,2023-04-23,1.4,1.57,1.425273939548009,1.4813300661575495,1.4449686652548015,1.4675061708095887
7,2023-04-24,1.27,1.4,1.230501731926291,1.2764678058371093,1.2544510866810905,1.2705404329386658
7,2023-04-25,1.15,1.27,1.159269577950359,1.1423302201048176,1.1591843678435663,1.158912092480884
7,2023-04-26,1.04,1.15,1.0841890709181894,1.025730398069177,1.071114873860482,1.0595997781637436
7,2023-04-27,0.96,1.04,0.9662650739984406,0.9324850707088079,0.9593563901541398,0.9592510529838963
7,2023-04-28,0.87,0.96,0.8924968477218006,0.8893371133715317,0.8814221279466962,0.9016329562324797
7,2023-04-29,0.86,0.87,0.8768349155347419,0.8497857347067629,0.8513490547729862,0.8719891769700564
7,2023-04-30,0.9,0.86,0.9053947472672551,0.8798314626040957,0.8894954011970299,0.9159185449150229
7,2023-05-01,0.98,0.9,1.0178000313207274,0.9638595154568783,1.0260856043496307,1.02487810265538
7,2023-05-02,1.08,0.98,1.09343260629509,1.067177583817986,1.1093483141973763,1.1185821772695406
7,2023-05-03,1.27,1.08,1.2047814035210824,1.1829566413055708,1.2228540231212626,1.2242970883205921
7,2023-05-04,1.37,1.27,1.387050208900009,1.3585718731872511,1.3994658070942372,1.389182680866881
7,2023-05-05,1.45,1.37,1.4209076450679012,1.414648890737997,1.4294693254336195,1.4374863329849978
7,2023-05-06,1.51,1.45,1.5031290599888263,1.466077832547996,1.5093404533221715,1.493972750109079
7,2023-05-07,1.48,1.51,1.5685090091090066,1.5450049154707586,1.5840321204041352,1.5748765423183346
7,2023-05-08,1.46,1.48,1.4437054733608667,1.4846262532414751,1.4550565045785824,1.4791655585509502
7,2023-05-09,1.42,1.46,1.3626988905711506,1.3693789310059161,1.3723505439947898,1.389396831734363
7,2023-05-10,1.42,1.42,1.392401753896461,1.3316681275514655,1.3933005594039098,1.420891448079867
7,2023-05-11,1.55,1.42,1.5293066453024275,1.3872788233022846,1.51678846811851,1.4927621698113143
7,2023-05-12,1.64,1.55,1.6788693667771737,1.5758696167527495,1.678915591399269,1.6544768105812835
7,2023-05-13,1.8,1.64,1.7683794472166228,1.7162808737563733,1.7645086630390086,1.7634470300641667
7,2023-05-14,1.92,1.8,1.9024111141667133,1.877697153538538,1.9003563624864899,1.8847384439888077
7,2023-05-15,1.96,1.92,1.9334968646881565,1.9688564908389126,1.9303052351063759,1.9427161521226637
7,2023-05-16,2.2,1.96,2.1226329521585634,2.035168891537594,2.1224192954970422,2.0576921531091226
7,2023-05-17,2.21,2.2,2.287133366176372,2.2777463337665527,2.265833791346673,2.247776321825258
7,2023-05-18,2.23,2.21,2.202172942577171,2.2172151936255937,2.194892190811005,2.1725020568747313
7,2023-05-19,2.18,2.23,2.1590765040914177,2.179744158771086,2.1774156149846533,2.161303826339999
7,2023-05-20,2.17,2.18,2.187271934198756,2.136396669018149,2.1887915506406483,2.1504078668838926
7,2023-05-21,2.06,2.17,2.1097692017879983,2.137329743460975,2.1280163125434037,2.115529897998051
7,2023-05-22,2.0,2.06,1.9848559690212382,2.01842342063942,2.002951985953828,1.9907692411355473
7,2023-05-23,1.94,2.0,1.904553720191415,1.9519392053569107,1.9245505606835014,1.9335855500192267
7,2023-05-24,1.84,1.94,1.8515081628795473,1.8777873738561455,1.8581739594336433,1.8652198002104268
7,2023-05-25,1.83,1.84,1.8147782806264496,1.7753575895526528,1.8184730980412438,1.798030215846877
7,2023-05-26,1.83,1.83,1.8024127061777535,1.7745438933869053,1.8100494769328683,1.8021645669064197
7,2023-05-27,1.79,1.83,1.814247197988976,1.787864518884281,1.8154778703371297,1.8188751242749248
7,2023-05-28,1.76,1.79,1.761504443634968,1.7505558594560515,1.7615467857442801,1.7791452553089808
7,2023-05-29,1.73,1.76,1.7382287223835549,1.7263192184010148,1.740147792361394,1.758223939375947
7,2023-05-30,1.76,1.73,1.7703728820179865,1.7088911699094156,1.7620053709873365,1.7576577183610587
7,2023-05-31,1.83,1.76,1.8176515489037288,1.7813257359682189,1.813339004234517,1.826953307601211
7,2023-06-01,1.94,1.83,1.9095813335435448,1.875323687338434,1.9095601316362032,1.9024302865306189
7,2023-06-02,2.02,1.94,2.040033845871996,2.0106055427298988,2.05211535432506,2.037981098842764
7,2023-06-03,2.09,2.02,2.095797669409722,2.0923446442202054,2.096191112703813,2.097218947865103
7,2023-06-04,2.14,2.09,2.0971493261854928,2.13811942290119,2.093806169456076,2.1147336416715574
7,2023-06-05,2.14,2.14,2.1619766989871674,2.1418713159945995,2.163349108827626,2.140403190441209
7,2023-06-06,2.12,2.14,2.128787701674723,2.118824189799781,2.141697431247877,2.1341566449739
7,2023-06-07,2.06,2.12,2.0594769501053247,2.090215467762533,2.0767932015980253,2.084711701716809
7,2023-06-08,1.98,2.06,1.948833631539224,1.9918542017551655,1.9627168248032942,1.966502438192017
7,2023-06-09,1.93,1.98,1.9029537509121233,1.8812777967868612,1.9169592484136107,1.8992060441717118
7,2023-06-10,1.97,1.93,1.9503229297726445,1.8733326841450613,1.9405211436816743,1.9339150434092318
7,2023-06-11,2.01,1.97,1.9937875989826281,1.9656934516995204,1.9962089244739614,1.9998329001719484
7,2023-06-12,2.07,2.01,2.0900922422846153,2.0556877771777216,2.0987931859124664,2.086477912409677
7,2023-06-13,2.12,2.07,2.123984499816692,2.122288391953391,2.122897471338211,2.122629307921072
7,2023-06-14,2.24,2.12,2.18696551699801,2.1643311333495627,2.180619497771416,2.17577021242659
7,2023-06-15,2.33,2.24,2.3671543192506683,2.289657511423885,2.3505842832962056,2.3204545613510423
7,2023-06-16,2.4,2.33,2.4292132677633584,2.3914081264477747,2.416562710328082,2.4149650512686978
7,2023-06-17,2.54,2.4,2.572561828507003,2.484820263209357,2.5454227147223087,2.532016212431675
7,2023-06-18,2.78,2.54,2.857877773217989,2.677798943397768,2.831208488373671,2.743170123504228
7,2023-06-19,3.19,2.78,3.1808253783488603,2.9689803431638935,3.163649571107071,3.0454304910702787
7,2023-06-20,3.59,3.19,3.551724061562439,3.4061934366481874,3.5475709871861887,3.4682293055808024
7,2023-06-21,3.93,3.59,3.838318787180369,3.7781264925744495,3.8377231825974127,3.798512832119299
7,2023-06-22,4.1,3.93,4.113361656977355,4.062589658919809,4.094757694359569,4.050631407637511
7,2023-06-23,4.2,4.1,4.18875050280754,4.1431510780422345,4.165361847044859,4.109072767148554
7,2023-06-24,4.24,4.2,4.229952511493044,4.190768809217985,4.233770195925401,4.1727417925188846
7,2023-06-25,4.2,4.24,4.17986612161844,4.19932084425841,4.186007317814126,4.15332191296836
7,2023-06-26,4.16,4.2,4.136980596868235,4.140306910716443,4.142958838630015,4.089547955583719
7,2023-06-27,4.11,4.16,4.093133294117611,4.101076702604253,4.092745175396767,4.067852496960279
7,2023-06-28,4.0,4.11,4.026091775826118,4.030094435103717,4.0196576835324045,4.009295927391022
7,2023-06-29,3.87,4.0,3.9139767503729934,3.89316908435412,3.906552631114058,3.8814815282240276
7,2023-06-30,3.72,3.87,3.7560458153812153,3.7562488567170695,3.75054688640042,3.736810704628004
7,2023-07-01,3.67,3.72,3.7124959211500883,3.6434942987251318,3.699544578870789,3.655454587289539
7,2023-07-02,3.66,3.67,3.7208140647529064,3.6497323405841424,3.699568948950264,3.6674577265374317
7,2023-07-03,3.69,3.66,3.7479476073331908,3.6738516870376703,3.7185345986524596,3.689187936416086
7,2023-07-04,3.75,3.69,3.8143367992688137,3.7153024290875103,3.785237724318789,3.750649749456725
7,2023-07-05,3.86,3.75,3.947043566675177,3.841994228471126,3.9287618118628846,3.895374791866072
7,2023-07-06,4.13,3.86,4.104931685240179,4.026103700652576,4.096694883481821,4.049330619754714
7,2023-07-07,4.28,4.13,4.261022897482956,4.267206133384259,4.245869523224436,4.247523120035565
7,2023-07-08,4.23,4.28,4.308492885495015,4.2851484452629505,4.265987797036744,4.252683098956531
7,2023-07-09,4.2,4.23,4.200323596068198,4.110405717532818,4.181403773975236,4.153632448201317
7,2023-07-10,4.15,4.2,4.159958291694958,4.082299231074017,4.162012183980606,4.164680151880098
7,2023-07-11,4.17,4.15,4.170093858547203,4.110658186580209,4.170922415279895,4.172753662581262
7,2023-07-12,4.2,4.17,4.182387145380493,4.175096343769492,4.189636349088933,4.201713319205574
7,2023-07-13,4.27,4.2,4.278193764890389,4.208380597578198,4.265364939499772,4.243572976398574
7,2023-07-14,4.38,4.27,4.371700902499842,4.298137457518316,4.362554791995993,4.34765387106382
7,2023-07-15,4.53,4.38,4.52148893454205,4.439750859470377,4.523831000992451,4.50109813724475
7,2023-07-16,4.68,4.53,4.666390026066296,4.602845292280719,4.668331511709923,4.654657892679197
7,2023-07-17,4.69,4.68,4.721009793327949,4.723791569632532,4.727979366977526,4.732720341637769
7,2023-07-18,4.67,4.69,4.6973416131781525,4.683200827267928,4.696888144854427,4.677561625927429
7,2023-07-19,4.67,4.67,4.662996851984467,4.636008806442573,4.663723246550856,4.63875062369461
7,2023-07-20,4.65,4.67,4.664196094145304,4.644493500223231,4.666921069218273,4.651050871604657
7,2023-07-21,4.63,4.65,4.630656780844502,4.632489099320946,4.626271178389419,4.625905853692106
7,2023-07-22,4.58,4.63,4.597825346778486,4.591550694555209,4.586096129976887,4.575043550842356
7,2023-07-23,4.49,4.58,4.505799968676307,4.485499787847601,4.486090071223498,4.477722530509491
7,2023-07-24,4.35,4.49,4.359719509724985,4.348542401131968,4.332142032071147,4.347147836500231
7,2023-07-25,4.22,4.35,4.264796722709403,4.2252842859607895,4.236270684011468,4.229633164524551
7,2023-07-26,4.24,4.22,4.181799227199012,4.151165748228157,4.166780733991126,4.148810631418441
7,2023-07-27,4.16,4.24,4.230146309940867,4.2063598468017895,4.219298215986419,4.192688555608004
7,2023-07-28,4.09,4.16,4.110255343017183,4.108370373057551,4.103054735317021,4.102075968239775
7,2023-07-29,4.06,4.09,4.065938420803654,4.025592616125999,4.070817473667593,4.055405604421236
7,2023-07-30,4.04,4.06,4.070621988266718,4.0155680729107734,4.063229940608096,4.060410025701098
7,2023-07-31,4.07,4.04,4.063705161412623,4.030010298206396,4.060959383709307,4.070267686589006
7,2023-08-01,4.16,4.07,4.167138337729065,4.140531558294845,4.168177962483511,4.16674362752228
7,2023-08-02,4.43,4.16,4.39793912917926,4.328633457906444,4.378328351977475,4.3224557558802905
7,2023-08-03,4.37,4.43,4.481641690806122,4.530737359728309,4.451310589735752,4.481922162033354
7,2023-08-04,4.38,4.37,4.373665193759747,4.372509312806366,4.363570825480207,4.358447178852391
7,2023-08-05,4.39,4.38,4.392143071115133,4.350221458969138,4.39092507351565,4.380481575465091
7,2023-08-06,4.39,4.39,4.373427600854998,4.358263020866288,4.363122247094336,4.364664994689211
7,2023-08-07,4.34,4.39,4.396934376697332,4.352031311323985,4.383820034230193,4.368189832994353
7,2023-08-08,4.33,4.34,4.326680212580476,4.263686926382307,4.313168166651484,4.293208240956891
7,2023-08-09,4.3,4.33,4.302395270092703,4.250107469291428,4.29816804172085,4.297501874259026
7,2023-08-10,4.3,4.3,4.317529572731353,4.233553181191708,4.307643309600415,4.303059989183662
7,2023-08-11,4.37,4.3,4.386234862559516,4.271969892197014,4.379153973365624,4.369317650801133
7,2023-08-12,4.48,4.37,4.453339253938417,4.3863374889530045,4.468802393698074,4.472284980488398
7,2023-08-13,4.59,4.48,4.590356339836064,4.537525554402641,4.608227428427091,4.603019329956566
7,2023-08-14,4.65,4.59,4.718491024277443,4.620225058287445,4.702038535706053,4.693987013299379
7,2023-08-15,4.69,4.65,4.699533582957768,4.6432341794791165,4.7000488785845675,4.707794310823497
7,2023-08-16,4.76,4.69,4.764637891051449,4.6891315674589675,4.773036258254231,4.758987092858257
7,2023-08-17,4.81,4.76,4.819603117500238,4.781069794544588,4.812232056600301,4.812638717819591
7,2023-08-18,4.89,4.81,4.887006553724963,4.876498531521615,4.877027433065802,4.869446905135503
7,2023-08-19,4.94,4.89,4.940087719568344,4.944820539912787,4.922616823236599,4.910840807603651
7,2023-08-20,4.87,4.94,4.900836532558767,4.9226316292085395,4.894366235336551,4.893871794274825
7,2023-08-21,4.78,4.87,4.782022701992673,4.755936773643569,4.770270971628315,4.772977372625424
7,2023-08-22,4.68,4.78,4.696984576929497,4.650893717026846,4.683962642353741,4.681865855974032
7,2023-08-23,4.58,4.68,4.617794309293269,4.582868708517423,4.612132937290142,4.601147730344351
7,2023-08-24,4.49,4.58,4.4840662503337665,4.480012829804072,4.486586767058668,4.497014331320249
7,2023-08-25,4.41,4.49,4.431837484203883,4.388259734105712,4.4284324633491865,4.422067570949218
7,2023-08-26,4.35,4.41,4.395108345001347,4.322213984923988,4.386824796634365,4.3859188984995106
7,2023-08-27,4.37,4.35,4.388056234962993,4.304468239622007,4.382733104638761,4.389493819373466
7,2023-08-28,4.48,4.37,4.4787794517457655,4.392549975999471,4.475007618572949,4.469735132472505
7,2023-08-29,4.55,4.48,4.603221464732669,4.5384136089027365,4.589857716111977,4.589137299854553
7,2023-08-30,4.65,4.55,4.678747925354747,4.605336176184721,4.6663994850388795,4.6534297699156655
7,2023-08-31,4.79,4.65,4.776785553263563,4.710200623054373,4.7748411359251195,4.760514614704821
7,2023-09-01,4.92,4.79,4.920482339007328,4.893951480652606,4.933915724062146,4.921172400426639
7,2023-09-02,5.01,4.92,5.022613815800352,5.003266556090203,5.026011259522427,5.020162954918981
7,2023-09-03,5.07,5.01,5.052362042045741,5.0400182741532875,5.059637981381708,5.055253015398353
7,2023-09-04,5.06,5.07,5.0243115566844025,5.011760490262475,5.017746572228026,5.022079392115206
7,2023-09-05,4.91,5.06,4.936166602187315,4.9218062731990315,4.916311103158473,4.928582144361108
7,2023-09-06,4.7,4.91,4.760487291545328,4.757940986531473,4.7446219939182575,4.760248770090367
7,2023-09-07,4.53,4.7,4.590342264626792,4.578951985063192,4.561094434256112,4.5643812448623615
7,2023-09-08,4.39,4.53,4.386782910110976,4.419863110722319,4.360975089026415,4.3849672343974895
7,2023-09-09,4.13,4.39,4.238412010481441,4.229664187280182,4.202980963856174,4.230891725363624
7,2023-09-10,3.94,4.13,3.955524571097384,3.948954404137907,3.921640251945716,3.97544880090564
7,2023-09-11,3.78,3.94,3.850414791063644,3.8099073904265754,3.8192546208568494,3.832008795270967
7,2023-09-12,3.71,3.78,3.718227905806359,3.7150799584658585,3.698107483547083,3.715791087163639
7,2023-09-13,3.74,3.71,3.7087992394610567,3.7094882717258186,3.698961310526068,3.700132384174039
7,2023-09-14,3.81,3.74,3.821112227451119,3.7944497613653887,3.7985736621351176,3.771501674649837
7,2023-09-15,3.76,3.81,3.810993297279423,3.8240477087490703,3.799081799451019,3.7893932715936534
7,2023-09-16,3.61,3.76,3.6731509289447626,3.692722836657902,3.674203921889017,3.6772921187289396
7,2023-09-17,3.53,3.61,3.551149191240542,3.5249753704491016,3.5454872942481153,3.537135108762154
7,2023-09-18,3.52,3.53,3.50311100967668,3.4981336526027333,3.5036243504777254,3.49802337515081
7,2023-09-19,3.56,3.52,3.575173731719767,3.570858219912235,3.572747906965267,3.5632649279592434
7,2023-09-20,3.67,3.56,3.615840826424147,3.6366018060085463,3.6065841753590533,3.6185080494172905
7,2023-09-21,3.63,3.67,3.6699860554842725,3.674534539014781,3.6525523298289984,3.656512550316034
7,2023-09-22,3.51,3.63,3.566009070838438,3.5523963786804487,3.5554033917823147,3.557957881878879
7,2023-09-23,3.43,3.51,3.458220924862295,3.3908723146062734,3.455003918144096,3.450422695966498
7,2023-09-24,3.47,3.43,3.4290534739376306,3.3409268134352677,3.439897743851798,3.4398188924109525
7,2023-09-25,3.55,3.47,3.550016161262839,3.465363037122515,3.5606951459335394,3.5578474928104256
7,2023-09-26,3.67,3.55,3.707992061559894,3.605084428265883,3.7052798807727405,3.676201697146025
7,2023-09-27,3.8,3.67,3.816916696708867,3.7534185859313225,3.7913715578352405,3.8004781816801163
7,2023-09-28,3.91,3.8,3.8987746320668952,3.872297781634224,3.8818751943581984,3.9011801381023337
7,2023-09-29,4.02,3.91,4.02362773658451,3.970540918831921,4.009381576520156,3.9974795688367912
7,2023-09-30,4.18,4.02,4.170724076100239,4.111377310902507,4.1695491506254045,4.128472231743456
7,2023-10-01,4.25,4.18,4.295077279384068,4.279319401184905,4.274705397286084,4.258974121625198
7,2023-10-02,4.22,4.25,4.259099664873971,4.284188735060112,4.24806616279358,4.250933408615066
7,2023-10-03,4.2,4.22,4.170919994676809,4.1786948030982245,4.156198592861,4.153011716124653
7,2023-10-04,4.13,4.2,4.145606561039553,4.120837608091164,4.116529252580814,4.0943001650307105
7,2023-10-05,4.04,4.13,4.095725698726236,4.051675216495712,4.077481652490243,4.035630522228601
7,2023-10-06,4.05,4.04,4.083328225169389,3.9706424470858344,4.080296474541748,4.023206492363862
7,2023-10-07,3.97,4.05,4.044035514602638,3.96282602592909,4.022521616738117,4.044712020141033
7,2023-10-08,3.88,3.97,3.8711403331025735,3.8628947224339476,3.850271953565495,3.8984104796468273
7,2023-10-09,3.81,3.88,3.8483013307697918,3.790464516913121,3.8449601328927954,3.8367114681846037
7,2023-10-10,3.77,3.81,3.817304599881766,3.745567286881285,3.7952887225413057,3.8036487362285523
7,2023-10-11,3.79,3.77,3.7780577664815103,3.741824564657216,3.772069273888622,3.7967640405205594
7,2023-10-12,3.82,3.79,3.8037274895369753,3.792706056232175,3.8182964538787445,3.839395517624211
7,2023-10-13,3.82,3.82,3.8433032008818984,3.8177250089447514,3.846530753028313,3.8643568873820393
7,2023-10-14,3.83,3.82,3.8287158627677362,3.7990562033535262,3.8387722415741705,3.849382517247394
7,2023-10-15,3.81,3.83,3.8498514359545157,3.8104394541879905,3.851242775767739,3.8498015006240416
7,2023-10-16,3.81,3.81,3.8121257866487297,3.7932683928614304,3.818701988176367,3.813146880582492
7,2023-10-17,3.78,3.81,3.779961437111864,3.7811343678012297,3.7838030450962847,3.775564151356211
7,2023-10-18,3.7,3.78,3.701195532445915,3.7195456349737004,3.7012140567056195,3.6920935983728875
7,2023-10-19,3.57,3.7,3.5916496356815797,3.5873330238331467,3.5844939157406674,3.565058822123494
7,2023-10-20,3.4,3.57,3.4446660227925037,3.417952697080515,3.4290243721241302,3.421585791272616
7,2023-10-21,3.23,3.4,3.2610523432242653,3.244443107381693,3.2423226654210553,3.2559058386413473
7,2023-10-22,3.1,3.23,3.1089149078686273,3.1004051601252094,3.0969846297295636,3.1103015153954767
7,2023-10-23,2.94,3.1,3.0002738640682405,3.0035720483067876,2.981925519791904,2.9960870636400756
7,2023-10-24,2.89,2.94,2.9022899858661524,2.889658840148948,2.892335127091984,2.895219136950132
7,2023-10-25,2.85,2.89,2.826181335563804,2.847756834336861,2.8365437219597767,2.853992598903147
7,2023-10-26,2.82,2.85,2.8440544835944443,2.808182925348417,2.8419892643902727,2.827527721618479
7,2023-10-27,2.77,2.82,2.7820765735532746,2.780876872417899,2.7887768815253726,2.7820202642934277
7,2023-10-28,2.71,2.77,2.7252039137870128,2.73171857407733,2.7352770619450926,2.7190667607703904
7,2023-10-29,2.65,2.71,2.6671252782799315,2.6622391259071896,2.6679154662293882,2.6427148013725827
7,2023-10-30,2.55,2.65,2.5961199862080715,2.595131604248111,2.602539763499212,2.5792999155567276
7,2023-10-31,2.45,2.55,2.5036738187634384,2.5012395731151393,2.5036259237194716,2.4901202742658723
7,2023-11-01,2.37,2.45,2.3558495951942002,2.3776534228961435,2.369776466170976,2.3669140321328714
7,2023-11-02,2.27,2.37,2.258447463809498,2.2723419003273313,2.2762341354444917,2.2777403122113014
7,2023-11-03,2.18,2.27,2.1890898587607386,2.1743789309628845,2.1908818522853757,2.1912832325431997
7,2023-11-04,2.04,2.18,2.1004320964682255,2.106829521543121,2.1095865351525807,2.121994028379502
7,2023-11-05,1.95,2.04,1.9614158785958016,1.9652392962695837,1.968904704916369,1.9835572312043022
7,2023-11-06,1.81,1.95,1.8265957390265455,1.859022943568414,1.8452508162555177,1.8857196208704423
7,2023-11-07,1.71,1.81,1.746995377999743,1.7282241387624755,1.7475569621770528,1.7730202673605062
7,2023-11-08,1.71,1.71,1.7301859282857897,1.6811637529195023,1.7208033287056788,1.7297955688877231
7,2023-11-09,1.71,1.71,1.715673918432734,1.723940504211822,1.717163991832617,1.7511345230264197
7,2023-11-10,1.74,1.71,1.7288020156258703,1.73086519806741,1.743059240541027,1.7623533063201355
7,2023-11-11,1.78,1.74,1.7663713580228428,1.7582672921127716,1.7837143330223668,1.8001594305354482
7,2023-11-12,1.83,1.78,1.8027288724227986,1.80574181765519,1.8191943448503372,1.8436286891849294
7,2023-11-13,1.86,1.83,1.8470439410308233,1.8479677853057739,1.8599844771893126,1.8785334788258536
7,2023-11-14,1.87,1.86,1.8521924059669697,1.8627413773346433,1.8704454040235852,1.8938820535878014
7,2023-11-15,1.85,1.87,1.84998571609017,1.8631967306147448,1.8665546647104672,1.8847001411233766
7,2023-11-16,1.8,1.85,1.8136515343435133,1.835863118005302,1.8388641823793392,1.8497843548496455
7,2023-11-17,1.82,1.8,1.8011179303857412,1.8460143378677507,1.8232424276289014,1.848299760598816
7,2023-11-18,1.9,1.82,1.8568121252623093,1.8306680182985058,1.8629682689294063,1.8238147242568292
7,2023-11-19,1.74,1.9,1.7728497893839583,1.8067164666566782,1.7874957583258855,1.8160935086921377
7,2023-11-20,1.63,1.74,1.6157055304186867,1.595059725985789,1.6292281651610516,1.6390572952191447
7,2023-11-21,1.53,1.63,1.5090775195149084,1.4923714448215486,1.5174096623421416,1.535043501222722
7,2023-11-22,1.48,1.53,1.4771854509175402,1.4272453681148012,1.4649535705132468,1.4604321856390534
7,2023-11-23,1.43,1.48,1.4431825124085937,1.419151967162496,1.4359333139248978,1.44374301910105
7,2023-11-24,1.47,1.43,1.441945648625899,1.398776545093465,1.4456324379061396,1.4450667178826209
7,2023-11-25,1.53,1.47,1.510210056964814,1.4622612062945606,1.5108645992887915,1.5233653206859918
7,2023-11-26,1.57,1.53,1.5312233973930118,1.5223956316564304,1.5313814278081146,1.5730908822179586
7,2023-11-27,1.6,1.57,1.5839176955106324,1.549232148745686,1.5827250216050857,1.5990317266633813
7,2023-11-28,1.55,1.6,1.600300737155593,1.567603621123098,1.5997365684564777,1.6106221229542603
7,2023-11-29,1.52,1.55,1.5321135693181869,1.4989020306247418,1.5317320170829953,1.5337748394872992
7,2023-11-30,1.46,1.52,1.4871105016171884,1.464419705834904,1.4852086864076572,1.4942494294936284
7,2023-12-01,1.41,1.46,1.394231862939913,1.3843347226229714,1.3943943883981837,1.4073294136535441
7,2023-12-02,1.33,1.41,1.3575709488405063,1.3244054513985486,1.3549070631358988,1.3594730872569232
7,2023-12-03,1.23,1.33,1.2741671950197246,1.2436370137341266,1.2657113850852995,1.2842522307967965
7,2023-12-04,1.15,1.23,1.1715597459375537,1.1517061053626654,1.1597808976429798,1.1893949654751241
7,2023-12-05,1.07,1.15,1.1168554796570302,1.0806174950526535,1.1053447509394396,1.130345714785638
7,2023-12-06,0.98,1.07,1.044675839414426,1.0108391052153665,1.0293165895841794,1.0676311901070876
7,2023-12-07,0.97,0.98,1.001800712050492,0.9382827768094925,0.9863888129987948,1.0072386592861264
7,2023-12-08,1.06,0.97,1.0268524175476017,0.9572417356796378,1.0183207502117466,1.0344177154626337
7,2023-12-09,1.08,1.06,1.0900933060065547,1.0642960733597082,1.0844880650693365,1.1254188399694058
7,2023-12-10,1.1,1.08,1.1076097198360246,1.0775594402680593,1.1194110375838457,1.144378179615984
7,2023-12-11,1.13,1.1,1.128872748887093,1.0974306701056746,1.1358988762199076,1.1583753151355045
7,2023-12-12,1.16,1.13,1.179948236507815,1.1242385525503036,1.1823803754955258,1.1828831525923065
7,2023-12-13,1.27,1.16,1.1854040172168314,1.1619325170791164,1.203427435615317,1.2122059338520466
7,2023-12-14,1.27,1.27,1.278074465132129,1.264529414076755,1.2976719037236062,1.3007605533872832
7,2023-12-15,1.18,1.27,1.2385647584618713,1.252450003554417,1.2412764856446943,1.2707904970556676
7,2023-12-16,1.15,1.18,1.1581457300099431,1.1502971102713726,1.1643328107448445,1.1691317587397902
7,2023-12-17,1.16,1.15,1.1259938136655905,1.0972432293139454,1.122763659955727,1.1280116200851162
7,2023-12-18,1.07,1.16,1.123589389833416,1.0834500001580858,1.122922329993089,1.1260100009457612
7,2023-12-19,1.0,1.07,1.0041018710912126,0.9948336698332837,1.0010655917694684,1.0319001810407906
7,2023-12-20,0.92,1.0,0.9343329620274896,0.924790565769427,0.9258239333665387,0.9515253686227333
7,2023-12-21,0.9,0.92,0.9208006636812737,0.8641674685605641,0.9046125691687545,0.9105648792328074
7,2023-12-22,0.94,0.9,0.9317774909865699,0.8753374982853064,0.9223927467561364,0.9312481901986258
7,2023-12-23,1.0,0.94,0.9808864404459399,0.9425628762069097,0.9812017983635494,0.9960212110198143
7,2023-12-24,1.04,1.0,1.052806606525059,1.0317321602420007,1.0606574194245677,1.0772275982431028
7,2023-12-25,1.07,1.04,1.070971818026937,1.0606306183707899,1.0785364913346034,1.093239826486833
7,2023-12-26,1.11,1.07,1.1010865419568732,1.0665556689087383,1.112043086279699,1.1143023038536837
7,2023-12-27,1.11,1.11,1.108486012454796,1.0886666466382895,1.1203419535481898,1.1295212630395355
7,2023-12-28,1.12,1.11,1.088247143238865,1.0840339299889454,1.0877290474422785,1.109315463656779
7,2023-12-29,1.06,1.12,1.0862267822680916,1.0809039849216415,1.0971619217960529,1.1043862687980233
7,2023-12-30,0.99,1.06,1.0084917208778474,0.9999079228632989,1.009862297345346,1.0267179751696163
7,2023-12-31,0.95,0.99,0.9573742343404493,0.9268616695670655,0.9470136273663918,0.9573721619173825
7,2024-01-01,0.86,0.95,0.8874224772460758,0.8818748141565628,0.8852766929711242,0.9059268333627899
7,2024-01-02,0.8,0.86,0.8104079245382136,0.7815809475954145,0.8111248056565645,0.8107785662486409
7,2024-01-03,0.73,0.8,0.7458060532961855,0.7236939982489807,0.7467648265389887,0.7568329923173325
7,2024-01-04,0.7,0.73,0.7070440770325365,0.6898547243151761,0.700805148789382,0.7202691154431804
7,2024-01-05,0.67,0.7,0.7127611260459253,0.6927701967619462,0.7168612363348733,0.7223830853832616
7,2024-01-06,0.65,0.67,0.6656982489928098,0.6579548910398344,0.6815455265928173,0.684717192528959
7,2024-01-07,0.65,0.65,0.6181248040932368,0.6318864444262472,0.6346605642389109,0.6630846600934079
7,2024-01-08,0.68,0.65,0.6523804509448156,0.6401607875546939,0.6671784924737479,0.6781966041168196
7,2024-01-09,0.74,0.68,0.7336810590463126,0.69758469194874,0.7452417833324593,0.7449881680466168
7,2024-01-10,0.79,0.74,0.7911441485434108,0.7864741204959173,0.8152098852558459,0.8279453265296283
7,2024-01-11,0.92,0.79,0.8641586000211282,0.8632392421509983,0.8945013225343423,0.8987524285483381
7,2024-01-12,0.94,0.92,0.9438117593131896,0.9587074327269179,0.9753682986353361,0.9793334120402167
7,2024-01-13,0.92,0.94,0.9457246316310488,0.9382451405331832,0.9592168114905856,0.9671306646436396
7,2024-01-14,0.95,0.92,0.9348536572628517,0.9274358840367373,0.950796560097201,0.9555329266597948
7,2024-01-15,0.95,0.95,0.9311592137206396,0.9394584281754863,0.9397690805638019,0.9396535542218887
7,2024-01-16,0.95,0.95,0.9169979288381008,0.8918686106421397,0.9183234078450581,0.9038542573368292
7,2024-01-17,0.83,0.95,0.8955030795430292,0.891037472604792,0.8951604235490835,0.9084312639206708
7,2024-01-18,0.75,0.83,0.7597045793336077,0.7580207538660604,0.750701348070947,0.7546626536783227
7,2024-01-19,0.64,0.75,0.688866233770798,0.6789276655445184,0.6808021842761202,0.6836993642540626
7,2024-01-20,0.54,0.64,0.575140460118184,0.5663871033891179,0.5679537274545594,0.5755436211054495
7,2024-01-21,0.57,0.54,0.5224193799180181,0.48958386086095373,0.5120615758389896,0.5135642115750092
7,2024-01-22,0.57,0.57,0.6116964309158716,0.5544749472789704,0.6061450296839103,0.5962374838048229
7,2024-01-23,0.59,0.57,0.6125195975829288,0.5866343788549911,0.6091398088982106,0.6236758031592023
7,2024-01-24,0.7,0.59,0.6623796450823676,0.6268628615325865,0.66833199375244,0.662712158698436
7,2024-01-25,0.7,0.7,0.7425558791061205,0.7410627033098042,0.7588498438460655,0.7683346749267347
7,2024-01-26,0.71,0.7,0.7123055836836459,0.7330366877091298,0.7182468549363265,0.74377635033657
7,2024-01-27,0.69,0.71,0.6948532819148266,0.7334079300387025,0.7036042518168603,0.7278855570146089
7,2024-01-28,0.69,0.69,0.6938950845508096,0.696968908052597,0.6946115874439678,0.7004003038820313
7,2024-01-29,0.71,0.69,0.7085798147352654,0.6873359205580224,0.7187550012240971,0.714686029759963
7,2024-01-30,0.75,0.71,0.7278977685478082,0.713256852824408,0.7419989193107965,0.741014112601141
7,2024-01-31,0.79,0.75,0.7523166063792175,0.7492046188477,0.7543857299144792,0.762904818972677
7,2024-02-01,0.77,0.79,0.7934790687493358,0.773090684600056,0.8044804139184851,0.7834196219574835
7,2024-02-02,0.72,0.77,0.7401847616997774,0.7353113006883417,0.7393500459544331,0.7392701085436727
7,2024-02-03,0.67,0.72,0.6961946347173382,0.6864271544227899,0.6983221191250495,0.691837433177699
7,2024-02-04,0.59,0.67,0.6383610384927311,0.6439425674865195,0.640277451093715,0.6407101602986137
7,2024-02-05,0.52,0.59,0.5176127030647291,0.5540614935312281,0.5128692931975113,0.540135231978636
7,2024-02-06,0.52,0.52,0.5035934809423105,0.4845995815355708,0.49225420349616567,0.4935467986750406
7,2024-02-07,0.57,0.52,0.5529158003258897,0.5062266598683758,0.5429402200213083,0.5403849933427639
7,2024-02-08,0.63,0.57,0.6299023213613071,0.5882455419173519,0.6356426402517596,0.6280665420082511
7,2024-02-09,0.67,0.63,0.6476176274344447,0.6540122348090704,0.6631612031972836,0.6731922960484256
7,2024-02-10,0.69,0.67,0.654188929519185,0.6929644838983138,0.6638466335903183,0.6904866297620185
7,2024-02-11,0.79,0.69,0.824311446540076,0.7459491551212031,0.8379938225161497,0.7845616287173738
7,2024-02-12,0.83,0.79,0.8511799100994277,0.8676990056131836,0.8780820962951603,0.8769261111616187
7,2024-02-13,0.86,0.83,0.832564478271471,0.8774339760219672,0.8733378087956893,0.8645795814309958
7,2024-02-14,0.86,0.86,0.8210463991382707,0.8378502980116879,0.8396061081038521,0.8247985631681013
7,2024-02-15,0.74,0.86,0.7553726475220499,0.763703572793025,0.7658606501494685,0.7550511320240277
7,2024-02-16,0.59,0.74,0.6204829785162712,0.6265532426363092,0.6261143825046066,0.6247702078964336
7,2024-02-17,0.48,0.59,0.4834773054368058,0.493164822969348,0.4895714124500383,0.48579255998334636
7,2024-02-18,0.38,0.48,0.4222284179545262,0.4187783765201076,0.4075993253249878,0.40801753227566806
7,2024-02-19,0.36,0.38,0.3737107489216854,0.3586687467889882,0.3707504915200823,0.36651279371942214
7,2024-02-20,0.4,0.36,0.39549285864972006,0.34892823187819894,0.40525798201687513,0.3818634773457472
7,2024-02-21,0.49,0.4,0.4664150485896669,0.4186167376063341,0.4707342585194505,0.46849254475001567
7,2024-02-22,0.62,0.49,0.5503394175734748,0.5157399970148391,0.5569844734297846,0.5535534830602699
7,2024-02-23,0.7,0.62,0.7011444556702771,0.6775756198883518,0.7115761523550767,0.7080456240178549
7,2024-02-24,0.72,0.7,0.7482741206149106,0.7768744840700278,0.7699314963046512,0.7713122332451352
7,2024-02-25,0.73,0.72,0.7485837060986534,0.7624110391389006,0.7681677858375494,0.7408454904639473
7,2024-02-26,0.65,0.73,0.6953906126929055,0.7164199586902167,0.7192360895878238,0.7087201382497011
7,2024-02-27,0.62,0.65,0.6199679872800601,0.6153775786238048,0.6169217883381597,0.6193442399552925
7,2024-02-28,0.68,0.62,0.6594638546843106,0.6112830466638159,0.6562997866624661,0.6262855007918162
7,2024-02-29,0.7,0.68,0.6745848794465381,0.6755556269735797,0.6614799004483797,0.6652548172564501
7,2024-03-01,0.64,0.7,0.672269493288527,0.6735605949319975,0.6591479564885673,0.6554339538208802
7,2024-03-02,0.56,0.64,0.5989953399921483,0.5913661683641797,0.5915962164249473,0.5798781826224566
7,2024-03-03,0.47,0.56,0.5052140923184402,0.4986521686775074,0.48746507709961523,0.49289514926511496
7,2024-03-04,0.38,0.47,0.40807061112771115,0.4137742952023152,0.39127329081040146,0.4189288296351151
7,2024-03-05,0.3,0.38,0.3518212506264696,0.32098194774675404,0.35397900238250174,0.34625702437510214
7,2024-03-06,0.34,0.3,0.3273589088331635,0.2775360502197488,0.3266595707669277,0.33034582374922866
7,2024-03-07,0.42,0.34,0.3699252542276644,0.3555696670184454,0.3747858430762036,0.3909069974414501
7,2024-03-08,0.51,0.42,0.5031089037852048,0.4554730732144548,0.52788076745758,0.5013852526484558
7,2024-03-09,0.69,0.51,0.635573367987116,0.5971488086949407,0.6673933222310481,0.6509720502140008
7,2024-03-10,0.86,0.69,0.80503554304797,0.8056357846075869,0.8403355245283199,0.8279080866663651
7,2024-03-11,0.9,0.86,0.9394988609840296,0.979819196443719,0.9731343997779646,0.9815480860362098
7,2024-03-12,0.99,0.9,1.00653098324734,0.9802336904050994,1.0336974918117223,0.9947856600842707
7,2024-03-13,1.05,0.99,1.0220009504852374,1.0136909712224424,1.0336906332635103,1.0243223571483215
7,2024-03-14,1.05,1.05,0.9938101465622001,0.9821280573283251,0.9823091528473192,0.9820977835540529
7,2024-03-15,0.96,1.05,0.9875250653539064,0.920059481437133,0.9574704819269809,0.935690641418954
7,2024-03-16,0.75,0.96,0.8267111430532414,0.8120441236753612,0.8129135214969195,0.8161986295538171
7,2024-03-17,0.57,0.75,0.5778404385866274,0.6205592629306109,0.5926218723278928,0.60705960978107
7,2024-03-18,0.4,0.57,0.4142127192096099,0.4600028047268092,0.43742441080113575,0.43813541716004084
7,2024-03-19,0.35,0.4,0.34738281150877154,0.31793989288064045,0.32919413660721114,0.3196496092526741
7,2024-03-20,0.39,0.35,0.40770418871811115,0.3265831603634316,0.38754775448856726,0.3681328385025157
7,2024-03-21,0.44,0.39,0.4647563353128797,0.4167257119207312,0.4596579363837745,0.4711071288078567
7,2024-03-22,0.72,0.44,0.6177848734678006,0.5231419216614762,0.6213746508065333,0.5886825190217579
7,2024-03-23,0.8,0.72,0.825614719732177,0.8084095736771809,0.8663877169768918,0.8615708378409069
7,2024-03-24,0.98,0.8,0.9393704795509379,0.8944768682663558,0.9566797705438689,0.934821062240668
7,2024-03-25,1.03,0.98,1.018244953975967,1.047451952362636,1.054856201867169,1.0417487399665692
7,2024-03-26,1.03,1.03,1.0544387860742896,1.0519019835068606,1.063485435200797,1.0432745911978663
7,2024-03-27,1.0,1.03,1.0490671794076307,1.0248219428951753,1.0606869640048489,1.0312737436854824
7,2024-03-28,1.02,1.0,1.0317812293480508,0.9864695628564183,1.0348430415980268,0.9990583724919698
7,2024-03-29,1.02,1.02,1.0014116278279808,0.9985647443018953,0.9895287957954017,0.996113805992608
7,2024-03-30,1.03,1.02,1.0109373808680002,0.9789906320927738,1.0033630449202908,0.982660353184926
7,2024-03-31,1.02,1.03,1.0305800284232838,0.967515089997708,1.0121354749777665,0.9806181723364741
7,2024-04-01,0.95,1.02,0.984630056760368,0.9515749021020392,0.9691674363197258,0.9589330077614856
7,2024-04-02,0.9,0.95,0.9314383222531323,0.8822361046444942,0.9137739614912607,0.8866883442658265
7,2024-04-03,0.83,0.9,0.8682944212659548,0.8559626327762793,0.8435022475258739,0.8496816665441642
7,2024-04-04,0.83,0.83,0.8351932866370476,0.7941525816207592,0.8238386059511787,0.7971070229891136
7,2024-04-05,0.95,0.83,0.937016628585159,0.8541998533689487,0.9277520294930017,0.8973615524292802
7,2024-04-06,1.08,0.95,1.018257408733092,1.0189782521753399,1.0130797750396665,1.0273505012369093
7,2024-04-07,1.21,1.08,1.2141554164865487,1.169255078036663,1.2090212853912332,1.1794370402087566
7,2024-04-08,1.33,1.21,1.296864083495535,1.2882631084696896,1.2977203300449345,1.2892069002217053
7,2024-04-09,1.35,1.33,1.3783816416514412,1.3676512718680351,1.3714436903567169,1.367660976569262
7,2024-04-10,1.26,1.35,1.3312700657346443,1.3179343940085817,1.3259969906322289,1.3296754812553482
7,2024-04-11,1.22,1.26,1.268203050728488,1.2083562080848158,1.2600994251368904,1.2577325578480822
7,2024-04-12,1.18,1.22,1.177608454901704,1.1761482217002273,1.1814534929201967,1.19302511087664
7,2024-04-13,1.09,1.18,1.087787587610276,1.073569261613,1.099570777139672,1.0760408773162125
7,2024-04-14,0.98,1.09,0.990937828925879,0.9467380828260291,0.9846528951956478,0.9881309554475718
7,2024-04-15,0.89,0.98,0.9104836455873602,0.8501063304299055,0.9004226635105012,0.9155196579781801
7,2024-04-16,0.86,0.89,0.9347879513554164,0.8237701101072137,0.9045401123162917,0.8937306935911874
7,2024-04-17,0.99,0.86,0.9736482979923953,0.8907833432507521,0.9501953814315715,0.9443200756187776
7,2024-04-18,1.11,0.99,1.113802267200514,1.075354540867468,1.1096463825869463,1.092115136747662
7,2024-04-19,1.18,1.11,1.1760636955977182,1.1828508688944683,1.1931768443130233,1.1842101880359568
7,2024-04-20,1.3,1.18,1.2361311786720837,1.2322151551447993,1.2638421774916828,1.2469736090579657
7,2024-04-21,1.42,1.3,1.4101464924858131,1.3470496815775344,1.4216584832782824,1.378489897558742
7,2024-04-22,1.5,1.42,1.4701932962389228,1.4440564458698368,1.4837307622860039,1.462135848033015
7,2024-04-23,1.43,1.5,1.4701196504024865,1.4677008643873108,1.4835759791316747,1.4764899706364443
7,2024-04-24,1.46,1.43,1.3964536946413748,1.3685351498437897,1.3988568886013264,1.3897263305147491
7,2024-04-25,1.48,1.46,1.4991861577987666,1.4286832812410133,1.4919758805216985,1.47564452757826
7,2024-04-26,1.46,1.48,1.530578404575993,1.469085626788761,1.5267641579341091,1.5122267448819897
7,2024-04-27,1.47,1.46,1.4969308301516404,1.448068577838341,1.49707944127255,1.4933008708649325
7,2024-04-28,1.44,1.47,1.4676653349515665,1.4387524298921763,1.4566072527122442,1.4675504681133296
7,2024-04-29,1.41,1.44,1.3935978487958645,1.3665085926892502,1.380768417133351,1.3891131178589335
7,2024-04-30,1.36,1.41,1.3740846699512594,1.3088986115025103,1.3501106791598885,1.3590617210883738
7,2024-05-01,1.43,1.36,1.4241789416511714,1.30456873837357,1.3947605461153596,1.3996647522700245
7,2024-05-02,1.49,1.43,1.5476682312453163,1.4444764181523952,1.5348344478944558,1.52985966665132
7,2024-05-03,1.57,1.49,1.5798199663754726,1.5283972985796728,1.5631464702027758,1.5695079014320523
7,2024-05-04,1.63,1.57,1.6224425566852976,1.5823862357356402,1.6251677614300188,1.6152591688738844
7,2024-05-05,1.73,1.63,1.7006883839475726,1.6200650832965453,1.700780264733302,1.6618641401007206
7,2024-05-06,1.93,1.73,1.8344452255574162,1.7784482256210306,1.8394370131084035,1.819904264182887
7,2024-05-07,1.93,1.93,1.9928776261606647,2.003946860402708,1.9939476283329196,1.9955566717043445
7,2024-05-08,1.95,1.93,1.9471010068957102,1.9541053567824094,1.952455233885605,1.9551395561139604
7,2024-05-09,1.81,1.95,1.9159492993377456,1.889862844385921,1.9212181886217168,1.9231364951130792
7,2024-05-10,1.78,1.81,1.8430584366410097,1.7476353796971982,1.8402266979682083,1.8280996814813042
7,2024-05-11,1.79,1.78,1.8004428493605835,1.758882003839072,1.797346218010305,1.80704835946589
7,2024-05-12,1.75,1.79,1.757209676035103,1.7617195171922264,1.759717269877834,1.7652016331584137
7,2024-05-13,1.65,1.75,1.6403665010772719,1.6350224808529459,1.6429829491531092,1.6367780131339131
7,2024-05-14,1.51,1.65,1.4948307106225842,1.5044458702873644,1.5171839095631032,1.5248427343738225
7,2024-05-15,1.39,1.51,1.3922787730237949,1.387535987340101,1.3997821325815398,1.4118257865939523
7,2024-05-16,1.28,1.39,1.2798498222530152,1.2867772010257743,1.2890590657345395,1.3021243139264334
7,2024-05-17,1.25,1.28,1.2116796531724812,1.1976926460129365,1.2235444527388246,1.233923518131962
7,2024-05-18,1.31,1.25,1.2596433792027342,1.21268615904151,1.2715875165244357,1.2714382681935865
7,2024-05-19,1.37,1.31,1.3627235460491167,1.3314678606082875,1.371121114348029,1.3820604323213914
7,2024-05-20,1.44,1.37,1.4338567237941473,1.4155991995838682,1.4395201386318568,1.452849304062414
7,2024-05-21,1.48,1.44,1.4882001866512091,1.4727687341371454,1.5076330206952135,1.5156627990658897
7,2024-05-22,1.58,1.48,1.5509138780638851,1.5000376673277434,1.5555246767761213,1.5527421725025974
7,2024-05-23,1.67,1.58,1.655578740593444,1.5937762113851752,1.6545153997426079,1.646518617186187
7,2024-05-24,1.76,1.67,1.7378296872189396,1.6789379186980724,1.7379011637225397,1.7276917432694656
7,2024-05-25,1.84,1.76,1.8868419933786948,1.818448609715232,1.881428588141109,1.8722111796477208
7,2024-05-26,2.12,1.84,2.0745817644118922,1.9873690582679793,2.0636688448995772,2.031801253348619
7,2024-05-27,2.96,2.12,2.8152372627827758,2.409065131661963,2.725236525709081,2.5153989015727674
7,2024-05-28,2.68,2.96,3.049352648621598,3.1131086783736115,2.9477893164161135,2.927363553168584
7,2024-05-29,2.37,2.68,2.282972313288771,2.4764562135401333,2.405017619903926,2.3905722260761135
7,2024-05-30,2.22,2.37,2.169125072864888,2.149176428463159,2.1837610984764297,2.1709915025673756
7,2024-05-31,2.1,2.22,2.130772865249229,2.061110640586708,2.100127046565581,2.1203084888835164
7,2024-06-01,2.02,2.1,2.078391668432865,2.038432961200444,2.057009594431373,2.082820796810093
7,2024-06-02,2.15,2.02,2.136761570912334,2.0526095466222247,2.1346102416010644,2.1206173656811007
7,2024-06-03,2.35,2.15,2.3242135337188796,2.2497554407258638,2.3012970027436235,2.3150046319817825
7,2024-06-04,2.57,2.35,2.6144112449187786,2.4972944281555263,2.590972339930314,2.5549852654023595
7,2024-06-05,2.79,2.57,2.852128090333329,2.7293736250096194,2.839210816700932,2.7726165197020642
7,2024-06-06,2.93,2.79,2.988411449565114,2.9200456695767394,2.9845128061717148,2.9167382856495663
7,2024-06-07,3.03,2.93,3.06122646009048,3.0067145990536006,3.0422383116917007,2.9897792726742494
7,2024-06-08,3.07,3.03,3.0884758188697123,3.0634504072018847,3.0841181380548037,3.036959111597213
7,2024-06-09,3.08,3.07,3.1120176069213477,3.0798298559707136,3.1027788942108536,3.0568340364914497
7,2024-06-10,3.04,3.08,3.049455176521173,3.051467594260831,3.052118431132301,3.0165321379114247
7,2024-06-11,2.97,3.04,2.98860807299107,2.9583194781279363,2.991732829019007,2.9504019082943524
7,2024-06-12,2.88,2.97,2.8713870735035205,2.854032725365855,2.8881165960941684,2.8729655788179804
7,2024-06-13,2.86,2.88,2.830575568056781,2.7869007667745542,2.842481424083521,2.8283432588546575
7,2024-06-14,2.84,2.86,2.8726427298390864,2.809281581889016,2.8768097620405464,2.8500339767258644
7,2024-06-15,2.84,2.84,2.8625425146884034,2.836109734361635,2.8719879376975554,2.866971899367755
7,2024-06-16,2.85,2.84,2.8931223402574533,2.8575352698040946,2.901140751436723,2.8922144669886234
7,2024-06-17,2.97,2.85,2.996581128832403,2.8934235284174754,2.9870593165385633,2.9614090172332426
7,2024-06-18,3.14,2.97,3.163864534759974,3.052946816642068,3.1648707357388677,3.120460656808305
7,2024-06-19,3.38,3.14,3.4147727730698265,3.2655253942481823,3.4246435192383213,3.338724587033791
7,2024-06-20,3.69,3.38,3.6966463813023376,3.5303206433634173,3.6949863198227084,3.603988992143964
7,2024-06-21,3.82,3.69,3.8950098892553933,3.7989199206640194,3.8688939854248243,3.845183630662317
7,2024-06-22,3.95,3.82,3.9820194407039824,3.868479112788832,3.962462117329697,3.9411259795338682
7,2024-06-23,3.94,3.95,4.0336167215640355,3.9492649741797816,4.012551607528734,3.996391565542963
7,2024-06-24,3.88,3.94,3.946999530481153,3.907385383861284,3.920126252223523,3.9154053071558663
7,2024-06-25,3.84,3.88,3.8861706098632722,3.8412160985798605,3.8612164368830464,3.83646203960695
7,2024-06-26,3.79,3.84,3.797254361596263,3.782965366768353,3.7969759580371716,3.7781756825449357
7,2024-06-27,3.8,3.79,3.8041464801944294,3.727762501683064,3.7756465671509063,3.7529558168619985
7,2024-06-28,3.93,3.8,3.87288015389207,3.785599637660852,3.8604698688307315,3.831588923507569
7,2024-06-29,3.99,3.93,3.9820601438034213,3.9381286047692154,3.9732696269614745,3.9500054503618514
7,2024-06-30,3.97,3.99,3.99695381364669,3.962551393510706,3.9997618771850494,3.959694189034748
7,2024-07-01,3.98,3.97,3.98273509888148,3.9164636163330626,4.0049686326487945,3.9527374340701087
7,2024-07-02,4.01,3.98,4.05689250629266,3.9337955516680236,4.058625856829223,4.025337366353968
7,2024-07-03,4.2,4.01,4.22092459376545,4.038938941971526,4.240189622514397,4.196416351414654
7,2024-07-04,4.52,4.2,4.525376944869197,4.333739345300406,4.523378019066357,4.466512979425119
7,2024-07-05,4.75,4.52,4.752348390041766,4.6752261502182115,4.771491872441669,4.760061928000691
7,2024-07-06,4.85,4.75,4.897962088046959,4.847216324548008,4.894397345029193,4.878468395232512
7,2024-07-07,4.94,4.85,4.9367904215805645,4.858381552925876,4.9143068424582665,4.860977824509598
7,2024-07-08,4.99,4.94,4.99364411412848,4.904806981611983,4.975201171665003,4.91050101944195
7,2024-07-09,5.01,4.99,4.9883639468462855,4.937305461570756,4.980908115178855,4.943387757114984
7,2024-07-10,5.0,5.01,5.007134952610003,4.947398681159218,5.017265913709248,4.973773800921486
7,2024-07-11,5.0,5.0,4.9818148381754925,4.895406686178013,4.996227041626244,4.954228465620624
7,2024-07-12,5.15,5.0,5.095782379491029,4.9245006634137445,5.104216843868813,5.034844055991204
7,2024-07-13,5.13,5.15,5.1940547361726015,5.101562248696291,5.192987950196028,5.188345861879063
7,2024-07-14,5.09,5.13,5.15158759451487,5.049339252516641,5.133303042758967,5.105873280754067
7,2024-07-15,5.09,5.09,5.123086415081924,5.013266044967872,5.107984950129688,5.069515445864053
7,2024-07-16,5.05,5.09,5.104586285349588,5.020785095914002,5.08002392518543,5.060977884060418
7,2024-07-17,4.96,5.05,5.018209234362823,4.952294991864272,4.9975115235657155,4.989020815639913
7,2024-07-18,4.89,4.96,4.931897403154435,4.829813607483477,4.90635533793235,4.894761109372873
7,2024-07-19,4.92,4.89,4.911960001320112,4.815773047190869,4.889425814543887,4.881247077335222
7,2024-07-20,4.94,4.92,4.936729516858028,4.915615395461367,4.9277757080874744,4.925183985555904
7,2024-07-21,4.94,4.94,4.949231249871075,4.943554528158967,4.936222843023997,4.916671294903649
7,2024-07-22,4.86,4.94,4.909801297675473,4.9075241535276035,4.8889270217383975,4.875359937779405
7,2024-07-23,4.8,4.86,4.826704620511626,4.800359295543339,4.810286719790571,4.785343168771622
7,2024-07-24,4.73,4.8,4.753620273464042,4.721831698112585,4.7399153617466,4.727468193342642
7,2024-07-25,4.65,4.73,4.690113107495251,4.649651371272314,4.682139921822665,4.673484862661898
7,2024-07-26,4.6,4.65,4.616613041012666,4.5745573487919495,4.613426146120738,4.606218014329639
7,2024-07-27,4.6,4.6,4.550910038018799,4.513091711983997,4.546868676952061,4.5440681616774
7,2024-07-28,4.53,4.6,4.543671878715822,4.514150203228546,4.5485911828340555,4.547176322692593
7,2024-07-29,4.47,4.53,4.485573494552541,4.437044783419318,4.483273896153494,4.477408781848703
7,2024-07-30,4.36,4.47,4.416674574716375,4.347846639728417,4.403370610809603,4.391395855673149
7,2024-07-31,4.24,4.36,4.253326332637891,4.22174959291828,4.24737219266317,4.255918603008296
7,2024-08-01,4.24,4.24,4.202759681811879,4.158378321427976,4.193893104177729,4.18632180773509
7,2024-08-02,4.31,4.24,4.329970361170776,4.243595070965008,4.301342348912296,4.256188765659831
7,2024-08-03,4.33,4.31,4.365273473075947,4.334472609591378,4.345448410036952,4.329055897001015
7,2024-08-04,4.27,4.33,4.319432964820762,4.280857790865536,4.31300236952504,4.30084002768779
7,2024-08-05,4.21,4.27,4.279982806493476,4.187250409668096,4.2689293765548895,4.256853101178632
7,2024-08-06,4.19,4.21,4.246526775346935,4.155530473160682,4.230395664860938,4.228724766444236
7,2024-08-07,4.21,4.19,4.214249218710958,4.167058615111316,4.1892165507111665,4.201477146382717
7,2024-08-08,4.25,4.21,4.26892910928965,4.201254871978274,4.24303584662936,4.229645815909012
7,2024-08-09,4.35,4.25,4.322385048350485,4.24133701446231,4.308947643582248,4.295892435673913
7,2024-08-10,4.37,4.35,4.401099684071145,4.319883183482189,4.3953450575612,4.394407661413739
7,2024-08-11,4.4,4.37,4.413408419872983,4.292855423027484,4.409670550622986,4.40233217380639
7,2024-08-12,4.43,4.4,4.465744901933721,4.319289572738218,4.459821467692294,4.453079339970935
7,2024-08-13,4.47,4.43,4.462627748940771,4.361674686446648,4.456038237104728,4.473197190453027
7,2024-08-14,4.47,4.47,4.494956947702836,4.410309459443019,4.485839703324831,4.498741015511798
7,2024-08-15,4.51,4.47,4.5191586835119475,4.4081457689906856,4.5063762968855565,4.49377561018416
7,2024-08-16,4.56,4.51,4.562826262140608,4.467879002447837,4.5628363341842535,4.553097515703661
7,2024-08-17,4.59,4.56,4.6200162431763765,4.5330777225402015,4.623254950716399,4.610473493033859
7,2024-08-18,4.69,4.59,4.672332920760786,4.602268871761866,4.672604378235046,4.648777130375997
7,2024-08-19,4.72,4.69,4.75505661986644,4.730630907398596,4.73870033206074,4.729499093538327
7,2024-08-20,4.73,4.72,4.769245497984606,4.746802157576082,4.7264770836834895,4.724705583630523
7,2024-08-21,4.74,4.73,4.806398004846023,4.712846452026317,4.750308632007784,4.715193024230186
7,2024-08-22,4.72,4.74,4.770055062619521,4.700706389796369,4.7292354154496445,4.711028415963094
7,2024-08-23,4.75,4.72,4.737264861702409,4.679912472512364,4.708302991018158,4.689983547662095
7,2024-08-24,4.68,4.75,4.715091575772965,4.666547747840002,4.684219188933336,4.686225385074771
7,2024-08-25,4.57,4.68,4.606439062220084,4.520227058252176,4.581602256476615,4.5781278460011485
7,2024-08-26,4.56,4.57,4.566036112148056,4.433701370349009,4.558610535659203,4.527994703589916
7,2024-08-27,4.46,4.56,4.486782227592757,4.438342975343564,4.480212656936377,4.512504388873484
7,2024-08-28,4.32,4.46,4.356809009935789,4.3101286706957955,4.345058750931276,4.382969099631084
7,2024-08-29,4.28,4.32,4.268963900866052,4.171313451342194,4.263617927428563,4.263648185910476
7,2024-08-30,4.26,4.28,4.274625567998545,4.185420507158724,4.254950021330956,4.268677807385636
7,2024-08-31,4.3,4.26,4.313911406820349,4.240612283337122,4.299189270335724,4.297424919460802
7,2024-09-01,4.32,4.3,4.336688432027867,4.305490784694424,4.326750036117598,4.340757585056461
7,2024-09-02,4.27,4.32,4.30030502577359,4.259666080995087,4.282664127848986,4.303912296347037
7,2024-09-03,4.27,4.27,4.295961030147492,4.187499948690567,4.279438810161974,4.256222730156782
7,2024-09-04,4.24,4.27,4.286914302358832,4.208712505531321,4.277465364307468,4.276639672102338
7,2024-09-05,4.25,4.24,4.24237442257412,4.199240208496568,4.236266129534198,4.2536921233731855
7,2024-09-06,4.25,4.25,4.252399480422723,4.206026673779384,4.246486061062003,4.260398437364603
7,2024-09-07,4.25,4.25,4.248549564785086,4.200190524052981,4.246312045268257,4.264888757084921
7,2024-09-08,4.27,4.25,4.263440084582315,4.2031693193533455,4.258287458188561,4.26645927602936
7,2024-09-09,4.27,4.27,4.240633591809557,4.204308243139059,4.2361988615850565,4.245769572857287
7,2024-09-10,4.17,4.27,4.232595772958309,4.175948491161341,4.224614483004222,4.226746450306437
7,2024-09-11,4.03,4.17,4.088585056094069,4.074369439505115,4.089392853935689,4.122052723089888
7,2024-09-12,3.92,4.03,3.9285168569206257,3.921312853585279,3.9330884563245214,3.9679697012596518
7,2024-09-13,3.78,3.92,3.8135652485804825,3.789568355419108,3.815121860885668,3.849110150969072
7,2024-09-14,4.0,3.78,3.881050997300512,3.805282467460966,3.8834805337524596,3.8598076894485494
7,2024-09-15,4.19,4.0,4.221600883657443,4.172628617399357,4.194969605940211,4.141112185997764
7,2024-09-16,4.18,4.19,4.2193361917032055,4.2815148979596955,4.182213214197919,4.229999720359452
7,2024-09-17,4.02,4.18,4.037122286467528,4.079170163026845,4.0236574573171255,4.082693906653921
7,2024-09-18,3.98,4.02,3.974932857426985,3.862348665830434,3.9626257557486775,3.9450575533740384
7,2024-09-19,4.0,3.98,4.028443757778979,3.923777348576754,4.010850357768196,3.9983956799661704
7,2024-09-20,4.03,4.0,4.054144984623766,4.0391189526686375,4.047794944520774,4.056940611458496
7,2024-09-21,4.08,4.03,4.070428822897768,4.034205155185282,4.05604948463511,4.067397532544167
7,2024-09-22,4.11,4.08,4.135623262680806,4.048953693484568,4.118068023495841,4.115121627607713
7,2024-09-23,4.12,4.11,4.1089135756978665,4.031256749574922,4.090004135087078,4.111261334997752
7,2024-09-24,4.15,4.12,4.1572496858950405,4.059647437909758,4.143908270552877,4.142579161467495
7,2024-09-25,4.25,4.15,4.255177949754067,4.155546126468937,4.2356701955564775,4.204454505395123
7,2024-09-26,4.27,4.25,4.287162335518999,4.262594616859389,4.269427287242793,4.284238922035123
7,2024-09-27,4.21,4.27,4.2198326912815265,4.196762121318389,4.216228684912174,4.260001802451142
7,2024-09-28,4.17,4.21,4.1706214161529775,4.106273453713744,4.175382798415833,4.2084040004836405
7,2024-09-29,4.14,4.17,4.15697091868108,4.096094745760166,4.164684354776018,4.202744385302587
7,2024-09-30,4.19,4.14,4.218126309643245,4.1279043589247655,4.227626693228827,4.217473597933935
7,2024-10-01,4.3,4.19,4.318670983820106,4.217143104128483,4.30872474266718,4.281078061516895
7,2024-10-02,4.3,4.3,4.325102834307022,4.300954415007113,4.290397128633772,4.323014939339192
7,2024-10-03,4.31,4.3,4.3427945959940555,4.266345060789346,4.302340473051507,4.285375081043887
7,2024-10-04,4.41,4.31,4.444839913249998,4.315614812526227,4.415961086990198,4.349539770364907
7,2024-10-05,4.49,4.41,4.475135645302618,4.438000398897106,4.464664895977383,4.468866179484268
7,2024-10-06,4.45,4.49,4.472672013538592,4.468842714369324,4.48190494147065,4.516715351347199
7,2024-10-07,4.43,4.45,4.413895961393284,4.330708720343103,4.431772410576138,4.4352802263612645
7,2024-10-08,4.37,4.43,4.381524751472136,4.294169649582006,4.386051255397636,4.405213581747898
7,2024-10-09,4.29,4.37,4.315270101246282,4.27454316410685,4.314920902721208,4.333194636790066
7,2024-10-10,4.22,4.29,4.223249179532472,4.216531162512658,4.237396341514284,4.256870802762154
7,2024-10-11,4.19,4.22,4.201969664228282,4.1596143435447415,4.2138517372028925,4.2227024774483715
7,2024-10-12,4.19,4.19,4.206341266467462,4.13608794762894,4.202337768938674,4.209271425391267
7,2024-10-13,4.14,4.19,4.179886522091392,4.1319945398239675,4.162963021348517,4.180804793414152
7,2024-10-14,4.1,4.14,4.144757529555649,4.072863738758788,4.127365644146078,4.106120938517868
7,2024-10-15,4.06,4.1,4.061608714908664,4.003842753653898,4.031064157685981,4.025220411904805
7,2024-10-16,4.04,4.06,4.073994718445426,4.038922263099281,4.06285406439515,4.044102815357759
7,2024-10-17,4.08,4.04,4.089895375724327,4.080841261449109,4.077179082038896,4.060947209292028
7,2024-10-18,4.14,4.08,4.094889083391801,4.0913632888195295,4.079860981570781,4.0790761558599655
7,2024-10-19,4.05,4.14,4.1156435614141715,4.098896533957156,4.109529875605894,4.102646932440351
7,2024-10-20,3.91,4.05,3.9726002773594904,3.9486294591794593,3.9680080509267412,3.95651182090412
7,2024-10-21,3.75,3.91,3.7233368199571135,3.740924535884352,3.735989650707889,3.749488433892092
7,2024-10-22,3.6,3.75,3.635490138032822,3.6008464294809754,3.656310930275384,3.616623288267101
7,2024-10-23,3.45,3.6,3.4428728690831165,3.4894355567417086,3.4272692847625486,3.4829144257034694
7,2024-10-24,3.45,3.45,3.408003152299142,3.416008859965831,3.4066723282401488,3.4089336867444575
7,2024-10-25,3.48,3.45,3.457178886113985,3.4603700254350946,3.443753463191174,3.440741081833957
7,2024-10-26,3.34,3.48,3.3943613080072637,3.4150789253820193,3.3887955716705513,3.389254441005028
7,2024-10-27,3.15,3.34,3.208715394270021,3.1902057645772715,3.2176101688766767,3.214230333148697
7,2024-10-28,3.04,3.15,3.0407077692970796,3.0031293782481114,3.046788238711,3.045859268653601
7,2024-10-29,2.96,3.04,2.9680129453009902,2.9425000301207227,2.959759887554173,2.9662838578738175
7,2024-10-30,2.92,2.96,2.9251157641171806,2.9308977168394783,2.918653597835668,2.93508127310345
7,2024-10-31,2.89,2.92,2.907865862689474,2.9192275960425724,2.895384957273306,2.912611328740521
7,2024-11-01,2.86,2.89,2.874878002538973,2.879573757203484,2.864022650174695,2.875948807254763
7,2024-11-02,2.79,2.86,2.832190271693948,2.816187260545195,2.824150473823881,2.8283498304934738
7,2024-11-03,2.73,2.79,2.7419975495685622,2.742500986323506,2.752787429293713,2.7588651184394415
7,2024-11-04,2.67,2.73,2.703526531127871,2.6906396097617695,2.7087088157442807,2.7077884055850867
7,2024-11-05,2.6,2.67,2.646246901461298,2.6399927940173256,2.6423029614851434,2.646883588110299
7,2024-11-06,2.55,2.6,2.5431468203231926,2.541973042164873,2.5428720544900956,2.5389361851739505
7,2024-11-07,2.5,2.55,2.5054222194875173,2.480084569918778,2.5080685733322734,2.494878247233228
7,2024-11-08,2.36,2.5,2.442446983559626,2.444123621967698,2.4414958542829175,2.4540245505030183
7,2024-11-09,2.26,2.36,2.2824271261147526,2.3027998626594,2.2880391199897683,2.3060238947317764
7,2024-11-10,2.18,2.26,2.197093072313953,2.1996628424131845,2.1991220043328656,2.2130412670822794
7,2024-11-11,2.15,2.18,2.1687472874009623,2.1383231537359126,2.158374717195403,2.1664072384206627
7,2024-11-12,2.15,2.15,2.155801625566402,2.133750267851559,2.1489423644407335,2.16036997764647
7,2024-11-13,2.13,2.15,2.151625449939245,2.138638833533196,2.1441369259011673,2.1633644573853985
7,2024-11-14,2.17,2.13,2.1577911118252553,2.1319914294071682,2.1443575905723837,2.157958477442381
7,2024-11-15,2.22,2.17,2.18608140548412,2.195736897763322,2.1808178632437674,2.198323487371962
7,2024-11-16,2.23,2.22,2.2187115405961353,2.224507384881839,2.218013843171606,2.2161425973766167
7,2024-11-17,2.16,2.23,2.1754452192001597,2.2066015196905355,2.193474995863872,2.1959879502129995
7,2024-11-18,2.1,2.16,2.1414516867617834,2.1360810246961726,2.152521776205654,2.1344480339146257
7,2024-11-19,2.01,2.1,2.0437349772749687,2.068828639365532,2.054203006390855,2.0514843324257055
7,2024-11-20,1.92,2.01,1.9189987634045862,1.9423863826608798,1.9320441803497896,1.93317105732668
7,2024-11-21,1.83,1.92,1.8371281693925021,1.8358357151938616,1.84602376542417,1.8459582937358805
7,2024-11-22,1.73,1.83,1.7624324007902943,1.767409224391488,1.7597573830915876,1.7731452422968925
7,2024-11-23,1.64,1.73,1.6684902770244836,1.6806002981169952,1.6639955755575973,1.6778565939577164
7,2024-11-24,1.51,1.64,1.5569215980871023,1.5801544272019934,1.5599767179189168,1.588311834755124
7,2024-11-25,1.46,1.51,1.4624367204203736,1.46369774853354,1.4584759905877174,1.4881854215734371
7,2024-11-26,1.43,1.46,1.4370560362933085,1.4261387914979586,1.4309672138166072,1.4618759999168647
7,2024-11-27,1.47,1.43,1.4677493670322224,1.426556941997663,1.470947415061432,1.476934280335617
7,2024-11-28,1.51,1.47,1.5129528467781652,1.4864727541202818,1.514005701745407,1.533335368137332
7,2024-11-29,1.54,1.51,1.541615038401966,1.532081656836425,1.548830762207638,1.5747314110304815
7,2024-11-30,1.64,1.54,1.5866410919508454,1.5660123547863474,1.58670365116519,1.605059155179217
7,2024-12-01,1.72,1.64,1.688806317181521,1.6870775306632568,1.6905694016149218,1.7065357599211382
7,2024-12-02,1.75,1.72,1.7715323412756367,1.7492315952527606,1.7635053374431184,1.7601795185766196
7,2024-12-03,1.73,1.75,1.7318405579169036,1.7432995702453373,1.739569356402262,1.7503614163878378
7,2024-12-04,1.7,1.73,1.7363795578859333,1.7237380591125353,1.7458294931261662,1.7356988672985736
7,2024-12-05,1.67,1.7,1.653076365873303,1.6776697232824906,1.6516863801763069,1.6661486627159885
7,2024-12-06,1.62,1.67,1.6031265246130864,1.6379412356402876,1.6161399943247758,1.6295250414350917
7,2024-12-07,1.5,1.62,1.5538175706622586,1.549242231077704,1.551951114534499,1.5564230575114164
7,2024-12-08,1.42,1.5,1.4579861532872167,1.4184287420362576,1.4483675864498275,1.4472908777572877
7,2024-12-09,1.37,1.42,1.4028142677452151,1.3603659952959326,1.3908203578904377,1.386747531902145
7,2024-12-10,1.33,1.37,1.352636646443822,1.3370173783284,1.3519914613065176,1.347076097676477
7,2024-12-11,1.3,1.33,1.3042277317114532,1.2937398000593843,1.2983264671665251,1.3011573726073067
7,2024-12-12,1.29,1.3,1.3043030195876772,1.2915902544481639,1.2896297765144777,1.3099365655240216
7,2024-12-13,1.41,1.29,1.3664173683266303,1.3144898780635077,1.348969742740814,1.3356872410955651
7,2024-12-14,1.53,1.41,1.4689563078589438,1.4521266301385645,1.4750644225474747,1.468280952781898
7,2024-12-15,1.51,1.53,1.5296208604575507,1.5448619699686057,1.5411602243394176,1.553341172942643
7,2024-12-16,1.54,1.51,1.5027156664986203,1.505325254799749,1.5189993504423447,1.5152586598462845
7,2024-12-17,1.57,1.54,1.5584740902734038,1.5435108230204264,1.5604847530496828,1.546292162313511
7,2024-12-18,1.55,1.57,1.590044056584696,1.5819039051606356,1.5760732003637739,1.5613676004555874
7,2024-12-19,1.53,1.55,1.5177768353455054,1.5286129551642353,1.5264270771974806,1.503677044377986
7,2024-12-20,1.48,1.53,1.467783795673947,1.470268394360424,1.482385438105023,1.461591983667553
7,2024-12-21,1.38,1.48,1.4114411192707865,1.3885293996584436,1.4246316307505642,1.3951738924612729
7,2024-12-22,1.21,1.38,1.246301649506442,1.2776061896370428,1.2627781164078715,1.2810450402793185
7,2024-12-23,1.08,1.21,1.1151462703763746,1.1164833805138314,1.1115331146220564,1.120359256204675
7,2024-12-24,1.04,1.08,1.0660749730094465,1.0201820061226992,1.0513630183102582,1.0270518658251513
7,2024-12-25,1.01,1.04,1.037325797846275,1.0132736363555097,1.0225808636725944,1.0217067345649349
7,2024-12-26,0.97,1.01,0.9872162574236406,1.00091915392605,0.9717838248759828,0.999898580723957
7,2024-12-27,0.94,0.97,0.9665899493782852,0.9633482849059636,0.9589571684205941,0.9727129526615022
7,2024-12-28,0.96,0.94,0.9657408393967803,0.9338762946082424,0.9618879102882821,0.9589750099772116
7,2024-12-29,1.06,0.96,1.0425142566190368,0.9853702498521276,1.0549815433148602,1.0308994126032862
7,2024-12-30,1.11,1.06,1.094023888991514,1.0947068835268732,1.121448669890998,1.116754972409592
7,2024-12-31,1.07,1.11,1.1024846553570764,1.1188303161346909,1.1185675553807115,1.1235508107149255
7,2025-01-01,1.05,1.07,1.0108770830899143,1.0548792186423077,1.0218548425072387,1.0399585735399501
7,2025-01-02,1.05,1.05,1.0526936127371667,1.0383094465177882,1.0619349153044944,1.0371488917829879
7,2025-01-03,1.06,1.05,1.0680192056467146,1.05421134136947,1.086416042577362,1.0620156965561451
7,2025-01-04,1.12,1.06,1.0747118871682142,1.0670697356759515,1.0901756996485696,1.0697323612321454
7,2025-01-05,1.12,1.12,1.127033192281226,1.114355654005241,1.1436987227495363,1.1155959888200344
7,2025-01-06,1.08,1.12,1.11159343877699,1.0911752706149003,1.115793065704237,1.088005813150337
7,2025-01-07,1.07,1.08,1.0626056655960288,1.0493170127588547,1.0608139402829824,1.0407773505921278
7,2025-01-08,1.02,1.07,1.017398349466476,1.0315427807591897,1.0238398332435592,1.007447694870429
7,2025-01-09,0.91,1.02,0.9305200293553362,0.9642662266179386,0.9345455277120256,0.9351816185011009
7,2025-01-10,0.85,0.91,0.8645014125633945,0.8406809668401563,0.8683841337183992,0.8444301164473291
7,2025-01-11,0.93,0.85,0.82583127969181,0.8176172202785331,0.8155807129815033,0.8247809706689725
7,2025-01-12,0.98,0.93,0.9883140109096615,0.9627672822125725,0.9939155721491953,0.9831774727407218
7,2025-01-13,1.08,0.98,1.0593923272972599,1.049840146545858,1.0661315524480925,1.0598419715201501
7,2025-01-14,1.1,1.08,1.1030274942052591,1.1220006584779607,1.1153854055159889,1.113246945757609
7,2025-01-15,1.05,1.1,1.0781683407417664,1.0862917568938586,1.0898856924508429,1.0832414033868443
7,2025-01-16,1.03,1.05,1.02209738079035,1.026502394616534,1.0283390732542346,1.024733247887772
7,2025-01-17,1.09,1.03,0.9841180869829894,1.0289916381220559,0.984105271222413,0.9947355144692104
7,2025-01-18,1.06,1.09,1.1140591848869386,1.075675745822326,1.1287246187902213,1.0693311431974504
7,2025-01-19,0.93,1.06,0.9796653797038115,0.9876601855173255,0.9952797055659373,0.988503096972304
7,2025-01-20,0.84,0.93,0.8562781362731366,0.8350982019925005,0.8479868998944609,0.8438305776235318
7,2025-01-21,0.8,0.84,0.8206073825658922,0.7838892954445843,0.7976084117934223,0.7848326165317591
7,2025-01-22,0.79,0.8,0.7846168171702765,0.7836539361818856,0.7659881592085789,0.7644529694375771
7,2025-01-23,0.69,0.79,0.7501715862945441,0.7774296732551259,0.7471114916703138,0.7537654317529857
7,2025-01-24,0.61,0.69,0.6285945853539702,0.652191015380825,0.626267950507744,0.6406220345068125
7,2025-01-25,0.6,0.61,0.6232369548997216,0.5813797583464108,0.6097915623298124,0.6077014219670458
7,2025-01-26,0.61,0.6,0.6129700977008748,0.6133926297346082,0.609339223343675,0.6369628438282932
7,2025-01-27,0.67,0.61,0.6515474837572481,0.6526954311477261,0.6631365877681374,0.6740053620873238
7,2025-01-28,0.78,0.67,0.7347413946212515,0.7332470224775967,0.7571655606251505,0.7591314376113006
7,2025-01-29,0.91,0.78,0.8806167237389471,0.8729924831117728,0.9024123286334803,0.895753423631438
7,2025-01-30,1.03,0.91,0.9924915236494817,1.0059533523685522,1.0222273589640267,1.0146033157753174
7,2025-01-31,1.15,1.03,1.094984692589846,1.10513774100138,1.1203344433518712,1.1102734658320477
7,2025-02-01,1.12,1.15,1.166843758397303,1.1814076657196495,1.1872331796100508,1.1704579234545907
7,2025-02-02,1.12,1.12,1.0612930022578848,1.083285396093869,1.084251270012941,1.0670030373214046
7,2025-02-03,1.04,1.12,1.0321239136483435,1.030267637980016,1.036929713597919,1.0217265408802267
7,2025-02-04,0.89,1.04,0.916848339293138,0.9293996638749111,0.9234547965172486,0.9245903425628001
7,2025-02-05,0.79,0.89,0.8080908650729517,0.795706905864939,0.8125580664961406,0.7962948597047452
7,2025-02-06,0.69,0.79,0.7255464890644461,0.7216973276344004,0.7195049079361002,0.7143472538619712
7,2025-02-07,0.59,0.69,0.610449160938839,0.6495814651440354,0.6029381749958963,0.628745482654915
7,2025-02-08,0.53,0.59,0.5476959845464664,0.5405986771268928,0.5282877721414548,0.5347333062502929
7,2025-02-09,0.52,0.53,0.5196262531635947,0.5048975566439599,0.5045984958641129,0.5200821230204644
7,2025-02-10,0.63,0.52,0.5795871288875831,0.547805824012826,0.5811124078980446,0.5749026225017498
7,2025-02-11,0.76,0.63,0.7356512328346679,0.7116171154025458,0.7656129108082679,0.7424362933738372
7,2025-02-12,0.85,0.76,0.836961435691881,0.8681639513700085,0.8765694239320742,0.8820580148597633
7,2025-02-13,0.9,0.85,0.9010515269557794,0.9386196465181955,0.9307595946468323,0.9378215977484112
7,2025-02-14,0.94,0.9,0.9450368511913034,0.9601617821605027,0.9788219847375634,0.9683712814369733
7,2025-02-15,0.92,0.94,0.907408445111317,0.9539414958788539,0.9278814070047648,0.9432468492849903
7,2025-02-16,0.89,0.92,0.8728258568675353,0.8906932979235855,0.8954901534140124,0.8804748821648481
7,2025-02-17,0.86,0.89,0.81537447787597,0.8207784335427322,0.8411608743854954,0.8218814357482077
7,2025-02-18,0.79,0.86,0.7755623012051804,0.7741479263661385,0.7898572982708277,0.7775095064152281
7,2025-02-19,0.7,0.79,0.716938048802939,0.7099673997745541,0.7229457126020846,0.7107994893364902
7,2025-02-20,0.63,0.7,0.624792695444445,0.649575745715535,0.6268256219914593,0.6344440239986797
7,2025-02-21,0.51,0.63,0.5565308468706934,0.5822692221201767,0.549590942664343,0.5588752025566739
7,2025-02-22,0.49,0.51,0.5071782084498986,0.465904206617822,0.49810202605156406,0.4728420595487229
7,2025-02-23,0.48,0.49,0.48976473826042977,0.4699064831770369,0.48008248430245654,0.4899187811672879
7,2025-02-24,0.53,0.48,0.5027900808963979,0.48632781921070584,0.49514121163820235,0.5095581465974584
7,2025-02-25,0.62,0.53,0.588873562504369,0.5907830954328892,0.6028649293694135,0.6229286629983048
7,2025-02-26,0.72,0.62,0.6899231704662586,0.6991982651360651,0.7006003400154451,0.7129163815345096
7,2025-02-27,0.86,0.72,0.8271058693861639,0.8097077828511278,0.8462854415047151,0.8321431354447406
7,2025-02-28,1.05,0.86,0.9941646163843108,0.97967260048766,1.0196596974788343,0.9966171872402388
7,2025-03-01,1.14,1.05,1.1511741344365622,1.1738133704290215,1.182842044020291,1.1698782419427343
7,2025-03-02,1.18,1.14,1.220409484297074,1.2384342896144291,1.2421832285268717,1.228872736766363
7,2025-03-03,1.15,1.18,1.190823534407082,1.202430045670428,1.1978575537309286,1.1848292735436594
7,2025-03-04,1.05,1.15,1.0179749763115535,1.060308577325434,1.0287065121091843,1.0443312866813566
7,2025-03-05,0.91,1.05,0.8919865738194879,0.8820956417630946,0.9040863639080362,0.9021607500051859
7,2025-03-06,0.73,0.91,0.79012422905178,0.751027106922748,0.777506292890274,0.7776894681701543
7,2025-03-07,0.55,0.73,0.5611035572136497,0.6043039777535412,0.5780168536258913,0.6009770841740026
7,2025-03-08,0.49,0.55,0.49445694028837844,0.4695506948734029,0.4730508406906852,0.45967709123570627
7,2025-03-09,0.53,0.49,0.5177517377846701,0.4665212161127236,0.49175785157248625,0.4769414238998296
7,2025-03-10,0.53,0.53,0.5331305093252031,0.5515663204646526,0.5218055729932601,0.5598384139171081
7,2025-03-11,0.63,0.53,0.5959537937126145,0.5907605171137261,0.5985955404901109,0.6137871266967879
7,2025-03-12,0.72,0.63,0.7707795296753577,0.7329374408986967,0.7857069487961503,0.7704983472908505
7,2025-03-13,0.96,0.72,0.8544247778952101,0.8543229187288027,0.8951610049390509,0.8853024319915498
7,2025-03-14,1.15,0.96,1.1078221956725347,1.1024240529478575,1.1373118651017995,1.1152355839048458
7,2025-03-15,1.14,1.15,1.1856453298268266,1.2210099542731978,1.2035503837226897,1.211089015685528
7,2025-03-16,1.07,1.14,1.1125560742631808,1.1301642895050092,1.1244541224836917,1.124073702793935
7,2025-03-17,1.04,1.07,1.0184738589482305,1.0288668982141036,1.0267698705549464,1.0255318962857505
7,2025-03-18,1.04,1.04,1.0013811248004743,0.9953399185538513,0.9993955440360569,0.9919142550228809
7,2025-03-19,0.98,1.04,0.9916683737847034,0.9826352540030522,0.9864214518997367,0.9805685425969434
7,2025-03-20,0.88,0.98,0.8906205536207337,0.8901491086010141,0.8858976797483186,0.8908113119434381
7,2025-03-21,0.74,0.88,0.7747279390146959,0.7663325297114145,0.764223342927338,0.7695867641937189
7,2025-03-22,0.57,0.74,0.6251140737043448,0.6239774485838703,0.6210396843830795,0.6276472070573457
7,2025-03-23,0.48,0.57,0.5129855853632295,0.48539137360086887,0.49398608911121733,0.48918225435784946
7,2025-03-24,0.45,0.48,0.4924359638126643,0.44126379714815894,0.4968022919353456,0.4674653365241372
7,2025-03-25,0.5,0.45,0.4278326636555848,0.46351317175802964,0.4278925779872849,0.48348321101207165
7,2025-03-26,0.67,0.5,0.6286029899957511,0.5830267056270235,0.64574116961225,0.6487538153998494
7,2025-03-27,0.89,0.67,0.8681762768618329,0.8411043089916834,0.9026415858365562,0.8947013782135227
7,2025-03-28,1.21,0.89,1.1193624085906686,1.098281292203909,1.1745820167668868,1.1402684564986771
7,2025-03-29,1.45,1.21,1.3914752899375804,1.402631370196185,1.4559745522680139,1.4214125149467396
7,2025-03-30,1.55,1.45,1.4862035420580648,1.5255715461587067,1.4995097770366221,1.5017702698234705
7,2025-03-31,1.51,1.55,1.5133097319545683,1.5124033217558959,1.5282781620873653,1.5044979101976563
7,2025-04-01,1.39,1.51,1.3809416136546124,1.4286403797953902,1.4275700522646213,1.4270241252269056
7,2025-04-02,1.31,1.39,1.289778870434419,1.2991287208187794,1.320040940817247,1.311666960320757
7,2025-04-03,1.14,1.31,1.1137459150243527,1.173603149223367,1.1688326161314437,1.1737365699621778
7,2025-04-04,0.96,1.14,0.991302305840735,0.9684307258701139,1.006527208071782,0.994777157166041
7,2025-04-05,0.83,0.96,0.8595256756088774,0.8108702141973846,0.8304470679867265,0.8415297875121722
7,2025-04-06,0.76,0.83,0.8102246195774697,0.7400076950556603,0.7568883019745724,0.7669606790987955
7,2025-04-07,0.79,0.76,0.8114402610017979,0.7396655367614292,0.7659348110948967,0.776400275557847
7,2025-04-08,0.89,0.79,0.8841819320492762,0.864842321502235,0.8599535240988739,0.9080903000546239
7,2025-04-09,0.94,0.89,0.9754052782699195,1.0118796209909398,0.9674713448596423,1.023686236635162
7,2025-04-10,1.02,0.94,1.026097994296907,1.0156774644386093,1.0138695184451778,1.0365271624750116
7,2025-04-11,1.15,1.02,1.1297851956033436,1.0627003314993566,1.138840271345426,1.1342172687426395
7,2025-04-12,1.31,1.15,1.2619786395431205,1.2153625742815095,1.2706269932430816,1.2816551020537545
7,2025-04-13,1.32,1.31,1.3231115409700072,1.3572731590211886,1.3342951519547839,1.369520187821174
7,2025-04-14,1.29,1.32,1.2944717129906984,1.3048615287807177,1.3188949935961947,1.3247672876637508
7,2025-04-15,1.22,1.29,1.2833091816229945,1.2350621081205577,1.2890285632231162,1.2732091379420483
7,2025-04-16,1.22,1.22,1.2427933981812824,1.1798257130101348,1.2534521437342587,1.2330863333324051
7,2025-04-17,1.22,1.22,1.21447605050242,1.196960601282101,1.2217337204416567,1.2294152272197527
7,2025-04-18,1.19,1.22,1.1781182402333956,1.1961749656603182,1.1757427507362481,1.205132181294851
7,2025-04-19,1.15,1.19,1.159185648473153,1.1175013743643623,1.147496243186379,1.1382061781444834
7,2025-04-20,1.11,1.15,1.1231750285432085,1.0652099314550603,1.108513168948348,1.1165792462829225
7,2025-04-21,1.04,1.11,1.075613210107361,1.0385388199239962,1.0434452324263008,1.07702408062972
7,2025-04-22,0.97,1.04,1.0225643627933172,0.9877323299439182,1.0125870383014495,1.0237135139399676
7,2025-04-23,1.1,0.97,1.0367378757149013,0.9875102345125123,1.02465882660983,1.0416590605593226
7,2025-04-24,1.3,1.1,1.2580565066765403,1.1919088155461044,1.255046305274391,1.2450982754223672
7,2025-04-25,1.48,1.3,1.44427174176463,1.4262002256812156,1.449551492055554,1.4586312829070354
7,2025-04-26,1.62,1.48,1.6371187343899767,1.595279258539202,1.633488408048746,1.6273399959884063
7,2025-04-27,1.74,1.62,1.719037187667766,1.696109126966461,1.695580519375406,1.7103028238499671
7,2025-04-28,1.72,1.74,1.7438550062579403,1.7553715496166182,1.7300548862663014,1.7594050402580852
7,2025-04-29,1.66,1.72,1.6706576252946335,1.6693680431902365,1.6677471703291957,1.7169590698819495
7,2025-04-30,1.63,1.66,1.7296319871890897,1.6415847542101487,1.7302303905676952,1.7682703488105072
7,2025-05-01,1.79,1.63,1.8376528556087957,1.700439433723173,1.8361845058242008,1.8345023394873052
7,2025-05-02,1.93,1.79,1.9571474843345142,1.8782698728760863,1.9516441495842718,1.9650873671308116
7,2025-05-03,1.97,1.93,2.030472791863861,1.9464871127962367,2.005368434739547,2.0113717477959043
7,2025-05-04,1.92,1.97,1.903889877231445,1.902416082122097,1.8972904672401818,1.923463772460331
7,2025-05-05,1.83,1.92,1.8034309016338046,1.8134786458874608,1.8202167619131895,1.820098276712115
7,2025-05-06,1.69,1.83,1.6985197120073336,1.736806338154057,1.7296382077769963,1.7382796057633145
7,2025-05-07,1.58,1.69,1.5922499494573912,1.6070401244332,1.6142199024907136,1.6192595148421927
7,2025-05-08,1.55,1.58,1.5560449198103181,1.5229296336217544,1.5715188008986,1.5648457260918622
7,2025-05-09,1.55,1.55,1.4877873595892996,1.5300897315204125,1.524184962428398,1.5554973209037286
7,2025-05-10,1.57,1.55,1.5602162684599796,1.5667038964343265,1.5913814725426896,1.6053686095799786
7,2025-05-11,1.61,1.57,1.589670394468272,1.598645990489282,1.6092306072824878,1.6392215383219444
7,2025-05-12,1.65,1.61,1.6467735145998212,1.638420967667747,1.6471124124491154,1.6801553764471047
7,2025-05-13,1.7,1.65,1.6817250810666013,1.6678223337279476,1.6968886683248094,1.7144387645458512
7,2025-05-14,1.67,1.7,1.7042738158447495,1.710711469838752,1.7250739255550478,1.7567982888673297
7,2025-05-15,1.67,1.67,1.7168377102438193,1.6920115829975144,1.7231268567300695,1.7609699343406255
7,2025-05-16,1.7,1.67,1.7109480024529584,1.6882571354373654,1.7247460457324184,1.7602379944407744
7,2025-05-17,1.79,1.7,1.8018969100017914,1.7240849295884768,1.7835862292714477,1.8076629057081484
7,2025-05-18,1.84,1.79,1.8600784965114368,1.8071678836117684,1.8489549669232765,1.8742239376523233
7,2025-05-19,1.88,1.84,1.8908469075861267,1.8280646404805687,1.8841512884057419,1.889129170599545
7,2025-05-20,1.93,1.88,1.9158649409766322,1.8573381399019555,1.9112097842874245,1.9429390037734098
7,2025-05-21,2.09,1.93,2.091785537514538,1.9622798255112412,2.0772271179857995,2.0773666182870705
7,2025-05-22,2.32,2.09,2.3027773433310887,2.221072796192041,2.3037017199880445,2.2984212954538905
7,2025-05-23,2.44,2.32,2.4511810786900434,2.4684746822635257,2.4537733215248174,2.466788298633722
7,2025-05-24,2.61,2.44,2.5463733382424287,2.5473528004464714,2.5637957740207393,2.5372024373864694
7,2025-05-25,2.74,2.61,2.709344653590822,2.7007931257797324,2.735667188403371,2.68632541700117
7,2025-05-26,2.82,2.74,2.838221042714517,2.826273948102754,2.845783413561422,2.807290397080726
7,2025-05-27,2.84,2.82,2.8485424963692405,2.8896092047316375,2.8468323803758224,2.854968782174088
7,2025-05-28,2.86,2.84,2.8415438082828257,2.8841962284023084,2.8269342715358747,2.8484500180935295
7,2025-05-29,3.13,2.86,3.0275232918801915,2.9849302258130144,3.004430961033582,2.988668551827993
7,2025-05-30,3.24,3.13,3.3582001612096346,3.2978965496889203,3.300856090209578,3.261949592117275
7,2025-05-31,2.95,3.24,3.093565264609779,3.248299678695312,3.0779618078423865,3.156438229059022
7,2025-06-01,2.89,2.95,2.77034537594514,2.7544814568766554,2.798493699978486,2.80586532068539
7,2025-06-02,2.81,2.89,2.8167810101408417,2.732505113464286,2.8308692795893022,2.8815220122940866
7,2025-06-03,2.89,2.81,2.9200094773399345,2.8083529981816167,2.9070352086392006,2.9540210306476706
7,2025-06-04,3.23,2.89,3.125693911422968,3.0508088129446773,3.1742664368405236,3.1416219934291405
7,2025-06-05,3.65,3.23,3.5219823498511165,3.4400434613688806,3.5476809694911506,3.5107305374868303
7,2025-06-06,3.95,3.65,3.8430133252311145,3.82045651445017,3.882709782963131,3.8829700385312798
7,2025-06-07,4.09,3.95,4.001053466137487,4.0218564815216125,4.044794796419471,4.047657233855877
7,2025-06-08,4.03,4.09,4.046790101490588,4.068454952807172,4.075125102790868,4.042341155679913
7,2025-06-09,3.88,4.03,3.9350455021368664,3.9424933950219327,3.928810347402026,3.911130595760902
7,2025-06-10,3.71,3.88,3.707013465174098,3.77627299494296,3.7140700246994047,3.7430331486135633
7,2025-06-11,3.53,3.71,3.5884962880323785,3.6151543589347295,3.581489418995444,3.597828146254443
7,2025-06-12,3.38,3.53,3.44786950870755,3.447683419622731,3.4419128019044787,3.4604698948983237
7,2025-06-13,3.23,3.38,3.2989211935656595,3.2943944120141713,3.2792952443322982,3.313608471566902
7,2025-06-14,3.12,3.23,3.1931428873202123,3.1540057890685005,3.167376345818655,3.194138658777049
7,2025-06-15,3.07,3.12,3.095079805735713,3.06465096199207,3.0879481741236035,3.1084891285555023
7,2025-06-16,3.05,3.07,3.044095264883147,3.026538909200488,3.028159855125024,3.0517394253815766
7,2025-06-17,3.09,3.05,3.0752812449252853,3.0217503355444104,3.04794387850315,3.041702271034286
7,2025-06-18,3.04,3.09,3.0504931362716157,3.057374568764846,3.0493270928863994,3.054730450999079
7,2025-06-19,2.98,3.04,2.9936220786307217,2.998919738413481,3.00450492013138,3.017289166545582
7,2025-06-20,2.97,2.98,2.945101590874759,2.9426908682386475,2.9513476732771182,2.970387169112987
7,2025-06-21,2.9,2.97,2.9437330956701286,2.969140431505211,2.9700142122869053,3.010720176546927
7,2025-06-22,2.98,2.9,2.9349143060629976,2.9286730927981175,2.9397120566352783,2.9805594720343715
7,2025-06-23,3.04,2.98,3.0301471371900695,3.016863867430008,3.0286994400064384,3.071145420962001
7,2025-06-24,3.17,3.04,3.1379796718545068,3.1082385505534886,3.1282126896466225,3.1731664867185345
7,2025-06-25,3.31,3.17,3.308509866974586,3.3046999841350897,3.3022508074206542,3.3475811193739133
7,2025-06-26,3.48,3.31,3.500057364991281,3.4554592090885783,3.483677877156245,3.5035485855266155
7,2025-06-27,3.64,3.48,3.6387168338608786,3.5890887856937503,3.637259442721454,3.662155818510628
7,2025-06-28,3.76,3.64,3.7425000163432047,3.7128592015312214,3.7494248981614113,3.794464689268004
7,2025-06-29,3.81,3.76,3.812576402636377,3.8044387295411277,3.8349307844033924,3.8737288715612013
7,2025-06-30,3.9,3.81,3.844792134933336,3.8167136547851417,3.8496418256248965,3.8701500699123095
7,2025-07-01,3.9,3.9,3.895146280300799,3.857587651565883,3.8859320198547747,3.8987462937194457
7,2025-07-02,3.87,3.9,3.870011653903951,3.8325842589956522,3.863433618987058,3.870655185965516
7,2025-07-03,3.82,3.87,3.84134230928837,3.8141546416692815,3.822602884412022,3.825925617620213
7,2025-07-04,3.69,3.82,3.769809374655041,3.7493635011873505,3.733160607461654,3.7362736662797515
7,2025-07-05,3.58,3.69,3.5963214122514544,3.5819131534566195,3.5812817421295375,3.5988592388604244
7,2025-07-06,3.51,3.58,3.5370185713009956,3.4920378458286088,3.52577379668861,3.5496600713560107
7,2025-07-07,3.54,3.51,3.553055960559021,3.49027311239757,3.5280914495192506,3.5617084190260697
7,2025-07-08,3.64,3.54,3.6148721465945464,3.5867850201107103,3.6018963995911855,3.6322293501969316
7,2025-07-09,3.75,3.64,3.7643661481517503,3.7169513009898836,3.7533176532187937,3.7564328223824965
7,2025-07-10,3.85,3.75,3.885072029310969,3.808129663770637,3.8582465335093796,3.8530100762078163
7,2025-07-11,3.88,3.85,3.88748738615397,3.8593206465252368,3.8805232304112915,3.908694298461422
7,2025-07-12,3.85,3.88,3.8952443806535366,3.8501615146192165,3.8894246112062185,3.9004461874182823
7,2025-07-13,3.84,3.85,3.8682277850261197,3.817853041204996,3.8614870636902183,3.8629717434351147
7,2025-07-14,4.0,3.84,3.9560964039069333,3.8968720422178404,3.9401089015257535,3.927045194463863
7,2025-07-15,4.02,4.0,4.070789877503838,4.044856470074844,4.032099526044514,4.029740075550043
7,2025-07-16,3.95,4.02,3.9519950862832505,3.9302616263835977,3.9384383116549753,3.944420516157828
7,2025-07-17,3.91,3.95,3.9470048730149956,3.812751884741823,3.9347823808380142,3.906288156134592
7,2025-07-18,3.9,3.91,3.9675961290541335,3.838812582043848,3.948014341367117,3.9384872804358064
7,2025-07-19,3.93,3.9,3.9088621727862605,3.887854530470625,3.9135826536551925,3.9354693971011563
7,2025-07-20,3.99,3.93,3.964653070595929,3.920053485953442,3.9471949774248487,3.9692881575285788
7,2025-07-21,4.06,3.99,4.068105567162871,3.9734087206492625,4.043863843108542,4.04066313528264
7,2025-07-22,4.16,4.06,4.164307795243683,4.062505491415652,4.16328904962394,4.138615194656379
7,2025-07-23,4.29,4.16,4.256623269051381,4.2037114877939326,4.265056105547335,4.258521751715619
7,2025-07-24,4.41,4.29,4.457729003299956,4.3644055037500955,4.439280875064297,4.392677130957715
7,2025-07-25,4.57,4.41,4.572906308131613,4.565060428617926,4.556799448462917,4.537402612930804
7,2025-07-26,4.62,4.57,4.661300117481611,4.640997370360516,4.61044079533455,4.6189124421838645
7,2025-07-27,4.54,4.62,4.589950508282125,4.568759648563289,4.569266705821566,4.581643489441971
7,2025-07-28,4.5,4.54,4.510378092157947,4.449676330016036,4.502506378665429,4.499114390609134
7,2025-07-29,4.43,4.5,4.459705935943791,4.422500813601483,4.43679306634339,4.440733834312014
7,2025-07-30,4.35,4.43,4.379522499760372,4.336896977667711,4.36716509376681,4.350730673718933
7,2025-07-31,4.32,4.35,4.339269657155703,4.246098502324949,4.332751909562698,4.303748005173745
7,2025-08-01,4.27,4.32,4.3059939708977435,4.211920075798001,4.280236995070708,4.287063418525272
7,2025-08-02,4.25,4.27,4.242732796627638,4.179084607459198,4.220165787811982,4.242165659460544
7,2025-08-03,4.24,4.25,4.244877761408259,4.200570122893485,4.243235560039346,4.255319808469513
7,2025-08-04,4.29,4.24,4.292245634740276,4.199306542504016,4.2819124249621945,4.270696749415751
7,2025-08-05,4.34,4.29,4.333434036655115,4.266491210804317,4.340057717568333,4.349989252061955
7,2025-08-06,4.43,4.34,4.451717895891933,4.349396461795547,4.451489910416469,4.441438945993787
7,2025-08-07,4.56,4.43,4.593534289912529,4.48091189609393,4.582454773684919,4.554415117977058
7,2025-08-08,4.72,4.56,4.694944555357663,4.635868843219762,4.682978533339836,4.674656757560231
7,2025-08-09,4.83,4.72,4.841422692618518,4.780441256826187,4.821420170374677,4.8137363952299275
7,2025-08-10,4.9,4.83,4.88606103157046,4.849714315484474,4.881094802907945,4.8908288297825715
7,2025-08-11,4.97,4.9,4.9721985155872215,4.87530522800855,4.971908638662268,4.954117376835133
7,2025-08-12,5.05,4.97,5.048437712588305,4.960669990840748,5.053823979583928,5.0420881777589
7,2025-08-13,5.14,5.05,5.124735605262913,5.060155214511374,5.136831436164219,5.125622039830483
7,2025-08-14,5.23,5.14,5.203543265764898,5.139399024029269,5.203466330204571,5.203867124255283
7,2025-08-15,5.27,5.23,5.2533255710799835,5.171156299335228,5.258471865737474,5.2558959000707794
7,2025-08-16,5.29,5.27,5.27653239502229,5.188430058878321,5.299208128277598,5.289631653485003
7,2025-08-17,5.25,5.29,5.284233884454088,5.20575148147967,5.295667181423582,5.291612238150523
7,2025-08-18,5.2,5.25,5.244506781754055,5.191208368120028,5.240986812209348,5.235694508273016
7,2025-08-19,5.18,5.2,5.201051702398408,5.166775846555256,5.192681024252831,5.16931990726267
7,2025-08-20,5.11,5.18,5.145952176926311,5.138958379657103,5.120520590855139,5.109335837309092
7,2025-08-21,5.03,5.11,5.0757167342482985,5.049870578921504,5.033161120691335,5.017766827463449
7,2025-08-22,4.92,5.03,4.9824352132499286,4.959925762164118,4.936577853312255,4.935342222172359
7,2025-08-23,4.89,4.92,4.902109187320012,4.86911771915998,4.869030979197987,4.854675303943959
7,2025-08-24,4.81,4.89,4.85772345750325,4.822633374655926,4.813780947206552,4.830466911275142
7,2025-08-25,4.7,4.81,4.756615877183919,4.722999719946107,4.730297942425071,4.746503395072249
7,2025-08-26,4.64,4.7,4.643461057441736,4.611101560925936,4.631193738343417,4.644761131547901
7,2025-08-27,4.61,4.64,4.628485094782295,4.587261603933409,4.616797452196505,4.626062127249036
7,2025-08-28,4.6,4.61,4.577281271090868,4.554906852441168,4.5647612140427904,4.582514809514219
7,2025-08-29,4.58,4.6,4.56443468053882,4.517351485367503,4.567423301266558,4.569427232864429
7,2025-08-30,4.55,4.58,4.544176361206733,4.481234482028274,4.551375318464715,4.5599448648753365
7,2025-08-31,4.55,4.55,4.550497731743848,4.474976386627493,4.557540446181707,4.562656779238614
7,2025-09-01,4.56,4.55,4.555172019549861,4.486657256598201,4.556155215836269,4.568188873530656
7,2025-09-02,4.71,4.56,4.649277915047937,4.555712322683484,4.651523719951951,4.634183163038493
7,2025-09-03,4.8,4.71,4.7840695483476035,4.73122324402641,4.776002960524441,4.785387929099553
7,2025-09-04,4.87,4.8,4.8578329871652715,4.806481622540734,4.850906756162001,4.85128904815692
7,2025-09-05,4.87,4.87,4.894861295804691,4.838307764610909,4.893266750976194,4.893284444236086
7,2025-09-06,4.86,4.87,4.881519135308791,4.818086533272816,4.872396638701885,4.869232831551748
7,2025-09-07,4.83,4.86,4.864786460339447,4.818613863188346,4.83772952745245,4.846612051114811
7,2025-09-08,4.8,4.83,4.813241587924282,4.792153488780293,4.794153246838396,4.791663485901112
7,2025-09-09,4.76,4.8,4.795532612299479,4.768310021083504,4.776348290111982,4.768484070647879
7,2025-09-10,4.72,4.76,4.760458640776967,4.735506794899404,4.735565223606588,4.7357478513350415
7,2025-09-11,4.74,4.72,4.739574421724715,4.703885455282675,4.71833171546513,4.716051084977209
7,2025-09-12,4.74,4.74,4.7215482888331834,4.697318980952155,4.707408957033388,4.717984252283929
7,2025-09-13,4.71,4.74,4.6989610786362315,4.640721846457097,4.695753179275823,4.6971474474057
7,2025-09-14,4.67,4.71,4.701074747087104,4.603004338066536,4.701533724542279,4.69431624572125
7,2025-09-15,4.67,4.67,4.67417731950449,4.59022267003352,4.677870034971303,4.686372820462775
7,2025-09-16,4.7,4.67,4.6476943273342215,4.605303797828687,4.663343088689657,4.6830587743767245
7,2025-09-17,4.73,4.7,4.7193205947633565,4.653046895520135,4.737972466639046,4.735999742074161
7,2025-09-18,4.77,4.73,4.793963493840422,4.701648650699352,4.801983662977766,4.787421471205873
7,2025-09-19,4.84,4.77,4.84668071353321,4.762635865065778,4.844369731523022,4.833678679907994
7,2025-09-20,4.87,4.84,4.914253731038792,4.838886180099693,4.900585098458393,4.89460640440161
7,2025-09-21,4.91,4.87,4.9178240831023965,4.8521606512988855,4.9026009964941375,4.894245168877898
7,2025-09-22,4.99,4.91,5.001213690959381,4.909336838711506,4.974427308869466,4.9444812889410095
7,2025-09-23,4.97,4.99,5.039709454382788,5.000326803492633,5.007678512485555,5.003514594159853
7,2025-09-24,4.94,4.97,4.981569808901116,4.948413471432569,4.95285165737556,4.950333013206746
7,2025-09-25,4.9,4.94,4.921449843476743,4.8848917775730465,4.911034981057966,4.898476024656802
7,2025-09-26,4.88,4.9,4.863751727667596,4.8303355617153985,4.851764138425845,4.848408902157204
7,2025-09-27,4.83,4.88,4.830673666737253,4.805671595979079,4.814767486286768,4.801630462556186
7,2025-09-28,4.63,4.83,4.687808591941647,4.660702337901438,4.665804222439779,4.677943494478424
7,2025-09-29,4.43,4.63,4.477475454197861,4.4363196800426605,4.4469403392279565,4.476142914304798
7,2025-09-30,4.21,4.43,4.273708157264754,4.251246796786583,4.240886862135127,4.288969278850459
7,2025-10-01,4.15,4.21,4.151892494965962,4.085528790398698,4.125581095709748,4.112892919720746
7,2025-10-02,4.16,4.15,4.172485867017559,4.143437585913378,4.158896042483245,4.145114140166747
7,2025-10-03,4.15,4.16,4.133432582774896,4.167308454716927,4.120747427692548,4.133295610626474
7,2025-10-04,4.05,4.15,4.1041611105798514,4.110743285162285,4.100903114020665,4.102560250163431
7,2025-10-05,4.01,4.05,4.023746899338872,3.9770719394235385,4.010528499725832,4.012079610542179
7,2025-10-06,4.04,4.01,4.033147476594233,3.970427885345934,4.020776120837084,4.029552716024637
7,2025-10-07,4.14,4.04,4.125208721398183,4.077098779310659,4.1236021044397155,4.151744436447275
7,2025-10-08,4.34,4.14,4.213860035493355,4.108136959150678,4.206052008218673,4.210346998206858
7,2025-10-09,4.38,4.34,4.374150111483459,4.283987757849676,4.366482356108933,4.3702683840905125
7,2025-10-10,4.31,4.38,4.356606957583942,4.29690791688824,4.352932158818406,4.343544767253896
7,2025-10-11,4.29,4.31,4.328522363201197,4.293848787178211,4.3557243811392325,4.32252366094869
7,2025-10-12,4.18,4.29,4.209759907058085,4.233107894956796,4.228122327502789,4.245050335638566
7,2025-10-13,4.05,4.18,4.073265804806733,4.045318095582334,4.074647913284767,4.0870892603972235
7,2025-10-14,3.88,4.05,3.9229178449196453,3.882062589876854,3.89951856672289,3.92956993911395
7,2025-10-15,3.74,3.88,3.779096985361076,3.7364218266375477,3.7320690060433486,3.7665593120038623
7,2025-10-16,3.63,3.74,3.702294228691525,3.646986247665618,3.660664858802131,3.6688775337919157
7,2025-10-17,3.55,3.63,3.6000749501398803,3.568708086039438,3.581243611147612,3.598776254538635
7,2025-10-18,3.52,3.55,3.537559696167226,3.500348206969645,3.518668162194963,3.542454977480394
7,2025-10-19,3.51,3.52,3.5346057946067964,3.4868014238760234,3.5162356365694407,3.529136368708718
7,2025-10-20,3.49,3.51,3.4976345730580842,3.4822720887601264,3.487354656499745,3.5124989129399657
7,2025-10-21,3.41,3.49,3.4668925630425913,3.4471451161704585,3.4553766449403027,3.4701302137941976
7,2025-10-22,3.31,3.41,3.387163418820795,3.3559903195070135,3.3753866308510276,3.3800289468542335
7,2025-10-23,3.25,3.31,3.2567707302625966,3.247718622806328,3.245557052894506,3.2631542920614525
7,2025-10-24,3.17,3.25,3.203830703771691,3.2045792944355362,3.2057157724654393,3.2138213559115205
7,2025-10-25,3.08,3.17,3.109106782511338,3.1192852435595313,3.1056333413783848,3.1211801843876117
7,2025-10-26,2.95,3.08,2.975534764211709,3.001857469136573,2.9767136221917556,3.0068908795867166
7,2025-10-27,2.86,2.95,2.855700791241894,2.844144023244048,2.8600671619441367,2.8727107471121123
7,2025-10-28,2.77,2.86,2.7713831266641518,2.7618274279738677,2.780127935565833,2.797008500005969
7,2025-10-29,2.72,2.77,2.7264967940895097,2.7114332796471694,2.7267883284328107,2.7439153564320162
7,2025-10-30,2.66,2.72,2.6628780917361814,2.701761273065788,2.6705124689991795,2.7147202810417532
7,2025-10-31,2.52,2.66,2.5608642436145552,2.6199917251652516,2.5689958268167943,2.626683618335369
7,2025-11-01,2.52,2.52,2.4940587077014373,2.460084067056131,2.49613844070933,2.5103630688854666
7,2025-11-02,2.65,2.52,2.654941644911894,2.5213125588796927,2.622176479498898,2.5864979928907323
7,2025-11-03,2.74,2.65,2.794134069055818,2.71599663628423,2.7764659389225397,2.7507582049133994
7,2025-11-04,2.95,2.74,2.931926967437076,2.8464096186896835,2.9166616067912634,2.8609213541711225
7,2025-11-05,3.1,2.95,3.1079099289872913,3.083065098375334,3.092913768670511,3.066186265370119
7,2025-11-06,3.21,3.1,3.184651404486762,3.2048927117839874,3.1548042688423252,3.164924329242487
7,2025-11-07,3.19,3.21,3.215883949556419,3.237314587549982,3.1995347104999428,3.2167191938051736
7,2025-11-08,3.06,3.19,3.1324379514803473,3.1495406116057456,3.1460185909178353,3.1526463844641377
7,2025-11-09,2.95,3.06,2.9544249614018208,2.978323724306412,2.968301077935143,2.990984503183871
7,2025-11-10,2.9,2.95,2.8655445508535067,2.850989654751667,2.8767927162322096,2.8720853558772035
7,2025-11-11,2.75,2.9,2.7873710758095243,2.801704586149499,2.7952450357436427,2.814374418103757
7,2025-11-12,2.61,2.75,2.6246508850404897,2.6512955393221334,2.631616610732566,2.6674894207506568
7,2025-11-13,2.47,2.61,2.5080770385397693,2.509538797245618,2.514278473754459,2.541041253129816
7,2025-11-14,2.38,2.47,2.3995167643219877,2.3778097242308776,2.39596634431356,2.422692100037096
7,2025-11-15,2.34,2.38,2.33981822768389,2.309659160266794,2.335348397317595,2.3589816981286753
7,2025-11-16,2.3,2.34,2.315314641005889,2.300454894201462,2.313556890782707,2.340027558481227
7,2025-11-17,2.3,2.3,2.3021289537305787,2.282099575739153,2.29882507714115,2.3148139048084677
7,2025-11-18,2.33,2.3,2.3110248185495124,2.2959439668842703,2.305545501606137,2.3206031974711316
7,2025-11-19,2.33,2.33,2.3305611647058524,2.3360073191800814,2.3227808653066067,2.3483733677765404
7,2025-11-20,2.32,2.33,2.329231633909249,2.313987766902079,2.3256138955357772,2.3313152516093214
7,2025-11-21,2.26,2.32,2.30046313604064,2.289909491437909,2.3034227106094396,2.311010901764075
7,2025-11-22,2.18,2.26,2.200019183376122,2.2302636709786925,2.2128649912052407,2.2400228482623876
7,2025-11-23,2.12,2.18,2.113491251472304,2.150311333864819,2.1302457549578864,2.147559788973016
7,2025-11-24,2.02,2.12,2.024854554933257,2.074747185851715,2.0429528557470387,2.0694873006554633
7,2025-11-25,1.9,2.02,1.9437190291980935,1.9441272970592942,1.950697220919108,1.963322810378305
7,2025-11-26,1.87,1.9,1.8785308573047712,1.8399331450614966,1.8761244431029738,1.8661452465728006
7,2025-11-27,1.8,1.87,1.8379490603763937,1.8302562634436235,1.8336184534879407,1.8410707847193333
7,2025-11-28,1.74,1.8,1.7696496462943934,1.7642123229221298,1.7664572897162516,1.7750289035689135
7,2025-11-29,1.69,1.74,1.7033478814439476,1.6951784312379834,1.700555426172534,1.714640442381316
7,2025-11-30,1.68,1.69,1.686047524548492,1.6589729363702184,1.6733830868317228,1.6795715744315654
7,2025-12-01,1.71,1.68,1.6965910498091366,1.670873232882145,1.6902098488018675,1.688081447168133
7,2025-12-02,1.74,1.71,1.750995767542163,1.728502852219548,1.7521895395070695,1.743222847547831
7,2025-12-03,1.77,1.74,1.7744217721821076,1.7715361045475797,1.775309681150259,1.7810990727884708
7,2025-12-04,1.79,1.77,1.784836520986466,1.7996504665715014,1.7828158046970033,1.8041895481038892
7,2025-12-05,1.86,1.79,1.8036420005660063,1.8004892514660265,1.7952477674384735,1.8083260963323378
7,2025-12-06,1.81,1.86,1.8063063196562583,1.8483555922744201,1.8111809439081321,1.8436413469593564
7,2025-12-07,1.71,1.81,1.8000042336741404,1.7890681347922053,1.8113760200475015,1.8006589229955916
7,2025-12-08,1.64,1.71,1.6463251734732223,1.6658037978352016,1.657698243274688,1.670339465773128
7,2025-12-09,1.64,1.64,1.6030008135848892,1.5880806338203683,1.6081152516464288,1.5964298602347748
7,2025-12-10,1.53,1.64,1.567605286841588,1.574014597553611,1.5787175265226763,1.5851395851605963
7,2025-12-11,1.43,1.53,1.4652727889518609,1.4632332123581822,1.4662127807722756,1.4804574504881545
7,2025-12-12,1.37,1.43,1.3893004324677811,1.3694055654568276,1.3822135757728387,1.38581120103633
7,2025-12-13,1.29,1.37,1.3507549639996803,1.3179183139204858,1.3364001489655644,1.3343624174302022
7,2025-12-14,1.24,1.29,1.2770415900776573,1.2461301231928097,1.2672594556150953,1.2719997264020162
7,2025-12-15,1.21,1.24,1.2341771651201325,1.2005614369193758,1.228790178404048,1.2370662516930524
7,2025-12-16,1.22,1.21,1.213315655552909,1.1865447807890714,1.2051188907806905,1.2261504963178955
7,2025-12-17,1.24,1.22,1.2310584044212358,1.2018677851989827,1.2238277287093966,1.2385718598411743
7,2025-12-18,1.26,1.24,1.262672497731653,1.2452955900447982,1.2623223135467787,1.2802357095018695
7,2025-12-19,1.33,1.26,1.3153288714299667,1.2877442960541254,1.3141436372146234,1.3165291433408832
7,2025-12-20,1.39,1.33,1.3568635089209333,1.364979637200576,1.3712046580347679,1.3878615224424615
7,2025-12-21,1.36,1.39,1.3650085734663524,1.4009722234705526,1.3834933737150406,1.4198542585006566
7,2025-12-22,1.31,1.36,1.3330070624806016,1.3359506964122743,1.3440113058787677,1.3648047146515532
7,2025-12-23,1.29,1.31,1.3191618625240114,1.2774825243268586,1.3257375900813122,1.317658070125593
7,2025-12-24,1.28,1.29,1.2683690047768732,1.2694558224412866,1.273256120742966,1.2899151063283527
7,2025-12-25,1.22,1.28,1.2362104959603946,1.2348102863747128,1.2409445929326046,1.2489618528079143
7,2025-12-26,1.14,1.22,1.171555640800694,1.151931822373468,1.1710944758103077,1.176510235176931
7,2025-12-27,1.11,1.14,1.1218195912876243,1.0855919552423041,1.1089230569415467,1.1090352408409494
7,2025-12-28,1.06,1.11,1.076213169800262,1.0795238198315495,1.0642852385051096,1.0793592842386965
7,2025-12-29,1.0,1.06,1.018743903411262,1.0270689798466617,1.0128932412906118,1.0253649641264035
7,2025-12-30,0.97,1.0,0.9769298224116034,0.9742307511509147,0.9780371094748171,0.9902101596274816
7,2025-12-31,1.01,0.97,0.9816513032451883,0.9546182417845376,0.9883547601609891,0.9862455011629927
10,2023-01-01,1.11,1.19,1.0954107548630645,1.101094359190714,1.1100485521660266,1.1117912183571084
10,2023-01-02,1.05,1.11,1.0600247007392634,1.0314897310538098,1.058406491792644,1.058636834480186
10,2023-01-03,0.99,1.05,1.045291600526338,1.0002982262655922,1.0331757520172336,1.0327246281385432
10,2023-01-04,0.94,0.99,0.9870801837941919,0.9667037652423426,0.9814037607242002,0.9951443819857841
10,2023-01-05,0.94,0.94,0.9555672288825414,0.946423002682001,0.9380421219629554,0.9623766781309634
10,2023-01-06,0.93,0.94,0.9807709388482154,0.9731730434699212,0.9820372293748195,0.987228621919323
10,2023-01-07,1.0,0.93,0.977766759067498,0.9720898783128971,0.978477932602979,0.9847594158370515
10,2023-01-08,1.06,1.0,1.044367565574798,1.0535688071763591,1.0556439318246655,1.0672715714678367
10,2023-01-09,1.07,1.06,1.0907941982052374,1.090109305625471,1.1004508936497706,1.1054983789282293
10,2023-01-10,1.09,1.07,1.065748377736816,1.0631020397340307,1.0736189635955669,1.0767331008126295
10,2023-01-11,1.08,1.09,1.0792417926725841,1.0628554252533446,1.0823819639887,1.0733559286782066
10,2023-01-12,1.02,1.08,1.0539766502534782,1.0417185374226376,1.0577835992455906,1.046489625472593
10,2023-01-13,1.02,1.02,0.9793774126963587,0.9717548418267409,0.9777513123675701,0.9665474485311739
10,2023-01-14,0.98,1.02,1.010782972571714,0.9833062045059586,1.0256446372216201,0.9879514610711465
10,2023-01-15,0.95,0.98,0.9481387624598923,0.9450941301329666,0.9637355232468957,0.9463079157260101
10,2023-01-16,0.87,0.95,0.8779202329400552,0.9061956349820589,0.888813837062567,0.896067088733088
10,2023-01-17,0.8,0.87,0.8181826130841997,0.8242554134357775,0.8124397082647349,0.8136146458520614
10,2023-01-18,0.79,0.8,0.7626588084335693,0.75134204656384,0.7507626569816795,0.7487643514527215
10,2023-01-19,0.78,0.79,0.8045707318048666,0.7637022285575427,0.7922374384537685,0.7792976403647733
10,2023-01-20,0.82,0.78,0.8062937823187472,0.793222108147216,0.8093223742363214,0.8050611846002499
10,2023-01-21,0.93,0.82,0.8846287472835519,0.8783634052090251,0.8872154908463092,0.8827723595931517
10,2023-01-22,1.07,0.93,1.0312123184590003,1.0125284414843951,1.0355870439939536,1.0169596672411618
10,2023-01-23,1.17,1.07,1.1812519948993219,1.1575870346247137,1.1880802671873474,1.1644048284309172
10,2023-01-24,1.17,1.17,1.193381918154485,1.1971289572672685,1.209753666634633,1.2003269013374855
10,2023-01-25,1.14,1.17,1.119774217583575,1.136617521026423,1.1237959194534983,1.1237083095025058
10,2023-01-26,1.09,1.14,1.0780408096449847,1.071451811987837,1.0722992691668547,1.0540825443503472
10,2023-01-27,0.99,1.09,1.026164379722269,0.9976836267163911,1.0215636309057121,0.9943938749959051
10,2023-01-28,0.86,0.99,0.919615124804966,0.9001814504491712,0.9125296474959459,0.8980580967361643
10,2023-01-29,0.72,0.86,0.7676305886103783,0.7635931511060498,0.7671456770305923,0.7610943560466518
10,2023-01-30,0.68,0.72,0.6737330671807925,0.6589655579429925,0.6575620938465394,0.6507969978820103
10,2023-01-31,0.68,0.68,0.6565821135106379,0.6512111282261946,0.6422440622221175,0.6398407708288121
10,2023-02-01,0.7,0.68,0.6965714126339971,0.6731188229426471,0.7100834044254963,0.6820908515024747
10,2023-02-02,0.66,0.7,0.6946243821686476,0.7023736212701804,0.7039121710139818,0.715003154808763
10,2023-02-03,0.64,0.66,0.6667231018413751,0.6711150157234016,0.6661719765131847,0.6833710315976056
10,2023-02-04,0.73,0.64,0.7002487214401132,0.6806687296639433,0.70292365214552,0.6966572834956053
10,2023-02-05,0.81,0.73,0.8004234787314182,0.8063730671365287,0.799555912449749,0.8104161534749744
10,2023-02-06,0.89,0.81,0.8903386857827931,0.8855956281042046,0.8993612554402243,0.8910918511030829
10,2023-02-07,0.96,0.89,0.9615374173947409,0.9606948367536581,0.975055118339449,0.9711737494512032
10,2023-02-08,1.01,0.96,1.0197354661508147,0.9982673286476144,1.0305512574789797,1.0145761268415494
10,2023-02-09,1.03,1.01,1.017784371164048,1.0010406308583726,1.0338610629251785,1.0157679191848075
10,2023-02-10,0.98,1.03,0.9849254855768627,0.9741985952730664,0.9863462555315503,0.973446778352947
10,2023-02-11,0.93,0.98,0.940080543983792,0.9228951963678812,0.9286942995794094,0.908710571443787
10,2023-02-12,0.87,0.93,0.8657657221502084,0.8719473704580278,0.8631619910134832,0.8498739511474946
10,2023-02-13,0.81,0.87,0.7924229869462323,0.8007455563568814,0.7921135436517535,0.7795261827203234
10,2023-02-14,0.65,0.81,0.7068818352349345,0.7355575035907918,0.71248715409995,0.7163168200817722
10,2023-02-15,0.58,0.65,0.5819049682354096,0.5773243382768133,0.577277500435133,0.5682178544412196
10,2023-02-16,0.61,0.58,0.5845653564841989,0.5308538149729561,0.5841679501065346,0.5454407099254293
10,2023-02-17,0.72,0.61,0.662500134009255,0.622190068978453,0.6761143504732982,0.654459828414149
10,2023-02-18,0.86,0.72,0.7961177252935924,0.809406275417158,0.8097195872729631,0.8136491363223124
10,2023-02-19,1.03,0.86,0.9766698521208291,0.9873781698198739,0.9942866797986497,0.9776691194697685
10,2023-02-20,1.21,1.03,1.1028192264683054,1.135763218359247,1.135210142284974,1.1295499859970493
10,2023-02-21,1.31,1.21,1.3042172291966074,1.2941430021734452,1.3217885428655152,1.2912713593446317
10,2023-02-22,1.32,1.31,1.350151223779463,1.3493221657458514,1.364039333978771,1.3335500229787236
10,2023-02-23,1.29,1.32,1.2989967805720573,1.301629626431713,1.3108724431671719,1.2751459260161913
10,2023-02-24,1.24,1.29,1.1176598121020858,1.2032053891972583,1.1396809117004014,1.1556294472126785
10,2023-02-25,1.04,1.24,1.1350339223281618,1.123002584979661,1.1623541510356878,1.11073556959036
10,2023-02-26,0.88,1.04,0.880649515761443,0.9176882209676532,0.8970820023175388,0.9061364662164934
10,2023-02-27,0.78,0.88,0.7526589054694397,0.7596410225426994,0.7670009194677911,0.7521348296637956
10,2023-02-28,0.63,0.78,0.6480871241993676,0.6573376664931799,0.6708246310150868,0.6555535148748014
10,2023-03-01,0.51,0.63,0.5414821788214732,0.5358536085829501,0.5410159060166909,0.5310557525589203
10,2023-03-02,0.5,0.51,0.48875623058020445,0.4540506989911984,0.47345630735185334,0.4550826188520478
10,2023-03-03,0.54,0.5,0.5298360055659548,0.495509807914382,0.5332607309921367,0.5203757773386988
10,2023-03-04,0.62,0.54,0.648007417969892,0.6066745428641108,0.6395488797639569,0.6343721136108057
10,2023-03-05,0.72,0.62,0.717104352761301,0.7180193405079164,0.7379240657256313,0.7378248791127798
10,2023-03-06,0.79,0.72,0.8266298953682296,0.8251931845411057,0.8409586924391754,0.8394076760723648
10,2023-03-07,0.87,0.79,0.8910522896094712,0.8735519381222314,0.903452287082574,0.8849618471469128
10,2023-03-08,0.9,0.87,0.9057457637528102,0.9220771968756768,0.9241640364649788,0.9237900394610322
10,2023-03-09,0.86,0.9,0.9038913781907701,0.9032404088606897,0.9099299475029915,0.8997100420623844
10,2023-03-10,0.89,0.86,0.8774377244376826,0.8440575968566488,0.8910870495755825,0.8564648271850198
10,2023-03-11,0.88,0.89,0.850337668261829,0.8696532731372658,0.8561897123592207,0.8668559996105372
10,2023-03-12,0.82,0.88,0.827586960930703,0.8236371887239815,0.8298809841480194,0.8107504534619125
10,2023-03-13,0.77,0.82,0.7545000876144409,0.7430222062120052,0.7599701170844444,0.7376053284562141
10,2023-03-14,0.75,0.77,0.7641070099145475,0.7145488967978997,0.7668655216533283,0.7233912447172081
10,2023-03-15,0.77,0.75,0.7359123236004974,0.7255768164175582,0.7375481488546339,0.7253942959673791
10,2023-03-16,0.7,0.77,0.7409878599351155,0.7454599326047243,0.7391128279102852,0.7277429043215354
10,2023-03-17,0.64,0.7,0.6213889162495775,0.6677756543259967,0.6185759451286349,0.6416365341360332
10,2023-03-18,0.68,0.64,0.6281156790999729,0.6310415895375082,0.6258828985332601,0.6235972451642986
10,2023-03-19,0.83,0.68,0.7684697637146505,0.7333448000341347,0.7724611971234879,0.7544914911211243
10,2023-03-20,1.05,0.83,0.9795755670363102,0.9479588547327911,0.9880115820140235,0.9642131996145498
10,2023-03-21,1.21,1.05,1.2325281304530207,1.1969581481717233,1.2478766341529959,1.1990011819423636
10,2023-03-22,1.27,1.21,1.2576132658998704,1.2883068097993635,1.2808286117002883,1.2797419585963274
10,2023-03-23,1.28,1.27,1.2753059748256084,1.2781392440673534,1.2790126593600142,1.2713795518449051
10,2023-03-24,1.21,1.28,1.260915671909761,1.2454603447196544,1.2624360494877498,1.2474604293277476
10,2023-03-25,1.14,1.21,1.1134543722163914,1.1372727331775838,1.1216699697052523,1.136055527705407
10,2023-03-26,1.05,1.14,0.9960808041503805,1.0227967042086414,1.0068410051625587,1.0163004549258607
10,2023-03-27,0.92,1.05,0.9331708977528026,0.9158904001793268,0.9334121981360903,0.9249384661387193
10,2023-03-28,0.81,0.92,0.8410987014685427,0.8041021132202998,0.83325802801735,0.8245713748173124
10,2023-03-29,0.7,0.81,0.7306059683804481,0.7211959353344986,0.722225138516214,0.73225477218111
10,2023-03-30,0.6,0.7,0.6517650734154105,0.646195207725767,0.6379054358836097,0.6515548994701041
10,2023-03-31,0.61,0.6,0.6590119640315204,0.5920934629091293,0.6501390764977382,0.6305462128912255
10,2023-04-01,0.72,0.61,0.7115215414911094,0.6616658619753643,0.7189194329057641,0.7176522563890323
10,2023-04-02,0.82,0.72,0.7893510446054866,0.8145354516250326,0.7996732066555655,0.8458856556458111
10,2023-04-03,0.97,0.82,0.9656435524968129,0.9349785987012075,0.9734225426631685,0.9613028485168872
10,2023-04-04,1.04,0.97,1.0814553881905495,1.0679869359726963,1.085196459167179,1.0923454500550696
10,2023-04-05,1.17,1.04,1.15655447909565,1.131129887755021,1.1542730007393158,1.1624592605297772
10,2023-04-06,1.27,1.17,1.2687134335696468,1.2276960886456565,1.2593205642747967,1.268554902349113
10,2023-04-07,1.25,1.27,1.3125664777673625,1.2694824153162065,1.2992475154766832,1.3160982995895063
10,2023-04-08,1.25,1.25,1.260985490342892,1.2192082497893273,1.2540233828527205,1.2531167862586539
10,2023-04-09,1.16,1.25,1.1941402832210948,1.198080581358434,1.1977299543717306,1.2152247929558586
10,2023-04-10,1.18,1.16,1.1033177186020242,1.0909791469178012,1.099180823145657,1.1092190377055087
10,2023-04-11,1.18,1.18,1.135597678338947,1.0961976080604847,1.1390387358166558,1.1315495774096778
10,2023-04-12,1.09,1.18,1.110527173194177,1.0844509033354168,1.1204839185112743,1.1264489752363074
10,2023-04-13,1.03,1.09,1.0344389215555494,1.0158848423473026,1.0334585017255973,1.0456208035524122
10,2023-04-14,0.99,1.03,0.9942657935394629,0.9846164206325425,0.9838248164203761,1.0021701458928716
10,2023-04-15,1.01,0.99,1.0488265991742574,0.9849123442372753,1.0463189363707601,1.0218316860985865
10,2023-04-16,1.07,1.01,1.055068390760068,1.047235155837125,1.05940698627688,1.0734917635463967
10,2023-04-17,1.24,1.07,1.1717681455632372,1.150600547017238,1.1873771616225754,1.1754718439825567
10,2023-04-18,1.39,1.24,1.3574849445457577,1.3476640741962147,1.3744920310617559,1.3722954669775984
10,2023-04-19,1.5,1.39,1.4698939301571572,1.4787878894321584,1.484533252649495,1.4932533204969818
10,2023-04-20,1.63,1.5,1.5506918995324614,1.5542489516591393,1.5535928053518748,1.5593639626871714
10,2023-04-21,1.69,1.63,1.6751266258535553,1.6263226805538655,1.6627594219048627,1.6461737315442952
10,2023-04-22,1.57,1.69,1.6841187319191007,1.6490058886195662,1.688234743113844,1.673880578588119
10,2023-04-23,1.4,1.57,1.4249531316532935,1.4840040338410725,1.4424409223368742,1.4762088476847568
10,2023-04-24,1.27,1.4,1.2252817905899,1.2798101143180716,1.2516891159919394,1.2723452298017168
10,2023-04-25,1.15,1.27,1.1492095478982862,1.1443902129709163,1.1623516879919933,1.1629924532748124
10,2023-04-26,1.04,1.15,1.069705426429527,1.023477671849517,1.0784016491074018,1.065913459611845
10,2023-04-27,0.96,1.04,0.9623583631872763,0.9303996992284569,0.9642411047604397,0.9670183012526556
10,2023-04-28,0.87,0.96,0.89264670504853,0.8901091519258563,0.8841721709245366,0.9098879141249908
10,2023-04-29,0.86,0.87,0.8828734734694078,0.8543287651945101,0.8564506155434897,0.8809931365767595
10,2023-04-30,0.9,0.86,0.9105993755415706,0.8899596011752591,0.900420220133254,0.9268933173214483
10,2023-05-01,0.98,0.9,1.0279968591466297,0.9806868180214692,1.028699396615689,1.029879477512363
10,2023-05-02,1.08,0.98,1.1030046407931002,1.0817938280552606,1.10811504247526,1.1233921990529494
10,2023-05-03,1.27,1.08,1.2096439015588698,1.1933518694481409,1.217417707306343,1.2278057756701652
10,2023-05-04,1.37,1.27,1.3836713227220827,1.3574321788550827,1.3966483494004525,1.3992130091734543
10,2023-05-05,1.45,1.37,1.426455813146194,1.4114311063883689,1.4237690994466645,1.4522654682932885
10,2023-05-06,1.51,1.45,1.5077325182278318,1.4662802777269242,1.5030712113898008,1.5058538243769757
10,2023-05-07,1.48,1.51,1.570232899823369,1.5432012760224112,1.5773543686303446,1.5828067352206332
10,2023-05-08,1.46,1.48,1.439882074068044,1.4743659692205497,1.4487679648027125,1.4909960758515768
10,2023-05-09,1.42,1.46,1.361004933089464,1.3684032313430172,1.3706716685378948,1.4011399214804092
10,2023-05-10,1.42,1.42,1.3855338370508572,1.3418956376548465,1.386464779915783,1.422891878826502
10,2023-05-11,1.55,1.42,1.524464667101969,1.378281674407333,1.5087968910666818,1.4848708399248884
10,2023-05-12,1.64,1.55,1.6694621942123598,1.554268445101399,1.6598189960242988,1.6453043004875811
10,2023-05-13,1.8,1.64,1.760017029812364,1.711297544919968,1.7456093946241473,1.7546409952483042
10,2023-05-14,1.92,1.8,1.9070262398132491,1.877783305224342,1.898344067137811,1.8851776100458029
10,2023-05-15,1.96,1.92,1.933676554557847,1.96816616711264,1.9338844491911649,1.9588845687707446
10,2023-05-16,2.2,1.96,2.11851332789974,2.0426924843849523,2.1405841535945664,2.0681154172979266
10,2023-05-17,2.21,2.2,2.2790803166315006,2.258578817122481,2.2604038572070064,2.2724037729534063
10,2023-05-18,2.23,2.21,2.199964572075264,2.1994492985347667,2.1859755126891063,2.1940232827624384
10,2023-05-19,2.18,2.23,2.157888895913886,2.17988597062859,2.1721894162822486,2.175119831959925
10,2023-05-20,2.17,2.18,2.184219409245384,2.1357521248875337,2.1939328763997503,2.1552729286221752
10,2023-05-21,2.06,2.17,2.1162670069401814,2.122081831512748,2.1274278732513427,2.120932154319641
10,2023-05-22,2.0,2.06,1.9965488641082665,2.007329464265652,2.004961356480945,1.9938995500055594
10,2023-05-23,1.94,2.0,1.9123709475908979,1.9481878825957377,1.9289189901428614,1.9416708627748482
10,2023-05-24,1.84,1.94,1.8442130720278929,1.8706043008462296,1.8670825150482753,1.8791451892866997
10,2023-05-25,1.83,1.84,1.7968533649143057,1.7702318426192603,1.8271433014802145,1.813173512376771
10,2023-05-26,1.83,1.83,1.804899577296642,1.7662139363457152,1.8160288964280797,1.8206411907040916
10,2023-05-27,1.79,1.83,1.8183783365532322,1.7773730019576952,1.8176537298235942,1.8372338161006232
10,2023-05-28,1.76,1.79,1.7683182898982293,1.7439369085238623,1.767106233836189,1.8001025738280003
10,2023-05-29,1.73,1.76,1.7374065680960413,1.7249397448496662,1.745979139969136,1.779632367621449
10,2023-05-30,1.76,1.73,1.7690843409684665,1.7088032746575312,1.7636675650751872,1.774820070859836
10,2023-05-31,1.83,1.76,1.81995937083772,1.7827872149751618,1.8128458012202397,1.8407287975437299
10,2023-06-01,1.94,1.83,1.9093324570058754,1.870633704570453,1.9086729594623106,1.914850934017349
10,2023-06-02,2.02,1.94,2.0399070445584946,2.0075367486934734,2.048652024664302,2.0479321502247267
10,2023-06-03,2.09,2.02,2.0910421294399084,2.087325537430373,2.0959910963167627,2.1087349015415633
10,2023-06-04,2.14,2.09,2.0912652330503145,2.129133600220858,2.0918096635131844,2.1275487493101957
10,2023-06-05,2.14,2.14,2.161044225694887,2.1323643593261274,2.1608471848274413,2.149036464450638
10,2023-06-06,2.12,2.14,2.137151901727639,2.113149829123557,2.1393005413631494,2.1409430576248334
10,2023-06-07,2.06,2.12,2.065465727076256,2.0812727499381865,2.072582634700742,2.0912486511973807
10,2023-06-08,1.98,2.06,1.9464416552089094,1.980154504338584,1.964907770857267,1.974682416108027
10,2023-06-09,1.93,1.98,1.8973108300471355,1.880128992295089,1.9217275251805475,1.9085568691245145
10,2023-06-10,1.97,1.93,1.9376261407373487,1.8713459725708528,1.9452558308416066,1.9420918465253127
10,2023-06-11,2.01,1.97,1.9832915600950187,1.9465176090626706,1.991511233703043,2.008057698319764
10,2023-06-12,2.07,2.01,2.0885371839827362,2.03885540727851,2.0909981079664846,2.0896349977692723
10,2023-06-13,2.12,2.07,2.1231853398402056,2.1137307811774604,2.123953133800439,2.132068250661474
10,2023-06-14,2.24,2.12,2.1815766259254596,2.1613240243740868,2.1871599936952855,2.184247064426225
10,2023-06-15,2.33,2.24,2.360907494481298,2.2848528995072854,2.3588911259261134,2.3261033787470446
10,2023-06-16,2.4,2.33,2.428830131132103,2.382946345329493,2.4184398307274666,2.4161987542519867
10,2023-06-17,2.54,2.4,2.569848211597674,2.4810482408988093,2.5483965446134653,2.523287414278598
10,2023-06-18,2.78,2.54,2.851706919622369,2.674321644184227,2.861876453241813,2.734858398576126
10,2023-06-19,3.19,2.78,3.181344416668188,2.9704474357718573,3.2151988093426334,3.0413356010657444
10,2023-06-20,3.59,3.19,3.5497057397811953,3.427026074896992,3.592501149334699,3.4664320403026054
10,2023-06-21,3.93,3.59,3.843116496396226,3.782823347896125,3.8651804387383764,3.805072420495693
10,2023-06-22,4.1,3.93,4.121426472768341,4.037778181465167,4.111111739090448,4.063479925589376
10,2023-06-23,4.2,4.1,4.188577199225155,4.102929580127184,4.166231643221383,4.121824921083667
10,2023-06-24,4.24,4.2,4.238659512893707,4.165076455276869,4.2331105556340125,4.173251155901155
10,2023-06-25,4.2,4.24,4.1702881190733185,4.188542313945027,4.188092389047631,4.153428156886246
10,2023-06-26,4.16,4.2,4.151903865490691,4.137800879993066,4.15076118397161,4.0889390263550816
10,2023-06-27,4.11,4.16,4.108731172891153,4.113647109180264,4.100173888255466,4.075901552429123
10,2023-06-28,4.0,4.11,4.044414401383404,4.04274855831749,4.024162169524369,4.026997262816528
10,2023-06-29,3.87,4.0,3.919235430283442,3.9044541528951258,3.908911683728126,3.8993739477375633
10,2023-06-30,3.72,3.87,3.750674054069535,3.7649794772498253,3.7583807664995192,3.750405132815325
10,2023-07-01,3.67,3.72,3.714180955366429,3.6500158050770275,3.7108964348081557,3.662626219838651
10,2023-07-02,3.66,3.67,3.721130221054291,3.6527659242751933,3.710987633393124,3.676113305476552
10,2023-07-03,3.69,3.66,3.7490663125153967,3.679532023763994,3.723470514090303,3.7006593190941683
10,2023-07-04,3.75,3.69,3.811429860313041,3.7274533518829522,3.791994946627723,3.760623285732146
10,2023-07-05,3.86,3.75,3.952022156085814,3.865736483040026,3.931145924391133,3.8994584508109758
10,2023-07-06,4.13,3.86,4.101514821666604,4.0503187080137115,4.1050910267854155,4.053708165736976
10,2023-07-07,4.28,4.13,4.264106485856872,4.269167053054253,4.24342487745958,4.258815895101905
10,2023-07-08,4.23,4.28,4.312591684330956,4.264497769280674,4.262837789797424,4.268238110945318
10,2023-07-09,4.2,4.23,4.216768372708131,4.103284836534601,4.176601578067811,4.1641242046988625
10,2023-07-10,4.15,4.2,4.166899796083242,4.087383052175327,4.155498628033108,4.171507297263311
10,2023-07-11,4.17,4.15,4.168736502698921,4.104910149970382,4.170769035192986,4.181458946254351
10,2023-07-12,4.2,4.17,4.1843752233239,4.172781376933085,4.192809542839888,4.220391113832741
10,2023-07-13,4.27,4.2,4.266825635323475,4.224227366887406,4.269461668472864,4.264328856535496
10,2023-07-14,4.38,4.27,4.374216109319735,4.323507987964908,4.362856651845399,4.364576601472474
10,2023-07-15,4.53,4.38,4.519772702220893,4.45950230207444,4.527939147583702,4.51541437313854
10,2023-07-16,4.68,4.53,4.664375528749048,4.608142726426864,4.6642913914072786,4.668179109331489
10,2023-07-17,4.69,4.68,4.720407345559625,4.7172217975666335,4.719639598151292,4.745673896010424
10,2023-07-18,4.67,4.69,4.691250485080235,4.674810029709143,4.692800531333788,4.686718405299518
10,2023-07-19,4.67,4.67,4.663727555113565,4.631528213476063,4.6563551068184035,4.641570838212889
10,2023-07-20,4.65,4.67,4.662108002467088,4.640394141360815,4.658277319825856,4.6512399992479265
10,2023-07-21,4.63,4.65,4.630401826770618,4.628400661882391,4.6249705724368635,4.632517840332273
10,2023-07-22,4.58,4.63,4.595037050639527,4.590379242434035,4.585136304655049,4.587428604275803
10,2023-07-23,4.49,4.58,4.500663462174249,4.484857823421344,4.482285954583602,4.4913385112422715
10,2023-07-24,4.35,4.49,4.366149697827669,4.347246311658384,4.318307179761838,4.356513111603172
10,2023-07-25,4.22,4.35,4.26401430075479,4.229096880649712,4.2255578049006965,4.235419265840578
10,2023-07-26,4.24,4.22,4.19154985740124,4.153294673217668,4.165204977338257,4.155791970815197
10,2023-07-27,4.16,4.24,4.230852040448406,4.200434957964915,4.211533895339545,4.205866092805583
10,2023-07-28,4.09,4.16,4.108827436763248,4.102807866347824,4.101884475373198,4.1197539399627106
10,2023-07-29,4.06,4.09,4.066448101225808,4.030293349625132,4.076523943957805,4.069991539318226
10,2023-07-30,4.04,4.06,4.068780083126706,4.021148525526798,4.068103785797604,4.06891737449536
10,2023-07-31,4.07,4.04,4.064001099096699,4.0286482179859195,4.064776612882546,4.079179889161819
10,2023-08-01,4.16,4.07,4.164207441667812,4.14972176624113,4.173288011696948,4.171064058225768
10,2023-08-02,4.43,4.16,4.39062912291894,4.356655116732622,4.390891162488675,4.322412888887367
10,2023-08-03,4.37,4.43,4.482152090305987,4.534596773134501,4.436640470865238,4.496284781195431
10,2023-08-04,4.38,4.37,4.365890711603063,4.3616366851844015,4.356441814371556,4.364835524274762
10,2023-08-05,4.39,4.38,4.391052947267391,4.360456111686112,4.386382785586357,4.3831842281132625
10,2023-08-06,4.39,4.39,4.3767454674015545,4.3535368498899025,4.355778428892002,4.368038131507209
10,2023-08-07,4.34,4.39,4.400609140505833,4.336507495978695,4.375355874796371,4.3717319142071505
10,2023-08-08,4.33,4.34,4.336136199913842,4.261476255583319,4.315453336521277,4.303648361052383
10,2023-08-09,4.3,4.33,4.301041676471527,4.262279328303565,4.299693924902516,4.310786678712404
10,2023-08-10,4.3,4.3,4.321595122599673,4.238933765545902,4.309769750912503,4.315020158610544
10,2023-08-11,4.37,4.3,4.381908145057059,4.275546797197444,4.380842297733545,4.379892326810744
10,2023-08-12,4.48,4.37,4.454881983191832,4.391470228880062,4.471294279497482,4.4830618812354786
10,2023-08-13,4.59,4.48,4.591983090434088,4.546197530432929,4.605868849671727,4.611753520687487
10,2023-08-14,4.65,4.59,4.720415940137725,4.620139248960693,4.701039707378486,4.704415607001045
10,2023-08-15,4.69,4.65,4.6867640108308946,4.6373815060533605,4.694758271890113,4.720387830089214
10,2023-08-16,4.76,4.69,4.754053237834867,4.689414273212677,4.768638708394719,4.770985342441318
10,2023-08-17,4.81,4.76,4.824379189275371,4.777787749656368,4.806152538737654,4.824662890025813
10,2023-08-18,4.89,4.81,4.886594672748007,4.874230663171565,4.864436942145285,4.877781649475964
10,2023-08-19,4.94,4.89,4.933799462207205,4.947770776242705,4.917682262260965,4.922120282245063
10,2023-08-20,4.87,4.94,4.904121618484833,4.922888286977231,4.883234877380495,4.907878904996399
10,2023-08-21,4.78,4.87,4.78472776059392,4.755762137391319,4.755938247676037,4.782736073180457
10,2023-08-22,4.68,4.78,4.6908421594544,4.6548039576381335,4.665048333743105,4.684953278183841
10,2023-08-23,4.58,4.68,4.612374698797276,4.583997482673995,4.600726834939455,4.604237629232386
10,2023-08-24,4.49,4.58,4.485168864519408,4.470969631866742,4.476361786324716,4.5077042180462215
10,2023-08-25,4.41,4.49,4.430839775048221,4.383533408002335,4.42150109332304,4.432555974037282
10,2023-08-26,4.35,4.41,4.389146796867926,4.324368461760137,4.384218967572859,4.398066003167071
10,2023-08-27,4.37,4.35,4.379679730944373,4.306795878575709,4.378910642205073,4.402177095963347
10,2023-08-28,4.48,4.37,4.474089602668745,4.396624703424602,4.474966841830538,4.4794122833570755
10,2023-08-29,4.55,4.48,4.600070112559451,4.541819120561002,4.5861502076998715,4.598181376217464
10,2023-08-30,4.65,4.55,4.676842785172279,4.604951692976429,4.664236643444387,4.661154873663264
10,2023-08-31,4.79,4.65,4.773689162661147,4.713961148702768,4.768857153103125,4.767116788753769
10,2023-09-01,4.92,4.79,4.918731519185252,4.902661809339471,4.9238089962077565,4.924902544718903
10,2023-09-02,5.01,4.92,5.0207552555656925,5.002272819009828,5.019509588253205,5.0302520255720715
10,2023-09-03,5.07,5.01,5.049967317915837,5.036193540223589,5.049841123129511,5.066316275340547
10,2023-09-04,5.06,5.07,5.025006030454239,5.010149146408009,5.007469802640876,5.037970035163215
10,2023-09-05,4.91,5.06,4.938054606477328,4.918441090615474,4.891507798774497,4.938651041732168
10,2023-09-06,4.7,4.91,4.761919478907722,4.7582597057161955,4.7152321759976195,4.764298719856983
10,2023-09-07,4.53,4.7,4.584141914444063,4.584219471735292,4.547008690995132,4.564424621095886
10,2023-09-08,4.39,4.53,4.383254786295535,4.417702632123212,4.351391543348537,4.386954997989608
10,2023-09-09,4.13,4.39,4.234713161181242,4.22529646161967,4.191448791368269,4.232595991270001
10,2023-09-10,3.94,4.13,3.9524379835658365,3.956964462364605,3.916504175878021,3.9759615806652326
10,2023-09-11,3.78,3.94,3.84843921079342,3.814312958778187,3.8174352106197023,3.834272887725344
10,2023-09-12,3.71,3.78,3.71864969619373,3.702559795720376,3.701520848918527,3.72263687576382
10,2023-09-13,3.74,3.71,3.71252805750158,3.7009448569577477,3.6960114091762986,3.7118960628893585
10,2023-09-14,3.81,3.74,3.8191270163550306,3.8017106102244185,3.7991170855248257,3.783994620299502
10,2023-09-15,3.76,3.81,3.8065822593978766,3.8259147090049836,3.7885813168289744,3.8032380064892917
10,2023-09-16,3.61,3.76,3.677814478581009,3.687667948440502,3.6564241873145824,3.6834315444964925
10,2023-09-17,3.53,3.61,3.554541697182372,3.5342458551546794,3.5372635780869452,3.5370687562741883
10,2023-09-18,3.52,3.53,3.495848131623605,3.5007042715317316,3.499992735998623,3.4978156532525753
10,2023-09-19,3.56,3.52,3.5733832311018485,3.569531528561649,3.5698923848317956,3.5651478185515977
10,2023-09-20,3.67,3.56,3.6130335891868066,3.6474145263428697,3.6027770556388354,3.625807126272164
10,2023-09-21,3.63,3.67,3.662159768237326,3.6838438242142266,3.6440751572708425,3.6641761050099464
10,2023-09-22,3.51,3.63,3.5579600828166185,3.5594340731812006,3.5506914388531605,3.562039306076464
10,2023-09-23,3.43,3.51,3.460992657098142,3.3966620242853924,3.4531673195906336,3.4553515599683284
10,2023-09-24,3.47,3.43,3.429687644309637,3.3387395093398067,3.4380522770300295,3.447194075164869
10,2023-09-25,3.55,3.47,3.553943460437035,3.460494313598481,3.5574836675974777,3.557993415084743
10,2023-09-26,3.67,3.55,3.7060089304680286,3.6108455561821082,3.7089076780361587,3.678986963257131
10,2023-09-27,3.8,3.67,3.8087287235998364,3.7762764396882353,3.799635269811885,3.8087650317596857
10,2023-09-28,3.91,3.8,3.898949841232709,3.893451715873587,3.891029255956559,3.909647968341014
10,2023-09-29,4.02,3.91,4.023799209129857,3.9781254181547623,4.010276524816475,4.004232141397995
10,2023-09-30,4.18,4.02,4.163350734987247,4.11277954267713,4.162464315692716,4.13321980950007
10,2023-10-01,4.25,4.18,4.286060469277037,4.27567654117786,4.261004659362162,4.268292816396677
10,2023-10-02,4.22,4.25,4.258802189955346,4.27193664314291,4.232314104784993,4.262631704716146
10,2023-10-03,4.2,4.22,4.18235054165329,4.175366348862016,4.144966616604326,4.159888660555029
10,2023-10-04,4.13,4.2,4.144059103529435,4.128185036526322,4.10265385803072,4.09547889090113
10,2023-10-05,4.04,4.13,4.095419627772198,4.0541619197187915,4.073805917938203,4.033800286507284
10,2023-10-06,4.05,4.04,4.080362096213838,3.97379379344739,4.078092373499586,4.0209639392856085
10,2023-10-07,3.97,4.05,4.043610792451097,3.9668724001288815,4.021737939696177,4.0515203122066366
10,2023-10-08,3.88,3.97,3.8627505614444475,3.868623466391543,3.8520061252856834,3.9054959607147715
10,2023-10-09,3.81,3.88,3.8392441868963187,3.7983268521274423,3.849982503342518,3.8440700652016058
10,2023-10-10,3.77,3.81,3.816952381688845,3.745464677589622,3.794899747573801,3.8111221494480376
10,2023-10-11,3.79,3.77,3.7788682804815927,3.7408943935401773,3.76853651372074,3.8050719996550924
10,2023-10-12,3.82,3.79,3.806759107098253,3.7967708623996423,3.8204035299014385,3.8501466951122967
10,2023-10-13,3.82,3.82,3.850352447756502,3.8204813134447146,3.844542397536015,3.877244202545384
10,2023-10-14,3.83,3.82,3.835707058707681,3.7998720054363297,3.831525164079111,3.865662230430226
10,2023-10-15,3.81,3.83,3.8370420779512338,3.8137586533835637,3.845820669495724,3.8636041194033077
10,2023-10-16,3.81,3.81,3.8043642177899555,3.7921394375779713,3.813698313686855,3.825752466262698
10,2023-10-17,3.78,3.81,3.7810633631709054,3.775263291047907,3.77768216582537,3.785829661083495
10,2023-10-18,3.7,3.78,3.696323645408424,3.7166920179107095,3.6931849373756958,3.6992834537034742
10,2023-10-19,3.57,3.7,3.5871338008140676,3.584886537035351,3.5753543996634876,3.5704925524395215
10,2023-10-20,3.4,3.57,3.443329345481335,3.4218181911342582,3.4221896426216603,3.4245761752581476
10,2023-10-21,3.23,3.4,3.2579961446495105,3.2528305934008817,3.236888644697231,3.257702268561529
10,2023-10-22,3.1,3.23,3.1088695061922693,3.105821870834248,3.097204581484501,3.1111660930217657
10,2023-10-23,2.94,3.1,2.9940764235307245,3.001529203459171,2.978973262474296,2.999446955749002
10,2023-10-24,2.89,2.94,2.8989984540149853,2.8904249422309345,2.8910559782274325,2.8972613253061845
10,2023-10-25,2.85,2.89,2.8211174078065104,2.8421640131644654,2.8329309162297167,2.860690023721675
10,2023-10-26,2.82,2.85,2.840529977879921,2.8063368938653728,2.8403705118237834,2.8326165185163483
10,2023-10-27,2.77,2.82,2.7791377204144103,2.778717606973808,2.7869760088447735,2.7899739266633894
10,2023-10-28,2.71,2.77,2.7226079457179573,2.7232373813533317,2.7307656331271772,2.7257655404932764
10,2023-10-29,2.65,2.71,2.666655949821341,2.6495618024028342,2.6640055228000534,2.6478615744160274
10,2023-10-30,2.55,2.65,2.5968970682815944,2.584906734764275,2.598492906135004,2.581763174445083
10,2023-10-31,2.45,2.55,2.503188790636139,2.4956004691594487,2.498999734583424,2.490717856456366
10,2023-11-01,2.37,2.45,2.3613790518142808,2.3690678394303064,2.364041192143194,2.369083019781371
10,2023-11-02,2.27,2.37,2.2540328024011527,2.2701085640821597,2.2761816083811865,2.2806743649810577
10,2023-11-03,2.18,2.27,2.181745580548869,2.1730592148878736,2.1907502327811597,2.1931965121226242
10,2023-11-04,2.04,2.18,2.1029128514589495,2.098555690607792,2.1041487798281575,2.122954804793722
10,2023-11-05,1.95,2.04,1.9592251067300022,1.9531836574505173,1.964071161387946,1.9857980801635702
10,2023-11-06,1.81,1.95,1.8297914383213079,1.8516256818245431,1.8448307327434967,1.8901742137173363
10,2023-11-07,1.71,1.81,1.7415063230814816,1.7263779493495148,1.7474659190207353,1.7711571477368622
10,2023-11-08,1.71,1.71,1.721704425288817,1.6753628933413338,1.718767901915652,1.7166334074573324
10,2023-11-09,1.71,1.71,1.715502560910811,1.7118583434606183,1.7140935761670395,1.740875704249173
10,2023-11-10,1.74,1.71,1.7270490134981777,1.7251091095108164,1.7352530055871103,1.7554469365599352
10,2023-11-11,1.78,1.74,1.7673915466727366,1.764027771071776,1.7782162960577368,1.7973653536186456
10,2023-11-12,1.83,1.78,1.794524502379724,1.8103379029604962,1.8135966894292144,1.8442363022622068
10,2023-11-13,1.86,1.83,1.842825674240849,1.842789671766349,1.8542976038355379,1.8832603384629953
10,2023-11-14,1.87,1.86,1.858190707050348,1.8566331492557167,1.8648875184770457,1.9005233063863896
10,2023-11-15,1.85,1.87,1.84894562420958,1.858084810605182,1.8594697514102867,1.8898402332039772
10,2023-11-16,1.8,1.85,1.8073317688571868,1.8283898213039835,1.8307833716066513,1.851915498433044
10,2023-11-17,1.82,1.8,1.7923371916978306,1.8466066314019531,1.8174527612811595,1.8423979726607935
10,2023-11-18,1.9,1.82,1.8398723780395003,1.810463121535203,1.856604608876598,1.8215646727227792
10,2023-11-19,1.74,1.9,1.755906462677327,1.7993518433116853,1.7876054758528044,1.8232717039326216
10,2023-11-20,1.63,1.74,1.6007023952553157,1.6074670588943134,1.6280204616595881,1.6436728369879854
10,2023-11-21,1.53,1.63,1.4998848598353405,1.498353863233004,1.5195203484724924,1.5390973420185894
10,2023-11-22,1.48,1.53,1.4681265846896423,1.4201281088862796,1.4624238873365156,1.4631120570682088
10,2023-11-23,1.43,1.48,1.4424722361272568,1.4076936649872394,1.4281155474303417,1.4427371420144353
10,2023-11-24,1.47,1.43,1.4420835748176635,1.3942090703036263,1.4360312732759137,1.4380030176171283
10,2023-11-25,1.53,1.47,1.497056710943039,1.4667791973188813,1.5083028638562122,1.5170319417698774
10,2023-11-26,1.57,1.53,1.5194944922392641,1.5278712551134843,1.5331677478118408,1.58054210115921
10,2023-11-27,1.6,1.57,1.5659470684062746,1.5549772972960267,1.5842014962699882,1.612820820985555
10,2023-11-28,1.55,1.6,1.6022537150004934,1.57054889890167,1.6013188670129506,1.6251801417569667
10,2023-11-29,1.52,1.55,1.528626745708848,1.4984780799134363,1.5333273061616879,1.5435051575652865
10,2023-11-30,1.46,1.52,1.4855937538740702,1.4631497193546796,1.4857317891942063,1.4983369257400072
10,2023-12-01,1.41,1.46,1.387758006994048,1.3820390634734097,1.3919300301456374,1.4095157130634888
10,2023-12-02,1.33,1.41,1.3485228088121617,1.326160120923831,1.353444871112661,1.3584702915940194
10,2023-12-03,1.23,1.33,1.261051539116092,1.2462080919798988,1.2666848813581988,1.2831713766742603
10,2023-12-04,1.15,1.23,1.1662314292391545,1.1537046272415459,1.1583424083017053,1.1885237691351511
10,2023-12-05,1.07,1.15,1.1176821226309694,1.0827362649649837,1.1043358505781438,1.1268891086105044
10,2023-12-06,0.98,1.07,1.0438906263662062,1.014818606881086,1.0348670521821122,1.0655792246733062
10,2023-12-07,0.97,0.98,1.0057121428409197,0.9436140669833518,0.9950670958403545,1.003762013326715
10,2023-12-08,1.06,0.97,1.0276457770557295,0.9628452452594645,1.0290052598616273,1.0309491626683371
10,2023-12-09,1.08,1.06,1.0918610378947602,1.067926026070442,1.0926623448920094,1.1273123806764291
10,2023-12-10,1.1,1.08,1.1112345246283486,1.0845726465543357,1.1199511697135744,1.1477851351220048
10,2023-12-11,1.13,1.1,1.1317239693353967,1.106048959303954,1.136263411852475,1.162965982424615
10,2023-12-12,1.16,1.13,1.1851057862914227,1.1254305330756114,1.1830551204200326,1.1865919752712093
10,2023-12-13,1.27,1.16,1.188622363578305,1.1601482799486413,1.197357314493119,1.2145446025710769
10,2023-12-14,1.27,1.27,1.2780055052193364,1.2562178715206984,1.2907670103311175,1.3029440363564788
10,2023-12-15,1.18,1.27,1.2345713498467152,1.2470223675398688,1.2308547810119814,1.2722993798130595
10,2023-12-16,1.15,1.18,1.1477461117117111,1.1473615218026654,1.1564095333778852,1.1652709714065272
10,2023-12-17,1.16,1.15,1.1197230648124763,1.09120167997819,1.1217355792544526,1.1229901858604052
10,2023-12-18,1.07,1.16,1.1190732408740727,1.0790110640404347,1.1206182983935102,1.1223547808090582
10,2023-12-19,1.0,1.07,0.9986753144285648,0.9937408563753231,0.993930094746359,1.026254007327325
10,2023-12-20,0.92,1.0,0.9269532934066729,0.920659713909307,0.9189644336174593,0.9469648095350776
10,2023-12-21,0.9,0.92,0.9154116213805261,0.8612502345047607,0.9031245638633276,0.9031521317906384
10,2023-12-22,0.94,0.9,0.9285312647131048,0.871072524470936,0.9311150317079289,0.9257964434369325
10,2023-12-23,1.0,0.94,0.9837027655810324,0.9393026583408449,0.9888792827378338,0.9923742002250231
10,2023-12-24,1.04,1.0,1.0572738894317006,1.0345507134484142,1.0614435291311572,1.0758862149643489
10,2023-12-25,1.07,1.04,1.0697578702263757,1.063311856980398,1.0799035055697368,1.096129026840013
10,2023-12-26,1.11,1.07,1.0977279496961316,1.0713745553517446,1.1097700476533217,1.119025244798121
10,2023-12-27,1.11,1.11,1.1105177769737464,1.08972127864799,1.1179791003854973,1.1364223133586153
10,2023-12-28,1.12,1.11,1.091205731780205,1.078734965835839,1.083005760812908,1.1137031494515988
10,2023-12-29,1.06,1.12,1.0847125077895483,1.0719369090754816,1.0884415948433235,1.1060439562064819
10,2023-12-30,0.99,1.06,1.0022908502116126,0.9946925875990192,1.0033567586350507,1.026782516703958
10,2023-12-31,0.95,0.99,0.9522996022976958,0.923466014558506,0.9425284950461194,0.954943818182036
10,2024-01-01,0.86,0.95,0.880982676400007,0.8752845169666014,0.8803240006047804,0.9039901325007881
10,2024-01-02,0.8,0.86,0.8080889453729819,0.7762381255338259,0.8055089924516259,0.8080054477268536
10,2024-01-03,0.73,0.8,0.741099688094218,0.7188086284435128,0.7479840456578102,0.7550586373112417
10,2024-01-04,0.7,0.73,0.7014722714472653,0.6826703121049716,0.7014101928475803,0.7179187422103824
10,2024-01-05,0.67,0.7,0.7152377848700378,0.6822325875476632,0.7263562226766663,0.7193754635353721
10,2024-01-06,0.65,0.67,0.6711800055627953,0.6521444177348009,0.6920903294420384,0.6849774028490764
10,2024-01-07,0.65,0.65,0.6191023737185285,0.6332291990114254,0.6386704347635954,0.6646069694839754
10,2024-01-08,0.68,0.65,0.6558036278157007,0.639751331366123,0.672241096280738,0.6778985308305359
10,2024-01-09,0.74,0.68,0.7340298524632533,0.6943384027331619,0.7534262223797324,0.7421679145059801
10,2024-01-10,0.79,0.74,0.7923976010214713,0.7842273719107821,0.8193727176601794,0.8258141190293454
10,2024-01-11,0.92,0.79,0.8626160082307178,0.8629653801758718,0.8897101941810633,0.895590079389634
10,2024-01-12,0.94,0.92,0.9448178603533096,0.9536536199615321,0.968563583880592,0.982313347058354
10,2024-01-13,0.92,0.94,0.9407645517587803,0.9406624785064058,0.9486814015704139,0.9697907644574405
10,2024-01-14,0.95,0.92,0.928684919828555,0.9270459670554855,0.9413570929377278,0.9559329272456077
10,2024-01-15,0.95,0.95,0.9242636985623728,0.9222902210869973,0.9353204919899317,0.9444549551121882
10,2024-01-16,0.95,0.95,0.9103969632969526,0.8822309407237569,0.9121377331545967,0.9076715151877929
10,2024-01-17,0.83,0.95,0.8904631167824485,0.8858177969734453,0.888688540987871,0.9108705254407427
10,2024-01-18,0.75,0.83,0.7530036657771246,0.7447715572475072,0.7471584355818361,0.7567280314227269
10,2024-01-19,0.64,0.75,0.6857493031173785,0.6656720208667601,0.6796599757593943,0.6844124188913826
10,2024-01-20,0.54,0.64,0.5713735514440134,0.5548279279179551,0.5763173033729511,0.5772888677633566
10,2024-01-21,0.57,0.54,0.5201529793541494,0.4795931378042421,0.5213763192895178,0.5119506985894916
10,2024-01-22,0.57,0.57,0.6127119981756941,0.5429469352662036,0.6264240251418792,0.5932062905560419
10,2024-01-23,0.59,0.57,0.6100047619336099,0.5803343106896417,0.628391713646407,0.6221323230338954
10,2024-01-24,0.7,0.59,0.6630113767808438,0.6278666294365002,0.6824497772904056,0.6615699666232957
10,2024-01-25,0.7,0.7,0.74437627719308,0.7437544859313937,0.7693427551607512,0.7703511119194658
10,2024-01-26,0.71,0.7,0.7202736809302003,0.7385260101264951,0.7212496247536615,0.7476477948858147
10,2024-01-27,0.69,0.71,0.7004516611522364,0.7355710252572992,0.6989122849734279,0.7315004867160032
10,2024-01-28,0.69,0.69,0.6972572169600342,0.6929854693501506,0.6897343651727917,0.7022139364633214
10,2024-01-29,0.71,0.69,0.7096920745879687,0.679137462218529,0.7161305055948751,0.7157557859981237
10,2024-01-30,0.75,0.71,0.7240347384322504,0.7015349893111207,0.7385720286399414,0.7414605069536301
10,2024-01-31,0.79,0.75,0.7451488007326486,0.7343864048289853,0.7474712812354628,0.7627456239591982
10,2024-02-01,0.77,0.79,0.7900020852024936,0.760539643474341,0.7951661070925974,0.783996253705448
10,2024-02-02,0.72,0.77,0.731679000998336,0.7263631955689437,0.7378222914942959,0.7415412119078822
10,2024-02-03,0.67,0.72,0.6967521987382882,0.6772262091508234,0.700786651520317,0.6932845635924881
10,2024-02-04,0.59,0.67,0.6419310571984929,0.6316843748874196,0.64545794695005,0.641886474675886
10,2024-02-05,0.52,0.59,0.5230349547328861,0.5441182354733232,0.5188926091817363,0.5428232505163311
10,2024-02-06,0.52,0.52,0.502803963987025,0.4782307463699735,0.4963721828340375,0.49100532629114646
10,2024-02-07,0.57,0.52,0.5523374646567301,0.4986083799109616,0.5569590132445925,0.5371344005505392
10,2024-02-08,0.63,0.57,0.6292397025702569,0.5804348236017725,0.6474660962577494,0.6247630768615083
10,2024-02-09,0.67,0.63,0.6479139362590807,0.6499031940557133,0.6675612306886011,0.6740211176174608
10,2024-02-10,0.69,0.67,0.6548259556605035,0.6944042132555762,0.6553346809891982,0.6922672141742373
10,2024-02-11,0.79,0.69,0.8226490341555833,0.7502260403553835,0.8347212976415624,0.7774718194363383
10,2024-02-12,0.83,0.79,0.849545589063304,0.8632379199223648,0.8784369133749518,0.8802315202451186
10,2024-02-13,0.86,0.83,0.8360153545666085,0.8731550526197567,0.8621507829126593,0.8695281468535612
10,2024-02-14,0.86,0.86,0.8207415997373304,0.8352095111963389,0.8343953076201661,0.8301733774545594
10,2024-02-15,0.74,0.86,0.7481066337713607,0.760900701174901,0.7654718401228959,0.7640683153185294
10,2024-02-16,0.59,0.74,0.6131167142116675,0.6200736912156525,0.6257979044704203,0.630888758807829
10,2024-02-17,0.48,0.59,0.48589305335665833,0.4768172847744476,0.49190464817822416,0.48905108450334983
10,2024-02-18,0.38,0.48,0.43206065533543525,0.3966949087391292,0.41516967254243187,0.40854420140654146
10,2024-02-19,0.36,0.38,0.3734318149263837,0.34269659503030286,0.37879299538091765,0.36321280871791645
10,2024-02-20,0.4,0.36,0.39126988638017957,0.3423928083791594,0.42884198738570717,0.3787704248597117
10,2024-02-21,0.49,0.4,0.4613950999342773,0.4197703297277872,0.4897565212930705,0.4646042495539291
10,2024-02-22,0.62,0.49,0.5445744778838191,0.5182919902013696,0.5757560013200506,0.5519383424716748
10,2024-02-23,0.7,0.62,0.7046887055930237,0.6836516580728572,0.7134346721268411,0.7046736163196826
10,2024-02-24,0.72,0.7,0.7560803534301067,0.7814160903833375,0.7657047423758616,0.7708395677923637
10,2024-02-25,0.73,0.72,0.7536697516569251,0.7637287002450884,0.7608204530738653,0.7434801477485768
10,2024-02-26,0.65,0.73,0.7017584959326576,0.7163887137075796,0.7166878913698737,0.7144202218771533
10,2024-02-27,0.62,0.65,0.6240020175203796,0.6108756771817448,0.6154180945412792,0.6227040563945015
10,2024-02-28,0.68,0.62,0.6501549757264224,0.5945145649437892,0.6564902334810275,0.623596543825805
10,2024-02-29,0.7,0.68,0.6631294316238595,0.6524410709774956,0.664546272374151,0.6683764974800733
10,2024-03-01,0.64,0.7,0.6678774611079572,0.6605637919619095,0.6558669598082835,0.6588244410974435
10,2024-03-02,0.56,0.64,0.5963061247510596,0.5867770441741121,0.591606689222571,0.583020222629628
10,2024-03-03,0.47,0.56,0.5063048391454777,0.4931103673646134,0.4973047698640603,0.4964805975425737
10,2024-03-04,0.38,0.47,0.41682313100399426,0.40752486471851873,0.3988706666436286,0.42096211873399997
10,2024-03-05,0.3,0.38,0.3593273019371244,0.3159302229704563,0.3622093684570388,0.3457305826244232
10,2024-03-06,0.34,0.3,0.3328361480839851,0.2739505108551387,0.33787821200051743,0.32628276947386126
10,2024-03-07,0.42,0.34,0.371135863339061,0.35071824102595256,0.389417229894136,0.388191863423406
10,2024-03-08,0.51,0.42,0.5019385164446089,0.4544136075766074,0.5385111179955541,0.49581482245794445
10,2024-03-09,0.69,0.51,0.6378151766563582,0.6029664960697505,0.6760230704665281,0.643924813416274
10,2024-03-10,0.86,0.69,0.805617513110837,0.806672848644855,0.8409520644728072,0.8245079770070637
10,2024-03-11,0.9,0.86,0.9401826200916715,0.9796945074735198,0.9564924420461178,0.979538279030509
10,2024-03-12,0.99,0.9,1.0105911292497796,0.9823008154759872,1.0181125233254449,0.9926969596786502
10,2024-03-13,1.05,0.99,1.0268808786497068,1.0123793674072201,1.024828969856772,1.0315804014817462
10,2024-03-14,1.05,1.05,0.9840795369996239,0.9778342375338628,0.9797498504528307,0.9942647576240802
10,2024-03-15,0.96,1.05,0.9829243711532681,0.9190480177531809,0.951299022659399,0.9435011957088414
10,2024-03-16,0.75,0.96,0.8190698801409098,0.8061642911340968,0.8044847594868377,0.8238418790878285
10,2024-03-17,0.57,0.75,0.5725031528358385,0.6060515293286303,0.5818464713612135,0.6135101272032647
10,2024-03-18,0.4,0.57,0.4209437585899182,0.4397749005841162,0.43528259929359714,0.44613816918213645
10,2024-03-19,0.35,0.4,0.3496195278669258,0.30169565444030155,0.3409436983266467,0.323699548012774
10,2024-03-20,0.39,0.35,0.3975566233018515,0.3157448186301644,0.4127887895154376,0.3707549846836473
10,2024-03-21,0.44,0.39,0.4554089715550241,0.4106629291427313,0.4895357398733224,0.47238615562554315
10,2024-03-22,0.72,0.44,0.6213446435291224,0.526510737279016,0.6368301848648226,0.5819613472558042
10,2024-03-23,0.8,0.72,0.8243144304856336,0.8116583282206852,0.8721763137492938,0.861106185230751
10,2024-03-24,0.98,0.8,0.9420421792543043,0.9075171205733388,0.9415952852820656,0.9319465819707493
10,2024-03-25,1.03,0.98,1.0351456824110132,1.0499848661356554,1.0402864177481295,1.0502819082706132
10,2024-03-26,1.03,1.03,1.0659643201067297,1.0519619431659064,1.0522078207555912,1.0542119382241117
10,2024-03-27,1.0,1.03,1.0497524782590748,1.0230122190031843,1.0532862470940925,1.0424817152760062
10,2024-03-28,1.02,1.0,1.0311985098112828,0.9749645994526963,1.0317976567835123,1.010971008542249
10,2024-03-29,1.02,1.02,0.9902992305072572,0.9811302490721404,0.9896099768191458,1.01012465520784
10,2024-03-30,1.03,1.02,1.0055606286073973,0.9657929368542227,1.0070419078817536,0.9934605971491486
10,2024-03-31,1.02,1.03,1.0141202533992881,0.958052381303431,1.0213717084213545,0.9907251401056348
10,2024-04-01,0.95,1.02,0.984957415835112,0.944006440006715,0.9780719833715694,0.9713080164056004
10,2024-04-02,0.9,0.95,0.9365836146214555,0.873614415281923,0.9231814124156119,0.8982080839971567
10,2024-04-03,0.83,0.9,0.8795206318435528,0.8463808845658711,0.8554200719928984,0.8621826097934013
10,2024-04-04,0.83,0.83,0.8413006216327825,0.7834490850250644,0.8398259877304324,0.8080912711675884
10,2024-04-05,0.95,0.83,0.9401393529603596,0.8502662488798144,0.9401544949361967,0.9029954676923887
10,2024-04-06,1.08,0.95,1.0181394879222696,1.0115358624950945,1.025620695413532,1.0380501533753344
10,2024-04-07,1.21,1.08,1.2113596374838298,1.1672188799142866,1.2120848847159362,1.1840913831263686
10,2024-04-08,1.33,1.21,1.298755777214389,1.291560138458015,1.2990727410807974,1.2977652005468394
10,2024-04-09,1.35,1.33,1.38051593207069,1.3667430591757415,1.3706662195603487,1.383001229499223
10,2024-04-10,1.26,1.35,1.3361743952391572,1.3154860637958883,1.3274359418876613,1.3496602907678295
10,2024-04-11,1.22,1.26,1.2757433566301373,1.2109482191512801,1.2642498587834319,1.2708230469150574
10,2024-04-12,1.18,1.22,1.178878501111559,1.1674500015144536,1.176559569649325,1.2074996880248257
10,2024-04-13,1.09,1.18,1.0753156893797977,1.0628276854805534,1.1011292693851014,1.088153979826717
10,2024-04-14,0.98,1.09,0.9842490547624608,0.9499330550456531,0.9927693784449945,0.9974157193209727
10,2024-04-15,0.89,0.98,0.9123193063742169,0.8512438836963317,0.9060530420536107,0.924854534161626
10,2024-04-16,0.86,0.89,0.9414146386236324,0.8120218831338585,0.9158322088297028,0.8997840284441431
10,2024-04-17,0.99,0.86,0.9807020639701074,0.8784102292097083,0.9620146463456898,0.945326563657166
10,2024-04-18,1.11,0.99,1.1218917951827776,1.0710104856355374,1.1262766346168245,1.0983721409465936
10,2024-04-19,1.18,1.11,1.1817258269563526,1.1925412980714327,1.2034351476721643,1.1991523932361146
10,2024-04-20,1.3,1.18,1.2459831387755382,1.2507024421061683,1.2662836778778017,1.2643384108293667
10,2024-04-21,1.42,1.3,1.413030781634204,1.3530019149927472,1.4266230982810526,1.3969408475593432
10,2024-04-22,1.5,1.42,1.4710520447785205,1.4355083685953136,1.4814600686649537,1.4837451061015419
10,2024-04-23,1.43,1.5,1.4717947196264438,1.457338890626971,1.4835409411039227,1.4969546919874128
10,2024-04-24,1.46,1.43,1.406712204765418,1.368655301718839,1.3954681650793592,1.401181911278022
10,2024-04-25,1.48,1.46,1.4990602692406685,1.4206219164165284,1.488472478201191,1.4778943396836002
10,2024-04-26,1.46,1.48,1.5214010183315105,1.448825552160929,1.5220279157690733,1.5137417973628837
10,2024-04-27,1.47,1.46,1.4821738824743933,1.4358629678057644,1.4944642299664854,1.493984362577032
10,2024-04-28,1.44,1.47,1.4549470658493315,1.4330681991306544,1.465935209976551,1.4739206271204484
10,2024-04-29,1.41,1.44,1.3761424338781354,1.3651897569724507,1.392636141138099,1.399143010089934
10,2024-04-30,1.36,1.41,1.3755652356553614,1.3135688881765775,1.3642699023911586,1.3719541389331955
10,2024-05-01,1.43,1.36,1.4163195146316765,1.3055101037437113,1.402179624845182,1.4056220308302656
10,2024-05-02,1.49,1.43,1.5575516126188915,1.433179388975858,1.5373901702079966,1.5307048393829568
10,2024-05-03,1.57,1.49,1.583309950673064,1.5156348292745025,1.5605282474933915,1.5708838826543676
10,2024-05-04,1.63,1.57,1.6265884086468394,1.5829770383100488,1.6253658575400485,1.621667250668888
10,2024-05-05,1.73,1.63,1.695718984324391,1.6270068385042675,1.7098881700049933,1.6791090798973185
10,2024-05-06,1.93,1.73,1.844201964069714,1.7842160867555747,1.8460083398224911,1.8365474499325716
10,2024-05-07,1.93,1.93,2.0006244052962066,1.988835967412874,1.993684571880019,2.0138382821737464
10,2024-05-08,1.95,1.93,1.9435678558133611,1.943068122102764,1.9502903903934594,1.9677601106567495
10,2024-05-09,1.81,1.95,1.9078139464973343,1.8907009627930742,1.919590121115568,1.93857299350326
10,2024-05-10,1.78,1.81,1.8490990214333223,1.7558880762728337,1.8462655273546311,1.837517018692784
10,2024-05-11,1.79,1.78,1.8100861813319657,1.7500062510978902,1.7996825085638453,1.8166046839183243
10,2024-05-12,1.75,1.79,1.7611382121501629,1.7399956681421507,1.7646310693321634,1.778358349186566
10,2024-05-13,1.65,1.75,1.6318500109934975,1.633559617186304,1.6591568947955089,1.6543278230995675
10,2024-05-14,1.51,1.65,1.4948727589957145,1.5165213206621555,1.530220482950759,1.5437954301027947
10,2024-05-15,1.39,1.51,1.3959045930401655,1.3946131794183554,1.4077811339722324,1.4332186469024586
10,2024-05-16,1.28,1.39,1.2939631354531078,1.2814205196591013,1.2935374718312849,1.326518624305126
10,2024-05-17,1.25,1.28,1.2204339958136192,1.1969376021144287,1.2255863208429163,1.258666849958026
10,2024-05-18,1.31,1.25,1.2746178598846654,1.2172264399495616,1.2745846713230236,1.2924630338377074
10,2024-05-19,1.37,1.31,1.3678659115796392,1.3390538445847884,1.3716120408086885,1.3963504835640668
10,2024-05-20,1.44,1.37,1.426035350831724,1.4236697205920867,1.4364536031578545,1.4634257514362028
10,2024-05-21,1.48,1.44,1.4749500401159237,1.4833206064728301,1.5024150108913468,1.5241394204065422
10,2024-05-22,1.58,1.48,1.5456516711511943,1.509169278996185,1.5542209075185145,1.5595708092686167
10,2024-05-23,1.67,1.58,1.64953164447444,1.593770261399911,1.6537102848254948,1.6546055275641771
10,2024-05-24,1.76,1.67,1.724594386688609,1.673316830849103,1.733967204317149,1.735308574335966
10,2024-05-25,1.84,1.76,1.8794293006327583,1.820298441287686,1.8749745886062474,1.8740282264316444
10,2024-05-26,2.12,1.84,2.0605667392954667,1.9899559386723542,2.0761801505927937,2.027994532522486
10,2024-05-27,2.96,2.12,2.7924699048669295,2.4661341685789617,2.775268463271645,2.4975811039147526
10,2024-05-28,2.68,2.96,3.0343357553326324,3.0347229261295285,2.8980969607086,2.9599413220337385
10,2024-05-29,2.37,2.68,2.287274877295457,2.467362046150553,2.3597818829649135,2.3980981750478647
10,2024-05-30,2.22,2.37,2.1682194098584135,2.1824905895271285,2.173751233426423,2.1563607095875152
10,2024-05-31,2.1,2.22,2.1301307200720365,2.0618986563296846,2.0850075047557404,2.1106077705433592
10,2024-06-01,2.02,2.1,2.0849205084754865,1.9909050858639281,2.036223238147145,2.0714553154799096
10,2024-06-02,2.15,2.02,2.1445266772991216,2.0271130518295197,2.118601327039715,2.1010654819462746
10,2024-06-03,2.35,2.15,2.325135630313187,2.2494266797928546,2.2917195881078416,2.300399885526591
10,2024-06-04,2.57,2.35,2.616108445384016,2.505595808399148,2.5792749222140148,2.548934820304467
10,2024-06-05,2.79,2.57,2.8427674009046973,2.731897849693631,2.830733891207347,2.777908549423645
10,2024-06-06,2.93,2.79,2.991410066141972,2.9015301767305193,2.9741528615507478,2.9360042851971273
10,2024-06-07,3.03,2.93,3.0699944932128505,2.978950599359346,3.051177645647592,3.010424767253383
10,2024-06-08,3.07,3.03,3.1023433609664237,3.0401058836740398,3.090165698375587,3.0557980707462833
10,2024-06-09,3.08,3.07,3.12240151826742,3.0645319505585147,3.106084233288623,3.067582696909453
10,2024-06-10,3.04,3.08,3.069000989892552,3.038525399817164,3.050627395077132,3.0213642557708353
10,2024-06-11,2.97,3.04,2.991674265583853,2.9537870941117905,2.9929343384097464,2.9525798211288126
10,2024-06-12,2.88,2.97,2.8774379166339323,2.8559406827379052,2.8892511081898373,2.8742247579255693
10,2024-06-13,2.86,2.88,2.8391801233470426,2.7899246964465476,2.8444160581509035,2.8241256159292534
10,2024-06-14,2.84,2.86,2.8884077011744766,2.801058980968259,2.8765057275252617,2.84704899669002
10,2024-06-15,2.84,2.84,2.872028008680952,2.826319049268799,2.869038495600631,2.866380590158657
10,2024-06-16,2.85,2.84,2.8978685076397133,2.8507294475381713,2.901268282247877,2.899102275323402
10,2024-06-17,2.97,2.85,2.9936888037075198,2.8923155228824577,2.989114685733441,2.968126705368596
10,2024-06-18,3.14,2.97,3.1572506679937797,3.0469991360452617,3.1613194105163185,3.125825601342805
10,2024-06-19,3.38,3.14,3.409190482403994,3.252498889535316,3.417122424186815,3.341486670707697
10,2024-06-20,3.69,3.38,3.6920197570299056,3.5218933004299715,3.698182289009497,3.6097572330969903
10,2024-06-21,3.82,3.69,3.8892242878168024,3.7839085277465165,3.8746282180049536,3.862133692964079
10,2024-06-22,3.95,3.82,3.98429281814108,3.8518268572899577,3.962231450254098,3.9557734874288335
10,2024-06-23,3.94,3.95,4.040089235011909,3.9324780806538953,4.006251351599604,4.008015198107212
10,2024-06-24,3.88,3.94,3.9501266740606193,3.8934535116437647,3.9125218108162643,3.915098762466233
10,2024-06-25,3.84,3.88,3.881758927634326,3.8349815871645547,3.8584629317600263,3.8274211568238345
10,2024-06-26,3.79,3.84,3.798650509502451,3.781538278377857,3.797864217282566,3.7728134415864893
10,2024-06-27,3.8,3.79,3.7991940444854864,3.736279124612015,3.7771829233010386,3.7508943280018703
10,2024-06-28,3.93,3.8,3.8717423097121184,3.8047842865670756,3.860333061661752,3.8328417359335583
10,2024-06-29,3.99,3.93,3.973392262053082,3.950671028168623,3.966412048433623,3.9641155852617946
10,2024-06-30,3.97,3.99,4.010499812954576,3.9623884203530877,3.9889819496051913,3.9778424690406737
10,2024-07-01,3.98,3.97,3.9967945113296084,3.923109589508854,3.997594675918607,3.9649308382286246
10,2024-07-02,4.01,3.98,4.053723076811412,3.9395200542938777,4.051749586162686,4.0346566272213265
10,2024-07-03,4.2,4.01,4.225559103559147,4.041270089837272,4.23395888536172,4.200878617100927
10,2024-07-04,4.52,4.2,4.519908431972987,4.343746696169145,4.526940329656947,4.469322813098129
10,2024-07-05,4.75,4.52,4.742689487783851,4.692531231991023,4.769691883943453,4.775598932570701
10,2024-07-06,4.85,4.75,4.889662604026449,4.848694942015161,4.894675044956716,4.915999697919789
10,2024-07-07,4.94,4.85,4.924442891699961,4.850092763826393,4.910132877316626,4.890089065209841
10,2024-07-08,4.99,4.94,4.9978389196997695,4.894739388305802,4.962922928780784,4.915377455634303
10,2024-07-09,5.01,4.99,4.994870995391999,4.920278989059502,4.9727457717773715,4.939147097141551
10,2024-07-10,5.0,5.01,5.0161921854290155,4.93297734643651,5.007795582066796,4.975562931818833
10,2024-07-11,5.0,5.0,4.979582709560284,4.8911904771384656,4.9918865319755215,4.969688283282378
10,2024-07-12,5.15,5.0,5.096513490423804,4.931264339205288,5.091799180698243,5.050328395812659
10,2024-07-13,5.13,5.15,5.208965108305776,5.105006022099783,5.18383533813977,5.2127719886003465
10,2024-07-14,5.09,5.13,5.156115849680809,5.039729697569043,5.125385707237526,5.126232133752157
10,2024-07-15,5.09,5.09,5.11981678342285,5.012694911300098,5.095716396505002,5.085176841028381
10,2024-07-16,5.05,5.09,5.0977959711541585,5.022493539549397,5.071119308964593,5.071167016531451
10,2024-07-17,4.96,5.05,5.005263898858384,4.941604420792733,4.986872662739308,5.0020366732566774
10,2024-07-18,4.89,4.96,4.927028132271731,4.820608902757215,4.893084864981905,4.907489239062616
10,2024-07-19,4.92,4.89,4.900875182186238,4.819801700070045,4.870954628630942,4.889969313230114
10,2024-07-20,4.94,4.92,4.942324068268155,4.915131789432742,4.911534963805366,4.9419005156105715
10,2024-07-21,4.94,4.94,4.952254314066931,4.933649479247158,4.91793176407566,4.933146426493699
10,2024-07-22,4.86,4.94,4.909756323997506,4.904063698037583,4.875553247062917,4.888803265225345
10,2024-07-23,4.8,4.86,4.827442929692177,4.804487795969183,4.79395906905586,4.791158435936329
10,2024-07-24,4.73,4.8,4.7583468253121755,4.720223023337077,4.7237157789480095,4.730679983378529
10,2024-07-25,4.65,4.73,4.691149478215936,4.642026001382599,4.666249178975897,4.677022022527827
10,2024-07-26,4.6,4.65,4.6154648978879775,4.5701734485802925,4.604664297254078,4.613296971000932
10,2024-07-27,4.6,4.6,4.543710304439726,4.508002650175068,4.54186016859912,4.555536606735228
10,2024-07-28,4.53,4.6,4.545652404839493,4.509405156435551,4.537640219872361,4.558485464127995
10,2024-07-29,4.47,4.53,4.483520989036578,4.431559405646191,4.474495224256946,4.489186747612194
10,2024-07-30,4.36,4.47,4.418261932661948,4.341240625704968,4.391405623612165,4.403208906426386
10,2024-07-31,4.24,4.36,4.254968380886738,4.218616182356309,4.236722850470766,4.26837603251139
10,2024-08-01,4.24,4.24,4.202418577506944,4.1605028210519075,4.18777018010982,4.192868868297581
10,2024-08-02,4.31,4.24,4.325609043582512,4.24429266755893,4.297464321008476,4.261662969760447
10,2024-08-03,4.33,4.31,4.357164833970049,4.328009087336723,4.334466456151918,4.341677126280035
10,2024-08-04,4.27,4.33,4.315194556960138,4.271683479902893,4.303825511153104,4.313679490264217
10,2024-08-05,4.21,4.27,4.281515078727446,4.19221731033942,4.263897135915978,4.26334873856688
10,2024-08-06,4.19,4.21,4.252859343029979,4.161704361510243,4.225703906887926,4.234081837792586
10,2024-08-07,4.21,4.19,4.212580697201334,4.15749725457951,4.183105909441941,4.207765419683729
10,2024-08-08,4.25,4.21,4.273041121417591,4.195493587747314,4.240356177728824,4.23638060449247
10,2024-08-09,4.35,4.25,4.323503969724507,4.247420943203139,4.305846392716551,4.307858543022474
10,2024-08-10,4.37,4.35,4.392261686572644,4.322830749594376,4.386868344289287,4.407015841296689
10,2024-08-11,4.4,4.37,4.417391529213594,4.286406237550926,4.409618656450594,4.4142992020200635
10,2024-08-12,4.43,4.4,4.4700706759116935,4.318277606205189,4.4562277935564625,4.462468437227985
10,2024-08-13,4.47,4.43,4.4718969648777485,4.357803104492167,4.45982293459266,4.486033120140827
10,2024-08-14,4.47,4.47,4.501326355604592,4.401070950773826,4.481529915316516,4.512552952375748
10,2024-08-15,4.51,4.47,4.516290176700949,4.403702947427337,4.50018901680237,4.508109482170073
10,2024-08-16,4.56,4.51,4.547102430790982,4.470818838554464,4.553884397493856,4.566573540301444
10,2024-08-17,4.59,4.56,4.61177580323073,4.531865868555043,4.6158287806762806,4.625812692850574
10,2024-08-18,4.69,4.59,4.665576738436903,4.605009649712354,4.658798955592943,4.660535743234391
10,2024-08-19,4.72,4.69,4.76449281767082,4.7367865502650845,4.726975225630188,4.742111097186435
10,2024-08-20,4.73,4.72,4.779892792382159,4.7431215848885,4.71452400056212,4.735715145229641
10,2024-08-21,4.74,4.73,4.806915549444133,4.706034688992646,4.732372528738527,4.721788732159072
10,2024-08-22,4.72,4.74,4.759327323481926,4.697809581003484,4.705862598306307,4.715384906476741
10,2024-08-23,4.75,4.72,4.731100124469453,4.676376039508499,4.690858303950285,4.692599395529856
10,2024-08-24,4.68,4.75,4.713169227869538,4.655674810286723,4.669782998888592,4.691534386326063
10,2024-08-25,4.57,4.68,4.603891323256619,4.512559242974897,4.56424645640289,4.585914881417421
10,2024-08-26,4.56,4.57,4.568572316981842,4.44031430388718,4.545754456204434,4.52537558489654
10,2024-08-27,4.46,4.56,4.489356244086897,4.437549176236856,4.470547913769672,4.518380631679178
10,2024-08-28,4.32,4.46,4.362442296775942,4.300797954402715,4.329623511910884,4.392530080654397
10,2024-08-29,4.28,4.32,4.266034369117422,4.1723512369697024,4.256888101099006,4.269072907855294
10,2024-08-30,4.26,4.28,4.263770371847822,4.18832504292295,4.247907154412197,4.269965655912315
10,2024-08-31,4.3,4.26,4.310143087468932,4.2362405899996345,4.286642178872066,4.3012388115425155
10,2024-09-01,4.32,4.3,4.333080168697595,4.297724109248882,4.317180544888623,4.349276100015139
10,2024-09-02,4.27,4.32,4.296736289221435,4.252102019037554,4.272105556502653,4.315824400433136
10,2024-09-03,4.27,4.27,4.294015147621207,4.188212604893023,4.267978417439277,4.260465475758582
10,2024-09-04,4.24,4.27,4.285642744992407,4.209701638022839,4.266126412923124,4.2814700988395975
10,2024-09-05,4.25,4.24,4.244758315229009,4.188338340414294,4.22563843134861,4.2587406442554245
10,2024-09-06,4.25,4.25,4.254035572399654,4.197634283758876,4.24064294722855,4.266435392769935
10,2024-09-07,4.25,4.25,4.2483516895020115,4.203414999217904,4.239154441463117,4.2719320238609
10,2024-09-08,4.27,4.25,4.2621386869905535,4.208301008191487,4.2483000614562245,4.272106873613245
10,2024-09-09,4.27,4.27,4.240856470858049,4.200834375407152,4.2273486123248025,4.251430934489463
10,2024-09-10,4.17,4.27,4.230213166330193,4.1712352793501095,4.2131622724021485,4.230002031283329
10,2024-09-11,4.03,4.17,4.091827327246529,4.075524462079678,4.078088133662753,4.125551000412912
10,2024-09-12,3.92,4.03,3.928921626902213,3.919443799166094,3.93023104904319,3.9742816049132723
10,2024-09-13,3.78,3.92,3.815581754426938,3.7835749261557186,3.812482210006253,3.8553916004386153
10,2024-09-14,4.0,3.78,3.879334637860825,3.8299338382188046,3.8836406302404836,3.850993344310197
10,2024-09-15,4.19,4.0,4.215673582760343,4.195136056337002,4.202154774787612,4.139530514705691
10,2024-09-16,4.18,4.19,4.2136230644320625,4.272550014716028,4.164839100596706,4.240816266528723
10,2024-09-17,4.02,4.18,4.039691336240038,4.06390432515143,4.0030596855166705,4.096163083807281
10,2024-09-18,3.98,4.02,3.9777435491381077,3.885691575016933,3.9481663604112316,3.946678136263064
10,2024-09-19,4.0,3.98,4.029678494127126,3.9277648479314085,3.996696168671836,3.993556936531777
10,2024-09-20,4.03,4.0,4.059605831335848,4.015169325015793,4.039169282140247,4.055465769275201
10,2024-09-21,4.08,4.03,4.07065796845234,4.03190782041021,4.059033826150276,4.071439994195554
10,2024-09-22,4.11,4.08,4.141279193855886,4.073761540153522,4.122074723256797,4.118569503973934
10,2024-09-23,4.12,4.11,4.104703150053681,4.04528597541426,4.0952244320454225,4.117090214692852
10,2024-09-24,4.15,4.12,4.15633842114121,4.060337458983362,4.146546907919643,4.142022459259372
10,2024-09-25,4.25,4.15,4.255438705680543,4.156571010261711,4.23870875666677,4.202696355200244
10,2024-09-26,4.27,4.25,4.287335458440311,4.256272466449055,4.269598449604216,4.284673069405128
10,2024-09-27,4.21,4.27,4.221653114041415,4.1858361649471725,4.21725778676932,4.268162149518232
10,2024-09-28,4.17,4.21,4.170402690053876,4.113853176590685,4.1747080800786724,4.2147232666822445
10,2024-09-29,4.14,4.17,4.161560891392964,4.1055652891521115,4.161471385967299,4.207687399439555
10,2024-09-30,4.19,4.14,4.214927572588352,4.122881499916805,4.225991971293918,4.224843247720954
10,2024-10-01,4.3,4.19,4.326824513167883,4.217487497783461,4.309704790719553,4.2884206467981665
10,2024-10-02,4.3,4.3,4.329886845843172,4.305373589667211,4.288859358844703,4.325144531506642
10,2024-10-03,4.31,4.3,4.34454893718645,4.270305039428529,4.302582062102348,4.286754891827361
10,2024-10-04,4.41,4.31,4.443020126548527,4.327427504681184,4.415157643430349,4.346988541742404
10,2024-10-05,4.49,4.41,4.476665192066817,4.439030324484093,4.457260593067493,4.473854247125895
10,2024-10-06,4.45,4.49,4.47946139256634,4.451581396981047,4.472045402916914,4.526487585098296
10,2024-10-07,4.43,4.45,4.420161566637415,4.321625328380846,4.430534351539272,4.44833662416734
10,2024-10-08,4.37,4.43,4.382834201618161,4.302154809312697,4.37292397950742,4.4107931135404534
10,2024-10-09,4.29,4.37,4.3175546869738906,4.274974453441374,4.3091715247168905,4.335683930279146
10,2024-10-10,4.22,4.29,4.227073121012231,4.208769718043551,4.234016850956699,4.264231097772846
10,2024-10-11,4.19,4.22,4.200149765950512,4.16189862368973,4.210783298865821,4.23414668503407
10,2024-10-12,4.19,4.19,4.200334450097978,4.14457225225273,4.201664531742282,4.219912112831421
10,2024-10-13,4.14,4.19,4.1690894332421,4.134771409850917,4.161878188888845,4.191262328552575
10,2024-10-14,4.1,4.14,4.140538018230537,4.071746589380351,4.125224577069883,4.112363807509946
10,2024-10-15,4.06,4.1,4.069777445793201,3.9987767235194482,4.026939259549136,4.0315250881258935
10,2024-10-16,4.04,4.06,4.073805586143216,4.0474090117972175,4.050440688485584,4.040557365951479
10,2024-10-17,4.08,4.04,4.088063619819725,4.086012341399663,4.0776891068496255,4.066330786060864
10,2024-10-18,4.14,4.08,4.090671867126666,4.085180393477475,4.072536388057611,4.089080847837644
10,2024-10-19,4.05,4.14,4.116428701041939,4.098836937652827,4.098631384030008,4.107020075201564
10,2024-10-20,3.91,4.05,3.9744048135526215,3.9542432788982125,3.953639730939097,3.9575154792863416
10,2024-10-21,3.75,3.91,3.7211137125165967,3.7400854595759054,3.71646293451151,3.7547676111469896
10,2024-10-22,3.6,3.75,3.636079163104484,3.6020499705757554,3.651983332379585,3.614483524635395
10,2024-10-23,3.45,3.6,3.44384753554598,3.4862832541217386,3.4297060317431876,3.4826905597943583
10,2024-10-24,3.45,3.45,3.4041918784057636,3.4176153264124864,3.411268325005817,3.408150980387319
10,2024-10-25,3.48,3.45,3.445704305380227,3.4665475249237816,3.4470001954143465,3.4455844774887687
10,2024-10-26,3.34,3.48,3.3869626099195083,3.412988030800706,3.3806336538082586,3.3966964011420053
10,2024-10-27,3.15,3.34,3.2105694967590983,3.200834685605912,3.2123564573930725,3.2165485142061905
10,2024-10-28,3.04,3.15,3.041660480637927,3.017914988862215,3.051984347550807,3.0425725771083214
10,2024-10-29,2.96,3.04,2.9635906663588547,2.936119062595459,2.957792018781209,2.96275244385256
10,2024-10-30,2.92,2.96,2.92782492491137,2.9124068347009158,2.917619926951873,2.9304173676183467
10,2024-10-31,2.89,2.92,2.9074831142150783,2.9103655883698316,2.896753621194811,2.909738453067575
10,2024-11-01,2.86,2.89,2.871249660917799,2.8809296787145975,2.865168264384869,2.8739128476898856
10,2024-11-02,2.79,2.86,2.8182201948407486,2.8154494765453872,2.825011429091322,2.8280437539631413
10,2024-11-03,2.73,2.79,2.744413591822696,2.7399893713824444,2.7525016113297767,2.7580015316092266
10,2024-11-04,2.67,2.73,2.7084564755816047,2.678220911073403,2.711350737649255,2.7042658479943946
10,2024-11-05,2.6,2.67,2.6520753109302126,2.6238351494131718,2.6428847008015173,2.642194269700042
10,2024-11-06,2.55,2.6,2.5434203430224502,2.529906115995122,2.5420409635111727,2.5369552002068523
10,2024-11-07,2.5,2.55,2.498132537776888,2.4778228598590535,2.5121535661157317,2.4893261410275276
10,2024-11-08,2.36,2.5,2.442227540077845,2.4422389488807608,2.443708146157005,2.4487685773980408
10,2024-11-09,2.26,2.36,2.281412841771641,2.2966162493755324,2.2870078443145365,2.3033520773803784
10,2024-11-10,2.18,2.26,2.1994569052112376,2.1941522399506326,2.1998927718298447,2.208827069472803
10,2024-11-11,2.15,2.18,2.174950567059836,2.13278521616529,2.1624491107532045,2.1559092795121937
10,2024-11-12,2.15,2.15,2.156524358934629,2.1226555975672112,2.1517954022124792,2.146790603872107
10,2024-11-13,2.13,2.15,2.146034118531465,2.1229098018374635,2.145372864141136,2.1523080435490223
10,2024-11-14,2.17,2.13,2.15771003574005,2.1240147233503937,2.1460307985559477,2.1486819734295834
10,2024-11-15,2.22,2.17,2.1831066990715535,2.1886064123131113,2.1813518617461884,2.1923509126806295
10,2024-11-16,2.23,2.22,2.214995094793077,2.2074470284417846,2.2136634203557777,2.2152712623862008
10,2024-11-17,2.16,2.23,2.18154618212725,2.1973616432184926,2.186078673598002,2.198984805038469
10,2024-11-18,2.1,2.16,2.1393159543472624,2.1328889031382037,2.1504473511791034,2.1312606047542033
10,2024-11-19,2.01,2.1,2.0406750226453267,2.0565037773903874,2.0494111453686283,2.05019291489879
10,2024-11-20,1.92,2.01,1.9161834940136133,1.9300647831012625,1.9311763635490833,1.9352244144457973
10,2024-11-21,1.83,1.92,1.8295872565962092,1.8332564007079994,1.848403547916033,1.8471983170798156
10,2024-11-22,1.73,1.83,1.7509316195402356,1.762517667572394,1.7593097265108202,1.7722751560922358
10,2024-11-23,1.64,1.73,1.6600696767052525,1.6679151306001467,1.6633024826162217,1.6777830906594478
10,2024-11-24,1.51,1.64,1.5552837864685016,1.5721543222777896,1.560508714778521,1.5907469850651481
10,2024-11-25,1.46,1.51,1.4654270084540655,1.4669523110647635,1.4560469168424606,1.4866022949158244
10,2024-11-26,1.43,1.46,1.4403634987771083,1.42679831678164,1.4319954554987995,1.4577142222906179
10,2024-11-27,1.47,1.43,1.4648806886418868,1.4289048958750514,1.4714414790099413,1.4692628659185718
10,2024-11-28,1.51,1.47,1.514995723079448,1.4899242892125268,1.5126213389972634,1.5284602292722385
10,2024-11-29,1.54,1.51,1.5431883128249726,1.5376803954926224,1.545306560699465,1.5743046121556645
10,2024-11-30,1.64,1.54,1.5778076432348442,1.574258477356617,1.5861471230858608,1.6078720030873865
10,2024-12-01,1.72,1.64,1.6879383163464496,1.693261104057239,1.6881151741515392,1.7107554536053964
10,2024-12-02,1.75,1.72,1.768992563138715,1.7446843617272414,1.7594536346349299,1.7645450690701798
10,2024-12-03,1.73,1.75,1.7391744145258674,1.7422983209204375,1.7324372010409859,1.7535670895265536
10,2024-12-04,1.7,1.73,1.7335722301925631,1.7283387895216549,1.740076298894933,1.7290789390342318
10,2024-12-05,1.67,1.7,1.643398925059385,1.6701085709136165,1.6475114767086374,1.6605046228252773
10,2024-12-06,1.62,1.67,1.5934754700030929,1.6317302009305397,1.6138287356820653,1.622782652099105
10,2024-12-07,1.5,1.62,1.538008124396289,1.547147533223751,1.5521795430432324,1.5517701238148607
10,2024-12-08,1.42,1.5,1.4474973015872559,1.4232139234895136,1.4490841776049228,1.4412542614630304
10,2024-12-09,1.37,1.42,1.39653732066095,1.360556970367317,1.3907360571834992,1.3791357099633226
10,2024-12-10,1.33,1.37,1.3523293556611036,1.3284837651495793,1.347412301635886,1.343191123152293
10,2024-12-11,1.3,1.33,1.307376107364977,1.2873241546241079,1.2963797728165867,1.3018469841780835
10,2024-12-12,1.29,1.3,1.3045339971740406,1.2970933717329591,1.2908806606578114,1.3142220636052195
10,2024-12-13,1.41,1.29,1.36188552181965,1.3195328182188468,1.3540111635919259,1.3396030391112184
10,2024-12-14,1.53,1.41,1.4721068578167504,1.4518546756196045,1.4768436767977562,1.4751127946872387
10,2024-12-15,1.51,1.53,1.532335712405074,1.54501045577854,1.5377222654389888,1.5644136653334417
10,2024-12-16,1.54,1.51,1.5066252098914068,1.5151304089422728,1.5110263071456143,1.5212568825290165
10,2024-12-17,1.57,1.54,1.559103195949517,1.5483747949879836,1.5620694648909799,1.5497329899521073
10,2024-12-18,1.55,1.57,1.587323605597421,1.5776148887383759,1.5746574129297912,1.5628125126274828
10,2024-12-19,1.53,1.55,1.5219218963971703,1.5242031535829463,1.5231044600761197,1.499183222565976
10,2024-12-20,1.48,1.53,1.4665214628090957,1.4727662932313181,1.4762953403702725,1.453026708715598
10,2024-12-21,1.38,1.48,1.4083029000107097,1.3925227287087252,1.4180239191813344,1.3881582513029718
10,2024-12-22,1.21,1.38,1.2387635360496354,1.280114469613089,1.2642892622273088,1.2763638503937784
10,2024-12-23,1.08,1.21,1.1106343065095718,1.119288760815522,1.114105748492593,1.1162822098256913
10,2024-12-24,1.04,1.08,1.0690872657285213,1.0200646544829122,1.0547372095306193,1.023711773454843
10,2024-12-25,1.01,1.04,1.0351965159997534,1.0094032638438108,1.0307273672737904,1.023404855040748
10,2024-12-26,0.97,1.01,0.9925955687847481,1.004632026710934,0.9752667783802776,1.0069749050877526
10,2024-12-27,0.94,0.97,0.9761114453975341,0.9758818152408099,0.9606672630666555,0.9817038521314521
10,2024-12-28,0.96,0.94,0.9676006548673624,0.9479994936070598,0.9667127889209177,0.9706844363788584
10,2024-12-29,1.06,0.96,1.0450944254021903,0.9983796585237622,1.059807124483126,1.0418860421469012
10,2024-12-30,1.11,1.06,1.1024239486592036,1.0971997934774478,1.1160604859192176,1.1298079531574132
10,2024-12-31,1.07,1.11,1.1132199606595985,1.1207908190230031,1.1092651073344075,1.133820561471981
10,2025-01-01,1.05,1.07,1.0105373926257544,1.0619260945639712,1.00735149809423,1.0481716996675088
10,2025-01-02,1.05,1.05,1.04649156312731,1.0395563940396972,1.0603215135457695,1.0382831164830435
10,2025-01-03,1.06,1.05,1.0744047514589676,1.048463016462539,1.0858696721291234,1.0607904547755214
10,2025-01-04,1.12,1.06,1.0827826883944212,1.0603916546016379,1.0872966481232178,1.0664543372402433
10,2025-01-05,1.12,1.12,1.126479816039715,1.109007097876212,1.139959857726161,1.1121953979252155
10,2025-01-06,1.08,1.12,1.0981561133099262,1.0883395667628488,1.1172448280702196,1.0871451377194263
10,2025-01-07,1.07,1.08,1.0535659796201684,1.048677989772586,1.0646503139337604,1.0410780520707532
10,2025-01-08,1.02,1.07,1.0165839953460287,1.0257488382285445,1.0272198997436355,1.0110606757308476
10,2025-01-09,0.91,1.02,0.9392919922278736,0.9610219440819651,0.9330035640521342,0.93874973839465
10,2025-01-10,0.85,0.91,0.8771896556405105,0.8424414909451313,0.869929676725127,0.8459863592409045
10,2025-01-11,0.93,0.85,0.8226255042499243,0.8158826239077258,0.8190968971419555,0.8294817593690902
10,2025-01-12,0.98,0.93,0.9874980900775228,0.9567642232791403,0.9933897590745553,0.9839928839932056
10,2025-01-13,1.08,0.98,1.0551810742914338,1.0485094395529426,1.0655315000828625,1.0641778788698133
10,2025-01-14,1.1,1.08,1.101132076308388,1.1252847368190884,1.1127250544804366,1.1223949617169116
10,2025-01-15,1.05,1.1,1.0760536458165744,1.0943790728550693,1.0903538070295558,1.0946757853123297
10,2025-01-16,1.03,1.05,1.0249980057660792,1.0337477499893295,1.0311909223803486,1.0346276376309052
10,2025-01-17,1.09,1.03,0.9929399722757912,1.0235052439897467,0.9832242650713301,1.0053864789803366
10,2025-01-18,1.06,1.09,1.1115614101171507,1.0586909247740122,1.127923604656588,1.0752349620227502
10,2025-01-19,0.93,1.06,0.9807611919355803,0.9838409687838571,0.9987821896899366,0.997001032995296
10,2025-01-20,0.84,0.93,0.8500879725639116,0.8407102248083603,0.8521652178905512,0.8445068926664742
10,2025-01-21,0.8,0.84,0.8183610960321499,0.7801717246928782,0.8030136395796293,0.7857540466902324
10,2025-01-22,0.79,0.8,0.7857225110036098,0.7691641231462056,0.7739753774910852,0.7704161020269812
10,2025-01-23,0.69,0.79,0.752047669452389,0.7692751526326039,0.7499105343395344,0.7635991224900188
10,2025-01-24,0.61,0.69,0.6286921649332401,0.6553221262910142,0.6294245704777901,0.6490230082512038
10,2025-01-25,0.6,0.61,0.635896061435849,0.585020360092929,0.6175317909873788,0.6119835502651707
10,2025-01-26,0.61,0.6,0.6194452799249188,0.6100670892093305,0.6251697771454662,0.643962422339821
10,2025-01-27,0.67,0.61,0.6513346126865075,0.6480850919226149,0.6725037844106837,0.679177366568109
10,2025-01-28,0.78,0.67,0.7429665743205296,0.7344697528576593,0.7588984284248549,0.7629887893646924
10,2025-01-29,0.91,0.78,0.8825597142730431,0.8753020913940581,0.8986843783809942,0.8975923779216429
10,2025-01-30,1.03,0.91,0.9921832753891658,1.0043484712511168,1.0165795779095184,1.0167151724072259
10,2025-01-31,1.15,1.03,1.0958192908864437,1.1062603375999498,1.1136526812185343,1.1109307946946092
10,2025-02-01,1.12,1.15,1.1695289449973725,1.1801458083664418,1.1815659119117992,1.1745852699705048
10,2025-02-02,1.12,1.12,1.0614310681315335,1.0798050104950347,1.0816547823090314,1.0708184863398975
10,2025-02-03,1.04,1.12,1.0311936044031642,1.0295103851721377,1.0355749539718924,1.0227666836881626
10,2025-02-04,0.89,1.04,0.9151146165893691,0.9259734076760021,0.9188206866240867,0.9233600972555663
10,2025-02-05,0.79,0.89,0.8017456175098164,0.7869737828018081,0.807447457526874,0.7910614085128715
10,2025-02-06,0.69,0.79,0.7181338544932642,0.7064245173782459,0.7203712988148055,0.7124865920945497
10,2025-02-07,0.59,0.69,0.6026448864304365,0.6368269578834153,0.6040915932021368,0.6301526590353431
10,2025-02-08,0.53,0.59,0.5450430280260281,0.5338845346863268,0.5339926403034859,0.537169532639911
10,2025-02-09,0.52,0.53,0.5229905466110428,0.5041026048362832,0.5139163887740548,0.5270098798021063
10,2025-02-10,0.63,0.52,0.5834830584113782,0.5471982064470562,0.5975640585943433,0.5814431631973447
10,2025-02-11,0.76,0.63,0.7393968804106104,0.7111935941936296,0.7764354091909454,0.7473436643449106
10,2025-02-12,0.85,0.76,0.8439393540539579,0.870828622590206,0.875224212801684,0.8859753178615498
10,2025-02-13,0.9,0.85,0.9033139965782182,0.9447371233140416,0.9220991676242111,0.93958372970763
10,2025-02-14,0.94,0.9,0.9458532147109522,0.9688198492332111,0.9715665399988387,0.9693872624930814
10,2025-02-15,0.92,0.94,0.916422918413953,0.9550332735224023,0.9284238248847027,0.9515019477287741
10,2025-02-16,0.89,0.92,0.8758051831442439,0.886310623130324,0.8854867366419307,0.8866548808450913
10,2025-02-17,0.86,0.89,0.8100222947382709,0.815379411867227,0.8291207948234144,0.8260131364897987
10,2025-02-18,0.79,0.86,0.7737327118909304,0.7650234970039151,0.7834917836101019,0.7791516230964106
10,2025-02-19,0.7,0.79,0.7067572815463181,0.6968934019229284,0.7193175527726829,0.7105780044302512
10,2025-02-20,0.63,0.7,0.6215039152966727,0.6341148826614611,0.6254827974441031,0.633888403358088
10,2025-02-21,0.51,0.63,0.5582222694376938,0.5669821595794874,0.5540877026080734,0.5604217976809427
10,2025-02-22,0.49,0.51,0.5110226179917451,0.45999998177667867,0.5030693647534874,0.4736604022984139
10,2025-02-23,0.48,0.49,0.486906816072798,0.4647547477939112,0.4962205017397554,0.49399105525634984
10,2025-02-24,0.53,0.48,0.5081116411914084,0.4813395496510597,0.5161907259302447,0.512161125180275
10,2025-02-25,0.62,0.53,0.5878599828335902,0.5923441900511294,0.6125756722411829,0.6229856156898755
10,2025-02-26,0.72,0.62,0.6922378558617663,0.7003588755584843,0.7065361148732353,0.7149140970001975
10,2025-02-27,0.86,0.72,0.8279283852304449,0.8157896164122809,0.8405612309834535,0.8319536548998842
10,2025-02-28,1.05,0.86,0.9995257267859361,0.9820036678741126,1.0120425472343184,0.9966075264726123
10,2025-03-01,1.14,1.05,1.1526604955745499,1.1655769392703998,1.1742127209251645,1.1727161764201703
10,2025-03-02,1.18,1.14,1.2200053397138046,1.235166208533761,1.2308141239740384,1.2325356182802485
10,2025-03-03,1.15,1.18,1.1797699443015435,1.1990972159802518,1.1962309601356056,1.1947073643529407
10,2025-03-04,1.05,1.15,1.0147997541416216,1.0622299614226838,1.0313220212978704,1.0570192646048182
10,2025-03-05,0.91,1.05,0.8898686872620104,0.8888053486723134,0.906971803963691,0.9068642902486895
10,2025-03-06,0.73,0.91,0.789733524160401,0.7517915507067688,0.780585438920005,0.7802090431103054
10,2025-03-07,0.55,0.73,0.561777761093426,0.5871136682398096,0.5798273864052924,0.6036641294608436
10,2025-03-08,0.49,0.55,0.4987006014614039,0.44405874393275013,0.4746948120981202,0.4619971988502524
10,2025-03-09,0.53,0.49,0.5195404463190892,0.44726390960834017,0.5020903600245948,0.48354455953071507
10,2025-03-10,0.53,0.53,0.5309667752259147,0.5432112515486657,0.5402365224667168,0.5692591424998705
10,2025-03-11,0.63,0.53,0.5965455606352695,0.5971593157902498,0.606486076604043,0.6181141175939762
10,2025-03-12,0.72,0.63,0.7811287315106417,0.7438345614419081,0.7952834794456773,0.7709958384797809
10,2025-03-13,0.96,0.72,0.8626054088641477,0.8615494845339094,0.8978856328720567,0.8866885809694667
10,2025-03-14,1.15,0.96,1.1063851920935521,1.1021703038944464,1.132892022494264,1.1175648223597896
10,2025-03-15,1.14,1.15,1.1959325932312006,1.2184743200249197,1.1932823039951703,1.2182647225805228
10,2025-03-16,1.07,1.14,1.1108283698955628,1.138575583268183,1.119996761252753,1.1327438006494928
10,2025-03-17,1.04,1.07,1.0145571734256533,1.0316251787694926,1.0289341849851048,1.037099419601486
10,2025-03-18,1.04,1.04,1.0019046171189474,0.9834385153313724,1.0048113501418794,1.005675048795701
10,2025-03-19,0.98,1.04,0.9936679616982222,0.9669663757505488,0.9877537265789013,0.992986019393868
10,2025-03-20,0.88,0.98,0.8852788994320172,0.8815098342620682,0.8855729204853858,0.8959788943110608
10,2025-03-21,0.74,0.88,0.7639859721596018,0.7634119519317739,0.7663098576785469,0.7721684647633973
10,2025-03-22,0.57,0.74,0.6198228534193684,0.6197126781167291,0.6273889644515798,0.632922817925241
10,2025-03-23,0.48,0.57,0.51677337312204,0.47653790818515046,0.5054659018658797,0.4968408924931189
10,2025-03-24,0.45,0.48,0.4994115584419749,0.42827973029636635,0.5103350058439524,0.47806639838307535
10,2025-03-25,0.5,0.45,0.43597559421689813,0.4540907045562512,0.44105415797274755,0.49620963621673425
10,2025-03-26,0.67,0.5,0.6357703540704367,0.5853016194499965,0.6473328677684748,0.6465701807591574
10,2025-03-27,0.89,0.67,0.8695573616077917,0.8464038673713646,0.9021725514025144,0.8856790611857406
10,2025-03-28,1.21,0.89,1.1185604095980177,1.1111284935602048,1.1668058526533152,1.1297895058697978
10,2025-03-29,1.45,1.21,1.391411245279094,1.4051191660463715,1.4400020074046622,1.417428167703257
10,2025-03-30,1.55,1.45,1.4967197494801718,1.5247454694230314,1.4826273872517561,1.5166851608468341
10,2025-03-31,1.51,1.55,1.5153800448410817,1.524355455825961,1.5244774755704444,1.524939448459196
10,2025-04-01,1.39,1.51,1.374159662450854,1.436831621045646,1.4174506870792112,1.4465603053468115
10,2025-04-02,1.31,1.39,1.2889731167166778,1.2969077222452163,1.3116405885327966,1.3264213061469488
10,2025-04-03,1.14,1.31,1.1106558964386195,1.1683849290500625,1.1642974045188552,1.1808476532621917
10,2025-04-04,0.96,1.14,0.9847128146466848,0.9741878339373139,1.0075188528626076,0.994622906860979
10,2025-04-05,0.83,0.96,0.8461426781208818,0.8133680338147388,0.8391781280740925,0.8420586949662064
10,2025-04-06,0.76,0.83,0.8028701622697624,0.7291414600370733,0.7691146329701831,0.7719976416694888
10,2025-04-07,0.79,0.76,0.8084309858646473,0.7261429971981158,0.7851204641915581,0.7879616771786747
10,2025-04-08,0.89,0.79,0.8962659504280347,0.8691004409813123,0.8723151459162609,0.91806491797459
10,2025-04-09,0.94,0.89,0.9768783803160928,1.0200116285223044,0.9702015004104386,1.0340445528019442
10,2025-04-10,1.02,0.94,1.033144717978002,1.0329490391719258,1.0120816803724297,1.0470562598198379
10,2025-04-11,1.15,1.02,1.1347761031951253,1.087262163427558,1.1415404226486716,1.1420169021992794
10,2025-04-12,1.31,1.15,1.2647079294004726,1.2238271290095515,1.272915497363858,1.2921507188469834
10,2025-04-13,1.32,1.31,1.3310672937645616,1.341690928898726,1.3269302124341946,1.382960194708251
10,2025-04-14,1.29,1.32,1.3003858453600183,1.2970162073729687,1.3056608578636955,1.3342009423102763
10,2025-04-15,1.22,1.29,1.2782679933544594,1.2362756946148963,1.2820606589242696,1.2852205461941646
10,2025-04-16,1.22,1.22,1.2341077644877423,1.1753923166720626,1.2554043206763466,1.2419160214235057
10,2025-04-17,1.22,1.22,1.2100833856753812,1.1810168981226123,1.2288409352220546,1.2378572842476656
10,2025-04-18,1.19,1.22,1.1834169487859882,1.1832054926067777,1.1815144256127674,1.213454223731164
10,2025-04-19,1.15,1.19,1.1541773306533136,1.1159380612652352,1.158532281505104,1.1464260594566513
10,2025-04-20,1.11,1.15,1.1149020068378637,1.072418943242818,1.1213589077296453,1.1264900114137768
10,2025-04-21,1.04,1.11,1.0846875660544402,1.03960270796089,1.0537098476649172,1.0906962460542193
10,2025-04-22,0.97,1.04,1.035288832233278,0.9846133905244545,1.0188982762185883,1.0336842118676273
10,2025-04-23,1.1,0.97,1.0430556592186182,0.9922012111814968,1.0295820339445099,1.044378314706848
10,2025-04-24,1.3,1.1,1.2582736934548633,1.193450520264955,1.2644732244133854,1.2459889294676463
10,2025-04-25,1.48,1.3,1.4401512724681835,1.4225358030908524,1.44829933775313,1.4630332563112132
10,2025-04-26,1.62,1.48,1.6342705504858233,1.5972188117752502,1.629859814436478,1.6298852881515604
10,2025-04-27,1.74,1.62,1.7148853332231686,1.6991612585064317,1.6953681606109046,1.7170273664542217
10,2025-04-28,1.72,1.74,1.7431771346423368,1.7536210282791955,1.731311847045874,1.7733451832884561
10,2025-04-29,1.66,1.72,1.6678767320934074,1.6692864900996867,1.667430947661235,1.7311031662975143
10,2025-04-30,1.63,1.66,1.7349195994943827,1.6492476276889232,1.7330451959052893,1.7674776536841692
10,2025-05-01,1.79,1.63,1.8319633424093906,1.6979632133549218,1.8303531055634947,1.8248556869559849
10,2025-05-02,1.93,1.79,1.944395638730619,1.8545875059740895,1.9353819987286787,1.9568099596974042
10,2025-05-03,1.97,1.93,2.0198967532428136,1.9342597782035658,2.0205357157958965,2.0110015109823087
10,2025-05-04,1.92,1.97,1.8959017899602222,1.9087930766424437,1.9202652230828907,1.9423269721401983
10,2025-05-05,1.83,1.92,1.8134883214580075,1.8192592637434315,1.8325789678453601,1.843240034637689
10,2025-05-06,1.69,1.83,1.7182942486058141,1.7338391125906985,1.7273241113079363,1.764065994241366
10,2025-05-07,1.58,1.69,1.6070161394222549,1.5994096724297908,1.6075647721972615,1.6423959772592
10,2025-05-08,1.55,1.58,1.5713064660038611,1.5176069080910992,1.5669258588027317,1.581695194315456
10,2025-05-09,1.55,1.55,1.506442401602051,1.526063984355206,1.5222944746459859,1.5732814663458958
10,2025-05-10,1.57,1.55,1.574665185684668,1.5671468684382965,1.5876264495374572,1.6175329139769306
10,2025-05-11,1.61,1.57,1.5970910510424374,1.6029609097838005,1.6099407498747356,1.6531469623758694
10,2025-05-12,1.65,1.61,1.6356145034118292,1.6465482500104667,1.6483330340029452,1.6915282347630827
10,2025-05-13,1.7,1.65,1.6731598697943981,1.6732521954351334,1.696622897750138,1.7218519700589878
10,2025-05-14,1.67,1.7,1.7063883546890444,1.7123181559308442,1.723135084389206,1.763248721100594
10,2025-05-15,1.67,1.67,1.7123729312044447,1.6946533222769125,1.7228887756777513,1.7607177940057885
10,2025-05-16,1.7,1.67,1.6922007394522671,1.6842008263750243,1.725140150576243,1.761125235167975
10,2025-05-17,1.79,1.7,1.7875917334890796,1.720766024249104,1.786716570832769,1.807471083738852
10,2025-05-18,1.84,1.79,1.8433224585982726,1.800152246813563,1.8507700304785863,1.8766991156212756
10,2025-05-19,1.88,1.84,1.8791474121091216,1.8197775945126826,1.8926512981240293,1.8933769035592827
10,2025-05-20,1.93,1.88,1.9070519436458981,1.8536655462223273,1.9193676123645111,1.9472426981095918
10,2025-05-21,2.09,1.93,2.09359405085799,1.9597341851035397,2.080898324478616,2.0741696279672883
10,2025-05-22,2.32,2.09,2.3032769902421326,2.2140728330289,2.2904115672843006,2.29501414449989
10,2025-05-23,2.44,2.32,2.4519370159295786,2.4505514905073813,2.4454374255110025,2.466354519268723
10,2025-05-24,2.61,2.44,2.5514566447579106,2.5452601757237736,2.5655772156000727,2.5348961375757546
10,2025-05-25,2.74,2.61,2.701146770594921,2.698990201926922,2.7354033076635544,2.6845942662462026
10,2025-05-26,2.82,2.74,2.8343330030428127,2.8110268314698765,2.8380289323582666,2.803042584007273
10,2025-05-27,2.84,2.82,2.8545929303281006,2.872783712201596,2.8443979911160135,2.851381849733564
10,2025-05-28,2.86,2.84,2.8425950487084326,2.876817010689337,2.826070182657535,2.8458534898347225
10,2025-05-29,3.13,2.86,3.02640375997657,3.000245653928005,3.0153394355073146,2.9749989459702526
10,2025-05-30,3.24,3.13,3.347336532591456,3.300628133333914,3.2956728869848604,3.2489412774080777
10,2025-05-31,2.95,3.24,3.088530325956368,3.2270809512910676,3.047209871189908,3.1604957097943616
10,2025-06-01,2.89,2.95,2.7585001348112206,2.772040908919118,2.799945395844025,2.8051120743655313
10,2025-06-02,2.81,2.89,2.8156641938859583,2.75868137230894,2.8308128744591503,2.8775986106214906
10,2025-06-03,2.89,2.81,2.9247133342101703,2.788147026748828,2.89813583585007,2.942476126983175
10,2025-06-04,3.23,2.89,3.1297039355001544,3.0278923251475995,3.1540636865421825,3.132283589320567
10,2025-06-05,3.65,3.23,3.5178391644301836,3.4707514025249613,3.5538818312427067,3.509634173640445
10,2025-06-06,3.95,3.65,3.8385872354142667,3.8546597654268595,3.890566270369748,3.898493793032408
10,2025-06-07,4.09,3.95,3.994200886811372,4.009194752868634,4.0375890464175175,4.075062995963172
10,2025-06-08,4.03,4.09,4.04093585157433,4.024054066822672,4.051347205664732,4.061973439605296
10,2025-06-09,3.88,4.03,3.9491463608435478,3.909669531653463,3.909085703648285,3.916204060648436
10,2025-06-10,3.71,3.88,3.6969213768373326,3.7599916815696903,3.7049516881162368,3.741605305115941
10,2025-06-11,3.53,3.71,3.580971199372795,3.606543505346119,3.590993830944239,3.5952106970580515
10,2025-06-12,3.38,3.53,3.4438782839778876,3.452875463380496,3.4546899284837362,3.462005167993045
10,2025-06-13,3.23,3.38,3.292917876326561,3.3097627390801563,3.2900035391630165,3.3168247844314416
10,2025-06-14,3.12,3.23,3.196132358116213,3.1747445027545407,3.18413943602582,3.196467128553191
10,2025-06-15,3.07,3.12,3.0982202539468453,3.0804608667533784,3.101550583463446,3.109743307171167
10,2025-06-16,3.05,3.07,3.0493954661906884,3.0323131427688117,3.0373074588761,3.0539165931362846
10,2025-06-17,3.09,3.05,3.0837486619119168,3.025956760689125,3.0534509306252295,3.0398613579250067
10,2025-06-18,3.04,3.09,3.05291615028706,3.0549849958539377,3.0505344742554636,3.0544230555811125
10,2025-06-19,2.98,3.04,2.9951253734591727,2.9980605567931633,3.0061574840455836,3.0170258493916644
10,2025-06-20,2.97,2.98,2.95601938071938,2.9400064073121013,2.9459135436285586,2.973939633668813
10,2025-06-21,2.9,2.97,2.944172802843509,2.9651663760801896,2.965894522183786,3.0118664774066435
10,2025-06-22,2.98,2.9,2.9357194070719266,2.922985562062735,2.935281108063519,2.9811925318051418
10,2025-06-23,3.04,2.98,3.0267949606937345,3.009328824452142,3.0250568797833424,3.071622925389066
10,2025-06-24,3.17,3.04,3.1301540979864275,3.112130673345043,3.1333323320751436,3.1693366475848426
10,2025-06-25,3.31,3.17,3.2941120132465675,3.311682020027303,3.3058686875553573,3.344603365088254
10,2025-06-26,3.48,3.31,3.4984406790763742,3.458635157067906,3.4790339367772183,3.5037401790434193
10,2025-06-27,3.64,3.48,3.6242827464479466,3.588755066229668,3.6289293577352404,3.6656838206974345
10,2025-06-28,3.76,3.64,3.7463959587535673,3.714228985043686,3.7435893320534848,3.7953460560425607
10,2025-06-29,3.81,3.76,3.810217724536202,3.8001199756558535,3.826473289385173,3.8748279688768963
10,2025-06-30,3.9,3.81,3.8470993619663507,3.8062275917251824,3.84872745753349,3.873550432685907
10,2025-07-01,3.9,3.9,3.892497153906308,3.850855115134106,3.888599677371579,3.907166471737021
10,2025-07-02,3.87,3.9,3.8673441546784715,3.8371658313721113,3.8668798348621345,3.8796334994315296
10,2025-07-03,3.82,3.87,3.838081677368087,3.8238855715512514,3.824098916866148,3.8333078267563168
10,2025-07-04,3.69,3.82,3.76867188010599,3.750769940702181,3.7318538016993146,3.747196590276939
10,2025-07-05,3.58,3.69,3.5970334844143457,3.5846793103436467,3.5849258181995176,3.610493615371342
10,2025-07-06,3.51,3.58,3.534999744075855,3.50489177049217,3.5324345638836223,3.5574699475941025
10,2025-07-07,3.54,3.51,3.561962739816708,3.5023371065319093,3.535115828046239,3.566340983461386
10,2025-07-08,3.64,3.54,3.621764323207782,3.5945835787379448,3.6037190016986904,3.6393318051282004
10,2025-07-09,3.75,3.64,3.76936632173056,3.7308622198185954,3.75603512550304,3.763496094358967
10,2025-07-10,3.85,3.75,3.8874518427780433,3.822220704867256,3.854830134354415,3.860359444852541
10,2025-07-11,3.88,3.85,3.883608107041536,3.8603911569054126,3.8766180424174146,3.9162941824903865
10,2025-07-12,3.85,3.88,3.893697819648913,3.8431554397751726,3.8854564334146118,3.908469082773856
10,2025-07-13,3.84,3.85,3.8750818168682177,3.8128374618416743,3.8552917665716095,3.869007680239333
10,2025-07-14,4.0,3.84,3.9546707822416574,3.9042156480809322,3.935369676165214,3.92898141951542
10,2025-07-15,4.02,4.0,4.0638087382427495,4.0431544126571675,4.023727150120995,4.042074511622265
10,2025-07-16,3.95,4.02,3.9526394464611556,3.9204664945681365,3.9328937181414516,3.95844785097372
10,2025-07-17,3.91,3.95,3.942224514195491,3.832698876778523,3.933606741947743,3.9124454657845082
10,2025-07-18,3.9,3.91,3.9725833782067945,3.854199372671627,3.9492742857516543,3.943068932770744
10,2025-07-19,3.93,3.9,3.91337000402104,3.875577756125471,3.912853510774919,3.944136422181375
10,2025-07-20,3.99,3.93,3.973801700929305,3.913301225156678,3.952577547548031,3.9778284059877946
10,2025-07-21,4.06,3.99,4.065608280302923,3.9894138027263466,4.047366417693465,4.047042156490908
10,2025-07-22,4.16,4.06,4.1520683011112895,4.077806585972895,4.158006440076274,4.143347217546894
10,2025-07-23,4.29,4.16,4.245565648450361,4.2078295417316784,4.2592276337211095,4.264318383506001
10,2025-07-24,4.41,4.29,4.4576816173457665,4.366167247073424,4.435331901209303,4.395304735332362
10,2025-07-25,4.57,4.41,4.567072762458538,4.584882021157044,4.554805064444357,4.537622468582222
10,2025-07-26,4.62,4.57,4.657359532554232,4.638463888381765,4.602180012086731,4.627880197197992
10,2025-07-27,4.54,4.62,4.590344908852754,4.548760572842299,4.554233790914581,4.592761463736891
10,2025-07-28,4.5,4.54,4.509604447354816,4.451073221032462,4.490965036929681,4.5012576412561875
10,2025-07-29,4.43,4.5,4.448038713378183,4.420023805259576,4.432364489702042,4.440632851886667
10,2025-07-30,4.35,4.43,4.381827172057391,4.322111277908778,4.367550093915615,4.352317894920616
10,2025-07-31,4.32,4.35,4.341483378543762,4.247771535376558,4.3317169210388204,4.302271814398892
10,2025-08-01,4.27,4.32,4.30934641761298,4.22414853408104,4.279421768181745,4.290990702429291
10,2025-08-02,4.25,4.27,4.248720050973684,4.181189220364721,4.219742610576933,4.244749149596794
10,2025-08-03,4.24,4.25,4.250841544332603,4.201385823714875,4.24261624257264,4.259599210262671
10,2025-08-04,4.29,4.24,4.294550631803811,4.196998782972631,4.281078576377207,4.276209920592096
10,2025-08-05,4.34,4.29,4.337133723753164,4.264700087906196,4.332671009031746,4.354798076431435
10,2025-08-06,4.43,4.34,4.45014846257185,4.352619042057165,4.448720860693011,4.447467313102885
10,2025-08-07,4.56,4.43,4.5973748975807895,4.487928321710175,4.574769513215615,4.558336228385833
10,2025-08-08,4.72,4.56,4.69243424390057,4.639493713590995,4.675280107926808,4.679465463260796
10,2025-08-09,4.83,4.72,4.836060174453241,4.777778158999532,4.813546098129609,4.820895533057588
10,2025-08-10,4.9,4.83,4.886002945930478,4.843422114584428,4.87092616578743,4.900533849484753
10,2025-08-11,4.97,4.9,4.966853674431709,4.868213937216211,4.958101514642379,4.964292416610353
10,2025-08-12,5.05,4.97,5.052064921402103,4.957463321349682,5.040408209398546,5.05008983832134
10,2025-08-13,5.14,5.05,5.126826982291231,5.0568662471794035,5.130845715926347,5.133749174760886
10,2025-08-14,5.23,5.14,5.206994541105687,5.135809987046458,5.197964388956182,5.215638874060995
10,2025-08-15,5.27,5.23,5.24582567265912,5.170235068341737,5.250319596380481,5.273848958406121
10,2025-08-16,5.29,5.27,5.2706627916392375,5.191193695658419,5.283858650014212,5.306794836280726
10,2025-08-17,5.25,5.29,5.276908951736615,5.20743338003624,5.284247553586854,5.3093187463239175
10,2025-08-18,5.2,5.25,5.242075989806827,5.1887791492352635,5.227807355011035,5.248956843721043
10,2025-08-19,5.18,5.2,5.199330390492898,5.1670580138533255,5.182679721567364,5.180273226566868
10,2025-08-20,5.11,5.18,5.145977919608447,5.138487147086266,5.115601162470062,5.119960459467188
10,2025-08-21,5.03,5.11,5.07288402203296,5.0495027690158425,5.022419837226813,5.02372811806005
10,2025-08-22,4.92,5.03,4.975123034239141,4.96151192968562,4.9281730305358735,4.938680197708211
10,2025-08-23,4.89,4.92,4.899548752643042,4.871095118811566,4.862088088029111,4.852449752280375
10,2025-08-24,4.81,4.89,4.861468952910394,4.819789752415381,4.805158845068706,4.83109308363873
10,2025-08-25,4.7,4.81,4.768393830629786,4.71871650441321,4.714769151081865,4.746091562682527
10,2025-08-26,4.64,4.7,4.650771174485209,4.6125550472410675,4.623884882527698,4.644021146041587
10,2025-08-27,4.61,4.64,4.6318404950342895,4.588426940241544,4.6095828951875175,4.624150393118427
10,2025-08-28,4.6,4.61,4.580895073144655,4.547745408137007,4.562555383592855,4.586867599459446
10,2025-08-29,4.58,4.6,4.56020177287036,4.507127921652192,4.560569098002191,4.574860713035533
10,2025-08-30,4.55,4.58,4.54550424361601,4.476775213961717,4.544529101345037,4.56754713494816
10,2025-08-31,4.55,4.55,4.5521067768126,4.472466136900326,4.55052176536194,4.569310630013134
10,2025-09-01,4.56,4.55,4.5570214678415635,4.477747453885027,4.554780600880029,4.578071703948351
10,2025-09-02,4.71,4.56,4.645102986996534,4.555236523231199,4.648308506019682,4.640368725417467
10,2025-09-03,4.8,4.71,4.781955091648556,4.7328541905592685,4.772248880313094,4.7960287080133055
10,2025-09-04,4.87,4.8,4.850036447162606,4.797877143781104,4.84624974559799,4.863789891678476
10,2025-09-05,4.87,4.87,4.891608854490672,4.831240509398651,4.883223418004769,4.9084911755883995
10,2025-09-06,4.86,4.87,4.875825307955102,4.814352683762123,4.86059025929407,4.882744211235458
10,2025-09-07,4.83,4.86,4.861798028137741,4.813577480576018,4.827157866988479,4.8595705118790695
10,2025-09-08,4.8,4.83,4.809664287597014,4.783945360414502,4.787287462592489,4.802816939808778
10,2025-09-09,4.76,4.8,4.788190298234351,4.766004790995375,4.766029654258659,4.775983800162479
10,2025-09-10,4.72,4.76,4.764239883004754,4.737979884372014,4.729596621921317,4.742777451190289
10,2025-09-11,4.74,4.72,4.735554032484428,4.707406418220241,4.7147298341158725,4.7215200878192265
10,2025-09-12,4.74,4.74,4.720803079255248,4.694426774169421,4.705227343531396,4.7265500654347585
10,2025-09-13,4.71,4.74,4.702418353562353,4.633447553521845,4.690332888797933,4.704940179923047
10,2025-09-14,4.67,4.71,4.701632757681145,4.601248878151357,4.692099421366501,4.69964372026551
10,2025-09-15,4.67,4.67,4.678486315849224,4.588771891724124,4.6716494958011126,4.6923144681180755
10,2025-09-16,4.7,4.67,4.650850612546887,4.596265617558436,4.659733582943839,4.6947368559444556
10,2025-09-17,4.73,4.7,4.717950128301653,4.646565637296624,4.733104249599486,4.748553489503624
10,2025-09-18,4.77,4.73,4.7861672711592025,4.701918951301754,4.7947534932142135,4.798404114695494
10,2025-09-19,4.84,4.77,4.839300032093887,4.761552728247793,4.837461089769807,4.844667176450446
10,2025-09-20,4.87,4.84,4.908765019462558,4.833616973532082,4.891977087839805,4.907428017447538
10,2025-09-21,4.91,4.87,4.917049773042884,4.845417378043615,4.896835019245977,4.910014794136533
10,2025-09-22,4.99,4.91,4.997653312893353,4.90893269925632,4.959575860515562,4.955508740588651
10,2025-09-23,4.97,4.99,5.033017931858367,4.999838950977902,4.995467325636903,5.015828309189419
10,2025-09-24,4.94,4.97,4.977266230478764,4.94278459724622,4.943303054211174,4.96393873938644
10,2025-09-25,4.9,4.94,4.925515975104471,4.8841597084817385,4.902686386825997,4.910229971563857
10,2025-09-26,4.88,4.9,4.869219539565691,4.833349379479485,4.843621462001695,4.8562088903863625
10,2025-09-27,4.83,4.88,4.834293325324625,4.804409872760273,4.802514200704594,4.8065549312387255
10,2025-09-28,4.63,4.83,4.68865510819732,4.6527363349328175,4.651827331733718,4.685751369167776
10,2025-09-29,4.43,4.63,4.4794211087621205,4.443193364571037,4.424742765890012,4.478206488484594
10,2025-09-30,4.21,4.43,4.276227868218254,4.261906683493528,4.230420527472884,4.289553171903583
10,2025-10-01,4.15,4.21,4.150570146996562,4.0826711773352065,4.114645893781268,4.108988546920678
10,2025-10-02,4.16,4.15,4.174232799227468,4.140321145118078,4.1515364880199295,4.141142015392805
10,2025-10-03,4.15,4.16,4.131857627668445,4.160713667081894,4.120337552960695,4.14105651843228
10,2025-10-04,4.05,4.15,4.102756058751683,4.105907975592416,4.1002552484354196,4.109009713218124
10,2025-10-05,4.01,4.05,4.0203012166155645,3.9823816194516652,4.00834000206483,4.014632916093135
10,2025-10-06,4.04,4.01,4.037275286802086,3.977953322780497,4.013829218709028,4.02724543996194
10,2025-10-07,4.14,4.04,4.129470566595251,4.073344092232342,4.119240978114986,4.156940398538116
10,2025-10-08,4.34,4.14,4.222900029572917,4.0900970419262235,4.20857502264928,4.224654378656392
10,2025-10-09,4.38,4.34,4.363264707783589,4.2816653484726945,4.351226515292356,4.368855185104409
10,2025-10-10,4.31,4.38,4.346430406023883,4.301339062443886,4.344935422783483,4.346896688053485
10,2025-10-11,4.29,4.31,4.3275014766845645,4.299011243720812,4.3381715764763085,4.32109671861119
10,2025-10-12,4.18,4.29,4.207131215686087,4.221164709087401,4.2241482989952415,4.2615623618704515
10,2025-10-13,4.05,4.18,4.074301150007514,4.036402019722527,4.0713908436073325,4.103628079621477
10,2025-10-14,3.88,4.05,3.91179673307488,3.8915592889746247,3.896862600773693,3.9392995234367394
10,2025-10-15,3.74,3.88,3.7676267587204273,3.7391968198233596,3.7338474846804512,3.7687630374861913
10,2025-10-16,3.63,3.74,3.7041001094630723,3.6390146344602208,3.6639948498542085,3.6661702521714807
10,2025-10-17,3.55,3.63,3.5960227274946184,3.5610749220831743,3.5831657063864957,3.6012971947628
10,2025-10-18,3.52,3.55,3.542626581965462,3.50727704106732,3.522727534758507,3.5493818077587522
10,2025-10-19,3.51,3.52,3.542623659998042,3.495324149237952,3.5211235536347267,3.537793361344132
10,2025-10-20,3.49,3.51,3.4995971201593994,3.4876086217536773,3.4868254386566107,3.520150236180111
10,2025-10-21,3.41,3.49,3.468251905730353,3.4447578801892376,3.4510654695124927,3.4741863410565217
10,2025-10-22,3.31,3.41,3.391673236943043,3.356289799086825,3.3716657822457115,3.379969514378502
10,2025-10-23,3.25,3.31,3.262263793295236,3.248066603589925,3.242407145443007,3.2625276560964793
10,2025-10-24,3.17,3.25,3.207267910173746,3.205257280349894,3.2055303318978248,3.2095204623859637
10,2025-10-25,3.08,3.17,3.1097705913166576,3.118061183493705,3.101053014958016,3.1173023708297074
10,2025-10-26,2.95,3.08,2.9699536341437316,3.00360575765891,2.974134902010372,3.0042239092439096
10,2025-10-27,2.86,2.95,2.851824616560982,2.8502238382921177,2.8598195166135585,2.868500056863962
10,2025-10-28,2.77,2.86,2.7670102275394406,2.764085644055203,2.777026960790599,2.7901242041157697
10,2025-10-29,2.72,2.77,2.7324148913568336,2.7069392458298895,2.719129342606317,2.734979011065455
10,2025-10-30,2.66,2.72,2.6633875910669706,2.6928243137123684,2.6665393204160743,2.708676490799561
10,2025-10-31,2.52,2.66,2.5587007614735837,2.6087934659562895,2.5615456755397306,2.625295497439242
10,2025-11-01,2.52,2.52,2.4910156931627863,2.463661218939785,2.4969657144089896,2.5039198910726124
10,2025-11-02,2.65,2.52,2.6467306021603183,2.5273931269457894,2.63035575853312,2.577875237698717
10,2025-11-03,2.74,2.65,2.788978085009707,2.698793951019933,2.7677846466293663,2.744288083740385
10,2025-11-04,2.95,2.74,2.9326375399462785,2.832051804876411,2.9083303624124475,2.8530970108814873
10,2025-11-05,3.1,2.95,3.100001917423557,3.078039464495479,3.0964009169780304,3.0595716517482843
10,2025-11-06,3.21,3.1,3.1728764209389606,3.1907255814820394,3.156503749809426,3.1636355215721537
10,2025-11-07,3.19,3.21,3.208647520283691,3.216359758526668,3.1906537433477866,3.2154374287811778
10,2025-11-08,3.06,3.19,3.140665866279812,3.1388894080684246,3.1320356633730486,3.1485142481107
10,2025-11-09,2.95,3.06,2.9594814806508456,2.9732590178936085,2.9545940292156736,2.985670325875572
10,2025-11-10,2.9,2.95,2.8602657242766107,2.8427603702937474,2.8729909736767847,2.8632767007597777
10,2025-11-11,2.75,2.9,2.779855830464201,2.7937164996971173,2.7926124723255477,2.8053136842036275
10,2025-11-12,2.61,2.75,2.6264737976284973,2.651830823982614,2.6287980257090013,2.6589352232216275
10,2025-11-13,2.47,2.61,2.5099279706255073,2.5149734871737484,2.510998252046747,2.5327410257058087
10,2025-11-14,2.38,2.47,2.3980772063262474,2.3850516568155755,2.3950449635395006,2.4135867741743913
10,2025-11-15,2.34,2.38,2.3321564116938145,2.312128816522419,2.3363626955718217,2.3493317305287733
10,2025-11-16,2.3,2.34,2.3154394418913222,2.29476484895182,2.3160574633134856,2.330182520494473
10,2025-11-17,2.3,2.3,2.298009564345863,2.2739844246565437,2.3021663975473636,2.3049904214470875
10,2025-11-18,2.33,2.3,2.3157557605895667,2.2888085762533863,2.3089497153715874,2.312292301526553
10,2025-11-19,2.33,2.33,2.328455096496284,2.3288140810521196,2.325127632837782,2.3422788758028257
10,2025-11-20,2.32,2.33,2.3315098456961643,2.3030515817970354,2.3249370276955243,2.3266333810208244
10,2025-11-21,2.26,2.32,2.299615730130953,2.2827487372259347,2.3003944531034386,2.3061021173387983
10,2025-11-22,2.18,2.26,2.198692246429327,2.2231263809205246,2.2101089659722546,2.2355717856708
10,2025-11-23,2.12,2.18,2.110087330464736,2.1387697356787925,2.1287659011908495,2.143961214226174
10,2025-11-24,2.02,2.12,2.019963274021941,2.062750381012629,2.040455247969941,2.067766095816299
10,2025-11-25,1.9,2.02,1.9317873768616625,1.9368661944310464,1.9512443342614239,1.9614640949937578
10,2025-11-26,1.87,1.9,1.8802035498281595,1.8375014264048728,1.8785960094088157,1.860899903855102
10,2025-11-27,1.8,1.87,1.8343918812449056,1.8168789457797672,1.834600496380937,1.8371979434862806
10,2025-11-28,1.74,1.8,1.764362498871218,1.7497026226115053,1.7662115216771845,1.7727752671987478
10,2025-11-29,1.69,1.74,1.700385714479957,1.6890415319819434,1.704451646478926,1.7142282394419144
10,2025-11-30,1.68,1.69,1.6782633673153766,1.6583106655801434,1.6771019454788163,1.677512673510784
10,2025-12-01,1.71,1.68,1.693429520691473,1.6676471428041761,1.6942514664713773,1.685022504209286
10,2025-12-02,1.74,1.71,1.7540415674213885,1.7260608595127522,1.7517632891304862,1.739709689881981
10,2025-12-03,1.77,1.74,1.7799698578897543,1.7711490433165282,1.7752643484635353,1.779266973820726
10,2025-12-04,1.79,1.77,1.7865576991222387,1.8000866919276515,1.785174546317946,1.806034049766371
10,2025-12-05,1.86,1.79,1.7966459653418738,1.7990722437556388,1.7980254357005592,1.8124807500445297
10,2025-12-06,1.81,1.86,1.8043533075285592,1.8430616228259797,1.807910032593135,1.8506773254033364
10,2025-12-07,1.71,1.81,1.7971212543822337,1.78558161950964,1.8097020491699463,1.8026369498733399
10,2025-12-08,1.64,1.71,1.647081519523375,1.6607801560377773,1.6556573625924864,1.6715798274285303
10,2025-12-09,1.64,1.64,1.59885565960626,1.584609893074098,1.6091909707994165,1.5951469597370533
10,2025-12-10,1.53,1.64,1.5576345984042121,1.5695400675120308,1.5811413379983934,1.5841285872443587
10,2025-12-11,1.43,1.53,1.458164975661264,1.463789102074733,1.4684561915665182,1.4799890189392795
10,2025-12-12,1.37,1.43,1.381144678866996,1.3705755604795289,1.3871653621149125,1.385613092804218
10,2025-12-13,1.29,1.37,1.348417183695348,1.3153958497639682,1.3424979745285184,1.3357496752632532
10,2025-12-14,1.24,1.29,1.2818555257357187,1.245794829532096,1.2719819456515085,1.273087900499335
10,2025-12-15,1.21,1.24,1.240464842061009,1.2023807275399678,1.2380017326507653,1.2376394861061597
10,2025-12-16,1.22,1.21,1.2105700255465337,1.1914103899196997,1.21456183084931,1.22601057881568
10,2025-12-17,1.24,1.22,1.2336937130385521,1.2051174491030823,1.2338722325667166,1.2405206576176921
10,2025-12-18,1.26,1.24,1.2634025616003992,1.2529364938554124,1.2654460500070632,1.2814191410272295
10,2025-12-19,1.33,1.26,1.3160229685663045,1.2938382504332917,1.3142899160101778,1.316041956514919
10,2025-12-20,1.39,1.33,1.3613538930299085,1.366056928218147,1.3699039946057072,1.3880011324208945
10,2025-12-21,1.36,1.39,1.3687097627044436,1.40093514618545,1.3805643715847429,1.4227839479019606
10,2025-12-22,1.31,1.36,1.3346667118268516,1.3380559522309328,1.343569987732671,1.366992745291869
10,2025-12-23,1.29,1.31,1.3148606515196493,1.2781526943141126,1.3270074177233269,1.315025087879068
10,2025-12-24,1.28,1.29,1.260131626171771,1.2634467953736228,1.271944924785358,1.2859485599207825
10,2025-12-25,1.22,1.28,1.2303002314884164,1.2258837154210394,1.2394905097759212,1.2445192329364132
10,2025-12-26,1.14,1.22,1.1617856133311355,1.1540249725550753,1.1757488255810622,1.1720225873343895
10,2025-12-27,1.11,1.14,1.1155949474659346,1.090117043497426,1.1118690869176298,1.103502775887059
10,2025-12-28,1.06,1.11,1.0761550729755207,1.0758759232717614,1.0649060918149897,1.0757320893611124
10,2025-12-29,1.0,1.06,1.0202118619920337,1.0241808908705607,1.0106359713702942,1.021706390780923
10,2025-12-30,0.97,1.0,0.9824756941181204,0.9814639857325963,0.9788671499222162,0.9873008791987634
10,2025-12-31,1.01,0.97,0.9784855722502878,0.9608725125175316,0.9950660648419717,0.9834204737844298
