target,span,phase,Date,WL_obs,persistence,ridge,tgcn,lstm,custom,common_start
Baruria,S6,lead,2017-06-03,4.98,,,,,,
Baruria,S6,lead,2017-06-04,4.99,,,,,,
Baruria,S6,lead,2017-06-05,5.03,,,,,,
Baruria,S6,lead,2017-06-06,5.18,,,,,,
Baruria,S6,lead,2017-06-07,5.46,,,,,,
Baruria,S6,lead,2017-06-08,5.8,,,,,,
Baruria,S6,lead,2017-06-09,6.01,,,,,,
Baruria,S6,lead,2017-06-10,6.08,,,,,,
Baruria,S6,lead,2017-06-11,5.97,,,,,,
Baruria,S6,lead,2017-06-12,5.84,,,,,,
Baruria,S6,lead,2017-06-13,5.61,,,,,,
Baruria,S6,lead,2017-06-14,5.43,,,,,,
Baruria,S6,lead,2017-06-15,5.33,,,,,,
Baruria,S6,lead,2017-06-16,5.35,,,,,,
Baruria,S6,lead,2017-06-17,5.38,,,,,,
Baruria,S6,lead,2017-06-18,5.47,,,,,,
Baruria,S6,lead,2017-06-19,5.65,,,,,,
Baruria,S6,lead,2017-06-20,5.95,,,,,,
Baruria,S6,lead,2017-06-21,6.13,,,,,,
Baruria,S6,lead,2017-06-22,6.34,,,,,,
Baruria,S6,lead,2017-06-23,6.43,,,,,,
Baruria,S6,lead,2017-06-24,6.46,,,,,,
Baruria,S6,lead,2017-06-25,6.5,,,,,,
Baruria,S6,lead,2017-06-26,6.53,,,,,,
Baruria,S6,lead,2017-06-27,6.43,,,,,,
Baruria,S6,lead,2017-06-28,6.37,,,,,,
Baruria,S6,lead,2017-06-29,6.31,,,,,,
Baruria,S6,lead,2017-06-30,6.25,,,,,,
Baruria,S6,lead,2017-07-01,6.25,,,,,,
Baruria,S6,lead,2017-07-02,6.31,,,,,,
Baruria,S6,lead,2017-07-03,6.44,,,,,,
Baruria,S6,lead,2017-07-04,6.55,,,,,,
Baruria,S6,lead,2017-07-05,6.63,,,,,,
Baruria,S6,lead,2017-07-06,6.78,,,,,,
Baruria,S6,lead,2017-07-07,6.98,,,,,,
Baruria,S6,lead,2017-07-08,7.1,,,,,,
Baruria,S6,lead,2017-07-09,7.21,,,,,,
Baruria,S6,test,2017-08-02,6.83,6.76,6.756041309783856,6.782138187247612,6.8258665095587965,6.797355545255755,2017-08-02
Baruria,S6,test,2017-08-03,6.91,6.83,6.779984793852874,6.852107683241827,6.896039783467469,6.867656488182637,2017-08-02
Baruria,S6,test,2017-08-04,6.89,6.91,6.803031830804962,6.9320957495709115,6.976054890887707,6.946774817552973,2017-08-02
Baruria,S6,test,2017-08-05,6.9,6.89,6.780322705951396,6.912030731391355,6.9563154955207125,6.927561252495027,2017-08-02
Baruria,S6,test,2017-08-06,6.94,6.9,6.841474212265259,6.921939382896447,6.966559165576853,6.938620691366508,2017-08-02
Baruria,S6,test,2017-08-07,6.98,6.94,6.912322250125451,6.961841449488567,7.006673343459518,6.978908737227165,2017-08-02
Baruria,S6,test,2017-08-08,7.02,6.98,6.960377691904092,7.001769974439724,7.046829603964433,7.018470252847639,2017-08-02
Baruria,S6,test,2017-08-09,7.04,7.02,6.9973502195454085,7.041725880731434,7.086971773529192,7.0576431583021,2017-08-02
Baruria,S6,test,2017-08-10,7.09,7.04,7.016677585500157,7.0616900778513845,7.107466681556434,7.077497324153914,2017-08-02
Baruria,S6,test,2017-08-11,7.22,7.09,7.121404793988223,7.111613200959817,7.158395825714005,7.128922536334435,2017-08-02
Baruria,S6,test,2017-08-12,7.34,7.22,7.326223871889698,7.241519872589515,7.289652852121563,7.261130407502257,2017-08-02
Baruria,S6,test,2017-08-13,7.73,7.34,7.565920727657939,7.361391583759871,7.411348100285726,7.383549529400395,2017-08-02
Baruria,S6,test,2017-08-14,8.16,7.73,8.048958691409654,7.751167367539991,7.803403878103502,7.775338394299897,2017-08-02
Baruria,S6,test,2017-08-15,8.47,8.16,8.46699170564862,8.180820443060822,8.234827555760555,8.206012131064055,2017-08-02
Baruria,S6,test,2017-08-16,8.69,8.47,8.631194385301647,8.490624870212013,8.545592522045704,8.514941579735133,2017-08-02
Baruria,S6,test,2017-08-17,8.84,8.69,8.7420246207363,8.710458656711848,8.765847177182499,8.73377829383847,2017-08-02
Baruria,S6,test,2017-08-18,8.93,8.84,8.826266755358382,8.860313881991729,8.91595113077737,8.882267099393612,2017-08-02
Baruria,S6,test,2017-08-19,8.93,8.93,8.858674753750535,8.950192337862893,9.005864173647145,8.970231195822175,2017-08-02
Baruria,S6,test,2017-08-20,8.83,8.93,8.74218722062374,8.95009557498765,9.005669295702054,8.968326566098657,2017-08-02
Baruria,S6,test,2017-08-21,8.71,8.83,8.627748802871505,8.850085895419006,8.905342816597388,8.865942384252902,2017-08-02
Baruria,S6,test,2017-08-22,8.59,8.71,8.509902237088601,8.730126802706984,8.784763005207187,8.744146398257525,2017-08-02
Baruria,S6,test,2017-08-23,8.5,8.59,8.385661254235842,8.610165368929687,8.664182254830003,8.623466730670193,2017-08-02
Baruria,S6,test,2017-08-24,8.35,8.5,8.30644289850875,8.520243367803994,8.573721167406598,8.53243169412304,2017-08-02
Baruria,S6,test,2017-08-25,8.21,8.35,8.143030653584576,8.37032088251314,8.423148425628044,8.38182787667702,2017-08-02
Baruria,S6,test,2017-08-26,8.06,8.21,8.012478118704749,8.23045720074851,8.282345030767146,8.24038191648543,2017-08-02
Baruria,S6,test,2017-08-27,7.99,8.06,7.892744628011535,8.080584979270744,8.131713587097035,8.089957787269524,2017-08-02
Baruria,S6,test,2017-08-28,7.89,7.99,7.838998113279063,8.01068671530914,8.061641847424587,8.020218470596042,2017-08-02
Baruria,S6,test,2017-08-29,7.79,7.89,7.747935669884231,7.9107922622475435,7.961072407305654,7.920140526407056,2017-08-02
Baruria,S6,test,2017-08-30,7.68,7.79,7.599292489531034,7.810963413698851,7.860285613574541,7.818744523790751,2017-08-02
Baruria,S6,test,2017-08-31,7.52,7.68,7.501350972244065,7.701151629371252,7.7494233813091915,7.707569371979619,2017-08-02
Baruria,S6,test,2017-09-01,7.37,7.52,7.354667052221147,7.541302122575441,7.588966135196167,7.5480408672200925,2017-08-02
Baruria,S12,lead,2017-04-03,2.51,,,,,,
Baruria,S12,lead,2017-04-04,2.54,,,,,,
Baruria,S12,lead,2017-04-05,2.55,,,,,,
Baruria,S12,lead,2017-04-06,2.6,,,,,,
Baruria,S12,lead,2017-04-07,2.64,,,,,,
Baruria,S12,lead,2017-04-08,2.73,,,,,,
Baruria,S12,lead,2017-04-09,2.87,,,,,,
Baruria,S12,lead,2017-04-10,3.04,,,,,,
Baruria,S12,lead,2017-04-11,3.2,,,,,,
Baruria,S12,lead,2017-04-12,3.35,,,,,,
Baruria,S12,lead,2017-04-13,3.43,,,,,,
Baruria,S12,lead,2017-04-14,3.42,,,,,,
Baruria,S12,lead,2017-04-15,3.35,,,,,,
Baruria,S12,lead,2017-04-16,3.31,,,,,,
Baruria,S12,lead,2017-04-17,3.29,,,,,,
Baruria,S12,lead,2017-04-18,3.28,,,,,,
Baruria,S12,lead,2017-04-19,3.26,,,,,,
Baruria,S12,lead,2017-04-20,3.35,,,,,,
Baruria,S12,lead,2017-04-21,3.3,,,,,,
Baruria,S12,test,2017-06-02,4.97,4.94,5.04665603817727,4.917979610747092,4.924401384696865,4.917816351939206,2017-08-02
Baruria,S12,test,2017-06-03,4.98,4.97,5.051103945072549,4.947787841771658,4.949793639661112,4.947551241264615,2017-08-02
Baruria,S12,test,2017-06-04,4.99,4.98,5.0684714364880765,4.957601916495165,4.956527995524841,4.957353659897522,2017-08-02
Baruria,S12,test,2017-06-05,5.03,4.99,5.106645884837257,4.967482371288202,4.965222378038925,4.967213281165189,2017-08-02
Baruria,S12,test,2017-06-06,5.18,5.03,5.286005147872199,5.007306968191866,5.0051068450551925,5.006993410158221,2017-08-02
Baruria,S12,test,2017-06-07,5.46,5.18,5.676456477323295,5.1567586680315785,5.153357870869308,5.1564815906394985,2017-08-02
Baruria,S12,test,2017-06-08,5.8,5.46,5.892665712926284,5.43600549419146,5.430307992247179,5.435858193289715,2017-08-02
Baruria,S12,test,2017-06-09,6.01,5.8,6.101142086894749,5.775316444992453,5.764854901160277,5.775293779502197,2017-08-02
Baruria,S12,test,2017-06-10,6.08,6.01,6.204528985514107,5.984780514467791,5.968058832080963,5.9848758495291,2017-08-02
Baruria,S12,test,2017-06-11,5.97,6.08,6.130271197839817,6.054559934807561,6.032092351708902,6.054546794067182,2017-08-02
Baruria,S12,test,2017-06-12,5.84,5.97,6.00431428002472,5.944376391330007,5.918444211567078,5.94442143744691,2017-08-02
Baruria,S12,test,2017-06-13,5.61,5.84,5.822670766857811,5.8142758628479925,5.783600864595978,5.814343116423168,2017-08-02
Baruria,S12,test,2017-06-14,5.43,5.61,5.562799910804249,5.584275182893069,5.550745489607323,5.58443214763379,2017-08-02
Baruria,S12,test,2017-06-15,5.33,5.43,5.478346084480081,5.4043762297388005,5.370604998853639,5.404648659793878,2017-08-02
Baruria,S12,test,2017-06-16,5.35,5.33,5.475124106432916,5.3044951895649035,5.272925483795417,5.304898906849497,2017-08-02
Baruria,S12,test,2017-06-17,5.38,5.35,5.509416068348191,5.324722332502268,5.296123333979867,5.325058305078776,2017-08-02
Baruria,S12,test,2017-06-18,5.47,5.38,5.562209256630285,5.354923583832307,5.329315036686954,5.355160657698857,2017-08-02
Baruria,S12,test,2017-06-19,5.65,5.47,5.725458975609652,5.444904679128709,5.422994049717392,5.4451365876206586,2017-08-02
Baruria,S12,test,2017-06-20,5.95,5.65,6.023702172372466,5.624723058928932,5.604734902110754,5.625040695061535,2017-08-02
Baruria,S12,test,2017-06-21,6.13,5.95,6.31044952834385,5.92458961508459,5.903713732271733,5.924827152853241,2017-08-02
Baruria,S12,test,2017-06-22,6.34,6.13,6.461424530197479,6.104438853913436,6.081943815311123,6.104632054218442,2017-08-02
Baruria,S12,test,2017-06-23,6.43,6.34,6.577353446010041,6.314298779774819,6.288858927326395,6.314363013176108,2017-08-02
Baruria,S12,test,2017-06-24,6.46,6.43,6.61342590936977,6.40421679025566,6.375898165846839,6.404123444347857,2017-08-02
Baruria,S12,test,2017-06-25,6.5,6.46,6.653577100047392,6.434139027871144,6.403153019215156,6.433948947368909,2017-08-02
Baruria,S12,test,2017-06-26,6.53,6.5,6.669048259652053,6.474064277833693,6.440785561617521,6.473810733730457,2017-08-02
Baruria,S12,test,2017-06-27,6.43,6.53,6.616057012771251,6.503986556376919,6.468193160581795,6.503668388835901,2017-08-02
Baruria,S12,test,2017-06-28,6.37,6.43,6.443194762461184,6.403928285218268,6.366191165874272,6.403595615233375,2017-08-02
Baruria,S12,test,2017-06-29,6.31,6.37,6.371679453707168,6.343912601903036,6.304103564352617,6.343569062748998,2017-08-02
Baruria,S12,test,2017-06-30,6.25,6.31,6.364367124452768,6.283930111965273,6.243779727096329,6.283609695518185,2017-08-02
Baruria,S12,test,2017-07-01,6.25,6.25,6.33541011245359,6.223965191769248,6.184177466484646,6.2236982002121515,2017-08-02
Baruria,S12,test,2017-07-02,6.31,6.25,6.390569822889712,6.224003198314453,6.185424694920446,6.2237917127659825,2017-08-02
Baruria,S12,test,2017-07-03,6.44,6.31,6.491113748772565,6.284036107643608,6.2461081445194395,6.283837141581738,2017-08-02
Baruria,S12,test,2017-07-04,6.55,6.44,6.63708091248451,6.414055705346828,6.37726945535116,6.41383291281651,2017-08-02
Baruria,S12,test,2017-07-05,6.63,6.55,6.741450225969351,6.524056520477443,6.487972940303017,6.523790030325956,2017-08-02
Baruria,S12,test,2017-07-06,6.78,6.63,6.879032589613946,6.604043993000964,6.56909870661337,6.603763702699574,2017-08-02
Baruria,S12,test,2017-07-07,6.98,6.78,7.088422129880958,6.754032767385425,6.720529559403857,6.753703721054795,2017-08-02
Baruria,S12,test,2017-07-08,7.1,6.98,7.279132833861821,6.953997571320574,6.920999257916319,6.953574740943321,2017-08-02
Baruria,S12,test,2017-07-09,7.21,7.1,7.3464764643472,7.073955556465549,7.041557460144394,7.073457339143427,2017-08-02
Baruria,S12,test,2017-07-10,7.3,7.21,7.433973906070968,7.183909934914369,7.151999860015707,7.183355851876052,2017-08-02
Baruria,S12,test,2017-07-11,7.4,7.3,7.5890885222700355,7.273856700476979,7.242798715086503,7.273277587922867,2017-08-02
Baruria,S12,test,2017-07-12,7.52,7.4,7.725862183452957,7.373804041147746,7.344256272984345,7.373195558943496,2017-08-02
Baruria,S12,test,2017-07-13,7.66,7.52,7.844865288441378,7.4937531862264715,7.466676255387756,7.4930986948804295,2017-08-02
Baruria,S12,test,2017-07-14,7.81,7.66,7.920346721655015,7.633705637321047,7.609573090994796,7.633004850012898,2017-08-02
Baruria,S12,test,2017-07-15,7.95,7.81,8.084674100790444,7.783657775668968,7.761161533693193,7.7828740475570015,2017-08-02
Baruria,S12,test,2017-07-16,7.95,7.95,8.121230273671719,7.923618588252406,7.9021883973801765,7.922738053963225,2017-08-02
Baruria,S12,test,2017-07-17,7.82,7.95,7.9792784555083065,7.92358122627838,7.902173497888282,7.922626868777596,2017-08-02
Baruria,S12,test,2017-07-18,7.64,7.82,7.784012046909106,7.793560230509567,7.772491115106072,7.792584789514372,2017-08-02
Baruria,S12,test,2017-07-19,7.45,7.64,7.5570818071491495,7.613558596824103,7.593709502365093,7.612611656702107,2017-08-02
Baruria,S12,test,2017-07-20,7.33,7.45,7.415673150501339,7.4235666369242,7.405283803957772,7.4226875201046,2017-08-02
Baruria,S12,test,2017-07-21,7.25,7.33,7.265843488573849,7.30357074959161,7.285628490882246,7.302731749134183,2017-08-02
Baruria,S12,test,2017-07-22,7.1,7.25,7.1559149662012524,7.2235950192536995,7.20700685327235,7.222782281036103,2017-08-02
Baruria,S12,test,2017-07-23,7.01,7.1,7.014155362034441,7.073633536988037,7.05983042332866,7.072887061274628,2017-08-02
Baruria,S12,test,2017-07-24,7.0,7.01,7.004649422846915,6.983664719362132,6.9728936483082355,6.98300224107314,2017-08-02
Baruria,S12,test,2017-07-25,7.06,7.0,7.097117631261454,6.973692404452481,6.965473652640587,6.97311178654013,2017-08-02
Baruria,S12,test,2017-07-26,6.96,7.06,7.055113504975488,7.033699507943204,7.026025420897105,7.03312038038769,2017-08-02
Baruria,S12,test,2017-07-27,6.84,6.96,6.877595998147062,6.933678258455001,6.924418975046854,6.933078721163767,2017-08-02
Baruria,S12,test,2017-07-28,6.74,6.84,6.775646791330646,6.813671374441334,6.8028967098990405,6.813070358859609,2017-08-02
Baruria,S12,test,2017-07-29,6.67,6.74,6.739343532987354,6.7136859427609386,6.702305195749794,6.713127564429429,2017-08-02
Baruria,S12,test,2017-07-30,6.57,6.67,6.72485497558457,6.643731388860918,6.632711866843369,6.643235531813983,2017-08-02
Baruria,S12,test,2017-07-31,6.66,6.57,6.680545271547276,6.543789992822448,6.534570329751804,6.543389516330208,2017-08-02
Baruria,S12,test,2017-08-01,6.76,6.66,6.801203450834202,6.633846638285512,6.6278536067335425,6.633474451016235,2017-08-02
Baruria,S12,test,2017-08-02,6.83,6.76,6.852530370264844,6.733892301090552,6.731451013106731,6.733498085075378,2017-08-02
Baruria,S12,test,2017-08-03,6.91,6.83,6.908675340354453,6.803917874733344,6.804666321908388,6.8034662592715165,2017-08-02
Baruria,S12,test,2017-08-04,6.89,6.91,6.944121628882835,6.883922494839536,6.8870932611311915,6.883383076488536,2017-08-02
Baruria,S12,test,2017-08-05,6.9,6.89,6.959453199035351,6.863927344858545,6.8700402852384554,6.863359606140363,2017-08-02
Baruria,S12,test,2017-08-06,6.94,6.9,7.020773142309939,6.873929125133812,6.882233196287288,6.873350723352726,2017-08-02
Baruria,S12,test,2017-08-07,6.98,6.94,7.05394090141312,6.91391594721604,6.923057582116429,6.913320516395984,2017-08-02
Baruria,S12,test,2017-08-08,7.02,6.98,7.073399267644121,6.953891512212393,6.962973722965817,6.953278933483548,2017-08-02
Baruria,S12,test,2017-08-09,7.04,7.02,7.091498641717613,6.9938621388119016,7.002921941218694,6.993225127688349,2017-08-02
Baruria,S12,test,2017-08-10,7.09,7.04,7.139119279110614,7.013836863077418,7.023776066189068,7.013197246275283,2017-08-02
Baruria,S12,test,2017-08-11,7.22,7.09,7.262181043283463,7.063821951682236,7.076399226950646,7.063198004498401,2017-08-02
Baruria,S12,test,2017-08-12,7.34,7.22,7.46510596846533,7.193802027372371,7.210304455032719,7.1931924337597835,2017-08-02
Baruria,S12,test,2017-08-13,7.73,7.34,7.738463204260012,7.313784608623024,7.334905425141096,7.313215095336631,2017-08-02
Baruria,S12,test,2017-08-14,8.16,7.73,8.24511158936278,7.703768550924937,7.729831083916946,7.703143579732245,2017-08-02
Baruria,S12,test,2017-08-15,8.47,8.16,8.600925865930886,8.13372392761933,8.16342858355973,8.132978013806321,2017-08-02
Baruria,S12,test,2017-08-16,8.69,8.47,8.751655386868975,8.443649261883246,8.47449278117464,8.442718540072194,2017-08-02
Baruria,S12,test,2017-08-17,8.84,8.69,8.920063149458233,8.663563187090546,8.69397232997873,8.662509218313133,2017-08-02
Baruria,S12,test,2017-08-18,8.93,8.84,9.057150192250269,8.813480225089094,8.842627765914004,8.81233908217699,2017-08-02
Baruria,S12,test,2017-08-19,8.93,8.93,9.072407518320368,8.903404933044408,8.930551498931122,8.902203633199386,2017-08-02
Baruria,S12,test,2017-08-20,8.83,8.93,8.95862471726869,8.903338655864937,8.92899472435879,8.902099812072342,2017-08-02
Baruria,S12,test,2017-08-21,8.71,8.83,8.819341854382838,8.803287095225459,8.828586730451228,8.802049421379285,2017-08-02
Baruria,S12,test,2017-08-22,8.59,8.71,8.700128453985366,8.683254781875982,8.709684262163295,8.68204488312858,2017-08-02
Baruria,S12,test,2017-08-23,8.5,8.59,8.593909697640022,8.563241702771803,8.591153906300677,8.562080351338457,2017-08-02
Baruria,S12,test,2017-08-24,8.35,8.5,8.460241835984352,8.473239722423468,8.502639086348196,8.472112724693552,2017-08-02
Baruria,S12,test,2017-08-25,8.21,8.35,8.27783073076053,8.32324965123289,8.35371051863458,8.3221727048708,2017-08-02
Baruria,S12,test,2017-08-26,8.06,8.21,8.13242095231677,8.183269890572234,8.213878157363142,8.182222568231909,2017-08-02
Baruria,S12,test,2017-08-27,7.99,8.06,8.017909500763928,8.03330196455149,8.063875900304135,8.032293818050556,2017-08-02
Baruria,S12,test,2017-08-28,7.89,7.99,7.956351267479467,7.9633385250918325,7.993960159600881,7.962355703732182,2017-08-02
Baruria,S12,test,2017-08-29,7.79,7.89,7.857703737966326,7.8633770110297165,7.893391595642441,7.862423867501215,2017-08-02
Baruria,S12,test,2017-08-30,7.68,7.79,7.694419444940727,7.763406626735488,7.792134883710625,7.762477355331881,2017-08-02
Baruria,S12,test,2017-08-31,7.52,7.68,7.58553906815665,7.653445218172375,7.6805774701111105,7.652516203749332,2017-08-02
Baruria,S12,test,2017-09-01,7.37,7.52,7.4462471283394835,7.493495585058855,7.519478784432379,7.49259981994243,2017-08-02
Baruria,S36,test,2016-09-01,7.1,7.11,7.115014604878832,7.136147139040776,7.214115968220429,7.1090043486260255,2017-08-02
Baruria,S36,test,2016-09-02,7.15,7.1,7.148436038180462,7.136533457703803,7.210334639175947,7.1138242529348465,2017-08-02
Baruria,S36,test,2016-09-03,7.12,7.15,7.135888979541117,7.161981631376324,7.252066837015303,7.144209929539094,2017-08-02
Baruria,S36,test,2016-09-04,7.11,7.12,7.112954567820297,7.112613855077137,7.222535592039093,7.110197725504484,2017-08-02
Baruria,S36,test,2016-09-05,7.09,7.11,7.090872304398886,7.100126997312402,7.20935698077395,7.083098283210808,2017-08-02
Baruria,S36,test,2016-09-06,7.07,7.09,7.06486465150693,7.075211111789969,7.172089356490758,7.039708679197111,2017-08-02
Baruria,S36,test,2016-09-07,6.99,7.07,6.998092184466126,7.029409428470331,7.121125956562859,6.987057839798868,2017-08-02
Baruria,S36,test,2016-09-08,6.94,6.99,6.956333322232932,6.9142001506168596,7.037834058130837,6.947315709160343,2017-08-02
Baruria,S36,test,2016-09-09,7.01,6.94,6.979646989506781,6.837257057055509,6.997693566548389,6.955497899956106,2017-08-02
Baruria,S36,test,2016-09-10,7.03,7.01,7.013113129721556,6.93300051709177,7.078986172155001,7.037495560516294,2017-08-02
Baruria,S36,test,2016-09-11,7.05,7.03,7.047318741081698,6.965811433158593,7.091828230201128,7.044830502411223,2017-08-02
Baruria,S36,test,2016-09-12,7.09,7.05,7.067026500881484,6.998932233396808,7.101642467284644,7.061413263531935,2017-08-02
Baruria,S36,test,2016-09-13,7.15,7.09,7.137864574353279,7.073675621868122,7.143707020198005,7.132795876655579,2017-08-02
Baruria,S36,test,2016-09-14,7.2,7.15,7.204870186753588,7.176303683807497,7.209919309205745,7.215059859433523,2017-08-02
Baruria,S36,test,2016-09-15,7.26,7.2,7.257024505662805,7.2504510869673275,7.258652137663122,7.260614324421826,2017-08-02
Baruria,S36,test,2016-09-16,7.27,7.26,7.281222816600855,7.318060768348492,7.291610957625021,7.269219883041148,2017-08-02
Baruria,S36,test,2016-09-17,7.19,7.27,7.214404643753601,7.313686471713279,7.2494161479318,7.210772895572137,2017-08-02
Baruria,S36,test,2016-09-18,7.12,7.19,7.1077298567549505,7.21046377953441,7.124162628492562,7.084037210925852,2017-08-02
Baruria,S36,test,2016-09-19,7.04,7.12,7.014672761440017,7.1079339179737735,7.030416954717309,6.999518602656288,2017-08-02
Baruria,S36,test,2016-09-20,7.0,7.04,6.990241790202293,7.009294516436412,6.955921944218698,6.961934146693736,2017-08-02
Baruria,S36,test,2016-09-21,6.88,7.0,6.908494285087461,6.93720704299901,6.918474545877494,6.918619397867141,2017-08-02
Baruria,S36,test,2016-09-22,6.79,6.88,6.7871498860654205,6.793829886741054,6.810499104301265,6.800227057194981,2017-08-02
Baruria,S36,test,2016-09-23,6.73,6.79,6.739059536582354,6.69660981431934,6.753871178137683,6.7458755775604615,2017-08-02
Baruria,S36,test,2016-09-24,6.71,6.73,6.736853134777118,6.643834054511061,6.735218805349777,6.73090901951916,2017-08-02
Baruria,S36,test,2016-09-25,6.73,6.71,6.730533332374541,6.635685401884136,6.733327599466658,6.710330270218506,2017-08-02
Baruria,S36,test,2016-09-26,6.76,6.73,6.752126730549613,6.683876234980272,6.7710380649002495,6.75178458693577,2017-08-02
Baruria,S36,test,2016-09-27,6.82,6.76,6.785364595296783,6.750722140721024,6.827149875391297,6.808162858134868,2017-08-02
Baruria,S36,test,2016-09-28,6.87,6.82,6.860389324152547,6.83495470219723,6.893683343275107,6.866658659261101,2017-08-02
Baruria,S36,test,2016-09-29,6.91,6.87,6.9373755109259845,6.914783541646197,6.943255421846065,6.914168615718199,2017-08-02
Baruria,S36,test,2016-09-30,7.0,6.91,6.998336261085855,6.973981681153144,6.989603303263905,6.987359151756671,2017-08-02
Baruria,S36,test,2016-10-01,7.07,7.0,7.062945621053861,7.061618344532924,7.081436963797176,7.080115887816851,2017-08-02
Baruria,S36,test,2016-10-02,7.14,7.07,7.154370724439859,7.137221194297233,7.14524359681698,7.136811379566734,2017-08-02
Baruria,S36,test,2016-10-03,7.17,7.14,7.208053211876446,7.190205917536969,7.181814188565664,7.1599352980643145,2017-08-02
Baruria,S36,test,2016-10-04,7.16,7.17,7.1565569030290135,7.181922739043561,7.162380396808722,7.128298547503623,2017-08-02
Baruria,S36,test,2016-10-05,7.09,7.16,7.107029851871688,7.132068974711557,7.114112667600853,7.087000409258806,2017-08-02
Baruria,S36,test,2016-10-06,7.03,7.09,6.9964086609562255,7.023971296355167,7.015644619447284,6.994003271453102,2017-08-02
Baruria,S36,test,2016-10-07,6.93,7.03,6.9011740066717655,6.950082042139534,6.9341545837260625,6.889594900273386,2017-08-02
Baruria,S36,test,2016-10-08,6.8,6.93,6.809907225024467,6.827901691334115,6.810794410291575,6.768375649701287,2017-08-02
Baruria,S36,test,2016-10-09,6.65,6.8,6.66593720401581,6.681750947879863,6.666584993963095,6.6400057002016295,2017-08-02
Baruria,S36,test,2016-10-10,6.47,6.65,6.473641780574858,6.540637068376619,6.521057485989697,6.500333216857562,2017-08-02
Baruria,S36,test,2016-10-11,6.43,6.47,6.437352451199667,6.415002756879072,6.37805103142587,6.410797596843473,2017-08-02
Baruria,S36,test,2016-10-12,6.49,6.43,6.450009643212561,6.429337660117191,6.382985012438979,6.4463394909431955,2017-08-02
Baruria,S36,test,2016-10-13,6.46,6.49,6.443115139177768,6.489482675172639,6.469911721084795,6.479223093207788,2017-08-02
Baruria,S36,test,2016-10-14,6.48,6.46,6.479850288314857,6.450306240998356,6.493950622526601,6.4906883057494555,2017-08-02
Baruria,S36,test,2016-10-15,6.66,6.48,6.609978865107569,6.501329120975341,6.593703290841561,6.6133056161115364,2017-08-02
Baruria,S36,test,2016-10-16,6.84,6.66,6.833120311160245,6.733031954555273,6.825267759892792,6.839531278895831,2017-08-02
Baruria,S36,test,2016-10-17,6.92,6.84,6.952976223208726,6.935967023442482,7.004585083322248,6.954612248387292,2017-08-02
Baruria,S36,test,2016-10-18,6.94,6.92,6.943776303759929,7.001594237563945,7.037911891245803,6.943482238202005,2017-08-02
Baruria,S36,test,2016-10-19,6.91,6.94,6.924713390524239,6.985869102650739,6.97383596688595,6.893073289388778,2017-08-02
Baruria,S36,test,2016-10-20,6.8,6.91,6.8012028235673485,6.915310750980322,6.839741149683081,6.785156275965772,2017-08-02
Baruria,S36,test,2016-10-21,6.69,6.8,6.61930905405387,6.734992697362128,6.643526357969196,6.6221384302151165,2017-08-02
Baruria,S36,test,2016-10-22,6.58,6.69,6.4659891180893885,6.5748503938964555,6.505669648296024,6.510236910328765,2017-08-02
Baruria,S36,test,2016-10-23,6.29,6.58,6.341386657272173,6.435687312941279,6.390343577148332,6.407640941755818,2017-08-02
Baruria,S36,test,2016-10-24,6.09,6.29,6.088834867767968,6.13475103648275,6.109553504758174,6.130577690265003,2017-08-02
Baruria,S36,test,2016-10-25,5.85,6.09,5.924728429551241,5.953544843147712,5.928394530163037,5.945363393920292,2017-08-02
Baruria,S36,test,2016-10-26,5.7,5.85,5.731135995878163,5.768070174667085,5.714531611856379,5.731205579107687,2017-08-02
Baruria,S36,test,2016-10-27,5.63,5.7,5.673513899217234,5.6325976940030165,5.580214701780334,5.614120209411179,2017-08-02
Baruria,S36,test,2016-10-28,5.55,5.63,5.563949133947231,5.586525604201259,5.526633819567763,5.567952034685434,2017-08-02
Baruria,S36,test,2016-10-29,5.44,5.55,5.466389641706762,5.525348626822061,5.451467660611196,5.473727601915191,2017-08-02
Baruria,S36,test,2016-10-30,5.35,5.44,5.379997691518291,5.4108460995139085,5.334673205914425,5.356660290174427,2017-08-02
Baruria,S36,test,2016-10-31,5.3,5.35,5.289847805217511,5.305446216516198,5.237725627635364,5.263353832124685,2017-08-02
Baruria,S36,test,2016-11-01,5.25,5.3,5.239391865799344,5.250724897269527,5.1882540599459155,5.225194094220728,2017-08-02
Baruria,S36,test,2016-11-02,5.2,5.25,5.188487329799241,5.207218720979717,5.141068105641387,5.184147811886338,2017-08-02
Baruria,S36,test,2016-11-03,5.16,5.2,5.137125901484778,5.16112474639725,5.093202684924417,5.134208950370563,2017-08-02
Baruria,S36,test,2016-11-04,5.11,5.16,5.0724551191828935,5.103512340262775,5.052007722754894,5.075533599818538,2017-08-02
Baruria,S36,test,2016-11-05,5.03,5.11,5.026848115144756,5.029899605081661,5.001120830250067,5.016406138740355,2017-08-02
Baruria,S36,test,2016-11-06,4.95,5.03,4.956334210598772,4.980873502969946,4.932948085450529,4.954186534622557,2017-08-02
Baruria,S36,test,2016-11-07,4.87,4.95,4.879226055067812,4.906146439446432,4.857075269658706,4.885180768183524,2017-08-02
Baruria,S36,test,2016-11-08,4.81,4.87,4.777130464661385,4.802710374069527,4.77853311947684,4.791601986455111,2017-08-02
Baruria,S36,test,2016-11-09,4.75,4.81,4.699013281415415,4.705243207214511,4.714714906591311,4.716941013748691,2017-08-02
Baruria,S36,test,2016-11-10,4.68,4.75,4.653398850682152,4.660141116127069,4.658299826672251,4.662153354494279,2017-08-02
Baruria,S36,test,2016-11-11,4.62,4.68,4.590390597544554,4.645417591869449,4.595470630840773,4.614686060118578,2017-08-02
Baruria,S36,test,2016-11-12,4.55,4.62,4.557105512559533,4.619571233490877,4.5485425289245045,4.576455342824996,2017-08-02
Baruria,S36,test,2016-11-13,4.49,4.55,4.501408896640015,4.557022183504851,4.500158011805169,4.528823569412324,2017-08-02
Baruria,S36,test,2016-11-14,4.52,4.49,4.508954979762604,4.511867587427989,4.45815396948423,4.498870413847455,2017-08-02
Baruria,S36,test,2016-11-15,4.52,4.52,4.500965227957604,4.542814476157098,4.486269406043056,4.518861986587197,2017-08-02
Baruria,S36,test,2016-11-16,4.48,4.52,4.474380658495286,4.5025817812775175,4.46912104840575,4.48033128899716,2017-08-02
Baruria,S36,test,2016-11-17,4.4,4.48,4.412030678213119,4.431763033303891,4.41515125806977,4.41286874293505,2017-08-02
Baruria,S36,test,2016-11-18,4.36,4.4,4.322050819392888,4.372800790041864,4.3259312027947985,4.3381393045659875,2017-08-02
Baruria,S36,test,2016-11-19,4.32,4.36,4.266338154676153,4.3437935847869475,4.27848094061475,4.280952955794642,2017-08-02
Baruria,S36,test,2016-11-20,4.27,4.32,4.205027652731496,4.28498151075567,4.240360894249704,4.234366955144271,2017-08-02
Baruria,S36,test,2016-11-21,4.22,4.27,4.2032886151838875,4.2101794943297435,4.190756429531909,4.193366673352334,2017-08-02
Baruria,S36,test,2016-11-22,4.17,4.22,4.14866771209176,4.164714327051173,4.1414773546246675,4.161340305404949,2017-08-02
Baruria,S36,test,2016-11-23,4.1,4.17,4.0534768459067845,4.110699530350278,4.084660040340889,4.089206853602569,2017-08-02
Baruria,S36,test,2016-11-24,4.06,4.1,4.015129229520756,4.045790124890608,4.018743017730412,4.0226250069292835,2017-08-02
Baruria,S36,test,2016-11-25,4.01,4.06,3.9719186249448577,4.0189008078551405,3.985397571562857,3.990127443770607,2017-08-02
Baruria,S36,test,2016-11-26,3.96,4.01,3.9476530198126856,3.9891332393600174,3.94461079406107,3.956928447273567,2017-08-02
Baruria,S36,test,2016-11-27,3.93,3.96,3.910757985888997,3.9329083575159376,3.9004353109976333,3.9153302479560526,2017-08-02
Baruria,S36,test,2016-11-28,3.9,3.93,3.8713989523395416,3.906648070205591,3.876127709465111,3.891956662546542,2017-08-02
Baruria,S36,test,2016-11-29,3.84,3.9,3.838748142441104,3.8833159348834694,3.8480711420581257,3.859330120938876,2017-08-02
Baruria,S36,test,2016-11-30,3.76,3.84,3.7824453903731836,3.8319498429461234,3.78909641987455,3.8011520838990207,2017-08-02
Baruria,S36,test,2016-12-01,3.64,3.76,3.669678185209866,3.7426327954938157,3.7080122960872077,3.7076737155323767,2017-08-02
Baruria,S36,test,2016-12-02,3.62,3.64,3.611642592873859,3.6268986647668995,3.5899861316591655,3.5970284871384446,2017-08-02
Baruria,S36,test,2016-12-03,3.56,3.62,3.5749804576305126,3.6023720187080066,3.567142551070333,3.5740486898532873,2017-08-02
Baruria,S36,test,2016-12-04,3.53,3.56,3.516111996081209,3.5154893282360953,3.5008513589982724,3.5061487177756825,2017-08-02
Baruria,S36,test,2016-12-05,3.49,3.53,3.474607443820419,3.468405795649042,3.4670725504837177,3.469944104051336,2017-08-02
Baruria,S36,test,2016-12-06,3.43,3.49,3.4247246439866137,3.4345386955924266,3.4272743699902137,3.432892201025229,2017-08-02
Baruria,S36,test,2016-12-07,3.38,3.43,3.3906329792392023,3.394531119019254,3.3714067099553042,3.3820142649451674,2017-08-02
Baruria,S36,test,2016-12-08,3.34,3.38,3.3312695911681725,3.3499356679812404,3.325550179960589,3.3369204848222367,2017-08-02
Baruria,S36,test,2016-12-09,3.27,3.34,3.297546979422228,3.3130958600050584,3.291882587712952,3.2978610883239647,2017-08-02
Baruria,S36,test,2016-12-10,3.23,3.27,3.22492459154624,3.247493747030116,3.2281958168489404,3.2278330921642566,2017-08-02
Baruria,S36,test,2016-12-11,3.21,3.23,3.2103431991130256,3.232285856609183,3.198370031669281,3.206234679218282,2017-08-02
Baruria,S36,test,2016-12-12,3.21,3.21,3.21460043441653,3.2379631277176366,3.1886851165563144,3.2123548951917815,2017-08-02
Baruria,S36,test,2016-12-13,3.22,3.21,3.225596099617721,3.210772729083521,3.186714780903991,3.2135998322329633,2017-08-02
Baruria,S36,test,2016-12-14,3.23,3.22,3.208670312270916,3.2338541551259286,3.200289823913568,3.2235003696886912,2017-08-02
Baruria,S36,test,2016-12-15,3.2,3.23,3.21453853119506,3.2182007571703366,3.198048198931325,3.2061041182673886,2017-08-02
Baruria,S36,test,2016-12-16,3.18,3.2,3.179625065929052,3.206184946334656,3.1708708279628794,3.175545317349607,2017-08-02
Baruria,S36,test,2016-12-17,3.16,3.18,3.153089752427665,3.1832575235463128,3.1449689522910416,3.1453691741163126,2017-08-02
Baruria,S36,test,2016-12-18,3.14,3.16,3.1282027659039144,3.14357652482305,3.119201122302229,3.1215972039739115,2017-08-02
Baruria,S36,test,2016-12-19,3.08,3.14,3.0762999237974213,3.0859866719362365,3.0864961542422713,3.086243670031834,2017-08-02
Baruria,S36,test,2016-12-20,3.01,3.08,3.0376014864943683,3.022890356143531,3.0225210680603953,3.0259011295359577,2017-08-02
Baruria,S36,test,2016-12-21,2.94,3.01,2.9641768989695825,2.987204074225165,2.9572300726417926,2.9594447412129057,2017-08-02
Baruria,S36,test,2016-12-22,2.87,2.94,2.894262591766484,2.9451465710971525,2.8954777329787653,2.894511865468821,2017-08-02
Baruria,S36,test,2016-12-23,2.83,2.87,2.852556520807291,2.8528590375010725,2.831207328034179,2.8262370472779588,2017-08-02
Baruria,S36,test,2016-12-24,2.77,2.83,2.821285113303402,2.774682781812288,2.7898245484347246,2.7822374716504172,2017-08-02
Baruria,S36,test,2016-12-25,2.76,2.77,2.7815033363643944,2.7306410284876215,2.7342572108403242,2.7355639114512975,2017-08-02
Baruria,S36,test,2016-12-26,2.73,2.76,2.7498690405640724,2.767686542950031,2.7329462455348392,2.7429704322253947,2017-08-02
Baruria,S36,test,2016-12-27,2.71,2.73,2.6870996440018597,2.758905542528694,2.7129198678388953,2.712912296070312,2017-08-02
Baruria,S36,test,2016-12-28,2.7,2.71,2.709942193131817,2.7193994372715307,2.6964484263043413,2.6925626474243045,2017-08-02
Baruria,S36,test,2016-12-29,2.7,2.7,2.693471347994828,2.694978725435119,2.685924797240812,2.6850739994307573,2017-08-02
Baruria,S36,test,2016-12-30,2.68,2.7,2.6862907463031,2.700425801398216,2.6864252533752087,2.6899244979654013,2017-08-02
Baruria,S36,test,2016-12-31,2.68,2.68,2.692310603075669,2.6933648130448833,2.666820031480555,2.679098907605836,2017-08-02
Baruria,S36,test,2017-01-01,2.64,2.68,2.655406768063864,2.691732822541125,2.663503802272286,2.6645403841856594,2017-08-02
Baruria,S36,test,2017-01-02,2.58,2.64,2.6071760519021128,2.6225973278829655,2.6123987161408144,2.6013811889500484,2017-08-02
Baruria,S36,test,2017-01-03,2.54,2.58,2.555809010364635,2.5518459342694744,2.5498798163460434,2.5437527196267187,2017-08-02
Baruria,S36,test,2017-01-04,2.52,2.54,2.51035108387698,2.5228827545823784,2.51008656459628,2.509207944483436,2017-08-02
Baruria,S36,test,2017-01-05,2.48,2.52,2.5029312576768223,2.501654617315311,2.4880772390318913,2.4880309483282343,2017-08-02
Baruria,S36,test,2017-01-06,2.45,2.48,2.448196873058552,2.4768129371148073,2.455102344707421,2.451763043686802,2017-08-02
Baruria,S36,test,2017-01-07,2.41,2.45,2.408679906017017,2.4417129123353787,2.424992403986483,2.413317028591913,2017-08-02
Baruria,S36,test,2017-01-08,2.37,2.41,2.381381121171582,2.3894709278490014,2.3866140062395678,2.372844720492234,2017-08-02
Baruria,S36,test,2017-01-09,2.35,2.37,2.344397926632899,2.33267258455674,2.34396545554495,2.3320684673333907,2017-08-02
Baruria,S36,test,2017-01-10,2.31,2.35,2.316274950300155,2.320653899290931,2.3259329787118936,2.3148225775545845,2017-08-02
Baruria,S36,test,2017-01-11,2.27,2.31,2.275068274240357,2.2996038188780132,2.29350258847122,2.2841467347557076,2017-08-02
Baruria,S36,test,2017-01-12,2.26,2.27,2.250206525899169,2.2735451991948845,2.263037655597603,2.2549481486035248,2017-08-02
Baruria,S36,test,2017-01-13,2.25,2.26,2.2632105850048676,2.264739777680172,2.258516955241241,2.2481830227654047,2017-08-02
Baruria,S36,test,2017-01-14,2.24,2.25,2.243585315110193,2.246816778353543,2.2486925435355123,2.235007827888641,2017-08-02
Baruria,S36,test,2017-01-15,2.22,2.24,2.240973714288188,2.2315734333238755,2.2393160550977,2.224824463993538,2017-08-02
Baruria,S36,test,2017-01-16,2.2,2.22,2.222556368647976,2.210850770261431,2.220085689103977,2.2086076061415967,2017-08-02
Baruria,S36,test,2017-01-17,2.24,2.2,2.228048788098732,2.191328949928924,2.1997690964535317,2.2000289501989854,2017-08-02
Baruria,S36,test,2017-01-18,2.22,2.24,2.2174366285816554,2.2218797981958542,2.230122764595845,2.221077073622466,2017-08-02
Baruria,S36,test,2017-01-19,2.14,2.22,2.175521133594941,2.186474952082689,2.200081315511902,2.1780509001125785,2017-08-02
Baruria,S36,test,2017-01-20,2.1,2.14,2.093747548302457,2.094071463111342,2.1105029746989157,2.0867817839745917,2017-08-02
Baruria,S36,test,2017-01-21,2.07,2.1,2.0474457780222908,2.0605087485514204,2.0688858351730937,2.049896678077712,2017-08-02
Baruria,S36,test,2017-01-22,2.04,2.07,2.034130610982443,2.0433439758106067,2.0458387486613803,2.0283570097903048,2017-08-02
Baruria,S36,test,2017-01-23,2.03,2.04,2.0178944912190517,2.0228553207598776,2.0275978606423792,2.012784598966801,2017-08-02
Baruria,S36,test,2017-01-24,2.03,2.03,2.0172537929992744,2.0124898439401466,2.030731359929525,2.0130977782221313,2017-08-02
Baruria,S36,test,2017-01-25,2.03,2.03,2.018888063081879,2.0103800012993447,2.041094654740734,2.0182898344614695,2017-08-02
Baruria,S36,test,2017-01-26,2.03,2.03,2.03458186171999,2.012566091389987,2.04913279331002,2.0269570399210175,2017-08-02
Baruria,S36,test,2017-01-27,2.06,2.03,2.045221338927792,2.024139638387336,2.0567564983499893,2.0394974669949875,2017-08-02
Baruria,S36,test,2017-01-28,2.09,2.06,2.0831247975841864,2.0542849032372072,2.0862719539205714,2.0739298712130707,2017-08-02
Baruria,S36,test,2017-01-29,2.1,2.09,2.0843027261824445,2.080144297874378,2.109444335716717,2.090891216970309,2017-08-02
Baruria,S36,test,2017-01-30,2.1,2.1,2.090386115539636,2.0848579354471863,2.1097995662232356,2.088212477324879,2017-08-02
Baruria,S36,test,2017-01-31,2.08,2.1,2.0916671986063156,2.0778263145335703,2.0998804574056478,2.0850681538415627,2017-08-02
Baruria,S36,test,2017-02-01,2.08,2.08,2.062174939621133,2.0616950890079004,2.0776457377361957,2.0668412578116997,2017-08-02
Baruria,S36,test,2017-02-02,2.05,2.08,2.0450130428161892,2.0643894342145312,2.0749316893449006,2.0565885387987732,2017-08-02
Baruria,S36,test,2017-02-03,2.0,2.05,2.01447643758207,2.054954941404638,2.0512483496570977,2.0266165541426933,2017-08-02
Baruria,S36,test,2017-02-04,1.96,2.0,1.9566496355780858,1.983645238273225,1.9916827226808733,1.9607739399041275,2017-08-02
Baruria,S36,test,2017-02-05,1.89,1.96,1.9112809523393737,1.9290595186350037,1.949549163358436,1.922144672617933,2017-08-02
Baruria,S36,test,2017-02-06,1.86,1.89,1.848998364241517,1.858987198952687,1.8806723334114661,1.8558817250968875,2017-08-02
Baruria,S36,test,2017-02-07,1.83,1.86,1.8492571411787835,1.8428300133873499,1.8570245921268747,1.8378849934419772,2017-08-02
Baruria,S36,test,2017-02-08,1.81,1.83,1.810759005849732,1.8301714287419328,1.837515828444728,1.8162232440249502,2017-08-02
Baruria,S36,test,2017-02-09,1.79,1.81,1.7994882260766702,1.8183848946202756,1.8259462106052162,1.8009976355941368,2017-08-02
Baruria,S36,test,2017-02-10,1.71,1.79,1.7490890232541114,1.787085685048596,1.810133867445601,1.7760244955910212,2017-08-02
Baruria,S36,test,2017-02-11,1.72,1.71,1.722988992489224,1.7307997446417012,1.7518202859476375,1.7254262389317259,2017-08-02
Baruria,S36,test,2017-02-12,1.72,1.72,1.7467376175827138,1.7593331855825582,1.7730070890276597,1.7429126681470122,2017-08-02
Baruria,S36,test,2017-02-13,1.77,1.72,1.7696696425147094,1.7650686558028263,1.775675956601883,1.7459820692899484,2017-08-02
Baruria,S36,test,2017-02-14,1.8,1.77,1.8144715213165081,1.8083412195511865,1.8146723787310999,1.786880296670667,2017-08-02
Baruria,S36,test,2017-02-15,1.82,1.8,1.8130297244260665,1.798394864419598,1.8130434914862368,1.7926613719716622,2017-08-02
Baruria,S36,test,2017-02-16,1.78,1.82,1.8030333449592049,1.7836661420783466,1.8052291326591465,1.79086231616792,2017-08-02
Baruria,S36,test,2017-02-17,1.73,1.78,1.7535046509496521,1.7535707419864828,1.7612334228501123,1.7530224400282626,2017-08-02
Baruria,S36,test,2017-02-18,1.7,1.73,1.7110998701707563,1.714432124681113,1.7122909803010293,1.701503072837722,2017-08-02
Baruria,S36,test,2017-02-19,1.69,1.7,1.6880734503593597,1.6768929398826389,1.6816840960548856,1.6702460401510197,2017-08-02
Baruria,S36,test,2017-02-20,1.68,1.69,1.6719683353783443,1.6935328641463876,1.6859381658344492,1.6727554875206794,2017-08-02
Baruria,S36,test,2017-02-21,1.68,1.68,1.6690165375375525,1.6768667176544756,1.6788918152388002,1.6630796159693102,2017-08-02
Baruria,S36,test,2017-02-22,1.67,1.68,1.678904949302227,1.6799858174963551,1.6927880826826829,1.6786021935917474,2017-08-02
Baruria,S36,test,2017-02-23,1.67,1.67,1.6724309239028594,1.6873439766711018,1.6992872691751348,1.6810456360821304,2017-08-02
Baruria,S36,test,2017-02-24,1.66,1.67,1.67287230281526,1.6865131684100396,1.7045658130368526,1.6740444519196636,2017-08-02
Baruria,S36,test,2017-02-25,1.66,1.66,1.6647168340441132,1.6817379669031436,1.7024416513760514,1.6695681016640371,2017-08-02
Baruria,S36,test,2017-02-26,1.69,1.66,1.698581737152806,1.7007834128738823,1.714723183915156,1.687757526523396,2017-08-02
Baruria,S36,test,2017-02-27,1.78,1.69,1.7643166882450836,1.746288960911335,1.7551508245709944,1.7414359772219246,2017-08-02
Baruria,S36,test,2017-02-28,1.85,1.78,1.8457068399790506,1.8173217161825044,1.8361526730735578,1.8221648160061428,2017-08-02
Baruria,S36,test,2017-03-01,1.9,1.85,1.8924659313444683,1.866091180497832,1.8863393846221517,1.8736141516398277,2017-08-02
Baruria,S36,test,2017-03-02,1.91,1.9,1.9183563482940507,1.9018980449705714,1.916527670824836,1.9086384343620306,2017-08-02
Baruria,S36,test,2017-03-03,1.91,1.91,1.9093841303347165,1.9117109669321355,1.9165752047596103,1.9098612458164093,2017-08-02
Baruria,S36,test,2017-03-04,1.94,1.91,1.942167415279843,1.9153405504559364,1.920875819038234,1.9184424348657796,2017-08-02
Baruria,S36,test,2017-03-05,1.91,1.94,1.9456395120048267,1.945757106038845,1.959972149336439,1.94429187029918,2017-08-02
Baruria,S36,test,2017-03-06,1.92,1.91,1.9252578165581828,1.9128922459626143,1.93987556501917,1.916965866053012,2017-08-02
Baruria,S36,test,2017-03-07,1.87,1.92,1.8960467555581075,1.9039317260993514,1.9315047318552951,1.8979051280715709,2017-08-02
Baruria,S36,test,2017-03-08,1.82,1.87,1.8329106837398648,1.8467196233187788,1.8672693522940478,1.8372470166886299,2017-08-02
Baruria,S36,test,2017-03-09,1.78,1.82,1.778602195977578,1.8097728811430782,1.815262063653311,1.7889187768627277,2017-08-02
Baruria,S36,test,2017-03-10,1.76,1.78,1.7727746071190555,1.7879168590044268,1.7861911014691005,1.7660548881785167,2017-08-02
Baruria,S36,test,2017-03-11,1.82,1.76,1.8226463168554563,1.7665242251148598,1.7822358163827665,1.7823437171825203,2017-08-02
Baruria,S36,test,2017-03-12,1.9,1.82,1.9030237992626062,1.8849045024892463,1.8805634718724777,1.8897790332458417,2017-08-02
Baruria,S36,test,2017-03-13,1.92,1.9,1.945421357842036,1.9636864633116489,1.9774124678785467,1.9467711554789153,2017-08-02
Baruria,S36,test,2017-03-14,1.95,1.92,1.9430387694738076,1.9212193107555458,2.0024370175724933,1.9387919074524091,2017-08-02
Baruria,S36,test,2017-03-15,2.02,1.95,1.9991836045892923,1.9198164916610194,2.032826266827975,1.9797418862341933,2017-08-02
Baruria,S36,test,2017-03-16,2.11,2.02,2.110194354987155,2.0224846142355473,2.101767602088335,2.076746657835724,2017-08-02
Baruria,S36,test,2017-03-17,2.17,2.11,2.1769071178864983,2.1265109590283173,2.169262217978963,2.1523390358266403,2017-08-02
Baruria,S36,test,2017-03-18,2.2,2.17,2.1975300269497033,2.1677788018270534,2.2005118497692746,2.1837475380696785,2017-08-02
Baruria,S36,test,2017-03-19,2.22,2.2,2.2175048820479644,2.1958536645773297,2.2189517574989495,2.2019077775608404,2017-08-02
Baruria,S36,test,2017-03-20,2.16,2.22,2.177029599620934,2.1981485785166197,2.2234107026828815,2.187432760625006,2017-08-02
Baruria,S36,test,2017-03-21,2.06,2.16,2.109345963145236,2.101115066771936,2.1539101764300357,2.109165703655355,2017-08-02
Baruria,S36,test,2017-03-22,2.02,2.06,2.0320360671423034,2.0051129477941045,2.0657837900784024,2.0224199029087906,2017-08-02
Baruria,S36,test,2017-03-23,2.05,2.02,2.031834032839306,1.988617547968212,2.040155798396857,2.005991657016525,2017-08-02
Baruria,S36,test,2017-03-24,2.07,2.05,2.0579416866239777,2.025235072275231,2.068066719068255,2.0427267789430044,2017-08-02
Baruria,S36,test,2017-03-25,2.08,2.07,2.066547523975353,2.0476540766819507,2.0863065230751054,2.0676554139728425,2017-08-02
Baruria,S36,test,2017-03-26,2.12,2.08,2.1160754002506565,2.112139842363234,2.123132502818836,2.116720846686339,2017-08-02
Baruria,S36,test,2017-03-27,2.11,2.12,2.130173429310396,2.2300548630262433,2.200735585817526,2.193752865259874,2017-08-02
Baruria,S36,test,2017-03-28,2.16,2.11,2.174766073947395,2.248481087999471,2.2237935557553037,2.211380382753724,2017-08-02
Baruria,S36,test,2017-03-29,2.28,2.16,2.29145416415008,2.316362068302663,2.2992677781688595,2.3019771931733417,2017-08-02
Baruria,S36,test,2017-03-30,2.46,2.28,2.450385479264645,2.4300831940932413,2.4243439046161472,2.4446865933814568,2017-08-02
Baruria,S36,test,2017-03-31,2.61,2.46,2.5703572875115444,2.5168152989454344,2.553518024520661,2.5499263020379646,2017-08-02
Baruria,S36,test,2017-04-01,2.47,2.61,2.5348231393203315,2.5886219657282097,2.613070860266538,2.5943432664097306,2017-08-02
Baruria,S36,test,2017-04-02,2.47,2.47,2.451409539033722,2.456461788907181,2.421960384487729,2.439856207775435,2017-08-02
Baruria,S36,test,2017-04-03,2.51,2.47,2.494772713778316,2.4854103240293792,2.4157646498560634,2.4622600150805276,2017-08-02
Baruria,S36,test,2017-04-04,2.54,2.51,2.529974164757373,2.5315475108447516,2.488203697954401,2.5175613611721843,2017-08-02
Baruria,S36,test,2017-04-05,2.55,2.54,2.549757995061475,2.562738200530446,2.5736716677009635,2.562932676480546,2017-08-02
Baruria,S36,test,2017-04-06,2.6,2.55,2.580020890046759,2.5506885707441866,2.6281818203165486,2.593593137325653,2017-08-02
Baruria,S36,test,2017-04-07,2.64,2.6,2.656452590321009,2.583227115979689,2.697157333440652,2.6558339034147482,2017-08-02
Baruria,S36,test,2017-04-08,2.73,2.64,2.7561018864736093,2.6539903486413308,2.7587020313759414,2.7356786048053756,2017-08-02
Baruria,S36,test,2017-04-09,2.87,2.73,2.848844127892671,2.8192154854261235,2.8839279019739075,2.8811758212824508,2017-08-02
Baruria,S36,test,2017-04-10,3.04,2.87,3.0008694126730835,2.9800004406148233,3.0458682582900933,3.0343988429943933,2017-08-02
Baruria,S36,test,2017-04-11,3.2,3.04,3.221620984999236,3.125615337877091,3.212513272177997,3.217080994631821,2017-08-02
Baruria,S36,test,2017-04-12,3.35,3.2,3.3156459050013893,3.253671743629931,3.320035564304442,3.3259812247422746,2017-08-02
Baruria,S36,test,2017-04-13,3.43,3.35,3.387691273496002,3.364747217752866,3.377136918871347,3.3790315588197526,2017-08-02
Baruria,S36,test,2017-04-14,3.42,3.43,3.3536828932669325,3.408669688853012,3.3752108224451827,3.380835283224048,2017-08-02
Baruria,S36,test,2017-04-15,3.35,3.42,3.3262127962559735,3.3866852286292066,3.336530347514693,3.351998730937895,2017-08-02
Baruria,S36,test,2017-04-16,3.31,3.35,3.3037920450001312,3.3412198788922525,3.2919891098515888,3.3075115439921086,2017-08-02
Baruria,S36,test,2017-04-17,3.29,3.31,3.2769783093716978,3.291718690784101,3.30195734377309,3.2907055082135255,2017-08-02
Baruria,S36,test,2017-04-18,3.28,3.29,3.2635887289475174,3.2404057455251674,3.3201004007837365,3.286755224011561,2017-08-02
Baruria,S36,test,2017-04-19,3.26,3.28,3.3305617367316294,3.2597559772589157,3.3361746030256363,3.3230066384027865,2017-08-02
Baruria,S36,test,2017-04-20,3.35,3.26,3.334616837277905,3.296630914298934,3.308347631669866,3.319627915417129,2017-08-02
Baruria,S36,test,2017-04-21,3.3,3.35,3.296273472902509,3.394292771140717,3.348089086269031,3.3423553334353873,2017-08-02
Baruria,S36,test,2017-04-22,3.24,3.3,3.2133206528784264,3.3013473443863735,3.2706298750624003,3.2652017814771774,2017-08-02
Baruria,S36,test,2017-04-23,3.24,3.24,3.2187543931493643,3.240206514067397,3.231771023311184,3.229590331377962,2017-08-02
Baruria,S36,test,2017-04-24,3.23,3.24,3.2363077356731837,3.295007372433568,3.274993173327698,3.2683757769154247,2017-08-02
Baruria,S36,test,2017-04-25,3.3,3.23,3.3056106437720723,3.354862411104,3.309943909351762,3.3224444760300567,2017-08-02
Baruria,S36,test,2017-04-26,3.44,3.3,3.4217202473061286,3.4492298963405905,3.391334240931812,3.4157820824367664,2017-08-02
Baruria,S36,test,2017-04-27,3.47,3.44,3.474951176149383,3.557232460004416,3.4843346540718847,3.4822694570885795,2017-08-02
Baruria,S36,test,2017-04-28,3.5,3.47,3.4789808706553935,3.5159415022672698,3.474128726163611,3.4634306420774217,2017-08-02
Baruria,S36,test,2017-04-29,3.52,3.5,3.5102386989832084,3.522106430065173,3.5075112767906504,3.49444450768587,2017-08-02
Baruria,S36,test,2017-04-30,3.54,3.52,3.5390057894673013,3.5503568681161415,3.558868914068927,3.535598712988953,2017-08-02
Baruria,S36,test,2017-05-01,3.56,3.54,3.599415028674975,3.5341314962881243,3.6143709821617613,3.58844946626199,2017-08-02
Baruria,S36,test,2017-05-02,3.73,3.56,3.713513232832931,3.5039854596947424,3.704509470758453,3.708000859813597,2017-08-02
Baruria,S36,test,2017-05-03,4.07,3.73,3.9811871144958815,3.736712382265208,3.9896979624843234,3.9968794698443286,2017-08-02
Baruria,S36,test,2017-05-04,4.45,4.07,4.448960647966835,4.183484280682635,4.3803249374748185,4.4022345862627,2017-08-02
Baruria,S36,test,2017-05-05,4.81,4.45,4.68436532112871,4.591171907108012,4.681496710762514,4.699045737057356,2017-08-02
Baruria,S36,test,2017-05-06,4.86,4.81,4.83127276329237,4.882222013121219,4.84440068893076,4.8474999215229975,2017-08-02
Baruria,S36,test,2017-05-07,4.79,4.86,4.762555194891344,4.851345558260593,4.7537048284701084,4.784905996919168,2017-08-02
Baruria,S36,test,2017-05-08,4.69,4.79,4.687312069866073,4.759264314891694,4.664953668307908,4.709210453839645,2017-08-02
Baruria,S36,test,2017-05-09,4.67,4.69,4.647588741263671,4.679202479372571,4.6182917225332565,4.651493910582351,2017-08-02
Baruria,S36,test,2017-05-10,4.63,4.67,4.6540611482952094,4.689397721679158,4.658880640439713,4.654146228568018,2017-08-02
Baruria,S36,test,2017-05-11,4.51,4.63,4.584874061252805,4.632353364251714,4.633161967387161,4.600786301926154,2017-08-02
Baruria,S36,test,2017-05-12,4.51,4.51,4.488890000121661,4.485085440219484,4.515408523315603,4.479898294738688,2017-08-02
Baruria,S36,test,2017-05-13,4.46,4.51,4.469222570796291,4.489650623163274,4.524349179130861,4.479549464219377,2017-08-02
Baruria,S36,test,2017-05-14,4.43,4.46,4.468059363073109,4.461838410848286,4.493484315088496,4.45691342061885,2017-08-02
Baruria,S36,test,2017-05-15,4.51,4.43,4.472956897302716,4.44653828214193,4.467489406176921,4.444895534491093,2017-08-02
Baruria,S36,test,2017-05-16,4.58,4.51,4.5214181691270445,4.513062180110137,4.503315463067493,4.496956100898088,2017-08-02
Baruria,S36,test,2017-05-17,4.47,4.58,4.460123304704181,4.522103370217544,4.497153869568248,4.484404579584365,2017-08-02
Baruria,S36,test,2017-05-18,4.42,4.47,4.313797823132602,4.365641599345584,4.362448259401856,4.343494891252871,2017-08-02
Baruria,S36,test,2017-05-19,4.26,4.42,4.297668325346338,4.341719937383805,4.342803242644779,4.316355747615536,2017-08-02
Baruria,S36,test,2017-05-20,4.23,4.26,4.200910932599866,4.229011826684546,4.2405288395084115,4.196864489713659,2017-08-02
Baruria,S36,test,2017-05-21,4.19,4.23,4.178554444421978,4.217708771864614,4.247711437458067,4.181228257413982,2017-08-02
Baruria,S36,test,2017-05-22,4.17,4.19,4.144262052535388,4.173607358647416,4.222431462765351,4.155692714249116,2017-08-02
Baruria,S36,test,2017-05-23,4.16,4.17,4.149345512490935,4.1595364515200295,4.207318734036753,4.1509466049955925,2017-08-02
Baruria,S36,test,2017-05-24,4.15,4.16,4.148803009878275,4.193020858104522,4.2104437494059965,4.159455641221053,2017-08-02
Baruria,S36,test,2017-05-25,4.16,4.15,4.16523316855929,4.233059530856245,4.22037580851148,4.1832839919505185,2017-08-02
Baruria,S36,test,2017-05-26,4.26,4.16,4.224734978514158,4.256846018446798,4.254493122833835,4.233543674220005,2017-08-02
Baruria,S36,test,2017-05-27,4.31,4.26,4.30752628896149,4.313110148211968,4.3662689451625445,4.355758596573716,2017-08-02
Baruria,S36,test,2017-05-28,4.53,4.31,4.495412487834605,4.372706810346863,4.44361077617078,4.478555825079501,2017-08-02
Baruria,S36,test,2017-05-29,4.7,4.53,4.722853113059692,4.649214208264387,4.660054541282489,4.7113032733790545,2017-08-02
Baruria,S36,test,2017-05-30,4.8,4.7,4.804917182558114,4.7748454141135515,4.760353806023368,4.805662164531128,2017-08-02
Baruria,S36,test,2017-05-31,4.86,4.8,4.856968235630502,4.817763365921958,4.794392799240907,4.838274443306729,2017-08-02
Baruria,S36,test,2017-06-01,4.94,4.86,4.890136424906128,4.870929334995648,4.838701092208666,4.888220747701433,2017-08-02
Baruria,S36,test,2017-06-02,4.97,4.94,4.966813088379071,4.961694387568084,4.920775002620988,4.957613610767518,2017-08-02
Baruria,S36,test,2017-06-03,4.98,4.97,4.966751366292057,4.998195287055046,4.953469265495376,4.978852251994304,2017-08-02
Baruria,S36,test,2017-06-04,4.99,4.98,4.968695169693919,4.995357801654266,4.975354416948357,4.988407168289482,2017-08-02
Baruria,S36,test,2017-06-05,5.03,4.99,5.013616389762107,4.997264055448976,5.028868778980103,5.0425011102383,2017-08-02
Baruria,S36,test,2017-06-06,5.18,5.03,5.17631590108059,5.053728971545293,5.171093357352923,5.199647771229193,2017-08-02
Baruria,S36,test,2017-06-07,5.46,5.18,5.5757872701493865,5.2771606938750795,5.42046187021176,5.508429199621422,2017-08-02
Baruria,S36,test,2017-06-08,5.8,5.46,5.771563892407154,5.612372992833696,5.677355062662109,5.784318515434052,2017-08-02
Baruria,S36,test,2017-06-09,6.01,5.8,5.975701092025653,5.950531679398613,5.894758728245779,5.9882004003785285,2017-08-02
Baruria,S36,test,2017-06-10,6.08,6.01,6.03225813644698,6.132686272423541,5.96707024157536,6.010947082993664,2017-08-02
Baruria,S36,test,2017-06-11,5.97,6.08,5.953230182580159,6.186255842345905,5.958093963906094,5.97381551177991,2017-08-02
Baruria,S36,test,2017-06-12,5.84,5.97,5.831252554353662,6.087071798625586,5.847890620853448,5.874817016157138,2017-08-02
Baruria,S36,test,2017-06-13,5.61,5.84,5.619347082685253,5.878885931264108,5.715638106628567,5.693035629624748,2017-08-02
Baruria,S36,test,2017-06-14,5.43,5.61,5.433669248667047,5.5403212346844795,5.498102025067645,5.463698699930863,2017-08-02
Baruria,S36,test,2017-06-15,5.33,5.43,5.383191130059638,5.315714786518246,5.373924319611834,5.349971598632378,2017-08-02
Baruria,S36,test,2017-06-16,5.35,5.33,5.381966531552875,5.282552151874753,5.367054907760614,5.34932150680251,2017-08-02
Baruria,S36,test,2017-06-17,5.38,5.35,5.408046330577127,5.369444376882838,5.457390438195728,5.4261747265154625,2017-08-02
Baruria,S36,test,2017-06-18,5.47,5.38,5.462812877815965,5.396293952020837,5.506865293970603,5.469804648556399,2017-08-02
Baruria,S36,test,2017-06-19,5.65,5.47,5.659851976688994,5.497773253580335,5.608438799601995,5.624771914568062,2017-08-02
Baruria,S36,test,2017-06-20,5.95,5.65,5.90425212943185,5.7317095266832565,5.802002516928115,5.861340294298746,2017-08-02
Baruria,S36,test,2017-06-21,6.13,5.95,6.1268252593907695,6.0610521638671715,6.079207548740773,6.137581332259475,2017-08-02
Baruria,S36,test,2017-06-22,6.34,6.13,6.283292502233751,6.267158982466448,6.231337243856192,6.297770672844423,2017-08-02
Baruria,S36,test,2017-06-23,6.43,6.34,6.396209039340951,6.483442125162988,6.3974935335716125,6.415318151459967,2017-08-02
Baruria,S36,test,2017-06-24,6.46,6.43,6.4587941240593745,6.574661051610378,6.448313149460865,6.442540850749725,2017-08-02
Baruria,S36,test,2017-06-25,6.5,6.46,6.504752108934715,6.598463137971993,6.469054293717921,6.46233326419367,2017-08-02
Baruria,S36,test,2017-06-26,6.53,6.5,6.514094306707894,6.623433794827235,6.508631295437226,6.508260533367153,2017-08-02
Baruria,S36,test,2017-06-27,6.43,6.53,6.487994227877042,6.599645733349049,6.481574215896921,6.470028316346266,2017-08-02
Baruria,S36,test,2017-06-28,6.37,6.43,6.325188639141703,6.426261164812612,6.33289062873628,6.313404748434375,2017-08-02
Baruria,S36,test,2017-06-29,6.31,6.37,6.291967981779537,6.310414441772598,6.270914453489829,6.258348631715201,2017-08-02
Baruria,S36,test,2017-06-30,6.25,6.31,6.2708366736508365,6.238781006262323,6.237628908016629,6.255074987035066,2017-08-02
Baruria,S36,test,2017-07-01,6.25,6.25,6.270009754930536,6.205620783251192,6.236573212207985,6.261144198167464,2017-08-02
Baruria,S36,test,2017-07-02,6.31,6.25,6.323862008273204,6.245903117878231,6.297730202202234,6.307525082807209,2017-08-02
Baruria,S36,test,2017-07-03,6.44,6.31,6.422702089539644,6.325155564891163,6.388191147040838,6.397934571593137,2017-08-02
Baruria,S36,test,2017-07-04,6.55,6.44,6.5711388212307416,6.48275943784401,6.515854856961845,6.54465556574223,2017-08-02
Baruria,S36,test,2017-07-05,6.63,6.55,6.622885579214835,6.599991449240179,6.602138682908898,6.627533296439007,2017-08-02
Baruria,S36,test,2017-07-06,6.78,6.63,6.771003836503154,6.703247772141623,6.690138045989652,6.743906544367888,2017-08-02
Baruria,S36,test,2017-07-07,6.98,6.78,6.969121219348427,6.89208162703913,6.870843892478992,6.935063210836934,2017-08-02
Baruria,S36,test,2017-07-08,7.1,6.98,7.174335238991299,7.106340305226065,7.072440268292943,7.1271545131403435,2017-08-02
Baruria,S36,test,2017-07-09,7.21,7.1,7.217258583971337,7.226939568843836,7.166104478132778,7.194342788955673,2017-08-02
Baruria,S36,test,2017-07-10,7.3,7.21,7.309234853250617,7.334287623343077,7.247332624804922,7.278691835188564,2017-08-02
Baruria,S36,test,2017-07-11,7.4,7.3,7.4532385285004015,7.410819795102117,7.322366257832006,7.387211219697588,2017-08-02
Baruria,S36,test,2017-07-12,7.52,7.4,7.572251359495447,7.49062862643873,7.432670229864702,7.506583320038175,2017-08-02
Baruria,S36,test,2017-07-13,7.66,7.52,7.702031083574847,7.584618580997038,7.563858189592825,7.642947810782591,2017-08-02
Baruria,S36,test,2017-07-14,7.81,7.66,7.831472624021345,7.7061910249150145,7.7014802649782395,7.77865010291205,2017-08-02
Baruria,S36,test,2017-07-15,7.95,7.81,7.961321019639765,7.826487356053104,7.820933000578944,7.883752587088803,2017-08-02
Baruria,S36,test,2017-07-16,7.95,7.95,8.009559357250083,7.944755078692012,7.907165162657168,7.9379964758898325,2017-08-02
Baruria,S36,test,2017-07-17,7.82,7.95,7.892785066939171,7.905897872012564,7.844029206313491,7.831558069814736,2017-08-02
Baruria,S36,test,2017-07-18,7.64,7.82,7.6789047859247805,7.745228585834805,7.671970598924169,7.662552145327133,2017-08-02
Baruria,S36,test,2017-07-19,7.45,7.64,7.494475662217177,7.559424205925861,7.4782786415371065,7.478343551317629,2017-08-02
Baruria,S36,test,2017-07-20,7.33,7.45,7.358347194850536,7.368744729921314,7.289029837717354,7.312651517537205,2017-08-02
Baruria,S36,test,2017-07-21,7.25,7.33,7.20134932295013,7.220472598931754,7.167877467695327,7.178138840386446,2017-08-02
Baruria,S36,test,2017-07-22,7.1,7.25,7.143773173862075,7.1448413843069,7.101011206085697,7.0936443248847345,2017-08-02
Baruria,S36,test,2017-07-23,7.01,7.1,7.0073838332612555,7.034663277268418,6.976575408847186,6.979589481924037,2017-08-02
Baruria,S36,test,2017-07-24,7.0,7.01,6.99955939686809,6.977917749488664,6.917793787132889,6.960218814565688,2017-08-02
Baruria,S36,test,2017-07-25,7.06,7.0,7.068185584678557,6.996040606327928,6.939672438027157,7.010005657164425,2017-08-02
Baruria,S36,test,2017-07-26,6.96,7.06,7.028573292542836,7.0544402128204595,6.99574073454217,7.012939708922887,2017-08-02
Baruria,S36,test,2017-07-27,6.84,6.96,6.883446061545692,6.880932863530181,6.861416162193386,6.835805242678869,2017-08-02
Baruria,S36,test,2017-07-28,6.74,6.84,6.755468861935091,6.700882586133127,6.733634633439244,6.722657849517565,2017-08-02
Baruria,S36,test,2017-07-29,6.67,6.74,6.692866238256708,6.595122411444154,6.650408118789104,6.667061071335104,2017-08-02
Baruria,S36,test,2017-07-30,6.57,6.67,6.66001247689098,6.556090055279401,6.616664213532764,6.644635373815326,2017-08-02
Baruria,S36,test,2017-07-31,6.66,6.57,6.62463550547708,6.492377487432985,6.5732338024682955,6.609028074283187,2017-08-02
Baruria,S36,test,2017-08-01,6.76,6.66,6.755423143981716,6.62368391944792,6.713046013793339,6.740263406411935,2017-08-02
Baruria,S36,test,2017-08-02,6.83,6.76,6.817907140472293,6.766824140690211,6.826308903494706,6.814312660967507,2017-08-02
Baruria,S36,test,2017-08-03,6.91,6.83,6.884165246698335,6.844843783081491,6.8678584144903025,6.8375005628080485,2017-08-02
Baruria,S36,test,2017-08-04,6.89,6.91,6.895919195368731,6.9097273098430945,6.909258312418795,6.871444163523208,2017-08-02
Baruria,S36,test,2017-08-05,6.9,6.89,6.903502964467286,6.9119214630893735,6.886217086288375,6.8853619154772145,2017-08-02
Baruria,S36,test,2017-08-06,6.94,6.9,6.964157160380433,6.961573833964252,6.912380089053454,6.946382627230061,2017-08-02
Baruria,S36,test,2017-08-07,6.98,6.94,6.98575180484417,7.019889886611421,6.960102508853108,6.986348934958141,2017-08-02
Baruria,S36,test,2017-08-08,7.02,6.98,7.035877724130458,7.049960274487848,6.994882621518218,7.003015980323114,2017-08-02
Baruria,S36,test,2017-08-09,7.04,7.02,7.048057828401112,7.069131237177871,7.027672328448287,7.022723171307746,2017-08-02
Baruria,S36,test,2017-08-10,7.09,7.04,7.099229555717999,7.077304346477431,7.059342170596612,7.066709221258111,2017-08-02
Baruria,S36,test,2017-08-11,7.22,7.09,7.201151724273709,7.139551934152494,7.15215146578457,7.177557013516044,2017-08-02
Baruria,S36,test,2017-08-12,7.34,7.22,7.39180800304996,7.275134755599715,7.344997237744313,7.397251503906026,2017-08-02
Baruria,S36,test,2017-08-13,7.73,7.34,7.676674442796711,7.403131222663835,7.525157343155063,7.613572540777952,2017-08-02
Baruria,S36,test,2017-08-14,8.16,7.73,8.17931613790017,7.817481801813803,7.941694530769065,8.062780038166458,2017-08-02
Baruria,S36,test,2017-08-15,8.47,8.16,8.504776462263164,8.272771699123313,8.351654313075983,8.458650072060545,2017-08-02
Baruria,S36,test,2017-08-16,8.69,8.47,8.663288945209349,8.561634956648662,8.598794061832406,8.640930600285989,2017-08-02
Baruria,S36,test,2017-08-17,8.84,8.69,8.80957118690082,8.764103138591777,8.768664181742535,8.78286831921541,2017-08-02
Baruria,S36,test,2017-08-18,8.93,8.84,8.916754386676338,8.905297641343664,8.879486466635251,8.88476146461516,2017-08-02
Baruria,S36,test,2017-08-19,8.93,8.93,8.930984081370289,8.98970756666571,8.934725373534503,8.92843546760397,2017-08-02
Baruria,S36,test,2017-08-20,8.83,8.93,8.856287634332757,8.981825747648493,8.909770854115555,8.880589344826534,2017-08-02
Baruria,S36,test,2017-08-21,8.71,8.83,8.730917158969723,8.862376271786447,8.788699909990152,8.743709855924067,2017-08-02
Baruria,S36,test,2017-08-22,8.59,8.71,8.625698057224431,8.721201158490233,8.657099865399806,8.617666699723339,2017-08-02
Baruria,S36,test,2017-08-23,8.5,8.59,8.533020034180218,8.591596199983089,8.537180413510287,8.50821427367642,2017-08-02
Baruria,S36,test,2017-08-24,8.35,8.5,8.409718414032035,8.483302190594749,8.443632854681766,8.406344045841594,2017-08-02
Baruria,S36,test,2017-08-25,8.21,8.35,8.24096039672062,8.318629377432794,8.293722845421149,8.239685777670251,2017-08-02
Baruria,S36,test,2017-08-26,8.06,8.21,8.104175457905143,8.147816281607561,8.141819333778248,8.078906130113475,2017-08-02
Baruria,S36,test,2017-08-27,7.99,8.06,7.989881706472244,7.977222464316113,7.9864567670656905,7.945018645828409,2017-08-02
Baruria,S36,test,2017-08-28,7.89,7.99,7.917595496957595,7.898611803521412,7.922171353672764,7.894014657282786,2017-08-02
Baruria,S36,test,2017-08-29,7.79,7.89,7.811753042754371,7.789184063167196,7.821995080342263,7.789871276803823,2017-08-02
Baruria,S36,test,2017-08-30,7.68,7.79,7.659339668258259,7.653314133816976,7.704682527434453,7.6507558296512315,2017-08-02
Baruria,S36,test,2017-08-31,7.52,7.68,7.547601787716428,7.520550742842205,7.579846298960099,7.525198623327537,2017-08-02
Baruria,S36,test,2017-09-01,7.37,7.52,7.401520325923371,7.362640181674941,7.423268106879156,7.390750295601372,2017-08-02
Sureswar,S6,lead,2021-06-23,2.57,,,,,,
Sureswar,S6,lead,2021-06-24,2.65,,,,,,
Sureswar,S6,lead,2021-06-25,2.68,,,,,,
Sureswar,S6,lead,2021-06-26,2.72,,,,,,
Sureswar,S6,lead,2021-06-27,2.64,,,,,,
Sureswar,S6,lead,2021-06-28,2.51,,,,,,
Sureswar,S6,lead,2021-06-29,2.5,,,,,,
Sureswar,S6,lead,2021-06-30,2.52,,,,,,
Sureswar,S6,lead,2021-07-01,2.57,,,,,,
Sureswar,S6,lead,2021-07-02,2.68,,,,,,
Sureswar,S6,lead,2021-07-03,2.74,,,,,,
Sureswar,S6,lead,2021-07-04,2.76,,,,,,
Sureswar,S6,lead,2021-07-05,2.78,,,,,,
Sureswar,S6,lead,2021-07-06,2.83,,,,,,
Sureswar,S6,lead,2021-07-07,2.9,,,,,,
Sureswar,S6,lead,2021-07-08,3.0,,,,,,
Sureswar,S6,lead,2021-07-09,3.01,,,,,,
Sureswar,S6,lead,2021-07-10,2.98,,,,,,
Sureswar,S6,lead,2021-07-11,2.99,,,,,,
Sureswar,S6,lead,2021-07-12,3.0,,,,,,
Sureswar,S6,lead,2021-07-13,2.96,,,,,,
Sureswar,S6,lead,2021-07-14,2.96,,,,,,
Sureswar,S6,lead,2021-07-15,2.92,,,,,,
Sureswar,S6,lead,2021-07-16,2.88,,,,,,
Sureswar,S6,lead,2021-07-17,2.87,,,,,,
Sureswar,S6,lead,2021-07-18,2.86,,,,,,
Sureswar,S6,lead,2021-07-19,2.86,,,,,,
Sureswar,S6,lead,2021-07-20,2.85,,,,,,
Sureswar,S6,lead,2021-07-21,2.88,,,,,,
Sureswar,S6,lead,2021-07-22,3.01,,,,,,
Sureswar,S6,lead,2021-07-23,3.14,,,,,,
Sureswar,S6,lead,2021-07-24,3.26,,,,,,
Sureswar,S6,lead,2021-07-25,3.21,,,,,,
Sureswar,S6,lead,2021-07-26,3.11,,,,,,
Sureswar,S6,lead,2021-07-27,2.9,,,,,,
Sureswar,S6,lead,2021-07-28,2.97,,,,,,
Sureswar,S6,lead,2021-07-29,3.02,,,,,,
Sureswar,S6,test,2021-08-22,3.48,3.41,3.444390759507137,3.4249186257914404,3.449703356379581,3.4337248310226003,2021-08-22
Sureswar,S6,test,2021-08-23,3.52,3.48,3.538010558729742,3.4947881592319057,3.5152383181939193,3.504948860991289,2021-08-22
Sureswar,S6,test,2021-08-24,3.5,3.52,3.5819214257230274,3.534626852093904,3.5499871209866214,3.5453300396714518,2021-08-22
Sureswar,S6,test,2021-08-25,3.44,3.5,3.532133134866166,3.5145440492781943,3.5195117178289337,3.5144834363804525,2021-08-22
Sureswar,S6,test,2021-08-26,3.48,3.44,3.4621240974419583,3.4545022660205844,3.45775179930169,3.458295436649897,2021-08-22
Sureswar,S6,test,2021-08-27,3.51,3.48,3.4846936382214695,3.494501453248015,3.492214819450812,3.492611256785814,2021-08-22
Sureswar,S6,test,2021-08-28,3.51,3.51,3.5000361683475667,3.524530955052042,3.520562278454648,3.5168031410664664,2021-08-22
Sureswar,S6,test,2021-08-29,3.52,3.51,3.5002555721123474,3.5245265881630448,3.526359428798562,3.5275269451569717,2021-08-22
Sureswar,S6,test,2021-08-30,3.47,3.52,3.498306085901161,3.534603993248775,3.5317212091743664,3.5231882746431733,2021-08-22
Sureswar,S6,test,2021-08-31,3.46,3.47,3.44112597103715,3.4847312022771937,3.4894042534998775,3.4725738234880676,2021-08-22
Sureswar,S6,test,2021-09-01,3.46,3.46,3.4658758152124958,3.4748250161676246,3.4915876094204386,3.476342106161457,2021-08-22
Sureswar,S6,test,2021-09-02,3.49,3.46,3.503420196843396,3.474896372998612,3.5017173914710447,3.483284716823255,2021-08-22
Sureswar,S6,test,2021-09-03,3.55,3.49,3.5500812428942856,3.50488250433822,3.5429716919108443,3.5235252346891865,2021-08-22
Sureswar,S6,test,2021-09-04,3.64,3.55,3.6406622595036833,3.5647945743077774,3.606669932237592,3.5847598552378064,2021-08-22
Sureswar,S6,test,2021-09-05,3.76,3.64,3.739587333824259,3.6546322577982564,3.692376787782677,3.668304962097972,2021-08-22
Sureswar,S6,test,2021-09-06,3.94,3.76,3.8576127332242143,3.7743642679730445,3.801958510728408,3.7833229784753395,2021-08-22
Sureswar,S6,test,2021-09-07,4.01,3.94,4.0337508395919075,3.9539493583111347,3.965035953405925,3.959407720511622,2021-08-22
Sureswar,S6,test,2021-09-08,3.92,4.01,3.997117825612342,4.023896498343585,3.9941366604954553,3.9721451265086523,2021-08-22
Sureswar,S6,test,2021-09-09,3.81,3.92,3.821648554167536,3.9339334810290225,3.888299635469022,3.8704962369480023,2021-08-22
Sureswar,S6,test,2021-09-10,3.7,3.81,3.696262640803999,3.824122673627111,3.765734927272345,3.7593091320039047,2021-08-22
Sureswar,S6,test,2021-09-11,3.67,3.7,3.6342975332621,3.7143256689436672,3.658558684428995,3.6684794183077045,2021-08-22
Sureswar,S6,test,2021-09-12,3.67,3.67,3.5908254524082053,3.684524380182016,3.6286124807718863,3.6428952147439304,2021-08-22
Sureswar,S6,test,2021-09-13,3.65,3.67,3.607354188408941,3.6846793890993723,3.6315645590751946,3.643693638963697,2021-08-22
Sureswar,S6,test,2021-09-14,3.55,3.65,3.5467331776229454,3.6648854928876218,3.6044806468287454,3.601123959912399,2021-08-22
Sureswar,S6,test,2021-09-15,3.29,3.55,3.4091751357062003,3.565183604984373,3.4981765423230384,3.4864090321330212,2021-08-22
Sureswar,S6,test,2021-09-16,3.07,3.29,3.161700155652433,3.3056354961048946,3.2427349144032562,3.2292498139612866,2021-08-22
Sureswar,S6,test,2021-09-17,3.06,3.07,3.0406706793171203,3.086017911426189,3.041305572683374,3.0405069984840654,2021-08-22
Sureswar,S6,test,2021-09-18,3.07,3.06,3.124504737596025,3.0762840251269457,3.045345414633734,3.052030369030097,2021-08-22
Sureswar,S6,test,2021-09-19,3.11,3.07,3.1682304028521866,3.0863829297340204,3.0644587371750056,3.070773167266116,2021-08-22
Sureswar,S6,test,2021-09-20,3.1,3.11,3.186666627410297,3.126412891904699,3.1034155579974847,3.101912487257001,2021-08-22
Sureswar,S6,test,2021-09-21,3.14,3.1,3.162364049535174,3.1163992195365497,3.0913367213158356,3.0872691516128654,2021-08-22
Sureswar,S12,lead,2021-04-23,0.6,,,,,,
Sureswar,S12,lead,2021-04-24,0.73,,,,,,
Sureswar,S12,lead,2021-04-25,0.89,,,,,,
Sureswar,S12,lead,2021-04-26,1.05,,,,,,
Sureswar,S12,lead,2021-04-27,1.22,,,,,,
Sureswar,S12,lead,2021-04-28,1.35,,,,,,
Sureswar,S12,lead,2021-04-29,1.32,,,,,,
Sureswar,S12,lead,2021-04-30,1.2,,,,,,
Sureswar,S12,lead,2021-05-01,0.98,,,,,,
Sureswar,S12,lead,2021-05-02,0.95,,,,,,
Sureswar,S12,lead,2021-05-03,0.8,,,,,,
Sureswar,S12,lead,2021-05-04,0.72,,,,,,
Sureswar,S12,lead,2021-05-05,0.61,,,,,,
Sureswar,S12,lead,2021-05-06,0.59,,,,,,
Sureswar,S12,lead,2021-05-07,0.67,,,,,,
Sureswar,S12,lead,2021-05-08,0.73,,,,,,
Sureswar,S12,lead,2021-05-09,0.76,,,,,,
Sureswar,S12,lead,2021-05-10,0.85,,,,,,
Sureswar,S12,lead,2021-05-11,0.96,,,,,,
Sureswar,S12,test,2021-06-22,2.43,2.28,2.5247203132080753,2.2514245899553393,2.2278532755571487,2.256123395965768,2021-08-22
Sureswar,S12,test,2021-06-23,2.57,2.43,2.588623870999617,2.401155612107623,2.3989624985210205,2.405826385208855,2021-08-22
Sureswar,S12,test,2021-06-24,2.65,2.57,2.6499948297356193,2.540737133679648,2.5537267255746543,2.545378098865903,2021-08-22
Sureswar,S12,test,2021-06-25,2.68,2.65,2.6530740352099818,2.620277106067659,2.6425159272860372,2.6249846719170473,2021-08-22
Sureswar,S12,test,2021-06-26,2.72,2.68,2.593251395131964,2.6499227120534434,2.677627704711903,2.654699917468209,2021-08-22
Sureswar,S12,test,2021-06-27,2.64,2.72,2.529276200009342,2.6897211193393815,2.715739550970643,2.694500883493627,2021-08-22
Sureswar,S12,test,2021-06-28,2.51,2.64,2.4533108424420313,2.6095375468514312,2.6381834556569306,2.6144708589527887,2021-08-22
Sureswar,S12,test,2021-06-29,2.5,2.51,2.4132930272112976,2.479513548046281,2.508721906988404,2.484648567806035,2021-08-22
Sureswar,S12,test,2021-06-30,2.52,2.5,2.4891702941099303,2.4695704287905325,2.5037090312132544,2.4747937670612306,2021-08-22
Sureswar,S12,test,2021-07-01,2.57,2.52,2.591734797575747,2.489617012192545,2.5344691447446617,2.4948511365645105,2021-08-22
Sureswar,S12,test,2021-07-02,2.68,2.57,2.677826090322896,2.5395817974729127,2.596470528881238,2.5447934202633666,2021-08-22
Sureswar,S12,test,2021-07-03,2.74,2.68,2.7329492463638823,2.6494435567708896,2.713164707136235,2.6545889200471007,2021-08-22
Sureswar,S12,test,2021-07-04,2.76,2.74,2.7209082727211085,2.7093099266138374,2.7752485074327153,2.7143870709187543,2021-08-22
Sureswar,S12,test,2021-07-05,2.78,2.76,2.781332512888421,2.7291327006250383,2.798762216232474,2.7342175014997907,2021-08-22
Sureswar,S12,test,2021-07-06,2.83,2.78,2.8897370839014997,2.748929475603184,2.822136025005586,2.7540649025802595,2021-08-22
Sureswar,S12,test,2021-07-07,2.9,2.83,2.897059254865159,2.7986742530064337,2.8732018743462517,2.803882613146163,2021-08-22
Sureswar,S12,test,2021-07-08,3.0,2.9,2.9233636065121185,2.868358580005267,2.94196188826858,2.873666936312622,2021-08-22
Sureswar,S12,test,2021-07-09,3.01,3.0,2.9974597749910235,2.9680428495319333,3.035958013617629,2.973404956560893,2021-08-22
Sureswar,S12,test,2021-07-10,2.98,3.01,3.004733992416127,2.9778330687532932,3.0380043529574614,2.9832515677674736,2021-08-22
Sureswar,S12,test,2021-07-11,2.99,2.98,2.9482191051841946,2.9476848652265186,3.0012904180309583,2.95319187678161,2021-08-22
Sureswar,S12,test,2021-07-12,3.0,2.99,2.945886528672784,2.9575632403666234,3.0030640666737054,2.9631379182760167,2021-08-22
Sureswar,S12,test,2021-07-13,2.96,3.0,2.963108917080599,2.967460161333001,3.0036590785668387,2.9730848164495653,2021-08-22
Sureswar,S12,test,2021-07-14,2.96,2.96,2.9410510229405,2.927396099023921,2.9540878048139825,2.933101093353271,2021-08-22
Sureswar,S12,test,2021-07-15,2.92,2.96,2.931972168139816,2.9274402921732356,2.94310607565842,2.933141009001455,2021-08-22
Sureswar,S12,test,2021-07-16,2.88,2.92,2.8430474612948418,2.8876091385235654,2.8970203600273052,2.8932491298669105,2021-08-22
Sureswar,S12,test,2021-07-17,2.87,2.88,2.841697602190904,2.8477143199578347,2.861018464515158,2.8533483484410254,2021-08-22
Sureswar,S12,test,2021-07-18,2.86,2.87,2.85005681160292,2.837838285457704,2.8541314081036133,2.843428617410051,2021-08-22
Sureswar,S12,test,2021-07-19,2.86,2.86,2.8151531674217893,2.8279463689908115,2.849657507295239,2.8335006005626915,2021-08-22
Sureswar,S12,test,2021-07-20,2.85,2.86,2.8012686141230554,2.828030145726899,2.8561325422117014,2.833546300759947,2021-08-22
Sureswar,S12,test,2021-07-21,2.88,2.85,2.824235227015209,2.8180316625991417,2.8529708970120446,2.8235590870891194,2021-08-22
Sureswar,S12,test,2021-07-22,3.01,2.88,2.8959569859612526,2.847877076714513,2.8888226860632495,2.8534888315400013,2021-08-22
Sureswar,S12,test,2021-07-23,3.14,3.01,3.0535393132482063,2.977656437625986,3.0136001656657,2.9832786445264694,2021-08-22
Sureswar,S12,test,2021-07-24,3.26,3.14,3.116339107809764,3.1073428876565017,3.1341210593397406,3.112967962761981,2021-08-22
Sureswar,S12,test,2021-07-25,3.21,3.26,3.0987360501487906,3.227068877064431,3.236938416014773,3.2326542064821524,2021-08-22
Sureswar,S12,test,2021-07-26,3.11,3.21,3.009772297107108,3.176936863005073,3.1680821812150146,3.182523807538059,2021-08-22
Sureswar,S12,test,2021-07-27,2.9,3.11,2.9267805252475756,3.076983736223998,3.053131514573669,3.0825839180216223,2021-08-22
Sureswar,S12,test,2021-07-28,2.97,2.9,2.868723026877283,2.867092022137729,2.8391402503789513,2.872857133827654,2021-08-22
Sureswar,S12,test,2021-07-29,3.02,2.97,2.9370360113782663,2.93715574010502,2.908936890272944,2.9429524236633626,2021-08-22
Sureswar,S12,test,2021-07-30,3.02,3.02,2.879697673761557,2.987284633966034,2.9581079500475,2.9929836384183983,2021-08-22
Sureswar,S12,test,2021-07-31,2.89,3.02,2.8189671341183735,2.9874423385753617,2.9615320150379625,2.9930199696699638,2021-08-22
Sureswar,S12,test,2021-08-01,2.81,2.89,2.7797997078559398,2.8577086474058073,2.839519987564401,2.8632232276032306,2021-08-22
Sureswar,S12,test,2021-08-02,2.75,2.81,2.7386962008277465,2.7779874522572983,2.772130256892653,2.7834669700117716,2021-08-22
Sureswar,S12,test,2021-08-03,2.69,2.75,2.648801408401236,2.7182728290756746,2.7251378702418094,2.723708018105464,2021-08-22
Sureswar,S12,test,2021-08-04,2.73,2.69,2.645314423238911,2.6584468803412524,2.6826311029828247,2.663915856619581,2021-08-22
Sureswar,S12,test,2021-08-05,2.79,2.73,2.724094452659885,2.6985622589098788,2.7385627524680385,2.7039873382416,2021-08-22
Sureswar,S12,test,2021-08-06,2.83,2.79,2.8198946254246624,2.7585385081683564,2.815941210220989,2.763922587248944,2021-08-22
Sureswar,S12,test,2021-08-07,2.98,2.83,2.901409106482364,2.798392812785906,2.867200275986095,2.8038009982477514,2021-08-22
Sureswar,S12,test,2021-08-08,3.03,2.98,2.9905885940076318,2.9481544236395743,3.020988988614866,2.9535262473945174,2021-08-22
Sureswar,S12,test,2021-08-09,3.06,3.03,2.9868122313085306,2.997902659688375,3.0692029354067394,3.003291191633886,2021-08-22
Sureswar,S12,test,2021-08-10,3.11,3.06,3.007643393158244,3.027648413136037,3.0948554292465835,3.0330995671479415,2021-08-22
Sureswar,S12,test,2021-08-11,3.08,3.11,3.064167105169391,3.077395312097323,3.1379201061285187,3.082909902610264,2021-08-22
Sureswar,S12,test,2021-08-12,3.08,3.08,3.0795543926531406,3.0471815706512952,3.1002244807627903,3.0528210732356107,2021-08-22
Sureswar,S12,test,2021-08-13,3.15,3.08,3.0808731504342313,3.0470251903578895,3.0911106476375747,3.0527817470455534,2021-08-22
Sureswar,S12,test,2021-08-14,3.15,3.15,3.131426286018604,3.116901783860809,3.154139906928039,3.1226864699814367,2021-08-22
Sureswar,S12,test,2021-08-15,3.16,3.15,3.106560775931329,3.116788285172389,3.153192731226922,3.122630684155654,2021-08-22
Sureswar,S12,test,2021-08-16,3.18,3.16,3.13761004774781,3.1266553869258433,3.1667337054122764,3.1325872396181595,2021-08-22
Sureswar,S12,test,2021-08-17,3.25,3.18,3.179566468363941,3.146573327477762,3.1898564531630034,3.1525433809863315,2021-08-22
Sureswar,S12,test,2021-08-18,3.32,3.25,3.2296095406935903,3.2164190599005202,3.269104607830531,3.2224314050647345,2021-08-22
Sureswar,S12,test,2021-08-19,3.39,3.32,3.3078520272866325,3.2862512190675095,3.3459638596582457,3.29228167631506,2021-08-22
Sureswar,S12,test,2021-08-20,3.41,3.39,3.386530226321751,3.3560469605290755,3.4226769462562636,3.3621092878126118,2021-08-22
Sureswar,S12,test,2021-08-21,3.41,3.41,3.378975135214915,3.3759065476738592,3.4456637521916575,3.381987657058135,2021-08-22
Sureswar,S12,test,2021-08-22,3.48,3.41,3.4162950679124906,3.3757267978218533,3.4499440021621233,3.3819016222062124,2021-08-22
Sureswar,S12,test,2021-08-23,3.52,3.48,3.4950520495380464,3.4455516594972484,3.5194394515498773,3.451774127325816,2021-08-22
Sureswar,S12,test,2021-08-24,3.5,3.52,3.5324609725997997,3.4853444482648204,3.5568321436678345,3.491642676198968,2021-08-22
Sureswar,S12,test,2021-08-25,3.44,3.5,3.470648255001444,3.4652231878865325,3.528548953319614,3.4715910146152034,2021-08-22
Sureswar,S12,test,2021-08-26,3.48,3.44,3.4620560772753812,3.4051483689490922,3.4624774643831624,3.4116273384985423,2021-08-22
Sureswar,S12,test,2021-08-27,3.51,3.48,3.501502650163642,3.4451233297503507,3.494218181965298,3.451610384700423,2021-08-22
Sureswar,S12,test,2021-08-28,3.51,3.51,3.5009253859652736,3.475132409370344,3.5183605833130507,3.4815725576988634,2021-08-22
Sureswar,S12,test,2021-08-29,3.52,3.51,3.512278853317925,3.475111064109189,3.516997494309235,3.4815468224483195,2021-08-22
Sureswar,S12,test,2021-08-30,3.47,3.52,3.506579164555694,3.4851997520138926,3.522662593711093,3.491537175966096,2021-08-22
Sureswar,S12,test,2021-08-31,3.46,3.47,3.455647527165616,3.43533810569539,3.476788600665074,3.4415949104421983,2021-08-22
Sureswar,S12,test,2021-09-01,3.46,3.46,3.4623595550641078,3.4254505011146854,3.476961893896089,3.431639842870245,2021-08-22
Sureswar,S12,test,2021-09-02,3.49,3.46,3.4843510910120536,3.4255515902359193,3.4866668145073096,3.4316688171931893,2021-08-22
Sureswar,S12,test,2021-09-03,3.55,3.49,3.5110815860775837,3.455555491957495,3.5278599935904382,3.4616512567444153,2021-08-22
Sureswar,S12,test,2021-09-04,3.64,3.55,3.5881873164400595,3.515484021142207,3.5947371199989866,3.5215721504815427,2021-08-22
Sureswar,S12,test,2021-09-05,3.76,3.64,3.6731587382328152,3.6053235087473428,3.687465094871472,3.6114181515989636,2021-08-22
Sureswar,S12,test,2021-09-06,3.94,3.76,3.761032959338693,3.7250998108623583,3.806256783326175,3.731183787469199,2021-08-22
Sureswar,S12,test,2021-09-07,4.01,3.94,3.897182675208721,3.904839800883199,3.978086003624919,3.9107543844172983,2021-08-22
Sureswar,S12,test,2021-09-08,3.92,4.01,3.85408855963954,3.97466253166747,4.021871677866023,3.980468213304098,2021-08-22
Sureswar,S12,test,2021-09-09,3.81,3.92,3.7253248018580107,3.8845655196316056,3.9084815393172883,3.890398620404156,2021-08-22
Sureswar,S12,test,2021-09-10,3.7,3.81,3.687651613631211,3.7746159993518282,3.775675867657379,3.7805278482914404,2021-08-22
Sureswar,S12,test,2021-09-11,3.67,3.7,3.6394367435555406,3.6647415725987345,3.653692015970316,3.670712232266743,2021-08-22
Sureswar,S12,test,2021-09-12,3.67,3.67,3.5761967551725475,3.6349360888679993,3.614819109608662,3.640867647813683,2021-08-22
Sureswar,S12,test,2021-09-13,3.65,3.67,3.629161071268197,3.635133736633557,3.6105367592024087,3.640972489818316,2021-08-22
Sureswar,S12,test,2021-09-14,3.55,3.65,3.5677990058765934,3.6154269856651986,3.585641688688158,3.621072764504906,2021-08-22
Sureswar,S12,test,2021-09-15,3.29,3.55,3.335604399685242,3.515845614896211,3.484680150839812,3.5212463658174484,2021-08-22
Sureswar,S12,test,2021-09-16,3.07,3.29,3.068033895103318,3.2564247972929423,3.226548129885512,3.2617152522482407,2021-08-22
Sureswar,S12,test,2021-09-17,3.06,3.07,2.953601658159643,3.036944403648144,3.018829877499107,3.042242516155708,2021-08-22
Sureswar,S12,test,2021-09-18,3.07,3.06,3.017701879492424,3.027365320959113,3.0199012180437688,3.032576548812623,2021-08-22
Sureswar,S12,test,2021-09-19,3.11,3.07,3.0523498597798504,3.0376062693361394,3.04163931002466,3.0427472549033383,2021-08-22
Sureswar,S12,test,2021-09-20,3.1,3.11,3.0450226586746822,3.077744181906473,3.088333066080274,3.082804503076488,2021-08-22
Sureswar,S12,test,2021-09-21,3.14,3.1,3.0850733875415464,3.0678053799402782,3.0826079756829277,3.072842828170163,2021-08-22
Sureswar,S36,test,2020-09-21,3.15,3.12,3.1194274607869774,3.13500284887445,3.100638911776212,3.144468666474457,2021-08-22
Sureswar,S36,test,2020-09-22,3.2,3.15,3.150509901405659,3.135266521305988,3.114410273411645,3.1464143705186323,2021-08-22
Sureswar,S36,test,2020-09-23,3.11,3.2,3.082324699544403,3.1036405620283385,3.117802281293224,3.1129845750440333,2021-08-22
Sureswar,S36,test,2020-09-24,2.95,3.11,2.97793137987815,3.0035573150611032,3.0209317325965386,3.0347971810741563,2021-08-22
Sureswar,S36,test,2020-09-25,2.86,2.95,2.8359449883219647,2.829221862585793,2.8608882124133466,2.8682951518617004,2021-08-22
Sureswar,S36,test,2020-09-26,2.89,2.86,2.866937491047163,2.835977528666914,2.8251083349530686,2.880631945399106,2021-08-22
Sureswar,S36,test,2020-09-27,2.9,2.89,2.8853465720644653,2.8995453484975293,2.8816828196022706,2.9111996770738884,2021-08-22
Sureswar,S36,test,2020-09-28,2.94,2.9,2.914088242877181,2.9173788751183225,2.907189166977851,2.9355725436249998,2021-08-22
Sureswar,S36,test,2020-09-29,2.96,2.94,2.963087907344985,2.9573782849295145,2.9583375864067563,2.978228369295388,2021-08-22
Sureswar,S36,test,2020-09-30,3.03,2.96,2.9944465255261523,2.9754398232700527,2.980431121923202,2.9997646836907026,2021-08-22
Sureswar,S36,test,2020-10-01,3.1,3.03,3.098741494432482,3.080126670540755,3.06140053189368,3.094136933975818,2021-08-22
Sureswar,S36,test,2020-10-02,3.21,3.1,3.166598864051383,3.153070128871182,3.132602710545644,3.1585606263948023,2021-08-22
Sureswar,S36,test,2020-10-03,3.2,3.21,3.235643489888926,3.213877727673033,3.2193212037008787,3.2242691088716904,2021-08-22
Sureswar,S36,test,2020-10-04,3.16,3.2,3.183783305656091,3.162926929710162,3.174202641181081,3.1838887884464886,2021-08-22
Sureswar,S36,test,2020-10-05,3.08,3.16,3.1250257227323814,3.113144033422541,3.108622309357292,3.1259060285540827,2021-08-22
Sureswar,S36,test,2020-10-06,2.99,3.08,3.01232179894029,2.9945643077625426,2.99423430334085,2.9953901027393024,2021-08-22
Sureswar,S36,test,2020-10-07,2.9,2.99,2.9059640564859586,2.8820374800155606,2.890466798243845,2.896277501656861,2021-08-22
Sureswar,S36,test,2020-10-08,2.76,2.9,2.8156743237446165,2.7991674541420317,2.8069631552525256,2.8244380866355665,2021-08-22
Sureswar,S36,test,2020-10-09,2.62,2.76,2.661606540604284,2.6740663761502748,2.67308594171946,2.673627896823142,2021-08-22
Sureswar,S36,test,2020-10-10,2.51,2.62,2.5457526338517606,2.523340911885864,2.5412508094247546,2.5506965685942986,2021-08-22
Sureswar,S36,test,2020-10-11,2.46,2.51,2.4803222032560654,2.464760727339313,2.4610165026312845,2.485195508024026,2021-08-22
Sureswar,S36,test,2020-10-12,2.46,2.46,2.466166459423902,2.4502082535861978,2.4396427993941345,2.46848619326541,2021-08-22
Sureswar,S36,test,2020-10-13,2.53,2.46,2.4683221013387677,2.4214513613218114,2.4350042573906205,2.445686271875073,2021-08-22
Sureswar,S36,test,2020-10-14,2.59,2.53,2.599359265180872,2.6210064928069743,2.540167328734762,2.599566485267674,2021-08-22
Sureswar,S36,test,2020-10-15,2.59,2.59,2.6333136899454144,2.672589925053656,2.5883905998928314,2.621739470036319,2021-08-22
Sureswar,S36,test,2020-10-16,2.54,2.59,2.5998541293848016,2.5959205761069124,2.5371637800493843,2.5541634706325143,2021-08-22
Sureswar,S36,test,2020-10-17,2.52,2.54,2.5171665924415207,2.536036188565093,2.45957997991526,2.489825643421186,2021-08-22
Sureswar,S36,test,2020-10-18,2.54,2.52,2.483318693967382,2.4662141343007176,2.418054773478547,2.4517495113652052,2021-08-22
Sureswar,S36,test,2020-10-19,2.43,2.54,2.4557459375109367,2.4489516201844244,2.419067798341135,2.4250755129698582,2021-08-22
Sureswar,S36,test,2020-10-20,2.22,2.43,2.307594380774663,2.3275035571041234,2.2994736531224738,2.311844342089197,2021-08-22
Sureswar,S36,test,2020-10-21,2.16,2.22,2.1656779096421537,2.1507859217818,2.102639660954194,2.155955188824285,2021-08-22
Sureswar,S36,test,2020-10-22,2.22,2.16,2.2139079592089685,2.2249503939066213,2.091190088270601,2.195149000768267,2021-08-22
Sureswar,S36,test,2020-10-23,2.39,2.22,2.3522432670263727,2.3503814015186397,2.196471359665317,2.317612325345776,2021-08-22
Sureswar,S36,test,2020-10-24,2.14,2.39,2.2861400785892,2.2412559087072013,2.2624573920887263,2.220790214012599,2021-08-22
Sureswar,S36,test,2020-10-25,1.84,2.14,1.9259290924395003,1.9653579444568912,1.9710143020123148,1.9473479385131283,2021-08-22
Sureswar,S36,test,2020-10-26,1.73,1.84,1.696958219192857,1.6912530326602166,1.6940578575369616,1.7021525157424968,2021-08-22
Sureswar,S36,test,2020-10-27,1.68,1.73,1.7064345101231508,1.6750444180304667,1.6254272229450768,1.6858523289751064,2021-08-22
Sureswar,S36,test,2020-10-28,1.67,1.68,1.6738680536229311,1.650101778158614,1.6031902657171317,1.666454730658213,2021-08-22
Sureswar,S36,test,2020-10-29,1.67,1.67,1.6639705054464395,1.661114840517543,1.6154448506513246,1.6720296325582524,2021-08-22
Sureswar,S36,test,2020-10-30,1.69,1.67,1.7026019215191022,1.6771990024593624,1.632957611039861,1.6789688323966008,2021-08-22
Sureswar,S36,test,2020-10-31,1.86,1.69,1.8280863820595425,1.8068614202097664,1.703212738062489,1.7986956317699858,2021-08-22
Sureswar,S36,test,2020-11-01,1.94,1.86,1.9587715626516171,1.8945581413816293,1.8602772955776226,1.895909880967876,2021-08-22
Sureswar,S36,test,2020-11-02,1.99,1.94,1.967089200256139,1.924427391157904,1.8949988840021958,1.91727614427002,2021-08-22
Sureswar,S36,test,2020-11-03,1.91,1.99,1.9299143657838176,1.9273190562412978,1.9019167667052737,1.9160291797396651,2021-08-22
Sureswar,S36,test,2020-11-04,1.75,1.91,1.8135591928091206,1.7977813698742515,1.7858226506710302,1.7929426564985427,2021-08-22
Sureswar,S36,test,2020-11-05,1.58,1.75,1.6476979385748844,1.618402936780652,1.612790694590366,1.6123590119214894,2021-08-22
Sureswar,S36,test,2020-11-06,1.41,1.58,1.444401149022108,1.4104784305469076,1.4351100513372999,1.418104125324527,2021-08-22
Sureswar,S36,test,2020-11-07,1.25,1.41,1.2799028922899636,1.2762126871939532,1.2746026880754393,1.262374679000726,2021-08-22
Sureswar,S36,test,2020-11-08,1.14,1.25,1.1742702507846414,1.2151131982686298,1.1442362079491,1.17333804260352,2021-08-22
Sureswar,S36,test,2020-11-09,1.09,1.14,1.1183459598034613,1.1419884122140205,1.0698072609132925,1.105808898555507,2021-08-22
Sureswar,S36,test,2020-11-10,1.07,1.09,1.0968184890682984,1.112268849038397,1.0491645184987777,1.0654067147285837,2021-08-22
Sureswar,S36,test,2020-11-11,1.09,1.07,1.109038738572576,1.107714536538629,1.0609858518075337,1.0801538666129276,2021-08-22
Sureswar,S36,test,2020-11-12,1.21,1.09,1.1891476055143873,1.2034244961289173,1.126545238693269,1.1707690537707722,2021-08-22
Sureswar,S36,test,2020-11-13,1.31,1.21,1.2799283491928857,1.301620432969978,1.239221475921791,1.263268966576451,2021-08-22
Sureswar,S36,test,2020-11-14,1.39,1.31,1.3711052488312365,1.402551033895018,1.3235814500321548,1.3627728804276653,2021-08-22
Sureswar,S36,test,2020-11-15,1.36,1.39,1.3625544368559888,1.3436844086976356,1.3399609943865218,1.3402348300100535,2021-08-22
Sureswar,S36,test,2020-11-16,1.42,1.36,1.3744665564275829,1.432328367167879,1.3125898690999576,1.3696193502849363,2021-08-22
Sureswar,S36,test,2020-11-17,1.39,1.42,1.3525141137827625,1.3669378815381463,1.335372083506041,1.3359324572939544,2021-08-22
Sureswar,S36,test,2020-11-18,1.29,1.39,1.2959884097599226,1.3258932719266647,1.2822974407096464,1.2779130249194866,2021-08-22
Sureswar,S36,test,2020-11-19,1.06,1.29,1.1227699078077138,1.1376712357015317,1.156487809049609,1.1147361351097764,2021-08-22
Sureswar,S36,test,2020-11-20,0.9,1.06,0.9103553268300009,0.9263674225162405,0.931633416611135,0.9041954170797237,2021-08-22
Sureswar,S36,test,2020-11-21,0.8,0.9,0.8045609715005391,0.7795245785144628,0.789513700852358,0.7861290149721233,2021-08-22
Sureswar,S36,test,2020-11-22,0.69,0.8,0.7129824757610235,0.7268405565336599,0.7053129953334784,0.708637591804281,2021-08-22
Sureswar,S36,test,2020-11-23,0.51,0.69,0.6264602288699319,0.7033231740225355,0.6215083907761244,0.6471286816777077,2021-08-22
Sureswar,S36,test,2020-11-24,0.5,0.51,0.4879674737998053,0.5463663735365055,0.46971736063864983,0.4992829373974927,2021-08-22
Sureswar,S36,test,2020-11-25,0.55,0.5,0.5252125953387063,0.5042131883453203,0.4824229329581333,0.5086778942797838,2021-08-22
Sureswar,S36,test,2020-11-26,0.59,0.55,0.5750763517978927,0.5750338161980317,0.5580802287479295,0.580846667159325,2021-08-22
Sureswar,S36,test,2020-11-27,0.65,0.59,0.6406823145381889,0.6395475764831277,0.6322532632344203,0.6677082247618001,2021-08-22
Sureswar,S36,test,2020-11-28,0.69,0.65,0.652763035951472,0.6637874369111608,0.6663955866103267,0.6594877985976398,2021-08-22
Sureswar,S36,test,2020-11-29,0.69,0.69,0.6752163030040131,0.6683719865771746,0.6823905161507501,0.6798477880321533,2021-08-22
Sureswar,S36,test,2020-11-30,0.74,0.69,0.6767621266651223,0.6801820755668727,0.6812346464738924,0.7072991297252796,2021-08-22
Sureswar,S36,test,2020-12-01,0.76,0.74,0.7295110961035587,0.7367486880121747,0.7276409137953924,0.7571612292641271,2021-08-22
Sureswar,S36,test,2020-12-02,0.8,0.76,0.7459770132003162,0.7883370954685013,0.7404808033401387,0.7848083176370775,2021-08-22
Sureswar,S36,test,2020-12-03,0.78,0.8,0.7495642965780347,0.7864213145873092,0.752470186598924,0.7792578075505254,2021-08-22
Sureswar,S36,test,2020-12-04,0.69,0.78,0.7082976337411552,0.719962031573978,0.6979032605012102,0.7124337588934563,2021-08-22
Sureswar,S36,test,2020-12-05,0.62,0.69,0.6366035198901313,0.6403359370423504,0.6066857439306222,0.6528463824192959,2021-08-22
Sureswar,S36,test,2020-12-06,0.58,0.62,0.5864293808548487,0.6138300805252243,0.5501531455083013,0.6097286757473795,2021-08-22
Sureswar,S36,test,2020-12-07,0.52,0.58,0.5247903732950334,0.5623249958189412,0.5048097697714792,0.5300504494340205,2021-08-22
Sureswar,S36,test,2020-12-08,0.45,0.52,0.45711119957318125,0.5054539456984127,0.4455288793831453,0.4716032112230287,2021-08-22
Sureswar,S36,test,2020-12-09,0.41,0.45,0.38790725983864094,0.41410017113522374,0.37747622682943677,0.40204894408046465,2021-08-22
Sureswar,S36,test,2020-12-10,0.45,0.41,0.3946456819529173,0.3849799473038941,0.35960051784757513,0.4098345006820714,2021-08-22
Sureswar,S36,test,2020-12-11,0.48,0.45,0.45050180724477745,0.4538663450679831,0.42781443341242403,0.4859118991939026,2021-08-22
Sureswar,S36,test,2020-12-12,0.57,0.48,0.4931843712029641,0.509492840941073,0.47489671135742073,0.5376132325509788,2021-08-22
Sureswar,S36,test,2020-12-13,0.71,0.57,0.604561526332852,0.6289830997215625,0.5764100478469469,0.6491273702013101,2021-08-22
Sureswar,S36,test,2020-12-14,0.77,0.71,0.7356461194986063,0.775124468647626,0.7071969390334919,0.7772375363178825,2021-08-22
Sureswar,S36,test,2020-12-15,0.73,0.77,0.7093211700831372,0.7195480479653978,0.7020027732665226,0.7214964819183279,2021-08-22
Sureswar,S36,test,2020-12-16,0.72,0.73,0.6447597151675628,0.6550234061365624,0.6248943653372389,0.6789850877324531,2021-08-22
Sureswar,S36,test,2020-12-17,0.57,0.72,0.5872586094943237,0.6197493862988017,0.5878809142803781,0.6179314130327058,2021-08-22
Sureswar,S36,test,2020-12-18,0.43,0.57,0.48254517036249667,0.48976564272890677,0.4535836315032027,0.48680607653810976,2021-08-22
Sureswar,S36,test,2020-12-19,0.33,0.43,0.34195295378778084,0.3621853243571127,0.32574978559519646,0.3407978645929289,2021-08-22
Sureswar,S36,test,2020-12-20,0.26,0.33,0.2557837425505547,0.2508729607631186,0.2336826122319605,0.22927199445541688,2021-08-22
Sureswar,S36,test,2020-12-21,0.26,0.26,0.2515625990109448,0.23537082156235156,0.19117556023881854,0.24093390082517904,2021-08-22
Sureswar,S36,test,2020-12-22,0.28,0.26,0.2544199869519519,0.24213429293267882,0.2070039307560524,0.2332619855758095,2021-08-22
Sureswar,S36,test,2020-12-23,0.27,0.28,0.27031449491070425,0.25652340837637727,0.23599652528286139,0.23588894814347658,2021-08-22
Sureswar,S36,test,2020-12-24,0.24,0.27,0.25858454550467697,0.25705221344124835,0.2441415573883899,0.2536880313793089,2021-08-22
Sureswar,S36,test,2020-12-25,0.21,0.24,0.23790713298321942,0.23868428261229843,0.22616539209287437,0.24061153168302937,2021-08-22
Sureswar,S36,test,2020-12-26,0.2,0.21,0.2395687173211301,0.2783387507412712,0.22997164895102218,0.2652546103858733,2021-08-22
Sureswar,S36,test,2020-12-27,0.24,0.2,0.18814822962728384,0.2379042837384453,0.20714382467409306,0.2061250945042897,2021-08-22
Sureswar,S36,test,2020-12-28,0.28,0.24,0.21832279684756448,0.1869552536608361,0.2194295584855114,0.1944433490634717,2021-08-22
Sureswar,S36,test,2020-12-29,0.32,0.28,0.28172812157999644,0.2300328336462392,0.2701225398963481,0.28708694198215196,2021-08-22
Sureswar,S36,test,2020-12-30,0.36,0.32,0.31515354251085825,0.2803566319849222,0.306819784405963,0.32510840091029164,2021-08-22
Sureswar,S36,test,2020-12-31,0.39,0.36,0.3569821437229659,0.3304965655386372,0.3414859929958547,0.35220428911260776,2021-08-22
Sureswar,S36,test,2021-01-01,0.43,0.39,0.40915777589259655,0.43045806366675743,0.39415804114301584,0.44229614867700867,2021-08-22
Sureswar,S36,test,2021-01-02,0.4,0.43,0.4522779156751067,0.5022965249337974,0.4404224861557607,0.486161435989173,2021-08-22
Sureswar,S36,test,2021-01-03,0.35,0.4,0.4041603972919947,0.4451045951889867,0.38887940303985175,0.41933874585184056,2021-08-22
Sureswar,S36,test,2021-01-04,0.32,0.35,0.28914625997066407,0.2745537496612135,0.2768892655849537,0.27265242695569686,2021-08-22
Sureswar,S36,test,2021-01-05,0.33,0.32,0.29198464121571593,0.2670779110729696,0.24450383626524475,0.2865752412471326,2021-08-22
Sureswar,S36,test,2021-01-06,0.27,0.33,0.2787272516372242,0.2759489228236299,0.24571127729730094,0.2789190325227826,2021-08-22
Sureswar,S36,test,2021-01-07,0.22,0.27,0.2119879087581179,0.19566999542460706,0.1759882951599988,0.19814399500791605,2021-08-22
Sureswar,S36,test,2021-01-08,0.18,0.22,0.15890208109511395,0.1723517723547202,0.13783390183201708,0.17135720484926975,2021-08-22
Sureswar,S36,test,2021-01-09,0.14,0.18,0.1516537608251193,0.17278204301223,0.12487038323455886,0.169783468436948,2021-08-22
Sureswar,S36,test,2021-01-10,0.24,0.14,0.17585474298818404,0.18096160556789978,0.12428874671931987,0.19107012080487537,2021-08-22
Sureswar,S36,test,2021-01-11,0.36,0.24,0.2890522627569313,0.30081177228189243,0.2492459684837732,0.30185409165424976,2021-08-22
Sureswar,S36,test,2021-01-12,0.43,0.36,0.43784741112639464,0.4549724817087009,0.39093009199511647,0.4515841628218931,2021-08-22
Sureswar,S36,test,2021-01-13,0.52,0.43,0.48370352132122935,0.5031199252019919,0.4432198824927463,0.47734793680274906,2021-08-22
Sureswar,S36,test,2021-01-14,0.59,0.52,0.5041536667788572,0.4999362121097109,0.46148833572798176,0.4540276601378748,2021-08-22
Sureswar,S36,test,2021-01-15,0.55,0.59,0.5489071672417978,0.5430370245021607,0.4842323652307677,0.5104675240202324,2021-08-22
Sureswar,S36,test,2021-01-16,0.48,0.55,0.45374132346395807,0.4378064953402707,0.40581440323287565,0.4179459409038006,2021-08-22
Sureswar,S36,test,2021-01-17,0.35,0.48,0.38154795573142225,0.36549919064129366,0.34062510710656085,0.3404183992185539,2021-08-22
Sureswar,S36,test,2021-01-18,0.26,0.35,0.22491302953586773,0.214717662048163,0.21579361918671233,0.1899595391300499,2021-08-22
Sureswar,S36,test,2021-01-19,0.23,0.26,0.19005930094329027,0.1883256473338235,0.15024547106252137,0.165048808448129,2021-08-22
Sureswar,S36,test,2021-01-20,0.21,0.23,0.17039888575125217,0.1837053499147433,0.13350495241849916,0.1374744544915075,2021-08-22
Sureswar,S36,test,2021-01-21,0.15,0.21,0.15007793465358185,0.189797061367022,0.12388960711247686,0.11976740092536418,2021-08-22
Sureswar,S36,test,2021-01-22,0.04,0.15,0.05269732569180223,0.08926702283659287,0.06302592820571246,0.02760720187445777,2021-08-22
Sureswar,S36,test,2021-01-23,-0.01,0.04,-0.04618305444944936,-0.029524086124329513,-0.04343915639870829,-0.072318992181986,2021-08-22
Sureswar,S36,test,2021-01-24,0.02,-0.01,0.00207238350876744,-0.03564255858584949,-0.038329449558182536,-0.025426554588016233,2021-08-22
Sureswar,S36,test,2021-01-25,0.07,0.02,0.029001436889086647,0.02374643587852393,0.015495123987417578,0.011431788884278135,2021-08-22
Sureswar,S36,test,2021-01-26,0.07,0.07,0.07326043759062595,0.09626176542933113,0.0766183813755738,0.05870384883231658,2021-08-22
Sureswar,S36,test,2021-01-27,0.11,0.07,0.07880011714869581,0.07578948678411405,0.08048011120236408,0.05628938042570888,2021-08-22
Sureswar,S36,test,2021-01-28,0.16,0.11,0.13997131500516863,0.11666105984067503,0.12247857588998545,0.11117579762133256,2021-08-22
Sureswar,S36,test,2021-01-29,0.29,0.16,0.23386093839253902,0.22453403018244822,0.1921462778946603,0.2265326811140844,2021-08-22
Sureswar,S36,test,2021-01-30,0.4,0.29,0.31691041062380176,0.34243175429233785,0.30435915373351213,0.3216912053742296,2021-08-22
Sureswar,S36,test,2021-01-31,0.34,0.4,0.37978584584979497,0.39441516934328497,0.37262963996038806,0.3531840943603319,2021-08-22
Sureswar,S36,test,2021-02-01,0.27,0.34,0.2868200303241658,0.2871110595117233,0.2680846585635627,0.26316944633257044,2021-08-22
Sureswar,S36,test,2021-02-02,0.25,0.27,0.25341591370227706,0.2442409994591118,0.19093710459989718,0.2325046501171213,2021-08-22
Sureswar,S36,test,2021-02-03,0.23,0.25,0.1808512700295014,0.17294133785884044,0.13385691987890574,0.13740788521446357,2021-08-22
Sureswar,S36,test,2021-02-04,0.2,0.23,0.15607303972301745,0.15658424082967629,0.11462203625605304,0.12602313189129014,2021-08-22
Sureswar,S36,test,2021-02-05,0.16,0.2,0.14389208913456064,0.15648821697166207,0.10471752178882243,0.13900531853902273,2021-08-22
Sureswar,S36,test,2021-02-06,0.15,0.16,0.08080469433257825,0.07477496622064339,0.05588557495797194,0.042862962035498366,2021-08-22
Sureswar,S36,test,2021-02-07,0.02,0.15,0.0876547463462986,0.037518303448873226,0.05385250671856303,0.040497720355629256,2021-08-22
Sureswar,S36,test,2021-02-08,0.01,0.02,-0.05744730034510481,-0.05781086826295325,-0.07127408159721073,-0.06720847761256112,2021-08-22
Sureswar,S36,test,2021-02-09,0.05,0.01,0.019072151804586338,-0.005023902018391751,-0.044863722227194626,-0.011285270010382655,2021-08-22
Sureswar,S36,test,2021-02-10,0.14,0.05,0.1172832299446058,0.12291588165195554,0.04301693815794194,0.1057175351137486,2021-08-22
Sureswar,S36,test,2021-02-11,0.27,0.14,0.2427901923680247,0.27984744680569973,0.17844100516062,0.24586196253868986,2021-08-22
Sureswar,S36,test,2021-02-12,0.34,0.27,0.2715562966761117,0.30928839732787766,0.2521799908726287,0.22684302080751953,2021-08-22
Sureswar,S36,test,2021-02-13,0.33,0.34,0.32974316995557695,0.3118737226894253,0.28512439410644497,0.27166876634610965,2021-08-22
Sureswar,S36,test,2021-02-14,0.29,0.33,0.2912340194642521,0.28782306627295207,0.23988744592815325,0.2648321444053803,2021-08-22
Sureswar,S36,test,2021-02-15,0.19,0.29,0.239164354462327,0.22695436150010692,0.17020657713375176,0.20247431837208316,2021-08-22
Sureswar,S36,test,2021-02-16,0.12,0.19,0.10576301350207641,0.08778200239185004,0.052628865018849724,0.06625012911844634,2021-08-22
Sureswar,S36,test,2021-02-17,0.07,0.12,0.028805242232099446,-0.006402694677901809,-0.012046225862675841,-0.006779380937214992,2021-08-22
Sureswar,S36,test,2021-02-18,0.02,0.07,-0.009017982551952033,-0.03911562308884386,-0.047086503422274384,-0.04153701497939081,2021-08-22
Sureswar,S36,test,2021-02-19,0.0,0.02,-0.06106775296772843,-0.05103893003000102,-0.08366122594664722,-0.07265347966794101,2021-08-22
Sureswar,S36,test,2021-02-20,-0.12,0.0,-0.07367244997806442,-0.05168032568255746,-0.08552229320777527,-0.08970857133049183,2021-08-22
Sureswar,S36,test,2021-02-21,-0.25,-0.12,-0.2038400370120702,-0.17011765551223598,-0.1943768102428143,-0.21452824687296548,2021-08-22
Sureswar,S36,test,2021-02-22,-0.29,-0.25,-0.29626206362879115,-0.3058858213914455,-0.31024568293047344,-0.3318459062593709,2021-08-22
Sureswar,S36,test,2021-02-23,-0.19,-0.29,-0.24722940926570097,-0.3059160128465804,-0.30783594697142136,-0.2935186565330932,2021-08-22
Sureswar,S36,test,2021-02-24,-0.08,-0.19,-0.12103087803987705,-0.15817525417195646,-0.1764044280029394,-0.15788577105529822,2021-08-22
Sureswar,S36,test,2021-02-25,0.01,-0.08,0.03908656267966078,0.019339942802435003,-0.022676532178613342,0.022336552078944107,2021-08-22
Sureswar,S36,test,2021-02-26,0.17,0.01,0.11053481801143641,0.12343478998041661,0.06407605526428141,0.10472754236834579,2021-08-22
Sureswar,S36,test,2021-02-27,0.36,0.17,0.3037484353087765,0.28275797224020977,0.22007409080956056,0.2768879523553895,2021-08-22
Sureswar,S36,test,2021-02-28,0.46,0.36,0.4134024975274705,0.44358048556656265,0.35558263470731943,0.38903808898004594,2021-08-22
Sureswar,S36,test,2021-03-01,0.49,0.46,0.47214598521225326,0.4877058291196697,0.3975453432186041,0.44921761018721523,2021-08-22
Sureswar,S36,test,2021-03-02,0.41,0.49,0.4298858756368231,0.4453221496860229,0.3552482248101778,0.393236381558753,2021-08-22
Sureswar,S36,test,2021-03-03,0.23,0.41,0.3778337433345879,0.3406767058948102,0.2590617804515825,0.3328238832955925,2021-08-22
Sureswar,S36,test,2021-03-04,0.16,0.23,0.1609788709887388,0.1250256988244429,0.07153876454582715,0.10788956977071118,2021-08-22
Sureswar,S36,test,2021-03-05,0.14,0.16,0.08713368460613977,0.055071583757378174,0.015425857274260176,0.03873248521604981,2021-08-22
Sureswar,S36,test,2021-03-06,0.09,0.14,0.07338265361298138,0.08068707702705986,0.01346751571289359,0.0539602260494807,2021-08-22
Sureswar,S36,test,2021-03-07,0.01,0.09,-0.0068965607323875355,0.028595795412712538,-0.03138759973183625,-0.020315731586154868,2021-08-22
Sureswar,S36,test,2021-03-08,-0.11,0.01,-0.07259711245714381,-0.0038456574699291327,-0.0970248927168353,-0.0725233032034844,2021-08-22
Sureswar,S36,test,2021-03-09,-0.1,-0.11,-0.12925059447994208,-0.08554107413744876,-0.18924159378608643,-0.13618870642677638,2021-08-22
Sureswar,S36,test,2021-03-10,0.0,-0.1,-0.014374798734474156,-0.010269089953881788,-0.13192885181906086,-0.05302496665587728,2021-08-22
Sureswar,S36,test,2021-03-11,0.06,0.0,0.043422457395813505,0.05843304774671667,-0.02880880170720317,-0.0056852536292253675,2021-08-22
Sureswar,S36,test,2021-03-12,0.14,0.06,0.15105738259802196,0.130223078805265,0.06215525489521162,0.10863927790437584,2021-08-22
Sureswar,S36,test,2021-03-13,0.18,0.14,0.1754961732995599,0.19165526954058162,0.12292936064287785,0.14220555326205284,2021-08-22
Sureswar,S36,test,2021-03-14,0.11,0.18,0.15115723183759824,0.17972416932824778,0.1173530435270886,0.09780084127247679,2021-08-22
Sureswar,S36,test,2021-03-15,0.16,0.11,0.05505520100202815,0.08131731495033137,0.021147935434104426,0.040046649882417996,2021-08-22
Sureswar,S36,test,2021-03-16,0.12,0.16,0.1341591719737432,0.14873030596800738,0.07631140844026817,0.1104735154461582,2021-08-22
Sureswar,S36,test,2021-03-17,0.03,0.12,0.08565140737496543,0.09461465188830705,0.0315977232182006,0.04530061911804666,2021-08-22
Sureswar,S36,test,2021-03-18,-0.05,0.03,-0.0330729959871721,-0.03188954949948702,-0.06786731145790516,-0.06458899537649818,2021-08-22
Sureswar,S36,test,2021-03-19,-0.12,-0.05,-0.11205313581981005,-0.14450176926541247,-0.14942438931464522,-0.15659861262232946,2021-08-22
Sureswar,S36,test,2021-03-20,-0.16,-0.12,-0.16201785691028125,-0.20727492428418226,-0.2041506604639037,-0.20650198266253073,2021-08-22
Sureswar,S36,test,2021-03-21,-0.22,-0.16,-0.20800817239303618,-0.23539039710689239,-0.22865358459499582,-0.23333010889331507,2021-08-22
Sureswar,S36,test,2021-03-22,-0.3,-0.22,-0.2866451242019413,-0.28606080826572783,-0.27839047983533705,-0.3058061690314408,2021-08-22
Sureswar,S36,test,2021-03-23,-0.35,-0.3,-0.3369255074667098,-0.33810625471782324,-0.33305306413273933,-0.35201805149150206,2021-08-22
Sureswar,S36,test,2021-03-24,-0.31,-0.35,-0.29609286945719243,-0.31022171799964765,-0.3345698039976403,-0.3079726382726998,2021-08-22
Sureswar,S36,test,2021-03-25,-0.13,-0.31,-0.20856367383171964,-0.22245927163391596,-0.25423305379987754,-0.22348127692718886,2021-08-22
Sureswar,S36,test,2021-03-26,-0.07,-0.13,-0.04912156873472501,-0.03967373624451693,-0.06201370082768606,-0.05659464311281409,2021-08-22
Sureswar,S36,test,2021-03-27,0.04,-0.07,0.0668754702921408,0.06452888895764984,0.030171565768848944,0.07643559165554477,2021-08-22
Sureswar,S36,test,2021-03-28,0.17,0.04,0.1743445679463447,0.19084742775754723,0.13761515345864392,0.18498090706322504,2021-08-22
Sureswar,S36,test,2021-03-29,0.34,0.17,0.29838688291084353,0.28875119478773764,0.23970268806220385,0.2775789665830737,2021-08-22
Sureswar,S36,test,2021-03-30,0.55,0.34,0.43889715555464126,0.4171734418002863,0.36670397425541185,0.42003843198214774,2021-08-22
Sureswar,S36,test,2021-03-31,0.8,0.55,0.6313692083079397,0.5666160790519981,0.5189526645707734,0.6195156111921225,2021-08-22
Sureswar,S36,test,2021-04-01,0.81,0.8,0.804933315242458,0.7531740261986304,0.6851116872497102,0.7959836025924777,2021-08-22
Sureswar,S36,test,2021-04-02,0.45,0.81,0.6585852912920003,0.7015988449025498,0.6259843241352924,0.6713693681485592,2021-08-22
Sureswar,S36,test,2021-04-03,0.24,0.45,0.2502436292837998,0.3130413061344965,0.2745158658613346,0.26903493918295884,2021-08-22
Sureswar,S36,test,2021-04-04,0.04,0.24,0.08269122939713155,0.12617344390627255,0.093414929217058,0.08723752382172707,2021-08-22
Sureswar,S36,test,2021-04-05,0.37,0.04,-0.20505719155931193,-0.17259147553385898,-0.12601021167847495,-0.19675039403525552,2021-08-22
Sureswar,S36,test,2021-04-06,0.34,0.37,0.23199475095200187,0.22695047774242486,0.24378124051029978,0.20634606570943612,2021-08-22
Sureswar,S36,test,2021-04-07,0.48,0.34,0.29853204693614455,0.3401520492238889,0.26621427733018993,0.307891929510067,2021-08-22
Sureswar,S36,test,2021-04-08,0.64,0.48,0.5344971805078261,0.5612322511239345,0.4468218208330336,0.4916466408525011,2021-08-22
Sureswar,S36,test,2021-04-09,0.71,0.64,0.688626506926678,0.7103685029254394,0.6138473135651386,0.627110571230725,2021-08-22
Sureswar,S36,test,2021-04-10,0.72,0.71,0.68322924935228,0.69380925076795,0.6297440743737762,0.6195925133016353,2021-08-22
Sureswar,S36,test,2021-04-11,0.79,0.72,0.6892514407417525,0.6691368371587388,0.5961808383559181,0.6199525270896457,2021-08-22
Sureswar,S36,test,2021-04-12,0.82,0.79,0.7190000866648606,0.6729307888102212,0.6345701100786961,0.6461500898446179,2021-08-22
Sureswar,S36,test,2021-04-13,0.86,0.82,0.7276906715428959,0.7206989431696277,0.6695206018193675,0.6912996913036559,2021-08-22
Sureswar,S36,test,2021-04-14,0.93,0.86,0.7556605506733519,0.7664432478451383,0.72340382786241,0.7437164110029185,2021-08-22
Sureswar,S36,test,2021-04-15,0.96,0.93,0.8426005351602764,0.8538133592991155,0.8042417635392174,0.8226274331478098,2021-08-22
Sureswar,S36,test,2021-04-16,0.84,0.96,0.8328735555863689,0.8496473411689142,0.8272594404720784,0.8080720527939484,2021-08-22
Sureswar,S36,test,2021-04-17,0.67,0.84,0.6361625808798146,0.6564244751647348,0.6839917889586963,0.6237571990716005,2021-08-22
Sureswar,S36,test,2021-04-18,0.63,0.67,0.49865691762069114,0.4920162295147647,0.520219213604503,0.4701531754365615,2021-08-22
Sureswar,S36,test,2021-04-19,0.61,0.63,0.4701609670559601,0.44551079098827856,0.48981530015487884,0.4323085689316097,2021-08-22
Sureswar,S36,test,2021-04-20,0.55,0.61,0.47251178939408345,0.474044559201978,0.4884443472505333,0.43443462152852613,2021-08-22
Sureswar,S36,test,2021-04-21,0.51,0.55,0.41479904415001845,0.4448221126457674,0.44670570571997614,0.40075508107540064,2021-08-22
Sureswar,S36,test,2021-04-22,0.54,0.51,0.42675608169379176,0.4441060284236986,0.4249792494412618,0.40355881899400603,2021-08-22
Sureswar,S36,test,2021-04-23,0.6,0.54,0.48452445283766876,0.49564833935095104,0.46712000244606694,0.45288611637166803,2021-08-22
Sureswar,S36,test,2021-04-24,0.73,0.6,0.6048773683607074,0.6073821946687595,0.558243702624564,0.5937974563658688,2021-08-22
Sureswar,S36,test,2021-04-25,0.89,0.73,0.7715814714656211,0.7968974357729207,0.7194287020496191,0.7781625072072496,2021-08-22
Sureswar,S36,test,2021-04-26,1.05,0.89,0.9631750257027609,0.9843208853027461,0.881221997234782,0.9655713857643131,2021-08-22
Sureswar,S36,test,2021-04-27,1.22,1.05,1.1303324501603274,1.1372842788460258,1.0015213137878842,1.124756104337086,2021-08-22
Sureswar,S36,test,2021-04-28,1.35,1.22,1.1968111554389878,1.1910258380740184,1.0734060094768958,1.1558036610932876,2021-08-22
Sureswar,S36,test,2021-04-29,1.32,1.35,1.188089604191694,1.1414362445207866,1.1745016813573865,1.1456959257537684,2021-08-22
Sureswar,S36,test,2021-04-30,1.2,1.32,1.1031300476488575,1.118659328671133,1.1709114940917624,1.109036275185766,2021-08-22
Sureswar,S36,test,2021-05-01,0.98,1.2,0.9733518179571327,0.9952630567155106,1.0659577775573843,0.9913078529899771,2021-08-22
Sureswar,S36,test,2021-05-02,0.95,0.98,0.7379304603993796,0.7573529694374086,0.8414666783993852,0.7481930114452063,2021-08-22
Sureswar,S36,test,2021-05-03,0.8,0.95,0.7215199878806936,0.7637264754609233,0.8223784925331122,0.7438280890230752,2021-08-22
Sureswar,S36,test,2021-05-04,0.72,0.8,0.5466413813779404,0.601060883826505,0.6645729010165992,0.5738777100469589,2021-08-22
Sureswar,S36,test,2021-05-05,0.61,0.72,0.5136520219217433,0.5436879358191392,0.5924840834025483,0.5113742217686591,2021-08-22
Sureswar,S36,test,2021-05-06,0.59,0.61,0.5055491196844162,0.5323953802564381,0.5212883005077424,0.5040240875004485,2021-08-22
Sureswar,S36,test,2021-05-07,0.67,0.59,0.5058390410164408,0.5243904215363703,0.5121096729500746,0.47718604612370924,2021-08-22
Sureswar,S36,test,2021-05-08,0.73,0.67,0.6387107656548042,0.6557062154633829,0.6120844503914445,0.6040615395719039,2021-08-22
Sureswar,S36,test,2021-05-09,0.76,0.73,0.7194854025170195,0.7406644982694756,0.6896532567469683,0.6988736991057491,2021-08-22
Sureswar,S36,test,2021-05-10,0.85,0.76,0.7707888756299691,0.7488179085616323,0.7154770308079144,0.7253383503058676,2021-08-22
Sureswar,S36,test,2021-05-11,0.96,0.85,0.8816567447865623,0.8545374346812787,0.8009125385259238,0.8592104837561582,2021-08-22
Sureswar,S36,test,2021-05-12,1.0,0.96,0.8956637032247364,0.897349524364042,0.851268614791059,0.8768633478209478,2021-08-22
Sureswar,S36,test,2021-05-13,1.06,1.0,0.9232551967295902,0.9184670515921728,0.873894269156799,0.9067677438379532,2021-08-22
Sureswar,S36,test,2021-05-14,1.03,1.06,0.943402705304758,0.9788919955231835,0.9375536275103481,0.9418506574090344,2021-08-22
Sureswar,S36,test,2021-05-15,0.98,1.03,0.870414105639349,0.8753722555607716,0.9058217119612504,0.8545015575275857,2021-08-22
Sureswar,S36,test,2021-05-16,0.87,0.98,0.8000434704053171,0.8189883859425255,0.8619301681246325,0.8016282228149588,2021-08-22
Sureswar,S36,test,2021-05-17,0.83,0.87,0.7067458661675142,0.7054890196860302,0.7636698384021257,0.7086398729601333,2021-08-22
Sureswar,S36,test,2021-05-18,0.84,0.83,0.6890541243207127,0.6687693629811103,0.7302565092778911,0.6786958593959135,2021-08-22
Sureswar,S36,test,2021-05-19,0.82,0.84,0.7294210879941805,0.7233435934262508,0.7577272863708427,0.7331959137931613,2021-08-22
Sureswar,S36,test,2021-05-20,0.83,0.82,0.6888291723398896,0.6981076779894045,0.7384150370841013,0.699502089424846,2021-08-22
Sureswar,S36,test,2021-05-21,0.87,0.83,0.7562341010583201,0.7656454485503055,0.7704972878848914,0.7798771975620142,2021-08-22
Sureswar,S36,test,2021-05-22,0.99,0.87,0.8623864912063955,0.8859064224475394,0.8527917358028948,0.9083327767913255,2021-08-22
Sureswar,S36,test,2021-05-23,1.17,0.99,0.969326876931772,0.9402860276408914,0.9632435811220191,0.9731352226934554,2021-08-22
Sureswar,S36,test,2021-05-24,1.5,1.17,1.2735259889999142,1.2489317850255657,1.1938985116302272,1.3227116214953931,2021-08-22
Sureswar,S36,test,2021-05-25,1.95,1.5,1.7434954519452341,1.8490442698676819,1.5962162501970436,1.8512008736991694,2021-08-22
Sureswar,S36,test,2021-05-26,2.43,1.95,2.233898898658332,2.111559871917588,2.0472278897376426,2.223072538073158,2021-08-22
Sureswar,S36,test,2021-05-27,2.37,2.43,2.4585990051772577,2.325890937587246,2.4359498843239025,2.404959023063453,2021-08-22
Sureswar,S36,test,2021-05-28,2.24,2.37,2.108351628136116,2.118394216123223,2.302658955369614,2.1624768422594625,2021-08-22
Sureswar,S36,test,2021-05-29,2.02,2.24,1.9127800465534937,2.0055605896071564,2.1707859018092517,2.028037448035033,2021-08-22
Sureswar,S36,test,2021-05-30,1.71,2.02,1.7088511588634767,1.8001272882435673,1.9457146081062024,1.8183456637913726,2021-08-22
Sureswar,S36,test,2021-05-31,1.72,1.71,1.5365058942146341,1.6374959856716726,1.6716268191618002,1.6089485510159083,2021-08-22
Sureswar,S36,test,2021-06-01,1.73,1.72,1.5813178317212062,1.6756244202268615,1.6962199398571134,1.6596411985465587,2021-08-22
Sureswar,S36,test,2021-06-02,1.67,1.73,1.5845984530863688,1.6266254000969473,1.6765616381700965,1.5983506566376855,2021-08-22
Sureswar,S36,test,2021-06-03,1.63,1.67,1.5130929435637126,1.5675569297454928,1.6008043544468151,1.5344490552378296,2021-08-22
Sureswar,S36,test,2021-06-04,1.63,1.63,1.526870620747351,1.5075128595443397,1.5603634564440583,1.5312096632047025,2021-08-22
Sureswar,S36,test,2021-06-05,1.68,1.63,1.5801184196048368,1.5549701373524447,1.5691761587257969,1.5755146397289381,2021-08-22
Sureswar,S36,test,2021-06-06,1.75,1.68,1.623884411799409,1.6038084400604184,1.617097979103269,1.623603063117019,2021-08-22
Sureswar,S36,test,2021-06-07,1.84,1.75,1.717528182267337,1.7036351803600809,1.6985962292034535,1.7254271536360963,2021-08-22
Sureswar,S36,test,2021-06-08,1.89,1.84,1.8183918299249353,1.7780370334094637,1.7940424660616447,1.815672202825468,2021-08-22
Sureswar,S36,test,2021-06-09,1.93,1.89,1.8669924750521274,1.8481319117767583,1.8454482004341475,1.8702720884606638,2021-08-22
Sureswar,S36,test,2021-06-10,2.02,1.93,1.9383684087884883,1.9202234407120813,1.9012827035223996,1.944972198002887,2021-08-22
Sureswar,S36,test,2021-06-11,2.28,2.02,2.066878714765077,1.9927654071037033,2.0032924171357775,2.069842233488476,2021-08-22
Sureswar,S36,test,2021-06-12,2.44,2.28,2.332198172385148,2.3527830642043974,2.2826394894585427,2.367189784724539,2021-08-22
Sureswar,S36,test,2021-06-13,2.46,2.44,2.352759533821177,2.401418130995609,2.3872916997287352,2.390977751892675,2021-08-22
Sureswar,S36,test,2021-06-14,2.45,2.46,2.3600326579959323,2.4381961462628823,2.392253999965147,2.41254932183061,2021-08-22
Sureswar,S36,test,2021-06-15,2.39,2.45,2.340936223037617,2.409492713407576,2.3773804604566102,2.3940536258359972,2021-08-22
Sureswar,S36,test,2021-06-16,2.4,2.39,2.256082959461443,2.255496403697901,2.2804425481876396,2.2708084938225555,2021-08-22
Sureswar,S36,test,2021-06-17,2.35,2.4,2.222947420929173,2.2951327896322713,2.280666155461125,2.26936682794954,2021-08-22
Sureswar,S36,test,2021-06-18,2.35,2.35,2.2300134557484363,2.3022096696693626,2.2560856373669025,2.29570000595024,2021-08-22
Sureswar,S36,test,2021-06-19,2.29,2.35,2.2145035944641847,2.2222551780241333,2.244965811137751,2.2280982189904326,2021-08-22
Sureswar,S36,test,2021-06-20,2.27,2.29,2.1174585724091335,2.1757940853199695,2.183477305031793,2.142719760699285,2021-08-22
Sureswar,S36,test,2021-06-21,2.28,2.27,2.160955897619419,2.229286309102306,2.2187280510194682,2.2219042444644876,2021-08-22
Sureswar,S36,test,2021-06-22,2.43,2.28,2.2692641704843743,2.287967577083283,2.270908845150204,2.288085358197699,2021-08-22
Sureswar,S36,test,2021-06-23,2.57,2.43,2.3852341105369863,2.4303879025526154,2.4138874159579213,2.4087980809269793,2021-08-22
Sureswar,S36,test,2021-06-24,2.65,2.57,2.4947372870608486,2.5588526103653457,2.5330048554792075,2.552161736212952,2021-08-22
Sureswar,S36,test,2021-06-25,2.68,2.65,2.55134450293419,2.6296996637362966,2.591048262591478,2.605669768896869,2021-08-22
Sureswar,S36,test,2021-06-26,2.72,2.68,2.5704397808437713,2.6509646341963804,2.607973074431634,2.622846060587702,2021-08-22
Sureswar,S36,test,2021-06-27,2.64,2.72,2.5556452397158265,2.608800349326426,2.6163082020733563,2.6035188565338916,2021-08-22
Sureswar,S36,test,2021-06-28,2.51,2.64,2.528079647908929,2.6164381790208284,2.5545089618333807,2.587922119740824,2021-08-22
Sureswar,S36,test,2021-06-29,2.5,2.51,2.400518336359003,2.464961777004328,2.425821805380727,2.437176986124206,2021-08-22
Sureswar,S36,test,2021-06-30,2.52,2.5,2.438665303582177,2.443549494744674,2.4312693253622846,2.44602329759838,2021-08-22
Sureswar,S36,test,2021-07-01,2.57,2.52,2.4856549139946504,2.4845000190597246,2.4793504209830073,2.5074711066886897,2021-08-22
Sureswar,S36,test,2021-07-02,2.68,2.57,2.568100335294367,2.564944715502581,2.555423088610286,2.5985062379886528,2021-08-22
Sureswar,S36,test,2021-07-03,2.74,2.68,2.659030989589309,2.673794581317512,2.661552060688368,2.6867582911999346,2021-08-22
Sureswar,S36,test,2021-07-04,2.76,2.74,2.6658035691572364,2.688110371995385,2.695375836021233,2.691532477443871,2021-08-22
Sureswar,S36,test,2021-07-05,2.78,2.76,2.7212442830898977,2.7329146180190738,2.731419299276821,2.7528229457929405,2021-08-22
Sureswar,S36,test,2021-07-06,2.83,2.78,2.7645266628544825,2.770195625942406,2.7715829463741577,2.7940817458948515,2021-08-22
Sureswar,S36,test,2021-07-07,2.9,2.83,2.8067361143608474,2.835770365066175,2.830709207431493,2.8447454591466705,2021-08-22
Sureswar,S36,test,2021-07-08,3.0,2.9,2.8834619148108556,2.915500674132897,2.904596648294459,2.9333663998842003,2021-08-22
Sureswar,S36,test,2021-07-09,3.01,3.0,2.9431213831689282,2.9756374346130303,2.977539421405785,2.9825391065320517,2021-08-22
Sureswar,S36,test,2021-07-10,2.98,3.01,2.923451491910109,2.928327906841248,2.9557696701994254,2.962575030495046,2021-08-22
Sureswar,S36,test,2021-07-11,2.99,2.98,2.891889837498849,2.915557565342374,2.919475004973194,2.945803111010264,2021-08-22
Sureswar,S36,test,2021-07-12,3.0,2.99,2.9149332257006435,2.9416310110132926,2.9278932620176783,2.9565264917514287,2021-08-22
Sureswar,S36,test,2021-07-13,2.96,3.0,2.928520252117928,2.9589391242943894,2.9365097076596034,2.9615546783166002,2021-08-22
Sureswar,S36,test,2021-07-14,2.96,2.96,2.9096298162201526,2.9213684093361056,2.9009939682169947,2.933055271696038,2021-08-22
Sureswar,S36,test,2021-07-15,2.92,2.96,2.8702216460377636,2.8572541079623157,2.881516919666525,2.8774415531001662,2021-08-22
Sureswar,S36,test,2021-07-16,2.88,2.92,2.8026164741527415,2.782021751472925,2.8301384529287446,2.8188342461235596,2021-08-22
Sureswar,S36,test,2021-07-17,2.87,2.88,2.822137614611415,2.833447550250406,2.826973249925666,2.865121354332375,2021-08-22
Sureswar,S36,test,2021-07-18,2.86,2.87,2.8059238584502806,2.804439356277463,2.8188208225086466,2.820240834756762,2021-08-22
Sureswar,S36,test,2021-07-19,2.86,2.86,2.8012142076856237,2.792733442989263,2.8126709826125733,2.8180159741285693,2021-08-22
Sureswar,S36,test,2021-07-20,2.85,2.86,2.7860562673488416,2.797729318351902,2.8144235138262377,2.8204420236174275,2021-08-22
Sureswar,S36,test,2021-07-21,2.88,2.85,2.812231400402674,2.833500895590209,2.8168438555471718,2.83524182375182,2021-08-22
Sureswar,S36,test,2021-07-22,3.01,2.88,2.9097384144856386,2.9411979095511582,2.8816026833833717,2.9286904625530568,2021-08-22
Sureswar,S36,test,2021-07-23,3.14,3.01,3.0238881671352016,3.015394187108221,2.993922663137037,3.0147436562377297,2021-08-22
Sureswar,S36,test,2021-07-24,3.26,3.14,3.1367500726685473,3.1343963861600437,3.114878532195037,3.145360132914393,2021-08-22
Sureswar,S36,test,2021-07-25,3.21,3.26,3.149423448015479,3.184193646608924,3.194717491990687,3.1820728136118084,2021-08-22
Sureswar,S36,test,2021-07-26,3.11,3.21,3.066442785880886,3.0814907207410864,3.1134397380531205,3.094447727836231,2021-08-22
Sureswar,S36,test,2021-07-27,2.9,3.11,2.9541796602312598,2.956231678317449,3.0013295290667443,2.9899317628553432,2021-08-22
Sureswar,S36,test,2021-07-28,2.97,2.9,2.835795661483097,2.8472220649390585,2.826809051835648,2.87102063622376,2021-08-22
Sureswar,S36,test,2021-07-29,3.02,2.97,2.940579132309259,2.945267221956002,2.921487695994241,2.946027447555334,2021-08-22
Sureswar,S36,test,2021-07-30,3.02,3.02,2.9174550570644877,2.9103260802682875,2.9450375576858057,2.9182799140315687,2021-08-22
Sureswar,S36,test,2021-07-31,2.89,3.02,2.87061665528327,2.889082730430586,2.9343212168815516,2.9116404876661828,2021-08-22
Sureswar,S36,test,2021-08-01,2.81,2.89,2.7592346997619326,2.755745585207558,2.8046502176826813,2.791018438036297,2021-08-22
Sureswar,S36,test,2021-08-02,2.75,2.81,2.726302962062756,2.7082287243897505,2.738805293079307,2.7302694782265124,2021-08-22
Sureswar,S36,test,2021-08-03,2.69,2.75,2.662242224471856,2.652338637473259,2.6853161391733007,2.667955221083401,2021-08-22
Sureswar,S36,test,2021-08-04,2.73,2.69,2.6580312662349144,2.66633039965939,2.662345434839329,2.6777167480641246,2021-08-22
Sureswar,S36,test,2021-08-05,2.79,2.73,2.695834265674621,2.6912867675495824,2.71260985691339,2.6961257495560678,2021-08-22
Sureswar,S36,test,2021-08-06,2.83,2.79,2.796595413876008,2.788568636937803,2.7964905501995787,2.796408388128166,2021-08-22
Sureswar,S36,test,2021-08-07,2.98,2.83,2.8711415447504014,2.8530095040367627,2.8568502380964222,2.869357077929049,2021-08-22
Sureswar,S36,test,2021-08-08,3.03,2.98,2.991345409891596,2.9669075832298772,2.997258185002217,2.979086756427614,2021-08-22
Sureswar,S36,test,2021-08-09,3.06,3.03,3.0037715328447243,2.9868221240293327,3.026537123798999,3.0120484918629287,2021-08-22
Sureswar,S36,test,2021-08-10,3.11,3.06,3.0222874374398776,3.0198059648555824,3.0468675422646343,3.046504329486542,2021-08-22
Sureswar,S36,test,2021-08-11,3.08,3.11,3.0861970938654175,3.071924328247075,3.093941408372437,3.0951457448086095,2021-08-22
Sureswar,S36,test,2021-08-12,3.08,3.08,3.0834367906759153,3.054365825890013,3.068318325344432,3.083533176994607,2021-08-22
Sureswar,S36,test,2021-08-13,3.15,3.08,3.0820195743985774,3.037975135260014,3.066437392863341,3.0689311019816574,2021-08-22
Sureswar,S36,test,2021-08-14,3.15,3.15,3.135988720029424,3.086801954976975,3.1355704781540616,3.1240194974051136,2021-08-22
Sureswar,S36,test,2021-08-15,3.16,3.15,3.1399790397965406,3.1093334842618745,3.1502685351185344,3.1437227051085794,2021-08-22
Sureswar,S36,test,2021-08-16,3.18,3.16,3.173848979202838,3.1453188014489544,3.1813383095289436,3.1751470781369098,2021-08-22
Sureswar,S36,test,2021-08-17,3.25,3.18,3.1664491861243347,3.127950088299123,3.1935492193320054,3.1577570762476275,2021-08-22
Sureswar,S36,test,2021-08-18,3.32,3.25,3.2535114176034523,3.2309046904736767,3.278807810488921,3.26933979341201,2021-08-22
Sureswar,S36,test,2021-08-19,3.39,3.32,3.300746837386541,3.289854148515975,3.3456265579973654,3.3174649215768555,2021-08-22
Sureswar,S36,test,2021-08-20,3.41,3.39,3.3942427053314157,3.3634609391218597,3.4148910659027885,3.395658701543366,2021-08-22
Sureswar,S36,test,2021-08-21,3.41,3.41,3.3736800171295425,3.345583545633469,3.414306257924785,3.3774891715852497,2021-08-22
Sureswar,S36,test,2021-08-22,3.48,3.41,3.4099133910135633,3.3887385292784162,3.4202856504811003,3.422310077983837,2021-08-22
Sureswar,S36,test,2021-08-23,3.52,3.48,3.478161559865366,3.455135149484503,3.482860240419889,3.4719539691676853,2021-08-22
Sureswar,S36,test,2021-08-24,3.5,3.52,3.5320268699337003,3.513829635636706,3.5212377760593676,3.527476148532809,2021-08-22
Sureswar,S36,test,2021-08-25,3.44,3.5,3.469523807130072,3.4558429818224057,3.4801391451860506,3.466412475462405,2021-08-22
Sureswar,S36,test,2021-08-26,3.48,3.44,3.446365987930491,3.4094863415524137,3.4219903003449184,3.432375585672115,2021-08-22
Sureswar,S36,test,2021-08-27,3.51,3.48,3.4519803740207284,3.4270239013073023,3.448721919221327,3.4361838712830335,2021-08-22
Sureswar,S36,test,2021-08-28,3.51,3.51,3.4610260248412237,3.440050798180742,3.4719713785782154,3.4620594131910765,2021-08-22
Sureswar,S36,test,2021-08-29,3.52,3.51,3.4829319511531334,3.4745247261008525,3.4901960250069375,3.500245629214843,2021-08-22
Sureswar,S36,test,2021-08-30,3.47,3.52,3.4360942398183183,3.4157912685784413,3.472132645536053,3.4378444733019404,2021-08-22
Sureswar,S36,test,2021-08-31,3.46,3.47,3.410057591050873,3.3590830287944358,3.425626152845444,3.414482572265728,2021-08-22
Sureswar,S36,test,2021-09-01,3.46,3.46,3.414643570297176,3.3803904140049643,3.432831782872777,3.4299618859350622,2021-08-22
Sureswar,S36,test,2021-09-02,3.49,3.46,3.4323205532744145,3.3796924273605975,3.439765501744502,3.4267460609620444,2021-08-22
Sureswar,S36,test,2021-09-03,3.55,3.49,3.4886971393220745,3.4464140209512215,3.487345092901734,3.492227528557859,2021-08-22
Sureswar,S36,test,2021-09-04,3.64,3.55,3.546629209261302,3.517288682150219,3.5521936446300066,3.5502318085977165,2021-08-22
Sureswar,S36,test,2021-09-05,3.76,3.64,3.641648441234061,3.617095556480948,3.638959182273352,3.638438454493535,2021-08-22
Sureswar,S36,test,2021-09-06,3.94,3.76,3.75859068708706,3.75679438070933,3.7587093480358433,3.766237802591385,2021-08-22
Sureswar,S36,test,2021-09-07,4.01,3.94,3.9361694873224713,3.9826912062986253,3.950303855459062,3.9587894268695245,2021-08-22
Sureswar,S36,test,2021-09-08,3.92,4.01,3.8207287966950894,3.9023198698816173,3.927938788669118,3.85943279450712,2021-08-22
Sureswar,S36,test,2021-09-09,3.81,3.92,3.7457195883131393,3.8004527487803497,3.825553115297879,3.806112503666274,2021-08-22
Sureswar,S36,test,2021-09-10,3.7,3.81,3.5816972192673675,3.6634964971051525,3.692373488797523,3.6579518460135163,2021-08-22
Sureswar,S36,test,2021-09-11,3.67,3.7,3.561134573417571,3.575830228255933,3.6011874896813527,3.5938996065946363,2021-08-22
Sureswar,S36,test,2021-09-12,3.67,3.67,3.4983435539046432,3.5447128760133517,3.5751024826749815,3.552862914101382,2021-08-22
Sureswar,S36,test,2021-09-13,3.65,3.67,3.5116108114978624,3.5448377643591535,3.5843698350577493,3.571961152312005,2021-08-22
Sureswar,S36,test,2021-09-14,3.55,3.65,3.424719601972984,3.4719513466936913,3.536039232374829,3.492799367895305,2021-08-22
Sureswar,S36,test,2021-09-15,3.29,3.55,3.2674168403112094,3.3365421672406215,3.4121905834199473,3.3692496400848775,2021-08-22
Sureswar,S36,test,2021-09-16,3.07,3.29,3.0239498601510237,3.064902932917796,3.147757652312214,3.1102361681402413,2021-08-22
Sureswar,S36,test,2021-09-17,3.06,3.07,2.910224006502394,2.9143170818561965,2.9597224978689383,2.958082112515129,2021-08-22
Sureswar,S36,test,2021-09-18,3.07,3.06,2.943472474173505,2.925365000306776,2.96922374016604,2.9670920520888124,2021-08-22
Sureswar,S36,test,2021-09-19,3.11,3.07,2.9938568038433386,2.982852306841559,2.9997536096548707,3.014745521851698,2021-08-22
Sureswar,S36,test,2021-09-20,3.1,3.11,3.0165463273449014,3.0049107588050514,3.0376423664769203,3.0271350923186513,2021-08-22
Sureswar,S36,test,2021-09-21,3.14,3.1,3.024837350795236,2.999390096129236,3.029785680574633,3.02910193036284,2021-08-22
