Section_ID,Date,Distance_m,Reduced_Level_m
RMG12,2011-04-08,0.0,14.03
RMG12,2011-04-08,0.0,13.92
RMG12,2011-04-08,10.0,14.65
RMG12,2011-04-08,18.0,17.5
RMG12,2011-04-08,22.0,17.5
RMG12,2011-04-08,31.0,14.46
RMG12,2011-04-08,41.0,13.38
RMG12,2011-04-08,41.0,13.2
RMG12,2011-04-08,50.0,13.46
RMG12,2011-04-08,100.0,13.45
RMG12,2011-04-08,150.0,13.62
RMG12,2011-04-08,200.0,13.53
RMG12,2011-04-08,250.0,13.62
RMG12,2011-04-08,300.0,13.44
RMG12,2011-04-08,350.0,13.68
RMG12,2011-04-08,400.0,13.76
RMG12,2011-04-08,450.0,13.78
RMG12,2011-04-08,500.0,14.02
RMG12,2011-04-08,550.0,13.98
RMG12,2011-04-08,600.0,13.58
RMG12,2011-04-08,650.0,13.02
RMG12,2011-04-08,700.0,12.78
RMG12,2011-04-08,750.0,12.64
RMG12,2011-04-08,800.0,12.62
RMG12,2011-04-08,850.0,12.58
RMG12,2011-04-08,870.0,11.84
RMG12,2011-04-08,900.0,10.85
RMG12,2011-04-08,950.0,9.56
RMG12,2011-04-08,1000.0,8.25
RMG12,2011-04-08,1036.0,6.58
RMG12,2011-04-08,1041.0,6.18
RMG12,2011-04-08,1046.0,5.93
RMG12,2011-04-08,1051.0,5.73
RMG12,2011-04-08,1056.0,5.88
RMG12,2011-04-08,1061.0,6.03
RMG12,2011-04-08,1066.0,6.23
RMG12,2011-04-08,1071.0,6.58
RMG12,2011-04-08,1100.0,7.76
RMG12,2011-04-08,1150.0,9.38
RMG12,2011-04-08,1200.0,10.17
RMG12,2011-04-08,1250.0,10.94
RMG12,2011-04-08,1300.0,11.72
RMG12,2011-04-08,1350.0,12.2
RMG12,2011-04-08,1400.0,12.68
RMG12,2011-04-08,1450.0,13.12
RMG12,2011-04-08,1500.0,13.46
RMG12,2011-04-08,1550.0,13.52
RMG12,2011-04-08,1600.0,13.48
RMG12,2011-04-08,1650.0,13.47
RMG12,2011-04-08,1700.0,13.4
RMG12,2011-04-08,1750.0,13.28
RMG12,2011-04-08,1800.0,13.1
RMG12,2011-04-08,1850.0,12.98
RMG12,2011-04-08,1900.0,12.9
RMG12,2011-04-08,1950.0,12.72
RMG12,2011-04-08,2000.0,12.7
RMG12,2011-04-08,2050.0,12.65
RMG12,2011-04-08,2100.0,12.62
RMG12,2011-04-08,2150.0,12.6
RMG12,2011-04-08,2200.0,12.6
RMG12,2011-04-08,2250.0,12.54
RMG12,2011-04-08,2300.0,12.52
RMG12,2011-04-08,2350.0,12.53
RMG12,2011-04-08,2400.0,12.51
RMG12,2011-04-08,2450.0,12.52
RMG12,2011-04-08,2500.0,12.48
RMG12,2011-04-08,2550.0,12.5
RMG12,2011-04-08,2600.0,12.48
RMG12,2011-04-08,2650.0,12.52
RMG12,2011-04-08,2700.0,12.56
RMG12,2011-04-08,2750.0,12.48
RMG12,2011-04-08,2800.0,12.42
RMG12,2011-04-08,2850.0,12.38
RMG12,2011-04-08,2900.0,12.36
RMG12,2011-04-08,2950.0,12.42
RMG12,2011-04-08,3000.0,12.4
RMG12,2011-04-08,3050.0,12.3
RMG12,2011-04-08,3100.0,12.18
RMG12,2011-04-08,3150.0,11.26
RMG12,2011-04-08,3200.0,10.92
RMG12,2011-04-08,3250.0,9.53
RMG12,2011-04-08,3300.0,8.68
RMG12,2011-04-08,3350.0,6.82
RMG12,2011-04-08,3376.0,5.08
RMG12,2011-04-08,3402.0,4.63
RMG12,2011-04-08,3428.0,4.28
RMG12,2011-04-08,3454.0,3.48
RMG12,2011-04-08,3480.0,2.98
RMG12,2011-04-08,3506.0,2.18
RMG12,2011-04-08,3532.0,1.18
RMG12,2011-04-08,3558.0,0.08
RMG12,2011-04-08,3584.0,-0.32
RMG12,2011-04-08,3610.0,-0.22
RMG12,2011-04-08,3636.0,-0.27
RMG12,2011-04-08,3662.0,-0.42
RMG12,2011-04-08,3688.0,-0.32
RMG12,2011-04-08,3714.0,-0.82
RMG12,2011-04-08,3740.0,-0.92
RMG12,2011-04-08,3766.0,-1.02
RMG12,2011-04-08,3792.0,-1.62
RMG12,2011-04-08,3818.0,-1.82
RMG12,2011-04-08,3844.0,-1.02
RMG12,2011-04-08,3870.0,-0.92
RMG12,2011-04-08,3896.0,-1.12
RMG12,2011-04-08,3922.0,-0.92
RMG12,2011-04-08,3948.0,-0.02
RMG12,2011-04-08,3974.0,1.08
RMG12,2011-04-08,4000.0,1.48
RMG12,2011-04-08,4026.0,2.68
RMG12,2011-04-08,4052.0,2.73
RMG12,2011-04-08,4078.0,3.18
RMG12,2011-04-08,4104.0,4.08
RMG12,2011-04-08,4130.0,5.08
RMG12,2011-04-08,4150.0,6.24
RMG12,2011-04-08,4200.0,7.38
RMG12,2011-04-08,4250.0,8.07
RMG12,2011-04-08,4300.0,8.63
RMG12,2011-04-08,4350.0,8.78
RMG12,2011-04-08,4400.0,9.15
RMG12,2011-04-08,4450.0,9.2
RMG12,2011-04-08,4500.0,9.05
RMG12,2011-04-08,4550.0,8.74
RMG12,2011-04-08,4580.0,8.02
RMG12,2011-04-08,4610.0,7.35
RMG12,2011-04-08,4640.0,6.48
RMG12,2011-04-08,4656.0,5.82
RMG12,2011-04-08,4664.0,5.32
RMG12,2011-04-08,4672.0,4.97
RMG12,2011-04-08,4680.0,4.62
RMG12,2011-04-08,4688.0,4.47
RMG12,2011-04-08,4696.0,4.32
RMG12,2011-04-08,4704.0,4.52
RMG12,2011-04-08,4712.0,4.77
RMG12,2011-04-08,4720.0,4.97
RMG12,2011-04-08,4728.0,5.22
RMG12,2011-04-08,4736.0,5.82
RMG12,2011-04-08,4750.0,6.36
RMG12,2011-04-08,4800.0,6.94
RMG12,2011-04-08,4850.0,7.62
RMG12,2011-04-08,4900.0,8.1
RMG12,2011-04-08,4950.0,8.45
RMG12,2011-04-08,5000.0,8.96
RMG12,2011-04-08,5050.0,9.3
RMG12,2011-04-08,5100.0,9.45
RMG12,2011-04-08,5150.0,9.8
RMG12,2011-04-08,5200.0,9.76
RMG12,2011-04-08,5250.0,9.22
RMG12,2011-04-08,5300.0,9.04
RMG12,2011-04-08,5350.0,9.25
RMG12,2011-04-08,5400.0,9.36
RMG12,2011-04-08,5450.0,9.05
RMG12,2011-04-08,5500.0,9.22
RMG12,2011-04-08,5550.0,9.14
RMG12,2011-04-08,5600.0,8.86
RMG12,2011-04-08,5650.0,8.48
RMG12,2011-04-08,5700.0,8.06
RMG12,2011-04-08,5750.0,7.74
RMG12,2011-04-08,5800.0,7.58
RMG12,2011-04-08,5850.0,7.27
RMG12,2011-04-08,5900.0,7.0
RMG12,2011-04-08,5950.0,6.58
RMG12,2011-04-08,6000.0,6.32
RMG12,2011-04-08,6050.0,6.15
RMG12,2011-04-08,6100.0,5.88
RMG12,2011-04-08,6150.0,5.64
RMG12,2011-04-08,6200.0,5.38
RMG12,2011-04-08,6216.0,5.06
RMG12,2011-04-08,6226.0,4.06
RMG12,2011-04-08,6236.0,3.46
RMG12,2011-04-08,6246.0,3.16
RMG12,2011-04-08,6256.0,2.86
RMG12,2011-04-08,6266.0,3.06
RMG12,2011-04-08,6276.0,3.26
RMG12,2011-04-08,6286.0,3.46
RMG12,2011-04-08,6296.0,3.76
RMG12,2011-04-08,6306.0,4.06
RMG12,2011-04-08,6316.0,4.36
RMG12,2011-04-08,6326.0,5.06
RMG12,2011-04-08,6330.0,5.72
RMG12,2011-04-08,6350.0,5.76
RMG12,2011-04-08,6366.0,8.98
RMG12,2011-04-08,6374.0,10.36
RMG12,2011-04-08,6380.0,11.86
RMG12,2011-04-08,6395.0,13.22
RMG12,2011-04-08,6420.0,13.2
RMG12,2011-04-08,6470.0,13.23
RMG12,2011-04-08,6520.0,13.18
RMG12,2011-04-08,6570.0,13.17
RMG12,2011-04-08,6620.0,13.19
RMG12,2011-04-08,6670.0,13.16
RMG12,2011-04-08,6720.0,12.98
RMG12,2011-04-08,6770.0,12.94
RMG12,2011-04-08,6820.0,12.92
RMG12,2011-04-08,6870.0,12.91
RMG12,2011-04-08,6920.0,12.9
RMG12,2011-04-08,6970.0,12.82
RMG12,2011-04-08,7020.0,12.02
RMG12,2011-04-08,7070.0,11.9
RMG12,2011-04-08,7120.0,11.74
RMG12,2011-04-08,7170.0,11.78
RMG12,2011-04-08,7220.0,11.84
RMG12,2011-04-08,7270.0,11.96
RMG12,2011-04-08,7318.0,13.03
RMG12,2011-04-08,7318.0,12.72
RMG12,2011-04-08,7360.0,12.7
RMG12,2011-04-08,7410.0,12.71
RMG12,2011-04-08,7437.0,12.7
RMG12,2011-04-08,7440.0,14.14
RMG12,2011-04-08,7443.0,14.14
RMG12,2011-04-08,7446.0,13.47
RMG12,2011-04-08,7460.0,14.7
RMG12,2011-04-08,7510.0,14.65
RMG12,2011-04-08,7544.0,14.36
RMG12,2011-04-08,7544.0,14.27
RMG12,2011-04-08,7560.0,14.32
RMG12,2011-04-08,7610.0,14.3
RMG12,2011-04-08,7660.0,13.96
RMG12,2011-04-08,7710.0,13.95
RMG12,2011-04-08,7744.0,14.1
RMG12,2011-04-08,7744.0,14.26
RMG12,2012-01-28,0.0,14.04
RMG12,2012-01-28,0.0,13.92
RMG12,2012-01-28,10.0,14.64
RMG12,2012-01-28,18.0,17.48
RMG12,2012-01-28,22.0,17.49
RMG12,2012-01-28,31.0,14.47
RMG12,2012-01-28,41.0,13.38
RMG12,2012-01-28,41.0,13.2
RMG12,2012-01-28,50.0,13.45
RMG12,2012-01-28,100.0,13.44
RMG12,2012-01-28,150.0,13.6
RMG12,2012-01-28,200.0,13.58
RMG12,2012-01-28,250.0,13.61
RMG12,2012-01-28,300.0,13.45
RMG12,2012-01-28,350.0,13.62
RMG12,2012-01-28,400.0,13.73
RMG12,2012-01-28,450.0,13.76
RMG12,2012-01-28,500.0,14.0
RMG12,2012-01-28,550.0,13.97
RMG12,2012-01-28,600.0,13.6
RMG12,2012-01-28,650.0,13.05
RMG12,2012-01-28,700.0,12.82
RMG12,2012-01-28,750.0,12.68
RMG12,2012-01-28,800.0,12.64
RMG12,2012-01-28,842.0,12.6
RMG12,2012-01-28,860.0,11.86
RMG12,2012-01-28,890.0,10.9
RMG12,2012-01-28,920.0,9.24
RMG12,2012-01-28,950.0,8.56
RMG12,2012-01-28,980.0,8.15
RMG12,2012-01-28,1010.0,7.62
RMG12,2012-01-28,1030.0,6.74
RMG12,2012-01-28,1035.0,6.14
RMG12,2012-01-28,1040.0,5.94
RMG12,2012-01-28,1045.0,5.84
RMG12,2012-01-28,1050.0,5.74
RMG12,2012-01-28,1055.0,5.84
RMG12,2012-01-28,1060.0,5.94
RMG12,2012-01-28,1065.0,6.04
RMG12,2012-01-28,1070.0,6.14
RMG12,2012-01-28,1074.0,6.74
RMG12,2012-01-28,1100.0,7.78
RMG12,2012-01-28,1150.0,9.32
RMG12,2012-01-28,1200.0,10.24
RMG12,2012-01-28,1250.0,10.94
RMG12,2012-01-28,1300.0,11.68
RMG12,2012-01-28,1350.0,12.18
RMG12,2012-01-28,1400.0,12.64
RMG12,2012-01-28,1450.0,13.15
RMG12,2012-01-28,1500.0,13.48
RMG12,2012-01-28,1550.0,13.54
RMG12,2012-01-28,1600.0,13.52
RMG12,2012-01-28,1650.0,13.49
RMG12,2012-01-28,1700.0,13.45
RMG12,2012-01-28,1750.0,13.3
RMG12,2012-01-28,1800.0,13.16
RMG12,2012-01-28,1850.0,13.0
RMG12,2012-01-28,1900.0,12.94
RMG12,2012-01-28,1950.0,12.78
RMG12,2012-01-28,2000.0,12.72
RMG12,2012-01-28,2050.0,12.66
RMG12,2012-01-28,2100.0,12.63
RMG12,2012-01-28,2150.0,12.64
RMG12,2012-01-28,2200.0,12.62
RMG12,2012-01-28,2250.0,12.58
RMG12,2012-01-28,2300.0,12.54
RMG12,2012-01-28,2350.0,12.53
RMG12,2012-01-28,2400.0,12.52
RMG12,2012-01-28,2450.0,12.52
RMG12,2012-01-28,2500.0,12.5
RMG12,2012-01-28,2550.0,12.46
RMG12,2012-01-28,2600.0,12.47
RMG12,2012-01-28,2650.0,12.48
RMG12,2012-01-28,2700.0,12.52
RMG12,2012-01-28,2750.0,12.54
RMG12,2012-01-28,2800.0,12.48
RMG12,2012-01-28,2850.0,12.42
RMG12,2012-01-28,2900.0,12.38
RMG12,2012-01-28,2950.0,12.4
RMG12,2012-01-28,3000.0,12.35
RMG12,2012-01-28,3050.0,12.2
RMG12,2012-01-28,3100.0,11.16
RMG12,2012-01-28,3150.0,10.84
RMG12,2012-01-28,3200.0,10.38
RMG12,2012-01-28,3250.0,9.04
RMG12,2012-01-28,3258.0,7.85
RMG12,2012-01-28,3266.0,6.07
RMG12,2012-01-28,3276.0,5.07
RMG12,2012-01-28,3286.0,4.67
RMG12,2012-01-28,3296.0,4.37
RMG12,2012-01-28,3306.0,4.07
RMG12,2012-01-28,3316.0,3.77
RMG12,2012-01-28,3326.0,3.87
RMG12,2012-01-28,3336.0,4.27
RMG12,2012-01-28,3346.0,4.67
RMG12,2012-01-28,3356.0,4.97
RMG12,2012-01-28,3366.0,5.27
RMG12,2012-01-28,3376.0,5.37
RMG12,2012-01-28,3386.0,6.07
RMG12,2012-01-28,3400.0,6.38
RMG12,2012-01-28,3430.0,6.54
RMG12,2012-01-28,3460.0,6.6
RMG12,2012-01-28,3490.0,6.32
RMG12,2012-01-28,3515.0,6.06
RMG12,2012-01-28,3545.0,5.26
RMG12,2012-01-28,3575.0,4.66
RMG12,2012-01-28,3605.0,4.06
RMG12,2012-01-28,3635.0,2.86
RMG12,2012-01-28,3665.0,2.16
RMG12,2012-01-28,3695.0,1.86
RMG12,2012-01-28,3725.0,0.16
RMG12,2012-01-28,3755.0,-0.04
RMG12,2012-01-28,3785.0,0.06
RMG12,2012-01-28,3815.0,0.36
RMG12,2012-01-28,3845.0,1.16
RMG12,2012-01-28,3875.0,1.36
RMG12,2012-01-28,3905.0,1.26
RMG12,2012-01-28,3935.0,0.06
RMG12,2012-01-28,3965.0,-0.04
RMG12,2012-01-28,3995.0,-0.74
RMG12,2012-01-28,4025.0,0.36
RMG12,2012-01-28,4055.0,0.16
RMG12,2012-01-28,4085.0,-0.14
RMG12,2012-01-28,4115.0,-1.84
RMG12,2012-01-28,4145.0,-0.24
RMG12,2012-01-28,4175.0,0.06
RMG12,2012-01-28,4205.0,0.26
RMG12,2012-01-28,4235.0,0.86
RMG12,2012-01-28,4265.0,2.06
RMG12,2012-01-28,4295.0,2.86
RMG12,2012-01-28,4325.0,3.66
RMG12,2012-01-28,4355.0,4.06
RMG12,2012-01-28,4385.0,4.86
RMG12,2012-01-28,4415.0,5.36
RMG12,2012-01-28,4445.0,6.06
RMG12,2012-01-28,4470.0,6.42
RMG12,2012-01-28,4500.0,6.56
RMG12,2012-01-28,4550.0,6.72
RMG12,2012-01-28,4600.0,7.45
RMG12,2012-01-28,4650.0,7.5
RMG12,2012-01-28,4700.0,7.36
RMG12,2012-01-28,4750.0,7.44
RMG12,2012-01-28,4800.0,7.58
RMG12,2012-01-28,4850.0,7.84
RMG12,2012-01-28,4900.0,8.35
RMG12,2012-01-28,4950.0,8.62
RMG12,2012-01-28,5000.0,8.98
RMG12,2012-01-28,5050.0,9.42
RMG12,2012-01-28,5100.0,9.56
RMG12,2012-01-28,5150.0,9.84
RMG12,2012-01-28,5200.0,9.76
RMG12,2012-01-28,5250.0,9.62
RMG12,2012-01-28,5300.0,9.48
RMG12,2012-01-28,5350.0,9.22
RMG12,2012-01-28,5400.0,9.14
RMG12,2012-01-28,5450.0,8.92
RMG12,2012-01-28,5500.0,8.87
RMG12,2012-01-28,5550.0,8.75
RMG12,2012-01-28,5600.0,8.52
RMG12,2012-01-28,5650.0,8.27
RMG12,2012-01-28,5700.0,8.05
RMG12,2012-01-28,5750.0,7.82
RMG12,2012-01-28,5800.0,7.56
RMG12,2012-01-28,5850.0,7.32
RMG12,2012-01-28,5900.0,7.0
RMG12,2012-01-28,5950.0,7.04
RMG12,2012-01-28,6000.0,7.06
RMG12,2012-01-28,6050.0,6.94
RMG12,2012-01-28,6100.0,6.96
RMG12,2012-01-28,6116.0,6.84
RMG12,2012-01-28,6126.0,6.54
RMG12,2012-01-28,6136.0,6.24
RMG12,2012-01-28,6146.0,5.94
RMG12,2012-01-28,6156.0,5.64
RMG12,2012-01-28,6166.0,5.34
RMG12,2012-01-28,6176.0,5.04
RMG12,2012-01-28,6186.0,4.84
RMG12,2012-01-28,6196.0,4.54
RMG12,2012-01-28,6206.0,4.44
RMG12,2012-01-28,6216.0,4.24
RMG12,2012-01-28,6226.0,4.64
RMG12,2012-01-28,6236.0,4.94
RMG12,2012-01-28,6246.0,5.24
RMG12,2012-01-28,6256.0,5.74
RMG12,2012-01-28,6266.0,5.94
RMG12,2012-01-28,6276.0,6.84
RMG12,2012-01-28,6290.0,7.28
RMG12,2012-01-28,6320.0,7.39
RMG12,2012-01-28,6350.0,8.94
RMG12,2012-01-28,6365.0,10.32
RMG12,2012-01-28,6380.0,11.84
RMG12,2012-01-28,6395.0,13.23
RMG12,2012-01-28,6420.0,13.21
RMG12,2012-01-28,6470.0,13.24
RMG12,2012-01-28,6520.0,13.2
RMG12,2012-01-28,6570.0,13.16
RMG12,2012-01-28,6620.0,13.18
RMG12,2012-01-28,6670.0,13.16
RMG12,2012-01-28,6720.0,12.96
RMG12,2012-01-28,6770.0,12.95
RMG12,2012-01-28,6820.0,12.94
RMG12,2012-01-28,6870.0,12.92
RMG12,2012-01-28,6920.0,12.9
RMG12,2012-01-28,6970.0,12.84
RMG12,2012-01-28,7020.0,12.04
RMG12,2012-01-28,7070.0,11.92
RMG12,2012-01-28,7120.0,11.74
RMG12,2012-01-28,7170.0,11.76
RMG12,2012-01-28,7220.0,11.85
RMG12,2012-01-28,7270.0,11.95
RMG12,2012-01-28,7318.0,13.03
RMG12,2012-01-28,7318.0,12.72
RMG12,2012-01-28,7350.0,12.71
RMG12,2012-01-28,7400.0,12.7
RMG12,2012-01-28,7437.0,12.71
RMG12,2012-01-28,7440.0,14.12
RMG12,2012-01-28,7443.0,14.14
RMG12,2012-01-28,7446.0,13.47
RMG12,2012-01-28,7460.0,14.65
RMG12,2012-01-28,7510.0,14.64
RMG12,2012-01-28,7544.0,14.36
RMG12,2012-01-28,7544.0,14.27
RMG12,2012-01-28,7560.0,14.31
RMG12,2012-01-28,7610.0,14.3
RMG12,2012-01-28,7660.0,13.98
RMG12,2012-01-28,7710.0,13.96
RMG12,2012-01-28,7744.0,14.1
RMG12,2012-01-28,7744.0,14.26
RMG12,2013-02-04,0.0,14.04
RMG12,2013-02-04,0.0,13.92
RMG12,2013-02-04,10.0,14.65
RMG12,2013-02-04,18.0,17.5
RMG12,2013-02-04,22.0,17.5
RMG12,2013-02-04,31.0,14.4
RMG12,2013-02-04,41.0,13.43
RMG12,2013-02-04,41.0,13.24
RMG12,2013-02-04,50.0,13.42
RMG12,2013-02-04,100.0,13.45
RMG12,2013-02-04,150.0,13.58
RMG12,2013-02-04,200.0,13.56
RMG12,2013-02-04,250.0,13.58
RMG12,2013-02-04,300.0,13.5
RMG12,2013-02-04,350.0,13.56
RMG12,2013-02-04,400.0,13.68
RMG12,2013-02-04,450.0,13.72
RMG12,2013-02-04,500.0,13.96
RMG12,2013-02-04,550.0,13.94
RMG12,2013-02-04,600.0,13.64
RMG12,2013-02-04,650.0,13.1
RMG12,2013-02-04,700.0,12.86
RMG12,2013-02-04,750.0,12.72
RMG12,2013-02-04,800.0,12.68
RMG12,2013-02-04,842.0,12.64
RMG12,2013-02-04,850.0,11.82
RMG12,2013-02-04,900.0,10.26
RMG12,2013-02-04,950.0,9.02
RMG12,2013-02-04,1000.0,7.86
RMG12,2013-02-04,1028.0,6.64
RMG12,2013-02-04,1034.0,6.04
RMG12,2013-02-04,1040.0,5.94
RMG12,2013-02-04,1046.0,5.84
RMG12,2013-02-04,1052.0,5.74
RMG12,2013-02-04,1058.0,5.84
RMG12,2013-02-04,1064.0,5.94
RMG12,2013-02-04,1070.0,6.09
RMG12,2013-02-04,1076.0,6.64
RMG12,2013-02-04,1100.0,7.62
RMG12,2013-02-04,1150.0,9.28
RMG12,2013-02-04,1200.0,10.2
RMG12,2013-02-04,1250.0,10.87
RMG12,2013-02-04,1300.0,11.62
RMG12,2013-02-04,1350.0,12.2
RMG12,2013-02-04,1400.0,12.58
RMG12,2013-02-04,1450.0,12.96
RMG12,2013-02-04,1500.0,13.32
RMG12,2013-02-04,1550.0,13.52
RMG12,2013-02-04,1600.0,13.54
RMG12,2013-02-04,1650.0,13.5
RMG12,2013-02-04,1700.0,13.48
RMG12,2013-02-04,1750.0,13.42
RMG12,2013-02-04,1800.0,13.36
RMG12,2013-02-04,1850.0,13.2
RMG12,2013-02-04,1900.0,13.14
RMG12,2013-02-04,1950.0,13.15
RMG12,2013-02-04,2000.0,13.06
RMG12,2013-02-04,2050.0,12.84
RMG12,2013-02-04,2100.0,12.72
RMG12,2013-02-04,2150.0,12.76
RMG12,2013-02-04,2200.0,12.7
RMG12,2013-02-04,2250.0,12.64
RMG12,2013-02-04,2300.0,12.58
RMG12,2013-02-04,2350.0,12.54
RMG12,2013-02-04,2400.0,12.56
RMG12,2013-02-04,2450.0,12.58
RMG12,2013-02-04,2500.0,12.54
RMG12,2013-02-04,2550.0,12.5
RMG12,2013-02-04,2600.0,12.48
RMG12,2013-02-04,2650.0,12.52
RMG12,2013-02-04,2700.0,12.52
RMG12,2013-02-04,2750.0,12.54
RMG12,2013-02-04,2800.0,12.5
RMG12,2013-02-04,2850.0,12.48
RMG12,2013-02-04,2900.0,12.42
RMG12,2013-02-04,2950.0,12.4
RMG12,2013-02-04,3000.0,12.28
RMG12,2013-02-04,3050.0,12.08
RMG12,2013-02-04,3100.0,10.84
RMG12,2013-02-04,3150.0,9.64
RMG12,2013-02-04,3200.0,8.68
RMG12,2013-02-04,3250.0,7.64
RMG12,2013-02-04,3260.0,5.87
RMG12,2013-02-04,3270.0,5.07
RMG12,2013-02-04,3280.0,4.87
RMG12,2013-02-04,3290.0,4.62
RMG12,2013-02-04,3300.0,4.37
RMG12,2013-02-04,3310.0,4.07
RMG12,2013-02-04,3320.0,3.87
RMG12,2013-02-04,3330.0,3.67
RMG12,2013-02-04,3340.0,3.87
RMG12,2013-02-04,3350.0,4.12
RMG12,2013-02-04,3360.0,4.37
RMG12,2013-02-04,3370.0,4.67
RMG12,2013-02-04,3380.0,4.87
RMG12,2013-02-04,3390.0,5.02
RMG12,2013-02-04,3400.0,5.17
RMG12,2013-02-04,3410.0,5.37
RMG12,2013-02-04,3420.0,5.87
RMG12,2013-02-04,3450.0,6.12
RMG12,2013-02-04,3500.0,6.68
RMG12,2013-02-04,3550.0,6.92
RMG12,2013-02-04,3600.0,6.84
RMG12,2013-02-04,3650.0,6.78
RMG12,2013-02-04,3700.0,6.72
RMG12,2013-02-04,3750.0,6.69
RMG12,2013-02-04,3800.0,6.54
RMG12,2013-02-04,3830.0,6.3
RMG12,2013-02-04,3854.0,5.22
RMG12,2013-02-04,3879.0,4.12
RMG12,2013-02-04,3904.0,3.22
RMG12,2013-02-04,3929.0,3.12
RMG12,2013-02-04,3954.0,2.02
RMG12,2013-02-04,3979.0,0.82
RMG12,2013-02-04,4004.0,0.42
RMG12,2013-02-04,4029.0,-1.58
RMG12,2013-02-04,4054.0,-1.98
RMG12,2013-02-04,4079.0,-2.68
RMG12,2013-02-04,4104.0,-2.98
RMG12,2013-02-04,4129.0,-5.38
RMG12,2013-02-04,4154.0,-8.58
RMG12,2013-02-04,4179.0,-9.58
RMG12,2013-02-04,4204.0,-9.98
RMG12,2013-02-04,4229.0,-10.78
RMG12,2013-02-04,4254.0,-11.58
RMG12,2013-02-04,4279.0,-6.98
RMG12,2013-02-04,4304.0,-2.78
RMG12,2013-02-04,4329.0,-2.18
RMG12,2013-02-04,4354.0,0.12
RMG12,2013-02-04,4379.0,0.22
RMG12,2013-02-04,4404.0,0.42
RMG12,2013-02-04,4429.0,1.22
RMG12,2013-02-04,4454.0,1.42
RMG12,2013-02-04,4479.0,3.02
RMG12,2013-02-04,4504.0,3.82
RMG12,2013-02-04,4529.0,5.22
RMG12,2013-02-04,4550.0,5.44
RMG12,2013-02-04,4600.0,6.32
RMG12,2013-02-04,4650.0,6.94
RMG12,2013-02-04,4700.0,7.22
RMG12,2013-02-04,4750.0,7.43
RMG12,2013-02-04,4800.0,7.53
RMG12,2013-02-04,4850.0,7.56
RMG12,2013-02-04,4900.0,7.7
RMG12,2013-02-04,4950.0,7.96
RMG12,2013-02-04,5000.0,8.34
RMG12,2013-02-04,5050.0,8.56
RMG12,2013-02-04,5100.0,8.76
RMG12,2013-02-04,5150.0,9.06
RMG12,2013-02-04,5200.0,9.42
RMG12,2013-02-04,5250.0,9.36
RMG12,2013-02-04,5300.0,9.34
RMG12,2013-02-04,5350.0,9.24
RMG12,2013-02-04,5400.0,9.12
RMG12,2013-02-04,5450.0,8.98
RMG12,2013-02-04,5500.0,8.76
RMG12,2013-02-04,5550.0,8.64
RMG12,2013-02-04,5600.0,8.52
RMG12,2013-02-04,5650.0,8.38
RMG12,2013-02-04,5700.0,8.05
RMG12,2013-02-04,5750.0,7.84
RMG12,2013-02-04,5800.0,7.62
RMG12,2013-02-04,5850.0,7.48
RMG12,2013-02-04,5900.0,7.42
RMG12,2013-02-04,5950.0,7.36
RMG12,2013-02-04,6000.0,7.12
RMG12,2013-02-04,6050.0,6.94
RMG12,2013-02-04,6100.0,6.82
RMG12,2013-02-04,6120.0,6.04
RMG12,2013-02-04,6128.0,5.34
RMG12,2013-02-04,6136.0,4.94
RMG12,2013-02-04,6144.0,4.69
RMG12,2013-02-04,6152.0,4.59
RMG12,2013-02-04,6160.0,4.44
RMG12,2013-02-04,6168.0,4.64
RMG12,2013-02-04,6176.0,4.84
RMG12,2013-02-04,6184.0,5.04
RMG12,2013-02-04,6192.0,5.39
RMG12,2013-02-04,6200.0,6.04
RMG12,2013-02-04,6225.0,7.08
RMG12,2013-02-04,6250.0,7.84
RMG12,2013-02-04,6300.0,8.76
RMG12,2013-02-04,6350.0,9.24
RMG12,2013-02-04,6370.0,10.56
RMG12,2013-02-04,6385.0,11.98
RMG12,2013-02-04,6395.0,13.2
RMG12,2013-02-04,6420.0,13.22
RMG12,2013-02-04,6450.0,13.26
RMG12,2013-02-04,6500.0,13.24
RMG12,2013-02-04,6550.0,13.2
RMG12,2013-02-04,6600.0,13.22
RMG12,2013-02-04,6650.0,13.18
RMG12,2013-02-04,6700.0,13.0
RMG12,2013-02-04,6750.0,12.98
RMG12,2013-02-04,6800.0,12.96
RMG12,2013-02-04,6850.0,12.94
RMG12,2013-02-04,6900.0,12.92
RMG12,2013-02-04,6950.0,12.88
RMG12,2013-02-04,7000.0,12.06
RMG12,2013-02-04,7050.0,11.94
RMG12,2013-02-04,7100.0,11.76
RMG12,2013-02-04,7150.0,11.76
RMG12,2013-02-04,7200.0,11.84
RMG12,2013-02-04,7250.0,11.92
RMG12,2013-02-04,7270.0,11.94
RMG12,2013-02-04,7318.0,12.72
RMG12,2013-02-04,7318.0,13.03
RMG12,2013-02-04,7350.0,12.72
RMG12,2013-02-04,7400.0,12.7
RMG12,2013-02-04,7437.0,12.7
RMG12,2013-02-04,7440.0,14.14
RMG12,2013-02-04,7443.0,14.15
RMG12,2013-02-04,7446.0,13.48
RMG12,2013-02-04,7470.0,14.52
RMG12,2013-02-04,7500.0,14.58
RMG12,2013-02-04,7544.0,14.36
RMG12,2013-02-04,7544.0,14.26
RMG12,2013-02-04,7550.0,14.3
RMG12,2013-02-04,7600.0,14.32
RMG12,2013-02-04,7650.0,14.08
RMG12,2013-02-04,7700.0,14.04
RMG12,2013-02-04,7744.0,14.1
RMG12,2013-02-04,7744.0,14.26
RMG12,2014-04-19,0.0,14.04
RMG12,2014-04-19,0.0,13.93
RMG12,2014-04-19,10.0,14.64
RMG12,2014-04-19,18.0,17.48
RMG12,2014-04-19,22.0,17.48
RMG12,2014-04-19,31.0,14.5
RMG12,2014-04-19,41.0,13.43
RMG12,2014-04-19,41.0,13.25
RMG12,2014-04-19,50.0,13.43
RMG12,2014-04-19,100.0,13.44
RMG12,2014-04-19,150.0,13.56
RMG12,2014-04-19,200.0,13.55
RMG12,2014-04-19,250.0,13.56
RMG12,2014-04-19,300.0,13.52
RMG12,2014-04-19,350.0,13.56
RMG12,2014-04-19,400.0,13.64
RMG12,2014-04-19,450.0,13.7
RMG12,2014-04-19,500.0,13.92
RMG12,2014-04-19,550.0,13.9
RMG12,2014-04-19,600.0,13.65
RMG12,2014-04-19,650.0,13.12
RMG12,2014-04-19,700.0,12.84
RMG12,2014-04-19,750.0,12.7
RMG12,2014-04-19,800.0,12.64
RMG12,2014-04-19,842.0,12.64
RMG12,2014-04-19,850.0,11.8
RMG12,2014-04-19,900.0,10.28
RMG12,2014-04-19,950.0,9.0
RMG12,2014-04-19,1000.0,7.83
RMG12,2014-04-19,1030.0,6.52
RMG12,2014-04-19,1036.0,6.02
RMG12,2014-04-19,1042.0,5.87
RMG12,2014-04-19,1048.0,5.72
RMG12,2014-04-19,1054.0,5.82
RMG12,2014-04-19,1060.0,6.07
RMG12,2014-04-19,1066.0,6.52
RMG12,2014-04-19,1100.0,7.58
RMG12,2014-04-19,1150.0,9.2
RMG12,2014-04-19,1200.0,10.18
RMG12,2014-04-19,1250.0,10.9
RMG12,2014-04-19,1300.0,11.58
RMG12,2014-04-19,1350.0,12.25
RMG12,2014-04-19,1400.0,12.54
RMG12,2014-04-19,1450.0,12.98
RMG12,2014-04-19,1500.0,13.3
RMG12,2014-04-19,1550.0,13.54
RMG12,2014-04-19,1600.0,13.56
RMG12,2014-04-19,1650.0,13.52
RMG12,2014-04-19,1700.0,13.5
RMG12,2014-04-19,1750.0,13.46
RMG12,2014-04-19,1800.0,13.38
RMG12,2014-04-19,1850.0,13.24
RMG12,2014-04-19,1900.0,13.2
RMG12,2014-04-19,1950.0,13.16
RMG12,2014-04-19,2000.0,13.1
RMG12,2014-04-19,2050.0,12.86
RMG12,2014-04-19,2100.0,12.7
RMG12,2014-04-19,2150.0,12.72
RMG12,2014-04-19,2200.0,12.7
RMG12,2014-04-19,2250.0,12.68
RMG12,2014-04-19,2300.0,12.6
RMG12,2014-04-19,2350.0,12.56
RMG12,2014-04-19,2400.0,12.58
RMG12,2014-04-19,2450.0,12.56
RMG12,2014-04-19,2500.0,12.54
RMG12,2014-04-19,2550.0,12.52
RMG12,2014-04-19,2600.0,12.5
RMG12,2014-04-19,2650.0,12.53
RMG12,2014-04-19,2700.0,12.54
RMG12,2014-04-19,2750.0,12.52
RMG12,2014-04-19,2800.0,12.5
RMG12,2014-04-19,2850.0,12.52
RMG12,2014-04-19,2900.0,12.48
RMG12,2014-04-19,2950.0,12.42
RMG12,2014-04-19,3000.0,12.0
RMG12,2014-04-19,3050.0,10.98
RMG12,2014-04-19,3100.0,9.72
RMG12,2014-04-19,3150.0,8.68
RMG12,2014-04-19,3200.0,7.62
RMG12,2014-04-19,3240.0,5.62
RMG12,2014-04-19,3255.0,4.92
RMG12,2014-04-19,3270.0,4.72
RMG12,2014-04-19,3285.0,4.42
RMG12,2014-04-19,3300.0,4.22
RMG12,2014-04-19,3315.0,4.02
RMG12,2014-04-19,3330.0,3.77
RMG12,2014-04-19,3345.0,3.47
RMG12,2014-04-19,3360.0,3.22
RMG12,2014-04-19,3375.0,3.42
RMG12,2014-04-19,3390.0,3.72
RMG12,2014-04-19,3405.0,4.12
RMG12,2014-04-19,3420.0,4.52
RMG12,2014-04-19,3435.0,4.77
RMG12,2014-04-19,3450.0,4.92
RMG12,2014-04-19,3465.0,5.02
RMG12,2014-04-19,3480.0,5.62
RMG12,2014-04-19,3500.0,6.04
RMG12,2014-04-19,3550.0,6.52
RMG12,2014-04-19,3600.0,6.83
RMG12,2014-04-19,3650.0,6.64
RMG12,2014-04-19,3700.0,6.53
RMG12,2014-04-19,3750.0,5.98
RMG12,2014-04-19,3800.0,5.54
RMG12,2014-04-19,3824.0,4.96
RMG12,2014-04-19,3849.0,3.96
RMG12,2014-04-19,3874.0,3.16
RMG12,2014-04-19,3899.0,3.06
RMG12,2014-04-19,3924.0,2.96
RMG12,2014-04-19,3949.0,1.66
RMG12,2014-04-19,3974.0,1.76
RMG12,2014-04-19,3999.0,1.81
RMG12,2014-04-19,4024.0,2.01
RMG12,2014-04-19,4049.0,2.06
RMG12,2014-04-19,4074.0,1.26
RMG12,2014-04-19,4099.0,1.66
RMG12,2014-04-19,4124.0,1.76
RMG12,2014-04-19,4149.0,2.96
RMG12,2014-04-19,4174.0,3.16
RMG12,2014-04-19,4199.0,3.11
RMG12,2014-04-19,4224.0,3.06
RMG12,2014-04-19,4249.0,2.76
RMG12,2014-04-19,4274.0,2.66
RMG12,2014-04-19,4299.0,2.76
RMG12,2014-04-19,4324.0,2.76
RMG12,2014-04-19,4349.0,2.76
RMG12,2014-04-19,4374.0,1.66
RMG12,2014-04-19,4399.0,-1.04
RMG12,2014-04-19,4424.0,-4.24
RMG12,2014-04-19,4449.0,-2.14
RMG12,2014-04-19,4474.0,0.96
RMG12,2014-04-19,4499.0,3.16
RMG12,2014-04-19,4514.0,4.96
RMG12,2014-04-19,4522.0,5.38
RMG12,2014-04-19,4527.0,5.94
RMG12,2014-04-19,4533.0,6.52
RMG12,2014-04-19,4550.0,6.84
RMG12,2014-04-19,4600.0,7.14
RMG12,2014-04-19,4650.0,7.2
RMG12,2014-04-19,4700.0,7.36
RMG12,2014-04-19,4750.0,7.52
RMG12,2014-04-19,4800.0,7.64
RMG12,2014-04-19,4850.0,7.72
RMG12,2014-04-19,4900.0,7.98
RMG12,2014-04-19,4950.0,8.24
RMG12,2014-04-19,5000.0,8.4
RMG12,2014-04-19,5050.0,8.68
RMG12,2014-04-19,5100.0,8.82
RMG12,2014-04-19,5150.0,9.1
RMG12,2014-04-19,5200.0,9.44
RMG12,2014-04-19,5250.0,9.38
RMG12,2014-04-19,5300.0,9.36
RMG12,2014-04-19,5350.0,9.34
RMG12,2014-04-19,5400.0,9.32
RMG12,2014-04-19,5450.0,9.3
RMG12,2014-04-19,5500.0,9.22
RMG12,2014-04-19,5550.0,8.84
RMG12,2014-04-19,5600.0,8.36
RMG12,2014-04-19,5650.0,8.08
RMG12,2014-04-19,5700.0,7.82
RMG12,2014-04-19,5750.0,7.78
RMG12,2014-04-19,5800.0,7.59
RMG12,2014-04-19,5850.0,7.5
RMG12,2014-04-19,5900.0,7.48
RMG12,2014-04-19,5950.0,7.26
RMG12,2014-04-19,6000.0,7.2
RMG12,2014-04-19,6050.0,6.93
RMG12,2014-04-19,6100.0,6.72
RMG12,2014-04-19,6132.0,5.68
RMG12,2014-04-19,6140.0,5.18
RMG12,2014-04-19,6148.0,4.78
RMG12,2014-04-19,6156.0,4.53
RMG12,2014-04-19,6164.0,4.38
RMG12,2014-04-19,6172.0,4.58
RMG12,2014-04-19,6180.0,4.83
RMG12,2014-04-19,6188.0,5.08
RMG12,2014-04-19,6196.0,5.28
RMG12,2014-04-19,6204.0,5.68
RMG12,2014-04-19,6220.0,6.92
RMG12,2014-04-19,6250.0,7.74
RMG12,2014-04-19,6300.0,8.32
RMG12,2014-04-19,6340.0,9.34
RMG12,2014-04-19,6370.0,10.62
RMG12,2014-04-19,6395.0,13.18
RMG12,2014-04-19,6420.0,13.2
RMG12,2014-04-19,6450.0,13.24
RMG12,2014-04-19,6500.0,13.25
RMG12,2014-04-19,6550.0,13.22
RMG12,2014-04-19,6600.0,13.24
RMG12,2014-04-19,6650.0,13.22
RMG12,2014-04-19,6700.0,13.04
RMG12,2014-04-19,6750.0,13.0
RMG12,2014-04-19,6800.0,12.96
RMG12,2014-04-19,6850.0,12.95
RMG12,2014-04-19,6900.0,12.93
RMG12,2014-04-19,6950.0,12.9
RMG12,2014-04-19,7000.0,12.05
RMG12,2014-04-19,7050.0,11.96
RMG12,2014-04-19,7100.0,11.78
RMG12,2014-04-19,7150.0,11.76
RMG12,2014-04-19,7200.0,11.85
RMG12,2014-04-19,7250.0,11.9
RMG12,2014-04-19,7270.0,11.92
RMG12,2014-04-19,7318.0,13.03
RMG12,2014-04-19,7318.0,12.73
RMG12,2014-04-19,7350.0,12.72
RMG12,2014-04-19,7380.0,12.7
RMG12,2014-04-19,7410.0,12.71
RMG12,2014-04-19,7437.0,12.74
RMG12,2014-04-19,7440.0,14.12
RMG12,2014-04-19,7443.0,14.12
RMG12,2014-04-19,7446.0,13.5
RMG12,2014-04-19,7470.0,14.5
RMG12,2014-04-19,7500.0,14.56
RMG12,2014-04-19,7544.0,14.36
RMG12,2014-04-19,7544.0,14.25
RMG12,2014-04-19,7550.0,14.32
RMG12,2014-04-19,7580.0,14.3
RMG12,2014-04-19,7610.0,14.2
RMG12,2014-04-19,7640.0,14.12
RMG12,2014-04-19,7670.0,14.08
RMG12,2014-04-19,7700.0,14.05
RMG12,2014-04-19,7744.0,14.1
RMG12,2014-04-19,7744.0,14.26
RMG12,2017-04-28,0.0,14.04
RMG12,2017-04-28,0.0,13.93
RMG12,2017-04-28,10.0,14.54
RMG12,2017-04-28,18.0,17.46
RMG12,2017-04-28,22.0,17.5
RMG12,2017-04-28,31.0,14.56
RMG12,2017-04-28,41.0,13.3
RMG12,2017-04-28,41.0,13.43
RMG12,2017-04-28,100.0,13.46
RMG12,2017-04-28,150.0,13.64
RMG12,2017-04-28,200.0,13.42
RMG12,2017-04-28,250.0,13.4
RMG12,2017-04-28,300.0,13.43
RMG12,2017-04-28,350.0,13.39
RMG12,2017-04-28,400.0,13.36
RMG12,2017-04-28,450.0,13.41
RMG12,2017-04-28,500.0,13.48
RMG12,2017-04-28,550.0,13.39
RMG12,2017-04-28,600.0,13.32
RMG12,2017-04-28,650.0,13.3
RMG12,2017-04-28,700.0,13.14
RMG12,2017-04-28,750.0,12.5
RMG12,2017-04-28,800.0,12.45
RMG12,2017-04-28,870.0,12.5
RMG12,2017-04-28,900.0,11.66
RMG12,2017-04-28,950.0,7.82
RMG12,2017-04-28,1000.0,7.55
RMG12,2017-04-28,1026.0,5.5
RMG12,2017-04-28,1030.0,4.76
RMG12,2017-04-28,1040.0,3.64
RMG12,2017-04-28,1050.0,3.66
RMG12,2017-04-28,1060.0,4.04
RMG12,2017-04-28,1070.0,5.45
RMG12,2017-04-28,1080.0,5.84
RMG12,2017-04-28,1100.0,7.26
RMG12,2017-04-28,1150.0,9.62
RMG12,2017-04-28,1200.0,10.24
RMG12,2017-04-28,1250.0,10.6
RMG12,2017-04-28,1300.0,11.5
RMG12,2017-04-28,1350.0,11.75
RMG12,2017-04-28,1400.0,12.57
RMG12,2017-04-28,1450.0,13.08
RMG12,2017-04-28,1500.0,13.18
RMG12,2017-04-28,1550.0,13.31
RMG12,2017-04-28,1600.0,13.41
RMG12,2017-04-28,1650.0,13.49
RMG12,2017-04-28,1700.0,13.55
RMG12,2017-04-28,1750.0,13.71
RMG12,2017-04-28,1800.0,13.52
RMG12,2017-04-28,1850.0,13.55
RMG12,2017-04-28,1900.0,13.31
RMG12,2017-04-28,1950.0,13.31
RMG12,2017-04-28,2000.0,13.25
RMG12,2017-04-28,2050.0,12.91
RMG12,2017-04-28,2100.0,12.75
RMG12,2017-04-28,2150.0,12.93
RMG12,2017-04-28,2200.0,12.71
RMG12,2017-04-28,2250.0,12.55
RMG12,2017-04-28,2300.0,12.51
RMG12,2017-04-28,2350.0,12.35
RMG12,2017-04-28,2400.0,12.31
RMG12,2017-04-28,2450.0,12.21
RMG12,2017-04-28,2500.0,12.41
RMG12,2017-04-28,2550.0,12.31
RMG12,2017-04-28,2600.0,12.24
RMG12,2017-04-28,2650.0,12.3
RMG12,2017-04-28,2700.0,12.4
RMG12,2017-04-28,2750.0,12.37
RMG12,2017-04-28,2800.0,12.17
RMG12,2017-04-28,2850.0,12.13
RMG12,2017-04-28,2900.0,12.23
RMG12,2017-04-28,2950.0,12.29
RMG12,2017-04-28,3000.0,12.34
RMG12,2017-04-28,3050.0,12.11
RMG12,2017-04-28,3100.0,12.16
RMG12,2017-04-28,3150.0,11.61
RMG12,2017-04-28,3200.0,11.55
RMG12,2017-04-28,3250.0,11.39
RMG12,2017-04-28,3300.0,11.4
RMG12,2017-04-28,3350.0,11.25
RMG12,2017-04-28,3400.0,11.23
RMG12,2017-04-28,3450.0,11.21
RMG12,2017-04-28,3500.0,10.35
RMG12,2017-04-28,3550.0,10.15
RMG12,2017-04-28,3600.0,10.11
RMG12,2017-04-28,3650.0,10.01
RMG12,2017-04-28,3700.0,9.95
RMG12,2017-04-28,3750.0,9.85
RMG12,2017-04-28,3800.0,9.65
RMG12,2017-04-28,3850.0,9.55
RMG12,2017-04-28,3900.0,8.9
RMG12,2017-04-28,3950.0,8.52
RMG12,2017-04-28,4000.0,7.56
RMG12,2017-04-28,4050.0,7.3
RMG12,2017-04-28,4100.0,6.9
RMG12,2017-04-28,4126.0,5.5
RMG12,2017-04-28,4130.0,4.5
RMG12,2017-04-28,4160.0,3.2
RMG12,2017-04-28,4190.0,2.0
RMG12,2017-04-28,4220.0,1.5
RMG12,2017-04-28,4250.0,1.0
RMG12,2017-04-28,4280.0,0.0
RMG12,2017-04-28,4310.0,-0.3
RMG12,2017-04-28,4340.0,-0.2
RMG12,2017-04-28,4370.0,-0.2
RMG12,2017-04-28,4400.0,0.0
RMG12,2017-04-28,4430.0,0.5
RMG12,2017-04-28,4460.0,0.2
RMG12,2017-04-28,4490.0,-0.2
RMG12,2017-04-28,4520.0,-0.1
RMG12,2017-04-28,4550.0,1.1
RMG12,2017-04-28,4580.0,2.2
RMG12,2017-04-28,4610.0,3.0
RMG12,2017-04-28,4640.0,3.7
RMG12,2017-04-28,4641.0,5.5
RMG12,2017-04-28,4650.0,6.64
RMG12,2017-04-28,4670.0,4.5
RMG12,2017-04-28,4700.0,7.49
RMG12,2017-04-28,4750.0,7.75
RMG12,2017-04-28,4800.0,8.4
RMG12,2017-04-28,4850.0,8.35
RMG12,2017-04-28,4900.0,8.55
RMG12,2017-04-28,4950.0,8.3
RMG12,2017-04-28,5000.0,8.26
RMG12,2017-04-28,5050.0,8.16
RMG12,2017-04-28,5100.0,8.06
RMG12,2017-04-28,5150.0,8.11
RMG12,2017-04-28,5200.0,7.63
RMG12,2017-04-28,5250.0,7.53
RMG12,2017-04-28,5300.0,7.03
RMG12,2017-04-28,5320.0,5.52
RMG12,2017-04-28,5325.0,4.52
RMG12,2017-04-28,5350.0,3.02
RMG12,2017-04-28,5375.0,2.12
RMG12,2017-04-28,5400.0,0.52
RMG12,2017-04-28,5425.0,-0.98
RMG12,2017-04-28,5450.0,-2.88
RMG12,2017-04-28,5475.0,-2.98
RMG12,2017-04-28,5500.0,-3.58
RMG12,2017-04-28,5525.0,-4.08
RMG12,2017-04-28,5550.0,-3.98
RMG12,2017-04-28,5575.0,-4.18
RMG12,2017-04-28,5600.0,-4.18
RMG12,2017-04-28,5625.0,-4.48
RMG12,2017-04-28,5650.0,-7.08
RMG12,2017-04-28,5675.0,-8.48
RMG12,2017-04-28,5700.0,-8.68
RMG12,2017-04-28,5725.0,-8.08
RMG12,2017-04-28,5750.0,-7.48
RMG12,2017-04-28,5775.0,-5.68
RMG12,2017-04-28,5800.0,-4.98
RMG12,2017-04-28,5825.0,-4.48
RMG12,2017-04-28,5850.0,-4.38
RMG12,2017-04-28,5875.0,-3.08
RMG12,2017-04-28,5900.0,-2.48
RMG12,2017-04-28,5925.0,-1.48
RMG12,2017-04-28,5950.0,0.02
RMG12,2017-04-28,5975.0,1.52
RMG12,2017-04-28,6000.0,2.02
RMG12,2017-04-28,6025.0,3.32
RMG12,2017-04-28,6040.0,4.52
RMG12,2017-04-28,6047.0,5.52
RMG12,2017-04-28,6060.0,6.76
RMG12,2017-04-28,6100.0,8.8
RMG12,2017-04-28,6150.0,9.2
RMG12,2017-04-28,6200.0,9.86
RMG12,2017-04-28,6250.0,9.54
RMG12,2017-04-28,6300.0,9.56
RMG12,2017-04-28,6365.0,12.85
RMG12,2017-04-28,6400.0,12.25
RMG12,2017-04-28,6450.0,12.65
RMG12,2017-04-28,6500.0,12.49
RMG12,2017-04-28,6550.0,12.41
RMG12,2017-04-28,6600.0,12.78
RMG12,2017-04-28,6650.0,12.85
RMG12,2017-04-28,6700.0,12.45
RMG12,2017-04-28,6750.0,12.25
RMG12,2017-04-28,6800.0,12.15
RMG12,2017-04-28,6850.0,12.05
RMG12,2017-04-28,6900.0,11.75
RMG12,2017-04-28,6950.0,11.02
RMG12,2017-04-28,7000.0,11.22
RMG12,2017-04-28,7050.0,11.25
RMG12,2017-04-28,7100.0,11.2
RMG12,2017-04-28,7150.0,11.07
RMG12,2017-04-28,7200.0,11.51
RMG12,2017-04-28,7250.0,11.55
RMG12,2017-04-28,7300.0,12.25
RMG12,2017-04-28,7318.0,12.73
RMG12,2017-04-28,7318.0,13.04
RMG12,2017-04-28,7350.0,12.7
RMG12,2017-04-28,7400.0,12.4
RMG12,2017-04-28,7437.0,12.75
RMG12,2017-04-28,7440.0,14.12
RMG12,2017-04-28,7443.0,14.12
RMG12,2017-04-28,7446.0,13.5
RMG12,2017-04-28,7470.0,14.4
RMG12,2017-04-28,7500.0,14.25
RMG12,2017-04-28,7544.0,14.25
RMG12,2017-04-28,7544.0,14.37
RMG12,2017-04-28,7600.0,14.25
RMG12,2017-04-28,7650.0,14.2
RMG12,2017-04-28,7700.0,14.26
RMG12,2017-04-28,7744.0,14.1
RMG12,2017-04-28,7744.0,14.26
RMG12,2018-05-02,0.0,14.04
RMG12,2018-05-02,0.0,13.93
RMG12,2018-05-02,10.0,14.52
RMG12,2018-05-02,18.0,17.45
RMG12,2018-05-02,22.0,17.5
RMG12,2018-05-02,31.0,14.5
RMG12,2018-05-02,41.0,13.3
RMG12,2018-05-02,41.0,13.42
RMG12,2018-05-02,50.0,13.37
RMG12,2018-05-02,100.0,13.45
RMG12,2018-05-02,150.0,13.6
RMG12,2018-05-02,200.0,13.39
RMG12,2018-05-02,250.0,13.36
RMG12,2018-05-02,300.0,13.4
RMG12,2018-05-02,350.0,13.43
RMG12,2018-05-02,400.0,13.33
RMG12,2018-05-02,450.0,13.4
RMG12,2018-05-02,500.0,13.5
RMG12,2018-05-02,550.0,13.34
RMG12,2018-05-02,600.0,13.28
RMG12,2018-05-02,650.0,13.3
RMG12,2018-05-02,700.0,13.06
RMG12,2018-05-02,750.0,12.46
RMG12,2018-05-02,800.0,12.39
RMG12,2018-05-02,850.0,12.44
RMG12,2018-05-02,868.0,12.02
RMG12,2018-05-02,880.0,11.7
RMG12,2018-05-02,900.0,11.5
RMG12,2018-05-02,950.0,8.04
RMG12,2018-05-02,1000.0,7.45
RMG12,2018-05-02,1020.0,5.6
RMG12,2018-05-02,1040.0,3.48
RMG12,2018-05-02,1050.0,3.62
RMG12,2018-05-02,1060.0,4.14
RMG12,2018-05-02,1070.0,5.5
RMG12,2018-05-02,1080.0,5.9
RMG12,2018-05-02,1100.0,7.32
RMG12,2018-05-02,1130.0,8.8
RMG12,2018-05-02,1160.0,9.66
RMG12,2018-05-02,1200.0,10.22
RMG12,2018-05-02,1250.0,10.56
RMG12,2018-05-02,1300.0,11.46
RMG12,2018-05-02,1350.0,11.7
RMG12,2018-05-02,1400.0,12.49
RMG12,2018-05-02,1450.0,13.09
RMG12,2018-05-02,1500.0,13.2
RMG12,2018-05-02,1550.0,13.22
RMG12,2018-05-02,1600.0,13.36
RMG12,2018-05-02,1650.0,13.48
RMG12,2018-05-02,1700.0,13.5
RMG12,2018-05-02,1750.0,13.64
RMG12,2018-05-02,1800.0,13.46
RMG12,2018-05-02,1850.0,13.5
RMG12,2018-05-02,1900.0,13.28
RMG12,2018-05-02,1950.0,13.24
RMG12,2018-05-02,2000.0,13.23
RMG12,2018-05-02,2050.0,12.86
RMG12,2018-05-02,2100.0,12.7
RMG12,2018-05-02,2150.0,12.84
RMG12,2018-05-02,2200.0,12.74
RMG12,2018-05-02,2250.0,12.54
RMG12,2018-05-02,2300.0,12.43
RMG12,2018-05-02,2350.0,12.28
RMG12,2018-05-02,2400.0,12.26
RMG12,2018-05-02,2450.0,12.2
RMG12,2018-05-02,2500.0,12.38
RMG12,2018-05-02,2550.0,12.25
RMG12,2018-05-02,2600.0,12.22
RMG12,2018-05-02,2650.0,12.24
RMG12,2018-05-02,2700.0,12.42
RMG12,2018-05-02,2750.0,12.26
RMG12,2018-05-02,2800.0,12.2
RMG12,2018-05-02,2850.0,12.1
RMG12,2018-05-02,2900.0,12.22
RMG12,2018-05-02,2950.0,12.3
RMG12,2018-05-02,3000.0,12.35
RMG12,2018-05-02,3050.0,12.02
RMG12,2018-05-02,3100.0,12.12
RMG12,2018-05-02,3150.0,11.55
RMG12,2018-05-02,3200.0,11.48
RMG12,2018-05-02,3250.0,11.34
RMG12,2018-05-02,3300.0,11.35
RMG12,2018-05-02,3350.0,11.22
RMG12,2018-05-02,3400.0,11.18
RMG12,2018-05-02,3450.0,11.19
RMG12,2018-05-02,3500.0,10.38
RMG12,2018-05-02,3550.0,10.15
RMG12,2018-05-02,3600.0,10.1
RMG12,2018-05-02,3650.0,10.05
RMG12,2018-05-02,3700.0,9.86
RMG12,2018-05-02,3750.0,9.7
RMG12,2018-05-02,3800.0,9.54
RMG12,2018-05-02,3850.0,9.46
RMG12,2018-05-02,3900.0,9.26
RMG12,2018-05-02,3950.0,8.78
RMG12,2018-05-02,4000.0,8.18
RMG12,2018-05-02,4050.0,7.86
RMG12,2018-05-02,4100.0,6.76
RMG12,2018-05-02,4106.0,5.23
RMG12,2018-05-02,4120.0,4.23
RMG12,2018-05-02,4140.0,3.93
RMG12,2018-05-02,4155.0,3.53
RMG12,2018-05-02,4170.0,3.18
RMG12,2018-05-02,4180.0,3.03
RMG12,2018-05-02,4200.0,1.93
RMG12,2018-05-02,4220.0,2.23
RMG12,2018-05-02,4240.0,2.43
RMG12,2018-05-02,4250.0,2.63
RMG12,2018-05-02,4270.0,3.33
RMG12,2018-05-02,4290.0,2.73
RMG12,2018-05-02,4300.0,2.03
RMG12,2018-05-02,4315.0,1.93
RMG12,2018-05-02,4330.0,1.23
RMG12,2018-05-02,4350.0,0.83
RMG12,2018-05-02,4370.0,0.97
RMG12,2018-05-02,4380.0,0.87
RMG12,2018-05-02,4390.0,1.33
RMG12,2018-05-02,4410.0,1.53
RMG12,2018-05-02,4430.0,1.73
RMG12,2018-05-02,4444.0,1.83
RMG12,2018-05-02,4460.0,2.15
RMG12,2018-05-02,4480.0,2.43
RMG12,2018-05-02,4490.0,2.53
RMG12,2018-05-02,4510.0,2.68
RMG12,2018-05-02,4520.0,2.95
RMG12,2018-05-02,4540.0,3.23
RMG12,2018-05-02,4560.0,3.53
RMG12,2018-05-02,4570.0,3.73
RMG12,2018-05-02,4590.0,4.53
RMG12,2018-05-02,4606.0,5.23
RMG12,2018-05-02,4610.0,6.46
RMG12,2018-05-02,4650.0,6.78
RMG12,2018-05-02,4700.0,7.84
RMG12,2018-05-02,4750.0,7.92
RMG12,2018-05-02,4800.0,8.52
RMG12,2018-05-02,4850.0,8.44
RMG12,2018-05-02,4900.0,8.66
RMG12,2018-05-02,4950.0,8.54
RMG12,2018-05-02,5000.0,8.64
RMG12,2018-05-02,5050.0,8.28
RMG12,2018-05-02,5100.0,8.26
RMG12,2018-05-02,5150.0,8.28
RMG12,2018-05-02,5200.0,8.16
RMG12,2018-05-02,5250.0,7.66
RMG12,2018-05-02,5300.0,7.46
RMG12,2018-05-02,5350.0,7.07
RMG12,2018-05-02,5370.0,6.48
RMG12,2018-05-02,5375.0,5.21
RMG12,2018-05-02,5390.0,4.21
RMG12,2018-05-02,5410.0,3.56
RMG12,2018-05-02,5430.0,2.47
RMG12,2018-05-02,5450.0,2.18
RMG12,2018-05-02,5460.0,1.95
RMG12,2018-05-02,5480.0,1.91
RMG12,2018-05-02,5500.0,1.89
RMG12,2018-05-02,5520.0,3.16
RMG12,2018-05-02,5540.0,2.82
RMG12,2018-05-02,5560.0,1.59
RMG12,2018-05-02,5580.0,2.44
RMG12,2018-05-02,5600.0,3.59
RMG12,2018-05-02,5610.0,4.21
RMG12,2018-05-02,5630.0,3.61
RMG12,2018-05-02,5650.0,2.45
RMG12,2018-05-02,5670.0,0.67
RMG12,2018-05-02,5680.0,-0.99
RMG12,2018-05-02,5700.0,-2.49
RMG12,2018-05-02,5720.0,-2.95
RMG12,2018-05-02,5740.0,-4.69
RMG12,2018-05-02,5760.0,-5.19
RMG12,2018-05-02,5780.0,-5.54
RMG12,2018-05-02,5800.0,-5.84
RMG12,2018-05-02,5815.0,-5.56
RMG12,2018-05-02,5830.0,-5.94
RMG12,2018-05-02,5850.0,-6.19
RMG12,2018-05-02,5870.0,-6.12
RMG12,2018-05-02,5890.0,-5.57
RMG12,2018-05-02,5900.0,-5.99
RMG12,2018-05-02,5920.0,-5.51
RMG12,2018-05-02,5950.0,-5.84
RMG12,2018-05-02,5960.0,-5.7
RMG12,2018-05-02,5980.0,-4.79
RMG12,2018-05-02,5999.0,-4.59
RMG12,2018-05-02,6020.0,-3.62
RMG12,2018-05-02,6040.0,-1.56
RMG12,2018-05-02,6050.0,1.85
RMG12,2018-05-02,6080.0,3.69
RMG12,2018-05-02,6110.0,5.21
RMG12,2018-05-02,6114.0,6.68
RMG12,2018-05-02,6120.0,7.26
RMG12,2018-05-02,6150.0,8.86
RMG12,2018-05-02,6200.0,9.26
RMG12,2018-05-02,6250.0,9.84
RMG12,2018-05-02,6300.0,10.4
RMG12,2018-05-02,6350.0,11.3
RMG12,2018-05-02,6360.0,12.75
RMG12,2018-05-02,6400.0,12.28
RMG12,2018-05-02,6450.0,12.58
RMG12,2018-05-02,6500.0,12.5
RMG12,2018-05-02,6550.0,12.68
RMG12,2018-05-02,6600.0,12.8
RMG12,2018-05-02,6650.0,12.8
RMG12,2018-05-02,6700.0,12.46
RMG12,2018-05-02,6750.0,12.26
RMG12,2018-05-02,6800.0,12.15
RMG12,2018-05-02,6850.0,12.01
RMG12,2018-05-02,6900.0,11.67
RMG12,2018-05-02,6950.0,11.08
RMG12,2018-05-02,7000.0,11.26
RMG12,2018-05-02,7050.0,11.06
RMG12,2018-05-02,7100.0,11.18
RMG12,2018-05-02,7150.0,11.17
RMG12,2018-05-02,7200.0,11.4
RMG12,2018-05-02,7250.0,11.5
RMG12,2018-05-02,7300.0,12.2
RMG12,2018-05-02,7318.0,12.73
RMG12,2018-05-02,7318.0,13.04
RMG12,2018-05-02,7350.0,12.72
RMG12,2018-05-02,7400.0,12.36
RMG12,2018-05-02,7437.0,12.7
RMG12,2018-05-02,7440.0,14.1
RMG12,2018-05-02,7443.0,14.12
RMG12,2018-05-02,7446.0,13.44
RMG12,2018-05-02,7450.0,13.5
RMG12,2018-05-02,7500.0,14.2
RMG12,2018-05-02,7544.0,14.25
RMG12,2018-05-02,7544.0,14.37
RMG12,2018-05-02,7550.0,14.25
RMG12,2018-05-02,7600.0,14.22
RMG12,2018-05-02,7650.0,14.18
RMG12,2018-05-02,7700.0,14.28
RMG12,2018-05-02,7744.0,14.1
RMG12,2018-05-02,7744.0,14.26
RMG12,2019-05-30,0.0,14.04
RMG12,2019-05-30,0.0,13.93
RMG12,2019-05-30,10.0,14.5
RMG12,2019-05-30,18.0,17.47
RMG12,2019-05-30,22.0,17.5
RMG12,2019-05-30,31.0,14.5
RMG12,2019-05-30,41.0,14.89
RMG12,2019-05-30,41.0,15.33
RMG12,2019-05-30,60.0,13.4
RMG12,2019-05-30,120.0,13.58
RMG12,2019-05-30,180.0,13.44
RMG12,2019-05-30,240.0,13.37
RMG12,2019-05-30,300.0,13.46
RMG12,2019-05-30,360.0,13.52
RMG12,2019-05-30,420.0,13.39
RMG12,2019-05-30,480.0,13.54
RMG12,2019-05-30,540.0,13.42
RMG12,2019-05-30,600.0,13.32
RMG12,2019-05-30,660.0,13.36
RMG12,2019-05-30,720.0,13.26
RMG12,2019-05-30,780.0,13.02
RMG12,2019-05-30,840.0,12.42
RMG12,2019-05-30,876.0,12.22
RMG12,2019-05-30,900.0,13.35
RMG12,2019-05-30,920.0,9.76
RMG12,2019-05-30,950.0,7.68
RMG12,2019-05-30,980.0,6.42
RMG12,2019-05-30,1000.0,4.44
RMG12,2019-05-30,1020.0,3.96
RMG12,2019-05-30,1050.0,4.28
RMG12,2019-05-30,1080.0,6.82
RMG12,2019-05-30,1100.0,7.4
RMG12,2019-05-30,1130.0,8.55
RMG12,2019-05-30,1160.0,9.66
RMG12,2019-05-30,1220.0,10.47
RMG12,2019-05-30,1280.0,11.35
RMG12,2019-05-30,1340.0,11.74
RMG12,2019-05-30,1400.0,12.46
RMG12,2019-05-30,1460.0,12.86
RMG12,2019-05-30,1520.0,13.28
RMG12,2019-05-30,1580.0,13.42
RMG12,2019-05-30,1640.0,13.55
RMG12,2019-05-30,1700.0,13.6
RMG12,2019-05-30,1760.0,13.55
RMG12,2019-05-30,1820.0,13.4
RMG12,2019-05-30,1880.0,13.68
RMG12,2019-05-30,1940.0,13.36
RMG12,2019-05-30,2000.0,13.28
RMG12,2019-05-30,2060.0,12.9
RMG12,2019-05-30,2120.0,12.65
RMG12,2019-05-30,2180.0,12.62
RMG12,2019-05-30,2240.0,12.48
RMG12,2019-05-30,2300.0,12.4
RMG12,2019-05-30,2360.0,12.24
RMG12,2019-05-30,2420.0,12.33
RMG12,2019-05-30,2480.0,12.42
RMG12,2019-05-30,2540.0,12.28
RMG12,2019-05-30,2600.0,12.28
RMG12,2019-05-30,2660.0,12.27
RMG12,2019-05-30,2720.0,12.37
RMG12,2019-05-30,2780.0,12.28
RMG12,2019-05-30,2840.0,12.16
RMG12,2019-05-30,2900.0,12.06
RMG12,2019-05-30,2960.0,12.24
RMG12,2019-05-30,3020.0,12.28
RMG12,2019-05-30,3080.0,12.06
RMG12,2019-05-30,3140.0,11.58
RMG12,2019-05-30,3200.0,11.55
RMG12,2019-05-30,3260.0,11.44
RMG12,2019-05-30,3320.0,11.29
RMG12,2019-05-30,3380.0,11.36
RMG12,2019-05-30,3440.0,12.24
RMG12,2019-05-30,3500.0,10.44
RMG12,2019-05-30,3560.0,10.28
RMG12,2019-05-30,3620.0,10.18
RMG12,2019-05-30,3680.0,9.74
RMG12,2019-05-30,3740.0,9.66
RMG12,2019-05-30,3800.0,9.28
RMG12,2019-05-30,3860.0,9.09
RMG12,2019-05-30,3920.0,9.29
RMG12,2019-05-30,3980.0,8.8
RMG12,2019-05-30,4040.0,8.42
RMG12,2019-05-30,4100.0,8.08
RMG12,2019-05-30,4160.0,9.2
RMG12,2019-05-30,4220.0,9.85
RMG12,2019-05-30,4280.0,9.66
RMG12,2019-05-30,4340.0,9.44
RMG12,2019-05-30,4400.0,9.28
RMG12,2019-05-30,4460.0,8.7
RMG12,2019-05-30,4520.0,8.18
RMG12,2019-05-30,4580.0,8.06
RMG12,2019-05-30,4640.0,7.7
RMG12,2019-05-30,4700.0,7.5
RMG12,2019-05-30,4760.0,7.28
RMG12,2019-05-30,4820.0,7.17
RMG12,2019-05-30,4880.0,7.05
RMG12,2019-05-30,4940.0,8.7
RMG12,2019-05-30,5000.0,9.2
RMG12,2019-05-30,5040.0,9.01
RMG12,2019-05-30,5044.0,7.42
RMG12,2019-05-30,5048.0,5.9
RMG12,2019-05-30,5068.0,5.2
RMG12,2019-05-30,5085.0,4.4
RMG12,2019-05-30,5106.0,3.7
RMG12,2019-05-30,5126.0,2.3
RMG12,2019-05-30,5145.0,1.5
RMG12,2019-05-30,5165.0,0.4
RMG12,2019-05-30,5184.0,-0.6
RMG12,2019-05-30,5200.0,-1.3
RMG12,2019-05-30,5224.0,-2.5
RMG12,2019-05-30,5240.0,-3.3
RMG12,2019-05-30,5260.0,-4.1
RMG12,2019-05-30,5280.0,-5.3
RMG12,2019-05-30,5300.0,-5.1
RMG12,2019-05-30,5320.0,-5.16
RMG12,2019-05-30,5340.0,-4.5
RMG12,2019-05-30,5360.0,-3.1
RMG12,2019-05-30,5380.0,-2.3
RMG12,2019-05-30,5400.0,-1.7
RMG12,2019-05-30,5420.0,0.9
RMG12,2019-05-30,5440.0,3.1
RMG12,2019-05-30,5460.0,4.1
RMG12,2019-05-30,5476.0,4.6
RMG12,2019-05-30,5500.0,3.7
RMG12,2019-05-30,5515.0,2.8
RMG12,2019-05-30,5535.0,4.0
RMG12,2019-05-30,5555.0,3.7
RMG12,2019-05-30,5575.0,2.2
RMG12,2019-05-30,5600.0,1.5
RMG12,2019-05-30,5610.0,0.4
RMG12,2019-05-30,5640.0,-0.6
RMG12,2019-05-30,5650.0,-0.4
RMG12,2019-05-30,5670.0,0.4
RMG12,2019-05-30,5690.0,1.2
RMG12,2019-05-30,5710.0,1.5
RMG12,2019-05-30,5730.0,2.2
RMG12,2019-05-30,5750.0,3.7
RMG12,2019-05-30,5770.0,3.85
RMG12,2019-05-30,5790.0,3.9
RMG12,2019-05-30,5809.0,4.3
RMG12,2019-05-30,5830.0,4.2
RMG12,2019-05-30,5850.0,4.4
RMG12,2019-05-30,5870.0,4.5
RMG12,2019-05-30,5890.0,4.9
RMG12,2019-05-30,5909.0,5.2
RMG12,2019-05-30,5930.0,5.1
RMG12,2019-05-30,5950.0,5.3
RMG12,2019-05-30,5968.0,5.9
RMG12,2019-05-30,5972.0,8.26
RMG12,2019-05-30,5980.0,9.72
RMG12,2019-05-30,6000.0,9.95
RMG12,2019-05-30,6060.0,10.26
RMG12,2019-05-30,6120.0,10.06
RMG12,2019-05-30,6180.0,10.26
RMG12,2019-05-30,6240.0,11.2
RMG12,2019-05-30,6300.0,12.47
RMG12,2019-05-30,6350.0,12.65
RMG12,2019-05-30,6400.0,12.32
RMG12,2019-05-30,6460.0,12.49
RMG12,2019-05-30,6520.0,12.48
RMG12,2019-05-30,6580.0,12.77
RMG12,2019-05-30,6640.0,12.75
RMG12,2019-05-30,6700.0,12.5
RMG12,2019-05-30,6760.0,12.35
RMG12,2019-05-30,6820.0,12.06
RMG12,2019-05-30,6880.0,11.95
RMG12,2019-05-30,6940.0,11.19
RMG12,2019-05-30,7000.0,11.16
RMG12,2019-05-30,7060.0,11.01
RMG12,2019-05-30,7120.0,11.26
RMG12,2019-05-30,7180.0,11.34
RMG12,2019-05-30,7240.0,11.44
RMG12,2019-05-30,7300.0,12.1
RMG12,2019-05-30,7318.0,12.73
RMG12,2019-05-30,7318.0,13.04
RMG12,2019-05-30,7350.0,12.68
RMG12,2019-05-30,7400.0,12.41
RMG12,2019-05-30,7437.0,12.7
RMG12,2019-05-30,7440.0,14.14
RMG12,2019-05-30,7443.0,14.12
RMG12,2019-05-30,7446.0,13.39
RMG12,2019-05-30,7470.0,14.26
RMG12,2019-05-30,7500.0,14.2
RMG12,2019-05-30,7544.0,14.25
RMG12,2019-05-30,7544.0,14.37
RMG12,2019-05-30,7570.0,14.28
RMG12,2019-05-30,7600.0,14.2
RMG12,2019-05-30,7650.0,14.27
RMG12,2019-05-30,7700.0,14.32
RMG12,2019-05-30,7744.0,14.1
RMG12,2019-05-30,7744.0,14.26
RMG12,2020-02-28,0.0,14.04
RMG12,2020-02-28,0.0,13.93
RMG12,2020-02-28,10.0,14.5
RMG12,2020-02-28,18.0,17.4
RMG12,2020-02-28,22.0,17.42
RMG12,2020-02-28,31.0,14.46
RMG12,2020-02-28,41.0,14.9
RMG12,2020-02-28,41.0,15.33
RMG12,2020-02-28,60.0,13.44
RMG12,2020-02-28,100.0,13.42
RMG12,2020-02-28,150.0,13.4
RMG12,2020-02-28,200.0,13.28
RMG12,2020-02-28,250.0,13.46
RMG12,2020-02-28,300.0,13.16
RMG12,2020-02-28,350.0,13.28
RMG12,2020-02-28,400.0,13.19
RMG12,2020-02-28,450.0,13.3
RMG12,2020-02-28,480.0,13.47
RMG12,2020-02-28,500.0,13.55
RMG12,2020-02-28,550.0,13.28
RMG12,2020-02-28,600.0,13.16
RMG12,2020-02-28,650.0,13.47
RMG12,2020-02-28,700.0,13.42
RMG12,2020-02-28,750.0,13.36
RMG12,2020-02-28,800.0,13.66
RMG12,2020-02-28,850.0,13.7
RMG12,2020-02-28,900.0,12.09
RMG12,2020-02-28,920.0,10.8
RMG12,2020-02-28,950.0,7.7
RMG12,2020-02-28,980.0,6.36
RMG12,2020-02-28,1010.0,6.06
RMG12,2020-02-28,1040.0,5.66
RMG12,2020-02-28,1070.0,5.7
RMG12,2020-02-28,1100.0,8.18
RMG12,2020-02-28,1130.0,9.4
RMG12,2020-02-28,1150.0,10.01
RMG12,2020-02-28,1200.0,11.16
RMG12,2020-02-28,1240.0,11.36
RMG12,2020-02-28,1300.0,12.66
RMG12,2020-02-28,1350.0,12.7
RMG12,2020-02-28,1400.0,12.46
RMG12,2020-02-28,1450.0,12.56
RMG12,2020-02-28,1500.0,13.28
RMG12,2020-02-28,1600.0,13.48
RMG12,2020-02-28,1650.0,13.55
RMG12,2020-02-28,1700.0,13.7
RMG12,2020-02-28,1750.0,13.66
RMG12,2020-02-28,1800.0,13.46
RMG12,2020-02-28,1850.0,13.35
RMG12,2020-02-28,1900.0,13.47
RMG12,2020-02-28,1950.0,13.36
RMG12,2020-02-28,2000.0,13.22
RMG12,2020-02-28,2050.0,12.38
RMG12,2020-02-28,2100.0,12.46
RMG12,2020-02-28,2150.0,12.36
RMG12,2020-02-28,2200.0,12.26
RMG12,2020-02-28,2250.0,12.28
RMG12,2020-02-28,2300.0,12.55
RMG12,2020-02-28,2350.0,12.62
RMG12,2020-02-28,2400.0,12.66
RMG12,2020-02-28,2450.0,12.48
RMG12,2020-02-28,2500.0,12.54
RMG12,2020-02-28,2550.0,12.56
RMG12,2020-02-28,2600.0,12.38
RMG12,2020-02-28,2650.0,12.28
RMG12,2020-02-28,2700.0,12.36
RMG12,2020-02-28,2750.0,12.32
RMG12,2020-02-28,2800.0,12.35
RMG12,2020-02-28,2850.0,12.47
RMG12,2020-02-28,2900.0,12.34
RMG12,2020-02-28,2950.0,12.24
RMG12,2020-02-28,3000.0,12.38
RMG12,2020-02-28,3050.0,12.44
RMG12,2020-02-28,3100.0,11.7
RMG12,2020-02-28,3150.0,11.58
RMG12,2020-02-28,3200.0,11.38
RMG12,2020-02-28,3250.0,11.36
RMG12,2020-02-28,3300.0,11.62
RMG12,2020-02-28,3330.0,11.74
RMG12,2020-02-28,3350.0,11.46
RMG12,2020-02-28,3400.0,11.28
RMG12,2020-02-28,3450.0,10.66
RMG12,2020-02-28,3500.0,10.47
RMG12,2020-02-28,3550.0,10.27
RMG12,2020-02-28,3600.0,9.7
RMG12,2020-02-28,3650.0,9.65
RMG12,2020-02-28,3700.0,9.56
RMG12,2020-02-28,3750.0,9.84
RMG12,2020-02-28,3800.0,9.88
RMG12,2020-02-28,3850.0,9.46
RMG12,2020-02-28,3900.0,9.55
RMG12,2020-02-28,3950.0,9.39
RMG12,2020-02-28,4000.0,9.29
RMG12,2020-02-28,4050.0,9.36
RMG12,2020-02-28,4100.0,9.46
RMG12,2020-02-28,4150.0,9.66
RMG12,2020-02-28,4200.0,9.59
RMG12,2020-02-28,4250.0,9.88
RMG12,2020-02-28,4300.0,9.46
RMG12,2020-02-28,4350.0,9.36
RMG12,2020-02-28,4400.0,9.26
RMG12,2020-02-28,4450.0,9.59
RMG12,2020-02-28,4500.0,9.65
RMG12,2020-02-28,4550.0,8.8
RMG12,2020-02-28,4600.0,8.28
RMG12,2020-02-28,4610.0,7.68
RMG12,2020-02-28,4615.0,7.28
RMG12,2020-02-28,4618.0,5.62
RMG12,2020-02-28,4624.0,5.02
RMG12,2020-02-28,4630.0,5.02
RMG12,2020-02-28,4635.0,4.92
RMG12,2020-02-28,4640.0,4.92
RMG12,2020-02-28,4646.0,4.92
RMG12,2020-02-28,4653.0,4.72
RMG12,2020-02-28,4660.0,4.62
RMG12,2020-02-28,4667.0,4.32
RMG12,2020-02-28,4674.0,4.02
RMG12,2020-02-28,4680.0,4.02
RMG12,2020-02-28,4685.0,4.12
RMG12,2020-02-28,4690.0,4.12
RMG12,2020-02-28,4695.0,4.02
RMG12,2020-02-28,4700.0,4.02
RMG12,2020-02-28,4705.0,3.92
RMG12,2020-02-28,4710.0,3.92
RMG12,2020-02-28,4717.0,3.85
RMG12,2020-02-28,4724.0,3.42
RMG12,2020-02-28,4730.0,2.92
RMG12,2020-02-28,4735.0,2.62
RMG12,2020-02-28,4740.0,2.52
RMG12,2020-02-28,4746.0,2.32
RMG12,2020-02-28,4753.0,2.22
RMG12,2020-02-28,4760.0,2.02
RMG12,2020-02-28,4767.0,1.92
RMG12,2020-02-28,4774.0,1.78
RMG12,2020-02-28,4780.0,1.72
RMG12,2020-02-28,4785.0,1.82
RMG12,2020-02-28,4790.0,1.89
RMG12,2020-02-28,4795.0,1.62
RMG12,2020-02-28,4800.0,1.46
RMG12,2020-02-28,4805.0,1.42
RMG12,2020-02-28,4810.0,1.22
RMG12,2020-02-28,4817.0,1.2
RMG12,2020-02-28,4824.0,1.12
RMG12,2020-02-28,4830.0,1.12
RMG12,2020-02-28,4835.0,1.12
RMG12,2020-02-28,4840.0,1.02
RMG12,2020-02-28,4845.0,0.96
RMG12,2020-02-28,4850.0,0.82
RMG12,2020-02-28,4855.0,0.62
RMG12,2020-02-28,4860.0,0.42
RMG12,2020-02-28,4865.0,0.22
RMG12,2020-02-28,4870.0,-0.04
RMG12,2020-02-28,4877.0,0.02
RMG12,2020-02-28,4884.0,0.02
RMG12,2020-02-28,4890.0,0.12
RMG12,2020-02-28,4895.0,0.62
RMG12,2020-02-28,4900.0,1.22
RMG12,2020-02-28,4905.0,0.82
RMG12,2020-02-28,4910.0,0.62
RMG12,2020-02-28,4916.0,0.12
RMG12,2020-02-28,4923.0,-0.18
RMG12,2020-02-28,4930.0,-0.64
RMG12,2020-02-28,4935.0,-0.68
RMG12,2020-02-28,4940.0,-0.88
RMG12,2020-02-28,4945.0,-0.98
RMG12,2020-02-28,4950.0,-1.18
RMG12,2020-02-28,4955.0,-1.38
RMG12,2020-02-28,4960.0,-1.45
RMG12,2020-02-28,4967.0,-1.58
RMG12,2020-02-28,4973.0,-2.78
RMG12,2020-02-28,4979.0,-2.88
RMG12,2020-02-28,4985.0,-3.08
RMG12,2020-02-28,4990.0,-3.08
RMG12,2020-02-28,4995.0,-3.18
RMG12,2020-02-28,5000.0,-3.18
RMG12,2020-02-28,5005.0,-3.38
RMG12,2020-02-28,5010.0,-3.48
RMG12,2020-02-28,5016.0,-3.53
RMG12,2020-02-28,5023.0,-3.68
RMG12,2020-02-28,5030.0,-3.83
RMG12,2020-02-28,5037.0,-3.98
RMG12,2020-02-28,5044.0,-4.25
RMG12,2020-02-28,5050.0,-4.18
RMG12,2020-02-28,5055.0,-4.38
RMG12,2020-02-28,5060.0,-4.38
RMG12,2020-02-28,5065.0,-4.78
RMG12,2020-02-28,5070.0,-4.78
RMG12,2020-02-28,5075.0,-4.98
RMG12,2020-02-28,5080.0,-4.98
RMG12,2020-02-28,5087.0,-5.04
RMG12,2020-02-28,5094.0,-4.78
RMG12,2020-02-28,5100.0,-4.5
RMG12,2020-02-28,5105.0,-4.58
RMG12,2020-02-28,5110.0,-4.68
RMG12,2020-02-28,5116.0,-4.8
RMG12,2020-02-28,5123.0,-4.88
RMG12,2020-02-28,5130.0,-4.93
RMG12,2020-02-28,5137.0,-4.78
RMG12,2020-02-28,5144.0,-4.72
RMG12,2020-02-28,5151.0,-4.78
RMG12,2020-02-28,5158.0,-4.82
RMG12,2020-02-28,5164.0,-4.78
RMG12,2020-02-28,5170.0,-4.75
RMG12,2020-02-28,5175.0,-4.68
RMG12,2020-02-28,5180.0,-4.58
RMG12,2020-02-28,5186.0,-4.53
RMG12,2020-02-28,5193.0,-4.38
RMG12,2020-02-28,5200.0,-4.27
RMG12,2020-02-28,5207.0,-4.28
RMG12,2020-02-28,5214.0,-4.28
RMG12,2020-02-28,5220.0,-3.98
RMG12,2020-02-28,5225.0,-3.68
RMG12,2020-02-28,5230.0,-3.68
RMG12,2020-02-28,5236.0,-3.58
RMG12,2020-02-28,5243.0,-3.49
RMG12,2020-02-28,5250.0,-3.38
RMG12,2020-02-28,5257.0,-3.08
RMG12,2020-02-28,5264.0,-2.68
RMG12,2020-02-28,5270.0,-2.38
RMG12,2020-02-28,5275.0,-2.38
RMG12,2020-02-28,5280.0,-2.18
RMG12,2020-02-28,5286.0,-2.08
RMG12,2020-02-28,5293.0,-1.68
RMG12,2020-02-28,5300.0,-1.53
RMG12,2020-02-28,5307.0,-1.38
RMG12,2020-02-28,5314.0,-1.18
RMG12,2020-02-28,5320.0,-1.18
RMG12,2020-02-28,5325.0,-0.88
RMG12,2020-02-28,5330.0,-0.88
RMG12,2020-02-28,5335.0,-0.58
RMG12,2020-02-28,5340.0,-0.58
RMG12,2020-02-28,5345.0,-0.38
RMG12,2020-02-28,5350.0,-0.08
RMG12,2020-02-28,5357.0,-0.08
RMG12,2020-02-28,5364.0,0.02
RMG12,2020-02-28,5370.0,0.12
RMG12,2020-02-28,5375.0,0.22
RMG12,2020-02-28,5380.0,0.42
RMG12,2020-02-28,5385.0,0.42
RMG12,2020-02-28,5390.0,0.62
RMG12,2020-02-28,5395.0,0.82
RMG12,2020-02-28,5400.0,1.22
RMG12,2020-02-28,5407.0,1.62
RMG12,2020-02-28,5414.0,1.82
RMG12,2020-02-28,5420.0,2.12
RMG12,2020-02-28,5425.0,2.32
RMG12,2020-02-28,5430.0,2.36
RMG12,2020-02-28,5435.0,2.82
RMG12,2020-02-28,5440.0,3.45
RMG12,2020-02-28,5445.0,3.62
RMG12,2020-02-28,5450.0,3.82
RMG12,2020-02-28,5456.0,3.85
RMG12,2020-02-28,5463.0,4.12
RMG12,2020-02-28,5470.0,4.16
RMG12,2020-02-28,5475.0,3.82
RMG12,2020-02-28,5480.0,3.22
RMG12,2020-02-28,5485.0,2.32
RMG12,2020-02-28,5490.0,1.62
RMG12,2020-02-28,5495.0,0.82
RMG12,2020-02-28,5500.0,0.12
RMG12,2020-02-28,5505.0,-0.68
RMG12,2020-02-28,5510.0,-1.38
RMG12,2020-02-28,5515.0,-1.18
RMG12,2020-02-28,5520.0,-0.98
RMG12,2020-02-28,5527.0,-0.98
RMG12,2020-02-28,5534.0,-0.38
RMG12,2020-02-28,5540.0,0.12
RMG12,2020-02-28,5545.0,0.62
RMG12,2020-02-28,5550.0,1.42
RMG12,2020-02-28,5556.0,2.22
RMG12,2020-02-28,5563.0,2.62
RMG12,2020-02-28,5570.0,3.12
RMG12,2020-02-28,5575.0,3.62
RMG12,2020-02-28,5580.0,4.12
RMG12,2020-02-28,5585.0,4.53
RMG12,2020-02-28,5590.0,4.52
RMG12,2020-02-28,5595.0,4.62
RMG12,2020-02-28,5600.0,4.62
RMG12,2020-02-28,5605.0,4.72
RMG12,2020-02-28,5610.0,4.76
RMG12,2020-02-28,5615.0,4.82
RMG12,2020-02-28,5620.0,4.82
RMG12,2020-02-28,5627.0,4.92
RMG12,2020-02-28,5634.0,4.92
RMG12,2020-02-28,5640.0,5.02
RMG12,2020-02-28,5645.0,5.02
RMG12,2020-02-28,5650.0,4.92
RMG12,2020-02-28,5655.0,4.82
RMG12,2020-02-28,5660.0,4.62
RMG12,2020-02-28,5665.0,4.52
RMG12,2020-02-28,5670.0,4.32
RMG12,2020-02-28,5675.0,4.12
RMG12,2020-02-28,5680.0,4.12
RMG12,2020-02-28,5685.0,3.92
RMG12,2020-02-28,5690.0,3.62
RMG12,2020-02-28,5695.0,3.32
RMG12,2020-02-28,5700.0,3.02
RMG12,2020-02-28,5705.0,2.62
RMG12,2020-02-28,5710.0,2.02
RMG12,2020-02-28,5716.0,1.62
RMG12,2020-02-28,5722.0,1.62
RMG12,2020-02-28,5728.0,1.6
RMG12,2020-02-28,5734.0,1.42
RMG12,2020-02-28,5740.0,1.22
RMG12,2020-02-28,5745.0,1.22
RMG12,2020-02-28,5750.0,1.02
RMG12,2020-02-28,5755.0,1.01
RMG12,2020-02-28,5760.0,0.92
RMG12,2020-02-28,5765.0,0.82
RMG12,2020-02-28,5770.0,0.82
RMG12,2020-02-28,5776.0,0.62
RMG12,2020-02-28,5783.0,0.61
RMG12,2020-02-28,5788.0,0.52
RMG12,2020-02-28,5793.0,0.42
RMG12,2020-02-28,5798.0,0.42
RMG12,2020-02-28,5804.0,0.42
RMG12,2020-02-28,5810.0,0.41
RMG12,2020-02-28,5815.0,0.32
RMG12,2020-02-28,5820.0,0.32
RMG12,2020-02-28,5826.0,0.31
RMG12,2020-02-28,5833.0,0.52
RMG12,2020-02-28,5840.0,0.59
RMG12,2020-02-28,5847.0,0.82
RMG12,2020-02-28,5854.0,0.95
RMG12,2020-02-28,5860.0,1.02
RMG12,2020-02-28,5865.0,1.12
RMG12,2020-02-28,5870.0,1.12
RMG12,2020-02-28,5875.0,1.32
RMG12,2020-02-28,5880.0,1.42
RMG12,2020-02-28,5885.0,1.82
RMG12,2020-02-28,5890.0,2.02
RMG12,2020-02-28,5897.0,1.96
RMG12,2020-02-28,5904.0,2.42
RMG12,2020-02-28,5910.0,2.57
RMG12,2020-02-28,5915.0,2.82
RMG12,2020-02-28,5921.0,2.82
RMG12,2020-02-28,5926.0,2.88
RMG12,2020-02-28,5933.0,3.22
RMG12,2020-02-28,5940.0,3.47
RMG12,2020-02-28,5945.0,3.62
RMG12,2020-02-28,5950.0,4.12
RMG12,2020-02-28,5957.0,4.12
RMG12,2020-02-28,5964.0,3.92
RMG12,2020-02-28,5970.0,3.85
RMG12,2020-02-28,5975.0,3.92
RMG12,2020-02-28,5980.0,4.42
RMG12,2020-02-28,5985.0,4.42
RMG12,2020-02-28,5990.0,4.52
RMG12,2020-02-28,5997.0,4.56
RMG12,2020-02-28,6003.0,4.52
RMG12,2020-02-28,6009.0,4.62
RMG12,2020-02-28,6015.0,4.82
RMG12,2020-02-28,6020.0,4.82
RMG12,2020-02-28,6027.0,4.82
RMG12,2020-02-28,6034.0,4.92
RMG12,2020-02-28,6040.0,5.02
RMG12,2020-02-28,6046.0,5.02
RMG12,2020-02-28,6052.0,5.02
RMG12,2020-02-28,6058.0,4.92
RMG12,2020-02-28,6064.0,4.92
RMG12,2020-02-28,6070.0,4.96
RMG12,2020-02-28,6075.0,5.12
RMG12,2020-02-28,6080.0,5.12
RMG12,2020-02-28,6085.0,5.32
RMG12,2020-02-28,6092.0,5.32
RMG12,2020-02-28,6098.0,5.62
RMG12,2020-02-28,6104.0,7.4
RMG12,2020-02-28,6110.0,8.28
RMG12,2020-02-28,6115.0,8.4
RMG12,2020-02-28,6150.0,8.68
RMG12,2020-02-28,6190.0,8.46
RMG12,2020-02-28,6200.0,8.06
RMG12,2020-02-28,6210.0,7.88
RMG12,2020-02-28,6215.0,6.8
RMG12,2020-02-28,6218.0,5.6
RMG12,2020-02-28,6224.0,5.2
RMG12,2020-02-28,6230.0,5.2
RMG12,2020-02-28,6235.0,5.0
RMG12,2020-02-28,6238.0,5.0
RMG12,2020-02-28,6245.0,4.9
RMG12,2020-02-28,6250.0,4.62
RMG12,2020-02-28,6255.0,4.6
RMG12,2020-02-28,6260.0,4.45
RMG12,2020-02-28,6266.0,4.3
RMG12,2020-02-28,6273.0,4.1
RMG12,2020-02-28,6280.0,3.9
RMG12,2020-02-28,6287.0,3.7
RMG12,2020-02-28,6293.0,3.4
RMG12,2020-02-28,6300.0,3.2
RMG12,2020-02-28,6307.0,3.1
RMG12,2020-02-28,6311.0,3.0
RMG12,2020-02-28,6315.0,2.9
RMG12,2020-02-28,6320.0,2.7
RMG12,2020-02-28,6325.0,2.7
RMG12,2020-02-28,6328.0,2.64
RMG12,2020-02-28,6332.0,2.6
RMG12,2020-02-28,6336.0,2.55
RMG12,2020-02-28,6342.0,2.4
RMG12,2020-02-28,6346.0,2.4
RMG12,2020-02-28,6350.0,2.4
RMG12,2020-02-28,6356.0,2.3
RMG12,2020-02-28,6362.0,2.2
RMG12,2020-02-28,6368.0,2.1
RMG12,2020-02-28,6370.0,2.1
RMG12,2020-02-28,6376.0,1.96
RMG12,2020-02-28,6380.0,1.84
RMG12,2020-02-28,6385.0,1.8
RMG12,2020-02-28,6390.0,1.8
RMG12,2020-02-28,6397.0,1.59
RMG12,2020-02-28,6404.0,1.58
RMG12,2020-02-28,6410.0,1.54
RMG12,2020-02-28,6415.0,1.5
RMG12,2020-02-28,6420.0,1.42
RMG12,2020-02-28,6425.0,1.3
RMG12,2020-02-28,6430.0,1.2
RMG12,2020-02-28,6434.0,1.2
RMG12,2020-02-28,6438.0,1.04
RMG12,2020-02-28,6445.0,0.9
RMG12,2020-02-28,6450.0,0.8
RMG12,2020-02-28,6455.0,0.7
RMG12,2020-02-28,6460.0,0.68
RMG12,2020-02-28,6466.0,0.6
RMG12,2020-02-28,6473.0,0.4
RMG12,2020-02-28,6480.0,0.45
RMG12,2020-02-28,6487.0,0.3
RMG12,2020-02-28,6494.0,0.68
RMG12,2020-02-28,6500.0,2.3
RMG12,2020-02-28,6507.0,2.9
RMG12,2020-02-28,6511.0,3.1
RMG12,2020-02-28,6515.0,3.3
RMG12,2020-02-28,6520.0,4.16
RMG12,2020-02-28,6528.0,4.37
RMG12,2020-02-28,6535.0,4.9
RMG12,2020-02-28,6540.0,5.1
RMG12,2020-02-28,6542.0,5.6
RMG12,2020-02-28,6545.0,7.07
RMG12,2020-02-28,6550.0,8.5
RMG12,2020-02-28,6565.0,9.7
RMG12,2020-02-28,6570.0,10.73
RMG12,2020-02-28,6580.0,11.49
RMG12,2020-02-28,6582.0,13.18
RMG12,2020-02-28,6600.0,12.55
RMG12,2020-02-28,6640.0,12.75
RMG12,2020-02-28,6700.0,12.8
RMG12,2020-02-28,6750.0,13.05
RMG12,2020-02-28,6800.0,13.2
RMG12,2020-02-28,6830.0,12.92
RMG12,2020-02-28,6850.0,12.96
RMG12,2020-02-28,6870.0,12.05
RMG12,2020-02-28,6900.0,11.17
RMG12,2020-02-28,6940.0,10.47
RMG12,2020-02-28,7000.0,10.67
RMG12,2020-02-28,7050.0,11.04
RMG12,2020-02-28,7100.0,11.2
RMG12,2020-02-28,7150.0,11.14
RMG12,2020-02-28,7200.0,11.58
RMG12,2020-02-28,7240.0,11.94
RMG12,2020-02-28,7300.0,12.44
RMG12,2020-02-28,7318.0,12.73
RMG12,2020-02-28,7318.0,13.04
RMG12,2020-02-28,7350.0,12.52
RMG12,2020-02-28,7400.0,12.44
RMG12,2020-02-28,7430.0,12.42
RMG12,2020-02-28,7437.0,12.65
RMG12,2020-02-28,7440.0,14.1
RMG12,2020-02-28,7443.0,14.14
RMG12,2020-02-28,7446.0,13.4
RMG12,2020-02-28,7470.0,13.72
RMG12,2020-02-28,7500.0,14.04
RMG12,2020-02-28,7544.0,14.24
RMG12,2020-02-28,7544.0,14.37
RMG12,2020-02-28,7570.0,14.32
RMG12,2020-02-28,7600.0,14.16
RMG12,2020-02-28,7650.0,14.29
RMG12,2020-02-28,7700.0,14.28
RMG12,2020-02-28,7744.0,14.1
RMG12,2020-02-28,7744.0,14.26
RMG12,2021-03-06,0.0,14.04
RMG12,2021-03-06,0.0,13.93
RMG12,2021-03-06,10.0,14.46
RMG12,2021-03-06,18.0,17.36
RMG12,2021-03-06,22.0,17.4
RMG12,2021-03-06,31.0,14.42
RMG12,2021-03-06,36.0,14.5
RMG12,2021-03-06,41.0,14.9
RMG12,2021-03-06,41.0,15.33
RMG12,2021-03-06,70.0,13.66
RMG12,2021-03-06,100.0,13.44
RMG12,2021-03-06,150.0,13.56
RMG12,2021-03-06,200.0,13.36
RMG12,2021-03-06,260.0,13.48
RMG12,2021-03-06,300.0,13.06
RMG12,2021-03-06,340.0,13.18
RMG12,2021-03-06,400.0,13.24
RMG12,2021-03-06,450.0,13.28
RMG12,2021-03-06,500.0,13.48
RMG12,2021-03-06,550.0,13.19
RMG12,2021-03-06,600.0,13.09
RMG12,2021-03-06,660.0,13.55
RMG12,2021-03-06,700.0,13.4
RMG12,2021-03-06,740.0,13.28
RMG12,2021-03-06,800.0,13.56
RMG12,2021-03-06,830.0,13.44
RMG12,2021-03-06,890.0,12.48
RMG12,2021-03-06,920.0,11.26
RMG12,2021-03-06,930.0,8.94
RMG12,2021-03-06,940.0,7.44
RMG12,2021-03-06,960.0,7.04
RMG12,2021-03-06,980.0,6.28
RMG12,2021-03-06,990.0,6.01
RMG12,2021-03-06,1010.0,6.11
RMG12,2021-03-06,1030.0,5.56
RMG12,2021-03-06,1050.0,5.48
RMG12,2021-03-06,1070.0,5.7
RMG12,2021-03-06,1100.0,6.6
RMG12,2021-03-06,1120.0,8.06
RMG12,2021-03-06,1130.0,8.66
RMG12,2021-03-06,1150.0,9.2
RMG12,2021-03-06,1170.0,9.86
RMG12,2021-03-06,1180.0,10.26
RMG12,2021-03-06,1190.0,11.16
RMG12,2021-03-06,1240.0,11.26
RMG12,2021-03-06,1270.0,11.38
RMG12,2021-03-06,1300.0,12.44
RMG12,2021-03-06,1340.0,12.62
RMG12,2021-03-06,1400.0,12.44
RMG12,2021-03-06,1440.0,12.55
RMG12,2021-03-06,1500.0,13.18
RMG12,2021-03-06,1550.0,13.24
RMG12,2021-03-06,1600.0,13.56
RMG12,2021-03-06,1660.0,13.45
RMG12,2021-03-06,1700.0,13.66
RMG12,2021-03-06,1750.0,13.7
RMG12,2021-03-06,1780.0,13.4
RMG12,2021-03-06,1820.0,13.36
RMG12,2021-03-06,1870.0,13.46
RMG12,2021-03-06,1920.0,13.35
RMG12,2021-03-06,1950.0,13.38
RMG12,2021-03-06,2000.0,13.28
RMG12,2021-03-06,2040.0,12.38
RMG12,2021-03-06,2100.0,12.42
RMG12,2021-03-06,2140.0,12.46
RMG12,2021-03-06,2200.0,12.26
RMG12,2021-03-06,2250.0,12.34
RMG12,2021-03-06,2300.0,12.54
RMG12,2021-03-06,2340.0,12.36
RMG12,2021-03-06,2400.0,12.16
RMG12,2021-03-06,2450.0,12.06
RMG12,2021-03-06,2500.0,12.35
RMG12,2021-03-06,2550.0,12.45
RMG12,2021-03-06,2600.0,12.55
RMG12,2021-03-06,2660.0,12.5
RMG12,2021-03-06,2700.0,12.02
RMG12,2021-03-06,2750.0,12.16
RMG12,2021-03-06,2800.0,12.34
RMG12,2021-03-06,2840.0,12.42
RMG12,2021-03-06,2870.0,12.22
RMG12,2021-03-06,2900.0,12.18
RMG12,2021-03-06,2950.0,12.2
RMG12,2021-03-06,3000.0,12.29
RMG12,2021-03-06,3040.0,12.39
RMG12,2021-03-06,3100.0,11.72
RMG12,2021-03-06,3150.0,11.64
RMG12,2021-03-06,3200.0,11.66
RMG12,2021-03-06,3240.0,11.55
RMG12,2021-03-06,3300.0,11.46
RMG12,2021-03-06,3350.0,11.38
RMG12,2021-03-06,3400.0,11.26
RMG12,2021-03-06,3450.0,11.36
RMG12,2021-03-06,3500.0,11.33
RMG12,2021-03-06,3550.0,11.36
RMG12,2021-03-06,3600.0,11.46
RMG12,2021-03-06,3630.0,11.06
RMG12,2021-03-06,3660.0,10.7
RMG12,2021-03-06,3700.0,10.55
RMG12,2021-03-06,3750.0,10.45
RMG12,2021-03-06,3800.0,10.48
RMG12,2021-03-06,3840.0,10.36
RMG12,2021-03-06,3900.0,10.16
RMG12,2021-03-06,3950.0,10.26
RMG12,2021-03-06,4000.0,10.06
RMG12,2021-03-06,4040.0,9.7
RMG12,2021-03-06,4100.0,9.56
RMG12,2021-03-06,4130.0,9.66
RMG12,2021-03-06,4170.0,9.46
RMG12,2021-03-06,4200.0,9.86
RMG12,2021-03-06,4230.0,9.94
RMG12,2021-03-06,4270.0,9.45
RMG12,2021-03-06,4300.0,9.25
RMG12,2021-03-06,4340.0,9.46
RMG12,2021-03-06,4400.0,9.5
RMG12,2021-03-06,4450.0,8.8
RMG12,2021-03-06,4480.0,8.66
RMG12,2021-03-06,4520.0,8.46
RMG12,2021-03-06,4560.0,8.26
RMG12,2021-03-06,4600.0,7.7
RMG12,2021-03-06,4660.0,7.48
RMG12,2021-03-06,4700.0,7.55
RMG12,2021-03-06,4750.0,6.66
RMG12,2021-03-06,4800.0,6.6
RMG12,2021-03-06,4840.0,6.36
RMG12,2021-03-06,4900.0,6.46
RMG12,2021-03-06,4950.0,6.86
RMG12,2021-03-06,5000.0,6.92
RMG12,2021-03-06,5040.0,6.28
RMG12,2021-03-06,5100.0,6.06
RMG12,2021-03-06,5130.0,5.66
RMG12,2021-03-06,5150.0,5.15
RMG12,2021-03-06,5180.0,4.4
RMG12,2021-03-06,5184.0,4.09
RMG12,2021-03-06,5187.0,3.73
RMG12,2021-03-06,5190.0,3.53
RMG12,2021-03-06,5195.0,3.39
RMG12,2021-03-06,5200.0,3.11
RMG12,2021-03-06,5205.0,3.04
RMG12,2021-03-06,5210.0,2.98
RMG12,2021-03-06,5215.0,2.59
RMG12,2021-03-06,5220.0,2.02
RMG12,2021-03-06,5225.0,1.84
RMG12,2021-03-06,5230.0,1.56
RMG12,2021-03-06,5235.0,1.66
RMG12,2021-03-06,5240.0,1.74
RMG12,2021-03-06,5245.0,1.64
RMG12,2021-03-06,5250.0,1.54
RMG12,2021-03-06,5255.0,1.36
RMG12,2021-03-06,5260.0,1.26
RMG12,2021-03-06,5265.0,1.16
RMG12,2021-03-06,5270.0,1.21
RMG12,2021-03-06,5275.0,1.19
RMG12,2021-03-06,5280.0,1.18
RMG12,2021-03-06,5285.0,1.06
RMG12,2021-03-06,5290.0,1.21
RMG12,2021-03-06,5295.0,1.34
RMG12,2021-03-06,5300.0,0.65
RMG12,2021-03-06,5305.0,0.94
RMG12,2021-03-06,5310.0,1.01
RMG12,2021-03-06,5315.0,1.07
RMG12,2021-03-06,5320.0,0.89
RMG12,2021-03-06,5325.0,0.67
RMG12,2021-03-06,5330.0,0.49
RMG12,2021-03-06,5335.0,1.22
RMG12,2021-03-06,5340.0,0.99
RMG12,2021-03-06,5345.0,0.8
RMG12,2021-03-06,5350.0,0.93
RMG12,2021-03-06,5355.0,0.73
RMG12,2021-03-06,5360.0,0.52
RMG12,2021-03-06,5365.0,0.9
RMG12,2021-03-06,5370.0,0.89
RMG12,2021-03-06,5375.0,0.88
RMG12,2021-03-06,5380.0,0.43
RMG12,2021-03-06,5385.0,0.43
RMG12,2021-03-06,5390.0,0.42
RMG12,2021-03-06,5395.0,0.42
RMG12,2021-03-06,5400.0,0.41
RMG12,2021-03-06,5405.0,0.41
RMG12,2021-03-06,5410.0,0.72
RMG12,2021-03-06,5415.0,0.84
RMG12,2021-03-06,5420.0,0.93
RMG12,2021-03-06,5425.0,0.81
RMG12,2021-03-06,5430.0,0.8
RMG12,2021-03-06,5435.0,0.8
RMG12,2021-03-06,5440.0,0.69
RMG12,2021-03-06,5445.0,0.59
RMG12,2021-03-06,5450.0,0.54
RMG12,2021-03-06,5455.0,0.48
RMG12,2021-03-06,5460.0,-0.52
RMG12,2021-03-06,5465.0,-0.46
RMG12,2021-03-06,5470.0,-0.38
RMG12,2021-03-06,5475.0,-0.33
RMG12,2021-03-06,5480.0,-0.27
RMG12,2021-03-06,5485.0,-0.24
RMG12,2021-03-06,5490.0,-0.21
RMG12,2021-03-06,5495.0,0.49
RMG12,2021-03-06,5500.0,0.27
RMG12,2021-03-06,5505.0,0.25
RMG12,2021-03-06,5510.0,0.23
RMG12,2021-03-06,5515.0,0.45
RMG12,2021-03-06,5520.0,0.77
RMG12,2021-03-06,5525.0,1.05
RMG12,2021-03-06,5530.0,1.09
RMG12,2021-03-06,5535.0,1.14
RMG12,2021-03-06,5540.0,1.19
RMG12,2021-03-06,5545.0,0.99
RMG12,2021-03-06,5550.0,0.82
RMG12,2021-03-06,5555.0,0.67
RMG12,2021-03-06,5560.0,0.53
RMG12,2021-03-06,5565.0,0.79
RMG12,2021-03-06,5570.0,-0.03
RMG12,2021-03-06,5575.0,-0.09
RMG12,2021-03-06,5580.0,-0.18
RMG12,2021-03-06,5585.0,-0.21
RMG12,2021-03-06,5590.0,-0.25
RMG12,2021-03-06,5595.0,-0.35
RMG12,2021-03-06,5600.0,-0.5
RMG12,2021-03-06,5605.0,-0.49
RMG12,2021-03-06,5610.0,-0.49
RMG12,2021-03-06,5615.0,-0.5
RMG12,2021-03-06,5620.0,-0.49
RMG12,2021-03-06,5625.0,-0.5
RMG12,2021-03-06,5630.0,-0.51
RMG12,2021-03-06,5635.0,-0.54
RMG12,2021-03-06,5640.0,-0.58
RMG12,2021-03-06,5645.0,-0.51
RMG12,2021-03-06,5650.0,-0.46
RMG12,2021-03-06,5655.0,-0.33
RMG12,2021-03-06,5660.0,-0.23
RMG12,2021-03-06,5665.0,-0.21
RMG12,2021-03-06,5670.0,-0.18
RMG12,2021-03-06,5675.0,-0.14
RMG12,2021-03-06,5680.0,-0.1
RMG12,2021-03-06,5685.0,-0.11
RMG12,2021-03-06,5690.0,-0.11
RMG12,2021-03-06,5695.0,-0.18
RMG12,2021-03-06,5700.0,-0.25
RMG12,2021-03-06,5705.0,-0.23
RMG12,2021-03-06,5710.0,-0.21
RMG12,2021-03-06,5715.0,-0.51
RMG12,2021-03-06,5720.0,0.28
RMG12,2021-03-06,5725.0,0.89
RMG12,2021-03-06,5730.0,1.48
RMG12,2021-03-06,5735.0,1.79
RMG12,2021-03-06,5740.0,2.04
RMG12,2021-03-06,5745.0,1.24
RMG12,2021-03-06,5750.0,2.4
RMG12,2021-03-06,5755.0,2.39
RMG12,2021-03-06,5760.0,2.39
RMG12,2021-03-06,5765.0,2.31
RMG12,2021-03-06,5770.0,2.25
RMG12,2021-03-06,5775.0,2.19
RMG12,2021-03-06,5780.0,2.14
RMG12,2021-03-06,5785.0,1.93
RMG12,2021-03-06,5790.0,1.63
RMG12,2021-03-06,5795.0,1.53
RMG12,2021-03-06,5800.0,1.46
RMG12,2021-03-06,5805.0,1.39
RMG12,2021-03-06,5810.0,1.3
RMG12,2021-03-06,5815.0,1.24
RMG12,2021-03-06,5820.0,1.13
RMG12,2021-03-06,5825.0,1.21
RMG12,2021-03-06,5830.0,1.28
RMG12,2021-03-06,5835.0,1.37
RMG12,2021-03-06,5840.0,1.45
RMG12,2021-03-06,5845.0,1.39
RMG12,2021-03-06,5850.0,1.35
RMG12,2021-03-06,5855.0,1.36
RMG12,2021-03-06,5860.0,1.35
RMG12,2021-03-06,5865.0,1.19
RMG12,2021-03-06,5870.0,1.09
RMG12,2021-03-06,5875.0,0.94
RMG12,2021-03-06,5880.0,0.78
RMG12,2021-03-06,5885.0,1.14
RMG12,2021-03-06,5890.0,1.49
RMG12,2021-03-06,5895.0,1.52
RMG12,2021-03-06,5900.0,1.57
RMG12,2021-03-06,5905.0,1.64
RMG12,2021-03-06,5910.0,1.73
RMG12,2021-03-06,5915.0,1.59
RMG12,2021-03-06,5920.0,1.33
RMG12,2021-03-06,5925.0,1.59
RMG12,2021-03-06,5930.0,1.8
RMG12,2021-03-06,5935.0,2.09
RMG12,2021-03-06,5940.0,2.36
RMG12,2021-03-06,5945.0,2.59
RMG12,2021-03-06,5950.0,2.82
RMG12,2021-03-06,5955.0,2.94
RMG12,2021-03-06,5960.0,3.08
RMG12,2021-03-06,5965.0,3.34
RMG12,2021-03-06,5970.0,3.5
RMG12,2021-03-06,5974.0,4.09
RMG12,2021-03-06,5978.0,5.06
RMG12,2021-03-06,5990.0,6.6
RMG12,2021-03-06,5995.0,7.07
RMG12,2021-03-06,6007.0,7.4
RMG12,2021-03-06,6015.0,7.64
RMG12,2021-03-06,6020.0,7.55
RMG12,2021-03-06,6050.0,7.28
RMG12,2021-03-06,6100.0,7.4
RMG12,2021-03-06,6130.0,7.28
RMG12,2021-03-06,6170.0,7.06
RMG12,2021-03-06,6175.0,7.0
RMG12,2021-03-06,6180.0,6.9
RMG12,2021-03-06,6200.0,6.06
RMG12,2021-03-06,6220.0,5.76
RMG12,2021-03-06,6240.0,5.5
RMG12,2021-03-06,6260.0,5.15
RMG12,2021-03-06,6280.0,4.9
RMG12,2021-03-06,6300.0,4.44
RMG12,2021-03-06,6320.0,4.46
RMG12,2021-03-06,6340.0,4.86
RMG12,2021-03-06,6360.0,5.5
RMG12,2021-03-06,6370.0,6.8
RMG12,2021-03-06,6380.0,7.4
RMG12,2021-03-06,6386.0,8.28
RMG12,2021-03-06,6400.0,9.66
RMG12,2021-03-06,6406.0,10.16
RMG12,2021-03-06,6430.0,12.04
RMG12,2021-03-06,6470.0,11.96
RMG12,2021-03-06,6500.0,11.75
RMG12,2021-03-06,6540.0,12.05
RMG12,2021-03-06,6570.0,11.49
RMG12,2021-03-06,6620.0,11.06
RMG12,2021-03-06,6660.0,12.68
RMG12,2021-03-06,6700.0,12.76
RMG12,2021-03-06,6760.0,13.11
RMG12,2021-03-06,6800.0,13.28
RMG12,2021-03-06,6840.0,12.86
RMG12,2021-03-06,6900.0,11.22
RMG12,2021-03-06,6950.0,10.56
RMG12,2021-03-06,7000.0,10.7
RMG12,2021-03-06,7040.0,11.16
RMG12,2021-03-06,7100.0,11.26
RMG12,2021-03-06,7150.0,11.28
RMG12,2021-03-06,7200.0,11.66
RMG12,2021-03-06,7250.0,12.05
RMG12,2021-03-06,7280.0,12.28
RMG12,2021-03-06,7318.0,12.72
RMG12,2021-03-06,7318.0,13.04
RMG12,2021-03-06,7340.0,12.62
RMG12,2021-03-06,7400.0,12.46
RMG12,2021-03-06,7430.0,12.38
RMG12,2021-03-06,7437.0,12.6
RMG12,2021-03-06,7440.0,14.08
RMG12,2021-03-06,7443.0,14.16
RMG12,2021-03-06,7446.0,13.35
RMG12,2021-03-06,7460.0,13.2
RMG12,2021-03-06,7500.0,14.06
RMG12,2021-03-06,7544.0,14.24
RMG12,2021-03-06,7544.0,14.37
RMG12,2021-03-06,7570.0,14.16
RMG12,2021-03-06,7600.0,14.06
RMG12,2021-03-06,7640.0,14.24
RMG12,2021-03-06,7700.0,14.22
RMG12,2021-03-06,7744.0,14.1
RMG12,2021-03-06,7744.0,14.26
RMG12,2022-04-27,0.0,14.04
RMG12,2022-04-27,0.0,13.93
RMG12,2022-04-27,10.0,14.46
RMG12,2022-04-27,18.0,17.36
RMG12,2022-04-27,22.0,17.42
RMG12,2022-04-27,31.0,14.37
RMG12,2022-04-27,35.0,14.47
RMG12,2022-04-27,41.0,14.9
RMG12,2022-04-27,41.0,15.33
RMG12,2022-04-27,80.0,13.76
RMG12,2022-04-27,100.0,13.56
RMG12,2022-04-27,130.0,13.53
RMG12,2022-04-27,150.0,13.49
RMG12,2022-04-27,170.0,13.4
RMG12,2022-04-27,200.0,13.36
RMG12,2022-04-27,220.0,13.4
RMG12,2022-04-27,250.0,13.5
RMG12,2022-04-27,270.0,13.26
RMG12,2022-04-27,300.0,13.06
RMG12,2022-04-27,325.0,13.13
RMG12,2022-04-27,350.0,13.22
RMG12,2022-04-27,370.0,13.2
RMG12,2022-04-27,400.0,13.19
RMG12,2022-04-27,425.0,13.21
RMG12,2022-04-27,450.0,13.22
RMG12,2022-04-27,470.0,13.36
RMG12,2022-04-27,500.0,13.55
RMG12,2022-04-27,525.0,13.24
RMG12,2022-04-27,550.0,13.11
RMG12,2022-04-27,570.0,13.13
RMG12,2022-04-27,600.0,13.15
RMG12,2022-04-27,628.0,13.31
RMG12,2022-04-27,650.0,13.48
RMG12,2022-04-27,672.0,13.5
RMG12,2022-04-27,700.0,13.45
RMG12,2022-04-27,730.0,13.38
RMG12,2022-04-27,750.0,13.3
RMG12,2022-04-27,775.0,13.28
RMG12,2022-04-27,800.0,13.26
RMG12,2022-04-27,828.0,13.36
RMG12,2022-04-27,850.0,11.94
RMG12,2022-04-27,900.0,11.04
RMG12,2022-04-27,904.0,10.2
RMG12,2022-04-27,909.0,8.7
RMG12,2022-04-27,920.0,6.6
RMG12,2022-04-27,940.0,6.0
RMG12,2022-04-27,960.0,5.5
RMG12,2022-04-27,990.0,5.4
RMG12,2022-04-27,1010.0,5.56
RMG12,2022-04-27,1030.0,5.96
RMG12,2022-04-27,1060.0,5.46
RMG12,2022-04-27,1080.0,5.4
RMG12,2022-04-27,1100.0,5.5
RMG12,2022-04-27,1120.0,6.26
RMG12,2022-04-27,1140.0,6.56
RMG12,2022-04-27,1160.0,7.07
RMG12,2022-04-27,1177.0,7.7
RMG12,2022-04-27,1180.0,9.94
RMG12,2022-04-27,1184.0,11.36
RMG12,2022-04-27,1200.0,11.46
RMG12,2022-04-27,1220.0,11.5
RMG12,2022-04-27,1250.0,11.48
RMG12,2022-04-27,1275.0,11.9
RMG12,2022-04-27,1300.0,12.28
RMG12,2022-04-27,1325.0,12.36
RMG12,2022-04-27,1350.0,12.44
RMG12,2022-04-27,1370.0,12.42
RMG12,2022-04-27,1400.0,12.38
RMG12,2022-04-27,1422.0,12.41
RMG12,2022-04-27,1450.0,12.44
RMG12,2022-04-27,1470.0,12.89
RMG12,2022-04-27,1500.0,13.42
RMG12,2022-04-27,1525.0,13.46
RMG12,2022-04-27,1550.0,13.5
RMG12,2022-04-27,1570.0,13.48
RMG12,2022-04-27,1600.0,13.46
RMG12,2022-04-27,1625.0,13.54
RMG12,2022-04-27,1650.0,13.66
RMG12,2022-04-27,1670.0,13.59
RMG12,2022-04-27,1700.0,13.48
RMG12,2022-04-27,1720.0,13.52
RMG12,2022-04-27,1750.0,13.55
RMG12,2022-04-27,1775.0,13.5
RMG12,2022-04-27,1800.0,13.44
RMG12,2022-04-27,1825.0,13.46
RMG12,2022-04-27,1850.0,13.49
RMG12,2022-04-27,1878.0,13.52
RMG12,2022-04-27,1900.0,13.54
RMG12,2022-04-27,1920.0,13.45
RMG12,2022-04-27,1950.0,13.33
RMG12,2022-04-27,1970.0,13.27
RMG12,2022-04-27,2000.0,13.16
RMG12,2022-04-27,2022.0,12.89
RMG12,2022-04-27,2050.0,12.36
RMG12,2022-04-27,2070.0,12.38
RMG12,2022-04-27,2100.0,12.4
RMG12,2022-04-27,2125.0,12.34
RMG12,2022-04-27,2150.0,12.29
RMG12,2022-04-27,2170.0,12.33
RMG12,2022-04-27,2200.0,12.42
RMG12,2022-04-27,2220.0,12.47
RMG12,2022-04-27,2250.0,12.5
RMG12,2022-04-27,2275.0,12.48
RMG12,2022-04-27,2300.0,12.44
RMG12,2022-04-27,2325.0,12.41
RMG12,2022-04-27,2350.0,12.38
RMG12,2022-04-27,2375.0,12.43
RMG12,2022-04-27,2400.0,12.5
RMG12,2022-04-27,2425.0,12.48
RMG12,2022-04-27,2450.0,12.46
RMG12,2022-04-27,2470.0,12.47
RMG12,2022-04-27,2500.0,12.5
RMG12,2022-04-27,2530.0,12.47
RMG12,2022-04-27,2550.0,12.44
RMG12,2022-04-27,2572.0,12.47
RMG12,2022-04-27,2600.0,12.49
RMG12,2022-04-27,2625.0,12.44
RMG12,2022-04-27,2650.0,12.4
RMG12,2022-04-27,2670.0,12.43
RMG12,2022-04-27,2700.0,12.54
RMG12,2022-04-27,2728.0,12.33
RMG12,2022-04-27,2750.0,12.16
RMG12,2022-04-27,2775.0,12.22
RMG12,2022-04-27,2800.0,12.26
RMG12,2022-04-27,2820.0,12.34
RMG12,2022-04-27,2850.0,12.38
RMG12,2022-04-27,2880.0,12.33
RMG12,2022-04-27,2900.0,12.28
RMG12,2022-04-27,2925.0,12.3
RMG12,2022-04-27,2950.0,12.33
RMG12,2022-04-27,2970.0,12.39
RMG12,2022-04-27,3000.0,12.44
RMG12,2022-04-27,3025.0,11.98
RMG12,2022-04-27,3050.0,11.7
RMG12,2022-04-27,3070.0,11.6
RMG12,2022-04-27,3100.0,11.49
RMG12,2022-04-27,3125.0,11.56
RMG12,2022-04-27,3150.0,11.59
RMG12,2022-04-27,3175.0,11.54
RMG12,2022-04-27,3200.0,11.48
RMG12,2022-04-27,3225.0,11.5
RMG12,2022-04-27,3250.0,11.52
RMG12,2022-04-27,3275.0,11.5
RMG12,2022-04-27,3300.0,11.48
RMG12,2022-04-27,3320.0,11.45
RMG12,2022-04-27,3350.0,11.42
RMG12,2022-04-27,3370.0,11.37
RMG12,2022-04-27,3400.0,11.29
RMG12,2022-04-27,3422.0,11.34
RMG12,2022-04-27,3450.0,11.39
RMG12,2022-04-27,3470.0,11.4
RMG12,2022-04-27,3500.0,11.42
RMG12,2022-04-27,3525.0,11.36
RMG12,2022-04-27,3550.0,11.28
RMG12,2022-04-27,3570.0,11.25
RMG12,2022-04-27,3600.0,11.19
RMG12,2022-04-27,3625.0,11.15
RMG12,2022-04-27,3650.0,11.01
RMG12,2022-04-27,3670.0,10.9
RMG12,2022-04-27,3700.0,10.64
RMG12,2022-04-27,3725.0,10.55
RMG12,2022-04-27,3750.0,10.44
RMG12,2022-04-27,3775.0,10.41
RMG12,2022-04-27,3800.0,10.39
RMG12,2022-04-27,3820.0,10.45
RMG12,2022-04-27,3850.0,10.5
RMG12,2022-04-27,3875.0,10.56
RMG12,2022-04-27,3900.0,10.62
RMG12,2022-04-27,3925.0,10.65
RMG12,2022-04-27,3950.0,10.63
RMG12,2022-04-27,3970.0,10.45
RMG12,2022-04-27,4000.0,10.33
RMG12,2022-04-27,4025.0,10.4
RMG12,2022-04-27,4050.0,10.46
RMG12,2022-04-27,4070.0,10.37
RMG12,2022-04-27,4100.0,10.26
RMG12,2022-04-27,4125.0,9.94
RMG12,2022-04-27,4150.0,9.66
RMG12,2022-04-27,4180.0,9.53
RMG12,2022-04-27,4200.0,9.45
RMG12,2022-04-27,4227.0,9.5
RMG12,2022-04-27,4250.0,9.55
RMG12,2022-04-27,4272.0,9.47
RMG12,2022-04-27,4300.0,9.42
RMG12,2022-04-27,4320.0,9.29
RMG12,2022-04-27,4350.0,9.19
RMG12,2022-04-27,4370.0,9.28
RMG12,2022-04-27,4400.0,9.39
RMG12,2022-04-27,4420.0,9.41
RMG12,2022-04-27,4450.0,9.43
RMG12,2022-04-27,4470.0,9.27
RMG12,2022-04-27,4500.0,9.09
RMG12,2022-04-27,4525.0,8.89
RMG12,2022-04-27,4550.0,8.32
RMG12,2022-04-27,4572.0,8.0
RMG12,2022-04-27,4600.0,7.86
RMG12,2022-04-27,4625.0,7.68
RMG12,2022-04-27,4650.0,7.56
RMG12,2022-04-27,4670.0,7.5
RMG12,2022-04-27,4700.0,7.46
RMG12,2022-04-27,4725.0,7.54
RMG12,2022-04-27,4750.0,7.62
RMG12,2022-04-27,4775.0,7.67
RMG12,2022-04-27,4800.0,7.7
RMG12,2022-04-27,4825.0,7.66
RMG12,2022-04-27,4850.0,7.59
RMG12,2022-04-27,4870.0,7.64
RMG12,2022-04-27,4900.0,7.6
RMG12,2022-04-27,4925.0,7.51
RMG12,2022-04-27,4950.0,7.46
RMG12,2022-04-27,4972.0,7.27
RMG12,2022-04-27,5000.0,7.06
RMG12,2022-04-27,5020.0,6.88
RMG12,2022-04-27,5050.0,6.49
RMG12,2022-04-27,5075.0,6.24
RMG12,2022-04-27,5100.0,6.16
RMG12,2022-04-27,5130.0,6.38
RMG12,2022-04-27,5150.0,6.68
RMG12,2022-04-27,5175.0,6.77
RMG12,2022-04-27,5200.0,6.9
RMG12,2022-04-27,5220.0,7.0
RMG12,2022-04-27,5250.0,7.17
RMG12,2022-04-27,5275.0,7.21
RMG12,2022-04-27,5300.0,7.27
RMG12,2022-04-27,5325.0,7.36
RMG12,2022-04-27,5350.0,7.44
RMG12,2022-04-27,5370.0,7.03
RMG12,2022-04-27,5400.0,6.8
RMG12,2022-04-27,5425.0,6.41
RMG12,2022-04-27,5450.0,6.06
RMG12,2022-04-27,5478.0,5.78
RMG12,2022-04-27,5500.0,5.55
RMG12,2022-04-27,5525.0,5.5
RMG12,2022-04-27,5550.0,5.45
RMG12,2022-04-27,5580.0,5.33
RMG12,2022-04-27,5600.0,5.2
RMG12,2022-04-27,5620.0,5.13
RMG12,2022-04-27,5650.0,5.06
RMG12,2022-04-27,5670.0,4.99
RMG12,2022-04-27,5700.0,4.7
RMG12,2022-04-27,5710.0,4.52
RMG12,2022-04-27,5720.0,4.28
RMG12,2022-04-27,5721.49,2.78
RMG12,2022-04-27,5722.78,2.69
RMG12,2022-04-27,5724.24,2.56
RMG12,2022-04-27,5725.87,2.43
RMG12,2022-04-27,5727.53,2.34
RMG12,2022-04-27,5729.29,2.29
RMG12,2022-04-27,5731.19,2.16
RMG12,2022-04-27,5733.13,2.05
RMG12,2022-04-27,5735.15,2.02
RMG12,2022-04-27,5737.19,1.78
RMG12,2022-04-27,5739.27,1.47
RMG12,2022-04-27,5741.43,1.06
RMG12,2022-04-27,5743.61,0.38
RMG12,2022-04-27,5745.73,-0.11
RMG12,2022-04-27,5747.83,-0.15
RMG12,2022-04-27,5749.9,0.04
RMG12,2022-04-27,5752.15,0.25
RMG12,2022-04-27,5754.39,0.46
RMG12,2022-04-27,5756.63,0.79
RMG12,2022-04-27,5758.86,1.75
RMG12,2022-04-27,5761.24,2.81
RMG12,2022-04-27,5763.02,2.55
RMG12,2022-04-27,5765.09,3.22
RMG12,2022-04-27,5767.39,3.04
RMG12,2022-04-27,5769.56,2.7
RMG12,2022-04-27,5771.79,2.24
RMG12,2022-04-27,5773.86,1.82
RMG12,2022-04-27,5775.91,1.31
RMG12,2022-04-27,5777.87,0.7
RMG12,2022-04-27,5779.66,0.85
RMG12,2022-04-27,5781.41,1.16
RMG12,2022-04-27,5783.16,1.34
RMG12,2022-04-27,5785.03,1.09
RMG12,2022-04-27,5786.92,0.68
RMG12,2022-04-27,5788.87,0.22
RMG12,2022-04-27,5790.75,0.31
RMG12,2022-04-27,5792.13,0.32
RMG12,2022-04-27,5794.19,0.34
RMG12,2022-04-27,5796.22,0.29
RMG12,2022-04-27,5798.25,0.39
RMG12,2022-04-27,5800.35,0.54
RMG12,2022-04-27,5802.44,1.07
RMG12,2022-04-27,5804.91,1.33
RMG12,2022-04-27,5806.91,1.39
RMG12,2022-04-27,5809.18,1.52
RMG12,2022-04-27,5811.38,1.69
RMG12,2022-04-27,5813.6,1.97
RMG12,2022-04-27,5815.84,2.18
RMG12,2022-04-27,5818.08,2.41
RMG12,2022-04-27,5820.36,2.68
RMG12,2022-04-27,5823.02,2.87
RMG12,2022-04-27,5825.36,2.84
RMG12,2022-04-27,5827.35,2.89
RMG12,2022-04-27,5829.66,2.27
RMG12,2022-04-27,5831.98,2.3
RMG12,2022-04-27,5834.23,3.32
RMG12,2022-04-27,5836.55,3.37
RMG12,2022-04-27,5838.83,3.38
RMG12,2022-04-27,5841.11,2.62
RMG12,2022-04-27,5843.44,2.56
RMG12,2022-04-27,5845.8,2.69
RMG12,2022-04-27,5851.58,2.63
RMG12,2022-04-27,5859.08,2.72
RMG12,2022-04-27,5865.28,2.68
RMG12,2022-04-27,5870.36,2.81
RMG12,2022-04-27,5872.96,2.64
RMG12,2022-04-27,5875.55,3.38
RMG12,2022-04-27,5878.29,3.28
RMG12,2022-04-27,5881.2,2.98
RMG12,2022-04-27,5884.36,3.03
RMG12,2022-04-27,5886.66,3.0
RMG12,2022-04-27,5890.15,3.03
RMG12,2022-04-27,5893.05,3.13
RMG12,2022-04-27,5894.66,3.18
RMG12,2022-04-27,5896.57,2.93
RMG12,2022-04-27,5898.52,3.23
RMG12,2022-04-27,5900.39,3.28
RMG12,2022-04-27,5902.16,3.3
RMG12,2022-04-27,5903.95,3.33
RMG12,2022-04-27,5905.68,3.29
RMG12,2022-04-27,5907.3,2.83
RMG12,2022-04-27,5908.89,2.7
RMG12,2022-04-27,5910.48,3.0
RMG12,2022-04-27,5912.01,3.07
RMG12,2022-04-27,5913.53,3.03
RMG12,2022-04-27,5915.06,2.95
RMG12,2022-04-27,5916.56,2.88
RMG12,2022-04-27,5917.99,2.93
RMG12,2022-04-27,5919.37,3.03
RMG12,2022-04-27,5920.77,3.13
RMG12,2022-04-27,5922.11,2.88
RMG12,2022-04-27,5923.49,3.01
RMG12,2022-04-27,5924.88,3.1
RMG12,2022-04-27,5926.25,3.05
RMG12,2022-04-27,5927.6,3.08
RMG12,2022-04-27,5933.91,3.13
RMG12,2022-04-27,5936.25,2.99
RMG12,2022-04-27,5937.84,3.01
RMG12,2022-04-27,5939.44,2.99
RMG12,2022-04-27,5941.15,2.89
RMG12,2022-04-27,5943.01,2.86
RMG12,2022-04-27,5945.0,2.9
RMG12,2022-04-27,5946.95,2.97
RMG12,2022-04-27,5949.23,2.87
RMG12,2022-04-27,5952.59,2.87
RMG12,2022-04-27,5954.9,2.98
RMG12,2022-04-27,5956.98,2.93
RMG12,2022-04-27,5959.1,3.02
RMG12,2022-04-27,5962.56,3.06
RMG12,2022-04-27,5966.1,3.24
RMG12,2022-04-27,5996.29,3.16
RMG12,2022-04-27,6020.24,3.18
RMG12,2022-04-27,6023.2,3.01
RMG12,2022-04-27,6025.69,2.95
RMG12,2022-04-27,6027.96,2.81
RMG12,2022-04-27,6030.09,2.79
RMG12,2022-04-27,6032.16,2.77
RMG12,2022-04-27,6034.29,2.72
RMG12,2022-04-27,6036.34,2.92
RMG12,2022-04-27,6038.22,2.91
RMG12,2022-04-27,6040.09,2.93
RMG12,2022-04-27,6041.96,2.82
RMG12,2022-04-27,6044.43,2.51
RMG12,2022-04-27,6047.8,2.41
RMG12,2022-04-27,6050.25,2.47
RMG12,2022-04-27,6053.24,2.46
RMG12,2022-04-27,6056.02,2.81
RMG12,2022-04-27,6058.85,2.81
RMG12,2022-04-27,6061.72,2.81
RMG12,2022-04-27,6064.82,2.78
RMG12,2022-04-27,6068.03,3.0
RMG12,2022-04-27,6071.47,3.0
RMG12,2022-04-27,6074.91,2.99
RMG12,2022-04-27,6078.22,2.93
RMG12,2022-04-27,6081.63,3.0
RMG12,2022-04-27,6085.16,2.9
RMG12,2022-04-27,6088.68,2.9
RMG12,2022-04-27,6092.21,4.28
RMG12,2022-04-27,6095.0,5.0
RMG12,2022-04-27,6100.0,5.06
RMG12,2022-04-27,6110.0,5.16
RMG12,2022-04-27,6125.0,5.21
RMG12,2022-04-27,6140.0,5.16
RMG12,2022-04-27,6155.0,5.1
RMG12,2022-04-27,6170.0,4.68
RMG12,2022-04-27,6172.3,4.28
RMG12,2022-04-27,6174.82,3.06
RMG12,2022-04-27,6177.31,2.96
RMG12,2022-04-27,6179.8,2.79
RMG12,2022-04-27,6182.4,2.78
RMG12,2022-04-27,6185.05,2.74
RMG12,2022-04-27,6187.7,2.63
RMG12,2022-04-27,6190.6,2.64
RMG12,2022-04-27,6193.85,2.33
RMG12,2022-04-27,6197.57,2.38
RMG12,2022-04-27,6201.84,2.35
RMG12,2022-04-27,6205.55,2.05
RMG12,2022-04-27,6210.14,2.08
RMG12,2022-04-27,6215.53,1.88
RMG12,2022-04-27,6221.4,1.64
RMG12,2022-04-27,6227.73,1.44
RMG12,2022-04-27,6234.32,1.64
RMG12,2022-04-27,6241.11,1.52
RMG12,2022-04-27,6248.13,1.73
RMG12,2022-04-27,6253.64,1.62
RMG12,2022-04-27,6259.61,1.44
RMG12,2022-04-27,6266.13,1.26
RMG12,2022-04-27,6272.88,1.1
RMG12,2022-04-27,6278.44,0.9
RMG12,2022-04-27,6284.4,1.15
RMG12,2022-04-27,6289.23,1.24
RMG12,2022-04-27,6293.8,1.26
RMG12,2022-04-27,6297.81,1.19
RMG12,2022-04-27,6301.0,1.0
RMG12,2022-04-27,6303.92,0.97
RMG12,2022-04-27,6306.77,0.86
RMG12,2022-04-27,6309.35,0.94
RMG12,2022-04-27,6311.76,0.95
RMG12,2022-04-27,6314.11,0.88
RMG12,2022-04-27,6316.47,0.85
RMG12,2022-04-27,6318.76,0.83
RMG12,2022-04-27,6320.91,0.8
RMG12,2022-04-27,6323.02,0.74
RMG12,2022-04-27,6325.18,0.74
RMG12,2022-04-27,6327.4,0.72
RMG12,2022-04-27,6329.82,0.74
RMG12,2022-04-27,6332.61,0.64
RMG12,2022-04-27,6335.57,0.39
RMG12,2022-04-27,6338.49,0.55
RMG12,2022-04-27,6341.41,0.29
RMG12,2022-04-27,6344.3,0.52
RMG12,2022-04-27,6347.2,0.53
RMG12,2022-04-27,6350.2,0.52
RMG12,2022-04-27,6353.23,0.54
RMG12,2022-04-27,6356.19,0.23
RMG12,2022-04-27,6359.14,0.25
RMG12,2022-04-27,6361.95,0.56
RMG12,2022-04-27,6364.64,0.66
RMG12,2022-04-27,6367.03,0.2
RMG12,2022-04-27,6369.05,-0.02
RMG12,2022-04-27,6371.51,0.05
RMG12,2022-04-27,6374.1,0.08
RMG12,2022-04-27,6376.61,-0.01
RMG12,2022-04-27,6379.48,0.16
RMG12,2022-04-27,6381.63,0.05
RMG12,2022-04-27,6384.52,-0.08
RMG12,2022-04-27,6387.66,-0.13
RMG12,2022-04-27,6391.05,0.1
RMG12,2022-04-27,6394.02,0.32
RMG12,2022-04-27,6397.72,0.4
RMG12,2022-04-27,6401.55,-0.14
RMG12,2022-04-27,6405.47,-0.17
RMG12,2022-04-27,6409.38,-0.16
RMG12,2022-04-27,6413.33,-0.01
RMG12,2022-04-27,6417.31,-0.16
RMG12,2022-04-27,6421.28,-0.1
RMG12,2022-04-27,6425.67,-0.15
RMG12,2022-04-27,6430.93,-0.69
RMG12,2022-04-27,6435.71,-2.58
RMG12,2022-04-27,6439.51,-3.17
RMG12,2022-04-27,6443.37,-4.1
RMG12,2022-04-27,6447.35,-2.13
RMG12,2022-04-27,6451.26,-2.64
RMG12,2022-04-27,6455.17,-3.18
RMG12,2022-04-27,6461.44,-4.4
RMG12,2022-04-27,6467.54,-2.62
RMG12,2022-04-27,6471.85,-2.43
RMG12,2022-04-27,6476.02,-2.21
RMG12,2022-04-27,6479.75,-2.01
RMG12,2022-04-27,6483.83,-1.61
RMG12,2022-04-27,6489.56,-1.64
RMG12,2022-04-27,6494.46,-2.0
RMG12,2022-04-27,6498.67,-1.77
RMG12,2022-04-27,6502.91,-1.25
RMG12,2022-04-27,6507.84,-0.91
RMG12,2022-04-27,6512.87,-0.42
RMG12,2022-04-27,6517.81,-0.5
RMG12,2022-04-27,6522.72,-0.2
RMG12,2022-04-27,6527.14,0.35
RMG12,2022-04-27,6532.34,0.27
RMG12,2022-04-27,6542.34,0.54
RMG12,2022-04-27,6551.51,1.89
RMG12,2022-04-27,6557.1,2.34
RMG12,2022-04-27,6561.84,2.19
RMG12,2022-04-27,6566.25,1.82
RMG12,2022-04-27,6570.64,1.56
RMG12,2022-04-27,6574.67,1.66
RMG12,2022-04-27,6579.06,1.49
RMG12,2022-04-27,6582.73,1.27
RMG12,2022-04-27,6587.01,1.09
RMG12,2022-04-27,6591.45,0.64
RMG12,2022-04-27,6597.25,1.24
RMG12,2022-04-27,6604.91,1.11
RMG12,2022-04-27,6611.87,1.99
RMG12,2022-04-27,6617.29,2.03
RMG12,2022-04-27,6623.1,1.56
RMG12,2022-04-27,6628.68,0.29
RMG12,2022-04-27,6633.98,0.44
RMG12,2022-04-27,6638.14,0.85
RMG12,2022-04-27,6644.18,0.9
RMG12,2022-04-27,6652.21,1.19
RMG12,2022-04-27,6659.82,-1.06
RMG12,2022-04-27,6672.47,0.4
RMG12,2022-04-27,6683.23,1.34
RMG12,2022-04-27,6689.45,1.01
RMG12,2022-04-27,6697.89,0.91
RMG12,2022-04-27,6704.67,0.81
RMG12,2022-04-27,6724.92,0.68
RMG12,2022-04-27,6744.88,0.53
RMG12,2022-04-27,6751.67,0.7
RMG12,2022-04-27,6756.88,0.28
RMG12,2022-04-27,6762.29,-0.05
RMG12,2022-04-27,6768.04,-0.14
RMG12,2022-04-27,6776.6,-1.41
RMG12,2022-04-27,6784.99,-2.43
RMG12,2022-04-27,6789.63,-1.46
RMG12,2022-04-27,6793.62,-1.79
RMG12,2022-04-27,6797.59,-1.71
RMG12,2022-04-27,6800.76,-1.72
RMG12,2022-04-27,6804.19,-1.72
RMG12,2022-04-27,6807.11,-1.82
RMG12,2022-04-27,6810.48,-0.13
RMG12,2022-04-27,6814.0,-0.05
RMG12,2022-04-27,6817.44,0.15
RMG12,2022-04-27,6820.93,0.28
RMG12,2022-04-27,6823.56,0.59
RMG12,2022-04-27,6825.75,1.39
RMG12,2022-04-27,6827.16,2.68
RMG12,2022-04-27,6828.35,2.92
RMG12,2022-04-27,6829.7,2.65
RMG12,2022-04-27,6830.92,2.88
RMG12,2022-04-27,6834.66,4.28
RMG12,2022-04-27,6840.0,10.4
RMG12,2022-04-27,6845.0,12.2
RMG12,2022-04-27,6850.0,13.23
RMG12,2022-04-27,6900.0,11.06
RMG12,2022-04-27,6930.0,10.87
RMG12,2022-04-27,6950.0,10.6
RMG12,2022-04-27,6970.0,10.63
RMG12,2022-04-27,7000.0,10.66
RMG12,2022-04-27,7025.0,10.9
RMG12,2022-04-27,7050.0,11.09
RMG12,2022-04-27,7078.0,11.16
RMG12,2022-04-27,7100.0,11.22
RMG12,2022-04-27,7125.0,11.21
RMG12,2022-04-27,7150.0,11.22
RMG12,2022-04-27,7180.0,11.38
RMG12,2022-04-27,7200.0,11.56
RMG12,2022-04-27,7220.0,11.89
RMG12,2022-04-27,7250.0,12.1
RMG12,2022-04-27,7275.0,12.14
RMG12,2022-04-27,7300.0,12.18
RMG12,2022-04-27,7318.0,12.72
RMG12,2022-04-27,7318.0,13.03
RMG12,2022-04-27,7330.0,12.54
RMG12,2022-04-27,7360.0,12.44
RMG12,2022-04-27,7400.0,12.39
RMG12,2022-04-27,7437.0,12.52
RMG12,2022-04-27,7440.0,14.1
RMG12,2022-04-27,7443.0,14.14
RMG12,2022-04-27,7446.0,13.3
RMG12,2022-04-27,7470.0,13.44
RMG12,2022-04-27,7500.0,14.0
RMG12,2022-04-27,7544.0,14.24
RMG12,2022-04-27,7544.0,14.36
RMG12,2022-04-27,7570.0,14.12
RMG12,2022-04-27,7600.0,14.0
RMG12,2022-04-27,7630.0,14.2
RMG12,2022-04-27,7660.0,14.19
RMG12,2022-04-27,7700.0,14.19
RMG12,2022-04-27,7730.0,14.12
RMG12,2022-04-27,7744.0,14.1
RMG12,2022-04-27,7744.0,14.26
RMG12,2023-05-06,0.0,14.04
RMG12,2023-05-06,0.0,13.93
RMG12,2023-05-06,10.0,14.42
RMG12,2023-05-06,18.0,17.4
RMG12,2023-05-06,22.0,17.4
RMG12,2023-05-06,31.0,14.4
RMG12,2023-05-06,41.0,14.9
RMG12,2023-05-06,41.0,15.33
RMG12,2023-05-06,70.0,13.8
RMG12,2023-05-06,100.0,13.6
RMG12,2023-05-06,125.0,13.52
RMG12,2023-05-06,150.0,13.46
RMG12,2023-05-06,175.0,13.36
RMG12,2023-05-06,200.0,13.28
RMG12,2023-05-06,225.0,13.35
RMG12,2023-05-06,250.0,13.44
RMG12,2023-05-06,275.0,13.28
RMG12,2023-05-06,300.0,13.16
RMG12,2023-05-06,325.0,13.22
RMG12,2023-05-06,350.0,13.28
RMG12,2023-05-06,375.0,13.24
RMG12,2023-05-06,400.0,13.2
RMG12,2023-05-06,425.0,13.21
RMG12,2023-05-06,450.0,13.22
RMG12,2023-05-06,475.0,13.32
RMG12,2023-05-06,500.0,13.44
RMG12,2023-05-06,525.0,13.48
RMG12,2023-05-06,550.0,13.54
RMG12,2023-05-06,575.0,13.42
RMG12,2023-05-06,600.0,13.28
RMG12,2023-05-06,625.0,13.36
RMG12,2023-05-06,650.0,13.48
RMG12,2023-05-06,675.0,13.52
RMG12,2023-05-06,700.0,13.56
RMG12,2023-05-06,725.0,13.44
RMG12,2023-05-06,750.0,13.28
RMG12,2023-05-06,775.0,13.25
RMG12,2023-05-06,800.0,13.16
RMG12,2023-05-06,830.0,13.06
RMG12,2023-05-06,860.0,12.2
RMG12,2023-05-06,880.0,11.7
RMG12,2023-05-06,900.0,10.86
RMG12,2023-05-06,903.0,9.7
RMG12,2023-05-06,906.0,9.3
RMG12,2023-05-06,910.0,8.8
RMG12,2023-05-06,920.0,8.2
RMG12,2023-05-06,930.0,7.3
RMG12,2023-05-06,950.0,7.0
RMG12,2023-05-06,970.0,6.4
RMG12,2023-05-06,980.0,6.5
RMG12,2023-05-06,990.0,6.2
RMG12,2023-05-06,1000.0,6.06
RMG12,2023-05-06,1020.0,5.8
RMG12,2023-05-06,1040.0,5.5
RMG12,2023-05-06,1060.0,5.2
RMG12,2023-05-06,1080.0,5.7
RMG12,2023-05-06,1100.0,6.12
RMG12,2023-05-06,1120.0,6.8
RMG12,2023-05-06,1140.0,7.5
RMG12,2023-05-06,1160.0,8.4
RMG12,2023-05-06,1164.0,9.6
RMG12,2023-05-06,1168.0,11.28
RMG12,2023-05-06,1180.0,11.32
RMG12,2023-05-06,1200.0,11.36
RMG12,2023-05-06,1225.0,11.38
RMG12,2023-05-06,1250.0,11.42
RMG12,2023-05-06,1275.0,11.62
RMG12,2023-05-06,1300.0,11.84
RMG12,2023-05-06,1325.0,11.97
RMG12,2023-05-06,1350.0,12.2
RMG12,2023-05-06,1375.0,12.26
RMG12,2023-05-06,1400.0,12.33
RMG12,2023-05-06,1425.0,12.38
RMG12,2023-05-06,1450.0,12.44
RMG12,2023-05-06,1475.0,12.54
RMG12,2023-05-06,1500.0,12.6
RMG12,2023-05-06,1525.0,12.72
RMG12,2023-05-06,1550.0,12.86
RMG12,2023-05-06,1575.0,13.08
RMG12,2023-05-06,1600.0,13.3
RMG12,2023-05-06,1650.0,13.26
RMG12,2023-05-06,1680.0,13.06
RMG12,2023-05-06,1700.0,13.47
RMG12,2023-05-06,1725.0,13.5
RMG12,2023-05-06,1750.0,13.5
RMG12,2023-05-06,1775.0,13.42
RMG12,2023-05-06,1800.0,13.37
RMG12,2023-05-06,1825.0,13.42
RMG12,2023-05-06,1850.0,13.49
RMG12,2023-05-06,1875.0,13.48
RMG12,2023-05-06,1900.0,13.45
RMG12,2023-05-06,1925.0,13.38
RMG12,2023-05-06,1950.0,13.3
RMG12,2023-05-06,1975.0,13.28
RMG12,2023-05-06,2000.0,13.26
RMG12,2023-05-06,2025.0,13.14
RMG12,2023-05-06,2050.0,13.06
RMG12,2023-05-06,2075.0,12.82
RMG12,2023-05-06,2100.0,12.66
RMG12,2023-05-06,2125.0,12.7
RMG12,2023-05-06,2150.0,12.76
RMG12,2023-05-06,2175.0,12.56
RMG12,2023-05-06,2200.0,12.46
RMG12,2023-05-06,2225.0,12.52
RMG12,2023-05-06,2250.0,12.66
RMG12,2023-05-06,2275.0,12.54
RMG12,2023-05-06,2300.0,12.45
RMG12,2023-05-06,2325.0,12.4
RMG12,2023-05-06,2350.0,12.36
RMG12,2023-05-06,2375.0,12.42
RMG12,2023-05-06,2400.0,12.48
RMG12,2023-05-06,2425.0,12.43
RMG12,2023-05-06,2450.0,12.44
RMG12,2023-05-06,2475.0,12.38
RMG12,2023-05-06,2500.0,12.28
RMG12,2023-05-06,2525.0,12.18
RMG12,2023-05-06,2550.0,12.08
RMG12,2023-05-06,2575.0,12.04
RMG12,2023-05-06,2600.0,12.0
RMG12,2023-05-06,2625.0,12.15
RMG12,2023-05-06,2650.0,12.29
RMG12,2023-05-06,2675.0,12.32
RMG12,2023-05-06,2700.0,12.36
RMG12,2023-05-06,2725.0,12.4
RMG12,2023-05-06,2750.0,12.44
RMG12,2023-05-06,2775.0,12.5
RMG12,2023-05-06,2800.0,12.55
RMG12,2023-05-06,2825.0,12.58
RMG12,2023-05-06,2850.0,12.65
RMG12,2023-05-06,2875.0,12.68
RMG12,2023-05-06,2900.0,12.7
RMG12,2023-05-06,2925.0,12.56
RMG12,2023-05-06,2950.0,12.46
RMG12,2023-05-06,2975.0,12.34
RMG12,2023-05-06,3000.0,12.16
RMG12,2023-05-06,3025.0,12.04
RMG12,2023-05-06,3050.0,11.86
RMG12,2023-05-06,3075.0,11.92
RMG12,2023-05-06,3100.0,11.96
RMG12,2023-05-06,3125.0,11.82
RMG12,2023-05-06,3150.0,11.74
RMG12,2023-05-06,3175.0,11.62
RMG12,2023-05-06,3200.0,11.48
RMG12,2023-05-06,3225.0,11.52
RMG12,2023-05-06,3250.0,11.55
RMG12,2023-05-06,3275.0,11.5
RMG12,2023-05-06,3300.0,11.44
RMG12,2023-05-06,3325.0,11.42
RMG12,2023-05-06,3350.0,11.42
RMG12,2023-05-06,3375.0,11.38
RMG12,2023-05-06,3400.0,11.32
RMG12,2023-05-06,3425.0,11.68
RMG12,2023-05-06,3450.0,11.42
RMG12,2023-05-06,3475.0,11.36
RMG12,2023-05-06,3500.0,11.28
RMG12,2023-05-06,3525.0,11.24
RMG12,2023-05-06,3550.0,11.16
RMG12,2023-05-06,3575.0,11.27
RMG12,2023-05-06,3600.0,11.36
RMG12,2023-05-06,3625.0,11.52
RMG12,2023-05-06,3650.0,11.62
RMG12,2023-05-06,3675.0,11.22
RMG12,2023-05-06,3700.0,10.74
RMG12,2023-05-06,3725.0,10.7
RMG12,2023-05-06,3750.0,10.65
RMG12,2023-05-06,3775.0,10.52
RMG12,2023-05-06,3800.0,10.38
RMG12,2023-05-06,3825.0,10.44
RMG12,2023-05-06,3850.0,10.48
RMG12,2023-05-06,3875.0,10.52
RMG12,2023-05-06,3900.0,10.55
RMG12,2023-05-06,3925.0,10.5
RMG12,2023-05-06,3950.0,10.45
RMG12,2023-05-06,3975.0,10.47
RMG12,2023-05-06,4000.0,10.48
RMG12,2023-05-06,4025.0,10.51
RMG12,2023-05-06,4050.0,10.55
RMG12,2023-05-06,4075.0,10.42
RMG12,2023-05-06,4100.0,10.36
RMG12,2023-05-06,4125.0,10.82
RMG12,2023-05-06,4150.0,11.1
RMG12,2023-05-06,4175.0,10.42
RMG12,2023-05-06,4200.0,9.76
RMG12,2023-05-06,4225.0,9.7
RMG12,2023-05-06,4250.0,9.66
RMG12,2023-05-06,4275.0,9.75
RMG12,2023-05-06,4300.0,9.96
RMG12,2023-05-06,4325.0,9.74
RMG12,2023-05-06,4350.0,9.68
RMG12,2023-05-06,4375.0,9.74
RMG12,2023-05-06,4400.0,9.88
RMG12,2023-05-06,4425.0,9.8
RMG12,2023-05-06,4450.0,9.76
RMG12,2023-05-06,4475.0,9.53
RMG12,2023-05-06,4500.0,9.3
RMG12,2023-05-06,4525.0,9.15
RMG12,2023-05-06,4550.0,9.09
RMG12,2023-05-06,4575.0,9.06
RMG12,2023-05-06,4600.0,9.0
RMG12,2023-05-06,4625.0,8.92
RMG12,2023-05-06,4650.0,8.8
RMG12,2023-05-06,4675.0,8.72
RMG12,2023-05-06,4700.0,8.6
RMG12,2023-05-06,4725.0,8.66
RMG12,2023-05-06,4750.0,8.7
RMG12,2023-05-06,4775.0,8.63
RMG12,2023-05-06,4800.0,8.55
RMG12,2023-05-06,4825.0,8.32
RMG12,2023-05-06,4850.0,8.12
RMG12,2023-05-06,4875.0,8.14
RMG12,2023-05-06,4900.0,8.15
RMG12,2023-05-06,4925.0,8.18
RMG12,2023-05-06,4950.0,8.2
RMG12,2023-05-06,4975.0,8.32
RMG12,2023-05-06,5000.0,8.4
RMG12,2023-05-06,5025.0,8.42
RMG12,2023-05-06,5050.0,8.48
RMG12,2023-05-06,5075.0,8.55
RMG12,2023-05-06,5100.0,8.6
RMG12,2023-05-06,5130.0,8.66
RMG12,2023-05-06,5160.0,8.06
RMG12,2023-05-06,5170.0,7.7
RMG12,2023-05-06,5180.0,7.4
RMG12,2023-05-06,5185.0,6.6
RMG12,2023-05-06,5190.0,5.2
RMG12,2023-05-06,5195.0,4.6
RMG12,2023-05-06,5200.0,4.5
RMG12,2023-05-06,5205.0,4.5
RMG12,2023-05-06,5210.0,4.7
RMG12,2023-05-06,5215.0,4.6
RMG12,2023-05-06,5220.0,4.5
RMG12,2023-05-06,5225.0,4.5
RMG12,2023-05-06,5230.0,4.4
RMG12,2023-05-06,5235.0,4.3
RMG12,2023-05-06,5240.0,4.2
RMG12,2023-05-06,5245.0,4.2
RMG12,2023-05-06,5250.0,4.1
RMG12,2023-05-06,5255.0,4.2
RMG12,2023-05-06,5260.0,4.4
RMG12,2023-05-06,5265.0,4.4
RMG12,2023-05-06,5270.0,4.5
RMG12,2023-05-06,5275.0,4.5
RMG12,2023-05-06,5280.0,4.5
RMG12,2023-05-06,5285.0,4.3
RMG12,2023-05-06,5290.0,4.3
RMG12,2023-05-06,5295.0,4.2
RMG12,2023-05-06,5300.0,4.1
RMG12,2023-05-06,5305.0,4.0
RMG12,2023-05-06,5310.0,4.0
RMG12,2023-05-06,5315.0,4.0
RMG12,2023-05-06,5320.0,4.0
RMG12,2023-05-06,5325.0,4.1
RMG12,2023-05-06,5330.0,4.1
RMG12,2023-05-06,5335.0,4.1
RMG12,2023-05-06,5340.0,4.2
RMG12,2023-05-06,5345.0,4.2
RMG12,2023-05-06,5350.0,4.2
RMG12,2023-05-06,5355.0,4.2
RMG12,2023-05-06,5360.0,4.2
RMG12,2023-05-06,5365.0,4.2
RMG12,2023-05-06,5370.0,4.1
RMG12,2023-05-06,5375.0,4.1
RMG12,2023-05-06,5380.0,4.0
RMG12,2023-05-06,5385.0,4.0
RMG12,2023-05-06,5390.0,4.1
RMG12,2023-05-06,5395.0,4.1
RMG12,2023-05-06,5400.0,4.1
RMG12,2023-05-06,5405.0,4.2
RMG12,2023-05-06,5410.0,4.2
RMG12,2023-05-06,5415.0,4.4
RMG12,2023-05-06,5420.0,4.4
RMG12,2023-05-06,5425.0,4.4
RMG12,2023-05-06,5430.0,4.3
RMG12,2023-05-06,5435.0,4.3
RMG12,2023-05-06,5440.0,4.3
RMG12,2023-05-06,5445.0,4.5
RMG12,2023-05-06,5450.0,4.5
RMG12,2023-05-06,5455.0,4.4
RMG12,2023-05-06,5460.0,4.4
RMG12,2023-05-06,5465.0,4.3
RMG12,2023-05-06,5470.0,4.3
RMG12,2023-05-06,5475.0,4.3
RMG12,2023-05-06,5480.0,4.2
RMG12,2023-05-06,5485.0,4.2
RMG12,2023-05-06,5490.0,4.2
RMG12,2023-05-06,5495.0,4.1
RMG12,2023-05-06,5500.0,4.1
RMG12,2023-05-06,5505.0,4.0
RMG12,2023-05-06,5510.0,4.0
RMG12,2023-05-06,5515.0,4.0
RMG12,2023-05-06,5520.0,4.2
RMG12,2023-05-06,5525.0,4.3
RMG12,2023-05-06,5530.0,4.4
RMG12,2023-05-06,5535.0,4.4
RMG12,2023-05-06,5540.0,4.4
RMG12,2023-05-06,5545.0,4.5
RMG12,2023-05-06,5550.0,4.5
RMG12,2023-05-06,5555.0,4.0
RMG12,2023-05-06,5560.0,4.4
RMG12,2023-05-06,5565.0,4.6
RMG12,2023-05-06,5570.0,4.6
RMG12,2023-05-06,5575.0,4.5
RMG12,2023-05-06,5580.0,4.5
RMG12,2023-05-06,5585.0,4.6
RMG12,2023-05-06,5590.0,4.6
RMG12,2023-05-06,5595.0,4.7
RMG12,2023-05-06,5600.0,4.7
RMG12,2023-05-06,5605.0,4.5
RMG12,2023-05-06,5610.0,4.5
RMG12,2023-05-06,5615.0,4.5
RMG12,2023-05-06,5620.0,4.5
RMG12,2023-05-06,5625.0,4.6
RMG12,2023-05-06,5630.0,4.6
RMG12,2023-05-06,5635.0,4.6
RMG12,2023-05-06,5640.0,4.5
RMG12,2023-05-06,5645.0,4.4
RMG12,2023-05-06,5650.0,4.4
RMG12,2023-05-06,5655.0,4.3
RMG12,2023-05-06,5660.0,4.3
RMG12,2023-05-06,5665.0,4.3
RMG12,2023-05-06,5670.0,4.3
RMG12,2023-05-06,5675.0,4.3
RMG12,2023-05-06,5680.0,4.2
RMG12,2023-05-06,5685.0,4.2
RMG12,2023-05-06,5690.0,4.2
RMG12,2023-05-06,5695.0,4.2
RMG12,2023-05-06,5700.0,4.2
RMG12,2023-05-06,5705.0,4.1
RMG12,2023-05-06,5710.0,4.1
RMG12,2023-05-06,5715.0,4.1
RMG12,2023-05-06,5720.0,4.2
RMG12,2023-05-06,5725.0,4.2
RMG12,2023-05-06,5730.0,4.1
RMG12,2023-05-06,5735.0,4.0
RMG12,2023-05-06,5740.0,4.0
RMG12,2023-05-06,5745.0,4.0
RMG12,2023-05-06,5750.0,4.0
RMG12,2023-05-06,5755.0,3.9
RMG12,2023-05-06,5760.0,3.9
RMG12,2023-05-06,5765.0,3.9
RMG12,2023-05-06,5770.0,4.0
RMG12,2023-05-06,5775.0,4.2
RMG12,2023-05-06,5780.0,4.2
RMG12,2023-05-06,5785.0,4.2
RMG12,2023-05-06,5790.0,4.2
RMG12,2023-05-06,5795.0,4.2
RMG12,2023-05-06,5800.0,4.2
RMG12,2023-05-06,5805.0,4.4
RMG12,2023-05-06,5810.0,4.4
RMG12,2023-05-06,5815.0,4.4
RMG12,2023-05-06,5820.0,4.4
RMG12,2023-05-06,5825.0,4.4
RMG12,2023-05-06,5830.0,4.3
RMG12,2023-05-06,5832.5,4.42
RMG12,2023-05-06,5835.3,4.32
RMG12,2023-05-06,5839.6,4.34
RMG12,2023-05-06,5842.7,4.3
RMG12,2023-05-06,5845.7,4.3
RMG12,2023-05-06,5848.9,4.32
RMG12,2023-05-06,5850.6,4.33
RMG12,2023-05-06,5854.1,4.24
RMG12,2023-05-06,5859.0,4.29
RMG12,2023-05-06,5860.9,4.34
RMG12,2023-05-06,5862.8,4.38
RMG12,2023-05-06,5864.7,4.32
RMG12,2023-05-06,5866.5,4.42
RMG12,2023-05-06,5870.2,4.38
RMG12,2023-05-06,5872.1,3.57
RMG12,2023-05-06,5874.0,4.42
RMG12,2023-05-06,5875.8,4.42
RMG12,2023-05-06,5878.3,4.36
RMG12,2023-05-06,5880.1,4.24
RMG12,2023-05-06,5882.0,4.23
RMG12,2023-05-06,5883.8,4.25
RMG12,2023-05-06,5885.6,4.18
RMG12,2023-05-06,5887.5,4.24
RMG12,2023-05-06,5891.2,4.21
RMG12,2023-05-06,5893.0,4.07
RMG12,2023-05-06,5894.9,4.08
RMG12,2023-05-06,5898.6,4.08
RMG12,2023-05-06,5900.5,4.09
RMG12,2023-05-06,5904.3,4.05
RMG12,2023-05-06,5906.3,3.92
RMG12,2023-05-06,5908.3,3.97
RMG12,2023-05-06,5910.2,3.89
RMG12,2023-05-06,5912.2,3.84
RMG12,2023-05-06,5914.3,3.81
RMG12,2023-05-06,5917.6,3.76
RMG12,2023-05-06,5919.6,3.73
RMG12,2023-05-06,5921.7,3.65
RMG12,2023-05-06,5923.7,3.63
RMG12,2023-05-06,5925.7,3.65
RMG12,2023-05-06,5927.7,3.62
RMG12,2023-05-06,5929.7,3.56
RMG12,2023-05-06,5931.7,3.52
RMG12,2023-05-06,5933.7,3.48
RMG12,2023-05-06,5937.0,3.42
RMG12,2023-05-06,5939.0,3.37
RMG12,2023-05-06,5941.0,3.35
RMG12,2023-05-06,5942.9,3.31
RMG12,2023-05-06,5944.9,3.26
RMG12,2023-05-06,5946.9,3.2
RMG12,2023-05-06,5948.9,3.13
RMG12,2023-05-06,5950.8,3.09
RMG12,2023-05-06,5952.8,3.03
RMG12,2023-05-06,5954.7,2.95
RMG12,2023-05-06,5958.7,2.84
RMG12,2023-05-06,5960.6,2.82
RMG12,2023-05-06,5962.6,2.74
RMG12,2023-05-06,5964.6,2.67
RMG12,2023-05-06,5966.6,2.61
RMG12,2023-05-06,5968.5,2.55
RMG12,2023-05-06,5970.5,2.52
RMG12,2023-05-06,5974.4,2.38
RMG12,2023-05-06,5978.3,2.31
RMG12,2023-05-06,5980.3,2.27
RMG12,2023-05-06,5982.2,2.23
RMG12,2023-05-06,5984.2,2.17
RMG12,2023-05-06,5986.1,2.18
RMG12,2023-05-06,5988.0,2.14
RMG12,2023-05-06,5990.0,2.13
RMG12,2023-05-06,5991.9,2.13
RMG12,2023-05-06,5993.8,2.12
RMG12,2023-05-06,5998.2,2.04
RMG12,2023-05-06,6000.1,2.02
RMG12,2023-05-06,6002.0,2.04
RMG12,2023-05-06,6004.0,2.03
RMG12,2023-05-06,6005.9,2.02
RMG12,2023-05-06,6007.9,2.01
RMG12,2023-05-06,6009.9,1.98
RMG12,2023-05-06,6011.9,1.95
RMG12,2023-05-06,6016.6,1.91
RMG12,2023-05-06,6018.6,1.89
RMG12,2023-05-06,6020.6,1.82
RMG12,2023-05-06,6022.7,1.94
RMG12,2023-05-06,6024.7,1.93
RMG12,2023-05-06,6026.8,1.89
RMG12,2023-05-06,6028.8,1.94
RMG12,2023-05-06,6030.9,2.27
RMG12,2023-05-06,6033.0,2.35
RMG12,2023-05-06,6037.1,2.36
RMG12,2023-05-06,6039.2,2.22
RMG12,2023-05-06,6041.3,2.53
RMG12,2023-05-06,6043.4,2.64
RMG12,2023-05-06,6045.5,2.67
RMG12,2023-05-06,6047.5,2.71
RMG12,2023-05-06,6049.6,2.67
RMG12,2023-05-06,6051.7,2.67
RMG12,2023-05-06,6053.8,2.68
RMG12,2023-05-06,6057.9,2.66
RMG12,2023-05-06,6059.9,2.62
RMG12,2023-05-06,6062.0,2.59
RMG12,2023-05-06,6064.0,2.59
RMG12,2023-05-06,6066.1,2.59
RMG12,2023-05-06,6068.2,2.54
RMG12,2023-05-06,6070.2,2.61
RMG12,2023-05-06,6072.3,2.66
RMG12,2023-05-06,6074.3,2.66
RMG12,2023-05-06,6078.3,3.11
RMG12,2023-05-06,6080.3,3.21
RMG12,2023-05-06,6082.3,3.17
RMG12,2023-05-06,6084.2,3.17
RMG12,2023-05-06,6086.2,3.17
RMG12,2023-05-06,6088.2,3.16
RMG12,2023-05-06,6090.1,3.08
RMG12,2023-05-06,6092.1,3.0
RMG12,2023-05-06,6094.1,2.92
RMG12,2023-05-06,6098.0,3.13
RMG12,2023-05-06,6100.0,3.35
RMG12,2023-05-06,6102.0,3.36
RMG12,2023-05-06,6104.0,3.35
RMG12,2023-05-06,6105.9,3.37
RMG12,2023-05-06,6107.9,3.34
RMG12,2023-05-06,6109.9,3.3
RMG12,2023-05-06,6111.9,3.35
RMG12,2023-05-06,6113.9,3.36
RMG12,2023-05-06,6117.9,3.18
RMG12,2023-05-06,6119.9,3.1
RMG12,2023-05-06,6122.0,3.17
RMG12,2023-05-06,6124.0,3.26
RMG12,2023-05-06,6126.0,3.35
RMG12,2023-05-06,6128.0,3.34
RMG12,2023-05-06,6130.1,3.36
RMG12,2023-05-06,6132.1,3.37
RMG12,2023-05-06,6134.1,3.24
RMG12,2023-05-06,6138.0,3.01
RMG12,2023-05-06,6140.0,2.98
RMG12,2023-05-06,6142.0,3.0
RMG12,2023-05-06,6143.9,3.02
RMG12,2023-05-06,6145.9,3.09
RMG12,2023-05-06,6147.8,3.15
RMG12,2023-05-06,6149.7,3.24
RMG12,2023-05-06,6151.6,3.34
RMG12,2023-05-06,6153.6,3.22
RMG12,2023-05-06,6158.0,2.85
RMG12,2023-05-06,6159.9,2.48
RMG12,2023-05-06,6161.8,2.85
RMG12,2023-05-06,6163.6,3.06
RMG12,2023-05-06,6165.4,2.98
RMG12,2023-05-06,6167.2,3.16
RMG12,2023-05-06,6169.0,3.31
RMG12,2023-05-06,6170.8,3.31
RMG12,2023-05-06,6172.6,3.15
RMG12,2023-05-06,6177.2,2.99
RMG12,2023-05-06,6179.0,3.0
RMG12,2023-05-06,6180.6,3.0
RMG12,2023-05-06,6183.9,3.08
RMG12,2023-05-06,6185.5,3.1
RMG12,2023-05-06,6188.6,3.1
RMG12,2023-05-06,6191.7,3.18
RMG12,2023-05-06,6194.7,3.24
RMG12,2023-05-06,6197.6,3.33
RMG12,2023-05-06,6200.7,3.34
RMG12,2023-05-06,6203.9,3.26
RMG12,2023-05-06,6205.6,3.51
RMG12,2023-05-06,6209.1,3.66
RMG12,2023-05-06,6210.9,3.65
RMG12,2023-05-06,6212.7,3.6
RMG12,2023-05-06,6214.5,3.53
RMG12,2023-05-06,6217.0,3.46
RMG12,2023-05-06,6218.8,3.46
RMG12,2023-05-06,6220.7,3.51
RMG12,2023-05-06,6222.5,3.55
RMG12,2023-05-06,6226.1,3.49
RMG12,2023-05-06,6227.9,3.47
RMG12,2023-05-06,6229.7,3.42
RMG12,2023-05-06,6231.5,3.36
RMG12,2023-05-06,6235.6,3.22
RMG12,2023-05-06,6239.1,3.13
RMG12,2023-05-06,6240.8,3.1
RMG12,2023-05-06,6242.5,3.07
RMG12,2023-05-06,6245.8,3.52
RMG12,2023-05-06,6247.5,3.55
RMG12,2023-05-06,6252.4,3.49
RMG12,2023-05-06,6256.6,3.08
RMG12,2023-05-06,6259.6,3.02
RMG12,2023-05-06,6262.5,3.1
RMG12,2023-05-06,6265.4,3.19
RMG12,2023-05-06,6266.9,3.12
RMG12,2023-05-06,6269.8,3.08
RMG12,2023-05-06,6272.8,3.09
RMG12,2023-05-06,6276.3,2.81
RMG12,2023-05-06,6277.8,2.98
RMG12,2023-05-06,6281.0,2.98
RMG12,2023-05-06,6282.6,3.01
RMG12,2023-05-06,6285.9,2.99
RMG12,2023-05-06,6287.6,2.99
RMG12,2023-05-06,6291.1,2.94
RMG12,2023-05-06,6292.8,2.94
RMG12,2023-05-06,6295.2,2.9
RMG12,2023-05-06,6297.0,2.97
RMG12,2023-05-06,6298.7,3.31
RMG12,2023-05-06,6300.5,3.34
RMG12,2023-05-06,6304.0,3.37
RMG12,2023-05-06,6305.7,3.31
RMG12,2023-05-06,6309.1,3.26
RMG12,2023-05-06,6310.8,3.3
RMG12,2023-05-06,6315.3,3.16
RMG12,2023-05-06,6316.9,2.75
RMG12,2023-05-06,6318.6,2.54
RMG12,2023-05-06,6321.8,2.82
RMG12,2023-05-06,6325.0,2.9
RMG12,2023-05-06,6326.5,2.93
RMG12,2023-05-06,6329.6,2.9
RMG12,2023-05-06,6332.8,2.84
RMG12,2023-05-06,6335.3,2.93
RMG12,2023-05-06,6336.8,3.01
RMG12,2023-05-06,6339.8,2.97
RMG12,2023-05-06,6342.7,2.91
RMG12,2023-05-06,6345.5,2.98
RMG12,2023-05-06,6348.3,3.04
RMG12,2023-05-06,6349.6,3.08
RMG12,2023-05-06,6352.4,3.03
RMG12,2023-05-06,6354.7,3.04
RMG12,2023-05-06,6357.5,3.11
RMG12,2023-05-06,6360.3,3.16
RMG12,2023-05-06,6361.7,3.11
RMG12,2023-05-06,6364.7,2.99
RMG12,2023-05-06,6367.8,2.97
RMG12,2023-05-06,6369.7,3.1
RMG12,2023-05-06,6373.7,3.38
RMG12,2023-05-06,6376.9,3.42
RMG12,2023-05-06,6380.1,3.54
RMG12,2023-05-06,6381.7,3.55
RMG12,2023-05-06,6384.8,3.48
RMG12,2023-05-06,6388.0,3.37
RMG12,2023-05-06,6391.2,3.26
RMG12,2023-05-06,6392.8,3.27
RMG12,2023-05-06,6394.9,3.39
RMG12,2023-05-06,6396.5,3.33
RMG12,2023-05-06,6399.6,2.56
RMG12,2023-05-06,6402.7,2.23
RMG12,2023-05-06,6405.8,3.21
RMG12,2023-05-06,6408.9,3.56
RMG12,2023-05-06,6414.0,3.56
RMG12,2023-05-06,6415.5,3.54
RMG12,2023-05-06,6418.5,3.56
RMG12,2023-05-06,6421.6,3.58
RMG12,2023-05-06,6424.6,3.57
RMG12,2023-05-06,6427.5,3.52
RMG12,2023-05-06,6430.4,3.48
RMG12,2023-05-06,6435.1,3.6
RMG12,2023-05-06,6437.8,3.64
RMG12,2023-05-06,6440.4,3.61
RMG12,2023-05-06,6442.9,3.49
RMG12,2023-05-06,6445.2,3.54
RMG12,2023-05-06,6447.3,3.53
RMG12,2023-05-06,6449.3,3.4
RMG12,2023-05-06,6451.3,3.42
RMG12,2023-05-06,6454.7,2.99
RMG12,2023-05-06,6456.6,2.99
RMG12,2023-05-06,6458.7,3.07
RMG12,2023-05-06,6461.2,3.25
RMG12,2023-05-06,6463.9,3.33
RMG12,2023-05-06,6466.9,2.86
RMG12,2023-05-06,6473.1,3.11
RMG12,2023-05-06,6476.2,3.11
RMG12,2023-05-06,6479.4,3.08
RMG12,2023-05-06,6482.5,3.08
RMG12,2023-05-06,6485.6,2.98
RMG12,2023-05-06,6488.8,3.0
RMG12,2023-05-06,6491.9,2.91
RMG12,2023-05-06,6495.0,2.82
RMG12,2023-05-06,6498.0,2.92
RMG12,2023-05-06,6501.1,2.72
RMG12,2023-05-06,6504.1,2.22
RMG12,2023-05-06,6507.1,2.94
RMG12,2023-05-06,6511.0,3.06
RMG12,2023-05-06,6513.9,3.18
RMG12,2023-05-06,6516.8,3.17
RMG12,2023-05-06,6519.6,2.65
RMG12,2023-05-06,6522.2,2.5
RMG12,2023-05-06,6524.9,2.77
RMG12,2023-05-06,6529.5,2.91
RMG12,2023-05-06,6532.0,3.04
RMG12,2023-05-06,6534.3,3.15
RMG12,2023-05-06,6536.6,3.13
RMG12,2023-05-06,6538.7,3.04
RMG12,2023-05-06,6540.7,2.79
RMG12,2023-05-06,6542.8,2.64
RMG12,2023-05-06,6544.8,2.67
RMG12,2023-05-06,6547.0,2.84
RMG12,2023-05-06,6549.7,2.98
RMG12,2023-05-06,6552.3,3.08
RMG12,2023-05-06,6555.1,3.09
RMG12,2023-05-06,6558.0,3.02
RMG12,2023-05-06,6561.1,3.06
RMG12,2023-05-06,6566.3,2.88
RMG12,2023-05-06,6569.3,2.65
RMG12,2023-05-06,6572.4,2.59
RMG12,2023-05-06,6575.5,2.85
RMG12,2023-05-06,6578.5,2.88
RMG12,2023-05-06,6581.4,2.77
RMG12,2023-05-06,6584.3,2.62
RMG12,2023-05-06,6587.7,2.58
RMG12,2023-05-06,6590.5,2.64
RMG12,2023-05-06,6593.4,2.72
RMG12,2023-05-06,6596.2,2.84
RMG12,2023-05-06,6598.9,2.91
RMG12,2023-05-06,6601.6,2.84
RMG12,2023-05-06,6605.3,2.44
RMG12,2023-05-06,6607.7,2.34
RMG12,2023-05-06,6610.0,2.47
RMG12,2023-05-06,6612.2,2.66
RMG12,2023-05-06,6614.3,2.74
RMG12,2023-05-06,6616.3,2.74
RMG12,2023-05-06,6618.4,2.83
RMG12,2023-05-06,6620.5,2.92
RMG12,2023-05-06,6624.2,2.93
RMG12,2023-05-06,6626.5,2.83
RMG12,2023-05-06,6628.8,2.59
RMG12,2023-05-06,6631.4,2.4
RMG12,2023-05-06,6634.1,2.37
RMG12,2023-05-06,6637.1,2.39
RMG12,2023-05-06,6642.2,2.67
RMG12,2023-05-06,6645.4,2.47
RMG12,2023-05-06,6648.5,2.32
RMG12,2023-05-06,6651.6,2.31
RMG12,2023-05-06,6654.7,2.14
RMG12,2023-05-06,6657.7,1.69
RMG12,2023-05-06,6662.1,2.58
RMG12,2023-05-06,6665.4,2.59
RMG12,2023-05-06,6668.3,2.62
RMG12,2023-05-06,6671.2,2.56
RMG12,2023-05-06,6674.1,2.45
RMG12,2023-05-06,6677.0,1.78
RMG12,2023-05-06,6680.7,1.77
RMG12,2023-05-06,6683.4,1.94
RMG12,2023-05-06,6686.1,1.93
RMG12,2023-05-06,6688.6,1.95
RMG12,2023-05-06,6691.4,1.4
RMG12,2023-05-06,6693.6,1.71
RMG12,2023-05-06,6695.8,1.85
RMG12,2023-05-06,6699.1,1.92
RMG12,2023-05-06,6702.6,2.11
RMG12,2023-05-06,6704.1,2.18
RMG12,2023-05-06,6706.3,2.07
RMG12,2023-05-06,6708.0,1.31
RMG12,2023-05-06,6710.2,1.81
RMG12,2023-05-06,6713.0,2.03
RMG12,2023-05-06,6714.9,1.89
RMG12,2023-05-06,6717.4,1.51
RMG12,2023-05-06,6720.0,1.73
RMG12,2023-05-06,6725.3,1.84
RMG12,2023-05-06,6728.5,1.96
RMG12,2023-05-06,6731.9,1.75
RMG12,2023-05-06,6735.5,0.51
RMG12,2023-05-06,6739.1,0.29
RMG12,2023-05-06,6743.4,-0.57
RMG12,2023-05-06,6747.0,0.33
RMG12,2023-05-06,6750.6,1.44
RMG12,2023-05-06,6754.0,1.38
RMG12,2023-05-06,6757.4,1.44
RMG12,2023-05-06,6760.0,1.29
RMG12,2023-05-06,6763.1,1.38
RMG12,2023-05-06,6766.2,1.26
RMG12,2023-05-06,6769.4,1.3
RMG12,2023-05-06,6772.5,1.1
RMG12,2023-05-06,6776.5,-0.99
RMG12,2023-05-06,6779.7,-1.62
RMG12,2023-05-06,6783.7,-1.66
RMG12,2023-05-06,6786.6,-1.53
RMG12,2023-05-06,6789.5,-1.33
RMG12,2023-05-06,6792.3,-1.09
RMG12,2023-05-06,6794.8,-0.97
RMG12,2023-05-06,6797.2,-0.04
RMG12,2023-05-06,6800.0,1.58
RMG12,2023-05-06,6805.0,2.54
RMG12,2023-05-06,6810.0,2.98
RMG12,2023-05-06,6815.0,3.78
RMG12,2023-05-06,6820.0,5.2
RMG12,2023-05-06,6840.0,6.3
RMG12,2023-05-06,6860.0,6.84
RMG12,2023-05-06,6880.0,7.9
RMG12,2023-05-06,6885.0,9.4
RMG12,2023-05-06,6890.0,10.26
RMG12,2023-05-06,6900.0,10.46
RMG12,2023-05-06,6950.0,10.66
RMG12,2023-05-06,7000.0,10.76
RMG12,2023-05-06,7050.0,10.94
RMG12,2023-05-06,7100.0,11.16
RMG12,2023-05-06,7150.0,11.6
RMG12,2023-05-06,7200.0,11.4
RMG12,2023-05-06,7250.0,11.26
RMG12,2023-05-06,7300.0,11.46
RMG12,2023-05-06,7318.0,12.72
RMG12,2023-05-06,7318.0,13.03
RMG12,2023-05-06,7350.0,12.5
RMG12,2023-05-06,7380.0,12.46
RMG12,2023-05-06,7400.0,12.62
RMG12,2023-05-06,7430.0,12.55
RMG12,2023-05-06,7437.0,12.55
RMG12,2023-05-06,7440.0,14.12
RMG12,2023-05-06,7443.0,14.15
RMG12,2023-05-06,7446.0,13.26
RMG12,2023-05-06,7470.0,13.28
RMG12,2023-05-06,7500.0,13.66
RMG12,2023-05-06,7530.0,14.11
RMG12,2023-05-06,7544.0,14.22
RMG12,2023-05-06,7544.0,14.36
RMG12,2023-05-06,7570.0,14.1
RMG12,2023-05-06,7600.0,14.12
RMG12,2023-05-06,7630.0,14.16
RMG12,2023-05-06,7660.0,14.28
RMG12,2023-05-06,7700.0,14.24
RMG12,2023-05-06,7730.0,14.16
RMG12,2023-05-06,7744.0,14.1
RMG12,2023-05-06,7744.0,14.26
RMG12,2024-01-31,0.0,14.04
RMG12,2024-01-31,0.0,13.85
RMG12,2024-01-31,10.0,14.4
RMG12,2024-01-31,18.0,17.36
RMG12,2024-01-31,22.0,17.35
RMG12,2024-01-31,30.0,14.44
RMG12,2024-01-31,35.0,14.5
RMG12,2024-01-31,41.0,14.9
RMG12,2024-01-31,41.0,15.33
RMG12,2024-01-31,80.0,13.9
RMG12,2024-01-31,100.0,13.68
RMG12,2024-01-31,130.0,13.44
RMG12,2024-01-31,160.0,13.54
RMG12,2024-01-31,190.0,13.38
RMG12,2024-01-31,220.0,13.42
RMG12,2024-01-31,250.0,13.34
RMG12,2024-01-31,270.0,13.06
RMG12,2024-01-31,300.0,13.22
RMG12,2024-01-31,330.0,13.32
RMG12,2024-01-31,360.0,13.35
RMG12,2024-01-31,390.0,13.5
RMG12,2024-01-31,420.0,13.28
RMG12,2024-01-31,450.0,13.18
RMG12,2024-01-31,480.0,13.28
RMG12,2024-01-31,510.0,13.35
RMG12,2024-01-31,540.0,13.62
RMG12,2024-01-31,570.0,13.48
RMG12,2024-01-31,600.0,13.08
RMG12,2024-01-31,630.0,13.42
RMG12,2024-01-31,660.0,13.54
RMG12,2024-01-31,690.0,13.62
RMG12,2024-01-31,720.0,13.55
RMG12,2024-01-31,750.0,13.62
RMG12,2024-01-31,780.0,13.22
RMG12,2024-01-31,810.0,13.36
RMG12,2024-01-31,815.0,11.2
RMG12,2024-01-31,820.0,10.4
RMG12,2024-01-31,830.0,10.18
RMG12,2024-01-31,850.0,10.1
RMG12,2024-01-31,870.0,9.84
RMG12,2024-01-31,900.0,9.7
RMG12,2024-01-31,930.0,8.8
RMG12,2024-01-31,960.0,8.0
RMG12,2024-01-31,990.0,7.7
RMG12,2024-01-31,1000.0,7.5
RMG12,2024-01-31,1020.0,7.45
RMG12,2024-01-31,1040.0,6.6
RMG12,2024-01-31,1060.0,6.44
RMG12,2024-01-31,1080.0,6.2
RMG12,2024-01-31,1100.0,6.44
RMG12,2024-01-31,1120.0,6.5
RMG12,2024-01-31,1140.0,7.7
RMG12,2024-01-31,1150.0,8.5
RMG12,2024-01-31,1155.0,9.7
RMG12,2024-01-31,1160.0,10.92
RMG12,2024-01-31,1163.0,12.28
RMG12,2024-01-31,1180.0,11.88
RMG12,2024-01-31,1200.0,11.54
RMG12,2024-01-31,1230.0,11.44
RMG12,2024-01-31,1260.0,11.55
RMG12,2024-01-31,1290.0,12.2
RMG12,2024-01-31,1320.0,12.0
RMG12,2024-01-31,1350.0,12.38
RMG12,2024-01-31,1370.0,12.44
RMG12,2024-01-31,1400.0,12.5
RMG12,2024-01-31,1430.0,12.28
RMG12,2024-01-31,1460.0,12.54
RMG12,2024-01-31,1490.0,12.7
RMG12,2024-01-31,1520.0,12.64
RMG12,2024-01-31,1550.0,12.9
RMG12,2024-01-31,1580.0,12.84
RMG12,2024-01-31,1610.0,13.13
RMG12,2024-01-31,1640.0,13.3
RMG12,2024-01-31,1670.0,13.13
RMG12,2024-01-31,1700.0,13.55
RMG12,2024-01-31,1740.0,13.28
RMG12,2024-01-31,1770.0,13.28
RMG12,2024-01-31,1800.0,13.7
RMG12,2024-01-31,1830.0,13.46
RMG12,2024-01-31,1870.0,13.64
RMG12,2024-01-31,1900.0,13.55
RMG12,2024-01-31,1930.0,13.44
RMG12,2024-01-31,1970.0,13.5
RMG12,2024-01-31,2000.0,13.18
RMG12,2024-01-31,2030.0,13.13
RMG12,2024-01-31,2060.0,12.77
RMG12,2024-01-31,2100.0,12.44
RMG12,2024-01-31,2130.0,12.64
RMG12,2024-01-31,2160.0,12.14
RMG12,2024-01-31,2190.0,12.48
RMG12,2024-01-31,2220.0,12.5
RMG12,2024-01-31,2250.0,12.48
RMG12,2024-01-31,2270.0,12.5
RMG12,2024-01-31,2300.0,12.44
RMG12,2024-01-31,2330.0,12.48
RMG12,2024-01-31,2370.0,12.44
RMG12,2024-01-31,2400.0,12.64
RMG12,2024-01-31,2440.0,12.49
RMG12,2024-01-31,2470.0,12.55
RMG12,2024-01-31,2500.0,12.58
RMG12,2024-01-31,2540.0,12.28
RMG12,2024-01-31,2570.0,12.38
RMG12,2024-01-31,2600.0,12.48
RMG12,2024-01-31,2630.0,12.43
RMG12,2024-01-31,2660.0,12.06
RMG12,2024-01-31,2700.0,12.66
RMG12,2024-01-31,2730.0,12.84
RMG12,2024-01-31,2770.0,12.48
RMG12,2024-01-31,2800.0,12.44
RMG12,2024-01-31,2840.0,12.28
RMG12,2024-01-31,2870.0,12.18
RMG12,2024-01-31,2900.0,12.38
RMG12,2024-01-31,2930.0,12.32
RMG12,2024-01-31,2960.0,12.28
RMG12,2024-01-31,2990.0,12.68
RMG12,2024-01-31,3020.0,12.44
RMG12,2024-01-31,3050.0,12.28
RMG12,2024-01-31,3080.0,11.66
RMG12,2024-01-31,3110.0,11.6
RMG12,2024-01-31,3140.0,11.46
RMG12,2024-01-31,3170.0,11.44
RMG12,2024-01-31,3200.0,11.28
RMG12,2024-01-31,3230.0,11.38
RMG12,2024-01-31,3260.0,11.44
RMG12,2024-01-31,3300.0,11.49
RMG12,2024-01-31,3340.0,11.46
RMG12,2024-01-31,3370.0,11.26
RMG12,2024-01-31,3400.0,11.38
RMG12,2024-01-31,3430.0,11.52
RMG12,2024-01-31,3460.0,11.26
RMG12,2024-01-31,3500.0,11.06
RMG12,2024-01-31,3540.0,11.3
RMG12,2024-01-31,3570.0,11.22
RMG12,2024-01-31,3600.0,11.29
RMG12,2024-01-31,3640.0,11.4
RMG12,2024-01-31,3670.0,11.62
RMG12,2024-01-31,3700.0,10.64
RMG12,2024-01-31,3730.0,10.55
RMG12,2024-01-31,3760.0,10.48
RMG12,2024-01-31,3790.0,10.42
RMG12,2024-01-31,3820.0,10.44
RMG12,2024-01-31,3850.0,10.38
RMG12,2024-01-31,3880.0,10.36
RMG12,2024-01-31,3910.0,10.28
RMG12,2024-01-31,3940.0,10.22
RMG12,2024-01-31,3970.0,10.18
RMG12,2024-01-31,4000.0,10.26
RMG12,2024-01-31,4030.0,10.36
RMG12,2024-01-31,4060.0,10.44
RMG12,2024-01-31,4090.0,10.08
RMG12,2024-01-31,4120.0,10.48
RMG12,2024-01-31,4150.0,10.5
RMG12,2024-01-31,4170.0,11.22
RMG12,2024-01-31,4200.0,10.55
RMG12,2024-01-31,4230.0,12.76
RMG12,2024-01-31,4260.0,12.66
RMG12,2024-01-31,4290.0,12.38
RMG12,2024-01-31,4320.0,13.51
RMG12,2024-01-31,4325.0,12.55
RMG12,2024-01-31,4330.0,12.42
RMG12,2024-01-31,4335.0,11.89
RMG12,2024-01-31,4340.0,9.69
RMG12,2024-01-31,4345.0,8.7
RMG12,2024-01-31,4350.0,7.88
RMG12,2024-01-31,4370.0,7.39
RMG12,2024-01-31,4380.0,8.04
RMG12,2024-01-31,4400.0,8.5
RMG12,2024-01-31,4430.0,8.68
RMG12,2024-01-31,4450.0,8.7
RMG12,2024-01-31,4470.0,8.14
RMG12,2024-01-31,4500.0,8.17
RMG12,2024-01-31,4520.0,8.9
RMG12,2024-01-31,4550.0,7.8
RMG12,2024-01-31,4570.0,7.1
RMG12,2024-01-31,4600.0,7.28
RMG12,2024-01-31,4630.0,8.96
RMG12,2024-01-31,4650.0,8.8
RMG12,2024-01-31,4670.0,8.64
RMG12,2024-01-31,4700.0,7.5
RMG12,2024-01-31,4730.0,7.46
RMG12,2024-01-31,4750.0,7.62
RMG12,2024-01-31,4770.0,7.44
RMG12,2024-01-31,4800.0,7.48
RMG12,2024-01-31,4820.0,7.07
RMG12,2024-01-31,4850.0,6.71
RMG12,2024-01-31,4870.0,7.7
RMG12,2024-01-31,4900.0,9.32
RMG12,2024-01-31,4920.0,10.1
RMG12,2024-01-31,4950.0,10.46
RMG12,2024-01-31,4970.0,10.26
RMG12,2024-01-31,5000.0,10.61
RMG12,2024-01-31,5020.0,10.55
RMG12,2024-01-31,5050.0,10.57
RMG12,2024-01-31,5070.0,10.46
RMG12,2024-01-31,5100.0,10.61
RMG12,2024-01-31,5120.0,9.84
RMG12,2024-01-31,5150.0,9.9
RMG12,2024-01-31,5170.0,10.1
RMG12,2024-01-31,5200.0,10.23
RMG12,2024-01-31,5230.0,10.33
RMG12,2024-01-31,5250.0,10.5
RMG12,2024-01-31,5270.0,10.28
RMG12,2024-01-31,5300.0,10.47
RMG12,2024-01-31,5330.0,10.28
RMG12,2024-01-31,5350.0,9.15
RMG12,2024-01-31,5380.0,8.7
RMG12,2024-01-31,5400.0,8.51
RMG12,2024-01-31,5430.0,8.3
RMG12,2024-01-31,5450.0,8.11
RMG12,2024-01-31,5470.0,7.42
RMG12,2024-01-31,5500.0,7.21
RMG12,2024-01-31,5530.0,7.38
RMG12,2024-01-31,5550.0,7.71
RMG12,2024-01-31,5570.0,7.7
RMG12,2024-01-31,5600.0,8.31
RMG12,2024-01-31,5630.0,8.44
RMG12,2024-01-31,5650.0,9.5
RMG12,2024-01-31,5670.0,9.46
RMG12,2024-01-31,5700.0,9.4
RMG12,2024-01-31,5730.0,9.84
RMG12,2024-01-31,5750.0,9.77
RMG12,2024-01-31,5770.0,10.15
RMG12,2024-01-31,5800.0,10.52
RMG12,2024-01-31,5840.0,10.17
RMG12,2024-01-31,5870.0,10.76
RMG12,2024-01-31,5900.0,10.13
RMG12,2024-01-31,5930.0,8.16
RMG12,2024-01-31,5960.0,8.46
RMG12,2024-01-31,5980.0,8.42
RMG12,2024-01-31,6000.0,8.33
RMG12,2024-01-31,6040.0,8.43
RMG12,2024-01-31,6070.0,8.47
RMG12,2024-01-31,6100.0,7.67
RMG12,2024-01-31,6120.0,7.7
RMG12,2024-01-31,6150.0,7.73
RMG12,2024-01-31,6170.0,7.55
RMG12,2024-01-31,6200.0,7.06
RMG12,2024-01-31,6230.0,6.7
RMG12,2024-01-31,6250.0,5.98
RMG12,2024-01-31,6270.0,6.06
RMG12,2024-01-31,6300.0,5.7
RMG12,2024-01-31,6330.0,5.55
RMG12,2024-01-31,6345.0,5.15
RMG12,2024-01-31,6352.0,4.55
RMG12,2024-01-31,6355.0,3.87
RMG12,2024-01-31,6357.0,3.15
RMG12,2024-01-31,6359.5,2.94
RMG12,2024-01-31,6359.6,2.92
RMG12,2024-01-31,6359.8,2.88
RMG12,2024-01-31,6359.9,2.84
RMG12,2024-01-31,6360.1,2.82
RMG12,2024-01-31,6360.3,2.76
RMG12,2024-01-31,6360.5,2.72
RMG12,2024-01-31,6360.7,2.69
RMG12,2024-01-31,6361.0,2.66
RMG12,2024-01-31,6361.3,2.65
RMG12,2024-01-31,6361.6,2.63
RMG12,2024-01-31,6361.9,2.62
RMG12,2024-01-31,6362.3,2.58
RMG12,2024-01-31,6362.6,2.56
RMG12,2024-01-31,6363.0,2.53
RMG12,2024-01-31,6363.4,2.48
RMG12,2024-01-31,6363.8,2.42
RMG12,2024-01-31,6364.3,2.38
RMG12,2024-01-31,6364.7,2.37
RMG12,2024-01-31,6365.2,2.37
RMG12,2024-01-31,6365.6,2.37
RMG12,2024-01-31,6366.1,2.38
RMG12,2024-01-31,6366.7,2.4
RMG12,2024-01-31,6367.2,2.43
RMG12,2024-01-31,6367.8,2.51
RMG12,2024-01-31,6368.5,2.52
RMG12,2024-01-31,6369.3,2.51
RMG12,2024-01-31,6370.1,2.4
RMG12,2024-01-31,6370.9,2.02
RMG12,2024-01-31,6371.8,1.63
RMG12,2024-01-31,6372.7,1.81
RMG12,2024-01-31,6373.8,1.99
RMG12,2024-01-31,6374.9,2.03
RMG12,2024-01-31,6376.0,1.93
RMG12,2024-01-31,6377.3,1.88
RMG12,2024-01-31,6378.6,1.82
RMG12,2024-01-31,6379.9,1.84
RMG12,2024-01-31,6381.3,1.9
RMG12,2024-01-31,6382.7,1.97
RMG12,2024-01-31,6384.2,1.97
RMG12,2024-01-31,6385.7,1.79
RMG12,2024-01-31,6387.2,1.61
RMG12,2024-01-31,6388.3,1.4
RMG12,2024-01-31,6389.2,1.19
RMG12,2024-01-31,6390.0,1.12
RMG12,2024-01-31,6390.9,1.07
RMG12,2024-01-31,6391.8,1.03
RMG12,2024-01-31,6392.7,1.04
RMG12,2024-01-31,6393.6,1.0
RMG12,2024-01-31,6394.5,0.9
RMG12,2024-01-31,6395.5,0.74
RMG12,2024-01-31,6396.4,0.6
RMG12,2024-01-31,6397.3,0.44
RMG12,2024-01-31,6398.3,0.37
RMG12,2024-01-31,6399.2,0.35
RMG12,2024-01-31,6400.2,0.36
RMG12,2024-01-31,6401.1,0.31
RMG12,2024-01-31,6402.1,0.22
RMG12,2024-01-31,6403.1,0.12
RMG12,2024-01-31,6404.1,0.1
RMG12,2024-01-31,6405.1,0.08
RMG12,2024-01-31,6406.1,0.08
RMG12,2024-01-31,6407.1,0.09
RMG12,2024-01-31,6408.1,0.1
RMG12,2024-01-31,6409.1,0.08
RMG12,2024-01-31,6410.1,0.03
RMG12,2024-01-31,6411.1,-0.04
RMG12,2024-01-31,6412.2,-0.18
RMG12,2024-01-31,6413.2,-0.45
RMG12,2024-01-31,6414.3,-0.41
RMG12,2024-01-31,6415.3,-0.35
RMG12,2024-01-31,6416.4,-0.33
RMG12,2024-01-31,6417.5,-0.32
RMG12,2024-01-31,6418.5,-0.28
RMG12,2024-01-31,6419.6,-0.23
RMG12,2024-01-31,6420.7,-0.16
RMG12,2024-01-31,6421.8,-0.14
RMG12,2024-01-31,6422.9,-0.17
RMG12,2024-01-31,6424.0,-0.32
RMG12,2024-01-31,6425.1,-0.8
RMG12,2024-01-31,6426.2,-0.85
RMG12,2024-01-31,6427.3,-0.74
RMG12,2024-01-31,6428.4,-0.63
RMG12,2024-01-31,6429.5,-0.59
RMG12,2024-01-31,6430.6,-0.61
RMG12,2024-01-31,6431.7,-0.62
RMG12,2024-01-31,6432.9,-0.58
RMG12,2024-01-31,6434.0,-0.46
RMG12,2024-01-31,6435.1,-0.3
RMG12,2024-01-31,6436.2,-0.16
RMG12,2024-01-31,6437.3,-0.04
RMG12,2024-01-31,6438.4,0.05
RMG12,2024-01-31,6439.5,0.09
RMG12,2024-01-31,6440.6,0.11
RMG12,2024-01-31,6441.8,0.12
RMG12,2024-01-31,6442.9,0.1
RMG12,2024-01-31,6444.0,-0.03
RMG12,2024-01-31,6445.1,-0.01
RMG12,2024-01-31,6446.2,0.01
RMG12,2024-01-31,6447.3,0.03
RMG12,2024-01-31,6448.4,0.05
RMG12,2024-01-31,6449.5,0.06
RMG12,2024-01-31,6450.6,0.06
RMG12,2024-01-31,6451.7,0.08
RMG12,2024-01-31,6452.8,0.09
RMG12,2024-01-31,6453.9,0.11
RMG12,2024-01-31,6455.1,0.19
RMG12,2024-01-31,6456.2,0.23
RMG12,2024-01-31,6457.3,0.24
RMG12,2024-01-31,6458.4,0.29
RMG12,2024-01-31,6459.5,0.33
RMG12,2024-01-31,6460.6,0.37
RMG12,2024-01-31,6461.7,0.38
RMG12,2024-01-31,6462.8,0.33
RMG12,2024-01-31,6463.9,0.33
RMG12,2024-01-31,6465.0,0.33
RMG12,2024-01-31,6466.1,0.33
RMG12,2024-01-31,6467.2,0.3
RMG12,2024-01-31,6468.3,0.38
RMG12,2024-01-31,6469.5,0.72
RMG12,2024-01-31,6470.5,0.83
RMG12,2024-01-31,6471.6,0.86
RMG12,2024-01-31,6472.8,0.87
RMG12,2024-01-31,6473.9,0.85
RMG12,2024-01-31,6475.0,0.81
RMG12,2024-01-31,6476.1,0.71
RMG12,2024-01-31,6477.2,0.51
RMG12,2024-01-31,6478.3,0.3
RMG12,2024-01-31,6479.4,0.32
RMG12,2024-01-31,6480.6,0.46
RMG12,2024-01-31,6481.7,0.37
RMG12,2024-01-31,6482.8,0.39
RMG12,2024-01-31,6484.0,0.38
RMG12,2024-01-31,6485.1,0.3
RMG12,2024-01-31,6486.3,0.23
RMG12,2024-01-31,6487.4,0.2
RMG12,2024-01-31,6488.6,0.22
RMG12,2024-01-31,6489.8,0.12
RMG12,2024-01-31,6490.9,-0.01
RMG12,2024-01-31,6492.1,-0.04
RMG12,2024-01-31,6493.2,-0.06
RMG12,2024-01-31,6494.4,-0.3
RMG12,2024-01-31,6495.6,-0.41
RMG12,2024-01-31,6496.7,-0.41
RMG12,2024-01-31,6497.9,-0.43
RMG12,2024-01-31,6499.1,-0.55
RMG12,2024-01-31,6500.3,-0.8
RMG12,2024-01-31,6501.4,-0.95
RMG12,2024-01-31,6502.6,-1.22
RMG12,2024-01-31,6503.8,-1.14
RMG12,2024-01-31,6505.0,-1.16
RMG12,2024-01-31,6506.2,-0.86
RMG12,2024-01-31,6507.4,-0.44
RMG12,2024-01-31,6508.6,-0.42
RMG12,2024-01-31,6509.8,-0.62
RMG12,2024-01-31,6511.0,-0.65
RMG12,2024-01-31,6512.2,-0.5
RMG12,2024-01-31,6513.4,-0.58
RMG12,2024-01-31,6514.6,-0.45
RMG12,2024-01-31,6515.8,-0.45
RMG12,2024-01-31,6517.1,-0.48
RMG12,2024-01-31,6518.3,-0.46
RMG12,2024-01-31,6519.5,-0.5
RMG12,2024-01-31,6520.7,-0.7
RMG12,2024-01-31,6521.9,-1.07
RMG12,2024-01-31,6523.1,-1.57
RMG12,2024-01-31,6524.4,-1.52
RMG12,2024-01-31,6525.6,-1.43
RMG12,2024-01-31,6526.8,-1.31
RMG12,2024-01-31,6528.0,-1.09
RMG12,2024-01-31,6529.3,-0.9
RMG12,2024-01-31,6530.5,-0.67
RMG12,2024-01-31,6531.7,-0.25
RMG12,2024-01-31,6533.0,-0.19
RMG12,2024-01-31,6534.2,-0.37
RMG12,2024-01-31,6535.4,-0.67
RMG12,2024-01-31,6536.7,-0.94
RMG12,2024-01-31,6537.9,-1.23
RMG12,2024-01-31,6539.1,-1.4
RMG12,2024-01-31,6540.4,-1.23
RMG12,2024-01-31,6541.6,-0.72
RMG12,2024-01-31,6542.9,-0.19
RMG12,2024-01-31,6544.1,-0.27
RMG12,2024-01-31,6545.4,-0.63
RMG12,2024-01-31,6546.6,-0.5
RMG12,2024-01-31,6547.8,-0.01
RMG12,2024-01-31,6549.1,0.51
RMG12,2024-01-31,6550.3,0.74
RMG12,2024-01-31,6551.6,0.84
RMG12,2024-01-31,6552.8,0.8
RMG12,2024-01-31,6554.1,0.69
RMG12,2024-01-31,6555.4,0.59
RMG12,2024-01-31,6556.6,0.59
RMG12,2024-01-31,6557.9,0.69
RMG12,2024-01-31,6559.1,0.53
RMG12,2024-01-31,6560.4,0.1
RMG12,2024-01-31,6561.6,-0.1
RMG12,2024-01-31,6562.9,-0.22
RMG12,2024-01-31,6564.2,-0.36
RMG12,2024-01-31,6565.4,-0.58
RMG12,2024-01-31,6566.7,-0.61
RMG12,2024-01-31,6568.0,-0.59
RMG12,2024-01-31,6569.3,-0.73
RMG12,2024-01-31,6570.6,-0.92
RMG12,2024-01-31,6571.9,-1.09
RMG12,2024-01-31,6573.2,-1.1
RMG12,2024-01-31,6574.5,-1.0
RMG12,2024-01-31,6575.8,-0.7
RMG12,2024-01-31,6577.1,-0.3
RMG12,2024-01-31,6578.4,-0.17
RMG12,2024-01-31,6579.8,-0.1
RMG12,2024-01-31,6581.1,0.04
RMG12,2024-01-31,6582.4,-0.07
RMG12,2024-01-31,6583.8,-0.32
RMG12,2024-01-31,6585.1,-0.43
RMG12,2024-01-31,6586.4,-0.51
RMG12,2024-01-31,6587.7,-0.63
RMG12,2024-01-31,6589.1,-0.73
RMG12,2024-01-31,6590.4,-0.88
RMG12,2024-01-31,6591.8,-0.94
RMG12,2024-01-31,6593.1,-0.92
RMG12,2024-01-31,6594.4,-1.01
RMG12,2024-01-31,6595.8,-0.96
RMG12,2024-01-31,6597.1,-0.92
RMG12,2024-01-31,6598.5,-1.04
RMG12,2024-01-31,6599.8,-1.19
RMG12,2024-01-31,6601.1,-1.27
RMG12,2024-01-31,6602.5,-0.87
RMG12,2024-01-31,6603.8,-0.67
RMG12,2024-01-31,6605.2,-0.6
RMG12,2024-01-31,6606.5,-0.61
RMG12,2024-01-31,6607.8,-0.64
RMG12,2024-01-31,6609.2,-0.76
RMG12,2024-01-31,6610.5,-0.87
RMG12,2024-01-31,6611.9,-1.0
RMG12,2024-01-31,6613.2,-1.3
RMG12,2024-01-31,6614.5,-1.36
RMG12,2024-01-31,6615.9,-1.23
RMG12,2024-01-31,6617.2,-1.08
RMG12,2024-01-31,6618.6,-1.09
RMG12,2024-01-31,6619.9,-1.05
RMG12,2024-01-31,6621.2,-0.98
RMG12,2024-01-31,6622.6,-1.06
RMG12,2024-01-31,6623.9,-1.32
RMG12,2024-01-31,6625.3,-1.42
RMG12,2024-01-31,6626.6,-1.42
RMG12,2024-01-31,6627.9,-1.41
RMG12,2024-01-31,6629.3,-1.35
RMG12,2024-01-31,6630.6,-1.21
RMG12,2024-01-31,6632.0,-1.15
RMG12,2024-01-31,6633.3,-0.99
RMG12,2024-01-31,6634.6,-0.97
RMG12,2024-01-31,6635.9,-0.95
RMG12,2024-01-31,6637.3,-0.98
RMG12,2024-01-31,6638.6,-0.98
RMG12,2024-01-31,6639.9,-1.04
RMG12,2024-01-31,6641.2,-1.14
RMG12,2024-01-31,6642.6,-1.12
RMG12,2024-01-31,6643.9,-1.08
RMG12,2024-01-31,6645.2,-1.06
RMG12,2024-01-31,6646.5,-1.08
RMG12,2024-01-31,6647.9,-1.07
RMG12,2024-01-31,6649.2,-1.06
RMG12,2024-01-31,6650.5,-1.09
RMG12,2024-01-31,6651.8,-1.27
RMG12,2024-01-31,6653.2,-1.37
RMG12,2024-01-31,6654.5,-1.46
RMG12,2024-01-31,6655.8,-1.37
RMG12,2024-01-31,6657.1,-1.27
RMG12,2024-01-31,6658.4,-1.24
RMG12,2024-01-31,6659.7,-1.26
RMG12,2024-01-31,6661.0,-1.35
RMG12,2024-01-31,6662.4,-1.53
RMG12,2024-01-31,6663.7,-1.57
RMG12,2024-01-31,6665.0,-1.59
RMG12,2024-01-31,6666.3,-1.53
RMG12,2024-01-31,6667.6,-1.57
RMG12,2024-01-31,6669.0,-1.53
RMG12,2024-01-31,6670.3,-1.59
RMG12,2024-01-31,6671.6,-1.62
RMG12,2024-01-31,6672.9,-1.63
RMG12,2024-01-31,6674.3,-1.68
RMG12,2024-01-31,6675.6,-1.71
RMG12,2024-01-31,6676.9,-1.7
RMG12,2024-01-31,6678.2,-1.63
RMG12,2024-01-31,6679.6,-1.66
RMG12,2024-01-31,6680.9,-1.69
RMG12,2024-01-31,6682.2,-1.68
RMG12,2024-01-31,6683.5,-1.71
RMG12,2024-01-31,6684.8,-1.71
RMG12,2024-01-31,6686.2,-1.69
RMG12,2024-01-31,6687.5,-1.69
RMG12,2024-01-31,6688.8,-2.0
RMG12,2024-01-31,6690.2,-2.09
RMG12,2024-01-31,6691.5,-2.17
RMG12,2024-01-31,6692.9,-2.22
RMG12,2024-01-31,6694.2,-2.24
RMG12,2024-01-31,6695.5,-2.24
RMG12,2024-01-31,6696.9,-2.26
RMG12,2024-01-31,6698.2,-2.22
RMG12,2024-01-31,6699.6,-2.2
RMG12,2024-01-31,6700.9,-2.16
RMG12,2024-01-31,6702.3,-2.21
RMG12,2024-01-31,6703.6,-2.32
RMG12,2024-01-31,6705.0,-2.4
RMG12,2024-01-31,6706.3,-2.48
RMG12,2024-01-31,6707.7,-2.54
RMG12,2024-01-31,6709.0,-2.63
RMG12,2024-01-31,6710.4,-2.56
RMG12,2024-01-31,6711.8,-2.45
RMG12,2024-01-31,6713.1,-2.42
RMG12,2024-01-31,6714.5,-2.45
RMG12,2024-01-31,6715.9,-2.52
RMG12,2024-01-31,6717.2,-2.58
RMG12,2024-01-31,6718.6,-2.58
RMG12,2024-01-31,6720.0,-2.52
RMG12,2024-01-31,6721.4,-2.59
RMG12,2024-01-31,6722.8,-2.69
RMG12,2024-01-31,6724.2,-2.75
RMG12,2024-01-31,6725.6,-2.79
RMG12,2024-01-31,6727.0,-2.92
RMG12,2024-01-31,6728.4,-2.92
RMG12,2024-01-31,6729.8,-2.9
RMG12,2024-01-31,6731.2,-2.89
RMG12,2024-01-31,6732.7,-2.9
RMG12,2024-01-31,6734.1,-2.88
RMG12,2024-01-31,6735.5,-2.94
RMG12,2024-01-31,6736.9,-2.99
RMG12,2024-01-31,6738.3,-2.99
RMG12,2024-01-31,6739.7,-2.96
RMG12,2024-01-31,6741.1,-2.95
RMG12,2024-01-31,6742.5,-3.01
RMG12,2024-01-31,6743.9,-3.05
RMG12,2024-01-31,6745.3,-3.04
RMG12,2024-01-31,6746.7,-2.98
RMG12,2024-01-31,6748.1,-3.01
RMG12,2024-01-31,6749.5,-3.1
RMG12,2024-01-31,6751.0,-3.13
RMG12,2024-01-31,6752.4,-3.12
RMG12,2024-01-31,6753.8,-3.2
RMG12,2024-01-31,6755.2,-3.28
RMG12,2024-01-31,6756.6,-3.31
RMG12,2024-01-31,6758.0,-3.29
RMG12,2024-01-31,6759.4,-3.2
RMG12,2024-01-31,6760.8,-3.19
RMG12,2024-01-31,6762.2,-3.33
RMG12,2024-01-31,6763.6,-3.38
RMG12,2024-01-31,6765.1,-3.28
RMG12,2024-01-31,6766.5,-3.24
RMG12,2024-01-31,6767.9,-3.26
RMG12,2024-01-31,6769.4,-3.23
RMG12,2024-01-31,6770.8,-3.25
RMG12,2024-01-31,6772.2,-3.26
RMG12,2024-01-31,6773.7,-3.32
RMG12,2024-01-31,6775.2,-3.28
RMG12,2024-01-31,6776.6,-3.29
RMG12,2024-01-31,6778.1,-3.26
RMG12,2024-01-31,6779.5,-3.22
RMG12,2024-01-31,6781.0,-3.16
RMG12,2024-01-31,6782.4,-3.21
RMG12,2024-01-31,6783.9,-3.33
RMG12,2024-01-31,6785.4,-3.48
RMG12,2024-01-31,6786.8,-3.47
RMG12,2024-01-31,6788.3,-3.4
RMG12,2024-01-31,6789.7,-3.44
RMG12,2024-01-31,6791.2,-3.53
RMG12,2024-01-31,6792.7,-3.51
RMG12,2024-01-31,6794.2,-3.44
RMG12,2024-01-31,6795.6,-3.66
RMG12,2024-01-31,6797.1,-3.71
RMG12,2024-01-31,6798.6,-3.77
RMG12,2024-01-31,6800.1,-3.7
RMG12,2024-01-31,6801.6,-3.65
RMG12,2024-01-31,6803.0,-3.62
RMG12,2024-01-31,6804.5,-3.6
RMG12,2024-01-31,6805.9,-3.59
RMG12,2024-01-31,6807.3,-3.6
RMG12,2024-01-31,6808.7,-3.57
RMG12,2024-01-31,6810.1,-3.56
RMG12,2024-01-31,6811.5,-3.55
RMG12,2024-01-31,6812.8,-3.59
RMG12,2024-01-31,6814.2,-3.61
RMG12,2024-01-31,6815.5,-3.67
RMG12,2024-01-31,6816.8,-3.78
RMG12,2024-01-31,6818.1,-3.83
RMG12,2024-01-31,6819.3,-3.79
RMG12,2024-01-31,6820.6,-3.8
RMG12,2024-01-31,6821.9,-3.85
RMG12,2024-01-31,6823.1,-3.91
RMG12,2024-01-31,6824.3,-3.95
RMG12,2024-01-31,6825.6,-4.01
RMG12,2024-01-31,6826.8,-4.02
RMG12,2024-01-31,6828.0,-4.03
RMG12,2024-01-31,6829.2,-4.1
RMG12,2024-01-31,6830.4,-4.13
RMG12,2024-01-31,6831.6,-4.16
RMG12,2024-01-31,6832.8,-4.18
RMG12,2024-01-31,6834.0,-4.21
RMG12,2024-01-31,6835.1,-4.15
RMG12,2024-01-31,6836.3,-4.18
RMG12,2024-01-31,6837.5,-4.22
RMG12,2024-01-31,6838.6,-4.2
RMG12,2024-01-31,6839.8,-4.14
RMG12,2024-01-31,6840.9,-4.12
RMG12,2024-01-31,6842.1,-4.1
RMG12,2024-01-31,6843.2,-4.1
RMG12,2024-01-31,6844.3,-4.07
RMG12,2024-01-31,6845.5,-4.04
RMG12,2024-01-31,6846.6,-4.05
RMG12,2024-01-31,6847.7,-4.01
RMG12,2024-01-31,6848.8,-4.02
RMG12,2024-01-31,6850.0,-4.05
RMG12,2024-01-31,6851.1,-4.09
RMG12,2024-01-31,6852.2,-4.12
RMG12,2024-01-31,6853.3,-4.1
RMG12,2024-01-31,6854.3,-4.11
RMG12,2024-01-31,6855.4,-4.12
RMG12,2024-01-31,6856.5,-4.14
RMG12,2024-01-31,6857.6,-4.11
RMG12,2024-01-31,6858.6,-4.1
RMG12,2024-01-31,6859.7,-4.04
RMG12,2024-01-31,6860.8,-4.06
RMG12,2024-01-31,6861.8,-4.09
RMG12,2024-01-31,6862.8,-4.06
RMG12,2024-01-31,6863.9,-4.09
RMG12,2024-01-31,6864.9,-4.12
RMG12,2024-01-31,6866.0,-4.15
RMG12,2024-01-31,6867.0,-4.14
RMG12,2024-01-31,6868.0,-4.18
RMG12,2024-01-31,6869.0,-4.2
RMG12,2024-01-31,6870.0,-4.21
RMG12,2024-01-31,6871.1,-4.2
RMG12,2024-01-31,6872.1,-4.19
RMG12,2024-01-31,6873.1,-4.18
RMG12,2024-01-31,6874.1,-4.16
RMG12,2024-01-31,6875.1,-4.21
RMG12,2024-01-31,6876.1,-4.27
RMG12,2024-01-31,6877.1,-4.31
RMG12,2024-01-31,6878.1,-4.36
RMG12,2024-01-31,6879.1,-4.37
RMG12,2024-01-31,6880.0,-4.32
RMG12,2024-01-31,6881.0,-4.32
RMG12,2024-01-31,6882.0,-4.32
RMG12,2024-01-31,6883.0,-4.33
RMG12,2024-01-31,6883.9,-4.32
RMG12,2024-01-31,6884.9,-4.29
RMG12,2024-01-31,6885.9,-4.28
RMG12,2024-01-31,6886.8,-4.25
RMG12,2024-01-31,6887.8,-4.25
RMG12,2024-01-31,6888.8,-4.28
RMG12,2024-01-31,6889.7,-4.25
RMG12,2024-01-31,6890.7,-4.29
RMG12,2024-01-31,6891.7,-4.3
RMG12,2024-01-31,6892.6,-4.27
RMG12,2024-01-31,6893.6,-4.16
RMG12,2024-01-31,6894.6,-4.19
RMG12,2024-01-31,6895.5,-4.24
RMG12,2024-01-31,6896.5,-4.32
RMG12,2024-01-31,6897.5,-4.32
RMG12,2024-01-31,6898.5,-4.4
RMG12,2024-01-31,6899.4,-4.4
RMG12,2024-01-31,6900.4,-4.36
RMG12,2024-01-31,6902.0,-4.29
RMG12,2024-01-31,6903.7,-4.19
RMG12,2024-01-31,6905.4,-4.05
RMG12,2024-01-31,6907.0,-4.05
RMG12,2024-01-31,6908.6,-3.88
RMG12,2024-01-31,6910.0,-3.61
RMG12,2024-01-31,6911.5,-3.49
RMG12,2024-01-31,6912.9,-3.39
RMG12,2024-01-31,6914.2,-3.23
RMG12,2024-01-31,6915.5,-3.13
RMG12,2024-01-31,6916.8,-3.04
RMG12,2024-01-31,6918.1,-2.99
RMG12,2024-01-31,6919.3,-2.95
RMG12,2024-01-31,6920.4,-3.02
RMG12,2024-01-31,6921.6,-3.03
RMG12,2024-01-31,6922.7,-3.01
RMG12,2024-01-31,6923.7,-2.75
RMG12,2024-01-31,6924.8,-2.51
RMG12,2024-01-31,6925.8,-2.2
RMG12,2024-01-31,6926.8,-1.88
RMG12,2024-01-31,6927.8,-1.66
RMG12,2024-01-31,6928.7,-1.53
RMG12,2024-01-31,6929.7,-1.3
RMG12,2024-01-31,6930.6,-1.06
RMG12,2024-01-31,6931.5,-0.8
RMG12,2024-01-31,6932.3,-0.68
RMG12,2024-01-31,6933.1,-0.52
RMG12,2024-01-31,6933.9,-0.26
RMG12,2024-01-31,6934.7,-0.09
RMG12,2024-01-31,6935.5,0.03
RMG12,2024-01-31,6936.2,0.37
RMG12,2024-01-31,6936.9,0.78
RMG12,2024-01-31,6937.6,1.07
RMG12,2024-01-31,6938.3,1.31
RMG12,2024-01-31,6938.9,1.61
RMG12,2024-01-31,6939.5,1.8
RMG12,2024-01-31,6940.1,1.91
RMG12,2024-01-31,6940.7,1.59
RMG12,2024-01-31,6941.2,1.22
RMG12,2024-01-31,6941.8,1.16
RMG12,2024-01-31,6942.3,1.35
RMG12,2024-01-31,6942.8,1.35
RMG12,2024-01-31,6943.2,1.43
RMG12,2024-01-31,6943.7,1.59
RMG12,2024-01-31,6944.2,1.68
RMG12,2024-01-31,6944.6,1.76
RMG12,2024-01-31,6945.0,1.98
RMG12,2024-01-31,6945.4,2.18
RMG12,2024-01-31,6945.8,2.51
RMG12,2024-01-31,6946.2,2.6
RMG12,2024-01-31,6946.5,2.76
RMG12,2024-01-31,6946.9,3.02
RMG12,2024-01-31,6947.2,3.17
RMG12,2024-01-31,6947.5,3.29
RMG12,2024-01-31,6947.8,3.52
RMG12,2024-01-31,6948.1,3.64
RMG12,2024-01-31,6948.4,3.72
RMG12,2024-01-31,6948.7,3.87
RMG12,2024-01-31,6949.0,3.87
RMG12,2024-01-31,6949.2,3.87
RMG12,2024-01-31,6949.4,3.87
RMG12,2024-01-31,6951.0,3.98
RMG12,2024-01-31,6953.0,4.05
RMG12,2024-01-31,6955.0,4.14
RMG12,2024-01-31,6957.0,4.55
RMG12,2024-01-31,6960.0,6.4
RMG12,2024-01-31,6964.0,5.84
RMG12,2024-01-31,6967.0,7.28
RMG12,2024-01-31,6972.0,8.96
RMG12,2024-01-31,6975.0,9.4
RMG12,2024-01-31,6977.0,13.18
RMG12,2024-01-31,6990.0,13.0
RMG12,2024-01-31,7000.0,12.4
RMG12,2024-01-31,7030.0,12.0
RMG12,2024-01-31,7070.0,11.83
RMG12,2024-01-31,7100.0,11.6
RMG12,2024-01-31,7140.0,11.72
RMG12,2024-01-31,7160.0,10.71
RMG12,2024-01-31,7200.0,11.17
RMG12,2024-01-31,7230.0,11.36
RMG12,2024-01-31,7260.0,12.3
RMG12,2024-01-31,7290.0,12.15
RMG12,2024-01-31,7318.0,12.72
RMG12,2024-01-31,7318.0,13.03
RMG12,2024-01-31,7330.0,12.55
RMG12,2024-01-31,7350.0,12.46
RMG12,2024-01-31,7380.0,12.4
RMG12,2024-01-31,7400.0,12.68
RMG12,2024-01-31,7430.0,12.6
RMG12,2024-01-31,7437.0,12.52
RMG12,2024-01-31,7440.0,14.14
RMG12,2024-01-31,7443.0,14.15
RMG12,2024-01-31,7446.0,12.74
RMG12,2024-01-31,7470.0,12.84
RMG12,2024-01-31,7500.0,13.48
RMG12,2024-01-31,7530.0,13.88
RMG12,2024-01-31,7544.0,14.2
RMG12,2024-01-31,7544.0,14.36
RMG12,2024-01-31,7570.0,14.14
RMG12,2024-01-31,7600.0,14.1
RMG12,2024-01-31,7630.0,14.2
RMG12,2024-01-31,7660.0,14.3
RMG12,2024-01-31,7680.0,14.22
RMG12,2024-01-31,7700.0,14.18
RMG12,2024-01-31,7720.0,14.14
RMG12,2024-01-31,7744.0,14.1
RMG12,2024-01-31,7744.0,14.26
RMP2,2011-04-25,0.0,4.84
RMP2,2011-04-25,0.0,4.66
RMP2,2011-04-25,30.0,4.72
RMP2,2011-04-25,49.0,4.83
RMP2,2011-04-25,49.0,4.9
RMP2,2011-04-25,100.0,4.7
RMP2,2011-04-25,160.0,4.74
RMP2,2011-04-25,175.0,4.6
RMP2,2011-04-25,179.0,7.02
RMP2,2011-04-25,182.0,7.1
RMP2,2011-04-25,185.0,5.2
RMP2,2011-04-25,200.0,5.29
RMP2,2011-04-25,250.0,5.62
RMP2,2011-04-25,253.0,2.3
RMP2,2011-04-25,270.0,-0.7
RMP2,2011-04-25,290.0,-1.7
RMP2,2011-04-25,310.0,-1.7
RMP2,2011-04-25,330.0,-5.7
RMP2,2011-04-25,350.0,-6.0
RMP2,2011-04-25,370.0,-6.2
RMP2,2011-04-25,390.0,-6.0
RMP2,2011-04-25,410.0,-5.7
RMP2,2011-04-25,430.0,-3.7
RMP2,2011-04-25,450.0,-2.7
RMP2,2011-04-25,470.0,-1.9
RMP2,2011-04-25,490.0,-1.9
RMP2,2011-04-25,510.0,-1.7
RMP2,2011-04-25,530.0,-1.7
RMP2,2011-04-25,560.0,-1.2
RMP2,2011-04-25,575.0,2.3
RMP2,2011-04-25,600.0,4.22
RMP2,2011-04-25,660.0,4.34
RMP2,2011-04-25,720.0,4.4
RMP2,2011-04-25,780.0,4.32
RMP2,2011-04-25,840.0,4.62
RMP2,2011-04-25,900.0,4.7
RMP2,2011-04-25,960.0,4.55
RMP2,2011-04-25,1020.0,4.7
RMP2,2011-04-25,1080.0,4.7
RMP2,2011-04-25,1140.0,4.72
RMP2,2011-04-25,1200.0,4.64
RMP2,2011-04-25,1260.0,4.2
RMP2,2011-04-25,1320.0,4.4
RMP2,2011-04-25,1380.0,4.66
RMP2,2011-04-25,1440.0,4.72
RMP2,2011-04-25,1500.0,4.7
RMP2,2011-04-25,1560.0,4.32
RMP2,2011-04-25,1620.0,4.9
RMP2,2011-04-25,1680.0,5.05
RMP2,2011-04-25,1740.0,5.25
RMP2,2011-04-25,1800.0,5.5
RMP2,2011-04-25,1860.0,5.0
RMP2,2011-04-25,1920.0,4.77
RMP2,2011-04-25,1980.0,4.39
RMP2,2011-04-25,2040.0,4.11
RMP2,2011-04-25,2100.0,4.11
RMP2,2011-04-25,2160.0,3.97
RMP2,2011-04-25,2220.0,3.9
RMP2,2011-04-25,2280.0,3.79
RMP2,2011-04-25,2340.0,3.67
RMP2,2011-04-25,2400.0,3.86
RMP2,2011-04-25,2460.0,3.9
RMP2,2011-04-25,2520.0,3.8
RMP2,2011-04-25,2580.0,3.82
RMP2,2011-04-25,2640.0,4.2
RMP2,2011-04-25,2700.0,4.25
RMP2,2011-04-25,2760.0,4.11
RMP2,2011-04-25,2820.0,4.04
RMP2,2011-04-25,2880.0,4.19
RMP2,2011-04-25,2940.0,4.11
RMP2,2011-04-25,3000.0,4.02
RMP2,2011-04-25,3060.0,4.58
RMP2,2011-04-25,3120.0,4.39
RMP2,2011-04-25,3180.0,4.48
RMP2,2011-04-25,3240.0,4.68
RMP2,2011-04-25,3300.0,4.4
RMP2,2011-04-25,3360.0,4.15
RMP2,2011-04-25,3420.0,4.55
RMP2,2011-04-25,3480.0,4.6
RMP2,2011-04-25,3540.0,4.5
RMP2,2011-04-25,3600.0,4.42
RMP2,2011-04-25,3660.0,4.49
RMP2,2011-04-25,3720.0,4.41
RMP2,2011-04-25,3780.0,4.94
RMP2,2011-04-25,3840.0,5.07
RMP2,2011-04-25,3900.0,4.95
RMP2,2011-04-25,3960.0,4.92
RMP2,2011-04-25,4020.0,4.7
RMP2,2011-04-25,4033.0,2.31
RMP2,2011-04-25,4090.0,0.11
RMP2,2011-04-25,4150.0,-1.19
RMP2,2011-04-25,4200.0,-1.49
RMP2,2011-04-25,4260.0,-1.39
RMP2,2011-04-25,4320.0,-1.19
RMP2,2011-04-25,4380.0,-2.69
RMP2,2011-04-25,4430.0,-5.19
RMP2,2011-04-25,4490.0,-5.69
RMP2,2011-04-25,4550.0,-5.69
RMP2,2011-04-25,4610.0,-7.19
RMP2,2011-04-25,4670.0,-7.69
RMP2,2011-04-25,4730.0,-10.69
RMP2,2011-04-25,4780.0,-10.69
RMP2,2011-04-25,4840.0,-10.09
RMP2,2011-04-25,4900.0,-10.39
RMP2,2011-04-25,4950.0,-11.19
RMP2,2011-04-25,5010.0,-11.19
RMP2,2011-04-25,5070.0,-11.69
RMP2,2011-04-25,5130.0,-11.89
RMP2,2011-04-25,5190.0,-12.69
RMP2,2011-04-25,5250.0,-12.69
RMP2,2011-04-25,5300.0,-12.69
RMP2,2011-04-25,5360.0,-12.99
RMP2,2011-04-25,5420.0,-12.69
RMP2,2011-04-25,5480.0,-13.69
RMP2,2011-04-25,5540.0,-13.19
RMP2,2011-04-25,5600.0,-13.69
RMP2,2011-04-25,5650.0,-13.69
RMP2,2011-04-25,5710.0,-13.69
RMP2,2011-04-25,5770.0,-13.29
RMP2,2011-04-25,5820.0,-12.69
RMP2,2011-04-25,5880.0,-11.39
RMP2,2011-04-25,5940.0,-9.69
RMP2,2011-04-25,6000.0,-8.69
RMP2,2011-04-25,6060.0,-7.19
RMP2,2011-04-25,6110.0,-6.19
RMP2,2011-04-25,6170.0,-4.99
RMP2,2011-04-25,6230.0,-3.69
RMP2,2011-04-25,6280.0,-3.69
RMP2,2011-04-25,6350.0,-3.89
RMP2,2011-04-25,6400.0,-3.49
RMP2,2011-04-25,6460.0,-3.69
RMP2,2011-04-25,6520.0,-3.69
RMP2,2011-04-25,6580.0,-4.19
RMP2,2011-04-25,6630.0,-4.19
RMP2,2011-04-25,6690.0,-4.39
RMP2,2011-04-25,6750.0,-5.69
RMP2,2011-04-25,6800.0,-4.69
RMP2,2011-04-25,6860.0,-4.69
RMP2,2011-04-25,6920.0,-5.19
RMP2,2011-04-25,6980.0,-5.19
RMP2,2011-04-25,7040.0,-5.69
RMP2,2011-04-25,7100.0,-10.69
RMP2,2011-04-25,7150.0,-11.19
RMP2,2011-04-25,7210.0,-10.69
RMP2,2011-04-25,7270.0,-11.39
RMP2,2011-04-25,7330.0,-11.49
RMP2,2011-04-25,7390.0,-11.19
RMP2,2011-04-25,7440.0,-9.69
RMP2,2011-04-25,7500.0,-4.19
RMP2,2011-04-25,7560.0,-3.49
RMP2,2011-04-25,7610.0,-1.49
RMP2,2011-04-25,7670.0,-0.69
RMP2,2011-04-25,7730.0,-0.69
RMP2,2011-04-25,7790.0,-0.69
RMP2,2011-04-25,7830.0,0.31
RMP2,2011-04-25,7851.0,2.31
RMP2,2011-04-25,7860.0,5.92
RMP2,2011-04-25,7900.0,6.52
RMP2,2011-04-25,7915.0,6.65
RMP2,2011-04-25,7940.0,6.47
RMP2,2011-04-25,7970.0,6.45
RMP2,2011-04-25,7994.0,6.43
RMP2,2011-04-25,7994.0,6.6
RMP2,2012-02-01,0.0,4.84
RMP2,2012-02-01,0.0,4.66
RMP2,2012-02-01,49.0,4.83
RMP2,2012-02-01,49.0,4.9
RMP2,2012-02-01,100.0,4.7
RMP2,2012-02-01,160.0,4.72
RMP2,2012-02-01,175.0,4.6
RMP2,2012-02-01,179.0,7.04
RMP2,2012-02-01,182.0,7.12
RMP2,2012-02-01,185.0,5.26
RMP2,2012-02-01,244.0,5.09
RMP2,2012-02-01,270.0,1.49
RMP2,2012-02-01,290.0,0.49
RMP2,2012-02-01,310.0,-1.31
RMP2,2012-02-01,340.0,-1.51
RMP2,2012-02-01,360.0,-1.21
RMP2,2012-02-01,390.0,-2.51
RMP2,2012-02-01,400.0,-2.51
RMP2,2012-02-01,430.0,-2.51
RMP2,2012-02-01,450.0,-1.71
RMP2,2012-02-01,470.0,-0.21
RMP2,2012-02-01,500.0,0.69
RMP2,2012-02-01,520.0,1.49
RMP2,2012-02-01,540.0,4.29
RMP2,2012-02-01,600.0,4.39
RMP2,2012-02-01,660.0,4.5
RMP2,2012-02-01,720.0,4.4
RMP2,2012-02-01,780.0,4.32
RMP2,2012-02-01,840.0,4.56
RMP2,2012-02-01,900.0,4.7
RMP2,2012-02-01,960.0,4.59
RMP2,2012-02-01,1020.0,4.7
RMP2,2012-02-01,1080.0,4.66
RMP2,2012-02-01,1140.0,4.72
RMP2,2012-02-01,1200.0,4.66
RMP2,2012-02-01,1260.0,4.2
RMP2,2012-02-01,1320.0,4.4
RMP2,2012-02-01,1380.0,4.66
RMP2,2012-02-01,1440.0,4.7
RMP2,2012-02-01,1500.0,4.77
RMP2,2012-02-01,1560.0,4.4
RMP2,2012-02-01,1620.0,4.94
RMP2,2012-02-01,1680.0,4.97
RMP2,2012-02-01,1740.0,5.26
RMP2,2012-02-01,1800.0,4.79
RMP2,2012-02-01,1860.0,5.05
RMP2,2012-02-01,1920.0,4.77
RMP2,2012-02-01,1980.0,4.42
RMP2,2012-02-01,2040.0,4.16
RMP2,2012-02-01,2100.0,4.17
RMP2,2012-02-01,2160.0,4.27
RMP2,2012-02-01,2220.0,3.78
RMP2,2012-02-01,2280.0,3.79
RMP2,2012-02-01,2340.0,3.72
RMP2,2012-02-01,2400.0,3.89
RMP2,2012-02-01,2460.0,3.84
RMP2,2012-02-01,2520.0,3.92
RMP2,2012-02-01,2580.0,3.84
RMP2,2012-02-01,2640.0,4.07
RMP2,2012-02-01,2700.0,4.21
RMP2,2012-02-01,2760.0,4.15
RMP2,2012-02-01,2820.0,4.11
RMP2,2012-02-01,2880.0,4.26
RMP2,2012-02-01,2940.0,4.1
RMP2,2012-02-01,3000.0,4.55
RMP2,2012-02-01,3060.0,4.45
RMP2,2012-02-01,3120.0,4.49
RMP2,2012-02-01,3180.0,4.5
RMP2,2012-02-01,3240.0,4.66
RMP2,2012-02-01,3300.0,4.33
RMP2,2012-02-01,3360.0,4.22
RMP2,2012-02-01,3420.0,4.49
RMP2,2012-02-01,3480.0,4.66
RMP2,2012-02-01,3540.0,4.48
RMP2,2012-02-01,3600.0,4.42
RMP2,2012-02-01,3660.0,4.5
RMP2,2012-02-01,3720.0,4.44
RMP2,2012-02-01,3780.0,4.94
RMP2,2012-02-01,3840.0,5.11
RMP2,2012-02-01,3900.0,4.79
RMP2,2012-02-01,3960.0,4.7
RMP2,2012-02-01,4020.0,4.66
RMP2,2012-02-01,4050.0,4.26
RMP2,2012-02-01,4086.0,1.51
RMP2,2012-02-01,4160.0,0.61
RMP2,2012-02-01,4240.0,-0.69
RMP2,2012-02-01,4320.0,-2.89
RMP2,2012-02-01,4400.0,-3.69
RMP2,2012-02-01,4470.0,-2.59
RMP2,2012-02-01,4550.0,-3.79
RMP2,2012-02-01,4630.0,-4.49
RMP2,2012-02-01,4700.0,-3.69
RMP2,2012-02-01,4780.0,-3.29
RMP2,2012-02-01,4860.0,-4.69
RMP2,2012-02-01,4940.0,-3.69
RMP2,2012-02-01,5020.0,-1.79
RMP2,2012-02-01,5090.0,-1.99
RMP2,2012-02-01,5170.0,-3.59
RMP2,2012-02-01,5250.0,-3.49
RMP2,2012-02-01,5320.0,-3.79
RMP2,2012-02-01,5400.0,-3.89
RMP2,2012-02-01,5480.0,-4.49
RMP2,2012-02-01,5560.0,-4.89
RMP2,2012-02-01,5640.0,-5.59
RMP2,2012-02-01,5700.0,-6.69
RMP2,2012-02-01,5790.0,-6.79
RMP2,2012-02-01,5860.0,-2.89
RMP2,2012-02-01,5940.0,-6.19
RMP2,2012-02-01,6020.0,-7.69
RMP2,2012-02-01,6090.0,-8.49
RMP2,2012-02-01,6170.0,-9.49
RMP2,2012-02-01,6250.0,-9.89
RMP2,2012-02-01,6330.0,-9.49
RMP2,2012-02-01,6400.0,-9.19
RMP2,2012-02-01,6500.0,-8.69
RMP2,2012-02-01,6560.0,-7.89
RMP2,2012-02-01,6640.0,-8.69
RMP2,2012-02-01,6720.0,-8.89
RMP2,2012-02-01,6790.0,-11.49
RMP2,2012-02-01,6870.0,-13.69
RMP2,2012-02-01,6950.0,-13.49
RMP2,2012-02-01,7030.0,-12.39
RMP2,2012-02-01,7100.0,-10.49
RMP2,2012-02-01,7180.0,-8.89
RMP2,2012-02-01,7260.0,-8.19
RMP2,2012-02-01,7330.0,-4.49
RMP2,2012-02-01,7410.0,-2.69
RMP2,2012-02-01,7490.0,-1.49
RMP2,2012-02-01,7570.0,-1.39
RMP2,2012-02-01,7640.0,0.11
RMP2,2012-02-01,7730.0,0.51
RMP2,2012-02-01,7804.0,1.51
RMP2,2012-02-01,7810.0,5.26
RMP2,2012-02-01,7860.0,6.49
RMP2,2012-02-01,7920.0,6.63
RMP2,2012-02-01,7950.0,6.47
RMP2,2012-02-01,7994.0,6.43
RMP2,2012-02-01,7994.0,6.6
RMP2,2013-02-16,0.0,4.84
RMP2,2013-02-16,0.0,4.66
RMP2,2013-02-16,30.0,4.72
RMP2,2013-02-16,49.0,4.83
RMP2,2013-02-16,49.0,4.9
RMP2,2013-02-16,100.0,4.68
RMP2,2013-02-16,160.0,4.67
RMP2,2013-02-16,175.0,4.64
RMP2,2013-02-16,179.0,7.04
RMP2,2013-02-16,182.0,7.08
RMP2,2013-02-16,185.0,5.3
RMP2,2013-02-16,200.0,4.22
RMP2,2013-02-16,235.0,1.84
RMP2,2013-02-16,240.0,1.04
RMP2,2013-02-16,250.0,0.64
RMP2,2013-02-16,260.0,0.24
RMP2,2013-02-16,265.0,-0.06
RMP2,2013-02-16,270.0,-0.26
RMP2,2013-02-16,280.0,-0.36
RMP2,2013-02-16,290.0,-0.66
RMP2,2013-02-16,300.0,-0.76
RMP2,2013-02-16,310.0,-0.96
RMP2,2013-02-16,315.0,-0.96
RMP2,2013-02-16,320.0,-1.06
RMP2,2013-02-16,330.0,-1.16
RMP2,2013-02-16,340.0,-1.36
RMP2,2013-02-16,350.0,-1.46
RMP2,2013-02-16,360.0,-1.26
RMP2,2013-02-16,365.0,-1.16
RMP2,2013-02-16,370.0,-0.86
RMP2,2013-02-16,380.0,-0.46
RMP2,2013-02-16,390.0,-0.16
RMP2,2013-02-16,400.0,-0.26
RMP2,2013-02-16,410.0,-2.26
RMP2,2013-02-16,415.0,-1.96
RMP2,2013-02-16,420.0,-0.46
RMP2,2013-02-16,430.0,0.74
RMP2,2013-02-16,445.0,1.84
RMP2,2013-02-16,470.0,3.96
RMP2,2013-02-16,500.0,4.38
RMP2,2013-02-16,560.0,4.35
RMP2,2013-02-16,620.0,4.44
RMP2,2013-02-16,680.0,4.64
RMP2,2013-02-16,740.0,4.47
RMP2,2013-02-16,800.0,4.36
RMP2,2013-02-16,860.0,4.62
RMP2,2013-02-16,920.0,4.68
RMP2,2013-02-16,980.0,4.6
RMP2,2013-02-16,1040.0,4.7
RMP2,2013-02-16,1100.0,4.74
RMP2,2013-02-16,1160.0,4.69
RMP2,2013-02-16,1220.0,4.25
RMP2,2013-02-16,1280.0,4.19
RMP2,2013-02-16,1340.0,4.39
RMP2,2013-02-16,1400.0,4.69
RMP2,2013-02-16,1460.0,4.74
RMP2,2013-02-16,1520.0,4.75
RMP2,2013-02-16,1580.0,4.47
RMP2,2013-02-16,1640.0,4.94
RMP2,2013-02-16,1700.0,5.32
RMP2,2013-02-16,1760.0,4.7
RMP2,2013-02-16,1820.0,5.15
RMP2,2013-02-16,1880.0,4.92
RMP2,2013-02-16,1940.0,4.79
RMP2,2013-02-16,2000.0,4.26
RMP2,2013-02-16,2060.0,4.32
RMP2,2013-02-16,2120.0,4.27
RMP2,2013-02-16,2180.0,4.17
RMP2,2013-02-16,2240.0,3.91
RMP2,2013-02-16,2300.0,3.74
RMP2,2013-02-16,2360.0,3.88
RMP2,2013-02-16,2420.0,3.84
RMP2,2013-02-16,2480.0,3.92
RMP2,2013-02-16,2540.0,3.84
RMP2,2013-02-16,2600.0,4.17
RMP2,2013-02-16,2660.0,4.12
RMP2,2013-02-16,2720.0,4.51
RMP2,2013-02-16,2780.0,4.01
RMP2,2013-02-16,2840.0,4.62
RMP2,2013-02-16,2900.0,4.01
RMP2,2013-02-16,2960.0,4.21
RMP2,2013-02-16,3020.0,4.45
RMP2,2013-02-16,3080.0,4.54
RMP2,2013-02-16,3140.0,4.94
RMP2,2013-02-16,3200.0,4.68
RMP2,2013-02-16,3260.0,4.69
RMP2,2013-02-16,3320.0,4.29
RMP2,2013-02-16,3380.0,4.18
RMP2,2013-02-16,3440.0,4.5
RMP2,2013-02-16,3500.0,4.47
RMP2,2013-02-16,3560.0,4.44
RMP2,2013-02-16,3620.0,4.41
RMP2,2013-02-16,3680.0,4.49
RMP2,2013-02-16,3740.0,4.39
RMP2,2013-02-16,3800.0,5.01
RMP2,2013-02-16,3860.0,5.17
RMP2,2013-02-16,3920.0,4.82
RMP2,2013-02-16,3980.0,4.52
RMP2,2013-02-16,4020.0,3.2
RMP2,2013-02-16,4026.0,1.86
RMP2,2013-02-16,4090.0,0.86
RMP2,2013-02-16,4150.0,0.06
RMP2,2013-02-16,4210.0,-0.64
RMP2,2013-02-16,4280.0,-0.04
RMP2,2013-02-16,4340.0,0.36
RMP2,2013-02-16,4410.0,-0.34
RMP2,2013-02-16,4470.0,-2.44
RMP2,2013-02-16,4540.0,-3.54
RMP2,2013-02-16,4600.0,-3.94
RMP2,2013-02-16,4670.0,-4.84
RMP2,2013-02-16,4730.0,-5.14
RMP2,2013-02-16,4790.0,-6.64
RMP2,2013-02-16,4860.0,-7.14
RMP2,2013-02-16,4920.0,-7.54
RMP2,2013-02-16,4990.0,-6.84
RMP2,2013-02-16,5050.0,-7.84
RMP2,2013-02-16,5120.0,-8.54
RMP2,2013-02-16,5180.0,-9.54
RMP2,2013-02-16,5250.0,-9.14
RMP2,2013-02-16,5310.0,-8.44
RMP2,2013-02-16,5380.0,-8.14
RMP2,2013-02-16,5440.0,-10.54
RMP2,2013-02-16,5500.0,-9.74
RMP2,2013-02-16,5570.0,-9.64
RMP2,2013-02-16,5630.0,-9.24
RMP2,2013-02-16,5700.0,-8.64
RMP2,2013-02-16,5760.0,-7.94
RMP2,2013-02-16,5830.0,-8.74
RMP2,2013-02-16,5890.0,-7.64
RMP2,2013-02-16,5960.0,-7.34
RMP2,2013-02-16,6020.0,-7.44
RMP2,2013-02-16,6080.0,-4.44
RMP2,2013-02-16,6150.0,-7.74
RMP2,2013-02-16,6210.0,-8.34
RMP2,2013-02-16,6280.0,-8.94
RMP2,2013-02-16,6340.0,-9.54
RMP2,2013-02-16,6410.0,-9.84
RMP2,2013-02-16,6470.0,-9.74
RMP2,2013-02-16,6540.0,-8.64
RMP2,2013-02-16,6600.0,-7.84
RMP2,2013-02-16,6660.0,-8.24
RMP2,2013-02-16,6730.0,-7.34
RMP2,2013-02-16,6790.0,-7.14
RMP2,2013-02-16,6860.0,-7.64
RMP2,2013-02-16,6920.0,-6.94
RMP2,2013-02-16,6990.0,-6.04
RMP2,2013-02-16,7050.0,-4.94
RMP2,2013-02-16,7120.0,-3.84
RMP2,2013-02-16,7180.0,-2.84
RMP2,2013-02-16,7250.0,-2.44
RMP2,2013-02-16,7310.0,-0.94
RMP2,2013-02-16,7370.0,0.16
RMP2,2013-02-16,7440.0,0.46
RMP2,2013-02-16,7500.0,0.66
RMP2,2013-02-16,7570.0,0.86
RMP2,2013-02-16,7630.0,1.16
RMP2,2013-02-16,7700.0,1.26
RMP2,2013-02-16,7766.0,1.86
RMP2,2013-02-16,7790.0,4.96
RMP2,2013-02-16,7800.0,5.25
RMP2,2013-02-16,7830.0,6.28
RMP2,2013-02-16,7860.0,6.48
RMP2,2013-02-16,7890.0,6.44
RMP2,2013-02-16,7920.0,6.67
RMP2,2013-02-16,7950.0,6.68
RMP2,2013-02-16,7980.0,6.7
RMP2,2013-02-16,7997.0,6.43
RMP2,2013-02-16,7997.0,6.6
RMP2,2014-04-19,0.0,4.84
RMP2,2014-04-19,0.0,4.66
RMP2,2014-04-19,30.0,4.7
RMP2,2014-04-19,49.0,4.83
RMP2,2014-04-19,49.0,4.9
RMP2,2014-04-19,70.0,4.79
RMP2,2014-04-19,100.0,4.48
RMP2,2014-04-19,130.0,4.52
RMP2,2014-04-19,160.0,4.63
RMP2,2014-04-19,175.0,4.66
RMP2,2014-04-19,179.0,7.06
RMP2,2014-04-19,182.0,7.08
RMP2,2014-04-19,185.0,5.35
RMP2,2014-04-19,200.0,5.05
RMP2,2014-04-19,225.0,4.12
RMP2,2014-04-19,232.0,1.93
RMP2,2014-04-19,240.0,1.23
RMP2,2014-04-19,250.0,0.83
RMP2,2014-04-19,260.0,0.63
RMP2,2014-04-19,270.0,0.13
RMP2,2014-04-19,280.0,-0.07
RMP2,2014-04-19,290.0,-0.57
RMP2,2014-04-19,300.0,-0.77
RMP2,2014-04-19,310.0,-0.67
RMP2,2014-04-19,320.0,-0.27
RMP2,2014-04-19,330.0,-0.47
RMP2,2014-04-19,340.0,-1.07
RMP2,2014-04-19,350.0,-1.37
RMP2,2014-04-19,360.0,-1.57
RMP2,2014-04-19,370.0,-1.77
RMP2,2014-04-19,380.0,-1.97
RMP2,2014-04-19,390.0,-1.47
RMP2,2014-04-19,400.0,-0.97
RMP2,2014-04-19,410.0,-0.57
RMP2,2014-04-19,420.0,0.13
RMP2,2014-04-19,430.0,0.63
RMP2,2014-04-19,440.0,0.93
RMP2,2014-04-19,450.0,1.43
RMP2,2014-04-19,456.0,1.93
RMP2,2014-04-19,460.0,4.01
RMP2,2014-04-19,470.0,4.32
RMP2,2014-04-19,500.0,4.48
RMP2,2014-04-19,560.0,4.5
RMP2,2014-04-19,620.0,4.56
RMP2,2014-04-19,680.0,4.63
RMP2,2014-04-19,740.0,4.7
RMP2,2014-04-19,800.0,4.5
RMP2,2014-04-19,860.0,4.56
RMP2,2014-04-19,920.0,4.62
RMP2,2014-04-19,980.0,4.71
RMP2,2014-04-19,1040.0,4.68
RMP2,2014-04-19,1100.0,4.66
RMP2,2014-04-19,1160.0,4.45
RMP2,2014-04-19,1220.0,4.42
RMP2,2014-04-19,1280.0,4.32
RMP2,2014-04-19,1340.0,4.28
RMP2,2014-04-19,1400.0,4.66
RMP2,2014-04-19,1460.0,4.76
RMP2,2014-04-19,1520.0,4.69
RMP2,2014-04-19,1580.0,4.48
RMP2,2014-04-19,1640.0,4.88
RMP2,2014-04-19,1700.0,4.94
RMP2,2014-04-19,1760.0,4.96
RMP2,2014-04-19,1820.0,5.1
RMP2,2014-04-19,1880.0,5.16
RMP2,2014-04-19,1940.0,5.2
RMP2,2014-04-19,2000.0,5.09
RMP2,2014-04-19,2060.0,5.05
RMP2,2014-04-19,2120.0,4.66
RMP2,2014-04-19,2180.0,4.26
RMP2,2014-04-19,2240.0,4.24
RMP2,2014-04-19,2300.0,3.7
RMP2,2014-04-19,2360.0,3.61
RMP2,2014-04-19,2420.0,3.48
RMP2,2014-04-19,2480.0,3.78
RMP2,2014-04-19,2540.0,3.84
RMP2,2014-04-19,2600.0,3.82
RMP2,2014-04-19,2660.0,4.22
RMP2,2014-04-19,2720.0,4.46
RMP2,2014-04-19,2780.0,4.14
RMP2,2014-04-19,2840.0,4.49
RMP2,2014-04-19,2900.0,4.14
RMP2,2014-04-19,2960.0,4.21
RMP2,2014-04-19,3020.0,4.4
RMP2,2014-04-19,3080.0,4.5
RMP2,2014-04-19,3140.0,4.89
RMP2,2014-04-19,3200.0,4.7
RMP2,2014-04-19,3260.0,4.69
RMP2,2014-04-19,3320.0,4.3
RMP2,2014-04-19,3380.0,4.24
RMP2,2014-04-19,3440.0,4.5
RMP2,2014-04-19,3500.0,4.36
RMP2,2014-04-19,3560.0,4.28
RMP2,2014-04-19,3620.0,4.36
RMP2,2014-04-19,3680.0,4.5
RMP2,2014-04-19,3740.0,4.28
RMP2,2014-04-19,3800.0,4.89
RMP2,2014-04-19,3860.0,5.11
RMP2,2014-04-19,3920.0,4.92
RMP2,2014-04-19,3980.0,4.69
RMP2,2014-04-19,4020.0,4.36
RMP2,2014-04-19,4080.0,4.42
RMP2,2014-04-19,4090.0,3.76
RMP2,2014-04-19,4100.0,1.9
RMP2,2014-04-19,4150.0,0.4
RMP2,2014-04-19,4200.0,0.1
RMP2,2014-04-19,4250.0,-0.6
RMP2,2014-04-19,4300.0,-0.5
RMP2,2014-04-19,4360.0,-0.9
RMP2,2014-04-19,4410.0,-2.0
RMP2,2014-04-19,4460.0,-2.6
RMP2,2014-04-19,4510.0,-1.8
RMP2,2014-04-19,4560.0,-2.3
RMP2,2014-04-19,4620.0,-2.4
RMP2,2014-04-19,4670.0,-2.8
RMP2,2014-04-19,4720.0,-2.1
RMP2,2014-04-19,4770.0,-2.4
RMP2,2014-04-19,4820.0,-2.6
RMP2,2014-04-19,4870.0,-2.4
RMP2,2014-04-19,4930.0,-3.5
RMP2,2014-04-19,4980.0,-4.4
RMP2,2014-04-19,5030.0,-4.6
RMP2,2014-04-19,5080.0,-5.4
RMP2,2014-04-19,5130.0,-5.4
RMP2,2014-04-19,5180.0,-6.5
RMP2,2014-04-19,5240.0,-7.0
RMP2,2014-04-19,5290.0,-7.2
RMP2,2014-04-19,5340.0,-8.7
RMP2,2014-04-19,5390.0,-8.1
RMP2,2014-04-19,5440.0,-7.9
RMP2,2014-04-19,5500.0,-7.8
RMP2,2014-04-19,5550.0,-7.9
RMP2,2014-04-19,5600.0,-8.4
RMP2,2014-04-19,5650.0,-9.7
RMP2,2014-04-19,5700.0,-9.5
RMP2,2014-04-19,5760.0,-10.3
RMP2,2014-04-19,5800.0,-11.9
RMP2,2014-04-19,5860.0,-12.2
RMP2,2014-04-19,5910.0,-12.8
RMP2,2014-04-19,5960.0,-11.8
RMP2,2014-04-19,6016.0,-11.5
RMP2,2014-04-19,6070.0,-11.6
RMP2,2014-04-19,6120.0,-11.4
RMP2,2014-04-19,6170.0,-12.1
RMP2,2014-04-19,6220.0,-11.7
RMP2,2014-04-19,6270.0,-11.4
RMP2,2014-04-19,6330.0,-11.8
RMP2,2014-04-19,6380.0,-11.6
RMP2,2014-04-19,6430.0,-12.2
RMP2,2014-04-19,6480.0,-13.8
RMP2,2014-04-19,6530.0,-13.1
RMP2,2014-04-19,6590.0,-11.8
RMP2,2014-04-19,6640.0,-10.9
RMP2,2014-04-19,6690.0,-9.8
RMP2,2014-04-19,6740.0,-8.4
RMP2,2014-04-19,6790.0,-5.8
RMP2,2014-04-19,6840.0,-4.0
RMP2,2014-04-19,6890.0,-2.8
RMP2,2014-04-19,6950.0,-1.4
RMP2,2014-04-19,7000.0,-0.3
RMP2,2014-04-19,7050.0,-3.0
RMP2,2014-04-19,7100.0,-3.8
RMP2,2014-04-19,7150.0,-5.6
RMP2,2014-04-19,7200.0,-6.8
RMP2,2014-04-19,7260.0,-7.8
RMP2,2014-04-19,7300.0,-5.6
RMP2,2014-04-19,7350.0,-1.3
RMP2,2014-04-19,7400.0,0.7
RMP2,2014-04-19,7417.0,1.9
RMP2,2014-04-19,7425.0,3.62
RMP2,2014-04-19,7430.0,5.09
RMP2,2014-04-19,7440.0,6.3
RMP2,2014-04-19,7470.0,6.26
RMP2,2014-04-19,7500.0,6.4
RMP2,2014-04-19,7560.0,6.5
RMP2,2014-04-19,7620.0,6.49
RMP2,2014-04-19,7680.0,6.67
RMP2,2014-04-19,7740.0,6.56
RMP2,2014-04-19,7800.0,6.58
RMP2,2014-04-19,7860.0,6.67
RMP2,2014-04-19,7890.0,6.7
RMP2,2014-04-19,7920.0,6.65
RMP2,2014-04-19,7950.0,6.43
RMP2,2014-04-19,7980.0,6.39
RMP2,2014-04-19,7990.0,6.54
RMP2,2014-04-19,7994.0,6.43
RMP2,2014-04-19,7994.0,6.6
RMP2,2015-01-28,0.0,4.84
RMP2,2015-01-28,0.0,4.66
RMP2,2015-01-28,30.0,4.64
RMP2,2015-01-28,40.0,4.77
RMP2,2015-01-28,49.0,4.83
RMP2,2015-01-28,49.0,4.9
RMP2,2015-01-28,70.0,4.74
RMP2,2015-01-28,100.0,4.56
RMP2,2015-01-28,130.0,4.5
RMP2,2015-01-28,160.0,4.62
RMP2,2015-01-28,175.0,4.7
RMP2,2015-01-28,179.0,7.06
RMP2,2015-01-28,182.0,7.06
RMP2,2015-01-28,185.0,5.3
RMP2,2015-01-28,200.0,5.15
RMP2,2015-01-28,230.0,4.4
RMP2,2015-01-28,235.0,2.5
RMP2,2015-01-28,250.0,1.5
RMP2,2015-01-28,260.0,1.1
RMP2,2015-01-28,280.0,1.0
RMP2,2015-01-28,290.0,1.0
RMP2,2015-01-28,310.0,-0.3
RMP2,2015-01-28,320.0,-0.4
RMP2,2015-01-28,340.0,-1.0
RMP2,2015-01-28,360.0,-1.6
RMP2,2015-01-28,370.0,-1.7
RMP2,2015-01-28,390.0,-1.6
RMP2,2015-01-28,400.0,-1.4
RMP2,2015-01-28,420.0,-0.1
RMP2,2015-01-28,430.0,0.24
RMP2,2015-01-28,450.0,0.6
RMP2,2015-01-28,470.0,1.8
RMP2,2015-01-28,480.0,2.5
RMP2,2015-01-28,490.0,4.22
RMP2,2015-01-28,500.0,4.5
RMP2,2015-01-28,550.0,4.56
RMP2,2015-01-28,600.0,4.6
RMP2,2015-01-28,650.0,4.46
RMP2,2015-01-28,700.0,4.56
RMP2,2015-01-28,750.0,4.52
RMP2,2015-01-28,800.0,4.68
RMP2,2015-01-28,850.0,4.7
RMP2,2015-01-28,900.0,4.58
RMP2,2015-01-28,950.0,4.55
RMP2,2015-01-28,1000.0,4.62
RMP2,2015-01-28,1050.0,4.4
RMP2,2015-01-28,1100.0,4.62
RMP2,2015-01-28,1150.0,4.44
RMP2,2015-01-28,1200.0,4.56
RMP2,2015-01-28,1250.0,4.6
RMP2,2015-01-28,1300.0,4.42
RMP2,2015-01-28,1350.0,4.56
RMP2,2015-01-28,1400.0,4.5
RMP2,2015-01-28,1450.0,4.74
RMP2,2015-01-28,1500.0,4.88
RMP2,2015-01-28,1550.0,4.94
RMP2,2015-01-28,1600.0,4.85
RMP2,2015-01-28,1650.0,4.76
RMP2,2015-01-28,1700.0,4.82
RMP2,2015-01-28,1750.0,5.24
RMP2,2015-01-28,1800.0,5.35
RMP2,2015-01-28,1850.0,5.4
RMP2,2015-01-28,1900.0,5.32
RMP2,2015-01-28,1950.0,5.42
RMP2,2015-01-28,2000.0,5.4
RMP2,2015-01-28,2050.0,5.16
RMP2,2015-01-28,2100.0,5.24
RMP2,2015-01-28,2150.0,4.46
RMP2,2015-01-28,2200.0,4.38
RMP2,2015-01-28,2250.0,4.36
RMP2,2015-01-28,2300.0,4.23
RMP2,2015-01-28,2350.0,3.74
RMP2,2015-01-28,2400.0,3.8
RMP2,2015-01-28,2450.0,3.46
RMP2,2015-01-28,2500.0,3.4
RMP2,2015-01-28,2550.0,3.42
RMP2,2015-01-28,2600.0,3.39
RMP2,2015-01-28,2650.0,4.46
RMP2,2015-01-28,2700.0,4.68
RMP2,2015-01-28,2750.0,4.5
RMP2,2015-01-28,2800.0,4.48
RMP2,2015-01-28,2850.0,4.62
RMP2,2015-01-28,2900.0,4.56
RMP2,2015-01-28,2950.0,4.5
RMP2,2015-01-28,3000.0,4.64
RMP2,2015-01-28,3050.0,4.59
RMP2,2015-01-28,3100.0,4.44
RMP2,2015-01-28,3150.0,4.38
RMP2,2015-01-28,3200.0,4.5
RMP2,2015-01-28,3250.0,4.36
RMP2,2015-01-28,3300.0,4.42
RMP2,2015-01-28,3350.0,4.28
RMP2,2015-01-28,3400.0,4.34
RMP2,2015-01-28,3450.0,4.3
RMP2,2015-01-28,3500.0,4.26
RMP2,2015-01-28,3550.0,4.2
RMP2,2015-01-28,3600.0,4.7
RMP2,2015-01-28,3650.0,4.68
RMP2,2015-01-28,3700.0,4.74
RMP2,2015-01-28,3750.0,4.79
RMP2,2015-01-28,3800.0,4.82
RMP2,2015-01-28,3805.0,3.76
RMP2,2015-01-28,3809.0,2.45
RMP2,2015-01-28,3860.0,1.65
RMP2,2015-01-28,3910.0,1.35
RMP2,2015-01-28,3970.0,0.75
RMP2,2015-01-28,4020.0,1.05
RMP2,2015-01-28,4070.0,0.75
RMP2,2015-01-28,4130.0,0.55
RMP2,2015-01-28,4180.0,-0.05
RMP2,2015-01-28,4230.0,-0.35
RMP2,2015-01-28,4290.0,-0.65
RMP2,2015-01-28,4340.0,-0.85
RMP2,2015-01-28,4400.0,-0.85
RMP2,2015-01-28,4450.0,-0.15
RMP2,2015-01-28,4500.0,0.65
RMP2,2015-01-28,4550.0,0.85
RMP2,2015-01-28,4600.0,-0.65
RMP2,2015-01-28,4660.0,-0.55
RMP2,2015-01-28,4710.0,-1.05
RMP2,2015-01-28,4770.0,-2.05
RMP2,2015-01-28,4820.0,-4.15
RMP2,2015-01-28,4870.0,-4.35
RMP2,2015-01-28,4920.0,-4.95
RMP2,2015-01-28,4980.0,-5.05
RMP2,2015-01-28,5030.0,-4.95
RMP2,2015-01-28,5090.0,-4.85
RMP2,2015-01-28,5140.0,-5.25
RMP2,2015-01-28,5190.0,-5.05
RMP2,2015-01-28,5240.0,-5.35
RMP2,2015-01-28,5300.0,-4.75
RMP2,2015-01-28,5350.0,-4.85
RMP2,2015-01-28,5400.0,-4.75
RMP2,2015-01-28,5460.0,-4.25
RMP2,2015-01-28,5500.0,-3.75
RMP2,2015-01-28,5560.0,-2.95
RMP2,2015-01-28,5620.0,-2.35
RMP2,2015-01-28,5670.0,-2.45
RMP2,2015-01-28,5720.0,-2.55
RMP2,2015-01-28,5780.0,-2.85
RMP2,2015-01-28,5830.0,-3.15
RMP2,2015-01-28,5880.0,-3.35
RMP2,2015-01-28,5940.0,-3.55
RMP2,2015-01-28,5990.0,-4.75
RMP2,2015-01-28,6040.0,-4.35
RMP2,2015-01-28,6090.0,-4.15
RMP2,2015-01-28,6150.0,-4.85
RMP2,2015-01-28,6200.0,-4.95
RMP2,2015-01-28,6260.0,-4.75
RMP2,2015-01-28,6310.0,-4.35
RMP2,2015-01-28,6360.0,-4.55
RMP2,2015-01-28,6420.0,-4.65
RMP2,2015-01-28,6470.0,-4.35
RMP2,2015-01-28,6520.0,-5.85
RMP2,2015-01-28,6580.0,-6.85
RMP2,2015-01-28,6630.0,-6.15
RMP2,2015-01-28,6680.0,-4.75
RMP2,2015-01-28,6740.0,-6.35
RMP2,2015-01-28,6790.0,-7.65
RMP2,2015-01-28,6840.0,-7.35
RMP2,2015-01-28,6900.0,-6.75
RMP2,2015-01-28,6950.0,-7.05
RMP2,2015-01-28,7000.0,-5.95
RMP2,2015-01-28,7050.0,-5.35
RMP2,2015-01-28,7100.0,-4.65
RMP2,2015-01-28,7160.0,-4.15
RMP2,2015-01-28,7220.0,-1.75
RMP2,2015-01-28,7270.0,-0.95
RMP2,2015-01-28,7320.0,-0.55
RMP2,2015-01-28,7370.0,0.24
RMP2,2015-01-28,7430.0,1.45
RMP2,2015-01-28,7482.0,2.45
RMP2,2015-01-28,7490.0,3.89
RMP2,2015-01-28,7500.0,5.7
RMP2,2015-01-28,7550.0,6.28
RMP2,2015-01-28,7600.0,6.5
RMP2,2015-01-28,7650.0,6.56
RMP2,2015-01-28,7700.0,6.7
RMP2,2015-01-28,7750.0,6.48
RMP2,2015-01-28,7800.0,6.64
RMP2,2015-01-28,7850.0,6.66
RMP2,2015-01-28,7890.0,6.74
RMP2,2015-01-28,7900.0,6.68
RMP2,2015-01-28,7950.0,6.59
RMP2,2015-01-28,7980.0,6.5
RMP2,2015-01-28,7994.0,6.43
RMP2,2015-01-28,7994.0,6.6
RMP2,2016-04-22,0.0,4.84
RMP2,2016-04-22,0.0,4.66
RMP2,2016-04-22,30.0,4.64
RMP2,2016-04-22,49.0,4.83
RMP2,2016-04-22,49.0,4.9
RMP2,2016-04-22,100.0,4.95
RMP2,2016-04-22,150.0,6.82
RMP2,2016-04-22,188.0,6.48
RMP2,2016-04-22,190.0,6.99
RMP2,2016-04-22,193.0,6.97
RMP2,2016-04-22,195.0,6.62
RMP2,2016-04-22,200.0,6.7
RMP2,2016-04-22,250.0,6.76
RMP2,2016-04-22,300.0,4.6
RMP2,2016-04-22,320.0,4.06
RMP2,2016-04-22,326.0,2.6
RMP2,2016-04-22,340.0,-2.83
RMP2,2016-04-22,360.0,-3.52
RMP2,2016-04-22,380.0,-4.59
RMP2,2016-04-22,400.0,-2.2
RMP2,2016-04-22,410.0,-1.8
RMP2,2016-04-22,430.0,-2.27
RMP2,2016-04-22,450.0,-0.05
RMP2,2016-04-22,460.0,0.56
RMP2,2016-04-22,480.0,1.03
RMP2,2016-04-22,500.0,0.3
RMP2,2016-04-22,510.0,-0.28
RMP2,2016-04-22,530.0,-0.35
RMP2,2016-04-22,550.0,0.57
RMP2,2016-04-22,570.0,0.8
RMP2,2016-04-22,590.0,1.0
RMP2,2016-04-22,603.0,2.6
RMP2,2016-04-22,610.0,4.51
RMP2,2016-04-22,650.0,4.3
RMP2,2016-04-22,700.0,4.4
RMP2,2016-04-22,750.0,4.44
RMP2,2016-04-22,800.0,4.1
RMP2,2016-04-22,850.0,4.25
RMP2,2016-04-22,900.0,4.35
RMP2,2016-04-22,950.0,4.15
RMP2,2016-04-22,1000.0,4.38
RMP2,2016-04-22,1050.0,4.4
RMP2,2016-04-22,1100.0,4.75
RMP2,2016-04-22,1150.0,5.1
RMP2,2016-04-22,1200.0,5.32
RMP2,2016-04-22,1250.0,5.41
RMP2,2016-04-22,1300.0,5.21
RMP2,2016-04-22,1350.0,4.95
RMP2,2016-04-22,1400.0,4.81
RMP2,2016-04-22,1450.0,4.95
RMP2,2016-04-22,1500.0,5.01
RMP2,2016-04-22,1550.0,4.73
RMP2,2016-04-22,1600.0,4.35
RMP2,2016-04-22,1650.0,4.2
RMP2,2016-04-22,1700.0,4.05
RMP2,2016-04-22,1750.0,4.3
RMP2,2016-04-22,1800.0,3.85
RMP2,2016-04-22,1850.0,3.75
RMP2,2016-04-22,1900.0,3.68
RMP2,2016-04-22,1950.0,3.67
RMP2,2016-04-22,2000.0,3.43
RMP2,2016-04-22,2050.0,3.51
RMP2,2016-04-22,2100.0,3.81
RMP2,2016-04-22,2150.0,4.11
RMP2,2016-04-22,2200.0,4.22
RMP2,2016-04-22,2250.0,4.31
RMP2,2016-04-22,2300.0,4.28
RMP2,2016-04-22,2350.0,4.51
RMP2,2016-04-22,2400.0,4.63
RMP2,2016-04-22,2450.0,3.98
RMP2,2016-04-22,2500.0,3.7
RMP2,2016-04-22,2550.0,3.76
RMP2,2016-04-22,2600.0,3.8
RMP2,2016-04-22,2650.0,3.84
RMP2,2016-04-22,2700.0,3.86
RMP2,2016-04-22,2750.0,3.7
RMP2,2016-04-22,2800.0,3.66
RMP2,2016-04-22,2850.0,3.8
RMP2,2016-04-22,2900.0,3.84
RMP2,2016-04-22,2950.0,3.86
RMP2,2016-04-22,3000.0,3.85
RMP2,2016-04-22,3050.0,3.84
RMP2,2016-04-22,3100.0,3.9
RMP2,2016-04-22,3150.0,3.96
RMP2,2016-04-22,3200.0,4.01
RMP2,2016-04-22,3250.0,4.4
RMP2,2016-04-22,3300.0,4.36
RMP2,2016-04-22,3350.0,4.3
RMP2,2016-04-22,3400.0,4.4
RMP2,2016-04-22,3450.0,4.48
RMP2,2016-04-22,3500.0,4.5
RMP2,2016-04-22,3550.0,4.46
RMP2,2016-04-22,3600.0,4.45
RMP2,2016-04-22,3650.0,4.66
RMP2,2016-04-22,3700.0,4.45
RMP2,2016-04-22,3750.0,4.44
RMP2,2016-04-22,3800.0,4.46
RMP2,2016-04-22,3850.0,4.48
RMP2,2016-04-22,3900.0,4.4
RMP2,2016-04-22,3950.0,3.61
RMP2,2016-04-22,4000.0,3.7
RMP2,2016-04-22,4050.0,3.42
RMP2,2016-04-22,4060.0,2.64
RMP2,2016-04-22,4110.0,1.0
RMP2,2016-04-22,4170.0,-2.12
RMP2,2016-04-22,4220.0,-6.32
RMP2,2016-04-22,4280.0,-6.78
RMP2,2016-04-22,4330.0,-8.62
RMP2,2016-04-22,4390.0,-8.97
RMP2,2016-04-22,4440.0,-11.17
RMP2,2016-04-22,4500.0,-11.61
RMP2,2016-04-22,4550.0,-11.52
RMP2,2016-04-22,4600.0,-11.1
RMP2,2016-04-22,4660.0,-11.12
RMP2,2016-04-22,4710.0,-11.41
RMP2,2016-04-22,4760.0,-11.19
RMP2,2016-04-22,4820.0,-11.3
RMP2,2016-04-22,4870.0,-10.81
RMP2,2016-04-22,4930.0,-10.06
RMP2,2016-04-22,4980.0,-9.9
RMP2,2016-04-22,5040.0,-10.94
RMP2,2016-04-22,5090.0,-10.69
RMP2,2016-04-22,5150.0,-10.73
RMP2,2016-04-22,5200.0,-10.5
RMP2,2016-04-22,5250.0,-10.39
RMP2,2016-04-22,5310.0,-9.91
RMP2,2016-04-22,5360.0,-10.25
RMP2,2016-04-22,5420.0,-10.68
RMP2,2016-04-22,5470.0,-10.54
RMP2,2016-04-22,5530.0,-10.14
RMP2,2016-04-22,5580.0,-9.4
RMP2,2016-04-22,5640.0,-8.85
RMP2,2016-04-22,5690.0,-9.16
RMP2,2016-04-22,5750.0,-9.0
RMP2,2016-04-22,5800.0,-9.05
RMP2,2016-04-22,5850.0,-8.81
RMP2,2016-04-22,5910.0,-8.9
RMP2,2016-04-22,5960.0,-8.34
RMP2,2016-04-22,6020.0,-8.79
RMP2,2016-04-22,6070.0,-9.23
RMP2,2016-04-22,6120.0,-8.93
RMP2,2016-04-22,6180.0,-8.81
RMP2,2016-04-22,6240.0,-8.2
RMP2,2016-04-22,6290.0,-8.02
RMP2,2016-04-22,6340.0,-8.41
RMP2,2016-04-22,6390.0,-8.87
RMP2,2016-04-22,6450.0,-8.79
RMP2,2016-04-22,6500.0,-8.72
RMP2,2016-04-22,6560.0,-8.51
RMP2,2016-04-22,6610.0,-7.03
RMP2,2016-04-22,6670.0,-6.88
RMP2,2016-04-22,6720.0,-6.19
RMP2,2016-04-22,6780.0,-5.8
RMP2,2016-04-22,6830.0,-5.31
RMP2,2016-04-22,6890.0,-1.49
RMP2,2016-04-22,6940.0,0.75
RMP2,2016-04-22,7000.0,0.75
RMP2,2016-04-22,7050.0,0.8
RMP2,2016-04-22,7100.0,-1.51
RMP2,2016-04-22,7160.0,-4.6
RMP2,2016-04-22,7220.0,-5.09
RMP2,2016-04-22,7270.0,-4.53
RMP2,2016-04-22,7320.0,-4.81
RMP2,2016-04-22,7380.0,-3.73
RMP2,2016-04-22,7430.0,-1.6
RMP2,2016-04-22,7480.0,-1.37
RMP2,2016-04-22,7540.0,-0.79
RMP2,2016-04-22,7590.0,-0.44
RMP2,2016-04-22,7650.0,0.45
RMP2,2016-04-22,7700.0,1.18
RMP2,2016-04-22,7760.0,1.49
RMP2,2016-04-22,7810.0,2.64
RMP2,2016-04-22,7812.0,3.46
RMP2,2016-04-22,7840.0,6.31
RMP2,2016-04-22,7900.0,6.05
RMP2,2016-04-22,7930.0,6.3
RMP2,2016-04-22,7960.0,6.36
RMP2,2016-04-22,7990.0,6.4
RMP2,2016-04-22,7994.0,6.43
RMP2,2016-04-22,7994.0,6.6
RMP2,2017-04-19,0.0,4.84
RMP2,2017-04-19,0.0,4.66
RMP2,2017-04-19,49.0,4.83
RMP2,2017-04-19,49.0,4.9
RMP2,2017-04-19,100.0,5.01
RMP2,2017-04-19,150.0,6.55
RMP2,2017-04-19,188.0,6.5
RMP2,2017-04-19,190.0,6.99
RMP2,2017-04-19,193.0,6.98
RMP2,2017-04-19,195.0,6.62
RMP2,2017-04-19,238.0,5.84
RMP2,2017-04-19,241.0,2.5
RMP2,2017-04-19,250.0,1.8
RMP2,2017-04-19,270.0,0.8
RMP2,2017-04-19,280.0,0.3
RMP2,2017-04-19,300.0,-0.9
RMP2,2017-04-19,310.0,-3.1
RMP2,2017-04-19,320.0,-4.7
RMP2,2017-04-19,340.0,-5.6
RMP2,2017-04-19,350.0,-4.2
RMP2,2017-04-19,370.0,-4.5
RMP2,2017-04-19,380.0,-4.7
RMP2,2017-04-19,400.0,-3.1
RMP2,2017-04-19,410.0,-2.3
RMP2,2017-04-19,420.0,-1.8
RMP2,2017-04-19,440.0,-1.1
RMP2,2017-04-19,450.0,-0.5
RMP2,2017-04-19,470.0,0.0
RMP2,2017-04-19,480.0,0.1
RMP2,2017-04-19,500.0,0.5
RMP2,2017-04-19,520.0,0.4
RMP2,2017-04-19,530.0,1.3
RMP2,2017-04-19,539.0,2.5
RMP2,2017-04-19,542.0,4.05
RMP2,2017-04-19,545.0,4.94
RMP2,2017-04-19,600.0,4.5
RMP2,2017-04-19,650.0,4.39
RMP2,2017-04-19,700.0,4.49
RMP2,2017-04-19,750.0,4.4
RMP2,2017-04-19,800.0,4.14
RMP2,2017-04-19,850.0,4.35
RMP2,2017-04-19,900.0,4.42
RMP2,2017-04-19,950.0,4.2
RMP2,2017-04-19,1000.0,4.42
RMP2,2017-04-19,1050.0,4.38
RMP2,2017-04-19,1100.0,4.72
RMP2,2017-04-19,1150.0,5.05
RMP2,2017-04-19,1200.0,5.26
RMP2,2017-04-19,1250.0,5.44
RMP2,2017-04-19,1300.0,5.16
RMP2,2017-04-19,1350.0,4.9
RMP2,2017-04-19,1400.0,4.75
RMP2,2017-04-19,1450.0,4.86
RMP2,2017-04-19,1500.0,4.92
RMP2,2017-04-19,1550.0,4.74
RMP2,2017-04-19,1600.0,4.34
RMP2,2017-04-19,1650.0,4.26
RMP2,2017-04-19,1700.0,4.12
RMP2,2017-04-19,1750.0,4.26
RMP2,2017-04-19,1800.0,3.79
RMP2,2017-04-19,1850.0,3.72
RMP2,2017-04-19,1900.0,3.7
RMP2,2017-04-19,1950.0,3.64
RMP2,2017-04-19,2000.0,3.4
RMP2,2017-04-19,2050.0,3.49
RMP2,2017-04-19,2100.0,3.8
RMP2,2017-04-19,2150.0,4.06
RMP2,2017-04-19,2200.0,4.26
RMP2,2017-04-19,2250.0,4.28
RMP2,2017-04-19,2300.0,4.24
RMP2,2017-04-19,2350.0,4.48
RMP2,2017-04-19,2400.0,4.55
RMP2,2017-04-19,2450.0,4.01
RMP2,2017-04-19,2500.0,3.68
RMP2,2017-04-19,2550.0,3.74
RMP2,2017-04-19,2600.0,3.84
RMP2,2017-04-19,2650.0,3.9
RMP2,2017-04-19,2700.0,3.79
RMP2,2017-04-19,2750.0,3.66
RMP2,2017-04-19,2800.0,3.7
RMP2,2017-04-19,2850.0,3.77
RMP2,2017-04-19,2900.0,3.8
RMP2,2017-04-19,2950.0,3.9
RMP2,2017-04-19,3000.0,3.86
RMP2,2017-04-19,3050.0,3.84
RMP2,2017-04-19,3100.0,4.6
RMP2,2017-04-19,3130.0,4.56
RMP2,2017-04-19,3135.0,2.54
RMP2,2017-04-19,3180.0,1.44
RMP2,2017-04-19,3220.0,1.04
RMP2,2017-04-19,3260.0,0.34
RMP2,2017-04-19,3300.0,-0.66
RMP2,2017-04-19,3350.0,-1.56
RMP2,2017-04-19,3390.0,-3.04
RMP2,2017-04-19,3430.0,-4.76
RMP2,2017-04-19,3480.0,-5.36
RMP2,2017-04-19,3520.0,-5.66
RMP2,2017-04-19,3560.0,-6.76
RMP2,2017-04-19,3600.0,-8.76
RMP2,2017-04-19,3650.0,-8.56
RMP2,2017-04-19,3690.0,-9.16
RMP2,2017-04-19,3740.0,-9.2
RMP2,2017-04-19,3780.0,-8.96
RMP2,2017-04-19,3820.0,-9.26
RMP2,2017-04-19,3860.0,-8.96
RMP2,2017-04-19,3900.0,-9.14
RMP2,2017-04-19,3950.0,-9.29
RMP2,2017-04-19,3990.0,-8.96
RMP2,2017-04-19,4040.0,-9.26
RMP2,2017-04-19,4080.0,-9.49
RMP2,2017-04-19,4120.0,-9.36
RMP2,2017-04-19,4160.0,-8.96
RMP2,2017-04-19,4210.0,-10.16
RMP2,2017-04-19,4250.0,-9.66
RMP2,2017-04-19,4290.0,-11.06
RMP2,2017-04-19,4340.0,-11.76
RMP2,2017-04-19,4380.0,-12.36
RMP2,2017-04-19,4420.0,-12.16
RMP2,2017-04-19,4470.0,-11.14
RMP2,2017-04-19,4510.0,-10.26
RMP2,2017-04-19,4550.0,-9.26
RMP2,2017-04-19,4590.0,-8.16
RMP2,2017-04-19,4640.0,-7.36
RMP2,2017-04-19,4680.0,-6.36
RMP2,2017-04-19,4720.0,-5.96
RMP2,2017-04-19,4770.0,-5.36
RMP2,2017-04-19,4810.0,-4.76
RMP2,2017-04-19,4850.0,-4.47
RMP2,2017-04-19,4890.0,-4.36
RMP2,2017-04-19,4940.0,-3.36
RMP2,2017-04-19,4980.0,-2.96
RMP2,2017-04-19,5020.0,-2.51
RMP2,2017-04-19,5070.0,-2.36
RMP2,2017-04-19,5120.0,-1.96
RMP2,2017-04-19,5150.0,-1.66
RMP2,2017-04-19,5200.0,-1.58
RMP2,2017-04-19,5240.0,-1.96
RMP2,2017-04-19,5280.0,-1.56
RMP2,2017-04-19,5320.0,-1.66
RMP2,2017-04-19,5370.0,-1.36
RMP2,2017-04-19,5410.0,-0.76
RMP2,2017-04-19,5450.0,-0.46
RMP2,2017-04-19,5500.0,-1.63
RMP2,2017-04-19,5540.0,-1.51
RMP2,2017-04-19,5580.0,-1.16
RMP2,2017-04-19,5620.0,-1.21
RMP2,2017-04-19,5670.0,-0.76
RMP2,2017-04-19,5710.0,-0.46
RMP2,2017-04-19,5750.0,-0.3
RMP2,2017-04-19,5800.0,-0.06
RMP2,2017-04-19,5840.0,0.04
RMP2,2017-04-19,5880.0,-0.26
RMP2,2017-04-19,5920.0,-0.06
RMP2,2017-04-19,5970.0,-0.16
RMP2,2017-04-19,6010.0,0.34
RMP2,2017-04-19,6060.0,0.84
RMP2,2017-04-19,6100.0,0.74
RMP2,2017-04-19,6140.0,1.04
RMP2,2017-04-19,6180.0,0.74
RMP2,2017-04-19,6230.0,0.54
RMP2,2017-04-19,6270.0,0.14
RMP2,2017-04-19,6310.0,1.54
RMP2,2017-04-19,6360.0,1.84
RMP2,2017-04-19,6400.0,1.64
RMP2,2017-04-19,6440.0,1.04
RMP2,2017-04-19,6480.0,0.34
RMP2,2017-04-19,6530.0,0.94
RMP2,2017-04-19,6570.0,1.04
RMP2,2017-04-19,6610.0,0.34
RMP2,2017-04-19,6660.0,-0.86
RMP2,2017-04-19,6700.0,-1.66
RMP2,2017-04-19,6740.0,-2.56
RMP2,2017-04-19,6780.0,-3.56
RMP2,2017-04-19,6830.0,-2.96
RMP2,2017-04-19,6870.0,-2.06
RMP2,2017-04-19,6910.0,-1.26
RMP2,2017-04-19,6960.0,-0.16
RMP2,2017-04-19,7000.0,0.34
RMP2,2017-04-19,7040.0,0.74
RMP2,2017-04-19,7100.0,0.84
RMP2,2017-04-19,7140.0,1.34
RMP2,2017-04-19,7193.0,2.54
RMP2,2017-04-19,7196.0,4.01
RMP2,2017-04-19,7200.0,4.2
RMP2,2017-04-19,7250.0,4.24
RMP2,2017-04-19,7300.0,3.95
RMP2,2017-04-19,7350.0,3.3
RMP2,2017-04-19,7400.0,3.7
RMP2,2017-04-19,7450.0,3.66
RMP2,2017-04-19,7500.0,4.11
RMP2,2017-04-19,7550.0,3.7
RMP2,2017-04-19,7600.0,3.84
RMP2,2017-04-19,7650.0,3.54
RMP2,2017-04-19,7700.0,2.5
RMP2,2017-04-19,7707.0,2.0
RMP2,2017-04-19,7715.0,1.8
RMP2,2017-04-19,7720.0,1.1
RMP2,2017-04-19,7730.0,0.7
RMP2,2017-04-19,7735.0,0.3
RMP2,2017-04-19,7745.0,0.0
RMP2,2017-04-19,7750.0,-0.4
RMP2,2017-04-19,7760.0,-0.2
RMP2,2017-04-19,7770.0,0.1
RMP2,2017-04-19,7775.0,0.3
RMP2,2017-04-19,7780.0,0.7
RMP2,2017-04-19,7790.0,1.2
RMP2,2017-04-19,7800.0,1.7
RMP2,2017-04-19,7805.0,1.9
RMP2,2017-04-19,7815.0,2.1
RMP2,2017-04-19,7820.0,2.5
RMP2,2017-04-19,7830.0,4.4
RMP2,2017-04-19,7850.0,6.06
RMP2,2017-04-19,7900.0,6.05
RMP2,2017-04-19,7950.0,6.24
RMP2,2017-04-19,7994.0,6.43
RMP2,2017-04-19,7994.0,6.6
RMP2,2018-04-30,0.0,4.84
RMP2,2018-04-30,0.0,4.66
RMP2,2018-04-30,30.0,4.48
RMP2,2018-04-30,49.0,4.83
RMP2,2018-04-30,49.0,4.9
RMP2,2018-04-30,100.0,5.4
RMP2,2018-04-30,150.0,5.7
RMP2,2018-04-30,180.0,6.0
RMP2,2018-04-30,188.0,6.48
RMP2,2018-04-30,190.0,7.0
RMP2,2018-04-30,193.0,7.01
RMP2,2018-04-30,195.0,6.6
RMP2,2018-04-30,210.0,5.5
RMP2,2018-04-30,230.0,4.93
RMP2,2018-04-30,235.0,4.35
RMP2,2018-04-30,240.0,2.82
RMP2,2018-04-30,250.0,1.62
RMP2,2018-04-30,260.0,1.32
RMP2,2018-04-30,270.0,0.52
RMP2,2018-04-30,280.0,0.22
RMP2,2018-04-30,290.0,-0.48
RMP2,2018-04-30,300.0,-0.88
RMP2,2018-04-30,310.0,-1.38
RMP2,2018-04-30,320.0,-1.18
RMP2,2018-04-30,330.0,-1.68
RMP2,2018-04-30,340.0,-2.38
RMP2,2018-04-30,350.0,-2.28
RMP2,2018-04-30,360.0,-2.58
RMP2,2018-04-30,370.0,-2.68
RMP2,2018-04-30,380.0,-2.18
RMP2,2018-04-30,390.0,-1.48
RMP2,2018-04-30,400.0,-1.58
RMP2,2018-04-30,410.0,-1.88
RMP2,2018-04-30,420.0,-1.68
RMP2,2018-04-30,430.0,-0.68
RMP2,2018-04-30,440.0,0.32
RMP2,2018-04-30,450.0,0.52
RMP2,2018-04-30,460.0,1.12
RMP2,2018-04-30,470.0,0.62
RMP2,2018-04-30,480.0,0.92
RMP2,2018-04-30,490.0,1.22
RMP2,2018-04-30,500.0,1.52
RMP2,2018-04-30,510.0,1.62
RMP2,2018-04-30,520.0,2.02
RMP2,2018-04-30,530.0,2.82
RMP2,2018-04-30,535.0,4.4
RMP2,2018-04-30,560.0,4.84
RMP2,2018-04-30,590.0,4.67
RMP2,2018-04-30,600.0,4.5
RMP2,2018-04-30,650.0,4.4
RMP2,2018-04-30,700.0,4.45
RMP2,2018-04-30,750.0,4.34
RMP2,2018-04-30,800.0,4.24
RMP2,2018-04-30,850.0,4.3
RMP2,2018-04-30,900.0,4.48
RMP2,2018-04-30,950.0,4.28
RMP2,2018-04-30,1000.0,4.47
RMP2,2018-04-30,1050.0,4.54
RMP2,2018-04-30,1100.0,4.7
RMP2,2018-04-30,1150.0,5.15
RMP2,2018-04-30,1200.0,5.32
RMP2,2018-04-30,1250.0,5.48
RMP2,2018-04-30,1300.0,5.22
RMP2,2018-04-30,1350.0,4.94
RMP2,2018-04-30,1400.0,4.7
RMP2,2018-04-30,1450.0,4.8
RMP2,2018-04-30,1500.0,4.86
RMP2,2018-04-30,1550.0,4.7
RMP2,2018-04-30,1600.0,4.48
RMP2,2018-04-30,1650.0,4.5
RMP2,2018-04-30,1700.0,4.28
RMP2,2018-04-30,1750.0,4.55
RMP2,2018-04-30,1800.0,3.8
RMP2,2018-04-30,1850.0,3.7
RMP2,2018-04-30,1900.0,3.8
RMP2,2018-04-30,1950.0,3.55
RMP2,2018-04-30,2000.0,3.44
RMP2,2018-04-30,2050.0,3.5
RMP2,2018-04-30,2100.0,3.86
RMP2,2018-04-30,2150.0,4.16
RMP2,2018-04-30,2200.0,4.36
RMP2,2018-04-30,2250.0,4.39
RMP2,2018-04-30,2300.0,4.5
RMP2,2018-04-30,2350.0,4.56
RMP2,2018-04-30,2400.0,4.5
RMP2,2018-04-30,2450.0,4.08
RMP2,2018-04-30,2500.0,3.7
RMP2,2018-04-30,2550.0,3.64
RMP2,2018-04-30,2600.0,3.8
RMP2,2018-04-30,2650.0,3.9
RMP2,2018-04-30,2700.0,3.8
RMP2,2018-04-30,2750.0,3.5
RMP2,2018-04-30,2800.0,3.77
RMP2,2018-04-30,2850.0,3.66
RMP2,2018-04-30,2900.0,3.75
RMP2,2018-04-30,2950.0,3.68
RMP2,2018-04-30,3000.0,3.5
RMP2,2018-04-30,3046.0,3.24
RMP2,2018-04-30,3050.0,2.8
RMP2,2018-04-30,3090.0,1.8
RMP2,2018-04-30,3140.0,0.1
RMP2,2018-04-30,3190.0,-0.9
RMP2,2018-04-30,3240.0,-2.9
RMP2,2018-04-30,3280.0,-6.0
RMP2,2018-04-30,3330.0,-7.4
RMP2,2018-04-30,3380.0,-8.5
RMP2,2018-04-30,3430.0,-7.7
RMP2,2018-04-30,3470.0,-8.0
RMP2,2018-04-30,3520.0,-9.0
RMP2,2018-04-30,3570.0,-9.7
RMP2,2018-04-30,3620.0,-11.1
RMP2,2018-04-30,3660.0,-10.9
RMP2,2018-04-30,3710.0,-11.6
RMP2,2018-04-30,3760.0,-11.4
RMP2,2018-04-30,3810.0,-11.2
RMP2,2018-04-30,3850.0,-11.1
RMP2,2018-04-30,3900.0,-10.9
RMP2,2018-04-30,3950.0,-11.3
RMP2,2018-04-30,4000.0,-10.8
RMP2,2018-04-30,4040.0,-11.25
RMP2,2018-04-30,4090.0,-11.1
RMP2,2018-04-30,4140.0,-11.6
RMP2,2018-04-30,4190.0,-10.9
RMP2,2018-04-30,4240.0,-10.6
RMP2,2018-04-30,4280.0,-9.6
RMP2,2018-04-30,4330.0,-10.9
RMP2,2018-04-30,4380.0,-9.7
RMP2,2018-04-30,4420.0,-10.8
RMP2,2018-04-30,4470.0,-11.2
RMP2,2018-04-30,4520.0,-12.7
RMP2,2018-04-30,4570.0,-13.2
RMP2,2018-04-30,4620.0,-12.1
RMP2,2018-04-30,4660.0,-13.3
RMP2,2018-04-30,4710.0,-12.7
RMP2,2018-04-30,4760.0,-11.4
RMP2,2018-04-30,4800.0,-11.8
RMP2,2018-04-30,4850.0,-12.25
RMP2,2018-04-30,4900.0,-10.5
RMP2,2018-04-30,4950.0,-10.0
RMP2,2018-04-30,4990.0,-8.9
RMP2,2018-04-30,5040.0,-7.7
RMP2,2018-04-30,5090.0,-8.4
RMP2,2018-04-30,5140.0,-6.6
RMP2,2018-04-30,5180.0,-6.8
RMP2,2018-04-30,5230.0,-5.9
RMP2,2018-04-30,5280.0,-4.7
RMP2,2018-04-30,5330.0,-3.26
RMP2,2018-04-30,5370.0,-3.0
RMP2,2018-04-30,5420.0,-3.0
RMP2,2018-04-30,5470.0,-1.9
RMP2,2018-04-30,5520.0,-1.3
RMP2,2018-04-30,5560.0,-1.4
RMP2,2018-04-30,5610.0,-0.2
RMP2,2018-04-30,5660.0,0.1
RMP2,2018-04-30,5700.0,-0.25
RMP2,2018-04-30,5750.0,-0.1
RMP2,2018-04-30,5800.0,0.0
RMP2,2018-04-30,5850.0,0.3
RMP2,2018-04-30,5890.0,-1.1
RMP2,2018-04-30,5940.0,-0.8
RMP2,2018-04-30,5990.0,0.3
RMP2,2018-04-30,6040.0,-0.3
RMP2,2018-04-30,6080.0,-2.6
RMP2,2018-04-30,6130.0,-3.7
RMP2,2018-04-30,6180.0,-4.4
RMP2,2018-04-30,6230.0,-1.7
RMP2,2018-04-30,6280.0,-3.5
RMP2,2018-04-30,6320.0,-1.3
RMP2,2018-04-30,6370.0,-0.1
RMP2,2018-04-30,6420.0,-0.2
RMP2,2018-04-30,6470.0,0.1
RMP2,2018-04-30,6510.0,0.2
RMP2,2018-04-30,6560.0,0.4
RMP2,2018-04-30,6610.0,0.7
RMP2,2018-04-30,6660.0,0.75
RMP2,2018-04-30,6700.0,0.9
RMP2,2018-04-30,6750.0,1.1
RMP2,2018-04-30,6800.0,1.5
RMP2,2018-04-30,6850.0,1.3
RMP2,2018-04-30,6900.0,1.8
RMP2,2018-04-30,6940.0,2.0
RMP2,2018-04-30,6990.0,1.8
RMP2,2018-04-30,7040.0,2.0
RMP2,2018-04-30,7086.0,2.8
RMP2,2018-04-30,7090.0,4.36
RMP2,2018-04-30,7100.0,4.26
RMP2,2018-04-30,7150.0,4.4
RMP2,2018-04-30,7200.0,4.5
RMP2,2018-04-30,7250.0,4.28
RMP2,2018-04-30,7300.0,4.18
RMP2,2018-04-30,7350.0,4.28
RMP2,2018-04-30,7400.0,3.6
RMP2,2018-04-30,7450.0,3.29
RMP2,2018-04-30,7500.0,3.03
RMP2,2018-04-30,7550.0,2.96
RMP2,2018-04-30,7600.0,2.8
RMP2,2018-04-30,7650.0,3.3
RMP2,2018-04-30,7700.0,3.7
RMP2,2018-04-30,7750.0,5.25
RMP2,2018-04-30,7800.0,5.7
RMP2,2018-04-30,7840.0,6.16
RMP2,2018-04-30,7850.0,6.08
RMP2,2018-04-30,7900.0,6.15
RMP2,2018-04-30,7930.0,6.16
RMP2,2018-04-30,7960.0,6.08
RMP2,2018-04-30,7994.0,6.43
RMP2,2018-04-30,7994.0,6.6
RMP2,2019-04-26,0.0,4.84
RMP2,2019-04-26,0.0,4.66
RMP2,2019-04-26,30.0,4.5
RMP2,2019-04-26,60.0,5.2
RMP2,2019-04-26,100.0,5.44
RMP2,2019-04-26,150.0,5.66
RMP2,2019-04-26,170.0,5.84
RMP2,2019-04-26,175.0,6.08
RMP2,2019-04-26,175.0,6.51
RMP2,2019-04-26,177.0,7.0
RMP2,2019-04-26,180.0,7.0
RMP2,2019-04-26,184.0,6.6
RMP2,2019-04-26,200.0,5.7
RMP2,2019-04-26,230.0,4.86
RMP2,2019-04-26,240.0,4.76
RMP2,2019-04-26,244.0,2.96
RMP2,2019-04-26,265.0,1.96
RMP2,2019-04-26,284.0,1.06
RMP2,2019-04-26,304.0,0.36
RMP2,2019-04-26,324.0,-0.24
RMP2,2019-04-26,344.0,-1.44
RMP2,2019-04-26,364.0,-2.54
RMP2,2019-04-26,384.0,-2.64
RMP2,2019-04-26,404.0,-1.44
RMP2,2019-04-26,424.0,-1.24
RMP2,2019-04-26,444.0,-0.64
RMP2,2019-04-26,464.0,-0.24
RMP2,2019-04-26,484.0,0.16
RMP2,2019-04-26,504.0,0.76
RMP2,2019-04-26,530.0,1.86
RMP2,2019-04-26,545.0,2.96
RMP2,2019-04-26,550.0,5.68
RMP2,2019-04-26,600.0,5.42
RMP2,2019-04-26,650.0,5.5
RMP2,2019-04-26,700.0,5.26
RMP2,2019-04-26,750.0,5.06
RMP2,2019-04-26,800.0,4.62
RMP2,2019-04-26,860.0,4.55
RMP2,2019-04-26,920.0,4.66
RMP2,2019-04-26,980.0,4.77
RMP2,2019-04-26,1040.0,4.48
RMP2,2019-04-26,1100.0,4.86
RMP2,2019-04-26,1160.0,5.26
RMP2,2019-04-26,1220.0,5.45
RMP2,2019-04-26,1280.0,5.48
RMP2,2019-04-26,1340.0,5.18
RMP2,2019-04-26,1400.0,4.79
RMP2,2019-04-26,1460.0,4.9
RMP2,2019-04-26,1520.0,4.84
RMP2,2019-04-26,1580.0,4.5
RMP2,2019-04-26,1640.0,4.66
RMP2,2019-04-26,1700.0,4.36
RMP2,2019-04-26,1760.0,4.62
RMP2,2019-04-26,1820.0,4.26
RMP2,2019-04-26,1880.0,3.69
RMP2,2019-04-26,1940.0,3.45
RMP2,2019-04-26,2000.0,3.38
RMP2,2019-04-26,2060.0,4.5
RMP2,2019-04-26,2120.0,4.28
RMP2,2019-04-26,2180.0,4.45
RMP2,2019-04-26,2240.0,4.55
RMP2,2019-04-26,2300.0,4.65
RMP2,2019-04-26,2360.0,4.72
RMP2,2019-04-26,2420.0,4.36
RMP2,2019-04-26,2480.0,3.82
RMP2,2019-04-26,2540.0,3.48
RMP2,2019-04-26,2570.0,4.6
RMP2,2019-04-26,2600.0,4.46
RMP2,2019-04-26,2615.0,4.86
RMP2,2019-04-26,2618.0,2.95
RMP2,2019-04-26,2650.0,2.05
RMP2,2019-04-26,2680.0,1.75
RMP2,2019-04-26,2710.0,0.95
RMP2,2019-04-26,2744.0,-0.35
RMP2,2019-04-26,2775.0,-1.55
RMP2,2019-04-26,2808.0,-2.55
RMP2,2019-04-26,2840.0,-4.05
RMP2,2019-04-26,2870.0,-5.55
RMP2,2019-04-26,2904.0,-7.05
RMP2,2019-04-26,2935.0,-8.95
RMP2,2019-04-26,2966.0,-9.55
RMP2,2019-04-26,3000.0,-8.55
RMP2,2019-04-26,3030.0,-10.35
RMP2,2019-04-26,3060.0,-11.05
RMP2,2019-04-26,3090.0,-12.55
RMP2,2019-04-26,3126.0,-13.35
RMP2,2019-04-26,3155.0,-12.55
RMP2,2019-04-26,3190.0,-12.05
RMP2,2019-04-26,3220.0,-13.25
RMP2,2019-04-26,3250.0,-12.65
RMP2,2019-04-26,3280.0,-12.75
RMP2,2019-04-26,3320.0,-12.55
RMP2,2019-04-26,3350.0,-13.05
RMP2,2019-04-26,3378.0,-12.45
RMP2,2019-04-26,3410.0,-12.85
RMP2,2019-04-26,3440.0,-12.55
RMP2,2019-04-26,3470.0,-11.75
RMP2,2019-04-26,3500.0,-11.35
RMP2,2019-04-26,3540.0,-10.55
RMP2,2019-04-26,3570.0,-11.05
RMP2,2019-04-26,3600.0,-9.85
RMP2,2019-04-26,3630.0,-9.05
RMP2,2019-04-26,3660.0,-9.35
RMP2,2019-04-26,3695.0,-8.65
RMP2,2019-04-26,3725.0,-8.05
RMP2,2019-04-26,3760.0,-8.25
RMP2,2019-04-26,3800.0,-7.65
RMP2,2019-04-26,3820.0,-7.85
RMP2,2019-04-26,3850.0,-7.65
RMP2,2019-04-26,3880.0,-7.25
RMP2,2019-04-26,3920.0,-7.05
RMP2,2019-04-26,3950.0,-6.85
RMP2,2019-04-26,3980.0,-7.15
RMP2,2019-04-26,4010.0,-6.85
RMP2,2019-04-26,4044.0,-6.65
RMP2,2019-04-26,4070.0,-6.55
RMP2,2019-04-26,4105.0,-6.45
RMP2,2019-04-26,4140.0,-6.25
RMP2,2019-04-26,4170.0,-6.27
RMP2,2019-04-26,4200.0,-5.75
RMP2,2019-04-26,4235.0,-5.65
RMP2,2019-04-26,4266.0,-5.45
RMP2,2019-04-26,4295.0,-5.05
RMP2,2019-04-26,4330.0,-4.75
RMP2,2019-04-26,4360.0,-4.55
RMP2,2019-04-26,4390.0,-4.31
RMP2,2019-04-26,4425.0,-4.95
RMP2,2019-04-26,4455.0,-5.85
RMP2,2019-04-26,4490.0,-5.55
RMP2,2019-04-26,4520.0,-5.15
RMP2,2019-04-26,4550.0,-4.95
RMP2,2019-04-26,4580.0,-4.65
RMP2,2019-04-26,4615.0,-3.85
RMP2,2019-04-26,4646.0,-2.55
RMP2,2019-04-26,4680.0,-2.25
RMP2,2019-04-26,4710.0,-2.45
RMP2,2019-04-26,4740.0,-2.65
RMP2,2019-04-26,4770.0,-2.15
RMP2,2019-04-26,4805.0,-2.05
RMP2,2019-04-26,4837.0,-1.65
RMP2,2019-04-26,4870.0,-1.25
RMP2,2019-04-26,4900.0,-1.65
RMP2,2019-04-26,4930.0,-1.35
RMP2,2019-04-26,4960.0,-1.45
RMP2,2019-04-26,5000.0,-1.15
RMP2,2019-04-26,5028.0,-0.75
RMP2,2019-04-26,5060.0,-0.55
RMP2,2019-04-26,5090.0,-0.35
RMP2,2019-04-26,5122.0,-0.15
RMP2,2019-04-26,5154.0,0.15
RMP2,2019-04-26,5185.0,0.35
RMP2,2019-04-26,5220.0,0.15
RMP2,2019-04-26,5260.0,0.45
RMP2,2019-04-26,5280.0,0.75
RMP2,2019-04-26,5310.0,0.65
RMP2,2019-04-26,5345.0,0.95
RMP2,2019-04-26,5375.0,1.15
RMP2,2019-04-26,5407.0,1.25
RMP2,2019-04-26,5440.0,1.45
RMP2,2019-04-26,5470.0,1.65
RMP2,2019-04-26,5500.0,1.15
RMP2,2019-04-26,5515.0,1.55
RMP2,2019-04-26,5565.0,1.35
RMP2,2019-04-26,5595.0,1.25
RMP2,2019-04-26,5626.0,1.45
RMP2,2019-04-26,5657.0,1.1
RMP2,2019-04-26,5680.0,1.3
RMP2,2019-04-26,5720.0,1.55
RMP2,2019-04-26,5750.0,1.95
RMP2,2019-04-26,5785.0,2.25
RMP2,2019-04-26,5820.0,2.95
RMP2,2019-04-26,5824.0,3.58
RMP2,2019-04-26,5860.0,3.76
RMP2,2019-04-26,5920.0,4.04
RMP2,2019-04-26,5980.0,4.14
RMP2,2019-04-26,6040.0,4.28
RMP2,2019-04-26,6100.0,4.66
RMP2,2019-04-26,6160.0,4.35
RMP2,2019-04-26,6220.0,4.05
RMP2,2019-04-26,6280.0,4.44
RMP2,2019-04-26,6340.0,4.62
RMP2,2019-04-26,6400.0,4.39
RMP2,2019-04-26,6460.0,4.45
RMP2,2019-04-26,6520.0,4.76
RMP2,2019-04-26,6580.0,4.45
RMP2,2019-04-26,6640.0,4.5
RMP2,2019-04-26,6700.0,4.65
RMP2,2019-04-26,6760.0,4.7
RMP2,2019-04-26,6820.0,4.68
RMP2,2019-04-26,6880.0,4.82
RMP2,2019-04-26,6940.0,4.47
RMP2,2019-04-26,7000.0,4.66
RMP2,2019-04-26,7060.0,4.38
RMP2,2019-04-26,7120.0,4.14
RMP2,2019-04-26,7126.0,3.86
RMP2,2019-04-26,7130.0,2.98
RMP2,2019-04-26,7155.0,1.98
RMP2,2019-04-26,7180.0,1.48
RMP2,2019-04-26,7210.0,1.28
RMP2,2019-04-26,7240.0,0.78
RMP2,2019-04-26,7260.0,0.48
RMP2,2019-04-26,7290.0,0.18
RMP2,2019-04-26,7320.0,-0.42
RMP2,2019-04-26,7345.0,-1.32
RMP2,2019-04-26,7375.0,-1.42
RMP2,2019-04-26,7400.0,-0.72
RMP2,2019-04-26,7430.0,1.48
RMP2,2019-04-26,7460.0,2.08
RMP2,2019-04-26,7480.0,1.93
RMP2,2019-04-26,7510.0,1.28
RMP2,2019-04-26,7540.0,-0.22
RMP2,2019-04-26,7565.0,-1.72
RMP2,2019-04-26,7590.0,-2.02
RMP2,2019-04-26,7620.0,-2.62
RMP2,2019-04-26,7650.0,-3.02
RMP2,2019-04-26,7675.0,-3.22
RMP2,2019-04-26,7700.0,-2.72
RMP2,2019-04-26,7730.0,-1.02
RMP2,2019-04-26,7760.0,-1.52
RMP2,2019-04-26,7780.0,-0.22
RMP2,2019-04-26,7810.0,0.28
RMP2,2019-04-26,7840.0,1.28
RMP2,2019-04-26,7865.0,2.18
RMP2,2019-04-26,7890.0,2.38
RMP2,2019-04-26,7920.0,2.98
RMP2,2019-04-26,7925.0,4.4
RMP2,2019-04-26,7940.0,4.88
RMP2,2019-04-26,7970.0,5.89
RMP2,2019-04-26,8000.0,6.36
RMP2,2019-04-26,8040.0,6.12
RMP2,2019-04-26,8070.0,6.01
RMP2,2019-04-26,8100.0,5.5
RMP2,2019-04-26,8150.0,5.62
RMP2,2019-04-26,8200.0,5.35
RMP2,2019-04-26,8205.0,4.4
RMP2,2019-04-26,8210.0,3.0
RMP2,2019-04-26,8213.0,2.0
RMP2,2019-04-26,8217.0,1.7
RMP2,2019-04-26,8220.0,0.6
RMP2,2019-04-26,8224.0,-0.2
RMP2,2019-04-26,8228.0,-0.4
RMP2,2019-04-26,8231.0,-0.5
RMP2,2019-04-26,8235.0,-0.4
RMP2,2019-04-26,8240.0,0.4
RMP2,2019-04-26,8242.0,1.3
RMP2,2019-04-26,8246.0,2.3
RMP2,2019-04-26,8250.0,3.0
RMP2,2019-04-26,8255.0,5.6
RMP2,2019-04-26,8290.0,5.95
RMP2,2019-04-26,8300.0,6.16
RMP2,2019-04-26,8340.0,6.28
RMP2,2019-04-26,8370.0,6.35
RMP2,2019-04-26,8430.0,6.28
RMP2,2019-04-26,8480.0,5.57
RMP2,2019-04-26,8480.0,5.97
RMP2,2020-03-27,0.0,4.84
RMP2,2020-03-27,0.0,4.66
RMP2,2020-03-27,30.0,6.18
RMP2,2020-03-27,60.0,6.28
RMP2,2020-03-27,90.0,6.22
RMP2,2020-03-27,120.0,6.3
RMP2,2020-03-27,150.0,6.16
RMP2,2020-03-27,170.0,6.06
RMP2,2020-03-27,175.0,6.08
RMP2,2020-03-27,175.0,6.51
RMP2,2020-03-27,177.0,7.0
RMP2,2020-03-27,180.0,7.01
RMP2,2020-03-27,184.0,6.56
RMP2,2020-03-27,200.0,5.95
RMP2,2020-03-27,236.0,6.02
RMP2,2020-03-27,240.0,4.2
RMP2,2020-03-27,245.0,3.01
RMP2,2020-03-27,250.0,1.49
RMP2,2020-03-27,255.0,1.25
RMP2,2020-03-27,260.0,1.09
RMP2,2020-03-27,265.0,0.98
RMP2,2020-03-27,270.0,0.79
RMP2,2020-03-27,275.0,0.71
RMP2,2020-03-27,280.0,0.49
RMP2,2020-03-27,285.0,0.4
RMP2,2020-03-27,290.0,0.29
RMP2,2020-03-27,295.0,0.23
RMP2,2020-03-27,300.0,0.09
RMP2,2020-03-27,305.0,-0.01
RMP2,2020-03-27,310.0,-0.15
RMP2,2020-03-27,315.0,-0.31
RMP2,2020-03-27,320.0,-0.27
RMP2,2020-03-27,325.0,-0.43
RMP2,2020-03-27,330.0,-0.4
RMP2,2020-03-27,335.0,-0.41
RMP2,2020-03-27,340.0,-0.44
RMP2,2020-03-27,345.0,-0.47
RMP2,2020-03-27,350.0,-0.45
RMP2,2020-03-27,355.0,-0.53
RMP2,2020-03-27,360.0,-0.65
RMP2,2020-03-27,365.0,-0.77
RMP2,2020-03-27,370.0,-0.71
RMP2,2020-03-27,375.0,-0.54
RMP2,2020-03-27,380.0,-0.49
RMP2,2020-03-27,385.0,-0.45
RMP2,2020-03-27,390.0,-0.48
RMP2,2020-03-27,395.0,-0.51
RMP2,2020-03-27,400.0,-0.46
RMP2,2020-03-27,405.0,-0.39
RMP2,2020-03-27,410.0,-0.85
RMP2,2020-03-27,415.0,-1.27
RMP2,2020-03-27,420.0,-1.21
RMP2,2020-03-27,425.0,-1.07
RMP2,2020-03-27,430.0,-0.96
RMP2,2020-03-27,435.0,-0.63
RMP2,2020-03-27,440.0,-0.55
RMP2,2020-03-27,445.0,-0.47
RMP2,2020-03-27,450.0,-0.11
RMP2,2020-03-27,455.0,-0.02
RMP2,2020-03-27,460.0,0.09
RMP2,2020-03-27,465.0,0.13
RMP2,2020-03-27,470.0,0.19
RMP2,2020-03-27,475.0,0.22
RMP2,2020-03-27,480.0,0.29
RMP2,2020-03-27,485.0,0.4
RMP2,2020-03-27,490.0,0.59
RMP2,2020-03-27,495.0,0.54
RMP2,2020-03-27,500.0,0.48
RMP2,2020-03-27,505.0,0.29
RMP2,2020-03-27,510.0,0.19
RMP2,2020-03-27,515.0,0.35
RMP2,2020-03-27,520.0,0.49
RMP2,2020-03-27,525.0,0.63
RMP2,2020-03-27,530.0,0.79
RMP2,2020-03-27,535.0,1.09
RMP2,2020-03-27,540.0,1.49
RMP2,2020-03-27,545.0,2.7
RMP2,2020-03-27,550.0,4.4
RMP2,2020-03-27,560.0,5.7
RMP2,2020-03-27,600.0,5.52
RMP2,2020-03-27,640.0,5.56
RMP2,2020-03-27,670.0,5.46
RMP2,2020-03-27,700.0,5.38
RMP2,2020-03-27,730.0,5.15
RMP2,2020-03-27,770.0,5.26
RMP2,2020-03-27,800.0,4.44
RMP2,2020-03-27,840.0,4.55
RMP2,2020-03-27,880.0,4.66
RMP2,2020-03-27,920.0,4.74
RMP2,2020-03-27,950.0,4.7
RMP2,2020-03-27,980.0,4.68
RMP2,2020-03-27,1010.0,4.58
RMP2,2020-03-27,1040.0,4.55
RMP2,2020-03-27,1070.0,4.62
RMP2,2020-03-27,1100.0,4.76
RMP2,2020-03-27,1140.0,5.22
RMP2,2020-03-27,1170.0,5.12
RMP2,2020-03-27,1200.0,5.45
RMP2,2020-03-27,1240.0,4.84
RMP2,2020-03-27,1300.0,4.68
RMP2,2020-03-27,1340.0,4.76
RMP2,2020-03-27,1400.0,4.7
RMP2,2020-03-27,1440.0,4.55
RMP2,2020-03-27,1470.0,4.68
RMP2,2020-03-27,1500.0,4.7
RMP2,2020-03-27,1530.0,4.58
RMP2,2020-03-27,1570.0,4.46
RMP2,2020-03-27,1600.0,4.55
RMP2,2020-03-27,1640.0,4.38
RMP2,2020-03-27,1680.0,4.48
RMP2,2020-03-27,1720.0,4.56
RMP2,2020-03-27,1750.0,4.36
RMP2,2020-03-27,1800.0,4.56
RMP2,2020-03-27,1830.0,4.46
RMP2,2020-03-27,1860.0,4.02
RMP2,2020-03-27,1900.0,3.55
RMP2,2020-03-27,1930.0,3.36
RMP2,2020-03-27,1970.0,3.65
RMP2,2020-03-27,2000.0,3.44
RMP2,2020-03-27,2030.0,4.28
RMP2,2020-03-27,2070.0,4.42
RMP2,2020-03-27,2100.0,4.36
RMP2,2020-03-27,2130.0,4.29
RMP2,2020-03-27,2135.0,3.07
RMP2,2020-03-27,2140.0,2.7
RMP2,2020-03-27,2145.0,2.01
RMP2,2020-03-27,2150.0,1.5
RMP2,2020-03-27,2155.0,0.3
RMP2,2020-03-27,2160.0,-0.6
RMP2,2020-03-27,2165.0,-0.94
RMP2,2020-03-27,2170.0,-1.32
RMP2,2020-03-27,2175.0,-1.76
RMP2,2020-03-27,2180.0,-2.2
RMP2,2020-03-27,2185.0,-2.35
RMP2,2020-03-27,2190.0,-2.46
RMP2,2020-03-27,2195.0,-2.51
RMP2,2020-03-27,2200.0,-2.55
RMP2,2020-03-27,2205.0,-2.6
RMP2,2020-03-27,2210.0,-2.76
RMP2,2020-03-27,2215.0,-2.98
RMP2,2020-03-27,2220.0,-3.26
RMP2,2020-03-27,2225.0,-3.74
RMP2,2020-03-27,2230.0,-4.0
RMP2,2020-03-27,2235.0,-4.32
RMP2,2020-03-27,2240.0,-5.29
RMP2,2020-03-27,2245.0,-5.53
RMP2,2020-03-27,2250.0,-5.94
RMP2,2020-03-27,2255.0,-6.33
RMP2,2020-03-27,2260.0,-6.42
RMP2,2020-03-27,2265.0,-6.52
RMP2,2020-03-27,2270.0,-6.64
RMP2,2020-03-27,2275.0,-6.78
RMP2,2020-03-27,2280.0,-6.86
RMP2,2020-03-27,2285.0,-6.98
RMP2,2020-03-27,2290.0,-7.09
RMP2,2020-03-27,2295.0,-7.13
RMP2,2020-03-27,2300.0,-7.2
RMP2,2020-03-27,2305.0,-6.82
RMP2,2020-03-27,2310.0,-6.54
RMP2,2020-03-27,2315.0,-6.14
RMP2,2020-03-27,2320.0,-5.82
RMP2,2020-03-27,2325.0,-5.57
RMP2,2020-03-27,2330.0,-5.68
RMP2,2020-03-27,2335.0,-5.82
RMP2,2020-03-27,2340.0,-5.96
RMP2,2020-03-27,2345.0,-6.01
RMP2,2020-03-27,2350.0,-6.1
RMP2,2020-03-27,2355.0,-6.45
RMP2,2020-03-27,2360.0,-6.66
RMP2,2020-03-27,2365.0,-6.92
RMP2,2020-03-27,2370.0,-7.3
RMP2,2020-03-27,2375.0,-7.44
RMP2,2020-03-27,2380.0,-7.51
RMP2,2020-03-27,2385.0,-7.6
RMP2,2020-03-27,2390.0,-7.66
RMP2,2020-03-27,2395.0,-7.7
RMP2,2020-03-27,2400.0,-7.74
RMP2,2020-03-27,2405.0,-7.78
RMP2,2020-03-27,2410.0,-7.82
RMP2,2020-03-27,2415.0,-7.84
RMP2,2020-03-27,2420.0,-7.9
RMP2,2020-03-27,2425.0,-8.12
RMP2,2020-03-27,2430.0,-8.28
RMP2,2020-03-27,2435.0,-8.34
RMP2,2020-03-27,2440.0,-8.6
RMP2,2020-03-27,2445.0,-8.93
RMP2,2020-03-27,2450.0,-9.12
RMP2,2020-03-27,2455.0,-9.48
RMP2,2020-03-27,2460.0,-9.74
RMP2,2020-03-27,2465.0,-9.92
RMP2,2020-03-27,2470.0,-9.98
RMP2,2020-03-27,2475.0,-10.02
RMP2,2020-03-27,2480.0,-10.07
RMP2,2020-03-27,2485.0,-10.1
RMP2,2020-03-27,2490.0,-10.16
RMP2,2020-03-27,2495.0,-10.34
RMP2,2020-03-27,2500.0,-10.46
RMP2,2020-03-27,2505.0,-10.52
RMP2,2020-03-27,2510.0,-10.67
RMP2,2020-03-27,2515.0,-10.78
RMP2,2020-03-27,2520.0,-10.92
RMP2,2020-03-27,2525.0,-11.07
RMP2,2020-03-27,2530.0,-11.18
RMP2,2020-03-27,2535.0,-11.3
RMP2,2020-03-27,2540.0,-11.12
RMP2,2020-03-27,2545.0,-10.91
RMP2,2020-03-27,2550.0,-10.73
RMP2,2020-03-27,2555.0,-10.6
RMP2,2020-03-27,2560.0,-10.44
RMP2,2020-03-27,2565.0,-10.51
RMP2,2020-03-27,2570.0,-10.74
RMP2,2020-03-27,2575.0,-10.92
RMP2,2020-03-27,2580.0,-11.05
RMP2,2020-03-27,2585.0,-11.12
RMP2,2020-03-27,2590.0,-11.28
RMP2,2020-03-27,2595.0,-11.33
RMP2,2020-03-27,2600.0,-11.4
RMP2,2020-03-27,2605.0,-11.46
RMP2,2020-03-27,2610.0,-11.51
RMP2,2020-03-27,2615.0,-11.56
RMP2,2020-03-27,2620.0,-11.58
RMP2,2020-03-27,2625.0,-11.6
RMP2,2020-03-27,2630.0,-11.63
RMP2,2020-03-27,2635.0,-12.34
RMP2,2020-03-27,2640.0,-12.12
RMP2,2020-03-27,2645.0,-11.8
RMP2,2020-03-27,2650.0,-11.49
RMP2,2020-03-27,2655.0,-11.5
RMP2,2020-03-27,2660.0,-11.54
RMP2,2020-03-27,2665.0,-11.56
RMP2,2020-03-27,2670.0,-11.52
RMP2,2020-03-27,2675.0,-11.5
RMP2,2020-03-27,2680.0,-11.48
RMP2,2020-03-27,2685.0,-11.54
RMP2,2020-03-27,2690.0,-11.76
RMP2,2020-03-27,2695.0,-11.98
RMP2,2020-03-27,2700.0,-12.16
RMP2,2020-03-27,2705.0,-12.18
RMP2,2020-03-27,2710.0,-12.21
RMP2,2020-03-27,2715.0,-12.2
RMP2,2020-03-27,2720.0,-12.22
RMP2,2020-03-27,2725.0,-12.24
RMP2,2020-03-27,2730.0,-12.26
RMP2,2020-03-27,2735.0,-12.29
RMP2,2020-03-27,2740.0,-12.27
RMP2,2020-03-27,2745.0,-12.28
RMP2,2020-03-27,2750.0,-12.3
RMP2,2020-03-27,2755.0,-12.32
RMP2,2020-03-27,2760.0,-12.34
RMP2,2020-03-27,2765.0,-12.32
RMP2,2020-03-27,2770.0,-12.35
RMP2,2020-03-27,2775.0,-12.26
RMP2,2020-03-27,2780.0,-12.14
RMP2,2020-03-27,2785.0,-12.11
RMP2,2020-03-27,2790.0,-12.04
RMP2,2020-03-27,2795.0,-12.0
RMP2,2020-03-27,2800.0,-11.82
RMP2,2020-03-27,2805.0,-11.56
RMP2,2020-03-27,2810.0,-11.37
RMP2,2020-03-27,2815.0,-12.14
RMP2,2020-03-27,2820.0,-11.05
RMP2,2020-03-27,2825.0,-10.92
RMP2,2020-03-27,2830.0,-10.84
RMP2,2020-03-27,2835.0,-10.76
RMP2,2020-03-27,2840.0,-10.57
RMP2,2020-03-27,2845.0,-10.48
RMP2,2020-03-27,2850.0,-10.36
RMP2,2020-03-27,2855.0,-10.27
RMP2,2020-03-27,2860.0,-10.2
RMP2,2020-03-27,2865.0,-10.11
RMP2,2020-03-27,2870.0,-9.93
RMP2,2020-03-27,2875.0,-9.71
RMP2,2020-03-27,2880.0,-9.6
RMP2,2020-03-27,2885.0,-9.49
RMP2,2020-03-27,2890.0,-9.4
RMP2,2020-03-27,2895.0,-9.12
RMP2,2020-03-27,2900.0,-9.04
RMP2,2020-03-27,2905.0,-9.01
RMP2,2020-03-27,2910.0,-8.98
RMP2,2020-03-27,2915.0,-8.84
RMP2,2020-03-27,2920.0,-8.78
RMP2,2020-03-27,2925.0,-8.67
RMP2,2020-03-27,2930.0,-8.56
RMP2,2020-03-27,2935.0,-8.5
RMP2,2020-03-27,2940.0,-8.44
RMP2,2020-03-27,2945.0,-8.32
RMP2,2020-03-27,2950.0,-8.26
RMP2,2020-03-27,2955.0,-7.98
RMP2,2020-03-27,2960.0,-7.86
RMP2,2020-03-27,2965.0,-7.78
RMP2,2020-03-27,2970.0,-7.71
RMP2,2020-03-27,2975.0,-7.64
RMP2,2020-03-27,2980.0,-7.61
RMP2,2020-03-27,2985.0,-7.56
RMP2,2020-03-27,2990.0,-7.5
RMP2,2020-03-27,2995.0,-7.47
RMP2,2020-03-27,3000.0,-7.44
RMP2,2020-03-27,3005.0,-7.32
RMP2,2020-03-27,3010.0,-7.21
RMP2,2020-03-27,3015.0,-7.14
RMP2,2020-03-27,3020.0,-7.03
RMP2,2020-03-27,3025.0,-6.96
RMP2,2020-03-27,3030.0,-6.82
RMP2,2020-03-27,3035.0,-6.64
RMP2,2020-03-27,3040.0,-6.57
RMP2,2020-03-27,3045.0,-6.33
RMP2,2020-03-27,3050.0,-6.2
RMP2,2020-03-27,3055.0,-6.14
RMP2,2020-03-27,3060.0,-6.02
RMP2,2020-03-27,3065.0,-5.88
RMP2,2020-03-27,3070.0,-5.76
RMP2,2020-03-27,3075.0,-5.64
RMP2,2020-03-27,3080.0,-5.57
RMP2,2020-03-27,3085.0,-5.46
RMP2,2020-03-27,3090.0,-5.34
RMP2,2020-03-27,3095.0,-5.23
RMP2,2020-03-27,3100.0,-5.1
RMP2,2020-03-27,3105.0,-5.01
RMP2,2020-03-27,3110.0,-4.98
RMP2,2020-03-27,3115.0,-4.92
RMP2,2020-03-27,3120.0,-4.8
RMP2,2020-03-27,3125.0,-5.04
RMP2,2020-03-27,3130.0,-5.37
RMP2,2020-03-27,3135.0,-5.51
RMP2,2020-03-27,3140.0,-5.74
RMP2,2020-03-27,3145.0,-5.96
RMP2,2020-03-27,3150.0,-6.16
RMP2,2020-03-27,3155.0,-6.28
RMP2,2020-03-27,3160.0,-6.32
RMP2,2020-03-27,3165.0,-6.36
RMP2,2020-03-27,3170.0,-6.4
RMP2,2020-03-27,3175.0,-6.5
RMP2,2020-03-27,3180.0,-6.54
RMP2,2020-03-27,3185.0,-6.66
RMP2,2020-03-27,3190.0,-6.7
RMP2,2020-03-27,3195.0,-6.78
RMP2,2020-03-27,3200.0,-6.84
RMP2,2020-03-27,3205.0,-6.88
RMP2,2020-03-27,3210.0,-6.89
RMP2,2020-03-27,3215.0,-6.9
RMP2,2020-03-27,3220.0,-6.92
RMP2,2020-03-27,3225.0,-7.12
RMP2,2020-03-27,3230.0,-7.21
RMP2,2020-03-27,3235.0,-7.34
RMP2,2020-03-27,3240.0,-7.42
RMP2,2020-03-27,3245.0,-7.37
RMP2,2020-03-27,3250.0,-7.26
RMP2,2020-03-27,3255.0,-7.17
RMP2,2020-03-27,3260.0,-7.1
RMP2,2020-03-27,3265.0,-7.26
RMP2,2020-03-27,3270.0,-7.44
RMP2,2020-03-27,3275.0,-7.49
RMP2,2020-03-27,3280.0,-7.6
RMP2,2020-03-27,3285.0,-7.74
RMP2,2020-03-27,3290.0,-7.9
RMP2,2020-03-27,3295.0,-8.12
RMP2,2020-03-27,3300.0,-8.34
RMP2,2020-03-27,3305.0,-8.46
RMP2,2020-03-27,3310.0,-8.56
RMP2,2020-03-27,3315.0,-8.28
RMP2,2020-03-27,3320.0,-8.14
RMP2,2020-03-27,3325.0,-7.62
RMP2,2020-03-27,3330.0,-8.38
RMP2,2020-03-27,3335.0,-7.06
RMP2,2020-03-27,3340.0,-6.9
RMP2,2020-03-27,3345.0,-6.62
RMP2,2020-03-27,3350.0,-6.51
RMP2,2020-03-27,3355.0,-6.28
RMP2,2020-03-27,3360.0,-6.1
RMP2,2020-03-27,3365.0,-6.14
RMP2,2020-03-27,3370.0,-6.2
RMP2,2020-03-27,3375.0,-6.36
RMP2,2020-03-27,3380.0,-6.42
RMP2,2020-03-27,3385.0,-6.48
RMP2,2020-03-27,3390.0,-6.54
RMP2,2020-03-27,3395.0,-6.58
RMP2,2020-03-27,3400.0,-6.62
RMP2,2020-03-27,3405.0,-6.7
RMP2,2020-03-27,3410.0,-6.82
RMP2,2020-03-27,3415.0,-7.04
RMP2,2020-03-27,3420.0,-7.18
RMP2,2020-03-27,3425.0,-7.29
RMP2,2020-03-27,3430.0,-7.5
RMP2,2020-03-27,3435.0,-7.38
RMP2,2020-03-27,3440.0,-7.32
RMP2,2020-03-27,3445.0,-7.26
RMP2,2020-03-27,3450.0,-7.24
RMP2,2020-03-27,3455.0,-7.2
RMP2,2020-03-27,3460.0,-7.12
RMP2,2020-03-27,3465.0,-7.04
RMP2,2020-03-27,3470.0,-6.97
RMP2,2020-03-27,3475.0,-6.92
RMP2,2020-03-27,3480.0,-6.85
RMP2,2020-03-27,3485.0,-6.65
RMP2,2020-03-27,3490.0,-6.55
RMP2,2020-03-27,3495.0,-6.42
RMP2,2020-03-27,3500.0,-6.35
RMP2,2020-03-27,3505.0,-6.42
RMP2,2020-03-27,3510.0,-6.5
RMP2,2020-03-27,3515.0,-6.6
RMP2,2020-03-27,3520.0,-6.65
RMP2,2020-03-27,3525.0,-6.56
RMP2,2020-03-27,3530.0,-6.5
RMP2,2020-03-27,3535.0,-6.34
RMP2,2020-03-27,3540.0,-6.22
RMP2,2020-03-27,3545.0,-5.18
RMP2,2020-03-27,3550.0,-6.14
RMP2,2020-03-27,3555.0,-6.22
RMP2,2020-03-27,3560.0,-6.34
RMP2,2020-03-27,3565.0,-6.52
RMP2,2020-03-27,3570.0,-6.78
RMP2,2020-03-27,3575.0,-6.96
RMP2,2020-03-27,3580.0,-7.22
RMP2,2020-03-27,3585.0,-7.53
RMP2,2020-03-27,3590.0,-7.94
RMP2,2020-03-27,3595.0,-7.82
RMP2,2020-03-27,3600.0,-7.61
RMP2,2020-03-27,3605.0,-7.5
RMP2,2020-03-27,3610.0,-7.44
RMP2,2020-03-27,3615.0,-7.32
RMP2,2020-03-27,3620.0,-7.2
RMP2,2020-03-27,3625.0,-6.86
RMP2,2020-03-27,3630.0,-6.52
RMP2,2020-03-27,3635.0,-6.33
RMP2,2020-03-27,3640.0,-6.1
RMP2,2020-03-27,3645.0,-6.04
RMP2,2020-03-27,3650.0,-5.93
RMP2,2020-03-27,3655.0,-5.82
RMP2,2020-03-27,3660.0,-5.71
RMP2,2020-03-27,3665.0,-5.59
RMP2,2020-03-27,3670.0,-5.46
RMP2,2020-03-27,3675.0,-5.48
RMP2,2020-03-27,3680.0,-5.5
RMP2,2020-03-27,3685.0,-5.48
RMP2,2020-03-27,3690.0,-5.51
RMP2,2020-03-27,3695.0,-5.7
RMP2,2020-03-27,3700.0,-5.79
RMP2,2020-03-27,3705.0,-5.92
RMP2,2020-03-27,3710.0,-6.05
RMP2,2020-03-27,3715.0,-6.18
RMP2,2020-03-27,3720.0,-6.32
RMP2,2020-03-27,3725.0,-6.39
RMP2,2020-03-27,3730.0,-6.48
RMP2,2020-03-27,3735.0,-6.63
RMP2,2020-03-27,3740.0,-6.7
RMP2,2020-03-27,3745.0,-6.51
RMP2,2020-03-27,3750.0,-6.46
RMP2,2020-03-27,3755.0,-6.38
RMP2,2020-03-27,3760.0,-6.3
RMP2,2020-03-27,3765.0,-5.72
RMP2,2020-03-27,3770.0,-5.38
RMP2,2020-03-27,3775.0,-5.18
RMP2,2020-03-27,3780.0,-4.8
RMP2,2020-03-27,3785.0,-4.53
RMP2,2020-03-27,3790.0,-4.44
RMP2,2020-03-27,3795.0,-4.32
RMP2,2020-03-27,3800.0,-4.17
RMP2,2020-03-27,3805.0,-4.0
RMP2,2020-03-27,3810.0,-3.9
RMP2,2020-03-27,3815.0,-3.82
RMP2,2020-03-27,3820.0,-3.74
RMP2,2020-03-27,3825.0,-3.62
RMP2,2020-03-27,3830.0,-3.55
RMP2,2020-03-27,3835.0,-3.5
RMP2,2020-03-27,3840.0,-3.48
RMP2,2020-03-27,3845.0,-3.46
RMP2,2020-03-27,3850.0,-3.4
RMP2,2020-03-27,3855.0,-3.32
RMP2,2020-03-27,3860.0,-3.23
RMP2,2020-03-27,3865.0,-3.11
RMP2,2020-03-27,3870.0,-3.02
RMP2,2020-03-27,3875.0,-2.96
RMP2,2020-03-27,3880.0,-2.88
RMP2,2020-03-27,3885.0,-2.67
RMP2,2020-03-27,3890.0,-2.52
RMP2,2020-03-27,3895.0,-2.37
RMP2,2020-03-27,3900.0,-2.2
RMP2,2020-03-27,3905.0,-2.16
RMP2,2020-03-27,3910.0,-2.04
RMP2,2020-03-27,3915.0,-1.98
RMP2,2020-03-27,3920.0,-1.92
RMP2,2020-03-27,3925.0,-1.87
RMP2,2020-03-27,3930.0,-1.82
RMP2,2020-03-27,3935.0,-1.78
RMP2,2020-03-27,3940.0,-1.69
RMP2,2020-03-27,3945.0,-1.67
RMP2,2020-03-27,3950.0,-1.66
RMP2,2020-03-27,3955.0,-1.84
RMP2,2020-03-27,3960.0,-2.18
RMP2,2020-03-27,3965.0,-2.42
RMP2,2020-03-27,3970.0,-2.64
RMP2,2020-03-27,3975.0,-2.69
RMP2,2020-03-27,3980.0,-2.74
RMP2,2020-03-27,3985.0,-2.81
RMP2,2020-03-27,3990.0,-2.83
RMP2,2020-03-27,3995.0,-2.63
RMP2,2020-03-27,4000.0,-2.52
RMP2,2020-03-27,4005.0,-2.44
RMP2,2020-03-27,4010.0,-2.32
RMP2,2020-03-27,4015.0,-2.21
RMP2,2020-03-27,4020.0,-2.16
RMP2,2020-03-27,4025.0,-2.28
RMP2,2020-03-27,4030.0,-2.34
RMP2,2020-03-27,4035.0,-2.52
RMP2,2020-03-27,4040.0,-2.78
RMP2,2020-03-27,4045.0,-2.89
RMP2,2020-03-27,4050.0,-3.14
RMP2,2020-03-27,4055.0,-3.28
RMP2,2020-03-27,4060.0,-3.42
RMP2,2020-03-27,4065.0,-3.63
RMP2,2020-03-27,4070.0,-3.8
RMP2,2020-03-27,4075.0,-3.74
RMP2,2020-03-27,4080.0,-3.68
RMP2,2020-03-27,4085.0,-3.62
RMP2,2020-03-27,4090.0,-3.56
RMP2,2020-03-27,4095.0,-3.54
RMP2,2020-03-27,4100.0,-3.53
RMP2,2020-03-27,4105.0,-3.51
RMP2,2020-03-27,4110.0,-3.51
RMP2,2020-03-27,4115.0,-3.46
RMP2,2020-03-27,4120.0,-3.39
RMP2,2020-03-27,4125.0,-3.41
RMP2,2020-03-27,4130.0,-3.38
RMP2,2020-03-27,4135.0,-3.36
RMP2,2020-03-27,4140.0,-3.4
RMP2,2020-03-27,4145.0,-3.44
RMP2,2020-03-27,4150.0,-3.48
RMP2,2020-03-27,4155.0,-3.56
RMP2,2020-03-27,4160.0,-3.62
RMP2,2020-03-27,4165.0,-3.5
RMP2,2020-03-27,4170.0,-3.36
RMP2,2020-03-27,4175.0,-3.14
RMP2,2020-03-27,4180.0,-3.16
RMP2,2020-03-27,4185.0,-2.82
RMP2,2020-03-27,4190.0,-2.51
RMP2,2020-03-27,4195.0,-2.42
RMP2,2020-03-27,4200.0,-2.34
RMP2,2020-03-27,4205.0,-2.32
RMP2,2020-03-27,4210.0,-2.3
RMP2,2020-03-27,4215.0,-2.14
RMP2,2020-03-27,4220.0,-2.02
RMP2,2020-03-27,4225.0,-1.86
RMP2,2020-03-27,4230.0,-1.53
RMP2,2020-03-27,4235.0,-1.5
RMP2,2020-03-27,4240.0,-1.48
RMP2,2020-03-27,4245.0,-1.46
RMP2,2020-03-27,4250.0,-1.44
RMP2,2020-03-27,4255.0,-1.32
RMP2,2020-03-27,4260.0,-1.26
RMP2,2020-03-27,4265.0,-1.13
RMP2,2020-03-27,4270.0,-1.1
RMP2,2020-03-27,4275.0,-1.08
RMP2,2020-03-27,4280.0,-1.04
RMP2,2020-03-27,4285.0,-1.18
RMP2,2020-03-27,4290.0,-1.23
RMP2,2020-03-27,4295.0,-1.44
RMP2,2020-03-27,4300.0,-1.76
RMP2,2020-03-27,4305.0,-2.14
RMP2,2020-03-27,4310.0,-2.15
RMP2,2020-03-27,4315.0,-2.17
RMP2,2020-03-27,4320.0,-2.15
RMP2,2020-03-27,4325.0,-2.12
RMP2,2020-03-27,4330.0,-2.1
RMP2,2020-03-27,4335.0,-1.98
RMP2,2020-03-27,4340.0,-1.82
RMP2,2020-03-27,4345.0,-1.64
RMP2,2020-03-27,4350.0,-1.48
RMP2,2020-03-27,4355.0,-1.32
RMP2,2020-03-27,4360.0,-1.26
RMP2,2020-03-27,4365.0,-1.14
RMP2,2020-03-27,4370.0,-1.07
RMP2,2020-03-27,4375.0,-0.92
RMP2,2020-03-27,4380.0,-0.81
RMP2,2020-03-27,4385.0,-0.79
RMP2,2020-03-27,4390.0,-0.72
RMP2,2020-03-27,4395.0,-0.71
RMP2,2020-03-27,4400.0,-0.7
RMP2,2020-03-27,4405.0,-0.66
RMP2,2020-03-27,4410.0,-0.59
RMP2,2020-03-27,4415.0,-0.51
RMP2,2020-03-27,4420.0,-0.48
RMP2,2020-03-27,4425.0,-0.49
RMP2,2020-03-27,4430.0,-0.47
RMP2,2020-03-27,4435.0,-0.46
RMP2,2020-03-27,4440.0,-0.45
RMP2,2020-03-27,4445.0,-0.42
RMP2,2020-03-27,4450.0,-0.38
RMP2,2020-03-27,4455.0,-0.36
RMP2,2020-03-27,4460.0,-0.33
RMP2,2020-03-27,4465.0,-0.3
RMP2,2020-03-27,4470.0,-0.27
RMP2,2020-03-27,4475.0,-0.18
RMP2,2020-03-27,4480.0,-0.12
RMP2,2020-03-27,4485.0,-0.04
RMP2,2020-03-27,4490.0,0.0
RMP2,2020-03-27,4495.0,-0.18
RMP2,2020-03-27,4500.0,-0.32
RMP2,2020-03-27,4505.0,-0.44
RMP2,2020-03-27,4510.0,-0.7
RMP2,2020-03-27,4515.0,-0.72
RMP2,2020-03-27,4520.0,-0.78
RMP2,2020-03-27,4525.0,-0.8
RMP2,2020-03-27,4530.0,-0.81
RMP2,2020-03-27,4535.0,-0.82
RMP2,2020-03-27,4540.0,-0.85
RMP2,2020-03-27,4545.0,-0.92
RMP2,2020-03-27,4550.0,-1.04
RMP2,2020-03-27,4555.0,-1.18
RMP2,2020-03-27,4560.0,-1.44
RMP2,2020-03-27,4565.0,-1.32
RMP2,2020-03-27,4570.0,-1.28
RMP2,2020-03-27,4575.0,-1.24
RMP2,2020-03-27,4580.0,-1.2
RMP2,2020-03-27,4585.0,-1.18
RMP2,2020-03-27,4590.0,-1.14
RMP2,2020-03-27,4595.0,-1.1
RMP2,2020-03-27,4600.0,-1.11
RMP2,2020-03-27,4605.0,-1.13
RMP2,2020-03-27,4610.0,-1.16
RMP2,2020-03-27,4615.0,-1.08
RMP2,2020-03-27,4620.0,-1.02
RMP2,2020-03-27,4625.0,-0.98
RMP2,2020-03-27,4630.0,-0.92
RMP2,2020-03-27,4635.0,-0.9
RMP2,2020-03-27,4640.0,-0.88
RMP2,2020-03-27,4645.0,-0.87
RMP2,2020-03-27,4650.0,-0.86
RMP2,2020-03-27,4655.0,-0.84
RMP2,2020-03-27,4660.0,-0.86
RMP2,2020-03-27,4665.0,-0.78
RMP2,2020-03-27,4670.0,-0.77
RMP2,2020-03-27,4675.0,-0.76
RMP2,2020-03-27,4680.0,-0.76
RMP2,2020-03-27,4685.0,-0.7
RMP2,2020-03-27,4690.0,-0.5
RMP2,2020-03-27,4695.0,-0.44
RMP2,2020-03-27,4700.0,-0.3
RMP2,2020-03-27,4705.0,-0.24
RMP2,2020-03-27,4710.0,-0.22
RMP2,2020-03-27,4715.0,-0.18
RMP2,2020-03-27,4720.0,-0.14
RMP2,2020-03-27,4725.0,-0.22
RMP2,2020-03-27,4730.0,-0.2
RMP2,2020-03-27,4735.0,-0.22
RMP2,2020-03-27,4740.0,-0.24
RMP2,2020-03-27,4745.0,-0.3
RMP2,2020-03-27,4750.0,-0.34
RMP2,2020-03-27,4755.0,-0.36
RMP2,2020-03-27,4760.0,-0.38
RMP2,2020-03-27,4765.0,-0.42
RMP2,2020-03-27,4770.0,-0.48
RMP2,2020-03-27,4775.0,-0.38
RMP2,2020-03-27,4780.0,-0.32
RMP2,2020-03-27,4785.0,-0.24
RMP2,2020-03-27,4790.0,-0.21
RMP2,2020-03-27,4795.0,-0.18
RMP2,2020-03-27,4800.0,-0.16
RMP2,2020-03-27,4805.0,-0.14
RMP2,2020-03-27,4810.0,-0.12
RMP2,2020-03-27,4815.0,-0.13
RMP2,2020-03-27,4820.0,-0.1
RMP2,2020-03-27,4825.0,-0.06
RMP2,2020-03-27,4830.0,0.02
RMP2,2020-03-27,4835.0,0.04
RMP2,2020-03-27,4840.0,0.06
RMP2,2020-03-27,4845.0,0.11
RMP2,2020-03-27,4850.0,0.15
RMP2,2020-03-27,4855.0,0.18
RMP2,2020-03-27,4860.0,0.22
RMP2,2020-03-27,4865.0,0.23
RMP2,2020-03-27,4870.0,0.24
RMP2,2020-03-27,4875.0,0.23
RMP2,2020-03-27,4880.0,0.22
RMP2,2020-03-27,4885.0,0.23
RMP2,2020-03-27,4890.0,0.22
RMP2,2020-03-27,4895.0,0.18
RMP2,2020-03-27,4900.0,0.16
RMP2,2020-03-27,4905.0,0.15
RMP2,2020-03-27,4910.0,0.16
RMP2,2020-03-27,4915.0,0.14
RMP2,2020-03-27,4920.0,0.13
RMP2,2020-03-27,4925.0,0.11
RMP2,2020-03-27,4930.0,0.1
RMP2,2020-03-27,4935.0,0.08
RMP2,2020-03-27,4940.0,0.06
RMP2,2020-03-27,4945.0,0.04
RMP2,2020-03-27,4950.0,0.02
RMP2,2020-03-27,4955.0,0.03
RMP2,2020-03-27,4960.0,0.0
RMP2,2020-03-27,4965.0,-0.04
RMP2,2020-03-27,4970.0,-0.12
RMP2,2020-03-27,4975.0,-0.19
RMP2,2020-03-27,4980.0,-0.28
RMP2,2020-03-27,4985.0,-0.32
RMP2,2020-03-27,4990.0,-0.33
RMP2,2020-03-27,4995.0,-0.35
RMP2,2020-03-27,5000.0,-0.34
RMP2,2020-03-27,5005.0,-0.37
RMP2,2020-03-27,5010.0,-0.4
RMP2,2020-03-27,5015.0,-0.42
RMP2,2020-03-27,5020.0,-0.44
RMP2,2020-03-27,5025.0,-0.46
RMP2,2020-03-27,5030.0,-0.52
RMP2,2020-03-27,5035.0,-0.54
RMP2,2020-03-27,5040.0,-0.57
RMP2,2020-03-27,5045.0,-0.62
RMP2,2020-03-27,5050.0,-0.6
RMP2,2020-03-27,5055.0,-0.63
RMP2,2020-03-27,5060.0,-0.65
RMP2,2020-03-27,5065.0,-0.64
RMP2,2020-03-27,5070.0,-0.63
RMP2,2020-03-27,5075.0,-0.61
RMP2,2020-03-27,5080.0,-0.62
RMP2,2020-03-27,5085.0,-0.68
RMP2,2020-03-27,5090.0,-0.73
RMP2,2020-03-27,5095.0,-0.78
RMP2,2020-03-27,5100.0,-0.86
RMP2,2020-03-27,5105.0,-0.82
RMP2,2020-03-27,5110.0,-0.78
RMP2,2020-03-27,5115.0,-0.76
RMP2,2020-03-27,5120.0,-0.74
RMP2,2020-03-27,5125.0,-0.72
RMP2,2020-03-27,5130.0,-0.7
RMP2,2020-03-27,5135.0,-0.71
RMP2,2020-03-27,5140.0,-0.73
RMP2,2020-03-27,5145.0,-0.75
RMP2,2020-03-27,5150.0,-0.8
RMP2,2020-03-27,5155.0,-0.86
RMP2,2020-03-27,5160.0,-0.92
RMP2,2020-03-27,5165.0,-0.96
RMP2,2020-03-27,5170.0,-1.0
RMP2,2020-03-27,5175.0,-0.9
RMP2,2020-03-27,5180.0,-0.82
RMP2,2020-03-27,5185.0,-0.68
RMP2,2020-03-27,5190.0,-0.5
RMP2,2020-03-27,5195.0,-0.58
RMP2,2020-03-27,5200.0,-0.66
RMP2,2020-03-27,5205.0,-0.73
RMP2,2020-03-27,5210.0,-0.77
RMP2,2020-03-27,5215.0,-0.79
RMP2,2020-03-27,5220.0,-0.8
RMP2,2020-03-27,5225.0,-0.86
RMP2,2020-03-27,5230.0,-0.91
RMP2,2020-03-27,5235.0,-0.92
RMP2,2020-03-27,5240.0,-0.93
RMP2,2020-03-27,5245.0,-0.9
RMP2,2020-03-27,5250.0,-0.86
RMP2,2020-03-27,5255.0,-0.82
RMP2,2020-03-27,5260.0,-0.84
RMP2,2020-03-27,5265.0,-0.83
RMP2,2020-03-27,5270.0,-0.8
RMP2,2020-03-27,5275.0,-0.78
RMP2,2020-03-27,5280.0,-0.74
RMP2,2020-03-27,5285.0,-0.68
RMP2,2020-03-27,5290.0,-0.62
RMP2,2020-03-27,5295.0,-0.6
RMP2,2020-03-27,5300.0,-0.58
RMP2,2020-03-27,5305.0,-0.57
RMP2,2020-03-27,5310.0,-0.56
RMP2,2020-03-27,5315.0,-0.56
RMP2,2020-03-27,5320.0,-0.55
RMP2,2020-03-27,5325.0,-0.57
RMP2,2020-03-27,5330.0,-0.55
RMP2,2020-03-27,5335.0,-0.53
RMP2,2020-03-27,5340.0,-0.5
RMP2,2020-03-27,5345.0,-0.48
RMP2,2020-03-27,5350.0,-0.46
RMP2,2020-03-27,5355.0,-0.44
RMP2,2020-03-27,5360.0,-0.45
RMP2,2020-03-27,5365.0,-0.43
RMP2,2020-03-27,5370.0,-0.4
RMP2,2020-03-27,5375.0,-0.38
RMP2,2020-03-27,5380.0,-0.36
RMP2,2020-03-27,5385.0,-0.37
RMP2,2020-03-27,5390.0,-0.3
RMP2,2020-03-27,5395.0,-0.24
RMP2,2020-03-27,5400.0,-0.12
RMP2,2020-03-27,5405.0,-0.04
RMP2,2020-03-27,5410.0,-0.1
RMP2,2020-03-27,5415.0,0.5
RMP2,2020-03-27,5420.0,1.5
RMP2,2020-03-27,5430.0,1.86
RMP2,2020-03-27,5440.0,2.11
RMP2,2020-03-27,5470.0,2.45
RMP2,2020-03-27,5500.0,2.66
RMP2,2020-03-27,5540.0,2.76
RMP2,2020-03-27,5570.0,2.86
RMP2,2020-03-27,5600.0,2.36
RMP2,2020-03-27,5640.0,2.48
RMP2,2020-03-27,5670.0,2.8
RMP2,2020-03-27,5700.0,2.86
RMP2,2020-03-27,5730.0,2.94
RMP2,2020-03-27,5770.0,3.36
RMP2,2020-03-27,5800.0,3.76
RMP2,2020-03-27,5840.0,3.66
RMP2,2020-03-27,5870.0,3.88
RMP2,2020-03-27,5900.0,4.18
RMP2,2020-03-27,5940.0,4.46
RMP2,2020-03-27,6000.0,4.09
RMP2,2020-03-27,6030.0,4.38
RMP2,2020-03-27,6060.0,4.26
RMP2,2020-03-27,6090.0,4.56
RMP2,2020-03-27,6120.0,4.36
RMP2,2020-03-27,6160.0,4.44
RMP2,2020-03-27,6200.0,4.16
RMP2,2020-03-27,6240.0,4.08
RMP2,2020-03-27,6270.0,4.48
RMP2,2020-03-27,6300.0,4.28
RMP2,2020-03-27,6330.0,4.42
RMP2,2020-03-27,6370.0,4.48
RMP2,2020-03-27,6400.0,4.58
RMP2,2020-03-27,6450.0,4.66
RMP2,2020-03-27,6500.0,4.76
RMP2,2020-03-27,6540.0,4.85
RMP2,2020-03-27,6600.0,4.46
RMP2,2020-03-27,6640.0,4.26
RMP2,2020-03-27,6670.0,4.14
RMP2,2020-03-27,6700.0,4.47
RMP2,2020-03-27,6740.0,4.79
RMP2,2020-03-27,6780.0,4.92
RMP2,2020-03-27,6820.0,4.28
RMP2,2020-03-27,6860.0,4.36
RMP2,2020-03-27,6900.0,4.24
RMP2,2020-03-27,6940.0,4.38
RMP2,2020-03-27,7000.0,4.08
RMP2,2020-03-27,7030.0,4.02
RMP2,2020-03-27,7050.0,2.86
RMP2,2020-03-27,7070.0,2.7
RMP2,2020-03-27,7100.0,2.66
RMP2,2020-03-27,7120.0,2.4
RMP2,2020-03-27,7140.0,2.01
RMP2,2020-03-27,7160.0,1.96
RMP2,2020-03-27,7180.0,1.47
RMP2,2020-03-27,7185.0,1.15
RMP2,2020-03-27,7190.0,0.87
RMP2,2020-03-27,7195.0,0.73
RMP2,2020-03-27,7200.0,0.47
RMP2,2020-03-27,7205.0,0.11
RMP2,2020-03-27,7210.0,-0.13
RMP2,2020-03-27,7215.0,-0.35
RMP2,2020-03-27,7220.0,-0.81
RMP2,2020-03-27,7225.0,-0.07
RMP2,2020-03-27,7230.0,-1.33
RMP2,2020-03-27,7235.0,-1.39
RMP2,2020-03-27,7240.0,-1.43
RMP2,2020-03-27,7245.0,-1.87
RMP2,2020-03-27,7250.0,-2.33
RMP2,2020-03-27,7255.0,-2.01
RMP2,2020-03-27,7260.0,-1.77
RMP2,2020-03-27,7265.0,-2.15
RMP2,2020-03-27,7270.0,-2.81
RMP2,2020-03-27,7275.0,-2.69
RMP2,2020-03-27,7280.0,-2.55
RMP2,2020-03-27,7285.0,-2.37
RMP2,2020-03-27,7290.0,-1.83
RMP2,2020-03-27,7295.0,-1.31
RMP2,2020-03-27,7300.0,-0.83
RMP2,2020-03-27,7305.0,-0.97
RMP2,2020-03-27,7310.0,-1.05
RMP2,2020-03-27,7315.0,-1.19
RMP2,2020-03-27,7320.0,-1.09
RMP2,2020-03-27,7325.0,-1.03
RMP2,2020-03-27,7330.0,-0.85
RMP2,2020-03-27,7335.0,-0.57
RMP2,2020-03-27,7340.0,-0.63
RMP2,2020-03-27,7345.0,-0.7
RMP2,2020-03-27,7350.0,-0.67
RMP2,2020-03-27,7355.0,-0.63
RMP2,2020-03-27,7360.0,-0.52
RMP2,2020-03-27,7365.0,-0.43
RMP2,2020-03-27,7370.0,-0.59
RMP2,2020-03-27,7375.0,-0.6
RMP2,2020-03-27,7380.0,-0.61
RMP2,2020-03-27,7385.0,-0.41
RMP2,2020-03-27,7390.0,-0.23
RMP2,2020-03-27,7395.0,-0.17
RMP2,2020-03-27,7400.0,-0.03
RMP2,2020-03-27,7405.0,0.15
RMP2,2020-03-27,7410.0,0.27
RMP2,2020-03-27,7415.0,0.31
RMP2,2020-03-27,7420.0,0.47
RMP2,2020-03-27,7425.0,0.02
RMP2,2020-03-27,7430.0,-0.23
RMP2,2020-03-27,7435.0,-0.27
RMP2,2020-03-27,7440.0,-0.33
RMP2,2020-03-27,7445.0,0.05
RMP2,2020-03-27,7450.0,0.32
RMP2,2020-03-27,7455.0,0.37
RMP2,2020-03-27,7460.0,0.39
RMP2,2020-03-27,7465.0,0.42
RMP2,2020-03-27,7470.0,-0.45
RMP2,2020-03-27,7475.0,0.67
RMP2,2020-03-27,7480.0,0.73
RMP2,2020-03-27,7485.0,0.77
RMP2,2020-03-27,7490.0,0.85
RMP2,2020-03-27,7495.0,0.97
RMP2,2020-03-27,7500.0,1.47
RMP2,2020-03-27,7515.0,1.99
RMP2,2020-03-27,7540.0,2.66
RMP2,2020-03-27,7560.0,3.01
RMP2,2020-03-27,7580.0,3.06
RMP2,2020-03-27,7590.0,3.3
RMP2,2020-03-27,7595.0,2.24
RMP2,2020-03-27,7600.0,1.48
RMP2,2020-03-27,7605.0,0.78
RMP2,2020-03-27,7610.0,0.65
RMP2,2020-03-27,7615.0,0.48
RMP2,2020-03-27,7620.0,0.2
RMP2,2020-03-27,7625.0,0.01
RMP2,2020-03-27,7630.0,-0.25
RMP2,2020-03-27,7635.0,-0.06
RMP2,2020-03-27,7640.0,0.08
RMP2,2020-03-27,7645.0,-0.1
RMP2,2020-03-27,7650.0,-0.22
RMP2,2020-03-27,7655.0,-0.24
RMP2,2020-03-27,7660.0,-0.36
RMP2,2020-03-27,7665.0,-0.56
RMP2,2020-03-27,7670.0,-0.36
RMP2,2020-03-27,7675.0,-0.14
RMP2,2020-03-27,7680.0,0.2
RMP2,2020-03-27,7685.0,0.56
RMP2,2020-03-27,7690.0,0.66
RMP2,2020-03-27,7695.0,0.78
RMP2,2020-03-27,7700.0,0.36
RMP2,2020-03-27,7705.0,-0.12
RMP2,2020-03-27,7710.0,-0.67
RMP2,2020-03-27,7715.0,-1.22
RMP2,2020-03-27,7720.0,-0.93
RMP2,2020-03-27,7725.0,-0.42
RMP2,2020-03-27,7730.0,-0.84
RMP2,2020-03-27,7735.0,-1.02
RMP2,2020-03-27,7740.0,-0.94
RMP2,2020-03-27,7745.0,-0.9
RMP2,2020-03-27,7750.0,-0.85
RMP2,2020-03-27,7755.0,-0.93
RMP2,2020-03-27,7760.0,-0.97
RMP2,2020-03-27,7765.0,-1.84
RMP2,2020-03-27,7770.0,-2.44
RMP2,2020-03-27,7775.0,-2.79
RMP2,2020-03-27,7780.0,-3.3
RMP2,2020-03-27,7785.0,-4.02
RMP2,2020-03-27,7790.0,-5.02
RMP2,2020-03-27,7795.0,-5.11
RMP2,2020-03-27,7800.0,-5.8
RMP2,2020-03-27,7805.0,-5.98
RMP2,2020-03-27,7810.0,-6.12
RMP2,2020-03-27,7815.0,-5.49
RMP2,2020-03-27,7820.0,-4.92
RMP2,2020-03-27,7825.0,-4.72
RMP2,2020-03-27,7830.0,-4.67
RMP2,2020-03-27,7835.0,-4.66
RMP2,2020-03-27,7840.0,-4.62
RMP2,2020-03-27,7845.0,-4.34
RMP2,2020-03-27,7850.0,-3.97
RMP2,2020-03-27,7855.0,-4.04
RMP2,2020-03-27,7860.0,-3.18
RMP2,2020-03-27,7865.0,-2.58
RMP2,2020-03-27,7870.0,-2.41
RMP2,2020-03-27,7875.0,-2.22
RMP2,2020-03-27,7880.0,-1.95
RMP2,2020-03-27,7885.0,-1.52
RMP2,2020-03-27,7890.0,-1.22
RMP2,2020-03-27,7895.0,-0.84
RMP2,2020-03-27,7900.0,-0.32
RMP2,2020-03-27,7905.0,-0.12
RMP2,2020-03-27,7910.0,-0.02
RMP2,2020-03-27,7915.0,0.08
RMP2,2020-03-27,7920.0,0.28
RMP2,2020-03-27,7925.0,0.34
RMP2,2020-03-27,7930.0,0.48
RMP2,2020-03-27,7935.0,0.68
RMP2,2020-03-27,7940.0,1.08
RMP2,2020-03-27,7945.0,1.16
RMP2,2020-03-27,7950.0,1.48
RMP2,2020-03-27,7956.0,3.96
RMP2,2020-03-27,7960.0,5.05
RMP2,2020-03-27,7980.0,5.15
RMP2,2020-03-27,8000.0,4.89
RMP2,2020-03-27,8050.0,4.7
RMP2,2020-03-27,8070.0,4.82
RMP2,2020-03-27,8100.0,4.92
RMP2,2020-03-27,8130.0,4.88
RMP2,2020-03-27,8150.0,5.05
RMP2,2020-03-27,8180.0,5.0
RMP2,2020-03-27,8183.0,3.36
RMP2,2020-03-27,8186.0,1.48
RMP2,2020-03-27,8190.0,0.98
RMP2,2020-03-27,8195.0,0.51
RMP2,2020-03-27,8199.0,0.28
RMP2,2020-03-27,8204.0,0.13
RMP2,2020-03-27,8208.0,0.03
RMP2,2020-03-27,8213.0,-0.07
RMP2,2020-03-27,8217.0,0.08
RMP2,2020-03-27,8222.0,-0.12
RMP2,2020-03-27,8226.0,-0.22
RMP2,2020-03-27,8230.0,0.68
RMP2,2020-03-27,8234.0,0.88
RMP2,2020-03-27,8240.0,1.48
RMP2,2020-03-27,8246.0,2.55
RMP2,2020-03-27,8249.0,3.55
RMP2,2020-03-27,8260.0,4.57
RMP2,2020-03-27,8280.0,5.54
RMP2,2020-03-27,8330.0,5.84
RMP2,2020-03-27,8330.0,6.06
RMP2,2020-03-27,8370.0,6.12
RMP2,2020-03-27,8400.0,6.16
RMP2,2020-03-27,8420.0,5.57
RMP2,2020-03-27,8450.0,5.97
RMP2,2020-03-27,8480.0,5.57
RMP2,2020-03-27,8480.0,5.97
RMP2,2021-03-16,0.0,4.58
RMP2,2021-03-16,0.0,4.25
RMP2,2021-03-16,30.0,6.08
RMP2,2021-03-16,60.0,6.12
RMP2,2021-03-16,90.0,6.02
RMP2,2021-03-16,120.0,5.96
RMP2,2021-03-16,150.0,5.92
RMP2,2021-03-16,175.0,6.08
RMP2,2021-03-16,175.0,6.51
RMP2,2021-03-16,177.0,7.0
RMP2,2021-03-16,180.0,7.02
RMP2,2021-03-16,184.0,6.44
RMP2,2021-03-16,200.0,5.86
RMP2,2021-03-16,236.0,6.03
RMP2,2021-03-16,240.0,3.83
RMP2,2021-03-16,242.0,2.08
RMP2,2021-03-16,244.0,1.33
RMP2,2021-03-16,247.0,1.05
RMP2,2021-03-16,250.0,-0.35
RMP2,2021-03-16,255.0,-1.54
RMP2,2021-03-16,260.0,-1.51
RMP2,2021-03-16,265.0,-1.06
RMP2,2021-03-16,270.0,-0.74
RMP2,2021-03-16,275.0,-1.15
RMP2,2021-03-16,280.0,-0.81
RMP2,2021-03-16,285.0,1.33
RMP2,2021-03-16,290.0,2.61
RMP2,2021-03-16,295.0,5.37
RMP2,2021-03-16,305.0,5.95
RMP2,2021-03-16,350.0,5.08
RMP2,2021-03-16,400.0,5.18
RMP2,2021-03-16,450.0,4.86
RMP2,2021-03-16,500.0,4.16
RMP2,2021-03-16,550.0,4.01
RMP2,2021-03-16,600.0,3.3
RMP2,2021-03-16,660.0,3.2
RMP2,2021-03-16,700.0,3.7
RMP2,2021-03-16,750.0,3.9
RMP2,2021-03-16,800.0,4.2
RMP2,2021-03-16,850.0,4.4
RMP2,2021-03-16,900.0,4.8
RMP2,2021-03-16,950.0,5.05
RMP2,2021-03-16,1000.0,5.4
RMP2,2021-03-16,1040.0,5.5
RMP2,2021-03-16,1044.0,5.58
RMP2,2021-03-16,1046.0,4.38
RMP2,2021-03-16,1050.0,3.26
RMP2,2021-03-16,1060.0,1.45
RMP2,2021-03-16,1065.0,-0.38
RMP2,2021-03-16,1070.0,-0.4
RMP2,2021-03-16,1075.0,-0.51
RMP2,2021-03-16,1080.0,-0.57
RMP2,2021-03-16,1085.0,-0.66
RMP2,2021-03-16,1090.0,-0.76
RMP2,2021-03-16,1095.0,-0.85
RMP2,2021-03-16,1100.0,-0.93
RMP2,2021-03-16,1105.0,-4.16
RMP2,2021-03-16,1110.0,-4.5
RMP2,2021-03-16,1115.0,-4.39
RMP2,2021-03-16,1120.0,-4.41
RMP2,2021-03-16,1125.0,-4.64
RMP2,2021-03-16,1130.0,-4.21
RMP2,2021-03-16,1135.0,-4.34
RMP2,2021-03-16,1140.0,-4.46
RMP2,2021-03-16,1145.0,-4.22
RMP2,2021-03-16,1150.0,-4.14
RMP2,2021-03-16,1155.0,-4.09
RMP2,2021-03-16,1160.0,-5.02
RMP2,2021-03-16,1165.0,-5.16
RMP2,2021-03-16,1170.0,-5.09
RMP2,2021-03-16,1175.0,-4.82
RMP2,2021-03-16,1180.0,-4.77
RMP2,2021-03-16,1185.0,-4.91
RMP2,2021-03-16,1190.0,-5.02
RMP2,2021-03-16,1195.0,-5.06
RMP2,2021-03-16,1200.0,-5.05
RMP2,2021-03-16,1205.0,-5.17
RMP2,2021-03-16,1210.0,-5.36
RMP2,2021-03-16,1215.0,-5.18
RMP2,2021-03-16,1220.0,-5.03
RMP2,2021-03-16,1225.0,-5.16
RMP2,2021-03-16,1230.0,-4.68
RMP2,2021-03-16,1235.0,-4.78
RMP2,2021-03-16,1240.0,-5.15
RMP2,2021-03-16,1245.0,-4.65
RMP2,2021-03-16,1250.0,-4.63
RMP2,2021-03-16,1255.0,-4.7
RMP2,2021-03-16,1260.0,-4.47
RMP2,2021-03-16,1265.0,-4.37
RMP2,2021-03-16,1270.0,-4.73
RMP2,2021-03-16,1275.0,-4.63
RMP2,2021-03-16,1280.0,-4.57
RMP2,2021-03-16,1285.0,-5.12
RMP2,2021-03-16,1290.0,-5.39
RMP2,2021-03-16,1295.0,-5.51
RMP2,2021-03-16,1300.0,-5.71
RMP2,2021-03-16,1305.0,-6.42
RMP2,2021-03-16,1310.0,-6.83
RMP2,2021-03-16,1315.0,-6.28
RMP2,2021-03-16,1320.0,-6.07
RMP2,2021-03-16,1325.0,-5.89
RMP2,2021-03-16,1330.0,-5.82
RMP2,2021-03-16,1335.0,-5.75
RMP2,2021-03-16,1340.0,-6.14
RMP2,2021-03-16,1345.0,-6.28
RMP2,2021-03-16,1350.0,-6.77
RMP2,2021-03-16,1355.0,-6.93
RMP2,2021-03-16,1360.0,-6.46
RMP2,2021-03-16,1365.0,-6.24
RMP2,2021-03-16,1370.0,-6.18
RMP2,2021-03-16,1375.0,-6.2
RMP2,2021-03-16,1380.0,-6.1
RMP2,2021-03-16,1385.0,-6.25
RMP2,2021-03-16,1390.0,-6.2
RMP2,2021-03-16,1395.0,-6.32
RMP2,2021-03-16,1400.0,-7.05
RMP2,2021-03-16,1405.0,-7.04
RMP2,2021-03-16,1410.0,-6.98
RMP2,2021-03-16,1415.0,-7.01
RMP2,2021-03-16,1420.0,-6.63
RMP2,2021-03-16,1425.0,-6.83
RMP2,2021-03-16,1430.0,-6.36
RMP2,2021-03-16,1435.0,-6.01
RMP2,2021-03-16,1440.0,-6.28
RMP2,2021-03-16,1445.0,-6.6
RMP2,2021-03-16,1450.0,-6.66
RMP2,2021-03-16,1455.0,-7.41
RMP2,2021-03-16,1460.0,-7.47
RMP2,2021-03-16,1465.0,-6.95
RMP2,2021-03-16,1470.0,-7.04
RMP2,2021-03-16,1475.0,-6.8
RMP2,2021-03-16,1480.0,-6.64
RMP2,2021-03-16,1485.0,-7.58
RMP2,2021-03-16,1490.0,-8.04
RMP2,2021-03-16,1495.0,-8.08
RMP2,2021-03-16,1500.0,-7.77
RMP2,2021-03-16,1505.0,-8.0
RMP2,2021-03-16,1510.0,-8.17
RMP2,2021-03-16,1515.0,-7.87
RMP2,2021-03-16,1520.0,-7.94
RMP2,2021-03-16,1525.0,-7.8
RMP2,2021-03-16,1530.0,-7.8
RMP2,2021-03-16,1535.0,-7.79
RMP2,2021-03-16,1540.0,-7.82
RMP2,2021-03-16,1545.0,-7.51
RMP2,2021-03-16,1550.0,-7.18
RMP2,2021-03-16,1555.0,-7.06
RMP2,2021-03-16,1560.0,-7.52
RMP2,2021-03-16,1565.0,-7.84
RMP2,2021-03-16,1570.0,-7.88
RMP2,2021-03-16,1575.0,-8.16
RMP2,2021-03-16,1580.0,-8.56
RMP2,2021-03-16,1585.0,-8.72
RMP2,2021-03-16,1590.0,-8.47
RMP2,2021-03-16,1595.0,-8.59
RMP2,2021-03-16,1600.0,-8.7
RMP2,2021-03-16,1605.0,-8.36
RMP2,2021-03-16,1610.0,-8.42
RMP2,2021-03-16,1615.0,-8.42
RMP2,2021-03-16,1620.0,-8.35
RMP2,2021-03-16,1625.0,-7.94
RMP2,2021-03-16,1630.0,-7.58
RMP2,2021-03-16,1635.0,-7.4
RMP2,2021-03-16,1640.0,-7.52
RMP2,2021-03-16,1645.0,-7.61
RMP2,2021-03-16,1650.0,-7.65
RMP2,2021-03-16,1655.0,-7.69
RMP2,2021-03-16,1660.0,-7.61
RMP2,2021-03-16,1665.0,-7.54
RMP2,2021-03-16,1670.0,-7.53
RMP2,2021-03-16,1675.0,-7.45
RMP2,2021-03-16,1680.0,-7.38
RMP2,2021-03-16,1685.0,-7.41
RMP2,2021-03-16,1690.0,-7.75
RMP2,2021-03-16,1695.0,-7.65
RMP2,2021-03-16,1700.0,-7.48
RMP2,2021-03-16,1705.0,-7.38
RMP2,2021-03-16,1710.0,-7.41
RMP2,2021-03-16,1715.0,-7.5
RMP2,2021-03-16,1720.0,-7.41
RMP2,2021-03-16,1725.0,-7.31
RMP2,2021-03-16,1730.0,-7.24
RMP2,2021-03-16,1735.0,-7.22
RMP2,2021-03-16,1740.0,-7.03
RMP2,2021-03-16,1745.0,-6.97
RMP2,2021-03-16,1750.0,-6.84
RMP2,2021-03-16,1755.0,-6.75
RMP2,2021-03-16,1760.0,-6.65
RMP2,2021-03-16,1765.0,-6.59
RMP2,2021-03-16,1770.0,-6.58
RMP2,2021-03-16,1775.0,-7.34
RMP2,2021-03-16,1780.0,-6.88
RMP2,2021-03-16,1785.0,-6.81
RMP2,2021-03-16,1790.0,-7.19
RMP2,2021-03-16,1795.0,-7.11
RMP2,2021-03-16,1800.0,-7.28
RMP2,2021-03-16,1805.0,-7.23
RMP2,2021-03-16,1810.0,-7.36
RMP2,2021-03-16,1815.0,-7.38
RMP2,2021-03-16,1820.0,-7.58
RMP2,2021-03-16,1825.0,-7.57
RMP2,2021-03-16,1830.0,-7.59
RMP2,2021-03-16,1835.0,-7.5
RMP2,2021-03-16,1840.0,-7.63
RMP2,2021-03-16,1845.0,-7.62
RMP2,2021-03-16,1850.0,-7.52
RMP2,2021-03-16,1855.0,-7.82
RMP2,2021-03-16,1860.0,-7.69
RMP2,2021-03-16,1865.0,-7.68
RMP2,2021-03-16,1870.0,-7.64
RMP2,2021-03-16,1875.0,-7.8
RMP2,2021-03-16,1880.0,-7.94
RMP2,2021-03-16,1885.0,-7.88
RMP2,2021-03-16,1890.0,-7.93
RMP2,2021-03-16,1895.0,-8.24
RMP2,2021-03-16,1900.0,-8.42
RMP2,2021-03-16,1905.0,-8.43
RMP2,2021-03-16,1910.0,-8.61
RMP2,2021-03-16,1915.0,-8.68
RMP2,2021-03-16,1920.0,-8.79
RMP2,2021-03-16,1925.0,-8.98
RMP2,2021-03-16,1930.0,-11.52
RMP2,2021-03-16,1935.0,-11.54
RMP2,2021-03-16,1940.0,-11.68
RMP2,2021-03-16,1945.0,-11.78
RMP2,2021-03-16,1950.0,-11.99
RMP2,2021-03-16,1955.0,-11.94
RMP2,2021-03-16,1960.0,-12.03
RMP2,2021-03-16,1965.0,-11.81
RMP2,2021-03-16,1970.0,-11.75
RMP2,2021-03-16,1975.0,-11.97
RMP2,2021-03-16,1980.0,-11.97
RMP2,2021-03-16,1985.0,-11.92
RMP2,2021-03-16,1990.0,-11.88
RMP2,2021-03-16,1995.0,-11.98
RMP2,2021-03-16,2000.0,-12.08
RMP2,2021-03-16,2005.0,-12.24
RMP2,2021-03-16,2010.0,-12.25
RMP2,2021-03-16,2015.0,-12.54
RMP2,2021-03-16,2020.0,-12.66
RMP2,2021-03-16,2025.0,-12.5
RMP2,2021-03-16,2030.0,-12.49
RMP2,2021-03-16,2035.0,-12.42
RMP2,2021-03-16,2040.0,-12.51
RMP2,2021-03-16,2045.0,-12.88
RMP2,2021-03-16,2050.0,-12.76
RMP2,2021-03-16,2055.0,-12.66
RMP2,2021-03-16,2060.0,-12.66
RMP2,2021-03-16,2065.0,-12.59
RMP2,2021-03-16,2070.0,-12.54
RMP2,2021-03-16,2075.0,-12.54
RMP2,2021-03-16,2080.0,-12.62
RMP2,2021-03-16,2085.0,-12.95
RMP2,2021-03-16,2090.0,-12.83
RMP2,2021-03-16,2095.0,-12.46
RMP2,2021-03-16,2100.0,-12.35
RMP2,2021-03-16,2105.0,-12.48
RMP2,2021-03-16,2110.0,-13.04
RMP2,2021-03-16,2115.0,-13.14
RMP2,2021-03-16,2120.0,-13.14
RMP2,2021-03-16,2125.0,-13.18
RMP2,2021-03-16,2130.0,-13.14
RMP2,2021-03-16,2135.0,-12.97
RMP2,2021-03-16,2140.0,-12.9
RMP2,2021-03-16,2145.0,-13.17
RMP2,2021-03-16,2150.0,-13.28
RMP2,2021-03-16,2155.0,-13.15
RMP2,2021-03-16,2160.0,-13.18
RMP2,2021-03-16,2165.0,-13.17
RMP2,2021-03-16,2170.0,-13.09
RMP2,2021-03-16,2175.0,-12.99
RMP2,2021-03-16,2180.0,-13.03
RMP2,2021-03-16,2185.0,-13.02
RMP2,2021-03-16,2190.0,-13.12
RMP2,2021-03-16,2195.0,-12.74
RMP2,2021-03-16,2200.0,-12.73
RMP2,2021-03-16,2205.0,-12.82
RMP2,2021-03-16,2210.0,-13.21
RMP2,2021-03-16,2215.0,-13.38
RMP2,2021-03-16,2220.0,-13.61
RMP2,2021-03-16,2225.0,-13.45
RMP2,2021-03-16,2230.0,-13.39
RMP2,2021-03-16,2235.0,-13.66
RMP2,2021-03-16,2240.0,-13.79
RMP2,2021-03-16,2245.0,-14.0
RMP2,2021-03-16,2250.0,-14.24
RMP2,2021-03-16,2255.0,-14.23
RMP2,2021-03-16,2260.0,-14.22
RMP2,2021-03-16,2265.0,-14.21
RMP2,2021-03-16,2270.0,-14.2
RMP2,2021-03-16,2275.0,-14.19
RMP2,2021-03-16,2280.0,-14.18
RMP2,2021-03-16,2285.0,-14.17
RMP2,2021-03-16,2290.0,-14.16
RMP2,2021-03-16,2295.0,-14.19
RMP2,2021-03-16,2300.0,-14.18
RMP2,2021-03-16,2305.0,-13.91
RMP2,2021-03-16,2310.0,-13.79
RMP2,2021-03-16,2315.0,-13.79
RMP2,2021-03-16,2320.0,-13.72
RMP2,2021-03-16,2325.0,-13.5
RMP2,2021-03-16,2330.0,-13.28
RMP2,2021-03-16,2335.0,-13.22
RMP2,2021-03-16,2340.0,-13.23
RMP2,2021-03-16,2345.0,-12.96
RMP2,2021-03-16,2350.0,-12.91
RMP2,2021-03-16,2355.0,-12.86
RMP2,2021-03-16,2360.0,-12.77
RMP2,2021-03-16,2365.0,-12.74
RMP2,2021-03-16,2370.0,-12.76
RMP2,2021-03-16,2375.0,-12.83
RMP2,2021-03-16,2380.0,-12.61
RMP2,2021-03-16,2385.0,-12.29
RMP2,2021-03-16,2390.0,-12.28
RMP2,2021-03-16,2395.0,-12.63
RMP2,2021-03-16,2400.0,-12.6
RMP2,2021-03-16,2405.0,-12.39
RMP2,2021-03-16,2410.0,-12.45
RMP2,2021-03-16,2415.0,-12.11
RMP2,2021-03-16,2420.0,-12.09
RMP2,2021-03-16,2425.0,-12.15
RMP2,2021-03-16,2430.0,-12.11
RMP2,2021-03-16,2435.0,-12.01
RMP2,2021-03-16,2440.0,-12.01
RMP2,2021-03-16,2445.0,-11.98
RMP2,2021-03-16,2450.0,-11.85
RMP2,2021-03-16,2455.0,-12.11
RMP2,2021-03-16,2460.0,-12.09
RMP2,2021-03-16,2465.0,-12.12
RMP2,2021-03-16,2470.0,-12.4
RMP2,2021-03-16,2475.0,-12.35
RMP2,2021-03-16,2480.0,-12.51
RMP2,2021-03-16,2485.0,-12.35
RMP2,2021-03-16,2490.0,-12.33
RMP2,2021-03-16,2495.0,-12.19
RMP2,2021-03-16,2500.0,-12.12
RMP2,2021-03-16,2505.0,-12.01
RMP2,2021-03-16,2510.0,-11.71
RMP2,2021-03-16,2515.0,-11.42
RMP2,2021-03-16,2520.0,-11.29
RMP2,2021-03-16,2525.0,-11.35
RMP2,2021-03-16,2530.0,-11.2
RMP2,2021-03-16,2535.0,-11.05
RMP2,2021-03-16,2540.0,-11.0
RMP2,2021-03-16,2545.0,-10.84
RMP2,2021-03-16,2550.0,-10.88
RMP2,2021-03-16,2555.0,-10.67
RMP2,2021-03-16,2560.0,-10.45
RMP2,2021-03-16,2565.0,-10.53
RMP2,2021-03-16,2570.0,-10.32
RMP2,2021-03-16,2575.0,-10.1
RMP2,2021-03-16,2580.0,-10.1
RMP2,2021-03-16,2585.0,-10.37
RMP2,2021-03-16,2590.0,-10.38
RMP2,2021-03-16,2595.0,-10.57
RMP2,2021-03-16,2600.0,-10.81
RMP2,2021-03-16,2605.0,-10.92
RMP2,2021-03-16,2610.0,-10.82
RMP2,2021-03-16,2615.0,-10.67
RMP2,2021-03-16,2620.0,-10.48
RMP2,2021-03-16,2625.0,-10.4
RMP2,2021-03-16,2630.0,-10.4
RMP2,2021-03-16,2635.0,-9.78
RMP2,2021-03-16,2640.0,-9.78
RMP2,2021-03-16,2645.0,-9.63
RMP2,2021-03-16,2650.0,-9.45
RMP2,2021-03-16,2655.0,-9.24
RMP2,2021-03-16,2660.0,-8.88
RMP2,2021-03-16,2665.0,-8.64
RMP2,2021-03-16,2670.0,-8.65
RMP2,2021-03-16,2675.0,-8.51
RMP2,2021-03-16,2680.0,-8.36
RMP2,2021-03-16,2685.0,-8.2
RMP2,2021-03-16,2690.0,-8.13
RMP2,2021-03-16,2695.0,-8.11
RMP2,2021-03-16,2700.0,-7.87
RMP2,2021-03-16,2705.0,-7.71
RMP2,2021-03-16,2710.0,-7.59
RMP2,2021-03-16,2715.0,-7.58
RMP2,2021-03-16,2720.0,-7.58
RMP2,2021-03-16,2725.0,-7.43
RMP2,2021-03-16,2730.0,-7.64
RMP2,2021-03-16,2735.0,-7.54
RMP2,2021-03-16,2740.0,-7.27
RMP2,2021-03-16,2745.0,-7.27
RMP2,2021-03-16,2750.0,-7.01
RMP2,2021-03-16,2755.0,-6.77
RMP2,2021-03-16,2760.0,-6.62
RMP2,2021-03-16,2765.0,-6.35
RMP2,2021-03-16,2770.0,-6.41
RMP2,2021-03-16,2775.0,-6.2
RMP2,2021-03-16,2780.0,-6.05
RMP2,2021-03-16,2785.0,-6.08
RMP2,2021-03-16,2790.0,-6.08
RMP2,2021-03-16,2795.0,-6.66
RMP2,2021-03-16,2800.0,-6.37
RMP2,2021-03-16,2805.0,-5.89
RMP2,2021-03-16,2810.0,-5.89
RMP2,2021-03-16,2815.0,-5.83
RMP2,2021-03-16,2820.0,-5.79
RMP2,2021-03-16,2825.0,-5.82
RMP2,2021-03-16,2830.0,-5.71
RMP2,2021-03-16,2835.0,-5.76
RMP2,2021-03-16,2840.0,-5.75
RMP2,2021-03-16,2845.0,-5.72
RMP2,2021-03-16,2850.0,-5.69
RMP2,2021-03-16,2855.0,-5.66
RMP2,2021-03-16,2860.0,-5.58
RMP2,2021-03-16,2865.0,-5.52
RMP2,2021-03-16,2870.0,-5.48
RMP2,2021-03-16,2875.0,-5.43
RMP2,2021-03-16,2880.0,-5.36
RMP2,2021-03-16,2885.0,-5.31
RMP2,2021-03-16,2890.0,-5.23
RMP2,2021-03-16,2895.0,-5.07
RMP2,2021-03-16,2900.0,-5.06
RMP2,2021-03-16,2905.0,-4.98
RMP2,2021-03-16,2910.0,-4.89
RMP2,2021-03-16,2915.0,-4.78
RMP2,2021-03-16,2920.0,-4.7
RMP2,2021-03-16,2925.0,-4.53
RMP2,2021-03-16,2930.0,-4.42
RMP2,2021-03-16,2935.0,-4.29
RMP2,2021-03-16,2940.0,-4.13
RMP2,2021-03-16,2945.0,-4.01
RMP2,2021-03-16,2950.0,-3.72
RMP2,2021-03-16,2955.0,-3.43
RMP2,2021-03-16,2960.0,-3.35
RMP2,2021-03-16,2965.0,-2.93
RMP2,2021-03-16,2970.0,-2.8
RMP2,2021-03-16,2975.0,-2.34
RMP2,2021-03-16,2980.0,-1.65
RMP2,2021-03-16,2985.0,-0.33
RMP2,2021-03-16,2990.0,0.04
RMP2,2021-03-16,2995.0,0.25
RMP2,2021-03-16,3000.0,0.09
RMP2,2021-03-16,3005.0,0.04
RMP2,2021-03-16,3010.0,1.45
RMP2,2021-03-16,3015.0,2.15
RMP2,2021-03-16,3020.0,2.65
RMP2,2021-03-16,3040.0,2.2
RMP2,2021-03-16,3100.0,2.67
RMP2,2021-03-16,3150.0,2.4
RMP2,2021-03-16,3200.0,2.01
RMP2,2021-03-16,3250.0,1.96
RMP2,2021-03-16,3300.0,1.88
RMP2,2021-03-16,3350.0,1.79
RMP2,2021-03-16,3400.0,2.32
RMP2,2021-03-16,3450.0,2.4
RMP2,2021-03-16,3500.0,2.55
RMP2,2021-03-16,3550.0,2.74
RMP2,2021-03-16,3600.0,2.86
RMP2,2021-03-16,3640.0,2.26
RMP2,2021-03-16,3700.0,2.36
RMP2,2021-03-16,3740.0,2.66
RMP2,2021-03-16,3800.0,2.6
RMP2,2021-03-16,3860.0,2.77
RMP2,2021-03-16,3900.0,2.96
RMP2,2021-03-16,3950.0,2.68
RMP2,2021-03-16,4000.0,2.79
RMP2,2021-03-16,4040.0,2.88
RMP2,2021-03-16,4100.0,2.94
RMP2,2021-03-16,4160.0,3.33
RMP2,2021-03-16,4200.0,3.24
RMP2,2021-03-16,4250.0,3.44
RMP2,2021-03-16,4300.0,3.55
RMP2,2021-03-16,4350.0,3.06
RMP2,2021-03-16,4400.0,3.28
RMP2,2021-03-16,4450.0,3.37
RMP2,2021-03-16,4500.0,3.17
RMP2,2021-03-16,4550.0,3.03
RMP2,2021-03-16,4600.0,3.06
RMP2,2021-03-16,4660.0,2.74
RMP2,2021-03-16,4700.0,2.44
RMP2,2021-03-16,4750.0,2.56
RMP2,2021-03-16,4800.0,2.48
RMP2,2021-03-16,4850.0,2.66
RMP2,2021-03-16,4900.0,2.49
RMP2,2021-03-16,4950.0,2.62
RMP2,2021-03-16,5000.0,2.76
RMP2,2021-03-16,5050.0,2.77
RMP2,2021-03-16,5100.0,2.78
RMP2,2021-03-16,5150.0,2.88
RMP2,2021-03-16,5200.0,2.95
RMP2,2021-03-16,5250.0,2.96
RMP2,2021-03-16,5300.0,2.78
RMP2,2021-03-16,5350.0,2.86
RMP2,2021-03-16,5400.0,2.84
RMP2,2021-03-16,5450.0,2.36
RMP2,2021-03-16,5500.0,2.66
RMP2,2021-03-16,5550.0,2.75
RMP2,2021-03-16,5600.0,2.77
RMP2,2021-03-16,5650.0,3.28
RMP2,2021-03-16,5700.0,3.46
RMP2,2021-03-16,5750.0,3.86
RMP2,2021-03-16,5800.0,4.4
RMP2,2021-03-16,5850.0,4.16
RMP2,2021-03-16,5900.0,4.38
RMP2,2021-03-16,5950.0,4.7
RMP2,2021-03-16,6000.0,4.29
RMP2,2021-03-16,6050.0,4.54
RMP2,2021-03-16,6100.0,4.26
RMP2,2021-03-16,6150.0,4.06
RMP2,2021-03-16,6200.0,4.66
RMP2,2021-03-16,6250.0,4.76
RMP2,2021-03-16,6300.0,4.62
RMP2,2021-03-16,6350.0,4.22
RMP2,2021-03-16,6400.0,4.04
RMP2,2021-03-16,6450.0,4.24
RMP2,2021-03-16,6500.0,4.35
RMP2,2021-03-16,6550.0,4.45
RMP2,2021-03-16,6600.0,4.55
RMP2,2021-03-16,6650.0,4.6
RMP2,2021-03-16,6700.0,4.62
RMP2,2021-03-16,6750.0,4.44
RMP2,2021-03-16,6800.0,4.28
RMP2,2021-03-16,6850.0,4.42
RMP2,2021-03-16,6900.0,4.08
RMP2,2021-03-16,6950.0,4.28
RMP2,2021-03-16,7000.0,4.38
RMP2,2021-03-16,7050.0,4.26
RMP2,2021-03-16,7100.0,4.06
RMP2,2021-03-16,7150.0,3.76
RMP2,2021-03-16,7200.0,3.2
RMP2,2021-03-16,7250.0,3.26
RMP2,2021-03-16,7300.0,3.02
RMP2,2021-03-16,7350.0,3.2
RMP2,2021-03-16,7400.0,3.1
RMP2,2021-03-16,7450.0,3.7
RMP2,2021-03-16,7500.0,3.72
RMP2,2021-03-16,7550.0,3.66
RMP2,2021-03-16,7600.0,3.44
RMP2,2021-03-16,7630.0,3.55
RMP2,2021-03-16,7640.0,2.4
RMP2,2021-03-16,7645.0,1.38
RMP2,2021-03-16,7650.0,0.78
RMP2,2021-03-16,7655.0,0.18
RMP2,2021-03-16,7660.0,-0.42
RMP2,2021-03-16,7665.0,-1.02
RMP2,2021-03-16,7670.0,-1.62
RMP2,2021-03-16,7675.0,-1.45
RMP2,2021-03-16,7680.0,-1.67
RMP2,2021-03-16,7685.0,-1.64
RMP2,2021-03-16,7690.0,-1.66
RMP2,2021-03-16,7695.0,-1.46
RMP2,2021-03-16,7700.0,-1.02
RMP2,2021-03-16,7705.0,-1.61
RMP2,2021-03-16,7710.0,-1.34
RMP2,2021-03-16,7715.0,-1.22
RMP2,2021-03-16,7720.0,-1.47
RMP2,2021-03-16,7725.0,-2.03
RMP2,2021-03-16,7730.0,-3.35
RMP2,2021-03-16,7735.0,-3.7
RMP2,2021-03-16,7740.0,-3.88
RMP2,2021-03-16,7745.0,-3.74
RMP2,2021-03-16,7750.0,-3.67
RMP2,2021-03-16,7755.0,-3.42
RMP2,2021-03-16,7760.0,-3.6
RMP2,2021-03-16,7765.0,-3.35
RMP2,2021-03-16,7770.0,-3.19
RMP2,2021-03-16,7775.0,-3.22
RMP2,2021-03-16,7780.0,-3.57
RMP2,2021-03-16,7785.0,-3.45
RMP2,2021-03-16,7790.0,-3.52
RMP2,2021-03-16,7795.0,-3.09
RMP2,2021-03-16,7800.0,-2.97
RMP2,2021-03-16,7805.0,-3.0
RMP2,2021-03-16,7810.0,-2.7
RMP2,2021-03-16,7815.0,-2.46
RMP2,2021-03-16,7820.0,-2.35
RMP2,2021-03-16,7825.0,-2.09
RMP2,2021-03-16,7830.0,-2.02
RMP2,2021-03-16,7835.0,-1.75
RMP2,2021-03-16,7840.0,-1.69
RMP2,2021-03-16,7845.0,-1.7
RMP2,2021-03-16,7850.0,-1.65
RMP2,2021-03-16,7855.0,-1.44
RMP2,2021-03-16,7860.0,-1.52
RMP2,2021-03-16,7865.0,-1.24
RMP2,2021-03-16,7870.0,-1.31
RMP2,2021-03-16,7875.0,-1.29
RMP2,2021-03-16,7880.0,-1.03
RMP2,2021-03-16,7885.0,-0.82
RMP2,2021-03-16,7890.0,-0.21
RMP2,2021-03-16,7895.0,-0.15
RMP2,2021-03-16,7900.0,-0.09
RMP2,2021-03-16,7905.0,0.03
RMP2,2021-03-16,7910.0,0.09
RMP2,2021-03-16,7915.0,0.15
RMP2,2021-03-16,7920.0,0.21
RMP2,2021-03-16,7925.0,0.27
RMP2,2021-03-16,7930.0,0.33
RMP2,2021-03-16,7935.0,0.39
RMP2,2021-03-16,7940.0,0.45
RMP2,2021-03-16,7945.0,0.51
RMP2,2021-03-16,7950.0,1.38
RMP2,2021-03-16,7955.0,1.75
RMP2,2021-03-16,7960.0,2.25
RMP2,2021-03-16,8000.0,3.66
RMP2,2021-03-16,8050.0,3.84
RMP2,2021-03-16,8100.0,3.02
RMP2,2021-03-16,8150.0,2.84
RMP2,2021-03-16,8156.0,1.42
RMP2,2021-03-16,8160.0,0.39
RMP2,2021-03-16,8165.0,0.39
RMP2,2021-03-16,8170.0,0.59
RMP2,2021-03-16,8175.0,0.06
RMP2,2021-03-16,8180.0,-0.51
RMP2,2021-03-16,8185.0,-0.16
RMP2,2021-03-16,8190.0,-0.19
RMP2,2021-03-16,8195.0,-0.14
RMP2,2021-03-16,8200.0,-0.13
RMP2,2021-03-16,8203.0,-0.13
RMP2,2021-03-16,8206.0,1.42
RMP2,2021-03-16,8209.0,1.93
RMP2,2021-03-16,8211.0,2.76
RMP2,2021-03-16,8215.0,3.26
RMP2,2021-03-16,8217.0,4.23
RMP2,2021-03-16,8230.0,5.21
RMP2,2021-03-16,8250.0,4.67
RMP2,2021-03-16,8280.0,3.06
RMP2,2021-03-16,8286.0,1.37
RMP2,2021-03-16,8290.0,1.23
RMP2,2021-03-16,8295.0,1.01
RMP2,2021-03-16,8300.0,0.86
RMP2,2021-03-16,8305.0,0.33
RMP2,2021-03-16,8310.0,-0.15
RMP2,2021-03-16,8315.0,0.25
RMP2,2021-03-16,8320.0,0.45
RMP2,2021-03-16,8325.0,0.56
RMP2,2021-03-16,8330.0,1.02
RMP2,2021-03-16,8334.0,1.37
RMP2,2021-03-16,8337.0,3.4
RMP2,2021-03-16,8340.0,5.5
RMP2,2021-03-16,8346.0,6.06
RMP2,2021-03-16,8370.0,6.16
RMP2,2021-03-16,8380.0,6.12
RMP2,2021-03-16,8400.0,6.18
RMP2,2021-03-16,8430.0,5.6
RMP2,2021-03-16,8460.0,5.86
RMP2,2021-03-16,8480.0,5.57
RMP2,2021-03-16,8480.0,5.97
RMP2,2022-03-11,0.0,4.58
RMP2,2022-03-11,0.0,4.25
RMP2,2022-03-11,40.0,4.5
RMP2,2022-03-11,70.0,5.3
RMP2,2022-03-11,100.0,6.2
RMP2,2022-03-11,140.0,6.12
RMP2,2022-03-11,170.0,5.7
RMP2,2022-03-11,175.0,6.08
RMP2,2022-03-11,175.0,6.51
RMP2,2022-03-11,176.0,6.5
RMP2,2022-03-11,177.0,7.01
RMP2,2022-03-11,180.0,7.02
RMP2,2022-03-11,184.0,6.4
RMP2,2022-03-11,200.0,5.77
RMP2,2022-03-11,230.0,5.6
RMP2,2022-03-11,233.0,5.45
RMP2,2022-03-11,236.0,4.18
RMP2,2022-03-11,240.0,3.06
RMP2,2022-03-11,243.0,2.76
RMP2,2022-03-11,244.0,0.97
RMP2,2022-03-11,247.0,0.15
RMP2,2022-03-11,249.0,0.03
RMP2,2022-03-11,251.0,0.07
RMP2,2022-03-11,253.0,0.1
RMP2,2022-03-11,256.0,0.07
RMP2,2022-03-11,259.0,0.1
RMP2,2022-03-11,261.0,0.02
RMP2,2022-03-11,264.0,-0.15
RMP2,2022-03-11,267.0,-0.2
RMP2,2022-03-11,269.0,-0.29
RMP2,2022-03-11,272.0,-0.23
RMP2,2022-03-11,274.0,-0.16
RMP2,2022-03-11,277.0,-0.22
RMP2,2022-03-11,279.0,-0.17
RMP2,2022-03-11,282.0,-0.2
RMP2,2022-03-11,284.0,-0.24
RMP2,2022-03-11,287.0,-0.3
RMP2,2022-03-11,289.0,-0.26
RMP2,2022-03-11,291.0,-0.32
RMP2,2022-03-11,294.0,-0.43
RMP2,2022-03-11,296.0,-0.53
RMP2,2022-03-11,298.0,-0.53
RMP2,2022-03-11,301.0,-0.58
RMP2,2022-03-11,303.0,-0.65
RMP2,2022-03-11,305.0,-0.67
RMP2,2022-03-11,307.0,-0.69
RMP2,2022-03-11,310.0,-0.61
RMP2,2022-03-11,312.0,-0.63
RMP2,2022-03-11,314.0,-0.67
RMP2,2022-03-11,316.0,-0.71
RMP2,2022-03-11,318.0,-0.9
RMP2,2022-03-11,320.0,-0.99
RMP2,2022-03-11,323.0,-0.97
RMP2,2022-03-11,325.0,-1.01
RMP2,2022-03-11,327.0,-1.03
RMP2,2022-03-11,329.0,-1.06
RMP2,2022-03-11,331.0,-1.05
RMP2,2022-03-11,333.0,-1.04
RMP2,2022-03-11,335.0,-1.03
RMP2,2022-03-11,337.0,-1.03
RMP2,2022-03-11,339.0,-1.03
RMP2,2022-03-11,341.0,-0.97
RMP2,2022-03-11,343.0,-1.04
RMP2,2022-03-11,345.0,-1.06
RMP2,2022-03-11,347.0,-0.99
RMP2,2022-03-11,349.0,-0.99
RMP2,2022-03-11,351.0,-0.97
RMP2,2022-03-11,353.0,-0.96
RMP2,2022-03-11,355.0,-0.84
RMP2,2022-03-11,357.0,-0.78
RMP2,2022-03-11,359.0,-0.65
RMP2,2022-03-11,361.0,-0.67
RMP2,2022-03-11,363.0,-0.62
RMP2,2022-03-11,365.0,-0.52
RMP2,2022-03-11,366.0,-0.51
RMP2,2022-03-11,368.0,-0.48
RMP2,2022-03-11,370.0,-0.47
RMP2,2022-03-11,372.0,-0.51
RMP2,2022-03-11,375.0,-0.36
RMP2,2022-03-11,376.0,-0.36
RMP2,2022-03-11,378.0,-0.39
RMP2,2022-03-11,380.0,-0.41
RMP2,2022-03-11,382.0,-0.45
RMP2,2022-03-11,384.0,-0.42
RMP2,2022-03-11,386.0,-0.42
RMP2,2022-03-11,388.0,-0.41
RMP2,2022-03-11,390.0,-0.43
RMP2,2022-03-11,392.0,-0.44
RMP2,2022-03-11,394.0,-0.48
RMP2,2022-03-11,395.0,-0.48
RMP2,2022-03-11,397.0,0.55
RMP2,2022-03-11,400.0,0.52
RMP2,2022-03-11,405.0,0.42
RMP2,2022-03-11,410.0,0.43
RMP2,2022-03-11,415.0,0.46
RMP2,2022-03-11,420.0,0.48
RMP2,2022-03-11,425.0,0.14
RMP2,2022-03-11,430.0,0.28
RMP2,2022-03-11,435.0,0.47
RMP2,2022-03-11,440.0,0.46
RMP2,2022-03-11,445.0,0.41
RMP2,2022-03-11,450.0,0.38
RMP2,2022-03-11,455.0,0.36
RMP2,2022-03-11,460.0,0.34
RMP2,2022-03-11,465.0,0.32
RMP2,2022-03-11,470.0,0.39
RMP2,2022-03-11,475.0,0.29
RMP2,2022-03-11,480.0,0.28
RMP2,2022-03-11,485.0,0.37
RMP2,2022-03-11,490.0,0.4
RMP2,2022-03-11,495.0,0.42
RMP2,2022-03-11,500.0,0.38
RMP2,2022-03-11,505.0,0.46
RMP2,2022-03-11,510.0,0.42
RMP2,2022-03-11,515.0,0.47
RMP2,2022-03-11,520.0,0.46
RMP2,2022-03-11,525.0,0.28
RMP2,2022-03-11,530.0,0.1
RMP2,2022-03-11,535.0,-0.28
RMP2,2022-03-11,540.0,-1.97
RMP2,2022-03-11,545.0,-0.33
RMP2,2022-03-11,550.0,-3.45
RMP2,2022-03-11,552.0,-3.54
RMP2,2022-03-11,554.0,-3.73
RMP2,2022-03-11,558.0,-3.77
RMP2,2022-03-11,562.0,-4.02
RMP2,2022-03-11,566.0,-4.46
RMP2,2022-03-11,570.0,-5.23
RMP2,2022-03-11,574.0,-5.61
RMP2,2022-03-11,579.0,-6.42
RMP2,2022-03-11,584.0,-7.0
RMP2,2022-03-11,588.0,-7.73
RMP2,2022-03-11,594.0,-7.83
RMP2,2022-03-11,598.0,-8.49
RMP2,2022-03-11,604.0,-8.9
RMP2,2022-03-11,610.0,-10.04
RMP2,2022-03-11,620.0,-12.77
RMP2,2022-03-11,624.0,-12.83
RMP2,2022-03-11,628.0,-12.91
RMP2,2022-03-11,632.0,-13.12
RMP2,2022-03-11,635.0,-13.42
RMP2,2022-03-11,639.0,-13.75
RMP2,2022-03-11,642.0,-14.04
RMP2,2022-03-11,646.0,-14.19
RMP2,2022-03-11,650.0,-14.51
RMP2,2022-03-11,655.0,-14.48
RMP2,2022-03-11,661.0,-14.76
RMP2,2022-03-11,666.0,-14.65
RMP2,2022-03-11,670.0,-14.65
RMP2,2022-03-11,676.0,-14.94
RMP2,2022-03-11,682.0,-15.68
RMP2,2022-03-11,688.0,-16.35
RMP2,2022-03-11,693.0,-15.37
RMP2,2022-03-11,698.0,-15.24
RMP2,2022-03-11,703.0,-14.9
RMP2,2022-03-11,707.0,-15.08
RMP2,2022-03-11,711.0,-15.54
RMP2,2022-03-11,715.0,-15.14
RMP2,2022-03-11,718.0,-14.9
RMP2,2022-03-11,722.0,-14.75
RMP2,2022-03-11,725.0,-14.75
RMP2,2022-03-11,728.0,-14.74
RMP2,2022-03-11,731.0,-14.76
RMP2,2022-03-11,733.0,-15.49
RMP2,2022-03-11,738.0,-15.54
RMP2,2022-03-11,741.0,-16.01
RMP2,2022-03-11,744.0,-16.0
RMP2,2022-03-11,747.0,-15.76
RMP2,2022-03-11,750.0,-15.92
RMP2,2022-03-11,753.0,-15.82
RMP2,2022-03-11,757.0,-13.83
RMP2,2022-03-11,759.0,-13.7
RMP2,2022-03-11,762.0,-13.7
RMP2,2022-03-11,765.0,-13.76
RMP2,2022-03-11,768.0,-13.74
RMP2,2022-03-11,771.0,-13.55
RMP2,2022-03-11,775.0,-13.68
RMP2,2022-03-11,778.0,-13.78
RMP2,2022-03-11,782.0,-13.85
RMP2,2022-03-11,785.0,-13.82
RMP2,2022-03-11,789.0,-14.02
RMP2,2022-03-11,793.0,-14.16
RMP2,2022-03-11,797.0,-13.81
RMP2,2022-03-11,800.0,-13.69
RMP2,2022-03-11,804.0,-13.7
RMP2,2022-03-11,808.0,-13.42
RMP2,2022-03-11,812.0,-13.57
RMP2,2022-03-11,816.0,-13.73
RMP2,2022-03-11,819.0,-13.45
RMP2,2022-03-11,823.0,-13.38
RMP2,2022-03-11,827.0,-13.34
RMP2,2022-03-11,830.0,-13.37
RMP2,2022-03-11,834.0,-13.37
RMP2,2022-03-11,837.0,-13.33
RMP2,2022-03-11,841.0,-13.24
RMP2,2022-03-11,844.0,-13.12
RMP2,2022-03-11,848.0,-12.96
RMP2,2022-03-11,852.0,-12.79
RMP2,2022-03-11,855.0,-12.67
RMP2,2022-03-11,860.0,-12.52
RMP2,2022-03-11,864.0,-12.37
RMP2,2022-03-11,868.0,-12.22
RMP2,2022-03-11,872.0,-12.04
RMP2,2022-03-11,877.0,-11.95
RMP2,2022-03-11,881.0,-11.8
RMP2,2022-03-11,885.0,-11.8
RMP2,2022-03-11,890.0,-11.89
RMP2,2022-03-11,894.0,-11.72
RMP2,2022-03-11,899.0,-11.5
RMP2,2022-03-11,903.0,-11.57
RMP2,2022-03-11,908.0,-11.4
RMP2,2022-03-11,913.0,-11.21
RMP2,2022-03-11,918.0,-11.11
RMP2,2022-03-11,923.0,-10.98
RMP2,2022-03-11,927.0,-10.9
RMP2,2022-03-11,932.0,-10.8
RMP2,2022-03-11,937.0,-10.64
RMP2,2022-03-11,942.0,-10.63
RMP2,2022-03-11,946.0,-10.59
RMP2,2022-03-11,951.0,-10.45
RMP2,2022-03-11,956.0,-10.3
RMP2,2022-03-11,961.0,-10.22
RMP2,2022-03-11,965.0,-10.08
RMP2,2022-03-11,970.0,-10.0
RMP2,2022-03-11,974.0,-9.97
RMP2,2022-03-11,978.0,-9.91
RMP2,2022-03-11,983.0,-9.79
RMP2,2022-03-11,987.0,-9.63
RMP2,2022-03-11,991.0,-9.53
RMP2,2022-03-11,994.0,-9.46
RMP2,2022-03-11,998.0,-9.36
RMP2,2022-03-11,1001.0,-9.32
RMP2,2022-03-11,1005.0,-9.2
RMP2,2022-03-11,1008.0,-9.09
RMP2,2022-03-11,1012.0,-8.99
RMP2,2022-03-11,1016.0,-8.9
RMP2,2022-03-11,1020.0,-8.77
RMP2,2022-03-11,1024.0,-8.67
RMP2,2022-03-11,1028.0,-8.53
RMP2,2022-03-11,1032.0,-8.43
RMP2,2022-03-11,1037.0,-8.29
RMP2,2022-03-11,1041.0,-8.15
RMP2,2022-03-11,1045.0,-8.02
RMP2,2022-03-11,1049.0,-7.89
RMP2,2022-03-11,1053.0,-7.73
RMP2,2022-03-11,1058.0,-7.61
RMP2,2022-03-11,1062.0,-7.44
RMP2,2022-03-11,1066.0,-7.34
RMP2,2022-03-11,1071.0,-7.24
RMP2,2022-03-11,1075.0,-7.05
RMP2,2022-03-11,1079.0,-7.11
RMP2,2022-03-11,1084.0,-7.1
RMP2,2022-03-11,1088.0,-6.79
RMP2,2022-03-11,1093.0,-6.65
RMP2,2022-03-11,1098.0,-6.37
RMP2,2022-03-11,1103.0,-6.24
RMP2,2022-03-11,1107.0,-6.1
RMP2,2022-03-11,1111.0,-6.31
RMP2,2022-03-11,1115.0,-6.13
RMP2,2022-03-11,1119.0,-6.04
RMP2,2022-03-11,1123.0,-5.84
RMP2,2022-03-11,1127.0,-5.75
RMP2,2022-03-11,1130.0,-6.1
RMP2,2022-03-11,1133.0,-6.38
RMP2,2022-03-11,1136.0,-5.49
RMP2,2022-03-11,1139.0,-5.19
RMP2,2022-03-11,1141.0,-5.31
RMP2,2022-03-11,1144.0,-5.38
RMP2,2022-03-11,1147.0,-5.37
RMP2,2022-03-11,1149.0,-5.58
RMP2,2022-03-11,1152.0,-6.15
RMP2,2022-03-11,1154.0,-7.05
RMP2,2022-03-11,1157.0,-7.41
RMP2,2022-03-11,1159.0,-7.1
RMP2,2022-03-11,1161.0,-6.44
RMP2,2022-03-11,1164.0,-6.02
RMP2,2022-03-11,1166.0,-5.92
RMP2,2022-03-11,1169.0,-5.86
RMP2,2022-03-11,1171.0,-5.94
RMP2,2022-03-11,1174.0,-6.03
RMP2,2022-03-11,1176.0,-6.21
RMP2,2022-03-11,1179.0,-6.42
RMP2,2022-03-11,1182.0,-6.53
RMP2,2022-03-11,1184.0,-6.73
RMP2,2022-03-11,1187.0,-7.1
RMP2,2022-03-11,1189.0,-7.29
RMP2,2022-03-11,1192.0,-7.43
RMP2,2022-03-11,1195.0,-7.64
RMP2,2022-03-11,1197.0,-7.96
RMP2,2022-03-11,1200.0,-8.4
RMP2,2022-03-11,1203.0,-8.61
RMP2,2022-03-11,1206.0,-8.34
RMP2,2022-03-11,1209.0,-8.05
RMP2,2022-03-11,1212.0,-8.64
RMP2,2022-03-11,1215.0,-9.36
RMP2,2022-03-11,1218.0,-9.07
RMP2,2022-03-11,1221.0,-9.23
RMP2,2022-03-11,1224.0,-9.76
RMP2,2022-03-11,1228.0,-10.82
RMP2,2022-03-11,1231.0,-10.45
RMP2,2022-03-11,1234.0,-9.64
RMP2,2022-03-11,1237.0,-9.46
RMP2,2022-03-11,1240.0,-9.64
RMP2,2022-03-11,1242.0,-10.21
RMP2,2022-03-11,1245.0,-10.5
RMP2,2022-03-11,1248.0,-10.72
RMP2,2022-03-11,1250.0,-10.76
RMP2,2022-03-11,1253.0,-10.89
RMP2,2022-03-11,1256.0,-11.14
RMP2,2022-03-11,1258.0,-11.13
RMP2,2022-03-11,1261.0,-11.51
RMP2,2022-03-11,1264.0,-11.48
RMP2,2022-03-11,1266.0,-11.13
RMP2,2022-03-11,1271.0,-13.49
RMP2,2022-03-11,1273.0,-12.75
RMP2,2022-03-11,1276.0,-11.65
RMP2,2022-03-11,1279.0,-10.81
RMP2,2022-03-11,1281.0,-10.72
RMP2,2022-03-11,1284.0,-10.52
RMP2,2022-03-11,1287.0,-10.42
RMP2,2022-03-11,1290.0,-10.22
RMP2,2022-03-11,1293.0,-10.59
RMP2,2022-03-11,1296.0,-10.94
RMP2,2022-03-11,1299.0,-11.05
RMP2,2022-03-11,1303.0,-11.17
RMP2,2022-03-11,1306.0,-11.29
RMP2,2022-03-11,1310.0,-11.56
RMP2,2022-03-11,1314.0,-11.27
RMP2,2022-03-11,1318.0,-11.41
RMP2,2022-03-11,1322.0,-11.88
RMP2,2022-03-11,1326.0,-11.81
RMP2,2022-03-11,1330.0,-11.83
RMP2,2022-03-11,1334.0,-10.68
RMP2,2022-03-11,1338.0,-10.72
RMP2,2022-03-11,1342.0,-10.91
RMP2,2022-03-11,1346.0,-10.07
RMP2,2022-03-11,1351.0,-10.0
RMP2,2022-03-11,1355.0,-10.19
RMP2,2022-03-11,1359.0,-10.36
RMP2,2022-03-11,1363.0,-10.44
RMP2,2022-03-11,1366.0,-10.6
RMP2,2022-03-11,1370.0,-10.58
RMP2,2022-03-11,1373.0,-10.62
RMP2,2022-03-11,1377.0,-10.63
RMP2,2022-03-11,1380.0,-10.57
RMP2,2022-03-11,1383.0,-10.63
RMP2,2022-03-11,1386.0,-10.68
RMP2,2022-03-11,1389.0,-10.82
RMP2,2022-03-11,1392.0,-10.86
RMP2,2022-03-11,1395.0,-10.99
RMP2,2022-03-11,1398.0,-11.05
RMP2,2022-03-11,1402.0,-10.93
RMP2,2022-03-11,1405.0,-10.89
RMP2,2022-03-11,1409.0,-11.02
RMP2,2022-03-11,1413.0,-11.05
RMP2,2022-03-11,1417.0,-11.18
RMP2,2022-03-11,1421.0,-11.18
RMP2,2022-03-11,1425.0,-11.39
RMP2,2022-03-11,1429.0,-11.87
RMP2,2022-03-11,1433.0,-12.35
RMP2,2022-03-11,1437.0,-12.24
RMP2,2022-03-11,1441.0,-11.84
RMP2,2022-03-11,1445.0,-11.86
RMP2,2022-03-11,1449.0,-12.03
RMP2,2022-03-11,1453.0,-12.05
RMP2,2022-03-11,1457.0,-12.02
RMP2,2022-03-11,1461.0,-11.51
RMP2,2022-03-11,1465.0,-11.21
RMP2,2022-03-11,1468.0,-11.16
RMP2,2022-03-11,1472.0,-10.94
RMP2,2022-03-11,1475.0,-10.71
RMP2,2022-03-11,1479.0,-10.54
RMP2,2022-03-11,1482.0,-10.45
RMP2,2022-03-11,1485.0,-10.43
RMP2,2022-03-11,1488.0,-10.46
RMP2,2022-03-11,1491.0,-10.6
RMP2,2022-03-11,1493.0,-10.77
RMP2,2022-03-11,1496.0,-10.72
RMP2,2022-03-11,1499.0,-10.57
RMP2,2022-03-11,1502.0,-10.51
RMP2,2022-03-11,1504.0,-10.59
RMP2,2022-03-11,1506.0,-10.75
RMP2,2022-03-11,1509.0,-10.95
RMP2,2022-03-11,1511.0,-11.38
RMP2,2022-03-11,1514.0,-11.74
RMP2,2022-03-11,1517.0,-11.59
RMP2,2022-03-11,1519.0,-11.45
RMP2,2022-03-11,1523.0,-11.44
RMP2,2022-03-11,1526.0,-11.72
RMP2,2022-03-11,1529.0,-12.15
RMP2,2022-03-11,1532.0,-13.04
RMP2,2022-03-11,1535.0,-13.28
RMP2,2022-03-11,1539.0,-12.95
RMP2,2022-03-11,1542.0,-13.09
RMP2,2022-03-11,1545.0,-13.19
RMP2,2022-03-11,1549.0,-13.1
RMP2,2022-03-11,1552.0,-12.79
RMP2,2022-03-11,1556.0,-12.19
RMP2,2022-03-11,1560.0,-12.19
RMP2,2022-03-11,1563.0,-12.24
RMP2,2022-03-11,1567.0,-12.35
RMP2,2022-03-11,1571.0,-13.74
RMP2,2022-03-11,1574.0,-14.23
RMP2,2022-03-11,1579.0,-12.87
RMP2,2022-03-11,1583.0,-13.51
RMP2,2022-03-11,1587.0,-12.26
RMP2,2022-03-11,1590.0,-11.83
RMP2,2022-03-11,1594.0,-12.21
RMP2,2022-03-11,1597.0,-12.35
RMP2,2022-03-11,1600.0,-12.57
RMP2,2022-03-11,1604.0,-11.84
RMP2,2022-03-11,1607.0,-11.45
RMP2,2022-03-11,1610.0,-12.21
RMP2,2022-03-11,1612.0,-13.05
RMP2,2022-03-11,1615.0,-12.69
RMP2,2022-03-11,1618.0,-11.67
RMP2,2022-03-11,1621.0,-11.57
RMP2,2022-03-11,1624.0,-11.6
RMP2,2022-03-11,1626.0,-11.58
RMP2,2022-03-11,1630.0,-11.69
RMP2,2022-03-11,1633.0,-11.85
RMP2,2022-03-11,1636.0,-11.92
RMP2,2022-03-11,1640.0,-12.59
RMP2,2022-03-11,1645.0,-10.41
RMP2,2022-03-11,1648.0,-11.0
RMP2,2022-03-11,1652.0,-11.52
RMP2,2022-03-11,1655.0,-12.11
RMP2,2022-03-11,1660.0,-9.73
RMP2,2022-03-11,1664.0,-9.52
RMP2,2022-03-11,1667.0,-9.64
RMP2,2022-03-11,1671.0,-9.91
RMP2,2022-03-11,1674.0,-10.04
RMP2,2022-03-11,1678.0,-10.07
RMP2,2022-03-11,1682.0,-9.99
RMP2,2022-03-11,1685.0,-10.17
RMP2,2022-03-11,1689.0,-11.38
RMP2,2022-03-11,1693.0,-10.49
RMP2,2022-03-11,1697.0,-10.18
RMP2,2022-03-11,1700.0,-9.55
RMP2,2022-03-11,1704.0,-9.41
RMP2,2022-03-11,1707.0,-9.5
RMP2,2022-03-11,1711.0,-9.55
RMP2,2022-03-11,1714.0,-9.89
RMP2,2022-03-11,1718.0,-9.15
RMP2,2022-03-11,1721.0,-9.11
RMP2,2022-03-11,1725.0,-9.73
RMP2,2022-03-11,1728.0,-8.94
RMP2,2022-03-11,1732.0,-9.68
RMP2,2022-03-11,1736.0,-9.32
RMP2,2022-03-11,1740.0,-8.63
RMP2,2022-03-11,1744.0,-8.64
RMP2,2022-03-11,1747.0,-8.32
RMP2,2022-03-11,1751.0,-8.37
RMP2,2022-03-11,1755.0,-8.29
RMP2,2022-03-11,1759.0,-8.64
RMP2,2022-03-11,1763.0,-8.55
RMP2,2022-03-11,1767.0,-8.11
RMP2,2022-03-11,1771.0,-8.07
RMP2,2022-03-11,1775.0,-8.5
RMP2,2022-03-11,1778.0,-8.27
RMP2,2022-03-11,1782.0,-8.36
RMP2,2022-03-11,1785.0,-8.15
RMP2,2022-03-11,1789.0,-8.37
RMP2,2022-03-11,1792.0,-8.29
RMP2,2022-03-11,1795.0,-8.18
RMP2,2022-03-11,1799.0,-8.32
RMP2,2022-03-11,1802.0,-8.1
RMP2,2022-03-11,1806.0,-7.38
RMP2,2022-03-11,1810.0,-7.12
RMP2,2022-03-11,1813.0,-7.06
RMP2,2022-03-11,1817.0,-6.85
RMP2,2022-03-11,1820.0,-6.91
RMP2,2022-03-11,1823.0,-7.17
RMP2,2022-03-11,1825.0,-7.14
RMP2,2022-03-11,1828.0,-7.26
RMP2,2022-03-11,1830.0,-7.53
RMP2,2022-03-11,1833.0,-7.03
RMP2,2022-03-11,1836.0,-6.47
RMP2,2022-03-11,1839.0,-7.19
RMP2,2022-03-11,1842.0,-6.98
RMP2,2022-03-11,1846.0,-6.72
RMP2,2022-03-11,1850.0,-6.54
RMP2,2022-03-11,1855.0,-6.46
RMP2,2022-03-11,1864.0,-6.31
RMP2,2022-03-11,1867.0,-6.4
RMP2,2022-03-11,1870.0,-7.36
RMP2,2022-03-11,1873.0,-8.06
RMP2,2022-03-11,1877.0,-6.28
RMP2,2022-03-11,1880.0,-6.25
RMP2,2022-03-11,1883.0,-6.93
RMP2,2022-03-11,1887.0,-5.58
RMP2,2022-03-11,1890.0,-5.5
RMP2,2022-03-11,1893.0,-5.58
RMP2,2022-03-11,1896.0,-5.54
RMP2,2022-03-11,1899.0,-5.79
RMP2,2022-03-11,1903.0,-6.04
RMP2,2022-03-11,1906.0,-6.51
RMP2,2022-03-11,1909.0,-7.01
RMP2,2022-03-11,1913.0,-6.35
RMP2,2022-03-11,1916.0,-5.7
RMP2,2022-03-11,1919.0,-5.48
RMP2,2022-03-11,1923.0,-5.44
RMP2,2022-03-11,1926.0,-5.5
RMP2,2022-03-11,1929.0,-5.61
RMP2,2022-03-11,1932.0,-5.61
RMP2,2022-03-11,1935.0,-5.77
RMP2,2022-03-11,1937.0,-5.91
RMP2,2022-03-11,1940.0,-5.68
RMP2,2022-03-11,1943.0,-5.68
RMP2,2022-03-11,1946.0,-5.57
RMP2,2022-03-11,1948.0,-5.66
RMP2,2022-03-11,1951.0,-5.59
RMP2,2022-03-11,1953.0,-5.43
RMP2,2022-03-11,1957.0,-5.34
RMP2,2022-03-11,1960.0,-5.12
RMP2,2022-03-11,1963.0,-5.36
RMP2,2022-03-11,1965.0,-5.32
RMP2,2022-03-11,1968.0,-5.28
RMP2,2022-03-11,1971.0,-5.12
RMP2,2022-03-11,1974.0,-5.44
RMP2,2022-03-11,1977.0,-5.82
RMP2,2022-03-11,1980.0,-5.93
RMP2,2022-03-11,1983.0,-5.5
RMP2,2022-03-11,1986.0,-5.55
RMP2,2022-03-11,1989.0,-5.85
RMP2,2022-03-11,1992.0,-6.1
RMP2,2022-03-11,1995.0,-5.75
RMP2,2022-03-11,1998.0,-5.57
RMP2,2022-03-11,2001.0,-5.49
RMP2,2022-03-11,2004.0,-6.07
RMP2,2022-03-11,2008.0,-5.81
RMP2,2022-03-11,2011.0,-5.54
RMP2,2022-03-11,2014.0,-5.37
RMP2,2022-03-11,2017.0,-5.9
RMP2,2022-03-11,2024.0,-4.84
RMP2,2022-03-11,2027.0,-5.0
RMP2,2022-03-11,2030.0,-5.86
RMP2,2022-03-11,2034.0,-5.68
RMP2,2022-03-11,2037.0,-5.44
RMP2,2022-03-11,2040.0,-5.3
RMP2,2022-03-11,2043.0,-5.29
RMP2,2022-03-11,2047.0,-4.99
RMP2,2022-03-11,2050.0,-5.22
RMP2,2022-03-11,2054.0,-5.37
RMP2,2022-03-11,2058.0,-5.26
RMP2,2022-03-11,2062.0,-5.62
RMP2,2022-03-11,2066.0,-6.25
RMP2,2022-03-11,2070.0,-5.92
RMP2,2022-03-11,2075.0,-4.26
RMP2,2022-03-11,2079.0,-3.95
RMP2,2022-03-11,2083.0,-3.77
RMP2,2022-03-11,2087.0,-3.67
RMP2,2022-03-11,2091.0,-3.35
RMP2,2022-03-11,2095.0,-2.93
RMP2,2022-03-11,2098.0,-2.82
RMP2,2022-03-11,2102.0,-2.64
RMP2,2022-03-11,2106.0,-2.88
RMP2,2022-03-11,2110.0,-3.0
RMP2,2022-03-11,2114.0,-2.33
RMP2,2022-03-11,2118.0,-2.02
RMP2,2022-03-11,2122.0,-2.1
RMP2,2022-03-11,2125.0,-2.05
RMP2,2022-03-11,2129.0,-1.37
RMP2,2022-03-11,2133.0,-0.93
RMP2,2022-03-11,2137.0,-0.27
RMP2,2022-03-11,2141.0,-0.26
RMP2,2022-03-11,2145.0,-1.06
RMP2,2022-03-11,2149.0,0.01
RMP2,2022-03-11,2152.0,-0.08
RMP2,2022-03-11,2156.0,-0.13
RMP2,2022-03-11,2161.0,-0.31
RMP2,2022-03-11,2165.0,-0.54
RMP2,2022-03-11,2169.0,-0.95
RMP2,2022-03-11,2174.0,-0.79
RMP2,2022-03-11,2178.0,-0.83
RMP2,2022-03-11,2183.0,-1.08
RMP2,2022-03-11,2188.0,-1.44
RMP2,2022-03-11,2192.0,-1.04
RMP2,2022-03-11,2196.0,-1.31
RMP2,2022-03-11,2200.0,-1.26
RMP2,2022-03-11,2204.0,-1.22
RMP2,2022-03-11,2208.0,-1.58
RMP2,2022-03-11,2212.0,-1.48
RMP2,2022-03-11,2215.0,-1.68
RMP2,2022-03-11,2219.0,-1.67
RMP2,2022-03-11,2222.0,-1.58
RMP2,2022-03-11,2226.0,-1.48
RMP2,2022-03-11,2229.0,-1.42
RMP2,2022-03-11,2233.0,-1.47
RMP2,2022-03-11,2236.0,-1.41
RMP2,2022-03-11,2240.0,-1.58
RMP2,2022-03-11,2243.0,-1.5
RMP2,2022-03-11,2247.0,-1.22
RMP2,2022-03-11,2251.0,-1.3
RMP2,2022-03-11,2255.0,-1.74
RMP2,2022-03-11,2258.0,-1.69
RMP2,2022-03-11,2262.0,-1.66
RMP2,2022-03-11,2266.0,-1.78
RMP2,2022-03-11,2270.0,-2.15
RMP2,2022-03-11,2274.0,-1.8
RMP2,2022-03-11,2278.0,-1.59
RMP2,2022-03-11,2282.0,-1.75
RMP2,2022-03-11,2286.0,-1.74
RMP2,2022-03-11,2290.0,-1.78
RMP2,2022-03-11,2294.0,-1.29
RMP2,2022-03-11,2298.0,-1.28
RMP2,2022-03-11,2303.0,-1.25
RMP2,2022-03-11,2307.0,-1.26
RMP2,2022-03-11,2310.0,-1.22
RMP2,2022-03-11,2314.0,-1.2
RMP2,2022-03-11,2317.0,-1.05
RMP2,2022-03-11,2321.0,-0.92
RMP2,2022-03-11,2324.0,-0.78
RMP2,2022-03-11,2327.0,-0.69
RMP2,2022-03-11,2330.0,-0.63
RMP2,2022-03-11,2333.0,-0.59
RMP2,2022-03-11,2336.0,-0.59
RMP2,2022-03-11,2339.0,-0.54
RMP2,2022-03-11,2342.0,-0.56
RMP2,2022-03-11,2345.0,-0.53
RMP2,2022-03-11,2348.0,-0.54
RMP2,2022-03-11,2351.0,-0.54
RMP2,2022-03-11,2354.0,-0.59
RMP2,2022-03-11,2357.0,-0.62
RMP2,2022-03-11,2360.0,-0.68
RMP2,2022-03-11,2364.0,-0.74
RMP2,2022-03-11,2367.0,-0.78
RMP2,2022-03-11,2370.0,-0.8
RMP2,2022-03-11,2373.0,-0.74
RMP2,2022-03-11,2376.0,-0.65
RMP2,2022-03-11,2379.0,-0.58
RMP2,2022-03-11,2381.0,-0.44
RMP2,2022-03-11,2384.0,-0.35
RMP2,2022-03-11,2386.0,-0.27
RMP2,2022-03-11,2388.0,-0.14
RMP2,2022-03-11,2390.0,-0.11
RMP2,2022-03-11,2395.0,-0.18
RMP2,2022-03-11,2400.0,-0.21
RMP2,2022-03-11,2405.0,-0.23
RMP2,2022-03-11,2410.0,-0.18
RMP2,2022-03-11,2415.0,-0.14
RMP2,2022-03-11,2420.0,-0.22
RMP2,2022-03-11,2425.0,-0.2
RMP2,2022-03-11,2430.0,-0.22
RMP2,2022-03-11,2435.0,-0.24
RMP2,2022-03-11,2440.0,-0.3
RMP2,2022-03-11,2445.0,-0.34
RMP2,2022-03-11,2450.0,-0.36
RMP2,2022-03-11,2455.0,-0.38
RMP2,2022-03-11,2460.0,-0.42
RMP2,2022-03-11,2465.0,-0.48
RMP2,2022-03-11,2470.0,-0.38
RMP2,2022-03-11,2475.0,-0.32
RMP2,2022-03-11,2480.0,-0.24
RMP2,2022-03-11,2485.0,-0.21
RMP2,2022-03-11,2490.0,-0.18
RMP2,2022-03-11,2495.0,-0.16
RMP2,2022-03-11,2500.0,-0.14
RMP2,2022-03-11,2505.0,-0.12
RMP2,2022-03-11,2510.0,-0.13
RMP2,2022-03-11,2515.0,-0.1
RMP2,2022-03-11,2520.0,-0.06
RMP2,2022-03-11,2525.0,0.02
RMP2,2022-03-11,2530.0,0.04
RMP2,2022-03-11,2535.0,0.06
RMP2,2022-03-11,2540.0,0.11
RMP2,2022-03-11,2545.0,0.15
RMP2,2022-03-11,2550.0,0.18
RMP2,2022-03-11,2555.0,0.22
RMP2,2022-03-11,2560.0,0.23
RMP2,2022-03-11,2565.0,0.24
RMP2,2022-03-11,2570.0,0.23
RMP2,2022-03-11,2575.0,0.22
RMP2,2022-03-11,2580.0,0.23
RMP2,2022-03-11,2585.0,0.22
RMP2,2022-03-11,2590.0,0.18
RMP2,2022-03-11,2595.0,0.16
RMP2,2022-03-11,2600.0,0.15
RMP2,2022-03-11,2605.0,0.16
RMP2,2022-03-11,2610.0,0.14
RMP2,2022-03-11,2615.0,0.13
RMP2,2022-03-11,2620.0,0.11
RMP2,2022-03-11,2625.0,0.1
RMP2,2022-03-11,2630.0,0.08
RMP2,2022-03-11,2635.0,0.06
RMP2,2022-03-11,2640.0,0.04
RMP2,2022-03-11,2645.0,0.02
RMP2,2022-03-11,2650.0,0.03
RMP2,2022-03-11,2655.0,0.0
RMP2,2022-03-11,2660.0,-0.04
RMP2,2022-03-11,2665.0,-0.12
RMP2,2022-03-11,2670.0,-0.19
RMP2,2022-03-11,2675.0,-0.28
RMP2,2022-03-11,2680.0,-0.32
RMP2,2022-03-11,2685.0,-0.33
RMP2,2022-03-11,2690.0,-0.35
RMP2,2022-03-11,2695.0,-0.34
RMP2,2022-03-11,2700.0,-0.37
RMP2,2022-03-11,2705.0,-0.4
RMP2,2022-03-11,2710.0,-0.42
RMP2,2022-03-11,2715.0,-0.44
RMP2,2022-03-11,2720.0,-0.46
RMP2,2022-03-11,2725.0,-0.52
RMP2,2022-03-11,2730.0,-0.54
RMP2,2022-03-11,2735.0,-0.57
RMP2,2022-03-11,2740.0,-0.62
RMP2,2022-03-11,2745.0,-0.6
RMP2,2022-03-11,2750.0,-0.63
RMP2,2022-03-11,2755.0,-0.65
RMP2,2022-03-11,2760.0,-0.64
RMP2,2022-03-11,2765.0,-0.63
RMP2,2022-03-11,2770.0,-0.61
RMP2,2022-03-11,2775.0,-0.62
RMP2,2022-03-11,2780.0,-0.68
RMP2,2022-03-11,2785.0,-0.73
RMP2,2022-03-11,2790.0,-0.78
RMP2,2022-03-11,2795.0,-0.86
RMP2,2022-03-11,2800.0,-0.82
RMP2,2022-03-11,2805.0,-0.78
RMP2,2022-03-11,2810.0,-0.76
RMP2,2022-03-11,2815.0,-0.74
RMP2,2022-03-11,2820.0,-0.72
RMP2,2022-03-11,2825.0,-0.7
RMP2,2022-03-11,2830.0,-0.71
RMP2,2022-03-11,2835.0,-0.73
RMP2,2022-03-11,2840.0,-0.75
RMP2,2022-03-11,2845.0,-0.8
RMP2,2022-03-11,2850.0,-0.86
RMP2,2022-03-11,2855.0,-0.92
RMP2,2022-03-11,2860.0,-0.96
RMP2,2022-03-11,2865.0,-0.12
RMP2,2022-03-11,2870.0,0.15
RMP2,2022-03-11,2875.0,0.25
RMP2,2022-03-11,2880.0,0.46
RMP2,2022-03-11,2885.0,0.68
RMP2,2022-03-11,2890.0,0.86
RMP2,2022-03-11,2895.0,0.92
RMP2,2022-03-11,2900.0,0.97
RMP2,2022-03-11,2915.0,1.9
RMP2,2022-03-11,2950.0,1.8
RMP2,2022-03-11,2970.0,1.97
RMP2,2022-03-11,3000.0,2.06
RMP2,2022-03-11,3025.0,2.12
RMP2,2022-03-11,3050.0,2.16
RMP2,2022-03-11,3070.0,2.33
RMP2,2022-03-11,3100.0,2.4
RMP2,2022-03-11,3125.0,2.46
RMP2,2022-03-11,3150.0,2.55
RMP2,2022-03-11,3175.0,2.34
RMP2,2022-03-11,3200.0,2.16
RMP2,2022-03-11,3225.0,2.04
RMP2,2022-03-11,3250.0,1.8
RMP2,2022-03-11,3275.0,1.86
RMP2,2022-03-11,3300.0,1.94
RMP2,2022-03-11,3320.0,1.9
RMP2,2022-03-11,3350.0,1.88
RMP2,2022-03-11,3370.0,2.35
RMP2,2022-03-11,3400.0,2.5
RMP2,2022-03-11,3422.0,2.48
RMP2,2022-03-11,3450.0,2.46
RMP2,2022-03-11,3470.0,2.55
RMP2,2022-03-11,3500.0,2.62
RMP2,2022-03-11,3525.0,2.68
RMP2,2022-03-11,3550.0,2.77
RMP2,2022-03-11,3570.0,2.96
RMP2,2022-03-11,3600.0,3.04
RMP2,2022-03-11,3625.0,2.98
RMP2,2022-03-11,3650.0,3.0
RMP2,2022-03-11,3670.0,2.85
RMP2,2022-03-11,3700.0,2.7
RMP2,2022-03-11,3725.0,2.76
RMP2,2022-03-11,3750.0,2.85
RMP2,2022-03-11,3775.0,2.87
RMP2,2022-03-11,3800.0,2.84
RMP2,2022-03-11,3820.0,2.77
RMP2,2022-03-11,3850.0,2.69
RMP2,2022-03-11,3875.0,2.96
RMP2,2022-03-11,3900.0,3.1
RMP2,2022-03-11,3925.0,3.17
RMP2,2022-03-11,3950.0,3.22
RMP2,2022-03-11,3970.0,3.13
RMP2,2022-03-11,4000.0,3.06
RMP2,2022-03-11,4025.0,3.1
RMP2,2022-03-11,4050.0,3.16
RMP2,2022-03-11,4070.0,3.11
RMP2,2022-03-11,4100.0,3.08
RMP2,2022-03-11,4125.0,3.17
RMP2,2022-03-11,4150.0,3.28
RMP2,2022-03-11,4180.0,3.32
RMP2,2022-03-11,4200.0,3.26
RMP2,2022-03-11,4227.0,3.3
RMP2,2022-03-11,4250.0,3.36
RMP2,2022-03-11,4272.0,3.48
RMP2,2022-03-11,4300.0,3.6
RMP2,2022-03-11,4320.0,3.56
RMP2,2022-03-11,4350.0,3.42
RMP2,2022-03-11,4370.0,3.31
RMP2,2022-03-11,4400.0,3.19
RMP2,2022-03-11,4420.0,3.33
RMP2,2022-03-11,4450.0,3.44
RMP2,2022-03-11,4470.0,3.21
RMP2,2022-03-11,4500.0,3.07
RMP2,2022-03-11,4525.0,3.1
RMP2,2022-03-11,4550.0,3.13
RMP2,2022-03-11,4572.0,3.05
RMP2,2022-03-11,4600.0,3.0
RMP2,2022-03-11,4625.0,2.94
RMP2,2022-03-11,4650.0,2.84
RMP2,2022-03-11,4670.0,2.9
RMP2,2022-03-11,4700.0,2.94
RMP2,2022-03-11,4725.0,2.86
RMP2,2022-03-11,4750.0,2.7
RMP2,2022-03-11,4775.0,2.82
RMP2,2022-03-11,4800.0,2.89
RMP2,2022-03-11,4825.0,2.92
RMP2,2022-03-11,4850.0,2.96
RMP2,2022-03-11,4870.0,2.83
RMP2,2022-03-11,4900.0,2.76
RMP2,2022-03-11,4925.0,2.8
RMP2,2022-03-11,4950.0,2.74
RMP2,2022-03-11,4972.0,2.79
RMP2,2022-03-11,5000.0,2.84
RMP2,2022-03-11,5020.0,2.88
RMP2,2022-03-11,5050.0,2.89
RMP2,2022-03-11,5075.0,2.8
RMP2,2022-03-11,5100.0,2.77
RMP2,2022-03-11,5130.0,2.7
RMP2,2022-03-11,5150.0,2.66
RMP2,2022-03-11,5175.0,2.72
RMP2,2022-03-11,5200.0,2.69
RMP2,2022-03-11,5220.0,2.86
RMP2,2022-03-11,5250.0,2.94
RMP2,2022-03-11,5275.0,2.9
RMP2,2022-03-11,5300.0,2.84
RMP2,2022-03-11,5325.0,2.87
RMP2,2022-03-11,5350.0,2.89
RMP2,2022-03-11,5370.0,2.9
RMP2,2022-03-11,5400.0,2.92
RMP2,2022-03-11,5425.0,3.03
RMP2,2022-03-11,5450.0,3.12
RMP2,2022-03-11,5478.0,3.16
RMP2,2022-03-11,5500.0,3.13
RMP2,2022-03-11,5525.0,3.17
RMP2,2022-03-11,5550.0,3.22
RMP2,2022-03-11,5580.0,3.24
RMP2,2022-03-11,5600.0,3.26
RMP2,2022-03-11,5620.0,3.3
RMP2,2022-03-11,5650.0,3.28
RMP2,2022-03-11,5670.0,3.38
RMP2,2022-03-11,5700.0,3.43
RMP2,2022-03-11,5725.0,3.56
RMP2,2022-03-11,5750.0,3.68
RMP2,2022-03-11,5775.0,3.75
RMP2,2022-03-11,5800.0,3.84
RMP2,2022-03-11,5820.0,3.88
RMP2,2022-03-11,5850.0,3.9
RMP2,2022-03-11,5875.0,4.13
RMP2,2022-03-11,5900.0,4.28
RMP2,2022-03-11,5925.0,4.54
RMP2,2022-03-11,5950.0,4.72
RMP2,2022-03-11,5974.0,4.67
RMP2,2022-03-11,6000.0,4.35
RMP2,2022-03-11,6025.0,4.43
RMP2,2022-03-11,6050.0,4.58
RMP2,2022-03-11,6075.0,4.42
RMP2,2022-03-11,6100.0,4.34
RMP2,2022-03-11,6125.0,4.23
RMP2,2022-03-11,6150.0,4.08
RMP2,2022-03-11,6174.0,4.27
RMP2,2022-03-11,6200.0,4.46
RMP2,2022-03-11,6220.0,4.54
RMP2,2022-03-11,6250.0,4.7
RMP2,2022-03-11,6275.0,4.61
RMP2,2022-03-11,6300.0,4.54
RMP2,2022-03-11,6320.0,4.45
RMP2,2022-03-11,6350.0,4.3
RMP2,2022-03-11,6375.0,4.22
RMP2,2022-03-11,6400.0,4.14
RMP2,2022-03-11,6425.0,4.2
RMP2,2022-03-11,6450.0,4.28
RMP2,2022-03-11,6475.0,4.21
RMP2,2022-03-11,6500.0,4.18
RMP2,2022-03-11,6523.0,4.29
RMP2,2022-03-11,6550.0,4.36
RMP2,2022-03-11,6572.0,4.4
RMP2,2022-03-11,6600.0,4.47
RMP2,2022-03-11,6625.0,4.51
RMP2,2022-03-11,6650.0,4.55
RMP2,2022-03-11,6670.0,4.5
RMP2,2022-03-11,6700.0,4.48
RMP2,2022-03-11,6724.0,4.4
RMP2,2022-03-11,6750.0,4.36
RMP2,2022-03-11,6770.0,4.3
RMP2,2022-03-11,6800.0,4.28
RMP2,2022-03-11,6825.0,4.31
RMP2,2022-03-11,6850.0,4.39
RMP2,2022-03-11,6875.0,4.27
RMP2,2022-03-11,6900.0,4.18
RMP2,2022-03-11,6930.0,4.27
RMP2,2022-03-11,6950.0,4.36
RMP2,2022-03-11,6970.0,4.43
RMP2,2022-03-11,7000.0,4.4
RMP2,2022-03-11,7025.0,4.35
RMP2,2022-03-11,7050.0,4.32
RMP2,2022-03-11,7078.0,4.24
RMP2,2022-03-11,7100.0,4.15
RMP2,2022-03-11,7125.0,3.94
RMP2,2022-03-11,7150.0,3.39
RMP2,2022-03-11,7180.0,2.89
RMP2,2022-03-11,7200.0,2.42
RMP2,2022-03-11,7220.0,2.27
RMP2,2022-03-11,7250.0,2.06
RMP2,2022-03-11,7275.0,1.83
RMP2,2022-03-11,7300.0,1.94
RMP2,2022-03-11,7345.0,1.6
RMP2,2022-03-11,7350.0,1.0
RMP2,2022-03-11,7355.0,0.4
RMP2,2022-03-11,7360.0,0.4
RMP2,2022-03-11,7365.0,0.3
RMP2,2022-03-11,7370.0,0.6
RMP2,2022-03-11,7375.0,0.5
RMP2,2022-03-11,7380.0,0.4
RMP2,2022-03-11,7385.0,0.3
RMP2,2022-03-11,7390.0,0.2
RMP2,2022-03-11,7395.0,0.0
RMP2,2022-03-11,7400.0,-0.2
RMP2,2022-03-11,7405.0,0.0
RMP2,2022-03-11,7410.0,-0.05
RMP2,2022-03-11,7415.0,-0.2
RMP2,2022-03-11,7420.0,-0.15
RMP2,2022-03-11,7425.0,-0.5
RMP2,2022-03-11,7430.0,-0.4
RMP2,2022-03-11,7435.0,-0.6
RMP2,2022-03-11,7440.0,-0.7
RMP2,2022-03-11,7445.0,-0.8
RMP2,2022-03-11,7450.0,-1.0
RMP2,2022-03-11,7455.0,-1.2
RMP2,2022-03-11,7460.0,-1.3
RMP2,2022-03-11,7465.0,-1.4
RMP2,2022-03-11,7470.0,-1.4
RMP2,2022-03-11,7475.0,-1.0
RMP2,2022-03-11,7480.0,-1.5
RMP2,2022-03-11,7485.0,-1.4
RMP2,2022-03-11,7490.0,-1.0
RMP2,2022-03-11,7495.0,-1.2
RMP2,2022-03-11,7500.0,-1.0
RMP2,2022-03-11,7505.0,-1.0
RMP2,2022-03-11,7510.0,-0.8
RMP2,2022-03-11,7515.0,-0.6
RMP2,2022-03-11,7520.0,-0.5
RMP2,2022-03-11,7525.0,-0.4
RMP2,2022-03-11,7530.0,-0.5
RMP2,2022-03-11,7535.0,-0.6
RMP2,2022-03-11,7540.0,-0.7
RMP2,2022-03-11,7545.0,-0.5
RMP2,2022-03-11,7550.0,-0.4
RMP2,2022-03-11,7555.0,-0.2
RMP2,2022-03-11,7560.0,0.0
RMP2,2022-03-11,7565.0,0.0
RMP2,2022-03-11,7570.0,-0.1
RMP2,2022-03-11,7575.0,-0.3
RMP2,2022-03-11,7580.0,-0.1
RMP2,2022-03-11,7585.0,0.0
RMP2,2022-03-11,7590.0,-0.3
RMP2,2022-03-11,7595.0,-0.6
RMP2,2022-03-11,7600.0,-0.7
RMP2,2022-03-11,7605.0,-0.7
RMP2,2022-03-11,7610.0,-0.6
RMP2,2022-03-11,7615.0,-0.7
RMP2,2022-03-11,7620.0,-0.8
RMP2,2022-03-11,7625.0,-0.7
RMP2,2022-03-11,7630.0,-0.5
RMP2,2022-03-11,7635.0,-0.6
RMP2,2022-03-11,7640.0,-0.7
RMP2,2022-03-11,7645.0,-0.7
RMP2,2022-03-11,7650.0,-0.8
RMP2,2022-03-11,7655.0,-1.0
RMP2,2022-03-11,7660.0,-1.0
RMP2,2022-03-11,7665.0,-1.2
RMP2,2022-03-11,7670.0,-1.3
RMP2,2022-03-11,7675.0,-1.0
RMP2,2022-03-11,7680.0,-1.1
RMP2,2022-03-11,7685.0,-1.6
RMP2,2022-03-11,7690.0,-1.7
RMP2,2022-03-11,7695.0,-2.0
RMP2,2022-03-11,7700.0,-2.0
RMP2,2022-03-11,7705.0,-1.7
RMP2,2022-03-11,7710.0,-2.2
RMP2,2022-03-11,7715.0,-2.5
RMP2,2022-03-11,7720.0,-0.3
RMP2,2022-03-11,7725.0,-2.4
RMP2,2022-03-11,7730.0,-2.5
RMP2,2022-03-11,7735.0,-2.0
RMP2,2022-03-11,7740.0,-2.1
RMP2,2022-03-11,7745.0,-2.2
RMP2,2022-03-11,7750.0,-2.3
RMP2,2022-03-11,7755.0,-2.4
RMP2,2022-03-11,7760.0,-2.2
RMP2,2022-03-11,7765.0,-2.5
RMP2,2022-03-11,7770.0,-2.6
RMP2,2022-03-11,7775.0,-2.4
RMP2,2022-03-11,7780.0,-2.5
RMP2,2022-03-11,7785.0,-2.1
RMP2,2022-03-11,7790.0,-2.2
RMP2,2022-03-11,7795.0,-2.0
RMP2,2022-03-11,7800.0,-1.8
RMP2,2022-03-11,7805.0,-1.8
RMP2,2022-03-11,7810.0,-1.8
RMP2,2022-03-11,7815.0,-1.7
RMP2,2022-03-11,7820.0,-1.6
RMP2,2022-03-11,7825.0,-1.5
RMP2,2022-03-11,7830.0,-1.4
RMP2,2022-03-11,7835.0,-1.4
RMP2,2022-03-11,7840.0,-1.2
RMP2,2022-03-11,7845.0,-1.0
RMP2,2022-03-11,7850.0,-1.0
RMP2,2022-03-11,7855.0,-1.0
RMP2,2022-03-11,7860.0,-0.8
RMP2,2022-03-11,7865.0,-0.7
RMP2,2022-03-11,7870.0,-0.7
RMP2,2022-03-11,7875.0,-0.7
RMP2,2022-03-11,7880.0,-0.6
RMP2,2022-03-11,7885.0,-0.7
RMP2,2022-03-11,7890.0,-1.0
RMP2,2022-03-11,7895.0,-1.2
RMP2,2022-03-11,7900.0,-1.7
RMP2,2022-03-11,7905.0,-2.0
RMP2,2022-03-11,7910.0,-2.1
RMP2,2022-03-11,7915.0,-1.9
RMP2,2022-03-11,7920.0,-1.4
RMP2,2022-03-11,7925.0,-1.0
RMP2,2022-03-11,7930.0,0.2
RMP2,2022-03-11,7935.0,0.3
RMP2,2022-03-11,7940.0,0.4
RMP2,2022-03-11,7945.0,0.5
RMP2,2022-03-11,7950.0,1.0
RMP2,2022-03-11,7970.0,2.38
RMP2,2022-03-11,8000.0,2.07
RMP2,2022-03-11,8050.0,3.96
RMP2,2022-03-11,8100.0,3.3
RMP2,2022-03-11,8140.0,3.16
RMP2,2022-03-11,8170.0,3.84
RMP2,2022-03-11,8185.0,2.2
RMP2,2022-03-11,8200.0,1.8
RMP2,2022-03-11,8215.0,1.6
RMP2,2022-03-11,8230.0,1.9
RMP2,2022-03-11,8245.0,3.3
RMP2,2022-03-11,8260.0,5.8
RMP2,2022-03-11,8300.0,5.55
RMP2,2022-03-11,8350.0,5.94
RMP2,2022-03-11,8400.0,6.1
RMP2,2022-03-11,8440.0,5.46
RMP2,2022-03-11,8480.0,5.57
RMP2,2022-03-11,8480.0,5.97
RMP2,2023-04-01,0.0,4.58
RMP2,2023-04-01,0.0,4.25
RMP2,2023-04-01,30.0,4.3
RMP2,2023-04-01,50.0,4.42
RMP2,2023-04-01,70.0,4.66
RMP2,2023-04-01,100.0,4.92
RMP2,2023-04-01,140.0,6.44
RMP2,2023-04-01,170.0,5.8
RMP2,2023-04-01,175.0,6.05
RMP2,2023-04-01,175.0,6.53
RMP2,2023-04-01,176.0,6.52
RMP2,2023-04-01,177.0,7.01
RMP2,2023-04-01,180.0,6.98
RMP2,2023-04-01,184.0,6.4
RMP2,2023-04-01,200.0,6.45
RMP2,2023-04-01,210.0,6.5
RMP2,2023-04-01,220.0,6.58
RMP2,2023-04-01,224.0,6.69
RMP2,2023-04-01,227.0,4.93
RMP2,2023-04-01,230.0,3.37
RMP2,2023-04-01,232.0,2.58
RMP2,2023-04-01,235.0,-1.75
RMP2,2023-04-01,240.0,-2.45
RMP2,2023-04-01,245.0,-2.95
RMP2,2023-04-01,250.0,-3.65
RMP2,2023-04-01,255.0,-4.25
RMP2,2023-04-01,260.0,-5.38
RMP2,2023-04-01,265.0,-6.55
RMP2,2023-04-01,270.0,-6.98
RMP2,2023-04-01,275.0,-7.85
RMP2,2023-04-01,280.0,-8.72
RMP2,2023-04-01,285.0,-9.15
RMP2,2023-04-01,289.0,-10.38
RMP2,2023-04-01,291.0,-10.85
RMP2,2023-04-01,293.0,-11.32
RMP2,2023-04-01,295.0,-11.56
RMP2,2023-04-01,297.0,-11.65
RMP2,2023-04-01,299.0,-11.73
RMP2,2023-04-01,301.0,-11.9
RMP2,2023-04-01,303.0,-12.05
RMP2,2023-04-01,305.0,-12.25
RMP2,2023-04-01,307.0,-12.24
RMP2,2023-04-01,309.0,-12.36
RMP2,2023-04-01,311.0,-12.63
RMP2,2023-04-01,313.0,-13.17
RMP2,2023-04-01,315.0,-12.95
RMP2,2023-04-01,317.0,-12.66
RMP2,2023-04-01,319.0,-12.62
RMP2,2023-04-01,321.0,-12.62
RMP2,2023-04-01,323.0,-12.65
RMP2,2023-04-01,325.0,-12.37
RMP2,2023-04-01,327.0,-12.32
RMP2,2023-04-01,332.0,-12.17
RMP2,2023-04-01,334.0,-11.8
RMP2,2023-04-01,336.0,-11.34
RMP2,2023-04-01,338.0,-10.54
RMP2,2023-04-01,340.0,-10.35
RMP2,2023-04-01,342.0,-10.31
RMP2,2023-04-01,344.0,-10.28
RMP2,2023-04-01,346.0,-10.36
RMP2,2023-04-01,352.0,-10.85
RMP2,2023-04-01,354.0,-10.94
RMP2,2023-04-01,356.0,-11.03
RMP2,2023-04-01,358.0,-11.27
RMP2,2023-04-01,360.0,-11.53
RMP2,2023-04-01,362.0,-11.61
RMP2,2023-04-01,364.0,-11.51
RMP2,2023-04-01,366.0,-11.53
RMP2,2023-04-01,368.0,-11.41
RMP2,2023-04-01,373.0,-10.63
RMP2,2023-04-01,375.0,-10.65
RMP2,2023-04-01,377.0,-10.79
RMP2,2023-04-01,379.0,-11.07
RMP2,2023-04-01,381.0,-11.39
RMP2,2023-04-01,383.0,-11.46
RMP2,2023-04-01,385.0,-11.26
RMP2,2023-04-01,387.0,-11.25
RMP2,2023-04-01,389.0,-11.26
RMP2,2023-04-01,395.0,-12.12
RMP2,2023-04-01,397.0,-11.68
RMP2,2023-04-01,399.0,-11.36
RMP2,2023-04-01,401.0,-10.92
RMP2,2023-04-01,403.0,-10.66
RMP2,2023-04-01,405.0,-10.78
RMP2,2023-04-01,407.0,-10.72
RMP2,2023-04-01,409.0,-10.56
RMP2,2023-04-01,414.0,-10.42
RMP2,2023-04-01,416.0,-10.37
RMP2,2023-04-01,418.0,-10.1
RMP2,2023-04-01,420.0,-10.12
RMP2,2023-04-01,422.0,-10.03
RMP2,2023-04-01,424.0,-9.81
RMP2,2023-04-01,426.0,-9.72
RMP2,2023-04-01,428.0,-9.71
RMP2,2023-04-01,432.0,-9.19
RMP2,2023-04-01,434.0,-9.04
RMP2,2023-04-01,436.0,-9.05
RMP2,2023-04-01,438.0,-8.87
RMP2,2023-04-01,440.0,-8.87
RMP2,2023-04-01,442.0,-8.8
RMP2,2023-04-01,444.0,-8.69
RMP2,2023-04-01,446.0,-8.63
RMP2,2023-04-01,448.0,-8.6
RMP2,2023-04-01,451.0,-8.56
RMP2,2023-04-01,453.0,-8.55
RMP2,2023-04-01,455.0,-8.59
RMP2,2023-04-01,457.0,-8.46
RMP2,2023-04-01,459.0,-8.49
RMP2,2023-04-01,461.0,-8.36
RMP2,2023-04-01,463.0,-8.37
RMP2,2023-04-01,465.0,-8.36
RMP2,2023-04-01,467.0,-8.26
RMP2,2023-04-01,469.0,-8.29
RMP2,2023-04-01,471.0,-8.22
RMP2,2023-04-01,473.0,-8.17
RMP2,2023-04-01,475.0,-8.18
RMP2,2023-04-01,477.0,-8.13
RMP2,2023-04-01,479.0,-8.1
RMP2,2023-04-01,481.0,-8.1
RMP2,2023-04-01,483.0,-8.05
RMP2,2023-04-01,485.0,-8.05
RMP2,2023-04-01,487.0,-8.02
RMP2,2023-04-01,489.0,-8.0
RMP2,2023-04-01,491.0,-7.87
RMP2,2023-04-01,493.0,-7.92
RMP2,2023-04-01,495.0,-7.83
RMP2,2023-04-01,497.0,-7.79
RMP2,2023-04-01,499.0,-7.81
RMP2,2023-04-01,501.0,-7.7
RMP2,2023-04-01,503.0,-7.72
RMP2,2023-04-01,505.0,-7.64
RMP2,2023-04-01,507.0,-7.61
RMP2,2023-04-01,509.0,-7.56
RMP2,2023-04-01,516.0,-7.46
RMP2,2023-04-01,518.0,-7.45
RMP2,2023-04-01,520.0,-7.37
RMP2,2023-04-01,522.0,-7.36
RMP2,2023-04-01,524.0,-7.37
RMP2,2023-04-01,526.0,-7.3
RMP2,2023-04-01,528.0,-7.31
RMP2,2023-04-01,534.0,-7.14
RMP2,2023-04-01,536.0,-7.09
RMP2,2023-04-01,538.0,-7.09
RMP2,2023-04-01,540.0,-7.01
RMP2,2023-04-01,542.0,-7.02
RMP2,2023-04-01,544.0,-6.98
RMP2,2023-04-01,546.0,-6.98
RMP2,2023-04-01,548.0,-6.97
RMP2,2023-04-01,553.0,-6.83
RMP2,2023-04-01,555.0,-6.84
RMP2,2023-04-01,557.0,-6.77
RMP2,2023-04-01,559.0,-6.74
RMP2,2023-04-01,561.0,-6.71
RMP2,2023-04-01,563.0,-6.7
RMP2,2023-04-01,565.0,-6.65
RMP2,2023-04-01,567.0,-6.74
RMP2,2023-04-01,569.0,-6.83
RMP2,2023-04-01,572.0,-6.75
RMP2,2023-04-01,574.0,-6.79
RMP2,2023-04-01,576.0,-6.82
RMP2,2023-04-01,578.0,-6.79
RMP2,2023-04-01,580.0,-6.76
RMP2,2023-04-01,582.0,-6.77
RMP2,2023-04-01,584.0,-6.74
RMP2,2023-04-01,586.0,-6.84
RMP2,2023-04-01,588.0,-6.73
RMP2,2023-04-01,590.0,-6.79
RMP2,2023-04-01,592.0,-6.78
RMP2,2023-04-01,594.0,-6.71
RMP2,2023-04-01,596.0,-6.71
RMP2,2023-04-01,598.0,-6.6
RMP2,2023-04-01,600.0,-6.64
RMP2,2023-04-01,602.0,-6.59
RMP2,2023-04-01,604.0,-6.57
RMP2,2023-04-01,606.0,-6.52
RMP2,2023-04-01,608.0,-6.51
RMP2,2023-04-01,614.0,-6.49
RMP2,2023-04-01,616.0,-6.4
RMP2,2023-04-01,618.0,-6.38
RMP2,2023-04-01,620.0,-6.56
RMP2,2023-04-01,622.0,-6.4
RMP2,2023-04-01,624.0,-6.3
RMP2,2023-04-01,626.0,-6.19
RMP2,2023-04-01,628.0,-6.12
RMP2,2023-04-01,633.0,-6.04
RMP2,2023-04-01,635.0,-6.03
RMP2,2023-04-01,637.0,-5.95
RMP2,2023-04-01,639.0,-5.91
RMP2,2023-04-01,641.0,-5.89
RMP2,2023-04-01,643.0,-5.87
RMP2,2023-04-01,645.0,-5.86
RMP2,2023-04-01,647.0,-5.85
RMP2,2023-04-01,649.0,-5.83
RMP2,2023-04-01,653.0,-5.74
RMP2,2023-04-01,655.0,-5.76
RMP2,2023-04-01,657.0,-5.67
RMP2,2023-04-01,659.0,-5.6
RMP2,2023-04-01,661.0,-5.62
RMP2,2023-04-01,663.0,-5.59
RMP2,2023-04-01,665.0,-5.57
RMP2,2023-04-01,667.0,-5.57
RMP2,2023-04-01,669.0,-5.52
RMP2,2023-04-01,672.0,-5.49
RMP2,2023-04-01,674.0,-5.44
RMP2,2023-04-01,676.0,-5.44
RMP2,2023-04-01,678.0,-5.4
RMP2,2023-04-01,680.0,-5.37
RMP2,2023-04-01,682.0,-5.34
RMP2,2023-04-01,684.0,-5.38
RMP2,2023-04-01,686.0,-5.31
RMP2,2023-04-01,688.0,-5.26
RMP2,2023-04-01,694.0,-5.26
RMP2,2023-04-01,696.0,-5.24
RMP2,2023-04-01,698.0,-5.19
RMP2,2023-04-01,700.0,-5.19
RMP2,2023-04-01,702.0,-5.16
RMP2,2023-04-01,704.0,-5.11
RMP2,2023-04-01,706.0,-5.1
RMP2,2023-04-01,708.0,-5.11
RMP2,2023-04-01,713.0,-5.04
RMP2,2023-04-01,715.0,-5.02
RMP2,2023-04-01,717.0,-5.01
RMP2,2023-04-01,719.0,-4.95
RMP2,2023-04-01,721.0,-4.95
RMP2,2023-04-01,723.0,-4.93
RMP2,2023-04-01,725.0,-4.89
RMP2,2023-04-01,727.0,-4.87
RMP2,2023-04-01,729.0,-4.83
RMP2,2023-04-01,734.0,-4.78
RMP2,2023-04-01,736.0,-4.72
RMP2,2023-04-01,738.0,-4.7
RMP2,2023-04-01,740.0,-4.68
RMP2,2023-04-01,742.0,-4.58
RMP2,2023-04-01,744.0,-4.6
RMP2,2023-04-01,746.0,-4.6
RMP2,2023-04-01,748.0,-4.56
RMP2,2023-04-01,752.0,-4.65
RMP2,2023-04-01,754.0,-4.62
RMP2,2023-04-01,756.0,-4.54
RMP2,2023-04-01,758.0,-4.52
RMP2,2023-04-01,760.0,-4.51
RMP2,2023-04-01,762.0,-4.49
RMP2,2023-04-01,764.0,-4.48
RMP2,2023-04-01,766.0,-4.43
RMP2,2023-04-01,768.0,-4.45
RMP2,2023-04-01,771.0,-4.43
RMP2,2023-04-01,773.0,-4.49
RMP2,2023-04-01,775.0,-4.47
RMP2,2023-04-01,777.0,-4.47
RMP2,2023-04-01,779.0,-4.45
RMP2,2023-04-01,781.0,-4.44
RMP2,2023-04-01,783.0,-4.47
RMP2,2023-04-01,785.0,-4.38
RMP2,2023-04-01,787.0,-4.4
RMP2,2023-04-01,789.0,-4.4
RMP2,2023-04-01,791.0,-4.39
RMP2,2023-04-01,793.0,-4.33
RMP2,2023-04-01,795.0,-4.33
RMP2,2023-04-01,797.0,-4.35
RMP2,2023-04-01,799.0,-4.26
RMP2,2023-04-01,801.0,-4.26
RMP2,2023-04-01,803.0,-4.3
RMP2,2023-04-01,805.0,-4.2
RMP2,2023-04-01,807.0,-4.3
RMP2,2023-04-01,809.0,-4.2
RMP2,2023-04-01,816.0,-4.02
RMP2,2023-04-01,818.0,-3.99
RMP2,2023-04-01,820.0,-3.91
RMP2,2023-04-01,822.0,-3.99
RMP2,2023-04-01,824.0,-3.75
RMP2,2023-04-01,826.0,-3.85
RMP2,2023-04-01,828.0,-3.7
RMP2,2023-04-01,834.0,-3.58
RMP2,2023-04-01,836.0,-3.57
RMP2,2023-04-01,838.0,-3.76
RMP2,2023-04-01,840.0,-3.88
RMP2,2023-04-01,842.0,-3.91
RMP2,2023-04-01,844.0,-4.03
RMP2,2023-04-01,846.0,-4.15
RMP2,2023-04-01,848.0,-3.96
RMP2,2023-04-01,853.0,-4.07
RMP2,2023-04-01,855.0,-4.26
RMP2,2023-04-01,857.0,-4.14
RMP2,2023-04-01,859.0,-4.62
RMP2,2023-04-01,861.0,-5.3
RMP2,2023-04-01,863.0,-5.2
RMP2,2023-04-01,865.0,-4.94
RMP2,2023-04-01,867.0,-5.4
RMP2,2023-04-01,869.0,-5.6
RMP2,2023-04-01,873.0,-5.22
RMP2,2023-04-01,875.0,-5.14
RMP2,2023-04-01,877.0,-5.06
RMP2,2023-04-01,879.0,-5.11
RMP2,2023-04-01,881.0,-5.3
RMP2,2023-04-01,883.0,-4.94
RMP2,2023-04-01,885.0,-4.34
RMP2,2023-04-01,887.0,-4.31
RMP2,2023-04-01,889.0,-4.59
RMP2,2023-04-01,892.0,-5.11
RMP2,2023-04-01,894.0,-5.23
RMP2,2023-04-01,896.0,-4.9
RMP2,2023-04-01,898.0,-4.78
RMP2,2023-04-01,900.0,-4.8
RMP2,2023-04-01,902.0,-4.9
RMP2,2023-04-01,904.0,-5.04
RMP2,2023-04-01,906.0,-5.16
RMP2,2023-04-01,908.0,-5.28
RMP2,2023-04-01,910.0,-5.28
RMP2,2023-04-01,912.0,-5.42
RMP2,2023-04-01,914.0,-5.51
RMP2,2023-04-01,916.0,-5.46
RMP2,2023-04-01,918.0,-5.78
RMP2,2023-04-01,920.0,-6.12
RMP2,2023-04-01,922.0,-6.15
RMP2,2023-04-01,924.0,-5.96
RMP2,2023-04-01,926.0,-5.53
RMP2,2023-04-01,928.0,-5.38
RMP2,2023-04-01,934.0,-5.19
RMP2,2023-04-01,936.0,-5.15
RMP2,2023-04-01,938.0,-5.31
RMP2,2023-04-01,940.0,-5.51
RMP2,2023-04-01,942.0,-4.68
RMP2,2023-04-01,944.0,-4.65
RMP2,2023-04-01,946.0,-4.83
RMP2,2023-04-01,948.0,-5.19
RMP2,2023-04-01,953.0,-6.05
RMP2,2023-04-01,955.0,-5.74
RMP2,2023-04-01,957.0,-5.73
RMP2,2023-04-01,959.0,-5.78
RMP2,2023-04-01,961.0,-5.93
RMP2,2023-04-01,963.0,-6.01
RMP2,2023-04-01,965.0,-6.18
RMP2,2023-04-01,967.0,-6.24
RMP2,2023-04-01,969.0,-6.21
RMP2,2023-04-01,973.0,-6.12
RMP2,2023-04-01,975.0,-6.1
RMP2,2023-04-01,977.0,-6.18
RMP2,2023-04-01,979.0,-6.32
RMP2,2023-04-01,981.0,-6.43
RMP2,2023-04-01,983.0,-6.54
RMP2,2023-04-01,985.0,-6.88
RMP2,2023-04-01,987.0,-7.19
RMP2,2023-04-01,991.0,-6.46
RMP2,2023-04-01,993.0,-6.56
RMP2,2023-04-01,995.0,-6.56
RMP2,2023-04-01,997.0,-6.67
RMP2,2023-04-01,999.0,-6.51
RMP2,2023-04-01,1001.0,-6.01
RMP2,2023-04-01,1003.0,-5.95
RMP2,2023-04-01,1005.0,-5.98
RMP2,2023-04-01,1007.0,-5.95
RMP2,2023-04-01,1009.0,-6.16
RMP2,2023-04-01,1011.0,-6.25
RMP2,2023-04-01,1013.0,-6.1
RMP2,2023-04-01,1015.0,-6.23
RMP2,2023-04-01,1017.0,-6.46
RMP2,2023-04-01,1019.0,-6.58
RMP2,2023-04-01,1021.0,-6.83
RMP2,2023-04-01,1023.0,-6.95
RMP2,2023-04-01,1025.0,-7.24
RMP2,2023-04-01,1027.0,-7.2
RMP2,2023-04-01,1029.0,-7.28
RMP2,2023-04-01,1035.0,-7.97
RMP2,2023-04-01,1037.0,-8.3
RMP2,2023-04-01,1039.0,-7.82
RMP2,2023-04-01,1041.0,-7.99
RMP2,2023-04-01,1043.0,-8.14
RMP2,2023-04-01,1045.0,-8.26
RMP2,2023-04-01,1047.0,-8.65
RMP2,2023-04-01,1049.0,-8.06
RMP2,2023-04-01,1053.0,-7.36
RMP2,2023-04-01,1055.0,-7.39
RMP2,2023-04-01,1057.0,-7.39
RMP2,2023-04-01,1059.0,-7.43
RMP2,2023-04-01,1061.0,-7.56
RMP2,2023-04-01,1063.0,-7.64
RMP2,2023-04-01,1065.0,-7.84
RMP2,2023-04-01,1067.0,-8.02
RMP2,2023-04-01,1071.0,-8.11
RMP2,2023-04-01,1073.0,-8.48
RMP2,2023-04-01,1075.0,-8.57
RMP2,2023-04-01,1077.0,-8.56
RMP2,2023-04-01,1079.0,-8.22
RMP2,2023-04-01,1081.0,-8.24
RMP2,2023-04-01,1083.0,-8.33
RMP2,2023-04-01,1085.0,-8.2
RMP2,2023-04-01,1087.0,-8.57
RMP2,2023-04-01,1089.0,-8.5
RMP2,2023-04-01,1091.0,-8.39
RMP2,2023-04-01,1093.0,-8.49
RMP2,2023-04-01,1095.0,-8.71
RMP2,2023-04-01,1097.0,-8.87
RMP2,2023-04-01,1099.0,-8.91
RMP2,2023-04-01,1101.0,-8.91
RMP2,2023-04-01,1103.0,-8.92
RMP2,2023-04-01,1105.0,-8.8
RMP2,2023-04-01,1107.0,-8.86
RMP2,2023-04-01,1109.0,-9.17
RMP2,2023-04-01,1115.0,-9.66
RMP2,2023-04-01,1117.0,-8.9
RMP2,2023-04-01,1119.0,-8.75
RMP2,2023-04-01,1121.0,-8.74
RMP2,2023-04-01,1123.0,-9.08
RMP2,2023-04-01,1125.0,-9.05
RMP2,2023-04-01,1127.0,-9.09
RMP2,2023-04-01,1129.0,-9.03
RMP2,2023-04-01,1134.0,-9.41
RMP2,2023-04-01,1136.0,-9.0
RMP2,2023-04-01,1138.0,-8.84
RMP2,2023-04-01,1140.0,-8.71
RMP2,2023-04-01,1142.0,-8.69
RMP2,2023-04-01,1144.0,-8.46
RMP2,2023-04-01,1146.0,-8.57
RMP2,2023-04-01,1148.0,-8.5
RMP2,2023-04-01,1153.0,-9.18
RMP2,2023-04-01,1155.0,-8.9
RMP2,2023-04-01,1157.0,-8.56
RMP2,2023-04-01,1159.0,-8.51
RMP2,2023-04-01,1161.0,-8.5
RMP2,2023-04-01,1163.0,-8.74
RMP2,2023-04-01,1165.0,-9.03
RMP2,2023-04-01,1167.0,-8.85
RMP2,2023-04-01,1172.0,-9.0
RMP2,2023-04-01,1174.0,-8.94
RMP2,2023-04-01,1176.0,-8.96
RMP2,2023-04-01,1178.0,-8.91
RMP2,2023-04-01,1180.0,-8.89
RMP2,2023-04-01,1182.0,-9.02
RMP2,2023-04-01,1184.0,-9.08
RMP2,2023-04-01,1186.0,-8.99
RMP2,2023-04-01,1188.0,-8.98
RMP2,2023-04-01,1192.0,-9.07
RMP2,2023-04-01,1194.0,-8.98
RMP2,2023-04-01,1196.0,-9.07
RMP2,2023-04-01,1198.0,-8.74
RMP2,2023-04-01,1200.0,-8.9
RMP2,2023-04-01,1202.0,-9.1
RMP2,2023-04-01,1204.0,-9.41
RMP2,2023-04-01,1206.0,-9.1
RMP2,2023-04-01,1208.0,-9.03
RMP2,2023-04-01,1213.0,-8.54
RMP2,2023-04-01,1215.0,-8.57
RMP2,2023-04-01,1217.0,-8.53
RMP2,2023-04-01,1219.0,-8.54
RMP2,2023-04-01,1221.0,-8.37
RMP2,2023-04-01,1223.0,-8.31
RMP2,2023-04-01,1225.0,-8.44
RMP2,2023-04-01,1227.0,-8.81
RMP2,2023-04-01,1229.0,-9.07
RMP2,2023-04-01,1232.0,-8.42
RMP2,2023-04-01,1234.0,-8.44
RMP2,2023-04-01,1236.0,-8.42
RMP2,2023-04-01,1238.0,-8.4
RMP2,2023-04-01,1240.0,-8.71
RMP2,2023-04-01,1242.0,-9.35
RMP2,2023-04-01,1244.0,-9.13
RMP2,2023-04-01,1246.0,-9.01
RMP2,2023-04-01,1248.0,-9.02
RMP2,2023-04-01,1250.0,-8.99
RMP2,2023-04-01,1252.0,-8.24
RMP2,2023-04-01,1254.0,-8.17
RMP2,2023-04-01,1256.0,-8.1
RMP2,2023-04-01,1258.0,-8.23
RMP2,2023-04-01,1260.0,-8.35
RMP2,2023-04-01,1262.0,-8.31
RMP2,2023-04-01,1264.0,-8.47
RMP2,2023-04-01,1266.0,-8.59
RMP2,2023-04-01,1268.0,-8.62
RMP2,2023-04-01,1271.0,-8.62
RMP2,2023-04-01,1273.0,-8.65
RMP2,2023-04-01,1275.0,-8.91
RMP2,2023-04-01,1277.0,-8.75
RMP2,2023-04-01,1279.0,-8.98
RMP2,2023-04-01,1281.0,-8.93
RMP2,2023-04-01,1283.0,-8.93
RMP2,2023-04-01,1285.0,-8.93
RMP2,2023-04-01,1287.0,-8.94
RMP2,2023-04-01,1294.0,-9.32
RMP2,2023-04-01,1296.0,-9.3
RMP2,2023-04-01,1298.0,-9.14
RMP2,2023-04-01,1300.0,-9.47
RMP2,2023-04-01,1302.0,-9.2
RMP2,2023-04-01,1304.0,-9.31
RMP2,2023-04-01,1306.0,-9.27
RMP2,2023-04-01,1308.0,-9.19
RMP2,2023-04-01,1313.0,-9.19
RMP2,2023-04-01,1315.0,-9.35
RMP2,2023-04-01,1317.0,-9.28
RMP2,2023-04-01,1319.0,-9.55
RMP2,2023-04-01,1321.0,-9.58
RMP2,2023-04-01,1323.0,-9.36
RMP2,2023-04-01,1325.0,-9.03
RMP2,2023-04-01,1327.0,-8.56
RMP2,2023-04-01,1329.0,-8.39
RMP2,2023-04-01,1334.0,-7.87
RMP2,2023-04-01,1336.0,-7.77
RMP2,2023-04-01,1338.0,-7.78
RMP2,2023-04-01,1340.0,-7.75
RMP2,2023-04-01,1342.0,-7.82
RMP2,2023-04-01,1344.0,-7.86
RMP2,2023-04-01,1346.0,-7.93
RMP2,2023-04-01,1348.0,-7.82
RMP2,2023-04-01,1353.0,-7.87
RMP2,2023-04-01,1355.0,-7.84
RMP2,2023-04-01,1357.0,-7.88
RMP2,2023-04-01,1359.0,-7.9
RMP2,2023-04-01,1361.0,-7.85
RMP2,2023-04-01,1363.0,-7.83
RMP2,2023-04-01,1365.0,-7.75
RMP2,2023-04-01,1367.0,-7.63
RMP2,2023-04-01,1369.0,-7.52
RMP2,2023-04-01,1373.0,-7.46
RMP2,2023-04-01,1375.0,-7.33
RMP2,2023-04-01,1377.0,-7.3
RMP2,2023-04-01,1379.0,-7.13
RMP2,2023-04-01,1381.0,-7.11
RMP2,2023-04-01,1383.0,-7.05
RMP2,2023-04-01,1385.0,-7.01
RMP2,2023-04-01,1387.0,-6.97
RMP2,2023-04-01,1391.0,-6.84
RMP2,2023-04-01,1393.0,-6.79
RMP2,2023-04-01,1395.0,-6.7
RMP2,2023-04-01,1397.0,-6.66
RMP2,2023-04-01,1399.0,-6.65
RMP2,2023-04-01,1401.0,-6.58
RMP2,2023-04-01,1403.0,-6.61
RMP2,2023-04-01,1405.0,-6.56
RMP2,2023-04-01,1407.0,-6.55
RMP2,2023-04-01,1411.0,-6.54
RMP2,2023-04-01,1413.0,-6.5
RMP2,2023-04-01,1415.0,-6.48
RMP2,2023-04-01,1417.0,-6.45
RMP2,2023-04-01,1419.0,-6.47
RMP2,2023-04-01,1421.0,-6.47
RMP2,2023-04-01,1423.0,-6.48
RMP2,2023-04-01,1425.0,-6.45
RMP2,2023-04-01,1427.0,-6.41
RMP2,2023-04-01,1429.0,-6.39
RMP2,2023-04-01,1431.0,-6.37
RMP2,2023-04-01,1433.0,-6.32
RMP2,2023-04-01,1435.0,-6.31
RMP2,2023-04-01,1437.0,-6.25
RMP2,2023-04-01,1439.0,-6.27
RMP2,2023-04-01,1441.0,-6.24
RMP2,2023-04-01,1443.0,-6.2
RMP2,2023-04-01,1445.0,-6.21
RMP2,2023-04-01,1447.0,-6.2
RMP2,2023-04-01,1453.0,-6.12
RMP2,2023-04-01,1455.0,-6.12
RMP2,2023-04-01,1457.0,-6.11
RMP2,2023-04-01,1459.0,-6.05
RMP2,2023-04-01,1461.0,-6.1
RMP2,2023-04-01,1463.0,-6.04
RMP2,2023-04-01,1465.0,-6.04
RMP2,2023-04-01,1467.0,-6.05
RMP2,2023-04-01,1472.0,-5.98
RMP2,2023-04-01,1474.0,-5.96
RMP2,2023-04-01,1476.0,-5.97
RMP2,2023-04-01,1478.0,-5.94
RMP2,2023-04-01,1480.0,-5.89
RMP2,2023-04-01,1482.0,-5.87
RMP2,2023-04-01,1484.0,-5.8
RMP2,2023-04-01,1486.0,-5.76
RMP2,2023-04-01,1488.0,-5.8
RMP2,2023-04-01,1492.0,-5.85
RMP2,2023-04-01,1494.0,-5.85
RMP2,2023-04-01,1496.0,-5.76
RMP2,2023-04-01,1498.0,-5.66
RMP2,2023-04-01,1500.0,-5.58
RMP2,2023-04-01,1502.0,-5.55
RMP2,2023-04-01,1504.0,-5.56
RMP2,2023-04-01,1506.0,-5.44
RMP2,2023-04-01,1508.0,-5.43
RMP2,2023-04-01,1511.0,-5.37
RMP2,2023-04-01,1513.0,-5.3
RMP2,2023-04-01,1515.0,-5.24
RMP2,2023-04-01,1517.0,-5.2
RMP2,2023-04-01,1519.0,-5.12
RMP2,2023-04-01,1521.0,-5.05
RMP2,2023-04-01,1523.0,-5.06
RMP2,2023-04-01,1525.0,-5.01
RMP2,2023-04-01,1527.0,-4.98
RMP2,2023-04-01,1530.0,-4.92
RMP2,2023-04-01,1532.0,-4.92
RMP2,2023-04-01,1534.0,-4.9
RMP2,2023-04-01,1536.0,-4.93
RMP2,2023-04-01,1538.0,-4.92
RMP2,2023-04-01,1540.0,-4.9
RMP2,2023-04-01,1542.0,-4.93
RMP2,2023-04-01,1544.0,-4.94
RMP2,2023-04-01,1546.0,-4.92
RMP2,2023-04-01,1548.0,-4.89
RMP2,2023-04-01,1553.0,-4.84
RMP2,2023-04-01,1555.0,-4.86
RMP2,2023-04-01,1557.0,-4.79
RMP2,2023-04-01,1559.0,-4.74
RMP2,2023-04-01,1561.0,-4.72
RMP2,2023-04-01,1563.0,-4.67
RMP2,2023-04-01,1565.0,-4.68
RMP2,2023-04-01,1567.0,-4.58
RMP2,2023-04-01,1570.0,-4.56
RMP2,2023-04-01,1572.0,-4.57
RMP2,2023-04-01,1574.0,-4.56
RMP2,2023-04-01,1576.0,-4.53
RMP2,2023-04-01,1578.0,-4.5
RMP2,2023-04-01,1580.0,-4.44
RMP2,2023-04-01,1582.0,-4.32
RMP2,2023-04-01,1584.0,-4.0
RMP2,2023-04-01,1586.0,-3.86
RMP2,2023-04-01,1589.0,-3.52
RMP2,2023-04-01,1591.0,-3.43
RMP2,2023-04-01,1593.0,-3.35
RMP2,2023-04-01,1595.0,-3.34
RMP2,2023-04-01,1597.0,-3.3
RMP2,2023-04-01,1599.0,-3.24
RMP2,2023-04-01,1601.0,-3.09
RMP2,2023-04-01,1603.0,-2.97
RMP2,2023-04-01,1605.0,-2.77
RMP2,2023-04-01,1607.0,-2.64
RMP2,2023-04-01,1610.0,-2.44
RMP2,2023-04-01,1612.0,-2.42
RMP2,2023-04-01,1614.0,-2.34
RMP2,2023-04-01,1616.0,-2.31
RMP2,2023-04-01,1618.0,-2.26
RMP2,2023-04-01,1620.0,-1.99
RMP2,2023-04-01,1622.0,-1.77
RMP2,2023-04-01,1624.0,-1.37
RMP2,2023-04-01,1626.0,-1.65
RMP2,2023-04-01,1628.0,-1.71
RMP2,2023-04-01,1630.0,-1.52
RMP2,2023-04-01,1632.0,-1.1
RMP2,2023-04-01,1634.0,-0.86
RMP2,2023-04-01,1636.0,-0.3
RMP2,2023-04-01,1638.0,0.26
RMP2,2023-04-01,1640.0,0.73
RMP2,2023-04-01,1642.0,1.32
RMP2,2023-04-01,1644.0,1.59
RMP2,2023-04-01,1647.0,1.86
RMP2,2023-04-01,1649.0,1.83
RMP2,2023-04-01,1651.0,1.83
RMP2,2023-04-01,1653.0,1.93
RMP2,2023-04-01,1655.0,2.01
RMP2,2023-04-01,1657.0,1.96
RMP2,2023-04-01,1659.0,2.02
RMP2,2023-04-01,1661.0,2.08
RMP2,2023-04-01,1663.0,2.04
RMP2,2023-04-01,1665.0,2.06
RMP2,2023-04-01,1667.0,2.05
RMP2,2023-04-01,1669.0,2.04
RMP2,2023-04-01,1671.0,2.05
RMP2,2023-04-01,1673.0,2.07
RMP2,2023-04-01,1675.0,2.02
RMP2,2023-04-01,1677.0,2.04
RMP2,2023-04-01,1679.0,2.01
RMP2,2023-04-01,1681.0,1.8
RMP2,2023-04-01,1684.0,1.6
RMP2,2023-04-01,1686.0,1.79
RMP2,2023-04-01,1688.0,1.96
RMP2,2023-04-01,1690.0,1.77
RMP2,2023-04-01,1692.0,1.69
RMP2,2023-04-01,1694.0,1.68
RMP2,2023-04-01,1696.0,1.83
RMP2,2023-04-01,1698.0,1.84
RMP2,2023-04-01,1700.0,1.95
RMP2,2023-04-01,1702.0,2.06
RMP2,2023-04-01,1704.0,2.07
RMP2,2023-04-01,1706.0,1.91
RMP2,2023-04-01,1708.0,2.09
RMP2,2023-04-01,1710.0,1.99
RMP2,2023-04-01,1712.0,1.88
RMP2,2023-04-01,1714.0,1.74
RMP2,2023-04-01,1716.0,1.89
RMP2,2023-04-01,1718.0,1.84
RMP2,2023-04-01,1720.0,1.78
RMP2,2023-04-01,1722.0,1.7
RMP2,2023-04-01,1724.0,1.54
RMP2,2023-04-01,1726.0,1.39
RMP2,2023-04-01,1728.0,1.41
RMP2,2023-04-01,1730.0,1.64
RMP2,2023-04-01,1732.0,1.75
RMP2,2023-04-01,1734.0,2.02
RMP2,2023-04-01,1736.0,1.92
RMP2,2023-04-01,1738.0,1.84
RMP2,2023-04-01,1740.0,1.82
RMP2,2023-04-01,1742.0,1.77
RMP2,2023-04-01,1745.0,1.66
RMP2,2023-04-01,1747.0,1.64
RMP2,2023-04-01,1749.0,1.63
RMP2,2023-04-01,1751.0,1.54
RMP2,2023-04-01,1753.0,1.57
RMP2,2023-04-01,1755.0,1.72
RMP2,2023-04-01,1757.0,1.74
RMP2,2023-04-01,1759.0,1.7
RMP2,2023-04-01,1761.0,1.61
RMP2,2023-04-01,1763.0,1.57
RMP2,2023-04-01,1765.0,1.54
RMP2,2023-04-01,1767.0,1.54
RMP2,2023-04-01,1769.0,1.54
RMP2,2023-04-01,1771.0,1.57
RMP2,2023-04-01,1773.0,1.6
RMP2,2023-04-01,1775.0,1.62
RMP2,2023-04-01,1777.0,1.56
RMP2,2023-04-01,1779.0,1.55
RMP2,2023-04-01,1781.0,1.46
RMP2,2023-04-01,1783.0,1.46
RMP2,2023-04-01,1785.0,1.47
RMP2,2023-04-01,1787.0,1.46
RMP2,2023-04-01,1789.0,1.51
RMP2,2023-04-01,1791.0,1.51
RMP2,2023-04-01,1793.0,1.56
RMP2,2023-04-01,1795.0,1.57
RMP2,2023-04-01,1797.0,1.54
RMP2,2023-04-01,1799.0,1.51
RMP2,2023-04-01,1801.0,1.51
RMP2,2023-04-01,1803.0,1.46
RMP2,2023-04-01,1805.0,1.48
RMP2,2023-04-01,1807.0,1.45
RMP2,2023-04-01,1809.0,1.46
RMP2,2023-04-01,1811.0,1.5
RMP2,2023-04-01,1813.0,1.51
RMP2,2023-04-01,1815.0,1.54
RMP2,2023-04-01,1817.0,1.54
RMP2,2023-04-01,1819.0,1.55
RMP2,2023-04-01,1821.0,1.52
RMP2,2023-04-01,1825.0,1.51
RMP2,2023-04-01,1827.0,1.59
RMP2,2023-04-01,1829.0,1.6
RMP2,2023-04-01,1831.0,1.54
RMP2,2023-04-01,1833.0,1.66
RMP2,2023-04-01,1835.0,1.65
RMP2,2023-04-01,1837.0,1.68
RMP2,2023-04-01,1839.0,1.75
RMP2,2023-04-01,1841.0,1.74
RMP2,2023-04-01,1845.0,1.75
RMP2,2023-04-01,1847.0,1.77
RMP2,2023-04-01,1849.0,1.78
RMP2,2023-04-01,1851.0,1.78
RMP2,2023-04-01,1853.0,1.77
RMP2,2023-04-01,1855.0,1.77
RMP2,2023-04-01,1857.0,1.75
RMP2,2023-04-01,1859.0,1.66
RMP2,2023-04-01,1861.0,1.72
RMP2,2023-04-01,1867.0,1.77
RMP2,2023-04-01,1869.0,1.72
RMP2,2023-04-01,1871.0,1.71
RMP2,2023-04-01,1873.0,1.73
RMP2,2023-04-01,1875.0,1.65
RMP2,2023-04-01,1877.0,1.66
RMP2,2023-04-01,1879.0,1.71
RMP2,2023-04-01,1881.0,1.64
RMP2,2023-04-01,1883.0,1.62
RMP2,2023-04-01,1888.0,1.59
RMP2,2023-04-01,1890.0,1.57
RMP2,2023-04-01,1892.0,1.55
RMP2,2023-04-01,1894.0,1.48
RMP2,2023-04-01,1896.0,1.47
RMP2,2023-04-01,1898.0,1.51
RMP2,2023-04-01,1900.0,1.48
RMP2,2023-04-01,1902.0,1.48
RMP2,2023-04-01,1904.0,1.39
RMP2,2023-04-01,1906.0,1.36
RMP2,2023-04-01,1908.0,1.37
RMP2,2023-04-01,1910.0,1.37
RMP2,2023-04-01,1912.0,1.34
RMP2,2023-04-01,1914.0,1.33
RMP2,2023-04-01,1916.0,1.29
RMP2,2023-04-01,1918.0,1.28
RMP2,2023-04-01,1920.0,1.26
RMP2,2023-04-01,1922.0,1.28
RMP2,2023-04-01,1924.0,1.27
RMP2,2023-04-01,1928.0,1.3
RMP2,2023-04-01,1930.0,1.27
RMP2,2023-04-01,1932.0,1.26
RMP2,2023-04-01,1934.0,1.23
RMP2,2023-04-01,1936.0,1.24
RMP2,2023-04-01,1938.0,1.26
RMP2,2023-04-01,1940.0,1.23
RMP2,2023-04-01,1942.0,1.25
RMP2,2023-04-01,1944.0,1.24
RMP2,2023-04-01,1946.0,1.23
RMP2,2023-04-01,1948.0,1.26
RMP2,2023-04-01,1950.0,1.19
RMP2,2023-04-01,1952.0,1.16
RMP2,2023-04-01,1954.0,1.19
RMP2,2023-04-01,1956.0,1.18
RMP2,2023-04-01,1958.0,1.15
RMP2,2023-04-01,1960.0,1.21
RMP2,2023-04-01,1962.0,1.14
RMP2,2023-04-01,1964.0,1.2
RMP2,2023-04-01,1968.0,1.21
RMP2,2023-04-01,1970.0,1.14
RMP2,2023-04-01,1972.0,1.23
RMP2,2023-04-01,1974.0,1.16
RMP2,2023-04-01,1976.0,1.1
RMP2,2023-04-01,1978.0,1.1
RMP2,2023-04-01,1980.0,1.06
RMP2,2023-04-01,1982.0,1.19
RMP2,2023-04-01,1984.0,1.12
RMP2,2023-04-01,1986.0,1.16
RMP2,2023-04-01,1988.0,1.15
RMP2,2023-04-01,1990.0,1.14
RMP2,2023-04-01,1992.0,1.17
RMP2,2023-04-01,1994.0,1.15
RMP2,2023-04-01,1996.0,1.06
RMP2,2023-04-01,1998.0,1.12
RMP2,2023-04-01,2000.0,1.2
RMP2,2023-04-01,2002.0,1.18
RMP2,2023-04-01,2004.0,1.15
RMP2,2023-04-01,2008.0,1.25
RMP2,2023-04-01,2010.0,1.24
RMP2,2023-04-01,2012.0,1.21
RMP2,2023-04-01,2014.0,1.17
RMP2,2023-04-01,2016.0,1.16
RMP2,2023-04-01,2018.0,1.09
RMP2,2023-04-01,2020.0,1.12
RMP2,2023-04-01,2022.0,1.09
RMP2,2023-04-01,2024.0,1.06
RMP2,2023-04-01,2026.0,1.06
RMP2,2023-04-01,2028.0,1.02
RMP2,2023-04-01,2030.0,1.03
RMP2,2023-04-01,2032.0,0.92
RMP2,2023-04-01,2034.0,0.98
RMP2,2023-04-01,2036.0,0.96
RMP2,2023-04-01,2038.0,0.93
RMP2,2023-04-01,2040.0,0.89
RMP2,2023-04-01,2042.0,0.93
RMP2,2023-04-01,2044.0,0.84
RMP2,2023-04-01,2049.0,0.88
RMP2,2023-04-01,2051.0,0.85
RMP2,2023-04-01,2053.0,0.84
RMP2,2023-04-01,2055.0,0.83
RMP2,2023-04-01,2057.0,0.84
RMP2,2023-04-01,2059.0,0.79
RMP2,2023-04-01,2061.0,0.8
RMP2,2023-04-01,2063.0,0.84
RMP2,2023-04-01,2065.0,0.81
RMP2,2023-04-01,2067.0,0.76
RMP2,2023-04-01,2069.0,0.78
RMP2,2023-04-01,2071.0,0.75
RMP2,2023-04-01,2073.0,0.78
RMP2,2023-04-01,2075.0,0.7
RMP2,2023-04-01,2077.0,0.63
RMP2,2023-04-01,2079.0,0.75
RMP2,2023-04-01,2081.0,0.73
RMP2,2023-04-01,2083.0,0.67
RMP2,2023-04-01,2088.0,0.65
RMP2,2023-04-01,2090.0,0.66
RMP2,2023-04-01,2092.0,0.61
RMP2,2023-04-01,2094.0,0.61
RMP2,2023-04-01,2096.0,0.61
RMP2,2023-04-01,2098.0,0.46
RMP2,2023-04-01,2100.0,0.55
RMP2,2023-04-01,2102.0,0.52
RMP2,2023-04-01,2104.0,0.54
RMP2,2023-04-01,2107.0,0.48
RMP2,2023-04-01,2109.0,0.47
RMP2,2023-04-01,2111.0,0.47
RMP2,2023-04-01,2113.0,0.46
RMP2,2023-04-01,2115.0,0.44
RMP2,2023-04-01,2117.0,0.42
RMP2,2023-04-01,2119.0,0.39
RMP2,2023-04-01,2121.0,0.38
RMP2,2023-04-01,2123.0,0.4
RMP2,2023-04-01,2129.0,0.34
RMP2,2023-04-01,2131.0,0.35
RMP2,2023-04-01,2133.0,0.31
RMP2,2023-04-01,2135.0,0.35
RMP2,2023-04-01,2137.0,0.34
RMP2,2023-04-01,2139.0,0.34
RMP2,2023-04-01,2141.0,0.31
RMP2,2023-04-01,2143.0,0.3
RMP2,2023-04-01,2147.0,0.28
RMP2,2023-04-01,2149.0,0.28
RMP2,2023-04-01,2151.0,0.29
RMP2,2023-04-01,2153.0,0.26
RMP2,2023-04-01,2155.0,0.27
RMP2,2023-04-01,2157.0,0.29
RMP2,2023-04-01,2159.0,0.28
RMP2,2023-04-01,2161.0,0.25
RMP2,2023-04-01,2163.0,0.25
RMP2,2023-04-01,2166.0,0.24
RMP2,2023-04-01,2168.0,0.26
RMP2,2023-04-01,2170.0,0.25
RMP2,2023-04-01,2172.0,0.25
RMP2,2023-04-01,2174.0,0.22
RMP2,2023-04-01,2176.0,0.24
RMP2,2023-04-01,2178.0,0.22
RMP2,2023-04-01,2180.0,0.25
RMP2,2023-04-01,2182.0,0.26
RMP2,2023-04-01,2184.0,0.22
RMP2,2023-04-01,2189.0,0.24
RMP2,2023-04-01,2191.0,0.21
RMP2,2023-04-01,2193.0,0.24
RMP2,2023-04-01,2195.0,0.22
RMP2,2023-04-01,2197.0,0.22
RMP2,2023-04-01,2199.0,0.21
RMP2,2023-04-01,2201.0,0.21
RMP2,2023-04-01,2203.0,0.22
RMP2,2023-04-01,2207.0,0.25
RMP2,2023-04-01,2209.0,0.26
RMP2,2023-04-01,2211.0,0.28
RMP2,2023-04-01,2213.0,0.29
RMP2,2023-04-01,2215.0,0.27
RMP2,2023-04-01,2217.0,0.28
RMP2,2023-04-01,2219.0,0.31
RMP2,2023-04-01,2221.0,0.33
RMP2,2023-04-01,2223.0,0.35
RMP2,2023-04-01,2229.0,0.33
RMP2,2023-04-01,2231.0,0.36
RMP2,2023-04-01,2233.0,0.37
RMP2,2023-04-01,2235.0,0.38
RMP2,2023-04-01,2237.0,0.38
RMP2,2023-04-01,2239.0,0.37
RMP2,2023-04-01,2241.0,0.38
RMP2,2023-04-01,2243.0,0.39
RMP2,2023-04-01,2247.0,0.37
RMP2,2023-04-01,2249.0,0.34
RMP2,2023-04-01,2251.0,0.36
RMP2,2023-04-01,2253.0,0.42
RMP2,2023-04-01,2255.0,0.44
RMP2,2023-04-01,2257.0,0.44
RMP2,2023-04-01,2259.0,0.43
RMP2,2023-04-01,2261.0,0.43
RMP2,2023-04-01,2263.0,0.43
RMP2,2023-04-01,2269.0,0.43
RMP2,2023-04-01,2271.0,0.44
RMP2,2023-04-01,2273.0,0.43
RMP2,2023-04-01,2275.0,0.43
RMP2,2023-04-01,2277.0,0.44
RMP2,2023-04-01,2279.0,0.42
RMP2,2023-04-01,2281.0,0.39
RMP2,2023-04-01,2283.0,0.39
RMP2,2023-04-01,2286.0,0.36
RMP2,2023-04-01,2288.0,0.35
RMP2,2023-04-01,2290.0,0.33
RMP2,2023-04-01,2292.0,0.29
RMP2,2023-04-01,2294.0,0.26
RMP2,2023-04-01,2296.0,0.25
RMP2,2023-04-01,2298.0,0.22
RMP2,2023-04-01,2300.0,0.21
RMP2,2023-04-01,2302.0,0.17
RMP2,2023-04-01,2304.0,0.12
RMP2,2023-04-01,2309.0,0.03
RMP2,2023-04-01,2311.0,-0.05
RMP2,2023-04-01,2313.0,-0.06
RMP2,2023-04-01,2315.0,-0.11
RMP2,2023-04-01,2317.0,-0.17
RMP2,2023-04-01,2319.0,-0.2
RMP2,2023-04-01,2321.0,-0.25
RMP2,2023-04-01,2323.0,-0.36
RMP2,2023-04-01,2326.0,-0.33
RMP2,2023-04-01,2328.0,-0.38
RMP2,2023-04-01,2330.0,-0.46
RMP2,2023-04-01,2332.0,-0.54
RMP2,2023-04-01,2334.0,-0.53
RMP2,2023-04-01,2336.0,-0.51
RMP2,2023-04-01,2338.0,-0.42
RMP2,2023-04-01,2340.0,-0.27
RMP2,2023-04-01,2342.0,-0.2
RMP2,2023-04-01,2344.0,-0.3
RMP2,2023-04-01,2349.0,-0.21
RMP2,2023-04-01,2351.0,-0.21
RMP2,2023-04-01,2353.0,-0.25
RMP2,2023-04-01,2355.0,-0.26
RMP2,2023-04-01,2357.0,-0.14
RMP2,2023-04-01,2359.0,-0.14
RMP2,2023-04-01,2361.0,-0.18
RMP2,2023-04-01,2363.0,-0.3
RMP2,2023-04-01,2366.0,-0.5
RMP2,2023-04-01,2368.0,-0.37
RMP2,2023-04-01,2370.0,-0.09
RMP2,2023-04-01,2372.0,0.42
RMP2,2023-04-01,2374.0,0.67
RMP2,2023-04-01,2376.0,0.72
RMP2,2023-04-01,2378.0,0.82
RMP2,2023-04-01,2380.0,0.91
RMP2,2023-04-01,2382.0,0.91
RMP2,2023-04-01,2384.0,0.84
RMP2,2023-04-01,2389.0,0.88
RMP2,2023-04-01,2391.0,0.81
RMP2,2023-04-01,2393.0,0.67
RMP2,2023-04-01,2395.0,0.48
RMP2,2023-04-01,2397.0,0.29
RMP2,2023-04-01,2399.0,0.27
RMP2,2023-04-01,2401.0,0.28
RMP2,2023-04-01,2403.0,0.33
RMP2,2023-04-01,2406.0,0.21
RMP2,2023-04-01,2408.0,0.26
RMP2,2023-04-01,2410.0,0.13
RMP2,2023-04-01,2412.0,0.06
RMP2,2023-04-01,2414.0,-0.05
RMP2,2023-04-01,2416.0,-0.11
RMP2,2023-04-01,2418.0,-0.12
RMP2,2023-04-01,2420.0,-0.15
RMP2,2023-04-01,2422.0,-0.17
RMP2,2023-04-01,2424.0,-0.2
RMP2,2023-04-01,2429.0,-0.33
RMP2,2023-04-01,2431.0,-0.35
RMP2,2023-04-01,2433.0,-0.26
RMP2,2023-04-01,2435.0,-0.27
RMP2,2023-04-01,2437.0,-0.3
RMP2,2023-04-01,2439.0,-0.38
RMP2,2023-04-01,2441.0,-0.43
RMP2,2023-04-01,2443.0,-0.47
RMP2,2023-04-01,2445.0,-0.51
RMP2,2023-04-01,2447.0,-0.54
RMP2,2023-04-01,2449.0,-0.57
RMP2,2023-04-01,2451.0,-0.64
RMP2,2023-04-01,2453.0,-0.66
RMP2,2023-04-01,2455.0,-0.7
RMP2,2023-04-01,2457.0,-0.84
RMP2,2023-04-01,2459.0,-0.84
RMP2,2023-04-01,2461.0,-0.82
RMP2,2023-04-01,2463.0,-0.77
RMP2,2023-04-01,2468.0,-0.64
RMP2,2023-04-01,2470.0,-0.65
RMP2,2023-04-01,2472.0,-0.52
RMP2,2023-04-01,2474.0,-0.48
RMP2,2023-04-01,2476.0,-0.38
RMP2,2023-04-01,2478.0,-0.29
RMP2,2023-04-01,2480.0,-0.21
RMP2,2023-04-01,2482.0,-0.07
RMP2,2023-04-01,2484.0,0.04
RMP2,2023-04-01,2487.0,-0.07
RMP2,2023-04-01,2489.0,-0.15
RMP2,2023-04-01,2491.0,-0.29
RMP2,2023-04-01,2493.0,-0.45
RMP2,2023-04-01,2495.0,-0.54
RMP2,2023-04-01,2497.0,-0.62
RMP2,2023-04-01,2499.0,-0.64
RMP2,2023-04-01,2501.0,-0.68
RMP2,2023-04-01,2503.0,-0.68
RMP2,2023-04-01,2508.0,-0.71
RMP2,2023-04-01,2510.0,-0.79
RMP2,2023-04-01,2512.0,-0.87
RMP2,2023-04-01,2514.0,-0.73
RMP2,2023-04-01,2516.0,-0.63
RMP2,2023-04-01,2518.0,-0.47
RMP2,2023-04-01,2520.0,-0.23
RMP2,2023-04-01,2522.0,-0.02
RMP2,2023-04-01,2524.0,0.13
RMP2,2023-04-01,2527.0,-0.02
RMP2,2023-04-01,2529.0,-0.18
RMP2,2023-04-01,2531.0,-0.34
RMP2,2023-04-01,2533.0,-0.27
RMP2,2023-04-01,2535.0,-0.33
RMP2,2023-04-01,2537.0,-0.53
RMP2,2023-04-01,2539.0,-0.82
RMP2,2023-04-01,2541.0,-0.91
RMP2,2023-04-01,2543.0,-0.93
RMP2,2023-04-01,2549.0,-1.11
RMP2,2023-04-01,2551.0,-0.71
RMP2,2023-04-01,2553.0,-0.35
RMP2,2023-04-01,2555.0,-0.33
RMP2,2023-04-01,2557.0,-0.32
RMP2,2023-04-01,2559.0,-0.34
RMP2,2023-04-01,2561.0,-0.39
RMP2,2023-04-01,2563.0,-0.43
RMP2,2023-04-01,2567.0,-0.52
RMP2,2023-04-01,2569.0,-0.24
RMP2,2023-04-01,2571.0,-0.37
RMP2,2023-04-01,2573.0,-0.47
RMP2,2023-04-01,2575.0,-0.68
RMP2,2023-04-01,2577.0,-0.89
RMP2,2023-04-01,2579.0,-1.06
RMP2,2023-04-01,2581.0,-1.06
RMP2,2023-04-01,2583.0,-0.88
RMP2,2023-04-01,2588.0,-0.95
RMP2,2023-04-01,2590.0,-0.8
RMP2,2023-04-01,2592.0,-0.59
RMP2,2023-04-01,2594.0,-0.66
RMP2,2023-04-01,2596.0,-0.7
RMP2,2023-04-01,2598.0,-1.06
RMP2,2023-04-01,2600.0,-1.38
RMP2,2023-04-01,2602.0,-2.04
RMP2,2023-04-01,2604.0,-2.94
RMP2,2023-04-01,2607.0,-1.53
RMP2,2023-04-01,2609.0,-1.5
RMP2,2023-04-01,2611.0,-1.17
RMP2,2023-04-01,2613.0,-0.9
RMP2,2023-04-01,2615.0,-0.89
RMP2,2023-04-01,2617.0,-0.92
RMP2,2023-04-01,2619.0,-0.93
RMP2,2023-04-01,2621.0,-0.92
RMP2,2023-04-01,2623.0,-1.22
RMP2,2023-04-01,2629.0,-1.26
RMP2,2023-04-01,2631.0,-1.27
RMP2,2023-04-01,2633.0,-1.45
RMP2,2023-04-01,2635.0,-1.4
RMP2,2023-04-01,2637.0,-1.36
RMP2,2023-04-01,2639.0,-1.28
RMP2,2023-04-01,2641.0,-1.5
RMP2,2023-04-01,2643.0,-1.69
RMP2,2023-04-01,2647.0,-1.63
RMP2,2023-04-01,2649.0,-1.59
RMP2,2023-04-01,2651.0,-1.46
RMP2,2023-04-01,2653.0,-1.25
RMP2,2023-04-01,2655.0,-0.86
RMP2,2023-04-01,2657.0,-0.81
RMP2,2023-04-01,2659.0,-0.87
RMP2,2023-04-01,2661.0,-0.78
RMP2,2023-04-01,2663.0,-0.86
RMP2,2023-04-01,2665.0,-0.97
RMP2,2023-04-01,2667.0,-1.02
RMP2,2023-04-01,2669.0,-1.16
RMP2,2023-04-01,2671.0,-1.26
RMP2,2023-04-01,2673.0,-1.49
RMP2,2023-04-01,2675.0,-1.46
RMP2,2023-04-01,2677.0,-1.4
RMP2,2023-04-01,2679.0,-1.33
RMP2,2023-04-01,2681.0,-1.18
RMP2,2023-04-01,2683.0,-1.13
RMP2,2023-04-01,2687.0,-1.29
RMP2,2023-04-01,2689.0,-1.33
RMP2,2023-04-01,2691.0,-1.27
RMP2,2023-04-01,2693.0,-1.2
RMP2,2023-04-01,2695.0,-1.13
RMP2,2023-04-01,2697.0,-1.25
RMP2,2023-04-01,2699.0,-1.31
RMP2,2023-04-01,2701.0,-1.44
RMP2,2023-04-01,2703.0,-1.47
RMP2,2023-04-01,2706.0,-1.43
RMP2,2023-04-01,2708.0,-1.53
RMP2,2023-04-01,2710.0,-1.46
RMP2,2023-04-01,2712.0,-1.45
RMP2,2023-04-01,2714.0,-1.62
RMP2,2023-04-01,2716.0,-1.73
RMP2,2023-04-01,2718.0,-1.42
RMP2,2023-04-01,2720.0,-1.33
RMP2,2023-04-01,2722.0,-1.35
RMP2,2023-04-01,2724.0,-1.38
RMP2,2023-04-01,2729.0,-1.58
RMP2,2023-04-01,2731.0,-1.56
RMP2,2023-04-01,2733.0,-1.59
RMP2,2023-04-01,2735.0,-1.56
RMP2,2023-04-01,2737.0,-1.62
RMP2,2023-04-01,2739.0,-1.73
RMP2,2023-04-01,2741.0,-1.8
RMP2,2023-04-01,2743.0,-1.84
RMP2,2023-04-01,2747.0,-1.86
RMP2,2023-04-01,2749.0,-2.0
RMP2,2023-04-01,2751.0,-2.16
RMP2,2023-04-01,2753.0,-2.35
RMP2,2023-04-01,2755.0,-2.01
RMP2,2023-04-01,2757.0,-2.05
RMP2,2023-04-01,2759.0,-2.14
RMP2,2023-04-01,2761.0,-2.19
RMP2,2023-04-01,2763.0,-2.65
RMP2,2023-04-01,2765.0,-3.05
RMP2,2023-04-01,2767.0,-2.37
RMP2,2023-04-01,2769.0,-2.28
RMP2,2023-04-01,2771.0,-2.43
RMP2,2023-04-01,2773.0,-2.46
RMP2,2023-04-01,2775.0,-2.62
RMP2,2023-04-01,2777.0,-2.7
RMP2,2023-04-01,2779.0,-2.88
RMP2,2023-04-01,2781.0,-2.97
RMP2,2023-04-01,2783.0,-3.01
RMP2,2023-04-01,2788.0,-2.42
RMP2,2023-04-01,2790.0,-2.46
RMP2,2023-04-01,2792.0,-2.69
RMP2,2023-04-01,2794.0,-2.73
RMP2,2023-04-01,2796.0,-2.83
RMP2,2023-04-01,2798.0,-2.89
RMP2,2023-04-01,2800.0,-3.15
RMP2,2023-04-01,2802.0,-3.14
RMP2,2023-04-01,2804.0,-2.94
RMP2,2023-04-01,2807.0,-2.95
RMP2,2023-04-01,2809.0,-3.1
RMP2,2023-04-01,2811.0,-2.87
RMP2,2023-04-01,2813.0,-2.89
RMP2,2023-04-01,2815.0,-2.8
RMP2,2023-04-01,2817.0,-2.73
RMP2,2023-04-01,2819.0,-2.53
RMP2,2023-04-01,2821.0,-2.58
RMP2,2023-04-01,2823.0,-2.51
RMP2,2023-04-01,2828.0,-2.63
RMP2,2023-04-01,2830.0,-2.55
RMP2,2023-04-01,2832.0,-2.62
RMP2,2023-04-01,2834.0,-2.76
RMP2,2023-04-01,2836.0,-2.81
RMP2,2023-04-01,2838.0,-2.62
RMP2,2023-04-01,2840.0,-2.56
RMP2,2023-04-01,2842.0,-2.63
RMP2,2023-04-01,2847.0,-2.73
RMP2,2023-04-01,2849.0,-2.74
RMP2,2023-04-01,2851.0,-2.71
RMP2,2023-04-01,2853.0,-2.71
RMP2,2023-04-01,2855.0,-2.79
RMP2,2023-04-01,2857.0,-2.79
RMP2,2023-04-01,2859.0,-2.8
RMP2,2023-04-01,2861.0,-2.85
RMP2,2023-04-01,2863.0,-2.87
RMP2,2023-04-01,2868.0,-2.97
RMP2,2023-04-01,2870.0,-2.86
RMP2,2023-04-01,2872.0,-2.77
RMP2,2023-04-01,2874.0,-2.77
RMP2,2023-04-01,2876.0,-2.73
RMP2,2023-04-01,2878.0,-2.73
RMP2,2023-04-01,2880.0,-2.77
RMP2,2023-04-01,2882.0,-2.74
RMP2,2023-04-01,2887.0,-2.68
RMP2,2023-04-01,2889.0,-2.71
RMP2,2023-04-01,2891.0,-2.72
RMP2,2023-04-01,2893.0,-2.76
RMP2,2023-04-01,2895.0,-2.8
RMP2,2023-04-01,2897.0,-2.8
RMP2,2023-04-01,2899.0,-2.79
RMP2,2023-04-01,2901.0,-2.73
RMP2,2023-04-01,2906.0,-2.74
RMP2,2023-04-01,2908.0,-2.81
RMP2,2023-04-01,2910.0,-2.78
RMP2,2023-04-01,2912.0,-2.56
RMP2,2023-04-01,2914.0,-2.47
RMP2,2023-04-01,2916.0,-2.42
RMP2,2023-04-01,2918.0,-2.46
RMP2,2023-04-01,2920.0,-2.44
RMP2,2023-04-01,2924.0,-2.43
RMP2,2023-04-01,2926.0,-2.45
RMP2,2023-04-01,2928.0,-2.54
RMP2,2023-04-01,2930.0,-2.45
RMP2,2023-04-01,2932.0,-2.45
RMP2,2023-04-01,2934.0,-2.38
RMP2,2023-04-01,2936.0,-2.33
RMP2,2023-04-01,2938.0,-2.36
RMP2,2023-04-01,2940.0,-2.46
RMP2,2023-04-01,2944.0,-2.16
RMP2,2023-04-01,2946.0,-2.15
RMP2,2023-04-01,2948.0,-2.1
RMP2,2023-04-01,2950.0,-2.09
RMP2,2023-04-01,2952.0,-2.15
RMP2,2023-04-01,2954.0,-2.25
RMP2,2023-04-01,2956.0,-2.25
RMP2,2023-04-01,2958.0,-2.37
RMP2,2023-04-01,2960.0,-2.45
RMP2,2023-04-01,2964.0,-2.02
RMP2,2023-04-01,2966.0,-2.07
RMP2,2023-04-01,2968.0,-2.25
RMP2,2023-04-01,2970.0,-2.31
RMP2,2023-04-01,2972.0,-2.42
RMP2,2023-04-01,2974.0,-2.09
RMP2,2023-04-01,2976.0,-1.98
RMP2,2023-04-01,2978.0,-2.04
RMP2,2023-04-01,2980.0,-2.06
RMP2,2023-04-01,2983.0,-2.16
RMP2,2023-04-01,2985.0,-2.27
RMP2,2023-04-01,2987.0,-2.54
RMP2,2023-04-01,2989.0,-2.74
RMP2,2023-04-01,2991.0,-2.35
RMP2,2023-04-01,2993.0,-1.95
RMP2,2023-04-01,2995.0,-1.98
RMP2,2023-04-01,2997.0,-2.01
RMP2,2023-04-01,2999.0,-2.13
RMP2,2023-04-01,3001.0,-2.04
RMP2,2023-04-01,3003.0,-2.11
RMP2,2023-04-01,3005.0,-2.17
RMP2,2023-04-01,3007.0,-2.29
RMP2,2023-04-01,3009.0,-2.18
RMP2,2023-04-01,3011.0,-1.91
RMP2,2023-04-01,3013.0,-1.91
RMP2,2023-04-01,3015.0,-1.95
RMP2,2023-04-01,3017.0,-2.01
RMP2,2023-04-01,3019.0,-2.1
RMP2,2023-04-01,3022.0,-2.14
RMP2,2023-04-01,3024.0,-2.18
RMP2,2023-04-01,3026.0,-2.24
RMP2,2023-04-01,3028.0,-2.42
RMP2,2023-04-01,3030.0,-2.44
RMP2,2023-04-01,3032.0,-2.22
RMP2,2023-04-01,3034.0,-2.02
RMP2,2023-04-01,3036.0,-2.06
RMP2,2023-04-01,3038.0,-2.08
RMP2,2023-04-01,3040.0,-2.1
RMP2,2023-04-01,3042.0,-2.2
RMP2,2023-04-01,3044.0,-2.28
RMP2,2023-04-01,3046.0,-2.32
RMP2,2023-04-01,3048.0,-2.34
RMP2,2023-04-01,3050.0,-2.43
RMP2,2023-04-01,3052.0,-2.44
RMP2,2023-04-01,3054.0,-2.46
RMP2,2023-04-01,3056.0,-2.45
RMP2,2023-04-01,3058.0,-2.47
RMP2,2023-04-01,3060.0,-2.55
RMP2,2023-04-01,3065.0,-2.73
RMP2,2023-04-01,3067.0,-2.62
RMP2,2023-04-01,3069.0,-2.62
RMP2,2023-04-01,3071.0,-2.63
RMP2,2023-04-01,3073.0,-2.73
RMP2,2023-04-01,3075.0,-2.81
RMP2,2023-04-01,3077.0,-2.99
RMP2,2023-04-01,3079.0,-3.09
RMP2,2023-04-01,3081.0,-3.06
RMP2,2023-04-01,3084.0,-2.96
RMP2,2023-04-01,3086.0,-2.74
RMP2,2023-04-01,3088.0,-2.42
RMP2,2023-04-01,3090.0,-2.37
RMP2,2023-04-01,3092.0,-2.11
RMP2,2023-04-01,3094.0,-1.9
RMP2,2023-04-01,3096.0,-1.83
RMP2,2023-04-01,3098.0,-1.83
RMP2,2023-04-01,3100.0,-1.78
RMP2,2023-04-01,3102.0,-1.75
RMP2,2023-04-01,3104.0,-1.84
RMP2,2023-04-01,3106.0,-1.91
RMP2,2023-04-01,3108.0,-2.02
RMP2,2023-04-01,3110.0,-2.37
RMP2,2023-04-01,3112.0,-2.61
RMP2,2023-04-01,3114.0,-2.6
RMP2,2023-04-01,3116.0,-2.53
RMP2,2023-04-01,3118.0,-2.54
RMP2,2023-04-01,3120.0,-2.68
RMP2,2023-04-01,3126.0,-2.29
RMP2,2023-04-01,3128.0,-1.77
RMP2,2023-04-01,3130.0,-1.73
RMP2,2023-04-01,3132.0,-1.77
RMP2,2023-04-01,3134.0,-1.81
RMP2,2023-04-01,3136.0,-1.98
RMP2,2023-04-01,3138.0,-2.01
RMP2,2023-04-01,3140.0,-2.08
RMP2,2023-04-01,3145.0,-2.47
RMP2,2023-04-01,3147.0,-2.46
RMP2,2023-04-01,3149.0,-2.5
RMP2,2023-04-01,3151.0,-2.54
RMP2,2023-04-01,3153.0,-2.42
RMP2,2023-04-01,3155.0,-2.46
RMP2,2023-04-01,3157.0,-2.56
RMP2,2023-04-01,3159.0,-2.63
RMP2,2023-04-01,3161.0,-2.55
RMP2,2023-04-01,3164.0,-2.64
RMP2,2023-04-01,3166.0,-2.74
RMP2,2023-04-01,3168.0,-2.9
RMP2,2023-04-01,3170.0,-2.78
RMP2,2023-04-01,3172.0,-3.01
RMP2,2023-04-01,3174.0,-2.69
RMP2,2023-04-01,3176.0,-2.81
RMP2,2023-04-01,3178.0,-2.92
RMP2,2023-04-01,3180.0,-2.98
RMP2,2023-04-01,3182.0,-2.95
RMP2,2023-04-01,3188.0,-2.95
RMP2,2023-04-01,3190.0,-2.85
RMP2,2023-04-01,3192.0,-2.59
RMP2,2023-04-01,3194.0,-2.46
RMP2,2023-04-01,3196.0,-2.55
RMP2,2023-04-01,3198.0,-2.58
RMP2,2023-04-01,3200.0,-2.53
RMP2,2023-04-01,3206.0,-2.69
RMP2,2023-04-01,3208.0,-2.76
RMP2,2023-04-01,3210.0,-2.46
RMP2,2023-04-01,3212.0,-2.45
RMP2,2023-04-01,3214.0,-2.52
RMP2,2023-04-01,3216.0,-2.78
RMP2,2023-04-01,3218.0,-2.85
RMP2,2023-04-01,3220.0,-2.58
RMP2,2023-04-01,3222.0,-2.42
RMP2,2023-04-01,3227.0,-2.4
RMP2,2023-04-01,3229.0,-2.46
RMP2,2023-04-01,3231.0,-2.49
RMP2,2023-04-01,3233.0,-2.47
RMP2,2023-04-01,3235.0,-2.68
RMP2,2023-04-01,3237.0,-2.63
RMP2,2023-04-01,3239.0,-2.58
RMP2,2023-04-01,3241.0,-2.56
RMP2,2023-04-01,3246.0,-2.52
RMP2,2023-04-01,3248.0,-2.54
RMP2,2023-04-01,3250.0,-2.49
RMP2,2023-04-01,3252.0,-2.55
RMP2,2023-04-01,3254.0,-2.5
RMP2,2023-04-01,3256.0,-2.51
RMP2,2023-04-01,3258.0,-2.61
RMP2,2023-04-01,3260.0,-2.63
RMP2,2023-04-01,3262.0,-2.61
RMP2,2023-04-01,3266.0,-2.55
RMP2,2023-04-01,3268.0,-2.65
RMP2,2023-04-01,3270.0,-2.67
RMP2,2023-04-01,3272.0,-2.63
RMP2,2023-04-01,3274.0,-2.67
RMP2,2023-04-01,3276.0,-2.65
RMP2,2023-04-01,3278.0,-2.6
RMP2,2023-04-01,3280.0,-2.61
RMP2,2023-04-01,3285.0,-3.08
RMP2,2023-04-01,3287.0,-3.15
RMP2,2023-04-01,3289.0,-3.12
RMP2,2023-04-01,3291.0,-3.28
RMP2,2023-04-01,3293.0,-3.33
RMP2,2023-04-01,3295.0,-3.09
RMP2,2023-04-01,3297.0,-2.77
RMP2,2023-04-01,3299.0,-2.58
RMP2,2023-04-01,3301.0,-2.55
RMP2,2023-04-01,3304.0,-2.49
RMP2,2023-04-01,3306.0,-2.42
RMP2,2023-04-01,3308.0,-2.49
RMP2,2023-04-01,3310.0,-2.47
RMP2,2023-04-01,3312.0,-2.4
RMP2,2023-04-01,3314.0,-2.37
RMP2,2023-04-01,3316.0,-2.35
RMP2,2023-04-01,3318.0,-2.4
RMP2,2023-04-01,3320.0,-2.5
RMP2,2023-04-01,3322.0,-2.55
RMP2,2023-04-01,3325.0,-2.64
RMP2,2023-04-01,3327.0,-2.71
RMP2,2023-04-01,3329.0,-2.62
RMP2,2023-04-01,3331.0,-2.5
RMP2,2023-04-01,3333.0,-2.43
RMP2,2023-04-01,3335.0,-2.37
RMP2,2023-04-01,3337.0,-2.52
RMP2,2023-04-01,3339.0,-2.55
RMP2,2023-04-01,3341.0,-2.49
RMP2,2023-04-01,3345.0,-2.44
RMP2,2023-04-01,3347.0,-2.43
RMP2,2023-04-01,3349.0,-2.42
RMP2,2023-04-01,3351.0,-2.38
RMP2,2023-04-01,3353.0,-2.31
RMP2,2023-04-01,3355.0,-2.25
RMP2,2023-04-01,3357.0,-2.18
RMP2,2023-04-01,3359.0,-2.23
RMP2,2023-04-01,3361.0,-2.22
RMP2,2023-04-01,3364.0,-2.19
RMP2,2023-04-01,3366.0,-2.15
RMP2,2023-04-01,3368.0,-2.15
RMP2,2023-04-01,3370.0,-2.05
RMP2,2023-04-01,3372.0,-2.06
RMP2,2023-04-01,3374.0,-1.98
RMP2,2023-04-01,3376.0,-1.97
RMP2,2023-04-01,3378.0,-1.98
RMP2,2023-04-01,3380.0,-1.93
RMP2,2023-04-01,3382.0,-1.91
RMP2,2023-04-01,3384.0,-1.92
RMP2,2023-04-01,3386.0,-1.89
RMP2,2023-04-01,3388.0,-1.86
RMP2,2023-04-01,3390.0,-1.86
RMP2,2023-04-01,3392.0,-1.88
RMP2,2023-04-01,3394.0,-1.87
RMP2,2023-04-01,3396.0,-1.89
RMP2,2023-04-01,3398.0,-1.84
RMP2,2023-04-01,3400.0,-1.8
RMP2,2023-04-01,3406.0,-1.72
RMP2,2023-04-01,3408.0,-1.7
RMP2,2023-04-01,3410.0,-1.65
RMP2,2023-04-01,3412.0,-1.61
RMP2,2023-04-01,3414.0,-1.56
RMP2,2023-04-01,3416.0,-1.53
RMP2,2023-04-01,3418.0,-1.51
RMP2,2023-04-01,3420.0,-1.41
RMP2,2023-04-01,3424.0,-1.33
RMP2,2023-04-01,3426.0,-1.19
RMP2,2023-04-01,3428.0,-1.14
RMP2,2023-04-01,3430.0,-1.09
RMP2,2023-04-01,3432.0,-1.06
RMP2,2023-04-01,3434.0,-1.04
RMP2,2023-04-01,3436.0,-0.97
RMP2,2023-04-01,3438.0,-0.84
RMP2,2023-04-01,3440.0,-0.8
RMP2,2023-04-01,3446.0,-0.64
RMP2,2023-04-01,3448.0,-0.61
RMP2,2023-04-01,3450.0,-0.57
RMP2,2023-04-01,3452.0,-0.53
RMP2,2023-04-01,3454.0,-0.51
RMP2,2023-04-01,3456.0,-0.5
RMP2,2023-04-01,3458.0,-0.44
RMP2,2023-04-01,3460.0,-0.38
RMP2,2023-04-01,3463.0,-0.41
RMP2,2023-04-01,3465.0,-0.32
RMP2,2023-04-01,3467.0,-0.32
RMP2,2023-04-01,3469.0,-0.29
RMP2,2023-04-01,3471.0,-0.24
RMP2,2023-04-01,3473.0,-0.24
RMP2,2023-04-01,3475.0,-0.17
RMP2,2023-04-01,3477.0,-0.17
RMP2,2023-04-01,3479.0,-0.17
RMP2,2023-04-01,3485.0,-0.21
RMP2,2023-04-01,3487.0,-0.16
RMP2,2023-04-01,3489.0,-0.17
RMP2,2023-04-01,3491.0,-0.16
RMP2,2023-04-01,3493.0,-0.17
RMP2,2023-04-01,3495.0,-0.16
RMP2,2023-04-01,3497.0,-0.17
RMP2,2023-04-01,3499.0,-0.17
RMP2,2023-04-01,3501.0,-0.19
RMP2,2023-04-01,3503.0,-0.17
RMP2,2023-04-01,3505.0,-0.2
RMP2,2023-04-01,3507.0,-0.19
RMP2,2023-04-01,3509.0,-0.2
RMP2,2023-04-01,3511.0,-0.23
RMP2,2023-04-01,3513.0,-0.24
RMP2,2023-04-01,3515.0,-0.23
RMP2,2023-04-01,3517.0,-0.21
RMP2,2023-04-01,3519.0,-0.23
RMP2,2023-04-01,3524.0,-0.21
RMP2,2023-04-01,3526.0,-0.18
RMP2,2023-04-01,3528.0,-0.17
RMP2,2023-04-01,3530.0,-0.18
RMP2,2023-04-01,3532.0,-0.11
RMP2,2023-04-01,3534.0,-0.16
RMP2,2023-04-01,3536.0,-0.07
RMP2,2023-04-01,3538.0,-0.06
RMP2,2023-04-01,3540.0,-0.02
RMP2,2023-04-01,3545.0,0.06
RMP2,2023-04-01,3547.0,0.09
RMP2,2023-04-01,3549.0,0.11
RMP2,2023-04-01,3551.0,0.16
RMP2,2023-04-01,3553.0,0.2
RMP2,2023-04-01,3555.0,0.26
RMP2,2023-04-01,3557.0,0.27
RMP2,2023-04-01,3559.0,0.36
RMP2,2023-04-01,3563.0,0.39
RMP2,2023-04-01,3565.0,0.46
RMP2,2023-04-01,3567.0,0.49
RMP2,2023-04-01,3569.0,0.57
RMP2,2023-04-01,3571.0,0.61
RMP2,2023-04-01,3573.0,0.7
RMP2,2023-04-01,3575.0,0.73
RMP2,2023-04-01,3577.0,0.79
RMP2,2023-04-01,3579.0,0.82
RMP2,2023-04-01,3582.0,0.82
RMP2,2023-04-01,3584.0,0.84
RMP2,2023-04-01,3586.0,0.9
RMP2,2023-04-01,3588.0,0.96
RMP2,2023-04-01,3590.0,1.0
RMP2,2023-04-01,3592.0,1.01
RMP2,2023-04-01,3594.0,1.05
RMP2,2023-04-01,3596.0,1.06
RMP2,2023-04-01,3598.0,1.11
RMP2,2023-04-01,3602.0,1.16
RMP2,2023-04-01,3604.0,1.2
RMP2,2023-04-01,3606.0,1.29
RMP2,2023-04-01,3608.0,1.3
RMP2,2023-04-01,3610.0,1.38
RMP2,2023-04-01,3612.0,1.45
RMP2,2023-04-01,3614.0,1.51
RMP2,2023-04-01,3616.0,1.56
RMP2,2023-04-01,3619.0,1.64
RMP2,2023-04-01,3621.0,1.69
RMP2,2023-04-01,3623.0,1.74
RMP2,2023-04-01,3625.0,1.8
RMP2,2023-04-01,3627.0,1.88
RMP2,2023-04-01,3629.0,1.91
RMP2,2023-04-01,3631.0,1.89
RMP2,2023-04-01,3633.0,2.05
RMP2,2023-04-01,3635.0,2.16
RMP2,2023-04-01,3637.0,2.16
RMP2,2023-04-01,3639.0,2.31
RMP2,2023-04-01,3641.0,2.59
RMP2,2023-04-01,3643.0,2.59
RMP2,2023-04-01,3647.0,2.63
RMP2,2023-04-01,3650.0,2.75
RMP2,2023-04-01,3655.0,2.81
RMP2,2023-04-01,3660.0,2.87
RMP2,2023-04-01,3665.0,2.98
RMP2,2023-04-01,3670.0,3.12
RMP2,2023-04-01,3675.0,3.25
RMP2,2023-04-01,3680.0,3.37
RMP2,2023-04-01,3684.0,4.07
RMP2,2023-04-01,3700.0,5.41
RMP2,2023-04-01,3750.0,5.01
RMP2,2023-04-01,3800.0,4.84
RMP2,2023-04-01,3850.0,4.56
RMP2,2023-04-01,3900.0,4.61
RMP2,2023-04-01,3950.0,3.3
RMP2,2023-04-01,4000.0,2.76
RMP2,2023-04-01,4050.0,2.59
RMP2,2023-04-01,4100.0,2.94
RMP2,2023-04-01,4150.0,2.88
RMP2,2023-04-01,4200.0,3.3
RMP2,2023-04-01,4250.0,3.55
RMP2,2023-04-01,4300.0,3.65
RMP2,2023-04-01,4350.0,3.28
RMP2,2023-04-01,4400.0,3.22
RMP2,2023-04-01,4450.0,3.55
RMP2,2023-04-01,4500.0,3.15
RMP2,2023-04-01,4550.0,3.23
RMP2,2023-04-01,4600.0,2.93
RMP2,2023-04-01,4650.0,2.76
RMP2,2023-04-01,4700.0,2.84
RMP2,2023-04-01,4750.0,2.66
RMP2,2023-04-01,4800.0,2.97
RMP2,2023-04-01,4850.0,3.06
RMP2,2023-04-01,4900.0,2.86
RMP2,2023-04-01,4950.0,2.66
RMP2,2023-04-01,5000.0,3.06
RMP2,2023-04-01,5050.0,3.01
RMP2,2023-04-01,5100.0,2.56
RMP2,2023-04-01,5150.0,2.54
RMP2,2023-04-01,5200.0,2.76
RMP2,2023-04-01,5250.0,3.05
RMP2,2023-04-01,5300.0,2.88
RMP2,2023-04-01,5350.0,2.85
RMP2,2023-04-01,5400.0,2.77
RMP2,2023-04-01,5450.0,2.89
RMP2,2023-04-01,5500.0,2.82
RMP2,2023-04-01,5550.0,2.86
RMP2,2023-04-01,5600.0,3.16
RMP2,2023-04-01,5650.0,3.22
RMP2,2023-04-01,5700.0,3.36
RMP2,2023-04-01,5750.0,3.66
RMP2,2023-04-01,5800.0,3.84
RMP2,2023-04-01,5850.0,4.04
RMP2,2023-04-01,5900.0,4.28
RMP2,2023-04-01,5950.0,4.49
RMP2,2023-04-01,6000.0,4.44
RMP2,2023-04-01,6050.0,4.62
RMP2,2023-04-01,6100.0,4.08
RMP2,2023-04-01,6150.0,4.0
RMP2,2023-04-01,6200.0,4.55
RMP2,2023-04-01,6250.0,4.68
RMP2,2023-04-01,6300.0,4.55
RMP2,2023-04-01,6350.0,4.28
RMP2,2023-04-01,6400.0,4.4
RMP2,2023-04-01,6450.0,4.5
RMP2,2023-04-01,6500.0,4.44
RMP2,2023-04-01,6550.0,4.18
RMP2,2023-04-01,6600.0,4.54
RMP2,2023-04-01,6650.0,4.68
RMP2,2023-04-01,6700.0,4.56
RMP2,2023-04-01,6750.0,4.44
RMP2,2023-04-01,6800.0,4.4
RMP2,2023-04-01,6850.0,4.28
RMP2,2023-04-01,6900.0,4.04
RMP2,2023-04-01,6950.0,4.06
RMP2,2023-04-01,7000.0,4.55
RMP2,2023-04-01,7050.0,4.02
RMP2,2023-04-01,7100.0,4.28
RMP2,2023-04-01,7150.0,4.08
RMP2,2023-04-01,7200.0,3.66
RMP2,2023-04-01,7250.0,3.2
RMP2,2023-04-01,7300.0,3.03
RMP2,2023-04-01,7330.0,3.8
RMP2,2023-04-01,7360.0,4.55
RMP2,2023-04-01,7380.0,4.3
RMP2,2023-04-01,7400.0,4.1
RMP2,2023-04-01,7420.0,4.0
RMP2,2023-04-01,7440.0,3.3
RMP2,2023-04-01,7445.0,3.22
RMP2,2023-04-01,7450.0,3.12
RMP2,2023-04-01,7455.0,2.95
RMP2,2023-04-01,7460.0,2.89
RMP2,2023-04-01,7465.0,2.82
RMP2,2023-04-01,7470.0,2.85
RMP2,2023-04-01,7475.0,2.76
RMP2,2023-04-01,7480.0,2.78
RMP2,2023-04-01,7485.0,2.72
RMP2,2023-04-01,7490.0,2.64
RMP2,2023-04-01,7492.0,2.6
RMP2,2023-04-01,7494.0,2.52
RMP2,2023-04-01,7497.0,2.52
RMP2,2023-04-01,7499.0,2.49
RMP2,2023-04-01,7501.0,2.45
RMP2,2023-04-01,7503.0,2.42
RMP2,2023-04-01,7505.0,2.39
RMP2,2023-04-01,7507.0,2.33
RMP2,2023-04-01,7509.0,2.31
RMP2,2023-04-01,7511.0,2.29
RMP2,2023-04-01,7513.0,2.27
RMP2,2023-04-01,7516.0,2.22
RMP2,2023-04-01,7518.0,2.19
RMP2,2023-04-01,7520.0,2.18
RMP2,2023-04-01,7522.0,2.13
RMP2,2023-04-01,7524.0,2.11
RMP2,2023-04-01,7526.0,2.08
RMP2,2023-04-01,7528.0,2.09
RMP2,2023-04-01,7530.0,2.09
RMP2,2023-04-01,7532.0,2.07
RMP2,2023-04-01,7535.0,2.03
RMP2,2023-04-01,7537.0,2.01
RMP2,2023-04-01,7539.0,1.99
RMP2,2023-04-01,7541.0,1.95
RMP2,2023-04-01,7543.0,1.89
RMP2,2023-04-01,7545.0,1.88
RMP2,2023-04-01,7547.0,1.85
RMP2,2023-04-01,7549.0,1.85
RMP2,2023-04-01,7551.0,1.82
RMP2,2023-04-01,7555.0,1.8
RMP2,2023-04-01,7557.0,1.76
RMP2,2023-04-01,7559.0,1.68
RMP2,2023-04-02,7561.0,1.68
RMP2,2023-04-02,7563.0,1.62
RMP2,2023-04-02,7565.0,1.59
RMP2,2023-04-02,7567.0,1.62
RMP2,2023-04-02,7569.0,1.57
RMP2,2023-04-02,7571.0,1.61
RMP2,2023-04-02,7573.0,1.55
RMP2,2023-04-02,7575.0,1.57
RMP2,2023-04-02,7577.0,1.55
RMP2,2023-04-02,7579.0,1.49
RMP2,2023-04-02,7581.0,1.5
RMP2,2023-04-02,7583.0,1.49
RMP2,2023-04-02,7585.0,1.43
RMP2,2023-04-02,7587.0,1.39
RMP2,2023-04-02,7589.0,1.37
RMP2,2023-04-02,7593.0,1.26
RMP2,2023-04-02,7595.0,1.22
RMP2,2023-04-02,7597.0,1.1
RMP2,2023-04-02,7599.0,0.99
RMP2,2023-04-02,7601.0,0.9
RMP2,2023-04-02,7603.0,0.81
RMP2,2023-04-02,7605.0,0.5
RMP2,2023-04-02,7607.0,0.37
RMP2,2023-04-02,7609.0,0.45
RMP2,2023-04-02,7611.0,0.56
RMP2,2023-04-02,7613.0,0.49
RMP2,2023-04-02,7615.0,0.26
RMP2,2023-04-02,7617.0,-0.3
RMP2,2023-04-02,7619.0,-0.33
RMP2,2023-04-02,7621.0,-0.31
RMP2,2023-04-02,7623.0,-0.01
RMP2,2023-04-02,7625.0,-0.08
RMP2,2023-04-02,7627.0,0.12
RMP2,2023-04-02,7629.0,0.06
RMP2,2023-04-02,7631.0,0.05
RMP2,2023-04-02,7634.0,-0.1
RMP2,2023-04-02,7636.0,-0.19
RMP2,2023-04-02,7638.0,-0.22
RMP2,2023-04-02,7640.0,-0.32
RMP2,2023-04-02,7642.0,-0.34
RMP2,2023-04-02,7644.0,-0.37
RMP2,2023-04-02,7646.0,-0.4
RMP2,2023-04-02,7648.0,-0.17
RMP2,2023-04-02,7653.0,-0.39
RMP2,2023-04-02,7655.0,-0.43
RMP2,2023-04-02,7657.0,-0.46
RMP2,2023-04-02,7659.0,-0.49
RMP2,2023-04-02,7661.0,-0.58
RMP2,2023-04-02,7663.0,-0.55
RMP2,2023-04-02,7665.0,-0.6
RMP2,2023-04-02,7667.0,-0.37
RMP2,2023-04-02,7669.0,-0.34
RMP2,2023-04-02,7671.0,-0.42
RMP2,2023-04-02,7673.0,-0.44
RMP2,2023-04-02,7675.0,-0.39
RMP2,2023-04-02,7677.0,-0.43
RMP2,2023-04-02,7679.0,-0.39
RMP2,2023-04-02,7681.0,-0.54
RMP2,2023-04-02,7683.0,-0.42
RMP2,2023-04-02,7685.0,-0.43
RMP2,2023-04-02,7687.0,-0.41
RMP2,2023-04-02,7689.0,-0.17
RMP2,2023-04-02,7693.0,-0.06
RMP2,2023-04-02,7695.0,-0.12
RMP2,2023-04-02,7697.0,-0.07
RMP2,2023-04-02,7699.0,0.05
RMP2,2023-04-02,7701.0,0.03
RMP2,2023-04-02,7703.0,0.21
RMP2,2023-04-02,7705.0,0.1
RMP2,2023-04-02,7707.0,0.05
RMP2,2023-04-02,7713.0,0.33
RMP2,2023-04-02,7715.0,0.33
RMP2,2023-04-02,7717.0,0.38
RMP2,2023-04-02,7719.0,0.29
RMP2,2023-04-02,7721.0,0.42
RMP2,2023-04-02,7723.0,0.4
RMP2,2023-04-02,7725.0,0.58
RMP2,2023-04-02,7727.0,0.51
RMP2,2023-04-02,7729.0,0.62
RMP2,2023-04-02,7731.0,0.62
RMP2,2023-04-02,7734.0,0.73
RMP2,2023-04-02,7736.0,0.69
RMP2,2023-04-02,7738.0,0.78
RMP2,2023-04-02,7740.0,0.83
RMP2,2023-04-02,7742.0,0.83
RMP2,2023-04-02,7744.0,1.17
RMP2,2023-04-02,7746.0,1.31
RMP2,2023-04-02,7748.0,1.19
RMP2,2023-04-02,7753.0,1.38
RMP2,2023-04-02,7755.0,1.38
RMP2,2023-04-02,7757.0,1.34
RMP2,2023-04-02,7759.0,1.14
RMP2,2023-04-02,7761.0,1.04
RMP2,2023-04-02,7763.0,1.18
RMP2,2023-04-02,7765.0,1.3
RMP2,2023-04-02,7767.0,1.31
RMP2,2023-04-02,7769.0,1.23
RMP2,2023-04-02,7771.0,1.11
RMP2,2023-04-02,7775.0,0.76
RMP2,2023-04-02,7777.0,0.99
RMP2,2023-04-02,7779.0,1.11
RMP2,2023-04-02,7781.0,0.95
RMP2,2023-04-02,7783.0,0.8
RMP2,2023-04-02,7785.0,0.62
RMP2,2023-04-02,7787.0,0.38
RMP2,2023-04-02,7789.0,0.32
RMP2,2023-04-02,7791.0,0.3
RMP2,2023-04-02,7794.0,0.66
RMP2,2023-04-02,7796.0,0.92
RMP2,2023-04-02,7798.0,0.94
RMP2,2023-04-02,7800.0,0.75
RMP2,2023-04-02,7802.0,0.48
RMP2,2023-04-02,7804.0,1.18
RMP2,2023-04-02,7806.0,1.32
RMP2,2023-04-02,7808.0,1.48
RMP2,2023-04-02,7810.0,1.47
RMP2,2023-04-02,7812.0,1.4
RMP2,2023-04-02,7815.0,1.35
RMP2,2023-04-02,7817.0,1.35
RMP2,2023-04-02,7819.0,1.44
RMP2,2023-04-02,7821.0,1.45
RMP2,2023-04-02,7823.0,1.39
RMP2,2023-04-02,7825.0,1.35
RMP2,2023-04-02,7827.0,1.19
RMP2,2023-04-02,7829.0,1.04
RMP2,2023-04-02,7831.0,1.08
RMP2,2023-04-02,7833.0,1.17
RMP2,2023-04-02,7836.0,1.29
RMP2,2023-04-02,7838.0,1.31
RMP2,2023-04-02,7840.0,1.3
RMP2,2023-04-02,7842.0,1.22
RMP2,2023-04-02,7844.0,1.21
RMP2,2023-04-02,7846.0,1.28
RMP2,2023-04-02,7848.0,1.44
RMP2,2023-04-02,7850.0,1.45
RMP2,2023-04-02,7852.0,1.41
RMP2,2023-04-02,7856.0,1.53
RMP2,2023-04-02,7858.0,1.55
RMP2,2023-04-02,7860.0,1.61
RMP2,2023-04-02,7862.0,1.57
RMP2,2023-04-02,7864.0,1.65
RMP2,2023-04-02,7866.0,1.71
RMP2,2023-04-02,7868.0,1.75
RMP2,2023-04-02,7870.0,1.66
RMP2,2023-04-02,7872.0,1.67
RMP2,2023-04-02,7874.0,1.65
RMP2,2023-04-02,7876.0,1.73
RMP2,2023-04-02,7878.0,1.71
RMP2,2023-04-02,7880.0,1.7
RMP2,2023-04-02,7882.0,1.59
RMP2,2023-04-02,7884.0,1.57
RMP2,2023-04-02,7886.0,1.8
RMP2,2023-04-02,7888.0,1.81
RMP2,2023-04-02,7890.0,1.84
RMP2,2023-04-02,7892.0,1.88
RMP2,2023-04-02,7894.0,1.82
RMP2,2023-04-02,7896.0,1.67
RMP2,2023-04-02,7898.0,1.57
RMP2,2023-04-02,7900.0,1.55
RMP2,2023-04-02,7902.0,1.53
RMP2,2023-04-02,7904.0,1.38
RMP2,2023-04-02,7906.0,1.21
RMP2,2023-04-02,7908.0,1.19
RMP2,2023-04-02,7910.0,1.17
RMP2,2023-04-02,7912.0,1.17
RMP2,2023-04-02,7914.0,1.13
RMP2,2023-04-02,7916.0,1.05
RMP2,2023-04-02,7918.0,0.94
RMP2,2023-04-02,7920.0,0.72
RMP2,2023-04-02,7922.0,0.74
RMP2,2023-04-02,7924.0,0.72
RMP2,2023-04-02,7926.0,0.55
RMP2,2023-04-02,7928.0,0.47
RMP2,2023-04-02,7930.0,0.38
RMP2,2023-04-02,7932.0,0.35
RMP2,2023-04-02,7934.0,0.39
RMP2,2023-04-02,7936.0,0.47
RMP2,2023-04-02,7938.0,0.59
RMP2,2023-04-02,7940.0,0.77
RMP2,2023-04-02,7942.0,0.83
RMP2,2023-04-02,7944.0,1.01
RMP2,2023-04-02,7946.0,1.13
RMP2,2023-04-02,7948.0,1.28
RMP2,2023-04-02,7950.0,1.31
RMP2,2023-04-02,7952.0,1.39
RMP2,2023-04-02,7954.0,1.53
RMP2,2023-04-02,7956.0,1.67
RMP2,2023-04-02,7958.0,1.81
RMP2,2023-04-02,7960.0,1.89
RMP2,2023-04-02,7962.0,1.93
RMP2,2023-04-02,7964.0,1.99
RMP2,2023-04-02,7966.0,1.95
RMP2,2023-04-02,7968.0,1.94
RMP2,2023-04-02,7970.0,2.26
RMP2,2023-04-02,7972.0,2.31
RMP2,2023-04-02,7974.0,2.37
RMP2,2023-04-02,7976.0,2.36
RMP2,2023-04-02,7978.0,2.37
RMP2,2023-04-02,7981.0,2.21
RMP2,2023-04-02,7983.0,2.37
RMP2,2023-04-02,7985.0,2.38
RMP2,2023-04-02,7987.0,2.52
RMP2,2023-04-02,7989.0,2.52
RMP2,2023-04-02,7991.0,2.46
RMP2,2023-04-02,7993.0,2.25
RMP2,2023-04-02,7995.0,2.2
RMP2,2023-04-02,7997.0,2.15
RMP2,2023-04-02,7999.0,2.31
RMP2,2023-04-02,8001.0,2.52
RMP2,2023-04-02,8003.0,2.52
RMP2,2023-04-02,8005.0,2.52
RMP2,2023-04-02,8007.0,2.52
RMP2,2023-04-02,8009.0,2.52
RMP2,2023-04-02,8011.0,2.52
RMP2,2023-04-02,8013.0,2.52
RMP2,2023-04-02,8015.0,2.52
RMP2,2023-04-02,8017.0,2.51
RMP2,2023-04-02,8019.0,2.45
RMP2,2023-04-02,8021.0,2.47
RMP2,2023-04-02,8023.0,2.47
RMP2,2023-04-02,8025.0,2.43
RMP2,2023-04-02,8027.0,2.42
RMP2,2023-04-02,8029.0,2.38
RMP2,2023-04-02,8031.0,2.38
RMP2,2023-04-02,8033.0,2.38
RMP2,2023-04-02,8035.0,2.35
RMP2,2023-04-02,8037.0,2.33
RMP2,2023-04-02,8039.0,2.29
RMP2,2023-04-02,8041.0,2.25
RMP2,2023-04-02,8043.0,2.2
RMP2,2023-04-02,8045.0,2.18
RMP2,2023-04-02,8047.0,2.13
RMP2,2023-04-02,8049.0,2.09
RMP2,2023-04-02,8051.0,2.02
RMP2,2023-04-02,8053.0,1.94
RMP2,2023-04-02,8055.0,1.86
RMP2,2023-04-02,8057.0,1.8
RMP2,2023-04-02,8059.0,1.68
RMP2,2023-04-02,8061.0,1.57
RMP2,2023-04-02,8063.0,1.59
RMP2,2023-04-02,8065.0,1.59
RMP2,2023-04-02,8067.0,1.46
RMP2,2023-04-02,8069.0,1.5
RMP2,2023-04-02,8071.0,1.65
RMP2,2023-04-02,8073.0,1.9
RMP2,2023-04-02,8076.0,1.98
RMP2,2023-04-02,8080.0,2.15
RMP2,2023-04-02,8085.0,2.28
RMP2,2023-04-02,8090.0,2.45
RMP2,2023-04-02,8095.0,2.58
RMP2,2023-04-02,8100.0,2.64
RMP2,2023-04-02,8105.0,2.76
RMP2,2023-04-02,8110.0,2.85
RMP2,2023-04-02,8115.0,2.97
RMP2,2023-04-02,8120.0,3.15
RMP2,2023-04-02,8125.0,3.3
RMP2,2023-04-02,8128.0,3.98
RMP2,2023-04-02,8130.0,5.41
RMP2,2023-04-02,8140.0,6.04
RMP2,2023-04-02,8160.0,5.6
RMP2,2023-04-02,8190.0,5.35
RMP2,2023-04-02,8200.0,5.05
RMP2,2023-04-02,8215.0,4.5
RMP2,2023-04-02,8220.0,4.16
RMP2,2023-04-02,8230.0,4.06
RMP2,2023-04-02,8235.0,4.0
RMP2,2023-04-02,8240.0,3.96
RMP2,2023-04-02,8250.0,5.11
RMP2,2023-04-02,8260.0,7.06
RMP2,2023-04-02,8280.0,6.94
RMP2,2023-04-02,8300.0,7.06
RMP2,2023-04-02,8330.0,7.27
RMP2,2023-04-02,8360.0,6.94
RMP2,2023-04-02,8380.0,7.3
RMP2,2023-04-02,8400.0,7.45
RMP2,2023-04-02,8430.0,7.56
RMP2,2024-03-06,0.0,4.58
RMP2,2024-03-06,0.0,4.25
RMP2,2024-03-06,10.0,4.28
RMP2,2024-03-06,15.0,4.3
RMP2,2024-03-06,20.0,4.36
RMP2,2024-03-06,30.0,4.38
RMP2,2024-03-06,40.0,4.45
RMP2,2024-03-06,60.0,4.5
RMP2,2024-03-06,80.0,4.7
RMP2,2024-03-06,100.0,4.9
RMP2,2024-03-06,130.0,5.2
RMP2,2024-03-06,150.0,5.42
RMP2,2024-03-06,170.0,5.7
RMP2,2024-03-06,175.0,6.05
RMP2,2024-03-06,175.0,6.53
RMP2,2024-03-06,177.0,7.0
RMP2,2024-03-06,180.0,7.02
RMP2,2024-03-06,183.0,6.5
RMP2,2024-03-06,200.0,6.4
RMP2,2024-03-06,220.0,6.36
RMP2,2024-03-06,226.0,6.35
RMP2,2024-03-06,230.0,4.2
RMP2,2024-03-06,234.0,3.8
RMP2,2024-03-06,237.0,2.2
RMP2,2024-03-06,238.0,0.72
RMP2,2024-03-06,240.0,-2.89
RMP2,2024-03-06,243.0,-3.78
RMP2,2024-03-06,246.0,-4.85
RMP2,2024-03-06,249.0,-5.98
RMP2,2024-03-06,252.0,-7.91
RMP2,2024-03-06,255.0,-10.52
RMP2,2024-03-06,258.0,-12.42
RMP2,2024-03-06,261.0,-14.25
RMP2,2024-03-06,264.0,-15.54
RMP2,2024-03-06,267.0,-16.12
RMP2,2024-03-06,270.0,-17.32
RMP2,2024-03-06,273.0,-17.89
RMP2,2024-03-06,276.0,-18.17
RMP2,2024-03-06,278.9,-18.41
RMP2,2024-03-06,280.5,-18.97
RMP2,2024-03-06,282.2,-19.74
RMP2,2024-03-06,284.0,-20.03
RMP2,2024-03-06,285.8,-20.35
RMP2,2024-03-06,287.6,-20.65
RMP2,2024-03-06,289.5,-20.96
RMP2,2024-03-06,291.3,-21.03
RMP2,2024-03-06,293.3,-21.12
RMP2,2024-03-06,295.3,-21.25
RMP2,2024-03-06,297.3,-21.5
RMP2,2024-03-06,299.3,-21.75
RMP2,2024-03-06,301.3,-21.82
RMP2,2024-03-06,303.5,-22.0
RMP2,2024-03-06,305.6,-22.04
RMP2,2024-03-06,307.7,-22.11
RMP2,2024-03-06,309.9,-22.2
RMP2,2024-03-06,312.1,-22.24
RMP2,2024-03-06,314.2,-22.26
RMP2,2024-03-06,316.4,-22.27
RMP2,2024-03-06,318.5,-22.29
RMP2,2024-03-06,320.7,-22.3
RMP2,2024-03-06,322.8,-22.31
RMP2,2024-03-06,325.0,-22.3
RMP2,2024-03-06,327.1,-22.29
RMP2,2024-03-06,329.2,-22.31
RMP2,2024-03-06,331.2,-22.4
RMP2,2024-03-06,333.3,-22.41
RMP2,2024-03-06,335.3,-22.49
RMP2,2024-03-06,337.3,-22.39
RMP2,2024-03-06,339.3,-22.29
RMP2,2024-03-06,341.3,-22.17
RMP2,2024-03-06,343.3,-22.1
RMP2,2024-03-06,345.3,-22.04
RMP2,2024-03-06,347.3,-21.99
RMP2,2024-03-06,349.2,-21.95
RMP2,2024-03-06,351.2,-21.93
RMP2,2024-03-06,353.1,-21.92
RMP2,2024-03-06,355.1,-21.91
RMP2,2024-03-06,357.1,-21.91
RMP2,2024-03-06,359.0,-21.68
RMP2,2024-03-06,361.0,-21.57
RMP2,2024-03-06,362.9,-21.56
RMP2,2024-03-06,364.9,-21.65
RMP2,2024-03-06,366.8,-21.69
RMP2,2024-03-06,368.8,-21.66
RMP2,2024-03-06,370.7,-21.68
RMP2,2024-03-06,372.6,-21.7
RMP2,2024-03-06,374.6,-21.59
RMP2,2024-03-06,376.5,-21.51
RMP2,2024-03-06,378.4,-21.41
RMP2,2024-03-06,380.3,-21.37
RMP2,2024-03-06,382.3,-21.28
RMP2,2024-03-06,384.2,-21.21
RMP2,2024-03-06,386.1,-21.15
RMP2,2024-03-06,388.0,-21.13
RMP2,2024-03-06,389.9,-21.09
RMP2,2024-03-06,391.8,-21.07
RMP2,2024-03-06,393.7,-21.03
RMP2,2024-03-06,395.5,-21.03
RMP2,2024-03-06,397.4,-21.0
RMP2,2024-03-06,399.3,-20.97
RMP2,2024-03-06,401.2,-20.94
RMP2,2024-03-06,403.0,-20.93
RMP2,2024-03-06,404.9,-20.89
RMP2,2024-03-06,406.8,-20.88
RMP2,2024-03-06,408.6,-20.89
RMP2,2024-03-06,410.5,-20.88
RMP2,2024-03-06,412.3,-20.88
RMP2,2024-03-06,414.2,-20.88
RMP2,2024-03-06,416.0,-20.84
RMP2,2024-03-06,417.9,-20.76
RMP2,2024-03-06,419.8,-20.76
RMP2,2024-03-06,421.6,-20.83
RMP2,2024-03-06,423.5,-20.84
RMP2,2024-03-06,425.4,-20.75
RMP2,2024-03-06,427.2,-20.78
RMP2,2024-03-06,429.1,-20.77
RMP2,2024-03-06,431.0,-20.71
RMP2,2024-03-06,432.9,-20.61
RMP2,2024-03-06,434.7,-20.69
RMP2,2024-03-06,436.6,-20.43
RMP2,2024-03-06,438.5,-20.47
RMP2,2024-03-06,440.4,-20.3
RMP2,2024-03-06,442.3,-20.19
RMP2,2024-03-06,444.2,-19.87
RMP2,2024-03-06,446.1,-19.26
RMP2,2024-03-06,448.0,-19.16
RMP2,2024-03-06,449.8,-19.5
RMP2,2024-03-06,451.7,-19.67
RMP2,2024-03-06,453.6,-20.17
RMP2,2024-03-06,455.5,-20.31
RMP2,2024-03-06,457.4,-20.44
RMP2,2024-03-06,459.3,-20.66
RMP2,2024-03-06,461.2,-20.83
RMP2,2024-03-06,463.0,-20.94
RMP2,2024-03-06,464.9,-20.92
RMP2,2024-03-06,466.8,-20.83
RMP2,2024-03-06,468.7,-20.84
RMP2,2024-03-06,470.5,-20.79
RMP2,2024-03-06,472.4,-20.74
RMP2,2024-03-06,474.3,-20.67
RMP2,2024-03-06,476.2,-20.6
RMP2,2024-03-06,478.1,-20.51
RMP2,2024-03-06,480.0,-20.47
RMP2,2024-03-06,482.0,-20.3
RMP2,2024-03-06,484.0,-20.15
RMP2,2024-03-06,486.1,-20.14
RMP2,2024-03-06,488.3,-20.04
RMP2,2024-03-06,490.4,-19.95
RMP2,2024-03-06,492.6,-19.86
RMP2,2024-03-06,494.8,-19.75
RMP2,2024-03-06,497.1,-19.6
RMP2,2024-03-06,499.4,-19.5
RMP2,2024-03-06,501.7,-19.34
RMP2,2024-03-06,503.2,-19.3
RMP2,2024-03-06,505.2,-19.22
RMP2,2024-03-06,507.1,-19.15
RMP2,2024-03-06,509.1,-19.12
RMP2,2024-03-06,511.1,-19.06
RMP2,2024-03-06,513.1,-18.99
RMP2,2024-03-06,515.1,-18.99
RMP2,2024-03-06,517.1,-18.96
RMP2,2024-03-06,519.1,-19.03
RMP2,2024-03-06,521.2,-19.07
RMP2,2024-03-06,523.2,-19.07
RMP2,2024-03-06,525.3,-19.12
RMP2,2024-03-06,527.4,-19.28
RMP2,2024-03-06,529.4,-19.51
RMP2,2024-03-06,531.5,-19.53
RMP2,2024-03-06,533.6,-19.54
RMP2,2024-03-06,535.8,-19.51
RMP2,2024-03-06,537.9,-19.53
RMP2,2024-03-06,540.1,-19.56
RMP2,2024-03-06,542.3,-19.63
RMP2,2024-03-06,544.4,-19.63
RMP2,2024-03-06,546.6,-19.63
RMP2,2024-03-06,548.8,-19.69
RMP2,2024-03-06,551.0,-19.54
RMP2,2024-03-06,553.1,-19.47
RMP2,2024-03-06,555.3,-19.42
RMP2,2024-03-06,557.5,-19.3
RMP2,2024-03-06,559.7,-19.16
RMP2,2024-03-06,561.8,-19.01
RMP2,2024-03-06,564.0,-18.88
RMP2,2024-03-06,566.2,-18.8
RMP2,2024-03-06,568.4,-18.77
RMP2,2024-03-06,570.6,-18.69
RMP2,2024-03-06,572.7,-18.6
RMP2,2024-03-06,574.9,-18.45
RMP2,2024-03-06,577.1,-18.33
RMP2,2024-03-06,579.2,-18.2
RMP2,2024-03-06,581.4,-18.16
RMP2,2024-03-06,583.6,-18.2
RMP2,2024-03-06,585.8,-18.08
RMP2,2024-03-06,587.9,-18.02
RMP2,2024-03-06,590.1,-17.88
RMP2,2024-03-06,592.3,-17.78
RMP2,2024-03-06,594.4,-17.76
RMP2,2024-03-06,596.6,-17.64
RMP2,2024-03-06,598.8,-17.53
RMP2,2024-03-06,601.0,-17.49
RMP2,2024-03-06,603.2,-17.42
RMP2,2024-03-06,605.4,-17.32
RMP2,2024-03-06,607.6,-17.22
RMP2,2024-03-06,609.7,-17.12
RMP2,2024-03-06,612.0,-17.09
RMP2,2024-03-06,614.2,-16.96
RMP2,2024-03-06,616.4,-16.82
RMP2,2024-03-06,618.6,-16.74
RMP2,2024-03-06,620.8,-16.71
RMP2,2024-03-06,623.0,-16.62
RMP2,2024-03-06,625.2,-16.58
RMP2,2024-03-06,627.4,-16.53
RMP2,2024-03-06,629.6,-16.47
RMP2,2024-03-06,631.8,-16.4
RMP2,2024-03-06,634.0,-16.34
RMP2,2024-03-06,636.1,-16.24
RMP2,2024-03-06,638.3,-16.14
RMP2,2024-03-06,640.5,-16.08
RMP2,2024-03-06,642.7,-16.01
RMP2,2024-03-06,644.9,-15.93
RMP2,2024-03-06,647.1,-15.83
RMP2,2024-03-06,649.2,-15.72
RMP2,2024-03-06,651.5,-15.66
RMP2,2024-03-06,653.6,-15.53
RMP2,2024-03-06,655.8,-15.43
RMP2,2024-03-06,658.0,-15.35
RMP2,2024-03-06,660.2,-15.21
RMP2,2024-03-06,662.4,-15.08
RMP2,2024-03-06,664.6,-14.98
RMP2,2024-03-06,666.9,-14.83
RMP2,2024-03-06,669.1,-14.74
RMP2,2024-03-06,671.1,-14.6
RMP2,2024-03-06,673.0,-14.54
RMP2,2024-03-06,674.8,-14.45
RMP2,2024-03-06,676.7,-14.36
RMP2,2024-03-06,678.6,-14.26
RMP2,2024-03-06,680.4,-14.17
RMP2,2024-03-06,682.3,-14.06
RMP2,2024-03-06,684.2,-14.01
RMP2,2024-03-06,686.1,-13.92
RMP2,2024-03-06,688.0,-13.81
RMP2,2024-03-06,689.8,-13.76
RMP2,2024-03-06,691.7,-13.71
RMP2,2024-03-06,693.6,-13.65
RMP2,2024-03-06,695.5,-13.56
RMP2,2024-03-06,697.4,-13.55
RMP2,2024-03-06,699.3,-13.49
RMP2,2024-03-06,701.2,-13.42
RMP2,2024-03-06,703.1,-13.36
RMP2,2024-03-06,704.9,-13.34
RMP2,2024-03-06,706.8,-13.26
RMP2,2024-03-06,708.7,-13.2
RMP2,2024-03-06,710.6,-13.19
RMP2,2024-03-06,712.5,-13.12
RMP2,2024-03-06,714.4,-13.04
RMP2,2024-03-06,716.3,-13.0
RMP2,2024-03-06,718.2,-12.94
RMP2,2024-03-06,720.1,-12.86
RMP2,2024-03-06,722.0,-12.86
RMP2,2024-03-06,723.9,-12.8
RMP2,2024-03-06,725.8,-12.66
RMP2,2024-03-06,727.7,-12.59
RMP2,2024-03-06,729.7,-12.56
RMP2,2024-03-06,731.6,-12.45
RMP2,2024-03-06,733.5,-12.4
RMP2,2024-03-06,735.4,-12.38
RMP2,2024-03-06,737.3,-12.35
RMP2,2024-03-06,739.2,-12.28
RMP2,2024-03-06,741.1,-12.18
RMP2,2024-03-06,743.1,-12.12
RMP2,2024-03-06,745.0,-12.1
RMP2,2024-03-06,746.9,-12.04
RMP2,2024-03-06,748.8,-12.08
RMP2,2024-03-06,750.8,-12.08
RMP2,2024-03-06,752.7,-12.01
RMP2,2024-03-06,754.6,-12.0
RMP2,2024-03-06,756.6,-12.04
RMP2,2024-03-06,758.5,-12.09
RMP2,2024-03-06,760.4,-12.13
RMP2,2024-03-06,762.4,-12.05
RMP2,2024-03-06,764.3,-11.99
RMP2,2024-03-06,766.3,-11.92
RMP2,2024-03-06,768.2,-11.89
RMP2,2024-03-06,770.2,-11.85
RMP2,2024-03-06,772.1,-11.75
RMP2,2024-03-06,774.0,-11.63
RMP2,2024-03-06,776.0,-11.46
RMP2,2024-03-06,778.0,-11.23
RMP2,2024-03-06,779.9,-11.0
RMP2,2024-03-06,781.9,-10.86
RMP2,2024-03-06,783.9,-10.86
RMP2,2024-03-06,785.8,-10.91
RMP2,2024-03-06,787.8,-10.77
RMP2,2024-03-06,789.8,-10.33
RMP2,2024-03-06,791.7,-10.23
RMP2,2024-03-06,793.7,-10.33
RMP2,2024-03-06,795.6,-10.64
RMP2,2024-03-06,797.6,-10.46
RMP2,2024-03-06,799.5,-10.31
RMP2,2024-03-06,801.5,-10.1
RMP2,2024-03-06,803.4,-9.98
RMP2,2024-03-06,805.4,-9.95
RMP2,2024-03-06,807.3,-9.94
RMP2,2024-03-06,809.3,-9.89
RMP2,2024-03-06,811.2,-9.88
RMP2,2024-03-06,813.1,-9.87
RMP2,2024-03-06,815.1,-9.82
RMP2,2024-03-06,817.0,-9.8
RMP2,2024-03-06,819.0,-9.79
RMP2,2024-03-06,820.9,-9.79
RMP2,2024-03-06,822.8,-9.82
RMP2,2024-03-06,824.8,-9.8
RMP2,2024-03-06,826.7,-9.79
RMP2,2024-03-06,828.6,-9.8
RMP2,2024-03-06,830.6,-9.79
RMP2,2024-03-06,832.5,-9.77
RMP2,2024-03-06,834.4,-9.71
RMP2,2024-03-06,836.4,-9.62
RMP2,2024-03-06,838.3,-9.61
RMP2,2024-03-06,840.3,-9.58
RMP2,2024-03-06,842.2,-9.61
RMP2,2024-03-06,844.1,-9.69
RMP2,2024-03-06,846.0,-9.82
RMP2,2024-03-06,848.0,-10.0
RMP2,2024-03-06,849.9,-10.07
RMP2,2024-03-06,851.8,-10.19
RMP2,2024-03-06,853.8,-10.28
RMP2,2024-03-06,855.7,-10.37
RMP2,2024-03-06,857.6,-10.12
RMP2,2024-03-06,859.6,-9.64
RMP2,2024-03-06,861.5,-9.27
RMP2,2024-03-06,863.5,-9.05
RMP2,2024-03-06,865.4,-8.89
RMP2,2024-03-06,867.4,-8.88
RMP2,2024-03-06,869.3,-8.93
RMP2,2024-03-06,871.3,-8.98
RMP2,2024-03-06,873.2,-9.03
RMP2,2024-03-06,875.1,-9.15
RMP2,2024-03-06,877.1,-9.38
RMP2,2024-03-06,879.0,-9.52
RMP2,2024-03-06,881.0,-9.73
RMP2,2024-03-06,883.0,-9.86
RMP2,2024-03-06,884.9,-9.85
RMP2,2024-03-06,886.9,-9.58
RMP2,2024-03-06,888.8,-9.39
RMP2,2024-03-06,890.8,-8.98
RMP2,2024-03-06,892.8,-8.98
RMP2,2024-03-06,894.7,-8.98
RMP2,2024-03-06,896.7,-9.34
RMP2,2024-03-06,898.7,-9.62
RMP2,2024-03-06,900.6,-8.7
RMP2,2024-03-06,902.6,-8.01
RMP2,2024-03-06,904.6,-7.56
RMP2,2024-03-06,906.6,-7.31
RMP2,2024-03-06,908.6,-7.14
RMP2,2024-03-06,910.5,-7.04
RMP2,2024-03-06,912.5,-7.07
RMP2,2024-03-06,914.5,-7.18
RMP2,2024-03-06,916.4,-7.38
RMP2,2024-03-06,918.3,-7.51
RMP2,2024-03-06,920.3,-7.6
RMP2,2024-03-06,922.2,-7.78
RMP2,2024-03-06,924.1,-7.98
RMP2,2024-03-06,925.9,-8.13
RMP2,2024-03-06,927.8,-8.28
RMP2,2024-03-06,929.7,-8.32
RMP2,2024-03-06,931.6,-8.33
RMP2,2024-03-06,933.4,-8.29
RMP2,2024-03-06,935.2,-8.16
RMP2,2024-03-06,937.1,-8.04
RMP2,2024-03-06,938.9,-7.85
RMP2,2024-03-06,940.7,-7.76
RMP2,2024-03-06,942.5,-7.59
RMP2,2024-03-06,944.3,-7.53
RMP2,2024-03-06,946.1,-7.47
RMP2,2024-03-06,947.9,-7.44
RMP2,2024-03-06,949.7,-7.36
RMP2,2024-03-06,951.5,-7.27
RMP2,2024-03-06,953.3,-7.22
RMP2,2024-03-06,955.1,-7.13
RMP2,2024-03-06,956.9,-7.15
RMP2,2024-03-06,958.7,-7.14
RMP2,2024-03-06,960.5,-7.11
RMP2,2024-03-06,962.3,-7.11
RMP2,2024-03-06,964.0,-7.03
RMP2,2024-03-06,965.8,-6.98
RMP2,2024-03-06,967.6,-6.97
RMP2,2024-03-06,969.3,-7.0
RMP2,2024-03-06,971.1,-6.95
RMP2,2024-03-06,972.8,-6.9
RMP2,2024-03-06,974.6,-6.87
RMP2,2024-03-06,976.3,-6.84
RMP2,2024-03-06,978.1,-6.84
RMP2,2024-03-06,979.8,-6.84
RMP2,2024-03-06,981.5,-6.8
RMP2,2024-03-06,983.3,-6.79
RMP2,2024-03-06,985.0,-6.67
RMP2,2024-03-06,986.7,-6.57
RMP2,2024-03-06,988.4,-6.59
RMP2,2024-03-06,990.2,-6.52
RMP2,2024-03-06,991.9,-6.49
RMP2,2024-03-06,993.6,-6.52
RMP2,2024-03-06,995.3,-6.52
RMP2,2024-03-06,997.0,-6.51
RMP2,2024-03-06,998.8,-6.49
RMP2,2024-03-06,1000.5,-6.42
RMP2,2024-03-06,1003.3,-6.21
RMP2,2024-03-06,1005.3,-6.05
RMP2,2024-03-06,1007.4,-5.85
RMP2,2024-03-06,1009.5,-5.68
RMP2,2024-03-06,1011.6,-5.52
RMP2,2024-03-06,1013.6,-5.25
RMP2,2024-03-06,1015.7,-5.09
RMP2,2024-03-06,1017.7,-4.93
RMP2,2024-03-06,1019.7,-4.65
RMP2,2024-03-06,1021.7,-4.47
RMP2,2024-03-06,1023.7,-4.26
RMP2,2024-03-06,1025.7,-4.07
RMP2,2024-03-06,1027.6,-3.92
RMP2,2024-03-06,1029.5,-3.75
RMP2,2024-03-06,1031.4,-3.64
RMP2,2024-03-06,1033.3,-3.55
RMP2,2024-03-06,1035.2,-3.42
RMP2,2024-03-06,1037.1,-3.35
RMP2,2024-03-06,1039.0,-3.26
RMP2,2024-03-06,1040.8,-3.2
RMP2,2024-03-06,1042.7,-3.19
RMP2,2024-03-06,1044.5,-3.08
RMP2,2024-03-06,1046.4,-3.02
RMP2,2024-03-06,1048.2,-3.06
RMP2,2024-03-06,1050.1,-3.11
RMP2,2024-03-06,1051.9,-3.12
RMP2,2024-03-06,1053.7,-3.07
RMP2,2024-03-06,1055.6,-2.92
RMP2,2024-03-06,1057.4,-2.76
RMP2,2024-03-06,1059.2,-2.64
RMP2,2024-03-06,1061.0,-2.54
RMP2,2024-03-06,1062.8,-2.44
RMP2,2024-03-06,1064.6,-2.51
RMP2,2024-03-06,1066.4,-2.74
RMP2,2024-03-06,1068.2,-2.83
RMP2,2024-03-06,1070.0,-2.85
RMP2,2024-03-06,1071.7,-2.58
RMP2,2024-03-06,1073.5,-2.21
RMP2,2024-03-06,1075.3,-2.16
RMP2,2024-03-06,1077.0,-2.02
RMP2,2024-03-06,1078.8,-2.06
RMP2,2024-03-06,1080.5,-2.11
RMP2,2024-03-06,1082.3,-2.12
RMP2,2024-03-06,1084.0,-2.07
RMP2,2024-03-06,1085.8,-2.08
RMP2,2024-03-06,1087.5,-2.35
RMP2,2024-03-06,1089.2,-2.43
RMP2,2024-03-06,1091.0,-1.56
RMP2,2024-03-06,1092.7,-1.18
RMP2,2024-03-06,1094.4,-1.02
RMP2,2024-03-06,1096.0,-0.81
RMP2,2024-03-06,1097.6,-0.73
RMP2,2024-03-06,1099.2,-0.73
RMP2,2024-03-06,1100.7,-0.71
RMP2,2024-03-06,1102.0,-0.64
RMP2,2024-03-06,1104.0,-0.48
RMP2,2024-03-06,1106.0,-0.36
RMP2,2024-03-06,1108.0,-0.28
RMP2,2024-03-06,1110.0,-0.16
RMP2,2024-03-06,1113.0,-0.08
RMP2,2024-03-06,1116.0,0.05
RMP2,2024-03-06,1119.0,0.1
RMP2,2024-03-06,1122.0,0.12
RMP2,2024-03-06,1125.0,0.12
RMP2,2024-03-06,1128.0,0.21
RMP2,2024-03-06,1130.0,0.26
RMP2,2024-03-06,1131.0,0.72
RMP2,2024-03-06,1140.0,1.76
RMP2,2024-03-06,1150.0,1.8
RMP2,2024-03-06,1180.0,2.2
RMP2,2024-03-06,1200.0,2.6
RMP2,2024-03-06,1230.0,3.06
RMP2,2024-03-06,1260.0,3.0
RMP2,2024-03-06,1280.0,2.8
RMP2,2024-03-06,1300.0,1.9
RMP2,2024-03-06,1320.0,1.6
RMP2,2024-03-06,1325.0,1.55
RMP2,2024-03-06,1330.0,0.72
RMP2,2024-03-06,1333.0,-0.08
RMP2,2024-03-06,1336.0,-0.08
RMP2,2024-03-06,1339.0,0.02
RMP2,2024-03-06,1342.0,0.02
RMP2,2024-03-06,1345.0,0.08
RMP2,2024-03-06,1348.0,0.12
RMP2,2024-03-06,1351.0,0.1
RMP2,2024-03-06,1354.0,0.12
RMP2,2024-03-06,1357.0,0.11
RMP2,2024-03-06,1360.0,0.12
RMP2,2024-03-06,1363.0,0.08
RMP2,2024-03-06,1366.0,0.02
RMP2,2024-03-06,1369.0,0.05
RMP2,2024-03-06,1372.0,-0.08
RMP2,2024-03-06,1375.0,-0.15
RMP2,2024-03-06,1378.0,-0.28
RMP2,2024-03-06,1381.0,-0.43
RMP2,2024-03-06,1384.0,-0.48
RMP2,2024-03-06,1387.0,-0.54
RMP2,2024-03-06,1390.0,-0.58
RMP2,2024-03-06,1393.0,-0.66
RMP2,2024-03-06,1396.0,-0.78
RMP2,2024-03-06,1399.0,-0.82
RMP2,2024-03-06,1402.0,-0.98
RMP2,2024-03-06,1406.0,-0.98
RMP2,2024-03-06,1409.0,-0.74
RMP2,2024-03-06,1412.0,-0.68
RMP2,2024-03-06,1415.0,-0.62
RMP2,2024-03-06,1418.0,-0.58
RMP2,2024-03-06,1421.0,-0.6
RMP2,2024-03-06,1424.0,-0.58
RMP2,2024-03-06,1427.0,-0.74
RMP2,2024-03-06,1430.0,-0.88
RMP2,2024-03-06,1433.0,-0.86
RMP2,2024-03-06,1436.0,-0.88
RMP2,2024-03-06,1439.0,-0.84
RMP2,2024-03-06,1442.0,-0.78
RMP2,2024-03-06,1445.0,-0.64
RMP2,2024-03-06,1448.0,-0.48
RMP2,2024-03-06,1451.0,-0.36
RMP2,2024-03-06,1454.0,-0.28
RMP2,2024-03-06,1457.0,-0.16
RMP2,2024-03-06,1460.0,-0.08
RMP2,2024-03-06,1464.0,0.05
RMP2,2024-03-06,1467.0,0.02
RMP2,2024-03-06,1470.0,0.08
RMP2,2024-03-06,1473.0,0.12
RMP2,2024-03-06,1476.0,0.11
RMP2,2024-03-06,1479.0,0.12
RMP2,2024-03-06,1482.0,0.17
RMP2,2024-03-06,1485.0,0.22
RMP2,2024-03-06,1488.0,0.27
RMP2,2024-03-06,1491.0,0.32
RMP2,2024-03-06,1494.0,0.17
RMP2,2024-03-06,1497.0,0.15
RMP2,2024-03-06,1500.0,0.12
RMP2,2024-03-06,1503.0,0.17
RMP2,2024-03-06,1506.0,0.22
RMP2,2024-03-06,1508.0,0.25
RMP2,2024-03-06,1510.0,0.72
RMP2,2024-03-06,1530.0,1.6
RMP2,2024-03-06,1550.0,1.8
RMP2,2024-03-06,1570.0,2.12
RMP2,2024-03-06,1600.0,2.5
RMP2,2024-03-06,1630.0,2.7
RMP2,2024-03-06,1660.0,2.8
RMP2,2024-03-06,1700.0,3.2
RMP2,2024-03-06,1730.0,3.06
RMP2,2024-03-06,1760.0,3.4
RMP2,2024-03-06,1800.0,3.28
RMP2,2024-03-06,1840.0,2.7
RMP2,2024-03-06,1870.0,2.2
RMP2,2024-03-06,1900.0,1.6
RMP2,2024-03-06,1920.0,1.4
RMP2,2024-03-06,1940.0,1.28
RMP2,2024-03-06,1950.0,0.73
RMP2,2024-03-06,1952.0,0.08
RMP2,2024-03-06,1955.0,-0.52
RMP2,2024-03-06,1958.0,-0.72
RMP2,2024-03-06,1961.0,-0.76
RMP2,2024-03-06,1964.0,-0.77
RMP2,2024-03-06,1967.0,-0.8
RMP2,2024-03-06,1970.0,-0.75
RMP2,2024-03-06,1973.0,-0.73
RMP2,2024-03-06,1976.0,-0.77
RMP2,2024-03-06,1979.0,-0.85
RMP2,2024-03-06,1982.0,-0.88
RMP2,2024-03-06,1985.0,-0.88
RMP2,2024-03-06,1988.0,-0.92
RMP2,2024-03-06,1991.0,-0.94
RMP2,2024-03-06,1994.0,-0.91
RMP2,2024-03-06,1997.0,-0.93
RMP2,2024-03-06,2000.0,-0.9
RMP2,2024-03-06,2003.0,-0.91
RMP2,2024-03-06,2006.0,-0.73
RMP2,2024-03-06,2009.0,-0.77
RMP2,2024-03-06,2012.0,-0.85
RMP2,2024-03-06,2015.0,-0.88
RMP2,2024-03-06,2018.0,-0.73
RMP2,2024-03-06,2021.0,-0.77
RMP2,2024-03-06,2024.0,-0.85
RMP2,2024-03-06,2027.0,-0.88
RMP2,2024-03-06,2029.7,-0.66
RMP2,2024-03-06,2031.3,-0.72
RMP2,2024-03-06,2033.0,-0.72
RMP2,2024-03-06,2034.7,-0.76
RMP2,2024-03-06,2036.4,-0.77
RMP2,2024-03-06,2038.1,-0.8
RMP2,2024-03-06,2039.9,-0.75
RMP2,2024-03-06,2041.7,-0.73
RMP2,2024-03-06,2043.5,-0.77
RMP2,2024-03-06,2045.3,-0.85
RMP2,2024-03-06,2047.2,-0.88
RMP2,2024-03-06,2049.1,-0.88
RMP2,2024-03-06,2051.0,-0.92
RMP2,2024-03-06,2052.9,-0.94
RMP2,2024-03-06,2054.8,-0.91
RMP2,2024-03-06,2056.8,-0.93
RMP2,2024-03-06,2058.8,-0.9
RMP2,2024-03-06,2060.8,-0.91
RMP2,2024-03-06,2062.8,-0.99
RMP2,2024-03-06,2064.9,-0.92
RMP2,2024-03-06,2067.0,-0.98
RMP2,2024-03-06,2069.1,-1.0
RMP2,2024-03-06,2071.2,-1.03
RMP2,2024-03-06,2073.4,-1.07
RMP2,2024-03-06,2075.6,-1.02
RMP2,2024-03-06,2077.8,-1.07
RMP2,2024-03-06,2080.0,-1.07
RMP2,2024-03-06,2082.3,-1.01
RMP2,2024-03-06,2084.5,-1.07
RMP2,2024-03-06,2086.7,-1.12
RMP2,2024-03-06,2088.9,-1.12
RMP2,2024-03-06,2091.2,-1.11
RMP2,2024-03-06,2093.4,-1.07
RMP2,2024-03-06,2095.7,-1.09
RMP2,2024-03-06,2097.9,-1.2
RMP2,2024-03-06,2100.2,-1.2
RMP2,2024-03-06,2102.5,-1.2
RMP2,2024-03-06,2104.8,-1.24
RMP2,2024-03-06,2107.1,-1.34
RMP2,2024-03-06,2109.3,-1.28
RMP2,2024-03-06,2111.6,-1.28
RMP2,2024-03-06,2113.9,-1.28
RMP2,2024-03-06,2116.2,-1.22
RMP2,2024-03-06,2118.5,-1.22
RMP2,2024-03-06,2120.8,-1.34
RMP2,2024-03-06,2123.1,-1.37
RMP2,2024-03-06,2125.4,-1.39
RMP2,2024-03-06,2127.9,-1.25
RMP2,2024-03-06,2130.2,-1.21
RMP2,2024-03-06,2132.5,-1.25
RMP2,2024-03-06,2134.8,-1.28
RMP2,2024-03-06,2137.1,-1.31
RMP2,2024-03-06,2139.5,-1.28
RMP2,2024-03-06,2141.8,-1.34
RMP2,2024-03-06,2144.1,-1.4
RMP2,2024-03-06,2146.5,-1.53
RMP2,2024-03-06,2148.8,-1.54
RMP2,2024-03-06,2150.4,-1.56
RMP2,2024-03-06,2152.3,-1.58
RMP2,2024-03-06,2154.3,-1.61
RMP2,2024-03-06,2156.2,-1.65
RMP2,2024-03-06,2158.2,-1.65
RMP2,2024-03-06,2160.2,-1.65
RMP2,2024-03-06,2162.2,-1.72
RMP2,2024-03-06,2164.1,-1.71
RMP2,2024-03-06,2166.1,-1.67
RMP2,2024-03-06,2168.1,-1.7
RMP2,2024-03-06,2170.1,-1.7
RMP2,2024-03-06,2172.1,-1.8
RMP2,2024-03-06,2174.0,-1.83
RMP2,2024-03-06,2176.0,-1.84
RMP2,2024-03-06,2178.0,-1.85
RMP2,2024-03-06,2180.0,-1.9
RMP2,2024-03-06,2182.0,-1.92
RMP2,2024-03-06,2183.9,-1.92
RMP2,2024-03-06,2185.9,-1.94
RMP2,2024-03-06,2187.9,-1.91
RMP2,2024-03-06,2189.9,-1.96
RMP2,2024-03-06,2191.9,-2.0
RMP2,2024-03-06,2193.9,-2.02
RMP2,2024-03-06,2195.9,-2.06
RMP2,2024-03-06,2197.9,-2.03
RMP2,2024-03-06,2199.9,-2.02
RMP2,2024-03-06,2201.9,-2.1
RMP2,2024-03-06,2203.9,-2.17
RMP2,2024-03-06,2205.9,-2.17
RMP2,2024-03-06,2207.9,-2.25
RMP2,2024-03-06,2209.9,-2.37
RMP2,2024-03-06,2211.9,-2.38
RMP2,2024-03-06,2213.9,-2.38
RMP2,2024-03-06,2215.9,-2.39
RMP2,2024-03-06,2217.9,-2.44
RMP2,2024-03-06,2219.9,-2.45
RMP2,2024-03-06,2221.9,-2.5
RMP2,2024-03-06,2223.9,-2.5
RMP2,2024-03-06,2225.9,-2.44
RMP2,2024-03-06,2228.0,-2.46
RMP2,2024-03-06,2230.0,-2.46
RMP2,2024-03-06,2232.0,-2.52
RMP2,2024-03-06,2234.1,-2.6
RMP2,2024-03-06,2236.1,-2.47
RMP2,2024-03-06,2238.1,-2.47
RMP2,2024-03-06,2240.2,-2.53
RMP2,2024-03-06,2242.3,-2.64
RMP2,2024-03-06,2244.3,-2.65
RMP2,2024-03-06,2246.4,-2.65
RMP2,2024-03-06,2248.4,-2.63
RMP2,2024-03-06,2250.5,-2.56
RMP2,2024-03-06,2252.5,-2.61
RMP2,2024-03-06,2254.6,-2.64
RMP2,2024-03-06,2256.6,-2.73
RMP2,2024-03-06,2258.7,-2.86
RMP2,2024-03-06,2260.7,-2.84
RMP2,2024-03-06,2262.8,-2.83
RMP2,2024-03-06,2265.0,-2.88
RMP2,2024-03-06,2267.1,-2.87
RMP2,2024-03-06,2270.5,-2.81
RMP2,2024-03-06,2273.4,-2.84
RMP2,2024-03-06,2277.7,-2.89
RMP2,2024-03-06,2279.8,-2.91
RMP2,2024-03-06,2282.3,-2.93
RMP2,2024-03-06,2284.4,-2.9
RMP2,2024-03-06,2286.5,-2.97
RMP2,2024-03-06,2288.5,-3.07
RMP2,2024-03-06,2290.6,-3.08
RMP2,2024-03-06,2293.5,-2.81
RMP2,2024-03-06,2297.0,-2.84
RMP2,2024-03-06,2299.1,-2.89
RMP2,2024-03-06,2301.2,-2.91
RMP2,2024-03-06,2303.3,-2.93
RMP2,2024-03-06,2306.0,-2.9
RMP2,2024-03-06,2309.4,-3.06
RMP2,2024-03-06,2312.3,-2.87
RMP2,2024-03-06,2314.4,-2.81
RMP2,2024-03-06,2316.5,-2.84
RMP2,2024-03-06,2318.6,-2.89
RMP2,2024-03-06,2320.6,-2.91
RMP2,2024-03-06,2322.7,-2.93
RMP2,2024-03-06,2324.8,-2.9
RMP2,2024-03-06,2327.3,-2.97
RMP2,2024-03-06,2330.7,-2.92
RMP2,2024-03-06,2332.8,-2.97
RMP2,2024-03-06,2335.5,-2.65
RMP2,2024-03-06,2337.6,-2.63
RMP2,2024-03-06,2339.7,-2.56
RMP2,2024-03-06,2341.8,-2.61
RMP2,2024-03-06,2343.8,-2.64
RMP2,2024-03-06,2345.9,-2.73
RMP2,2024-03-06,2348.0,-2.86
RMP2,2024-03-06,2350.1,-2.84
RMP2,2024-03-06,2352.2,-2.83
RMP2,2024-03-06,2354.3,-2.88
RMP2,2024-03-06,2356.4,-2.87
RMP2,2024-03-06,2358.4,-2.81
RMP2,2024-03-06,2360.5,-2.84
RMP2,2024-03-06,2362.6,-2.89
RMP2,2024-03-06,2364.7,-2.91
RMP2,2024-03-06,2366.8,-2.93
RMP2,2024-03-06,2368.9,-2.9
RMP2,2024-03-06,2371.0,-2.97
RMP2,2024-03-06,2373.1,-3.07
RMP2,2024-03-06,2375.1,-3.08
RMP2,2024-03-06,2377.2,-3.24
RMP2,2024-03-06,2379.3,-3.42
RMP2,2024-03-06,2381.4,-3.87
RMP2,2024-03-06,2383.5,-4.26
RMP2,2024-03-06,2385.6,-4.34
RMP2,2024-03-06,2387.7,-4.34
RMP2,2024-03-06,2389.8,-4.41
RMP2,2024-03-06,2391.9,-4.42
RMP2,2024-03-06,2394.0,-4.38
RMP2,2024-03-06,2396.1,-4.43
RMP2,2024-03-06,2398.2,-4.49
RMP2,2024-03-06,2400.3,-4.54
RMP2,2024-03-06,2402.4,-4.6
RMP2,2024-03-06,2404.5,-4.61
RMP2,2024-03-06,2406.6,-4.59
RMP2,2024-03-06,2408.7,-4.56
RMP2,2024-03-06,2410.8,-4.59
RMP2,2024-03-06,2412.9,-4.71
RMP2,2024-03-06,2415.0,-4.54
RMP2,2024-03-06,2417.1,-4.53
RMP2,2024-03-06,2419.2,-4.54
RMP2,2024-03-06,2421.3,-4.48
RMP2,2024-03-06,2423.4,-4.53
RMP2,2024-03-06,2426.8,-4.58
RMP2,2024-03-06,2431.0,-4.18
RMP2,2024-03-06,2433.1,-4.17
RMP2,2024-03-06,2436.2,-4.69
RMP2,2024-03-06,2438.5,-4.71
RMP2,2024-03-06,2441.2,-4.54
RMP2,2024-03-06,2443.3,-4.58
RMP2,2024-03-06,2445.4,-4.47
RMP2,2024-03-06,2447.5,-4.35
RMP2,2024-03-06,2450.0,-4.38
RMP2,2024-03-06,2454.5,-4.36
RMP2,2024-03-06,2456.6,-4.43
RMP2,2024-03-06,2458.6,-4.43
RMP2,2024-03-06,2460.7,-4.45
RMP2,2024-03-06,2462.8,-4.49
RMP2,2024-03-06,2465.7,-4.79
RMP2,2024-03-06,2467.8,-4.7
RMP2,2024-03-06,2469.9,-4.69
RMP2,2024-03-06,2472.0,-4.71
RMP2,2024-03-06,2474.0,-4.54
RMP2,2024-03-06,2476.1,-4.58
RMP2,2024-03-06,2478.2,-4.47
RMP2,2024-03-06,2481.1,-4.58
RMP2,2024-03-06,2484.6,-4.72
RMP2,2024-03-06,2486.7,-4.55
RMP2,2024-03-06,2488.8,-4.54
RMP2,2024-03-06,2490.8,-4.79
RMP2,2024-03-06,2492.9,-4.7
RMP2,2024-03-06,2495.0,-4.69
RMP2,2024-03-06,2497.1,-4.71
RMP2,2024-03-06,2499.2,-4.54
RMP2,2024-03-06,2501.3,-4.58
RMP2,2024-03-06,2503.3,-4.47
RMP2,2024-03-06,2505.4,-4.35
RMP2,2024-03-06,2507.5,-4.44
RMP2,2024-03-06,2509.6,-4.38
RMP2,2024-03-06,2511.6,-4.44
RMP2,2024-03-06,2513.7,-4.33
RMP2,2024-03-06,2515.7,-4.26
RMP2,2024-03-06,2517.7,-4.34
RMP2,2024-03-06,2519.8,-4.34
RMP2,2024-03-06,2521.8,-4.41
RMP2,2024-03-06,2523.8,-4.42
RMP2,2024-03-06,2525.8,-4.38
RMP2,2024-03-06,2527.9,-4.43
RMP2,2024-03-06,2529.9,-4.49
RMP2,2024-03-06,2531.9,-4.54
RMP2,2024-03-06,2533.9,-4.6
RMP2,2024-03-06,2535.9,-4.61
RMP2,2024-03-06,2537.9,-4.59
RMP2,2024-03-06,2539.9,-4.56
RMP2,2024-03-06,2541.9,-4.59
RMP2,2024-03-06,2543.9,-4.71
RMP2,2024-03-06,2545.9,-4.54
RMP2,2024-03-06,2547.9,-4.53
RMP2,2024-03-06,2549.9,-4.54
RMP2,2024-03-06,2551.9,-4.73
RMP2,2024-03-06,2553.9,-4.77
RMP2,2024-03-06,2555.9,-4.87
RMP2,2024-03-06,2557.9,-4.87
RMP2,2024-03-06,2559.9,-4.83
RMP2,2024-03-06,2561.9,-4.78
RMP2,2024-03-06,2563.8,-4.76
RMP2,2024-03-06,2565.8,-4.76
RMP2,2024-03-06,2567.8,-4.71
RMP2,2024-03-06,2569.8,-4.7
RMP2,2024-03-06,2571.8,-4.7
RMP2,2024-03-06,2573.8,-4.71
RMP2,2024-03-06,2575.8,-4.8
RMP2,2024-03-06,2577.8,-4.78
RMP2,2024-03-06,2579.8,-4.79
RMP2,2024-03-06,2581.7,-4.79
RMP2,2024-03-06,2583.7,-4.82
RMP2,2024-03-06,2585.7,-4.85
RMP2,2024-03-06,2587.7,-4.9
RMP2,2024-03-06,2589.7,-4.89
RMP2,2024-03-06,2591.7,-4.9
RMP2,2024-03-06,2593.7,-4.94
RMP2,2024-03-06,2595.7,-4.97
RMP2,2024-03-06,2597.7,-4.97
RMP2,2024-03-06,2599.7,-5.03
RMP2,2024-03-06,2601.7,-5.13
RMP2,2024-03-06,2603.7,-5.16
RMP2,2024-03-06,2605.7,-5.16
RMP2,2024-03-06,2607.7,-5.12
RMP2,2024-03-06,2609.7,-5.07
RMP2,2024-03-06,2611.6,-5.05
RMP2,2024-03-06,2613.6,-5.03
RMP2,2024-03-06,2615.6,-4.99
RMP2,2024-03-06,2617.6,-5.1
RMP2,2024-03-06,2619.6,-5.4
RMP2,2024-03-06,2621.5,-5.3
RMP2,2024-03-06,2623.5,-5.28
RMP2,2024-03-06,2625.5,-5.33
RMP2,2024-03-06,2627.5,-5.32
RMP2,2024-03-06,2629.4,-5.33
RMP2,2024-03-06,2631.4,-5.27
RMP2,2024-03-06,2633.4,-5.21
RMP2,2024-03-06,2635.3,-4.91
RMP2,2024-03-06,2637.3,-4.87
RMP2,2024-03-06,2639.3,-4.86
RMP2,2024-03-06,2641.3,-4.8
RMP2,2024-03-06,2643.3,-4.77
RMP2,2024-03-06,2645.3,-4.71
RMP2,2024-03-06,2647.2,-4.7
RMP2,2024-03-06,2649.2,-4.73
RMP2,2024-03-06,2651.2,-4.79
RMP2,2024-03-06,2653.2,-4.78
RMP2,2024-03-06,2655.1,-4.72
RMP2,2024-03-06,2657.1,-4.67
RMP2,2024-03-06,2659.1,-4.78
RMP2,2024-03-06,2661.0,-4.92
RMP2,2024-03-06,2663.0,-4.98
RMP2,2024-03-06,2664.9,-4.99
RMP2,2024-03-06,2666.9,-4.86
RMP2,2024-03-06,2668.9,-4.85
RMP2,2024-03-06,2670.8,-4.8
RMP2,2024-03-06,2672.8,-4.8
RMP2,2024-03-06,2674.8,-4.85
RMP2,2024-03-06,2676.8,-4.88
RMP2,2024-03-06,2678.8,-4.85
RMP2,2024-03-06,2680.7,-5.04
RMP2,2024-03-06,2682.7,-5.04
RMP2,2024-03-06,2684.7,-4.97
RMP2,2024-03-06,2686.7,-4.97
RMP2,2024-03-06,2688.6,-4.96
RMP2,2024-03-06,2690.6,-4.95
RMP2,2024-03-06,2692.6,-4.78
RMP2,2024-03-06,2694.6,-4.76
RMP2,2024-03-06,2696.6,-4.77
RMP2,2024-03-06,2698.6,-4.8
RMP2,2024-03-06,2700.6,-4.82
RMP2,2024-03-06,2702.6,-4.83
RMP2,2024-03-06,2704.6,-4.82
RMP2,2024-03-06,2706.5,-4.78
RMP2,2024-03-06,2708.5,-4.83
RMP2,2024-03-06,2710.5,-5.3
RMP2,2024-03-06,2712.5,-5.4
RMP2,2024-03-06,2714.5,-5.26
RMP2,2024-03-06,2716.5,-5.31
RMP2,2024-03-06,2718.5,-5.39
RMP2,2024-03-06,2720.4,-5.61
RMP2,2024-03-06,2722.4,-5.85
RMP2,2024-03-06,2724.4,-5.94
RMP2,2024-03-06,2726.4,-6.0
RMP2,2024-03-06,2728.4,-6.05
RMP2,2024-03-06,2730.4,-6.43
RMP2,2024-03-06,2732.4,-6.8
RMP2,2024-03-06,2734.4,-6.88
RMP2,2024-03-06,2736.4,-7.06
RMP2,2024-03-06,2738.4,-6.96
RMP2,2024-03-06,2740.4,-7.05
RMP2,2024-03-06,2742.3,-7.1
RMP2,2024-03-06,2744.3,-7.05
RMP2,2024-03-06,2746.3,-7.05
RMP2,2024-03-06,2748.3,-7.19
RMP2,2024-03-06,2750.2,-7.2
RMP2,2024-03-06,2752.2,-7.23
RMP2,2024-03-06,2754.2,-7.23
RMP2,2024-03-06,2756.2,-7.2
RMP2,2024-03-06,2758.2,-7.2
RMP2,2024-03-06,2760.2,-7.19
RMP2,2024-03-06,2762.2,-7.13
RMP2,2024-03-06,2764.1,-7.13
RMP2,2024-03-06,2766.1,-7.16
RMP2,2024-03-06,2768.1,-7.15
RMP2,2024-03-06,2770.1,-7.12
RMP2,2024-03-06,2772.1,-7.16
RMP2,2024-03-06,2774.0,-7.21
RMP2,2024-03-06,2776.0,-7.28
RMP2,2024-03-06,2778.0,-7.23
RMP2,2024-03-06,2780.0,-7.19
RMP2,2024-03-06,2782.0,-7.11
RMP2,2024-03-06,2784.0,-7.05
RMP2,2024-03-06,2786.0,-6.99
RMP2,2024-03-06,2787.9,-6.98
RMP2,2024-03-06,2789.9,-7.05
RMP2,2024-03-06,2791.9,-7.07
RMP2,2024-03-06,2793.9,-7.05
RMP2,2024-03-06,2795.9,-6.99
RMP2,2024-03-06,2797.8,-7.01
RMP2,2024-03-06,2799.8,-7.12
RMP2,2024-03-06,2801.8,-7.21
RMP2,2024-03-06,2803.8,-7.13
RMP2,2024-03-06,2805.8,-7.22
RMP2,2024-03-06,2807.8,-6.87
RMP2,2024-03-06,2809.7,-6.76
RMP2,2024-03-06,2811.7,-6.67
RMP2,2024-03-06,2813.7,-6.7
RMP2,2024-03-06,2815.7,-6.77
RMP2,2024-03-06,2817.7,-6.9
RMP2,2024-03-06,2819.7,-6.95
RMP2,2024-03-06,2821.6,-7.13
RMP2,2024-03-06,2823.6,-7.19
RMP2,2024-03-06,2825.6,-7.05
RMP2,2024-03-06,2827.6,-6.84
RMP2,2024-03-06,2829.5,-6.58
RMP2,2024-03-06,2831.5,-6.41
RMP2,2024-03-06,2833.5,-6.25
RMP2,2024-03-06,2835.4,-6.18
RMP2,2024-03-06,2837.4,-6.25
RMP2,2024-03-06,2839.4,-6.02
RMP2,2024-03-06,2841.4,-6.11
RMP2,2024-03-06,2843.4,-6.06
RMP2,2024-03-06,2845.3,-5.84
RMP2,2024-03-06,2847.3,-5.85
RMP2,2024-03-06,2849.3,-6.22
RMP2,2024-03-06,2851.3,-5.87
RMP2,2024-03-06,2853.3,-5.6
RMP2,2024-03-06,2855.2,-5.53
RMP2,2024-03-06,2857.2,-5.28
RMP2,2024-03-06,2859.2,-4.99
RMP2,2024-03-06,2861.2,-4.96
RMP2,2024-03-06,2863.2,-4.91
RMP2,2024-03-06,2865.1,-4.56
RMP2,2024-03-06,2867.1,-4.65
RMP2,2024-03-06,2869.1,-4.69
RMP2,2024-03-06,2871.1,-4.69
RMP2,2024-03-06,2873.1,-4.98
RMP2,2024-03-06,2875.1,-4.92
RMP2,2024-03-06,2877.1,-4.55
RMP2,2024-03-06,2879.0,-4.44
RMP2,2024-03-06,2881.0,-4.23
RMP2,2024-03-06,2883.0,-4.01
RMP2,2024-03-06,2885.0,-4.1
RMP2,2024-03-06,2887.0,-4.19
RMP2,2024-03-06,2889.0,-4.15
RMP2,2024-03-06,2891.0,-4.18
RMP2,2024-03-06,2893.0,-4.15
RMP2,2024-03-06,2895.0,-3.76
RMP2,2024-03-06,2897.0,-3.64
RMP2,2024-03-06,2899.0,-3.53
RMP2,2024-03-06,2901.0,-3.44
RMP2,2024-03-06,2903.1,-3.47
RMP2,2024-03-06,2905.1,-3.56
RMP2,2024-03-06,2907.1,-3.7
RMP2,2024-03-06,2909.1,-3.78
RMP2,2024-03-06,2911.1,-3.8
RMP2,2024-03-06,2913.1,-3.86
RMP2,2024-03-06,2915.1,-3.65
RMP2,2024-03-06,2917.0,-3.62
RMP2,2024-03-06,2919.0,-3.83
RMP2,2024-03-06,2921.0,-4.3
RMP2,2024-03-06,2923.0,-4.72
RMP2,2024-03-06,2925.0,-4.32
RMP2,2024-03-06,2927.0,-4.24
RMP2,2024-03-06,2929.0,-4.26
RMP2,2024-03-06,2931.0,-4.3
RMP2,2024-03-06,2932.9,-4.36
RMP2,2024-03-06,2934.9,-4.42
RMP2,2024-03-06,2936.9,-4.42
RMP2,2024-03-06,2938.9,-4.55
RMP2,2024-03-06,2940.9,-4.65
RMP2,2024-03-06,2942.9,-4.73
RMP2,2024-03-06,2944.9,-4.74
RMP2,2024-03-06,2946.9,-4.64
RMP2,2024-03-06,2948.8,-4.44
RMP2,2024-03-06,2950.8,-4.12
RMP2,2024-03-06,2952.8,-3.6
RMP2,2024-03-06,2954.8,-3.33
RMP2,2024-03-06,2956.8,-3.18
RMP2,2024-03-06,2958.8,-3.16
RMP2,2024-03-06,2960.7,-3.18
RMP2,2024-03-06,2962.7,-3.15
RMP2,2024-03-06,2964.7,-2.97
RMP2,2024-03-06,2966.7,-2.79
RMP2,2024-03-06,2968.7,-2.68
RMP2,2024-03-06,2970.6,-2.6
RMP2,2024-03-06,2972.6,-2.64
RMP2,2024-03-06,2974.6,-2.84
RMP2,2024-03-06,2976.6,-3.04
RMP2,2024-03-06,2978.6,-3.17
RMP2,2024-03-06,2980.5,-3.08
RMP2,2024-03-06,2982.5,-2.93
RMP2,2024-03-06,2984.5,-2.95
RMP2,2024-03-06,2986.5,-3.08
RMP2,2024-03-06,2988.5,-2.91
RMP2,2024-03-06,2990.4,-2.88
RMP2,2024-03-06,2992.4,-2.77
RMP2,2024-03-06,2994.4,-2.73
RMP2,2024-03-06,2996.4,-2.75
RMP2,2024-03-06,2998.4,-2.81
RMP2,2024-03-06,3000.3,-2.84
RMP2,2024-03-06,3002.3,-2.96
RMP2,2024-03-06,3004.3,-3.1
RMP2,2024-03-06,3006.2,-3.15
RMP2,2024-03-06,3008.2,-3.17
RMP2,2024-03-06,3010.2,-3.36
RMP2,2024-03-06,3012.2,-3.37
RMP2,2024-03-06,3014.1,-3.29
RMP2,2024-03-06,3016.1,-3.29
RMP2,2024-03-06,3018.1,-3.36
RMP2,2024-03-06,3020.1,-3.49
RMP2,2024-03-06,3022.1,-3.31
RMP2,2024-03-06,3024.1,-3.17
RMP2,2024-03-06,3026.1,-3.17
RMP2,2024-03-06,3028.0,-3.19
RMP2,2024-03-06,3030.0,-3.2
RMP2,2024-03-06,3032.0,-3.17
RMP2,2024-03-06,3034.0,-3.07
RMP2,2024-03-06,3035.9,-2.97
RMP2,2024-03-06,3037.9,-2.95
RMP2,2024-03-06,3039.9,-2.9
RMP2,2024-03-06,3041.9,-2.91
RMP2,2024-03-06,3043.9,-2.87
RMP2,2024-03-06,3045.9,-2.77
RMP2,2024-03-06,3047.9,-2.72
RMP2,2024-03-06,3049.8,-2.7
RMP2,2024-03-06,3051.8,-2.72
RMP2,2024-03-06,3053.8,-2.78
RMP2,2024-03-06,3055.8,-2.83
RMP2,2024-03-06,3057.8,-3.06
RMP2,2024-03-06,3059.8,-3.04
RMP2,2024-03-06,3061.7,-3.18
RMP2,2024-03-06,3063.7,-3.08
RMP2,2024-03-06,3065.7,-3.04
RMP2,2024-03-06,3067.7,-2.99
RMP2,2024-03-06,3069.7,-3.0
RMP2,2024-03-06,3071.6,-3.06
RMP2,2024-03-06,3073.6,-3.11
RMP2,2024-03-06,3075.6,-3.11
RMP2,2024-03-06,3077.6,-3.17
RMP2,2024-03-06,3079.6,-3.16
RMP2,2024-03-06,3081.5,-3.23
RMP2,2024-03-06,3083.5,-3.15
RMP2,2024-03-06,3085.5,-2.87
RMP2,2024-03-06,3087.5,-2.84
RMP2,2024-03-06,3089.5,-2.82
RMP2,2024-03-06,3091.4,-2.86
RMP2,2024-03-06,3093.4,-2.97
RMP2,2024-03-06,3095.4,-3.38
RMP2,2024-03-06,3097.4,-3.01
RMP2,2024-03-06,3099.4,-2.93
RMP2,2024-03-06,3101.3,-2.91
RMP2,2024-03-06,3103.3,-2.95
RMP2,2024-03-06,3105.3,-2.99
RMP2,2024-03-06,3107.3,-3.04
RMP2,2024-03-06,3109.2,-3.07
RMP2,2024-03-06,3111.3,-3.06
RMP2,2024-03-06,3113.2,-3.05
RMP2,2024-03-06,3115.2,-3.13
RMP2,2024-03-06,3117.2,-3.16
RMP2,2024-03-06,3119.2,-3.2
RMP2,2024-03-06,3121.1,-3.23
RMP2,2024-03-06,3123.1,-3.27
RMP2,2024-03-06,3125.1,-3.19
RMP2,2024-03-06,3127.0,-3.24
RMP2,2024-03-06,3129.0,-3.23
RMP2,2024-03-06,3131.0,-3.2
RMP2,2024-03-06,3132.9,-3.18
RMP2,2024-03-06,3134.9,-3.24
RMP2,2024-03-06,3136.9,-3.1
RMP2,2024-03-06,3138.9,-2.96
RMP2,2024-03-06,3140.8,-2.89
RMP2,2024-03-06,3142.8,-2.88
RMP2,2024-03-06,3144.7,-2.92
RMP2,2024-03-06,3146.7,-2.91
RMP2,2024-03-06,3148.6,-2.91
RMP2,2024-03-06,3150.6,-2.9
RMP2,2024-03-06,3152.6,-2.91
RMP2,2024-03-06,3154.5,-2.96
RMP2,2024-03-06,3156.5,-2.96
RMP2,2024-03-06,3158.4,-3.01
RMP2,2024-03-06,3160.4,-2.93
RMP2,2024-03-06,3162.4,-2.79
RMP2,2024-03-06,3164.3,-2.78
RMP2,2024-03-06,3166.3,-2.93
RMP2,2024-03-06,3168.2,-2.86
RMP2,2024-03-06,3170.2,-2.91
RMP2,2024-03-06,3172.1,-2.95
RMP2,2024-03-06,3174.1,-3.0
RMP2,2024-03-06,3176.0,-2.87
RMP2,2024-03-06,3178.0,-2.75
RMP2,2024-03-06,3179.9,-3.08
RMP2,2024-03-06,3181.9,-3.15
RMP2,2024-03-06,3183.9,-3.2
RMP2,2024-03-06,3185.8,-3.36
RMP2,2024-03-06,3187.8,-3.11
RMP2,2024-03-06,3189.7,-2.97
RMP2,2024-03-06,3191.7,-2.99
RMP2,2024-03-06,3193.7,-2.84
RMP2,2024-03-06,3195.6,-2.78
RMP2,2024-03-06,3197.6,-2.79
RMP2,2024-03-06,3199.6,-2.73
RMP2,2024-03-06,3201.5,-2.74
RMP2,2024-03-06,3203.5,-2.69
RMP2,2024-03-06,3205.5,-2.65
RMP2,2024-03-06,3207.4,-2.77
RMP2,2024-03-06,3209.4,-2.93
RMP2,2024-03-06,3211.4,-2.93
RMP2,2024-03-06,3213.3,-2.88
RMP2,2024-03-06,3215.3,-2.92
RMP2,2024-03-06,3217.3,-2.99
RMP2,2024-03-06,3219.3,-2.98
RMP2,2024-03-06,3221.2,-2.66
RMP2,2024-03-06,3223.2,-2.59
RMP2,2024-03-06,3225.1,-2.62
RMP2,2024-03-06,3227.1,-2.64
RMP2,2024-03-06,3229.0,-2.65
RMP2,2024-03-06,3231.0,-2.71
RMP2,2024-03-06,3232.9,-2.69
RMP2,2024-03-06,3234.9,-2.69
RMP2,2024-03-06,3236.9,-2.66
RMP2,2024-03-06,3238.8,-2.62
RMP2,2024-03-06,3240.8,-2.59
RMP2,2024-03-06,3242.7,-2.59
RMP2,2024-03-06,3244.7,-2.56
RMP2,2024-03-06,3246.7,-2.5
RMP2,2024-03-06,3248.6,-2.5
RMP2,2024-03-06,3250.6,-2.51
RMP2,2024-03-06,3252.6,-2.47
RMP2,2024-03-06,3254.5,-2.46
RMP2,2024-03-06,3256.5,-2.45
RMP2,2024-03-06,3258.4,-2.43
RMP2,2024-03-06,3260.4,-2.42
RMP2,2024-03-06,3262.4,-2.38
RMP2,2024-03-06,3264.3,-2.32
RMP2,2024-03-06,3266.3,-2.24
RMP2,2024-03-06,3268.2,-2.21
RMP2,2024-03-06,3270.2,-2.28
RMP2,2024-03-06,3272.2,-2.27
RMP2,2024-03-06,3274.1,-2.37
RMP2,2024-03-06,3276.1,-2.35
RMP2,2024-03-06,3278.0,-2.36
RMP2,2024-03-06,3280.0,-2.32
RMP2,2024-03-06,3282.0,-2.33
RMP2,2024-03-06,3283.9,-2.25
RMP2,2024-03-06,3285.9,-2.27
RMP2,2024-03-06,3287.8,-2.62
RMP2,2024-03-06,3289.8,-2.93
RMP2,2024-03-06,3291.7,-2.65
RMP2,2024-03-06,3293.7,-2.43
RMP2,2024-03-06,3295.6,-2.05
RMP2,2024-03-06,3297.6,-1.9
RMP2,2024-03-06,3299.6,-1.91
RMP2,2024-03-06,3301.5,-2.06
RMP2,2024-03-06,3303.5,-2.12
RMP2,2024-03-06,3305.5,-2.02
RMP2,2024-03-06,3307.4,-1.67
RMP2,2024-03-06,3309.4,-1.51
RMP2,2024-03-06,3311.4,-1.36
RMP2,2024-03-06,3313.3,-1.17
RMP2,2024-03-06,3315.3,-0.99
RMP2,2024-03-06,3317.2,-0.83
RMP2,2024-03-06,3319.1,-0.7
RMP2,2024-03-06,3321.1,-0.57
RMP2,2024-03-06,3323.0,-0.45
RMP2,2024-03-06,3325.3,-0.36
RMP2,2024-03-06,3327.6,-0.29
RMP2,2024-03-06,3329.8,-0.28
RMP2,2024-03-06,3332.0,-0.43
RMP2,2024-03-06,3334.4,-0.48
RMP2,2024-03-06,3336.5,-0.54
RMP2,2024-03-06,3338.6,-0.58
RMP2,2024-03-06,3340.7,-0.66
RMP2,2024-03-06,3342.7,-0.78
RMP2,2024-03-06,3344.6,-0.52
RMP2,2024-03-06,3346.4,-0.38
RMP2,2024-03-06,3348.0,-0.36
RMP2,2024-03-06,3349.4,-0.22
RMP2,2024-03-06,3350.6,-0.08
RMP2,2024-03-06,3351.7,-0.15
RMP2,2024-03-06,3352.7,-0.28
RMP2,2024-03-06,3353.7,-0.43
RMP2,2024-03-06,3354.8,-0.48
RMP2,2024-03-06,3355.9,-0.54
RMP2,2024-03-06,3356.9,-0.58
RMP2,2024-03-06,3358.2,-0.66
RMP2,2024-03-06,3359.2,-0.78
RMP2,2024-03-06,3360.2,-0.82
RMP2,2024-03-06,3361.1,-0.98
RMP2,2024-03-06,3362.1,-0.98
RMP2,2024-03-06,3363.1,-0.74
RMP2,2024-03-06,3364.0,-0.68
RMP2,2024-03-06,3365.0,-0.62
RMP2,2024-03-06,3367.0,-0.58
RMP2,2024-03-06,3369.0,-0.6
RMP2,2024-03-06,3372.0,-0.58
RMP2,2024-03-06,3375.0,-0.74
RMP2,2024-03-06,3378.0,-0.88
RMP2,2024-03-06,3381.0,-0.86
RMP2,2024-03-06,3384.0,-0.88
RMP2,2024-03-06,3387.0,-0.84
RMP2,2024-03-06,3390.0,-0.78
RMP2,2024-03-06,3395.0,-0.64
RMP2,2024-03-06,3400.0,-0.48
RMP2,2024-03-06,3405.0,-0.58
RMP2,2024-03-06,3410.0,-0.66
RMP2,2024-03-06,3415.0,-0.78
RMP2,2024-03-06,3420.0,-0.82
RMP2,2024-03-06,3425.0,-0.98
RMP2,2024-03-06,3430.0,-0.98
RMP2,2024-03-06,3435.0,-0.74
RMP2,2024-03-06,3440.0,-0.68
RMP2,2024-03-06,3445.0,-0.62
RMP2,2024-03-06,3450.0,-0.58
RMP2,2024-03-06,3455.0,-0.6
RMP2,2024-03-06,3460.0,-0.58
RMP2,2024-03-06,3465.0,-0.74
RMP2,2024-03-06,3470.0,-0.86
RMP2,2024-03-06,3475.0,-0.88
RMP2,2024-03-06,3480.0,-0.84
RMP2,2024-03-06,3485.0,-0.78
RMP2,2024-03-06,3490.0,-0.64
RMP2,2024-03-06,3495.0,-0.48
RMP2,2024-03-06,3500.0,-0.36
RMP2,2024-03-06,3505.0,-0.28
RMP2,2024-03-06,3510.0,-0.16
RMP2,2024-03-06,3515.0,-0.14
RMP2,2024-03-06,3520.0,-0.12
RMP2,2024-03-06,3525.0,-0.1
RMP2,2024-03-06,3530.0,-0.08
RMP2,2024-03-06,3535.0,0.05
RMP2,2024-03-06,3540.0,0.02
RMP2,2024-03-06,3545.0,0.08
RMP2,2024-03-06,3550.0,0.12
RMP2,2024-03-06,3555.0,0.11
RMP2,2024-03-06,3560.0,0.12
RMP2,2024-03-06,3565.0,0.17
RMP2,2024-03-06,3570.0,0.22
RMP2,2024-03-06,3575.0,0.27
RMP2,2024-03-06,3580.0,0.32
RMP2,2024-03-06,3585.0,0.17
RMP2,2024-03-06,3590.0,0.15
RMP2,2024-03-06,3595.0,0.12
RMP2,2024-03-06,3600.0,0.17
RMP2,2024-03-06,3605.0,0.22
RMP2,2024-03-06,3610.0,0.25
RMP2,2024-03-06,3615.0,0.18
RMP2,2024-03-06,3620.0,0.16
RMP2,2024-03-06,3625.0,0.17
RMP2,2024-03-06,3630.0,0.19
RMP2,2024-03-06,3635.0,0.17
RMP2,2024-03-06,3640.0,0.16
RMP2,2024-03-06,3645.0,0.14
RMP2,2024-03-06,3650.0,0.12
RMP2,2024-03-06,3655.0,0.11
RMP2,2024-03-06,3660.0,0.09
RMP2,2024-03-06,3665.0,0.08
RMP2,2024-03-06,3670.0,0.09
RMP2,2024-03-06,3675.0,0.08
RMP2,2024-03-06,3680.0,0.12
RMP2,2024-03-06,3685.0,0.13
RMP2,2024-03-06,3690.0,0.23
RMP2,2024-03-06,3695.0,0.23
RMP2,2024-03-06,3700.0,0.19
RMP2,2024-03-06,3705.0,0.17
RMP2,2024-03-06,3710.0,0.16
RMP2,2024-03-06,3715.0,0.14
RMP2,2024-03-06,3720.0,0.12
RMP2,2024-03-06,3725.0,0.11
RMP2,2024-03-06,3730.0,0.09
RMP2,2024-03-06,3735.0,0.08
RMP2,2024-03-06,3740.0,0.09
RMP2,2024-03-06,3745.0,0.08
RMP2,2024-03-06,3750.0,0.12
RMP2,2024-03-06,3755.0,0.13
RMP2,2024-03-06,3760.0,0.23
RMP2,2024-03-06,3763.0,0.23
RMP2,2024-03-06,3766.0,0.19
RMP2,2024-03-06,3768.0,0.17
RMP2,2024-03-06,3770.0,0.73
RMP2,2024-03-06,3775.0,1.85
RMP2,2024-03-06,3780.0,2.35
RMP2,2024-03-06,3785.0,2.65
RMP2,2024-03-06,3790.0,2.85
RMP2,2024-03-06,3795.0,3.55
RMP2,2024-03-06,3800.0,3.95
RMP2,2024-03-06,3850.0,4.05
RMP2,2024-03-06,3900.0,4.43
RMP2,2024-03-06,3930.0,4.3
RMP2,2024-03-06,3970.0,4.22
RMP2,2024-03-06,4000.0,3.3
RMP2,2024-03-06,4030.0,2.86
RMP2,2024-03-06,4070.0,2.94
RMP2,2024-03-06,4100.0,3.3
RMP2,2024-03-06,4130.0,3.22
RMP2,2024-03-06,4170.0,3.16
RMP2,2024-03-06,4200.0,3.28
RMP2,2024-03-06,4230.0,3.36
RMP2,2024-03-06,4270.0,3.44
RMP2,2024-03-06,4300.0,3.22
RMP2,2024-03-06,4330.0,3.54
RMP2,2024-03-06,4370.0,3.62
RMP2,2024-03-06,4400.0,3.55
RMP2,2024-03-06,4430.0,3.48
RMP2,2024-03-06,4470.0,3.28
RMP2,2024-03-06,4500.0,2.94
RMP2,2024-03-06,4530.0,2.77
RMP2,2024-03-06,4570.0,2.68
RMP2,2024-03-06,4600.0,2.75
RMP2,2024-03-06,4630.0,2.6
RMP2,2024-03-06,4670.0,2.45
RMP2,2024-03-06,4700.0,2.55
RMP2,2024-03-06,4730.0,2.68
RMP2,2024-03-06,4770.0,2.64
RMP2,2024-03-06,4800.0,2.86
RMP2,2024-03-06,4840.0,2.69
RMP2,2024-03-06,4870.0,2.9
RMP2,2024-03-06,4900.0,2.68
RMP2,2024-03-06,4930.0,2.8
RMP2,2024-03-06,4970.0,2.9
RMP2,2024-03-06,5000.0,2.76
RMP2,2024-03-06,5030.0,2.86
RMP2,2024-03-06,5060.0,2.9
RMP2,2024-03-06,5100.0,2.66
RMP2,2024-03-06,5130.0,2.96
RMP2,2024-03-06,5170.0,2.68
RMP2,2024-03-06,5200.0,2.78
RMP2,2024-03-06,5230.0,2.88
RMP2,2024-03-06,5270.0,2.92
RMP2,2024-03-06,5300.0,3.03
RMP2,2024-03-06,5330.0,3.13
RMP2,2024-03-06,5370.0,3.23
RMP2,2024-03-06,5400.0,3.3
RMP2,2024-03-06,5430.0,3.4
RMP2,2024-03-06,5470.0,3.44
RMP2,2024-03-06,5500.0,3.56
RMP2,2024-03-06,5530.0,3.64
RMP2,2024-03-06,5560.0,3.26
RMP2,2024-03-06,5600.0,3.64
RMP2,2024-03-06,5630.0,3.48
RMP2,2024-03-06,5660.0,3.55
RMP2,2024-03-06,5700.0,3.42
RMP2,2024-03-06,5730.0,3.55
RMP2,2024-03-06,5760.0,3.38
RMP2,2024-03-06,5780.0,3.44
RMP2,2024-03-06,5800.0,3.6
RMP2,2024-03-06,5830.0,3.95
RMP2,2024-03-06,5870.0,4.24
RMP2,2024-03-06,5900.0,4.48
RMP2,2024-03-06,5930.0,4.5
RMP2,2024-03-06,5970.0,4.44
RMP2,2024-03-06,6000.0,4.55
RMP2,2024-03-06,6040.0,4.62
RMP2,2024-03-06,6070.0,4.64
RMP2,2024-03-06,6100.0,4.44
RMP2,2024-03-06,6130.0,4.39
RMP2,2024-03-06,6160.0,4.54
RMP2,2024-03-06,6200.0,4.58
RMP2,2024-03-06,6230.0,4.36
RMP2,2024-03-06,6270.0,4.44
RMP2,2024-03-06,6300.0,4.42
RMP2,2024-03-06,6330.0,4.28
RMP2,2024-03-06,6370.0,4.08
RMP2,2024-03-06,6400.0,4.19
RMP2,2024-03-06,6430.0,4.06
RMP2,2024-03-06,6470.0,4.44
RMP2,2024-03-06,6500.0,4.58
RMP2,2024-03-06,6530.0,4.81
RMP2,2024-03-06,6570.0,4.55
RMP2,2024-03-06,6600.0,4.46
RMP2,2024-03-06,6630.0,4.62
RMP2,2024-03-06,6670.0,4.28
RMP2,2024-03-06,6700.0,4.4
RMP2,2024-03-06,6730.0,4.38
RMP2,2024-03-06,6770.0,4.48
RMP2,2024-03-06,6800.0,4.18
RMP2,2024-03-06,6830.0,4.38
RMP2,2024-03-06,6870.0,4.48
RMP2,2024-03-06,6900.0,4.56
RMP2,2024-03-06,6930.0,4.62
RMP2,2024-03-06,6970.0,4.64
RMP2,2024-03-06,7000.0,4.54
RMP2,2024-03-06,7030.0,4.52
RMP2,2024-03-06,7070.0,4.28
RMP2,2024-03-06,7100.0,4.2
RMP2,2024-03-06,7130.0,4.28
RMP2,2024-03-06,7170.0,3.68
RMP2,2024-03-06,7200.0,3.84
RMP2,2024-03-06,7230.0,3.94
RMP2,2024-03-06,7270.0,3.76
RMP2,2024-03-06,7300.0,4.16
RMP2,2024-03-06,7330.0,4.44
RMP2,2024-03-06,7350.0,4.55
RMP2,2024-03-06,7400.0,3.95
RMP2,2024-03-06,7430.0,3.54
RMP2,2024-03-06,7460.0,3.43
RMP2,2024-03-06,7500.0,3.04
RMP2,2024-03-06,7510.0,0.75
RMP2,2024-03-06,7512.0,0.28
RMP2,2024-03-06,7514.0,0.22
RMP2,2024-03-06,7516.0,0.16
RMP2,2024-03-06,7518.0,0.11
RMP2,2024-03-06,7521.0,0.12
RMP2,2024-03-06,7524.0,0.07
RMP2,2024-03-06,7527.0,-0.01
RMP2,2024-03-06,7530.0,-0.05
RMP2,2024-03-06,7533.0,-0.09
RMP2,2024-03-06,7536.0,-0.17
RMP2,2024-03-06,7539.0,-0.2
RMP2,2024-03-06,7542.0,-0.3
RMP2,2024-03-06,7545.0,-0.5
RMP2,2024-03-06,7547.0,-0.69
RMP2,2024-03-06,7549.0,-0.86
RMP2,2024-03-06,7551.7,-0.97
RMP2,2024-03-06,7552.9,-0.95
RMP2,2024-03-06,7554.1,-0.93
RMP2,2024-03-06,7555.4,-0.9
RMP2,2024-03-06,7556.8,-0.89
RMP2,2024-03-06,7558.1,-0.87
RMP2,2024-03-06,7559.6,-0.82
RMP2,2024-03-06,7561.0,-0.78
RMP2,2024-03-06,7562.5,-0.78
RMP2,2024-03-06,7564.1,-0.9
RMP2,2024-03-06,7565.6,-0.84
RMP2,2024-03-06,7567.2,-0.7
RMP2,2024-03-06,7568.9,-0.71
RMP2,2024-03-06,7570.5,-0.6
RMP2,2024-03-06,7572.2,-0.64
RMP2,2024-03-06,7573.9,-0.73
RMP2,2024-03-06,7575.7,-0.6
RMP2,2024-03-06,7577.4,-0.82
RMP2,2024-03-06,7579.2,-0.62
RMP2,2024-03-06,7581.0,-0.52
RMP2,2024-03-06,7582.8,-0.64
RMP2,2024-03-06,7584.7,-0.66
RMP2,2024-03-06,7586.5,-0.8
RMP2,2024-03-06,7588.4,-0.93
RMP2,2024-03-06,7590.3,-1.1
RMP2,2024-03-06,7592.2,-1.27
RMP2,2024-03-06,7594.1,-1.41
RMP2,2024-03-06,7596.1,-1.61
RMP2,2024-03-06,7598.1,-1.76
RMP2,2024-03-06,7600.0,-1.76
RMP2,2024-03-06,7602.1,-1.7
RMP2,2024-03-06,7604.1,-1.71
RMP2,2024-03-06,7606.1,-1.71
RMP2,2024-03-06,7608.2,-1.81
RMP2,2024-03-06,7610.3,-1.88
RMP2,2024-03-06,7612.4,-1.92
RMP2,2024-03-06,7614.6,-2.0
RMP2,2024-03-06,7616.8,-2.07
RMP2,2024-03-06,7618.9,-2.15
RMP2,2024-03-06,7621.1,-2.13
RMP2,2024-03-06,7623.3,-2.09
RMP2,2024-03-06,7625.5,-2.17
RMP2,2024-03-06,7627.7,-2.12
RMP2,2024-03-06,7629.9,-2.1
RMP2,2024-03-06,7632.1,-2.03
RMP2,2024-03-06,7634.4,-1.99
RMP2,2024-03-06,7636.6,-2.04
RMP2,2024-03-06,7638.8,-2.15
RMP2,2024-03-06,7641.1,-2.09
RMP2,2024-03-06,7643.4,-2.41
RMP2,2024-03-06,7645.6,-2.44
RMP2,2024-03-06,7647.9,-2.64
RMP2,2024-03-06,7650.2,-2.91
RMP2,2024-03-06,7652.5,-3.13
RMP2,2024-03-06,7654.8,-3.27
RMP2,2024-03-06,7657.1,-3.39
RMP2,2024-03-06,7659.4,-3.4
RMP2,2024-03-06,7661.7,-3.18
RMP2,2024-03-06,7664.0,-3.22
RMP2,2024-03-06,7666.3,-3.35
RMP2,2024-03-06,7668.6,-3.41
RMP2,2024-03-06,7670.9,-3.49
RMP2,2024-03-06,7673.2,-3.42
RMP2,2024-03-06,7675.5,-3.5
RMP2,2024-03-06,7677.9,-3.52
RMP2,2024-03-06,7680.2,-3.63
RMP2,2024-03-06,7682.6,-3.67
RMP2,2024-03-06,7685.1,-3.83
RMP2,2024-03-06,7687.5,-4.02
RMP2,2024-03-06,7690.0,-3.96
RMP2,2024-03-06,7692.5,-4.06
RMP2,2024-03-06,7695.0,-4.22
RMP2,2024-03-06,7697.5,-4.23
RMP2,2024-03-06,7699.5,-4.39
RMP2,2024-03-06,7701.6,-4.52
RMP2,2024-03-06,7703.6,-4.54
RMP2,2024-03-06,7705.6,-4.57
RMP2,2024-03-06,7707.7,-4.63
RMP2,2024-03-06,7709.7,-4.59
RMP2,2024-03-06,7711.8,-4.62
RMP2,2024-03-06,7713.8,-4.45
RMP2,2024-03-06,7715.8,-4.4
RMP2,2024-03-06,7717.9,-4.42
RMP2,2024-03-06,7719.9,-4.48
RMP2,2024-03-06,7722.0,-4.59
RMP2,2024-03-06,7724.0,-4.68
RMP2,2024-03-06,7726.1,-4.77
RMP2,2024-03-06,7728.1,-4.78
RMP2,2024-03-06,7730.2,-4.99
RMP2,2024-03-06,7732.3,-5.23
RMP2,2024-03-06,7734.3,-5.37
RMP2,2024-03-06,7736.4,-5.52
RMP2,2024-03-06,7738.5,-5.64
RMP2,2024-03-06,7740.6,-5.84
RMP2,2024-03-06,7742.7,-6.05
RMP2,2024-03-06,7744.8,-5.89
RMP2,2024-03-06,7746.9,-5.98
RMP2,2024-03-06,7749.0,-6.22
RMP2,2024-03-06,7751.0,-6.49
RMP2,2024-03-06,7753.1,-6.66
RMP2,2024-03-06,7755.2,-6.68
RMP2,2024-03-06,7757.3,-6.58
RMP2,2024-03-06,7759.4,-6.45
RMP2,2024-03-06,7761.5,-6.57
RMP2,2024-03-06,7763.6,-6.64
RMP2,2024-03-06,7765.7,-6.64
RMP2,2024-03-06,7767.8,-6.78
RMP2,2024-03-06,7770.0,-6.9
RMP2,2024-03-06,7772.1,-7.05
RMP2,2024-03-06,7774.3,-7.17
RMP2,2024-03-06,7776.5,-7.24
RMP2,2024-03-06,7778.6,-7.31
RMP2,2024-03-06,7780.8,-7.37
RMP2,2024-03-06,7783.0,-7.33
RMP2,2024-03-06,7785.2,-7.14
RMP2,2024-03-06,7787.4,-6.83
RMP2,2024-03-06,7789.6,-6.52
RMP2,2024-03-06,7791.8,-6.3
RMP2,2024-03-06,7794.0,-6.0
RMP2,2024-03-06,7796.2,-5.76
RMP2,2024-03-06,7798.5,-5.64
RMP2,2024-03-06,7800.7,-5.51
RMP2,2024-03-06,7802.9,-5.38
RMP2,2024-03-06,7805.1,-5.23
RMP2,2024-03-06,7807.4,-5.17
RMP2,2024-03-06,7809.6,-5.19
RMP2,2024-03-06,7811.8,-5.17
RMP2,2024-03-06,7814.1,-5.21
RMP2,2024-03-06,7816.3,-5.08
RMP2,2024-03-06,7818.6,-4.98
RMP2,2024-03-06,7820.8,-4.96
RMP2,2024-03-06,7823.0,-4.98
RMP2,2024-03-06,7825.3,-5.08
RMP2,2024-03-06,7827.5,-5.14
RMP2,2024-03-06,7829.8,-5.17
RMP2,2024-03-06,7832.0,-5.14
RMP2,2024-03-06,7834.2,-5.05
RMP2,2024-03-06,7836.5,-4.99
RMP2,2024-03-06,7838.8,-4.9
RMP2,2024-03-06,7841.0,-4.86
RMP2,2024-03-06,7843.3,-4.86
RMP2,2024-03-06,7845.5,-4.83
RMP2,2024-03-06,7847.8,-4.77
RMP2,2024-03-06,7850.0,-4.72
RMP2,2024-03-06,7852.3,-4.69
RMP2,2024-03-06,7854.6,-4.74
RMP2,2024-03-06,7856.8,-4.74
RMP2,2024-03-06,7859.1,-4.66
RMP2,2024-03-06,7861.3,-4.66
RMP2,2024-03-06,7863.6,-4.68
RMP2,2024-03-06,7865.9,-4.74
RMP2,2024-03-06,7868.1,-4.77
RMP2,2024-03-06,7870.4,-4.71
RMP2,2024-03-06,7872.7,-4.69
RMP2,2024-03-06,7874.9,-4.7
RMP2,2024-03-06,7877.2,-4.53
RMP2,2024-03-06,7879.4,-4.42
RMP2,2024-03-06,7881.7,-4.35
RMP2,2024-03-06,7884.0,-4.3
RMP2,2024-03-06,7886.3,-4.25
RMP2,2024-03-06,7888.5,-4.3
RMP2,2024-03-06,7890.8,-4.28
RMP2,2024-03-06,7893.1,-4.22
RMP2,2024-03-06,7895.4,-4.12
RMP2,2024-03-06,7897.7,-4.08
RMP2,2024-03-06,7899.9,-4.05
RMP2,2024-03-06,7902.2,-4.16
RMP2,2024-03-06,7904.5,-4.2
RMP2,2024-03-06,7906.7,-4.16
RMP2,2024-03-06,7909.0,-3.85
RMP2,2024-03-06,7911.3,-4.04
RMP2,2024-03-06,7913.5,-3.97
RMP2,2024-03-06,7915.8,-3.93
RMP2,2024-03-06,7918.1,-3.9
RMP2,2024-03-06,7920.3,-3.87
RMP2,2024-03-06,7922.6,-3.87
RMP2,2024-03-06,7924.9,-3.9
RMP2,2024-03-06,7927.1,-3.92
RMP2,2024-03-06,7929.4,-3.83
RMP2,2024-03-06,7931.7,-3.88
RMP2,2024-03-06,7933.9,-3.9
RMP2,2024-03-06,7936.2,-3.85
RMP2,2024-03-06,7938.5,-3.86
RMP2,2024-03-06,7940.7,-3.8
RMP2,2024-03-06,7943.0,-3.83
RMP2,2024-03-06,7945.3,-3.7
RMP2,2024-03-06,7947.5,-3.71
RMP2,2024-03-06,7949.8,-3.52
RMP2,2024-03-06,7952.1,-3.39
RMP2,2024-03-06,7954.3,-3.4
RMP2,2024-03-06,7956.6,-3.52
RMP2,2024-03-06,7958.9,-3.79
RMP2,2024-03-06,7961.1,-3.84
RMP2,2024-03-06,7963.4,-3.83
RMP2,2024-03-06,7965.7,-3.9
RMP2,2024-03-06,7967.9,-3.66
RMP2,2024-03-06,7970.1,-3.53
RMP2,2024-03-06,7972.3,-3.67
RMP2,2024-03-06,7974.5,-3.6
RMP2,2024-03-06,7976.7,-3.5
RMP2,2024-03-06,7978.8,-3.39
RMP2,2024-03-06,7980.9,-3.3
RMP2,2024-03-06,7983.0,-3.36
RMP2,2024-03-06,7985.1,-3.54
RMP2,2024-03-06,7987.1,-3.35
RMP2,2024-03-06,7989.2,-3.44
RMP2,2024-03-06,7991.3,-3.47
RMP2,2024-03-06,7993.3,-3.39
RMP2,2024-03-06,7995.3,-3.36
RMP2,2024-03-06,7997.4,-3.31
RMP2,2024-03-06,7999.4,-3.22
RMP2,2024-03-06,8001.4,-3.18
RMP2,2024-03-06,8003.4,-3.51
RMP2,2024-03-06,8005.3,-3.38
RMP2,2024-03-06,8007.3,-3.44
RMP2,2024-03-06,8009.2,-3.74
RMP2,2024-03-06,8011.2,-3.04
RMP2,2024-03-06,8013.1,-3.02
RMP2,2024-03-06,8015.0,-2.9
RMP2,2024-03-06,8016.9,-2.81
RMP2,2024-03-06,8018.8,-2.81
RMP2,2024-03-06,8020.7,-2.84
RMP2,2024-03-06,8022.6,-3.2
RMP2,2024-03-06,8024.5,-3.13
RMP2,2024-03-06,8026.4,-3.17
RMP2,2024-03-06,8028.3,-3.18
RMP2,2024-03-06,8030.2,-3.08
RMP2,2024-03-06,8032.0,-2.9
RMP2,2024-03-06,8033.8,-3.04
RMP2,2024-03-06,8035.6,-3.06
RMP2,2024-03-06,8037.4,-3.42
RMP2,2024-03-06,8039.2,-3.15
RMP2,2024-03-06,8040.9,-2.81
RMP2,2024-03-06,8042.6,-2.59
RMP2,2024-03-06,8044.3,-2.54
RMP2,2024-03-06,8046.0,-2.43
RMP2,2024-03-06,8047.6,-2.57
RMP2,2024-03-06,8049.3,-2.52
RMP2,2024-03-06,8050.9,-2.48
RMP2,2024-03-06,8052.5,-2.51
RMP2,2024-03-06,8054.1,-2.52
RMP2,2024-03-06,8055.7,-2.46
RMP2,2024-03-06,8057.3,-2.37
RMP2,2024-03-06,8058.7,-2.33
RMP2,2024-03-06,8060.2,-2.3
RMP2,2024-03-06,8061.6,-2.52
RMP2,2024-03-06,8062.9,-2.58
RMP2,2024-03-06,8064.2,-2.57
RMP2,2024-03-06,8065.4,-2.46
RMP2,2024-03-06,8066.6,-2.35
RMP2,2024-03-06,8067.7,-2.22
RMP2,2024-03-06,8068.9,-2.03
RMP2,2024-03-06,8070.0,-1.96
RMP2,2024-03-06,8072.0,-1.96
RMP2,2024-03-06,8074.0,-1.74
RMP2,2024-03-06,8076.0,-1.7
RMP2,2024-03-06,8078.0,-1.62
RMP2,2024-03-06,8080.0,-1.44
RMP2,2024-03-06,8082.0,-1.19
RMP2,2024-03-06,8084.0,-1.02
RMP2,2024-03-06,8086.0,-0.86
RMP2,2024-03-06,8088.0,-0.69
RMP2,2024-03-06,8090.0,-0.5
RMP2,2024-03-06,8092.0,-0.3
RMP2,2024-03-06,8094.0,-0.2
RMP2,2024-03-06,8096.0,-0.17
RMP2,2024-03-06,8098.0,-0.09
RMP2,2024-03-06,8100.0,-0.05
RMP2,2024-03-06,8102.0,-0.01
RMP2,2024-03-06,8104.0,0.07
RMP2,2024-03-06,8106.0,0.12
RMP2,2024-03-06,8108.0,0.15
RMP2,2024-03-06,8110.0,0.25
RMP2,2024-03-06,8112.0,0.22
RMP2,2024-03-06,8114.0,0.2
RMP2,2024-03-06,8116.0,0.18
RMP2,2024-03-06,8118.0,0.2
RMP2,2024-03-06,8120.0,0.75
RMP2,2024-03-06,8123.0,4.08
RMP2,2024-03-06,8126.0,4.98
RMP2,2024-03-06,8130.0,6.02
RMP2,2024-03-06,8150.0,6.0
RMP2,2024-03-06,8170.0,5.7
RMP2,2024-03-06,8175.0,5.2
RMP2,2024-03-06,8180.0,4.7
RMP2,2024-03-06,8185.0,4.64
RMP2,2024-03-06,8190.0,4.6
RMP2,2024-03-06,8196.0,4.5
RMP2,2024-03-06,8200.0,4.4
RMP2,2024-03-06,8206.0,4.3
RMP2,2024-03-06,8210.0,4.2
RMP2,2024-03-06,8215.0,4.1
RMP2,2024-03-06,8220.0,4.14
RMP2,2024-03-06,8225.0,4.24
RMP2,2024-03-06,8230.0,4.5
RMP2,2024-03-06,8235.0,4.8
RMP2,2024-03-06,8240.0,5.2
RMP2,2024-03-06,8245.0,5.8
RMP2,2024-03-06,8250.0,6.3
RMP2,2024-03-06,8255.0,6.7
RMP2,2024-03-06,8260.0,7.12
RMP2,2024-03-06,8270.0,7.3
RMP2,2024-03-06,8282.0,7.2
RMP2,2024-03-06,8294.0,7.18
RMP2,2024-03-06,8305.0,6.97
RMP2,2024-03-06,8317.0,7.07
RMP2,2024-03-06,8320.0,7.44
RMP2,2024-03-06,8323.0,7.43
RMP2,2024-03-06,8326.0,6.77
RMP2,2024-03-06,8350.0,6.87
RMP2,2024-03-06,8370.0,6.9
RMP2,2024-03-06,8400.0,7.27
RMP2,2024-03-06,8440.0,7.07
RMP2,2024-03-06,8460.0,6.84
RMP2,2024-03-06,8470.0,6.8
RMP2,2024-03-06,8480.0,6.75
RMP2,2024-03-06,8480.0,7.52
RMP3,2011-04-16,0.0,4.38
RMP3,2011-04-16,0.0,4.16
RMP3,2011-04-16,30.0,4.2
RMP3,2011-04-16,60.0,4.04
RMP3,2011-04-16,90.0,4.24
RMP3,2011-04-16,164.0,4.77
RMP3,2011-04-16,173.0,7.22
RMP3,2011-04-16,180.0,7.24
RMP3,2011-04-16,190.0,5.4
RMP3,2011-04-16,250.0,5.34
RMP3,2011-04-16,273.0,6.21
RMP3,2011-04-16,273.0,6.23
RMP3,2011-04-16,300.0,6.19
RMP3,2011-04-16,355.0,5.95
RMP3,2011-04-16,358.0,6.56
RMP3,2011-04-16,366.0,6.56
RMP3,2011-04-16,388.0,6.07
RMP3,2011-04-16,397.0,2.36
RMP3,2011-04-16,460.0,-0.14
RMP3,2011-04-16,520.0,-1.64
RMP3,2011-04-16,590.0,-1.84
RMP3,2011-04-16,650.0,-3.94
RMP3,2011-04-16,720.0,-3.64
RMP3,2011-04-16,780.0,-3.64
RMP3,2011-04-16,840.0,-3.74
RMP3,2011-04-16,900.0,-3.64
RMP3,2011-04-16,970.0,-3.44
RMP3,2011-04-16,1030.0,-2.94
RMP3,2011-04-16,1100.0,-3.04
RMP3,2011-04-16,1160.0,-3.04
RMP3,2011-04-16,1220.0,-3.04
RMP3,2011-04-16,1290.0,-3.04
RMP3,2011-04-16,1350.0,-3.04
RMP3,2011-04-16,1420.0,-3.04
RMP3,2011-04-16,1480.0,-3.04
RMP3,2011-04-16,1550.0,-3.04
RMP3,2011-04-16,1610.0,-3.04
RMP3,2011-04-16,1670.0,-3.64
RMP3,2011-04-16,1740.0,-4.64
RMP3,2011-04-16,1800.0,-4.64
RMP3,2011-04-16,1860.0,-4.94
RMP3,2011-04-16,1930.0,-6.14
RMP3,2011-04-16,1990.0,-6.14
RMP3,2011-04-16,2050.0,-6.14
RMP3,2011-04-16,2120.0,-5.94
RMP3,2011-04-16,2180.0,-5.64
RMP3,2011-04-16,2250.0,-4.94
RMP3,2011-04-16,2310.0,-4.14
RMP3,2011-04-16,2370.0,-2.64
RMP3,2011-04-16,2440.0,-2.94
RMP3,2011-04-16,2500.0,-2.94
RMP3,2011-04-16,2560.0,-3.64
RMP3,2011-04-16,2630.0,-5.64
RMP3,2011-04-16,2690.0,-7.64
RMP3,2011-04-16,2750.0,-10.44
RMP3,2011-04-16,2820.0,-13.34
RMP3,2011-04-16,2890.0,-15.64
RMP3,2011-04-16,2950.0,-17.64
RMP3,2011-04-16,3010.0,-19.64
RMP3,2011-04-16,3080.0,-22.64
RMP3,2011-04-16,3140.0,-23.64
RMP3,2011-04-16,3200.0,-23.64
RMP3,2011-04-16,3270.0,-24.64
RMP3,2011-04-16,3330.0,-24.64
RMP3,2011-04-16,3400.0,-23.64
RMP3,2011-04-16,3460.0,-22.64
RMP3,2011-04-16,3520.0,-22.64
RMP3,2011-04-16,3590.0,-21.64
RMP3,2011-04-16,3650.0,-21.64
RMP3,2011-04-16,3710.0,-21.64
RMP3,2011-04-16,3780.0,-21.64
RMP3,2011-04-16,3840.0,-20.64
RMP3,2011-04-16,3900.0,-24.64
RMP3,2011-04-16,3970.0,-14.64
RMP3,2011-04-16,4030.0,-14.64
RMP3,2011-04-16,4090.0,-12.64
RMP3,2011-04-16,4160.0,-1.64
RMP3,2011-04-16,4200.0,0.36
RMP3,2011-04-16,4226.0,2.36
RMP3,2011-04-16,4250.0,4.95
RMP3,2011-04-16,4280.0,6.11
RMP3,2011-04-16,4340.0,6.48
RMP3,2011-04-16,4400.0,6.77
RMP3,2011-04-16,4460.0,6.2
RMP3,2011-04-16,4520.0,6.35
RMP3,2011-04-16,4580.0,5.4
RMP3,2011-04-16,4640.0,5.6
RMP3,2011-04-16,4700.0,5.5
RMP3,2011-04-16,4760.0,5.3
RMP3,2011-04-16,4820.0,5.48
RMP3,2011-04-16,4880.0,5.6
RMP3,2011-04-16,4940.0,5.7
RMP3,2011-04-16,5000.0,5.61
RMP3,2011-04-16,5060.0,5.4
RMP3,2011-04-16,5120.0,5.2
RMP3,2011-04-16,5180.0,5.32
RMP3,2011-04-16,5240.0,5.22
RMP3,2011-04-16,5300.0,5.3
RMP3,2011-04-16,5360.0,4.16
RMP3,2011-04-16,5420.0,4.55
RMP3,2011-04-16,5480.0,4.89
RMP3,2011-04-16,5540.0,5.2
RMP3,2011-04-16,5600.0,5.6
RMP3,2011-04-16,5660.0,5.62
RMP3,2011-04-16,5720.0,5.7
RMP3,2011-04-16,5780.0,5.7
RMP3,2011-04-16,5840.0,5.22
RMP3,2011-04-16,5900.0,5.15
RMP3,2011-04-16,5960.0,5.37
RMP3,2011-04-16,6020.0,5.4
RMP3,2011-04-16,6080.0,5.37
RMP3,2011-04-16,6140.0,5.5
RMP3,2011-04-16,6200.0,5.24
RMP3,2011-04-16,6260.0,4.19
RMP3,2011-04-16,6320.0,4.46
RMP3,2011-04-16,6380.0,4.92
RMP3,2011-04-16,6440.0,4.75
RMP3,2011-04-16,6500.0,4.61
RMP3,2011-04-16,6560.0,4.96
RMP3,2011-04-16,6620.0,4.9
RMP3,2011-04-16,6680.0,4.95
RMP3,2011-04-16,6740.0,4.7
RMP3,2011-04-16,6800.0,4.61
RMP3,2011-04-16,6860.0,4.82
RMP3,2011-04-16,6920.0,4.95
RMP3,2011-04-16,6980.0,5.29
RMP3,2011-04-16,7040.0,5.61
RMP3,2011-04-16,7100.0,5.69
RMP3,2011-04-16,7160.0,5.66
RMP3,2011-04-16,7220.0,5.4
RMP3,2011-04-16,7280.0,5.45
RMP3,2011-04-16,7340.0,5.2
RMP3,2011-04-16,7400.0,5.3
RMP3,2011-04-16,7460.0,5.62
RMP3,2011-04-16,7520.0,5.22
RMP3,2011-04-16,7580.0,5.3
RMP3,2011-04-16,7640.0,5.21
RMP3,2011-04-16,7700.0,5.19
RMP3,2011-04-16,7760.0,5.72
RMP3,2011-04-16,7820.0,5.6
RMP3,2011-04-16,7880.0,5.5
RMP3,2011-04-16,7940.0,5.54
RMP3,2011-04-16,8000.0,5.48
RMP3,2011-04-16,8060.0,5.35
RMP3,2011-04-16,8120.0,5.15
RMP3,2011-04-16,8180.0,4.94
RMP3,2011-04-16,8240.0,4.4
RMP3,2011-04-16,8300.0,4.15
RMP3,2011-04-16,8360.0,4.6
RMP3,2011-04-16,8420.0,4.37
RMP3,2011-04-16,8480.0,4.92
RMP3,2011-04-16,8540.0,4.07
RMP3,2011-04-16,8600.0,4.22
RMP3,2011-04-16,8660.0,4.11
RMP3,2011-04-16,8720.0,3.9
RMP3,2011-04-16,8780.0,3.69
RMP3,2011-04-16,8940.0,3.72
RMP3,2011-04-16,9000.0,3.92
RMP3,2011-04-16,9060.0,3.96
RMP3,2011-04-16,9120.0,3.79
RMP3,2011-04-16,9180.0,4.94
RMP3,2011-04-16,9240.0,4.7
RMP3,2011-04-16,9300.0,4.62
RMP3,2011-04-16,9360.0,4.42
RMP3,2011-04-16,9420.0,4.22
RMP3,2011-04-16,9480.0,3.78
RMP3,2011-04-16,9505.0,2.35
RMP3,2011-04-16,9520.0,1.15
RMP3,2011-04-16,9540.0,0.65
RMP3,2011-04-16,9560.0,0.55
RMP3,2011-04-16,9580.0,0.35
RMP3,2011-04-16,9600.0,-0.45
RMP3,2011-04-16,9620.0,-0.65
RMP3,2011-04-16,9640.0,-1.65
RMP3,2011-04-16,9660.0,-1.35
RMP3,2011-04-16,9680.0,-2.05
RMP3,2011-04-16,9700.0,-1.65
RMP3,2011-04-16,9720.0,-0.65
RMP3,2011-04-16,9740.0,0.85
RMP3,2011-04-16,9760.0,0.85
RMP3,2011-04-16,9780.0,0.85
RMP3,2011-04-16,9790.0,0.95
RMP3,2011-04-16,9802.0,2.35
RMP3,2011-04-16,9830.0,3.69
RMP3,2011-04-16,9860.0,4.12
RMP3,2011-04-16,9920.0,4.79
RMP3,2011-04-16,9980.0,4.6
RMP3,2011-04-16,10000.0,4.74
RMP3,2011-04-16,10024.0,2.36
RMP3,2011-04-16,10050.0,0.16
RMP3,2011-04-16,10090.0,-0.94
RMP3,2011-04-16,10120.0,-0.64
RMP3,2011-04-16,10150.0,-1.14
RMP3,2011-04-16,10190.0,-1.64
RMP3,2011-04-16,10220.0,-2.04
RMP3,2011-04-16,10250.0,-3.14
RMP3,2011-04-16,10290.0,-3.14
RMP3,2011-04-16,10320.0,-2.84
RMP3,2011-04-16,10350.0,-1.34
RMP3,2011-04-16,10380.0,-0.34
RMP3,2011-04-16,10420.0,-0.44
RMP3,2011-04-16,10450.0,0.56
RMP3,2011-04-16,10490.0,0.46
RMP3,2011-04-16,10520.0,2.36
RMP3,2011-04-16,10550.0,5.4
RMP3,2011-04-16,10580.0,6.92
RMP3,2011-04-16,10640.0,6.94
RMP3,2011-04-16,10700.0,6.39
RMP3,2011-04-16,10760.0,6.02
RMP3,2011-04-16,10820.0,6.17
RMP3,2011-04-16,10881.0,7.02
RMP3,2011-04-16,10881.0,7.06
RMP3,2012-02-15,0.0,4.38
RMP3,2012-02-15,0.0,4.16
RMP3,2012-02-15,60.0,4.13
RMP3,2012-02-15,120.0,4.43
RMP3,2012-02-15,164.0,4.75
RMP3,2012-02-15,173.0,7.24
RMP3,2012-02-15,180.0,7.26
RMP3,2012-02-15,189.0,5.4
RMP3,2012-02-15,236.3,5.59
RMP3,2012-02-15,273.0,6.21
RMP3,2012-02-15,273.0,6.23
RMP3,2012-02-15,300.0,5.74
RMP3,2012-02-15,355.0,5.88
RMP3,2012-02-15,358.0,6.54
RMP3,2012-02-15,366.0,6.52
RMP3,2012-02-15,387.0,4.28
RMP3,2012-02-15,412.0,1.83
RMP3,2012-02-15,480.0,0.83
RMP3,2012-02-15,550.0,0.33
RMP3,2012-02-15,630.0,-3.57
RMP3,2012-02-15,700.0,-5.87
RMP3,2012-02-15,770.0,-6.67
RMP3,2012-02-15,840.0,-8.17
RMP3,2012-02-15,920.0,-13.17
RMP3,2012-02-15,990.0,-14.17
RMP3,2012-02-15,1060.0,-14.67
RMP3,2012-02-15,1140.0,-15.87
RMP3,2012-02-15,1200.0,-16.17
RMP3,2012-02-15,1280.0,-16.87
RMP3,2012-02-15,1350.0,-18.37
RMP3,2012-02-15,1420.0,-19.87
RMP3,2012-02-15,1500.0,-21.37
RMP3,2012-02-15,1570.0,-20.17
RMP3,2012-02-15,1670.0,-20.57
RMP3,2012-02-15,1710.0,-18.27
RMP3,2012-02-15,1795.0,-17.57
RMP3,2012-02-15,1865.0,-18.17
RMP3,2012-02-15,1930.0,-15.87
RMP3,2012-02-15,2000.0,-13.07
RMP3,2012-02-15,2070.0,-10.17
RMP3,2012-02-15,2150.0,-9.17
RMP3,2012-02-15,2220.0,-8.17
RMP3,2012-02-15,2290.0,-4.17
RMP3,2012-02-15,2360.0,-1.17
RMP3,2012-02-15,2440.0,0.53
RMP3,2012-02-15,2510.0,0.83
RMP3,2012-02-15,2580.0,0.83
RMP3,2012-02-15,2650.0,0.73
RMP3,2012-02-15,2730.0,0.43
RMP3,2012-02-15,2800.0,0.83
RMP3,2012-02-15,2870.0,0.83
RMP3,2012-02-15,2940.0,-0.87
RMP3,2012-02-15,3020.0,-1.17
RMP3,2012-02-15,3090.0,-1.07
RMP3,2012-02-15,3160.0,-2.57
RMP3,2012-02-15,3230.0,-2.27
RMP3,2012-02-15,3300.0,-1.47
RMP3,2012-02-15,3380.0,-1.67
RMP3,2012-02-15,3450.0,-1.57
RMP3,2012-02-15,3520.0,-1.17
RMP3,2012-02-15,3590.0,-1.37
RMP3,2012-02-15,3670.0,-2.07
RMP3,2012-02-15,3740.0,-3.17
RMP3,2012-02-15,3810.0,-2.97
RMP3,2012-02-15,3890.0,-3.17
RMP3,2012-02-15,3960.0,-2.87
RMP3,2012-02-15,4030.0,-1.87
RMP3,2012-02-15,4100.0,0.13
RMP3,2012-02-15,4180.0,0.33
RMP3,2012-02-15,4250.0,0.73
RMP3,2012-02-15,4322.0,1.83
RMP3,2012-02-15,4350.0,5.7
RMP3,2012-02-15,4380.0,6.5
RMP3,2012-02-15,4440.0,6.7
RMP3,2012-02-15,4500.0,6.52
RMP3,2012-02-15,4560.0,6.12
RMP3,2012-02-15,4620.0,5.79
RMP3,2012-02-15,4680.0,5.5
RMP3,2012-02-15,4740.0,5.28
RMP3,2012-02-15,4800.0,5.48
RMP3,2012-02-15,4860.0,5.59
RMP3,2012-02-15,4920.0,5.7
RMP3,2012-02-15,4980.0,5.66
RMP3,2012-02-15,5040.0,5.42
RMP3,2012-02-15,5100.0,5.24
RMP3,2012-02-15,5160.0,5.44
RMP3,2012-02-15,5220.0,5.62
RMP3,2012-02-15,5280.0,5.29
RMP3,2012-02-15,5340.0,4.29
RMP3,2012-02-15,5400.0,4.6
RMP3,2012-02-15,5460.0,4.79
RMP3,2012-02-15,5520.0,5.19
RMP3,2012-02-15,5580.0,5.6
RMP3,2012-02-15,5640.0,5.62
RMP3,2012-02-15,5700.0,5.7
RMP3,2012-02-15,5760.0,5.75
RMP3,2012-02-15,5820.0,5.3
RMP3,2012-02-15,5880.0,5.24
RMP3,2012-02-15,5940.0,5.5
RMP3,2012-02-15,6000.0,5.4
RMP3,2012-02-15,6060.0,5.32
RMP3,2012-02-15,6120.0,5.37
RMP3,2012-02-15,6180.0,5.2
RMP3,2012-02-15,6240.0,4.29
RMP3,2012-02-15,6300.0,4.49
RMP3,2012-02-15,6360.0,4.89
RMP3,2012-02-15,6420.0,4.77
RMP3,2012-02-15,6480.0,4.55
RMP3,2012-02-15,6540.0,4.92
RMP3,2012-02-15,6600.0,4.79
RMP3,2012-02-15,6660.0,4.88
RMP3,2012-02-15,6720.0,4.68
RMP3,2012-02-15,6780.0,4.49
RMP3,2012-02-15,6840.0,4.8
RMP3,2012-02-15,6900.0,4.91
RMP3,2012-02-15,6960.0,5.28
RMP3,2012-02-15,7020.0,5.6
RMP3,2012-02-15,7080.0,5.57
RMP3,2012-02-15,7140.0,5.68
RMP3,2012-02-15,7200.0,5.4
RMP3,2012-02-15,7260.0,5.37
RMP3,2012-02-15,7320.0,5.24
RMP3,2012-02-15,7380.0,5.18
RMP3,2012-02-15,7440.0,5.22
RMP3,2012-02-15,7500.0,5.11
RMP3,2012-02-15,7560.0,5.23
RMP3,2012-02-15,7620.0,5.25
RMP3,2012-02-15,7680.0,5.28
RMP3,2012-02-15,7740.0,5.67
RMP3,2012-02-15,7800.0,5.59
RMP3,2012-02-15,7860.0,5.44
RMP3,2012-02-15,7920.0,5.42
RMP3,2012-02-15,7980.0,5.39
RMP3,2012-02-15,8040.0,5.4
RMP3,2012-02-15,8100.0,5.18
RMP3,2012-02-15,8160.0,4.89
RMP3,2012-02-15,8220.0,4.4
RMP3,2012-02-15,8280.0,4.23
RMP3,2012-02-15,8340.0,4.54
RMP3,2012-02-15,8400.0,4.33
RMP3,2012-02-15,8460.0,4.79
RMP3,2012-02-15,8520.0,4.19
RMP3,2012-02-15,8580.0,4.29
RMP3,2012-02-15,8640.0,4.21
RMP3,2012-02-15,8700.0,3.95
RMP3,2012-02-15,8760.0,3.79
RMP3,2012-02-15,8820.0,3.66
RMP3,2012-02-15,8880.0,3.68
RMP3,2012-02-15,8940.0,3.76
RMP3,2012-02-15,9000.0,3.92
RMP3,2012-02-15,9060.0,3.79
RMP3,2012-02-15,9120.0,3.81
RMP3,2012-02-15,9180.0,4.88
RMP3,2012-02-15,9240.0,4.7
RMP3,2012-02-15,9300.0,4.58
RMP3,2012-02-15,9360.0,4.44
RMP3,2012-02-15,9400.0,4.26
RMP3,2012-02-15,9460.0,3.24
RMP3,2012-02-15,9520.0,1.8
RMP3,2012-02-15,9540.0,0.8
RMP3,2012-02-15,9560.0,-0.9
RMP3,2012-02-15,9580.0,-2.2
RMP3,2012-02-15,9600.0,-2.4
RMP3,2012-02-15,9620.0,-2.2
RMP3,2012-02-15,9650.0,-1.4
RMP3,2012-02-15,9670.0,-1.3
RMP3,2012-02-15,9690.0,-2.2
RMP3,2012-02-15,9710.0,-2.2
RMP3,2012-02-15,9730.0,-1.1
RMP3,2012-02-15,9760.0,0.2
RMP3,2012-02-15,9780.0,1.1
RMP3,2012-02-15,9800.0,1.8
RMP3,2012-02-15,9860.0,4.16
RMP3,2012-02-15,9920.0,4.72
RMP3,2012-02-15,9980.0,4.21
RMP3,2012-02-15,10040.0,1.79
RMP3,2012-02-15,10070.0,0.79
RMP3,2012-02-15,10100.0,0.09
RMP3,2012-02-15,10130.0,-0.21
RMP3,2012-02-15,10150.0,-0.61
RMP3,2012-02-15,10180.0,-0.41
RMP3,2012-02-15,10210.0,-0.31
RMP3,2012-02-15,10250.0,-0.51
RMP3,2012-02-15,10270.0,-0.31
RMP3,2012-02-15,10300.0,0.09
RMP3,2012-02-15,10330.0,0.29
RMP3,2012-02-15,10360.0,0.49
RMP3,2012-02-15,10390.0,0.49
RMP3,2012-02-15,10420.0,0.39
RMP3,2012-02-15,10450.0,0.59
RMP3,2012-02-15,10480.0,1.79
RMP3,2012-02-15,10540.0,4.79
RMP3,2012-02-15,10600.0,6.8
RMP3,2012-02-15,10660.0,6.87
RMP3,2012-02-15,10720.0,6.47
RMP3,2012-02-15,10780.0,5.92
RMP3,2012-02-15,10840.0,6.19
RMP3,2012-02-15,10881.0,7.02
RMP3,2012-02-15,10881.0,7.06
RMP3,2013-02-20,0.0,4.38
RMP3,2013-02-20,0.0,4.16
RMP3,2013-02-20,60.0,4.18
RMP3,2013-02-20,120.0,4.4
RMP3,2013-02-20,164.0,4.77
RMP3,2013-02-20,173.0,7.26
RMP3,2013-02-20,180.0,7.26
RMP3,2013-02-20,189.0,5.44
RMP3,2013-02-20,240.0,5.6
RMP3,2013-02-20,273.0,6.21
RMP3,2013-02-20,273.0,6.23
RMP3,2013-02-20,300.0,5.75
RMP3,2013-02-20,355.0,5.88
RMP3,2013-02-20,358.0,6.55
RMP3,2013-02-20,366.0,6.54
RMP3,2013-02-20,387.0,4.3
RMP3,2013-02-20,400.0,3.7
RMP3,2013-02-20,420.0,2.01
RMP3,2013-02-20,480.0,0.51
RMP3,2013-02-20,540.0,-0.79
RMP3,2013-02-20,610.0,-2.49
RMP3,2013-02-20,670.0,-3.99
RMP3,2013-02-20,740.0,-4.49
RMP3,2013-02-20,800.0,-5.99
RMP3,2013-02-20,860.0,-7.09
RMP3,2013-02-20,930.0,-9.69
RMP3,2013-02-20,990.0,-11.59
RMP3,2013-02-20,1060.0,-12.69
RMP3,2013-02-20,1120.0,-14.69
RMP3,2013-02-20,1190.0,-15.79
RMP3,2013-02-20,1250.0,-17.99
RMP3,2013-02-20,1310.0,-19.29
RMP3,2013-02-20,1380.0,-20.39
RMP3,2013-02-20,1440.0,-22.59
RMP3,2013-02-20,1510.0,-23.19
RMP3,2013-02-20,1570.0,-25.59
RMP3,2013-02-20,1640.0,-26.29
RMP3,2013-02-20,1700.0,-27.59
RMP3,2013-02-20,1760.0,-29.79
RMP3,2013-02-20,1830.0,-30.99
RMP3,2013-02-20,1890.0,-32.69
RMP3,2013-02-20,1950.0,-33.59
RMP3,2013-02-20,2020.0,-34.49
RMP3,2013-02-20,2080.0,-32.39
RMP3,2013-02-20,2150.0,-30.19
RMP3,2013-02-20,2210.0,-33.39
RMP3,2013-02-20,2280.0,-34.69
RMP3,2013-02-20,2340.0,-35.79
RMP3,2013-02-20,2400.0,-36.39
RMP3,2013-02-20,2470.0,-39.19
RMP3,2013-02-20,2530.0,-41.49
RMP3,2013-02-20,2600.0,-43.49
RMP3,2013-02-20,2660.0,-44.99
RMP3,2013-02-20,2729.0,-46.79
RMP3,2013-02-20,2790.0,-40.29
RMP3,2013-02-20,2850.0,-39.79
RMP3,2013-02-20,2920.0,-30.69
RMP3,2013-02-20,2980.0,-24.39
RMP3,2013-02-20,3050.0,-22.29
RMP3,2013-02-20,3110.0,-20.29
RMP3,2013-02-20,3170.0,-18.69
RMP3,2013-02-20,3240.0,-16.09
RMP3,2013-02-20,3300.0,-13.39
RMP3,2013-02-20,3370.0,-12.89
RMP3,2013-02-20,3430.0,-9.49
RMP3,2013-02-20,3500.0,-7.79
RMP3,2013-02-20,3560.0,-5.49
RMP3,2013-02-20,3620.0,-4.59
RMP3,2013-02-20,3690.0,-4.19
RMP3,2013-02-20,3750.0,-4.09
RMP3,2013-02-20,3820.0,-3.39
RMP3,2013-02-20,3880.0,-2.99
RMP3,2013-02-20,3950.0,-2.69
RMP3,2013-02-20,4010.0,-2.59
RMP3,2013-02-20,4070.0,-1.89
RMP3,2013-02-20,4140.0,-1.99
RMP3,2013-02-20,4200.0,-1.69
RMP3,2013-02-20,4270.0,-0.39
RMP3,2013-02-20,4330.0,0.51
RMP3,2013-02-20,4402.0,2.01
RMP3,2013-02-20,4440.0,5.86
RMP3,2013-02-20,4500.0,6.44
RMP3,2013-02-20,4560.0,6.24
RMP3,2013-02-20,4620.0,5.77
RMP3,2013-02-20,4680.0,5.48
RMP3,2013-02-20,4740.0,5.3
RMP3,2013-02-20,4800.0,5.5
RMP3,2013-02-20,4860.0,5.62
RMP3,2013-02-20,4920.0,5.74
RMP3,2013-02-20,4980.0,5.64
RMP3,2013-02-20,5020.0,5.43
RMP3,2013-02-20,5080.0,5.22
RMP3,2013-02-20,5140.0,5.39
RMP3,2013-02-20,5200.0,5.64
RMP3,2013-02-20,5260.0,5.3
RMP3,2013-02-20,5320.0,4.28
RMP3,2013-02-20,5380.0,4.58
RMP3,2013-02-20,5440.0,4.78
RMP3,2013-02-20,5500.0,5.22
RMP3,2013-02-20,5560.0,5.57
RMP3,2013-02-20,5620.0,5.62
RMP3,2013-02-20,5680.0,5.74
RMP3,2013-02-20,5740.0,5.74
RMP3,2013-02-20,5800.0,5.28
RMP3,2013-02-20,5860.0,5.24
RMP3,2013-02-20,5920.0,5.49
RMP3,2013-02-20,5980.0,5.44
RMP3,2013-02-20,6040.0,5.28
RMP3,2013-02-20,6100.0,5.4
RMP3,2013-02-20,6160.0,5.24
RMP3,2013-02-20,6220.0,4.3
RMP3,2013-02-20,6280.0,4.7
RMP3,2013-02-20,6340.0,4.92
RMP3,2013-02-20,6400.0,4.75
RMP3,2013-02-20,6460.0,4.59
RMP3,2013-02-20,6520.0,4.86
RMP3,2013-02-20,6580.0,4.8
RMP3,2013-02-20,6640.0,4.86
RMP3,2013-02-20,6700.0,4.7
RMP3,2013-02-20,6760.0,4.5
RMP3,2013-02-20,6820.0,4.76
RMP3,2013-02-20,6880.0,4.86
RMP3,2013-02-20,6940.0,5.32
RMP3,2013-02-20,7000.0,5.58
RMP3,2013-02-20,7060.0,5.64
RMP3,2013-02-20,7120.0,5.7
RMP3,2013-02-20,7180.0,5.44
RMP3,2013-02-20,7240.0,5.39
RMP3,2013-02-20,7300.0,5.29
RMP3,2013-02-20,7360.0,5.24
RMP3,2013-02-20,7420.0,5.28
RMP3,2013-02-20,7480.0,5.15
RMP3,2013-02-20,7540.0,5.29
RMP3,2013-02-20,7600.0,5.55
RMP3,2013-02-20,7660.0,5.34
RMP3,2013-02-20,7720.0,5.7
RMP3,2013-02-20,7780.0,5.6
RMP3,2013-02-20,7840.0,5.49
RMP3,2013-02-20,7900.0,5.55
RMP3,2013-02-20,7960.0,5.42
RMP3,2013-02-20,8020.0,5.36
RMP3,2013-02-20,8080.0,5.22
RMP3,2013-02-20,8140.0,4.9
RMP3,2013-02-20,8200.0,4.72
RMP3,2013-02-20,8260.0,4.26
RMP3,2013-02-20,8320.0,4.48
RMP3,2013-02-20,8380.0,4.38
RMP3,2013-02-20,8440.0,4.69
RMP3,2013-02-20,8500.0,4.24
RMP3,2013-02-20,8560.0,4.36
RMP3,2013-02-20,8620.0,4.44
RMP3,2013-02-20,8680.0,3.96
RMP3,2013-02-20,8740.0,3.82
RMP3,2013-02-20,8800.0,3.7
RMP3,2013-02-20,8860.0,3.74
RMP3,2013-02-20,8920.0,3.79
RMP3,2013-02-20,8980.0,3.77
RMP3,2013-02-20,9040.0,3.8
RMP3,2013-02-20,9100.0,3.8
RMP3,2013-02-20,9160.0,4.92
RMP3,2013-02-20,9220.0,4.68
RMP3,2013-02-20,9280.0,4.6
RMP3,2013-02-20,9340.0,4.46
RMP3,2013-02-20,9400.0,4.32
RMP3,2013-02-20,9460.0,3.48
RMP3,2013-02-20,9513.0,1.97
RMP3,2013-02-20,9520.0,1.27
RMP3,2013-02-20,9540.0,0.97
RMP3,2013-02-20,9550.0,0.27
RMP3,2013-02-20,9570.0,-0.23
RMP3,2013-02-20,9580.0,-2.63
RMP3,2013-02-20,9600.0,-3.63
RMP3,2013-02-20,9610.0,-4.43
RMP3,2013-02-20,9630.0,-3.83
RMP3,2013-02-20,9640.0,-4.53
RMP3,2013-02-20,9660.0,-4.33
RMP3,2013-02-20,9670.0,-4.73
RMP3,2013-02-20,9680.0,-3.83
RMP3,2013-02-20,9700.0,-2.53
RMP3,2013-02-20,9710.0,-1.73
RMP3,2013-02-20,9730.0,-0.63
RMP3,2013-02-20,9740.0,0.47
RMP3,2013-02-20,9760.0,0.77
RMP3,2013-02-20,9770.0,0.87
RMP3,2013-02-20,9790.0,0.97
RMP3,2013-02-20,9800.0,1.37
RMP3,2013-02-20,9822.0,1.97
RMP3,2013-02-20,9880.0,4.28
RMP3,2013-02-20,9940.0,4.77
RMP3,2013-02-20,9970.0,4.66
RMP3,2013-02-20,10000.0,4.26
RMP3,2013-02-20,10040.0,3.36
RMP3,2013-02-20,10046.0,1.98
RMP3,2013-02-20,10060.0,1.48
RMP3,2013-02-20,10080.0,0.98
RMP3,2013-02-20,10090.0,0.28
RMP3,2013-02-20,10110.0,-0.02
RMP3,2013-02-20,10130.0,-0.52
RMP3,2013-02-20,10140.0,-1.02
RMP3,2013-02-20,10160.0,-1.72
RMP3,2013-02-20,10180.0,-1.52
RMP3,2013-02-20,10200.0,-0.72
RMP3,2013-02-20,10210.0,-0.52
RMP3,2013-02-20,10230.0,-0.42
RMP3,2013-02-20,10250.0,-0.32
RMP3,2013-02-20,10260.0,-0.22
RMP3,2013-02-20,10280.0,-0.02
RMP3,2013-02-20,10300.0,0.08
RMP3,2013-02-20,10310.0,0.18
RMP3,2013-02-20,10330.0,0.38
RMP3,2013-02-20,10350.0,0.28
RMP3,2013-02-20,10370.0,0.48
RMP3,2013-02-20,10380.0,0.58
RMP3,2013-02-20,10400.0,0.48
RMP3,2013-02-20,10420.0,-0.12
RMP3,2013-02-20,10430.0,0.78
RMP3,2013-02-20,10450.0,1.38
RMP3,2013-02-20,10474.0,1.98
RMP3,2013-02-20,10500.0,4.92
RMP3,2013-02-20,10560.0,6.68
RMP3,2013-02-20,10620.0,6.92
RMP3,2013-02-20,10680.0,6.79
RMP3,2013-02-20,10740.0,6.66
RMP3,2013-02-20,10800.0,6.29
RMP3,2013-02-20,10860.0,6.38
RMP3,2013-02-20,10881.0,7.02
RMP3,2013-02-20,10881.0,7.06
RMP3,2014-05-04,0.0,4.38
RMP3,2014-05-04,0.0,4.16
RMP3,2014-05-04,30.0,4.2
RMP3,2014-05-04,60.0,4.22
RMP3,2014-05-04,90.0,4.44
RMP3,2014-05-04,120.0,4.4
RMP3,2014-05-04,164.0,4.75
RMP3,2014-05-04,173.0,7.24
RMP3,2014-05-04,180.0,7.26
RMP3,2014-05-04,189.0,5.5
RMP3,2014-05-04,220.0,5.62
RMP3,2014-05-04,250.0,6.01
RMP3,2014-05-04,273.0,6.21
RMP3,2014-05-04,273.0,6.23
RMP3,2014-05-04,300.0,5.8
RMP3,2014-05-04,355.0,5.9
RMP3,2014-05-04,358.0,6.5
RMP3,2014-05-04,366.0,6.52
RMP3,2014-05-04,387.0,4.36
RMP3,2014-05-04,392.0,2.03
RMP3,2014-05-04,430.0,1.03
RMP3,2014-05-04,460.0,0.53
RMP3,2014-05-04,490.0,-0.47
RMP3,2014-05-04,530.0,-2.47
RMP3,2014-05-04,570.0,-3.67
RMP3,2014-05-04,600.0,-5.27
RMP3,2014-05-04,640.0,-7.47
RMP3,2014-05-04,670.0,-9.27
RMP3,2014-05-04,700.0,-11.57
RMP3,2014-05-04,740.0,-12.47
RMP3,2014-05-04,780.0,-13.97
RMP3,2014-05-04,810.0,-18.27
RMP3,2014-05-04,850.0,-22.47
RMP3,2014-05-04,880.0,-25.27
RMP3,2014-05-04,920.0,-28.27
RMP3,2014-05-04,950.0,-31.67
RMP3,2014-05-04,980.0,-33.57
RMP3,2014-05-04,1020.0,-34.47
RMP3,2014-05-04,1060.0,-34.37
RMP3,2014-05-04,1090.0,-33.67
RMP3,2014-05-04,1130.0,-35.17
RMP3,2014-05-04,1160.0,-33.97
RMP3,2014-05-04,1200.0,-32.67
RMP3,2014-05-04,1230.0,-32.27
RMP3,2014-05-04,1270.0,-33.27
RMP3,2014-05-04,1300.0,-33.17
RMP3,2014-05-04,1340.0,-32.47
RMP3,2014-05-04,1370.0,-32.37
RMP3,2014-05-04,1410.0,-32.77
RMP3,2014-05-04,1440.0,-32.17
RMP3,2014-05-04,1480.0,-31.67
RMP3,2014-05-04,1510.0,-29.97
RMP3,2014-05-04,1550.0,-28.37
RMP3,2014-05-04,1580.0,-24.97
RMP3,2014-05-04,1620.0,-23.97
RMP3,2014-05-04,1650.0,-22.47
RMP3,2014-05-04,1690.0,-20.67
RMP3,2014-05-04,1730.0,-20.47
RMP3,2014-05-04,1760.0,-18.57
RMP3,2014-05-04,1800.0,-17.27
RMP3,2014-05-04,1830.0,-15.27
RMP3,2014-05-04,1870.0,-14.27
RMP3,2014-05-04,1900.0,-12.97
RMP3,2014-05-04,1940.0,-12.37
RMP3,2014-05-04,1970.0,-11.67
RMP3,2014-05-04,2000.0,-10.47
RMP3,2014-05-04,2040.0,-9.67
RMP3,2014-05-04,2080.0,-8.47
RMP3,2014-05-04,2120.0,-7.47
RMP3,2014-05-04,2150.0,-4.97
RMP3,2014-05-04,2180.0,-3.97
RMP3,2014-05-04,2220.0,-2.67
RMP3,2014-05-04,2250.0,-1.27
RMP3,2014-05-04,2290.0,-0.87
RMP3,2014-05-04,2320.0,-0.27
RMP3,2014-05-04,2360.0,0.33
RMP3,2014-05-04,2390.0,0.53
RMP3,2014-05-04,2430.0,0.73
RMP3,2014-05-04,2460.0,0.93
RMP3,2014-05-04,2500.0,1.23
RMP3,2014-05-04,2537.0,2.03
RMP3,2014-05-04,2600.0,2.66
RMP3,2014-05-04,2660.0,3.08
RMP3,2014-05-04,2720.0,3.74
RMP3,2014-05-04,2780.0,3.9
RMP3,2014-05-04,2840.0,3.8
RMP3,2014-05-04,2900.0,3.7
RMP3,2014-05-04,2960.0,3.6
RMP3,2014-05-04,3020.0,3.2
RMP3,2014-05-04,3040.0,2.02
RMP3,2014-05-04,3060.0,1.32
RMP3,2014-05-04,3080.0,0.92
RMP3,2014-05-04,3100.0,0.22
RMP3,2014-05-04,3120.0,0.02
RMP3,2014-05-04,3140.0,-0.58
RMP3,2014-05-04,3160.0,-1.38
RMP3,2014-05-04,3180.0,-1.48
RMP3,2014-05-04,3200.0,-2.18
RMP3,2014-05-04,3220.0,-2.58
RMP3,2014-05-04,3240.0,-2.98
RMP3,2014-05-04,3260.0,-3.48
RMP3,2014-05-04,3280.0,-3.68
RMP3,2014-05-04,3300.0,-3.98
RMP3,2014-05-04,3320.0,-3.68
RMP3,2014-05-04,3330.0,-2.58
RMP3,2014-05-04,3340.0,-1.28
RMP3,2014-05-04,3350.0,-0.68
RMP3,2014-05-04,3360.0,0.32
RMP3,2014-05-04,3370.0,0.82
RMP3,2014-05-04,3380.0,2.02
RMP3,2014-05-04,3390.0,3.26
RMP3,2014-05-04,3400.0,3.8
RMP3,2014-05-04,3420.0,4.2
RMP3,2014-05-04,3440.0,4.6
RMP3,2014-05-04,3460.0,4.8
RMP3,2014-05-04,3500.0,4.94
RMP3,2014-05-04,3520.0,5.5
RMP3,2014-05-04,3580.0,5.62
RMP3,2014-05-04,3640.0,5.66
RMP3,2014-05-04,3700.0,5.7
RMP3,2014-05-04,3760.0,5.82
RMP3,2014-05-04,3820.0,5.22
RMP3,2014-05-04,3880.0,4.28
RMP3,2014-05-04,3940.0,4.22
RMP3,2014-05-04,4000.0,4.02
RMP3,2014-05-04,4060.0,4.08
RMP3,2014-05-04,4120.0,4.11
RMP3,2014-05-04,4180.0,4.2
RMP3,2014-05-04,4240.0,4.14
RMP3,2014-05-04,4300.0,4.16
RMP3,2014-05-04,4360.0,4.04
RMP3,2014-05-04,4420.0,4.29
RMP3,2014-05-04,4480.0,4.34
RMP3,2014-05-04,4540.0,4.4
RMP3,2014-05-04,4600.0,4.46
RMP3,2014-05-04,4660.0,4.86
RMP3,2014-05-04,4720.0,5.59
RMP3,2014-05-04,4780.0,5.7
RMP3,2014-05-04,4840.0,5.38
RMP3,2014-05-04,4900.0,5.42
RMP3,2014-05-04,4960.0,5.38
RMP3,2014-05-04,5020.0,5.44
RMP3,2014-05-04,5080.0,5.46
RMP3,2014-05-04,5140.0,5.55
RMP3,2014-05-04,5200.0,5.58
RMP3,2014-05-04,5260.0,5.52
RMP3,2014-05-04,5320.0,5.22
RMP3,2014-05-04,5380.0,5.02
RMP3,2014-05-04,5440.0,5.12
RMP3,2014-05-04,5500.0,5.24
RMP3,2014-05-04,5560.0,5.2
RMP3,2014-05-04,5620.0,5.26
RMP3,2014-05-04,5680.0,5.16
RMP3,2014-05-04,5740.0,5.24
RMP3,2014-05-04,5800.0,5.26
RMP3,2014-05-04,5860.0,5.32
RMP3,2014-05-04,5920.0,5.4
RMP3,2014-05-04,5980.0,5.43
RMP3,2014-05-04,6040.0,5.26
RMP3,2014-05-04,6100.0,5.18
RMP3,2014-05-04,6160.0,5.28
RMP3,2014-05-04,6220.0,5.36
RMP3,2014-05-04,6280.0,4.66
RMP3,2014-05-04,6340.0,4.48
RMP3,2014-05-04,6400.0,4.6
RMP3,2014-05-04,6460.0,4.57
RMP3,2014-05-04,6520.0,4.5
RMP3,2014-05-04,6580.0,4.49
RMP3,2014-05-04,6640.0,4.7
RMP3,2014-05-04,6700.0,4.62
RMP3,2014-05-04,6760.0,4.66
RMP3,2014-05-04,6820.0,4.68
RMP3,2014-05-04,6880.0,4.7
RMP3,2014-05-04,6940.0,4.48
RMP3,2014-05-04,7000.0,4.49
RMP3,2014-05-04,7060.0,4.51
RMP3,2014-05-04,7120.0,4.9
RMP3,2014-05-04,7180.0,5.28
RMP3,2014-05-04,7240.0,5.35
RMP3,2014-05-04,7300.0,5.42
RMP3,2014-05-04,7360.0,5.48
RMP3,2014-05-04,7420.0,5.49
RMP3,2014-05-04,7480.0,5.54
RMP3,2014-05-04,7540.0,5.5
RMP3,2014-05-04,7600.0,5.43
RMP3,2014-05-04,7660.0,5.5
RMP3,2014-05-04,7720.0,5.53
RMP3,2014-05-04,7780.0,5.54
RMP3,2014-05-04,7840.0,5.58
RMP3,2014-05-04,7900.0,5.61
RMP3,2014-05-04,7960.0,5.63
RMP3,2014-05-04,8020.0,5.64
RMP3,2014-05-04,8080.0,5.68
RMP3,2014-05-04,8140.0,5.7
RMP3,2014-05-04,8200.0,5.38
RMP3,2014-05-04,8260.0,5.08
RMP3,2014-05-04,8320.0,4.51
RMP3,2014-05-04,8380.0,4.47
RMP3,2014-05-04,8440.0,4.66
RMP3,2014-05-04,8500.0,4.34
RMP3,2014-05-04,8560.0,4.41
RMP3,2014-05-04,8620.0,4.47
RMP3,2014-05-04,8680.0,3.94
RMP3,2014-05-04,8740.0,3.8
RMP3,2014-05-04,8800.0,3.76
RMP3,2014-05-04,8860.0,3.7
RMP3,2014-05-04,8920.0,3.84
RMP3,2014-05-04,8980.0,3.74
RMP3,2014-05-04,9040.0,3.78
RMP3,2014-05-04,9100.0,3.82
RMP3,2014-05-04,9160.0,4.7
RMP3,2014-05-04,9220.0,4.66
RMP3,2014-05-04,9280.0,4.61
RMP3,2014-05-04,9340.0,4.58
RMP3,2014-05-04,9400.0,4.42
RMP3,2014-05-04,9430.0,3.88
RMP3,2014-05-04,9460.0,3.28
RMP3,2014-05-04,9474.0,2.03
RMP3,2014-05-04,9490.0,0.93
RMP3,2014-05-04,9510.0,0.73
RMP3,2014-05-04,9530.0,0.63
RMP3,2014-05-04,9550.0,0.23
RMP3,2014-05-04,9570.0,0.13
RMP3,2014-05-04,9590.0,-0.07
RMP3,2014-05-04,9610.0,-0.17
RMP3,2014-05-04,9630.0,-0.37
RMP3,2014-05-04,9650.0,-0.57
RMP3,2014-05-04,9670.0,-1.27
RMP3,2014-05-04,9690.0,-1.47
RMP3,2014-05-04,9710.0,-1.67
RMP3,2014-05-04,9730.0,-1.17
RMP3,2014-05-04,9750.0,-0.97
RMP3,2014-05-04,9770.0,-1.07
RMP3,2014-05-04,9790.0,-1.27
RMP3,2014-05-04,9810.0,-0.67
RMP3,2014-05-04,9830.0,-0.87
RMP3,2014-05-04,9850.0,-0.37
RMP3,2014-05-04,9874.0,-0.67
RMP3,2014-05-04,9890.0,-0.37
RMP3,2014-05-04,9910.0,-0.17
RMP3,2014-05-04,9930.0,0.03
RMP3,2014-05-04,9950.0,0.53
RMP3,2014-05-04,9970.0,1.43
RMP3,2014-05-04,9996.0,2.03
RMP3,2014-05-04,10010.0,2.78
RMP3,2014-05-04,10030.0,3.42
RMP3,2014-05-04,10060.0,3.29
RMP3,2014-05-04,10120.0,3.48
RMP3,2014-05-04,10150.0,3.5
RMP3,2014-05-04,10180.0,3.2
RMP3,2014-05-04,10210.0,2.7
RMP3,2014-05-04,10215.0,2.01
RMP3,2014-05-04,10230.0,1.41
RMP3,2014-05-04,10240.0,1.11
RMP3,2014-05-04,10250.0,0.71
RMP3,2014-05-04,10270.0,0.31
RMP3,2014-05-04,10280.0,0.51
RMP3,2014-05-04,10300.0,-0.09
RMP3,2014-05-04,10315.0,-0.69
RMP3,2014-05-04,10330.0,-0.49
RMP3,2014-05-04,10340.0,-0.29
RMP3,2014-05-04,10360.0,0.11
RMP3,2014-05-04,10370.0,0.31
RMP3,2014-05-04,10386.0,0.51
RMP3,2014-05-04,10400.0,0.41
RMP3,2014-05-04,10415.0,1.41
RMP3,2014-05-04,10430.0,2.01
RMP3,2014-05-04,10460.0,4.2
RMP3,2014-05-04,10490.0,5.5
RMP3,2014-05-04,10520.0,6.7
RMP3,2014-05-04,10580.0,6.82
RMP3,2014-05-04,10620.0,6.84
RMP3,2014-05-04,10680.0,6.72
RMP3,2014-05-04,10740.0,6.79
RMP3,2014-05-04,10800.0,6.44
RMP3,2014-05-04,10860.0,6.34
RMP3,2014-05-04,10881.0,7.02
RMP3,2014-05-04,10881.0,7.06
RMP3,2015-02-12,0.0,4.38
RMP3,2015-02-12,0.0,4.16
RMP3,2015-02-12,30.0,4.24
RMP3,2015-02-12,60.0,4.2
RMP3,2015-02-12,90.0,4.36
RMP3,2015-02-12,120.0,4.37
RMP3,2015-02-12,150.0,4.56
RMP3,2015-02-12,164.0,4.7
RMP3,2015-02-12,173.0,7.24
RMP3,2015-02-12,180.0,7.26
RMP3,2015-02-12,189.0,5.6
RMP3,2015-02-12,200.0,5.66
RMP3,2015-02-12,230.0,5.92
RMP3,2015-02-12,260.0,5.98
RMP3,2015-02-12,273.0,6.2
RMP3,2015-02-12,273.0,6.23
RMP3,2015-02-12,280.0,5.92
RMP3,2015-02-12,290.0,5.84
RMP3,2015-02-12,300.0,5.24
RMP3,2015-02-12,330.0,4.46
RMP3,2015-02-12,338.0,3.86
RMP3,2015-02-12,342.0,2.68
RMP3,2015-02-12,370.0,0.98
RMP3,2015-02-12,400.0,-0.02
RMP3,2015-02-12,430.0,-0.42
RMP3,2015-02-12,460.0,-1.52
RMP3,2015-02-12,490.0,-5.32
RMP3,2015-02-12,520.0,-9.32
RMP3,2015-02-12,550.0,-12.32
RMP3,2015-02-12,580.0,-14.82
RMP3,2015-02-12,610.0,-16.82
RMP3,2015-02-12,640.0,-24.32
RMP3,2015-02-12,670.0,-26.32
RMP3,2015-02-12,700.0,-29.32
RMP3,2015-02-12,730.0,-36.32
RMP3,2015-02-12,760.0,-38.12
RMP3,2015-02-12,790.0,-38.02
RMP3,2015-02-12,820.0,-36.72
RMP3,2015-02-12,850.0,-36.82
RMP3,2015-02-12,880.0,-35.02
RMP3,2015-02-12,910.0,-34.32
RMP3,2015-02-12,940.0,-31.72
RMP3,2015-02-12,970.0,-31.22
RMP3,2015-02-12,1000.0,-29.52
RMP3,2015-02-12,1030.0,-29.32
RMP3,2015-02-12,1060.0,-28.32
RMP3,2015-02-12,1090.0,-27.72
RMP3,2015-02-12,1120.0,-27.02
RMP3,2015-02-12,1150.0,-27.62
RMP3,2015-02-12,1180.0,-26.22
RMP3,2015-02-12,1210.0,-25.32
RMP3,2015-02-12,1240.0,-23.92
RMP3,2015-02-12,1270.0,-21.72
RMP3,2015-02-12,1300.0,-19.82
RMP3,2015-02-12,1330.0,-18.32
RMP3,2015-02-12,1360.0,-16.32
RMP3,2015-02-12,1390.0,-13.72
RMP3,2015-02-12,1420.0,-12.22
RMP3,2015-02-12,1450.0,-10.72
RMP3,2015-02-12,1480.0,-9.42
RMP3,2015-02-12,1510.0,-14.12
RMP3,2015-02-12,1540.0,-14.62
RMP3,2015-02-12,1570.0,-13.42
RMP3,2015-02-12,1600.0,-12.52
RMP3,2015-02-12,1630.0,-11.62
RMP3,2015-02-12,1660.0,-9.52
RMP3,2015-02-12,1690.0,-8.12
RMP3,2015-02-12,1720.0,-7.52
RMP3,2015-02-12,1750.0,-7.62
RMP3,2015-02-12,1780.0,-6.62
RMP3,2015-02-12,1810.0,-7.02
RMP3,2015-02-12,1840.0,-6.72
RMP3,2015-02-12,1870.0,-4.72
RMP3,2015-02-12,1900.0,-4.82
RMP3,2015-02-12,1930.0,-4.32
RMP3,2015-02-12,1960.0,-4.02
RMP3,2015-02-12,1980.0,-3.22
RMP3,2015-02-12,1990.0,-3.52
RMP3,2015-02-12,2000.0,-4.62
RMP3,2015-02-12,2015.0,-3.32
RMP3,2015-02-12,2030.0,-1.42
RMP3,2015-02-12,2045.0,1.28
RMP3,2015-02-12,2052.0,2.68
RMP3,2015-02-12,2070.0,3.26
RMP3,2015-02-12,2100.0,3.46
RMP3,2015-02-12,2130.0,3.5
RMP3,2015-02-12,2160.0,3.56
RMP3,2015-02-12,2200.0,3.6
RMP3,2015-02-12,2250.0,3.7
RMP3,2015-02-12,2300.0,3.84
RMP3,2015-02-12,2350.0,4.7
RMP3,2015-02-12,2400.0,4.84
RMP3,2015-02-12,2450.0,4.74
RMP3,2015-02-12,2500.0,4.66
RMP3,2015-02-12,2550.0,4.49
RMP3,2015-02-12,2600.0,4.73
RMP3,2015-02-12,2650.0,4.82
RMP3,2015-02-12,2700.0,4.69
RMP3,2015-02-12,2750.0,4.82
RMP3,2015-02-12,2800.0,4.28
RMP3,2015-02-12,2850.0,4.3
RMP3,2015-02-12,2900.0,3.64
RMP3,2015-02-12,2940.0,3.14
RMP3,2015-02-12,2966.0,2.7
RMP3,2015-02-12,2980.0,2.1
RMP3,2015-02-12,2990.0,1.8
RMP3,2015-02-12,3010.0,1.5
RMP3,2015-02-12,3020.0,1.4
RMP3,2015-02-12,3040.0,1.0
RMP3,2015-02-12,3050.0,0.8
RMP3,2015-02-12,3070.0,0.5
RMP3,2015-02-12,3080.0,0.3
RMP3,2015-02-12,3100.0,0.6
RMP3,2015-02-12,3110.0,0.9
RMP3,2015-02-12,3130.0,1.0
RMP3,2015-02-12,3140.0,1.2
RMP3,2015-02-12,3150.0,1.3
RMP3,2015-02-12,3170.0,1.4
RMP3,2015-02-12,3190.0,1.5
RMP3,2015-02-12,3200.0,1.7
RMP3,2015-02-12,3210.0,1.6
RMP3,2015-02-12,3230.0,1.5
RMP3,2015-02-12,3240.0,1.7
RMP3,2015-02-12,3260.0,2.2
RMP3,2015-02-12,3276.0,2.7
RMP3,2015-02-12,3280.0,3.43
RMP3,2015-02-12,3290.0,3.6
RMP3,2015-02-12,3300.0,3.77
RMP3,2015-02-12,3350.0,3.84
RMP3,2015-02-12,3400.0,3.94
RMP3,2015-02-12,3450.0,4.29
RMP3,2015-02-12,3500.0,4.76
RMP3,2015-02-12,3550.0,4.92
RMP3,2015-02-12,3600.0,5.26
RMP3,2015-02-12,3650.0,5.36
RMP3,2015-02-12,3700.0,5.44
RMP3,2015-02-12,3750.0,5.74
RMP3,2015-02-12,3800.0,5.4
RMP3,2015-02-12,3850.0,5.28
RMP3,2015-02-12,3900.0,4.92
RMP3,2015-02-12,3950.0,4.8
RMP3,2015-02-12,4000.0,4.7
RMP3,2015-02-12,4050.0,4.56
RMP3,2015-02-12,4100.0,4.4
RMP3,2015-02-12,4150.0,4.26
RMP3,2015-02-12,4200.0,4.3
RMP3,2015-02-12,4250.0,4.16
RMP3,2015-02-12,4300.0,4.28
RMP3,2015-02-12,4350.0,4.46
RMP3,2015-02-12,4400.0,4.7
RMP3,2015-02-12,4450.0,4.39
RMP3,2015-02-12,4500.0,4.49
RMP3,2015-02-12,4550.0,4.56
RMP3,2015-02-12,4600.0,4.79
RMP3,2015-02-12,4650.0,4.88
RMP3,2015-02-12,4700.0,4.94
RMP3,2015-02-12,4750.0,5.24
RMP3,2015-02-12,4800.0,5.39
RMP3,2015-02-12,4850.0,5.44
RMP3,2015-02-12,4900.0,5.54
RMP3,2015-02-12,4950.0,5.7
RMP3,2015-02-12,5000.0,5.52
RMP3,2015-02-12,5050.0,5.48
RMP3,2015-02-12,5100.0,5.28
RMP3,2015-02-12,5150.0,5.18
RMP3,2015-02-12,5200.0,5.26
RMP3,2015-02-12,5250.0,5.3
RMP3,2015-02-12,5300.0,5.28
RMP3,2015-02-12,5350.0,5.46
RMP3,2015-02-12,5400.0,5.22
RMP3,2015-02-12,5450.0,5.26
RMP3,2015-02-12,5500.0,5.36
RMP3,2015-02-12,5550.0,5.29
RMP3,2015-02-12,5600.0,5.37
RMP3,2015-02-12,5650.0,5.4
RMP3,2015-02-12,5700.0,5.26
RMP3,2015-02-12,5750.0,5.34
RMP3,2015-02-12,5800.0,5.36
RMP3,2015-02-12,5850.0,5.3
RMP3,2015-02-12,5900.0,5.24
RMP3,2015-02-12,5950.0,5.4
RMP3,2015-02-12,6000.0,5.29
RMP3,2015-02-12,6050.0,5.22
RMP3,2015-02-12,6100.0,5.2
RMP3,2015-02-12,6150.0,5.32
RMP3,2015-02-12,6200.0,5.06
RMP3,2015-02-12,6250.0,4.74
RMP3,2015-02-12,6300.0,4.65
RMP3,2015-02-12,6350.0,4.62
RMP3,2015-02-12,6400.0,4.84
RMP3,2015-02-12,6450.0,4.7
RMP3,2015-02-12,6500.0,4.66
RMP3,2015-02-12,6550.0,4.54
RMP3,2015-02-12,6600.0,4.36
RMP3,2015-02-12,6650.0,4.41
RMP3,2015-02-12,6700.0,4.28
RMP3,2015-02-12,6750.0,4.37
RMP3,2015-02-12,6800.0,4.39
RMP3,2015-02-12,6850.0,4.19
RMP3,2015-02-12,6900.0,4.29
RMP3,2015-02-12,6950.0,4.6
RMP3,2015-02-12,7000.0,4.64
RMP3,2015-02-12,7050.0,4.79
RMP3,2015-02-12,7100.0,4.84
RMP3,2015-02-12,7150.0,4.98
RMP3,2015-02-12,7200.0,5.34
RMP3,2015-02-12,7250.0,5.44
RMP3,2015-02-12,7300.0,5.46
RMP3,2015-02-12,7350.0,5.5
RMP3,2015-02-12,7400.0,5.56
RMP3,2015-02-12,7450.0,5.49
RMP3,2015-02-12,7500.0,5.62
RMP3,2015-02-12,7550.0,5.46
RMP3,2015-02-12,7600.0,5.4
RMP3,2015-02-12,7650.0,5.37
RMP3,2015-02-12,7700.0,5.28
RMP3,2015-02-12,7750.0,5.34
RMP3,2015-02-12,7800.0,5.39
RMP3,2015-02-12,7850.0,5.64
RMP3,2015-02-12,7900.0,5.7
RMP3,2015-02-12,7950.0,5.5
RMP3,2015-02-12,8000.0,5.68
RMP3,2015-02-12,8050.0,5.62
RMP3,2015-02-12,8100.0,5.29
RMP3,2015-02-12,8150.0,5.09
RMP3,2015-02-12,8200.0,4.46
RMP3,2015-02-12,8250.0,4.5
RMP3,2015-02-12,8300.0,4.35
RMP3,2015-02-12,8350.0,4.46
RMP3,2015-02-12,8400.0,4.66
RMP3,2015-02-12,8450.0,4.68
RMP3,2015-02-12,8500.0,4.39
RMP3,2015-02-12,8550.0,4.47
RMP3,2015-02-12,8600.0,4.5
RMP3,2015-02-12,8650.0,4.39
RMP3,2015-02-12,8700.0,3.69
RMP3,2015-02-12,8750.0,3.74
RMP3,2015-02-12,8800.0,3.84
RMP3,2015-02-12,8850.0,3.76
RMP3,2015-02-12,8900.0,3.92
RMP3,2015-02-12,8950.0,3.7
RMP3,2015-02-12,9000.0,3.78
RMP3,2015-02-12,9050.0,3.7
RMP3,2015-02-12,9100.0,3.68
RMP3,2015-02-12,9150.0,4.64
RMP3,2015-02-12,9200.0,4.69
RMP3,2015-02-12,9250.0,4.6
RMP3,2015-02-12,9300.0,4.56
RMP3,2015-02-12,9350.0,4.68
RMP3,2015-02-12,9400.0,4.54
RMP3,2015-02-12,9450.0,4.42
RMP3,2015-02-12,9470.0,4.5
RMP3,2015-02-12,9500.0,3.03
RMP3,2015-02-12,9530.0,2.8
RMP3,2015-02-12,9560.0,2.68
RMP3,2015-02-12,9590.0,2.58
RMP3,2015-02-12,9620.0,2.3
RMP3,2015-02-12,9650.0,2.11
RMP3,2015-02-12,9700.0,2.03
RMP3,2015-02-12,9750.0,2.01
RMP3,2015-02-12,9800.0,1.92
RMP3,2015-02-12,9850.0,1.89
RMP3,2015-02-12,9880.0,2.2
RMP3,2015-02-12,9910.0,2.37
RMP3,2015-02-12,9940.0,2.76
RMP3,2015-02-12,9970.0,3.16
RMP3,2015-02-12,9980.0,3.26
RMP3,2015-02-12,10000.0,3.42
RMP3,2015-02-12,10050.0,3.36
RMP3,2015-02-12,10080.0,3.26
RMP3,2015-02-12,10100.0,2.94
RMP3,2015-02-12,10115.0,2.7
RMP3,2015-02-12,10130.0,2.0
RMP3,2015-02-12,10140.0,1.5
RMP3,2015-02-12,10150.0,0.9
RMP3,2015-02-12,10170.0,0.4
RMP3,2015-02-12,10180.0,0.1
RMP3,2015-02-12,10200.0,-0.1
RMP3,2015-02-12,10210.0,-0.1
RMP3,2015-02-12,10220.0,-0.2
RMP3,2015-02-12,10240.0,-0.3
RMP3,2015-02-12,10250.0,-0.5
RMP3,2015-02-12,10260.0,-0.5
RMP3,2015-02-12,10270.0,-1.2
RMP3,2015-02-12,10290.0,0.2
RMP3,2015-02-12,10300.0,0.5
RMP3,2015-02-12,10310.0,0.6
RMP3,2015-02-12,10330.0,0.7
RMP3,2015-02-12,10340.0,0.8
RMP3,2015-02-12,10360.0,0.7
RMP3,2015-02-12,10370.0,0.9
RMP3,2015-02-12,10380.0,1.1
RMP3,2015-02-12,10400.0,1.3
RMP3,2015-02-12,10410.0,1.4
RMP3,2015-02-12,10420.0,1.6
RMP3,2015-02-12,10440.0,1.5
RMP3,2015-02-12,10450.0,2.0
RMP3,2015-02-12,10465.0,2.7
RMP3,2015-02-12,10470.0,3.8
RMP3,2015-02-12,10500.0,4.66
RMP3,2015-02-12,10550.0,5.5
RMP3,2015-02-12,10600.0,6.28
RMP3,2015-02-12,10630.0,6.74
RMP3,2015-02-12,10660.0,6.84
RMP3,2015-02-12,10690.0,6.9
RMP3,2015-02-12,10720.0,6.94
RMP3,2015-02-12,10750.0,6.86
RMP3,2015-02-12,10780.0,6.7
RMP3,2015-02-12,10810.0,6.64
RMP3,2015-02-12,10840.0,6.79
RMP3,2015-02-12,10870.0,6.7
RMP3,2015-02-12,10881.0,7.02
RMP3,2015-02-12,10881.0,7.06
RMP3,2016-05-07,0.0,4.38
RMP3,2016-05-07,0.0,4.16
RMP3,2016-05-07,50.0,4.36
RMP3,2016-05-07,100.0,4.26
RMP3,2016-05-07,150.0,4.37
RMP3,2016-05-07,164.0,4.73
RMP3,2016-05-07,173.0,7.2
RMP3,2016-05-07,180.0,7.22
RMP3,2016-05-07,189.0,5.66
RMP3,2016-05-07,200.0,5.5
RMP3,2016-05-07,250.0,5.9
RMP3,2016-05-07,273.0,6.2
RMP3,2016-05-07,273.0,6.23
RMP3,2016-05-07,330.0,5.73
RMP3,2016-05-07,338.0,3.2
RMP3,2016-05-07,370.0,1.32
RMP3,2016-05-07,410.0,-1.37
RMP3,2016-05-07,450.0,-4.77
RMP3,2016-05-07,500.0,-26.05
RMP3,2016-05-07,530.0,-26.57
RMP3,2016-05-07,570.0,-26.73
RMP3,2016-05-07,610.0,-24.97
RMP3,2016-05-07,650.0,-23.96
RMP3,2016-05-07,690.0,-20.22
RMP3,2016-05-07,730.0,-13.51
RMP3,2016-05-07,760.0,-7.61
RMP3,2016-05-07,800.0,-8.07
RMP3,2016-05-07,840.0,-8.18
RMP3,2016-05-07,880.0,-8.99
RMP3,2016-05-07,920.0,-9.86
RMP3,2016-05-07,960.0,-11.64
RMP3,2016-05-07,1000.0,-12.17
RMP3,2016-05-07,1040.0,-11.56
RMP3,2016-05-07,1080.0,-11.49
RMP3,2016-05-07,1120.0,-11.0
RMP3,2016-05-07,1160.0,-11.98
RMP3,2016-05-07,1200.0,-11.43
RMP3,2016-05-07,1230.0,-11.06
RMP3,2016-05-07,1270.0,-10.63
RMP3,2016-05-07,1310.0,-10.5
RMP3,2016-05-07,1350.0,-10.55
RMP3,2016-05-07,1390.0,-10.42
RMP3,2016-05-07,1430.0,-10.19
RMP3,2016-05-07,1470.0,-10.23
RMP3,2016-05-07,1510.0,-10.09
RMP3,2016-05-07,1550.0,-10.26
RMP3,2016-05-07,1590.0,-10.33
RMP3,2016-05-07,1610.0,-9.17
RMP3,2016-05-07,1660.0,-9.64
RMP3,2016-05-07,1700.0,-9.4
RMP3,2016-05-07,1740.0,-9.24
RMP3,2016-05-07,1780.0,-9.34
RMP3,2016-05-07,1820.0,-10.76
RMP3,2016-05-07,1860.0,-8.31
RMP3,2016-05-07,1900.0,-7.05
RMP3,2016-05-07,1940.0,-7.13
RMP3,2016-05-07,1980.0,-5.86
RMP3,2016-05-07,2010.0,-4.71
RMP3,2016-05-07,2050.0,-3.64
RMP3,2016-05-07,2090.0,-2.69
RMP3,2016-05-07,2130.0,-2.32
RMP3,2016-05-07,2170.0,-2.06
RMP3,2016-05-07,2210.0,-1.58
RMP3,2016-05-07,2250.0,-1.16
RMP3,2016-05-07,2290.0,-0.92
RMP3,2016-05-07,2330.0,-0.6
RMP3,2016-05-07,2370.0,-0.25
RMP3,2016-05-07,2400.0,0.54
RMP3,2016-05-07,2440.0,0.3
RMP3,2016-05-07,2490.0,0.22
RMP3,2016-05-07,2530.0,0.53
RMP3,2016-05-07,2560.0,0.52
RMP3,2016-05-07,2600.0,-0.27
RMP3,2016-05-07,2640.0,-4.69
RMP3,2016-05-07,2680.0,-0.47
RMP3,2016-05-07,2720.0,-0.39
RMP3,2016-05-07,2760.0,0.86
RMP3,2016-05-07,2798.0,3.2
RMP3,2016-05-07,2806.0,5.96
RMP3,2016-05-07,2816.0,5.7
RMP3,2016-05-07,2850.0,5.63
RMP3,2016-05-07,2900.0,5.6
RMP3,2016-05-07,2950.0,5.5
RMP3,2016-05-07,3000.0,5.32
RMP3,2016-05-07,3050.0,5.1
RMP3,2016-05-07,3100.0,5.01
RMP3,2016-05-07,3150.0,4.9
RMP3,2016-05-07,3200.0,4.8
RMP3,2016-05-07,3250.0,4.5
RMP3,2016-05-07,3300.0,4.8
RMP3,2016-05-07,3350.0,5.02
RMP3,2016-05-07,3400.0,5.34
RMP3,2016-05-07,3450.0,5.5
RMP3,2016-05-07,3500.0,5.32
RMP3,2016-05-07,3550.0,5.15
RMP3,2016-05-07,3600.0,5.05
RMP3,2016-05-07,3650.0,4.7
RMP3,2016-05-07,3700.0,5.36
RMP3,2016-05-07,3750.0,5.44
RMP3,2016-05-07,3800.0,5.4
RMP3,2016-05-07,3850.0,5.29
RMP3,2016-05-07,3900.0,5.26
RMP3,2016-05-07,3950.0,4.46
RMP3,2016-05-07,4000.0,4.44
RMP3,2016-05-07,4050.0,4.56
RMP3,2016-05-07,4100.0,4.62
RMP3,2016-05-07,4150.0,4.66
RMP3,2016-05-07,4200.0,4.5
RMP3,2016-05-07,4250.0,4.44
RMP3,2016-05-07,4300.0,4.55
RMP3,2016-05-07,4350.0,4.56
RMP3,2016-05-07,4400.0,4.46
RMP3,2016-05-07,4450.0,4.48
RMP3,2016-05-07,4500.0,4.46
RMP3,2016-05-07,4550.0,4.37
RMP3,2016-05-07,4600.0,4.48
RMP3,2016-05-07,4650.0,4.52
RMP3,2016-05-07,4700.0,4.5
RMP3,2016-05-07,4750.0,4.44
RMP3,2016-05-07,4800.0,4.48
RMP3,2016-05-07,4850.0,4.5
RMP3,2016-05-07,4900.0,4.46
RMP3,2016-05-07,4950.0,4.5
RMP3,2016-05-07,5000.0,4.55
RMP3,2016-05-07,5050.0,4.6
RMP3,2016-05-07,5100.0,4.7
RMP3,2016-05-07,5150.0,4.44
RMP3,2016-05-07,5200.0,4.28
RMP3,2016-05-07,5250.0,4.46
RMP3,2016-05-07,5300.0,4.59
RMP3,2016-05-07,5350.0,4.47
RMP3,2016-05-07,5400.0,4.49
RMP3,2016-05-07,5450.0,4.43
RMP3,2016-05-07,5500.0,4.48
RMP3,2016-05-07,5550.0,4.56
RMP3,2016-05-07,5600.0,5.5
RMP3,2016-05-07,5650.0,5.56
RMP3,2016-05-07,5700.0,5.5
RMP3,2016-05-07,5750.0,5.76
RMP3,2016-05-07,5800.0,5.5
RMP3,2016-05-07,5850.0,5.76
RMP3,2016-05-07,5900.0,5.44
RMP3,2016-05-07,5950.0,5.34
RMP3,2016-05-07,6000.0,5.4
RMP3,2016-05-07,6050.0,4.36
RMP3,2016-05-07,6100.0,4.38
RMP3,2016-05-07,6150.0,4.43
RMP3,2016-05-07,6200.0,4.46
RMP3,2016-05-07,6250.0,4.72
RMP3,2016-05-07,6300.0,4.66
RMP3,2016-05-07,6350.0,4.65
RMP3,2016-05-07,6400.0,4.56
RMP3,2016-05-07,6450.0,4.55
RMP3,2016-05-07,6500.0,4.6
RMP3,2016-05-07,6550.0,4.5
RMP3,2016-05-07,6600.0,4.55
RMP3,2016-05-07,6650.0,4.47
RMP3,2016-05-07,6700.0,4.49
RMP3,2016-05-07,6750.0,4.36
RMP3,2016-05-07,6800.0,4.48
RMP3,2016-05-07,6850.0,4.55
RMP3,2016-05-07,6900.0,4.56
RMP3,2016-05-07,6950.0,4.44
RMP3,2016-05-07,7000.0,4.56
RMP3,2016-05-07,7050.0,4.6
RMP3,2016-05-07,7100.0,4.66
RMP3,2016-05-07,7150.0,4.7
RMP3,2016-05-07,7200.0,5.28
RMP3,2016-05-07,7250.0,5.38
RMP3,2016-05-07,7300.0,5.39
RMP3,2016-05-07,7350.0,5.4
RMP3,2016-05-07,7400.0,5.26
RMP3,2016-05-07,7450.0,5.37
RMP3,2016-05-07,7500.0,5.35
RMP3,2016-05-07,7550.0,5.56
RMP3,2016-05-07,7600.0,5.66
RMP3,2016-05-07,7650.0,5.76
RMP3,2016-05-07,7700.0,5.46
RMP3,2016-05-07,7750.0,5.47
RMP3,2016-05-07,7800.0,5.48
RMP3,2016-05-07,7850.0,5.56
RMP3,2016-05-07,7900.0,5.45
RMP3,2016-05-07,7950.0,5.4
RMP3,2016-05-07,8000.0,5.45
RMP3,2016-05-07,8050.0,5.7
RMP3,2016-05-07,8100.0,5.76
RMP3,2016-05-07,8150.0,5.46
RMP3,2016-05-07,8200.0,5.4
RMP3,2016-05-07,8250.0,5.46
RMP3,2016-05-07,8300.0,5.54
RMP3,2016-05-07,8350.0,5.56
RMP3,2016-05-07,8400.0,5.45
RMP3,2016-05-07,8450.0,4.7
RMP3,2016-05-07,8500.0,4.56
RMP3,2016-05-07,8550.0,4.46
RMP3,2016-05-07,8600.0,4.5
RMP3,2016-05-07,8650.0,4.46
RMP3,2016-05-07,8700.0,4.5
RMP3,2016-05-07,8750.0,4.6
RMP3,2016-05-07,8800.0,4.76
RMP3,2016-05-07,8850.0,4.5
RMP3,2016-05-07,8900.0,4.55
RMP3,2016-05-07,8950.0,4.46
RMP3,2016-05-07,9000.0,4.45
RMP3,2016-05-07,9050.0,4.46
RMP3,2016-05-07,9100.0,4.44
RMP3,2016-05-07,9150.0,4.5
RMP3,2016-05-07,9200.0,4.46
RMP3,2016-05-07,9250.0,4.4
RMP3,2016-05-07,9300.0,4.48
RMP3,2016-05-07,9350.0,4.32
RMP3,2016-05-07,9400.0,3.94
RMP3,2016-05-07,9450.0,3.7
RMP3,2016-05-07,9500.0,3.76
RMP3,2016-05-07,9550.0,3.92
RMP3,2016-05-07,9600.0,3.9
RMP3,2016-05-07,9650.0,3.74
RMP3,2016-05-07,9700.0,4.4
RMP3,2016-05-07,9750.0,4.49
RMP3,2016-05-07,9800.0,4.66
RMP3,2016-05-07,9850.0,4.45
RMP3,2016-05-07,9900.0,4.5
RMP3,2016-05-07,9950.0,4.76
RMP3,2016-05-07,10000.0,4.44
RMP3,2016-05-07,10050.0,3.7
RMP3,2016-05-07,10100.0,3.24
RMP3,2016-05-07,10120.0,1.27
RMP3,2016-05-07,10150.0,1.18
RMP3,2016-05-07,10180.0,0.93
RMP3,2016-05-07,10200.0,0.83
RMP3,2016-05-07,10230.0,0.99
RMP3,2016-05-07,10260.0,0.51
RMP3,2016-05-07,10290.0,0.03
RMP3,2016-05-07,10310.0,-0.48
RMP3,2016-05-07,10340.0,-0.93
RMP3,2016-05-07,10370.0,-1.23
RMP3,2016-05-07,10400.0,-1.13
RMP3,2016-05-07,10420.0,-0.8
RMP3,2016-05-07,10450.0,-0.6
RMP3,2016-05-07,10470.0,-0.09
RMP3,2016-05-07,10500.0,-0.07
RMP3,2016-05-07,10530.0,3.24
RMP3,2016-05-07,10560.0,5.7
RMP3,2016-05-07,10600.0,6.16
RMP3,2016-05-07,10620.0,6.7
RMP3,2016-05-07,10650.0,6.9
RMP3,2016-05-07,10700.0,6.8
RMP3,2016-05-07,10750.0,6.6
RMP3,2016-05-07,10800.0,6.79
RMP3,2016-05-07,10850.0,6.44
RMP3,2016-05-07,10881.0,7.02
RMP3,2016-05-07,10881.0,7.06
RMP3,2017-05-20,0.0,4.38
RMP3,2017-05-20,0.0,4.16
RMP3,2017-05-20,50.0,4.32
RMP3,2017-05-20,100.0,4.2
RMP3,2017-05-20,150.0,4.4
RMP3,2017-05-20,164.0,4.7
RMP3,2017-05-20,173.0,7.2
RMP3,2017-05-20,180.0,7.2
RMP3,2017-05-20,190.0,5.7
RMP3,2017-05-20,250.0,6.01
RMP3,2017-05-20,273.0,6.2
RMP3,2017-05-20,273.0,6.23
RMP3,2017-05-20,300.0,6.03
RMP3,2017-05-20,316.0,6.38
RMP3,2017-05-20,320.0,4.26
RMP3,2017-05-20,326.0,3.2
RMP3,2017-05-20,330.0,-1.3
RMP3,2017-05-20,335.0,-5.6
RMP3,2017-05-20,375.0,-13.3
RMP3,2017-05-20,415.0,-16.3
RMP3,2017-05-20,455.0,-17.1
RMP3,2017-05-20,495.0,-18.6
RMP3,2017-05-20,535.0,-19.3
RMP3,2017-05-20,575.0,-19.2
RMP3,2017-05-20,615.0,-18.6
RMP3,2017-05-20,655.0,-18.3
RMP3,2017-05-20,695.0,-16.6
RMP3,2017-05-20,735.0,-15.1
RMP3,2017-05-20,775.0,-14.3
RMP3,2017-05-20,815.0,-12.8
RMP3,2017-05-20,855.0,-11.6
RMP3,2017-05-20,895.0,-10.3
RMP3,2017-05-20,935.0,-8.0
RMP3,2017-05-20,975.0,-7.8
RMP3,2017-05-20,1015.0,-8.1
RMP3,2017-05-20,1055.0,-7.8
RMP3,2017-05-20,1095.0,-7.3
RMP3,2017-05-20,1135.0,-7.3
RMP3,2017-05-20,1175.0,-6.8
RMP3,2017-05-20,1215.0,-6.6
RMP3,2017-05-20,1255.0,-6.4
RMP3,2017-05-20,1295.0,-6.5
RMP3,2017-05-20,1335.0,-6.8
RMP3,2017-05-20,1375.0,-7.2
RMP3,2017-05-20,1415.0,-7.7
RMP3,2017-05-20,1455.0,-8.5
RMP3,2017-05-20,1495.0,-8.8
RMP3,2017-05-20,1535.0,-9.4
RMP3,2017-05-20,1575.0,-10.4
RMP3,2017-05-20,1615.0,-10.3
RMP3,2017-05-20,1655.0,-10.8
RMP3,2017-05-20,1695.0,-11.8
RMP3,2017-05-20,1735.0,-12.0
RMP3,2017-05-20,1775.0,-12.2
RMP3,2017-05-20,1815.0,-12.4
RMP3,2017-05-20,1855.0,-12.4
RMP3,2017-05-20,1895.0,-13.8
RMP3,2017-05-20,1935.0,-14.0
RMP3,2017-05-20,1975.0,-13.5
RMP3,2017-05-20,2015.0,-13.1
RMP3,2017-05-20,2055.0,-13.6
RMP3,2017-05-20,2095.0,-14.3
RMP3,2017-05-20,2135.0,-14.7
RMP3,2017-05-20,2175.0,-15.3
RMP3,2017-05-20,2215.0,-15.3
RMP3,2017-05-20,2255.0,-14.9
RMP3,2017-05-20,2295.0,-14.8
RMP3,2017-05-20,2335.0,-15.0
RMP3,2017-05-20,2375.0,-15.2
RMP3,2017-05-20,2415.0,-15.8
RMP3,2017-05-20,2455.0,-16.5
RMP3,2017-05-20,2495.0,-16.0
RMP3,2017-05-20,2535.0,-15.0
RMP3,2017-05-20,2575.0,-13.3
RMP3,2017-05-20,2615.0,-12.0
RMP3,2017-05-20,2655.0,-10.8
RMP3,2017-05-20,2695.0,-10.3
RMP3,2017-05-20,2735.0,-9.6
RMP3,2017-05-20,2775.0,-8.3
RMP3,2017-05-20,2815.0,-7.3
RMP3,2017-05-20,2855.0,-5.8
RMP3,2017-05-20,2895.0,-4.8
RMP3,2017-05-20,2935.0,-4.1
RMP3,2017-05-20,2975.0,-2.4
RMP3,2017-05-20,3015.0,-1.0
RMP3,2017-05-20,3055.0,-0.3
RMP3,2017-05-20,3075.0,0.7
RMP3,2017-05-20,3083.0,3.2
RMP3,2017-05-20,3086.0,5.05
RMP3,2017-05-20,3100.0,5.01
RMP3,2017-05-20,3150.0,4.95
RMP3,2017-05-20,3200.0,4.46
RMP3,2017-05-20,3250.0,4.55
RMP3,2017-05-20,3300.0,4.85
RMP3,2017-05-20,3350.0,5.07
RMP3,2017-05-20,3400.0,5.39
RMP3,2017-05-20,3450.0,5.55
RMP3,2017-05-20,3500.0,5.28
RMP3,2017-05-20,3550.0,5.2
RMP3,2017-05-20,3600.0,5.14
RMP3,2017-05-20,3650.0,4.98
RMP3,2017-05-20,3700.0,5.3
RMP3,2017-05-20,3750.0,5.47
RMP3,2017-05-20,3800.0,5.41
RMP3,2017-05-20,3850.0,5.3
RMP3,2017-05-20,3900.0,5.2
RMP3,2017-05-20,3950.0,4.72
RMP3,2017-05-20,4000.0,4.55
RMP3,2017-05-20,4050.0,4.61
RMP3,2017-05-20,4100.0,4.67
RMP3,2017-05-20,4150.0,4.71
RMP3,2017-05-20,4200.0,4.55
RMP3,2017-05-20,4250.0,4.49
RMP3,2017-05-20,4300.0,4.6
RMP3,2017-05-20,4350.0,4.61
RMP3,2017-05-20,4400.0,4.51
RMP3,2017-05-20,4450.0,4.53
RMP3,2017-05-20,4500.0,4.51
RMP3,2017-05-20,4550.0,4.42
RMP3,2017-05-20,4600.0,4.53
RMP3,2017-05-20,4650.0,4.57
RMP3,2017-05-20,4700.0,4.57
RMP3,2017-05-20,4750.0,4.51
RMP3,2017-05-20,4800.0,4.55
RMP3,2017-05-20,4850.0,4.57
RMP3,2017-05-20,4900.0,4.53
RMP3,2017-05-20,4950.0,4.57
RMP3,2017-05-20,5000.0,4.62
RMP3,2017-05-20,5050.0,4.67
RMP3,2017-05-20,5100.0,4.77
RMP3,2017-05-20,5150.0,4.51
RMP3,2017-05-20,5200.0,4.35
RMP3,2017-05-20,5250.0,4.53
RMP3,2017-05-20,5300.0,4.66
RMP3,2017-05-20,5350.0,4.54
RMP3,2017-05-20,5400.0,4.56
RMP3,2017-05-20,5450.0,4.48
RMP3,2017-05-20,5500.0,4.53
RMP3,2017-05-20,5550.0,4.61
RMP3,2017-05-20,5600.0,5.55
RMP3,2017-05-20,5650.0,5.61
RMP3,2017-05-20,5700.0,5.55
RMP3,2017-05-20,5750.0,5.81
RMP3,2017-05-20,5800.0,5.55
RMP3,2017-05-20,5850.0,5.81
RMP3,2017-05-20,5900.0,5.49
RMP3,2017-05-20,5950.0,5.39
RMP3,2017-05-20,6000.0,5.45
RMP3,2017-05-20,6050.0,4.42
RMP3,2017-05-20,6100.0,4.44
RMP3,2017-05-20,6150.0,4.49
RMP3,2017-05-20,6200.0,4.52
RMP3,2017-05-20,6250.0,4.78
RMP3,2017-05-20,6300.0,4.72
RMP3,2017-05-20,6350.0,4.71
RMP3,2017-05-20,6400.0,4.62
RMP3,2017-05-20,6450.0,4.61
RMP3,2017-05-20,6500.0,4.66
RMP3,2017-05-20,6550.0,4.56
RMP3,2017-05-20,6600.0,4.61
RMP3,2017-05-20,6650.0,4.53
RMP3,2017-05-20,6700.0,4.55
RMP3,2017-05-20,6750.0,4.42
RMP3,2017-05-20,6800.0,4.54
RMP3,2017-05-20,6850.0,4.61
RMP3,2017-05-20,6900.0,4.62
RMP3,2017-05-20,6950.0,4.5
RMP3,2017-05-20,7000.0,4.61
RMP3,2017-05-20,7050.0,4.65
RMP3,2017-05-20,7100.0,4.71
RMP3,2017-05-20,7150.0,4.75
RMP3,2017-05-20,7200.0,5.33
RMP3,2017-05-20,7250.0,5.43
RMP3,2017-05-20,7300.0,5.44
RMP3,2017-05-20,7350.0,5.45
RMP3,2017-05-20,7400.0,5.31
RMP3,2017-05-20,7450.0,5.42
RMP3,2017-05-20,7500.0,5.38
RMP3,2017-05-20,7550.0,5.59
RMP3,2017-05-20,7600.0,5.69
RMP3,2017-05-20,7650.0,5.79
RMP3,2017-05-20,7700.0,5.49
RMP3,2017-05-20,7750.0,5.5
RMP3,2017-05-20,7800.0,5.51
RMP3,2017-05-20,7850.0,5.59
RMP3,2017-05-20,7900.0,5.48
RMP3,2017-05-20,7950.0,5.43
RMP3,2017-05-20,8000.0,5.48
RMP3,2017-05-20,8050.0,5.73
RMP3,2017-05-20,8100.0,5.79
RMP3,2017-05-20,8150.0,5.51
RMP3,2017-05-20,8200.0,5.45
RMP3,2017-05-20,8250.0,5.51
RMP3,2017-05-20,8300.0,5.59
RMP3,2017-05-20,8350.0,5.61
RMP3,2017-05-20,8400.0,5.5
RMP3,2017-05-20,8450.0,4.75
RMP3,2017-05-20,8500.0,4.61
RMP3,2017-05-20,8550.0,4.52
RMP3,2017-05-20,8600.0,4.56
RMP3,2017-05-20,8650.0,4.52
RMP3,2017-05-20,8700.0,4.56
RMP3,2017-05-20,8750.0,4.66
RMP3,2017-05-20,8800.0,4.82
RMP3,2017-05-20,8850.0,4.56
RMP3,2017-05-20,8900.0,4.61
RMP3,2017-05-20,8950.0,4.52
RMP3,2017-05-20,9000.0,4.56
RMP3,2017-05-20,9050.0,4.46
RMP3,2017-05-20,9100.0,4.49
RMP3,2017-05-20,9150.0,4.5
RMP3,2017-05-20,9200.0,4.59
RMP3,2017-05-20,9260.0,4.44
RMP3,2017-05-20,9300.0,4.5
RMP3,2017-05-20,9360.0,4.48
RMP3,2017-05-20,9363.0,2.9
RMP3,2017-05-20,9373.0,2.1
RMP3,2017-05-20,9393.0,1.6
RMP3,2017-05-20,9413.0,1.1
RMP3,2017-05-20,9433.0,0.6
RMP3,2017-05-20,9453.0,0.4
RMP3,2017-05-20,9473.0,0.1
RMP3,2017-05-20,9493.0,0.4
RMP3,2017-05-20,9513.0,0.9
RMP3,2017-05-20,9533.0,1.6
RMP3,2017-05-20,9553.0,1.9
RMP3,2017-05-20,9568.0,2.9
RMP3,2017-05-20,9600.0,4.1
RMP3,2017-05-20,9650.0,4.35
RMP3,2017-05-20,9700.0,4.46
RMP3,2017-05-20,9750.0,4.42
RMP3,2017-05-20,9800.0,4.5
RMP3,2017-05-20,9850.0,4.43
RMP3,2017-05-20,9900.0,4.04
RMP3,2017-05-20,9903.0,2.96
RMP3,2017-05-20,9910.0,1.96
RMP3,2017-05-20,9945.0,1.16
RMP3,2017-05-20,9980.0,0.46
RMP3,2017-05-20,10015.0,-0.54
RMP3,2017-05-20,10050.0,-1.34
RMP3,2017-05-20,10085.0,-2.54
RMP3,2017-05-20,10120.0,-2.64
RMP3,2017-05-20,10155.0,-2.64
RMP3,2017-05-20,10190.0,-2.34
RMP3,2017-05-20,10225.0,-2.04
RMP3,2017-05-20,10260.0,-1.54
RMP3,2017-05-20,10295.0,-1.24
RMP3,2017-05-20,10330.0,-0.84
RMP3,2017-05-20,10365.0,-0.34
RMP3,2017-05-20,10400.0,-0.04
RMP3,2017-05-20,10435.0,0.16
RMP3,2017-05-20,10470.0,0.46
RMP3,2017-05-20,10505.0,0.66
RMP3,2017-05-20,10540.0,1.16
RMP3,2017-05-20,10575.0,1.66
RMP3,2017-05-20,10610.0,1.96
RMP3,2017-05-20,10620.0,2.16
RMP3,2017-05-20,10629.0,2.96
RMP3,2017-05-20,10634.0,4.44
RMP3,2017-05-20,10638.0,6.76
RMP3,2017-05-20,10700.0,6.5
RMP3,2017-05-20,10730.0,6.42
RMP3,2017-05-20,10736.0,6.6
RMP3,2017-05-20,10742.0,7.6
RMP3,2017-05-20,10748.0,7.55
RMP3,2017-05-20,10752.0,6.29
RMP3,2017-05-20,10780.0,6.34
RMP3,2017-05-20,10800.0,6.24
RMP3,2017-05-20,10830.0,6.36
RMP3,2017-05-20,10860.0,6.48
RMP3,2017-05-20,10864.0,6.4
RMP3,2017-05-20,10867.0,7.52
RMP3,2017-05-20,10873.0,7.54
RMP3,2017-05-20,10877.0,6.7
RMP3,2017-05-20,10881.0,7.02
RMP3,2017-05-20,10881.0,7.06
RMP3,2018-04-22,0.0,4.38
RMP3,2018-04-22,0.0,4.16
RMP3,2018-04-22,50.0,4.3
RMP3,2018-04-22,100.0,4.26
RMP3,2018-04-22,164.0,4.66
RMP3,2018-04-22,173.0,7.2
RMP3,2018-04-22,180.0,7.2
RMP3,2018-04-22,190.0,5.8
RMP3,2018-04-22,200.0,5.92
RMP3,2018-04-22,250.0,6.06
RMP3,2018-04-22,270.0,6.11
RMP3,2018-04-22,273.0,6.2
RMP3,2018-04-22,273.0,6.23
RMP3,2018-04-22,300.0,6.2
RMP3,2018-04-22,326.0,6.38
RMP3,2018-04-22,330.0,3.16
RMP3,2018-04-22,360.0,1.86
RMP3,2018-04-22,400.0,-0.54
RMP3,2018-04-22,435.0,-6.34
RMP3,2018-04-22,470.0,-7.54
RMP3,2018-04-22,500.0,-9.04
RMP3,2018-04-22,540.0,-11.24
RMP3,2018-04-22,575.0,-12.84
RMP3,2018-04-22,610.0,-12.64
RMP3,2018-04-22,650.0,-13.54
RMP3,2018-04-22,680.0,-12.24
RMP3,2018-04-22,715.0,-14.04
RMP3,2018-04-22,750.0,-12.24
RMP3,2018-04-22,780.0,-9.54
RMP3,2018-04-22,820.0,-5.84
RMP3,2018-04-22,850.0,-5.34
RMP3,2018-04-22,890.0,-4.34
RMP3,2018-04-22,925.0,-3.64
RMP3,2018-04-22,960.0,-3.34
RMP3,2018-04-22,990.0,-2.44
RMP3,2018-04-22,1030.0,-2.54
RMP3,2018-04-22,1060.0,-3.54
RMP3,2018-04-22,1100.0,-4.64
RMP3,2018-04-22,1130.0,-4.84
RMP3,2018-04-22,1170.0,-5.94
RMP3,2018-04-22,1200.0,-6.24
RMP3,2018-04-22,1240.0,-6.04
RMP3,2018-04-22,1270.0,-6.64
RMP3,2018-04-22,1310.0,-7.04
RMP3,2018-04-22,1340.0,-7.34
RMP3,2018-04-22,1380.0,-8.04
RMP3,2018-04-22,1420.0,-7.84
RMP3,2018-04-22,1450.0,-6.74
RMP3,2018-04-22,1480.0,-6.44
RMP3,2018-04-22,1520.0,-6.34
RMP3,2018-04-22,1550.0,-7.64
RMP3,2018-04-22,1590.0,-7.54
RMP3,2018-04-22,1620.0,-8.14
RMP3,2018-04-22,1660.0,-8.24
RMP3,2018-04-22,1690.0,-8.94
RMP3,2018-04-22,1730.0,-9.24
RMP3,2018-04-22,1760.0,-9.94
RMP3,2018-04-22,1800.0,-9.74
RMP3,2018-04-22,1830.0,-9.94
RMP3,2018-04-22,1870.0,-8.74
RMP3,2018-04-22,1900.0,-7.24
RMP3,2018-04-22,1940.0,-6.34
RMP3,2018-04-22,1970.0,-7.04
RMP3,2018-04-22,2000.0,-6.04
RMP3,2018-04-22,2040.0,-5.34
RMP3,2018-04-22,2080.0,-6.94
RMP3,2018-04-22,2100.0,-7.84
RMP3,2018-04-22,2150.0,-7.04
RMP3,2018-04-22,2180.0,-6.04
RMP3,2018-04-22,2220.0,-5.34
RMP3,2018-04-22,2250.0,-4.84
RMP3,2018-04-22,2290.0,-5.94
RMP3,2018-04-22,2320.0,-4.84
RMP3,2018-04-22,2360.0,-5.54
RMP3,2018-04-22,2390.0,-4.24
RMP3,2018-04-22,2430.0,-3.34
RMP3,2018-04-22,2460.0,-3.34
RMP3,2018-04-22,2500.0,-2.34
RMP3,2018-04-22,2530.0,-2.54
RMP3,2018-04-22,2570.0,-2.34
RMP3,2018-04-22,2600.0,-2.34
RMP3,2018-04-22,2640.0,-1.84
RMP3,2018-04-22,2670.0,-1.24
RMP3,2018-04-22,2710.0,-1.64
RMP3,2018-04-22,2750.0,-1.54
RMP3,2018-04-22,2780.0,-2.14
RMP3,2018-04-22,2810.0,-2.84
RMP3,2018-04-22,2850.0,-3.64
RMP3,2018-04-22,2890.0,-2.94
RMP3,2018-04-22,2920.0,-2.04
RMP3,2018-04-22,2950.0,-1.54
RMP3,2018-04-22,2990.0,-0.54
RMP3,2018-04-22,3020.0,0.76
RMP3,2018-04-22,3060.0,1.66
RMP3,2018-04-22,3100.0,2.16
RMP3,2018-04-22,3130.0,3.16
RMP3,2018-04-22,3150.0,4.28
RMP3,2018-04-22,3200.0,5.2
RMP3,2018-04-22,3250.0,5.6
RMP3,2018-04-22,3300.0,5.56
RMP3,2018-04-22,3350.0,5.44
RMP3,2018-04-22,3400.0,5.4
RMP3,2018-04-22,3450.0,5.35
RMP3,2018-04-22,3500.0,5.25
RMP3,2018-04-22,3550.0,5.45
RMP3,2018-04-22,3600.0,5.26
RMP3,2018-04-22,3650.0,5.2
RMP3,2018-04-22,3700.0,4.88
RMP3,2018-04-22,3750.0,5.5
RMP3,2018-04-22,3800.0,5.48
RMP3,2018-04-22,3850.0,5.28
RMP3,2018-04-22,3900.0,5.24
RMP3,2018-04-22,3950.0,4.67
RMP3,2018-04-22,4000.0,4.55
RMP3,2018-04-22,4050.0,4.4
RMP3,2018-04-22,4100.0,4.39
RMP3,2018-04-22,4150.0,4.46
RMP3,2018-04-22,4200.0,4.4
RMP3,2018-04-22,4250.0,4.54
RMP3,2018-04-22,4300.0,4.62
RMP3,2018-04-22,4350.0,4.55
RMP3,2018-04-22,4400.0,4.66
RMP3,2018-04-22,4450.0,4.54
RMP3,2018-04-22,4500.0,4.48
RMP3,2018-04-22,4550.0,4.38
RMP3,2018-04-22,4600.0,4.28
RMP3,2018-04-22,4650.0,4.58
RMP3,2018-04-22,4700.0,4.46
RMP3,2018-04-22,4750.0,4.52
RMP3,2018-04-22,4800.0,4.72
RMP3,2018-04-22,4850.0,4.48
RMP3,2018-04-22,4900.0,4.5
RMP3,2018-04-22,4950.0,4.7
RMP3,2018-04-22,5000.0,4.78
RMP3,2018-04-22,5050.0,4.51
RMP3,2018-04-22,5100.0,4.56
RMP3,2018-04-22,5150.0,4.64
RMP3,2018-04-22,5200.0,4.64
RMP3,2018-04-22,5250.0,4.46
RMP3,2018-04-22,5300.0,4.38
RMP3,2018-04-22,5350.0,4.26
RMP3,2018-04-22,5400.0,4.46
RMP3,2018-04-22,5450.0,4.55
RMP3,2018-04-22,5500.0,4.62
RMP3,2018-04-22,5550.0,4.66
RMP3,2018-04-22,5600.0,5.5
RMP3,2018-04-22,5650.0,5.57
RMP3,2018-04-22,5700.0,5.68
RMP3,2018-04-22,5750.0,5.8
RMP3,2018-04-22,5800.0,5.38
RMP3,2018-04-22,5850.0,5.45
RMP3,2018-04-22,5900.0,5.38
RMP3,2018-04-22,5950.0,5.44
RMP3,2018-04-22,6000.0,5.38
RMP3,2018-04-22,6050.0,4.64
RMP3,2018-04-22,6100.0,4.42
RMP3,2018-04-22,6150.0,4.6
RMP3,2018-04-22,6200.0,4.56
RMP3,2018-04-22,6250.0,4.7
RMP3,2018-04-22,6300.0,4.66
RMP3,2018-04-22,6350.0,4.6
RMP3,2018-04-22,6400.0,4.56
RMP3,2018-04-22,6450.0,4.55
RMP3,2018-04-22,6500.0,4.64
RMP3,2018-04-22,6550.0,4.56
RMP3,2018-04-22,6600.0,4.58
RMP3,2018-04-22,6650.0,4.54
RMP3,2018-04-22,6700.0,4.48
RMP3,2018-04-22,6750.0,4.4
RMP3,2018-04-22,6800.0,4.52
RMP3,2018-04-22,6850.0,4.6
RMP3,2018-04-22,6900.0,4.65
RMP3,2018-04-22,6950.0,4.5
RMP3,2018-04-22,7000.0,4.66
RMP3,2018-04-22,7050.0,4.68
RMP3,2018-04-22,7100.0,4.59
RMP3,2018-04-22,7150.0,4.7
RMP3,2018-04-22,7200.0,5.3
RMP3,2018-04-22,7250.0,5.4
RMP3,2018-04-22,7300.0,5.39
RMP3,2018-04-22,7350.0,5.42
RMP3,2018-04-22,7400.0,5.26
RMP3,2018-04-22,7450.0,5.4
RMP3,2018-04-22,7500.0,5.36
RMP3,2018-04-22,7550.0,5.5
RMP3,2018-04-22,7600.0,5.56
RMP3,2018-04-22,7650.0,5.42
RMP3,2018-04-22,7700.0,5.46
RMP3,2018-04-22,7750.0,5.42
RMP3,2018-04-22,7800.0,5.5
RMP3,2018-04-22,7850.0,5.62
RMP3,2018-04-22,7900.0,5.5
RMP3,2018-04-22,7950.0,5.42
RMP3,2018-04-22,8000.0,5.44
RMP3,2018-04-22,8050.0,5.66
RMP3,2018-04-22,8100.0,5.8
RMP3,2018-04-22,8150.0,5.46
RMP3,2018-04-22,8200.0,5.41
RMP3,2018-04-22,8250.0,5.5
RMP3,2018-04-22,8300.0,5.6
RMP3,2018-04-22,8350.0,5.56
RMP3,2018-04-22,8400.0,5.46
RMP3,2018-04-22,8450.0,4.79
RMP3,2018-04-22,8500.0,4.68
RMP3,2018-04-22,8550.0,4.54
RMP3,2018-04-22,8600.0,4.44
RMP3,2018-04-22,8650.0,4.6
RMP3,2018-04-22,8700.0,4.55
RMP3,2018-04-22,8750.0,4.6
RMP3,2018-04-22,8800.0,4.76
RMP3,2018-04-22,8850.0,4.54
RMP3,2018-04-22,8900.0,4.44
RMP3,2018-04-22,8950.0,4.65
RMP3,2018-04-22,9000.0,4.54
RMP3,2018-04-22,9050.0,4.42
RMP3,2018-04-22,9100.0,4.39
RMP3,2018-04-22,9150.0,4.49
RMP3,2018-04-22,9200.0,4.29
RMP3,2018-04-22,9250.0,3.78
RMP3,2018-04-22,9300.0,3.14
RMP3,2018-04-22,9316.0,2.24
RMP3,2018-04-22,9330.0,1.94
RMP3,2018-04-22,9350.0,1.24
RMP3,2018-04-22,9370.0,-0.16
RMP3,2018-04-22,9390.0,-0.86
RMP3,2018-04-22,9400.0,-1.26
RMP3,2018-04-22,9420.0,-1.56
RMP3,2018-04-22,9440.0,-0.36
RMP3,2018-04-22,9450.0,0.04
RMP3,2018-04-22,9470.0,0.54
RMP3,2018-04-22,9490.0,0.94
RMP3,2018-04-22,9500.0,1.64
RMP3,2018-04-22,9520.0,2.04
RMP3,2018-04-22,9540.0,2.44
RMP3,2018-04-22,9560.0,2.64
RMP3,2018-04-22,9570.0,3.14
RMP3,2018-04-22,9600.0,4.2
RMP3,2018-04-22,9650.0,4.39
RMP3,2018-04-22,9700.0,4.44
RMP3,2018-04-22,9750.0,4.55
RMP3,2018-04-22,9800.0,4.47
RMP3,2018-04-22,9850.0,4.08
RMP3,2018-04-22,9880.0,3.96
RMP3,2018-04-22,9883.0,3.15
RMP3,2018-04-22,9900.0,2.45
RMP3,2018-04-22,9920.0,2.05
RMP3,2018-04-22,9950.0,1.45
RMP3,2018-04-22,9970.0,0.95
RMP3,2018-04-22,9998.0,0.35
RMP3,2018-04-22,10020.0,-0.55
RMP3,2018-04-22,10050.0,-1.25
RMP3,2018-04-22,10070.0,-3.05
RMP3,2018-04-22,10090.0,-4.55
RMP3,2018-04-22,10120.0,-5.25
RMP3,2018-04-22,10150.0,-5.35
RMP3,2018-04-22,10170.0,-4.85
RMP3,2018-04-22,10190.0,-4.45
RMP3,2018-04-22,10220.0,-4.15
RMP3,2018-04-22,10250.0,-2.35
RMP3,2018-04-22,10270.0,-0.05
RMP3,2018-04-22,10300.0,-2.35
RMP3,2018-04-22,10320.0,-3.65
RMP3,2018-04-22,10340.0,-4.05
RMP3,2018-04-22,10370.0,-4.45
RMP3,2018-04-22,10400.0,-3.75
RMP3,2018-04-22,10420.0,-2.55
RMP3,2018-04-22,10440.0,-2.35
RMP3,2018-04-22,10470.0,-0.65
RMP3,2018-04-22,10490.0,0.65
RMP3,2018-04-22,10520.0,1.35
RMP3,2018-04-22,10540.0,1.75
RMP3,2018-04-22,10570.0,2.35
RMP3,2018-04-22,10590.0,2.65
RMP3,2018-04-22,10623.0,3.15
RMP3,2018-04-22,10630.0,5.05
RMP3,2018-04-22,10640.0,6.74
RMP3,2018-04-22,10670.0,6.59
RMP3,2018-04-22,10700.0,6.6
RMP3,2018-04-22,10736.0,6.55
RMP3,2018-04-22,10742.0,7.6
RMP3,2018-04-22,10748.0,7.58
RMP3,2018-04-22,10752.0,6.3
RMP3,2018-04-22,10800.0,6.28
RMP3,2018-04-22,10850.0,6.35
RMP3,2018-04-22,10864.0,6.42
RMP3,2018-04-22,10867.0,7.5
RMP3,2018-04-22,10873.0,7.5
RMP3,2018-04-22,10877.0,6.69
RMP3,2018-04-22,10881.0,7.02
RMP3,2018-04-22,10881.0,7.06
RMP3,2019-04-19,0.0,4.38
RMP3,2019-04-19,0.0,4.16
RMP3,2019-04-19,30.0,4.4
RMP3,2019-04-19,70.0,4.2
RMP3,2019-04-19,100.0,4.26
RMP3,2019-04-19,140.0,4.36
RMP3,2019-04-19,164.0,4.7
RMP3,2019-04-19,173.0,7.22
RMP3,2019-04-19,180.0,7.2
RMP3,2019-04-19,190.0,5.85
RMP3,2019-04-19,220.0,6.16
RMP3,2019-04-19,273.0,6.6
RMP3,2019-04-19,273.0,6.91
RMP3,2019-04-19,320.0,6.88
RMP3,2019-04-19,344.0,6.94
RMP3,2019-04-19,347.0,5.5
RMP3,2019-04-19,349.0,3.4
RMP3,2019-04-19,380.0,2.2
RMP3,2019-04-19,416.0,0.7
RMP3,2019-04-19,450.0,-2.1
RMP3,2019-04-19,485.0,-3.2
RMP3,2019-04-19,520.0,-4.5
RMP3,2019-04-19,550.0,-5.1
RMP3,2019-04-19,585.0,-6.7
RMP3,2019-04-19,617.0,-9.1
RMP3,2019-04-19,650.0,-10.6
RMP3,2019-04-19,685.0,-14.6
RMP3,2019-04-19,720.0,-16.6
RMP3,2019-04-19,750.0,-18.1
RMP3,2019-04-19,785.0,-19.0
RMP3,2019-04-19,820.0,-18.6
RMP3,2019-04-19,855.0,-18.4
RMP3,2019-04-19,885.0,-17.0
RMP3,2019-04-19,920.0,-16.1
RMP3,2019-04-19,950.0,-15.4
RMP3,2019-04-19,990.0,-13.7
RMP3,2019-04-19,1020.0,-13.1
RMP3,2019-04-19,1055.0,-11.8
RMP3,2019-04-19,1090.0,-11.0
RMP3,2019-04-19,1120.0,-9.2
RMP3,2019-04-19,1160.0,-8.8
RMP3,2019-04-19,1190.0,-8.0
RMP3,2019-04-19,1220.0,-7.0
RMP3,2019-04-19,1260.0,-6.6
RMP3,2019-04-19,1290.0,-6.5
RMP3,2019-04-19,1320.0,-6.3
RMP3,2019-04-19,1355.0,-5.9
RMP3,2019-04-19,1390.0,-5.5
RMP3,2019-04-19,1425.0,-5.1
RMP3,2019-04-19,1460.0,-4.8
RMP3,2019-04-19,1490.0,-4.66
RMP3,2019-04-19,1525.0,-4.4
RMP3,2019-04-19,1560.0,-4.3
RMP3,2019-04-19,1590.0,-4.1
RMP3,2019-04-19,1625.0,-4.0
RMP3,2019-04-19,1660.0,-3.7
RMP3,2019-04-19,1690.0,-3.66
RMP3,2019-04-19,1725.0,-3.5
RMP3,2019-04-19,1760.0,-3.4
RMP3,2019-04-19,1794.0,-3.2
RMP3,2019-04-19,1825.0,-3.1
RMP3,2019-04-19,1860.0,-2.9
RMP3,2019-04-19,1890.0,-2.7
RMP3,2019-04-19,1930.0,-2.1
RMP3,2019-04-19,1960.0,-2.4
RMP3,2019-04-19,1995.0,-1.6
RMP3,2019-04-19,2030.0,-2.6
RMP3,2019-04-19,2065.0,-3.1
RMP3,2019-04-19,2100.0,-3.8
RMP3,2019-04-19,2130.0,-4.2
RMP3,2019-04-19,2160.0,-4.6
RMP3,2019-04-19,2200.0,-5.1
RMP3,2019-04-19,2230.0,-5.6
RMP3,2019-04-19,2265.0,-6.05
RMP3,2019-04-19,2300.0,-6.1
RMP3,2019-04-19,2330.0,-6.6
RMP3,2019-04-19,2370.0,-7.8
RMP3,2019-04-19,2400.0,-7.3
RMP3,2019-04-19,2430.0,-7.1
RMP3,2019-04-19,2470.0,-7.0
RMP3,2019-04-19,2500.0,-7.5
RMP3,2019-04-19,2535.0,-7.65
RMP3,2019-04-19,2570.0,-8.0
RMP3,2019-04-19,2600.0,-8.2
RMP3,2019-04-19,2635.0,-8.1
RMP3,2019-04-19,2670.0,-7.8
RMP3,2019-04-19,2702.0,-6.6
RMP3,2019-04-19,2735.0,-6.5
RMP3,2019-04-19,2770.0,-6.3
RMP3,2019-04-19,2800.0,-5.61
RMP3,2019-04-19,2835.0,-5.1
RMP3,2019-04-19,2870.0,-5.6
RMP3,2019-04-19,2905.0,-6.7
RMP3,2019-04-19,2935.0,-7.3
RMP3,2019-04-19,2970.0,-7.8
RMP3,2019-04-19,3004.0,-8.0
RMP3,2019-04-19,3040.0,-7.9
RMP3,2019-04-19,3070.0,-8.2
RMP3,2019-04-19,3105.0,-8.8
RMP3,2019-04-19,3140.0,-8.9
RMP3,2019-04-19,3170.0,-8.3
RMP3,2019-04-19,3206.0,-8.9
RMP3,2019-04-19,3240.0,-8.6
RMP3,2019-04-19,3270.0,-8.07
RMP3,2019-04-19,3300.0,-8.45
RMP3,2019-04-19,3340.0,-8.1
RMP3,2019-04-19,3374.0,-7.4
RMP3,2019-04-19,3410.0,-6.6
RMP3,2019-04-19,3440.0,-6.2
RMP3,2019-04-19,3475.0,-4.6
RMP3,2019-04-19,3510.0,-5.1
RMP3,2019-04-19,3540.0,-4.1
RMP3,2019-04-19,3575.0,-3.0
RMP3,2019-04-19,3610.0,-1.6
RMP3,2019-04-19,3640.0,-1.0
RMP3,2019-04-19,3677.0,0.4
RMP3,2019-04-19,3710.0,0.6
RMP3,2019-04-19,3745.0,0.9
RMP3,2019-04-19,3780.0,1.2
RMP3,2019-04-19,3810.0,1.9
RMP3,2019-04-19,3850.0,2.6
RMP3,2019-04-19,3880.0,3.4
RMP3,2019-04-19,3885.0,5.26
RMP3,2019-04-19,3920.0,5.2
RMP3,2019-04-19,3950.0,5.08
RMP3,2019-04-19,4000.0,5.42
RMP3,2019-04-19,4060.0,5.36
RMP3,2019-04-19,4120.0,5.16
RMP3,2019-04-19,4180.0,5.26
RMP3,2019-04-19,4240.0,5.44
RMP3,2019-04-19,4300.0,5.08
RMP3,2019-04-19,4360.0,4.6
RMP3,2019-04-19,4420.0,4.55
RMP3,2019-04-19,4480.0,4.42
RMP3,2019-04-19,4540.0,4.47
RMP3,2019-04-19,4600.0,4.36
RMP3,2019-04-19,4660.0,4.6
RMP3,2019-04-19,4720.0,4.5
RMP3,2019-04-19,4780.0,4.68
RMP3,2019-04-19,4840.0,4.55
RMP3,2019-04-19,4900.0,4.62
RMP3,2019-04-19,4960.0,4.7
RMP3,2019-04-19,5020.0,4.74
RMP3,2019-04-19,5050.0,4.52
RMP3,2019-04-19,5110.0,4.6
RMP3,2019-04-19,5170.0,4.68
RMP3,2019-04-19,5230.0,4.55
RMP3,2019-04-19,5290.0,4.42
RMP3,2019-04-19,5350.0,4.34
RMP3,2019-04-19,5410.0,4.46
RMP3,2019-04-19,5470.0,4.62
RMP3,2019-04-19,5530.0,4.6
RMP3,2019-04-19,5590.0,5.55
RMP3,2019-04-19,5650.0,5.62
RMP3,2019-04-19,5710.0,5.66
RMP3,2019-04-19,5770.0,5.75
RMP3,2019-04-19,5830.0,5.52
RMP3,2019-04-19,5890.0,5.48
RMP3,2019-04-19,5950.0,5.38
RMP3,2019-04-19,6010.0,5.48
RMP3,2019-04-19,6070.0,5.28
RMP3,2019-04-19,6130.0,5.18
RMP3,2019-04-19,6190.0,4.7
RMP3,2019-04-19,6250.0,4.84
RMP3,2019-04-19,6310.0,4.7
RMP3,2019-04-19,6370.0,4.54
RMP3,2019-04-19,6430.0,4.55
RMP3,2019-04-19,6490.0,4.62
RMP3,2019-04-19,6550.0,4.48
RMP3,2019-04-19,6610.0,4.62
RMP3,2019-04-19,6670.0,4.55
RMP3,2019-04-19,6730.0,4.5
RMP3,2019-04-19,6790.0,4.36
RMP3,2019-04-19,6850.0,4.64
RMP3,2019-04-19,6910.0,4.7
RMP3,2019-04-19,6970.0,4.55
RMP3,2019-04-19,7030.0,4.72
RMP3,2019-04-19,7090.0,4.62
RMP3,2019-04-19,7150.0,4.82
RMP3,2019-04-19,7210.0,5.26
RMP3,2019-04-19,7270.0,5.35
RMP3,2019-04-19,7330.0,5.44
RMP3,2019-04-19,7390.0,5.38
RMP3,2019-04-19,7450.0,5.48
RMP3,2019-04-19,7510.0,5.42
RMP3,2019-04-19,7570.0,5.48
RMP3,2019-04-19,7630.0,5.48
RMP3,2019-04-19,7690.0,5.55
RMP3,2019-04-19,7750.0,5.47
RMP3,2019-04-19,7810.0,5.55
RMP3,2019-04-19,7870.0,5.77
RMP3,2019-04-19,7930.0,5.48
RMP3,2019-04-19,7990.0,5.52
RMP3,2019-04-19,8050.0,5.77
RMP3,2019-04-19,8110.0,5.84
RMP3,2019-04-19,8170.0,5.46
RMP3,2019-04-19,8230.0,5.45
RMP3,2019-04-19,8290.0,5.54
RMP3,2019-04-19,8350.0,5.5
RMP3,2019-04-19,8410.0,5.42
RMP3,2019-04-19,8470.0,5.05
RMP3,2019-04-19,8530.0,4.78
RMP3,2019-04-19,8590.0,4.72
RMP3,2019-04-19,8650.0,4.68
RMP3,2019-04-19,8710.0,4.62
RMP3,2019-04-19,8770.0,4.68
RMP3,2019-04-19,8830.0,4.66
RMP3,2019-04-19,8890.0,4.4
RMP3,2019-04-19,8950.0,4.7
RMP3,2019-04-19,9010.0,4.56
RMP3,2019-04-19,9070.0,4.46
RMP3,2019-04-19,9130.0,4.4
RMP3,2019-04-19,9190.0,4.35
RMP3,2019-04-19,9250.0,4.68
RMP3,2019-04-19,9310.0,5.05
RMP3,2019-04-19,9330.0,5.15
RMP3,2019-04-19,9335.0,4.92
RMP3,2019-04-19,9340.0,3.37
RMP3,2019-04-19,9350.0,2.97
RMP3,2019-04-19,9360.0,2.87
RMP3,2019-04-19,9370.0,2.37
RMP3,2019-04-19,9380.0,2.07
RMP3,2019-04-19,9390.0,2.07
RMP3,2019-04-19,9400.0,1.57
RMP3,2019-04-19,9410.0,1.17
RMP3,2019-04-19,9420.0,1.07
RMP3,2019-04-19,9430.0,0.87
RMP3,2019-04-19,9440.0,0.97
RMP3,2019-04-19,9450.0,1.37
RMP3,2019-04-19,9460.0,1.67
RMP3,2019-04-19,9470.0,1.87
RMP3,2019-04-19,9480.0,2.07
RMP3,2019-04-19,9490.0,1.87
RMP3,2019-04-19,9500.0,1.67
RMP3,2019-04-19,9510.0,1.17
RMP3,2019-04-19,9520.0,1.37
RMP3,2019-04-19,9530.0,1.57
RMP3,2019-04-19,9540.0,1.97
RMP3,2019-04-19,9550.0,1.87
RMP3,2019-04-19,9560.0,2.07
RMP3,2019-04-19,9570.0,2.37
RMP3,2019-04-19,9580.0,2.67
RMP3,2019-04-19,9590.0,2.87
RMP3,2019-04-19,9600.0,3.37
RMP3,2019-04-19,9905.0,4.26
RMP3,2019-04-19,9920.0,4.39
RMP3,2019-04-19,9940.0,4.82
RMP3,2019-04-19,9960.0,5.05
RMP3,2019-04-19,9970.0,5.07
RMP3,2019-04-19,9980.0,4.66
RMP3,2019-04-19,9983.0,3.36
RMP3,2019-04-19,10001.0,2.36
RMP3,2019-04-19,10020.0,1.96
RMP3,2019-04-19,10040.0,1.76
RMP3,2019-04-19,10060.0,1.91
RMP3,2019-04-19,10077.0,1.86
RMP3,2019-04-19,10096.0,1.7
RMP3,2019-04-19,10115.0,1.56
RMP3,2019-04-19,10134.0,0.36
RMP3,2019-04-19,10153.0,-2.14
RMP3,2019-04-19,10172.0,-2.84
RMP3,2019-04-19,10190.0,-5.04
RMP3,2019-04-19,10210.0,-7.04
RMP3,2019-04-19,10229.0,-7.64
RMP3,2019-04-19,10250.0,-9.04
RMP3,2019-04-19,10265.0,-10.54
RMP3,2019-04-19,10285.0,-11.04
RMP3,2019-04-19,10304.0,-12.64
RMP3,2019-04-19,10323.0,-12.84
RMP3,2019-04-19,10334.0,-12.34
RMP3,2019-04-19,10360.0,-9.04
RMP3,2019-04-19,10380.0,-8.24
RMP3,2019-04-19,10400.0,-7.34
RMP3,2019-04-19,10420.0,-5.84
RMP3,2019-04-19,10435.0,-4.54
RMP3,2019-04-19,10456.0,-4.04
RMP3,2019-04-19,10475.0,-2.64
RMP3,2019-04-19,10495.0,-1.44
RMP3,2019-04-19,10510.0,0.46
RMP3,2019-04-19,10530.0,1.96
RMP3,2019-04-19,10550.0,2.56
RMP3,2019-04-19,10570.0,3.36
RMP3,2019-04-19,10576.0,5.0
RMP3,2019-04-19,10590.0,5.32
RMP3,2019-04-19,10620.0,6.4
RMP3,2019-04-19,10640.0,6.66
RMP3,2019-04-19,10700.0,6.56
RMP3,2019-04-19,10736.0,6.49
RMP3,2019-04-19,10742.0,7.6
RMP3,2019-04-19,10748.0,7.6
RMP3,2019-04-19,10752.0,6.32
RMP3,2019-04-19,10770.0,6.34
RMP3,2019-04-19,10800.0,6.5
RMP3,2019-04-19,10830.0,6.42
RMP3,2019-04-19,10860.0,6.38
RMP3,2019-04-19,10864.0,6.45
RMP3,2019-04-19,10867.0,7.5
RMP3,2019-04-19,10873.0,7.5
RMP3,2019-04-19,10877.0,6.7
RMP3,2019-04-19,10881.0,8.13
RMP3,2019-04-19,10881.0,8.51
RMP3,2020-03-20,0.0,4.38
RMP3,2020-03-20,0.0,4.16
RMP3,2020-03-20,30.0,5.5
RMP3,2020-03-20,60.0,5.7
RMP3,2020-03-20,100.0,5.76
RMP3,2020-03-20,140.0,5.8
RMP3,2020-03-20,165.0,5.4
RMP3,2020-03-20,173.0,7.2
RMP3,2020-03-20,180.0,7.2
RMP3,2020-03-20,190.0,6.01
RMP3,2020-03-20,200.0,6.22
RMP3,2020-03-20,220.0,6.28
RMP3,2020-03-20,250.0,6.44
RMP3,2020-03-20,273.0,6.6
RMP3,2020-03-20,273.0,6.91
RMP3,2020-03-20,300.0,6.98
RMP3,2020-03-20,320.0,6.94
RMP3,2020-03-20,325.0,4.06
RMP3,2020-03-20,330.0,3.15
RMP3,2020-03-20,340.0,2.78
RMP3,2020-03-20,350.0,1.69
RMP3,2020-03-20,355.0,0.69
RMP3,2020-03-20,360.0,-0.51
RMP3,2020-03-20,365.0,-1.11
RMP3,2020-03-20,370.0,-1.81
RMP3,2020-03-20,375.0,-2.61
RMP3,2020-03-20,380.0,-3.11
RMP3,2020-03-20,385.0,-3.21
RMP3,2020-03-20,390.0,-3.36
RMP3,2020-03-20,395.0,-3.45
RMP3,2020-03-20,400.0,-3.57
RMP3,2020-03-20,405.0,-3.69
RMP3,2020-03-20,410.0,-3.81
RMP3,2020-03-20,415.0,-3.99
RMP3,2020-03-20,420.0,-4.15
RMP3,2020-03-20,425.0,-4.27
RMP3,2020-03-20,430.0,-4.43
RMP3,2020-03-20,435.0,-4.74
RMP3,2020-03-20,440.0,-5.11
RMP3,2020-03-20,445.0,-5.25
RMP3,2020-03-20,450.0,-5.33
RMP3,2020-03-20,455.0,-5.5
RMP3,2020-03-20,460.0,-5.67
RMP3,2020-03-20,465.0,-5.89
RMP3,2020-03-20,470.0,-6.01
RMP3,2020-03-20,475.0,-6.51
RMP3,2020-03-20,480.0,-7.25
RMP3,2020-03-20,485.0,-7.73
RMP3,2020-03-20,490.0,-8.15
RMP3,2020-03-20,495.0,-8.29
RMP3,2020-03-20,500.0,-8.51
RMP3,2020-03-20,505.0,-8.93
RMP3,2020-03-20,510.0,-9.15
RMP3,2020-03-20,515.0,-9.33
RMP3,2020-03-20,520.0,-9.57
RMP3,2020-03-20,525.0,-9.89
RMP3,2020-03-20,530.0,-10.21
RMP3,2020-03-20,535.0,-10.65
RMP3,2020-03-20,540.0,-11.09
RMP3,2020-03-20,545.0,-11.52
RMP3,2020-03-20,550.0,-12.17
RMP3,2020-03-20,555.0,-12.31
RMP3,2020-03-20,560.0,-12.71
RMP3,2020-03-20,565.0,-13.09
RMP3,2020-03-20,570.0,-13.27
RMP3,2020-03-20,575.0,-13.59
RMP3,2020-03-20,580.0,-14.0
RMP3,2020-03-20,585.0,-14.13
RMP3,2020-03-20,590.0,-14.31
RMP3,2020-03-20,595.0,-14.41
RMP3,2020-03-20,600.0,-14.46
RMP3,2020-03-20,605.0,-14.55
RMP3,2020-03-20,610.0,-14.67
RMP3,2020-03-20,615.0,-14.79
RMP3,2020-03-20,620.0,-14.91
RMP3,2020-03-20,625.0,-15.21
RMP3,2020-03-20,630.0,-15.43
RMP3,2020-03-20,635.0,-15.76
RMP3,2020-03-20,640.0,-15.93
RMP3,2020-03-20,645.0,-16.05
RMP3,2020-03-20,650.0,-16.14
RMP3,2020-03-20,655.0,-16.17
RMP3,2020-03-20,660.0,-16.21
RMP3,2020-03-20,665.0,-16.36
RMP3,2020-03-20,670.0,-16.54
RMP3,2020-03-20,675.0,-16.62
RMP3,2020-03-20,680.0,-16.67
RMP3,2020-03-20,685.0,-16.71
RMP3,2020-03-20,690.0,-16.93
RMP3,2020-03-20,695.0,-17.16
RMP3,2020-03-20,700.0,-17.33
RMP3,2020-03-20,705.0,-17.65
RMP3,2020-03-20,710.0,-17.79
RMP3,2020-03-20,715.0,-17.91
RMP3,2020-03-20,720.0,-17.73
RMP3,2020-03-20,725.0,-17.37
RMP3,2020-03-20,730.0,-17.28
RMP3,2020-03-20,735.0,-17.18
RMP3,2020-03-20,740.0,-17.05
RMP3,2020-03-20,745.0,-17.03
RMP3,2020-03-20,750.0,-17.01
RMP3,2020-03-20,755.0,-16.93
RMP3,2020-03-20,760.0,-16.85
RMP3,2020-03-20,765.0,-16.77
RMP3,2020-03-20,770.0,-16.7
RMP3,2020-03-20,775.0,-16.61
RMP3,2020-03-20,780.0,-16.46
RMP3,2020-03-20,785.0,-16.33
RMP3,2020-03-20,790.0,-16.25
RMP3,2020-03-20,795.0,-16.13
RMP3,2020-03-20,800.0,-16.07
RMP3,2020-03-20,805.0,-16.01
RMP3,2020-03-20,810.0,-16.23
RMP3,2020-03-20,815.0,-16.29
RMP3,2020-03-20,820.0,-16.43
RMP3,2020-03-20,825.0,-16.65
RMP3,2020-03-20,830.0,-16.72
RMP3,2020-03-20,835.0,-16.78
RMP3,2020-03-20,840.0,-16.81
RMP3,2020-03-20,845.0,-16.79
RMP3,2020-03-20,850.0,-16.78
RMP3,2020-03-20,855.0,-16.79
RMP3,2020-03-20,860.0,-16.68
RMP3,2020-03-20,865.0,-16.73
RMP3,2020-03-20,870.0,-16.71
RMP3,2020-03-20,875.0,-16.67
RMP3,2020-03-20,880.0,-16.63
RMP3,2020-03-20,885.0,-16.59
RMP3,2020-03-20,890.0,-16.56
RMP3,2020-03-20,895.0,-16.54
RMP3,2020-03-20,900.0,-16.51
RMP3,2020-03-20,905.0,-16.46
RMP3,2020-03-20,910.0,-16.33
RMP3,2020-03-20,915.0,-16.26
RMP3,2020-03-20,920.0,-16.21
RMP3,2020-03-20,925.0,-16.16
RMP3,2020-03-20,930.0,-16.11
RMP3,2020-03-20,935.0,-15.87
RMP3,2020-03-20,940.0,-15.55
RMP3,2020-03-20,945.0,-15.34
RMP3,2020-03-20,950.0,-15.15
RMP3,2020-03-20,955.0,-15.03
RMP3,2020-03-20,960.0,-14.91
RMP3,2020-03-20,965.0,-14.71
RMP3,2020-03-20,970.0,-14.63
RMP3,2020-03-20,975.0,-14.46
RMP3,2020-03-20,980.0,-14.29
RMP3,2020-03-20,985.0,-14.1
RMP3,2020-03-20,990.0,-13.91
RMP3,2020-03-20,995.0,-13.86
RMP3,2020-03-20,1000.0,-13.74
RMP3,2020-03-20,1005.0,-13.67
RMP3,2020-03-20,1010.0,-13.65
RMP3,2020-03-20,1015.0,-13.63
RMP3,2020-03-20,1020.0,-13.61
RMP3,2020-03-20,1025.0,-13.21
RMP3,2020-03-20,1030.0,-12.95
RMP3,2020-03-20,1035.0,-12.55
RMP3,2020-03-20,1040.0,-12.27
RMP3,2020-03-20,1045.0,-11.83
RMP3,2020-03-20,1050.0,-11.51
RMP3,2020-03-20,1055.0,-11.36
RMP3,2020-03-20,1060.0,-11.16
RMP3,2020-03-20,1065.0,-10.95
RMP3,2020-03-20,1070.0,-10.83
RMP3,2020-03-20,1075.0,-10.79
RMP3,2020-03-20,1080.0,-10.71
RMP3,2020-03-20,1085.0,-10.63
RMP3,2020-03-20,1090.0,-10.43
RMP3,2020-03-20,1095.0,-10.17
RMP3,2020-03-20,1100.0,-9.95
RMP3,2020-03-20,1105.0,-9.66
RMP3,2020-03-20,1110.0,-9.35
RMP3,2020-03-20,1115.0,-9.15
RMP3,2020-03-20,1120.0,-9.07
RMP3,2020-03-20,1125.0,-8.83
RMP3,2020-03-20,1130.0,-8.79
RMP3,2020-03-20,1135.0,-8.8
RMP3,2020-03-20,1140.0,-8.75
RMP3,2020-03-20,1145.0,-8.71
RMP3,2020-03-20,1150.0,-8.55
RMP3,2020-03-20,1155.0,-8.33
RMP3,2020-03-20,1160.0,-8.16
RMP3,2020-03-20,1165.0,-7.99
RMP3,2020-03-20,1170.0,-7.72
RMP3,2020-03-20,1175.0,-7.54
RMP3,2020-03-20,1180.0,-7.45
RMP3,2020-03-20,1185.0,-7.33
RMP3,2020-03-20,1190.0,-7.2
RMP3,2020-03-20,1195.0,-7.09
RMP3,2020-03-20,1200.0,-7.07
RMP3,2020-03-20,1205.0,-7.01
RMP3,2020-03-20,1210.0,-7.04
RMP3,2020-03-20,1215.0,-7.06
RMP3,2020-03-20,1220.0,-7.09
RMP3,2020-03-20,1225.0,-7.11
RMP3,2020-03-20,1230.0,-7.13
RMP3,2020-03-20,1235.0,-7.08
RMP3,2020-03-20,1240.0,-6.11
RMP3,2020-03-20,1245.0,-5.96
RMP3,2020-03-20,1250.0,-5.83
RMP3,2020-03-20,1255.0,-5.74
RMP3,2020-03-20,1260.0,-5.65
RMP3,2020-03-20,1265.0,-5.57
RMP3,2020-03-20,1270.0,-5.38
RMP3,2020-03-20,1275.0,-5.25
RMP3,2020-03-20,1280.0,-5.09
RMP3,2020-03-20,1285.0,-5.02
RMP3,2020-03-20,1290.0,-4.87
RMP3,2020-03-20,1295.0,-4.76
RMP3,2020-03-20,1300.0,-4.71
RMP3,2020-03-20,1305.0,-4.78
RMP3,2020-03-20,1310.0,-4.83
RMP3,2020-03-20,1315.0,-4.88
RMP3,2020-03-20,1320.0,-4.9
RMP3,2020-03-20,1325.0,-4.93
RMP3,2020-03-20,1330.0,-4.97
RMP3,2020-03-20,1335.0,-4.85
RMP3,2020-03-20,1340.0,-4.74
RMP3,2020-03-20,1345.0,-4.65
RMP3,2020-03-20,1350.0,-4.54
RMP3,2020-03-20,1355.0,-4.43
RMP3,2020-03-20,1360.0,-4.32
RMP3,2020-03-20,1365.0,-4.55
RMP3,2020-03-20,1370.0,-4.72
RMP3,2020-03-20,1375.0,-4.8
RMP3,2020-03-20,1380.0,-4.95
RMP3,2020-03-20,1385.0,-5.13
RMP3,2020-03-20,1390.0,-5.61
RMP3,2020-03-20,1395.0,-5.67
RMP3,2020-03-20,1400.0,-5.79
RMP3,2020-03-20,1405.0,-5.83
RMP3,2020-03-20,1410.0,-5.88
RMP3,2020-03-20,1415.0,-5.92
RMP3,2020-03-20,1420.0,-5.96
RMP3,2020-03-20,1425.0,-5.84
RMP3,2020-03-20,1430.0,-5.62
RMP3,2020-03-20,1435.0,-5.33
RMP3,2020-03-20,1440.0,-5.16
RMP3,2020-03-20,1445.0,-4.74
RMP3,2020-03-20,1450.0,-4.36
RMP3,2020-03-20,1455.0,-4.31
RMP3,2020-03-20,1460.0,-4.18
RMP3,2020-03-20,1465.0,-4.13
RMP3,2020-03-20,1470.0,-4.1
RMP3,2020-03-20,1475.0,-4.09
RMP3,2020-03-20,1480.0,-4.08
RMP3,2020-03-20,1485.0,-4.17
RMP3,2020-03-20,1490.0,-4.33
RMP3,2020-03-20,1495.0,-4.54
RMP3,2020-03-20,1500.0,-4.68
RMP3,2020-03-20,1505.0,-4.83
RMP3,2020-03-20,1510.0,-4.91
RMP3,2020-03-20,1515.0,-5.05
RMP3,2020-03-20,1520.0,-5.27
RMP3,2020-03-20,1525.0,-5.43
RMP3,2020-03-20,1530.0,-5.65
RMP3,2020-03-20,1535.0,-5.89
RMP3,2020-03-20,1540.0,-6.15
RMP3,2020-03-20,1545.0,-6.13
RMP3,2020-03-20,1550.0,-6.11
RMP3,2020-03-20,1555.0,-6.14
RMP3,2020-03-20,1560.0,-6.15
RMP3,2020-03-20,1565.0,-6.13
RMP3,2020-03-20,1570.0,-6.11
RMP3,2020-03-20,1575.0,-6.03
RMP3,2020-03-20,1580.0,-5.95
RMP3,2020-03-20,1585.0,-5.84
RMP3,2020-03-20,1590.0,-5.72
RMP3,2020-03-20,1595.0,-5.63
RMP3,2020-03-20,1600.0,-5.46
RMP3,2020-03-20,1605.0,-5.29
RMP3,2020-03-20,1610.0,-5.33
RMP3,2020-03-20,1615.0,-5.36
RMP3,2020-03-20,1620.0,-5.4
RMP3,2020-03-20,1625.0,-5.45
RMP3,2020-03-20,1630.0,-5.51
RMP3,2020-03-20,1635.0,-5.49
RMP3,2020-03-20,1640.0,-5.47
RMP3,2020-03-20,1645.0,-5.46
RMP3,2020-03-20,1650.0,-5.48
RMP3,2020-03-20,1655.0,-5.45
RMP3,2020-03-20,1660.0,-5.41
RMP3,2020-03-20,1665.0,-5.33
RMP3,2020-03-20,1670.0,-5.28
RMP3,2020-03-20,1675.0,-5.19
RMP3,2020-03-20,1680.0,-5.17
RMP3,2020-03-20,1685.0,-5.15
RMP3,2020-03-20,1690.0,-5.14
RMP3,2020-03-20,1695.0,-5.15
RMP3,2020-03-20,1700.0,-5.17
RMP3,2020-03-20,1705.0,-5.19
RMP3,2020-03-20,1710.0,-5.23
RMP3,2020-03-20,1715.0,-5.25
RMP3,2020-03-20,1720.0,-5.24
RMP3,2020-03-20,1725.0,-5.23
RMP3,2020-03-20,1730.0,-5.21
RMP3,2020-03-20,1735.0,-5.13
RMP3,2020-03-20,1740.0,-5.07
RMP3,2020-03-20,1745.0,-4.95
RMP3,2020-03-20,1750.0,-4.84
RMP3,2020-03-20,1755.0,-4.79
RMP3,2020-03-20,1760.0,-4.71
RMP3,2020-03-20,1765.0,-4.79
RMP3,2020-03-20,1770.0,-4.87
RMP3,2020-03-20,1775.0,-4.9
RMP3,2020-03-20,1780.0,-4.93
RMP3,2020-03-20,1785.0,-4.92
RMP3,2020-03-20,1790.0,-4.95
RMP3,2020-03-20,1795.0,-4.87
RMP3,2020-03-20,1800.0,-4.79
RMP3,2020-03-20,1805.0,-4.67
RMP3,2020-03-20,1810.0,-4.62
RMP3,2020-03-20,1815.0,-4.58
RMP3,2020-03-20,1820.0,-4.51
RMP3,2020-03-20,1825.0,-4.45
RMP3,2020-03-20,1830.0,-4.35
RMP3,2020-03-20,1835.0,-4.31
RMP3,2020-03-20,1840.0,-5.29
RMP3,2020-03-20,1845.0,-5.25
RMP3,2020-03-20,1850.0,-4.21
RMP3,2020-03-20,1855.0,-4.19
RMP3,2020-03-20,1860.0,-4.17
RMP3,2020-03-20,1865.0,-4.15
RMP3,2020-03-20,1870.0,-4.17
RMP3,2020-03-20,1875.0,-4.14
RMP3,2020-03-20,1880.0,-4.13
RMP3,2020-03-20,1885.0,-4.02
RMP3,2020-03-20,1890.0,-3.95
RMP3,2020-03-20,1895.0,-3.83
RMP3,2020-03-20,1900.0,-3.71
RMP3,2020-03-20,1905.0,-3.55
RMP3,2020-03-20,1910.0,-3.34
RMP3,2020-03-20,1915.0,-3.45
RMP3,2020-03-20,1920.0,-3.59
RMP3,2020-03-20,1925.0,-3.93
RMP3,2020-03-20,1930.0,-4.09
RMP3,2020-03-20,1935.0,-4.37
RMP3,2020-03-20,1940.0,-4.67
RMP3,2020-03-20,1945.0,-4.45
RMP3,2020-03-20,1950.0,-4.35
RMP3,2020-03-20,1955.0,-4.18
RMP3,2020-03-20,1960.0,-4.03
RMP3,2020-03-20,1965.0,-3.99
RMP3,2020-03-20,1970.0,-3.93
RMP3,2020-03-20,1975.0,-4.02
RMP3,2020-03-20,1980.0,-4.17
RMP3,2020-03-20,1985.0,-4.36
RMP3,2020-03-20,1990.0,-4.55
RMP3,2020-03-20,1995.0,-4.77
RMP3,2020-03-20,2000.0,-4.96
RMP3,2020-03-20,2005.0,-5.01
RMP3,2020-03-20,2010.0,-5.05
RMP3,2020-03-20,2015.0,-5.13
RMP3,2020-03-20,2020.0,-5.17
RMP3,2020-03-20,2025.0,-5.21
RMP3,2020-03-20,2030.0,-5.26
RMP3,2020-03-20,2035.0,-5.22
RMP3,2020-03-20,2040.0,-5.15
RMP3,2020-03-20,2045.0,-5.03
RMP3,2020-03-20,2050.0,-5.05
RMP3,2020-03-20,2055.0,-5.03
RMP3,2020-03-20,2060.0,-5.01
RMP3,2020-03-20,2065.0,-4.93
RMP3,2020-03-20,2070.0,-4.79
RMP3,2020-03-20,2075.0,-4.63
RMP3,2020-03-20,2080.0,-4.45
RMP3,2020-03-20,2085.0,-4.34
RMP3,2020-03-20,2090.0,-4.21
RMP3,2020-03-20,2095.0,-4.15
RMP3,2020-03-20,2100.0,-4.02
RMP3,2020-03-20,2105.0,-3.94
RMP3,2020-03-20,2110.0,-3.83
RMP3,2020-03-20,2115.0,-2.79
RMP3,2020-03-20,2120.0,-3.75
RMP3,2020-03-20,2125.0,-3.69
RMP3,2020-03-20,2130.0,-3.63
RMP3,2020-03-20,2135.0,-3.55
RMP3,2020-03-20,2140.0,-3.51
RMP3,2020-03-20,2145.0,-3.47
RMP3,2020-03-20,2150.0,-3.34
RMP3,2020-03-20,2155.0,-3.49
RMP3,2020-03-20,2160.0,-3.67
RMP3,2020-03-20,2165.0,-3.85
RMP3,2020-03-20,2170.0,-3.91
RMP3,2020-03-20,2175.0,-3.95
RMP3,2020-03-20,2180.0,-4.01
RMP3,2020-03-20,2185.0,-4.05
RMP3,2020-03-20,2190.0,-4.17
RMP3,2020-03-20,2195.0,-4.32
RMP3,2020-03-20,2200.0,-4.49
RMP3,2020-03-20,2205.0,-4.58
RMP3,2020-03-20,2210.0,-4.73
RMP3,2020-03-20,2215.0,-4.85
RMP3,2020-03-20,2220.0,-5.01
RMP3,2020-03-20,2225.0,-4.96
RMP3,2020-03-20,2230.0,-4.89
RMP3,2020-03-20,2235.0,-4.83
RMP3,2020-03-20,2240.0,-4.78
RMP3,2020-03-20,2245.0,-4.74
RMP3,2020-03-20,2250.0,-4.71
RMP3,2020-03-20,2255.0,-4.46
RMP3,2020-03-20,2260.0,-4.35
RMP3,2020-03-20,2265.0,-4.18
RMP3,2020-03-20,2270.0,-3.98
RMP3,2020-03-20,2275.0,-3.83
RMP3,2020-03-20,2280.0,-3.71
RMP3,2020-03-20,2285.0,-3.87
RMP3,2020-03-20,2290.0,-4.05
RMP3,2020-03-20,2295.0,-4.18
RMP3,2020-03-20,2300.0,-4.43
RMP3,2020-03-20,2305.0,-4.71
RMP3,2020-03-20,2310.0,-4.41
RMP3,2020-03-20,2315.0,-4.05
RMP3,2020-03-20,2320.0,-3.73
RMP3,2020-03-20,2325.0,-3.55
RMP3,2020-03-20,2330.0,-3.46
RMP3,2020-03-20,2335.0,-3.28
RMP3,2020-03-20,2340.0,-3.03
RMP3,2020-03-20,2345.0,-3.31
RMP3,2020-03-20,2350.0,-3.67
RMP3,2020-03-20,2355.0,-3.97
RMP3,2020-03-20,2360.0,-4.17
RMP3,2020-03-20,2365.0,-4.23
RMP3,2020-03-20,2370.0,-4.39
RMP3,2020-03-20,2375.0,-4.45
RMP3,2020-03-20,2380.0,-4.56
RMP3,2020-03-20,2385.0,-4.65
RMP3,2020-03-20,2390.0,-4.61
RMP3,2020-03-20,2395.0,-4.62
RMP3,2020-03-20,2400.0,-4.63
RMP3,2020-03-20,2405.0,-4.82
RMP3,2020-03-20,2410.0,-5.03
RMP3,2020-03-20,2415.0,-5.15
RMP3,2020-03-20,2420.0,-5.27
RMP3,2020-03-20,2425.0,-5.29
RMP3,2020-03-20,2430.0,-5.32
RMP3,2020-03-20,2435.0,-5.2
RMP3,2020-03-20,2440.0,-4.95
RMP3,2020-03-20,2445.0,-4.83
RMP3,2020-03-20,2450.0,-4.72
RMP3,2020-03-20,2455.0,-4.51
RMP3,2020-03-20,2460.0,-4.35
RMP3,2020-03-20,2465.0,-4.45
RMP3,2020-03-20,2470.0,-4.59
RMP3,2020-03-20,2475.0,-4.74
RMP3,2020-03-20,2480.0,-4.98
RMP3,2020-03-20,2485.0,-5.03
RMP3,2020-03-20,2490.0,-5.19
RMP3,2020-03-20,2495.0,-5.05
RMP3,2020-03-20,2500.0,-4.85
RMP3,2020-03-20,2505.0,-4.79
RMP3,2020-03-20,2510.0,-4.63
RMP3,2020-03-20,2515.0,-4.52
RMP3,2020-03-20,2520.0,-4.32
RMP3,2020-03-20,2525.0,-4.38
RMP3,2020-03-20,2530.0,-4.52
RMP3,2020-03-20,2535.0,-4.56
RMP3,2020-03-20,2540.0,-4.6
RMP3,2020-03-20,2545.0,-4.62
RMP3,2020-03-20,2550.0,-4.67
RMP3,2020-03-20,2555.0,-4.57
RMP3,2020-03-20,2560.0,-4.39
RMP3,2020-03-20,2565.0,-4.31
RMP3,2020-03-20,2570.0,-4.15
RMP3,2020-03-20,2575.0,-3.93
RMP3,2020-03-20,2580.0,-3.86
RMP3,2020-03-20,2585.0,-3.91
RMP3,2020-03-20,2590.0,-3.95
RMP3,2020-03-20,2595.0,-4.0
RMP3,2020-03-20,2600.0,-4.01
RMP3,2020-03-20,2605.0,-4.02
RMP3,2020-03-20,2610.0,-4.03
RMP3,2020-03-20,2615.0,-3.92
RMP3,2020-03-20,2620.0,-3.73
RMP3,2020-03-20,2625.0,-3.54
RMP3,2020-03-20,2630.0,-3.49
RMP3,2020-03-20,2635.0,-3.35
RMP3,2020-03-20,2640.0,-3.23
RMP3,2020-03-20,2645.0,-3.12
RMP3,2020-03-20,2650.0,-3.03
RMP3,2020-03-20,2655.0,-2.96
RMP3,2020-03-20,2660.0,-2.99
RMP3,2020-03-20,2665.0,-2.94
RMP3,2020-03-20,2670.0,-2.91
RMP3,2020-03-20,2675.0,-3.31
RMP3,2020-03-20,2680.0,-3.55
RMP3,2020-03-20,2685.0,-3.99
RMP3,2020-03-20,2690.0,-4.51
RMP3,2020-03-20,2695.0,-4.76
RMP3,2020-03-20,2700.0,-5.01
RMP3,2020-03-20,2705.0,-4.91
RMP3,2020-03-20,2710.0,-4.83
RMP3,2020-03-20,2715.0,-4.79
RMP3,2020-03-20,2720.0,-4.73
RMP3,2020-03-20,2725.0,-4.77
RMP3,2020-03-20,2730.0,-4.79
RMP3,2020-03-20,2735.0,-4.74
RMP3,2020-03-20,2740.0,-4.71
RMP3,2020-03-20,2745.0,-4.54
RMP3,2020-03-20,2750.0,-4.45
RMP3,2020-03-20,2755.0,-4.29
RMP3,2020-03-20,2760.0,-4.13
RMP3,2020-03-20,2765.0,-3.95
RMP3,2020-03-20,2770.0,-3.81
RMP3,2020-03-20,2775.0,-3.79
RMP3,2020-03-20,2780.0,-3.77
RMP3,2020-03-20,2785.0,-3.75
RMP3,2020-03-20,2790.0,-3.78
RMP3,2020-03-20,2795.0,-3.75
RMP3,2020-03-20,2800.0,-3.73
RMP3,2020-03-20,2805.0,-3.79
RMP3,2020-03-20,2810.0,-3.82
RMP3,2020-03-20,2815.0,-3.88
RMP3,2020-03-20,2820.0,-3.95
RMP3,2020-03-20,2825.0,-3.99
RMP3,2020-03-20,2830.0,-4.01
RMP3,2020-03-20,2835.0,-4.13
RMP3,2020-03-20,2840.0,-4.27
RMP3,2020-03-20,2845.0,-4.32
RMP3,2020-03-20,2850.0,-4.51
RMP3,2020-03-20,2855.0,-4.63
RMP3,2020-03-20,2860.0,-4.71
RMP3,2020-03-20,2865.0,-4.63
RMP3,2020-03-20,2870.0,-4.59
RMP3,2020-03-20,2875.0,-4.52
RMP3,2020-03-20,2880.0,-4.49
RMP3,2020-03-20,2885.0,-4.41
RMP3,2020-03-20,2890.0,-4.37
RMP3,2020-03-20,2895.0,-4.15
RMP3,2020-03-20,2900.0,-3.93
RMP3,2020-03-20,2905.0,-3.62
RMP3,2020-03-20,2910.0,-3.33
RMP3,2020-03-20,2915.0,-3.16
RMP3,2020-03-20,2920.0,-3.01
RMP3,2020-03-20,2925.0,-3.16
RMP3,2020-03-20,2930.0,-3.31
RMP3,2020-03-20,2935.0,-3.43
RMP3,2020-03-20,2940.0,-3.62
RMP3,2020-03-20,2945.0,-3.79
RMP3,2020-03-20,2950.0,-4.01
RMP3,2020-03-20,2955.0,-3.55
RMP3,2020-03-20,2960.0,-3.21
RMP3,2020-03-20,2965.0,-3.31
RMP3,2020-03-20,2970.0,-3.43
RMP3,2020-03-20,2975.0,-3.65
RMP3,2020-03-20,2980.0,-3.81
RMP3,2020-03-20,2985.0,-4.09
RMP3,2020-03-20,2990.0,-4.23
RMP3,2020-03-20,2995.0,-4.31
RMP3,2020-03-20,3000.0,-4.45
RMP3,2020-03-20,3005.0,-4.59
RMP3,2020-03-20,3010.0,-4.71
RMP3,2020-03-20,3015.0,-4.69
RMP3,2020-03-20,3020.0,-4.67
RMP3,2020-03-20,3025.0,-4.65
RMP3,2020-03-20,3030.0,-4.63
RMP3,2020-03-20,3035.0,-4.61
RMP3,2020-03-20,3040.0,-4.51
RMP3,2020-03-20,3045.0,-4.16
RMP3,2020-03-20,3050.0,-3.93
RMP3,2020-03-20,3055.0,-3.46
RMP3,2020-03-20,3060.0,-3.13
RMP3,2020-03-20,3065.0,-2.79
RMP3,2020-03-20,3070.0,-2.45
RMP3,2020-03-20,3075.0,-2.31
RMP3,2020-03-20,3080.0,-2.13
RMP3,2020-03-20,3085.0,-2.07
RMP3,2020-03-20,3090.0,-2.03
RMP3,2020-03-20,3095.0,-2.04
RMP3,2020-03-20,3100.0,-2.01
RMP3,2020-03-20,3105.0,-1.93
RMP3,2020-03-20,3110.0,-1.76
RMP3,2020-03-20,3115.0,-1.54
RMP3,2020-03-20,3120.0,-1.34
RMP3,2020-03-20,3125.0,-1.15
RMP3,2020-03-20,3130.0,-1.01
RMP3,2020-03-20,3135.0,-1.31
RMP3,2020-03-20,3140.0,-1.75
RMP3,2020-03-20,3145.0,-2.09
RMP3,2020-03-20,3150.0,-2.27
RMP3,2020-03-20,3155.0,-2.43
RMP3,2020-03-20,3160.0,-2.71
RMP3,2020-03-20,3165.0,-2.98
RMP3,2020-03-20,3170.0,-3.03
RMP3,2020-03-20,3175.0,-3.18
RMP3,2020-03-20,3180.0,-3.23
RMP3,2020-03-20,3185.0,-3.29
RMP3,2020-03-20,3190.0,-3.36
RMP3,2020-03-20,3195.0,-3.43
RMP3,2020-03-20,3200.0,-3.59
RMP3,2020-03-20,3205.0,-3.65
RMP3,2020-03-20,3210.0,-3.78
RMP3,2020-03-20,3215.0,-3.83
RMP3,2020-03-20,3220.0,-3.97
RMP3,2020-03-20,3225.0,-4.09
RMP3,2020-03-20,3230.0,-4.25
RMP3,2020-03-20,3235.0,-4.52
RMP3,2020-03-20,3240.0,-4.65
RMP3,2020-03-20,3245.0,-4.79
RMP3,2020-03-20,3250.0,-4.9
RMP3,2020-03-20,3255.0,-5.03
RMP3,2020-03-20,3260.0,-5.2
RMP3,2020-03-20,3265.0,-4.93
RMP3,2020-03-20,3270.0,-4.62
RMP3,2020-03-20,3275.0,-4.36
RMP3,2020-03-20,3280.0,-4.15
RMP3,2020-03-20,3285.0,-4.07
RMP3,2020-03-20,3290.0,-3.81
RMP3,2020-03-20,3295.0,-3.69
RMP3,2020-03-20,3300.0,-3.67
RMP3,2020-03-20,3305.0,-3.59
RMP3,2020-03-20,3310.0,-3.55
RMP3,2020-03-20,3315.0,-3.53
RMP3,2020-03-20,3320.0,-3.51
RMP3,2020-03-20,3325.0,-3.56
RMP3,2020-03-20,3330.0,-3.59
RMP3,2020-03-20,3335.0,-3.68
RMP3,2020-03-20,3340.0,-3.77
RMP3,2020-03-20,3345.0,-3.85
RMP3,2020-03-20,3350.0,-3.91
RMP3,2020-03-20,3355.0,-3.98
RMP3,2020-03-20,3360.0,-4.05
RMP3,2020-03-20,3365.0,-4.13
RMP3,2020-03-20,3370.0,-4.17
RMP3,2020-03-20,3375.0,-4.19
RMP3,2020-03-20,3380.0,-4.27
RMP3,2020-03-20,3385.0,-4.29
RMP3,2020-03-20,3390.0,-4.31
RMP3,2020-03-20,3395.0,-4.32
RMP3,2020-03-20,3400.0,-4.34
RMP3,2020-03-20,3405.0,-4.32
RMP3,2020-03-20,3410.0,-4.31
RMP3,2020-03-20,3415.0,-4.43
RMP3,2020-03-20,3420.0,-4.65
RMP3,2020-03-20,3425.0,-4.89
RMP3,2020-03-20,3430.0,-5.03
RMP3,2020-03-20,3435.0,-5.31
RMP3,2020-03-20,3440.0,-5.61
RMP3,2020-03-20,3445.0,-5.59
RMP3,2020-03-20,3450.0,-5.57
RMP3,2020-03-20,3455.0,-5.55
RMP3,2020-03-20,3460.0,-5.49
RMP3,2020-03-20,3465.0,-5.48
RMP3,2020-03-20,3470.0,-5.47
RMP3,2020-03-20,3475.0,-5.45
RMP3,2020-03-20,3480.0,-5.43
RMP3,2020-03-20,3485.0,-5.39
RMP3,2020-03-20,3490.0,-5.37
RMP3,2020-03-20,3495.0,-5.35
RMP3,2020-03-20,3500.0,-5.33
RMP3,2020-03-20,3505.0,-5.29
RMP3,2020-03-20,3510.0,-5.06
RMP3,2020-03-20,3515.0,-4.95
RMP3,2020-03-20,3520.0,-4.97
RMP3,2020-03-20,3525.0,-4.94
RMP3,2020-03-20,3530.0,-4.97
RMP3,2020-03-20,3535.0,-5.03
RMP3,2020-03-20,3540.0,-5.15
RMP3,2020-03-20,3545.0,-5.18
RMP3,2020-03-20,3550.0,-5.23
RMP3,2020-03-20,3555.0,-5.28
RMP3,2020-03-20,3560.0,-5.38
RMP3,2020-03-20,3565.0,-5.39
RMP3,2020-03-20,3570.0,-5.41
RMP3,2020-03-20,3575.0,-5.43
RMP3,2020-03-20,3580.0,-5.36
RMP3,2020-03-20,3585.0,-5.38
RMP3,2020-03-20,3590.0,-5.41
RMP3,2020-03-20,3595.0,-5.31
RMP3,2020-03-20,3600.0,-5.16
RMP3,2020-03-20,3605.0,-4.95
RMP3,2020-03-20,3610.0,-4.79
RMP3,2020-03-20,3615.0,-4.71
RMP3,2020-03-20,3620.0,-4.67
RMP3,2020-03-20,3625.0,-4.45
RMP3,2020-03-20,3630.0,-4.36
RMP3,2020-03-20,3635.0,-4.2
RMP3,2020-03-20,3640.0,-4.13
RMP3,2020-03-20,3645.0,-4.07
RMP3,2020-03-20,3650.0,-4.01
RMP3,2020-03-20,3655.0,-3.95
RMP3,2020-03-20,3660.0,-3.93
RMP3,2020-03-20,3665.0,-3.89
RMP3,2020-03-20,3670.0,-3.87
RMP3,2020-03-20,3675.0,-3.85
RMP3,2020-03-20,3680.0,-3.81
RMP3,2020-03-20,3685.0,-3.73
RMP3,2020-03-20,3690.0,-3.62
RMP3,2020-03-20,3695.0,-3.51
RMP3,2020-03-20,3700.0,-3.35
RMP3,2020-03-20,3705.0,-3.29
RMP3,2020-03-20,3710.0,-3.22
RMP3,2020-03-20,3715.0,-3.13
RMP3,2020-03-20,3720.0,-3.31
RMP3,2020-03-20,3725.0,-3.39
RMP3,2020-03-20,3730.0,-3.47
RMP3,2020-03-20,3735.0,-3.55
RMP3,2020-03-20,3740.0,-3.67
RMP3,2020-03-20,3745.0,-3.72
RMP3,2020-03-20,3750.0,-3.81
RMP3,2020-03-20,3755.0,-3.93
RMP3,2020-03-20,3760.0,-4.09
RMP3,2020-03-20,3765.0,-4.15
RMP3,2020-03-20,3770.0,-4.24
RMP3,2020-03-20,3775.0,-4.28
RMP3,2020-03-20,3780.0,-4.35
RMP3,2020-03-20,3785.0,-4.15
RMP3,2020-03-20,3790.0,-3.95
RMP3,2020-03-20,3795.0,-3.83
RMP3,2020-03-20,3800.0,-3.71
RMP3,2020-03-20,3805.0,-3.51
RMP3,2020-03-20,3810.0,-3.29
RMP3,2020-03-20,3815.0,-2.96
RMP3,2020-03-20,3820.0,-2.63
RMP3,2020-03-20,3825.0,-2.43
RMP3,2020-03-20,3830.0,-2.29
RMP3,2020-03-20,3835.0,-2.18
RMP3,2020-03-20,3840.0,-2.01
RMP3,2020-03-20,3845.0,-1.95
RMP3,2020-03-20,3850.0,-1.83
RMP3,2020-03-20,3855.0,-1.79
RMP3,2020-03-20,3860.0,-1.78
RMP3,2020-03-20,3865.0,-1.75
RMP3,2020-03-20,3870.0,-1.77
RMP3,2020-03-20,3875.0,-1.83
RMP3,2020-03-20,3880.0,-1.89
RMP3,2020-03-20,3885.0,-1.85
RMP3,2020-03-20,3890.0,-1.87
RMP3,2020-03-20,3895.0,-1.84
RMP3,2020-03-20,3900.0,-1.86
RMP3,2020-03-20,3905.0,-1.93
RMP3,2020-03-20,3910.0,-1.99
RMP3,2020-03-20,3915.0,-2.03
RMP3,2020-03-20,3920.0,-2.07
RMP3,2020-03-20,3925.0,-2.09
RMP3,2020-03-20,3930.0,-2.11
RMP3,2020-03-20,3935.0,-2.21
RMP3,2020-03-20,3940.0,-2.27
RMP3,2020-03-20,3945.0,-2.33
RMP3,2020-03-20,3950.0,-2.46
RMP3,2020-03-20,3955.0,-2.59
RMP3,2020-03-20,3960.0,-2.71
RMP3,2020-03-20,3965.0,-2.91
RMP3,2020-03-20,3970.0,-3.09
RMP3,2020-03-20,3975.0,-3.2
RMP3,2020-03-20,3980.0,-3.23
RMP3,2020-03-20,3985.0,-3.51
RMP3,2020-03-20,3990.0,-3.81
RMP3,2020-03-20,3995.0,-3.66
RMP3,2020-03-20,4000.0,-3.52
RMP3,2020-03-20,4005.0,-3.38
RMP3,2020-03-20,4010.0,-3.31
RMP3,2020-03-20,4015.0,-3.23
RMP3,2020-03-20,4020.0,-3.11
RMP3,2020-03-20,4025.0,-2.93
RMP3,2020-03-20,4030.0,-2.73
RMP3,2020-03-20,4035.0,-2.59
RMP3,2020-03-20,4040.0,-2.36
RMP3,2020-03-20,4045.0,-2.25
RMP3,2020-03-20,4050.0,-2.17
RMP3,2020-03-20,4055.0,-2.15
RMP3,2020-03-20,4060.0,-2.13
RMP3,2020-03-20,4065.0,-2.11
RMP3,2020-03-20,4070.0,-2.07
RMP3,2020-03-20,4075.0,-2.05
RMP3,2020-03-20,4080.0,-2.01
RMP3,2020-03-20,4085.0,-2.09
RMP3,2020-03-20,4090.0,-2.17
RMP3,2020-03-20,4095.0,-2.25
RMP3,2020-03-20,4100.0,-2.49
RMP3,2020-03-20,4105.0,-2.58
RMP3,2020-03-20,4110.0,-2.71
RMP3,2020-03-20,4115.0,-2.69
RMP3,2020-03-20,4120.0,-2.67
RMP3,2020-03-20,4125.0,-2.63
RMP3,2020-03-20,4130.0,-2.66
RMP3,2020-03-20,4135.0,-2.68
RMP3,2020-03-20,4140.0,-2.69
RMP3,2020-03-20,4145.0,-2.63
RMP3,2020-03-20,4150.0,-2.59
RMP3,2020-03-20,4155.0,-2.57
RMP3,2020-03-20,4160.0,-2.53
RMP3,2020-03-20,4165.0,-2.46
RMP3,2020-03-20,4170.0,-2.41
RMP3,2020-03-20,4175.0,-2.52
RMP3,2020-03-20,4180.0,-2.63
RMP3,2020-03-20,4185.0,-2.69
RMP3,2020-03-20,4190.0,-2.73
RMP3,2020-03-20,4195.0,-2.77
RMP3,2020-03-20,4200.0,-2.81
RMP3,2020-03-20,4205.0,-2.87
RMP3,2020-03-20,4210.0,-2.92
RMP3,2020-03-20,4215.0,-2.94
RMP3,2020-03-20,4220.0,-2.96
RMP3,2020-03-20,4225.0,-2.98
RMP3,2020-03-20,4230.0,-3.01
RMP3,2020-03-20,4235.0,-3.13
RMP3,2020-03-20,4240.0,-3.2
RMP3,2020-03-20,4245.0,-3.28
RMP3,2020-03-20,4250.0,-3.33
RMP3,2020-03-20,4255.0,-3.38
RMP3,2020-03-20,4260.0,-3.46
RMP3,2020-03-20,4265.0,-3.44
RMP3,2020-03-20,4270.0,-3.41
RMP3,2020-03-20,4275.0,-3.43
RMP3,2020-03-20,4280.0,-3.38
RMP3,2020-03-20,4285.0,-3.34
RMP3,2020-03-20,4290.0,-3.35
RMP3,2020-03-20,4295.0,-3.38
RMP3,2020-03-20,4300.0,-3.43
RMP3,2020-03-20,4305.0,-3.44
RMP3,2020-03-20,4310.0,-3.46
RMP3,2020-03-20,4315.0,-3.47
RMP3,2020-03-20,4320.0,-3.45
RMP3,2020-03-20,4325.0,-3.44
RMP3,2020-03-20,4330.0,-3.46
RMP3,2020-03-20,4335.0,-3.38
RMP3,2020-03-20,4340.0,-3.33
RMP3,2020-03-20,4345.0,-3.27
RMP3,2020-03-20,4350.0,-3.23
RMP3,2020-03-20,4355.0,-3.22
RMP3,2020-03-20,4360.0,-3.21
RMP3,2020-03-20,4365.0,-3.25
RMP3,2020-03-20,4370.0,-3.29
RMP3,2020-03-20,4375.0,-3.33
RMP3,2020-03-20,4380.0,-3.34
RMP3,2020-03-20,4385.0,-3.35
RMP3,2020-03-20,4390.0,-3.36
RMP3,2020-03-20,4395.0,-3.45
RMP3,2020-03-20,4400.0,-3.54
RMP3,2020-03-20,4405.0,-3.6
RMP3,2020-03-20,4410.0,-3.65
RMP3,2020-03-20,4415.0,-3.73
RMP3,2020-03-20,4420.0,-3.81
RMP3,2020-03-20,4425.0,-3.87
RMP3,2020-03-20,4430.0,-3.93
RMP3,2020-03-20,4435.0,-4.09
RMP3,2020-03-20,4440.0,-4.15
RMP3,2020-03-20,4445.0,-4.27
RMP3,2020-03-20,4450.0,-4.37
RMP3,2020-03-20,4455.0,-4.43
RMP3,2020-03-20,4460.0,-4.56
RMP3,2020-03-20,4465.0,-4.65
RMP3,2020-03-20,4470.0,-4.63
RMP3,2020-03-20,4475.0,-4.69
RMP3,2020-03-20,4480.0,-4.71
RMP3,2020-03-20,4485.0,-4.73
RMP3,2020-03-20,4490.0,-4.79
RMP3,2020-03-20,4495.0,-4.83
RMP3,2020-03-20,4500.0,-4.85
RMP3,2020-03-20,4505.0,-4.91
RMP3,2020-03-20,4510.0,-4.97
RMP3,2020-03-20,4515.0,-5.09
RMP3,2020-03-20,4520.0,-5.15
RMP3,2020-03-20,4525.0,-5.26
RMP3,2020-03-20,4530.0,-5.36
RMP3,2020-03-20,4535.0,-5.43
RMP3,2020-03-20,4540.0,-5.56
RMP3,2020-03-20,4545.0,-5.69
RMP3,2020-03-20,4550.0,-5.77
RMP3,2020-03-20,4555.0,-5.83
RMP3,2020-03-20,4560.0,-5.89
RMP3,2020-03-20,4565.0,-5.93
RMP3,2020-03-20,4570.0,-6.01
RMP3,2020-03-20,4575.0,-5.95
RMP3,2020-03-20,4580.0,-5.89
RMP3,2020-03-20,4585.0,-5.83
RMP3,2020-03-20,4590.0,-5.78
RMP3,2020-03-20,4595.0,-5.75
RMP3,2020-03-20,4600.0,-5.74
RMP3,2020-03-20,4605.0,-5.93
RMP3,2020-03-20,4610.0,-6.08
RMP3,2020-03-20,4615.0,-6.13
RMP3,2020-03-20,4620.0,-6.22
RMP3,2020-03-20,4625.0,-6.31
RMP3,2020-03-20,4630.0,-6.43
RMP3,2020-03-20,4635.0,-6.47
RMP3,2020-03-20,4640.0,-6.52
RMP3,2020-03-20,4645.0,-6.55
RMP3,2020-03-20,4650.0,-6.67
RMP3,2020-03-20,4655.0,-6.7
RMP3,2020-03-20,4660.0,-6.71
RMP3,2020-03-20,4665.0,-6.69
RMP3,2020-03-20,4670.0,-6.68
RMP3,2020-03-20,4675.0,-6.66
RMP3,2020-03-20,4680.0,-6.65
RMP3,2020-03-20,4685.0,-6.63
RMP3,2020-03-20,4690.0,-6.61
RMP3,2020-03-20,4695.0,-6.67
RMP3,2020-03-20,4700.0,-6.73
RMP3,2020-03-20,4705.0,-6.98
RMP3,2020-03-20,4710.0,-7.25
RMP3,2020-03-20,4715.0,-7.33
RMP3,2020-03-20,4720.0,-7.43
RMP3,2020-03-20,4725.0,-7.18
RMP3,2020-03-20,4730.0,-6.95
RMP3,2020-03-20,4735.0,-6.63
RMP3,2020-03-20,4740.0,-6.31
RMP3,2020-03-20,4745.0,-6.07
RMP3,2020-03-20,4750.0,-5.85
RMP3,2020-03-20,4755.0,-5.93
RMP3,2020-03-20,4760.0,-6.16
RMP3,2020-03-20,4765.0,-6.33
RMP3,2020-03-20,4770.0,-6.69
RMP3,2020-03-20,4775.0,-6.93
RMP3,2020-03-20,4780.0,-7.01
RMP3,2020-03-20,4785.0,-6.89
RMP3,2020-03-20,4790.0,-6.63
RMP3,2020-03-20,4795.0,-6.45
RMP3,2020-03-20,4800.0,-6.27
RMP3,2020-03-20,4805.0,-6.15
RMP3,2020-03-20,4810.0,-6.01
RMP3,2020-03-20,4815.0,-5.99
RMP3,2020-03-20,4820.0,-5.97
RMP3,2020-03-20,4825.0,-6.0
RMP3,2020-03-20,4830.0,-5.95
RMP3,2020-03-20,4835.0,-5.93
RMP3,2020-03-20,4840.0,-5.96
RMP3,2020-03-20,4845.0,-5.92
RMP3,2020-03-20,4850.0,-5.91
RMP3,2020-03-20,4855.0,-5.63
RMP3,2020-03-20,4860.0,-5.43
RMP3,2020-03-20,4865.0,-5.29
RMP3,2020-03-20,4870.0,-5.15
RMP3,2020-03-20,4875.0,-5.03
RMP3,2020-03-20,4880.0,-4.91
RMP3,2020-03-20,4885.0,-4.83
RMP3,2020-03-20,4890.0,-4.74
RMP3,2020-03-20,4895.0,-4.71
RMP3,2020-03-20,4900.0,-4.63
RMP3,2020-03-20,4905.0,-4.49
RMP3,2020-03-20,4910.0,-4.36
RMP3,2020-03-20,4915.0,-4.41
RMP3,2020-03-20,4920.0,-4.46
RMP3,2020-03-20,4925.0,-4.52
RMP3,2020-03-20,4930.0,-4.54
RMP3,2020-03-20,4935.0,-4.5
RMP3,2020-03-20,4940.0,-4.51
RMP3,2020-03-20,4945.0,-4.46
RMP3,2020-03-20,4950.0,-4.44
RMP3,2020-03-20,4955.0,-4.41
RMP3,2020-03-20,4960.0,-4.39
RMP3,2020-03-20,4965.0,-4.38
RMP3,2020-03-20,4970.0,-4.37
RMP3,2020-03-20,4975.0,-4.31
RMP3,2020-03-20,4980.0,-4.29
RMP3,2020-03-20,4985.0,-4.27
RMP3,2020-03-20,4990.0,-4.23
RMP3,2020-03-20,4995.0,-4.19
RMP3,2020-03-20,5000.0,-4.15
RMP3,2020-03-20,5005.0,-4.21
RMP3,2020-03-20,5010.0,-4.27
RMP3,2020-03-20,5015.0,-4.29
RMP3,2020-03-20,5020.0,-4.32
RMP3,2020-03-20,5025.0,-4.34
RMP3,2020-03-20,5030.0,-4.37
RMP3,2020-03-20,5035.0,-4.47
RMP3,2020-03-20,5040.0,-4.5
RMP3,2020-03-20,5045.0,-4.54
RMP3,2020-03-20,5050.0,-4.73
RMP3,2020-03-20,5055.0,-4.88
RMP3,2020-03-20,5060.0,-4.97
RMP3,2020-03-20,5065.0,-5.03
RMP3,2020-03-20,5070.0,-5.15
RMP3,2020-03-20,5075.0,-5.23
RMP3,2020-03-20,5080.0,-5.35
RMP3,2020-03-20,5085.0,-5.46
RMP3,2020-03-20,5090.0,-5.57
RMP3,2020-03-20,5095.0,-5.31
RMP3,2020-03-20,5100.0,-5.09
RMP3,2020-03-20,5105.0,-4.78
RMP3,2020-03-20,5110.0,-4.31
RMP3,2020-03-20,5115.0,-3.87
RMP3,2020-03-20,5120.0,-3.51
RMP3,2020-03-20,5125.0,-3.31
RMP3,2020-03-20,5130.0,-3.09
RMP3,2020-03-20,5135.0,-2.98
RMP3,2020-03-20,5140.0,-2.83
RMP3,2020-03-20,5145.0,-2.79
RMP3,2020-03-20,5150.0,-2.71
RMP3,2020-03-20,5155.0,-2.93
RMP3,2020-03-20,5160.0,-3.09
RMP3,2020-03-20,5165.0,-3.16
RMP3,2020-03-20,5170.0,-3.32
RMP3,2020-03-20,5175.0,-3.61
RMP3,2020-03-20,5180.0,-3.91
RMP3,2020-03-20,5185.0,-4.11
RMP3,2020-03-20,5190.0,-4.31
RMP3,2020-03-20,5195.0,-4.52
RMP3,2020-03-20,5200.0,-4.73
RMP3,2020-03-20,5205.0,-4.95
RMP3,2020-03-20,5210.0,-4.99
RMP3,2020-03-20,5215.0,-5.0
RMP3,2020-03-20,5220.0,-5.01
RMP3,2020-03-20,5225.0,-5.16
RMP3,2020-03-20,5230.0,-5.31
RMP3,2020-03-20,5235.0,-5.46
RMP3,2020-03-20,5240.0,-5.55
RMP3,2020-03-20,5245.0,-5.79
RMP3,2020-03-20,5250.0,-5.91
RMP3,2020-03-20,5255.0,-6.13
RMP3,2020-03-20,5260.0,-6.17
RMP3,2020-03-20,5265.0,-6.25
RMP3,2020-03-20,5270.0,-6.29
RMP3,2020-03-20,5275.0,-6.32
RMP3,2020-03-20,5280.0,-6.16
RMP3,2020-03-20,5285.0,-5.93
RMP3,2020-03-20,5290.0,-5.83
RMP3,2020-03-20,5295.0,-5.74
RMP3,2020-03-20,5300.0,-5.61
RMP3,2020-03-20,5305.0,-5.71
RMP3,2020-03-20,5310.0,-5.96
RMP3,2020-03-20,5315.0,-6.09
RMP3,2020-03-20,5320.0,-6.15
RMP3,2020-03-20,5325.0,-6.27
RMP3,2020-03-20,5330.0,-6.35
RMP3,2020-03-20,5335.0,-6.43
RMP3,2020-03-20,5340.0,-6.51
RMP3,2020-03-20,5345.0,-6.76
RMP3,2020-03-20,5350.0,-6.98
RMP3,2020-03-20,5355.0,-7.2
RMP3,2020-03-20,5360.0,-7.36
RMP3,2020-03-20,5365.0,-7.61
RMP3,2020-03-20,5370.0,-7.91
RMP3,2020-03-20,5375.0,-8.18
RMP3,2020-03-20,5380.0,-8.3
RMP3,2020-03-20,5385.0,-8.51
RMP3,2020-03-20,5390.0,-8.71
RMP3,2020-03-20,5395.0,-8.93
RMP3,2020-03-20,5400.0,-9.15
RMP3,2020-03-20,5405.0,-9.23
RMP3,2020-03-20,5410.0,-9.27
RMP3,2020-03-20,5415.0,-9.36
RMP3,2020-03-20,5420.0,-9.39
RMP3,2020-03-20,5425.0,-9.47
RMP3,2020-03-20,5430.0,-9.51
RMP3,2020-03-20,5435.0,-9.13
RMP3,2020-03-20,5440.0,-8.95
RMP3,2020-03-20,5445.0,-8.72
RMP3,2020-03-20,5450.0,-8.36
RMP3,2020-03-20,5455.0,-8.03
RMP3,2020-03-20,5460.0,-7.71
RMP3,2020-03-20,5465.0,-6.91
RMP3,2020-03-20,5470.0,-6.31
RMP3,2020-03-20,5475.0,-5.85
RMP3,2020-03-20,5480.0,-5.31
RMP3,2020-03-20,5485.0,-5.11
RMP3,2020-03-20,5490.0,-4.91
RMP3,2020-03-20,5495.0,-4.71
RMP3,2020-03-20,5500.0,-4.63
RMP3,2020-03-20,5505.0,-4.59
RMP3,2020-03-20,5510.0,-4.56
RMP3,2020-03-20,5515.0,-4.5
RMP3,2020-03-20,5520.0,-4.47
RMP3,2020-03-20,5525.0,-4.41
RMP3,2020-03-20,5530.0,-4.36
RMP3,2020-03-20,5535.0,-4.25
RMP3,2020-03-20,5540.0,-4.17
RMP3,2020-03-20,5545.0,-4.03
RMP3,2020-03-20,5550.0,-3.99
RMP3,2020-03-20,5555.0,-3.92
RMP3,2020-03-20,5560.0,-3.9
RMP3,2020-03-20,5565.0,-3.86
RMP3,2020-03-20,5570.0,-3.81
RMP3,2020-03-20,5575.0,-3.31
RMP3,2020-03-20,5580.0,-4.03
RMP3,2020-03-20,5585.0,-2.74
RMP3,2020-03-20,5590.0,-2.36
RMP3,2020-03-20,5595.0,-2.27
RMP3,2020-03-20,5600.0,-2.15
RMP3,2020-03-20,5605.0,-2.03
RMP3,2020-03-20,5610.0,-1.91
RMP3,2020-03-20,5615.0,-1.21
RMP3,2020-03-20,5620.0,-0.51
RMP3,2020-03-20,5625.0,-0.11
RMP3,2020-03-20,5630.0,0.29
RMP3,2020-03-20,5635.0,1.09
RMP3,2020-03-20,5640.0,1.69
RMP3,2020-03-20,5645.0,2.52
RMP3,2020-03-20,5700.0,4.7
RMP3,2020-03-20,5740.0,5.5
RMP3,2020-03-20,5770.0,5.6
RMP3,2020-03-20,5800.0,5.44
RMP3,2020-03-20,5840.0,5.82
RMP3,2020-03-20,5900.0,5.66
RMP3,2020-03-20,5950.0,5.5
RMP3,2020-03-20,6000.0,5.7
RMP3,2020-03-20,6040.0,5.46
RMP3,2020-03-20,6070.0,5.64
RMP3,2020-03-20,6100.0,5.55
RMP3,2020-03-20,6140.0,4.84
RMP3,2020-03-20,6200.0,4.55
RMP3,2020-03-20,6240.0,4.62
RMP3,2020-03-20,6270.0,4.64
RMP3,2020-03-20,6300.0,4.46
RMP3,2020-03-20,6330.0,4.43
RMP3,2020-03-20,6370.0,4.52
RMP3,2020-03-20,6400.0,4.46
RMP3,2020-03-20,6440.0,4.48
RMP3,2020-03-20,6500.0,4.52
RMP3,2020-03-20,6550.0,4.7
RMP3,2020-03-20,6600.0,4.64
RMP3,2020-03-20,6640.0,4.62
RMP3,2020-03-20,6670.0,4.48
RMP3,2020-03-20,6700.0,4.7
RMP3,2020-03-20,6740.0,4.42
RMP3,2020-03-20,6800.0,4.36
RMP3,2020-03-20,6840.0,4.46
RMP3,2020-03-20,6870.0,4.26
RMP3,2020-03-20,6900.0,4.48
RMP3,2020-03-20,6930.0,4.52
RMP3,2020-03-20,6970.0,4.55
RMP3,2020-03-20,7000.0,4.62
RMP3,2020-03-20,7030.0,4.5
RMP3,2020-03-20,7060.0,4.28
RMP3,2020-03-20,7100.0,4.74
RMP3,2020-03-20,7140.0,4.86
RMP3,2020-03-20,7200.0,4.92
RMP3,2020-03-20,7240.0,5.4
RMP3,2020-03-20,7300.0,5.46
RMP3,2020-03-20,7330.0,5.62
RMP3,2020-03-20,7360.0,5.56
RMP3,2020-03-20,7400.0,5.6
RMP3,2020-03-20,7440.0,5.48
RMP3,2020-03-20,7500.0,5.38
RMP3,2020-03-20,7550.0,5.46
RMP3,2020-03-20,7600.0,5.52
RMP3,2020-03-20,7640.0,5.46
RMP3,2020-03-20,7700.0,5.62
RMP3,2020-03-20,7740.0,5.38
RMP3,2020-03-20,7800.0,5.44
RMP3,2020-03-20,7840.0,5.48
RMP3,2020-03-20,7870.0,5.64
RMP3,2020-03-20,7900.0,5.42
RMP3,2020-03-20,7940.0,5.38
RMP3,2020-03-20,8000.0,5.55
RMP3,2020-03-20,8040.0,5.48
RMP3,2020-03-20,8100.0,5.61
RMP3,2020-03-20,8140.0,5.38
RMP3,2020-03-20,8200.0,5.42
RMP3,2020-03-20,8240.0,5.36
RMP3,2020-03-20,8300.0,5.46
RMP3,2020-03-20,8340.0,5.28
RMP3,2020-03-20,8400.0,5.08
RMP3,2020-03-20,8440.0,4.76
RMP3,2020-03-20,8500.0,4.84
RMP3,2020-03-20,8550.0,4.64
RMP3,2020-03-20,8600.0,4.68
RMP3,2020-03-20,8640.0,4.46
RMP3,2020-03-20,8670.0,4.62
RMP3,2020-03-20,8700.0,4.55
RMP3,2020-03-20,8730.0,4.62
RMP3,2020-03-20,8770.0,4.4
RMP3,2020-03-20,8800.0,4.36
RMP3,2020-03-20,8840.0,4.63
RMP3,2020-03-20,8900.0,4.36
RMP3,2020-03-20,8930.0,4.63
RMP3,2020-03-20,8960.0,4.32
RMP3,2020-03-20,9000.0,4.48
RMP3,2020-03-20,9040.0,4.28
RMP3,2020-03-20,9100.0,4.36
RMP3,2020-03-20,9140.0,4.6
RMP3,2020-03-20,9200.0,4.44
RMP3,2020-03-20,9230.0,4.48
RMP3,2020-03-20,9260.0,4.52
RMP3,2020-03-20,9300.0,4.56
RMP3,2020-03-20,9330.0,4.4
RMP3,2020-03-20,9360.0,4.36
RMP3,2020-03-20,9400.0,4.63
RMP3,2020-03-20,9440.0,4.48
RMP3,2020-03-20,9500.0,4.42
RMP3,2020-03-20,9530.0,4.28
RMP3,2020-03-20,9570.0,4.36
RMP3,2020-03-20,9600.0,4.63
RMP3,2020-03-20,9640.0,4.66
RMP3,2020-03-20,9700.0,4.56
RMP3,2020-03-20,9730.0,4.52
RMP3,2020-03-20,9760.0,4.48
RMP3,2020-03-20,9790.0,4.46
RMP3,2020-03-20,9820.0,4.26
RMP3,2020-03-20,9850.0,4.68
RMP3,2020-03-20,9880.0,4.7
RMP3,2020-03-20,9910.0,4.68
RMP3,2020-03-20,9940.0,4.44
RMP3,2020-03-20,9970.0,3.7
RMP3,2020-03-20,9980.0,3.02
RMP3,2020-03-20,9990.0,2.46
RMP3,2020-03-20,10004.0,1.7
RMP3,2020-03-20,10010.0,1.5
RMP3,2020-03-20,10015.0,1.3
RMP3,2020-03-20,10020.0,1.25
RMP3,2020-03-20,10025.0,1.06
RMP3,2020-03-20,10030.0,1.0
RMP3,2020-03-20,10035.0,0.95
RMP3,2020-03-20,10040.0,0.9
RMP3,2020-03-20,10045.0,0.85
RMP3,2020-03-20,10050.0,0.8
RMP3,2020-03-20,10055.0,0.65
RMP3,2020-03-20,10060.0,0.4
RMP3,2020-03-20,10065.0,0.36
RMP3,2020-03-20,10070.0,0.3
RMP3,2020-03-20,10075.0,0.24
RMP3,2020-03-20,10080.0,0.03
RMP3,2020-03-20,10085.0,0.0
RMP3,2020-03-20,10090.0,-0.3
RMP3,2020-03-20,10095.0,-0.66
RMP3,2020-03-20,10100.0,-1.25
RMP3,2020-03-20,10105.0,-2.1
RMP3,2020-03-20,10110.0,-2.2
RMP3,2020-03-20,10115.0,-2.3
RMP3,2020-03-20,10120.0,-2.5
RMP3,2020-03-20,10125.0,-2.7
RMP3,2020-03-20,10130.0,-2.9
RMP3,2020-03-20,10135.0,-3.1
RMP3,2020-03-20,10140.0,-3.3
RMP3,2020-03-20,10145.0,-3.7
RMP3,2020-03-20,10150.0,-5.1
RMP3,2020-03-20,10155.0,-5.62
RMP3,2020-03-20,10160.0,-6.0
RMP3,2020-03-20,10165.0,-6.14
RMP3,2020-03-20,10170.0,-6.7
RMP3,2020-03-20,10175.0,-6.9
RMP3,2020-03-20,10180.0,-7.1
RMP3,2020-03-20,10185.0,-7.31
RMP3,2020-03-20,10190.0,-7.4
RMP3,2020-03-20,10195.0,-7.55
RMP3,2020-03-20,10200.0,-7.7
RMP3,2020-03-20,10205.0,-8.15
RMP3,2020-03-20,10210.0,-8.66
RMP3,2020-03-20,10215.0,-8.72
RMP3,2020-03-20,10220.0,-8.86
RMP3,2020-03-20,10225.0,-8.92
RMP3,2020-03-20,10230.0,-9.1
RMP3,2020-03-20,10235.0,-9.34
RMP3,2020-03-20,10240.0,-9.58
RMP3,2020-03-20,10245.0,-10.14
RMP3,2020-03-20,10250.0,-10.38
RMP3,2020-03-20,10255.0,-10.62
RMP3,2020-03-20,10260.0,-10.85
RMP3,2020-03-20,10265.0,-11.04
RMP3,2020-03-20,10270.0,-11.34
RMP3,2020-03-20,10275.0,-11.51
RMP3,2020-03-20,10280.0,-11.7
RMP3,2020-03-20,10285.0,-11.8
RMP3,2020-03-20,10290.0,-11.92
RMP3,2020-03-20,10295.0,-11.98
RMP3,2020-03-20,10300.0,-12.0
RMP3,2020-03-20,10305.0,-12.04
RMP3,2020-03-20,10310.0,-12.1
RMP3,2020-03-20,10315.0,-12.16
RMP3,2020-03-20,10320.0,-12.25
RMP3,2020-03-20,10325.0,-12.04
RMP3,2020-03-20,10330.0,-11.8
RMP3,2020-03-20,10335.0,-11.5
RMP3,2020-03-20,10340.0,-11.1
RMP3,2020-03-20,10345.0,-10.92
RMP3,2020-03-20,10350.0,-10.72
RMP3,2020-03-20,10355.0,-10.1
RMP3,2020-03-20,10360.0,-9.9
RMP3,2020-03-20,10365.0,-9.7
RMP3,2020-03-20,10370.0,-9.3
RMP3,2020-03-20,10375.0,-8.7
RMP3,2020-03-20,10380.0,-8.1
RMP3,2020-03-20,10385.0,-7.6
RMP3,2020-03-20,10390.0,-7.3
RMP3,2020-03-20,10395.0,-7.15
RMP3,2020-03-20,10400.0,-7.0
RMP3,2020-03-20,10405.0,-5.95
RMP3,2020-03-20,10410.0,-5.2
RMP3,2020-03-20,10415.0,-4.3
RMP3,2020-03-20,10420.0,-3.5
RMP3,2020-03-20,10425.0,-3.3
RMP3,2020-03-20,10430.0,-3.15
RMP3,2020-03-20,10435.0,-3.0
RMP3,2020-03-20,10440.0,-2.9
RMP3,2020-03-20,10445.0,-2.72
RMP3,2020-03-20,10450.0,-2.22
RMP3,2020-03-20,10455.0,-2.0
RMP3,2020-03-20,10460.0,-1.71
RMP3,2020-03-20,10465.0,-1.36
RMP3,2020-03-20,10470.0,-1.15
RMP3,2020-03-20,10475.0,-0.76
RMP3,2020-03-20,10480.0,-0.5
RMP3,2020-03-20,10485.0,-0.35
RMP3,2020-03-20,10490.0,-0.26
RMP3,2020-03-20,10495.0,0.03
RMP3,2020-03-20,10500.0,0.2
RMP3,2020-03-20,10505.0,0.28
RMP3,2020-03-20,10510.0,0.34
RMP3,2020-03-20,10515.0,0.46
RMP3,2020-03-20,10520.0,0.7
RMP3,2020-03-20,10525.0,0.9
RMP3,2020-03-20,10530.0,1.0
RMP3,2020-03-20,10535.0,1.1
RMP3,2020-03-20,10540.0,1.15
RMP3,2020-03-20,10545.0,1.18
RMP3,2020-03-20,10550.0,1.2
RMP3,2020-03-20,10555.0,0.89
RMP3,2020-03-20,10560.0,0.85
RMP3,2020-03-20,10565.0,0.83
RMP3,2020-03-20,10570.0,1.0
RMP3,2020-03-20,10575.0,1.2
RMP3,2020-03-20,10580.0,1.7
RMP3,2020-03-20,10584.0,5.5
RMP3,2020-03-20,10590.0,6.26
RMP3,2020-03-20,10600.0,6.34
RMP3,2020-03-20,10630.0,6.38
RMP3,2020-03-20,10660.0,6.4
RMP3,2020-03-20,10700.0,6.35
RMP3,2020-03-20,10736.0,6.44
RMP3,2020-03-20,10742.0,7.6
RMP3,2020-03-20,10748.0,7.6
RMP3,2020-03-20,10752.0,6.36
RMP3,2020-03-20,10780.0,6.42
RMP3,2020-03-20,10800.0,6.48
RMP3,2020-03-20,10830.0,6.62
RMP3,2020-03-20,10860.0,6.42
RMP3,2020-03-20,10864.0,6.43
RMP3,2020-03-20,10867.0,7.52
RMP3,2020-03-20,10873.0,7.5
RMP3,2020-03-20,10877.0,6.66
RMP3,2020-03-20,10881.0,8.13
RMP3,2020-03-20,10881.0,8.51
RMP3,2021-09-03,0.0,4.38
RMP3,2021-09-03,0.0,4.16
RMP3,2021-09-03,30.0,5.46
RMP3,2021-09-03,60.0,5.66
RMP3,2021-09-03,90.0,5.7
RMP3,2021-09-03,120.0,5.76
RMP3,2021-09-03,160.0,5.68
RMP3,2021-09-03,165.0,5.5
RMP3,2021-09-03,173.0,7.2
RMP3,2021-09-03,180.0,7.2
RMP3,2021-09-03,190.0,6.1
RMP3,2021-09-03,200.0,6.08
RMP3,2021-09-03,240.0,6.38
RMP3,2021-09-03,273.0,6.6
RMP3,2021-09-03,273.0,6.91
RMP3,2021-09-03,321.0,6.93
RMP3,2021-09-03,330.0,5.28
RMP3,2021-09-03,335.0,3.17
RMP3,2021-09-03,340.0,2.7
RMP3,2021-09-03,350.0,2.2
RMP3,2021-09-03,355.0,1.87
RMP3,2021-09-03,360.0,-2.36
RMP3,2021-09-03,365.0,-3.56
RMP3,2021-09-03,370.0,-5.96
RMP3,2021-09-03,375.0,-7.16
RMP3,2021-09-03,380.0,-8.36
RMP3,2021-09-03,385.0,-9.56
RMP3,2021-09-03,390.0,-10.76
RMP3,2021-09-03,395.0,-12.63
RMP3,2021-09-03,400.0,-12.13
RMP3,2021-09-03,405.0,-11.64
RMP3,2021-09-03,410.0,-11.46
RMP3,2021-09-03,415.0,-11.38
RMP3,2021-09-03,420.0,-9.82
RMP3,2021-09-03,425.0,-9.46
RMP3,2021-09-03,430.0,-8.24
RMP3,2021-09-03,435.0,-7.7
RMP3,2021-09-03,440.0,-7.25
RMP3,2021-09-03,445.0,-6.96
RMP3,2021-09-03,450.0,-5.63
RMP3,2021-09-03,455.0,-5.81
RMP3,2021-09-03,460.0,-5.63
RMP3,2021-09-03,465.0,-5.55
RMP3,2021-09-03,470.0,-4.73
RMP3,2021-09-03,475.0,-4.17
RMP3,2021-09-03,480.0,-3.93
RMP3,2021-09-03,485.0,-4.07
RMP3,2021-09-03,490.0,-3.82
RMP3,2021-09-03,495.0,-3.19
RMP3,2021-09-03,500.0,-2.92
RMP3,2021-09-03,505.0,-2.97
RMP3,2021-09-03,510.0,-2.78
RMP3,2021-09-03,515.0,2.65
RMP3,2021-09-03,520.0,-2.45
RMP3,2021-09-03,525.0,-2.1
RMP3,2021-09-03,530.0,-1.99
RMP3,2021-09-03,535.0,-2.0
RMP3,2021-09-03,540.0,-1.6
RMP3,2021-09-03,545.0,-1.31
RMP3,2021-09-03,550.0,-1.09
RMP3,2021-09-03,555.0,-0.74
RMP3,2021-09-03,560.0,0.68
RMP3,2021-09-03,565.0,0.87
RMP3,2021-09-03,570.0,0.71
RMP3,2021-09-03,575.0,1.15
RMP3,2021-09-03,580.0,1.35
RMP3,2021-09-03,583.0,1.87
RMP3,2021-09-03,600.0,2.51
RMP3,2021-09-03,650.0,3.15
RMP3,2021-09-03,700.0,2.7
RMP3,2021-09-03,730.0,2.6
RMP3,2021-09-03,750.0,2.45
RMP3,2021-09-03,756.0,1.78
RMP3,2021-09-03,760.0,1.63
RMP3,2021-09-03,765.0,1.39
RMP3,2021-09-03,770.0,1.15
RMP3,2021-09-03,775.0,0.91
RMP3,2021-09-03,780.0,0.55
RMP3,2021-09-03,785.0,0.49
RMP3,2021-09-03,790.0,0.31
RMP3,2021-09-03,795.0,0.25
RMP3,2021-09-03,800.0,0.19
RMP3,2021-09-03,805.0,0.13
RMP3,2021-09-03,810.0,0.07
RMP3,2021-09-03,815.0,-0.11
RMP3,2021-09-03,820.0,-0.17
RMP3,2021-09-03,825.0,-0.23
RMP3,2021-09-03,830.0,-0.26
RMP3,2021-09-03,835.0,-0.32
RMP3,2021-09-03,840.0,-0.5
RMP3,2021-09-03,845.0,-0.56
RMP3,2021-09-03,850.0,-0.62
RMP3,2021-09-03,855.0,-0.68
RMP3,2021-09-03,860.0,-0.74
RMP3,2021-09-03,865.0,-0.84
RMP3,2021-09-03,870.0,-0.77
RMP3,2021-09-03,875.0,-0.7
RMP3,2021-09-03,880.0,-0.63
RMP3,2021-09-03,885.0,-0.56
RMP3,2021-09-03,890.0,-0.1
RMP3,2021-09-03,895.0,-0.07
RMP3,2021-09-03,900.0,-0.04
RMP3,2021-09-03,905.0,-0.01
RMP3,2021-09-03,910.0,0.02
RMP3,2021-09-03,915.0,0.11
RMP3,2021-09-03,920.0,0.14
RMP3,2021-09-03,925.0,0.17
RMP3,2021-09-03,930.0,0.28
RMP3,2021-09-03,935.0,0.39
RMP3,2021-09-03,940.0,0.72
RMP3,2021-09-03,945.0,0.83
RMP3,2021-09-03,950.0,0.94
RMP3,2021-09-03,955.0,1.05
RMP3,2021-09-03,960.0,1.16
RMP3,2021-09-03,965.0,1.49
RMP3,2021-09-03,970.0,0.78
RMP3,2021-09-03,975.0,0.04
RMP3,2021-09-03,980.0,0.08
RMP3,2021-09-03,985.0,0.13
RMP3,2021-09-03,990.0,0.25
RMP3,2021-09-03,995.0,0.29
RMP3,2021-09-03,1000.0,0.33
RMP3,2021-09-03,1005.0,0.37
RMP3,2021-09-03,1010.0,0.42
RMP3,2021-09-03,1015.0,0.54
RMP3,2021-09-03,1020.0,0.58
RMP3,2021-09-03,1025.0,0.62
RMP3,2021-09-03,1030.0,0.67
RMP3,2021-09-03,1035.0,0.71
RMP3,2021-09-03,1040.0,0.83
RMP3,2021-09-03,1045.0,0.87
RMP3,2021-09-03,1050.0,0.91
RMP3,2021-09-03,1055.0,0.95
RMP3,2021-09-03,1060.0,1.0
RMP3,2021-09-03,1065.0,0.83
RMP3,2021-09-03,1070.0,0.83
RMP3,2021-09-03,1075.0,0.82
RMP3,2021-09-03,1080.0,0.67
RMP3,2021-09-03,1085.0,0.81
RMP3,2021-09-03,1090.0,0.8
RMP3,2021-09-03,1095.0,0.78
RMP3,2021-09-03,1100.0,0.78
RMP3,2021-09-03,1105.0,0.8
RMP3,2021-09-03,1110.0,0.82
RMP3,2021-09-03,1115.0,0.82
RMP3,2021-09-03,1120.0,0.89
RMP3,2021-09-03,1125.0,0.94
RMP3,2021-09-03,1130.0,0.86
RMP3,2021-09-03,1135.0,0.91
RMP3,2021-09-03,1140.0,0.91
RMP3,2021-09-03,1145.0,0.91
RMP3,2021-09-03,1150.0,0.92
RMP3,2021-09-03,1155.0,0.91
RMP3,2021-09-03,1160.0,0.89
RMP3,2021-09-03,1165.0,0.87
RMP3,2021-09-03,1170.0,0.87
RMP3,2021-09-03,1175.0,0.88
RMP3,2021-09-03,1180.0,0.88
RMP3,2021-09-03,1185.0,0.88
RMP3,2021-09-03,1190.0,0.85
RMP3,2021-09-03,1195.0,0.84
RMP3,2021-09-03,1200.0,0.83
RMP3,2021-09-03,1205.0,0.86
RMP3,2021-09-03,1210.0,0.86
RMP3,2021-09-03,1215.0,0.69
RMP3,2021-09-03,1220.0,-0.05
RMP3,2021-09-03,1225.0,-0.39
RMP3,2021-09-03,1230.0,-0.62
RMP3,2021-09-03,1235.0,-0.91
RMP3,2021-09-03,1240.0,-1.99
RMP3,2021-09-03,1245.0,-2.47
RMP3,2021-09-03,1250.0,-2.62
RMP3,2021-09-03,1255.0,-3.07
RMP3,2021-09-03,1260.0,-3.0
RMP3,2021-09-03,1265.0,-2.91
RMP3,2021-09-03,1270.0,-3.3
RMP3,2021-09-03,1275.0,-3.73
RMP3,2021-09-03,1280.0,-3.75
RMP3,2021-09-03,1285.0,-3.92
RMP3,2021-09-03,1290.0,-3.72
RMP3,2021-09-03,1295.0,-4.05
RMP3,2021-09-03,1300.0,-4.22
RMP3,2021-09-03,1305.0,-4.35
RMP3,2021-09-03,1310.0,-4.47
RMP3,2021-09-03,1315.0,-5.04
RMP3,2021-09-03,1320.0,-5.6
RMP3,2021-09-03,1325.0,-6.1
RMP3,2021-09-03,1330.0,-5.99
RMP3,2021-09-03,1335.0,-5.99
RMP3,2021-09-03,1340.0,-4.74
RMP3,2021-09-03,1345.0,-4.75
RMP3,2021-09-03,1350.0,-5.45
RMP3,2021-09-03,1355.0,-6.27
RMP3,2021-09-03,1360.0,-6.87
RMP3,2021-09-03,1365.0,-5.27
RMP3,2021-09-03,1370.0,-5.0
RMP3,2021-09-03,1375.0,-4.59
RMP3,2021-09-03,1380.0,-5.35
RMP3,2021-09-03,1385.0,-5.9
RMP3,2021-09-03,1390.0,-5.23
RMP3,2021-09-03,1395.0,-4.75
RMP3,2021-09-03,1400.0,-4.25
RMP3,2021-09-03,1405.0,-4.33
RMP3,2021-09-03,1410.0,-4.33
RMP3,2021-09-03,1415.0,-3.67
RMP3,2021-09-03,1420.0,-3.58
RMP3,2021-09-03,1425.0,-3.65
RMP3,2021-09-03,1430.0,-3.88
RMP3,2021-09-03,1435.0,-4.41
RMP3,2021-09-03,1440.0,-6.0
RMP3,2021-09-03,1445.0,-6.08
RMP3,2021-09-03,1450.0,-6.37
RMP3,2021-09-03,1455.0,-6.97
RMP3,2021-09-03,1460.0,-6.56
RMP3,2021-09-03,1465.0,-5.19
RMP3,2021-09-03,1470.0,-5.47
RMP3,2021-09-03,1475.0,-5.47
RMP3,2021-09-03,1480.0,-7.39
RMP3,2021-09-03,1485.0,-5.93
RMP3,2021-09-03,1490.0,-5.74
RMP3,2021-09-03,1495.0,-5.74
RMP3,2021-09-03,1500.0,-4.67
RMP3,2021-09-03,1505.0,-3.52
RMP3,2021-09-03,1510.0,-3.0
RMP3,2021-09-03,1515.0,-2.01
RMP3,2021-09-03,1520.0,-0.67
RMP3,2021-09-03,1525.0,-0.09
RMP3,2021-09-03,1530.0,-0.02
RMP3,2021-09-03,1535.0,-0.11
RMP3,2021-09-03,1540.0,-0.03
RMP3,2021-09-03,1545.0,0.01
RMP3,2021-09-03,1550.0,0.0
RMP3,2021-09-03,1555.0,0.0
RMP3,2021-09-03,1560.0,-0.01
RMP3,2021-09-03,1565.0,-0.29
RMP3,2021-09-03,1570.0,-0.29
RMP3,2021-09-03,1575.0,-0.29
RMP3,2021-09-03,1580.0,-0.31
RMP3,2021-09-03,1585.0,-0.43
RMP3,2021-09-03,1590.0,-0.48
RMP3,2021-09-03,1595.0,-0.58
RMP3,2021-09-03,1600.0,-0.97
RMP3,2021-09-03,1605.0,-0.8
RMP3,2021-09-03,1610.0,-1.05
RMP3,2021-09-03,1615.0,-0.96
RMP3,2021-09-03,1620.0,-0.96
RMP3,2021-09-03,1625.0,-1.25
RMP3,2021-09-03,1630.0,-1.23
RMP3,2021-09-03,1635.0,-1.0
RMP3,2021-09-03,1640.0,-1.03
RMP3,2021-09-03,1645.0,-1.03
RMP3,2021-09-03,1650.0,-0.96
RMP3,2021-09-03,1655.0,-0.92
RMP3,2021-09-03,1660.0,-0.94
RMP3,2021-09-03,1665.0,-0.97
RMP3,2021-09-03,1670.0,-1.12
RMP3,2021-09-03,1675.0,-1.23
RMP3,2021-09-03,1680.0,-1.28
RMP3,2021-09-03,1685.0,-1.26
RMP3,2021-09-03,1690.0,-1.29
RMP3,2021-09-03,1695.0,-1.35
RMP3,2021-09-03,1700.0,-1.29
RMP3,2021-09-03,1705.0,-1.3
RMP3,2021-09-03,1710.0,-1.26
RMP3,2021-09-03,1715.0,-1.07
RMP3,2021-09-03,1720.0,-1.13
RMP3,2021-09-03,1725.0,-1.52
RMP3,2021-09-03,1730.0,-1.52
RMP3,2021-09-03,1735.0,-1.69
RMP3,2021-09-03,1740.0,-1.22
RMP3,2021-09-03,1745.0,-0.95
RMP3,2021-09-03,1750.0,-0.95
RMP3,2021-09-03,1755.0,-0.97
RMP3,2021-09-03,1760.0,-1.05
RMP3,2021-09-03,1765.0,-1.35
RMP3,2021-09-03,1770.0,-1.08
RMP3,2021-09-03,1775.0,-1.29
RMP3,2021-09-03,1780.0,-1.31
RMP3,2021-09-03,1785.0,-1.5
RMP3,2021-09-03,1790.0,-1.71
RMP3,2021-09-03,1795.0,-1.71
RMP3,2021-09-03,1800.0,-1.82
RMP3,2021-09-03,1805.0,-1.83
RMP3,2021-09-03,1810.0,-1.83
RMP3,2021-09-03,1815.0,-1.82
RMP3,2021-09-03,1820.0,-1.82
RMP3,2021-09-03,1825.0,-1.85
RMP3,2021-09-03,1830.0,-1.85
RMP3,2021-09-03,1835.0,-1.85
RMP3,2021-09-03,1840.0,-1.88
RMP3,2021-09-03,1845.0,-1.92
RMP3,2021-09-03,1850.0,-1.99
RMP3,2021-09-03,1855.0,-2.04
RMP3,2021-09-03,1860.0,-2.07
RMP3,2021-09-03,1865.0,-1.99
RMP3,2021-09-03,1870.0,-1.97
RMP3,2021-09-03,1875.0,-1.94
RMP3,2021-09-03,1880.0,-1.94
RMP3,2021-09-03,1885.0,-1.91
RMP3,2021-09-03,1890.0,-1.87
RMP3,2021-09-03,1895.0,-1.93
RMP3,2021-09-03,1900.0,-1.88
RMP3,2021-09-03,1905.0,-1.88
RMP3,2021-09-03,1910.0,-1.86
RMP3,2021-09-03,1915.0,-1.99
RMP3,2021-09-03,1920.0,-2.07
RMP3,2021-09-03,1925.0,-2.08
RMP3,2021-09-03,1930.0,-2.08
RMP3,2021-09-03,1935.0,-2.07
RMP3,2021-09-03,1940.0,-2.11
RMP3,2021-09-03,1945.0,-2.14
RMP3,2021-09-03,1950.0,-2.13
RMP3,2021-09-03,1955.0,-2.09
RMP3,2021-09-03,1960.0,-2.22
RMP3,2021-09-03,1965.0,-2.29
RMP3,2021-09-03,1970.0,-2.27
RMP3,2021-09-03,1975.0,-2.28
RMP3,2021-09-03,1980.0,-2.33
RMP3,2021-09-03,1985.0,-2.39
RMP3,2021-09-03,1990.0,-2.41
RMP3,2021-09-03,1995.0,-2.38
RMP3,2021-09-03,2000.0,-2.44
RMP3,2021-09-03,2005.0,-2.55
RMP3,2021-09-03,2010.0,-2.55
RMP3,2021-09-03,2015.0,-2.48
RMP3,2021-09-03,2020.0,-2.5
RMP3,2021-09-03,2025.0,-2.55
RMP3,2021-09-03,2030.0,-2.54
RMP3,2021-09-03,2035.0,-2.54
RMP3,2021-09-03,2040.0,-2.65
RMP3,2021-09-03,2045.0,-2.61
RMP3,2021-09-03,2050.0,-2.68
RMP3,2021-09-03,2055.0,-2.62
RMP3,2021-09-03,2060.0,-2.71
RMP3,2021-09-03,2065.0,-2.59
RMP3,2021-09-03,2070.0,-2.59
RMP3,2021-09-03,2075.0,-2.6
RMP3,2021-09-03,2080.0,-2.61
RMP3,2021-09-03,2085.0,-2.64
RMP3,2021-09-03,2090.0,-2.67
RMP3,2021-09-03,2095.0,-2.65
RMP3,2021-09-03,2100.0,-2.63
RMP3,2021-09-03,2105.0,-2.7
RMP3,2021-09-03,2110.0,-2.75
RMP3,2021-09-03,2115.0,-2.77
RMP3,2021-09-03,2120.0,-2.8
RMP3,2021-09-03,2125.0,-2.83
RMP3,2021-09-03,2130.0,-2.89
RMP3,2021-09-03,2135.0,-2.93
RMP3,2021-09-03,2140.0,-3.08
RMP3,2021-09-03,2145.0,-3.11
RMP3,2021-09-03,2150.0,-3.01
RMP3,2021-09-03,2155.0,-3.18
RMP3,2021-09-03,2160.0,-3.18
RMP3,2021-09-03,2165.0,-3.28
RMP3,2021-09-03,2170.0,-3.34
RMP3,2021-09-03,2175.0,-3.32
RMP3,2021-09-03,2180.0,-3.36
RMP3,2021-09-03,2185.0,-3.37
RMP3,2021-09-03,2190.0,-3.35
RMP3,2021-09-03,2195.0,-3.4
RMP3,2021-09-03,2200.0,-3.37
RMP3,2021-09-03,2205.0,-3.42
RMP3,2021-09-03,2210.0,-3.42
RMP3,2021-09-03,2215.0,-3.44
RMP3,2021-09-03,2220.0,-3.5
RMP3,2021-09-03,2225.0,-3.5
RMP3,2021-09-03,2230.0,-3.53
RMP3,2021-09-03,2235.0,-3.55
RMP3,2021-09-03,2240.0,-3.51
RMP3,2021-09-03,2245.0,-3.61
RMP3,2021-09-03,2250.0,-3.63
RMP3,2021-09-03,2255.0,-3.69
RMP3,2021-09-03,2260.0,-3.78
RMP3,2021-09-03,2265.0,-3.66
RMP3,2021-09-03,2270.0,-3.67
RMP3,2021-09-03,2275.0,-3.76
RMP3,2021-09-03,2280.0,-3.63
RMP3,2021-09-03,2285.0,-3.71
RMP3,2021-09-03,2290.0,-3.81
RMP3,2021-09-03,2295.0,-3.9
RMP3,2021-09-03,2300.0,-3.8
RMP3,2021-09-03,2305.0,-3.77
RMP3,2021-09-03,2310.0,-3.85
RMP3,2021-09-03,2315.0,-3.79
RMP3,2021-09-03,2320.0,-3.86
RMP3,2021-09-03,2325.0,-3.91
RMP3,2021-09-03,2330.0,-3.85
RMP3,2021-09-03,2335.0,-3.93
RMP3,2021-09-03,2340.0,-3.98
RMP3,2021-09-03,2345.0,-3.94
RMP3,2021-09-03,2350.0,-3.93
RMP3,2021-09-03,2355.0,-3.87
RMP3,2021-09-03,2360.0,-3.93
RMP3,2021-09-03,2365.0,-3.95
RMP3,2021-09-03,2370.0,-4.01
RMP3,2021-09-03,2375.0,-4.01
RMP3,2021-09-03,2380.0,-4.02
RMP3,2021-09-03,2385.0,-3.99
RMP3,2021-09-03,2390.0,-3.91
RMP3,2021-09-03,2395.0,-3.91
RMP3,2021-09-03,2400.0,-4.1
RMP3,2021-09-03,2405.0,-3.97
RMP3,2021-09-03,2410.0,-4.01
RMP3,2021-09-03,2415.0,-4.04
RMP3,2021-09-03,2420.0,-4.04
RMP3,2021-09-03,2425.0,-4.0
RMP3,2021-09-03,2430.0,-4.04
RMP3,2021-09-03,2435.0,-4.09
RMP3,2021-09-03,2440.0,-3.93
RMP3,2021-09-03,2445.0,-4.02
RMP3,2021-09-03,2450.0,-4.03
RMP3,2021-09-03,2455.0,-4.07
RMP3,2021-09-03,2460.0,-4.1
RMP3,2021-09-03,2465.0,-4.1
RMP3,2021-09-03,2470.0,-3.99
RMP3,2021-09-03,2475.0,-3.77
RMP3,2021-09-03,2480.0,-4.13
RMP3,2021-09-03,2485.0,-4.13
RMP3,2021-09-03,2490.0,-4.1
RMP3,2021-09-03,2495.0,-4.13
RMP3,2021-09-03,2500.0,-4.2
RMP3,2021-09-03,2505.0,-4.15
RMP3,2021-09-03,2510.0,-4.14
RMP3,2021-09-03,2515.0,-4.13
RMP3,2021-09-03,2520.0,-4.09
RMP3,2021-09-03,2525.0,-4.06
RMP3,2021-09-03,2530.0,-4.06
RMP3,2021-09-03,2535.0,-4.12
RMP3,2021-09-03,2540.0,-4.09
RMP3,2021-09-03,2545.0,-4.17
RMP3,2021-09-03,2550.0,-4.18
RMP3,2021-09-03,2555.0,-4.26
RMP3,2021-09-03,2560.0,-4.02
RMP3,2021-09-03,2565.0,-4.18
RMP3,2021-09-03,2570.0,-4.22
RMP3,2021-09-03,2575.0,-4.18
RMP3,2021-09-03,2580.0,-4.21
RMP3,2021-09-03,2585.0,-4.15
RMP3,2021-09-03,2590.0,-4.18
RMP3,2021-09-03,2595.0,-4.14
RMP3,2021-09-03,2600.0,-4.11
RMP3,2021-09-03,2605.0,-4.19
RMP3,2021-09-03,2610.0,-4.29
RMP3,2021-09-03,2615.0,-4.29
RMP3,2021-09-03,2620.0,-4.32
RMP3,2021-09-03,2625.0,-4.29
RMP3,2021-09-03,2630.0,-4.26
RMP3,2021-09-03,2635.0,-4.26
RMP3,2021-09-03,2640.0,-4.27
RMP3,2021-09-03,2645.0,-4.23
RMP3,2021-09-03,2650.0,-4.23
RMP3,2021-09-03,2655.0,-4.2
RMP3,2021-09-03,2660.0,-4.15
RMP3,2021-09-03,2665.0,-4.24
RMP3,2021-09-03,2670.0,-4.3
RMP3,2021-09-03,2675.0,-4.34
RMP3,2021-09-03,2680.0,-4.25
RMP3,2021-09-03,2685.0,-4.24
RMP3,2021-09-03,2690.0,-4.3
RMP3,2021-09-03,2695.0,-4.28
RMP3,2021-09-03,2700.0,-4.26
RMP3,2021-09-03,2705.0,-4.25
RMP3,2021-09-03,2710.0,-4.33
RMP3,2021-09-03,2715.0,-4.23
RMP3,2021-09-03,2720.0,-4.33
RMP3,2021-09-03,2725.0,-4.32
RMP3,2021-09-03,2730.0,-4.24
RMP3,2021-09-03,2735.0,-4.34
RMP3,2021-09-03,2740.0,-4.37
RMP3,2021-09-03,2745.0,-4.33
RMP3,2021-09-03,2750.0,-4.35
RMP3,2021-09-03,2755.0,-4.46
RMP3,2021-09-03,2760.0,-4.43
RMP3,2021-09-03,2765.0,-4.38
RMP3,2021-09-03,2770.0,-4.43
RMP3,2021-09-03,2775.0,-4.43
RMP3,2021-09-03,2780.0,-4.39
RMP3,2021-09-03,2785.0,-4.41
RMP3,2021-09-03,2790.0,-4.41
RMP3,2021-09-03,2795.0,-4.4
RMP3,2021-09-03,2800.0,-4.41
RMP3,2021-09-03,2805.0,-4.51
RMP3,2021-09-03,2810.0,-4.51
RMP3,2021-09-03,2815.0,-4.47
RMP3,2021-09-03,2820.0,-4.52
RMP3,2021-09-03,2825.0,-4.55
RMP3,2021-09-03,2830.0,-4.5
RMP3,2021-09-03,2835.0,-4.54
RMP3,2021-09-03,2840.0,-4.62
RMP3,2021-09-03,2845.0,-4.63
RMP3,2021-09-03,2850.0,-4.49
RMP3,2021-09-03,2855.0,-4.51
RMP3,2021-09-03,2860.0,-4.57
RMP3,2021-09-03,2865.0,-4.52
RMP3,2021-09-03,2870.0,-4.53
RMP3,2021-09-03,2875.0,-4.58
RMP3,2021-09-03,2880.0,-4.54
RMP3,2021-09-03,2885.0,-4.62
RMP3,2021-09-03,2890.0,-4.66
RMP3,2021-09-03,2895.0,-4.72
RMP3,2021-09-03,2900.0,-4.72
RMP3,2021-09-03,2905.0,-4.56
RMP3,2021-09-03,2910.0,-4.59
RMP3,2021-09-03,2915.0,-4.5
RMP3,2021-09-03,2920.0,-4.74
RMP3,2021-09-03,2925.0,-4.75
RMP3,2021-09-03,2930.0,-4.75
RMP3,2021-09-03,2935.0,-4.75
RMP3,2021-09-03,2940.0,-4.76
RMP3,2021-09-03,2945.0,-4.87
RMP3,2021-09-03,2950.0,-4.85
RMP3,2021-09-03,2955.0,-4.89
RMP3,2021-09-03,2960.0,-4.87
RMP3,2021-09-03,2965.0,-4.91
RMP3,2021-09-03,2970.0,-4.85
RMP3,2021-09-03,2975.0,-4.9
RMP3,2021-09-03,2980.0,-4.88
RMP3,2021-09-03,2985.0,-4.87
RMP3,2021-09-03,2990.0,-4.95
RMP3,2021-09-03,2995.0,-4.92
RMP3,2021-09-03,3000.0,-4.92
RMP3,2021-09-03,3005.0,-4.91
RMP3,2021-09-03,3010.0,-4.88
RMP3,2021-09-03,3015.0,-4.97
RMP3,2021-09-03,3020.0,-4.99
RMP3,2021-09-03,3025.0,-5.01
RMP3,2021-09-03,3030.0,-5.03
RMP3,2021-09-03,3035.0,-4.84
RMP3,2021-09-03,3040.0,-5.06
RMP3,2021-09-03,3045.0,-5.1
RMP3,2021-09-03,3050.0,-5.07
RMP3,2021-09-03,3055.0,-5.11
RMP3,2021-09-03,3060.0,-5.11
RMP3,2021-09-03,3065.0,-5.15
RMP3,2021-09-03,3070.0,-5.19
RMP3,2021-09-03,3075.0,-5.2
RMP3,2021-09-03,3080.0,-5.21
RMP3,2021-09-03,3085.0,-5.23
RMP3,2021-09-03,3090.0,-5.24
RMP3,2021-09-03,3095.0,-5.23
RMP3,2021-09-03,3100.0,-5.07
RMP3,2021-09-03,3105.0,-5.24
RMP3,2021-09-03,3110.0,-5.25
RMP3,2021-09-03,3115.0,-5.29
RMP3,2021-09-03,3120.0,-5.26
RMP3,2021-09-03,3125.0,-5.39
RMP3,2021-09-03,3130.0,-5.43
RMP3,2021-09-03,3135.0,-5.46
RMP3,2021-09-03,3140.0,-5.44
RMP3,2021-09-03,3145.0,-5.47
RMP3,2021-09-03,3150.0,-5.48
RMP3,2021-09-03,3155.0,-5.49
RMP3,2021-09-03,3160.0,-5.44
RMP3,2021-09-03,3165.0,-5.44
RMP3,2021-09-03,3170.0,-5.45
RMP3,2021-09-03,3175.0,-5.4
RMP3,2021-09-03,3180.0,-5.36
RMP3,2021-09-03,3185.0,-5.41
RMP3,2021-09-03,3190.0,-5.24
RMP3,2021-09-03,3195.0,-5.27
RMP3,2021-09-03,3200.0,-5.38
RMP3,2021-09-03,3205.0,-5.39
RMP3,2021-09-03,3210.0,-5.42
RMP3,2021-09-03,3215.0,-5.25
RMP3,2021-09-03,3220.0,-5.21
RMP3,2021-09-03,3225.0,-5.3
RMP3,2021-09-03,3230.0,-5.32
RMP3,2021-09-03,3235.0,-5.51
RMP3,2021-09-03,3240.0,-5.58
RMP3,2021-09-03,3245.0,-5.64
RMP3,2021-09-03,3250.0,-5.68
RMP3,2021-09-03,3255.0,-5.64
RMP3,2021-09-03,3260.0,-5.67
RMP3,2021-09-03,3265.0,-5.6
RMP3,2021-09-03,3270.0,-5.63
RMP3,2021-09-03,3275.0,-5.68
RMP3,2021-09-03,3280.0,-5.71
RMP3,2021-09-03,3285.0,-5.72
RMP3,2021-09-03,3290.0,-5.67
RMP3,2021-09-03,3295.0,-5.65
RMP3,2021-09-03,3300.0,-5.69
RMP3,2021-09-03,3305.0,-5.75
RMP3,2021-09-03,3310.0,-5.69
RMP3,2021-09-03,3315.0,-5.67
RMP3,2021-09-03,3320.0,-5.61
RMP3,2021-09-03,3325.0,-5.88
RMP3,2021-09-03,3330.0,-5.92
RMP3,2021-09-03,3335.0,-5.9
RMP3,2021-09-03,3340.0,-5.89
RMP3,2021-09-03,3345.0,-5.92
RMP3,2021-09-03,3350.0,-5.97
RMP3,2021-09-03,3355.0,-6.01
RMP3,2021-09-03,3360.0,-6.03
RMP3,2021-09-03,3365.0,-5.94
RMP3,2021-09-03,3370.0,-6.06
RMP3,2021-09-03,3375.0,-6.07
RMP3,2021-09-03,3380.0,-6.08
RMP3,2021-09-03,3385.0,-6.08
RMP3,2021-09-03,3390.0,-6.07
RMP3,2021-09-03,3395.0,-6.12
RMP3,2021-09-03,3400.0,-6.14
RMP3,2021-09-03,3405.0,-6.19
RMP3,2021-09-03,3410.0,-6.1
RMP3,2021-09-03,3415.0,-6.24
RMP3,2021-09-03,3420.0,-6.29
RMP3,2021-09-03,3425.0,-6.25
RMP3,2021-09-03,3430.0,-6.29
RMP3,2021-09-03,3435.0,-6.29
RMP3,2021-09-03,3440.0,-6.32
RMP3,2021-09-03,3445.0,-6.33
RMP3,2021-09-03,3450.0,-6.33
RMP3,2021-09-03,3455.0,-6.37
RMP3,2021-09-03,3460.0,-6.37
RMP3,2021-09-03,3465.0,-6.35
RMP3,2021-09-03,3470.0,-6.4
RMP3,2021-09-03,3475.0,-6.43
RMP3,2021-09-03,3480.0,-6.41
RMP3,2021-09-03,3485.0,-6.41
RMP3,2021-09-03,3490.0,-6.41
RMP3,2021-09-03,3495.0,-6.45
RMP3,2021-09-03,3500.0,-6.51
RMP3,2021-09-03,3505.0,-6.5
RMP3,2021-09-03,3510.0,-6.48
RMP3,2021-09-03,3515.0,-6.52
RMP3,2021-09-03,3520.0,-6.52
RMP3,2021-09-03,3525.0,-6.5
RMP3,2021-09-03,3530.0,-6.54
RMP3,2021-09-03,3535.0,-6.6
RMP3,2021-09-03,3540.0,-6.62
RMP3,2021-09-03,3545.0,-6.58
RMP3,2021-09-03,3550.0,-6.71
RMP3,2021-09-03,3555.0,-6.8
RMP3,2021-09-03,3560.0,-6.81
RMP3,2021-09-03,3565.0,-6.89
RMP3,2021-09-03,3570.0,-6.93
RMP3,2021-09-03,3575.0,-6.93
RMP3,2021-09-03,3580.0,-6.9
RMP3,2021-09-03,3585.0,-6.95
RMP3,2021-09-03,3590.0,-7.01
RMP3,2021-09-03,3595.0,-7.06
RMP3,2021-09-03,3600.0,-7.08
RMP3,2021-09-03,3605.0,-7.1
RMP3,2021-09-03,3610.0,-7.12
RMP3,2021-09-03,3615.0,-7.14
RMP3,2021-09-03,3620.0,-7.02
RMP3,2021-09-03,3625.0,-7.02
RMP3,2021-09-03,3630.0,-7.11
RMP3,2021-09-03,3635.0,-7.3
RMP3,2021-09-03,3640.0,-7.31
RMP3,2021-09-03,3645.0,-7.36
RMP3,2021-09-03,3650.0,-7.37
RMP3,2021-09-03,3655.0,-7.26
RMP3,2021-09-03,3660.0,-7.31
RMP3,2021-09-03,3665.0,-7.41
RMP3,2021-09-03,3670.0,-7.54
RMP3,2021-09-03,3675.0,-7.6
RMP3,2021-09-03,3680.0,-7.67
RMP3,2021-09-03,3685.0,-7.64
RMP3,2021-09-03,3690.0,-7.64
RMP3,2021-09-03,3695.0,-7.55
RMP3,2021-09-03,3700.0,-7.78
RMP3,2021-09-03,3705.0,-7.77
RMP3,2021-09-03,3710.0,-7.71
RMP3,2021-09-03,3715.0,-7.71
RMP3,2021-09-03,3720.0,-7.67
RMP3,2021-09-03,3725.0,-7.7
RMP3,2021-09-03,3730.0,-7.8
RMP3,2021-09-03,3735.0,-7.95
RMP3,2021-09-03,3740.0,-8.03
RMP3,2021-09-03,3745.0,-8.03
RMP3,2021-09-03,3750.0,-7.96
RMP3,2021-09-03,3755.0,-7.85
RMP3,2021-09-03,3760.0,-7.71
RMP3,2021-09-03,3765.0,-7.86
RMP3,2021-09-03,3770.0,-7.88
RMP3,2021-09-03,3775.0,-7.87
RMP3,2021-09-03,3780.0,-7.86
RMP3,2021-09-03,3785.0,-7.87
RMP3,2021-09-03,3790.0,-7.94
RMP3,2021-09-03,3795.0,-7.87
RMP3,2021-09-03,3800.0,-7.86
RMP3,2021-09-03,3805.0,-7.8
RMP3,2021-09-03,3810.0,-7.93
RMP3,2021-09-03,3815.0,-8.03
RMP3,2021-09-03,3820.0,-7.97
RMP3,2021-09-03,3825.0,-7.89
RMP3,2021-09-03,3830.0,-7.87
RMP3,2021-09-03,3835.0,-7.84
RMP3,2021-09-03,3840.0,-7.73
RMP3,2021-09-03,3845.0,-7.86
RMP3,2021-09-03,3850.0,-7.85
RMP3,2021-09-03,3855.0,-7.79
RMP3,2021-09-03,3860.0,-7.69
RMP3,2021-09-03,3865.0,-7.58
RMP3,2021-09-03,3870.0,-7.77
RMP3,2021-09-03,3875.0,-7.88
RMP3,2021-09-03,3880.0,-7.91
RMP3,2021-09-03,3885.0,-7.87
RMP3,2021-09-03,3890.0,-7.95
RMP3,2021-09-03,3895.0,-7.95
RMP3,2021-09-03,3900.0,-7.89
RMP3,2021-09-03,3905.0,-7.77
RMP3,2021-09-03,3910.0,-7.78
RMP3,2021-09-03,3915.0,-7.85
RMP3,2021-09-03,3920.0,-7.73
RMP3,2021-09-03,3925.0,-7.71
RMP3,2021-09-03,3930.0,-7.77
RMP3,2021-09-03,3935.0,-7.85
RMP3,2021-09-03,3940.0,-8.0
RMP3,2021-09-03,3945.0,-8.03
RMP3,2021-09-03,3950.0,-8.11
RMP3,2021-09-03,3955.0,-8.11
RMP3,2021-09-03,3960.0,-8.18
RMP3,2021-09-03,3965.0,-8.2
RMP3,2021-09-03,3970.0,-8.35
RMP3,2021-09-03,3975.0,-8.43
RMP3,2021-09-03,3980.0,-8.45
RMP3,2021-09-03,3985.0,-8.52
RMP3,2021-09-03,3990.0,-8.57
RMP3,2021-09-03,3995.0,-8.6
RMP3,2021-09-03,4000.0,-8.61
RMP3,2021-09-03,4005.0,-8.68
RMP3,2021-09-03,4010.0,-8.73
RMP3,2021-09-03,4015.0,-8.74
RMP3,2021-09-03,4020.0,-8.71
RMP3,2021-09-03,4025.0,-8.69
RMP3,2021-09-03,4030.0,-8.71
RMP3,2021-09-03,4035.0,-8.67
RMP3,2021-09-03,4040.0,-8.67
RMP3,2021-09-03,4045.0,-8.68
RMP3,2021-09-03,4050.0,-8.7
RMP3,2021-09-03,4055.0,-8.65
RMP3,2021-09-03,4060.0,-8.76
RMP3,2021-09-03,4065.0,-8.77
RMP3,2021-09-03,4070.0,-8.84
RMP3,2021-09-03,4075.0,-8.86
RMP3,2021-09-03,4080.0,-8.93
RMP3,2021-09-03,4085.0,-9.0
RMP3,2021-09-03,4090.0,-9.01
RMP3,2021-09-03,4095.0,-9.01
RMP3,2021-09-03,4100.0,-9.1
RMP3,2021-09-03,4105.0,-9.11
RMP3,2021-09-03,4110.0,-9.18
RMP3,2021-09-03,4115.0,-9.25
RMP3,2021-09-03,4120.0,-9.26
RMP3,2021-09-03,4125.0,-9.27
RMP3,2021-09-03,4130.0,-9.33
RMP3,2021-09-03,4135.0,-9.33
RMP3,2021-09-03,4140.0,-9.33
RMP3,2021-09-03,4145.0,-9.33
RMP3,2021-09-03,4150.0,-9.41
RMP3,2021-09-03,4155.0,-9.45
RMP3,2021-09-03,4160.0,-9.49
RMP3,2021-09-03,4165.0,-9.57
RMP3,2021-09-03,4170.0,-9.57
RMP3,2021-09-03,4175.0,-9.57
RMP3,2021-09-03,4180.0,-9.58
RMP3,2021-09-03,4185.0,-9.65
RMP3,2021-09-03,4190.0,-9.66
RMP3,2021-09-03,4195.0,-9.69
RMP3,2021-09-03,4200.0,-9.73
RMP3,2021-09-03,4205.0,-9.73
RMP3,2021-09-03,4210.0,-9.72
RMP3,2021-09-03,4215.0,-9.68
RMP3,2021-09-03,4220.0,-9.69
RMP3,2021-09-03,4225.0,-9.66
RMP3,2021-09-03,4230.0,-9.66
RMP3,2021-09-03,4235.0,-9.66
RMP3,2021-09-03,4240.0,-9.59
RMP3,2021-09-03,4245.0,-9.56
RMP3,2021-09-03,4250.0,-9.55
RMP3,2021-09-03,4255.0,-9.45
RMP3,2021-09-03,4260.0,-9.33
RMP3,2021-09-03,4265.0,-9.23
RMP3,2021-09-03,4270.0,-8.97
RMP3,2021-09-03,4275.0,-8.96
RMP3,2021-09-03,4280.0,-8.8
RMP3,2021-09-03,4285.0,-8.72
RMP3,2021-09-03,4290.0,-8.68
RMP3,2021-09-03,4295.0,-8.67
RMP3,2021-09-03,4300.0,-8.65
RMP3,2021-09-03,4305.0,-8.56
RMP3,2021-09-03,4310.0,-8.57
RMP3,2021-09-03,4315.0,-8.52
RMP3,2021-09-03,4320.0,-8.62
RMP3,2021-09-03,4325.0,-8.61
RMP3,2021-09-03,4330.0,-8.56
RMP3,2021-09-03,4335.0,-8.67
RMP3,2021-09-03,4340.0,-8.77
RMP3,2021-09-03,4345.0,-8.82
RMP3,2021-09-03,4350.0,-8.64
RMP3,2021-09-03,4355.0,-8.83
RMP3,2021-09-03,4360.0,-8.82
RMP3,2021-09-03,4365.0,-8.88
RMP3,2021-09-03,4370.0,-8.93
RMP3,2021-09-03,4375.0,-8.94
RMP3,2021-09-03,4380.0,-8.99
RMP3,2021-09-03,4385.0,-9.01
RMP3,2021-09-03,4390.0,-9.07
RMP3,2021-09-03,4395.0,-9.15
RMP3,2021-09-03,4400.0,-9.17
RMP3,2021-09-03,4405.0,-8.98
RMP3,2021-09-03,4410.0,-9.14
RMP3,2021-09-03,4415.0,-9.31
RMP3,2021-09-03,4420.0,-9.18
RMP3,2021-09-03,4425.0,-8.79
RMP3,2021-09-03,4430.0,-8.56
RMP3,2021-09-03,4435.0,-8.53
RMP3,2021-09-03,4440.0,-8.38
RMP3,2021-09-03,4445.0,-8.01
RMP3,2021-09-03,4450.0,-7.95
RMP3,2021-09-03,4455.0,-7.87
RMP3,2021-09-03,4460.0,-7.76
RMP3,2021-09-03,4465.0,-7.71
RMP3,2021-09-03,4470.0,-7.55
RMP3,2021-09-03,4475.0,-7.55
RMP3,2021-09-03,4480.0,-7.45
RMP3,2021-09-03,4485.0,-7.47
RMP3,2021-09-03,4490.0,-7.47
RMP3,2021-09-03,4495.0,-7.39
RMP3,2021-09-03,4500.0,-7.32
RMP3,2021-09-03,4505.0,-7.37
RMP3,2021-09-03,4510.0,-7.22
RMP3,2021-09-03,4515.0,-7.44
RMP3,2021-09-03,4520.0,-7.55
RMP3,2021-09-03,4525.0,-7.5
RMP3,2021-09-03,4530.0,-7.49
RMP3,2021-09-03,4535.0,-7.48
RMP3,2021-09-03,4540.0,-7.7
RMP3,2021-09-03,4545.0,-7.61
RMP3,2021-09-03,4550.0,-7.62
RMP3,2021-09-03,4555.0,-7.75
RMP3,2021-09-03,4560.0,-7.77
RMP3,2021-09-03,4565.0,-7.76
RMP3,2021-09-03,4570.0,-7.89
RMP3,2021-09-03,4575.0,-7.83
RMP3,2021-09-03,4580.0,-7.87
RMP3,2021-09-03,4585.0,-7.81
RMP3,2021-09-03,4590.0,-7.72
RMP3,2021-09-03,4595.0,-7.79
RMP3,2021-09-03,4600.0,-7.64
RMP3,2021-09-03,4605.0,-7.62
RMP3,2021-09-03,4610.0,-7.61
RMP3,2021-09-03,4615.0,-7.59
RMP3,2021-09-03,4620.0,-7.55
RMP3,2021-09-03,4625.0,-7.56
RMP3,2021-09-03,4630.0,-7.65
RMP3,2021-09-03,4635.0,-7.59
RMP3,2021-09-03,4640.0,-7.71
RMP3,2021-09-03,4645.0,-7.78
RMP3,2021-09-03,4650.0,-7.8
RMP3,2021-09-03,4655.0,-7.87
RMP3,2021-09-03,4660.0,-7.95
RMP3,2021-09-03,4665.0,-7.95
RMP3,2021-09-03,4670.0,-7.95
RMP3,2021-09-03,4675.0,-7.98
RMP3,2021-09-03,4680.0,-8.11
RMP3,2021-09-03,4685.0,-8.17
RMP3,2021-09-03,4690.0,-8.19
RMP3,2021-09-03,4695.0,-8.13
RMP3,2021-09-03,4700.0,-8.21
RMP3,2021-09-03,4705.0,-8.28
RMP3,2021-09-03,4710.0,-8.28
RMP3,2021-09-03,4715.0,-8.29
RMP3,2021-09-03,4720.0,-8.33
RMP3,2021-09-03,4725.0,-8.37
RMP3,2021-09-03,4730.0,-8.29
RMP3,2021-09-03,4735.0,-8.32
RMP3,2021-09-03,4740.0,-8.28
RMP3,2021-09-03,4745.0,-8.29
RMP3,2021-09-03,4750.0,-8.35
RMP3,2021-09-03,4755.0,-8.44
RMP3,2021-09-03,4760.0,-8.33
RMP3,2021-09-03,4765.0,-8.35
RMP3,2021-09-03,4770.0,-8.44
RMP3,2021-09-03,4775.0,-8.51
RMP3,2021-09-03,4780.0,-8.46
RMP3,2021-09-03,4785.0,-8.54
RMP3,2021-09-03,4790.0,-8.6
RMP3,2021-09-03,4795.0,-8.48
RMP3,2021-09-03,4800.0,-8.44
RMP3,2021-09-03,4805.0,-8.3
RMP3,2021-09-03,4810.0,-8.16
RMP3,2021-09-03,4815.0,-8.15
RMP3,2021-09-03,4820.0,-8.1
RMP3,2021-09-03,4825.0,-8.21
RMP3,2021-09-03,4830.0,-8.0
RMP3,2021-09-03,4835.0,-8.05
RMP3,2021-09-03,4840.0,-8.09
RMP3,2021-09-03,4845.0,-7.89
RMP3,2021-09-03,4850.0,-7.93
RMP3,2021-09-03,4855.0,-7.8
RMP3,2021-09-03,4860.0,-7.77
RMP3,2021-09-03,4865.0,-7.9
RMP3,2021-09-03,4870.0,-7.91
RMP3,2021-09-03,4875.0,-7.83
RMP3,2021-09-03,4880.0,-7.94
RMP3,2021-09-03,4885.0,-7.98
RMP3,2021-09-03,4890.0,-8.02
RMP3,2021-09-03,4895.0,-7.95
RMP3,2021-09-03,4900.0,-8.08
RMP3,2021-09-03,4905.0,-8.1
RMP3,2021-09-03,4910.0,-8.06
RMP3,2021-09-03,4915.0,-7.9
RMP3,2021-09-03,4920.0,-7.84
RMP3,2021-09-03,4925.0,-7.71
RMP3,2021-09-03,4930.0,-7.41
RMP3,2021-09-03,4935.0,-7.29
RMP3,2021-09-03,4940.0,-7.19
RMP3,2021-09-03,4945.0,-7.1
RMP3,2021-09-03,4950.0,-6.92
RMP3,2021-09-03,4955.0,-6.97
RMP3,2021-09-03,4960.0,-6.8
RMP3,2021-09-03,4965.0,-6.98
RMP3,2021-09-03,4970.0,-6.98
RMP3,2021-09-03,4975.0,-6.83
RMP3,2021-09-03,4980.0,-7.01
RMP3,2021-09-03,4985.0,-6.9
RMP3,2021-09-03,4990.0,-7.06
RMP3,2021-09-03,4995.0,-7.07
RMP3,2021-09-03,5000.0,-7.05
RMP3,2021-09-03,5005.0,-7.26
RMP3,2021-09-03,5010.0,-7.24
RMP3,2021-09-03,5015.0,-7.21
RMP3,2021-09-03,5020.0,-7.23
RMP3,2021-09-03,5025.0,-7.31
RMP3,2021-09-03,5030.0,-7.32
RMP3,2021-09-03,5035.0,-7.33
RMP3,2021-09-03,5040.0,-7.49
RMP3,2021-09-03,5045.0,-7.44
RMP3,2021-09-03,5050.0,-7.69
RMP3,2021-09-03,5055.0,-7.7
RMP3,2021-09-03,5060.0,-7.7
RMP3,2021-09-03,5065.0,-7.71
RMP3,2021-09-03,5070.0,-7.76
RMP3,2021-09-03,5075.0,-7.8
RMP3,2021-09-03,5080.0,-7.88
RMP3,2021-09-03,5085.0,-7.94
RMP3,2021-09-03,5090.0,-7.85
RMP3,2021-09-03,5095.0,-7.74
RMP3,2021-09-03,5100.0,-7.66
RMP3,2021-09-03,5105.0,-7.68
RMP3,2021-09-03,5110.0,-7.52
RMP3,2021-09-03,5115.0,-7.58
RMP3,2021-09-03,5120.0,-7.57
RMP3,2021-09-03,5125.0,-7.51
RMP3,2021-09-03,5130.0,-7.59
RMP3,2021-09-03,5135.0,-7.59
RMP3,2021-09-03,5140.0,-7.63
RMP3,2021-09-03,5145.0,-7.63
RMP3,2021-09-03,5150.0,-7.77
RMP3,2021-09-03,5155.0,-7.72
RMP3,2021-09-03,5160.0,-7.93
RMP3,2021-09-03,5165.0,-7.93
RMP3,2021-09-03,5170.0,-8.03
RMP3,2021-09-03,5175.0,-8.08
RMP3,2021-09-03,5180.0,-8.09
RMP3,2021-09-03,5185.0,-8.13
RMP3,2021-09-03,5190.0,-8.28
RMP3,2021-09-03,5195.0,-8.5
RMP3,2021-09-03,5200.0,-8.49
RMP3,2021-09-03,5205.0,-8.31
RMP3,2021-09-03,5210.0,-8.19
RMP3,2021-09-03,5215.0,-8.03
RMP3,2021-09-03,5220.0,-7.95
RMP3,2021-09-03,5225.0,-7.84
RMP3,2021-09-03,5230.0,-7.84
RMP3,2021-09-03,5235.0,-7.81
RMP3,2021-09-03,5240.0,-7.79
RMP3,2021-09-03,5245.0,-7.75
RMP3,2021-09-03,5250.0,-7.92
RMP3,2021-09-03,5255.0,-7.81
RMP3,2021-09-03,5260.0,-8.02
RMP3,2021-09-03,5265.0,-7.96
RMP3,2021-09-03,5270.0,-8.13
RMP3,2021-09-03,5275.0,-8.16
RMP3,2021-09-03,5280.0,-8.25
RMP3,2021-09-03,5285.0,-8.27
RMP3,2021-09-03,5290.0,-8.31
RMP3,2021-09-03,5295.0,-8.33
RMP3,2021-09-03,5300.0,-8.35
RMP3,2021-09-03,5305.0,-8.46
RMP3,2021-09-03,5310.0,-8.43
RMP3,2021-09-03,5315.0,-8.41
RMP3,2021-09-03,5320.0,-8.57
RMP3,2021-09-03,5325.0,-8.47
RMP3,2021-09-03,5330.0,-8.61
RMP3,2021-09-03,5335.0,-8.66
RMP3,2021-09-03,5340.0,-8.64
RMP3,2021-09-03,5345.0,-8.62
RMP3,2021-09-03,5350.0,-8.76
RMP3,2021-09-03,5355.0,-8.75
RMP3,2021-09-03,5360.0,-8.69
RMP3,2021-09-03,5365.0,-8.72
RMP3,2021-09-03,5370.0,-8.87
RMP3,2021-09-03,5375.0,-8.75
RMP3,2021-09-03,5380.0,-8.81
RMP3,2021-09-03,5385.0,-8.94
RMP3,2021-09-03,5390.0,-8.81
RMP3,2021-09-03,5395.0,-9.09
RMP3,2021-09-03,5400.0,-8.97
RMP3,2021-09-03,5405.0,-9.08
RMP3,2021-09-03,5410.0,-9.0
RMP3,2021-09-03,5415.0,-9.01
RMP3,2021-09-03,5420.0,-9.03
RMP3,2021-09-03,5425.0,-9.21
RMP3,2021-09-03,5430.0,-9.33
RMP3,2021-09-03,5435.0,-9.33
RMP3,2021-09-03,5440.0,-9.4
RMP3,2021-09-03,5445.0,-9.61
RMP3,2021-09-03,5450.0,-9.74
RMP3,2021-09-03,5455.0,-9.42
RMP3,2021-09-03,5460.0,-9.06
RMP3,2021-09-03,5465.0,-8.91
RMP3,2021-09-03,5470.0,-8.77
RMP3,2021-09-03,5475.0,-8.82
RMP3,2021-09-03,5480.0,-8.71
RMP3,2021-09-03,5485.0,-8.84
RMP3,2021-09-03,5490.0,-8.61
RMP3,2021-09-03,5495.0,-8.73
RMP3,2021-09-03,5500.0,-8.95
RMP3,2021-09-03,5505.0,-9.04
RMP3,2021-09-03,5510.0,-9.04
RMP3,2021-09-03,5515.0,-9.12
RMP3,2021-09-03,5520.0,-9.32
RMP3,2021-09-03,5525.0,-9.2
RMP3,2021-09-03,5530.0,-9.45
RMP3,2021-09-03,5535.0,-9.49
RMP3,2021-09-03,5540.0,-9.65
RMP3,2021-09-03,5545.0,-9.67
RMP3,2021-09-03,5550.0,-9.75
RMP3,2021-09-03,5555.0,-9.86
RMP3,2021-09-03,5560.0,-9.87
RMP3,2021-09-03,5565.0,-9.83
RMP3,2021-09-03,5570.0,-9.84
RMP3,2021-09-03,5575.0,-9.98
RMP3,2021-09-03,5580.0,-10.01
RMP3,2021-09-03,5585.0,-10.05
RMP3,2021-09-03,5590.0,-10.14
RMP3,2021-09-03,5595.0,-10.16
RMP3,2021-09-03,5600.0,-10.24
RMP3,2021-09-03,5605.0,-10.31
RMP3,2021-09-03,5610.0,-10.39
RMP3,2021-09-03,5615.0,-10.39
RMP3,2021-09-03,5620.0,-10.45
RMP3,2021-09-03,5625.0,-10.55
RMP3,2021-09-03,5630.0,-10.62
RMP3,2021-09-03,5635.0,-10.63
RMP3,2021-09-03,5640.0,-10.73
RMP3,2021-09-03,5645.0,-10.85
RMP3,2021-09-03,5650.0,-10.87
RMP3,2021-09-03,5655.0,-10.94
RMP3,2021-09-03,5660.0,-10.98
RMP3,2021-09-03,5665.0,-11.09
RMP3,2021-09-03,5670.0,-11.12
RMP3,2021-09-03,5675.0,-11.16
RMP3,2021-09-03,5680.0,-11.39
RMP3,2021-09-03,5685.0,-11.36
RMP3,2021-09-03,5690.0,-11.38
RMP3,2021-09-03,5695.0,-11.57
RMP3,2021-09-03,5700.0,-11.7
RMP3,2021-09-03,5705.0,-11.9
RMP3,2021-09-03,5710.0,-11.88
RMP3,2021-09-03,5715.0,-11.86
RMP3,2021-09-03,5720.0,-11.28
RMP3,2021-09-03,5725.0,-11.25
RMP3,2021-09-03,5730.0,-10.95
RMP3,2021-09-03,5735.0,-10.68
RMP3,2021-09-03,5740.0,-10.49
RMP3,2021-09-03,5745.0,-10.39
RMP3,2021-09-03,5750.0,-10.32
RMP3,2021-09-03,5755.0,-10.31
RMP3,2021-09-03,5760.0,-10.31
RMP3,2021-09-03,5765.0,-10.37
RMP3,2021-09-03,5770.0,-10.38
RMP3,2021-09-03,5775.0,-10.39
RMP3,2021-09-03,5780.0,-10.46
RMP3,2021-09-03,5785.0,-10.38
RMP3,2021-09-03,5790.0,-10.31
RMP3,2021-09-03,5795.0,-10.15
RMP3,2021-09-03,5800.0,-10.08
RMP3,2021-09-03,5805.0,-9.92
RMP3,2021-09-03,5810.0,-9.88
RMP3,2021-09-03,5815.0,-9.87
RMP3,2021-09-03,5820.0,-9.81
RMP3,2021-09-03,5825.0,-9.75
RMP3,2021-09-03,5830.0,-9.74
RMP3,2021-09-03,5835.0,-9.73
RMP3,2021-09-03,5840.0,-9.68
RMP3,2021-09-03,5845.0,-9.73
RMP3,2021-09-03,5850.0,-9.74
RMP3,2021-09-03,5855.0,-9.78
RMP3,2021-09-03,5860.0,-9.76
RMP3,2021-09-03,5865.0,-9.77
RMP3,2021-09-03,5870.0,-9.86
RMP3,2021-09-03,5875.0,-9.97
RMP3,2021-09-03,5880.0,-10.09
RMP3,2021-09-03,5885.0,-10.17
RMP3,2021-09-03,5890.0,-10.24
RMP3,2021-09-03,5895.0,-10.31
RMP3,2021-09-03,5900.0,-10.4
RMP3,2021-09-03,5905.0,-10.52
RMP3,2021-09-03,5910.0,-10.57
RMP3,2021-09-03,5915.0,-10.57
RMP3,2021-09-03,5920.0,-10.61
RMP3,2021-09-03,5925.0,-10.78
RMP3,2021-09-03,5930.0,-10.79
RMP3,2021-09-03,5935.0,-10.9
RMP3,2021-09-03,5940.0,-10.85
RMP3,2021-09-03,5945.0,-11.11
RMP3,2021-09-03,5950.0,-11.06
RMP3,2021-09-03,5955.0,-11.18
RMP3,2021-09-03,5960.0,-11.19
RMP3,2021-09-03,5965.0,-11.3
RMP3,2021-09-03,5970.0,-11.55
RMP3,2021-09-03,5975.0,-11.51
RMP3,2021-09-03,5980.0,-11.59
RMP3,2021-09-03,5985.0,-11.73
RMP3,2021-09-03,5990.0,-11.55
RMP3,2021-09-03,5995.0,-11.74
RMP3,2021-09-03,6000.0,-11.69
RMP3,2021-09-03,6005.0,-11.7
RMP3,2021-09-03,6010.0,-11.71
RMP3,2021-09-03,6015.0,-11.76
RMP3,2021-09-03,6020.0,-11.77
RMP3,2021-09-03,6025.0,-11.8
RMP3,2021-09-03,6030.0,-11.86
RMP3,2021-09-03,6035.0,-11.89
RMP3,2021-09-03,6040.0,-11.85
RMP3,2021-09-03,6045.0,-11.98
RMP3,2021-09-03,6050.0,-12.01
RMP3,2021-09-03,6055.0,-12.02
RMP3,2021-09-03,6060.0,-12.09
RMP3,2021-09-03,6065.0,-12.1
RMP3,2021-09-03,6070.0,-12.1
RMP3,2021-09-03,6075.0,-12.11
RMP3,2021-09-03,6080.0,-12.2
RMP3,2021-09-03,6085.0,-12.17
RMP3,2021-09-03,6090.0,-12.29
RMP3,2021-09-03,6095.0,-12.2
RMP3,2021-09-03,6100.0,-12.25
RMP3,2021-09-03,6105.0,-12.33
RMP3,2021-09-03,6110.0,-12.37
RMP3,2021-09-03,6115.0,-12.35
RMP3,2021-09-03,6120.0,-12.28
RMP3,2021-09-03,6125.0,-12.27
RMP3,2021-09-03,6130.0,-12.32
RMP3,2021-09-03,6135.0,-12.29
RMP3,2021-09-03,6140.0,-12.2
RMP3,2021-09-03,6145.0,-12.18
RMP3,2021-09-03,6150.0,-12.2
RMP3,2021-09-03,6155.0,-12.16
RMP3,2021-09-03,6160.0,-12.15
RMP3,2021-09-03,6165.0,-12.08
RMP3,2021-09-03,6170.0,-12.12
RMP3,2021-09-03,6175.0,-12.07
RMP3,2021-09-03,6180.0,-12.05
RMP3,2021-09-03,6185.0,-12.07
RMP3,2021-09-03,6190.0,-12.11
RMP3,2021-09-03,6195.0,-12.07
RMP3,2021-09-03,6200.0,-12.08
RMP3,2021-09-03,6205.0,-12.07
RMP3,2021-09-03,6210.0,-11.95
RMP3,2021-09-03,6215.0,-11.94
RMP3,2021-09-03,6220.0,-12.08
RMP3,2021-09-03,6225.0,-11.98
RMP3,2021-09-03,6230.0,-11.93
RMP3,2021-09-03,6235.0,-11.91
RMP3,2021-09-03,6240.0,-11.89
RMP3,2021-09-03,6245.0,-11.78
RMP3,2021-09-03,6250.0,-11.83
RMP3,2021-09-03,6255.0,-11.82
RMP3,2021-09-03,6260.0,-11.79
RMP3,2021-09-03,6265.0,-11.87
RMP3,2021-09-03,6270.0,-11.73
RMP3,2021-09-03,6275.0,-12.04
RMP3,2021-09-03,6280.0,-11.85
RMP3,2021-09-03,6285.0,-11.61
RMP3,2021-09-03,6290.0,-11.59
RMP3,2021-09-03,6295.0,-11.87
RMP3,2021-09-03,6300.0,-12.1
RMP3,2021-09-03,6305.0,-11.51
RMP3,2021-09-03,6310.0,-11.45
RMP3,2021-09-03,6315.0,-11.57
RMP3,2021-09-03,6320.0,-11.63
RMP3,2021-09-03,6325.0,-11.75
RMP3,2021-09-03,6330.0,-11.9
RMP3,2021-09-03,6335.0,-11.42
RMP3,2021-09-03,6340.0,-11.21
RMP3,2021-09-03,6345.0,-11.36
RMP3,2021-09-03,6350.0,-11.39
RMP3,2021-09-03,6355.0,-11.64
RMP3,2021-09-03,6360.0,-11.38
RMP3,2021-09-03,6365.0,-11.26
RMP3,2021-09-03,6370.0,-11.32
RMP3,2021-09-03,6375.0,-11.07
RMP3,2021-09-03,6380.0,-10.99
RMP3,2021-09-03,6385.0,-11.05
RMP3,2021-09-03,6390.0,-11.17
RMP3,2021-09-03,6395.0,-10.91
RMP3,2021-09-03,6400.0,-10.49
RMP3,2021-09-03,6405.0,-10.47
RMP3,2021-09-03,6410.0,-10.47
RMP3,2021-09-03,6415.0,-10.45
RMP3,2021-09-03,6420.0,-10.2
RMP3,2021-09-03,6425.0,-9.72
RMP3,2021-09-03,6430.0,-9.22
RMP3,2021-09-03,6435.0,-8.84
RMP3,2021-09-03,6440.0,-8.44
RMP3,2021-09-03,6445.0,-8.44
RMP3,2021-09-03,6450.0,-8.32
RMP3,2021-09-03,6455.0,-8.28
RMP3,2021-09-03,6460.0,-7.94
RMP3,2021-09-03,6465.0,-7.93
RMP3,2021-09-03,6470.0,-7.76
RMP3,2021-09-03,6475.0,-7.52
RMP3,2021-09-03,6480.0,-7.55
RMP3,2021-09-03,6485.0,-7.7
RMP3,2021-09-03,6490.0,-7.74
RMP3,2021-09-03,6495.0,-7.49
RMP3,2021-09-03,6500.0,-7.01
RMP3,2021-09-03,6505.0,-7.31
RMP3,2021-09-03,6510.0,-7.19
RMP3,2021-09-03,6515.0,-7.44
RMP3,2021-09-03,6520.0,-7.34
RMP3,2021-09-03,6525.0,-7.33
RMP3,2021-09-03,6530.0,-7.31
RMP3,2021-09-03,6535.0,-7.46
RMP3,2021-09-03,6540.0,-7.23
RMP3,2021-09-03,6545.0,-7.29
RMP3,2021-09-03,6550.0,-7.29
RMP3,2021-09-03,6555.0,-7.14
RMP3,2021-09-03,6560.0,-7.17
RMP3,2021-09-03,6565.0,-7.27
RMP3,2021-09-03,6570.0,-7.05
RMP3,2021-09-03,6575.0,-7.02
RMP3,2021-09-03,6580.0,-6.72
RMP3,2021-09-03,6585.0,-6.53
RMP3,2021-09-03,6590.0,-6.3
RMP3,2021-09-03,6595.0,-6.24
RMP3,2021-09-03,6600.0,-5.81
RMP3,2021-09-03,6605.0,-5.67
RMP3,2021-09-03,6610.0,-5.28
RMP3,2021-09-03,6615.0,-5.11
RMP3,2021-09-03,6620.0,-5.02
RMP3,2021-09-03,6625.0,-4.76
RMP3,2021-09-03,6630.0,-4.51
RMP3,2021-09-03,6635.0,-4.45
RMP3,2021-09-03,6640.0,-4.41
RMP3,2021-09-03,6645.0,-3.88
RMP3,2021-09-03,6650.0,-3.86
RMP3,2021-09-03,6655.0,-3.58
RMP3,2021-09-03,6660.0,-3.57
RMP3,2021-09-03,6665.0,-3.62
RMP3,2021-09-03,6670.0,-3.19
RMP3,2021-09-03,6675.0,-3.35
RMP3,2021-09-03,6680.0,-3.22
RMP3,2021-09-03,6685.0,-3.36
RMP3,2021-09-03,6690.0,-3.27
RMP3,2021-09-03,6695.0,-3.38
RMP3,2021-09-03,6700.0,-3.29
RMP3,2021-09-03,6705.0,-3.28
RMP3,2021-09-03,6710.0,-3.4
RMP3,2021-09-03,6715.0,-3.22
RMP3,2021-09-03,6720.0,-3.37
RMP3,2021-09-03,6725.0,-3.7
RMP3,2021-09-03,6730.0,-3.77
RMP3,2021-09-03,6735.0,-3.52
RMP3,2021-09-03,6740.0,-3.24
RMP3,2021-09-03,6745.0,-3.01
RMP3,2021-09-03,6750.0,-3.2
RMP3,2021-09-03,6755.0,-2.98
RMP3,2021-09-03,6760.0,-2.66
RMP3,2021-09-03,6765.0,-2.32
RMP3,2021-09-03,6770.0,-2.4
RMP3,2021-09-03,6775.0,-2.12
RMP3,2021-09-03,6780.0,-2.11
RMP3,2021-09-03,6785.0,-1.99
RMP3,2021-09-03,6790.0,-2.21
RMP3,2021-09-03,6795.0,-2.31
RMP3,2021-09-03,6800.0,-2.13
RMP3,2021-09-03,6805.0,-2.34
RMP3,2021-09-03,6810.0,-2.67
RMP3,2021-09-03,6815.0,-2.19
RMP3,2021-09-03,6820.0,-2.17
RMP3,2021-09-03,6825.0,-2.31
RMP3,2021-09-03,6830.0,-2.23
RMP3,2021-09-03,6835.0,-2.27
RMP3,2021-09-03,6840.0,-2.59
RMP3,2021-09-03,6845.0,-2.38
RMP3,2021-09-03,6850.0,-2.67
RMP3,2021-09-03,6855.0,-2.67
RMP3,2021-09-03,6860.0,-2.68
RMP3,2021-09-03,6865.0,-1.94
RMP3,2021-09-03,6870.0,-1.97
RMP3,2021-09-03,6875.0,-2.04
RMP3,2021-09-03,6880.0,-2.19
RMP3,2021-09-03,6885.0,-2.26
RMP3,2021-09-03,6890.0,-1.89
RMP3,2021-09-03,6895.0,-1.68
RMP3,2021-09-03,6900.0,-1.23
RMP3,2021-09-03,6905.0,-1.23
RMP3,2021-09-03,6910.0,-1.51
RMP3,2021-09-03,6915.0,-1.63
RMP3,2021-09-03,6920.0,-0.87
RMP3,2021-09-03,6925.0,-0.83
RMP3,2021-09-03,6930.0,-0.87
RMP3,2021-09-03,6935.0,-0.62
RMP3,2021-09-03,6940.0,-0.75
RMP3,2021-09-03,6945.0,-0.53
RMP3,2021-09-03,6950.0,-0.31
RMP3,2021-09-03,6955.0,-0.26
RMP3,2021-09-03,6960.0,-0.27
RMP3,2021-09-03,6965.0,-0.17
RMP3,2021-09-03,6970.0,-0.11
RMP3,2021-09-03,6975.0,-0.36
RMP3,2021-09-03,6980.0,-0.56
RMP3,2021-09-03,6985.0,-0.76
RMP3,2021-09-03,6990.0,-0.9
RMP3,2021-09-03,6995.0,-0.47
RMP3,2021-09-03,7000.0,-0.52
RMP3,2021-09-03,7005.0,-0.73
RMP3,2021-09-03,7010.0,-1.45
RMP3,2021-09-03,7015.0,-1.72
RMP3,2021-09-03,7020.0,-2.22
RMP3,2021-09-03,7025.0,-2.7
RMP3,2021-09-03,7030.0,-2.64
RMP3,2021-09-03,7035.0,-2.63
RMP3,2021-09-03,7040.0,-2.62
RMP3,2021-09-03,7045.0,-1.82
RMP3,2021-09-03,7050.0,-0.67
RMP3,2021-09-03,7055.0,-0.41
RMP3,2021-09-03,7060.0,-0.23
RMP3,2021-09-03,7065.0,0.3
RMP3,2021-09-03,7070.0,0.75
RMP3,2021-09-03,7075.0,1.24
RMP3,2021-09-03,7080.0,1.78
RMP3,2021-09-03,7085.0,2.73
RMP3,2021-09-03,7090.0,4.1
RMP3,2021-09-03,7095.0,4.4
RMP3,2021-09-03,7102.0,5.02
RMP3,2021-09-03,7108.0,5.38
RMP3,2021-09-03,7110.0,6.39
RMP3,2021-09-03,7150.0,5.96
RMP3,2021-09-03,7200.0,6.3
RMP3,2021-09-03,7250.0,6.06
RMP3,2021-09-03,7300.0,6.36
RMP3,2021-09-03,7350.0,6.11
RMP3,2021-09-03,7400.0,6.22
RMP3,2021-09-03,7450.0,5.68
RMP3,2021-09-03,7500.0,5.55
RMP3,2021-09-03,7550.0,5.61
RMP3,2021-09-03,7600.0,5.48
RMP3,2021-09-03,7660.0,5.59
RMP3,2021-09-03,7700.0,5.48
RMP3,2021-09-03,7740.0,5.56
RMP3,2021-09-03,7800.0,5.35
RMP3,2021-09-03,7850.0,5.62
RMP3,2021-09-03,7900.0,5.46
RMP3,2021-09-03,7950.0,5.63
RMP3,2021-09-03,8000.0,5.38
RMP3,2021-09-03,8040.0,5.55
RMP3,2021-09-03,8100.0,5.44
RMP3,2021-09-03,8160.0,5.58
RMP3,2021-09-03,8200.0,5.26
RMP3,2021-09-03,8240.0,5.28
RMP3,2021-09-03,8300.0,5.26
RMP3,2021-09-03,8340.0,5.36
RMP3,2021-09-03,8400.0,5.05
RMP3,2021-09-03,8460.0,4.95
RMP3,2021-09-03,8500.0,4.88
RMP3,2021-09-03,8550.0,4.08
RMP3,2021-09-03,8600.0,4.88
RMP3,2021-09-03,8660.0,4.92
RMP3,2021-09-03,8700.0,4.78
RMP3,2021-09-03,8740.0,4.86
RMP3,2021-09-03,8800.0,4.96
RMP3,2021-09-03,8850.0,4.66
RMP3,2021-09-03,8900.0,4.46
RMP3,2021-09-03,8950.0,4.42
RMP3,2021-09-03,9000.0,4.47
RMP3,2021-09-03,9040.0,4.58
RMP3,2021-09-03,9100.0,4.65
RMP3,2021-09-03,9150.0,4.6
RMP3,2021-09-03,9200.0,4.76
RMP3,2021-09-03,9250.0,4.77
RMP3,2021-09-03,9300.0,4.84
RMP3,2021-09-03,9350.0,4.9
RMP3,2021-09-03,9400.0,4.72
RMP3,2021-09-03,9440.0,4.65
RMP3,2021-09-03,9500.0,4.55
RMP3,2021-09-03,9550.0,4.58
RMP3,2021-09-03,9600.0,4.82
RMP3,2021-09-03,9660.0,4.7
RMP3,2021-09-03,9700.0,4.65
RMP3,2021-09-03,9750.0,4.5
RMP3,2021-09-03,9800.0,4.64
RMP3,2021-09-03,9850.0,4.24
RMP3,2021-09-03,9900.0,4.58
RMP3,2021-09-03,9940.0,4.79
RMP3,2021-09-03,9970.0,4.42
RMP3,2021-09-03,9980.0,3.66
RMP3,2021-09-03,9990.0,2.85
RMP3,2021-09-03,10000.0,1.8
RMP3,2021-09-03,10005.0,-3.84
RMP3,2021-09-03,10010.0,-4.34
RMP3,2021-09-03,10015.0,-4.84
RMP3,2021-09-03,10020.0,-4.82
RMP3,2021-09-03,10025.0,-4.95
RMP3,2021-09-03,10030.0,-5.11
RMP3,2021-09-03,10035.0,-5.16
RMP3,2021-09-03,10040.0,-5.2
RMP3,2021-09-03,10045.0,-5.26
RMP3,2021-09-03,10050.0,-5.56
RMP3,2021-09-03,10055.0,-5.67
RMP3,2021-09-03,10060.0,-5.71
RMP3,2021-09-03,10065.0,-6.03
RMP3,2021-09-03,10070.0,-6.0
RMP3,2021-09-03,10075.0,-5.98
RMP3,2021-09-03,10080.0,-6.21
RMP3,2021-09-03,10085.0,-6.27
RMP3,2021-09-03,10090.0,-6.36
RMP3,2021-09-03,10095.0,-7.66
RMP3,2021-09-03,10100.0,-8.32
RMP3,2021-09-03,10105.0,-9.02
RMP3,2021-09-03,10110.0,-9.16
RMP3,2021-09-03,10115.0,-9.44
RMP3,2021-09-03,10120.0,-9.93
RMP3,2021-09-03,10125.0,-10.08
RMP3,2021-09-03,10130.0,-10.1
RMP3,2021-09-03,10135.0,-10.12
RMP3,2021-09-03,10140.0,-10.16
RMP3,2021-09-03,10145.0,-10.18
RMP3,2021-09-03,10150.0,-10.2
RMP3,2021-09-03,10155.0,-10.22
RMP3,2021-09-03,10160.0,-10.24
RMP3,2021-09-03,10165.0,-10.26
RMP3,2021-09-03,10170.0,-10.28
RMP3,2021-09-03,10175.0,-10.3
RMP3,2021-09-03,10180.0,-10.32
RMP3,2021-09-03,10185.0,-10.34
RMP3,2021-09-03,10190.0,-10.36
RMP3,2021-09-03,10195.0,-10.38
RMP3,2021-09-03,10200.0,-10.4
RMP3,2021-09-03,10205.0,-10.42
RMP3,2021-09-03,10210.0,-10.44
RMP3,2021-09-03,10215.0,-10.46
RMP3,2021-09-03,10220.0,-10.48
RMP3,2021-09-03,10225.0,-10.6
RMP3,2021-09-03,10230.0,-10.78
RMP3,2021-09-03,10235.0,-10.83
RMP3,2021-09-03,10240.0,-10.87
RMP3,2021-09-03,10245.0,-10.91
RMP3,2021-09-03,10250.0,-10.95
RMP3,2021-09-03,10255.0,-10.91
RMP3,2021-09-03,10260.0,-10.88
RMP3,2021-09-03,10265.0,-10.9
RMP3,2021-09-03,10270.0,-10.93
RMP3,2021-09-03,10275.0,-10.88
RMP3,2021-09-03,10280.0,-10.82
RMP3,2021-09-03,10285.0,-10.8
RMP3,2021-09-03,10290.0,-10.79
RMP3,2021-09-03,10295.0,-10.79
RMP3,2021-09-03,10300.0,-10.78
RMP3,2021-09-03,10305.0,-10.78
RMP3,2021-09-03,10310.0,-10.79
RMP3,2021-09-03,10315.0,-10.75
RMP3,2021-09-03,10320.0,-10.72
RMP3,2021-09-03,10325.0,-10.73
RMP3,2021-09-03,10330.0,-10.72
RMP3,2021-09-03,10335.0,-10.67
RMP3,2021-09-03,10340.0,-10.65
RMP3,2021-09-03,10345.0,-10.6
RMP3,2021-09-03,10350.0,-10.55
RMP3,2021-09-03,10355.0,-10.54
RMP3,2021-09-03,10360.0,-10.55
RMP3,2021-09-03,10365.0,-10.48
RMP3,2021-09-03,10370.0,-10.41
RMP3,2021-09-03,10375.0,-10.35
RMP3,2021-09-03,10380.0,-10.28
RMP3,2021-09-03,10385.0,-10.14
RMP3,2021-09-03,10390.0,-10.01
RMP3,2021-09-03,10395.0,-9.8
RMP3,2021-09-03,10400.0,-9.65
RMP3,2021-09-03,10405.0,-9.2
RMP3,2021-09-03,10410.0,-8.83
RMP3,2021-09-03,10415.0,-8.5
RMP3,2021-09-03,10420.0,-8.21
RMP3,2021-09-03,10425.0,-7.72
RMP3,2021-09-03,10430.0,-7.28
RMP3,2021-09-03,10435.0,-7.08
RMP3,2021-09-03,10440.0,-6.92
RMP3,2021-09-03,10445.0,-6.6
RMP3,2021-09-03,10450.0,-6.36
RMP3,2021-09-03,10455.0,-6.15
RMP3,2021-09-03,10460.0,-5.82
RMP3,2021-09-03,10465.0,-5.3
RMP3,2021-09-03,10470.0,-4.94
RMP3,2021-09-03,10475.0,-4.7
RMP3,2021-09-03,10480.0,-4.47
RMP3,2021-09-03,10485.0,-4.24
RMP3,2021-09-03,10490.0,-4.1
RMP3,2021-09-03,10495.0,-3.6
RMP3,2021-09-03,10500.0,-3.17
RMP3,2021-09-03,10505.0,-3.0
RMP3,2021-09-03,10510.0,-2.85
RMP3,2021-09-03,10515.0,-2.7
RMP3,2021-09-03,10520.0,-2.55
RMP3,2021-09-03,10525.0,-2.8
RMP3,2021-09-03,10530.0,-2.05
RMP3,2021-09-03,10535.0,-1.72
RMP3,2021-09-03,10540.0,-1.34
RMP3,2021-09-03,10545.0,-1.25
RMP3,2021-09-03,10550.0,-1.11
RMP3,2021-09-03,10555.0,-0.84
RMP3,2021-09-03,10560.0,-0.39
RMP3,2021-09-03,10565.0,0.1
RMP3,2021-09-03,10570.0,0.66
RMP3,2021-09-03,10575.0,0.36
RMP3,2021-09-03,10580.0,0.09
RMP3,2021-09-03,10585.0,0.12
RMP3,2021-09-03,10590.0,0.16
RMP3,2021-09-03,10595.0,0.23
RMP3,2021-09-03,10600.0,0.27
RMP3,2021-09-03,10605.0,0.4
RMP3,2021-09-03,10610.0,0.52
RMP3,2021-09-03,10615.0,0.66
RMP3,2021-09-03,10620.0,0.8
RMP3,2021-09-03,10625.0,1.3
RMP3,2021-09-03,10627.0,1.8
RMP3,2021-09-03,10630.0,2.7
RMP3,2021-09-03,10650.0,4.66
RMP3,2021-09-03,10670.0,6.37
RMP3,2021-09-03,10700.0,6.55
RMP3,2021-09-03,10730.0,6.49
RMP3,2021-09-03,10736.0,6.42
RMP3,2021-09-03,10742.0,7.6
RMP3,2021-09-03,10748.0,7.62
RMP3,2021-09-03,10752.0,6.32
RMP3,2021-09-03,10770.0,6.39
RMP3,2021-09-03,10800.0,6.44
RMP3,2021-09-03,10840.0,6.66
RMP3,2021-09-03,10850.0,6.56
RMP3,2021-09-03,10864.0,6.38
RMP3,2021-09-03,10867.0,7.5
RMP3,2021-09-03,10873.0,7.5
RMP3,2021-09-03,10877.0,6.62
RMP3,2021-09-03,10881.0,8.13
RMP3,2021-09-03,10881.0,8.51
RMP3,2022-03-15,0.0,4.38
RMP3,2022-03-15,0.0,4.16
RMP3,2022-03-15,40.0,4.5
RMP3,2022-03-15,70.0,5.6
RMP3,2022-03-15,100.0,5.7
RMP3,2022-03-15,140.0,5.62
RMP3,2022-03-15,165.0,5.44
RMP3,2022-03-15,173.0,7.2
RMP3,2022-03-15,180.0,7.22
RMP3,2022-03-15,190.0,6.06
RMP3,2022-03-15,200.0,6.25
RMP3,2022-03-15,220.0,6.4
RMP3,2022-03-15,250.0,6.55
RMP3,2022-03-15,273.0,6.6
RMP3,2022-03-15,273.0,6.91
RMP3,2022-03-15,290.0,6.77
RMP3,2022-03-15,307.0,6.95
RMP3,2022-03-15,311.0,5.07
RMP3,2022-03-15,315.0,4.01
RMP3,2022-03-15,316.0,3.43
RMP3,2022-03-15,322.0,3.55
RMP3,2022-03-15,330.0,2.6
RMP3,2022-03-15,340.0,1.22
RMP3,2022-03-15,342.0,-2.45
RMP3,2022-03-15,344.0,-3.61
RMP3,2022-03-15,346.0,-3.38
RMP3,2022-03-15,348.0,-3.15
RMP3,2022-03-15,351.0,-2.88
RMP3,2022-03-15,353.0,-2.61
RMP3,2022-03-15,356.0,-2.38
RMP3,2022-03-15,358.0,-2.14
RMP3,2022-03-15,361.0,-1.85
RMP3,2022-03-15,363.0,-1.45
RMP3,2022-03-15,366.0,-1.24
RMP3,2022-03-15,368.0,-1.04
RMP3,2022-03-15,370.0,-0.91
RMP3,2022-03-15,373.0,-0.86
RMP3,2022-03-15,375.0,-0.83
RMP3,2022-03-15,377.0,-0.76
RMP3,2022-03-15,379.0,-0.76
RMP3,2022-03-15,382.0,-0.76
RMP3,2022-03-15,384.0,-0.74
RMP3,2022-03-15,386.0,-0.74
RMP3,2022-03-15,389.0,-0.76
RMP3,2022-03-15,392.0,-0.76
RMP3,2022-03-15,395.0,-0.77
RMP3,2022-03-15,397.0,-0.79
RMP3,2022-03-15,400.0,-0.76
RMP3,2022-03-15,402.0,-0.76
RMP3,2022-03-15,405.0,-0.77
RMP3,2022-03-15,408.0,-0.78
RMP3,2022-03-15,410.0,-0.78
RMP3,2022-03-15,413.0,-0.78
RMP3,2022-03-15,417.0,-0.67
RMP3,2022-03-15,420.0,-0.34
RMP3,2022-03-15,423.0,-0.29
RMP3,2022-03-15,425.0,-0.24
RMP3,2022-03-15,428.0,-0.24
RMP3,2022-03-15,431.0,-0.27
RMP3,2022-03-15,434.0,-0.26
RMP3,2022-03-15,437.0,-0.23
RMP3,2022-03-15,439.0,-0.83
RMP3,2022-03-15,441.0,-0.82
RMP3,2022-03-15,443.0,-0.79
RMP3,2022-03-15,446.0,-0.81
RMP3,2022-03-15,448.0,-0.97
RMP3,2022-03-15,451.0,-0.88
RMP3,2022-03-15,453.0,-0.91
RMP3,2022-03-15,456.0,-0.97
RMP3,2022-03-15,459.0,-1.13
RMP3,2022-03-15,462.0,-1.16
RMP3,2022-03-15,465.0,-1.23
RMP3,2022-03-15,470.0,-1.21
RMP3,2022-03-15,474.0,-1.36
RMP3,2022-03-15,478.0,-1.46
RMP3,2022-03-15,482.0,-1.68
RMP3,2022-03-15,486.0,-1.52
RMP3,2022-03-15,490.0,-1.59
RMP3,2022-03-15,494.0,-1.42
RMP3,2022-03-15,498.0,-1.58
RMP3,2022-03-15,501.0,-1.52
RMP3,2022-03-15,505.0,-1.53
RMP3,2022-03-15,509.0,-1.44
RMP3,2022-03-15,513.0,-1.31
RMP3,2022-03-15,517.0,-1.37
RMP3,2022-03-15,521.0,-1.58
RMP3,2022-03-15,524.0,-1.58
RMP3,2022-03-15,527.0,-1.43
RMP3,2022-03-15,531.0,-0.95
RMP3,2022-03-15,534.0,-0.63
RMP3,2022-03-15,538.0,-0.65
RMP3,2022-03-15,541.0,-0.91
RMP3,2022-03-15,544.0,-0.91
RMP3,2022-03-15,548.0,-0.91
RMP3,2022-03-15,551.0,-1.12
RMP3,2022-03-15,554.0,-1.01
RMP3,2022-03-15,557.0,-0.6
RMP3,2022-03-15,561.0,-0.63
RMP3,2022-03-15,564.0,-0.72
RMP3,2022-03-15,567.0,-0.77
RMP3,2022-03-15,570.0,-1.43
RMP3,2022-03-15,574.0,-1.42
RMP3,2022-03-15,577.0,-1.16
RMP3,2022-03-15,580.0,-1.21
RMP3,2022-03-15,583.0,-0.94
RMP3,2022-03-15,586.0,-0.72
RMP3,2022-03-15,589.0,-0.61
RMP3,2022-03-15,592.0,-0.62
RMP3,2022-03-15,595.0,-0.99
RMP3,2022-03-15,599.0,-0.78
RMP3,2022-03-15,602.0,-1.03
RMP3,2022-03-15,607.0,-1.57
RMP3,2022-03-15,610.0,-1.15
RMP3,2022-03-15,613.0,-1.12
RMP3,2022-03-15,617.0,-1.03
RMP3,2022-03-15,620.0,-1.1
RMP3,2022-03-15,623.0,-1.12
RMP3,2022-03-15,626.0,-1.25
RMP3,2022-03-15,630.0,-1.79
RMP3,2022-03-15,633.0,-1.59
RMP3,2022-03-15,636.0,-1.72
RMP3,2022-03-15,639.0,-1.67
RMP3,2022-03-15,643.0,-1.58
RMP3,2022-03-15,646.0,-1.54
RMP3,2022-03-15,649.0,-1.73
RMP3,2022-03-15,652.0,-2.75
RMP3,2022-03-15,655.0,-2.53
RMP3,2022-03-15,659.0,-2.36
RMP3,2022-03-15,662.0,-2.52
RMP3,2022-03-15,666.0,-2.93
RMP3,2022-03-15,670.0,-3.24
RMP3,2022-03-15,673.0,-2.75
RMP3,2022-03-15,677.0,-2.45
RMP3,2022-03-15,681.0,-2.65
RMP3,2022-03-15,684.0,-2.79
RMP3,2022-03-15,688.0,-3.11
RMP3,2022-03-15,691.0,-3.35
RMP3,2022-03-15,695.0,-3.58
RMP3,2022-03-15,699.0,-3.47
RMP3,2022-03-15,702.0,-3.5
RMP3,2022-03-15,706.0,-3.58
RMP3,2022-03-15,709.0,-3.13
RMP3,2022-03-15,713.0,-3.42
RMP3,2022-03-15,716.0,-3.48
RMP3,2022-03-15,720.0,-3.14
RMP3,2022-03-15,723.0,-3.37
RMP3,2022-03-15,726.0,-3.17
RMP3,2022-03-15,729.0,-3.26
RMP3,2022-03-15,733.0,-3.35
RMP3,2022-03-15,736.0,-3.37
RMP3,2022-03-15,739.0,-3.31
RMP3,2022-03-15,743.0,-3.38
RMP3,2022-03-15,746.0,-3.38
RMP3,2022-03-15,750.0,-3.34
RMP3,2022-03-15,753.0,-3.68
RMP3,2022-03-15,757.0,-3.17
RMP3,2022-03-15,760.0,-3.22
RMP3,2022-03-15,764.0,-3.71
RMP3,2022-03-15,767.0,-3.22
RMP3,2022-03-15,771.0,-3.25
RMP3,2022-03-15,774.0,-3.17
RMP3,2022-03-15,778.0,-3.41
RMP3,2022-03-15,781.0,-3.85
RMP3,2022-03-15,785.0,-3.86
RMP3,2022-03-15,788.0,-3.55
RMP3,2022-03-15,792.0,-3.4
RMP3,2022-03-15,795.0,-3.22
RMP3,2022-03-15,799.0,-3.23
RMP3,2022-03-15,804.0,-3.13
RMP3,2022-03-15,807.0,-2.92
RMP3,2022-03-15,810.0,-3.13
RMP3,2022-03-15,814.0,-3.31
RMP3,2022-03-15,817.0,-3.14
RMP3,2022-03-15,820.0,-2.85
RMP3,2022-03-15,824.0,-2.85
RMP3,2022-03-15,827.0,-2.66
RMP3,2022-03-15,830.0,-2.52
RMP3,2022-03-15,833.0,-2.51
RMP3,2022-03-15,837.0,-3.11
RMP3,2022-03-15,840.0,-2.62
RMP3,2022-03-15,843.0,-1.93
RMP3,2022-03-15,846.0,-1.67
RMP3,2022-03-15,849.0,-1.71
RMP3,2022-03-15,853.0,-2.06
RMP3,2022-03-15,857.0,-3.08
RMP3,2022-03-15,863.0,-2.38
RMP3,2022-03-15,867.0,-1.76
RMP3,2022-03-15,870.0,-1.75
RMP3,2022-03-15,874.0,-2.14
RMP3,2022-03-15,877.0,-1.88
RMP3,2022-03-15,881.0,-1.61
RMP3,2022-03-15,885.0,-1.64
RMP3,2022-03-15,889.0,-1.59
RMP3,2022-03-15,893.0,-1.51
RMP3,2022-03-15,897.0,-1.54
RMP3,2022-03-15,900.0,-1.85
RMP3,2022-03-15,904.0,-1.67
RMP3,2022-03-15,908.0,-1.76
RMP3,2022-03-15,912.0,-1.22
RMP3,2022-03-15,915.0,-1.12
RMP3,2022-03-15,919.0,-1.35
RMP3,2022-03-15,923.0,-1.34
RMP3,2022-03-15,927.0,-1.35
RMP3,2022-03-15,931.0,-1.08
RMP3,2022-03-15,935.0,-1.07
RMP3,2022-03-15,939.0,-1.05
RMP3,2022-03-15,943.0,-1.42
RMP3,2022-03-15,947.0,-1.4
RMP3,2022-03-15,950.0,-1.05
RMP3,2022-03-15,954.0,-1.0
RMP3,2022-03-15,959.0,-1.03
RMP3,2022-03-15,963.0,-1.55
RMP3,2022-03-15,967.0,-1.23
RMP3,2022-03-15,972.0,-0.89
RMP3,2022-03-15,976.0,-1.09
RMP3,2022-03-15,981.0,-0.96
RMP3,2022-03-15,985.0,-0.97
RMP3,2022-03-15,990.0,-1.24
RMP3,2022-03-15,994.0,-1.05
RMP3,2022-03-15,998.0,-1.01
RMP3,2022-03-15,1003.0,-1.55
RMP3,2022-03-15,1007.0,-0.96
RMP3,2022-03-15,1012.0,-1.14
RMP3,2022-03-15,1016.0,-1.32
RMP3,2022-03-15,1020.0,-1.32
RMP3,2022-03-15,1025.0,-1.15
RMP3,2022-03-15,1029.0,-1.57
RMP3,2022-03-15,1033.0,-1.37
RMP3,2022-03-15,1037.0,-1.43
RMP3,2022-03-15,1040.0,-1.43
RMP3,2022-03-15,1044.0,-0.91
RMP3,2022-03-15,1048.0,-0.77
RMP3,2022-03-15,1051.0,-0.89
RMP3,2022-03-15,1055.0,-1.9
RMP3,2022-03-15,1059.0,-0.67
RMP3,2022-03-15,1062.0,-0.65
RMP3,2022-03-15,1065.0,-0.72
RMP3,2022-03-15,1067.0,-0.72
RMP3,2022-03-15,1070.0,-0.65
RMP3,2022-03-15,1073.0,-0.78
RMP3,2022-03-15,1076.0,-0.9
RMP3,2022-03-15,1078.0,-1.01
RMP3,2022-03-15,1081.0,-0.97
RMP3,2022-03-15,1084.0,-1.0
RMP3,2022-03-15,1087.0,-1.18
RMP3,2022-03-15,1090.0,-1.18
RMP3,2022-03-15,1093.0,-1.05
RMP3,2022-03-15,1095.0,-0.7
RMP3,2022-03-15,1098.0,-0.58
RMP3,2022-03-15,1101.0,-0.59
RMP3,2022-03-15,1104.0,-0.71
RMP3,2022-03-15,1107.0,-0.65
RMP3,2022-03-15,1109.0,-0.54
RMP3,2022-03-15,1112.0,-0.61
RMP3,2022-03-15,1114.0,-0.64
RMP3,2022-03-15,1117.0,-0.64
RMP3,2022-03-15,1119.0,-0.63
RMP3,2022-03-15,1122.0,-0.56
RMP3,2022-03-15,1124.0,-0.61
RMP3,2022-03-15,1127.0,-0.54
RMP3,2022-03-15,1129.0,-0.55
RMP3,2022-03-15,1131.0,-0.55
RMP3,2022-03-15,1133.0,-0.56
RMP3,2022-03-15,1135.0,-0.47
RMP3,2022-03-15,1137.0,-0.32
RMP3,2022-03-15,1139.0,-0.19
RMP3,2022-03-15,1140.0,0.21
RMP3,2022-03-15,1145.0,0.34
RMP3,2022-03-15,1150.0,0.41
RMP3,2022-03-15,1155.0,0.31
RMP3,2022-03-15,1160.0,0.27
RMP3,2022-03-15,1165.0,0.29
RMP3,2022-03-15,1170.0,0.35
RMP3,2022-03-15,1175.0,0.38
RMP3,2022-03-15,1180.0,0.34
RMP3,2022-03-15,1185.0,0.34
RMP3,2022-03-15,1190.0,0.36
RMP3,2022-03-15,1195.0,0.37
RMP3,2022-03-15,1200.0,0.21
RMP3,2022-03-15,1205.0,0.34
RMP3,2022-03-15,1210.0,0.41
RMP3,2022-03-15,1215.0,0.31
RMP3,2022-03-15,1220.0,0.27
RMP3,2022-03-15,1225.0,0.29
RMP3,2022-03-15,1230.0,0.35
RMP3,2022-03-15,1235.0,0.38
RMP3,2022-03-15,1240.0,0.34
RMP3,2022-03-15,1245.0,0.34
RMP3,2022-03-15,1250.0,0.36
RMP3,2022-03-15,1255.0,0.37
RMP3,2022-03-15,1260.0,0.21
RMP3,2022-03-15,1265.0,0.34
RMP3,2022-03-15,1270.0,0.41
RMP3,2022-03-15,1275.0,0.31
RMP3,2022-03-15,1280.0,0.27
RMP3,2022-03-15,1285.0,0.29
RMP3,2022-03-15,1290.0,0.35
RMP3,2022-03-15,1295.0,0.38
RMP3,2022-03-15,1300.0,0.34
RMP3,2022-03-15,1305.0,0.34
RMP3,2022-03-15,1310.0,0.36
RMP3,2022-03-15,1315.0,0.37
RMP3,2022-03-15,1320.0,0.21
RMP3,2022-03-15,1325.0,0.34
RMP3,2022-03-15,1330.0,0.56
RMP3,2022-03-15,1335.0,0.76
RMP3,2022-03-15,1340.0,0.52
RMP3,2022-03-15,1340.0,3.07
RMP3,2022-03-15,1345.0,0.64
RMP3,2022-03-15,1350.0,0.91
RMP3,2022-03-15,1355.0,0.85
RMP3,2022-03-15,1360.0,0.92
RMP3,2022-03-15,1365.0,0.98
RMP3,2022-03-15,1370.0,1.22
RMP3,2022-03-15,1370.0,2.9
RMP3,2022-03-15,1375.0,2.81
RMP3,2022-03-15,1395.0,3.19
RMP3,2022-03-15,1400.0,3.37
RMP3,2022-03-15,1422.0,3.06
RMP3,2022-03-15,1450.0,2.59
RMP3,2022-03-15,1470.0,2.98
RMP3,2022-03-15,1500.0,3.16
RMP3,2022-03-15,1525.0,3.18
RMP3,2022-03-15,1550.0,3.2
RMP3,2022-03-15,1570.0,3.12
RMP3,2022-03-15,1600.0,3.06
RMP3,2022-03-15,1625.0,2.97
RMP3,2022-03-15,1650.0,2.7
RMP3,2022-03-15,1670.0,2.63
RMP3,2022-03-15,1700.0,2.66
RMP3,2022-03-15,1720.0,2.6
RMP3,2022-03-15,1750.0,2.56
RMP3,2022-03-15,1775.0,2.77
RMP3,2022-03-15,1800.0,2.94
RMP3,2022-03-15,1825.0,2.9
RMP3,2022-03-15,1850.0,2.86
RMP3,2022-03-15,1878.0,3.0
RMP3,2022-03-15,1900.0,3.15
RMP3,2022-03-15,1920.0,3.18
RMP3,2022-03-15,1950.0,3.22
RMP3,2022-03-15,1970.0,3.31
RMP3,2022-03-15,2000.0,3.37
RMP3,2022-03-15,2022.0,3.43
RMP3,2022-03-15,2050.0,3.4
RMP3,2022-03-15,2070.0,3.46
RMP3,2022-03-15,2100.0,3.5
RMP3,2022-03-15,2125.0,3.13
RMP3,2022-03-15,2150.0,2.88
RMP3,2022-03-15,2170.0,2.74
RMP3,2022-03-15,2200.0,2.56
RMP3,2022-03-15,2205.0,2.52
RMP3,2022-03-15,2210.0,2.4
RMP3,2022-03-15,2212.0,2.28
RMP3,2022-03-15,2214.0,1.16
RMP3,2022-03-15,2216.0,0.33
RMP3,2022-03-15,2218.0,0.26
RMP3,2022-03-15,2221.0,0.21
RMP3,2022-03-15,2223.0,0.21
RMP3,2022-03-15,2226.0,0.11
RMP3,2022-03-15,2228.0,0.06
RMP3,2022-03-15,2231.0,0.04
RMP3,2022-03-15,2234.0,0.03
RMP3,2022-03-15,2236.0,-0.07
RMP3,2022-03-15,2239.0,-0.79
RMP3,2022-03-15,2242.0,0.23
RMP3,2022-03-15,2245.0,0.23
RMP3,2022-03-15,2249.0,0.2
RMP3,2022-03-15,2251.0,0.07
RMP3,2022-03-15,2254.0,0.02
RMP3,2022-03-15,2257.0,-0.19
RMP3,2022-03-15,2260.0,-0.37
RMP3,2022-03-15,2263.0,-0.16
RMP3,2022-03-15,2267.0,-0.17
RMP3,2022-03-15,2270.0,-0.3
RMP3,2022-03-15,2273.0,-0.4
RMP3,2022-03-15,2276.0,-0.15
RMP3,2022-03-15,2279.0,-0.16
RMP3,2022-03-15,2283.0,-0.19
RMP3,2022-03-15,2286.0,-0.26
RMP3,2022-03-15,2289.0,-0.39
RMP3,2022-03-15,2292.0,-0.71
RMP3,2022-03-15,2296.0,-1.24
RMP3,2022-03-15,2299.0,-1.59
RMP3,2022-03-15,2303.0,-1.59
RMP3,2022-03-15,2306.0,-1.69
RMP3,2022-03-15,2309.0,-2.06
RMP3,2022-03-15,2313.0,-2.31
RMP3,2022-03-15,2316.0,-2.38
RMP3,2022-03-15,2319.0,-2.53
RMP3,2022-03-15,2323.0,-2.75
RMP3,2022-03-15,2326.0,-2.98
RMP3,2022-03-15,2329.0,-3.44
RMP3,2022-03-15,2332.0,-3.26
RMP3,2022-03-15,2335.0,-2.57
RMP3,2022-03-15,2338.0,-3.67
RMP3,2022-03-15,2341.0,-3.05
RMP3,2022-03-15,2344.0,-2.6
RMP3,2022-03-15,2348.0,-2.4
RMP3,2022-03-15,2352.0,-2.55
RMP3,2022-03-15,2355.0,-3.02
RMP3,2022-03-15,2359.0,-2.75
RMP3,2022-03-15,2363.0,-2.85
RMP3,2022-03-15,2367.0,-2.96
RMP3,2022-03-15,2370.0,-2.99
RMP3,2022-03-15,2374.0,-2.59
RMP3,2022-03-15,2378.0,-2.55
RMP3,2022-03-15,2381.0,-2.66
RMP3,2022-03-15,2385.0,-2.54
RMP3,2022-03-15,2388.0,-2.42
RMP3,2022-03-15,2391.0,-2.42
RMP3,2022-03-15,2395.0,-2.35
RMP3,2022-03-15,2398.0,-2.56
RMP3,2022-03-15,2401.0,-2.81
RMP3,2022-03-15,2404.0,-2.99
RMP3,2022-03-15,2408.0,-3.37
RMP3,2022-03-15,2411.0,-4.04
RMP3,2022-03-15,2414.0,-4.16
RMP3,2022-03-15,2418.0,-3.4
RMP3,2022-03-15,2422.0,-3.77
RMP3,2022-03-15,2425.0,-3.85
RMP3,2022-03-15,2428.0,-3.37
RMP3,2022-03-15,2431.0,-3.27
RMP3,2022-03-15,2434.0,-3.3
RMP3,2022-03-15,2437.0,-3.64
RMP3,2022-03-15,2440.0,-4.7
RMP3,2022-03-15,2444.0,-3.46
RMP3,2022-03-15,2447.0,-3.53
RMP3,2022-03-15,2450.0,-3.86
RMP3,2022-03-15,2453.0,-3.75
RMP3,2022-03-15,2456.0,-3.19
RMP3,2022-03-15,2460.0,-3.45
RMP3,2022-03-15,2463.0,-3.34
RMP3,2022-03-15,2466.0,-3.58
RMP3,2022-03-15,2470.0,-4.11
RMP3,2022-03-15,2473.0,-4.4
RMP3,2022-03-15,2477.0,-4.02
RMP3,2022-03-15,2480.0,-3.99
RMP3,2022-03-15,2483.0,-3.84
RMP3,2022-03-15,2486.0,-3.57
RMP3,2022-03-15,2490.0,-3.47
RMP3,2022-03-15,2493.0,-3.25
RMP3,2022-03-15,2496.0,-2.92
RMP3,2022-03-15,2500.0,-2.83
RMP3,2022-03-15,2503.0,-3.21
RMP3,2022-03-15,2506.0,-3.58
RMP3,2022-03-15,2511.0,-5.39
RMP3,2022-03-15,2515.0,-4.07
RMP3,2022-03-15,2518.0,-4.13
RMP3,2022-03-15,2521.0,-3.68
RMP3,2022-03-15,2524.0,-3.81
RMP3,2022-03-15,2527.0,-4.63
RMP3,2022-03-15,2532.0,-3.09
RMP3,2022-03-15,2535.0,-2.93
RMP3,2022-03-15,2538.0,-3.09
RMP3,2022-03-15,2541.0,-3.14
RMP3,2022-03-15,2544.0,-3.22
RMP3,2022-03-15,2548.0,-3.1
RMP3,2022-03-15,2551.0,-3.4
RMP3,2022-03-15,2557.0,-4.7
RMP3,2022-03-15,2561.0,-4.0
RMP3,2022-03-15,2564.0,-3.7
RMP3,2022-03-15,2567.0,-3.9
RMP3,2022-03-15,2570.0,-3.79
RMP3,2022-03-15,2573.0,-3.05
RMP3,2022-03-15,2578.0,-4.11
RMP3,2022-03-15,2582.0,-3.45
RMP3,2022-03-15,2585.0,-4.17
RMP3,2022-03-15,2588.0,-4.85
RMP3,2022-03-15,2592.0,-3.66
RMP3,2022-03-15,2595.0,-3.28
RMP3,2022-03-15,2598.0,-3.38
RMP3,2022-03-15,2601.0,-3.74
RMP3,2022-03-15,2604.0,-3.76
RMP3,2022-03-15,2607.0,-3.3
RMP3,2022-03-15,2611.0,-3.49
RMP3,2022-03-15,2614.0,-3.52
RMP3,2022-03-15,2617.0,-3.14
RMP3,2022-03-15,2620.0,-3.45
RMP3,2022-03-15,2623.0,-3.58
RMP3,2022-03-15,2625.0,-2.8
RMP3,2022-03-15,2628.0,-2.89
RMP3,2022-03-15,2632.0,-2.45
RMP3,2022-03-15,2635.0,-2.37
RMP3,2022-03-15,2638.0,-2.32
RMP3,2022-03-15,2641.0,-2.26
RMP3,2022-03-15,2645.0,-2.26
RMP3,2022-03-15,2648.0,-2.8
RMP3,2022-03-15,2651.0,-3.27
RMP3,2022-03-15,2654.0,-2.98
RMP3,2022-03-15,2658.0,-3.02
RMP3,2022-03-15,2661.0,-2.89
RMP3,2022-03-15,2664.0,-2.73
RMP3,2022-03-15,2668.0,-2.38
RMP3,2022-03-15,2671.0,-1.88
RMP3,2022-03-15,2675.0,-1.85
RMP3,2022-03-15,2678.0,-1.6
RMP3,2022-03-15,2682.0,-1.73
RMP3,2022-03-15,2685.0,-1.88
RMP3,2022-03-15,2688.0,-1.75
RMP3,2022-03-15,2691.0,-1.74
RMP3,2022-03-15,2694.0,-1.82
RMP3,2022-03-15,2697.0,-1.94
RMP3,2022-03-15,2699.0,-1.95
RMP3,2022-03-15,2702.0,-1.91
RMP3,2022-03-15,2704.0,-1.69
RMP3,2022-03-15,2707.0,-1.42
RMP3,2022-03-15,2709.0,-1.31
RMP3,2022-03-15,2712.0,-1.93
RMP3,2022-03-15,2716.0,-1.28
RMP3,2022-03-15,2718.0,-1.03
RMP3,2022-03-15,2721.0,-0.95
RMP3,2022-03-15,2723.0,-0.96
RMP3,2022-03-15,2726.0,-0.98
RMP3,2022-03-15,2728.0,-0.91
RMP3,2022-03-15,2731.0,-0.93
RMP3,2022-03-15,2734.0,-1.07
RMP3,2022-03-15,2737.0,-0.88
RMP3,2022-03-15,2740.0,-0.71
RMP3,2022-03-15,2742.0,-0.76
RMP3,2022-03-15,2745.0,-0.73
RMP3,2022-03-15,2748.0,-0.68
RMP3,2022-03-15,2751.0,-0.69
RMP3,2022-03-15,2754.0,-0.74
RMP3,2022-03-15,2758.0,-0.77
RMP3,2022-03-15,2761.0,-0.75
RMP3,2022-03-15,2763.0,-0.62
RMP3,2022-03-15,2766.0,-0.71
RMP3,2022-03-15,2769.0,-0.78
RMP3,2022-03-15,2771.0,-0.68
RMP3,2022-03-15,2774.0,-0.56
RMP3,2022-03-15,2777.0,-0.49
RMP3,2022-03-15,2779.0,0.21
RMP3,2022-03-15,2780.0,0.34
RMP3,2022-03-15,2785.0,0.41
RMP3,2022-03-15,2790.0,0.31
RMP3,2022-03-15,2795.0,0.27
RMP3,2022-03-15,2800.0,0.29
RMP3,2022-03-15,2805.0,0.35
RMP3,2022-03-15,2810.0,0.38
RMP3,2022-03-15,2815.0,0.34
RMP3,2022-03-15,2820.0,0.34
RMP3,2022-03-15,2825.0,0.36
RMP3,2022-03-15,2830.0,0.37
RMP3,2022-03-15,2835.0,0.21
RMP3,2022-03-15,2840.0,0.34
RMP3,2022-03-15,2845.0,0.41
RMP3,2022-03-15,2850.0,0.31
RMP3,2022-03-15,2855.0,0.27
RMP3,2022-03-15,2860.0,0.29
RMP3,2022-03-15,2865.0,0.35
RMP3,2022-03-15,2870.0,0.38
RMP3,2022-03-15,2875.0,0.34
RMP3,2022-03-15,2880.0,0.34
RMP3,2022-03-15,2885.0,0.36
RMP3,2022-03-15,2890.0,0.37
RMP3,2022-03-15,2895.0,0.21
RMP3,2022-03-15,2900.0,0.34
RMP3,2022-03-15,2905.0,0.41
RMP3,2022-03-15,2910.0,0.31
RMP3,2022-03-15,2915.0,0.27
RMP3,2022-03-15,2920.0,0.29
RMP3,2022-03-15,2925.0,0.35
RMP3,2022-03-15,2930.0,0.38
RMP3,2022-03-15,2935.0,0.34
RMP3,2022-03-15,2940.0,0.34
RMP3,2022-03-15,2945.0,0.36
RMP3,2022-03-15,2950.0,0.37
RMP3,2022-03-15,2955.0,0.21
RMP3,2022-03-15,2960.0,0.34
RMP3,2022-03-15,2965.0,0.56
RMP3,2022-03-15,2970.0,0.76
RMP3,2022-03-15,2975.0,0.52
RMP3,2022-03-15,2980.0,0.64
RMP3,2022-03-15,2985.0,0.91
RMP3,2022-03-15,2990.0,0.85
RMP3,2022-03-15,2995.0,0.92
RMP3,2022-03-15,3000.0,0.98
RMP3,2022-03-15,3005.0,-1.23
RMP3,2022-03-15,3010.0,-2.51
RMP3,2022-03-15,3015.0,-2.98
RMP3,2022-03-15,3020.0,-3.49
RMP3,2022-03-15,3025.0,-4.21
RMP3,2022-03-15,3030.0,-4.05
RMP3,2022-03-15,3035.0,-3.62
RMP3,2022-03-15,3040.0,-3.01
RMP3,2022-03-15,3045.0,-2.87
RMP3,2022-03-15,3050.0,-2.34
RMP3,2022-03-15,3055.0,-1.98
RMP3,2022-03-15,3060.0,-1.42
RMP3,2022-03-15,3065.0,-1.31
RMP3,2022-03-15,3070.0,-1.93
RMP3,2022-03-15,3075.0,-1.32
RMP3,2022-03-15,3080.0,-0.98
RMP3,2022-03-15,3085.0,-0.62
RMP3,2022-03-15,3090.0,0.21
RMP3,2022-03-15,3095.0,0.54
RMP3,2022-03-15,3100.0,0.65
RMP3,2022-03-15,3105.0,0.71
RMP3,2022-03-15,3110.0,0.34
RMP3,2022-03-15,3113.0,0.35
RMP3,2022-03-15,3116.0,0.32
RMP3,2022-03-15,3118.0,0.29
RMP3,2022-03-15,3121.0,0.24
RMP3,2022-03-15,3124.0,0.23
RMP3,2022-03-15,3127.0,0.3
RMP3,2022-03-15,3130.0,0.15
RMP3,2022-03-15,3132.0,0.1
RMP3,2022-03-15,3134.0,0.06
RMP3,2022-03-15,3136.0,0.05
RMP3,2022-03-15,3139.0,0.01
RMP3,2022-03-15,3141.0,0.01
RMP3,2022-03-15,3144.0,0.01
RMP3,2022-03-15,3146.0,-0.59
RMP3,2022-03-15,3148.0,-0.69
RMP3,2022-03-15,3151.0,-0.76
RMP3,2022-03-15,3152.0,-0.79
RMP3,2022-03-15,3154.0,-0.75
RMP3,2022-03-15,3155.0,-0.74
RMP3,2022-03-15,3157.0,-0.78
RMP3,2022-03-15,3158.0,-0.94
RMP3,2022-03-15,3160.0,-0.98
RMP3,2022-03-15,3162.0,-0.82
RMP3,2022-03-15,3164.0,-0.78
RMP3,2022-03-15,3167.0,-0.98
RMP3,2022-03-15,3169.0,-1.13
RMP3,2022-03-15,3172.0,-1.18
RMP3,2022-03-15,3174.0,-1.12
RMP3,2022-03-15,3176.0,-1.09
RMP3,2022-03-15,3179.0,-1.05
RMP3,2022-03-15,3181.0,-1.02
RMP3,2022-03-15,3184.0,-0.97
RMP3,2022-03-15,3186.0,-0.95
RMP3,2022-03-15,3189.0,-0.92
RMP3,2022-03-15,3191.0,-0.93
RMP3,2022-03-15,3194.0,-0.94
RMP3,2022-03-15,3196.0,-0.95
RMP3,2022-03-15,3198.0,-0.95
RMP3,2022-03-15,3200.0,-0.98
RMP3,2022-03-15,3203.0,-0.98
RMP3,2022-03-15,3205.0,-1.0
RMP3,2022-03-15,3207.0,-0.98
RMP3,2022-03-15,3209.0,-0.97
RMP3,2022-03-15,3211.0,-0.96
RMP3,2022-03-15,3213.0,-0.93
RMP3,2022-03-15,3216.0,-0.93
RMP3,2022-03-15,3218.0,-0.91
RMP3,2022-03-15,3220.0,-0.91
RMP3,2022-03-15,3222.0,-0.93
RMP3,2022-03-15,3225.0,-0.95
RMP3,2022-03-15,3227.0,-0.97
RMP3,2022-03-15,3229.0,-0.97
RMP3,2022-03-15,3231.0,-0.97
RMP3,2022-03-15,3234.0,-0.97
RMP3,2022-03-15,3236.0,-0.98
RMP3,2022-03-15,3238.0,-1.02
RMP3,2022-03-15,3240.0,-1.07
RMP3,2022-03-15,3243.0,-1.04
RMP3,2022-03-15,3245.0,-1.04
RMP3,2022-03-15,3248.0,-1.03
RMP3,2022-03-15,3250.0,-1.03
RMP3,2022-03-15,3253.0,-1.01
RMP3,2022-03-15,3256.0,-0.92
RMP3,2022-03-15,3259.0,-0.87
RMP3,2022-03-15,3262.0,-0.89
RMP3,2022-03-15,3265.0,-0.75
RMP3,2022-03-15,3267.0,-0.84
RMP3,2022-03-15,3270.0,-0.89
RMP3,2022-03-15,3272.0,-0.84
RMP3,2022-03-15,3275.0,-0.77
RMP3,2022-03-15,3277.0,-0.85
RMP3,2022-03-15,3281.0,-1.1
RMP3,2022-03-15,3285.0,-1.11
RMP3,2022-03-15,3289.0,-1.01
RMP3,2022-03-15,3293.0,-0.79
RMP3,2022-03-15,3295.0,-1.11
RMP3,2022-03-15,3298.0,-0.94
RMP3,2022-03-15,3300.0,-1.01
RMP3,2022-03-15,3303.0,-0.95
RMP3,2022-03-15,3305.0,-0.96
RMP3,2022-03-15,3309.0,-0.92
RMP3,2022-03-15,3312.0,-0.67
RMP3,2022-03-15,3315.0,-1.22
RMP3,2022-03-15,3318.0,-1.36
RMP3,2022-03-15,3321.0,-0.97
RMP3,2022-03-15,3325.0,-1.16
RMP3,2022-03-15,3328.0,-1.3
RMP3,2022-03-15,3331.0,-1.27
RMP3,2022-03-15,3334.0,-1.27
RMP3,2022-03-15,3336.0,-1.28
RMP3,2022-03-15,3338.0,-1.23
RMP3,2022-03-15,3340.0,-1.25
RMP3,2022-03-15,3342.0,-1.24
RMP3,2022-03-15,3346.0,-1.31
RMP3,2022-03-15,3347.0,-1.31
RMP3,2022-03-15,3349.0,-1.25
RMP3,2022-03-15,3351.0,-1.29
RMP3,2022-03-15,3353.0,-1.33
RMP3,2022-03-15,3355.0,-1.09
RMP3,2022-03-15,3357.0,-1.18
RMP3,2022-03-15,3359.0,-1.28
RMP3,2022-03-15,3361.0,-1.27
RMP3,2022-03-15,3363.0,-1.32
RMP3,2022-03-15,3364.0,-1.33
RMP3,2022-03-15,3366.0,-1.37
RMP3,2022-03-15,3368.0,-1.42
RMP3,2022-03-15,3369.0,-1.4
RMP3,2022-03-15,3371.0,-1.45
RMP3,2022-03-15,3373.0,-2.29
RMP3,2022-03-15,3374.0,-3.47
RMP3,2022-03-15,3377.0,-3.57
RMP3,2022-03-15,3380.0,-5.04
RMP3,2022-03-15,3382.0,-5.29
RMP3,2022-03-15,3386.0,-3.92
RMP3,2022-03-15,3388.0,-4.08
RMP3,2022-03-15,3391.0,-3.9
RMP3,2022-03-15,3393.0,-3.79
RMP3,2022-03-15,3396.0,-4.08
RMP3,2022-03-15,3398.0,-4.5
RMP3,2022-03-15,3401.0,-3.73
RMP3,2022-03-15,3403.0,-3.4
RMP3,2022-03-15,3405.0,-3.35
RMP3,2022-03-15,3408.0,-3.08
RMP3,2022-03-15,3410.0,-2.48
RMP3,2022-03-15,3412.0,-3.19
RMP3,2022-03-15,3414.0,-3.83
RMP3,2022-03-15,3416.0,-3.84
RMP3,2022-03-15,3418.0,-3.7
RMP3,2022-03-15,3421.0,-3.63
RMP3,2022-03-15,3422.0,-3.65
RMP3,2022-03-15,3425.0,-3.99
RMP3,2022-03-15,3428.0,-3.83
RMP3,2022-03-15,3430.0,-3.75
RMP3,2022-03-15,3433.0,-3.68
RMP3,2022-03-15,3435.0,-3.62
RMP3,2022-03-15,3437.0,-3.59
RMP3,2022-03-15,3439.0,-3.23
RMP3,2022-03-15,3442.0,-2.03
RMP3,2022-03-15,3444.0,-1.3
RMP3,2022-03-15,3447.0,-1.29
RMP3,2022-03-15,3450.0,-1.39
RMP3,2022-03-15,3454.0,-1.37
RMP3,2022-03-15,3457.0,-1.37
RMP3,2022-03-15,3461.0,-1.2
RMP3,2022-03-15,3464.0,-1.19
RMP3,2022-03-15,3468.0,-1.56
RMP3,2022-03-15,3471.0,-1.34
RMP3,2022-03-15,3474.0,-1.15
RMP3,2022-03-15,3478.0,-1.18
RMP3,2022-03-15,3481.0,-1.36
RMP3,2022-03-15,3485.0,-1.33
RMP3,2022-03-15,3488.0,-1.31
RMP3,2022-03-15,3491.0,-1.3
RMP3,2022-03-15,3495.0,-1.05
RMP3,2022-03-15,3498.0,-1.32
RMP3,2022-03-15,3501.0,-1.33
RMP3,2022-03-15,3504.0,-1.32
RMP3,2022-03-15,3508.0,-1.31
RMP3,2022-03-15,3511.0,-1.36
RMP3,2022-03-15,3514.0,-1.34
RMP3,2022-03-15,3516.0,-1.21
RMP3,2022-03-15,3519.0,-1.13
RMP3,2022-03-15,3521.0,-1.2
RMP3,2022-03-15,3524.0,-1.01
RMP3,2022-03-15,3526.0,-1.06
RMP3,2022-03-15,3528.0,-1.05
RMP3,2022-03-15,3531.0,-1.1
RMP3,2022-03-15,3533.0,-1.09
RMP3,2022-03-15,3535.0,-1.12
RMP3,2022-03-15,3537.0,-1.03
RMP3,2022-03-15,3539.0,-1.14
RMP3,2022-03-15,3542.0,-1.15
RMP3,2022-03-15,3544.0,-1.11
RMP3,2022-03-15,3546.0,-1.14
RMP3,2022-03-15,3549.0,-1.1
RMP3,2022-03-15,3551.0,-1.09
RMP3,2022-03-15,3553.0,-0.98
RMP3,2022-03-15,3556.0,-1.0
RMP3,2022-03-15,3558.0,-1.0
RMP3,2022-03-15,3561.0,-1.0
RMP3,2022-03-15,3563.0,-1.0
RMP3,2022-03-15,3566.0,-0.76
RMP3,2022-03-15,3568.0,-1.01
RMP3,2022-03-15,3570.0,-1.06
RMP3,2022-03-15,3573.0,-1.05
RMP3,2022-03-15,3575.0,-0.98
RMP3,2022-03-15,3577.0,-0.87
RMP3,2022-03-15,3580.0,-0.88
RMP3,2022-03-15,3582.0,-0.88
RMP3,2022-03-15,3585.0,-0.86
RMP3,2022-03-15,3588.0,-0.87
RMP3,2022-03-15,3590.0,-0.84
RMP3,2022-03-15,3593.0,-0.78
RMP3,2022-03-15,3596.0,-0.64
RMP3,2022-03-15,3598.0,-0.74
RMP3,2022-03-15,3601.0,-0.73
RMP3,2022-03-15,3604.0,-0.73
RMP3,2022-03-15,3606.0,-0.73
RMP3,2022-03-15,3609.0,-0.75
RMP3,2022-03-15,3612.0,-0.71
RMP3,2022-03-15,3614.0,-0.79
RMP3,2022-03-15,3617.0,-0.79
RMP3,2022-03-15,3620.0,-0.79
RMP3,2022-03-15,3622.0,-0.78
RMP3,2022-03-15,3625.0,-0.78
RMP3,2022-03-15,3628.0,-0.8
RMP3,2022-03-15,3630.0,-0.78
RMP3,2022-03-15,3633.0,-0.73
RMP3,2022-03-15,3635.0,-0.77
RMP3,2022-03-15,3638.0,-0.8
RMP3,2022-03-15,3640.0,-0.79
RMP3,2022-03-15,3642.0,-0.79
RMP3,2022-03-15,3645.0,-0.77
RMP3,2022-03-15,3647.0,-0.74
RMP3,2022-03-15,3649.0,-0.71
RMP3,2022-03-15,3652.0,-0.74
RMP3,2022-03-15,3654.0,-0.76
RMP3,2022-03-15,3656.0,-0.78
RMP3,2022-03-15,3658.0,-0.77
RMP3,2022-03-15,3661.0,-0.77
RMP3,2022-03-15,3663.0,-0.75
RMP3,2022-03-15,3665.0,-0.75
RMP3,2022-03-15,3668.0,-0.75
RMP3,2022-03-15,3670.0,-0.75
RMP3,2022-03-15,3672.0,-0.78
RMP3,2022-03-15,3675.0,-0.76
RMP3,2022-03-15,3678.0,-0.75
RMP3,2022-03-15,3680.0,-0.77
RMP3,2022-03-15,3683.0,-0.77
RMP3,2022-03-15,3685.0,-0.82
RMP3,2022-03-15,3688.0,-0.82
RMP3,2022-03-15,3691.0,-0.8
RMP3,2022-03-15,3694.0,-0.8
RMP3,2022-03-15,3697.0,-0.79
RMP3,2022-03-15,3700.0,-0.82
RMP3,2022-03-15,3702.0,-0.82
RMP3,2022-03-15,3705.0,-0.82
RMP3,2022-03-15,3708.0,-0.84
RMP3,2022-03-15,3711.0,-0.8
RMP3,2022-03-15,3713.0,-0.85
RMP3,2022-03-15,3716.0,-0.86
RMP3,2022-03-15,3719.0,-0.87
RMP3,2022-03-15,3721.0,-0.87
RMP3,2022-03-15,3724.0,-0.86
RMP3,2022-03-15,3726.0,-1.01
RMP3,2022-03-15,3729.0,-1.0
RMP3,2022-03-15,3732.0,-1.03
RMP3,2022-03-15,3734.0,-1.01
RMP3,2022-03-15,3736.0,-1.03
RMP3,2022-03-15,3739.0,-1.05
RMP3,2022-03-15,3741.0,-1.07
RMP3,2022-03-15,3743.0,-1.1
RMP3,2022-03-15,3746.0,-1.12
RMP3,2022-03-15,3748.0,-1.13
RMP3,2022-03-15,3750.0,-1.1
RMP3,2022-03-15,3753.0,-1.11
RMP3,2022-03-15,3755.0,-1.09
RMP3,2022-03-15,3758.0,-1.09
RMP3,2022-03-15,3761.0,-0.93
RMP3,2022-03-15,3763.0,-0.94
RMP3,2022-03-15,3766.0,-0.98
RMP3,2022-03-15,3769.0,-0.96
RMP3,2022-03-15,3771.0,-0.98
RMP3,2022-03-15,3774.0,-0.96
RMP3,2022-03-15,3776.0,-0.94
RMP3,2022-03-15,3779.0,-0.85
RMP3,2022-03-15,3783.0,-0.86
RMP3,2022-03-15,3787.0,-0.91
RMP3,2022-03-15,3790.0,-0.84
RMP3,2022-03-15,3793.0,-0.89
RMP3,2022-03-15,3796.0,-0.88
RMP3,2022-03-15,3800.0,-0.8
RMP3,2022-03-15,3804.0,-0.89
RMP3,2022-03-15,3807.0,-1.04
RMP3,2022-03-15,3809.0,-1.02
RMP3,2022-03-15,3811.0,-1.01
RMP3,2022-03-15,3813.0,-1.03
RMP3,2022-03-15,3815.0,-1.02
RMP3,2022-03-15,3817.0,-0.98
RMP3,2022-03-15,3819.0,-0.95
RMP3,2022-03-15,3822.0,-0.98
RMP3,2022-03-15,3824.0,-1.02
RMP3,2022-03-15,3826.0,-1.02
RMP3,2022-03-15,3828.0,-1.04
RMP3,2022-03-15,3830.0,-0.82
RMP3,2022-03-15,3833.0,-0.87
RMP3,2022-03-15,3835.0,-0.87
RMP3,2022-03-15,3837.0,-0.94
RMP3,2022-03-15,3840.0,-0.91
RMP3,2022-03-15,3843.0,-0.96
RMP3,2022-03-15,3846.0,-0.87
RMP3,2022-03-15,3849.0,-0.89
RMP3,2022-03-15,3852.0,-0.92
RMP3,2022-03-15,3855.0,-0.94
RMP3,2022-03-15,3858.0,-0.82
RMP3,2022-03-15,3861.0,-0.83
RMP3,2022-03-15,3863.0,-0.79
RMP3,2022-03-15,3866.0,-0.88
RMP3,2022-03-15,3869.0,-0.87
RMP3,2022-03-15,3871.0,-0.8
RMP3,2022-03-15,3874.0,-0.88
RMP3,2022-03-15,3876.0,-0.92
RMP3,2022-03-15,3879.0,-0.91
RMP3,2022-03-15,3881.0,-0.87
RMP3,2022-03-15,3883.0,-0.94
RMP3,2022-03-15,3886.0,-0.93
RMP3,2022-03-15,3888.0,-0.91
RMP3,2022-03-15,3890.0,-0.87
RMP3,2022-03-15,3892.0,-0.83
RMP3,2022-03-15,3895.0,-0.77
RMP3,2022-03-15,3897.0,-0.77
RMP3,2022-03-15,3899.0,-0.8
RMP3,2022-03-15,3901.0,-0.83
RMP3,2022-03-15,3903.0,-0.84
RMP3,2022-03-15,3905.0,-0.82
RMP3,2022-03-15,3906.0,-0.75
RMP3,2022-03-15,3908.0,-0.74
RMP3,2022-03-15,3909.0,-0.82
RMP3,2022-03-15,3911.0,-0.82
RMP3,2022-03-15,3913.0,-0.78
RMP3,2022-03-15,3914.0,-0.78
RMP3,2022-03-15,3916.0,-0.88
RMP3,2022-03-15,3918.0,-0.86
RMP3,2022-03-15,3921.0,-0.86
RMP3,2022-03-15,3923.0,-0.87
RMP3,2022-03-15,3924.0,-0.95
RMP3,2022-03-15,3926.0,-0.95
RMP3,2022-03-15,3927.0,-0.97
RMP3,2022-03-15,3929.0,-0.97
RMP3,2022-03-15,3931.0,-1.01
RMP3,2022-03-15,3932.0,-1.03
RMP3,2022-03-15,3934.0,-1.05
RMP3,2022-03-15,3936.0,-1.04
RMP3,2022-03-15,3938.0,-1.05
RMP3,2022-03-15,3940.0,-1.07
RMP3,2022-03-15,3942.0,-1.03
RMP3,2022-03-15,3944.0,-1.14
RMP3,2022-03-15,3946.0,-1.14
RMP3,2022-03-15,3948.0,-1.22
RMP3,2022-03-15,3951.0,-1.12
RMP3,2022-03-15,3953.0,-1.07
RMP3,2022-03-15,3956.0,-1.01
RMP3,2022-03-15,3958.0,-0.92
RMP3,2022-03-15,3961.0,-0.76
RMP3,2022-03-15,3963.0,-0.59
RMP3,2022-03-15,3966.0,-0.44
RMP3,2022-03-15,3968.0,-0.35
RMP3,2022-03-15,3970.0,-0.31
RMP3,2022-03-15,3972.0,-0.2
RMP3,2022-03-15,3975.0,-0.16
RMP3,2022-03-15,3977.0,-0.13
RMP3,2022-03-15,3979.0,-0.14
RMP3,2022-03-15,3983.0,-0.22
RMP3,2022-03-15,3986.0,-0.14
RMP3,2022-03-15,3989.0,-0.12
RMP3,2022-03-15,3992.0,-0.19
RMP3,2022-03-15,3994.0,-0.13
RMP3,2022-03-15,3996.0,0.17
RMP3,2022-03-15,3998.0,0.08
RMP3,2022-03-15,4001.0,0.07
RMP3,2022-03-15,4003.0,0.07
RMP3,2022-03-15,4005.0,0.1
RMP3,2022-03-15,4008.0,0.14
RMP3,2022-03-15,4009.0,0.19
RMP3,2022-03-15,4011.0,0.19
RMP3,2022-03-15,4013.0,0.17
RMP3,2022-03-15,4015.0,0.15
RMP3,2022-03-15,4017.0,0.12
RMP3,2022-03-15,4019.0,0.12
RMP3,2022-03-15,4020.0,0.1
RMP3,2022-03-15,4022.0,0.11
RMP3,2022-03-15,4023.0,0.11
RMP3,2022-03-15,4025.0,0.13
RMP3,2022-03-15,4026.0,0.13
RMP3,2022-03-15,4027.0,0.14
RMP3,2022-03-15,4030.0,0.07
RMP3,2022-03-15,4035.0,0.1
RMP3,2022-03-15,4040.0,0.14
RMP3,2022-03-15,4045.0,0.19
RMP3,2022-03-15,4050.0,0.19
RMP3,2022-03-15,4055.0,0.17
RMP3,2022-03-15,4060.0,0.15
RMP3,2022-03-15,4065.0,0.12
RMP3,2022-03-15,4070.0,0.12
RMP3,2022-03-15,4075.0,0.1
RMP3,2022-03-15,4080.0,0.11
RMP3,2022-03-15,4085.0,0.11
RMP3,2022-03-15,4090.0,0.13
RMP3,2022-03-15,4095.0,0.13
RMP3,2022-03-15,4100.0,-0.98
RMP3,2022-03-15,4105.0,-1.02
RMP3,2022-03-15,4110.0,-1.02
RMP3,2022-03-15,4115.0,-1.04
RMP3,2022-03-15,4120.0,-0.82
RMP3,2022-03-15,4125.0,-0.87
RMP3,2022-03-15,4130.0,-0.87
RMP3,2022-03-15,4135.0,-0.94
RMP3,2022-03-15,4140.0,-0.91
RMP3,2022-03-15,4145.0,-0.96
RMP3,2022-03-15,4150.0,-0.87
RMP3,2022-03-15,4155.0,-0.89
RMP3,2022-03-15,4160.0,-0.92
RMP3,2022-03-15,4165.0,-0.94
RMP3,2022-03-15,4170.0,-0.82
RMP3,2022-03-15,4175.0,-0.83
RMP3,2022-03-15,4180.0,-0.79
RMP3,2022-03-15,4185.0,-0.88
RMP3,2022-03-15,4190.0,-0.87
RMP3,2022-03-15,4195.0,-0.8
RMP3,2022-03-15,4200.0,-0.88
RMP3,2022-03-15,4205.0,-0.92
RMP3,2022-03-15,4210.0,-0.91
RMP3,2022-03-15,4215.0,-0.87
RMP3,2022-03-15,4220.0,-0.94
RMP3,2022-03-15,4225.0,-0.93
RMP3,2022-03-15,4230.0,-0.91
RMP3,2022-03-15,4235.0,-0.87
RMP3,2022-03-15,4240.0,-0.83
RMP3,2022-03-15,4245.0,-0.77
RMP3,2022-03-15,4250.0,-0.77
RMP3,2022-03-15,4255.0,-0.8
RMP3,2022-03-15,4260.0,-0.83
RMP3,2022-03-15,4265.0,-0.84
RMP3,2022-03-15,4270.0,-0.82
RMP3,2022-03-15,4275.0,-0.75
RMP3,2022-03-15,4280.0,-0.74
RMP3,2022-03-15,4285.0,-0.82
RMP3,2022-03-15,4290.0,-0.82
RMP3,2022-03-15,4295.0,-0.78
RMP3,2022-03-15,4300.0,-0.78
RMP3,2022-03-15,4305.0,-0.88
RMP3,2022-03-15,4310.0,-0.86
RMP3,2022-03-15,4315.0,-0.86
RMP3,2022-03-15,4320.0,-0.87
RMP3,2022-03-15,4325.0,-0.95
RMP3,2022-03-15,4330.0,-0.95
RMP3,2022-03-15,4335.0,-0.97
RMP3,2022-03-15,4340.0,-0.97
RMP3,2022-03-15,4345.0,-1.01
RMP3,2022-03-15,4350.0,-1.03
RMP3,2022-03-15,4355.0,-1.05
RMP3,2022-03-15,4360.0,-1.04
RMP3,2022-03-15,4365.0,-1.05
RMP3,2022-03-15,4370.0,-1.07
RMP3,2022-03-15,4375.0,-1.03
RMP3,2022-03-15,4380.0,-1.14
RMP3,2022-03-15,4385.0,-1.14
RMP3,2022-03-15,4390.0,-1.22
RMP3,2022-03-15,4395.0,-1.12
RMP3,2022-03-15,4400.0,-1.07
RMP3,2022-03-15,4405.0,-1.01
RMP3,2022-03-15,4410.0,-0.92
RMP3,2022-03-15,4415.0,-0.76
RMP3,2022-03-15,4420.0,-0.59
RMP3,2022-03-15,4425.0,-0.44
RMP3,2022-03-15,4430.0,-0.35
RMP3,2022-03-15,4435.0,-0.31
RMP3,2022-03-15,4440.0,-0.2
RMP3,2022-03-15,4445.0,-0.16
RMP3,2022-03-15,4450.0,-0.13
RMP3,2022-03-15,4455.0,-0.14
RMP3,2022-03-15,4460.0,-0.22
RMP3,2022-03-15,4465.0,-0.14
RMP3,2022-03-15,4470.0,-0.12
RMP3,2022-03-15,4475.0,-0.19
RMP3,2022-03-15,4480.0,-0.59
RMP3,2022-03-15,4485.0,-0.44
RMP3,2022-03-15,4490.0,-0.35
RMP3,2022-03-15,4495.0,-0.31
RMP3,2022-03-15,4500.0,-0.2
RMP3,2022-03-15,4505.0,-0.16
RMP3,2022-03-15,4510.0,-0.13
RMP3,2022-03-15,4515.0,-0.14
RMP3,2022-03-15,4520.0,-0.22
RMP3,2022-03-15,4525.0,-0.14
RMP3,2022-03-15,4530.0,-0.12
RMP3,2022-03-15,4535.0,-0.19
RMP3,2022-03-15,4540.0,-0.13
RMP3,2022-03-15,4545.0,0.17
RMP3,2022-03-15,4550.0,0.08
RMP3,2022-03-15,4555.0,0.07
RMP3,2022-03-15,4560.0,0.07
RMP3,2022-03-15,4565.0,0.1
RMP3,2022-03-15,4570.0,0.14
RMP3,2022-03-15,4575.0,0.19
RMP3,2022-03-15,4580.0,0.19
RMP3,2022-03-15,4585.0,0.17
RMP3,2022-03-15,4590.0,0.15
RMP3,2022-03-15,4595.0,0.12
RMP3,2022-03-15,4600.0,0.12
RMP3,2022-03-15,4605.0,0.1
RMP3,2022-03-15,4610.0,0.11
RMP3,2022-03-15,4615.0,0.11
RMP3,2022-03-15,4620.0,0.13
RMP3,2022-03-15,4625.0,0.13
RMP3,2022-03-15,4630.0,0.14
RMP3,2022-03-15,4635.0,0.07
RMP3,2022-03-15,4640.0,0.1
RMP3,2022-03-15,4645.0,0.14
RMP3,2022-03-15,4650.0,0.19
RMP3,2022-03-15,4655.0,0.19
RMP3,2022-03-15,4660.0,0.17
RMP3,2022-03-15,4665.0,0.15
RMP3,2022-03-15,4670.0,0.12
RMP3,2022-03-15,4675.0,0.12
RMP3,2022-03-15,4680.0,0.1
RMP3,2022-03-15,4685.0,0.11
RMP3,2022-03-15,4690.0,0.11
RMP3,2022-03-15,4695.0,0.13
RMP3,2022-03-15,4700.0,0.13
RMP3,2022-03-15,4705.0,-0.98
RMP3,2022-03-15,4710.0,-1.02
RMP3,2022-03-15,4715.0,-1.02
RMP3,2022-03-15,4720.0,-1.04
RMP3,2022-03-15,4725.0,-0.82
RMP3,2022-03-15,4730.0,-0.87
RMP3,2022-03-15,4735.0,-0.87
RMP3,2022-03-15,4740.0,-0.94
RMP3,2022-03-15,4745.0,-0.91
RMP3,2022-03-15,4750.0,-0.96
RMP3,2022-03-15,4755.0,-0.87
RMP3,2022-03-15,4760.0,-0.89
RMP3,2022-03-15,4765.0,-0.92
RMP3,2022-03-15,4770.0,-0.94
RMP3,2022-03-15,4775.0,-0.82
RMP3,2022-03-15,4780.0,-0.83
RMP3,2022-03-15,4785.0,-0.79
RMP3,2022-03-15,4790.0,-0.88
RMP3,2022-03-15,4795.0,-0.87
RMP3,2022-03-15,4800.0,-0.8
RMP3,2022-03-15,4805.0,-0.88
RMP3,2022-03-15,4810.0,-0.92
RMP3,2022-03-15,4815.0,-0.91
RMP3,2022-03-15,4820.0,-0.87
RMP3,2022-03-15,4825.0,-0.94
RMP3,2022-03-15,4830.0,-0.93
RMP3,2022-03-15,4835.0,-0.91
RMP3,2022-03-15,4840.0,-0.87
RMP3,2022-03-15,4845.0,-0.83
RMP3,2022-03-15,4850.0,-0.77
RMP3,2022-03-15,4855.0,-0.77
RMP3,2022-03-15,4860.0,-0.8
RMP3,2022-03-15,4865.0,-0.83
RMP3,2022-03-15,4870.0,-0.84
RMP3,2022-03-15,4875.0,-0.82
RMP3,2022-03-15,4880.0,-0.75
RMP3,2022-03-15,4885.0,-0.74
RMP3,2022-03-15,4890.0,-0.82
RMP3,2022-03-15,4895.0,-0.82
RMP3,2022-03-15,4900.0,-0.78
RMP3,2022-03-15,4905.0,-0.78
RMP3,2022-03-15,4910.0,-0.88
RMP3,2022-03-15,4915.0,-0.86
RMP3,2022-03-15,4920.0,-0.86
RMP3,2022-03-15,4925.0,-0.87
RMP3,2022-03-15,4930.0,-0.95
RMP3,2022-03-15,4935.0,-0.95
RMP3,2022-03-15,4940.0,-0.97
RMP3,2022-03-15,4945.0,-0.97
RMP3,2022-03-15,4950.0,-1.01
RMP3,2022-03-15,4955.0,-1.03
RMP3,2022-03-15,4960.0,-1.05
RMP3,2022-03-15,4965.0,-1.04
RMP3,2022-03-15,4970.0,-1.05
RMP3,2022-03-15,4975.0,-1.07
RMP3,2022-03-15,4980.0,-1.03
RMP3,2022-03-15,4985.0,-1.14
RMP3,2022-03-15,4990.0,-1.14
RMP3,2022-03-15,4995.0,-1.22
RMP3,2022-03-15,5000.0,-1.12
RMP3,2022-03-15,5005.0,-1.07
RMP3,2022-03-15,5010.0,-1.01
RMP3,2022-03-15,5015.0,-0.92
RMP3,2022-03-15,5020.0,-0.76
RMP3,2022-03-15,5025.0,-0.59
RMP3,2022-03-15,5030.0,-0.44
RMP3,2022-03-15,5035.0,-0.35
RMP3,2022-03-15,5040.0,-0.31
RMP3,2022-03-15,5045.0,-0.2
RMP3,2022-03-15,5050.0,-0.16
RMP3,2022-03-15,5055.0,-0.13
RMP3,2022-03-15,5060.0,-0.14
RMP3,2022-03-15,5065.0,-0.22
RMP3,2022-03-15,5070.0,-0.14
RMP3,2022-03-15,5075.0,-0.12
RMP3,2022-03-15,5080.0,-0.19
RMP3,2022-03-15,5085.0,-0.82
RMP3,2022-03-15,5090.0,-0.78
RMP3,2022-03-15,5095.0,-0.78
RMP3,2022-03-15,5100.0,-0.88
RMP3,2022-03-15,5105.0,-0.86
RMP3,2022-03-15,5110.0,-0.86
RMP3,2022-03-15,5115.0,-0.87
RMP3,2022-03-15,5120.0,-0.95
RMP3,2022-03-15,5125.0,-0.95
RMP3,2022-03-15,5130.0,-0.97
RMP3,2022-03-15,5135.0,-0.97
RMP3,2022-03-15,5140.0,-1.01
RMP3,2022-03-15,5145.0,-1.03
RMP3,2022-03-15,5150.0,-1.05
RMP3,2022-03-15,5155.0,-1.04
RMP3,2022-03-15,5160.0,-1.05
RMP3,2022-03-15,5165.0,-1.07
RMP3,2022-03-15,5170.0,-1.03
RMP3,2022-03-15,5175.0,-1.14
RMP3,2022-03-15,5180.0,-1.14
RMP3,2022-03-15,5185.0,-1.22
RMP3,2022-03-15,5190.0,-1.12
RMP3,2022-03-15,5195.0,-1.07
RMP3,2022-03-15,5200.0,-1.01
RMP3,2022-03-15,5205.0,-0.92
RMP3,2022-03-15,5210.0,-0.76
RMP3,2022-03-15,5215.0,-0.59
RMP3,2022-03-15,5220.0,-0.44
RMP3,2022-03-15,5225.0,-0.35
RMP3,2022-03-15,5230.0,-0.31
RMP3,2022-03-15,5235.0,-0.2
RMP3,2022-03-15,5240.0,-0.16
RMP3,2022-03-15,5245.0,-0.13
RMP3,2022-03-15,5250.0,-0.14
RMP3,2022-03-15,5255.0,-0.82
RMP3,2022-03-15,5260.0,-0.78
RMP3,2022-03-15,5265.0,-0.78
RMP3,2022-03-15,5270.0,-0.88
RMP3,2022-03-15,5275.0,-0.86
RMP3,2022-03-15,5280.0,-0.86
RMP3,2022-03-15,5285.0,-0.87
RMP3,2022-03-15,5290.0,-0.95
RMP3,2022-03-15,5295.0,-0.95
RMP3,2022-03-15,5300.0,-0.97
RMP3,2022-03-15,5305.0,-0.97
RMP3,2022-03-15,5310.0,-1.01
RMP3,2022-03-15,5315.0,-1.03
RMP3,2022-03-15,5320.0,-1.05
RMP3,2022-03-15,5325.0,-1.04
RMP3,2022-03-15,5330.0,-1.05
RMP3,2022-03-15,5335.0,-1.07
RMP3,2022-03-15,5340.0,-1.03
RMP3,2022-03-15,5345.0,-1.14
RMP3,2022-03-15,5350.0,-1.14
RMP3,2022-03-15,5355.0,-1.22
RMP3,2022-03-15,5360.0,-1.12
RMP3,2022-03-15,5365.0,-1.07
RMP3,2022-03-15,5370.0,-1.01
RMP3,2022-03-15,5375.0,-0.92
RMP3,2022-03-15,5380.0,-0.76
RMP3,2022-03-15,5385.0,-0.59
RMP3,2022-03-15,5390.0,-0.44
RMP3,2022-03-15,5395.0,-0.35
RMP3,2022-03-15,5400.0,-0.31
RMP3,2022-03-15,5405.0,-0.2
RMP3,2022-03-15,5410.0,-0.16
RMP3,2022-03-15,5415.0,-0.13
RMP3,2022-03-15,5420.0,-0.14
RMP3,2022-03-15,5425.0,-3.57
RMP3,2022-03-15,5430.0,-3.62
RMP3,2022-03-15,5435.0,-3.19
RMP3,2022-03-15,5440.0,-3.35
RMP3,2022-03-15,5445.0,-3.22
RMP3,2022-03-15,5450.0,-3.36
RMP3,2022-03-15,5455.0,-3.27
RMP3,2022-03-15,5460.0,-3.38
RMP3,2022-03-15,5465.0,-3.29
RMP3,2022-03-15,5470.0,-3.28
RMP3,2022-03-15,5475.0,-3.4
RMP3,2022-03-15,5480.0,-3.22
RMP3,2022-03-15,5485.0,-3.37
RMP3,2022-03-15,5490.0,-3.7
RMP3,2022-03-15,5495.0,-3.77
RMP3,2022-03-15,5500.0,-3.52
RMP3,2022-03-15,5505.0,-3.24
RMP3,2022-03-15,5510.0,-3.01
RMP3,2022-03-15,5515.0,-3.2
RMP3,2022-03-15,5520.0,-2.98
RMP3,2022-03-15,5525.0,-2.66
RMP3,2022-03-15,5530.0,-2.32
RMP3,2022-03-15,5535.0,-2.4
RMP3,2022-03-15,5540.0,-2.12
RMP3,2022-03-15,5545.0,-2.11
RMP3,2022-03-15,5550.0,-1.99
RMP3,2022-03-15,5555.0,-2.21
RMP3,2022-03-15,5560.0,-2.31
RMP3,2022-03-15,5565.0,-2.13
RMP3,2022-03-15,5570.0,-2.34
RMP3,2022-03-15,5575.0,-2.67
RMP3,2022-03-15,5580.0,-2.19
RMP3,2022-03-15,5585.0,-2.17
RMP3,2022-03-15,5590.0,-2.31
RMP3,2022-03-15,5595.0,-1.58
RMP3,2022-03-15,5600.0,-1.01
RMP3,2022-03-15,5605.0,-0.52
RMP3,2022-03-15,5610.0,-0.22
RMP3,2022-03-15,5615.0,0.14
RMP3,2022-03-15,5620.0,0.52
RMP3,2022-03-15,5625.0,0.34
RMP3,2022-03-15,5628.0,0.48
RMP3,2022-03-15,5630.0,0.26
RMP3,2022-03-15,5633.0,0.31
RMP3,2022-03-15,5635.0,0.34
RMP3,2022-03-15,5638.0,0.36
RMP3,2022-03-15,5640.0,0.34
RMP3,2022-03-15,5643.0,0.31
RMP3,2022-03-15,5647.0,0.28
RMP3,2022-03-15,5650.0,0.3
RMP3,2022-03-15,5653.0,0.28
RMP3,2022-03-15,5655.0,0.24
RMP3,2022-03-15,5657.0,0.2
RMP3,2022-03-15,5659.0,0.29
RMP3,2022-03-15,5662.0,0.38
RMP3,2022-03-15,5664.0,0.28
RMP3,2022-03-15,5667.0,0.08
RMP3,2022-03-15,5670.0,0.12
RMP3,2022-03-15,5672.0,0.19
RMP3,2022-03-15,5675.0,0.1
RMP3,2022-03-15,5677.0,0.14
RMP3,2022-03-15,5680.0,0.12
RMP3,2022-03-15,5683.0,0.14
RMP3,2022-03-15,5686.0,0.01
RMP3,2022-03-15,5689.0,0.13
RMP3,2022-03-15,5692.0,-0.02
RMP3,2022-03-15,5695.0,-0.1
RMP3,2022-03-15,5699.0,-0.14
RMP3,2022-03-15,5702.0,-0.19
RMP3,2022-03-15,5705.0,-0.13
RMP3,2022-03-15,5708.0,-0.15
RMP3,2022-03-15,5711.0,-0.16
RMP3,2022-03-15,5714.0,-0.26
RMP3,2022-03-15,5717.0,-0.31
RMP3,2022-03-15,5720.0,-0.3
RMP3,2022-03-15,5723.0,-0.28
RMP3,2022-03-15,5726.0,-0.38
RMP3,2022-03-15,5729.0,-0.38
RMP3,2022-03-15,5732.0,-0.38
RMP3,2022-03-15,5735.0,-0.41
RMP3,2022-03-15,5738.0,-0.41
RMP3,2022-03-15,5742.0,-0.47
RMP3,2022-03-15,5745.0,-0.49
RMP3,2022-03-15,5748.0,-0.52
RMP3,2022-03-15,5751.0,-0.41
RMP3,2022-03-15,5754.0,-0.42
RMP3,2022-03-15,5758.0,0.07
RMP3,2022-03-15,5761.0,-0.49
RMP3,2022-03-15,5764.0,-0.66
RMP3,2022-03-15,5767.0,-0.76
RMP3,2022-03-15,5770.0,-0.78
RMP3,2022-03-15,5773.0,-0.73
RMP3,2022-03-15,5776.0,-0.74
RMP3,2022-03-15,5779.0,-0.75
RMP3,2022-03-15,5783.0,-0.86
RMP3,2022-03-15,5786.0,-0.78
RMP3,2022-03-15,5789.0,-0.91
RMP3,2022-03-15,5792.0,-0.98
RMP3,2022-03-15,5795.0,-1.02
RMP3,2022-03-15,5799.0,-1.01
RMP3,2022-03-15,5802.0,-1.05
RMP3,2022-03-15,5806.0,-1.13
RMP3,2022-03-15,5810.0,-1.05
RMP3,2022-03-15,5814.0,-1.2
RMP3,2022-03-15,5818.0,-1.28
RMP3,2022-03-15,5822.0,-1.29
RMP3,2022-03-15,5826.0,-1.34
RMP3,2022-03-15,5830.0,-1.4
RMP3,2022-03-15,5834.0,-1.4
RMP3,2022-03-15,5838.0,-1.4
RMP3,2022-03-15,5842.0,-1.47
RMP3,2022-03-15,5845.0,-1.52
RMP3,2022-03-15,5849.0,-1.55
RMP3,2022-03-15,5853.0,-1.58
RMP3,2022-03-15,5856.0,-1.63
RMP3,2022-03-15,5860.0,-1.65
RMP3,2022-03-15,5863.0,-1.67
RMP3,2022-03-15,5866.0,-1.7
RMP3,2022-03-15,5870.0,-1.73
RMP3,2022-03-15,5873.0,-1.73
RMP3,2022-03-15,5876.0,-1.72
RMP3,2022-03-15,5879.0,-1.76
RMP3,2022-03-15,5882.0,-1.77
RMP3,2022-03-15,5886.0,-1.81
RMP3,2022-03-15,5889.0,-1.82
RMP3,2022-03-15,5892.0,-1.82
RMP3,2022-03-15,5895.0,-1.91
RMP3,2022-03-15,5898.0,-1.95
RMP3,2022-03-15,5901.0,-2.0
RMP3,2022-03-15,5904.0,-2.08
RMP3,2022-03-15,5909.0,-2.12
RMP3,2022-03-15,5912.0,-2.14
RMP3,2022-03-15,5915.0,-2.22
RMP3,2022-03-15,5919.0,-2.26
RMP3,2022-03-15,5922.0,-2.37
RMP3,2022-03-15,5925.0,-2.31
RMP3,2022-03-15,5929.0,-2.33
RMP3,2022-03-15,5932.0,-2.44
RMP3,2022-03-15,5936.0,-2.5
RMP3,2022-03-15,5940.0,-2.53
RMP3,2022-03-15,5944.0,-2.62
RMP3,2022-03-15,5948.0,-2.59
RMP3,2022-03-15,5951.0,-2.65
RMP3,2022-03-15,5956.0,-2.74
RMP3,2022-03-15,5960.0,-2.76
RMP3,2022-03-15,5964.0,-2.81
RMP3,2022-03-15,5968.0,-2.86
RMP3,2022-03-15,5972.0,-2.93
RMP3,2022-03-15,5977.0,-2.92
RMP3,2022-03-15,5981.0,-2.95
RMP3,2022-03-15,5985.0,-2.91
RMP3,2022-03-15,5990.0,-2.91
RMP3,2022-03-15,5994.0,-2.94
RMP3,2022-03-15,5998.0,-3.0
RMP3,2022-03-15,6003.0,-3.01
RMP3,2022-03-15,6007.0,-3.04
RMP3,2022-03-15,6012.0,-3.08
RMP3,2022-03-15,6016.0,-3.11
RMP3,2022-03-15,6021.0,-3.13
RMP3,2022-03-15,6025.0,-3.12
RMP3,2022-03-15,6030.0,-3.17
RMP3,2022-03-15,6034.0,-3.21
RMP3,2022-03-15,6038.0,-3.18
RMP3,2022-03-15,6043.0,-3.19
RMP3,2022-03-15,6047.0,-3.18
RMP3,2022-03-15,6052.0,-3.13
RMP3,2022-03-15,6056.0,-3.03
RMP3,2022-03-15,6060.0,-3.0
RMP3,2022-03-15,6065.0,-3.16
RMP3,2022-03-15,6069.0,-3.37
RMP3,2022-03-15,6073.0,-3.37
RMP3,2022-03-15,6078.0,-3.57
RMP3,2022-03-15,6082.0,-3.63
RMP3,2022-03-15,6086.0,-3.81
RMP3,2022-03-15,6090.0,-3.98
RMP3,2022-03-15,6094.0,-4.02
RMP3,2022-03-15,6098.0,-4.1
RMP3,2022-03-15,6102.0,-4.13
RMP3,2022-03-15,6106.0,-4.08
RMP3,2022-03-15,6110.0,-3.92
RMP3,2022-03-15,6114.0,-3.89
RMP3,2022-03-15,6118.0,-4.03
RMP3,2022-03-15,6122.0,-4.05
RMP3,2022-03-15,6126.0,-4.08
RMP3,2022-03-15,6129.0,-4.08
RMP3,2022-03-15,6133.0,-4.13
RMP3,2022-03-15,6136.0,-4.16
RMP3,2022-03-15,6140.0,-4.18
RMP3,2022-03-15,6143.0,-4.19
RMP3,2022-03-15,6147.0,-4.32
RMP3,2022-03-15,6150.0,-4.44
RMP3,2022-03-15,6153.0,-4.55
RMP3,2022-03-15,6156.0,-4.65
RMP3,2022-03-15,6160.0,-4.67
RMP3,2022-03-15,6163.0,-4.62
RMP3,2022-03-15,6165.0,-4.49
RMP3,2022-03-15,6168.0,-4.36
RMP3,2022-03-15,6171.0,-4.25
RMP3,2022-03-15,6174.0,-4.17
RMP3,2022-03-15,6177.0,-4.17
RMP3,2022-03-15,6180.0,-4.25
RMP3,2022-03-15,6183.0,-4.35
RMP3,2022-03-15,6186.0,-4.39
RMP3,2022-03-15,6189.0,-4.49
RMP3,2022-03-15,6191.0,-4.53
RMP3,2022-03-15,6194.0,-4.5
RMP3,2022-03-15,6196.0,-4.55
RMP3,2022-03-15,6200.0,-4.61
RMP3,2022-03-15,6202.0,-4.71
RMP3,2022-03-15,6208.0,-4.67
RMP3,2022-03-15,6212.0,-4.57
RMP3,2022-03-15,6217.0,-4.53
RMP3,2022-03-15,6222.0,-4.63
RMP3,2022-03-15,6226.0,-4.84
RMP3,2022-03-15,6231.0,-4.7
RMP3,2022-03-15,6235.0,-4.61
RMP3,2022-03-15,6238.0,-6.18
RMP3,2022-03-15,6251.0,-5.76
RMP3,2022-03-15,6259.0,-5.37
RMP3,2022-03-15,6269.0,-5.42
RMP3,2022-03-15,6280.0,-5.63
RMP3,2022-03-15,6290.0,-5.28
RMP3,2022-03-15,6301.0,-5.35
RMP3,2022-03-15,6313.0,-5.48
RMP3,2022-03-15,6339.0,-6.08
RMP3,2022-03-15,6349.0,-5.8
RMP3,2022-03-15,6381.0,-6.32
RMP3,2022-03-15,6391.0,-6.38
RMP3,2022-03-15,6402.0,-6.55
RMP3,2022-03-15,6411.0,-6.7
RMP3,2022-03-15,6423.0,-7.22
RMP3,2022-03-15,6434.0,-5.2
RMP3,2022-03-15,6443.0,-4.89
RMP3,2022-03-15,6450.0,-5.11
RMP3,2022-03-15,6459.0,-5.38
RMP3,2022-03-15,6465.0,-5.53
RMP3,2022-03-15,6470.0,-5.56
RMP3,2022-03-15,6476.0,-5.58
RMP3,2022-03-15,6480.0,-5.51
RMP3,2022-03-15,6484.0,-5.75
RMP3,2022-03-15,6489.0,-5.84
RMP3,2022-03-15,6500.0,-4.71
RMP3,2022-03-15,6508.0,-4.57
RMP3,2022-03-15,6513.0,-4.5
RMP3,2022-03-15,6518.0,-4.48
RMP3,2022-03-15,6523.0,-4.44
RMP3,2022-03-15,6528.0,-4.49
RMP3,2022-03-15,6533.0,-4.79
RMP3,2022-03-15,6539.0,-4.77
RMP3,2022-03-15,6545.0,-4.98
RMP3,2022-03-15,6552.0,-4.9
RMP3,2022-03-15,6559.0,-5.04
RMP3,2022-03-15,6566.0,-4.89
RMP3,2022-03-15,6570.0,-4.75
RMP3,2022-03-15,6576.0,-4.46
RMP3,2022-03-15,6580.0,-3.76
RMP3,2022-03-15,6583.0,-3.64
RMP3,2022-03-15,6587.0,-3.62
RMP3,2022-03-15,6591.0,-3.55
RMP3,2022-03-15,6595.0,-3.4
RMP3,2022-03-15,6599.0,-3.5
RMP3,2022-03-15,6602.0,-3.54
RMP3,2022-03-15,6605.0,-3.61
RMP3,2022-03-15,6610.0,-3.73
RMP3,2022-03-15,6616.0,-3.73
RMP3,2022-03-15,6623.0,-3.96
RMP3,2022-03-15,6629.0,-3.85
RMP3,2022-03-15,6636.0,-3.75
RMP3,2022-03-15,6643.0,-3.7
RMP3,2022-03-15,6651.0,-3.66
RMP3,2022-03-15,6658.0,-3.68
RMP3,2022-03-15,6663.0,-5.37
RMP3,2022-03-15,6669.0,-5.93
RMP3,2022-03-15,6685.0,-5.07
RMP3,2022-03-15,6692.0,-4.81
RMP3,2022-03-15,6700.0,-4.7
RMP3,2022-03-15,6707.0,-4.67
RMP3,2022-03-15,6715.0,-4.75
RMP3,2022-03-15,6719.0,-4.97
RMP3,2022-03-15,6723.0,-5.24
RMP3,2022-03-15,6728.0,-5.26
RMP3,2022-03-15,6732.0,-5.2
RMP3,2022-03-15,6737.0,-5.28
RMP3,2022-03-15,6741.0,-5.36
RMP3,2022-03-15,6746.0,-5.47
RMP3,2022-03-15,6751.0,-5.69
RMP3,2022-03-15,6755.0,-5.88
RMP3,2022-03-15,6761.0,-6.73
RMP3,2022-03-15,6766.0,-6.95
RMP3,2022-03-15,6772.0,-7.09
RMP3,2022-03-15,6779.0,-7.25
RMP3,2022-03-15,6787.0,-7.63
RMP3,2022-03-15,6794.0,-7.89
RMP3,2022-03-15,6800.0,-8.21
RMP3,2022-03-15,6806.0,-8.78
RMP3,2022-03-15,6812.0,-9.67
RMP3,2022-03-15,6820.0,-9.5
RMP3,2022-03-15,6827.0,-8.87
RMP3,2022-03-15,6834.0,-8.66
RMP3,2022-03-15,6841.0,-8.57
RMP3,2022-03-15,6847.0,-8.44
RMP3,2022-03-15,6857.0,-8.57
RMP3,2022-03-15,6866.0,-8.6
RMP3,2022-03-15,6873.0,-8.32
RMP3,2022-03-15,6879.0,-7.94
RMP3,2022-03-15,6883.0,-7.82
RMP3,2022-03-15,6887.0,-7.8
RMP3,2022-03-15,6891.0,-8.03
RMP3,2022-03-15,6894.0,-8.31
RMP3,2022-03-15,6898.0,-8.75
RMP3,2022-03-15,6902.0,-9.26
RMP3,2022-03-15,6905.0,-9.99
RMP3,2022-03-15,6909.0,-10.7
RMP3,2022-03-15,6912.0,-10.14
RMP3,2022-03-15,6915.0,-8.61
RMP3,2022-03-15,6919.0,-8.42
RMP3,2022-03-15,6922.0,-8.34
RMP3,2022-03-15,6924.0,-8.4
RMP3,2022-03-15,6927.0,-8.54
RMP3,2022-03-15,6930.0,-8.64
RMP3,2022-03-15,6933.0,-8.6
RMP3,2022-03-15,6936.0,-8.43
RMP3,2022-03-15,6939.0,-8.36
RMP3,2022-03-15,6942.0,-8.59
RMP3,2022-03-15,6945.0,-8.7
RMP3,2022-03-15,6947.0,-8.79
RMP3,2022-03-15,6950.0,-8.96
RMP3,2022-03-15,6953.0,-9.05
RMP3,2022-03-15,6955.0,-9.13
RMP3,2022-03-15,6958.0,-9.18
RMP3,2022-03-15,6961.0,-9.18
RMP3,2022-03-15,6963.0,-9.14
RMP3,2022-03-15,6964.0,-9.08
RMP3,2022-03-15,6966.0,-9.12
RMP3,2022-03-15,6969.0,-9.15
RMP3,2022-03-15,6971.0,-9.0
RMP3,2022-03-15,6973.0,-8.91
RMP3,2022-03-15,6975.0,-8.76
RMP3,2022-03-15,6978.0,-8.7
RMP3,2022-03-15,6981.0,-8.13
RMP3,2022-03-15,6984.0,-8.1
RMP3,2022-03-15,6988.0,-8.0
RMP3,2022-03-15,6990.0,-7.95
RMP3,2022-03-15,6993.0,-7.9
RMP3,2022-03-15,6996.0,-7.86
RMP3,2022-03-15,7000.0,-7.78
RMP3,2022-03-15,7003.0,-7.73
RMP3,2022-03-15,7006.0,-7.72
RMP3,2022-03-15,7010.0,-7.72
RMP3,2022-03-15,7013.0,-7.67
RMP3,2022-03-15,7017.0,-7.6
RMP3,2022-03-15,7020.0,-7.58
RMP3,2022-03-15,7024.0,-7.55
RMP3,2022-03-15,7028.0,-7.58
RMP3,2022-03-15,7031.0,-7.62
RMP3,2022-03-15,7035.0,-7.6
RMP3,2022-03-15,7040.0,-7.62
RMP3,2022-03-15,7044.0,-7.71
RMP3,2022-03-15,7048.0,-7.72
RMP3,2022-03-15,7052.0,-7.74
RMP3,2022-03-15,7056.0,-7.97
RMP3,2022-03-15,7060.0,-8.1
RMP3,2022-03-15,7065.0,-7.92
RMP3,2022-03-15,7069.0,-7.79
RMP3,2022-03-15,7073.0,-7.71
RMP3,2022-03-15,7077.0,-7.64
RMP3,2022-03-15,7081.0,-7.6
RMP3,2022-03-15,7085.0,-7.5
RMP3,2022-03-15,7088.0,-7.45
RMP3,2022-03-15,7091.0,-7.37
RMP3,2022-03-15,7095.0,-7.31
RMP3,2022-03-15,7097.0,-7.23
RMP3,2022-03-15,7100.0,-7.15
RMP3,2022-03-15,7102.0,-7.15
RMP3,2022-03-15,7104.0,-7.09
RMP3,2022-03-15,7107.0,-6.29
RMP3,2022-03-15,7110.0,-6.23
RMP3,2022-03-15,7112.0,-6.17
RMP3,2022-03-15,7115.0,-6.1
RMP3,2022-03-15,7117.0,-5.93
RMP3,2022-03-15,7120.0,-5.87
RMP3,2022-03-15,7123.0,-5.75
RMP3,2022-03-15,7127.0,-5.66
RMP3,2022-03-15,7130.0,-5.58
RMP3,2022-03-15,7133.0,-4.91
RMP3,2022-03-15,7137.0,-4.81
RMP3,2022-03-15,7141.0,-4.75
RMP3,2022-03-15,7145.0,-4.67
RMP3,2022-03-15,7148.0,-4.59
RMP3,2022-03-15,7152.0,-4.46
RMP3,2022-03-15,7155.0,-4.38
RMP3,2022-03-15,7159.0,-4.36
RMP3,2022-03-15,7163.0,-4.2
RMP3,2022-03-15,7167.0,-4.1
RMP3,2022-03-15,7171.0,-4.07
RMP3,2022-03-15,7174.0,-4.03
RMP3,2022-03-15,7178.0,-3.99
RMP3,2022-03-15,7182.0,-4.03
RMP3,2022-03-15,7188.0,-3.92
RMP3,2022-03-15,7194.0,-3.92
RMP3,2022-03-15,7198.0,-3.9
RMP3,2022-03-15,7202.0,-3.95
RMP3,2022-03-15,7206.0,-3.85
RMP3,2022-03-15,7210.0,-3.85
RMP3,2022-03-15,7215.0,-3.81
RMP3,2022-03-15,7219.0,-3.81
RMP3,2022-03-15,7224.0,-3.82
RMP3,2022-03-15,7228.0,-3.76
RMP3,2022-03-15,7232.0,-3.72
RMP3,2022-03-15,7237.0,-3.71
RMP3,2022-03-15,7242.0,-3.67
RMP3,2022-03-15,7247.0,-3.65
RMP3,2022-03-15,7253.0,-3.83
RMP3,2022-03-15,7257.0,-3.68
RMP3,2022-03-15,7261.0,-3.59
RMP3,2022-03-15,7265.0,-3.55
RMP3,2022-03-15,7269.0,-3.48
RMP3,2022-03-15,7272.0,-3.46
RMP3,2022-03-15,7276.0,-3.41
RMP3,2022-03-15,7280.0,-3.34
RMP3,2022-03-15,7283.0,-3.28
RMP3,2022-03-15,7286.0,-3.16
RMP3,2022-03-15,7289.0,-3.07
RMP3,2022-03-15,7292.0,-2.98
RMP3,2022-03-15,7295.0,-2.91
RMP3,2022-03-15,7299.0,-2.86
RMP3,2022-03-15,7303.0,-2.76
RMP3,2022-03-15,7307.0,-2.72
RMP3,2022-03-15,7313.0,-2.64
RMP3,2022-03-15,7317.0,-2.6
RMP3,2022-03-15,7322.0,-2.45
RMP3,2022-03-15,7326.0,-2.48
RMP3,2022-03-15,7332.0,-2.57
RMP3,2022-03-15,7337.0,-2.57
RMP3,2022-03-15,7408.0,-3.45
RMP3,2022-03-15,7411.0,-3.56
RMP3,2022-03-15,7415.0,-3.2
RMP3,2022-03-15,7419.0,-3.18
RMP3,2022-03-15,7423.0,-3.19
RMP3,2022-03-15,7427.0,-3.17
RMP3,2022-03-15,7431.0,-3.25
RMP3,2022-03-15,7435.0,-3.25
RMP3,2022-03-15,7439.0,-3.37
RMP3,2022-03-15,7443.0,-3.41
RMP3,2022-03-15,7447.0,-3.43
RMP3,2022-03-15,7450.0,-3.39
RMP3,2022-03-15,7454.0,-3.38
RMP3,2022-03-15,7458.0,-3.36
RMP3,2022-03-15,7467.0,-3.37
RMP3,2022-03-15,7474.0,-3.38
RMP3,2022-03-15,7481.0,-3.4
RMP3,2022-03-15,7488.0,-3.43
RMP3,2022-03-15,7496.0,-3.41
RMP3,2022-03-15,7503.0,-3.46
RMP3,2022-03-15,7510.0,-3.44
RMP3,2022-03-15,7518.0,-3.47
RMP3,2022-03-15,7526.0,-3.48
RMP3,2022-03-15,7535.0,-4.76
RMP3,2022-03-15,7543.0,-4.83
RMP3,2022-03-15,7551.0,-4.81
RMP3,2022-03-15,7559.0,-4.94
RMP3,2022-03-15,7566.0,-5.06
RMP3,2022-03-15,7574.0,-5.04
RMP3,2022-03-15,7582.0,-5.22
RMP3,2022-03-15,7589.0,-5.28
RMP3,2022-03-15,7594.0,-5.43
RMP3,2022-03-15,7601.0,-5.7
RMP3,2022-03-15,7607.0,-5.78
RMP3,2022-03-15,7612.0,-5.69
RMP3,2022-03-15,7616.0,-5.7
RMP3,2022-03-15,7619.0,-5.55
RMP3,2022-03-15,7623.0,-5.63
RMP3,2022-03-15,7626.0,-5.96
RMP3,2022-03-15,7629.0,-5.88
RMP3,2022-03-15,7632.0,-5.91
RMP3,2022-03-15,7634.0,-5.98
RMP3,2022-03-15,7637.0,-6.08
RMP3,2022-03-15,7639.0,-6.09
RMP3,2022-03-15,7641.0,-6.16
RMP3,2022-03-15,7643.0,-6.17
RMP3,2022-03-15,7645.0,-6.26
RMP3,2022-03-15,7647.0,-6.3
RMP3,2022-03-15,7648.0,-6.23
RMP3,2022-03-15,7649.0,-6.25
RMP3,2022-03-15,7651.0,-6.32
RMP3,2022-03-15,7653.0,-6.33
RMP3,2022-03-15,7655.0,-6.43
RMP3,2022-03-15,7657.0,-6.38
RMP3,2022-03-15,7659.0,-6.48
RMP3,2022-03-15,7662.0,-6.95
RMP3,2022-03-15,7664.0,-6.89
RMP3,2022-03-15,7667.0,-6.61
RMP3,2022-03-15,7670.0,-6.64
RMP3,2022-03-15,7674.0,-6.68
RMP3,2022-03-15,7677.0,-6.71
RMP3,2022-03-15,7679.0,-6.68
RMP3,2022-03-15,7682.0,-6.66
RMP3,2022-03-15,7685.0,-6.64
RMP3,2022-03-15,7688.0,-6.66
RMP3,2022-03-15,7690.0,-6.6
RMP3,2022-03-15,7693.0,-6.57
RMP3,2022-03-15,7696.0,-6.51
RMP3,2022-03-15,7698.0,-6.45
RMP3,2022-03-15,7701.0,-6.41
RMP3,2022-03-15,7704.0,-6.34
RMP3,2022-03-15,7707.0,-6.27
RMP3,2022-03-15,7710.0,-6.26
RMP3,2022-03-15,7713.0,-6.18
RMP3,2022-03-15,7716.0,-6.16
RMP3,2022-03-15,7718.0,-6.1
RMP3,2022-03-15,7721.0,-5.98
RMP3,2022-03-15,7724.0,-6.01
RMP3,2022-03-15,7726.0,-6.03
RMP3,2022-03-15,7729.0,-6.08
RMP3,2022-03-15,7731.0,-6.14
RMP3,2022-03-15,7734.0,-6.16
RMP3,2022-03-15,7736.0,-6.17
RMP3,2022-03-15,7739.0,-6.18
RMP3,2022-03-15,7742.0,-6.57
RMP3,2022-03-15,7745.0,-6.69
RMP3,2022-03-15,7747.0,-6.86
RMP3,2022-03-15,7750.0,-6.88
RMP3,2022-03-15,7752.0,-6.8
RMP3,2022-03-15,7754.0,-6.73
RMP3,2022-03-15,7757.0,-6.75
RMP3,2022-03-15,7759.0,-6.78
RMP3,2022-03-15,7761.0,-6.87
RMP3,2022-03-15,7763.0,-6.98
RMP3,2022-03-15,7765.0,-7.19
RMP3,2022-03-15,7767.0,-7.25
RMP3,2022-03-15,7769.0,-7.4
RMP3,2022-03-15,7771.0,-8.52
RMP3,2022-03-15,7773.0,-8.51
RMP3,2022-03-15,7776.0,-8.26
RMP3,2022-03-15,7778.0,-7.94
RMP3,2022-03-15,7781.0,-7.83
RMP3,2022-03-15,7783.0,-7.77
RMP3,2022-03-15,7785.0,-7.78
RMP3,2022-03-15,7788.0,-7.81
RMP3,2022-03-15,7791.0,-7.85
RMP3,2022-03-15,7793.0,-7.9
RMP3,2022-03-15,7796.0,-7.91
RMP3,2022-03-15,7799.0,-7.9
RMP3,2022-03-15,7801.0,-7.87
RMP3,2022-03-15,7803.0,-7.89
RMP3,2022-03-15,7806.0,-7.89
RMP3,2022-03-15,7810.0,-7.9
RMP3,2022-03-15,7813.0,-7.89
RMP3,2022-03-15,7816.0,-7.87
RMP3,2022-03-15,7819.0,-7.87
RMP3,2022-03-15,7822.0,-7.82
RMP3,2022-03-15,7825.0,-7.85
RMP3,2022-03-15,7828.0,-7.85
RMP3,2022-03-15,7831.0,-7.85
RMP3,2022-03-15,7834.0,-7.87
RMP3,2022-03-15,7836.0,-7.86
RMP3,2022-03-15,7839.0,-7.86
RMP3,2022-03-15,7842.0,-7.88
RMP3,2022-03-15,7844.0,-7.94
RMP3,2022-03-15,7846.0,-7.97
RMP3,2022-03-15,7849.0,-7.99
RMP3,2022-03-15,7851.0,-8.05
RMP3,2022-03-15,7853.0,-8.09
RMP3,2022-03-15,7856.0,-8.12
RMP3,2022-03-15,7858.0,-8.15
RMP3,2022-03-15,7860.0,-8.19
RMP3,2022-03-15,7863.0,-8.17
RMP3,2022-03-15,7865.0,-8.17
RMP3,2022-03-15,7867.0,-8.16
RMP3,2022-03-15,7870.0,-8.17
RMP3,2022-03-15,7872.0,-8.23
RMP3,2022-03-15,7874.0,-8.22
RMP3,2022-03-15,7877.0,-8.22
RMP3,2022-03-15,7879.0,-8.28
RMP3,2022-03-15,7881.0,-8.33
RMP3,2022-03-15,7884.0,-8.39
RMP3,2022-03-15,7886.0,-8.43
RMP3,2022-03-15,7888.0,-8.5
RMP3,2022-03-15,7891.0,-8.6
RMP3,2022-03-15,7893.0,-8.61
RMP3,2022-03-15,7896.0,-8.69
RMP3,2022-03-15,7899.0,-9.12
RMP3,2022-03-15,7902.0,-9.05
RMP3,2022-03-15,7905.0,-9.22
RMP3,2022-03-15,7908.0,-9.3
RMP3,2022-03-15,7911.0,-9.34
RMP3,2022-03-15,7914.0,-9.5
RMP3,2022-03-15,7918.0,-9.44
RMP3,2022-03-15,7921.0,-9.49
RMP3,2022-03-15,7926.0,-9.94
RMP3,2022-03-15,7931.0,-10.02
RMP3,2022-03-15,7936.0,-10.07
RMP3,2022-03-15,7940.0,-10.18
RMP3,2022-03-15,7945.0,-10.22
RMP3,2022-03-15,7951.0,-10.35
RMP3,2022-03-15,7958.0,-10.39
RMP3,2022-03-15,7962.0,-10.48
RMP3,2022-03-15,7966.0,-10.52
RMP3,2022-03-15,7970.0,-10.54
RMP3,2022-03-15,7974.0,-10.61
RMP3,2022-03-15,7978.0,-10.61
RMP3,2022-03-15,7982.0,-10.6
RMP3,2022-03-15,7986.0,-10.58
RMP3,2022-03-15,7990.0,-10.59
RMP3,2022-03-15,7994.0,-10.48
RMP3,2022-03-15,7998.0,-10.45
RMP3,2022-03-15,8002.0,-10.43
RMP3,2022-03-15,8006.0,-10.41
RMP3,2022-03-15,8010.0,-10.35
RMP3,2022-03-15,8014.0,-10.35
RMP3,2022-03-15,8018.0,-10.38
RMP3,2022-03-15,8022.0,-10.36
RMP3,2022-03-15,8026.0,-10.41
RMP3,2022-03-15,8030.0,-10.41
RMP3,2022-03-15,8034.0,-10.44
RMP3,2022-03-15,8038.0,-10.47
RMP3,2022-03-15,8042.0,-10.48
RMP3,2022-03-15,8046.0,-10.48
RMP3,2022-03-15,8049.0,-10.49
RMP3,2022-03-15,8053.0,-10.49
RMP3,2022-03-15,8057.0,-10.56
RMP3,2022-03-15,8061.0,-10.68
RMP3,2022-03-15,8066.0,-10.66
RMP3,2022-03-15,8069.0,-10.67
RMP3,2022-03-15,8072.0,-10.7
RMP3,2022-03-15,8076.0,-10.72
RMP3,2022-03-15,8079.0,-10.75
RMP3,2022-03-15,8082.0,-10.77
RMP3,2022-03-15,8086.0,-10.84
RMP3,2022-03-15,8089.0,-10.84
RMP3,2022-03-15,8091.0,-10.98
RMP3,2022-03-15,8095.0,-10.95
RMP3,2022-03-15,8098.0,-11.06
RMP3,2022-03-15,8101.0,-11.13
RMP3,2022-03-15,8105.0,-11.21
RMP3,2022-03-15,8108.0,-11.28
RMP3,2022-03-15,8111.0,-11.42
RMP3,2022-03-15,8114.0,-11.6
RMP3,2022-03-15,8117.0,-11.65
RMP3,2022-03-15,8120.0,-11.59
RMP3,2022-03-15,8123.0,-11.5
RMP3,2022-03-15,8126.0,-11.56
RMP3,2022-03-15,8129.0,-11.5
RMP3,2022-03-15,8132.0,-11.67
RMP3,2022-03-15,8135.0,-11.7
RMP3,2022-03-15,8138.0,-11.69
RMP3,2022-03-15,8141.0,-11.64
RMP3,2022-03-15,8145.0,-11.64
RMP3,2022-03-15,8148.0,-11.53
RMP3,2022-03-15,8151.0,-11.29
RMP3,2022-03-15,8154.0,-11.17
RMP3,2022-03-15,8157.0,-11.12
RMP3,2022-03-15,8161.0,-10.97
RMP3,2022-03-15,8164.0,-10.87
RMP3,2022-03-15,8168.0,-9.96
RMP3,2022-03-15,8172.0,-9.12
RMP3,2022-03-15,8175.0,-9.0
RMP3,2022-03-15,8179.0,-8.98
RMP3,2022-03-15,8182.0,-8.86
RMP3,2022-03-15,8186.0,-8.75
RMP3,2022-03-15,8190.0,-8.54
RMP3,2022-03-15,8193.0,-8.4
RMP3,2022-03-15,8196.0,-7.13
RMP3,2022-03-15,8200.0,-6.75
RMP3,2022-03-15,8203.0,-6.56
RMP3,2022-03-15,8205.0,-6.36
RMP3,2022-03-15,8208.0,-6.48
RMP3,2022-03-15,8210.0,-5.04
RMP3,2022-03-15,8215.0,-5.22
RMP3,2022-03-15,8220.0,-5.28
RMP3,2022-03-15,8225.0,-5.43
RMP3,2022-03-15,8230.0,-5.7
RMP3,2022-03-15,8235.0,-4.28
RMP3,2022-03-15,8240.0,-4.12
RMP3,2022-03-15,8245.0,-3.68
RMP3,2022-03-15,8250.0,-3.52
RMP3,2022-03-15,8255.0,-3.12
RMP3,2022-03-15,8260.0,-3.05
RMP3,2022-03-15,8265.0,-2.58
RMP3,2022-03-15,8270.0,-2.09
RMP3,2022-03-15,8275.0,-1.67
RMP3,2022-03-15,8280.0,-1.12
RMP3,2022-03-15,8285.0,-0.98
RMP3,2022-03-15,8290.0,-0.64
RMP3,2022-03-15,8295.0,-0.32
RMP3,2022-03-15,8300.0,0.24
RMP3,2022-03-15,8305.0,0.57
RMP3,2022-03-15,8310.0,0.79
RMP3,2022-03-15,8315.0,0.97
RMP3,2022-03-15,8320.0,1.12
RMP3,2022-03-15,8325.0,1.15
RMP3,2022-03-15,8330.0,1.16
RMP3,2022-03-15,8340.0,3.15
RMP3,2022-03-15,8350.0,5.25
RMP3,2022-03-15,8400.0,6.62
RMP3,2022-03-15,8450.0,6.4
RMP3,2022-03-15,8500.0,6.55
RMP3,2022-03-15,8550.0,6.06
RMP3,2022-03-15,8600.0,5.7
RMP3,2022-03-15,8650.0,5.56
RMP3,2022-03-15,8700.0,5.44
RMP3,2022-03-15,8750.0,5.6
RMP3,2022-03-15,8800.0,5.38
RMP3,2022-03-15,8850.0,5.6
RMP3,2022-03-15,8900.0,4.88
RMP3,2022-03-15,8950.0,4.93
RMP3,2022-03-15,9000.0,5.01
RMP3,2022-03-15,9050.0,4.7
RMP3,2022-03-15,9100.0,4.5
RMP3,2022-03-15,9150.0,4.6
RMP3,2022-03-15,9200.0,4.56
RMP3,2022-03-15,9250.0,4.55
RMP3,2022-03-15,9300.0,4.8
RMP3,2022-03-15,9325.0,4.88
RMP3,2022-03-15,9350.0,4.77
RMP3,2022-03-15,9372.0,4.73
RMP3,2022-03-15,9400.0,4.69
RMP3,2022-03-15,9425.0,4.6
RMP3,2022-03-15,9450.0,4.56
RMP3,2022-03-15,9470.0,4.5
RMP3,2022-03-15,9500.0,4.48
RMP3,2022-03-15,9530.0,4.54
RMP3,2022-03-15,9550.0,4.6
RMP3,2022-03-15,9580.0,4.66
RMP3,2022-03-15,9600.0,4.78
RMP3,2022-03-15,9625.0,4.72
RMP3,2022-03-15,9650.0,4.68
RMP3,2022-03-15,9670.0,4.63
RMP3,2022-03-15,9700.0,4.6
RMP3,2022-03-15,9722.0,4.5
RMP3,2022-03-15,9750.0,4.48
RMP3,2022-03-15,9765.0,4.6
RMP3,2022-03-15,9800.0,4.7
RMP3,2022-03-15,9828.0,4.53
RMP3,2022-03-15,9850.0,4.3
RMP3,2022-03-15,9871.0,4.5
RMP3,2022-03-15,9900.0,4.62
RMP3,2022-03-15,9925.0,4.7
RMP3,2022-03-15,9950.0,4.74
RMP3,2022-03-15,10000.0,4.61
RMP3,2022-03-15,10050.0,4.44
RMP3,2022-03-15,10075.0,3.28
RMP3,2022-03-15,10100.0,3.03
RMP3,2022-03-15,10110.0,2.7
RMP3,2022-03-15,10120.0,2.28
RMP3,2022-03-15,10130.0,1.19
RMP3,2022-03-15,10135.0,0.69
RMP3,2022-03-15,10140.0,0.59
RMP3,2022-03-15,10145.0,0.49
RMP3,2022-03-15,10150.0,0.59
RMP3,2022-03-15,10155.0,0.69
RMP3,2022-03-15,10160.0,0.49
RMP3,2022-03-15,10165.0,0.59
RMP3,2022-03-15,10170.0,0.59
RMP3,2022-03-15,10175.0,0.49
RMP3,2022-03-15,10180.0,0.39
RMP3,2022-03-15,10185.0,0.49
RMP3,2022-03-15,10190.0,0.19
RMP3,2022-03-15,10195.0,0.14
RMP3,2022-03-15,10200.0,0.19
RMP3,2022-03-15,10205.0,0.09
RMP3,2022-03-15,10210.0,0.04
RMP3,2022-03-15,10215.0,0.04
RMP3,2022-03-15,10220.0,0.09
RMP3,2022-03-15,10225.0,0.19
RMP3,2022-03-15,10230.0,-0.01
RMP3,2022-03-15,10235.0,0.19
RMP3,2022-03-15,10240.0,0.09
RMP3,2022-03-15,10245.0,0.19
RMP3,2022-03-15,10250.0,0.14
RMP3,2022-03-15,10255.0,0.04
RMP3,2022-03-15,10260.0,0.04
RMP3,2022-03-15,10265.0,-0.01
RMP3,2022-03-15,10270.0,-0.01
RMP3,2022-03-15,10275.0,-0.11
RMP3,2022-03-15,10280.0,-0.01
RMP3,2022-03-15,10285.0,-0.11
RMP3,2022-03-15,10290.0,-0.31
RMP3,2022-03-15,10295.0,-0.51
RMP3,2022-03-15,10300.0,-0.31
RMP3,2022-03-15,10305.0,-0.61
RMP3,2022-03-15,10310.0,-0.51
RMP3,2022-03-15,10315.0,-0.61
RMP3,2022-03-15,10320.0,-0.81
RMP3,2022-03-15,10325.0,-0.91
RMP3,2022-03-15,10330.0,-1.01
RMP3,2022-03-15,10335.0,-1.31
RMP3,2022-03-15,10340.0,-1.51
RMP3,2022-03-15,10345.0,-1.61
RMP3,2022-03-15,10350.0,-1.81
RMP3,2022-03-15,10355.0,-2.11
RMP3,2022-03-15,10360.0,-2.31
RMP3,2022-03-15,10365.0,-2.81
RMP3,2022-03-15,10370.0,-3.21
RMP3,2022-03-15,10375.0,-3.81
RMP3,2022-03-15,10380.0,-3.81
RMP3,2022-03-15,10385.0,-4.31
RMP3,2022-03-15,10390.0,-4.81
RMP3,2022-03-15,10395.0,-5.11
RMP3,2022-03-15,10400.0,-5.41
RMP3,2022-03-15,10405.0,-5.81
RMP3,2022-03-15,10410.0,-6.21
RMP3,2022-03-15,10415.0,-6.51
RMP3,2022-03-15,10420.0,-6.81
RMP3,2022-03-15,10425.0,-6.71
RMP3,2022-03-15,10430.0,-6.51
RMP3,2022-03-15,10435.0,-6.01
RMP3,2022-03-15,10440.0,-5.31
RMP3,2022-03-15,10445.0,-5.21
RMP3,2022-03-15,10450.0,-4.81
RMP3,2022-03-15,10455.0,-4.31
RMP3,2022-03-15,10460.0,-4.51
RMP3,2022-03-15,10465.0,-4.01
RMP3,2022-03-15,10470.0,-3.01
RMP3,2022-03-15,10475.0,-2.81
RMP3,2022-03-15,10480.0,-2.11
RMP3,2022-03-15,10485.0,-2.51
RMP3,2022-03-15,10490.0,-2.41
RMP3,2022-03-15,10495.0,-2.61
RMP3,2022-03-15,10500.0,-2.71
RMP3,2022-03-15,10505.0,-3.01
RMP3,2022-03-15,10510.0,-3.21
RMP3,2022-03-15,10515.0,-2.81
RMP3,2022-03-15,10520.0,-2.41
RMP3,2022-03-15,10525.0,-1.81
RMP3,2022-03-15,10530.0,-1.41
RMP3,2022-03-15,10535.0,-1.31
RMP3,2022-03-15,10540.0,-0.31
RMP3,2022-03-15,10545.0,0.19
RMP3,2022-03-15,10550.0,0.49
RMP3,2022-03-15,10555.0,0.92
RMP3,2022-03-15,10560.0,1.19
RMP3,2022-03-15,10563.0,2.15
RMP3,2022-03-15,10565.0,3.58
RMP3,2022-03-15,10570.0,4.01
RMP3,2022-03-15,10575.0,4.42
RMP3,2022-03-15,10580.0,5.01
RMP3,2022-03-15,10585.0,5.42
RMP3,2022-03-15,10590.0,5.8
RMP3,2022-03-15,10600.0,6.22
RMP3,2022-03-15,10610.0,7.2
RMP3,2022-03-15,10650.0,6.66
RMP3,2022-03-15,10700.0,6.56
RMP3,2022-03-15,10736.0,6.4
RMP3,2022-03-15,10742.0,7.6
RMP3,2022-03-15,10748.0,7.6
RMP3,2022-03-15,10752.0,6.34
RMP3,2022-03-15,10780.0,6.38
RMP3,2022-03-15,10800.0,6.46
RMP3,2022-03-15,10850.0,6.62
RMP3,2022-03-15,10864.0,6.4
RMP3,2022-03-15,10867.0,7.5
RMP3,2022-03-15,10873.0,7.5
RMP3,2022-03-15,10877.0,6.59
RMP3,2022-03-15,10881.0,8.13
RMP3,2022-03-15,10881.0,8.51
RMP3,2023-04-04,0.0,4.23
RMP3,2023-04-04,0.0,3.65
RMP3,2023-04-04,15.0,3.83
RMP3,2023-04-04,30.0,4.0
RMP3,2023-04-04,60.0,5.01
RMP3,2023-04-04,90.0,4.95
RMP3,2023-04-04,120.0,4.99
RMP3,2023-04-04,150.0,5.13
RMP3,2023-04-04,173.0,5.65
RMP3,2023-04-04,180.0,6.69
RMP3,2023-04-04,190.0,6.68
RMP3,2023-04-04,200.0,5.75
RMP3,2023-04-04,230.0,5.9
RMP3,2023-04-04,250.0,5.97
RMP3,2023-04-04,273.0,6.05
RMP3,2023-04-04,273.0,6.53
RMP3,2023-04-04,280.0,6.04
RMP3,2023-04-04,300.0,6.37
RMP3,2023-04-04,316.0,6.18
RMP3,2023-04-04,320.0,2.88
RMP3,2023-04-04,330.0,2.71
RMP3,2023-04-04,340.0,2.55
RMP3,2023-04-04,345.0,2.25
RMP3,2023-04-04,348.0,1.35
RMP3,2023-04-04,352.0,0.32
RMP3,2023-04-04,355.0,-1.85
RMP3,2023-04-04,360.0,-2.61
RMP3,2023-04-04,363.0,-3.98
RMP3,2023-04-04,366.0,-3.85
RMP3,2023-04-04,370.0,-4.58
RMP3,2023-04-04,374.0,-4.89
RMP3,2023-04-04,377.0,-5.65
RMP3,2023-04-04,380.0,-6.22
RMP3,2023-04-04,382.0,-7.25
RMP3,2023-04-04,384.0,-9.0
RMP3,2023-04-04,386.0,-11.13
RMP3,2023-04-04,388.0,-13.53
RMP3,2023-04-04,390.0,-14.92
RMP3,2023-04-04,392.0,-15.6
RMP3,2023-04-04,394.0,-16.27
RMP3,2023-04-04,396.0,-16.27
RMP3,2023-04-04,398.0,-15.84
RMP3,2023-04-04,401.0,-15.43
RMP3,2023-04-04,403.0,-15.16
RMP3,2023-04-04,405.0,-14.98
RMP3,2023-04-04,407.0,-14.74
RMP3,2023-04-04,409.0,-14.48
RMP3,2023-04-04,411.0,-14.23
RMP3,2023-04-04,413.0,-14.04
RMP3,2023-04-04,415.0,-13.78
RMP3,2023-04-04,417.0,-13.5
RMP3,2023-04-04,419.0,-13.27
RMP3,2023-04-04,421.0,-12.96
RMP3,2023-04-04,423.0,-12.85
RMP3,2023-04-04,425.0,-12.63
RMP3,2023-04-04,427.0,-12.44
RMP3,2023-04-04,429.0,-12.31
RMP3,2023-04-04,431.0,-12.17
RMP3,2023-04-04,433.0,-12.04
RMP3,2023-04-04,435.0,-11.9
RMP3,2023-04-04,437.0,-11.78
RMP3,2023-04-04,439.0,-11.72
RMP3,2023-04-04,442.0,-11.61
RMP3,2023-04-04,444.0,-11.57
RMP3,2023-04-04,446.0,-11.56
RMP3,2023-04-04,448.0,-11.52
RMP3,2023-04-04,450.0,-11.5
RMP3,2023-04-04,452.0,-11.48
RMP3,2023-04-04,454.0,-11.49
RMP3,2023-04-04,456.0,-11.43
RMP3,2023-04-04,458.0,-11.41
RMP3,2023-04-04,460.0,-11.34
RMP3,2023-04-04,462.0,-11.27
RMP3,2023-04-04,464.0,-11.18
RMP3,2023-04-04,466.0,-11.06
RMP3,2023-04-04,468.0,-10.89
RMP3,2023-04-04,470.0,-10.76
RMP3,2023-04-04,472.0,-10.57
RMP3,2023-04-04,474.0,-10.37
RMP3,2023-04-04,476.0,-10.17
RMP3,2023-04-04,478.0,-9.95
RMP3,2023-04-04,480.0,-9.68
RMP3,2023-04-04,482.0,-9.5
RMP3,2023-04-04,484.0,-9.29
RMP3,2023-04-04,486.0,-9.11
RMP3,2023-04-04,488.0,-8.93
RMP3,2023-04-04,490.0,-8.73
RMP3,2023-04-04,492.0,-8.54
RMP3,2023-04-04,494.0,-8.44
RMP3,2023-04-04,496.0,-8.23
RMP3,2023-04-04,498.0,-8.08
RMP3,2023-04-04,501.0,-7.85
RMP3,2023-04-04,503.0,-7.69
RMP3,2023-04-04,505.0,-7.58
RMP3,2023-04-04,507.0,-7.42
RMP3,2023-04-04,509.0,-7.18
RMP3,2023-04-04,511.0,-7.05
RMP3,2023-04-04,513.0,-6.96
RMP3,2023-04-04,515.0,-6.8
RMP3,2023-04-04,520.0,-5.65
RMP3,2023-04-04,525.0,-5.15
RMP3,2023-04-04,530.0,-4.72
RMP3,2023-04-04,535.0,-4.35
RMP3,2023-04-04,540.0,-4.03
RMP3,2023-04-04,545.0,-3.79
RMP3,2023-04-04,550.0,-3.35
RMP3,2023-04-04,555.0,-2.75
RMP3,2023-04-04,560.0,-3.47
RMP3,2023-04-04,565.0,-2.09
RMP3,2023-04-04,570.0,-1.21
RMP3,2023-04-04,575.0,-0.35
RMP3,2023-04-04,580.0,0.31
RMP3,2023-04-04,585.0,0.65
RMP3,2023-04-04,590.0,0.7
RMP3,2023-04-04,595.0,0.68
RMP3,2023-04-04,600.0,0.72
RMP3,2023-04-04,605.0,0.69
RMP3,2023-04-04,610.0,0.52
RMP3,2023-04-04,615.0,0.84
RMP3,2023-04-04,620.0,0.68
RMP3,2023-04-04,622.0,0.78
RMP3,2023-04-04,624.0,0.8
RMP3,2023-04-04,626.0,0.84
RMP3,2023-04-04,628.0,0.86
RMP3,2023-04-04,630.0,0.89
RMP3,2023-04-04,632.0,0.95
RMP3,2023-04-04,634.0,0.95
RMP3,2023-04-04,636.0,0.86
RMP3,2023-04-04,638.0,0.75
RMP3,2023-04-04,641.0,0.88
RMP3,2023-04-04,643.0,0.87
RMP3,2023-04-04,645.0,0.92
RMP3,2023-04-04,647.0,0.89
RMP3,2023-04-04,649.0,0.69
RMP3,2023-04-04,651.0,0.67
RMP3,2023-04-04,653.0,1.47
RMP3,2023-04-04,655.0,1.47
RMP3,2023-04-04,657.0,1.47
RMP3,2023-04-04,659.0,1.47
RMP3,2023-04-04,661.0,1.47
RMP3,2023-04-04,663.0,1.47
RMP3,2023-04-04,665.0,1.47
RMP3,2023-04-04,667.0,1.05
RMP3,2023-04-04,669.0,1.26
RMP3,2023-04-04,671.0,1.2
RMP3,2023-04-04,673.0,1.25
RMP3,2023-04-04,675.0,1.47
RMP3,2023-04-04,677.0,1.24
RMP3,2023-04-04,680.0,1.47
RMP3,2023-04-04,682.0,1.29
RMP3,2023-04-04,684.0,1.47
RMP3,2023-04-04,686.0,1.47
RMP3,2023-04-04,688.0,0.51
RMP3,2023-04-04,690.0,0.53
RMP3,2023-04-04,692.0,1.47
RMP3,2023-04-04,694.0,1.24
RMP3,2023-04-04,696.0,1.47
RMP3,2023-04-04,698.0,1.29
RMP3,2023-04-04,700.0,1.47
RMP3,2023-04-04,702.0,1.47
RMP3,2023-04-04,704.0,1.47
RMP3,2023-04-04,706.0,1.47
RMP3,2023-04-04,710.0,1.45
RMP3,2023-04-04,715.0,1.25
RMP3,2023-04-04,720.0,1.05
RMP3,2023-04-04,725.0,1.05
RMP3,2023-04-04,730.0,1.05
RMP3,2023-04-04,735.0,0.95
RMP3,2023-04-04,740.0,1.15
RMP3,2023-04-04,745.0,1.05
RMP3,2023-04-04,748.0,0.95
RMP3,2023-04-04,751.0,0.95
RMP3,2023-04-04,755.0,0.95
RMP3,2023-04-04,760.0,1.25
RMP3,2023-04-04,765.0,1.25
RMP3,2023-04-04,770.0,1.45
RMP3,2023-04-04,775.0,1.45
RMP3,2023-04-04,780.0,1.65
RMP3,2023-04-04,785.0,1.45
RMP3,2023-04-04,790.0,1.25
RMP3,2023-04-04,795.0,1.05
RMP3,2023-04-04,800.0,1.05
RMP3,2023-04-04,805.0,1.05
RMP3,2023-04-04,810.0,0.95
RMP3,2023-04-04,815.0,1.15
RMP3,2023-04-04,820.0,1.05
RMP3,2023-04-04,825.0,0.95
RMP3,2023-04-04,830.0,0.95
RMP3,2023-04-04,835.0,0.75
RMP3,2023-04-04,840.0,0.75
RMP3,2023-04-04,845.0,0.85
RMP3,2023-04-04,850.0,0.85
RMP3,2023-04-04,855.0,0.95
RMP3,2023-04-04,860.0,0.95
RMP3,2023-04-04,865.0,1.05
RMP3,2023-04-04,870.0,1.05
RMP3,2023-04-04,875.0,0.85
RMP3,2023-04-04,880.0,0.75
RMP3,2023-04-04,885.0,0.65
RMP3,2023-04-04,890.0,0.65
RMP3,2023-04-04,895.0,0.65
RMP3,2023-04-04,900.0,0.95
RMP3,2023-04-04,905.0,0.85
RMP3,2023-04-04,910.0,0.75
RMP3,2023-04-04,915.0,0.75
RMP3,2023-04-04,920.0,0.85
RMP3,2023-04-04,925.0,1.05
RMP3,2023-04-04,930.0,1.05
RMP3,2023-04-04,935.0,1.15
RMP3,2023-04-04,940.0,1.35
RMP3,2023-04-04,945.0,1.35
RMP3,2023-04-04,950.0,1.65
RMP3,2023-04-04,955.0,1.45
RMP3,2023-04-04,960.0,1.55
RMP3,2023-04-04,965.0,1.55
RMP3,2023-04-04,970.0,1.25
RMP3,2023-04-04,975.0,1.15
RMP3,2023-04-04,980.0,1.05
RMP3,2023-04-04,985.0,1.25
RMP3,2023-04-04,990.0,1.45
RMP3,2023-04-04,995.0,1.55
RMP3,2023-04-04,1000.0,1.55
RMP3,2023-04-04,1005.0,1.65
RMP3,2023-04-04,1010.0,1.45
RMP3,2023-04-04,1015.0,1.25
RMP3,2023-04-04,1020.0,1.15
RMP3,2023-04-04,1025.0,1.05
RMP3,2023-04-04,1030.0,1.05
RMP3,2023-04-04,1035.0,0.95
RMP3,2023-04-04,1040.0,0.85
RMP3,2023-04-04,1045.0,0.85
RMP3,2023-04-04,1050.0,0.75
RMP3,2023-04-04,1055.0,0.85
RMP3,2023-04-04,1060.0,0.75
RMP3,2023-04-04,1065.0,0.95
RMP3,2023-04-04,1070.0,0.95
RMP3,2023-04-04,1075.0,1.15
RMP3,2023-04-04,1080.0,1.15
RMP3,2023-04-04,1085.0,1.25
RMP3,2023-04-04,1090.0,1.25
RMP3,2023-04-04,1095.0,1.15
RMP3,2023-04-04,1100.0,1.25
RMP3,2023-04-04,1105.0,1.55
RMP3,2023-04-04,1110.0,1.55
RMP3,2023-04-04,1115.0,1.65
RMP3,2023-04-04,1120.0,2.25
RMP3,2023-04-04,1130.0,2.6
RMP3,2023-04-04,1150.0,2.8
RMP3,2023-04-04,1200.0,3.1
RMP3,2023-04-04,1250.0,3.0
RMP3,2023-04-04,1300.0,3.6
RMP3,2023-04-04,1340.0,3.66
RMP3,2023-04-04,1370.0,3.5
RMP3,2023-04-04,1400.0,3.43
RMP3,2023-04-04,1430.0,3.04
RMP3,2023-04-04,1460.0,2.66
RMP3,2023-04-04,1500.0,2.62
RMP3,2023-04-04,1550.0,2.68
RMP3,2023-04-04,1600.0,2.56
RMP3,2023-04-04,1630.0,2.43
RMP3,2023-04-04,1660.0,2.16
RMP3,2023-04-04,1700.0,2.26
RMP3,2023-04-04,1740.0,2.3
RMP3,2023-04-04,1780.0,2.24
RMP3,2023-04-04,1810.0,2.05
RMP3,2023-04-04,1850.0,2.12
RMP3,2023-04-04,1870.0,2.46
RMP3,2023-04-04,1900.0,2.68
RMP3,2023-04-04,1950.0,2.75
RMP3,2023-04-04,2000.0,2.84
RMP3,2023-04-04,2050.0,2.9
RMP3,2023-04-04,2100.0,3.02
RMP3,2023-04-04,2150.0,3.08
RMP3,2023-04-04,2200.0,3.1
RMP3,2023-04-04,2250.0,2.9
RMP3,2023-04-04,2270.0,2.24
RMP3,2023-04-04,2300.0,2.0
RMP3,2023-04-04,2330.0,2.7
RMP3,2023-04-04,2360.0,2.56
RMP3,2023-04-04,2370.0,2.45
RMP3,2023-04-04,2380.0,2.25
RMP3,2023-04-04,2382.0,1.55
RMP3,2023-04-04,2385.0,1.45
RMP3,2023-04-04,2388.0,1.45
RMP3,2023-04-04,2392.0,1.25
RMP3,2023-04-04,2395.0,1.05
RMP3,2023-04-04,2397.0,1.05
RMP3,2023-04-04,2400.0,0.95
RMP3,2023-04-04,2403.0,0.85
RMP3,2023-04-04,2407.0,0.75
RMP3,2023-04-04,2410.0,0.75
RMP3,2023-04-04,2415.0,0.55
RMP3,2023-04-04,2420.0,0.65
RMP3,2023-04-04,2425.0,0.45
RMP3,2023-04-04,2427.0,0.45
RMP3,2023-04-04,2430.0,0.65
RMP3,2023-04-04,2433.0,0.75
RMP3,2023-04-04,2436.0,0.55
RMP3,2023-04-04,2440.0,0.65
RMP3,2023-04-04,2445.0,0.45
RMP3,2023-04-04,2450.0,0.45
RMP3,2023-04-04,2455.0,0.65
RMP3,2023-04-04,2460.0,0.45
RMP3,2023-04-04,2465.0,0.65
RMP3,2023-04-04,2470.0,0.75
RMP3,2023-04-04,2475.0,0.55
RMP3,2023-04-04,2480.0,0.65
RMP3,2023-04-04,2485.0,0.45
RMP3,2023-04-04,2490.0,0.45
RMP3,2023-04-04,2495.0,0.65
RMP3,2023-04-04,2500.0,0.87
RMP3,2023-04-04,2502.0,1.05
RMP3,2023-04-04,2504.0,1.03
RMP3,2023-04-04,2506.0,0.99
RMP3,2023-04-04,2508.0,1.1
RMP3,2023-04-04,2510.0,1.01
RMP3,2023-04-04,2512.0,0.9
RMP3,2023-04-04,2514.0,0.89
RMP3,2023-04-04,2516.0,0.89
RMP3,2023-04-04,2518.0,0.72
RMP3,2023-04-04,2520.0,0.8
RMP3,2023-04-04,2522.0,0.88
RMP3,2023-04-04,2526.0,0.79
RMP3,2023-04-04,2528.0,0.79
RMP3,2023-04-04,2530.0,0.81
RMP3,2023-04-04,2532.0,0.7
RMP3,2023-04-04,2534.0,0.72
RMP3,2023-04-04,2536.0,0.61
RMP3,2023-04-04,2538.0,0.59
RMP3,2023-04-04,2540.0,0.63
RMP3,2023-04-04,2542.0,0.48
RMP3,2023-04-04,2544.0,0.47
RMP3,2023-04-04,2547.0,0.49
RMP3,2023-04-04,2549.0,0.51
RMP3,2023-04-04,2551.0,0.49
RMP3,2023-04-04,2553.0,0.43
RMP3,2023-04-04,2555.0,0.31
RMP3,2023-04-04,2557.0,0.27
RMP3,2023-04-04,2559.0,0.25
RMP3,2023-04-04,2561.0,0.27
RMP3,2023-04-04,2563.0,0.29
RMP3,2023-04-04,2568.0,0.18
RMP3,2023-04-04,2570.0,0.15
RMP3,2023-04-04,2572.0,0.09
RMP3,2023-04-04,2574.0,0.06
RMP3,2023-04-04,2576.0,0.07
RMP3,2023-04-04,2578.0,0.05
RMP3,2023-04-04,2580.0,0.03
RMP3,2023-04-04,2582.0,-0.01
RMP3,2023-04-04,2584.0,-0.05
RMP3,2023-04-04,2588.0,-0.15
RMP3,2023-04-04,2590.0,-0.2
RMP3,2023-04-04,2592.0,-0.24
RMP3,2023-04-04,2594.0,-0.28
RMP3,2023-04-04,2596.0,-0.31
RMP3,2023-04-04,2598.0,-0.36
RMP3,2023-04-04,2600.0,-0.38
RMP3,2023-04-04,2602.0,-0.43
RMP3,2023-04-04,2604.0,-0.46
RMP3,2023-04-04,2607.0,-0.54
RMP3,2023-04-04,2609.0,-0.57
RMP3,2023-04-04,2611.0,-0.59
RMP3,2023-04-04,2613.0,-0.63
RMP3,2023-04-04,2615.0,-0.68
RMP3,2023-04-04,2617.0,-0.72
RMP3,2023-04-04,2619.0,-0.75
RMP3,2023-04-04,2621.0,-0.78
RMP3,2023-04-04,2623.0,-0.82
RMP3,2023-04-04,2628.0,-0.92
RMP3,2023-04-04,2630.0,-0.95
RMP3,2023-04-04,2632.0,-1.0
RMP3,2023-04-04,2634.0,-1.01
RMP3,2023-04-04,2636.0,-1.05
RMP3,2023-04-04,2638.0,-1.06
RMP3,2023-04-04,2640.0,-1.1
RMP3,2023-04-04,2642.0,-1.13
RMP3,2023-04-04,2644.0,-1.21
RMP3,2023-04-04,2649.0,-1.3
RMP3,2023-04-04,2651.0,-1.33
RMP3,2023-04-04,2653.0,-1.38
RMP3,2023-04-04,2655.0,-1.44
RMP3,2023-04-04,2657.0,-1.48
RMP3,2023-04-04,2659.0,-1.51
RMP3,2023-04-04,2661.0,-1.56
RMP3,2023-04-04,2663.0,-1.62
RMP3,2023-04-04,2665.0,-1.64
RMP3,2023-04-04,2667.0,-1.68
RMP3,2023-04-04,2669.0,-1.69
RMP3,2023-04-04,2671.0,-1.74
RMP3,2023-04-04,2673.0,-1.81
RMP3,2023-04-04,2675.0,-1.83
RMP3,2023-04-04,2677.0,-1.84
RMP3,2023-04-04,2679.0,-1.84
RMP3,2023-04-04,2681.0,-1.86
RMP3,2023-04-04,2683.0,-1.89
RMP3,2023-04-04,2685.0,-1.89
RMP3,2023-04-04,2688.0,-1.91
RMP3,2023-04-04,2690.0,-1.91
RMP3,2023-04-04,2692.0,-1.93
RMP3,2023-04-04,2694.0,-1.96
RMP3,2023-04-04,2696.0,-1.96
RMP3,2023-04-04,2698.0,-2.0
RMP3,2023-04-04,2700.0,-2.02
RMP3,2023-04-04,2702.0,-2.04
RMP3,2023-04-04,2704.0,-2.07
RMP3,2023-04-04,2708.0,-2.11
RMP3,2023-04-04,2710.0,-2.14
RMP3,2023-04-04,2712.0,-2.18
RMP3,2023-04-04,2714.0,-2.21
RMP3,2023-04-04,2716.0,-2.25
RMP3,2023-04-04,2718.0,-2.26
RMP3,2023-04-04,2720.0,-2.31
RMP3,2023-04-04,2722.0,-2.35
RMP3,2023-04-04,2724.0,-2.39
RMP3,2023-04-04,2726.0,-2.4
RMP3,2023-04-04,2728.0,-2.44
RMP3,2023-04-04,2730.0,-2.49
RMP3,2023-04-04,2732.0,-2.5
RMP3,2023-04-04,2734.0,-2.55
RMP3,2023-04-04,2736.0,-2.59
RMP3,2023-04-04,2738.0,-2.64
RMP3,2023-04-04,2740.0,-2.67
RMP3,2023-04-04,2742.0,-2.7
RMP3,2023-04-04,2744.0,-2.75
RMP3,2023-04-04,2747.0,-2.82
RMP3,2023-04-04,2749.0,-2.87
RMP3,2023-04-04,2751.0,-2.86
RMP3,2023-04-04,2753.0,-2.99
RMP3,2023-04-04,2755.0,-3.05
RMP3,2023-04-04,2757.0,-3.07
RMP3,2023-04-04,2759.0,-3.13
RMP3,2023-04-04,2761.0,-3.18
RMP3,2023-04-04,2763.0,-3.2
RMP3,2023-04-04,2765.0,-3.27
RMP3,2023-04-04,2769.0,-3.36
RMP3,2023-04-04,2771.0,-3.37
RMP3,2023-04-04,2773.0,-3.44
RMP3,2023-04-04,2775.0,-3.44
RMP3,2023-04-04,2777.0,-3.49
RMP3,2023-04-04,2779.0,-3.52
RMP3,2023-04-04,2781.0,-3.57
RMP3,2023-04-04,2783.0,-3.63
RMP3,2023-04-04,2788.0,-3.75
RMP3,2023-04-04,2790.0,-3.81
RMP3,2023-04-04,2792.0,-3.73
RMP3,2023-04-04,2794.0,-3.76
RMP3,2023-04-04,2796.0,-3.8
RMP3,2023-04-04,2798.0,-3.85
RMP3,2023-04-04,2800.0,-3.88
RMP3,2023-04-04,2802.0,-3.92
RMP3,2023-04-04,2804.0,-3.97
RMP3,2023-04-04,2806.0,-3.98
RMP3,2023-04-04,2808.0,-4.07
RMP3,2023-04-04,2810.0,-4.1
RMP3,2023-04-04,2812.0,-4.13
RMP3,2023-04-04,2814.0,-4.18
RMP3,2023-04-04,2816.0,-4.19
RMP3,2023-04-04,2818.0,-4.26
RMP3,2023-04-04,2820.0,-4.34
RMP3,2023-04-04,2822.0,-4.38
RMP3,2023-04-04,2824.0,-4.46
RMP3,2023-04-04,2826.0,-4.48
RMP3,2023-04-04,2828.0,-4.52
RMP3,2023-04-04,2830.0,-4.55
RMP3,2023-04-04,2832.0,-4.62
RMP3,2023-04-04,2834.0,-4.74
RMP3,2023-04-04,2836.0,-4.74
RMP3,2023-04-04,2838.0,-4.82
RMP3,2023-04-04,2840.0,-4.91
RMP3,2023-04-04,2842.0,-4.92
RMP3,2023-04-04,2844.0,-4.96
RMP3,2023-04-04,2847.0,-5.08
RMP3,2023-04-04,2849.0,-5.11
RMP3,2023-04-04,2851.0,-5.18
RMP3,2023-04-04,2853.0,-5.26
RMP3,2023-04-04,2855.0,-5.3
RMP3,2023-04-04,2857.0,-5.35
RMP3,2023-04-04,2859.0,-5.43
RMP3,2023-04-04,2861.0,-5.45
RMP3,2023-04-04,2863.0,-5.5
RMP3,2023-04-04,2869.0,-5.63
RMP3,2023-04-04,2871.0,-5.73
RMP3,2023-04-04,2873.0,-5.72
RMP3,2023-04-04,2875.0,-5.74
RMP3,2023-04-04,2877.0,-5.81
RMP3,2023-04-04,2879.0,-5.86
RMP3,2023-04-04,2881.0,-5.9
RMP3,2023-04-04,2883.0,-5.98
RMP3,2023-04-04,2885.0,-6.0
RMP3,2023-04-04,2887.0,-5.98
RMP3,2023-04-04,2889.0,-6.13
RMP3,2023-04-04,2891.0,-6.15
RMP3,2023-04-04,2893.0,-6.19
RMP3,2023-04-04,2895.0,-6.23
RMP3,2023-04-04,2897.0,-6.27
RMP3,2023-04-04,2899.0,-6.33
RMP3,2023-04-04,2901.0,-6.31
RMP3,2023-04-04,2903.0,-6.36
RMP3,2023-04-04,2905.0,-6.46
RMP3,2023-04-04,2907.0,-6.51
RMP3,2023-04-04,2909.0,-6.56
RMP3,2023-04-04,2911.0,-6.61
RMP3,2023-04-04,2913.0,-6.64
RMP3,2023-04-04,2915.0,-6.68
RMP3,2023-04-04,2917.0,-6.72
RMP3,2023-04-04,2919.0,-6.71
RMP3,2023-04-04,2921.0,-6.76
RMP3,2023-04-04,2923.0,-6.74
RMP3,2023-04-04,2928.0,-6.81
RMP3,2023-04-04,2930.0,-6.81
RMP3,2023-04-04,2932.0,-6.82
RMP3,2023-04-04,2934.0,-6.85
RMP3,2023-04-04,2936.0,-6.88
RMP3,2023-04-04,2938.0,-6.92
RMP3,2023-04-04,2940.0,-6.94
RMP3,2023-04-04,2942.0,-6.98
RMP3,2023-04-04,2944.0,-7.01
RMP3,2023-04-04,2949.0,-7.07
RMP3,2023-04-04,2951.0,-7.07
RMP3,2023-04-04,2953.0,-7.12
RMP3,2023-04-04,2955.0,-7.08
RMP3,2023-04-04,2957.0,-7.12
RMP3,2023-04-04,2959.0,-7.09
RMP3,2023-04-04,2961.0,-7.09
RMP3,2023-04-04,2963.0,-7.09
RMP3,2023-04-04,2968.0,-7.03
RMP3,2023-04-04,2970.0,-7.03
RMP3,2023-04-04,2972.0,-7.01
RMP3,2023-04-04,2974.0,-6.94
RMP3,2023-04-04,2976.0,-6.91
RMP3,2023-04-04,2978.0,-6.83
RMP3,2023-04-04,2980.0,-6.81
RMP3,2023-04-04,2982.0,-6.72
RMP3,2023-04-04,2984.0,-6.7
RMP3,2023-04-04,2987.0,-6.58
RMP3,2023-04-04,2989.0,-6.53
RMP3,2023-04-04,2991.0,-6.41
RMP3,2023-04-04,2993.0,-6.4
RMP3,2023-04-04,2995.0,-6.32
RMP3,2023-04-04,2997.0,-6.35
RMP3,2023-04-04,2999.0,-6.31
RMP3,2023-04-04,3001.0,-6.34
RMP3,2023-04-04,3003.0,-6.32
RMP3,2023-04-04,3005.0,-6.4
RMP3,2023-04-04,3007.0,-6.45
RMP3,2023-04-04,3009.0,-6.46
RMP3,2023-04-04,3011.0,-6.5
RMP3,2023-04-04,3013.0,-6.58
RMP3,2023-04-04,3015.0,-6.62
RMP3,2023-04-04,3017.0,-6.82
RMP3,2023-04-04,3019.0,-6.32
RMP3,2023-04-04,3022.0,-6.4
RMP3,2023-04-04,3024.0,-6.45
RMP3,2023-04-04,3026.0,-6.46
RMP3,2023-04-04,3028.0,-6.5
RMP3,2023-04-04,3030.0,-6.58
RMP3,2023-04-04,3032.0,-6.65
RMP3,2023-04-04,3034.0,-6.68
RMP3,2023-04-04,3036.0,-6.71
RMP3,2023-04-04,3038.0,-6.81
RMP3,2023-04-04,3040.0,-6.88
RMP3,2023-04-04,3042.0,-7.05
RMP3,2023-04-04,3044.0,-7.07
RMP3,2023-04-04,3046.0,-7.13
RMP3,2023-04-04,3048.0,-7.21
RMP3,2023-04-04,3050.0,-7.22
RMP3,2023-04-04,3052.0,-7.27
RMP3,2023-04-04,3054.0,-7.39
RMP3,2023-04-04,3057.0,-7.44
RMP3,2023-04-04,3059.0,-7.51
RMP3,2023-04-04,3061.0,-7.6
RMP3,2023-04-04,3063.0,-7.63
RMP3,2023-04-04,3065.0,-7.63
RMP3,2023-04-04,3067.0,-7.66
RMP3,2023-04-04,3069.0,-7.7
RMP3,2023-04-04,3071.0,-7.71
RMP3,2023-04-04,3073.0,-7.72
RMP3,2023-04-04,3075.0,-7.75
RMP3,2023-04-04,3078.0,-7.82
RMP3,2023-04-04,3080.0,-7.83
RMP3,2023-04-04,3082.0,-7.86
RMP3,2023-04-04,3084.0,-7.88
RMP3,2023-04-04,3086.0,-7.88
RMP3,2023-04-04,3088.0,-7.94
RMP3,2023-04-04,3090.0,-7.9
RMP3,2023-04-04,3092.0,-7.91
RMP3,2023-04-04,3094.0,-7.98
RMP3,2023-04-04,3096.0,-7.88
RMP3,2023-04-04,3098.0,-7.89
RMP3,2023-04-04,3100.0,-7.88
RMP3,2023-04-04,3102.0,-7.9
RMP3,2023-04-04,3104.0,-7.94
RMP3,2023-04-04,3106.0,-7.96
RMP3,2023-04-04,3108.0,-8.0
RMP3,2023-04-04,3110.0,-8.05
RMP3,2023-04-04,3112.0,-8.01
RMP3,2023-04-04,3114.0,-7.98
RMP3,2023-04-04,3116.0,-7.99
RMP3,2023-04-04,3118.0,-8.09
RMP3,2023-04-04,3120.0,-8.19
RMP3,2023-04-04,3122.0,-8.16
RMP3,2023-04-04,3124.0,-8.13
RMP3,2023-04-04,3126.0,-8.24
RMP3,2023-04-04,3128.0,-8.32
RMP3,2023-04-04,3130.0,-8.15
RMP3,2023-04-04,3132.0,-8.05
RMP3,2023-04-04,3134.0,-7.97
RMP3,2023-04-04,3137.0,-7.95
RMP3,2023-04-04,3139.0,-7.99
RMP3,2023-04-04,3141.0,-8.08
RMP3,2023-04-04,3143.0,-8.26
RMP3,2023-04-04,3145.0,-8.35
RMP3,2023-04-04,3147.0,-8.41
RMP3,2023-04-04,3149.0,-8.45
RMP3,2023-04-04,3151.0,-8.51
RMP3,2023-04-04,3153.0,-8.3
RMP3,2023-04-04,3157.0,-8.13
RMP3,2023-04-04,3159.0,-8.14
RMP3,2023-04-04,3161.0,-8.14
RMP3,2023-04-04,3163.0,-8.24
RMP3,2023-04-04,3165.0,-8.34
RMP3,2023-04-04,3167.0,-8.53
RMP3,2023-04-04,3169.0,-8.7
RMP3,2023-04-04,3171.0,-8.87
RMP3,2023-04-04,3173.0,-8.96
RMP3,2023-04-04,3177.0,-8.79
RMP3,2023-04-04,3179.0,-8.78
RMP3,2023-04-04,3181.0,-8.78
RMP3,2023-04-04,3183.0,-8.84
RMP3,2023-04-04,3185.0,-8.88
RMP3,2023-04-04,3187.0,-8.93
RMP3,2023-04-04,3189.0,-9.04
RMP3,2023-04-04,3191.0,-9.14
RMP3,2023-04-04,3193.0,-9.32
RMP3,2023-04-04,3195.0,-9.44
RMP3,2023-04-04,3197.0,-9.57
RMP3,2023-04-04,3199.0,-9.62
RMP3,2023-04-04,3201.0,-9.62
RMP3,2023-04-04,3203.0,-9.15
RMP3,2023-04-04,3205.0,-9.15
RMP3,2023-04-04,3207.0,-9.18
RMP3,2023-04-04,3209.0,-9.26
RMP3,2023-04-04,3211.0,-9.29
RMP3,2023-04-04,3213.0,-9.4
RMP3,2023-04-04,3215.0,-9.43
RMP3,2023-04-04,3219.0,-9.16
RMP3,2023-04-04,3221.0,-9.08
RMP3,2023-04-04,3223.0,-9.02
RMP3,2023-04-04,3225.0,-8.97
RMP3,2023-04-04,3227.0,-9.08
RMP3,2023-04-04,3229.0,-9.09
RMP3,2023-04-04,3231.0,-8.6
RMP3,2023-04-04,3233.0,-8.28
RMP3,2023-04-04,3235.0,-8.1
RMP3,2023-04-04,3238.0,-8.14
RMP3,2023-04-04,3240.0,-8.35
RMP3,2023-04-04,3242.0,-8.22
RMP3,2023-04-04,3244.0,-8.03
RMP3,2023-04-04,3246.0,-7.32
RMP3,2023-04-04,3248.0,-7.46
RMP3,2023-04-04,3250.0,-7.36
RMP3,2023-04-04,3252.0,-7.3
RMP3,2023-04-04,3254.0,-7.36
RMP3,2023-04-04,3256.0,-7.3
RMP3,2023-04-04,3262.0,-7.62
RMP3,2023-04-04,3264.0,-6.9
RMP3,2023-04-04,3266.0,-6.89
RMP3,2023-04-04,3268.0,-7.04
RMP3,2023-04-04,3270.0,-7.07
RMP3,2023-04-04,3272.0,-7.01
RMP3,2023-04-04,3274.0,-7.13
RMP3,2023-04-04,3276.0,-7.01
RMP3,2023-04-04,3282.0,-6.52
RMP3,2023-04-04,3284.0,-6.68
RMP3,2023-04-04,3286.0,-6.47
RMP3,2023-04-04,3288.0,-6.38
RMP3,2023-04-04,3290.0,-6.46
RMP3,2023-04-04,3292.0,-6.56
RMP3,2023-04-04,3294.0,-6.6
RMP3,2023-04-04,3296.0,-6.64
RMP3,2023-04-04,3300.0,-6.78
RMP3,2023-04-04,3302.0,-6.79
RMP3,2023-04-04,3304.0,-6.69
RMP3,2023-04-04,3306.0,-6.1
RMP3,2023-04-04,3308.0,-6.09
RMP3,2023-04-04,3310.0,-6.14
RMP3,2023-04-04,3312.0,-6.25
RMP3,2023-04-04,3314.0,-6.37
RMP3,2023-04-04,3316.0,-6.56
RMP3,2023-04-04,3320.0,-6.74
RMP3,2023-04-04,3322.0,-6.79
RMP3,2023-04-04,3324.0,-6.82
RMP3,2023-04-04,3326.0,-6.83
RMP3,2023-04-04,3328.0,-6.79
RMP3,2023-04-04,3330.0,-6.31
RMP3,2023-04-04,3332.0,-6.29
RMP3,2023-04-04,3334.0,-6.35
RMP3,2023-04-04,3336.0,-6.46
RMP3,2023-04-04,3339.0,-6.65
RMP3,2023-04-04,3341.0,-6.8
RMP3,2023-04-04,3343.0,-6.9
RMP3,2023-04-04,3345.0,-6.83
RMP3,2023-04-04,3347.0,-5.89
RMP3,2023-04-04,3349.0,-5.93
RMP3,2023-04-04,3351.0,-5.98
RMP3,2023-04-04,3353.0,-5.99
RMP3,2023-04-04,3355.0,-6.1
RMP3,2023-04-04,3362.0,-6.35
RMP3,2023-04-04,3364.0,-6.43
RMP3,2023-04-04,3366.0,-6.46
RMP3,2023-04-04,3368.0,-6.47
RMP3,2023-04-04,3370.0,-6.59
RMP3,2023-04-04,3372.0,-5.9
RMP3,2023-04-04,3374.0,-5.82
RMP3,2023-04-04,3376.0,-5.99
RMP3,2023-04-04,3382.0,-6.65
RMP3,2023-04-04,3384.0,-6.62
RMP3,2023-04-04,3386.0,-6.56
RMP3,2023-04-04,3388.0,-6.78
RMP3,2023-04-04,3390.0,-6.67
RMP3,2023-04-04,3392.0,-6.53
RMP3,2023-04-04,3394.0,-5.64
RMP3,2023-04-04,3396.0,-5.57
RMP3,2023-04-04,3401.0,-5.5
RMP3,2023-04-04,3403.0,-5.48
RMP3,2023-04-04,3405.0,-5.44
RMP3,2023-04-04,3407.0,-5.5
RMP3,2023-04-04,3409.0,-5.64
RMP3,2023-04-04,3411.0,-5.72
RMP3,2023-04-04,3413.0,-5.64
RMP3,2023-04-04,3415.0,-5.32
RMP3,2023-04-04,3417.0,-5.14
RMP3,2023-04-04,3421.0,-5.34
RMP3,2023-04-04,3423.0,-5.32
RMP3,2023-04-04,3425.0,-5.3
RMP3,2023-04-04,3427.0,-5.43
RMP3,2023-04-04,3429.0,-5.51
RMP3,2023-04-04,3431.0,-5.25
RMP3,2023-04-04,3433.0,-5.25
RMP3,2023-04-04,3435.0,-5.0
RMP3,2023-04-04,3440.0,-4.61
RMP3,2023-04-04,3442.0,-4.4
RMP3,2023-04-04,3444.0,-4.3
RMP3,2023-04-04,3446.0,-4.17
RMP3,2023-04-04,3448.0,-4.0
RMP3,2023-04-04,3450.0,-3.43
RMP3,2023-04-04,3452.0,-3.27
RMP3,2023-04-04,3454.0,-3.22
RMP3,2023-04-04,3456.0,-3.25
RMP3,2023-04-04,3459.0,-3.31
RMP3,2023-04-04,3461.0,-3.4
RMP3,2023-04-04,3463.0,-3.45
RMP3,2023-04-04,3465.0,-3.2
RMP3,2023-04-04,3467.0,-3.03
RMP3,2023-04-04,3469.0,-2.99
RMP3,2023-04-04,3471.0,-3.02
RMP3,2023-04-04,3473.0,-3.07
RMP3,2023-04-04,3475.0,-2.74
RMP3,2023-04-04,3479.0,-2.66
RMP3,2023-04-04,3481.0,-2.64
RMP3,2023-04-04,3483.0,-2.59
RMP3,2023-04-04,3485.0,-2.64
RMP3,2023-04-04,3487.0,-2.72
RMP3,2023-04-04,3489.0,-2.75
RMP3,2023-04-04,3491.0,-2.67
RMP3,2023-04-04,3493.0,-2.52
RMP3,2023-04-04,3495.0,-2.2
RMP3,2023-04-04,3497.0,-2.43
RMP3,2023-04-04,3500.0,-2.66
RMP3,2023-04-04,3502.0,-2.84
RMP3,2023-04-04,3504.0,-2.57
RMP3,2023-04-04,3506.0,-2.34
RMP3,2023-04-04,3508.0,-2.62
RMP3,2023-04-04,3510.0,-2.71
RMP3,2023-04-04,3512.0,-2.56
RMP3,2023-04-04,3514.0,-2.47
RMP3,2023-04-04,3516.0,-2.44
RMP3,2023-04-04,3519.0,-2.4
RMP3,2023-04-04,3521.0,-2.16
RMP3,2023-04-04,3523.0,-2.21
RMP3,2023-04-04,3525.0,-2.63
RMP3,2023-04-04,3527.0,-2.8
RMP3,2023-04-04,3529.0,-2.99
RMP3,2023-04-04,3531.0,-3.34
RMP3,2023-04-04,3533.0,-3.36
RMP3,2023-04-04,3535.0,-2.9
RMP3,2023-04-04,3537.0,-2.12
RMP3,2023-04-04,3540.0,-1.95
RMP3,2023-04-04,3542.0,-1.9
RMP3,2023-04-04,3544.0,-1.93
RMP3,2023-04-04,3546.0,-2.03
RMP3,2023-04-04,3548.0,-2.03
RMP3,2023-04-04,3550.0,-2.1
RMP3,2023-04-04,3552.0,-2.16
RMP3,2023-04-04,3554.0,-1.84
RMP3,2023-04-04,3556.0,-1.75
RMP3,2023-04-04,3560.0,-1.9
RMP3,2023-04-04,3562.0,-1.78
RMP3,2023-04-04,3564.0,-1.64
RMP3,2023-04-04,3566.0,-1.77
RMP3,2023-04-04,3568.0,-2.0
RMP3,2023-04-04,3570.0,-1.4
RMP3,2023-04-04,3572.0,-1.59
RMP3,2023-04-04,3574.0,-1.87
RMP3,2023-04-04,3576.0,-1.83
RMP3,2023-04-04,3580.0,-1.86
RMP3,2023-04-04,3582.0,-1.98
RMP3,2023-04-04,3584.0,-2.19
RMP3,2023-04-04,3586.0,-2.46
RMP3,2023-04-04,3588.0,-2.64
RMP3,2023-04-04,3590.0,-2.2
RMP3,2023-04-04,3592.0,-1.3
RMP3,2023-04-04,3594.0,-1.19
RMP3,2023-04-04,3596.0,-1.45
RMP3,2023-04-04,3600.0,-1.51
RMP3,2023-04-04,3602.0,-1.57
RMP3,2023-04-04,3604.0,-1.68
RMP3,2023-04-04,3606.0,-1.49
RMP3,2023-04-04,3608.0,-1.5
RMP3,2023-04-04,3610.0,-1.73
RMP3,2023-04-04,3612.0,-1.1
RMP3,2023-04-04,3614.0,-0.84
RMP3,2023-04-04,3616.0,-0.94
RMP3,2023-04-04,3619.0,-1.24
RMP3,2023-04-04,3621.0,-1.09
RMP3,2023-04-04,3623.0,-1.23
RMP3,2023-04-04,3625.0,-1.36
RMP3,2023-04-04,3627.0,-1.45
RMP3,2023-04-04,3629.0,-1.41
RMP3,2023-04-04,3631.0,-1.39
RMP3,2023-04-04,3633.0,-1.38
RMP3,2023-04-04,3635.0,-1.51
RMP3,2023-04-04,3641.0,-1.03
RMP3,2023-04-04,3643.0,-0.7
RMP3,2023-04-04,3645.0,-0.83
RMP3,2023-04-04,3647.0,-0.9
RMP3,2023-04-04,3649.0,-1.04
RMP3,2023-04-04,3651.0,-1.09
RMP3,2023-04-04,3653.0,-1.24
RMP3,2023-04-04,3655.0,-1.4
RMP3,2023-04-04,3658.0,-1.48
RMP3,2023-04-04,3660.0,-1.59
RMP3,2023-04-04,3662.0,-0.88
RMP3,2023-04-04,3664.0,-0.77
RMP3,2023-04-04,3666.0,-0.74
RMP3,2023-04-04,3668.0,-0.78
RMP3,2023-04-04,3670.0,-0.86
RMP3,2023-04-04,3672.0,-0.85
RMP3,2023-04-04,3674.0,-0.86
RMP3,2023-04-04,3678.0,-0.55
RMP3,2023-04-04,3680.0,-0.59
RMP3,2023-04-04,3682.0,-0.74
RMP3,2023-04-04,3684.0,-0.79
RMP3,2023-04-04,3686.0,-0.67
RMP3,2023-04-04,3688.0,-0.74
RMP3,2023-04-04,3690.0,-0.73
RMP3,2023-04-04,3692.0,-0.73
RMP3,2023-04-04,3694.0,-0.75
RMP3,2023-04-04,3698.0,-0.94
RMP3,2023-04-04,3700.0,-1.17
RMP3,2023-04-04,3702.0,-1.18
RMP3,2023-04-04,3704.0,-0.65
RMP3,2023-04-04,3706.0,-0.72
RMP3,2023-04-04,3708.0,-0.79
RMP3,2023-04-04,3710.0,-0.69
RMP3,2023-04-04,3712.0,-0.73
RMP3,2023-04-04,3714.0,-0.91
RMP3,2023-04-04,3718.0,-0.94
RMP3,2023-04-04,3720.0,-0.81
RMP3,2023-04-04,3722.0,-0.77
RMP3,2023-04-04,3724.0,-0.77
RMP3,2023-04-04,3726.0,-0.82
RMP3,2023-04-04,3728.0,-0.87
RMP3,2023-04-04,3730.0,-0.7
RMP3,2023-04-04,3732.0,-0.65
RMP3,2023-04-04,3734.0,-0.69
RMP3,2023-04-04,3738.0,-0.94
RMP3,2023-04-04,3740.0,-0.77
RMP3,2023-04-04,3742.0,-0.67
RMP3,2023-04-04,3744.0,-0.66
RMP3,2023-04-04,3746.0,-0.75
RMP3,2023-04-04,3748.0,-0.57
RMP3,2023-04-04,3750.0,-0.73
RMP3,2023-04-04,3752.0,-0.7
RMP3,2023-04-04,3754.0,-0.57
RMP3,2023-04-04,3756.0,-0.56
RMP3,2023-04-04,3758.0,-0.54
RMP3,2023-04-04,3760.0,-0.55
RMP3,2023-04-04,3762.0,-0.57
RMP3,2023-04-04,3764.0,-0.57
RMP3,2023-04-04,3766.0,-0.63
RMP3,2023-04-04,3768.0,-0.61
RMP3,2023-04-04,3770.0,-0.56
RMP3,2023-04-04,3772.0,-0.32
RMP3,2023-04-04,3774.0,-0.36
RMP3,2023-04-04,3776.0,-0.36
RMP3,2023-04-04,3778.0,-0.42
RMP3,2023-04-04,3780.0,-0.36
RMP3,2023-04-04,3782.0,-0.33
RMP3,2023-04-04,3784.0,-0.33
RMP3,2023-04-04,3786.0,-0.45
RMP3,2023-04-04,3788.0,-0.41
RMP3,2023-04-04,3790.0,-0.28
RMP3,2023-04-04,3792.0,-0.22
RMP3,2023-04-04,3797.0,-0.14
RMP3,2023-04-04,3799.0,-0.13
RMP3,2023-04-04,3801.0,-0.15
RMP3,2023-04-04,3803.0,-0.21
RMP3,2023-04-04,3805.0,-0.14
RMP3,2023-04-04,3807.0,-0.02
RMP3,2023-04-04,3809.0,0.15
RMP3,2023-04-04,3811.0,0.12
RMP3,2023-04-04,3813.0,0.09
RMP3,2023-04-04,3815.0,0.08
RMP3,2023-04-04,3817.0,0.04
RMP3,2023-04-04,3819.0,0.04
RMP3,2023-04-04,3821.0,0.45
RMP3,2023-04-04,3823.0,0.56
RMP3,2023-04-04,3825.0,0.65
RMP3,2023-04-04,3827.0,0.53
RMP3,2023-04-04,3829.0,0.69
RMP3,2023-04-04,3831.0,0.74
RMP3,2023-04-04,3835.0,1.01
RMP3,2023-04-04,3837.0,0.94
RMP3,2023-04-04,3839.0,0.97
RMP3,2023-04-04,3841.0,0.99
RMP3,2023-04-04,3843.0,1.01
RMP3,2023-04-04,3845.0,1.12
RMP3,2023-04-04,3847.0,1.33
RMP3,2023-04-04,3849.0,1.28
RMP3,2023-04-04,3851.0,1.05
RMP3,2023-04-04,3855.0,0.95
RMP3,2023-04-04,3858.0,0.88
RMP3,2023-04-04,3861.0,0.72
RMP3,2023-04-04,3865.0,0.65
RMP3,2023-04-04,3870.0,0.45
RMP3,2023-04-04,3873.0,0.35
RMP3,2023-04-04,3875.0,1.25
RMP3,2023-04-04,3878.0,0.25
RMP3,2023-04-04,3880.0,0.05
RMP3,2023-04-04,3884.0,0.55
RMP3,2023-04-04,3888.0,0.65
RMP3,2023-04-04,3890.0,0.55
RMP3,2023-04-04,3895.0,0.75
RMP3,2023-04-04,3897.0,1.05
RMP3,2023-04-04,3900.0,1.25
RMP3,2023-04-04,3905.0,1.45
RMP3,2023-04-04,3907.0,1.55
RMP3,2023-04-04,3910.0,2.25
RMP3,2023-04-04,3913.0,2.46
RMP3,2023-04-04,3915.0,2.84
RMP3,2023-04-04,3950.0,2.9
RMP3,2023-04-04,4000.0,2.68
RMP3,2023-04-04,4050.0,2.68
RMP3,2023-04-04,4100.0,2.8
RMP3,2023-04-04,4150.0,2.47
RMP3,2023-04-04,4200.0,2.28
RMP3,2023-04-04,4250.0,2.41
RMP3,2023-04-04,4300.0,2.3
RMP3,2023-04-04,4350.0,2.16
RMP3,2023-04-04,4400.0,2.29
RMP3,2023-04-04,4450.0,4.24
RMP3,2023-04-04,4500.0,4.1
RMP3,2023-04-04,4550.0,3.9
RMP3,2023-04-04,4600.0,3.8
RMP3,2023-04-04,4650.0,3.72
RMP3,2023-04-04,4700.0,3.44
RMP3,2023-04-04,4750.0,3.3
RMP3,2023-04-04,4800.0,3.24
RMP3,2023-04-04,4850.0,2.88
RMP3,2023-04-04,4900.0,3.1
RMP3,2023-04-04,4950.0,3.16
RMP3,2023-04-04,5000.0,3.06
RMP3,2023-04-04,5050.0,2.95
RMP3,2023-04-04,5100.0,2.82
RMP3,2023-04-04,5150.0,2.68
RMP3,2023-04-04,5200.0,2.63
RMP3,2023-04-04,5215.0,2.6
RMP3,2023-04-05,5225.0,2.24
RMP3,2023-04-05,5227.0,1.74
RMP3,2023-04-05,5230.0,1.74
RMP3,2023-04-05,5235.0,1.64
RMP3,2023-04-05,5240.0,1.54
RMP3,2023-04-05,5245.0,1.64
RMP3,2023-04-05,5250.0,1.64
RMP3,2023-04-05,5255.0,1.44
RMP3,2023-04-05,5260.0,1.44
RMP3,2023-04-05,5265.0,1.24
RMP3,2023-04-05,5270.0,1.24
RMP3,2023-04-05,5275.0,1.04
RMP3,2023-04-05,5280.0,1.04
RMP3,2023-04-05,5285.0,1.14
RMP3,2023-04-05,5290.0,0.94
RMP3,2023-04-05,5295.0,0.94
RMP3,2023-04-05,5300.0,1.04
RMP3,2023-04-05,5305.0,0.94
RMP3,2023-04-05,5310.0,0.94
RMP3,2023-04-05,5315.0,0.94
RMP3,2023-04-05,5320.0,0.84
RMP3,2023-04-05,5322.0,0.94
RMP3,2023-04-05,5325.0,0.84
RMP3,2023-04-05,5328.0,0.52
RMP3,2023-04-05,5330.0,0.26
RMP3,2023-04-05,5332.0,0.19
RMP3,2023-04-05,5334.0,0.19
RMP3,2023-04-05,5336.0,0.08
RMP3,2023-04-05,5338.0,-0.49
RMP3,2023-04-05,5340.0,-0.93
RMP3,2023-04-05,5342.0,-1.28
RMP3,2023-04-05,5344.0,-1.39
RMP3,2023-04-05,5346.0,-1.18
RMP3,2023-04-05,5348.0,-0.6
RMP3,2023-04-05,5350.0,0.11
RMP3,2023-04-05,5352.0,0.39
RMP3,2023-04-05,5354.0,0.47
RMP3,2023-04-05,5356.0,0.44
RMP3,2023-04-05,5358.0,0.42
RMP3,2023-04-05,5360.0,0.38
RMP3,2023-04-05,5362.0,0.06
RMP3,2023-04-05,5364.0,-0.34
RMP3,2023-04-05,5366.0,-0.64
RMP3,2023-04-05,5368.0,-0.95
RMP3,2023-04-05,5370.0,-1.21
RMP3,2023-04-05,5372.0,-1.48
RMP3,2023-04-05,5374.0,-1.6
RMP3,2023-04-05,5376.0,-1.95
RMP3,2023-04-05,5378.0,-2.53
RMP3,2023-04-05,5381.0,-2.3
RMP3,2023-04-05,5383.0,-1.5
RMP3,2023-04-05,5385.0,-0.44
RMP3,2023-04-05,5387.0,0.02
RMP3,2023-04-05,5389.0,0.05
RMP3,2023-04-05,5391.0,-0.02
RMP3,2023-04-05,5393.0,-0.1
RMP3,2023-04-05,5395.0,-0.21
RMP3,2023-04-05,5397.0,-0.22
RMP3,2023-04-05,5400.0,-0.22
RMP3,2023-04-05,5402.0,-0.23
RMP3,2023-04-05,5404.0,-0.29
RMP3,2023-04-05,5406.0,-0.22
RMP3,2023-04-05,5408.0,-0.24
RMP3,2023-04-05,5410.0,-0.25
RMP3,2023-04-05,5412.0,-0.15
RMP3,2023-04-05,5414.0,0.33
RMP3,2023-04-05,5416.0,0.42
RMP3,2023-04-05,5418.0,0.49
RMP3,2023-04-05,5420.0,0.48
RMP3,2023-04-05,5422.0,0.62
RMP3,2023-04-05,5424.0,0.73
RMP3,2023-04-05,5426.0,0.77
RMP3,2023-04-05,5428.0,0.77
RMP3,2023-04-05,5430.0,0.74
RMP3,2023-04-05,5432.0,0.74
RMP3,2023-04-05,5434.0,0.7
RMP3,2023-04-05,5436.0,0.73
RMP3,2023-04-05,5439.0,0.78
RMP3,2023-04-05,5441.0,1.46
RMP3,2023-04-05,5443.0,1.46
RMP3,2023-04-05,5445.0,0.89
RMP3,2023-04-05,5447.0,0.74
RMP3,2023-04-05,5449.0,0.82
RMP3,2023-04-05,5451.0,0.79
RMP3,2023-04-05,5453.0,0.8
RMP3,2023-04-05,5455.0,0.69
RMP3,2023-04-05,5457.0,0.89
RMP3,2023-04-05,5459.0,1.02
RMP3,2023-04-05,5469.0,0.87
RMP3,2023-04-05,5471.0,0.84
RMP3,2023-04-05,5473.0,0.78
RMP3,2023-04-05,5475.0,0.84
RMP3,2023-04-05,5477.0,0.95
RMP3,2023-04-05,5479.0,0.94
RMP3,2023-04-05,5481.0,0.89
RMP3,2023-04-05,5483.0,0.79
RMP3,2023-04-05,5485.0,0.65
RMP3,2023-04-05,5487.0,0.37
RMP3,2023-04-05,5490.0,0.23
RMP3,2023-04-05,5492.0,0.17
RMP3,2023-04-05,5494.0,0.14
RMP3,2023-04-05,5496.0,0.13
RMP3,2023-04-05,5498.0,0.11
RMP3,2023-04-05,5500.0,0.15
RMP3,2023-04-05,5502.0,0.43
RMP3,2023-04-05,5504.0,0.49
RMP3,2023-04-05,5506.0,0.41
RMP3,2023-04-05,5508.0,0.35
RMP3,2023-04-05,5510.0,0.29
RMP3,2023-04-05,5513.0,0.24
RMP3,2023-04-05,5515.0,0.19
RMP3,2023-04-05,5517.0,0.11
RMP3,2023-04-05,5519.0,0.31
RMP3,2023-04-05,5521.0,0.28
RMP3,2023-04-05,5523.0,0.22
RMP3,2023-04-05,5525.0,0.11
RMP3,2023-04-05,5527.0,0.08
RMP3,2023-04-05,5529.0,0.05
RMP3,2023-04-05,5531.0,0.02
RMP3,2023-04-05,5536.0,-0.12
RMP3,2023-04-05,5538.0,-0.11
RMP3,2023-04-05,5540.0,-0.11
RMP3,2023-04-05,5542.0,-0.05
RMP3,2023-04-05,5544.0,0.02
RMP3,2023-04-05,5546.0,0.02
RMP3,2023-04-05,5548.0,-0.03
RMP3,2023-04-05,5550.0,-0.13
RMP3,2023-04-05,5552.0,-0.16
RMP3,2023-04-05,5557.0,0.01
RMP3,2023-04-05,5559.0,0.14
RMP3,2023-04-05,5561.0,0.21
RMP3,2023-04-05,5563.0,0.14
RMP3,2023-04-05,5565.0,0.05
RMP3,2023-04-05,5567.0,0.05
RMP3,2023-04-05,5569.0,-0.08
RMP3,2023-04-05,5571.0,-0.12
RMP3,2023-04-05,5574.0,-0.22
RMP3,2023-04-05,5576.0,-0.34
RMP3,2023-04-05,5578.0,-0.52
RMP3,2023-04-05,5580.0,-0.64
RMP3,2023-04-05,5582.0,-0.74
RMP3,2023-04-05,5584.0,-0.61
RMP3,2023-04-05,5586.0,-0.58
RMP3,2023-04-05,5588.0,-0.55
RMP3,2023-04-05,5590.0,-0.62
RMP3,2023-04-05,5592.0,-0.67
RMP3,2023-04-05,5596.0,-0.76
RMP3,2023-04-05,5598.0,-0.84
RMP3,2023-04-05,5600.0,-0.88
RMP3,2023-04-05,5602.0,-0.95
RMP3,2023-04-05,5604.0,-1.0
RMP3,2023-04-05,5606.0,-1.13
RMP3,2023-04-05,5608.0,-1.2
RMP3,2023-04-05,5610.0,-1.31
RMP3,2023-04-05,5612.0,-1.33
RMP3,2023-04-05,5617.0,-0.92
RMP3,2023-04-05,5619.0,-1.0
RMP3,2023-04-05,5621.0,-0.96
RMP3,2023-04-05,5623.0,-1.3
RMP3,2023-04-05,5625.0,-2.0
RMP3,2023-04-05,5627.0,-2.45
RMP3,2023-04-05,5629.0,-1.67
RMP3,2023-04-05,5631.0,-1.16
RMP3,2023-04-05,5633.0,-0.94
RMP3,2023-04-05,5635.0,-0.89
RMP3,2023-04-05,5637.0,-0.93
RMP3,2023-04-05,5639.0,-1.15
RMP3,2023-04-05,5641.0,-1.3
RMP3,2023-04-05,5643.0,-1.34
RMP3,2023-04-05,5645.0,-1.34
RMP3,2023-04-05,5647.0,-1.34
RMP3,2023-04-05,5649.0,-1.29
RMP3,2023-04-05,5651.0,-1.23
RMP3,2023-04-05,5653.0,-1.37
RMP3,2023-04-05,5657.0,-1.76
RMP3,2023-04-05,5659.0,-1.92
RMP3,2023-04-05,5661.0,-1.97
RMP3,2023-04-05,5663.0,-1.92
RMP3,2023-04-05,5665.0,-1.82
RMP3,2023-04-05,5667.0,-1.87
RMP3,2023-04-05,5669.0,-1.83
RMP3,2023-04-05,5671.0,-1.85
RMP3,2023-04-05,5673.0,-1.81
RMP3,2023-04-05,5675.0,-1.63
RMP3,2023-04-05,5677.0,-1.55
RMP3,2023-04-05,5679.0,-1.7
RMP3,2023-04-05,5681.0,-2.26
RMP3,2023-04-05,5683.0,-2.73
RMP3,2023-04-05,5685.0,-3.12
RMP3,2023-04-05,5687.0,-1.95
RMP3,2023-04-05,5689.0,-1.64
RMP3,2023-04-05,5691.0,-1.6
RMP3,2023-04-05,5693.0,-1.43
RMP3,2023-04-05,5698.0,-1.34
RMP3,2023-04-05,5700.0,-1.37
RMP3,2023-04-05,5702.0,-1.47
RMP3,2023-04-05,5704.0,-1.77
RMP3,2023-04-05,5706.0,-2.01
RMP3,2023-04-05,5708.0,-2.03
RMP3,2023-04-05,5710.0,-2.08
RMP3,2023-04-05,5712.0,-2.19
RMP3,2023-04-05,5715.0,-2.46
RMP3,2023-04-05,5717.0,-2.56
RMP3,2023-04-05,5719.0,-2.56
RMP3,2023-04-05,5721.0,-2.55
RMP3,2023-04-05,5723.0,-2.59
RMP3,2023-04-05,5725.0,-2.92
RMP3,2023-04-05,5727.0,-3.44
RMP3,2023-04-05,5729.0,-4.0
RMP3,2023-04-05,5731.0,-4.72
RMP3,2023-04-05,5733.0,-3.84
RMP3,2023-04-05,5739.0,-2.56
RMP3,2023-04-05,5741.0,-2.76
RMP3,2023-04-05,5743.0,-2.9
RMP3,2023-04-05,5745.0,-2.86
RMP3,2023-04-05,5747.0,-2.74
RMP3,2023-04-05,5749.0,-2.64
RMP3,2023-04-05,5751.0,-2.82
RMP3,2023-04-05,5753.0,-3.37
RMP3,2023-04-05,5757.0,-4.01
RMP3,2023-04-05,5759.0,-4.09
RMP3,2023-04-05,5761.0,-4.04
RMP3,2023-04-05,5763.0,-3.86
RMP3,2023-04-05,5765.0,-3.68
RMP3,2023-04-05,5767.0,-3.51
RMP3,2023-04-05,5769.0,-3.31
RMP3,2023-04-05,5771.0,-3.24
RMP3,2023-04-05,5773.0,-3.15
RMP3,2023-04-05,5775.0,-3.23
RMP3,2023-04-05,5777.0,-3.46
RMP3,2023-04-05,5779.0,-3.84
RMP3,2023-04-05,5781.0,-4.19
RMP3,2023-04-05,5783.0,-4.35
RMP3,2023-04-05,5785.0,-4.46
RMP3,2023-04-05,5787.0,-4.47
RMP3,2023-04-05,5789.0,-4.47
RMP3,2023-04-05,5791.0,-4.45
RMP3,2023-04-05,5793.0,-4.65
RMP3,2023-04-05,5798.0,-5.78
RMP3,2023-04-05,5800.0,-4.92
RMP3,2023-04-05,5802.0,-4.58
RMP3,2023-04-05,5804.0,-4.55
RMP3,2023-04-05,5806.0,-4.39
RMP3,2023-04-05,5808.0,-4.2
RMP3,2023-04-05,5810.0,-4.25
RMP3,2023-04-05,5812.0,-4.41
RMP3,2023-04-05,5814.0,-4.35
RMP3,2023-04-05,5818.0,-4.05
RMP3,2023-04-05,5820.0,-3.72
RMP3,2023-04-05,5822.0,-3.45
RMP3,2023-04-05,5824.0,-3.29
RMP3,2023-04-05,5826.0,-3.33
RMP3,2023-04-05,5828.0,-3.5
RMP3,2023-04-05,5830.0,-3.95
RMP3,2023-04-05,5832.0,-4.26
RMP3,2023-04-05,5834.0,-4.7
RMP3,2023-04-05,5839.0,-7.2
RMP3,2023-04-05,5841.0,-7.4
RMP3,2023-04-05,5843.0,-5.71
RMP3,2023-04-05,5845.0,-5.08
RMP3,2023-04-05,5847.0,-5.04
RMP3,2023-04-05,5849.0,-3.75
RMP3,2023-04-05,5851.0,-3.63
RMP3,2023-04-05,5853.0,-3.69
RMP3,2023-04-05,5857.0,-4.16
RMP3,2023-04-05,5859.0,-4.29
RMP3,2023-04-05,5861.0,-4.23
RMP3,2023-04-05,5863.0,-3.99
RMP3,2023-04-05,5865.0,-4.07
RMP3,2023-04-05,5867.0,-4.29
RMP3,2023-04-05,5869.0,-4.47
RMP3,2023-04-05,5871.0,-4.5
RMP3,2023-04-05,5873.0,-4.4
RMP3,2023-04-05,5877.0,-4.2
RMP3,2023-04-05,5879.0,-3.75
RMP3,2023-04-05,5881.0,-3.84
RMP3,2023-04-05,5883.0,-3.95
RMP3,2023-04-05,5885.0,-4.02
RMP3,2023-04-05,5887.0,-4.22
RMP3,2023-04-05,5889.0,-4.36
RMP3,2023-04-05,5891.0,-4.37
RMP3,2023-04-05,5893.0,-4.43
RMP3,2023-04-05,5897.0,-4.11
RMP3,2023-04-05,5899.0,-3.91
RMP3,2023-04-05,5901.0,-3.75
RMP3,2023-04-05,5903.0,-3.65
RMP3,2023-04-05,5905.0,-3.71
RMP3,2023-04-05,5907.0,-3.85
RMP3,2023-04-05,5909.0,-4.01
RMP3,2023-04-05,5911.0,-4.05
RMP3,2023-04-05,5913.0,-4.0
RMP3,2023-04-05,5918.0,-3.82
RMP3,2023-04-05,5920.0,-3.84
RMP3,2023-04-05,5922.0,-3.77
RMP3,2023-04-05,5924.0,-3.65
RMP3,2023-04-05,5926.0,-3.76
RMP3,2023-04-05,5928.0,-3.85
RMP3,2023-04-05,5930.0,-3.98
RMP3,2023-04-05,5932.0,-4.07
RMP3,2023-04-05,5934.0,-3.82
RMP3,2023-04-05,5939.0,-3.92
RMP3,2023-04-05,5941.0,-3.99
RMP3,2023-04-05,5943.0,-4.05
RMP3,2023-04-05,5945.0,-4.13
RMP3,2023-04-05,5947.0,-4.26
RMP3,2023-04-05,5949.0,-4.35
RMP3,2023-04-05,5951.0,-4.44
RMP3,2023-04-05,5953.0,-4.63
RMP3,2023-04-05,5958.0,-4.59
RMP3,2023-04-05,5960.0,-4.62
RMP3,2023-04-05,5962.0,-4.79
RMP3,2023-04-05,5964.0,-4.9
RMP3,2023-04-05,5966.0,-5.0
RMP3,2023-04-05,5968.0,-4.89
RMP3,2023-04-05,5970.0,-4.92
RMP3,2023-04-05,5972.0,-5.03
RMP3,2023-04-05,5974.0,-5.13
RMP3,2023-04-05,5979.0,-5.26
RMP3,2023-04-05,5981.0,-5.19
RMP3,2023-04-05,5983.0,-5.13
RMP3,2023-04-05,5985.0,-5.06
RMP3,2023-04-05,5987.0,-5.17
RMP3,2023-04-05,5989.0,-5.26
RMP3,2023-04-05,5991.0,-5.38
RMP3,2023-04-05,5993.0,-5.48
RMP3,2023-04-05,5998.0,-5.35
RMP3,2023-04-05,6000.0,-5.39
RMP3,2023-04-05,6002.0,-5.47
RMP3,2023-04-05,6004.0,-5.57
RMP3,2023-04-05,6006.0,-5.57
RMP3,2023-04-05,6008.0,-5.54
RMP3,2023-04-05,6010.0,-5.57
RMP3,2023-04-05,6012.0,-5.62
RMP3,2023-04-05,6017.0,-5.69
RMP3,2023-04-05,6019.0,-5.72
RMP3,2023-04-05,6021.0,-5.75
RMP3,2023-04-05,6023.0,-5.84
RMP3,2023-04-05,6025.0,-5.88
RMP3,2023-04-05,6027.0,-5.91
RMP3,2023-04-05,6029.0,-5.94
RMP3,2023-04-05,6031.0,-6.0
RMP3,2023-04-05,6033.0,-6.06
RMP3,2023-04-05,6037.0,-6.1
RMP3,2023-04-05,6039.0,-6.16
RMP3,2023-04-05,6041.0,-6.18
RMP3,2023-04-05,6043.0,-6.23
RMP3,2023-04-05,6045.0,-6.28
RMP3,2023-04-05,6047.0,-6.33
RMP3,2023-04-05,6049.0,-6.33
RMP3,2023-04-05,6051.0,-6.37
RMP3,2023-04-05,6053.0,-6.47
RMP3,2023-04-05,6058.0,-6.48
RMP3,2023-04-05,6060.0,-6.53
RMP3,2023-04-05,6062.0,-6.54
RMP3,2023-04-05,6064.0,-6.54
RMP3,2023-04-05,6066.0,-6.56
RMP3,2023-04-05,6068.0,-6.59
RMP3,2023-04-05,6070.0,-6.7
RMP3,2023-04-05,6072.0,-6.77
RMP3,2023-04-05,6076.0,-6.83
RMP3,2023-04-05,6078.0,-6.84
RMP3,2023-04-05,6080.0,-6.81
RMP3,2023-04-05,6082.0,-6.82
RMP3,2023-04-05,6084.0,-6.86
RMP3,2023-04-05,6086.0,-6.83
RMP3,2023-04-05,6088.0,-6.79
RMP3,2023-04-05,6090.0,-6.8
RMP3,2023-04-05,6092.0,-6.83
RMP3,2023-04-05,6095.0,-6.81
RMP3,2023-04-05,6097.0,-6.82
RMP3,2023-04-05,6099.0,-6.87
RMP3,2023-04-05,6101.0,-6.89
RMP3,2023-04-05,6103.0,-6.89
RMP3,2023-04-05,6105.0,-6.89
RMP3,2023-04-05,6107.0,-6.92
RMP3,2023-04-05,6109.0,-6.88
RMP3,2023-04-05,6111.0,-6.78
RMP3,2023-04-05,6113.0,-6.8
RMP3,2023-04-05,6115.0,-6.81
RMP3,2023-04-05,6117.0,-6.77
RMP3,2023-04-05,6119.0,-6.75
RMP3,2023-04-05,6121.0,-6.78
RMP3,2023-04-05,6123.0,-6.83
RMP3,2023-04-05,6125.0,-6.7
RMP3,2023-04-05,6127.0,-6.63
RMP3,2023-04-05,6129.0,-6.65
RMP3,2023-04-05,6131.0,-6.69
RMP3,2023-04-05,6133.0,-6.69
RMP3,2023-04-05,6136.0,-6.63
RMP3,2023-04-05,6138.0,-6.52
RMP3,2023-04-05,6140.0,-6.51
RMP3,2023-04-05,6142.0,-6.42
RMP3,2023-04-05,6144.0,-6.38
RMP3,2023-04-05,6146.0,-6.34
RMP3,2023-04-05,6148.0,-6.21
RMP3,2023-04-05,6150.0,-6.23
RMP3,2023-04-05,6152.0,-6.24
RMP3,2023-04-05,6155.0,-6.2
RMP3,2023-04-05,6157.0,-6.11
RMP3,2023-04-05,6159.0,-6.03
RMP3,2023-04-05,6161.0,-5.98
RMP3,2023-04-05,6163.0,-5.9
RMP3,2023-04-05,6165.0,-5.85
RMP3,2023-04-05,6167.0,-5.75
RMP3,2023-04-05,6169.0,-5.67
RMP3,2023-04-05,6171.0,-5.62
RMP3,2023-04-05,6173.0,-5.61
RMP3,2023-04-05,6175.0,-5.51
RMP3,2023-04-05,6177.0,-5.57
RMP3,2023-04-05,6179.0,-5.52
RMP3,2023-04-05,6181.0,-5.45
RMP3,2023-04-05,6183.0,-5.39
RMP3,2023-04-05,6185.0,-5.3
RMP3,2023-04-05,6187.0,-5.27
RMP3,2023-04-05,6189.0,-5.19
RMP3,2023-04-05,6191.0,-5.11
RMP3,2023-04-05,6193.0,-5.01
RMP3,2023-04-05,6195.0,-4.94
RMP3,2023-04-05,6197.0,-4.86
RMP3,2023-04-05,6199.0,-4.81
RMP3,2023-04-05,6201.0,-4.75
RMP3,2023-04-05,6203.0,-4.7
RMP3,2023-04-05,6205.0,-4.62
RMP3,2023-04-05,6207.0,-4.54
RMP3,2023-04-05,6209.0,-4.47
RMP3,2023-04-05,6211.0,-4.43
RMP3,2023-04-05,6213.0,-4.36
RMP3,2023-04-05,6219.0,-4.17
RMP3,2023-04-05,6221.0,-4.08
RMP3,2023-04-05,6223.0,-4.02
RMP3,2023-04-05,6225.0,-3.94
RMP3,2023-04-05,6227.0,-3.89
RMP3,2023-04-05,6229.0,-3.83
RMP3,2023-04-05,6231.0,-3.78
RMP3,2023-04-05,6233.0,-3.72
RMP3,2023-04-05,6238.0,-3.58
RMP3,2023-04-05,6240.0,-3.58
RMP3,2023-04-05,6242.0,-3.49
RMP3,2023-04-05,6244.0,-3.48
RMP3,2023-04-05,6246.0,-3.45
RMP3,2023-04-05,6248.0,-3.37
RMP3,2023-04-05,6250.0,-3.31
RMP3,2023-04-05,6252.0,-3.28
RMP3,2023-04-05,6257.0,-3.18
RMP3,2023-04-05,6259.0,-3.15
RMP3,2023-04-05,6261.0,-3.13
RMP3,2023-04-05,6263.0,-3.14
RMP3,2023-04-05,6265.0,-3.14
RMP3,2023-04-05,6267.0,-3.08
RMP3,2023-04-05,6269.0,-3.08
RMP3,2023-04-05,6271.0,-3.1
RMP3,2023-04-05,6273.0,-3.08
RMP3,2023-04-05,6277.0,-3.04
RMP3,2023-04-05,6279.0,-3.03
RMP3,2023-04-05,6281.0,-3.03
RMP3,2023-04-05,6283.0,-3.02
RMP3,2023-04-05,6285.0,-3.01
RMP3,2023-04-05,6287.0,-3.01
RMP3,2023-04-05,6289.0,-3.01
RMP3,2023-04-05,6291.0,-3.0
RMP3,2023-04-05,6293.0,-3.01
RMP3,2023-04-05,6297.0,-3.01
RMP3,2023-04-05,6299.0,-3.02
RMP3,2023-04-05,6301.0,-3.01
RMP3,2023-04-05,6303.0,-3.01
RMP3,2023-04-05,6305.0,-3.01
RMP3,2023-04-05,6307.0,-3.01
RMP3,2023-04-05,6309.0,-3.01
RMP3,2023-04-05,6311.0,-3.0
RMP3,2023-04-05,6313.0,-3.0
RMP3,2023-04-05,6316.0,-3.06
RMP3,2023-04-05,6318.0,-3.1
RMP3,2023-04-05,6320.0,-3.11
RMP3,2023-04-05,6322.0,-3.13
RMP3,2023-04-05,6324.0,-3.14
RMP3,2023-04-05,6326.0,-3.17
RMP3,2023-04-05,6328.0,-3.18
RMP3,2023-04-05,6330.0,-3.17
RMP3,2023-04-05,6332.0,-3.21
RMP3,2023-04-05,6334.0,-3.23
RMP3,2023-04-05,6336.0,-3.28
RMP3,2023-04-05,6338.0,-3.3
RMP3,2023-04-05,6340.0,-3.27
RMP3,2023-04-05,6342.0,-3.33
RMP3,2023-04-05,6344.0,-3.35
RMP3,2023-04-05,6346.0,-3.33
RMP3,2023-04-05,6348.0,-3.36
RMP3,2023-04-05,6350.0,-3.36
RMP3,2023-04-05,6352.0,-3.38
RMP3,2023-04-05,6358.0,-3.45
RMP3,2023-04-05,6360.0,-3.46
RMP3,2023-04-05,6362.0,-3.49
RMP3,2023-04-05,6364.0,-3.49
RMP3,2023-04-05,6366.0,-3.51
RMP3,2023-04-05,6368.0,-3.53
RMP3,2023-04-05,6370.0,-3.56
RMP3,2023-04-05,6372.0,-3.6
RMP3,2023-04-05,6377.0,-3.63
RMP3,2023-04-05,6379.0,-3.62
RMP3,2023-04-05,6381.0,-3.65
RMP3,2023-04-05,6383.0,-3.66
RMP3,2023-04-05,6385.0,-3.64
RMP3,2023-04-05,6387.0,-3.67
RMP3,2023-04-05,6389.0,-3.68
RMP3,2023-04-05,6391.0,-3.68
RMP3,2023-04-05,6393.0,-3.67
RMP3,2023-04-05,6397.0,-3.67
RMP3,2023-04-05,6399.0,-3.71
RMP3,2023-04-05,6401.0,-3.68
RMP3,2023-04-05,6403.0,-3.67
RMP3,2023-04-05,6405.0,-3.67
RMP3,2023-04-05,6407.0,-3.67
RMP3,2023-04-05,6409.0,-3.68
RMP3,2023-04-05,6411.0,-3.71
RMP3,2023-04-05,6413.0,-3.72
RMP3,2023-04-05,6416.0,-3.76
RMP3,2023-04-05,6418.0,-3.76
RMP3,2023-04-05,6420.0,-3.72
RMP3,2023-04-05,6422.0,-3.72
RMP3,2023-04-05,6424.0,-3.69
RMP3,2023-04-05,6426.0,-3.74
RMP3,2023-04-05,6428.0,-3.73
RMP3,2023-04-05,6430.0,-3.72
RMP3,2023-04-05,6432.0,-3.73
RMP3,2023-04-05,6438.0,-3.73
RMP3,2023-04-05,6440.0,-3.75
RMP3,2023-04-05,6442.0,-3.76
RMP3,2023-04-05,6444.0,-3.75
RMP3,2023-04-05,6446.0,-3.75
RMP3,2023-04-05,6448.0,-3.74
RMP3,2023-04-05,6450.0,-3.72
RMP3,2023-04-05,6452.0,-3.72
RMP3,2023-04-05,6457.0,-3.66
RMP3,2023-04-05,6459.0,-3.69
RMP3,2023-04-05,6461.0,-3.73
RMP3,2023-04-05,6463.0,-3.75
RMP3,2023-04-05,6465.0,-3.76
RMP3,2023-04-05,6467.0,-3.82
RMP3,2023-04-05,6469.0,-3.8
RMP3,2023-04-05,6471.0,-3.78
RMP3,2023-04-05,6473.0,-3.74
RMP3,2023-04-05,6477.0,-3.67
RMP3,2023-04-05,6479.0,-3.57
RMP3,2023-04-05,6481.0,-3.65
RMP3,2023-04-05,6483.0,-3.6
RMP3,2023-04-05,6485.0,-3.59
RMP3,2023-04-05,6487.0,-3.71
RMP3,2023-04-05,6489.0,-3.6
RMP3,2023-04-05,6491.0,-3.62
RMP3,2023-04-05,6493.0,-3.59
RMP3,2023-04-05,6496.0,-3.63
RMP3,2023-04-05,6498.0,-3.48
RMP3,2023-04-05,6500.0,-3.42
RMP3,2023-04-05,6502.0,-3.39
RMP3,2023-04-05,6504.0,-3.36
RMP3,2023-04-05,6506.0,-3.35
RMP3,2023-04-05,6508.0,-3.36
RMP3,2023-04-05,6510.0,-3.32
RMP3,2023-04-05,6512.0,-3.33
RMP3,2023-04-05,6514.0,-3.4
RMP3,2023-04-05,6516.0,-3.48
RMP3,2023-04-05,6518.0,-3.45
RMP3,2023-04-05,6520.0,-3.45
RMP3,2023-04-05,6522.0,-3.51
RMP3,2023-04-05,6524.0,-3.5
RMP3,2023-04-05,6526.0,-3.41
RMP3,2023-04-05,6528.0,-3.3
RMP3,2023-04-05,6530.0,-3.19
RMP3,2023-04-05,6532.0,-3.14
RMP3,2023-04-05,6537.0,-3.26
RMP3,2023-04-05,6539.0,-3.18
RMP3,2023-04-05,6541.0,-3.15
RMP3,2023-04-05,6543.0,-3.18
RMP3,2023-04-05,6545.0,-3.2
RMP3,2023-04-05,6547.0,-3.13
RMP3,2023-04-05,6549.0,-3.13
RMP3,2023-04-05,6551.0,-3.2
RMP3,2023-04-05,6553.0,-3.13
RMP3,2023-04-05,6557.0,-2.82
RMP3,2023-04-05,6559.0,-2.73
RMP3,2023-04-05,6561.0,-2.67
RMP3,2023-04-05,6563.0,-2.59
RMP3,2023-04-05,6565.0,-2.5
RMP3,2023-04-05,6567.0,-2.42
RMP3,2023-04-05,6569.0,-2.27
RMP3,2023-04-05,6571.0,-2.13
RMP3,2023-04-05,6573.0,-1.88
RMP3,2023-04-05,6575.0,-1.06
RMP3,2023-04-05,6577.0,-0.87
RMP3,2023-04-05,6579.0,-0.73
RMP3,2023-04-05,6581.0,-0.64
RMP3,2023-04-05,6583.0,-0.47
RMP3,2023-04-05,6585.0,-0.4
RMP3,2023-04-05,6587.0,-0.32
RMP3,2023-04-05,6589.0,-0.32
RMP3,2023-04-05,6591.0,-0.22
RMP3,2023-04-05,6593.0,-0.26
RMP3,2023-04-05,6595.0,-0.3
RMP3,2023-04-05,6597.0,-0.31
RMP3,2023-04-05,6599.0,-0.29
RMP3,2023-04-05,6601.0,-0.14
RMP3,2023-04-05,6603.0,-0.04
RMP3,2023-04-05,6605.0,0.03
RMP3,2023-04-05,6607.0,0.03
RMP3,2023-04-05,6609.0,0.01
RMP3,2023-04-05,6611.0,-0.08
RMP3,2023-04-05,6613.0,-0.23
RMP3,2023-04-05,6618.0,-0.34
RMP3,2023-04-05,6620.0,-0.19
RMP3,2023-04-05,6622.0,-0.12
RMP3,2023-04-05,6624.0,-0.19
RMP3,2023-04-05,6626.0,-0.1
RMP3,2023-04-05,6628.0,-0.07
RMP3,2023-04-05,6630.0,-0.12
RMP3,2023-04-05,6632.0,-0.13
RMP3,2023-04-05,6637.0,-0.11
RMP3,2023-04-05,6639.0,-0.19
RMP3,2023-04-05,6641.0,-0.2
RMP3,2023-04-05,6643.0,-0.21
RMP3,2023-04-05,6645.0,-0.3
RMP3,2023-04-05,6647.0,-0.39
RMP3,2023-04-05,6649.0,-0.39
RMP3,2023-04-05,6651.0,-0.37
RMP3,2023-04-05,6653.0,-0.12
RMP3,2023-04-05,6655.0,-0.15
RMP3,2023-04-05,6657.0,-0.26
RMP3,2023-04-05,6659.0,-0.37
RMP3,2023-04-05,6661.0,-0.42
RMP3,2023-04-05,6663.0,-0.12
RMP3,2023-04-05,6665.0,-0.05
RMP3,2023-04-05,6667.0,-0.03
RMP3,2023-04-05,6669.0,-0.13
RMP3,2023-04-05,6671.0,-0.22
RMP3,2023-04-05,6678.0,-0.29
RMP3,2023-04-05,6680.0,-0.32
RMP3,2023-04-05,6682.0,-0.37
RMP3,2023-04-05,6684.0,-0.41
RMP3,2023-04-05,6686.0,-0.39
RMP3,2023-04-05,6688.0,-0.25
RMP3,2023-04-05,6690.0,-0.41
RMP3,2023-04-05,6692.0,-0.48
RMP3,2023-04-05,6697.0,-0.22
RMP3,2023-04-05,6699.0,-0.34
RMP3,2023-04-05,6701.0,-0.47
RMP3,2023-04-05,6703.0,-0.13
RMP3,2023-04-05,6705.0,-0.08
RMP3,2023-04-05,6707.0,-0.12
RMP3,2023-04-05,6709.0,-0.16
RMP3,2023-04-05,6711.0,-0.17
RMP3,2023-04-05,6715.0,-0.37
RMP3,2023-04-05,6717.0,-0.47
RMP3,2023-04-05,6719.0,-0.35
RMP3,2023-04-05,6721.0,-0.17
RMP3,2023-04-05,6723.0,-0.22
RMP3,2023-04-05,6725.0,-0.26
RMP3,2023-04-05,6727.0,-0.25
RMP3,2023-04-05,6729.0,-0.2
RMP3,2023-04-05,6731.0,-0.23
RMP3,2023-04-05,6733.0,-0.35
RMP3,2023-04-05,6736.0,-0.64
RMP3,2023-04-05,6738.0,-0.71
RMP3,2023-04-05,6740.0,-0.69
RMP3,2023-04-05,6742.0,-0.68
RMP3,2023-04-05,6744.0,-0.67
RMP3,2023-04-05,6746.0,-0.47
RMP3,2023-04-05,6748.0,-0.42
RMP3,2023-04-05,6750.0,-0.57
RMP3,2023-04-05,6752.0,-0.62
RMP3,2023-04-05,6756.0,-0.48
RMP3,2023-04-05,6758.0,-0.48
RMP3,2023-04-05,6760.0,-0.55
RMP3,2023-04-05,6762.0,-0.58
RMP3,2023-04-05,6764.0,-0.44
RMP3,2023-04-05,6766.0,-0.42
RMP3,2023-04-05,6768.0,-0.42
RMP3,2023-04-05,6770.0,-0.42
RMP3,2023-04-05,6772.0,-0.48
RMP3,2023-04-05,6776.0,-0.39
RMP3,2023-04-05,6778.0,-0.37
RMP3,2023-04-05,6780.0,-0.49
RMP3,2023-04-05,6782.0,-0.42
RMP3,2023-04-05,6784.0,-0.34
RMP3,2023-04-05,6786.0,-0.43
RMP3,2023-04-05,6788.0,-0.47
RMP3,2023-04-05,6790.0,-0.49
RMP3,2023-04-05,6792.0,-0.41
RMP3,2023-04-05,6796.0,-0.49
RMP3,2023-04-05,6798.0,-0.58
RMP3,2023-04-05,6800.0,-0.58
RMP3,2023-04-05,6802.0,-0.46
RMP3,2023-04-05,6804.0,-0.46
RMP3,2023-04-05,6806.0,-0.51
RMP3,2023-04-05,6808.0,-0.56
RMP3,2023-04-05,6810.0,-0.62
RMP3,2023-04-05,6812.0,-0.68
RMP3,2023-04-05,6817.0,-0.71
RMP3,2023-04-05,6819.0,-0.73
RMP3,2023-04-05,6821.0,-0.75
RMP3,2023-04-05,6823.0,-0.76
RMP3,2023-04-05,6825.0,-0.78
RMP3,2023-04-05,6827.0,-0.79
RMP3,2023-04-05,6829.0,-0.79
RMP3,2023-04-05,6831.0,-0.8
RMP3,2023-04-05,6833.0,-0.82
RMP3,2023-04-05,6838.0,-0.84
RMP3,2023-04-05,6840.0,-0.87
RMP3,2023-04-05,6842.0,-0.89
RMP3,2023-04-05,6844.0,-0.92
RMP3,2023-04-05,6846.0,-0.92
RMP3,2023-04-05,6848.0,-0.96
RMP3,2023-04-05,6850.0,-1.0
RMP3,2023-04-05,6852.0,-1.0
RMP3,2023-04-05,6858.0,-1.15
RMP3,2023-04-05,6860.0,-1.22
RMP3,2023-04-05,6862.0,-1.23
RMP3,2023-04-05,6864.0,-1.27
RMP3,2023-04-05,6866.0,-1.22
RMP3,2023-04-05,6868.0,-1.22
RMP3,2023-04-05,6870.0,-1.14
RMP3,2023-04-05,6872.0,-1.12
RMP3,2023-04-05,6878.0,-0.85
RMP3,2023-04-05,6880.0,-0.78
RMP3,2023-04-05,6882.0,-0.75
RMP3,2023-04-05,6884.0,-0.7
RMP3,2023-04-05,6886.0,-0.71
RMP3,2023-04-05,6888.0,-0.68
RMP3,2023-04-05,6890.0,-0.73
RMP3,2023-04-05,6892.0,-0.87
RMP3,2023-04-05,6898.0,-0.73
RMP3,2023-04-05,6900.0,-0.66
RMP3,2023-04-05,6902.0,-0.57
RMP3,2023-04-05,6904.0,-0.6
RMP3,2023-04-05,6906.0,-0.66
RMP3,2023-04-05,6908.0,-0.69
RMP3,2023-04-05,6910.0,-0.67
RMP3,2023-04-05,6912.0,-0.43
RMP3,2023-04-05,6918.0,-0.51
RMP3,2023-04-05,6920.0,-0.44
RMP3,2023-04-05,6922.0,-0.39
RMP3,2023-04-05,6924.0,-0.28
RMP3,2023-04-05,6926.0,-0.24
RMP3,2023-04-05,6928.0,-0.26
RMP3,2023-04-05,6930.0,-0.31
RMP3,2023-04-05,6932.0,-0.31
RMP3,2023-04-05,6937.0,-0.31
RMP3,2023-04-05,6939.0,-0.3
RMP3,2023-04-05,6941.0,-0.3
RMP3,2023-04-05,6943.0,-0.32
RMP3,2023-04-05,6945.0,-0.29
RMP3,2023-04-05,6947.0,-0.32
RMP3,2023-04-05,6949.0,-0.31
RMP3,2023-04-05,6951.0,-0.31
RMP3,2023-04-05,6953.0,-0.33
RMP3,2023-04-05,6959.0,-0.35
RMP3,2023-04-05,6961.0,-0.38
RMP3,2023-04-05,6963.0,-0.41
RMP3,2023-04-05,6965.0,-0.41
RMP3,2023-04-05,6967.0,-0.43
RMP3,2023-04-05,6969.0,-0.42
RMP3,2023-04-05,6971.0,-0.43
RMP3,2023-04-05,6973.0,-0.47
RMP3,2023-04-05,6979.0,-0.49
RMP3,2023-04-05,6981.0,-0.52
RMP3,2023-04-05,6983.0,-0.51
RMP3,2023-04-05,6985.0,-0.51
RMP3,2023-04-05,6987.0,-0.52
RMP3,2023-04-05,6989.0,-0.5
RMP3,2023-04-05,6991.0,-0.51
RMP3,2023-04-05,6993.0,-0.52
RMP3,2023-04-05,6999.0,-0.48
RMP3,2023-04-05,7001.0,-0.44
RMP3,2023-04-05,7003.0,-0.49
RMP3,2023-04-05,7005.0,-0.46
RMP3,2023-04-05,7007.0,-0.48
RMP3,2023-04-05,7009.0,-0.46
RMP3,2023-04-05,7011.0,-0.43
RMP3,2023-04-05,7013.0,-0.43
RMP3,2023-04-05,7015.0,-0.4
RMP3,2023-04-05,7017.0,-0.39
RMP3,2023-04-05,7019.0,-0.39
RMP3,2023-04-05,7021.0,-0.38
RMP3,2023-04-05,7023.0,-0.35
RMP3,2023-04-05,7025.0,-0.34
RMP3,2023-04-05,7027.0,-0.34
RMP3,2023-04-05,7029.0,-0.28
RMP3,2023-04-05,7031.0,-0.26
RMP3,2023-04-05,7033.0,-0.24
RMP3,2023-04-05,7035.0,-0.24
RMP3,2023-04-05,7037.0,-0.12
RMP3,2023-04-05,7039.0,-0.03
RMP3,2023-04-05,7041.0,-0.06
RMP3,2023-04-05,7043.0,-0.03
RMP3,2023-04-05,7045.0,-0.06
RMP3,2023-04-05,7047.0,-0.04
RMP3,2023-04-05,7049.0,-0.06
RMP3,2023-04-05,7051.0,0.01
RMP3,2023-04-05,7053.0,0.06
RMP3,2023-04-05,7055.0,0.04
RMP3,2023-04-05,7057.0,0.2
RMP3,2023-04-05,7059.0,0.19
RMP3,2023-04-05,7061.0,0.21
RMP3,2023-04-05,7063.0,0.28
RMP3,2023-04-05,7065.0,0.32
RMP3,2023-04-05,7067.0,0.33
RMP3,2023-04-05,7069.0,0.32
RMP3,2023-04-05,7071.0,0.2
RMP3,2023-04-05,7073.0,0.26
RMP3,2023-04-05,7075.0,0.41
RMP3,2023-04-05,7077.0,0.51
RMP3,2023-04-05,7079.0,0.49
RMP3,2023-04-05,7081.0,0.46
RMP3,2023-04-05,7083.0,0.42
RMP3,2023-04-05,7085.0,0.44
RMP3,2023-04-05,7087.0,0.41
RMP3,2023-04-05,7089.0,0.37
RMP3,2023-04-05,7091.0,0.37
RMP3,2023-04-05,7093.0,0.39
RMP3,2023-04-05,7095.0,0.34
RMP3,2023-04-05,7097.0,0.28
RMP3,2023-04-05,7099.0,0.23
RMP3,2023-04-05,7101.0,0.37
RMP3,2023-04-05,7103.0,0.41
RMP3,2023-04-05,7105.0,0.42
RMP3,2023-04-05,7107.0,0.38
RMP3,2023-04-05,7109.0,0.37
RMP3,2023-04-05,7111.0,0.29
RMP3,2023-04-05,7113.0,0.25
RMP3,2023-04-05,7115.0,0.37
RMP3,2023-04-05,7117.0,0.34
RMP3,2023-04-05,7119.0,0.41
RMP3,2023-04-05,7121.0,0.56
RMP3,2023-04-05,7123.0,0.56
RMP3,2023-04-05,7125.0,0.59
RMP3,2023-04-05,7127.0,0.65
RMP3,2023-04-05,7129.0,0.56
RMP3,2023-04-05,7131.0,0.5
RMP3,2023-04-05,7137.0,0.68
RMP3,2023-04-05,7139.0,0.7
RMP3,2023-04-05,7141.0,0.66
RMP3,2023-04-05,7143.0,0.61
RMP3,2023-04-05,7145.0,0.57
RMP3,2023-04-05,7147.0,0.56
RMP3,2023-04-05,7149.0,0.6
RMP3,2023-04-05,7151.0,0.75
RMP3,2023-04-05,7156.0,0.69
RMP3,2023-04-05,7158.0,0.71
RMP3,2023-04-05,7160.0,0.74
RMP3,2023-04-05,7162.0,0.76
RMP3,2023-04-05,7164.0,0.75
RMP3,2023-04-05,7166.0,0.7
RMP3,2023-04-05,7168.0,0.66
RMP3,2023-04-05,7170.0,0.64
RMP3,2023-04-05,7174.0,0.66
RMP3,2023-04-05,7176.0,0.68
RMP3,2023-04-05,7178.0,0.68
RMP3,2023-04-05,7180.0,0.65
RMP3,2023-04-05,7182.0,0.67
RMP3,2023-04-05,7184.0,0.66
RMP3,2023-04-05,7186.0,0.69
RMP3,2023-04-05,7188.0,0.65
RMP3,2023-04-05,7190.0,0.67
RMP3,2023-04-05,7192.0,0.73
RMP3,2023-04-05,7194.0,0.76
RMP3,2023-04-05,7196.0,0.74
RMP3,2023-04-05,7198.0,0.74
RMP3,2023-04-05,7200.0,0.74
RMP3,2023-04-05,7202.0,0.71
RMP3,2023-04-05,7204.0,0.73
RMP3,2023-04-05,7206.0,0.76
RMP3,2023-04-05,7208.0,0.73
RMP3,2023-04-05,7210.0,0.76
RMP3,2023-04-05,7212.0,0.73
RMP3,2023-04-05,7214.0,0.73
RMP3,2023-04-05,7216.0,0.74
RMP3,2023-04-05,7218.0,0.74
RMP3,2023-04-05,7220.0,0.75
RMP3,2023-04-05,7222.0,0.71
RMP3,2023-04-05,7224.0,0.74
RMP3,2023-04-05,7226.0,0.74
RMP3,2023-04-05,7228.0,0.76
RMP3,2023-04-05,7232.0,0.73
RMP3,2023-04-05,7234.0,0.76
RMP3,2023-04-05,7236.0,0.74
RMP3,2023-04-05,7238.0,0.7
RMP3,2023-04-05,7240.0,0.76
RMP3,2023-04-05,7242.0,0.75
RMP3,2023-04-05,7244.0,0.76
RMP3,2023-04-05,7246.0,0.73
RMP3,2023-04-05,7248.0,0.73
RMP3,2023-04-05,7252.0,0.75
RMP3,2023-04-05,7254.0,0.74
RMP3,2023-04-05,7256.0,0.74
RMP3,2023-04-05,7258.0,0.69
RMP3,2023-04-05,7260.0,0.73
RMP3,2023-04-05,7262.0,0.73
RMP3,2023-04-05,7264.0,0.7
RMP3,2023-04-05,7266.0,0.71
RMP3,2023-04-05,7268.0,0.7
RMP3,2023-04-05,7270.0,0.69
RMP3,2023-04-05,7272.0,0.64
RMP3,2023-04-05,7274.0,0.66
RMP3,2023-04-05,7276.0,0.65
RMP3,2023-04-05,7278.0,0.65
RMP3,2023-04-05,7280.0,0.61
RMP3,2023-04-05,7282.0,0.65
RMP3,2023-04-05,7284.0,0.6
RMP3,2023-04-05,7286.0,0.61
RMP3,2023-04-05,7288.0,0.61
RMP3,2023-04-05,7290.0,0.62
RMP3,2023-04-05,7292.0,0.6
RMP3,2023-04-05,7294.0,0.6
RMP3,2023-04-05,7296.0,0.58
RMP3,2023-04-05,7298.0,0.62
RMP3,2023-04-05,7300.0,0.59
RMP3,2023-04-05,7302.0,0.6
RMP3,2023-04-05,7304.0,0.59
RMP3,2023-04-05,7306.0,0.58
RMP3,2023-04-05,7308.0,0.61
RMP3,2023-04-05,7311.0,0.6
RMP3,2023-04-05,7313.0,0.59
RMP3,2023-04-05,7315.0,0.62
RMP3,2023-04-05,7317.0,0.59
RMP3,2023-04-05,7319.0,0.61
RMP3,2023-04-05,7321.0,0.59
RMP3,2023-04-05,7323.0,0.58
RMP3,2023-04-05,7325.0,0.65
RMP3,2023-04-05,7327.0,0.61
RMP3,2023-04-05,7329.0,0.61
RMP3,2023-04-05,7331.0,0.6
RMP3,2023-04-05,7333.0,0.58
RMP3,2023-04-05,7335.0,0.62
RMP3,2023-04-05,7337.0,0.59
RMP3,2023-04-05,7339.0,0.6
RMP3,2023-04-05,7341.0,0.59
RMP3,2023-04-05,7343.0,0.62
RMP3,2023-04-05,7345.0,0.62
RMP3,2023-04-05,7347.0,0.58
RMP3,2023-04-05,7350.0,0.58
RMP3,2023-04-05,7352.0,0.61
RMP3,2023-04-05,7354.0,0.57
RMP3,2023-04-05,7356.0,0.59
RMP3,2023-04-05,7358.0,0.59
RMP3,2023-04-05,7360.0,0.58
RMP3,2023-04-05,7362.0,0.65
RMP3,2023-04-05,7364.0,0.58
RMP3,2023-04-05,7366.0,0.61
RMP3,2023-04-05,7368.0,0.59
RMP3,2023-04-05,7370.0,0.59
RMP3,2023-04-05,7372.0,0.55
RMP3,2023-04-05,7374.0,0.56
RMP3,2023-04-05,7376.0,0.56
RMP3,2023-04-05,7378.0,0.5
RMP3,2023-04-05,7380.0,0.51
RMP3,2023-04-05,7382.0,0.53
RMP3,2023-04-05,7384.0,0.53
RMP3,2023-04-05,7386.0,0.48
RMP3,2023-04-05,7388.0,0.49
RMP3,2023-04-05,7391.0,0.43
RMP3,2023-04-05,7393.0,0.43
RMP3,2023-04-05,7395.0,0.38
RMP3,2023-04-05,7397.0,0.33
RMP3,2023-04-05,7399.0,0.3
RMP3,2023-04-05,7401.0,0.28
RMP3,2023-04-05,7403.0,0.26
RMP3,2023-04-05,7405.0,0.2
RMP3,2023-04-05,7407.0,0.15
RMP3,2023-04-05,7410.0,0.05
RMP3,2023-04-05,7412.0,0.03
RMP3,2023-04-05,7414.0,-0.05
RMP3,2023-04-05,7416.0,-0.12
RMP3,2023-04-05,7418.0,-0.17
RMP3,2023-04-05,7420.0,-0.25
RMP3,2023-04-05,7422.0,-0.31
RMP3,2023-04-05,7424.0,-0.41
RMP3,2023-04-05,7426.0,-0.44
RMP3,2023-04-05,7428.0,-0.53
RMP3,2023-04-05,7430.0,-0.64
RMP3,2023-04-05,7435.0,-0.86
RMP3,2023-04-05,7437.0,-0.97
RMP3,2023-04-05,7439.0,-1.04
RMP3,2023-04-05,7441.0,-1.12
RMP3,2023-04-05,7443.0,-1.21
RMP3,2023-04-05,7445.0,-1.3
RMP3,2023-04-05,7447.0,-1.36
RMP3,2023-04-05,7449.0,-1.45
RMP3,2023-04-05,7451.0,-1.54
RMP3,2023-04-05,7456.0,-1.77
RMP3,2023-04-05,7458.0,-1.85
RMP3,2023-04-05,7460.0,-1.9
RMP3,2023-04-05,7462.0,-1.99
RMP3,2023-04-05,7464.0,-2.05
RMP3,2023-04-05,7466.0,-2.14
RMP3,2023-04-05,7468.0,-2.18
RMP3,2023-04-05,7470.0,-2.26
RMP3,2023-04-05,7472.0,-2.29
RMP3,2023-04-05,7475.0,-2.37
RMP3,2023-04-05,7477.0,-2.4
RMP3,2023-04-05,7479.0,-2.48
RMP3,2023-04-05,7481.0,-2.51
RMP3,2023-04-05,7483.0,-2.62
RMP3,2023-04-05,7485.0,-2.65
RMP3,2023-04-05,7487.0,-2.69
RMP3,2023-04-05,7489.0,-2.76
RMP3,2023-04-05,7491.0,-2.81
RMP3,2023-04-05,7495.0,-2.92
RMP3,2023-04-05,7497.0,-2.97
RMP3,2023-04-05,7499.0,-3.04
RMP3,2023-04-05,7501.0,-3.1
RMP3,2023-04-05,7503.0,-3.23
RMP3,2023-04-05,7505.0,-3.3
RMP3,2023-04-05,7507.0,-3.36
RMP3,2023-04-05,7509.0,-3.39
RMP3,2023-04-05,7511.0,-3.47
RMP3,2023-04-05,7513.0,-3.54
RMP3,2023-04-05,7517.0,-3.56
RMP3,2023-04-05,7519.0,-3.6
RMP3,2023-04-05,7521.0,-3.63
RMP3,2023-04-05,7523.0,-3.67
RMP3,2023-04-05,7525.0,-3.73
RMP3,2023-04-05,7527.0,-3.76
RMP3,2023-04-05,7529.0,-3.71
RMP3,2023-04-05,7531.0,-3.68
RMP3,2023-04-05,7533.0,-3.74
RMP3,2023-04-05,7539.0,-3.98
RMP3,2023-04-05,7541.0,-4.04
RMP3,2023-04-05,7543.0,-4.1
RMP3,2023-04-05,7545.0,-4.18
RMP3,2023-04-05,7547.0,-4.26
RMP3,2023-04-05,7549.0,-4.28
RMP3,2023-04-05,7551.0,-4.34
RMP3,2023-04-05,7553.0,-4.35
RMP3,2023-04-05,7555.0,-4.36
RMP3,2023-04-05,7557.0,-4.34
RMP3,2023-04-05,7559.0,-4.37
RMP3,2023-04-05,7561.0,-4.43
RMP3,2023-04-05,7563.0,-4.48
RMP3,2023-04-05,7565.0,-4.55
RMP3,2023-04-05,7567.0,-4.61
RMP3,2023-04-05,7569.0,-4.64
RMP3,2023-04-05,7571.0,-4.99
RMP3,2023-04-05,7573.0,-5.02
RMP3,2023-04-05,7576.0,-4.91
RMP3,2023-04-05,7578.0,-4.98
RMP3,2023-04-05,7580.0,-4.95
RMP3,2023-04-05,7582.0,-4.99
RMP3,2023-04-05,7584.0,-4.99
RMP3,2023-04-05,7586.0,-5.04
RMP3,2023-04-05,7588.0,-5.07
RMP3,2023-04-05,7590.0,-5.03
RMP3,2023-04-05,7592.0,-5.11
RMP3,2023-04-05,7594.0,-5.07
RMP3,2023-04-05,7599.0,-5.13
RMP3,2023-04-05,7601.0,-5.16
RMP3,2023-04-05,7603.0,-5.21
RMP3,2023-04-05,7605.0,-5.19
RMP3,2023-04-05,7607.0,-5.25
RMP3,2023-04-05,7609.0,-5.24
RMP3,2023-04-05,7611.0,-5.27
RMP3,2023-04-05,7613.0,-5.38
RMP3,2023-04-05,7616.0,-5.46
RMP3,2023-04-05,7618.0,-5.48
RMP3,2023-04-05,7620.0,-5.54
RMP3,2023-04-05,7622.0,-5.57
RMP3,2023-04-05,7624.0,-5.6
RMP3,2023-04-05,7626.0,-5.55
RMP3,2023-04-05,7628.0,-5.37
RMP3,2023-04-05,7630.0,-5.57
RMP3,2023-04-05,7632.0,-5.6
RMP3,2023-04-05,7638.0,-5.81
RMP3,2023-04-05,7640.0,-5.74
RMP3,2023-04-05,7642.0,-5.62
RMP3,2023-04-05,7644.0,-5.43
RMP3,2023-04-05,7646.0,-5.11
RMP3,2023-04-05,7648.0,-4.81
RMP3,2023-04-05,7650.0,-4.66
RMP3,2023-04-05,7652.0,-4.57
RMP3,2023-04-05,7654.0,-4.53
RMP3,2023-04-05,7657.0,-4.57
RMP3,2023-04-05,7659.0,-4.68
RMP3,2023-04-05,7661.0,-4.83
RMP3,2023-04-05,7663.0,-4.98
RMP3,2023-04-05,7665.0,-5.08
RMP3,2023-04-05,7667.0,-5.04
RMP3,2023-04-05,7669.0,-4.94
RMP3,2023-04-05,7671.0,-5.01
RMP3,2023-04-05,7673.0,-5.44
RMP3,2023-04-05,7680.0,-5.37
RMP3,2023-04-05,7682.0,-5.47
RMP3,2023-04-05,7684.0,-5.52
RMP3,2023-04-05,7686.0,-5.46
RMP3,2023-04-05,7688.0,-5.27
RMP3,2023-04-05,7690.0,-5.03
RMP3,2023-04-05,7692.0,-4.9
RMP3,2023-04-05,7694.0,-4.53
RMP3,2023-04-05,7696.0,-4.26
RMP3,2023-04-05,7698.0,-4.17
RMP3,2023-04-05,7700.0,-4.13
RMP3,2023-04-05,7702.0,-4.23
RMP3,2023-04-05,7704.0,-4.36
RMP3,2023-04-05,7706.0,-4.45
RMP3,2023-04-05,7708.0,-4.47
RMP3,2023-04-05,7710.0,-4.47
RMP3,2023-04-05,7712.0,-4.56
RMP3,2023-04-05,7716.0,-4.83
RMP3,2023-04-05,7718.0,-4.83
RMP3,2023-04-05,7720.0,-5.01
RMP3,2023-04-05,7722.0,-5.19
RMP3,2023-04-05,7724.0,-5.2
RMP3,2023-04-05,7726.0,-5.34
RMP3,2023-04-05,7728.0,-5.53
RMP3,2023-04-05,7730.0,-5.63
RMP3,2023-04-05,7732.0,-5.66
RMP3,2023-04-05,7734.0,-5.65
RMP3,2023-04-05,7736.0,-5.35
RMP3,2023-04-05,7738.0,-5.09
RMP3,2023-04-05,7740.0,-4.82
RMP3,2023-04-05,7742.0,-5.0
RMP3,2023-04-05,7744.0,-5.24
RMP3,2023-04-05,7746.0,-5.33
RMP3,2023-04-05,7748.0,-5.04
RMP3,2023-04-05,7752.0,-5.08
RMP3,2023-04-05,7754.0,-4.97
RMP3,2023-04-05,7756.0,-4.83
RMP3,2023-04-05,7758.0,-4.8
RMP3,2023-04-05,7760.0,-4.68
RMP3,2023-04-05,7762.0,-4.67
RMP3,2023-04-05,7764.0,-4.68
RMP3,2023-04-05,7766.0,-4.62
RMP3,2023-04-05,7768.0,-4.35
RMP3,2023-04-05,7771.0,-4.41
RMP3,2023-04-05,7773.0,-4.13
RMP3,2023-04-05,7775.0,-3.81
RMP3,2023-04-05,7777.0,-3.3
RMP3,2023-04-05,7779.0,-3.01
RMP3,2023-04-05,7781.0,-2.1
RMP3,2023-04-05,7783.0,-1.61
RMP3,2023-04-05,7785.0,-1.5
RMP3,2023-04-05,7788.0,-0.61
RMP3,2023-04-05,7790.0,0.08
RMP3,2023-04-05,7795.0,0.68
RMP3,2023-04-05,7800.0,1.38
RMP3,2023-04-05,7803.0,1.65
RMP3,2023-04-05,7808.0,1.78
RMP3,2023-04-05,7812.0,2.08
RMP3,2023-04-05,7815.0,2.24
RMP3,2023-04-05,7820.0,3.24
RMP3,2023-04-05,7823.0,3.6
RMP3,2023-04-05,7850.0,3.9
RMP3,2023-04-05,7900.0,3.84
RMP3,2023-04-05,7950.0,3.9
RMP3,2023-04-05,8000.0,3.88
RMP3,2023-04-05,8050.0,3.48
RMP3,2023-04-05,8100.0,3.68
RMP3,2023-04-05,8150.0,3.6
RMP3,2023-04-05,8200.0,3.76
RMP3,2023-04-05,8250.0,3.84
RMP3,2023-04-05,8300.0,3.94
RMP3,2023-04-05,8350.0,4.26
RMP3,2023-04-05,8400.0,5.24
RMP3,2023-04-05,8450.0,5.78
RMP3,2023-04-05,8500.0,5.95
RMP3,2023-04-05,8550.0,5.46
RMP3,2023-04-05,8600.0,5.28
RMP3,2023-04-05,8650.0,5.1
RMP3,2023-04-05,8700.0,4.9
RMP3,2023-04-05,8750.0,4.94
RMP3,2023-04-05,8800.0,4.68
RMP3,2023-04-05,8850.0,4.94
RMP3,2023-04-05,8900.0,4.55
RMP3,2023-04-05,8950.0,4.26
RMP3,2023-04-05,9000.0,4.55
RMP3,2023-04-05,9050.0,4.26
RMP3,2023-04-05,9100.0,3.84
RMP3,2023-04-05,9150.0,3.96
RMP3,2023-04-05,9200.0,3.68
RMP3,2023-04-05,9250.0,3.84
RMP3,2023-04-05,9300.0,4.05
RMP3,2023-04-05,9350.0,4.05
RMP3,2023-04-05,9400.0,4.17
RMP3,2023-04-05,9450.0,3.88
RMP3,2023-04-05,9500.0,3.94
RMP3,2023-04-05,9550.0,4.1
RMP3,2023-04-05,9600.0,4.24
RMP3,2023-04-05,9650.0,4.1
RMP3,2023-04-05,9700.0,3.88
RMP3,2023-04-05,9750.0,4.16
RMP3,2023-04-05,9800.0,4.22
RMP3,2023-04-05,9850.0,4.02
RMP3,2023-04-05,9900.0,4.1
RMP3,2023-04-05,9950.0,4.19
RMP3,2023-04-05,10000.0,3.99
RMP3,2023-04-05,10050.0,4.0
RMP3,2023-04-05,10100.0,3.3
RMP3,2023-04-05,10150.0,3.0
RMP3,2023-04-05,10200.0,2.82
RMP3,2023-04-05,10230.0,2.52
RMP3,2023-04-05,10240.0,2.53
RMP3,2023-04-05,10245.0,2.25
RMP3,2023-04-05,10248.0,1.78
RMP3,2023-04-05,10252.0,1.67
RMP3,2023-04-05,10255.0,1.55
RMP3,2023-04-05,10258.0,1.47
RMP3,2023-04-05,10260.0,1.24
RMP3,2023-04-05,10262.0,0.75
RMP3,2023-04-05,10264.0,-0.07
RMP3,2023-04-05,10266.0,-1.11
RMP3,2023-04-05,10268.0,-2.01
RMP3,2023-04-05,10270.0,-3.17
RMP3,2023-04-05,10272.0,-3.26
RMP3,2023-04-05,10274.0,-3.84
RMP3,2023-04-05,10276.0,-3.9
RMP3,2023-04-05,10278.0,-3.84
RMP3,2023-04-05,10280.0,-4.15
RMP3,2023-04-05,10282.0,-4.44
RMP3,2023-04-05,10284.0,-4.48
RMP3,2023-04-05,10286.0,-4.42
RMP3,2023-04-05,10288.0,-4.43
RMP3,2023-04-05,10290.0,-4.22
RMP3,2023-04-05,10292.0,-4.25
RMP3,2023-04-05,10294.0,-4.47
RMP3,2023-04-05,10296.0,-4.72
RMP3,2023-04-05,10298.0,-4.92
RMP3,2023-04-05,10300.0,-5.37
RMP3,2023-04-05,10302.0,-5.61
RMP3,2023-04-05,10304.0,-5.91
RMP3,2023-04-05,10306.0,-6.18
RMP3,2023-04-05,10308.0,-6.25
RMP3,2023-04-05,10310.0,-6.46
RMP3,2023-04-05,10312.0,-6.77
RMP3,2023-04-05,10314.0,-6.91
RMP3,2023-04-05,10316.0,-7.32
RMP3,2023-04-05,10318.0,-7.57
RMP3,2023-04-05,10320.0,-7.32
RMP3,2023-04-05,10322.0,-7.69
RMP3,2023-04-05,10324.0,-7.07
RMP3,2023-04-05,10326.0,-7.66
RMP3,2023-04-05,10328.0,-8.62
RMP3,2023-04-05,10332.0,-8.58
RMP3,2023-04-05,10334.0,-8.57
RMP3,2023-04-05,10336.0,-8.41
RMP3,2023-04-05,10338.0,-8.24
RMP3,2023-04-05,10340.0,-8.67
RMP3,2023-04-05,10342.0,-8.24
RMP3,2023-04-05,10344.0,-8.27
RMP3,2023-04-05,10346.0,-8.48
RMP3,2023-04-05,10351.0,-8.01
RMP3,2023-04-05,10353.0,-7.88
RMP3,2023-04-05,10355.0,-7.94
RMP3,2023-04-05,10357.0,-7.77
RMP3,2023-04-05,10359.0,-7.75
RMP3,2023-04-05,10361.0,-7.78
RMP3,2023-04-05,10363.0,-7.86
RMP3,2023-04-05,10365.0,-8.12
RMP3,2023-04-05,10371.0,-7.78
RMP3,2023-04-05,10373.0,-7.96
RMP3,2023-04-05,10375.0,-8.24
RMP3,2023-04-05,10377.0,-8.64
RMP3,2023-04-05,10379.0,-8.87
RMP3,2023-04-05,10381.0,-9.08
RMP3,2023-04-05,10383.0,-9.4
RMP3,2023-04-05,10385.0,-9.88
RMP3,2023-04-05,10390.0,-10.31
RMP3,2023-04-05,10392.0,-10.42
RMP3,2023-04-05,10394.0,-10.55
RMP3,2023-04-05,10396.0,-10.5
RMP3,2023-04-05,10398.0,-10.43
RMP3,2023-04-05,10400.0,-10.31
RMP3,2023-04-05,10402.0,-10.13
RMP3,2023-04-05,10404.0,-9.97
RMP3,2023-04-05,10406.0,-9.99
RMP3,2023-04-05,10410.0,-9.52
RMP3,2023-04-05,10412.0,-9.32
RMP3,2023-04-05,10414.0,-9.22
RMP3,2023-04-05,10416.0,-8.91
RMP3,2023-04-05,10418.0,-8.49
RMP3,2023-04-05,10420.0,-8.04
RMP3,2023-04-05,10422.0,-7.42
RMP3,2023-04-05,10424.0,-6.91
RMP3,2023-04-05,10426.0,-6.7
RMP3,2023-04-05,10428.0,-6.52
RMP3,2023-04-05,10430.0,-6.5
RMP3,2023-04-05,10432.0,-6.32
RMP3,2023-04-05,10434.0,-6.34
RMP3,2023-04-05,10436.0,-6.45
RMP3,2023-04-05,10438.0,-6.32
RMP3,2023-04-05,10440.0,-6.2
RMP3,2023-04-05,10442.0,-6.27
RMP3,2023-04-05,10444.0,-6.17
RMP3,2023-04-05,10446.0,-5.77
RMP3,2023-04-05,10448.0,-4.89
RMP3,2023-04-05,10451.0,-4.0
RMP3,2023-04-05,10453.0,-4.0
RMP3,2023-04-05,10455.0,-4.02
RMP3,2023-04-05,10457.0,-4.3
RMP3,2023-04-05,10459.0,-4.26
RMP3,2023-04-05,10461.0,-4.2
RMP3,2023-04-05,10463.0,-4.43
RMP3,2023-04-05,10465.0,-4.52
RMP3,2023-04-05,10467.0,-4.61
RMP3,2023-04-05,10469.0,-4.8
RMP3,2023-04-05,10471.0,-4.76
RMP3,2023-04-05,10473.0,-4.52
RMP3,2023-04-05,10475.0,-4.33
RMP3,2023-04-05,10477.0,-4.2
RMP3,2023-04-05,10479.0,-3.99
RMP3,2023-04-05,10481.0,-3.94
RMP3,2023-04-05,10483.0,-3.79
RMP3,2023-04-05,10485.0,-4.34
RMP3,2023-04-05,10487.0,-4.51
RMP3,2023-04-05,10489.0,-4.6
RMP3,2023-04-05,10493.0,-4.48
RMP3,2023-04-05,10495.0,-4.74
RMP3,2023-04-05,10497.0,-5.2
RMP3,2023-04-05,10499.0,-5.73
RMP3,2023-04-05,10501.0,-5.81
RMP3,2023-04-05,10503.0,-5.51
RMP3,2023-04-05,10505.0,-5.61
RMP3,2023-04-05,10507.0,-5.64
RMP3,2023-04-05,10510.0,-5.47
RMP3,2023-04-05,10512.0,-5.43
RMP3,2023-04-05,10514.0,-5.21
RMP3,2023-04-05,10516.0,-5.01
RMP3,2023-04-05,10518.0,-4.93
RMP3,2023-04-05,10520.0,-4.82
RMP3,2023-04-05,10522.0,-4.63
RMP3,2023-04-05,10524.0,-4.49
RMP3,2023-04-05,10526.0,-4.39
RMP3,2023-04-05,10528.0,-4.25
RMP3,2023-04-05,10530.0,-4.02
RMP3,2023-04-05,10532.0,-3.7
RMP3,2023-04-05,10534.0,-3.38
RMP3,2023-04-05,10536.0,-3.27
RMP3,2023-04-05,10538.0,-2.94
RMP3,2023-04-05,10540.0,-2.84
RMP3,2023-04-05,10542.0,-2.52
RMP3,2023-04-05,10544.0,-2.07
RMP3,2023-04-05,10546.0,-1.59
RMP3,2023-04-05,10548.0,-1.45
RMP3,2023-04-05,10550.0,-1.14
RMP3,2023-04-05,10552.0,-0.49
RMP3,2023-04-05,10554.0,0.71
RMP3,2023-04-05,10556.0,1.04
RMP3,2023-04-05,10558.0,1.11
RMP3,2023-04-05,10560.0,1.11
RMP3,2023-04-05,10562.0,1.47
RMP3,2023-04-05,10565.0,1.85
RMP3,2023-04-05,10570.0,1.93
RMP3,2023-04-05,10575.0,1.95
RMP3,2023-04-05,10580.0,1.9
RMP3,2023-04-05,10585.0,1.85
RMP3,2023-04-05,10590.0,2.25
RMP3,2023-04-05,10593.0,3.42
RMP3,2023-04-05,10600.0,5.36
RMP3,2023-04-05,10612.0,6.28
RMP3,2023-04-05,10650.0,5.95
RMP3,2023-04-05,10700.0,5.9
RMP3,2023-04-05,10736.0,5.82
RMP3,2023-04-05,10742.0,7.0
RMP3,2023-04-05,10748.0,7.02
RMP3,2023-04-05,10752.0,5.72
RMP3,2023-04-05,10780.0,5.84
RMP3,2023-04-05,10800.0,5.8
RMP3,2023-04-05,10850.0,5.95
RMP3,2023-04-05,10864.0,5.73
RMP3,2023-04-05,10867.0,6.9
RMP3,2023-04-05,10873.0,6.9
RMP3,2023-04-05,10877.0,6.0
RMP3,2023-04-05,10881.0,7.54
RMP3,2023-04-05,10881.0,8.02
RMP3,2024-03-03,0.0,4.23
RMP3,2024-03-03,0.0,3.97
RMP3,2024-03-03,10.0,3.98
RMP3,2024-03-03,15.0,4.02
RMP3,2024-03-03,20.0,4.04
RMP3,2024-03-03,30.0,4.12
RMP3,2024-03-03,40.0,4.32
RMP3,2024-03-03,50.0,4.7
RMP3,2024-03-03,70.0,5.06
RMP3,2024-03-03,100.0,5.15
RMP3,2024-03-03,130.0,5.2
RMP3,2024-03-03,160.0,5.4
RMP3,2024-03-03,173.0,5.7
RMP3,2024-03-03,180.0,6.7
RMP3,2024-03-03,190.0,6.7
RMP3,2024-03-03,200.0,5.85
RMP3,2024-03-03,230.0,6.01
RMP3,2024-03-03,250.0,5.88
RMP3,2024-03-03,260.0,5.92
RMP3,2024-03-03,273.0,6.4
RMP3,2024-03-03,273.0,6.53
RMP3,2024-03-03,300.0,6.76
RMP3,2024-03-03,310.0,6.71
RMP3,2024-03-03,318.0,6.54
RMP3,2024-03-03,324.0,4.31
RMP3,2024-03-03,330.0,4.05
RMP3,2024-03-03,340.0,3.67
RMP3,2024-03-03,344.0,2.33
RMP3,2024-03-03,350.0,1.63
RMP3,2024-03-03,360.0,1.01
RMP3,2024-03-03,361.0,0.42
RMP3,2024-03-03,363.0,-0.19
RMP3,2024-03-03,366.0,-0.79
RMP3,2024-03-03,369.0,-1.19
RMP3,2024-03-03,372.0,-1.69
RMP3,2024-03-03,375.0,-1.99
RMP3,2024-03-03,376.0,-3.39
RMP3,2024-03-03,379.0,-3.77
RMP3,2024-03-03,382.0,-4.19
RMP3,2024-03-03,385.0,-4.24
RMP3,2024-03-03,388.0,-4.49
RMP3,2024-03-03,391.0,-4.65
RMP3,2024-03-03,394.0,-4.99
RMP3,2024-03-03,397.0,-5.12
RMP3,2024-03-03,400.0,-5.19
RMP3,2024-03-03,403.0,-5.16
RMP3,2024-03-03,406.0,-4.99
RMP3,2024-03-03,409.0,-4.65
RMP3,2024-03-03,412.0,-4.29
RMP3,2024-03-03,415.0,-3.79
RMP3,2024-03-03,418.0,-3.39
RMP3,2024-03-03,421.0,-3.28
RMP3,2024-03-03,424.0,-3.19
RMP3,2024-03-03,427.0,-2.75
RMP3,2024-03-03,430.0,-2.69
RMP3,2024-03-03,433.0,-2.42
RMP3,2024-03-03,436.0,-2.29
RMP3,2024-03-03,439.0,-2.19
RMP3,2024-03-03,442.0,-1.99
RMP3,2024-03-03,444.0,-1.87
RMP3,2024-03-03,446.0,-1.69
RMP3,2024-03-03,449.0,-1.44
RMP3,2024-03-03,452.0,-1.19
RMP3,2024-03-03,455.0,-0.89
RMP3,2024-03-03,458.0,-0.79
RMP3,2024-03-03,461.0,-0.78
RMP3,2024-03-03,464.0,-0.79
RMP3,2024-03-03,467.0,-0.85
RMP3,2024-03-03,470.0,-1.09
RMP3,2024-03-03,473.0,-1.07
RMP3,2024-03-03,476.0,-1.09
RMP3,2024-03-03,479.0,-0.87
RMP3,2024-03-03,482.0,-0.49
RMP3,2024-03-03,485.0,-0.48
RMP3,2024-03-03,488.0,-0.49
RMP3,2024-03-03,491.0,-0.19
RMP3,2024-03-03,494.0,0.01
RMP3,2024-03-03,497.0,0.21
RMP3,2024-03-03,499.0,0.21
RMP3,2024-03-03,502.0,0.31
RMP3,2024-03-03,505.0,1.01
RMP3,2024-03-03,515.0,2.6
RMP3,2024-03-03,530.0,3.8
RMP3,2024-03-03,540.0,5.2
RMP3,2024-03-03,570.0,4.44
RMP3,2024-03-03,600.0,4.2
RMP3,2024-03-03,625.0,3.88
RMP3,2024-03-03,650.0,3.7
RMP3,2024-03-03,675.0,3.68
RMP3,2024-03-03,700.0,3.66
RMP3,2024-03-03,725.0,3.47
RMP3,2024-03-03,750.0,3.28
RMP3,2024-03-03,775.0,3.3
RMP3,2024-03-03,800.0,3.33
RMP3,2024-03-03,825.0,3.18
RMP3,2024-03-03,850.0,3.06
RMP3,2024-03-03,875.0,3.19
RMP3,2024-03-03,900.0,3.16
RMP3,2024-03-03,925.0,3.26
RMP3,2024-03-03,950.0,3.35
RMP3,2024-03-03,975.0,3.3
RMP3,2024-03-03,1000.0,3.25
RMP3,2024-03-03,1025.0,3.22
RMP3,2024-03-03,1050.0,3.2
RMP3,2024-03-03,1075.0,3.32
RMP3,2024-03-03,1100.0,3.44
RMP3,2024-03-03,1125.0,3.52
RMP3,2024-03-03,1150.0,3.66
RMP3,2024-03-03,1175.0,3.72
RMP3,2024-03-03,1200.0,3.76
RMP3,2024-03-03,1225.0,3.58
RMP3,2024-03-03,1250.0,3.44
RMP3,2024-03-03,1275.0,3.32
RMP3,2024-03-03,1300.0,3.24
RMP3,2024-03-03,1325.0,3.38
RMP3,2024-03-03,1350.0,3.55
RMP3,2024-03-03,1375.0,3.52
RMP3,2024-03-03,1400.0,3.5
RMP3,2024-03-03,1425.0,3.42
RMP3,2024-03-03,1450.0,3.3
RMP3,2024-03-03,1475.0,3.18
RMP3,2024-03-03,1500.0,3.05
RMP3,2024-03-03,1525.0,2.88
RMP3,2024-03-03,1550.0,2.7
RMP3,2024-03-03,1575.0,2.68
RMP3,2024-03-03,1600.0,2.66
RMP3,2024-03-03,1640.0,2.46
RMP3,2024-03-03,1670.0,2.48
RMP3,2024-03-03,1700.0,2.84
RMP3,2024-03-03,1730.0,2.9
RMP3,2024-03-03,1770.0,2.59
RMP3,2024-03-03,1800.0,2.93
RMP3,2024-03-03,1830.0,2.73
RMP3,2024-03-03,1860.0,2.96
RMP3,2024-03-03,1900.0,3.02
RMP3,2024-03-03,1940.0,3.3
RMP3,2024-03-03,1970.0,3.2
RMP3,2024-03-03,2000.0,3.16
RMP3,2024-03-03,2030.0,2.48
RMP3,2024-03-03,2060.0,2.84
RMP3,2024-03-03,2100.0,2.48
RMP3,2024-03-03,2140.0,2.89
RMP3,2024-03-03,2170.0,2.92
RMP3,2024-03-03,2200.0,2.95
RMP3,2024-03-03,2240.0,3.01
RMP3,2024-03-03,2270.0,3.16
RMP3,2024-03-03,2300.0,3.28
RMP3,2024-03-03,2340.0,3.34
RMP3,2024-03-03,2370.0,3.44
RMP3,2024-03-03,2400.0,2.84
RMP3,2024-03-03,2440.0,2.6
RMP3,2024-03-03,2470.0,2.2
RMP3,2024-03-03,2500.0,1.84
RMP3,2024-03-03,2520.0,1.04
RMP3,2024-03-03,2520.0,0.2
RMP3,2024-03-03,2520.9,0.15
RMP3,2024-03-03,2521.8,0.08
RMP3,2024-03-03,2522.8,0.03
RMP3,2024-03-03,2523.7,0.0
RMP3,2024-03-03,2524.7,0.03
RMP3,2024-03-03,2525.6,0.12
RMP3,2024-03-03,2526.6,0.14
RMP3,2024-03-03,2527.5,0.09
RMP3,2024-03-03,2528.5,0.03
RMP3,2024-03-03,2529.4,0.02
RMP3,2024-03-03,2530.4,-0.04
RMP3,2024-03-03,2531.4,-0.04
RMP3,2024-03-03,2532.5,-0.03
RMP3,2024-03-03,2533.6,-0.04
RMP3,2024-03-03,2534.7,-0.05
RMP3,2024-03-03,2535.9,-0.07
RMP3,2024-03-03,2537.1,-0.09
RMP3,2024-03-03,2538.4,-0.13
RMP3,2024-03-03,2539.7,-0.17
RMP3,2024-03-03,2541.1,-0.21
RMP3,2024-03-03,2542.4,-0.22
RMP3,2024-03-03,2543.9,-0.23
RMP3,2024-03-03,2545.4,-0.22
RMP3,2024-03-03,2546.9,-0.23
RMP3,2024-03-03,2548.5,-0.26
RMP3,2024-03-03,2550.2,-0.33
RMP3,2024-03-03,2551.9,-0.45
RMP3,2024-03-03,2553.7,-0.54
RMP3,2024-03-03,2555.5,-0.51
RMP3,2024-03-03,2557.4,-0.36
RMP3,2024-03-03,2559.4,-0.4
RMP3,2024-03-03,2561.4,-0.43
RMP3,2024-03-03,2563.4,-0.44
RMP3,2024-03-03,2565.5,-0.5
RMP3,2024-03-03,2567.6,-0.51
RMP3,2024-03-03,2569.8,-0.61
RMP3,2024-03-03,2572.0,-0.7
RMP3,2024-03-03,2574.2,-0.77
RMP3,2024-03-03,2576.5,-0.78
RMP3,2024-03-03,2578.9,-0.8
RMP3,2024-03-03,2581.3,-0.93
RMP3,2024-03-03,2583.7,-1.03
RMP3,2024-03-03,2586.2,-1.08
RMP3,2024-03-03,2588.7,-1.21
RMP3,2024-03-03,2591.2,-1.31
RMP3,2024-03-03,2593.8,-1.32
RMP3,2024-03-03,2596.4,-1.43
RMP3,2024-03-03,2599.0,-1.44
RMP3,2024-03-03,2601.7,-1.54
RMP3,2024-03-03,2602.7,-1.51
RMP3,2024-03-03,2604.9,-1.32
RMP3,2024-03-03,2607.0,-1.36
RMP3,2024-03-03,2609.2,-1.43
RMP3,2024-03-03,2611.3,-1.52
RMP3,2024-03-03,2613.5,-1.72
RMP3,2024-03-03,2615.7,-1.83
RMP3,2024-03-03,2617.8,-1.77
RMP3,2024-03-03,2620.0,-1.77
RMP3,2024-03-03,2622.2,-1.83
RMP3,2024-03-03,2624.3,-1.93
RMP3,2024-03-03,2626.5,-1.77
RMP3,2024-03-03,2628.6,-1.92
RMP3,2024-03-03,2630.8,-1.98
RMP3,2024-03-03,2632.9,-2.01
RMP3,2024-03-03,2635.1,-1.88
RMP3,2024-03-03,2637.2,-2.05
RMP3,2024-03-03,2639.3,-2.1
RMP3,2024-03-03,2641.5,-2.12
RMP3,2024-03-03,2643.6,-2.11
RMP3,2024-03-03,2645.7,-2.05
RMP3,2024-03-03,2647.9,-2.11
RMP3,2024-03-03,2650.0,-2.26
RMP3,2024-03-03,2652.2,-2.25
RMP3,2024-03-03,2654.4,-2.25
RMP3,2024-03-03,2656.7,-2.28
RMP3,2024-03-03,2659.0,-2.28
RMP3,2024-03-03,2661.3,-2.25
RMP3,2024-03-03,2663.6,-2.26
RMP3,2024-03-03,2666.0,-2.3
RMP3,2024-03-03,2668.4,-2.28
RMP3,2024-03-03,2670.7,-2.33
RMP3,2024-03-03,2673.1,-2.33
RMP3,2024-03-03,2675.5,-2.33
RMP3,2024-03-03,2678.0,-2.37
RMP3,2024-03-03,2680.4,-2.38
RMP3,2024-03-03,2682.9,-2.35
RMP3,2024-03-03,2685.4,-2.37
RMP3,2024-03-03,2687.8,-2.35
RMP3,2024-03-03,2690.3,-2.35
RMP3,2024-03-03,2692.8,-2.38
RMP3,2024-03-03,2695.3,-2.33
RMP3,2024-03-03,2697.9,-2.35
RMP3,2024-03-03,2700.4,-2.34
RMP3,2024-03-03,2702.1,-2.41
RMP3,2024-03-03,2704.2,-2.48
RMP3,2024-03-03,2706.2,-2.55
RMP3,2024-03-03,2708.3,-2.46
RMP3,2024-03-03,2710.4,-2.46
RMP3,2024-03-03,2712.5,-2.44
RMP3,2024-03-03,2714.6,-2.51
RMP3,2024-03-03,2716.7,-2.57
RMP3,2024-03-03,2718.8,-2.39
RMP3,2024-03-03,2720.9,-2.38
RMP3,2024-03-03,2723.0,-2.46
RMP3,2024-03-03,2725.1,-2.56
RMP3,2024-03-03,2727.2,-2.62
RMP3,2024-03-03,2729.3,-2.55
RMP3,2024-03-03,2731.4,-2.47
RMP3,2024-03-03,2733.5,-2.42
RMP3,2024-03-03,2735.6,-2.46
RMP3,2024-03-03,2737.7,-2.51
RMP3,2024-03-03,2739.7,-2.55
RMP3,2024-03-03,2741.8,-2.58
RMP3,2024-03-03,2743.9,-2.4
RMP3,2024-03-03,2746.0,-2.46
RMP3,2024-03-03,2748.0,-2.59
RMP3,2024-03-03,2750.1,-2.61
RMP3,2024-03-03,2752.2,-2.51
RMP3,2024-03-03,2754.3,-2.48
RMP3,2024-03-03,2756.4,-2.53
RMP3,2024-03-03,2758.5,-2.56
RMP3,2024-03-03,2760.6,-2.59
RMP3,2024-03-03,2762.7,-2.58
RMP3,2024-03-03,2764.9,-2.68
RMP3,2024-03-03,2767.0,-2.75
RMP3,2024-03-03,2769.1,-2.67
RMP3,2024-03-03,2771.3,-2.77
RMP3,2024-03-03,2773.4,-2.76
RMP3,2024-03-03,2775.6,-2.62
RMP3,2024-03-03,2777.7,-2.52
RMP3,2024-03-03,2779.8,-2.56
RMP3,2024-03-03,2781.9,-2.64
RMP3,2024-03-03,2784.0,-2.73
RMP3,2024-03-03,2786.2,-2.79
RMP3,2024-03-03,2788.3,-2.82
RMP3,2024-03-03,2790.4,-2.77
RMP3,2024-03-03,2792.5,-2.82
RMP3,2024-03-03,2794.6,-2.71
RMP3,2024-03-03,2796.7,-2.78
RMP3,2024-03-03,2798.8,-2.82
RMP3,2024-03-03,2800.9,-2.85
RMP3,2024-03-03,2803.0,-2.89
RMP3,2024-03-03,2805.1,-2.84
RMP3,2024-03-03,2807.2,-2.58
RMP3,2024-03-03,2809.3,-2.64
RMP3,2024-03-03,2811.4,-2.82
RMP3,2024-03-03,2813.5,-2.85
RMP3,2024-03-03,2815.6,-2.88
RMP3,2024-03-03,2817.7,-2.68
RMP3,2024-03-03,2819.7,-2.57
RMP3,2024-03-03,2821.8,-2.66
RMP3,2024-03-03,2823.9,-2.69
RMP3,2024-03-03,2826.0,-2.57
RMP3,2024-03-03,2828.1,-2.62
RMP3,2024-03-03,2830.1,-2.65
RMP3,2024-03-03,2832.2,-2.71
RMP3,2024-03-03,2834.3,-2.61
RMP3,2024-03-03,2836.3,-2.38
RMP3,2024-03-03,2838.4,-2.35
RMP3,2024-03-03,2840.4,-2.38
RMP3,2024-03-03,2842.5,-2.49
RMP3,2024-03-03,2844.5,-2.55
RMP3,2024-03-03,2846.6,-2.57
RMP3,2024-03-03,2848.6,-2.4
RMP3,2024-03-03,2850.7,-2.4
RMP3,2024-03-03,2852.7,-2.4
RMP3,2024-03-03,2854.7,-2.43
RMP3,2024-03-03,2856.8,-2.5
RMP3,2024-03-03,2858.8,-2.58
RMP3,2024-03-03,2860.9,-2.43
RMP3,2024-03-03,2862.9,-2.4
RMP3,2024-03-03,2864.9,-2.47
RMP3,2024-03-03,2867.0,-2.55
RMP3,2024-03-03,2869.0,-2.3
RMP3,2024-03-03,2871.0,-2.26
RMP3,2024-03-03,2873.1,-2.25
RMP3,2024-03-03,2875.1,-2.19
RMP3,2024-03-03,2877.2,-2.17
RMP3,2024-03-03,2879.2,-2.23
RMP3,2024-03-03,2881.2,-2.34
RMP3,2024-03-03,2883.3,-2.38
RMP3,2024-03-03,2885.3,-2.38
RMP3,2024-03-03,2887.4,-2.15
RMP3,2024-03-03,2889.4,-2.02
RMP3,2024-03-03,2891.5,-2.12
RMP3,2024-03-03,2893.5,-2.04
RMP3,2024-03-03,2895.5,-2.03
RMP3,2024-03-03,2897.6,-2.08
RMP3,2024-03-03,2899.6,-2.05
RMP3,2024-03-03,2901.6,-1.96
RMP3,2024-03-03,2903.6,-1.99
RMP3,2024-03-03,2905.7,-2.05
RMP3,2024-03-03,2907.7,-2.01
RMP3,2024-03-03,2909.7,-2.01
RMP3,2024-03-03,2911.8,-2.02
RMP3,2024-03-03,2913.8,-2.07
RMP3,2024-03-03,2915.8,-2.07
RMP3,2024-03-03,2917.8,-2.06
RMP3,2024-03-03,2919.8,-2.05
RMP3,2024-03-03,2921.8,-2.02
RMP3,2024-03-03,2923.8,-1.96
RMP3,2024-03-03,2925.8,-1.87
RMP3,2024-03-03,2927.8,-1.88
RMP3,2024-03-03,2929.8,-2.02
RMP3,2024-03-03,2932.2,-1.74
RMP3,2024-03-03,2934.2,-1.8
RMP3,2024-03-03,2936.1,-1.93
RMP3,2024-03-03,2938.1,-1.93
RMP3,2024-03-03,2940.1,-1.78
RMP3,2024-03-03,2942.1,-1.65
RMP3,2024-03-03,2944.1,-1.66
RMP3,2024-03-03,2946.1,-1.78
RMP3,2024-03-03,2948.1,-1.84
RMP3,2024-03-03,2950.1,-1.77
RMP3,2024-03-03,2952.0,-1.72
RMP3,2024-03-03,2954.0,-1.81
RMP3,2024-03-03,2956.0,-1.83
RMP3,2024-03-03,2958.0,-1.86
RMP3,2024-03-03,2960.0,-1.87
RMP3,2024-03-03,2962.0,-1.71
RMP3,2024-03-03,2964.0,-1.7
RMP3,2024-03-03,2966.0,-1.78
RMP3,2024-03-03,2968.1,-1.98
RMP3,2024-03-03,2970.1,-1.97
RMP3,2024-03-03,2972.1,-1.69
RMP3,2024-03-03,2974.2,-1.69
RMP3,2024-03-03,2976.2,-1.74
RMP3,2024-03-03,2978.2,-1.84
RMP3,2024-03-03,2980.3,-1.94
RMP3,2024-03-03,2982.3,-2.01
RMP3,2024-03-03,2984.4,-2.03
RMP3,2024-03-03,2986.4,-1.85
RMP3,2024-03-03,2988.4,-1.9
RMP3,2024-03-03,2990.5,-1.92
RMP3,2024-03-03,2992.5,-1.75
RMP3,2024-03-03,2994.5,-1.72
RMP3,2024-03-03,2996.6,-1.78
RMP3,2024-03-03,2998.6,-1.87
RMP3,2024-03-03,3000.7,-1.88
RMP3,2024-03-03,3002.7,-1.72
RMP3,2024-03-03,3004.8,-1.75
RMP3,2024-03-03,3006.8,-1.88
RMP3,2024-03-03,3008.9,-1.97
RMP3,2024-03-03,3010.9,-1.96
RMP3,2024-03-03,3013.0,-1.96
RMP3,2024-03-03,3015.0,-1.9
RMP3,2024-03-03,3017.1,-1.99
RMP3,2024-03-03,3019.1,-2.05
RMP3,2024-03-03,3021.2,-2.04
RMP3,2024-03-03,3023.2,-1.69
RMP3,2024-03-03,3025.2,-1.69
RMP3,2024-03-03,3027.3,-1.78
RMP3,2024-03-03,3029.3,-1.72
RMP3,2024-03-03,3031.4,-1.66
RMP3,2024-03-03,3033.4,-1.8
RMP3,2024-03-03,3035.4,-1.71
RMP3,2024-03-03,3037.5,-1.74
RMP3,2024-03-03,3039.5,-1.78
RMP3,2024-03-03,3041.5,-1.81
RMP3,2024-03-03,3043.6,-1.87
RMP3,2024-03-03,3045.6,-1.93
RMP3,2024-03-03,3047.6,-1.92
RMP3,2024-03-03,3049.6,-1.75
RMP3,2024-03-03,3051.6,-1.7
RMP3,2024-03-03,3053.7,-1.83
RMP3,2024-03-03,3055.7,-1.88
RMP3,2024-03-03,3057.7,-1.88
RMP3,2024-03-03,3059.8,-1.92
RMP3,2024-03-03,3061.8,-1.93
RMP3,2024-03-03,3063.9,-1.81
RMP3,2024-03-03,3065.9,-1.67
RMP3,2024-03-03,3067.9,-1.69
RMP3,2024-03-03,3069.9,-1.74
RMP3,2024-03-03,3072.0,-1.74
RMP3,2024-03-03,3074.0,-1.69
RMP3,2024-03-03,3076.1,-1.85
RMP3,2024-03-03,3078.1,-1.6
RMP3,2024-03-03,3080.2,-1.69
RMP3,2024-03-03,3082.2,-1.69
RMP3,2024-03-03,3084.2,-1.81
RMP3,2024-03-03,3086.3,-1.92
RMP3,2024-03-03,3088.3,-1.96
RMP3,2024-03-03,3090.4,-2.06
RMP3,2024-03-03,3092.5,-1.79
RMP3,2024-03-03,3094.5,-1.93
RMP3,2024-03-03,3096.6,-2.02
RMP3,2024-03-03,3098.7,-2.08
RMP3,2024-03-03,3100.7,-2.07
RMP3,2024-03-03,3102.8,-1.83
RMP3,2024-03-03,3104.9,-1.79
RMP3,2024-03-03,3106.9,-1.89
RMP3,2024-03-03,3109.0,-2.01
RMP3,2024-03-03,3111.0,-2.08
RMP3,2024-03-03,3113.1,-2.15
RMP3,2024-03-03,3115.2,-2.21
RMP3,2024-03-03,3117.2,-2.17
RMP3,2024-03-03,3119.3,-2.32
RMP3,2024-03-03,3121.4,-2.32
RMP3,2024-03-03,3123.4,-2.17
RMP3,2024-03-03,3125.5,-2.02
RMP3,2024-03-03,3127.6,-2.03
RMP3,2024-03-03,3129.6,-2.1
RMP3,2024-03-03,3131.7,-2.15
RMP3,2024-03-03,3133.8,-2.1
RMP3,2024-03-03,3135.9,-2.06
RMP3,2024-03-03,3138.0,-2.14
RMP3,2024-03-03,3140.0,-2.16
RMP3,2024-03-03,3142.1,-2.1
RMP3,2024-03-03,3144.2,-2.12
RMP3,2024-03-03,3146.3,-2.11
RMP3,2024-03-03,3148.3,-2.1
RMP3,2024-03-03,3150.4,-2.23
RMP3,2024-03-03,3152.4,-2.04
RMP3,2024-03-03,3154.5,-1.99
RMP3,2024-03-03,3156.5,-2.11
RMP3,2024-03-03,3158.6,-2.23
RMP3,2024-03-03,3160.7,-2.3
RMP3,2024-03-03,3162.8,-2.3
RMP3,2024-03-03,3164.9,-2.03
RMP3,2024-03-03,3167.0,-2.12
RMP3,2024-03-03,3169.1,-2.16
RMP3,2024-03-03,3171.2,-2.22
RMP3,2024-03-03,3173.2,-2.22
RMP3,2024-03-03,3175.3,-2.3
RMP3,2024-03-03,3177.4,-2.35
RMP3,2024-03-03,3179.5,-2.4
RMP3,2024-03-03,3181.6,-2.13
RMP3,2024-03-03,3183.6,-2.1
RMP3,2024-03-03,3185.7,-2.22
RMP3,2024-03-03,3187.7,-2.34
RMP3,2024-03-03,3189.8,-2.29
RMP3,2024-03-03,3191.8,-2.34
RMP3,2024-03-03,3193.9,-2.5
RMP3,2024-03-03,3196.0,-2.47
RMP3,2024-03-03,3198.0,-2.2
RMP3,2024-03-03,3200.2,-2.24
RMP3,2024-03-03,3202.2,-2.38
RMP3,2024-03-03,3204.3,-2.47
RMP3,2024-03-03,3206.4,-2.57
RMP3,2024-03-03,3208.5,-2.57
RMP3,2024-03-03,3210.5,-2.61
RMP3,2024-03-03,3212.6,-2.47
RMP3,2024-03-03,3214.7,-2.41
RMP3,2024-03-03,3216.8,-2.51
RMP3,2024-03-03,3218.9,-2.65
RMP3,2024-03-03,3221.0,-2.79
RMP3,2024-03-03,3223.1,-2.6
RMP3,2024-03-03,3225.1,-2.57
RMP3,2024-03-03,3227.2,-2.49
RMP3,2024-03-03,3229.3,-2.53
RMP3,2024-03-03,3231.4,-2.61
RMP3,2024-03-03,3233.5,-2.69
RMP3,2024-03-03,3235.6,-2.76
RMP3,2024-03-03,3237.7,-2.83
RMP3,2024-03-03,3239.8,-2.79
RMP3,2024-03-03,3241.9,-2.83
RMP3,2024-03-03,3244.0,-2.96
RMP3,2024-03-03,3246.1,-3.06
RMP3,2024-03-03,3248.3,-3.13
RMP3,2024-03-03,3250.4,-3.19
RMP3,2024-03-03,3252.5,-3.24
RMP3,2024-03-03,3254.6,-2.96
RMP3,2024-03-03,3256.8,-2.96
RMP3,2024-03-03,3258.9,-3.21
RMP3,2024-03-03,3261.0,-3.27
RMP3,2024-03-03,3263.1,-3.23
RMP3,2024-03-03,3265.2,-3.01
RMP3,2024-03-03,3267.3,-3.12
RMP3,2024-03-03,3269.5,-3.2
RMP3,2024-03-03,3271.6,-3.24
RMP3,2024-03-03,3273.7,-3.3
RMP3,2024-03-03,3275.8,-3.3
RMP3,2024-03-03,3277.8,-3.3
RMP3,2024-03-03,3279.9,-3.1
RMP3,2024-03-03,3282.0,-3.07
RMP3,2024-03-03,3284.1,-3.21
RMP3,2024-03-03,3286.2,-3.29
RMP3,2024-03-03,3288.3,-3.31
RMP3,2024-03-03,3290.5,-3.34
RMP3,2024-03-03,3292.6,-3.19
RMP3,2024-03-03,3294.7,-3.23
RMP3,2024-03-03,3297.0,-3.43
RMP3,2024-03-03,3299.1,-3.48
RMP3,2024-03-03,3301.2,-3.48
RMP3,2024-03-03,3303.3,-3.54
RMP3,2024-03-03,3305.4,-3.56
RMP3,2024-03-03,3307.5,-3.55
RMP3,2024-03-03,3309.7,-3.18
RMP3,2024-03-03,3311.8,-3.21
RMP3,2024-03-03,3313.9,-3.2
RMP3,2024-03-03,3316.1,-3.27
RMP3,2024-03-03,3318.2,-3.54
RMP3,2024-03-03,3320.3,-3.22
RMP3,2024-03-03,3322.4,-3.2
RMP3,2024-03-03,3324.6,-3.22
RMP3,2024-03-03,3326.7,-3.32
RMP3,2024-03-03,3328.8,-3.41
RMP3,2024-03-03,3330.9,-3.34
RMP3,2024-03-03,3333.1,-3.42
RMP3,2024-03-03,3335.2,-3.55
RMP3,2024-03-03,3337.3,-3.52
RMP3,2024-03-03,3339.4,-3.21
RMP3,2024-03-03,3341.6,-3.29
RMP3,2024-03-03,3343.7,-3.31
RMP3,2024-03-03,3345.8,-3.31
RMP3,2024-03-03,3347.9,-3.42
RMP3,2024-03-03,3350.1,-3.46
RMP3,2024-03-03,3352.2,-3.38
RMP3,2024-03-03,3354.3,-3.41
RMP3,2024-03-03,3356.4,-3.43
RMP3,2024-03-03,3358.5,-3.52
RMP3,2024-03-03,3360.7,-3.6
RMP3,2024-03-03,3362.8,-3.7
RMP3,2024-03-03,3364.9,-3.74
RMP3,2024-03-03,3367.0,-3.81
RMP3,2024-03-03,3369.2,-3.85
RMP3,2024-03-03,3371.3,-3.97
RMP3,2024-03-03,3373.4,-3.76
RMP3,2024-03-03,3375.5,-3.29
RMP3,2024-03-03,3377.6,-3.34
RMP3,2024-03-03,3379.8,-3.39
RMP3,2024-03-03,3381.9,-3.49
RMP3,2024-03-03,3384.0,-3.59
RMP3,2024-03-03,3386.1,-3.77
RMP3,2024-03-03,3388.2,-4.01
RMP3,2024-03-03,3390.3,-3.63
RMP3,2024-03-03,3394.0,-3.05
RMP3,2024-03-03,3396.1,-3.13
RMP3,2024-03-03,3398.2,-3.28
RMP3,2024-03-03,3400.4,-3.36
RMP3,2024-03-03,3402.5,-3.59
RMP3,2024-03-03,3404.6,-4.06
RMP3,2024-03-03,3406.8,-4.29
RMP3,2024-03-03,3408.9,-4.15
RMP3,2024-03-03,3411.1,-4.19
RMP3,2024-03-03,3413.2,-3.82
RMP3,2024-03-03,3415.3,-3.9
RMP3,2024-03-03,3417.5,-4.24
RMP3,2024-03-03,3419.6,-4.32
RMP3,2024-03-03,3421.8,-4.4
RMP3,2024-03-03,3423.9,-4.51
RMP3,2024-03-03,3426.1,-4.33
RMP3,2024-03-03,3428.2,-4.09
RMP3,2024-03-03,3430.4,-4.09
RMP3,2024-03-03,3432.5,-4.04
RMP3,2024-03-03,3434.7,-4.03
RMP3,2024-03-03,3436.9,-4.18
RMP3,2024-03-03,3439.0,-4.1
RMP3,2024-03-03,3441.2,-4.09
RMP3,2024-03-03,3443.4,-4.23
RMP3,2024-03-03,3445.7,-4.4
RMP3,2024-03-03,3447.9,-4.36
RMP3,2024-03-03,3450.1,-4.28
RMP3,2024-03-03,3452.2,-4.14
RMP3,2024-03-03,3454.4,-4.14
RMP3,2024-03-03,3456.5,-4.18
RMP3,2024-03-03,3458.7,-4.18
RMP3,2024-03-03,3460.9,-4.19
RMP3,2024-03-03,3463.0,-4.24
RMP3,2024-03-03,3465.2,-4.25
RMP3,2024-03-03,3467.3,-4.19
RMP3,2024-03-03,3469.5,-4.16
RMP3,2024-03-03,3471.6,-4.22
RMP3,2024-03-03,3473.7,-4.24
RMP3,2024-03-03,3475.9,-4.33
RMP3,2024-03-03,3478.0,-4.54
RMP3,2024-03-03,3480.2,-4.39
RMP3,2024-03-03,3482.3,-4.28
RMP3,2024-03-03,3484.5,-4.31
RMP3,2024-03-03,3486.6,-4.34
RMP3,2024-03-03,3488.8,-4.56
RMP3,2024-03-03,3490.9,-4.68
RMP3,2024-03-03,3493.1,-4.7
RMP3,2024-03-03,3495.2,-4.49
RMP3,2024-03-03,3497.4,-4.48
RMP3,2024-03-03,3499.6,-4.34
RMP3,2024-03-03,3501.7,-4.33
RMP3,2024-03-03,3503.8,-4.43
RMP3,2024-03-03,3506.0,-4.51
RMP3,2024-03-03,3508.1,-4.38
RMP3,2024-03-03,3510.3,-4.28
RMP3,2024-03-03,3512.4,-4.38
RMP3,2024-03-03,3514.5,-4.56
RMP3,2024-03-03,3516.7,-4.5
RMP3,2024-03-03,3518.8,-4.22
RMP3,2024-03-03,3521.0,-4.22
RMP3,2024-03-03,3523.2,-4.15
RMP3,2024-03-03,3525.3,-4.13
RMP3,2024-03-03,3527.5,-4.19
RMP3,2024-03-03,3529.6,-4.27
RMP3,2024-03-03,3531.8,-4.34
RMP3,2024-03-03,3533.9,-4.09
RMP3,2024-03-03,3536.1,-4.02
RMP3,2024-03-03,3538.2,-4.06
RMP3,2024-03-03,3540.4,-4.13
RMP3,2024-03-03,3542.5,-4.19
RMP3,2024-03-03,3544.6,-4.23
RMP3,2024-03-03,3546.8,-4.33
RMP3,2024-03-03,3548.9,-4.43
RMP3,2024-03-03,3551.0,-4.39
RMP3,2024-03-03,3553.2,-4.21
RMP3,2024-03-03,3555.3,-4.16
RMP3,2024-03-03,3557.5,-4.22
RMP3,2024-03-03,3559.6,-4.3
RMP3,2024-03-03,3561.8,-4.41
RMP3,2024-03-03,3563.9,-4.47
RMP3,2024-03-03,3566.1,-4.54
RMP3,2024-03-03,3568.2,-4.5
RMP3,2024-03-03,3570.4,-4.46
RMP3,2024-03-03,3572.5,-4.34
RMP3,2024-03-03,3574.7,-4.16
RMP3,2024-03-03,3576.8,-3.84
RMP3,2024-03-03,3579.0,-3.65
RMP3,2024-03-03,3581.1,-3.63
RMP3,2024-03-03,3583.2,-3.61
RMP3,2024-03-03,3585.4,-3.61
RMP3,2024-03-03,3587.5,-3.73
RMP3,2024-03-03,3589.7,-3.74
RMP3,2024-03-03,3591.8,-3.73
RMP3,2024-03-03,3593.9,-3.58
RMP3,2024-03-03,3596.1,-3.51
RMP3,2024-03-03,3598.2,-3.67
RMP3,2024-03-03,3600.4,-4.07
RMP3,2024-03-03,3602.5,-4.67
RMP3,2024-03-03,3604.6,-5.2
RMP3,2024-03-03,3606.8,-4.91
RMP3,2024-03-03,3608.9,-4.33
RMP3,2024-03-03,3611.1,-3.87
RMP3,2024-03-03,3613.2,-3.57
RMP3,2024-03-03,3615.2,-3.21
RMP3,2024-03-03,3617.2,-3.43
RMP3,2024-03-03,3619.2,-3.61
RMP3,2024-03-03,3621.1,-3.84
RMP3,2024-03-03,3622.9,-4.07
RMP3,2024-03-03,3624.7,-4.03
RMP3,2024-03-03,3626.5,-4.04
RMP3,2024-03-03,3628.3,-4.05
RMP3,2024-03-03,3630.0,-4.11
RMP3,2024-03-03,3631.7,-4.1
RMP3,2024-03-03,3633.4,-3.93
RMP3,2024-03-03,3635.0,-3.78
RMP3,2024-03-03,3636.7,-3.67
RMP3,2024-03-03,3638.2,-3.57
RMP3,2024-03-03,3639.8,-3.91
RMP3,2024-03-03,3641.4,-4.36
RMP3,2024-03-03,3643.0,-4.59
RMP3,2024-03-03,3644.5,-4.78
RMP3,2024-03-03,3646.0,-4.61
RMP3,2024-03-03,3647.5,-4.19
RMP3,2024-03-03,3648.9,-4.34
RMP3,2024-03-03,3650.3,-4.84
RMP3,2024-03-03,3652.3,-5.24
RMP3,2024-03-03,3654.2,-5.24
RMP3,2024-03-03,3656.1,-5.14
RMP3,2024-03-03,3657.8,-5.14
RMP3,2024-03-03,3659.5,-5.42
RMP3,2024-03-03,3661.1,-5.14
RMP3,2024-03-03,3662.7,-5.06
RMP3,2024-03-03,3664.2,-5.01
RMP3,2024-03-03,3665.6,-4.91
RMP3,2024-03-03,3667.0,-4.68
RMP3,2024-03-03,3668.4,-4.28
RMP3,2024-03-03,3669.7,-4.14
RMP3,2024-03-03,3671.0,-4.13
RMP3,2024-03-03,3672.2,-4.2
RMP3,2024-03-03,3673.4,-4.3
RMP3,2024-03-03,3674.6,-4.45
RMP3,2024-03-03,3675.8,-4.48
RMP3,2024-03-03,3676.9,-4.54
RMP3,2024-03-03,3677.9,-4.52
RMP3,2024-03-03,3679.0,-4.56
RMP3,2024-03-03,3680.0,-4.63
RMP3,2024-03-03,3681.0,-4.78
RMP3,2024-03-03,3682.0,-4.97
RMP3,2024-03-03,3682.9,-5.11
RMP3,2024-03-03,3683.8,-5.18
RMP3,2024-03-03,3684.7,-5.0
RMP3,2024-03-03,3685.6,-4.61
RMP3,2024-03-03,3686.5,-4.4
RMP3,2024-03-03,3687.3,-4.29
RMP3,2024-03-03,3688.1,-4.13
RMP3,2024-03-03,3689.0,-4.11
RMP3,2024-03-03,3689.8,-4.07
RMP3,2024-03-03,3690.6,-4.14
RMP3,2024-03-03,3691.3,-4.32
RMP3,2024-03-03,3692.1,-4.46
RMP3,2024-03-03,3692.8,-4.82
RMP3,2024-03-03,3693.7,-4.87
RMP3,2024-03-03,3694.4,-4.92
RMP3,2024-03-03,3695.2,-4.97
RMP3,2024-03-03,3695.9,-5.08
RMP3,2024-03-03,3696.6,-5.16
RMP3,2024-03-03,3697.4,-5.28
RMP3,2024-03-03,3698.1,-5.36
RMP3,2024-03-03,3699.1,-5.49
RMP3,2024-03-03,3699.7,-5.37
RMP3,2024-03-03,3700.4,-5.42
RMP3,2024-03-03,3702.0,-5.85
RMP3,2024-03-03,3704.0,-6.13
RMP3,2024-03-03,3706.0,-6.28
RMP3,2024-03-03,3708.0,-5.91
RMP3,2024-03-03,3710.0,-5.69
RMP3,2024-03-03,3712.0,-5.45
RMP3,2024-03-03,3714.0,-5.42
RMP3,2024-03-03,3716.0,-5.4
RMP3,2024-03-03,3718.0,-5.0
RMP3,2024-03-03,3720.0,-4.94
RMP3,2024-03-03,3722.0,-4.83
RMP3,2024-03-03,3724.0,-4.79
RMP3,2024-03-03,3726.0,-4.72
RMP3,2024-03-03,3728.3,-5.02
RMP3,2024-03-03,3730.0,-5.12
RMP3,2024-03-03,3731.7,-5.08
RMP3,2024-03-03,3733.4,-4.54
RMP3,2024-03-03,3735.2,-4.59
RMP3,2024-03-03,3737.1,-4.7
RMP3,2024-03-03,3739.0,-4.76
RMP3,2024-03-03,3740.9,-4.59
RMP3,2024-03-03,3742.9,-4.56
RMP3,2024-03-03,3744.9,-4.66
RMP3,2024-03-03,3746.9,-4.72
RMP3,2024-03-03,3748.9,-4.79
RMP3,2024-03-03,3750.8,-4.84
RMP3,2024-03-03,3752.8,-4.9
RMP3,2024-03-03,3754.8,-4.99
RMP3,2024-03-03,3756.7,-4.99
RMP3,2024-03-03,3758.7,-5.05
RMP3,2024-03-03,3760.6,-4.97
RMP3,2024-03-03,3762.4,-4.99
RMP3,2024-03-03,3764.3,-4.66
RMP3,2024-03-03,3766.1,-4.61
RMP3,2024-03-03,3767.9,-4.77
RMP3,2024-03-03,3769.7,-4.87
RMP3,2024-03-03,3771.4,-4.94
RMP3,2024-03-03,3773.1,-4.94
RMP3,2024-03-03,3774.9,-5.0
RMP3,2024-03-03,3776.5,-5.09
RMP3,2024-03-03,3778.2,-4.75
RMP3,2024-03-03,3779.8,-4.79
RMP3,2024-03-03,3781.4,-4.88
RMP3,2024-03-03,3783.0,-5.03
RMP3,2024-03-03,3784.6,-5.08
RMP3,2024-03-03,3786.1,-5.14
RMP3,2024-03-03,3787.7,-4.93
RMP3,2024-03-03,3789.2,-5.08
RMP3,2024-03-03,3790.7,-5.15
RMP3,2024-03-03,3792.2,-4.9
RMP3,2024-03-03,3793.7,-4.83
RMP3,2024-03-03,3795.3,-4.93
RMP3,2024-03-03,3796.9,-5.1
RMP3,2024-03-03,3798.5,-5.14
RMP3,2024-03-03,3800.1,-5.2
RMP3,2024-03-03,3801.7,-5.19
RMP3,2024-03-03,3803.3,-4.88
RMP3,2024-03-03,3805.0,-4.92
RMP3,2024-03-03,3806.6,-4.93
RMP3,2024-03-03,3808.3,-4.94
RMP3,2024-03-03,3810.0,-5.01
RMP3,2024-03-03,3811.7,-5.14
RMP3,2024-03-03,3813.4,-5.38
RMP3,2024-03-03,3815.2,-5.44
RMP3,2024-03-03,3817.0,-5.04
RMP3,2024-03-03,3818.8,-5.15
RMP3,2024-03-03,3820.7,-5.18
RMP3,2024-03-03,3822.6,-5.21
RMP3,2024-03-03,3824.6,-5.04
RMP3,2024-03-03,3826.6,-5.04
RMP3,2024-03-03,3828.7,-5.22
RMP3,2024-03-03,3830.9,-4.99
RMP3,2024-03-03,3833.0,-5.1
RMP3,2024-03-03,3835.2,-4.94
RMP3,2024-03-03,3837.4,-4.93
RMP3,2024-03-03,3839.7,-5.02
RMP3,2024-03-03,3841.9,-5.11
RMP3,2024-03-03,3844.2,-5.24
RMP3,2024-03-03,3846.5,-5.28
RMP3,2024-03-03,3848.9,-5.19
RMP3,2024-03-03,3851.2,-5.08
RMP3,2024-03-03,3853.6,-5.21
RMP3,2024-03-03,3856.0,-5.36
RMP3,2024-03-03,3858.5,-5.4
RMP3,2024-03-03,3861.0,-5.44
RMP3,2024-03-03,3863.5,-5.51
RMP3,2024-03-03,3866.0,-5.56
RMP3,2024-03-03,3868.5,-5.56
RMP3,2024-03-03,3871.0,-5.65
RMP3,2024-03-03,3873.6,-5.75
RMP3,2024-03-03,3876.2,-5.86
RMP3,2024-03-03,3878.8,-5.99
RMP3,2024-03-03,3881.5,-6.08
RMP3,2024-03-03,3884.2,-5.95
RMP3,2024-03-03,3886.9,-5.74
RMP3,2024-03-03,3889.6,-5.81
RMP3,2024-03-03,3892.4,-6.2
RMP3,2024-03-03,3895.2,-6.29
RMP3,2024-03-03,3898.0,-6.31
RMP3,2024-03-03,3900.8,-6.18
RMP3,2024-03-03,3903.7,-6.39
RMP3,2024-03-03,3906.5,-6.29
RMP3,2024-03-03,3909.4,-6.07
RMP3,2024-03-03,3912.2,-6.27
RMP3,2024-03-03,3915.1,-6.52
RMP3,2024-03-03,3917.9,-6.59
RMP3,2024-03-03,3920.8,-6.68
RMP3,2024-03-03,3923.6,-6.49
RMP3,2024-03-03,3926.5,-6.59
RMP3,2024-03-03,3929.4,-6.28
RMP3,2024-03-03,3932.2,-6.36
RMP3,2024-03-03,3935.1,-6.28
RMP3,2024-03-03,3938.0,-6.32
RMP3,2024-03-03,3940.8,-6.34
RMP3,2024-03-03,3943.7,-6.64
RMP3,2024-03-03,3946.6,-6.88
RMP3,2024-03-03,3949.5,-6.71
RMP3,2024-03-03,3952.3,-6.53
RMP3,2024-03-03,3953.5,-6.48
RMP3,2024-03-03,3955.8,-6.62
RMP3,2024-03-03,3958.1,-6.59
RMP3,2024-03-03,3960.5,-6.74
RMP3,2024-03-03,3962.8,-7.12
RMP3,2024-03-03,3965.2,-6.77
RMP3,2024-03-03,3967.5,-6.67
RMP3,2024-03-03,3969.8,-6.72
RMP3,2024-03-03,3972.2,-7.07
RMP3,2024-03-03,3974.5,-7.02
RMP3,2024-03-03,3976.9,-6.72
RMP3,2024-03-03,3979.3,-6.71
RMP3,2024-03-03,3981.7,-6.93
RMP3,2024-03-03,3984.1,-6.85
RMP3,2024-03-03,3986.5,-6.83
RMP3,2024-03-03,3988.9,-6.81
RMP3,2024-03-03,3991.3,-6.89
RMP3,2024-03-03,3993.6,-6.9
RMP3,2024-03-03,3996.0,-6.92
RMP3,2024-03-03,3998.4,-6.95
RMP3,2024-03-03,4000.8,-6.8
RMP3,2024-03-03,4003.3,-7.04
RMP3,2024-03-03,4005.7,-7.01
RMP3,2024-03-03,4008.2,-7.02
RMP3,2024-03-03,4010.6,-7.0
RMP3,2024-03-03,4013.1,-6.97
RMP3,2024-03-03,4015.6,-7.08
RMP3,2024-03-03,4018.1,-7.07
RMP3,2024-03-03,4020.6,-7.09
RMP3,2024-03-03,4023.1,-7.27
RMP3,2024-03-03,4025.6,-7.27
RMP3,2024-03-03,4028.1,-7.04
RMP3,2024-03-03,4030.5,-6.94
RMP3,2024-03-03,4033.0,-6.97
RMP3,2024-03-03,4035.5,-6.94
RMP3,2024-03-03,4038.0,-7.0
RMP3,2024-03-03,4040.5,-7.1
RMP3,2024-03-03,4043.0,-7.04
RMP3,2024-03-03,4045.5,-7.07
RMP3,2024-03-03,4048.0,-6.97
RMP3,2024-03-03,4050.5,-7.01
RMP3,2024-03-03,4053.0,-7.15
RMP3,2024-03-03,4055.5,-7.09
RMP3,2024-03-03,4058.1,-6.94
RMP3,2024-03-03,4060.6,-6.94
RMP3,2024-03-03,4063.1,-6.89
RMP3,2024-03-03,4065.6,-6.89
RMP3,2024-03-03,4068.1,-6.89
RMP3,2024-03-03,4070.6,-6.93
RMP3,2024-03-03,4073.1,-6.92
RMP3,2024-03-03,4075.6,-6.94
RMP3,2024-03-03,4078.1,-7.15
RMP3,2024-03-03,4080.5,-7.19
RMP3,2024-03-03,4083.0,-7.1
RMP3,2024-03-03,4085.5,-7.06
RMP3,2024-03-03,4088.0,-7.24
RMP3,2024-03-03,4090.5,-7.34
RMP3,2024-03-03,4093.0,-7.31
RMP3,2024-03-03,4095.5,-7.15
RMP3,2024-03-03,4098.0,-7.22
RMP3,2024-03-03,4100.5,-7.31
RMP3,2024-03-03,4103.0,-7.34
RMP3,2024-03-03,4105.4,-7.36
RMP3,2024-03-03,4107.9,-7.33
RMP3,2024-03-03,4110.4,-7.42
RMP3,2024-03-03,4112.9,-7.43
RMP3,2024-03-03,4115.4,-7.4
RMP3,2024-03-03,4118.0,-7.46
RMP3,2024-03-03,4120.5,-7.46
RMP3,2024-03-03,4123.0,-7.45
RMP3,2024-03-03,4125.4,-7.48
RMP3,2024-03-03,4127.9,-7.51
RMP3,2024-03-03,4130.4,-7.49
RMP3,2024-03-03,4132.9,-7.52
RMP3,2024-03-03,4135.4,-7.55
RMP3,2024-03-03,4137.9,-7.62
RMP3,2024-03-03,4140.4,-7.63
RMP3,2024-03-03,4142.9,-7.74
RMP3,2024-03-03,4145.4,-7.74
RMP3,2024-03-03,4147.9,-7.78
RMP3,2024-03-03,4150.4,-7.78
RMP3,2024-03-03,4152.9,-7.71
RMP3,2024-03-03,4155.5,-7.73
RMP3,2024-03-03,4158.0,-7.8
RMP3,2024-03-03,4160.5,-7.82
RMP3,2024-03-03,4163.0,-7.83
RMP3,2024-03-03,4165.5,-7.83
RMP3,2024-03-03,4168.0,-7.71
RMP3,2024-03-03,4170.5,-7.71
RMP3,2024-03-03,4173.0,-7.66
RMP3,2024-03-03,4175.5,-7.82
RMP3,2024-03-03,4178.0,-7.88
RMP3,2024-03-03,4180.5,-7.76
RMP3,2024-03-03,4183.1,-7.65
RMP3,2024-03-03,4185.6,-7.64
RMP3,2024-03-03,4188.1,-7.7
RMP3,2024-03-03,4190.7,-7.84
RMP3,2024-03-03,4193.2,-7.87
RMP3,2024-03-03,4195.7,-8.0
RMP3,2024-03-03,4198.2,-7.9
RMP3,2024-03-03,4200.8,-7.85
RMP3,2024-03-03,4203.3,-7.72
RMP3,2024-03-03,4205.8,-7.82
RMP3,2024-03-03,4208.3,-8.14
RMP3,2024-03-03,4210.9,-8.05
RMP3,2024-03-03,4213.4,-8.08
RMP3,2024-03-03,4215.9,-8.06
RMP3,2024-03-03,4218.5,-7.8
RMP3,2024-03-03,4221.0,-8.05
RMP3,2024-03-03,4223.5,-8.05
RMP3,2024-03-03,4226.0,-8.16
RMP3,2024-03-03,4228.5,-8.08
RMP3,2024-03-03,4231.0,-7.94
RMP3,2024-03-03,4233.5,-8.05
RMP3,2024-03-03,4236.0,-8.09
RMP3,2024-03-03,4238.5,-8.2
RMP3,2024-03-03,4241.1,-8.15
RMP3,2024-03-03,4243.5,-8.18
RMP3,2024-03-03,4246.1,-8.28
RMP3,2024-03-03,4248.6,-8.2
RMP3,2024-03-03,4251.0,-8.3
RMP3,2024-03-03,4253.5,-8.44
RMP3,2024-03-03,4256.0,-8.05
RMP3,2024-03-03,4258.5,-7.93
RMP3,2024-03-03,4261.0,-7.9
RMP3,2024-03-03,4263.4,-7.78
RMP3,2024-03-03,4265.9,-7.82
RMP3,2024-03-03,4268.4,-7.76
RMP3,2024-03-03,4270.8,-7.74
RMP3,2024-03-03,4273.3,-7.72
RMP3,2024-03-03,4275.7,-7.69
RMP3,2024-03-03,4278.2,-7.7
RMP3,2024-03-03,4280.7,-7.65
RMP3,2024-03-03,4283.2,-7.67
RMP3,2024-03-03,4285.6,-7.61
RMP3,2024-03-03,4288.1,-7.64
RMP3,2024-03-03,4290.5,-7.6
RMP3,2024-03-03,4293.0,-7.55
RMP3,2024-03-03,4295.5,-7.61
RMP3,2024-03-03,4297.9,-7.52
RMP3,2024-03-03,4300.3,-7.51
RMP3,2024-03-03,4302.6,-7.53
RMP3,2024-03-03,4304.8,-7.42
RMP3,2024-03-03,4307.0,-7.45
RMP3,2024-03-03,4309.2,-7.4
RMP3,2024-03-03,4311.3,-7.46
RMP3,2024-03-03,4313.5,-7.48
RMP3,2024-03-03,4315.6,-7.39
RMP3,2024-03-03,4317.6,-7.44
RMP3,2024-03-03,4319.6,-7.44
RMP3,2024-03-03,4321.6,-7.4
RMP3,2024-03-03,4323.6,-7.4
RMP3,2024-03-03,4325.5,-7.39
RMP3,2024-03-03,4327.4,-7.34
RMP3,2024-03-03,4329.3,-7.4
RMP3,2024-03-03,4331.1,-7.31
RMP3,2024-03-03,4333.0,-7.31
RMP3,2024-03-03,4334.8,-7.36
RMP3,2024-03-03,4336.6,-7.31
RMP3,2024-03-03,4338.4,-7.35
RMP3,2024-03-03,4340.2,-7.29
RMP3,2024-03-03,4341.9,-7.33
RMP3,2024-03-03,4343.7,-7.31
RMP3,2024-03-03,4345.5,-7.29
RMP3,2024-03-03,4347.2,-7.29
RMP3,2024-03-03,4348.9,-7.28
RMP3,2024-03-03,4350.4,-7.28
RMP3,2024-03-03,4351.9,-7.21
RMP3,2024-03-03,4353.4,-7.17
RMP3,2024-03-03,4354.7,-7.17
RMP3,2024-03-03,4356.0,-7.13
RMP3,2024-03-03,4357.2,-7.07
RMP3,2024-03-03,4358.4,-7.06
RMP3,2024-03-03,4359.5,-7.07
RMP3,2024-03-03,4360.5,-7.03
RMP3,2024-03-03,4362.0,-7.1
RMP3,2024-03-03,4365.0,-7.19
RMP3,2024-03-03,4368.0,-7.15
RMP3,2024-03-03,4371.0,-6.94
RMP3,2024-03-03,4374.0,-6.92
RMP3,2024-03-03,4377.0,-5.24
RMP3,2024-03-03,4380.0,-4.84
RMP3,2024-03-03,4383.0,-4.34
RMP3,2024-03-03,4386.0,-4.19
RMP3,2024-03-03,4389.0,-4.61
RMP3,2024-03-03,4392.0,-4.78
RMP3,2024-03-03,4395.0,-4.59
RMP3,2024-03-03,4398.0,-4.36
RMP3,2024-03-03,4401.0,-3.91
RMP3,2024-03-03,4404.0,-3.57
RMP3,2024-03-03,4407.0,-3.24
RMP3,2024-03-03,4410.0,-3.19
RMP3,2024-03-03,4413.0,-3.13
RMP3,2024-03-03,4416.0,-3.06
RMP3,2024-03-03,4419.0,-2.96
RMP3,2024-03-03,4422.0,-2.83
RMP3,2024-03-03,4425.0,-2.79
RMP3,2024-03-03,4428.0,-2.32
RMP3,2024-03-03,4431.0,-2.32
RMP3,2024-03-03,4434.0,-2.17
RMP3,2024-03-03,4437.0,-2.21
RMP3,2024-03-03,4440.0,-2.15
RMP3,2024-03-03,4443.0,-2.08
RMP3,2024-03-03,4446.0,-2.01
RMP3,2024-03-03,4449.0,-1.89
RMP3,2024-03-03,4452.0,-1.79
RMP3,2024-03-03,4455.0,-1.83
RMP3,2024-03-03,4458.0,-1.53
RMP3,2024-03-03,4461.0,-0.97
RMP3,2024-03-03,4464.0,-0.85
RMP3,2024-03-03,4467.0,-0.52
RMP3,2024-03-03,4469.0,-0.28
RMP3,2024-03-03,4470.0,1.04
RMP3,2024-03-03,4485.0,3.65
RMP3,2024-03-03,4500.0,3.76
RMP3,2024-03-03,4540.0,3.94
RMP3,2024-03-03,4570.0,4.04
RMP3,2024-03-03,4600.0,4.14
RMP3,2024-03-03,4640.0,4.24
RMP3,2024-03-03,4670.0,3.7
RMP3,2024-03-03,4700.0,3.66
RMP3,2024-03-03,4730.0,3.2
RMP3,2024-03-03,4770.0,2.7
RMP3,2024-03-03,4800.0,2.4
RMP3,2024-03-03,4830.0,2.02
RMP3,2024-03-03,4860.0,1.88
RMP3,2024-03-03,4870.0,1.04
RMP3,2024-03-03,4873.0,0.54
RMP3,2024-03-03,4876.0,0.54
RMP3,2024-03-03,4879.0,0.49
RMP3,2024-03-03,4882.0,0.41
RMP3,2024-03-03,4885.0,0.4
RMP3,2024-03-03,4888.0,0.39
RMP3,2024-03-03,4891.0,0.38
RMP3,2024-03-03,4894.0,0.38
RMP3,2024-03-03,4897.0,0.36
RMP3,2024-03-03,4900.0,0.34
RMP3,2024-03-03,4903.0,0.32
RMP3,2024-03-03,4906.0,0.29
RMP3,2024-03-03,4909.0,0.32
RMP3,2024-03-03,4912.0,0.34
RMP3,2024-03-03,4915.0,0.38
RMP3,2024-03-03,4918.0,0.44
RMP3,2024-03-03,4921.0,0.47
RMP3,2024-03-03,4924.0,0.49
RMP3,2024-03-03,4927.0,0.52
RMP3,2024-03-03,4930.0,0.54
RMP3,2024-03-03,4933.0,0.52
RMP3,2024-03-03,4936.0,0.49
RMP3,2024-03-03,4939.0,0.47
RMP3,2024-03-03,4942.0,0.44
RMP3,2024-03-03,4945.0,0.5
RMP3,2024-03-03,4948.0,0.54
RMP3,2024-03-03,4951.0,0.55
RMP3,2024-03-03,4954.0,0.54
RMP3,2024-03-03,4957.0,0.55
RMP3,2024-03-03,4960.0,0.54
RMP3,2024-03-03,4963.0,0.48
RMP3,2024-03-03,4966.0,0.44
RMP3,2024-03-03,4969.0,0.38
RMP3,2024-03-03,4972.0,0.34
RMP3,2024-03-03,4975.0,0.29
RMP3,2024-03-03,4978.0,0.24
RMP3,2024-03-03,4981.0,0.18
RMP3,2024-03-03,4984.0,0.14
RMP3,2024-03-03,4987.0,0.15
RMP3,2024-03-03,4990.0,0.14
RMP3,2024-03-03,4993.0,0.09
RMP3,2024-03-03,4996.0,0.04
RMP3,2024-03-03,4999.0,0.05
RMP3,2024-03-03,5002.0,-0.06
RMP3,2024-03-03,5005.0,-0.12
RMP3,2024-03-03,5008.0,-0.16
RMP3,2024-03-03,5011.0,-0.22
RMP3,2024-03-03,5014.0,-0.36
RMP3,2024-03-03,5017.0,-0.42
RMP3,2024-03-03,5020.0,-0.46
RMP3,2024-03-03,5023.0,-0.52
RMP3,2024-03-03,5026.0,-0.56
RMP3,2024-03-03,5029.0,-0.55
RMP3,2024-03-03,5032.0,-0.56
RMP3,2024-03-03,5035.0,-0.49
RMP3,2024-03-03,5038.0,-0.46
RMP3,2024-03-03,5041.0,-0.4
RMP3,2024-03-03,5044.0,-0.36
RMP3,2024-03-03,5047.0,-0.44
RMP3,2024-03-03,5050.0,-0.56
RMP3,2024-03-03,5053.0,-0.62
RMP3,2024-03-03,5056.0,-0.66
RMP3,2024-03-03,5059.0,-0.72
RMP3,2024-03-03,5062.0,-0.76
RMP3,2024-03-03,5065.0,-0.75
RMP3,2024-03-03,5068.0,-0.76
RMP3,2024-03-03,5071.0,-0.72
RMP3,2024-03-03,5074.0,-0.66
RMP3,2024-03-03,5077.0,-0.58
RMP3,2024-03-03,5080.0,-0.56
RMP3,2024-03-03,5083.0,-0.52
RMP3,2024-03-03,5086.0,-0.46
RMP3,2024-03-03,5089.0,-0.42
RMP3,2024-03-03,5092.0,-0.43
RMP3,2024-03-03,5096.0,-0.46
RMP3,2024-03-03,5100.0,-0.56
RMP3,2024-03-03,5103.0,-0.64
RMP3,2024-03-03,5106.0,-0.76
RMP3,2024-03-03,5109.0,-0.75
RMP3,2024-03-03,5112.0,-0.76
RMP3,2024-03-03,5115.0,-0.82
RMP3,2024-03-03,5118.0,-0.86
RMP3,2024-03-03,5121.0,-0.92
RMP3,2024-03-03,5124.0,-0.96
RMP3,2024-03-03,5127.0,-0.94
RMP3,2024-03-03,5130.0,-0.96
RMP3,2024-03-03,5133.0,-0.97
RMP3,2024-03-03,5136.0,-0.96
RMP3,2024-03-03,5139.0,-0.83
RMP3,2024-03-03,5142.0,-0.76
RMP3,2024-03-03,5145.0,-0.72
RMP3,2024-03-03,5148.0,-0.66
RMP3,2024-03-03,5151.0,-0.62
RMP3,2024-03-03,5154.0,-0.56
RMP3,2024-03-03,5157.0,-0.61
RMP3,2024-03-03,5160.0,-0.66
RMP3,2024-03-03,5162.0,-0.59
RMP3,2024-03-03,5164.0,-0.56
RMP3,2024-03-03,5167.0,-0.55
RMP3,2024-03-03,5170.0,-0.56
RMP3,2024-03-03,5173.0,-0.52
RMP3,2024-03-03,5176.0,-0.46
RMP3,2024-03-03,5179.0,-0.42
RMP3,2024-03-03,5182.0,-0.36
RMP3,2024-03-03,5185.0,-0.26
RMP3,2024-03-03,5188.0,-0.16
RMP3,2024-03-03,5191.0,0.12
RMP3,2024-03-03,5194.0,0.04
RMP3,2024-03-03,5197.0,0.05
RMP3,2024-03-03,5200.0,0.04
RMP3,2024-03-03,5203.0,0.06
RMP3,2024-03-03,5206.0,0.04
RMP3,2024-03-03,5209.0,0.14
RMP3,2024-03-03,5212.0,0.24
RMP3,2024-03-03,5215.0,0.26
RMP3,2024-03-03,5218.0,0.24
RMP3,2024-03-03,5221.0,0.44
RMP3,2024-03-03,5224.0,0.34
RMP3,2024-03-03,5227.0,0.44
RMP3,2024-03-03,5230.0,1.04
RMP3,2024-03-03,5250.0,1.8
RMP3,2024-03-03,5270.0,2.2
RMP3,2024-03-03,5285.0,2.4
RMP3,2024-03-03,5290.0,2.7
RMP3,2024-03-03,5300.0,2.68
RMP3,2024-03-03,5310.0,2.94
RMP3,2024-03-03,5320.0,1.64
RMP3,2024-03-03,5345.0,1.62
RMP3,2024-03-03,5355.0,1.56
RMP3,2024-03-03,5360.0,1.04
RMP3,2024-03-03,5362.0,0.42
RMP3,2024-03-03,5364.0,0.12
RMP3,2024-03-03,5366.0,-0.26
RMP3,2024-03-03,5368.0,-0.44
RMP3,2024-03-03,5370.5,-0.69
RMP3,2024-03-03,5371.2,-0.71
RMP3,2024-03-03,5372.0,-0.69
RMP3,2024-03-03,5372.8,-0.69
RMP3,2024-03-03,5373.7,-0.67
RMP3,2024-03-03,5374.6,-0.52
RMP3,2024-03-03,5375.7,-0.35
RMP3,2024-03-03,5376.7,-0.31
RMP3,2024-03-03,5377.8,-0.46
RMP3,2024-03-03,5379.0,-0.5
RMP3,2024-03-03,5380.2,-0.62
RMP3,2024-03-03,5381.5,-0.69
RMP3,2024-03-03,5382.8,-0.85
RMP3,2024-03-03,5384.1,-0.96
RMP3,2024-03-03,5385.5,-1.05
RMP3,2024-03-03,5386.9,-1.13
RMP3,2024-03-03,5388.4,-1.21
RMP3,2024-03-03,5389.9,-1.38
RMP3,2024-03-03,5391.4,-1.56
RMP3,2024-03-03,5393.0,-1.67
RMP3,2024-03-03,5394.6,-1.74
RMP3,2024-03-03,5396.2,-1.78
RMP3,2024-03-03,5397.8,-1.84
RMP3,2024-03-03,5399.5,-1.94
RMP3,2024-03-03,5401.1,-1.93
RMP3,2024-03-03,5402.8,-1.92
RMP3,2024-03-03,5404.5,-1.85
RMP3,2024-03-03,5406.3,-1.78
RMP3,2024-03-03,5408.1,-1.56
RMP3,2024-03-03,5409.8,-1.47
RMP3,2024-03-03,5411.6,-1.26
RMP3,2024-03-03,5413.4,-1.16
RMP3,2024-03-03,5415.3,-1.0
RMP3,2024-03-03,5417.1,-0.99
RMP3,2024-03-03,5419.1,-0.93
RMP3,2024-03-03,5421.0,-0.89
RMP3,2024-03-03,5423.0,-0.89
RMP3,2024-03-03,5425.0,-0.76
RMP3,2024-03-03,5427.0,-0.73
RMP3,2024-03-03,5429.1,-0.59
RMP3,2024-03-03,5431.2,-0.57
RMP3,2024-03-03,5433.3,-0.41
RMP3,2024-03-03,5435.4,-0.41
RMP3,2024-03-03,5437.6,-0.27
RMP3,2024-03-03,5439.8,-0.27
RMP3,2024-03-03,5442.0,-0.22
RMP3,2024-03-03,5444.3,-0.22
RMP3,2024-03-03,5446.5,-0.16
RMP3,2024-03-03,5448.8,-0.15
RMP3,2024-03-03,5451.0,-0.08
RMP3,2024-03-03,5453.3,-0.07
RMP3,2024-03-03,5455.5,-0.03
RMP3,2024-03-03,5457.8,-0.05
RMP3,2024-03-03,5460.0,-0.03
RMP3,2024-03-03,5462.2,-0.01
RMP3,2024-03-03,5464.4,-0.03
RMP3,2024-03-03,5466.6,-0.01
RMP3,2024-03-03,5468.9,0.05
RMP3,2024-03-03,5471.1,0.04
RMP3,2024-03-03,5473.4,0.04
RMP3,2024-03-03,5475.8,0.0
RMP3,2024-03-03,5478.2,0.02
RMP3,2024-03-03,5480.6,0.01
RMP3,2024-03-03,5483.0,-0.06
RMP3,2024-03-03,5485.4,-0.07
RMP3,2024-03-03,5487.8,-0.08
RMP3,2024-03-03,5490.2,-0.07
RMP3,2024-03-03,5492.6,-0.06
RMP3,2024-03-03,5495.0,-0.21
RMP3,2024-03-03,5497.4,-0.33
RMP3,2024-03-03,5499.8,-0.1
RMP3,2024-03-03,5501.3,-0.79
RMP3,2024-03-03,5503.3,-0.17
RMP3,2024-03-03,5505.3,-0.25
RMP3,2024-03-03,5507.3,-0.33
RMP3,2024-03-03,5509.3,-0.36
RMP3,2024-03-03,5511.4,-0.37
RMP3,2024-03-03,5513.4,-0.45
RMP3,2024-03-03,5515.5,-0.43
RMP3,2024-03-03,5517.6,-0.37
RMP3,2024-03-03,5519.7,-0.37
RMP3,2024-03-03,5521.8,-0.37
RMP3,2024-03-03,5524.0,-0.45
RMP3,2024-03-03,5526.1,-0.41
RMP3,2024-03-03,5528.3,-0.52
RMP3,2024-03-03,5530.5,-0.52
RMP3,2024-03-03,5532.7,-0.43
RMP3,2024-03-03,5534.9,-0.51
RMP3,2024-03-03,5537.1,-0.49
RMP3,2024-03-03,5539.4,-0.54
RMP3,2024-03-03,5541.6,-0.61
RMP3,2024-03-03,5543.8,-0.66
RMP3,2024-03-03,5546.1,-0.67
RMP3,2024-03-03,5548.3,-0.64
RMP3,2024-03-03,5550.5,-0.84
RMP3,2024-03-03,5552.7,-0.91
RMP3,2024-03-03,5554.9,-1.02
RMP3,2024-03-03,5557.2,-1.02
RMP3,2024-03-03,5559.4,-0.99
RMP3,2024-03-03,5561.6,-1.03
RMP3,2024-03-03,5563.9,-1.25
RMP3,2024-03-03,5566.1,-1.3
RMP3,2024-03-03,5568.4,-1.39
RMP3,2024-03-03,5570.6,-1.52
RMP3,2024-03-03,5572.9,-1.63
RMP3,2024-03-03,5575.1,-1.69
RMP3,2024-03-03,5577.4,-1.69
RMP3,2024-03-03,5579.7,-1.83
RMP3,2024-03-03,5582.0,-2.03
RMP3,2024-03-03,5584.3,-2.04
RMP3,2024-03-03,5586.6,-2.07
RMP3,2024-03-03,5588.8,-2.2
RMP3,2024-03-03,5591.1,-2.17
RMP3,2024-03-03,5593.4,-2.3
RMP3,2024-03-03,5595.6,-2.4
RMP3,2024-03-03,5597.9,-2.56
RMP3,2024-03-03,5600.2,-2.61
RMP3,2024-03-03,5602.4,-2.65
RMP3,2024-03-03,5604.7,-2.71
RMP3,2024-03-03,5606.9,-2.78
RMP3,2024-03-03,5609.2,-2.91
RMP3,2024-03-03,5611.4,-2.96
RMP3,2024-03-03,5613.7,-3.03
RMP3,2024-03-03,5616.0,-3.12
RMP3,2024-03-03,5618.2,-3.18
RMP3,2024-03-03,5620.5,-3.28
RMP3,2024-03-03,5622.7,-3.3
RMP3,2024-03-03,5625.0,-3.38
RMP3,2024-03-03,5627.2,-3.41
RMP3,2024-03-03,5629.5,-3.48
RMP3,2024-03-03,5631.8,-3.52
RMP3,2024-03-03,5634.0,-3.57
RMP3,2024-03-03,5636.3,-3.63
RMP3,2024-03-03,5638.5,-3.66
RMP3,2024-03-03,5640.8,-3.76
RMP3,2024-03-03,5643.0,-3.76
RMP3,2024-03-03,5645.2,-3.82
RMP3,2024-03-03,5647.5,-3.88
RMP3,2024-03-03,5649.7,-3.84
RMP3,2024-03-03,5652.0,-4.01
RMP3,2024-03-03,5654.2,-3.91
RMP3,2024-03-03,5656.5,-4.04
RMP3,2024-03-03,5658.7,-4.04
RMP3,2024-03-03,5661.0,-4.1
RMP3,2024-03-03,5663.3,-4.14
RMP3,2024-03-03,5665.5,-4.2
RMP3,2024-03-03,5667.8,-4.2
RMP3,2024-03-03,5670.0,-4.28
RMP3,2024-03-03,5672.3,-4.27
RMP3,2024-03-03,5674.6,-4.28
RMP3,2024-03-03,5676.8,-4.36
RMP3,2024-03-03,5679.1,-4.3
RMP3,2024-03-03,5681.3,-4.41
RMP3,2024-03-03,5683.6,-4.39
RMP3,2024-03-03,5685.9,-4.4
RMP3,2024-03-03,5688.1,-4.46
RMP3,2024-03-03,5690.4,-4.41
RMP3,2024-03-03,5692.6,-4.47
RMP3,2024-03-03,5694.9,-4.42
RMP3,2024-03-03,5697.2,-4.45
RMP3,2024-03-03,5699.4,-4.49
RMP3,2024-03-03,5701.7,-4.46
RMP3,2024-03-03,5704.0,-4.49
RMP3,2024-03-03,5706.3,-4.5
RMP3,2024-03-03,5708.6,-4.5
RMP3,2024-03-03,5710.9,-4.49
RMP3,2024-03-03,5713.2,-4.55
RMP3,2024-03-03,5715.5,-4.49
RMP3,2024-03-03,5717.8,-4.51
RMP3,2024-03-03,5720.1,-4.54
RMP3,2024-03-03,5722.4,-4.5
RMP3,2024-03-03,5724.7,-4.51
RMP3,2024-03-03,5726.9,-4.57
RMP3,2024-03-03,5729.2,-4.51
RMP3,2024-03-03,5731.5,-4.55
RMP3,2024-03-03,5733.8,-4.52
RMP3,2024-03-03,5736.1,-4.57
RMP3,2024-03-03,5738.4,-4.58
RMP3,2024-03-03,5740.7,-4.54
RMP3,2024-03-03,5743.0,-4.58
RMP3,2024-03-03,5745.3,-4.52
RMP3,2024-03-03,5747.6,-4.57
RMP3,2024-03-03,5749.9,-4.55
RMP3,2024-03-03,5752.2,-4.58
RMP3,2024-03-03,5754.5,-4.58
RMP3,2024-03-03,5756.8,-4.56
RMP3,2024-03-03,5759.1,-4.56
RMP3,2024-03-03,5761.4,-4.54
RMP3,2024-03-03,5763.7,-4.52
RMP3,2024-03-03,5766.0,-4.5
RMP3,2024-03-03,5768.3,-4.56
RMP3,2024-03-03,5770.6,-4.54
RMP3,2024-03-03,5772.8,-4.54
RMP3,2024-03-03,5775.1,-4.59
RMP3,2024-03-03,5777.3,-4.57
RMP3,2024-03-03,5779.5,-4.64
RMP3,2024-03-03,5781.7,-4.68
RMP3,2024-03-03,5783.9,-4.74
RMP3,2024-03-03,5786.2,-4.83
RMP3,2024-03-03,5788.4,-4.83
RMP3,2024-03-03,5790.7,-4.81
RMP3,2024-03-03,5792.9,-4.83
RMP3,2024-03-03,5795.2,-4.78
RMP3,2024-03-03,5797.5,-4.83
RMP3,2024-03-03,5799.8,-4.9
RMP3,2024-03-03,5802.0,-4.96
RMP3,2024-03-03,5804.3,-5.06
RMP3,2024-03-03,5806.6,-5.13
RMP3,2024-03-03,5808.8,-5.23
RMP3,2024-03-03,5811.1,-5.22
RMP3,2024-03-03,5813.3,-5.2
RMP3,2024-03-03,5815.6,-5.11
RMP3,2024-03-03,5817.9,-5.05
RMP3,2024-03-03,5820.1,-5.04
RMP3,2024-03-03,5822.4,-4.95
RMP3,2024-03-03,5824.7,-4.88
RMP3,2024-03-03,5827.0,-4.97
RMP3,2024-03-03,5829.2,-5.1
RMP3,2024-03-03,5831.5,-5.15
RMP3,2024-03-03,5833.8,-5.23
RMP3,2024-03-03,5836.1,-5.23
RMP3,2024-03-03,5838.3,-5.29
RMP3,2024-03-03,5840.6,-5.31
RMP3,2024-03-03,5842.9,-5.4
RMP3,2024-03-03,5845.1,-5.35
RMP3,2024-03-03,5847.4,-5.19
RMP3,2024-03-03,5849.7,-5.03
RMP3,2024-03-03,5852.0,-4.97
RMP3,2024-03-03,5854.3,-4.95
RMP3,2024-03-03,5856.6,-4.93
RMP3,2024-03-03,5858.9,-4.88
RMP3,2024-03-03,5861.1,-4.85
RMP3,2024-03-03,5863.4,-4.77
RMP3,2024-03-03,5865.7,-4.74
RMP3,2024-03-03,5868.0,-4.72
RMP3,2024-03-03,5870.3,-4.69
RMP3,2024-03-03,5872.5,-4.65
RMP3,2024-03-03,5874.8,-4.68
RMP3,2024-03-03,5877.1,-4.61
RMP3,2024-03-03,5879.4,-4.66
RMP3,2024-03-03,5881.7,-4.65
RMP3,2024-03-03,5884.0,-4.65
RMP3,2024-03-03,5886.2,-4.63
RMP3,2024-03-03,5888.5,-4.64
RMP3,2024-03-03,5890.7,-4.66
RMP3,2024-03-03,5893.0,-4.63
RMP3,2024-03-03,5895.2,-4.67
RMP3,2024-03-03,5897.5,-4.67
RMP3,2024-03-03,5899.7,-4.66
RMP3,2024-03-03,5902.0,-4.69
RMP3,2024-03-03,5904.2,-4.61
RMP3,2024-03-03,5906.5,-4.68
RMP3,2024-03-03,5908.7,-4.65
RMP3,2024-03-03,5911.0,-4.65
RMP3,2024-03-03,5913.2,-4.65
RMP3,2024-03-03,5915.5,-4.65
RMP3,2024-03-03,5917.8,-4.63
RMP3,2024-03-03,5920.0,-4.6
RMP3,2024-03-03,5922.3,-4.58
RMP3,2024-03-03,5924.5,-4.58
RMP3,2024-03-03,5926.8,-4.54
RMP3,2024-03-03,5929.1,-4.49
RMP3,2024-03-03,5931.4,-4.47
RMP3,2024-03-03,5933.6,-4.49
RMP3,2024-03-03,5935.9,-4.42
RMP3,2024-03-03,5938.2,-4.42
RMP3,2024-03-03,5940.4,-4.41
RMP3,2024-03-03,5942.7,-4.38
RMP3,2024-03-03,5945.0,-4.37
RMP3,2024-03-03,5948.4,-4.32
RMP3,2024-03-03,5950.7,-4.28
RMP3,2024-03-03,5952.9,-4.3
RMP3,2024-03-03,5955.2,-4.27
RMP3,2024-03-03,5957.4,-4.29
RMP3,2024-03-03,5959.7,-4.25
RMP3,2024-03-03,5962.0,-4.24
RMP3,2024-03-03,5964.2,-4.29
RMP3,2024-03-03,5966.5,-4.2
RMP3,2024-03-03,5968.8,-4.22
RMP3,2024-03-03,5971.0,-4.21
RMP3,2024-03-03,5973.3,-4.15
RMP3,2024-03-03,5975.6,-4.11
RMP3,2024-03-03,5977.9,-4.13
RMP3,2024-03-03,5980.1,-4.09
RMP3,2024-03-03,5982.4,-4.01
RMP3,2024-03-03,5984.7,-4.03
RMP3,2024-03-03,5987.0,-3.9
RMP3,2024-03-03,5989.3,-3.95
RMP3,2024-03-03,5991.6,-3.83
RMP3,2024-03-03,5993.8,-3.81
RMP3,2024-03-03,5996.1,-3.83
RMP3,2024-03-03,5998.4,-3.83
RMP3,2024-03-03,6000.6,-3.84
RMP3,2024-03-03,6002.9,-3.88
RMP3,2024-03-03,6005.1,-3.93
RMP3,2024-03-03,6007.4,-3.87
RMP3,2024-03-03,6009.6,-3.94
RMP3,2024-03-03,6011.8,-3.93
RMP3,2024-03-03,6014.1,-3.95
RMP3,2024-03-03,6016.3,-4.05
RMP3,2024-03-03,6018.6,-4.1
RMP3,2024-03-03,6020.8,-4.23
RMP3,2024-03-03,6023.0,-4.31
RMP3,2024-03-03,6025.3,-4.39
RMP3,2024-03-03,6027.5,-4.48
RMP3,2024-03-03,6029.7,-4.56
RMP3,2024-03-03,6032.0,-4.66
RMP3,2024-03-03,6034.2,-4.77
RMP3,2024-03-03,6036.4,-4.97
RMP3,2024-03-03,6038.6,-5.14
RMP3,2024-03-03,6040.9,-5.31
RMP3,2024-03-03,6043.1,-5.49
RMP3,2024-03-03,6045.3,-5.66
RMP3,2024-03-03,6047.6,-5.87
RMP3,2024-03-03,6049.8,-5.99
RMP3,2024-03-03,6052.0,-5.59
RMP3,2024-03-03,6054.2,-5.37
RMP3,2024-03-03,6056.4,-5.22
RMP3,2024-03-03,6058.6,-5.23
RMP3,2024-03-03,6060.8,-5.23
RMP3,2024-03-03,6063.0,-5.27
RMP3,2024-03-03,6065.2,-5.35
RMP3,2024-03-03,6067.4,-5.38
RMP3,2024-03-03,6069.6,-5.46
RMP3,2024-03-03,6071.8,-5.55
RMP3,2024-03-03,6074.0,-5.67
RMP3,2024-03-03,6076.2,-5.87
RMP3,2024-03-03,6078.4,-5.6
RMP3,2024-03-03,6080.6,-5.45
RMP3,2024-03-03,6082.8,-5.51
RMP3,2024-03-03,6084.9,-5.6
RMP3,2024-03-03,6087.1,-5.73
RMP3,2024-03-03,6089.3,-5.75
RMP3,2024-03-03,6091.5,-5.72
RMP3,2024-03-03,6093.7,-5.5
RMP3,2024-03-03,6095.8,-5.47
RMP3,2024-03-03,6098.0,-5.38
RMP3,2024-03-03,6100.2,-5.37
RMP3,2024-03-03,6102.4,-5.32
RMP3,2024-03-03,6104.6,-5.28
RMP3,2024-03-03,6106.8,-5.29
RMP3,2024-03-03,6109.1,-5.21
RMP3,2024-03-03,6111.3,-5.18
RMP3,2024-03-03,6113.5,-5.11
RMP3,2024-03-03,6115.7,-5.05
RMP3,2024-03-03,6117.9,-4.97
RMP3,2024-03-03,6120.0,-4.91
RMP3,2024-03-03,6122.2,-4.76
RMP3,2024-03-03,6124.4,-4.61
RMP3,2024-03-03,6126.5,-4.56
RMP3,2024-03-03,6128.7,-4.45
RMP3,2024-03-03,6130.9,-4.52
RMP3,2024-03-03,6133.1,-4.52
RMP3,2024-03-03,6135.3,-4.59
RMP3,2024-03-03,6137.4,-4.69
RMP3,2024-03-03,6139.6,-4.68
RMP3,2024-03-03,6141.7,-4.78
RMP3,2024-03-03,6143.9,-4.82
RMP3,2024-03-03,6146.0,-4.84
RMP3,2024-03-03,6148.2,-4.87
RMP3,2024-03-03,6150.4,-4.88
RMP3,2024-03-03,6152.5,-4.85
RMP3,2024-03-03,6154.7,-4.91
RMP3,2024-03-03,6156.8,-4.84
RMP3,2024-03-03,6159.0,-4.87
RMP3,2024-03-03,6161.1,-4.82
RMP3,2024-03-03,6163.3,-4.81
RMP3,2024-03-03,6165.4,-4.77
RMP3,2024-03-03,6167.6,-4.81
RMP3,2024-03-03,6169.7,-4.9
RMP3,2024-03-03,6171.9,-5.02
RMP3,2024-03-03,6174.0,-5.03
RMP3,2024-03-03,6176.2,-5.12
RMP3,2024-03-03,6178.5,-5.19
RMP3,2024-03-03,6180.7,-5.1
RMP3,2024-03-03,6182.8,-5.11
RMP3,2024-03-03,6185.0,-5.05
RMP3,2024-03-03,6187.1,-5.05
RMP3,2024-03-03,6189.2,-5.09
RMP3,2024-03-03,6191.4,-5.03
RMP3,2024-03-03,6193.5,-5.11
RMP3,2024-03-03,6195.7,-5.04
RMP3,2024-03-03,6197.9,-5.05
RMP3,2024-03-03,6200.0,-4.96
RMP3,2024-03-03,6202.1,-4.92
RMP3,2024-03-03,6204.3,-4.87
RMP3,2024-03-03,6206.4,-4.87
RMP3,2024-03-03,6208.6,-5.0
RMP3,2024-03-03,6210.7,-5.2
RMP3,2024-03-03,6212.8,-5.41
RMP3,2024-03-03,6215.0,-5.63
RMP3,2024-03-03,6217.2,-5.87
RMP3,2024-03-03,6219.3,-6.08
RMP3,2024-03-03,6221.4,-6.23
RMP3,2024-03-03,6223.6,-6.26
RMP3,2024-03-03,6225.7,-6.27
RMP3,2024-03-03,6227.8,-6.19
RMP3,2024-03-03,6229.9,-6.01
RMP3,2024-03-03,6232.1,-5.69
RMP3,2024-03-03,6234.2,-5.69
RMP3,2024-03-03,6236.3,-5.83
RMP3,2024-03-03,6238.5,-5.95
RMP3,2024-03-03,6240.6,-6.19
RMP3,2024-03-03,6242.8,-6.44
RMP3,2024-03-03,6244.9,-6.67
RMP3,2024-03-03,6247.0,-6.91
RMP3,2024-03-03,6249.1,-7.02
RMP3,2024-03-03,6251.3,-7.06
RMP3,2024-03-03,6253.4,-7.06
RMP3,2024-03-03,6255.5,-6.8
RMP3,2024-03-03,6257.7,-6.66
RMP3,2024-03-03,6259.8,-6.57
RMP3,2024-03-03,6262.0,-6.59
RMP3,2024-03-03,6264.2,-6.63
RMP3,2024-03-03,6266.3,-6.17
RMP3,2024-03-03,6268.5,-5.83
RMP3,2024-03-03,6270.6,-5.76
RMP3,2024-03-03,6272.7,-5.86
RMP3,2024-03-03,6274.9,-5.96
RMP3,2024-03-03,6277.0,-6.02
RMP3,2024-03-03,6279.2,-6.08
RMP3,2024-03-03,6281.3,-6.0
RMP3,2024-03-03,6283.5,-5.66
RMP3,2024-03-03,6285.6,-5.64
RMP3,2024-03-03,6287.8,-5.67
RMP3,2024-03-03,6289.9,-5.66
RMP3,2024-03-03,6292.0,-5.55
RMP3,2024-03-03,6294.2,-5.05
RMP3,2024-03-03,6296.3,-5.12
RMP3,2024-03-03,6298.5,-5.15
RMP3,2024-03-03,6300.7,-5.22
RMP3,2024-03-03,6302.8,-5.29
RMP3,2024-03-03,6304.9,-5.46
RMP3,2024-03-03,6307.0,-5.67
RMP3,2024-03-03,6309.1,-5.55
RMP3,2024-03-03,6311.2,-5.39
RMP3,2024-03-03,6313.3,-5.44
RMP3,2024-03-03,6315.4,-5.44
RMP3,2024-03-03,6317.5,-5.14
RMP3,2024-03-03,6319.6,-5.09
RMP3,2024-03-03,6321.7,-5.11
RMP3,2024-03-03,6323.8,-5.14
RMP3,2024-03-03,6325.9,-5.18
RMP3,2024-03-03,6328.0,-5.19
RMP3,2024-03-03,6330.2,-5.15
RMP3,2024-03-03,6332.3,-5.05
RMP3,2024-03-03,6334.4,-5.1
RMP3,2024-03-03,6336.6,-5.11
RMP3,2024-03-03,6338.7,-5.12
RMP3,2024-03-03,6340.8,-5.18
RMP3,2024-03-03,6342.9,-5.17
RMP3,2024-03-03,6345.1,-5.26
RMP3,2024-03-03,6347.2,-5.2
RMP3,2024-03-03,6349.3,-4.99
RMP3,2024-03-03,6351.4,-4.76
RMP3,2024-03-03,6353.6,-4.59
RMP3,2024-03-03,6355.7,-4.42
RMP3,2024-03-03,6357.8,-4.36
RMP3,2024-03-03,6359.9,-4.34
RMP3,2024-03-03,6362.1,-4.29
RMP3,2024-03-03,6364.2,-4.23
RMP3,2024-03-03,6366.4,-4.2
RMP3,2024-03-03,6368.5,-4.3
RMP3,2024-03-03,6370.6,-4.54
RMP3,2024-03-03,6372.7,-4.73
RMP3,2024-03-03,6374.8,-4.93
RMP3,2024-03-03,6376.9,-5.05
RMP3,2024-03-03,6379.0,-5.23
RMP3,2024-03-03,6381.1,-5.38
RMP3,2024-03-03,6383.2,-5.55
RMP3,2024-03-03,6385.3,-5.83
RMP3,2024-03-03,6387.5,-5.98
RMP3,2024-03-03,6389.6,-6.05
RMP3,2024-03-03,6391.7,-6.12
RMP3,2024-03-03,6393.9,-6.21
RMP3,2024-03-03,6396.0,-6.11
RMP3,2024-03-03,6398.1,-6.11
RMP3,2024-03-03,6400.3,-6.11
RMP3,2024-03-03,6402.4,-5.9
RMP3,2024-03-03,6404.8,-4.9
RMP3,2024-03-03,6407.0,-4.55
RMP3,2024-03-03,6409.1,-4.48
RMP3,2024-03-03,6411.3,-4.5
RMP3,2024-03-03,6413.5,-4.67
RMP3,2024-03-03,6415.6,-4.68
RMP3,2024-03-03,6417.8,-4.73
RMP3,2024-03-03,6420.0,-4.68
RMP3,2024-03-03,6422.1,-4.91
RMP3,2024-03-03,6424.3,-5.2
RMP3,2024-03-03,6426.5,-5.22
RMP3,2024-03-03,6428.6,-5.22
RMP3,2024-03-03,6430.8,-4.76
RMP3,2024-03-03,6433.0,-5.58
RMP3,2024-03-03,6435.4,-6.29
RMP3,2024-03-03,6440.0,-7.43
RMP3,2024-03-03,6442.2,-7.55
RMP3,2024-03-03,6444.9,-6.56
RMP3,2024-03-03,6447.7,-5.38
RMP3,2024-03-03,6451.2,-4.87
RMP3,2024-03-03,6454.8,-4.34
RMP3,2024-03-03,6457.0,-4.19
RMP3,2024-03-03,6459.2,-4.32
RMP3,2024-03-03,6461.4,-4.68
RMP3,2024-03-03,6463.6,-4.99
RMP3,2024-03-03,6465.7,-5.15
RMP3,2024-03-03,6467.9,-4.16
RMP3,2024-03-03,6470.1,-4.37
RMP3,2024-03-03,6472.3,-4.63
RMP3,2024-03-03,6474.5,-4.97
RMP3,2024-03-03,6476.7,-5.38
RMP3,2024-03-03,6478.9,-5.69
RMP3,2024-03-03,6481.2,-5.94
RMP3,2024-03-03,6483.4,-6.17
RMP3,2024-03-03,6485.6,-6.2
RMP3,2024-03-03,6487.8,-6.07
RMP3,2024-03-03,6490.0,-6.16
RMP3,2024-03-03,6492.1,-5.99
RMP3,2024-03-03,6494.3,-6.02
RMP3,2024-03-03,6496.5,-6.12
RMP3,2024-03-03,6498.6,-6.14
RMP3,2024-03-03,6500.8,-5.98
RMP3,2024-03-03,6503.0,-5.93
RMP3,2024-03-03,6505.2,-5.87
RMP3,2024-03-03,6507.4,-5.85
RMP3,2024-03-03,6509.5,-5.8
RMP3,2024-03-03,6511.7,-5.21
RMP3,2024-03-03,6514.1,-4.4
RMP3,2024-03-03,6516.3,-4.32
RMP3,2024-03-03,6518.4,-4.28
RMP3,2024-03-03,6520.6,-4.3
RMP3,2024-03-03,6522.8,-4.4
RMP3,2024-03-03,6525.0,-4.61
RMP3,2024-03-03,6527.2,-4.66
RMP3,2024-03-03,6529.4,-4.66
RMP3,2024-03-03,6531.6,-4.73
RMP3,2024-03-03,6533.8,-4.75
RMP3,2024-03-03,6536.0,-4.72
RMP3,2024-03-03,6538.2,-4.58
RMP3,2024-03-03,6540.4,-4.66
RMP3,2024-03-03,6542.6,-4.73
RMP3,2024-03-03,6544.8,-4.91
RMP3,2024-03-03,6546.9,-5.09
RMP3,2024-03-03,6549.1,-5.36
RMP3,2024-03-03,6551.3,-5.67
RMP3,2024-03-03,6553.4,-5.99
RMP3,2024-03-03,6555.6,-6.27
RMP3,2024-03-03,6557.8,-6.37
RMP3,2024-03-03,6559.9,-5.94
RMP3,2024-03-03,6563.2,-4.81
RMP3,2024-03-03,6565.3,-5.23
RMP3,2024-03-03,6567.5,-5.68
RMP3,2024-03-03,6569.6,-6.08
RMP3,2024-03-03,6571.7,-6.4
RMP3,2024-03-03,6573.9,-6.49
RMP3,2024-03-03,6578.1,-5.53
RMP3,2024-03-03,6580.2,-5.32
RMP3,2024-03-03,6582.4,-5.12
RMP3,2024-03-03,6584.5,-5.15
RMP3,2024-03-03,6586.7,-5.15
RMP3,2024-03-03,6590.0,-4.67
RMP3,2024-03-03,6592.2,-4.78
RMP3,2024-03-03,6594.4,-4.87
RMP3,2024-03-03,6596.6,-4.97
RMP3,2024-03-03,6598.7,-4.96
RMP3,2024-03-03,6600.9,-4.87
RMP3,2024-03-03,6603.0,-4.81
RMP3,2024-03-03,6605.2,-4.87
RMP3,2024-03-03,6607.3,-4.9
RMP3,2024-03-03,6609.5,-4.96
RMP3,2024-03-03,6611.6,-4.97
RMP3,2024-03-03,6613.7,-5.06
RMP3,2024-03-03,6615.8,-5.33
RMP3,2024-03-03,6617.9,-5.8
RMP3,2024-03-03,6620.1,-6.39
RMP3,2024-03-03,6622.2,-7.01
RMP3,2024-03-03,6624.4,-7.4
RMP3,2024-03-03,6626.5,-7.0
RMP3,2024-03-03,6628.7,-6.85
RMP3,2024-03-03,6630.9,-6.62
RMP3,2024-03-03,6635.5,-4.87
RMP3,2024-03-03,6639.1,-4.91
RMP3,2024-03-03,6641.3,-5.22
RMP3,2024-03-03,6643.5,-5.56
RMP3,2024-03-03,6645.6,-6.08
RMP3,2024-03-03,6647.7,-6.14
RMP3,2024-03-03,6649.9,-5.94
RMP3,2024-03-03,6652.0,-5.78
RMP3,2024-03-03,6654.2,-5.75
RMP3,2024-03-03,6656.3,-5.72
RMP3,2024-03-03,6658.5,-5.5
RMP3,2024-03-03,6660.7,-5.45
RMP3,2024-03-03,6662.8,-5.51
RMP3,2024-03-03,6665.0,-5.66
RMP3,2024-03-03,6667.2,-5.96
RMP3,2024-03-03,6669.4,-6.26
RMP3,2024-03-03,6671.6,-6.49
RMP3,2024-03-03,6673.7,-6.49
RMP3,2024-03-03,6676.1,-5.99
RMP3,2024-03-03,6678.4,-6.01
RMP3,2024-03-03,6680.5,-6.7
RMP3,2024-03-03,6682.7,-6.55
RMP3,2024-03-03,6684.8,-6.19
RMP3,2024-03-03,6687.0,-5.98
RMP3,2024-03-03,6689.1,-5.33
RMP3,2024-03-03,6691.3,-5.38
RMP3,2024-03-03,6693.5,-5.45
RMP3,2024-03-03,6695.6,-5.46
RMP3,2024-03-03,6697.8,-5.58
RMP3,2024-03-03,6700.0,-5.73
RMP3,2024-03-03,6702.2,-5.92
RMP3,2024-03-03,6704.4,-6.13
RMP3,2024-03-03,6706.6,-6.61
RMP3,2024-03-03,6708.8,-7.07
RMP3,2024-03-03,6712.2,-6.25
RMP3,2024-03-03,6714.3,-6.3
RMP3,2024-03-03,6717.7,-5.51
RMP3,2024-03-03,6719.9,-5.03
RMP3,2024-03-03,6722.1,-5.05
RMP3,2024-03-03,6724.2,-5.11
RMP3,2024-03-03,6726.4,-5.23
RMP3,2024-03-03,6728.6,-5.45
RMP3,2024-03-03,6730.8,-5.84
RMP3,2024-03-03,6733.0,-6.19
RMP3,2024-03-03,6735.2,-6.53
RMP3,2024-03-03,6737.4,-6.82
RMP3,2024-03-03,6739.6,-7.02
RMP3,2024-03-03,6741.8,-7.24
RMP3,2024-03-03,6744.0,-7.46
RMP3,2024-03-03,6746.2,-7.62
RMP3,2024-03-03,6748.5,-7.69
RMP3,2024-03-03,6753.0,-6.08
RMP3,2024-03-03,6755.2,-5.31
RMP3,2024-03-03,6757.4,-5.31
RMP3,2024-03-03,6759.5,-5.31
RMP3,2024-03-03,6761.7,-5.32
RMP3,2024-03-03,6763.9,-5.36
RMP3,2024-03-03,6766.1,-5.35
RMP3,2024-03-03,6768.3,-5.6
RMP3,2024-03-03,6770.4,-5.94
RMP3,2024-03-03,6772.6,-6.47
RMP3,2024-03-03,6774.8,-6.75
RMP3,2024-03-03,6776.9,-6.91
RMP3,2024-03-03,6779.3,-7.16
RMP3,2024-03-03,6781.5,-7.56
RMP3,2024-03-03,6783.7,-7.64
RMP3,2024-03-03,6785.9,-7.6
RMP3,2024-03-03,6789.4,-7.04
RMP3,2024-03-03,6793.8,-6.58
RMP3,2024-03-03,6796.1,-7.22
RMP3,2024-03-03,6798.3,-7.79
RMP3,2024-03-03,6800.5,-7.89
RMP3,2024-03-03,6802.8,-7.93
RMP3,2024-03-03,6805.0,-7.72
RMP3,2024-03-03,6807.3,-6.82
RMP3,2024-03-03,6809.5,-6.49
RMP3,2024-03-03,6811.8,-5.8
RMP3,2024-03-03,6814.1,-5.56
RMP3,2024-03-03,6816.9,-5.65
RMP3,2024-03-03,6820.3,-5.84
RMP3,2024-03-03,6824.1,-6.03
RMP3,2024-03-03,6826.4,-6.26
RMP3,2024-03-03,6828.6,-6.44
RMP3,2024-03-03,6830.9,-6.39
RMP3,2024-03-03,6833.1,-6.41
RMP3,2024-03-03,6835.4,-6.5
RMP3,2024-03-03,6837.6,-6.57
RMP3,2024-03-03,6839.9,-6.68
RMP3,2024-03-03,6842.1,-6.46
RMP3,2024-03-03,6844.3,-6.37
RMP3,2024-03-03,6846.5,-6.27
RMP3,2024-03-03,6848.8,-6.34
RMP3,2024-03-03,6851.0,-6.38
RMP3,2024-03-03,6853.2,-5.93
RMP3,2024-03-03,6855.4,-5.96
RMP3,2024-03-03,6857.6,-5.89
RMP3,2024-03-03,6859.8,-5.55
RMP3,2024-03-03,6862.1,-5.59
RMP3,2024-03-03,6864.3,-5.56
RMP3,2024-03-03,6866.5,-5.56
RMP3,2024-03-03,6869.3,-5.56
RMP3,2024-03-03,6871.5,-5.51
RMP3,2024-03-03,6873.7,-5.28
RMP3,2024-03-03,6875.9,-5.3
RMP3,2024-03-03,6878.2,-5.37
RMP3,2024-03-03,6880.4,-5.32
RMP3,2024-03-03,6882.6,-5.38
RMP3,2024-03-03,6884.8,-5.45
RMP3,2024-03-03,6887.0,-5.51
RMP3,2024-03-03,6889.2,-5.57
RMP3,2024-03-03,6891.4,-5.62
RMP3,2024-03-03,6893.6,-5.64
RMP3,2024-03-03,6895.8,-5.58
RMP3,2024-03-03,6898.1,-5.28
RMP3,2024-03-03,6900.3,-5.17
RMP3,2024-03-03,6902.5,-5.08
RMP3,2024-03-03,6904.8,-5.06
RMP3,2024-03-03,6907.0,-5.13
RMP3,2024-03-03,6911.2,-5.32
RMP3,2024-03-03,6912.4,-5.49
RMP3,2024-03-03,6915.3,-5.53
RMP3,2024-03-03,6917.6,-5.49
RMP3,2024-03-03,6919.8,-5.45
RMP3,2024-03-03,6922.0,-5.47
RMP3,2024-03-03,6924.2,-5.48
RMP3,2024-03-03,6926.5,-5.55
RMP3,2024-03-03,6929.2,-5.36
RMP3,2024-03-03,6933.0,-5.39
RMP3,2024-03-03,6935.2,-5.36
RMP3,2024-03-03,6937.5,-5.21
RMP3,2024-03-03,6939.7,-4.81
RMP3,2024-03-03,6941.9,-4.77
RMP3,2024-03-03,6944.2,-4.74
RMP3,2024-03-03,6946.4,-4.74
RMP3,2024-03-03,6950.8,-4.79
RMP3,2024-03-03,6953.0,-4.87
RMP3,2024-03-03,6955.2,-4.9
RMP3,2024-03-03,6957.4,-4.92
RMP3,2024-03-03,6959.6,-5.11
RMP3,2024-03-03,6961.9,-5.28
RMP3,2024-03-03,6964.1,-5.29
RMP3,2024-03-03,6966.3,-5.29
RMP3,2024-03-03,6968.5,-5.19
RMP3,2024-03-03,6970.8,-4.77
RMP3,2024-03-03,6973.5,-4.79
RMP3,2024-03-03,6975.8,-4.68
RMP3,2024-03-03,6978.0,-4.61
RMP3,2024-03-03,6980.2,-4.58
RMP3,2024-03-03,6982.5,-4.61
RMP3,2024-03-03,6984.7,-4.74
RMP3,2024-03-03,6987.0,-4.85
RMP3,2024-03-03,6989.3,-4.84
RMP3,2024-03-03,6991.5,-4.49
RMP3,2024-03-03,6993.8,-4.47
RMP3,2024-03-03,6996.0,-4.5
RMP3,2024-03-03,6998.3,-4.52
RMP3,2024-03-03,7000.5,-4.6
RMP3,2024-03-03,7002.8,-4.6
RMP3,2024-03-03,7005.0,-4.72
RMP3,2024-03-03,7007.3,-4.78
RMP3,2024-03-03,7009.6,-4.75
RMP3,2024-03-03,7011.8,-4.66
RMP3,2024-03-03,7014.1,-4.66
RMP3,2024-03-03,7016.3,-4.73
RMP3,2024-03-03,7018.6,-5.13
RMP3,2024-03-03,7021.4,-5.66
RMP3,2024-03-03,7024.2,-5.14
RMP3,2024-03-03,7027.9,-4.48
RMP3,2024-03-03,7030.2,-4.18
RMP3,2024-03-03,7032.4,-4.07
RMP3,2024-03-03,7034.7,-4.21
RMP3,2024-03-03,7037.0,-4.2
RMP3,2024-03-03,7039.2,-3.95
RMP3,2024-03-03,7041.5,-3.75
RMP3,2024-03-03,7043.8,-3.78
RMP3,2024-03-03,7046.1,-3.97
RMP3,2024-03-03,7048.4,-4.22
RMP3,2024-03-03,7050.7,-4.49
RMP3,2024-03-03,7052.9,-4.77
RMP3,2024-03-03,7055.3,-4.93
RMP3,2024-03-03,7057.6,-4.77
RMP3,2024-03-03,7059.9,-4.14
RMP3,2024-03-03,7062.2,-4.1
RMP3,2024-03-03,7064.6,-3.73
RMP3,2024-03-03,7066.9,-3.73
RMP3,2024-03-03,7069.2,-3.92
RMP3,2024-03-03,7071.5,-4.16
RMP3,2024-03-03,7074.0,-4.73
RMP3,2024-03-03,7076.3,-4.99
RMP3,2024-03-03,7078.5,-5.04
RMP3,2024-03-03,7080.8,-5.03
RMP3,2024-03-03,7083.1,-4.85
RMP3,2024-03-03,7085.3,-4.11
RMP3,2024-03-03,7087.5,-4.14
RMP3,2024-03-03,7089.8,-4.19
RMP3,2024-03-03,7092.0,-4.19
RMP3,2024-03-03,7094.3,-4.05
RMP3,2024-03-03,7096.6,-3.65
RMP3,2024-03-03,7098.9,-3.58
RMP3,2024-03-03,7101.1,-3.32
RMP3,2024-03-03,7103.4,-3.21
RMP3,2024-03-03,7105.7,-3.19
RMP3,2024-03-03,7107.9,-3.15
RMP3,2024-03-03,7110.2,-3.1
RMP3,2024-03-03,7112.5,-3.09
RMP3,2024-03-03,7114.8,-3.11
RMP3,2024-03-03,7117.0,-3.25
RMP3,2024-03-03,7119.3,-3.42
RMP3,2024-03-03,7121.5,-3.56
RMP3,2024-03-03,7123.8,-3.66
RMP3,2024-03-03,7126.0,-3.75
RMP3,2024-03-03,7128.3,-3.86
RMP3,2024-03-03,7130.6,-3.92
RMP3,2024-03-03,7132.9,-4.03
RMP3,2024-03-03,7135.2,-4.1
RMP3,2024-03-03,7137.6,-4.14
RMP3,2024-03-03,7139.9,-4.07
RMP3,2024-03-03,7142.3,-3.7
RMP3,2024-03-03,7145.9,-2.95
RMP3,2024-03-03,7148.3,-2.85
RMP3,2024-03-03,7150.7,-2.86
RMP3,2024-03-03,7153.0,-2.84
RMP3,2024-03-03,7155.3,-2.84
RMP3,2024-03-03,7157.7,-2.8
RMP3,2024-03-03,7160.0,-2.83
RMP3,2024-03-03,7162.3,-2.84
RMP3,2024-03-03,7164.7,-2.85
RMP3,2024-03-03,7167.0,-2.95
RMP3,2024-03-03,7169.4,-2.96
RMP3,2024-03-03,7171.8,-3.09
RMP3,2024-03-03,7174.2,-3.23
RMP3,2024-03-03,7176.5,-3.42
RMP3,2024-03-03,7178.9,-3.46
RMP3,2024-03-03,7181.3,-3.1
RMP3,2024-03-03,7183.7,-2.91
RMP3,2024-03-03,7186.1,-3.15
RMP3,2024-03-03,7188.5,-3.45
RMP3,2024-03-03,7190.9,-3.6
RMP3,2024-03-03,7193.3,-3.34
RMP3,2024-03-03,7195.7,-2.76
RMP3,2024-03-03,7198.1,-2.66
RMP3,2024-03-03,7200.1,-2.61
RMP3,2024-03-03,7200.5,-2.61
RMP3,2024-03-03,7202.2,-2.58
RMP3,2024-03-03,7204.2,-2.6
RMP3,2024-03-03,7206.2,-2.69
RMP3,2024-03-03,7208.2,-2.8
RMP3,2024-03-03,7210.2,-2.91
RMP3,2024-03-03,7212.2,-3.07
RMP3,2024-03-03,7214.2,-3.18
RMP3,2024-03-03,7216.2,-3.25
RMP3,2024-03-03,7218.2,-3.25
RMP3,2024-03-03,7220.2,-2.83
RMP3,2024-03-03,7222.1,-2.77
RMP3,2024-03-03,7224.1,-2.86
RMP3,2024-03-03,7226.9,-3.22
RMP3,2024-03-03,7230.5,-3.55
RMP3,2024-03-03,7232.5,-3.66
RMP3,2024-03-03,7234.5,-3.36
RMP3,2024-03-03,7236.6,-2.76
RMP3,2024-03-03,7238.6,-2.79
RMP3,2024-03-03,7240.6,-2.85
RMP3,2024-03-03,7242.5,-2.95
RMP3,2024-03-03,7244.5,-3.04
RMP3,2024-03-03,7246.5,-2.96
RMP3,2024-03-03,7248.5,-2.77
RMP3,2024-03-03,7250.4,-2.71
RMP3,2024-03-03,7252.4,-2.68
RMP3,2024-03-03,7254.4,-2.69
RMP3,2024-03-03,7256.3,-2.77
RMP3,2024-03-03,7258.9,-2.88
RMP3,2024-03-03,7260.9,-2.91
RMP3,2024-03-03,7262.9,-3.0
RMP3,2024-03-03,7264.8,-3.05
RMP3,2024-03-03,7266.8,-3.1
RMP3,2024-03-03,7270.1,-2.66
RMP3,2024-03-03,7272.1,-2.65
RMP3,2024-03-03,7274.1,-2.71
RMP3,2024-03-03,7276.1,-2.86
RMP3,2024-03-03,7278.0,-3.04
RMP3,2024-03-03,7280.0,-3.19
RMP3,2024-03-03,7282.0,-3.25
RMP3,2024-03-03,7284.0,-3.27
RMP3,2024-03-03,7286.0,-3.38
RMP3,2024-03-03,7288.0,-3.41
RMP3,2024-03-03,7290.0,-3.47
RMP3,2024-03-03,7292.0,-3.38
RMP3,2024-03-03,7294.0,-3.42
RMP3,2024-03-03,7296.0,-3.5
RMP3,2024-03-03,7298.0,-2.88
RMP3,2024-03-03,7300.0,-3.11
RMP3,2024-03-03,7302.3,-3.54
RMP3,2024-03-03,7304.5,-3.69
RMP3,2024-03-03,7306.5,-3.72
RMP3,2024-03-03,7308.5,-3.67
RMP3,2024-03-03,7310.5,-3.77
RMP3,2024-03-03,7312.5,-3.75
RMP3,2024-03-03,7314.6,-3.68
RMP3,2024-03-03,7316.6,-3.58
RMP3,2024-03-03,7318.6,-3.19
RMP3,2024-03-03,7320.7,-3.18
RMP3,2024-03-03,7322.7,-3.12
RMP3,2024-03-03,7324.8,-3.1
RMP3,2024-03-03,7326.8,-2.79
RMP3,2024-03-03,7328.8,-2.65
RMP3,2024-03-03,7331.1,-2.59
RMP3,2024-03-03,7333.1,-2.68
RMP3,2024-03-03,7335.1,-2.69
RMP3,2024-03-03,7337.1,-2.77
RMP3,2024-03-03,7339.1,-2.93
RMP3,2024-03-03,7341.1,-3.24
RMP3,2024-03-03,7343.1,-3.79
RMP3,2024-03-03,7345.1,-4.4
RMP3,2024-03-03,7347.1,-4.73
RMP3,2024-03-03,7349.0,-4.03
RMP3,2024-03-03,7351.0,-3.14
RMP3,2024-03-03,7353.0,-3.29
RMP3,2024-03-03,7355.1,-3.43
RMP3,2024-03-03,7357.1,-3.49
RMP3,2024-03-03,7359.1,-3.41
RMP3,2024-03-03,7361.1,-3.37
RMP3,2024-03-03,7363.1,-3.36
RMP3,2024-03-03,7365.2,-3.36
RMP3,2024-03-03,7367.2,-3.47
RMP3,2024-03-03,7369.2,-3.58
RMP3,2024-03-03,7371.2,-3.36
RMP3,2024-03-03,7373.3,-2.64
RMP3,2024-03-03,7375.3,-2.57
RMP3,2024-03-03,7377.3,-2.57
RMP3,2024-03-03,7379.4,-2.58
RMP3,2024-03-03,7381.4,-2.52
RMP3,2024-03-03,7383.4,-2.47
RMP3,2024-03-03,7385.5,-2.5
RMP3,2024-03-03,7387.5,-2.64
RMP3,2024-03-03,7389.4,-2.83
RMP3,2024-03-03,7391.4,-3.02
RMP3,2024-03-03,7393.4,-3.19
RMP3,2024-03-03,7395.4,-3.16
RMP3,2024-03-03,7397.4,-3.11
RMP3,2024-03-03,7399.4,-3.12
RMP3,2024-03-03,7401.5,-3.18
RMP3,2024-03-03,7403.5,-3.28
RMP3,2024-03-03,7405.5,-3.39
RMP3,2024-03-03,7407.6,-3.3
RMP3,2024-03-03,7409.6,-3.19
RMP3,2024-03-03,7411.7,-3.2
RMP3,2024-03-03,7413.7,-3.23
RMP3,2024-03-03,7415.7,-3.27
RMP3,2024-03-03,7417.8,-3.38
RMP3,2024-03-03,7419.8,-3.66
RMP3,2024-03-03,7421.9,-3.91
RMP3,2024-03-03,7423.9,-4.1
RMP3,2024-03-03,7425.9,-4.23
RMP3,2024-03-03,7428.0,-4.39
RMP3,2024-03-03,7430.0,-4.58
RMP3,2024-03-03,7432.0,-4.58
RMP3,2024-03-03,7434.2,-3.92
RMP3,2024-03-03,7436.2,-3.61
RMP3,2024-03-03,7438.3,-3.57
RMP3,2024-03-03,7440.3,-3.57
RMP3,2024-03-03,7442.3,-3.58
RMP3,2024-03-03,7444.3,-3.68
RMP3,2024-03-03,7446.3,-3.74
RMP3,2024-03-03,7448.4,-3.86
RMP3,2024-03-03,7450.4,-4.33
RMP3,2024-03-03,7452.4,-4.99
RMP3,2024-03-03,7454.3,-5.08
RMP3,2024-03-03,7456.4,-4.88
RMP3,2024-03-03,7458.4,-4.21
RMP3,2024-03-03,7460.3,-4.15
RMP3,2024-03-03,7462.3,-4.19
RMP3,2024-03-03,7464.3,-4.2
RMP3,2024-03-03,7466.3,-4.28
RMP3,2024-03-03,7468.3,-4.37
RMP3,2024-03-03,7470.3,-4.38
RMP3,2024-03-03,7472.3,-4.32
RMP3,2024-03-03,7474.5,-4.21
RMP3,2024-03-03,7476.7,-4.22
RMP3,2024-03-03,7478.9,-4.32
RMP3,2024-03-03,7481.1,-4.6
RMP3,2024-03-03,7483.1,-4.72
RMP3,2024-03-03,7485.1,-4.15
RMP3,2024-03-03,7487.3,-3.5
RMP3,2024-03-03,7489.9,-3.48
RMP3,2024-03-03,7492.5,-3.49
RMP3,2024-03-03,7495.7,-3.58
RMP3,2024-03-03,7498.9,-3.68
RMP3,2024-03-03,7501.1,-4.25
RMP3,2024-03-03,7503.1,-4.63
RMP3,2024-03-03,7505.2,-4.81
RMP3,2024-03-03,7507.2,-4.4
RMP3,2024-03-03,7509.2,-4.38
RMP3,2024-03-03,7511.3,-4.43
RMP3,2024-03-03,7513.3,-4.33
RMP3,2024-03-03,7515.4,-4.27
RMP3,2024-03-03,7517.4,-4.25
RMP3,2024-03-03,7519.5,-4.05
RMP3,2024-03-03,7522.3,-4.1
RMP3,2024-03-03,7526.0,-4.21
RMP3,2024-03-03,7528.1,-4.28
RMP3,2024-03-03,7530.1,-4.45
RMP3,2024-03-03,7532.2,-4.64
RMP3,2024-03-03,7534.2,-4.74
RMP3,2024-03-03,7536.3,-4.64
RMP3,2024-03-03,7538.4,-4.58
RMP3,2024-03-03,7540.4,-4.5
RMP3,2024-03-03,7542.5,-4.48
RMP3,2024-03-03,7544.5,-4.52
RMP3,2024-03-03,7546.5,-4.24
RMP3,2024-03-03,7548.6,-4.28
RMP3,2024-03-03,7550.6,-4.27
RMP3,2024-03-03,7552.7,-4.22
RMP3,2024-03-03,7554.7,-4.27
RMP3,2024-03-03,7556.8,-4.43
RMP3,2024-03-03,7558.8,-4.64
RMP3,2024-03-03,7560.9,-4.72
RMP3,2024-03-03,7562.9,-4.72
RMP3,2024-03-03,7565.0,-4.64
RMP3,2024-03-03,7567.0,-4.64
RMP3,2024-03-03,7569.0,-4.72
RMP3,2024-03-03,7571.1,-4.83
RMP3,2024-03-03,7573.1,-5.11
RMP3,2024-03-03,7575.2,-5.21
RMP3,2024-03-03,7577.2,-5.22
RMP3,2024-03-03,7579.3,-5.37
RMP3,2024-03-03,7581.3,-5.59
RMP3,2024-03-03,7583.4,-5.57
RMP3,2024-03-03,7585.5,-5.54
RMP3,2024-03-03,7587.5,-5.73
RMP3,2024-03-03,7589.6,-5.9
RMP3,2024-03-03,7591.6,-5.98
RMP3,2024-03-03,7593.6,-6.17
RMP3,2024-03-03,7595.7,-6.46
RMP3,2024-03-03,7597.7,-6.53
RMP3,2024-03-03,7599.8,-5.71
RMP3,2024-03-03,7601.8,-5.39
RMP3,2024-03-03,7603.8,-5.42
RMP3,2024-03-03,7605.9,-5.4
RMP3,2024-03-03,7607.9,-5.4
RMP3,2024-03-03,7610.0,-5.49
RMP3,2024-03-03,7612.0,-5.65
RMP3,2024-03-03,7614.0,-5.82
RMP3,2024-03-03,7616.1,-5.93
RMP3,2024-03-03,7618.1,-6.03
RMP3,2024-03-03,7620.1,-6.18
RMP3,2024-03-03,7622.2,-6.25
RMP3,2024-03-03,7624.2,-6.2
RMP3,2024-03-03,7626.2,-6.11
RMP3,2024-03-03,7628.3,-6.09
RMP3,2024-03-03,7630.3,-6.25
RMP3,2024-03-03,7632.3,-6.37
RMP3,2024-03-03,7634.3,-6.41
RMP3,2024-03-03,7636.4,-5.56
RMP3,2024-03-03,7638.4,-5.46
RMP3,2024-03-03,7640.5,-5.48
RMP3,2024-03-03,7642.6,-5.53
RMP3,2024-03-03,7644.7,-5.48
RMP3,2024-03-03,7646.7,-5.57
RMP3,2024-03-03,7648.8,-5.56
RMP3,2024-03-03,7650.9,-5.56
RMP3,2024-03-03,7653.0,-5.53
RMP3,2024-03-03,7655.0,-5.58
RMP3,2024-03-03,7657.1,-5.69
RMP3,2024-03-03,7659.2,-5.81
RMP3,2024-03-03,7661.3,-5.94
RMP3,2024-03-03,7663.3,-6.16
RMP3,2024-03-03,7665.4,-6.25
RMP3,2024-03-03,7667.5,-6.39
RMP3,2024-03-03,7669.5,-6.18
RMP3,2024-03-03,7671.6,-5.69
RMP3,2024-03-03,7673.6,-5.93
RMP3,2024-03-03,7675.7,-5.87
RMP3,2024-03-03,7677.7,-5.95
RMP3,2024-03-03,7679.8,-6.09
RMP3,2024-03-03,7681.9,-6.25
RMP3,2024-03-03,7684.1,-5.82
RMP3,2024-03-03,7686.1,-6.04
RMP3,2024-03-03,7688.1,-6.02
RMP3,2024-03-03,7690.1,-5.94
RMP3,2024-03-03,7692.0,-5.74
RMP3,2024-03-03,7694.0,-5.74
RMP3,2024-03-03,7695.9,-5.76
RMP3,2024-03-03,7697.7,-5.78
RMP3,2024-03-03,7699.6,-5.85
RMP3,2024-03-03,7701.4,-5.99
RMP3,2024-03-03,7702.5,-6.38
RMP3,2024-03-03,7704.7,-6.86
RMP3,2024-03-03,7706.8,-6.46
RMP3,2024-03-03,7708.9,-6.45
RMP3,2024-03-03,7711.0,-6.08
RMP3,2024-03-03,7713.1,-6.12
RMP3,2024-03-03,7715.2,-6.08
RMP3,2024-03-03,7717.3,-5.6
RMP3,2024-03-03,7719.4,-5.63
RMP3,2024-03-03,7721.5,-5.71
RMP3,2024-03-03,7723.6,-5.74
RMP3,2024-03-03,7725.7,-5.75
RMP3,2024-03-03,7727.8,-5.74
RMP3,2024-03-03,7730.0,-5.86
RMP3,2024-03-03,7732.1,-6.01
RMP3,2024-03-03,7734.2,-5.86
RMP3,2024-03-03,7736.3,-5.85
RMP3,2024-03-03,7738.5,-5.94
RMP3,2024-03-03,7740.6,-6.07
RMP3,2024-03-03,7742.7,-6.22
RMP3,2024-03-03,7744.8,-6.29
RMP3,2024-03-03,7747.0,-5.81
RMP3,2024-03-03,7749.1,-5.81
RMP3,2024-03-03,7751.2,-5.9
RMP3,2024-03-03,7753.4,-6.14
RMP3,2024-03-03,7755.5,-6.36
RMP3,2024-03-03,7757.6,-5.96
RMP3,2024-03-03,7759.7,-6.01
RMP3,2024-03-03,7761.6,-6.16
RMP3,2024-03-03,7763.5,-6.29
RMP3,2024-03-03,7765.4,-6.48
RMP3,2024-03-03,7767.2,-6.57
RMP3,2024-03-03,7769.0,-6.63
RMP3,2024-03-03,7770.7,-6.54
RMP3,2024-03-03,7772.3,-6.26
RMP3,2024-03-03,7774.0,-6.26
RMP3,2024-03-03,7776.2,-6.23
RMP3,2024-03-03,7779.5,-5.92
RMP3,2024-03-03,7781.4,-5.32
RMP3,2024-03-03,7783.3,-5.15
RMP3,2024-03-03,7785.4,-5.05
RMP3,2024-03-03,7787.1,-5.02
RMP3,2024-03-03,7788.7,-5.01
RMP3,2024-03-03,7790.5,-4.87
RMP3,2024-03-03,7792.2,-4.78
RMP3,2024-03-03,7793.9,-4.76
RMP3,2024-03-03,7795.6,-4.78
RMP3,2024-03-03,7797.3,-4.77
RMP3,2024-03-03,7798.9,-4.75
RMP3,2024-03-03,7800.3,-4.66
RMP3,2024-03-03,7801.7,-4.58
RMP3,2024-03-03,7803.0,-4.42
RMP3,2024-03-03,7804.2,-4.39
RMP3,2024-03-03,7805.4,-4.32
RMP3,2024-03-03,7806.5,-4.24
RMP3,2024-03-03,7807.5,-3.94
RMP3,2024-03-03,7808.5,-3.54
RMP3,2024-03-03,7809.5,-3.16
RMP3,2024-03-03,7810.4,-2.85
RMP3,2024-03-03,7811.2,-2.49
RMP3,2024-03-03,7812.0,-2.22
RMP3,2024-03-03,7815.0,-2.2
RMP3,2024-03-03,7818.0,-2.03
RMP3,2024-03-03,7821.0,-1.83
RMP3,2024-03-03,7824.0,-1.69
RMP3,2024-03-03,7827.0,-1.39
RMP3,2024-03-03,7830.0,-1.3
RMP3,2024-03-03,7833.0,-0.91
RMP3,2024-03-03,7836.0,-0.84
RMP3,2024-03-03,7838.0,-0.64
RMP3,2024-03-03,7840.0,1.04
RMP3,2024-03-03,7844.0,3.66
RMP3,2024-03-03,7850.0,4.01
RMP3,2024-03-03,7855.0,4.64
RMP3,2024-03-03,7862.0,4.8
RMP3,2024-03-03,7870.0,4.94
RMP3,2024-03-03,7900.0,5.15
RMP3,2024-03-03,7930.0,5.05
RMP3,2024-03-03,7960.0,5.22
RMP3,2024-03-03,8000.0,5.36
RMP3,2024-03-03,8030.0,5.16
RMP3,2024-03-03,8070.0,5.28
RMP3,2024-03-03,8100.0,5.36
RMP3,2024-03-03,8130.0,5.42
RMP3,2024-03-03,8170.0,5.2
RMP3,2024-03-03,8200.0,5.01
RMP3,2024-03-03,8230.0,4.7
RMP3,2024-03-03,8270.0,4.44
RMP3,2024-03-03,8300.0,4.55
RMP3,2024-03-03,8330.0,4.62
RMP3,2024-03-03,8370.0,4.28
RMP3,2024-03-03,8400.0,4.41
RMP3,2024-03-03,8440.0,4.38
RMP3,2024-03-03,8470.0,4.28
RMP3,2024-03-03,8500.0,4.36
RMP3,2024-03-03,8540.0,4.48
RMP3,2024-03-03,8570.0,4.52
RMP3,2024-03-03,8600.0,4.44
RMP3,2024-03-03,8630.0,4.04
RMP3,2024-03-03,8670.0,4.6
RMP3,2024-03-03,8700.0,4.28
RMP3,2024-03-03,8730.0,4.39
RMP3,2024-03-03,8760.0,4.14
RMP3,2024-03-03,8800.0,4.26
RMP3,2024-03-03,8830.0,4.38
RMP3,2024-03-03,8870.0,4.64
RMP3,2024-03-03,8900.0,4.62
RMP3,2024-03-03,8930.0,4.28
RMP3,2024-03-03,8970.0,4.44
RMP3,2024-03-03,9000.0,4.56
RMP3,2024-03-03,9030.0,4.26
RMP3,2024-03-03,9060.0,4.06
RMP3,2024-03-03,9100.0,4.0
RMP3,2024-03-03,9130.0,3.7
RMP3,2024-03-03,9160.0,3.64
RMP3,2024-03-03,9200.0,3.84
RMP3,2024-03-03,9240.0,3.7
RMP3,2024-03-03,9270.0,3.66
RMP3,2024-03-03,9300.0,3.7
RMP3,2024-03-03,9330.0,3.48
RMP3,2024-03-03,9360.0,3.55
RMP3,2024-03-03,9400.0,3.62
RMP3,2024-03-03,9440.0,3.55
RMP3,2024-03-03,9470.0,3.42
RMP3,2024-03-03,9480.0,3.8
RMP3,2024-03-03,9500.0,4.28
RMP3,2024-03-03,9530.0,4.38
RMP3,2024-03-03,9560.0,4.48
RMP3,2024-03-03,9600.0,4.38
RMP3,2024-03-03,9630.0,4.61
RMP3,2024-03-03,9660.0,4.54
RMP3,2024-03-03,9700.0,4.29
RMP3,2024-03-03,9730.0,4.08
RMP3,2024-03-03,9760.0,4.28
RMP3,2024-03-03,9800.0,4.64
RMP3,2024-03-03,9830.0,4.87
RMP3,2024-03-03,9860.0,4.9
RMP3,2024-03-03,9900.0,5.15
RMP3,2024-03-03,9930.0,5.2
RMP3,2024-03-03,9960.0,5.5
RMP3,2024-03-03,9980.0,5.62
RMP3,2024-03-03,10000.0,5.7
RMP3,2024-03-03,10020.0,5.12
RMP3,2024-03-03,10040.0,4.5
RMP3,2024-03-03,10070.0,3.8
RMP3,2024-03-03,10090.0,3.42
RMP3,2024-03-03,10100.0,3.1
RMP3,2024-03-03,10110.0,2.2
RMP3,2024-03-03,10115.0,0.99
RMP3,2024-03-03,10118.0,-0.01
RMP3,2024-03-03,10121.0,-0.21
RMP3,2024-03-03,10124.0,-0.31
RMP3,2024-03-03,10127.0,-0.21
RMP3,2024-03-03,10130.0,-0.41
RMP3,2024-03-03,10133.0,-0.56
RMP3,2024-03-03,10136.0,-0.71
RMP3,2024-03-03,10139.0,-0.81
RMP3,2024-03-03,10142.0,-0.81
RMP3,2024-03-03,10145.0,-1.11
RMP3,2024-03-03,10148.0,-1.51
RMP3,2024-03-03,10151.0,-1.51
RMP3,2024-03-03,10154.0,-1.71
RMP3,2024-03-03,10157.0,-1.72
RMP3,2024-03-03,10160.0,-1.61
RMP3,2024-03-03,10163.0,-1.41
RMP3,2024-03-03,10166.0,-1.01
RMP3,2024-03-03,10169.0,-0.71
RMP3,2024-03-03,10172.0,-0.61
RMP3,2024-03-03,10175.0,-0.21
RMP3,2024-03-03,10178.0,-0.01
RMP3,2024-03-03,10181.0,0.19
RMP3,2024-03-03,10183.0,0.49
RMP3,2024-03-03,10185.0,0.99
RMP3,2024-03-03,10190.0,1.99
RMP3,2024-03-03,10195.0,3.29
RMP3,2024-03-03,10200.0,3.69
RMP3,2024-03-03,10215.0,4.11
RMP3,2024-03-03,10220.0,3.83
RMP3,2024-03-03,10230.0,3.36
RMP3,2024-03-03,10240.0,3.22
RMP3,2024-03-03,10255.0,2.36
RMP3,2024-03-03,10260.0,0.99
RMP3,2024-03-03,10262.0,-1.28
RMP3,2024-03-03,10264.0,-2.97
RMP3,2024-03-03,10266.0,-3.85
RMP3,2024-03-03,10268.0,-4.56
RMP3,2024-03-03,10270.0,-4.67
RMP3,2024-03-03,10272.0,-4.92
RMP3,2024-03-03,10274.0,-5.28
RMP3,2024-03-03,10276.0,-5.67
RMP3,2024-03-03,10278.8,-6.51
RMP3,2024-03-03,10279.6,-6.59
RMP3,2024-03-03,10280.5,-6.64
RMP3,2024-03-03,10281.5,-6.72
RMP3,2024-03-03,10282.5,-6.85
RMP3,2024-03-03,10283.5,-7.2
RMP3,2024-03-03,10284.6,-7.31
RMP3,2024-03-03,10285.6,-7.44
RMP3,2024-03-03,10286.8,-7.57
RMP3,2024-03-03,10288.0,-7.68
RMP3,2024-03-03,10289.2,-7.6
RMP3,2024-03-03,10290.4,-7.53
RMP3,2024-03-03,10291.7,-7.22
RMP3,2024-03-03,10293.1,-7.0
RMP3,2024-03-03,10294.5,-6.81
RMP3,2024-03-03,10296.0,-6.7
RMP3,2024-03-03,10297.5,-6.71
RMP3,2024-03-03,10299.0,-6.89
RMP3,2024-03-03,10300.6,-6.95
RMP3,2024-03-03,10302.2,-7.04
RMP3,2024-03-03,10303.9,-7.16
RMP3,2024-03-03,10305.6,-7.23
RMP3,2024-03-03,10307.2,-8.08
RMP3,2024-03-03,10309.0,-8.53
RMP3,2024-03-03,10310.8,-8.82
RMP3,2024-03-03,10312.5,-9.21
RMP3,2024-03-03,10314.4,-9.51
RMP3,2024-03-03,10316.2,-9.77
RMP3,2024-03-03,10318.1,-10.0
RMP3,2024-03-03,10320.0,-10.12
RMP3,2024-03-03,10322.0,-10.12
RMP3,2024-03-03,10323.9,-10.28
RMP3,2024-03-03,10325.9,-10.36
RMP3,2024-03-03,10327.8,-10.61
RMP3,2024-03-03,10329.8,-10.92
RMP3,2024-03-03,10331.8,-11.15
RMP3,2024-03-03,10333.9,-11.4
RMP3,2024-03-03,10335.9,-11.54
RMP3,2024-03-03,10337.9,-11.5
RMP3,2024-03-03,10340.0,-11.58
RMP3,2024-03-03,10342.1,-11.73
RMP3,2024-03-03,10344.2,-11.74
RMP3,2024-03-03,10346.3,-11.12
RMP3,2024-03-03,10348.4,-10.56
RMP3,2024-03-03,10350.5,-10.69
RMP3,2024-03-03,10352.7,-10.9
RMP3,2024-03-03,10354.8,-10.94
RMP3,2024-03-03,10356.9,-10.99
RMP3,2024-03-03,10359.1,-10.76
RMP3,2024-03-03,10361.2,-10.39
RMP3,2024-03-03,10363.4,-10.21
RMP3,2024-03-03,10365.5,-10.04
RMP3,2024-03-03,10367.7,-9.49
RMP3,2024-03-03,10369.9,-9.04
RMP3,2024-03-03,10372.1,-9.29
RMP3,2024-03-03,10374.3,-9.5
RMP3,2024-03-03,10376.5,-9.96
RMP3,2024-03-03,10378.7,-10.12
RMP3,2024-03-03,10380.9,-10.39
RMP3,2024-03-03,10383.1,-10.73
RMP3,2024-03-03,10385.3,-11.01
RMP3,2024-03-03,10387.5,-11.27
RMP3,2024-03-03,10389.7,-11.38
RMP3,2024-03-03,10391.9,-11.46
RMP3,2024-03-03,10394.0,-11.46
RMP3,2024-03-03,10396.2,-11.45
RMP3,2024-03-03,10398.4,-11.37
RMP3,2024-03-03,10400.5,-11.22
RMP3,2024-03-03,10402.7,-11.08
RMP3,2024-03-03,10404.9,-11.09
RMP3,2024-03-03,10407.1,-10.99
RMP3,2024-03-03,10409.3,-10.87
RMP3,2024-03-03,10411.5,-10.48
RMP3,2024-03-03,10413.7,-10.15
RMP3,2024-03-03,10415.9,-10.04
RMP3,2024-03-03,10418.2,-9.71
RMP3,2024-03-03,10420.4,-9.22
RMP3,2024-03-03,10422.6,-8.77
RMP3,2024-03-03,10424.8,-8.44
RMP3,2024-03-03,10427.0,-7.71
RMP3,2024-03-03,10429.3,-6.91
RMP3,2024-03-03,10431.5,-5.9
RMP3,2024-03-03,10433.7,-5.53
RMP3,2024-03-03,10436.0,-6.15
RMP3,2024-03-03,10438.2,-5.96
RMP3,2024-03-03,10440.4,-4.98
RMP3,2024-03-03,10442.6,-5.36
RMP3,2024-03-03,10444.8,-5.99
RMP3,2024-03-03,10447.0,-6.16
RMP3,2024-03-03,10449.1,-6.0
RMP3,2024-03-03,10451.2,-5.52
RMP3,2024-03-03,10453.3,-5.15
RMP3,2024-03-03,10455.4,-5.42
RMP3,2024-03-03,10457.5,-5.49
RMP3,2024-03-03,10459.6,-6.06
RMP3,2024-03-03,10461.6,-5.82
RMP3,2024-03-03,10463.7,-5.65
RMP3,2024-03-03,10465.8,-5.6
RMP3,2024-03-03,10467.9,-5.29
RMP3,2024-03-03,10469.9,-5.15
RMP3,2024-03-03,10472.0,-5.2
RMP3,2024-03-03,10474.0,-5.42
RMP3,2024-03-03,10476.0,-5.97
RMP3,2024-03-03,10478.0,-6.44
RMP3,2024-03-03,10480.1,-6.67
RMP3,2024-03-03,10482.1,-6.76
RMP3,2024-03-03,10484.1,-6.73
RMP3,2024-03-03,10486.1,-6.69
RMP3,2024-03-03,10488.1,-6.54
RMP3,2024-03-03,10490.1,-6.39
RMP3,2024-03-03,10492.1,-6.26
RMP3,2024-03-03,10494.1,-6.07
RMP3,2024-03-03,10496.1,-5.71
RMP3,2024-03-03,10498.0,-5.47
RMP3,2024-03-03,10500.0,-5.42
RMP3,2024-03-03,10502.0,-5.47
RMP3,2024-03-03,10503.9,-5.44
RMP3,2024-03-03,10505.8,-5.16
RMP3,2024-03-03,10507.8,-5.09
RMP3,2024-03-03,10509.7,-4.96
RMP3,2024-03-03,10511.6,-4.73
RMP3,2024-03-03,10513.5,-4.5
RMP3,2024-03-03,10515.5,-4.38
RMP3,2024-03-03,10517.3,-4.27
RMP3,2024-03-03,10519.1,-3.95
RMP3,2024-03-03,10520.8,-3.86
RMP3,2024-03-03,10522.4,-3.62
RMP3,2024-03-03,10523.9,-3.46
RMP3,2024-03-03,10525.4,-3.3
RMP3,2024-03-03,10526.8,-3.15
RMP3,2024-03-03,10528.2,-3.09
RMP3,2024-03-03,10529.5,-2.88
RMP3,2024-03-03,10530.8,-2.55
RMP3,2024-03-03,10532.0,-2.25
RMP3,2024-03-03,10533.2,-2.25
RMP3,2024-03-03,10534.3,-2.25
RMP3,2024-03-03,10535.5,-2.16
RMP3,2024-03-03,10536.6,-2.07
RMP3,2024-03-03,10537.6,-1.86
RMP3,2024-03-03,10538.7,-1.7
RMP3,2024-03-03,10539.7,-1.55
RMP3,2024-03-03,10540.7,-1.4
RMP3,2024-03-03,10541.7,-1.31
RMP3,2024-03-03,10542.6,-0.92
RMP3,2024-03-03,10543.5,-0.45
RMP3,2024-03-03,10544.4,0.07
RMP3,2024-03-03,10545.3,0.15
RMP3,2024-03-03,10546.2,0.31
RMP3,2024-03-03,10547.1,-0.39
RMP3,2024-03-03,10547.9,-0.3
RMP3,2024-03-03,10548.7,-0.47
RMP3,2024-03-03,10549.4,-0.49
RMP3,2024-03-03,10550.2,-0.37
RMP3,2024-03-03,10552.0,-0.32
RMP3,2024-03-03,10555.0,-0.28
RMP3,2024-03-03,10558.0,-0.22
RMP3,2024-03-03,10561.0,-0.18
RMP3,2024-03-03,10564.0,-0.12
RMP3,2024-03-03,10567.0,0.01
RMP3,2024-03-03,10569.0,0.24
RMP3,2024-03-03,10570.0,0.99
RMP3,2024-03-03,10580.0,1.8
RMP3,2024-03-03,10590.0,2.04
RMP3,2024-03-03,10604.0,2.4
RMP3,2024-03-03,10620.0,3.12
RMP3,2024-03-03,10630.0,3.72
RMP3,2024-03-03,10636.0,3.56
RMP3,2024-03-03,10644.0,5.2
RMP3,2024-03-03,10650.0,5.8
RMP3,2024-03-03,10660.0,6.76
RMP3,2024-03-03,10670.0,6.4
RMP3,2024-03-03,10680.0,6.5
RMP3,2024-03-03,10700.0,6.72
RMP3,2024-03-03,10736.0,6.4
RMP3,2024-03-03,10742.0,7.43
RMP3,2024-03-03,10748.0,7.45
RMP3,2024-03-03,10752.0,6.26
RMP3,2024-03-03,10770.0,6.18
RMP3,2024-03-03,10800.0,6.24
RMP3,2024-03-03,10830.0,6.3
RMP3,2024-03-03,10850.0,6.49
RMP3,2024-03-03,10864.0,7.28
RMP3,2024-03-03,10867.0,7.42
RMP3,2024-03-03,10873.0,7.4
RMP3,2024-03-03,10877.0,7.36
RMP3,2024-03-03,10881.0,7.57
RMP3,2024-03-03,10881.0,8.02
RMP4,2011-04-06,0.0,7.6
RMP4,2011-04-06,0.0,7.49
RMP4,2011-04-06,15.0,7.15
RMP4,2011-04-06,23.0,7.31
RMP4,2011-04-06,23.0,7.49
RMP4,2011-04-06,30.0,5.4
RMP4,2011-04-06,40.0,3.1
RMP4,2011-04-06,50.0,3.2
RMP4,2011-04-06,60.0,3.13
RMP4,2011-04-06,70.0,3.5
RMP4,2011-04-06,80.0,3.5
RMP4,2011-04-06,100.0,6.11
RMP4,2011-04-06,160.0,6.25
RMP4,2011-04-06,220.0,6.3
RMP4,2011-04-06,280.0,6.32
RMP4,2011-04-06,340.0,6.4
RMP4,2011-04-06,400.0,6.42
RMP4,2011-04-06,460.0,6.44
RMP4,2011-04-06,520.0,6.5
RMP4,2011-04-06,580.0,6.47
RMP4,2011-04-06,640.0,6.55
RMP4,2011-04-06,700.0,6.6
RMP4,2011-04-06,760.0,6.53
RMP4,2011-04-06,820.0,6.6
RMP4,2011-04-06,880.0,6.61
RMP4,2011-04-06,940.0,6.4
RMP4,2011-04-06,1000.0,6.54
RMP4,2011-04-06,1060.0,6.4
RMP4,2011-04-06,1120.0,5.84
RMP4,2011-04-06,1180.0,5.64
RMP4,2011-04-06,1240.0,5.32
RMP4,2011-04-06,1265.0,2.45
RMP4,2011-04-06,1270.0,0.45
RMP4,2011-04-06,1280.0,-2.25
RMP4,2011-04-06,1290.0,-3.55
RMP4,2011-04-06,1300.0,-3.55
RMP4,2011-04-06,1310.0,-1.55
RMP4,2011-04-06,1320.0,-1.55
RMP4,2011-04-06,1330.0,-1.55
RMP4,2011-04-06,1340.0,-4.55
RMP4,2011-04-06,1350.0,-6.55
RMP4,2011-04-06,1360.0,-4.55
RMP4,2011-04-06,1370.0,-3.25
RMP4,2011-04-06,1380.0,-3.55
RMP4,2011-04-06,1390.0,-1.55
RMP4,2011-04-06,1405.0,0.95
RMP4,2011-04-06,1417.0,2.45
RMP4,2011-04-06,1430.0,4.7
RMP4,2011-04-06,1460.0,4.53
RMP4,2011-04-06,1520.0,4.7
RMP4,2011-04-06,1580.0,4.71
RMP4,2011-04-06,1640.0,4.77
RMP4,2011-04-06,1700.0,4.62
RMP4,2011-04-06,1760.0,4.64
RMP4,2011-04-06,1820.0,4.62
RMP4,2011-04-06,1880.0,4.61
RMP4,2011-04-06,1940.0,4.6
RMP4,2011-04-06,2000.0,4.7
RMP4,2011-04-06,2060.0,4.69
RMP4,2011-04-06,2120.0,4.62
RMP4,2011-04-06,2180.0,4.7
RMP4,2011-04-06,2240.0,4.8
RMP4,2011-04-06,2300.0,4.74
RMP4,2011-04-06,2360.0,4.8
RMP4,2011-04-06,2420.0,4.17
RMP4,2011-04-06,2472.0,2.46
RMP4,2011-04-06,2530.0,0.76
RMP4,2011-04-06,2580.0,-2.54
RMP4,2011-04-06,2640.0,-3.54
RMP4,2011-04-06,2690.0,-3.74
RMP4,2011-04-06,2750.0,-3.74
RMP4,2011-04-06,2810.0,-3.04
RMP4,2011-04-06,2860.0,-2.04
RMP4,2011-04-06,2920.0,-1.94
RMP4,2011-04-06,2980.0,-1.34
RMP4,2011-04-06,3030.0,-1.34
RMP4,2011-04-06,3090.0,-2.54
RMP4,2011-04-06,3150.0,-2.54
RMP4,2011-04-06,3200.0,-5.54
RMP4,2011-04-06,3260.0,-5.54
RMP4,2011-04-06,3310.0,-8.54
RMP4,2011-04-06,3360.0,-8.94
RMP4,2011-04-06,3420.0,-9.54
RMP4,2011-04-06,3480.0,-11.54
RMP4,2011-04-06,3540.0,-12.94
RMP4,2011-04-06,3590.0,-14.04
RMP4,2011-04-06,3650.0,-14.24
RMP4,2011-04-06,3700.0,-14.54
RMP4,2011-04-06,3760.0,-15.04
RMP4,2011-04-06,3820.0,-15.54
RMP4,2011-04-06,3870.0,-15.54
RMP4,2011-04-06,3930.0,-15.54
RMP4,2011-04-06,3980.0,-15.54
RMP4,2011-04-06,4040.0,-14.54
RMP4,2011-04-06,4090.0,-14.54
RMP4,2011-04-06,4150.0,-14.54
RMP4,2011-04-06,4200.0,-14.14
RMP4,2011-04-06,4260.0,-14.54
RMP4,2011-04-06,4320.0,-13.54
RMP4,2011-04-06,4370.0,-13.54
RMP4,2011-04-06,4430.0,-12.54
RMP4,2011-04-06,4480.0,-11.54
RMP4,2011-04-06,4540.0,-11.14
RMP4,2011-04-06,4600.0,-11.24
RMP4,2011-04-06,4660.0,-10.54
RMP4,2011-04-06,4710.0,-10.04
RMP4,2011-04-06,4760.0,-9.74
RMP4,2011-04-06,4820.0,-9.54
RMP4,2011-04-06,4880.0,-9.54
RMP4,2011-04-06,4940.0,-9.24
RMP4,2011-04-06,5000.0,-9.24
RMP4,2011-04-06,5050.0,-9.14
RMP4,2011-04-06,5100.0,-8.54
RMP4,2011-04-06,5160.0,-8.54
RMP4,2011-04-06,5220.0,-8.54
RMP4,2011-04-06,5270.0,-8.54
RMP4,2011-04-06,5330.0,-8.24
RMP4,2011-04-06,5390.0,-7.24
RMP4,2011-04-06,5440.0,-6.54
RMP4,2011-04-06,5500.0,-6.04
RMP4,2011-04-06,5550.0,-6.04
RMP4,2011-04-06,5610.0,-5.54
RMP4,2011-04-06,5670.0,-6.54
RMP4,2011-04-06,5720.0,-7.14
RMP4,2011-04-06,5780.0,-6.54
RMP4,2011-04-06,5840.0,-6.54
RMP4,2011-04-06,5900.0,-6.54
RMP4,2011-04-06,5950.0,-5.54
RMP4,2011-04-06,6000.0,-5.54
RMP4,2011-04-06,6060.0,-3.34
RMP4,2011-04-06,6110.0,-2.54
RMP4,2011-04-06,6170.0,-2.54
RMP4,2011-04-06,6242.0,2.46
RMP4,2011-04-06,6270.0,4.15
RMP4,2011-04-06,6300.0,5.05
RMP4,2011-04-06,6360.0,6.01
RMP4,2011-04-06,6420.0,6.01
RMP4,2011-04-06,6480.0,6.15
RMP4,2011-04-06,6540.0,6.2
RMP4,2011-04-06,6600.0,6.24
RMP4,2011-04-06,6660.0,6.3
RMP4,2011-04-06,6720.0,6.4
RMP4,2011-04-06,6780.0,6.45
RMP4,2011-04-06,6840.0,6.5
RMP4,2011-04-06,6900.0,6.51
RMP4,2011-04-06,6960.0,6.52
RMP4,2011-04-06,7020.0,6.4
RMP4,2011-04-06,7080.0,6.41
RMP4,2011-04-06,7140.0,6.4
RMP4,2011-04-06,7200.0,6.36
RMP4,2011-04-06,7260.0,6.37
RMP4,2011-04-06,7320.0,6.5
RMP4,2011-04-06,7380.0,6.54
RMP4,2011-04-06,7440.0,6.45
RMP4,2011-04-06,7500.0,6.6
RMP4,2011-04-06,7560.0,6.51
RMP4,2011-04-06,7620.0,6.46
RMP4,2011-04-06,7680.0,6.5
RMP4,2011-04-06,7740.0,6.44
RMP4,2011-04-06,7800.0,6.39
RMP4,2011-04-06,7860.0,6.43
RMP4,2011-04-06,7920.0,6.34
RMP4,2011-04-06,7980.0,6.41
RMP4,2011-04-06,8040.0,6.45
RMP4,2011-04-06,8100.0,6.41
RMP4,2011-04-06,8160.0,6.48
RMP4,2011-04-06,8220.0,6.44
RMP4,2011-04-06,8280.0,6.52
RMP4,2011-04-06,8340.0,6.51
RMP4,2011-04-06,8400.0,6.49
RMP4,2011-04-06,8460.0,6.62
RMP4,2011-04-06,8520.0,6.61
RMP4,2011-04-06,8580.0,6.6
RMP4,2011-04-06,8640.0,6.55
RMP4,2011-04-06,8700.0,6.43
RMP4,2011-04-06,8760.0,6.39
RMP4,2011-04-06,8820.0,6.51
RMP4,2011-04-06,8880.0,6.52
RMP4,2011-04-06,8940.0,6.44
RMP4,2011-04-06,9000.0,6.38
RMP4,2011-04-06,9060.0,6.5
RMP4,2011-04-06,9120.0,6.52
RMP4,2011-04-06,9180.0,6.49
RMP4,2011-04-06,9240.0,6.55
RMP4,2011-04-06,9300.0,6.5
RMP4,2011-04-06,9360.0,6.49
RMP4,2011-04-06,9420.0,6.58
RMP4,2011-04-06,9480.0,6.41
RMP4,2011-04-06,9540.0,6.41
RMP4,2011-04-06,9600.0,6.42
RMP4,2011-04-06,9660.0,6.43
RMP4,2011-04-06,9720.0,6.6
RMP4,2011-04-06,9780.0,6.56
RMP4,2011-04-06,9840.0,6.4
RMP4,2011-04-06,9900.0,6.6
RMP4,2011-04-06,9960.0,6.62
RMP4,2011-04-06,10020.0,6.7
RMP4,2011-04-06,10080.0,6.71
RMP4,2011-04-06,10140.0,6.56
RMP4,2011-04-06,10200.0,6.49
RMP4,2011-04-06,10260.0,6.43
RMP4,2011-04-06,10320.0,6.56
RMP4,2011-04-06,10380.0,6.61
RMP4,2011-04-06,10440.0,6.66
RMP4,2011-04-06,10500.0,6.7
RMP4,2011-04-06,10560.0,6.72
RMP4,2011-04-06,10620.0,6.81
RMP4,2011-04-06,10680.0,6.52
RMP4,2011-04-06,10740.0,6.92
RMP4,2011-04-06,10800.0,7.01
RMP4,2011-04-06,10860.0,6.82
RMP4,2011-04-06,10920.0,6.72
RMP4,2011-04-06,10980.0,6.64
RMP4,2011-04-06,11040.0,6.72
RMP4,2011-04-06,11100.0,6.76
RMP4,2011-04-06,11160.0,6.61
RMP4,2011-04-06,11220.0,6.66
RMP4,2011-04-06,11280.0,6.5
RMP4,2011-04-06,11340.0,6.7
RMP4,2011-04-06,11400.0,6.75
RMP4,2011-04-06,11460.0,6.92
RMP4,2011-04-06,11520.0,6.97
RMP4,2011-04-06,11580.0,7.06
RMP4,2011-04-06,11640.0,7.16
RMP4,2011-04-06,11700.0,7.3
RMP4,2011-04-06,11760.0,7.39
RMP4,2011-04-06,11820.0,7.4
RMP4,2011-04-06,11880.0,7.49
RMP4,2011-04-06,11920.0,7.5
RMP4,2011-04-06,11980.0,7.6
RMP4,2011-04-06,12040.0,7.7
RMP4,2011-04-06,12100.0,7.9
RMP4,2011-04-06,12113.0,8.01
RMP4,2011-04-06,12113.0,8.31
RMP4,2012-02-05,0.0,7.6
RMP4,2012-02-05,0.0,7.49
RMP4,2012-02-05,15.0,7.12
RMP4,2012-02-05,23.0,7.31
RMP4,2012-02-05,23.0,7.49
RMP4,2012-02-05,40.0,3.2
RMP4,2012-02-05,50.0,3.22
RMP4,2012-02-05,60.0,3.09
RMP4,2012-02-05,70.0,3.5
RMP4,2012-02-05,80.0,3.55
RMP4,2012-02-05,140.0,6.11
RMP4,2012-02-05,200.0,6.3
RMP4,2012-02-05,260.0,6.32
RMP4,2012-02-05,320.0,6.43
RMP4,2012-02-05,380.0,6.44
RMP4,2012-02-05,440.0,6.39
RMP4,2012-02-05,500.0,6.42
RMP4,2012-02-05,560.0,6.48
RMP4,2012-02-05,620.0,6.66
RMP4,2012-02-05,680.0,6.47
RMP4,2012-02-05,740.0,6.55
RMP4,2012-02-05,800.0,6.49
RMP4,2012-02-05,860.0,6.65
RMP4,2012-02-05,920.0,6.4
RMP4,2012-02-05,980.0,6.46
RMP4,2012-02-05,1020.0,6.32
RMP4,2012-02-05,1080.0,5.9
RMP4,2012-02-05,1140.0,5.42
RMP4,2012-02-05,1200.0,3.24
RMP4,2012-02-05,1245.0,1.95
RMP4,2012-02-05,1250.0,1.25
RMP4,2012-02-05,1260.0,-0.05
RMP4,2012-02-05,1280.0,-0.75
RMP4,2012-02-05,1290.0,-1.05
RMP4,2012-02-05,1300.0,1.15
RMP4,2012-02-05,1310.0,1.15
RMP4,2012-02-05,1320.0,0.15
RMP4,2012-02-05,1330.0,-1.25
RMP4,2012-02-05,1340.0,-2.95
RMP4,2012-02-05,1350.0,-2.85
RMP4,2012-02-05,1360.0,-2.65
RMP4,2012-02-05,1370.0,-0.55
RMP4,2012-02-05,1380.0,0.45
RMP4,2012-02-05,1390.0,0.95
RMP4,2012-02-05,1405.0,1.95
RMP4,2012-02-05,1440.0,4.39
RMP4,2012-02-05,1500.0,4.7
RMP4,2012-02-05,1560.0,4.79
RMP4,2012-02-05,1620.0,4.66
RMP4,2012-02-05,1680.0,4.62
RMP4,2012-02-05,1740.0,4.66
RMP4,2012-02-05,1800.0,4.64
RMP4,2012-02-05,1860.0,4.7
RMP4,2012-02-05,1920.0,4.55
RMP4,2012-02-05,1980.0,4.49
RMP4,2012-02-05,2040.0,4.68
RMP4,2012-02-05,2100.0,4.49
RMP4,2012-02-05,2160.0,4.68
RMP4,2012-02-05,2220.0,4.79
RMP4,2012-02-05,2280.0,4.72
RMP4,2012-02-05,2340.0,4.79
RMP4,2012-02-05,2400.0,4.44
RMP4,2012-02-05,2460.0,4.14
RMP4,2012-02-05,2480.0,1.97
RMP4,2012-02-05,2550.0,0.77
RMP4,2012-02-05,2620.0,0.47
RMP4,2012-02-05,2690.0,-0.03
RMP4,2012-02-05,2770.0,-0.83
RMP4,2012-02-05,2840.0,-1.33
RMP4,2012-02-05,2910.0,-2.03
RMP4,2012-02-05,2980.0,-3.43
RMP4,2012-02-05,3060.0,-4.03
RMP4,2012-02-05,3130.0,-4.63
RMP4,2012-02-05,3200.0,-6.53
RMP4,2012-02-05,3270.0,-6.03
RMP4,2012-02-05,3340.0,-5.03
RMP4,2012-02-05,3410.0,-5.73
RMP4,2012-02-05,3490.0,-4.63
RMP4,2012-02-05,3560.0,-6.43
RMP4,2012-02-05,3630.0,-7.03
RMP4,2012-02-05,3700.0,-7.53
RMP4,2012-02-05,3770.0,-9.03
RMP4,2012-02-05,3850.0,-9.53
RMP4,2012-02-05,3920.0,-10.53
RMP4,2012-02-05,3990.0,-11.53
RMP4,2012-02-05,4060.0,-12.13
RMP4,2012-02-05,4140.0,-13.03
RMP4,2012-02-05,4200.0,-15.03
RMP4,2012-02-05,4280.0,-16.03
RMP4,2012-02-05,4350.0,-17.03
RMP4,2012-02-05,4420.0,-18.03
RMP4,2012-02-05,4490.0,-19.23
RMP4,2012-02-05,4570.0,-19.43
RMP4,2012-02-05,4640.0,-19.53
RMP4,2012-02-05,4710.0,-20.03
RMP4,2012-02-05,4780.0,-20.63
RMP4,2012-02-05,4860.0,-20.03
RMP4,2012-02-05,4930.0,-19.03
RMP4,2012-02-05,5000.0,-19.23
RMP4,2012-02-05,5070.0,-18.03
RMP4,2012-02-05,5140.0,-17.33
RMP4,2012-02-05,5220.0,-17.23
RMP4,2012-02-05,5290.0,-16.13
RMP4,2012-02-05,5360.0,-12.03
RMP4,2012-02-05,5430.0,-8.03
RMP4,2012-02-05,5500.0,-5.53
RMP4,2012-02-05,5560.0,-2.23
RMP4,2012-02-05,5650.0,-2.03
RMP4,2012-02-05,5720.0,-1.83
RMP4,2012-02-05,5790.0,-2.13
RMP4,2012-02-05,5860.0,-0.73
RMP4,2012-02-05,5940.0,-1.03
RMP4,2012-02-05,6000.0,0.17
RMP4,2012-02-05,6070.0,0.27
RMP4,2012-02-05,6150.0,1.97
RMP4,2012-02-05,6200.0,4.28
RMP4,2012-02-05,6260.0,4.17
RMP4,2012-02-05,6320.0,6.01
RMP4,2012-02-05,6380.0,6.09
RMP4,2012-02-05,6440.0,6.22
RMP4,2012-02-05,6500.0,6.07
RMP4,2012-02-05,6560.0,6.17
RMP4,2012-02-05,6620.0,6.15
RMP4,2012-02-05,6680.0,6.23
RMP4,2012-02-05,6740.0,6.4
RMP4,2012-02-05,6800.0,6.5
RMP4,2012-02-05,6860.0,6.49
RMP4,2012-02-05,6920.0,6.5
RMP4,2012-02-05,6980.0,6.4
RMP4,2012-02-05,7040.0,6.44
RMP4,2012-02-05,7100.0,6.28
RMP4,2012-02-05,7160.0,6.26
RMP4,2012-02-05,7220.0,6.24
RMP4,2012-02-05,7280.0,6.34
RMP4,2012-02-05,7340.0,6.5
RMP4,2012-02-05,7400.0,6.62
RMP4,2012-02-05,7460.0,6.49
RMP4,2012-02-05,7520.0,6.58
RMP4,2012-02-05,7540.0,6.46
RMP4,2012-02-05,7580.0,6.42
RMP4,2012-02-05,7600.0,6.43
RMP4,2012-02-05,7660.0,6.38
RMP4,2012-02-05,7720.0,6.31
RMP4,2012-02-05,7780.0,6.37
RMP4,2012-02-05,7840.0,6.29
RMP4,2012-02-05,7900.0,6.36
RMP4,2012-02-05,7960.0,6.38
RMP4,2012-02-05,8020.0,6.4
RMP4,2012-02-05,8080.0,6.29
RMP4,2012-02-05,8140.0,6.4
RMP4,2012-02-05,8200.0,6.49
RMP4,2012-02-05,8260.0,6.48
RMP4,2012-02-05,8320.0,6.42
RMP4,2012-02-05,8380.0,6.31
RMP4,2012-02-05,8440.0,6.55
RMP4,2012-02-05,8500.0,6.58
RMP4,2012-02-05,8560.0,6.6
RMP4,2012-02-05,8620.0,6.47
RMP4,2012-02-05,8680.0,6.4
RMP4,2012-02-05,8740.0,6.29
RMP4,2012-02-05,8800.0,6.5
RMP4,2012-02-05,8860.0,6.55
RMP4,2012-02-05,8920.0,6.47
RMP4,2012-02-05,8980.0,6.27
RMP4,2012-02-05,9040.0,6.5
RMP4,2012-02-05,9100.0,6.39
RMP4,2012-02-05,9160.0,6.42
RMP4,2012-02-05,9220.0,6.62
RMP4,2012-02-05,9280.0,6.49
RMP4,2012-02-05,9340.0,6.5
RMP4,2012-02-05,9400.0,6.58
RMP4,2012-02-05,9460.0,6.7
RMP4,2012-02-05,9500.0,6.38
RMP4,2012-02-05,9560.0,6.44
RMP4,2012-02-05,9620.0,6.4
RMP4,2012-02-05,9680.0,6.46
RMP4,2012-02-05,9740.0,6.5
RMP4,2012-02-05,9800.0,6.6
RMP4,2012-02-05,9860.0,6.4
RMP4,2012-02-05,9920.0,6.61
RMP4,2012-02-05,9980.0,6.7
RMP4,2012-02-05,10040.0,6.72
RMP4,2012-02-05,10100.0,6.7
RMP4,2012-02-05,10160.0,6.6
RMP4,2012-02-05,10220.0,6.5
RMP4,2012-02-05,10280.0,6.28
RMP4,2012-02-05,10340.0,6.42
RMP4,2012-02-05,10400.0,6.55
RMP4,2012-02-05,10460.0,6.66
RMP4,2012-02-05,10520.0,6.7
RMP4,2012-02-05,10580.0,6.7
RMP4,2012-02-05,10640.0,6.78
RMP4,2012-02-05,10700.0,6.59
RMP4,2012-02-05,10760.0,6.89
RMP4,2012-02-05,10820.0,6.92
RMP4,2012-02-05,10880.0,6.9
RMP4,2012-02-05,10940.0,6.7
RMP4,2012-02-05,11000.0,6.68
RMP4,2012-02-05,11060.0,6.77
RMP4,2012-02-05,11120.0,6.65
RMP4,2012-02-05,11180.0,6.49
RMP4,2012-02-05,11240.0,6.7
RMP4,2012-02-05,11300.0,6.5
RMP4,2012-02-05,11360.0,6.8
RMP4,2012-02-05,11420.0,6.72
RMP4,2012-02-05,11480.0,6.92
RMP4,2012-02-05,11540.0,7.11
RMP4,2012-02-05,11600.0,7.05
RMP4,2012-02-05,11660.0,7.2
RMP4,2012-02-05,11720.0,7.26
RMP4,2012-02-05,11780.0,7.4
RMP4,2012-02-05,11840.0,7.34
RMP4,2012-02-05,11910.0,7.62
RMP4,2012-02-05,11960.0,7.58
RMP4,2012-02-05,12020.0,7.7
RMP4,2012-02-05,12050.0,7.79
RMP4,2012-02-05,12100.0,7.86
RMP4,2012-02-05,12113.0,8.01
RMP4,2012-02-05,12113.0,8.31
RMP4,2013-02-10,0.0,7.6
RMP4,2013-02-10,0.0,7.49
RMP4,2013-02-10,23.0,7.31
RMP4,2013-02-10,23.0,7.49
RMP4,2013-02-10,40.0,3.24
RMP4,2013-02-10,50.0,3.2
RMP4,2013-02-10,60.0,3.1
RMP4,2013-02-10,70.0,3.52
RMP4,2013-02-10,80.0,3.56
RMP4,2013-02-10,140.0,6.16
RMP4,2013-02-10,200.0,6.26
RMP4,2013-02-10,260.0,6.28
RMP4,2013-02-10,320.0,6.41
RMP4,2013-02-10,380.0,6.39
RMP4,2013-02-10,440.0,6.4
RMP4,2013-02-10,500.0,6.46
RMP4,2013-02-10,560.0,6.5
RMP4,2013-02-10,620.0,6.68
RMP4,2013-02-10,680.0,6.52
RMP4,2013-02-10,740.0,6.61
RMP4,2013-02-10,800.0,6.55
RMP4,2013-02-10,860.0,6.62
RMP4,2013-02-10,920.0,6.4
RMP4,2013-02-10,980.0,6.42
RMP4,2013-02-10,1040.0,6.36
RMP4,2013-02-10,1100.0,5.49
RMP4,2013-02-10,1160.0,5.11
RMP4,2013-02-10,1220.0,4.23
RMP4,2013-02-10,1228.0,2.08
RMP4,2013-02-10,1230.0,1.08
RMP4,2013-02-10,1240.0,-0.62
RMP4,2013-02-10,1250.0,-0.92
RMP4,2013-02-10,1260.0,-1.02
RMP4,2013-02-10,1270.0,-1.22
RMP4,2013-02-10,1280.0,-0.92
RMP4,2013-02-10,1290.0,-0.62
RMP4,2013-02-10,1300.0,-0.62
RMP4,2013-02-10,1310.0,-0.72
RMP4,2013-02-10,1320.0,-0.82
RMP4,2013-02-10,1330.0,-0.72
RMP4,2013-02-10,1340.0,-0.82
RMP4,2013-02-10,1350.0,-0.02
RMP4,2013-02-10,1360.0,1.58
RMP4,2013-02-10,1375.0,2.08
RMP4,2013-02-10,1400.0,4.09
RMP4,2013-02-10,1460.0,4.29
RMP4,2013-02-10,1520.0,4.62
RMP4,2013-02-10,1580.0,4.69
RMP4,2013-02-10,1640.0,4.7
RMP4,2013-02-10,1700.0,4.68
RMP4,2013-02-10,1760.0,4.62
RMP4,2013-02-10,1820.0,4.68
RMP4,2013-02-10,1880.0,4.72
RMP4,2013-02-10,1940.0,4.59
RMP4,2013-02-10,2000.0,4.48
RMP4,2013-02-10,2060.0,4.64
RMP4,2013-02-10,2120.0,4.46
RMP4,2013-02-10,2180.0,4.62
RMP4,2013-02-10,2240.0,4.72
RMP4,2013-02-10,2300.0,4.7
RMP4,2013-02-10,2360.0,4.49
RMP4,2013-02-10,2420.0,4.38
RMP4,2013-02-10,2480.0,4.21
RMP4,2013-02-10,2520.0,3.06
RMP4,2013-02-10,2534.0,2.1
RMP4,2013-02-10,2600.0,1.3
RMP4,2013-02-10,2660.0,-0.2
RMP4,2013-02-10,2730.0,-1.5
RMP4,2013-02-10,2800.0,-2.7
RMP4,2013-02-10,2870.0,-4.4
RMP4,2013-02-10,2930.0,-5.8
RMP4,2013-02-10,3000.0,-5.5
RMP4,2013-02-10,3070.0,-4.2
RMP4,2013-02-10,3140.0,-4.5
RMP4,2013-02-10,3200.0,-4.7
RMP4,2013-02-10,3270.0,-5.0
RMP4,2013-02-10,3340.0,-5.2
RMP4,2013-02-10,3410.0,-5.7
RMP4,2013-02-10,3470.0,-7.8
RMP4,2013-02-10,3540.0,-8.1
RMP4,2013-02-10,3610.0,-9.6
RMP4,2013-02-10,3680.0,-10.6
RMP4,2013-02-10,3740.0,-9.8
RMP4,2013-02-10,3810.0,-9.9
RMP4,2013-02-10,3880.0,-11.2
RMP4,2013-02-10,3950.0,-13.4
RMP4,2013-02-10,4010.0,-14.7
RMP4,2013-02-10,4080.0,-15.0
RMP4,2013-02-10,4150.0,-14.6
RMP4,2013-02-10,4220.0,-12.9
RMP4,2013-02-10,4280.0,-13.7
RMP4,2013-02-10,4350.0,-15.0
RMP4,2013-02-10,4420.0,-15.9
RMP4,2013-02-10,4490.0,-15.4
RMP4,2013-02-10,4550.0,-15.1
RMP4,2013-02-10,4620.0,-13.9
RMP4,2013-02-10,4690.0,-13.2
RMP4,2013-02-10,4760.0,-11.9
RMP4,2013-02-10,4820.0,-14.3
RMP4,2013-02-10,4890.0,-10.5
RMP4,2013-02-10,4960.0,-9.4
RMP4,2013-02-10,5030.0,-8.1
RMP4,2013-02-10,5090.0,-6.8
RMP4,2013-02-10,5160.0,-5.6
RMP4,2013-02-10,5230.0,-4.3
RMP4,2013-02-10,5300.0,-3.7
RMP4,2013-02-10,5360.0,-3.0
RMP4,2013-02-10,5430.0,-2.6
RMP4,2013-02-10,5500.0,-2.1
RMP4,2013-02-10,5570.0,-1.4
RMP4,2013-02-10,5630.0,-0.9
RMP4,2013-02-10,5700.0,-0.5
RMP4,2013-02-10,5770.0,0.1
RMP4,2013-02-10,5840.0,0.3
RMP4,2013-02-10,5900.0,0.6
RMP4,2013-02-10,5970.0,0.9
RMP4,2013-02-10,6045.0,2.1
RMP4,2013-02-10,6070.0,3.26
RMP4,2013-02-10,6100.0,3.96
RMP4,2013-02-10,6160.0,4.28
RMP4,2013-02-10,6220.0,4.24
RMP4,2013-02-10,6280.0,4.22
RMP4,2013-02-10,6340.0,5.92
RMP4,2013-02-10,6400.0,6.2
RMP4,2013-02-10,6460.0,6.12
RMP4,2013-02-10,6520.0,6.18
RMP4,2013-02-10,6580.0,6.15
RMP4,2013-02-10,6640.0,6.06
RMP4,2013-02-10,6700.0,6.36
RMP4,2013-02-10,6760.0,6.49
RMP4,2013-02-10,6820.0,6.55
RMP4,2013-02-10,6880.0,6.48
RMP4,2013-02-10,6940.0,6.46
RMP4,2013-02-10,7000.0,6.63
RMP4,2013-02-10,7060.0,6.42
RMP4,2013-02-10,7120.0,6.24
RMP4,2013-02-10,7180.0,6.28
RMP4,2013-02-10,7240.0,6.19
RMP4,2013-02-10,7300.0,6.44
RMP4,2013-02-10,7360.0,6.47
RMP4,2013-02-10,7420.0,6.58
RMP4,2013-02-10,7480.0,6.55
RMP4,2013-02-10,7540.0,6.72
RMP4,2013-02-10,7600.0,6.47
RMP4,2013-02-10,7660.0,6.42
RMP4,2013-02-10,7720.0,6.24
RMP4,2013-02-10,7780.0,6.27
RMP4,2013-02-10,7840.0,6.26
RMP4,2013-02-10,7900.0,6.39
RMP4,2013-02-10,7960.0,6.37
RMP4,2013-02-10,8020.0,6.45
RMP4,2013-02-10,8080.0,6.36
RMP4,2013-02-10,8140.0,6.29
RMP4,2013-02-10,8200.0,6.39
RMP4,2013-02-10,8260.0,6.46
RMP4,2013-02-10,8320.0,6.29
RMP4,2013-02-10,8380.0,6.34
RMP4,2013-02-10,8440.0,6.45
RMP4,2013-02-10,8500.0,6.6
RMP4,2013-02-10,8560.0,6.62
RMP4,2013-02-10,8620.0,6.49
RMP4,2013-02-10,8680.0,6.36
RMP4,2013-02-10,8740.0,6.41
RMP4,2013-02-10,8800.0,6.47
RMP4,2013-02-10,8860.0,6.43
RMP4,2013-02-10,8920.0,6.27
RMP4,2013-02-10,8980.0,6.22
RMP4,2013-02-10,9040.0,6.44
RMP4,2013-02-10,9100.0,6.42
RMP4,2013-02-10,9160.0,6.34
RMP4,2013-02-10,9220.0,6.58
RMP4,2013-02-10,9280.0,6.54
RMP4,2013-02-10,9340.0,6.28
RMP4,2013-02-10,9400.0,6.62
RMP4,2013-02-10,9460.0,6.72
RMP4,2013-02-10,9520.0,6.4
RMP4,2013-02-10,9580.0,6.47
RMP4,2013-02-10,9640.0,6.37
RMP4,2013-02-10,9700.0,6.26
RMP4,2013-02-10,9760.0,6.48
RMP4,2013-02-10,9820.0,6.46
RMP4,2013-02-10,9880.0,6.29
RMP4,2013-02-10,9940.0,6.37
RMP4,2013-02-10,10000.0,6.59
RMP4,2013-02-10,10060.0,6.66
RMP4,2013-02-10,10120.0,6.68
RMP4,2013-02-10,10180.0,6.44
RMP4,2013-02-10,10240.0,6.62
RMP4,2013-02-10,10300.0,6.24
RMP4,2013-02-10,10360.0,6.39
RMP4,2013-02-10,10420.0,6.49
RMP4,2013-02-10,10480.0,6.56
RMP4,2013-02-10,10540.0,6.67
RMP4,2013-02-10,10600.0,6.7
RMP4,2013-02-10,10660.0,6.76
RMP4,2013-02-10,10720.0,6.54
RMP4,2013-02-10,10780.0,6.92
RMP4,2013-02-10,10840.0,6.85
RMP4,2013-02-10,10900.0,6.68
RMP4,2013-02-10,10960.0,6.7
RMP4,2013-02-10,11020.0,6.74
RMP4,2013-02-10,11080.0,6.49
RMP4,2013-02-10,11140.0,6.58
RMP4,2013-02-10,11200.0,6.22
RMP4,2013-02-10,11260.0,6.68
RMP4,2013-02-10,11320.0,6.48
RMP4,2013-02-10,11380.0,6.76
RMP4,2013-02-10,11420.0,6.7
RMP4,2013-02-10,11480.0,6.49
RMP4,2013-02-10,11540.0,7.16
RMP4,2013-02-10,11600.0,7.05
RMP4,2013-02-10,11660.0,7.24
RMP4,2013-02-10,11720.0,7.24
RMP4,2013-02-10,11780.0,7.44
RMP4,2013-02-10,11840.0,7.36
RMP4,2013-02-10,11900.0,7.42
RMP4,2013-02-10,11960.0,7.52
RMP4,2013-02-10,12020.0,7.66
RMP4,2013-02-10,12080.0,7.69
RMP4,2013-02-10,12100.0,7.84
RMP4,2013-02-10,12113.0,8.01
RMP4,2013-02-10,12113.0,8.31
RMP4,2014-04-24,0.0,7.6
RMP4,2014-04-24,0.0,7.49
RMP4,2014-04-24,15.0,7.5
RMP4,2014-04-24,23.0,7.31
RMP4,2014-04-24,23.0,7.49
RMP4,2014-04-24,30.0,6.79
RMP4,2014-04-24,40.0,6.6
RMP4,2014-04-24,50.0,3.7
RMP4,2014-04-24,60.0,3.3
RMP4,2014-04-24,70.0,3.1
RMP4,2014-04-24,80.0,3.3
RMP4,2014-04-24,90.0,3.7
RMP4,2014-04-24,100.0,5.2
RMP4,2014-04-24,160.0,6.19
RMP4,2014-04-24,220.0,6.3
RMP4,2014-04-24,280.0,6.24
RMP4,2014-04-24,340.0,6.5
RMP4,2014-04-24,400.0,6.4
RMP4,2014-04-24,460.0,6.44
RMP4,2014-04-24,520.0,6.42
RMP4,2014-04-24,580.0,6.5
RMP4,2014-04-24,640.0,6.7
RMP4,2014-04-24,700.0,6.64
RMP4,2014-04-24,760.0,6.55
RMP4,2014-04-24,820.0,6.52
RMP4,2014-04-24,880.0,6.6
RMP4,2014-04-24,940.0,6.44
RMP4,2014-04-24,1000.0,6.41
RMP4,2014-04-24,1060.0,5.5
RMP4,2014-04-24,1120.0,5.2
RMP4,2014-04-24,1150.0,4.56
RMP4,2014-04-24,1160.0,2.3
RMP4,2014-04-24,1170.0,1.3
RMP4,2014-04-24,1180.0,0.8
RMP4,2014-04-24,1190.0,0.6
RMP4,2014-04-24,1210.0,-0.2
RMP4,2014-04-24,1220.0,-0.5
RMP4,2014-04-24,1230.0,-1.0
RMP4,2014-04-24,1240.0,-1.6
RMP4,2014-04-24,1250.0,-1.7
RMP4,2014-04-24,1270.0,-1.9
RMP4,2014-04-24,1280.0,-2.4
RMP4,2014-04-24,1290.0,-3.2
RMP4,2014-04-24,1300.0,-3.0
RMP4,2014-04-24,1320.0,-3.1
RMP4,2014-04-24,1330.0,-2.5
RMP4,2014-04-24,1340.0,-1.9
RMP4,2014-04-24,1350.0,-1.4
RMP4,2014-04-24,1370.0,-0.7
RMP4,2014-04-24,1380.0,0.1
RMP4,2014-04-24,1390.0,1.0
RMP4,2014-04-24,1395.0,1.5
RMP4,2014-04-24,1405.0,2.3
RMP4,2014-04-24,1420.0,4.28
RMP4,2014-04-24,1430.0,4.37
RMP4,2014-04-24,1460.0,4.28
RMP4,2014-04-24,1520.0,4.6
RMP4,2014-04-24,1580.0,4.7
RMP4,2014-04-24,1640.0,4.64
RMP4,2014-04-24,1700.0,4.74
RMP4,2014-04-24,1760.0,4.56
RMP4,2014-04-24,1820.0,4.7
RMP4,2014-04-24,1880.0,4.64
RMP4,2014-04-24,1940.0,4.6
RMP4,2014-04-24,2000.0,4.5
RMP4,2014-04-24,2060.0,4.64
RMP4,2014-04-24,2120.0,4.5
RMP4,2014-04-24,2180.0,4.6
RMP4,2014-04-24,2240.0,4.7
RMP4,2014-04-24,2300.0,4.66
RMP4,2014-04-24,2360.0,4.5
RMP4,2014-04-24,2420.0,4.4
RMP4,2014-04-24,2480.0,4.3
RMP4,2014-04-24,2540.0,4.19
RMP4,2014-04-24,2600.0,3.79
RMP4,2014-04-24,2630.0,3.39
RMP4,2014-04-24,2637.0,2.25
RMP4,2014-04-24,2680.0,1.55
RMP4,2014-04-24,2700.0,1.15
RMP4,2014-04-24,2740.0,0.85
RMP4,2014-04-24,2770.0,0.95
RMP4,2014-04-24,2810.0,0.75
RMP4,2014-04-24,2840.0,1.05
RMP4,2014-04-24,2880.0,0.55
RMP4,2014-04-24,2910.0,0.45
RMP4,2014-04-24,2950.0,-0.05
RMP4,2014-04-24,2990.0,-0.25
RMP4,2014-04-24,3020.0,-0.75
RMP4,2014-04-24,3050.0,-1.25
RMP4,2014-04-24,3090.0,-1.85
RMP4,2014-04-24,3120.0,-2.15
RMP4,2014-04-24,3160.0,-2.75
RMP4,2014-04-24,3190.0,-3.55
RMP4,2014-04-24,3230.0,-4.05
RMP4,2014-04-24,3260.0,-5.25
RMP4,2014-04-24,3290.0,-5.95
RMP4,2014-04-24,3330.0,-5.25
RMP4,2014-04-24,3360.0,-1.85
RMP4,2014-04-24,3400.0,-1.15
RMP4,2014-04-24,3440.0,-0.65
RMP4,2014-04-24,3470.0,-2.35
RMP4,2014-04-24,3500.0,-3.45
RMP4,2014-04-24,3540.0,-3.95
RMP4,2014-04-24,3570.0,-5.35
RMP4,2014-04-24,3600.0,-5.15
RMP4,2014-04-24,3640.0,-5.65
RMP4,2014-04-24,3680.0,-5.85
RMP4,2014-04-24,3710.0,-7.15
RMP4,2014-04-24,3750.0,-7.75
RMP4,2014-04-24,3780.0,-7.65
RMP4,2014-04-24,3820.0,-9.05
RMP4,2014-04-24,3850.0,-9.25
RMP4,2014-04-24,3880.0,-9.05
RMP4,2014-04-24,3920.0,-9.65
RMP4,2014-04-24,3950.0,-10.05
RMP4,2014-04-24,3990.0,-10.45
RMP4,2014-04-24,4020.0,-11.25
RMP4,2014-04-24,4060.0,-11.75
RMP4,2014-04-24,4100.0,-12.55
RMP4,2014-04-24,4130.0,-12.75
RMP4,2014-04-24,4160.0,-13.25
RMP4,2014-04-24,4200.0,-13.45
RMP4,2014-04-24,4230.0,-14.25
RMP4,2014-04-24,4270.0,-15.45
RMP4,2014-04-24,4300.0,-15.65
RMP4,2014-04-24,4340.0,-16.05
RMP4,2014-04-24,4370.0,-16.55
RMP4,2014-04-24,4410.0,-15.35
RMP4,2014-04-24,4440.0,-14.05
RMP4,2014-04-24,4470.0,-9.15
RMP4,2014-04-24,4510.0,-7.45
RMP4,2014-04-24,4550.0,-4.65
RMP4,2014-04-24,4580.0,-3.25
RMP4,2014-04-24,4620.0,-2.55
RMP4,2014-04-24,4650.0,-1.45
RMP4,2014-04-24,4680.0,0.05
RMP4,2014-04-24,4720.0,1.05
RMP4,2014-04-24,4757.0,2.25
RMP4,2014-04-24,4770.0,3.36
RMP4,2014-04-24,4800.0,3.86
RMP4,2014-04-24,4860.0,4.41
RMP4,2014-04-24,4920.0,4.28
RMP4,2014-04-24,4980.0,4.42
RMP4,2014-04-24,5040.0,4.48
RMP4,2014-04-24,5100.0,4.6
RMP4,2014-04-24,5160.0,4.7
RMP4,2014-04-24,5220.0,4.64
RMP4,2014-04-24,5280.0,4.74
RMP4,2014-04-24,5340.0,4.78
RMP4,2014-04-24,5400.0,4.84
RMP4,2014-04-24,5460.0,4.48
RMP4,2014-04-24,5520.0,4.5
RMP4,2014-04-24,5580.0,4.55
RMP4,2014-04-24,5640.0,4.72
RMP4,2014-04-24,5700.0,4.91
RMP4,2014-04-24,5760.0,4.94
RMP4,2014-04-24,5820.0,4.98
RMP4,2014-04-24,5880.0,5.28
RMP4,2014-04-24,5940.0,5.7
RMP4,2014-04-24,6000.0,5.5
RMP4,2014-04-24,6060.0,5.78
RMP4,2014-04-24,6120.0,5.86
RMP4,2014-04-24,6180.0,5.26
RMP4,2014-04-24,6240.0,5.4
RMP4,2014-04-24,6300.0,5.66
RMP4,2014-04-24,6360.0,5.09
RMP4,2014-04-24,6420.0,5.19
RMP4,2014-04-24,6480.0,5.28
RMP4,2014-04-24,6540.0,5.43
RMP4,2014-04-24,6600.0,5.89
RMP4,2014-04-24,6660.0,6.28
RMP4,2014-04-24,6720.0,6.15
RMP4,2014-04-24,6780.0,6.41
RMP4,2014-04-24,6840.0,6.49
RMP4,2014-04-24,6900.0,6.6
RMP4,2014-04-24,6960.0,6.62
RMP4,2014-04-24,7020.0,6.4
RMP4,2014-04-24,7080.0,6.39
RMP4,2014-04-24,7140.0,6.28
RMP4,2014-04-24,7200.0,6.24
RMP4,2014-04-24,7260.0,6.44
RMP4,2014-04-24,7320.0,6.5
RMP4,2014-04-24,7380.0,6.56
RMP4,2014-04-24,7440.0,6.44
RMP4,2014-04-24,7500.0,6.68
RMP4,2014-04-24,7560.0,6.72
RMP4,2014-04-24,7620.0,6.55
RMP4,2014-04-24,7680.0,6.44
RMP4,2014-04-24,7740.0,6.3
RMP4,2014-04-24,7800.0,6.26
RMP4,2014-04-24,7860.0,6.24
RMP4,2014-04-24,7920.0,6.36
RMP4,2014-04-24,7980.0,6.42
RMP4,2014-04-24,8040.0,6.41
RMP4,2014-04-24,8100.0,6.36
RMP4,2014-04-24,8160.0,6.32
RMP4,2014-04-24,8220.0,6.36
RMP4,2014-04-24,8280.0,6.26
RMP4,2014-04-24,8340.0,6.28
RMP4,2014-04-24,8400.0,6.4
RMP4,2014-04-24,8460.0,6.42
RMP4,2014-04-24,8520.0,6.56
RMP4,2014-04-24,8580.0,6.6
RMP4,2014-04-24,8640.0,6.5
RMP4,2014-04-24,8700.0,6.4
RMP4,2014-04-24,8760.0,6.32
RMP4,2014-04-24,8820.0,6.39
RMP4,2014-04-24,8880.0,6.5
RMP4,2014-04-24,8940.0,6.42
RMP4,2014-04-24,9000.0,6.28
RMP4,2014-04-24,9060.0,6.18
RMP4,2014-04-24,9120.0,6.26
RMP4,2014-04-24,9180.0,6.42
RMP4,2014-04-24,9240.0,6.48
RMP4,2014-04-24,9300.0,6.36
RMP4,2014-04-24,9360.0,6.63
RMP4,2014-04-24,9420.0,6.7
RMP4,2014-04-24,9480.0,6.48
RMP4,2014-04-24,9540.0,6.54
RMP4,2014-04-24,9600.0,6.45
RMP4,2014-04-24,9660.0,6.59
RMP4,2014-04-24,9720.0,6.61
RMP4,2014-04-24,9780.0,6.7
RMP4,2014-04-24,9840.0,6.72
RMP4,2014-04-24,9900.0,6.6
RMP4,2014-04-24,9960.0,6.51
RMP4,2014-04-24,10020.0,6.26
RMP4,2014-04-24,10080.0,6.2
RMP4,2014-04-24,10140.0,6.26
RMP4,2014-04-24,10200.0,6.39
RMP4,2014-04-24,10260.0,6.28
RMP4,2014-04-24,10320.0,6.48
RMP4,2014-04-24,10380.0,6.44
RMP4,2014-04-24,10440.0,6.5
RMP4,2014-04-24,10500.0,6.55
RMP4,2014-04-24,10560.0,6.61
RMP4,2014-04-24,10620.0,6.68
RMP4,2014-04-24,10680.0,6.7
RMP4,2014-04-24,10740.0,6.74
RMP4,2014-04-24,10800.0,6.84
RMP4,2014-04-24,10860.0,6.9
RMP4,2014-04-24,10920.0,6.55
RMP4,2014-04-24,10980.0,6.4
RMP4,2014-04-24,11040.0,6.44
RMP4,2014-04-24,11100.0,6.28
RMP4,2014-04-24,11160.0,6.8
RMP4,2014-04-24,11220.0,6.77
RMP4,2014-04-24,11280.0,6.69
RMP4,2014-04-24,11340.0,6.84
RMP4,2014-04-24,11400.0,6.6
RMP4,2014-04-24,11460.0,6.5
RMP4,2014-04-24,11520.0,7.2
RMP4,2014-04-24,11580.0,7.16
RMP4,2014-04-24,11640.0,7.3
RMP4,2014-04-24,11700.0,7.24
RMP4,2014-04-24,11760.0,7.32
RMP4,2014-04-24,11820.0,7.4
RMP4,2014-04-24,11880.0,7.5
RMP4,2014-04-24,11940.0,7.54
RMP4,2014-04-24,12000.0,7.68
RMP4,2014-04-24,12060.0,7.7
RMP4,2014-04-24,12113.0,8.01
RMP4,2014-04-24,12113.0,8.31
RMP4,2015-02-02,0.0,7.6
RMP4,2015-02-02,0.0,7.49
RMP4,2015-02-02,15.0,7.54
RMP4,2015-02-02,20.0,7.56
RMP4,2015-02-02,23.0,7.31
RMP4,2015-02-02,23.0,7.49
RMP4,2015-02-02,30.0,6.82
RMP4,2015-02-02,40.0,6.7
RMP4,2015-02-02,50.0,4.4
RMP4,2015-02-02,60.0,3.7
RMP4,2015-02-02,70.0,3.3
RMP4,2015-02-02,80.0,3.9
RMP4,2015-02-02,90.0,4.04
RMP4,2015-02-02,100.0,5.1
RMP4,2015-02-02,150.0,5.7
RMP4,2015-02-02,200.0,6.24
RMP4,2015-02-02,250.0,6.4
RMP4,2015-02-02,300.0,6.44
RMP4,2015-02-02,350.0,6.46
RMP4,2015-02-02,400.0,6.5
RMP4,2015-02-02,450.0,6.64
RMP4,2015-02-02,500.0,6.6
RMP4,2015-02-02,550.0,6.66
RMP4,2015-02-02,600.0,6.54
RMP4,2015-02-02,650.0,6.5
RMP4,2015-02-02,700.0,6.4
RMP4,2015-02-02,715.0,5.3
RMP4,2015-02-02,721.0,2.85
RMP4,2015-02-02,740.0,1.85
RMP4,2015-02-02,760.0,1.35
RMP4,2015-02-02,780.0,0.25
RMP4,2015-02-02,800.0,-2.05
RMP4,2015-02-02,820.0,-4.75
RMP4,2015-02-02,840.0,-5.25
RMP4,2015-02-02,860.0,-7.35
RMP4,2015-02-02,880.0,-5.65
RMP4,2015-02-02,900.0,-3.55
RMP4,2015-02-02,920.0,-4.25
RMP4,2015-02-02,940.0,-3.35
RMP4,2015-02-02,960.0,-3.65
RMP4,2015-02-02,980.0,-4.25
RMP4,2015-02-02,1000.0,-4.15
RMP4,2015-02-02,1020.0,-3.45
RMP4,2015-02-02,1040.0,-3.35
RMP4,2015-02-02,1060.0,-3.25
RMP4,2015-02-02,1080.0,-1.95
RMP4,2015-02-02,1100.0,-1.25
RMP4,2015-02-02,1130.0,-0.35
RMP4,2015-02-02,1150.0,-0.15
RMP4,2015-02-02,1170.0,1.25
RMP4,2015-02-02,1190.0,1.95
RMP4,2015-02-02,1209.0,2.85
RMP4,2015-02-02,1220.0,3.47
RMP4,2015-02-02,1250.0,4.3
RMP4,2015-02-02,1300.0,4.36
RMP4,2015-02-02,1350.0,4.44
RMP4,2015-02-02,1400.0,4.6
RMP4,2015-02-02,1450.0,4.66
RMP4,2015-02-02,1500.0,4.56
RMP4,2015-02-02,1550.0,4.62
RMP4,2015-02-02,1600.0,4.7
RMP4,2015-02-02,1650.0,4.68
RMP4,2015-02-02,1700.0,4.55
RMP4,2015-02-02,1750.0,4.49
RMP4,2015-02-02,1800.0,4.8
RMP4,2015-02-02,1850.0,4.88
RMP4,2015-02-02,1900.0,4.46
RMP4,2015-02-02,1950.0,4.4
RMP4,2015-02-02,2000.0,4.28
RMP4,2015-02-02,2050.0,4.08
RMP4,2015-02-02,2100.0,4.26
RMP4,2015-02-02,2150.0,4.36
RMP4,2015-02-02,2200.0,4.45
RMP4,2015-02-02,2250.0,4.37
RMP4,2015-02-02,2300.0,4.42
RMP4,2015-02-02,2350.0,4.46
RMP4,2015-02-02,2400.0,4.55
RMP4,2015-02-02,2450.0,4.58
RMP4,2015-02-02,2500.0,4.5
RMP4,2015-02-02,2550.0,4.42
RMP4,2015-02-02,2600.0,4.29
RMP4,2015-02-02,2650.0,4.36
RMP4,2015-02-02,2700.0,4.39
RMP4,2015-02-02,2750.0,4.4
RMP4,2015-02-02,2800.0,4.16
RMP4,2015-02-02,2850.0,3.7
RMP4,2015-02-02,2857.0,3.29
RMP4,2015-02-02,2861.0,2.84
RMP4,2015-02-02,2900.0,2.34
RMP4,2015-02-02,2940.0,1.74
RMP4,2015-02-02,2990.0,1.44
RMP4,2015-02-02,3030.0,1.54
RMP4,2015-02-02,3070.0,1.74
RMP4,2015-02-02,3110.0,1.94
RMP4,2015-02-02,3150.0,2.04
RMP4,2015-02-02,3200.0,1.74
RMP4,2015-02-02,3240.0,1.74
RMP4,2015-02-02,3280.0,1.64
RMP4,2015-02-02,3320.0,1.74
RMP4,2015-02-02,3360.0,1.74
RMP4,2015-02-02,3400.0,1.64
RMP4,2015-02-02,3440.0,1.74
RMP4,2015-02-02,3490.0,1.54
RMP4,2015-02-02,3530.0,1.44
RMP4,2015-02-02,3570.0,1.24
RMP4,2015-02-02,3610.0,1.24
RMP4,2015-02-02,3650.0,1.24
RMP4,2015-02-02,3690.0,1.04
RMP4,2015-02-02,3740.0,1.54
RMP4,2015-02-02,3780.0,0.94
RMP4,2015-02-02,3820.0,1.44
RMP4,2015-02-02,3860.0,1.14
RMP4,2015-02-02,3900.0,1.34
RMP4,2015-02-02,3950.0,1.64
RMP4,2015-02-02,3990.0,2.04
RMP4,2015-02-02,4030.0,1.94
RMP4,2015-02-02,4070.0,2.14
RMP4,2015-02-02,4110.0,1.64
RMP4,2015-02-02,4150.0,0.94
RMP4,2015-02-02,4190.0,0.84
RMP4,2015-02-02,4240.0,0.54
RMP4,2015-02-02,4280.0,0.14
RMP4,2015-02-02,4320.0,-0.46
RMP4,2015-02-02,4360.0,-1.46
RMP4,2015-02-02,4400.0,-2.66
RMP4,2015-02-02,4440.0,-3.06
RMP4,2015-02-02,4490.0,-3.16
RMP4,2015-02-02,4530.0,-4.16
RMP4,2015-02-02,4570.0,-5.06
RMP4,2015-02-02,4610.0,-5.56
RMP4,2015-02-02,4650.0,-5.96
RMP4,2015-02-02,4700.0,-6.16
RMP4,2015-02-02,4740.0,-6.86
RMP4,2015-02-02,4780.0,-8.46
RMP4,2015-02-02,4820.0,-9.56
RMP4,2015-02-02,4860.0,-7.66
RMP4,2015-02-02,4900.0,-9.66
RMP4,2015-02-02,4950.0,-10.26
RMP4,2015-02-02,4990.0,-10.66
RMP4,2015-02-02,5030.0,-12.76
RMP4,2015-02-02,5070.0,-13.56
RMP4,2015-02-02,5110.0,-12.66
RMP4,2015-02-02,5140.0,-13.36
RMP4,2015-02-02,5190.0,-12.56
RMP4,2015-02-02,5240.0,-11.06
RMP4,2015-02-02,5280.0,-9.16
RMP4,2015-02-02,5320.0,-8.56
RMP4,2015-02-02,5360.0,-7.16
RMP4,2015-02-02,5400.0,-5.36
RMP4,2015-02-02,5440.0,-3.56
RMP4,2015-02-02,5490.0,0.84
RMP4,2015-02-02,5540.0,1.84
RMP4,2015-02-02,5571.0,2.84
RMP4,2015-02-02,5580.0,4.03
RMP4,2015-02-02,5600.0,4.29
RMP4,2015-02-02,5650.0,4.36
RMP4,2015-02-02,5700.0,4.42
RMP4,2015-02-02,5750.0,4.6
RMP4,2015-02-02,5800.0,4.47
RMP4,2015-02-02,5850.0,4.46
RMP4,2015-02-02,5900.0,4.49
RMP4,2015-02-02,5950.0,4.46
RMP4,2015-02-02,6000.0,4.43
RMP4,2015-02-02,6050.0,4.44
RMP4,2015-02-02,6100.0,4.54
RMP4,2015-02-02,6150.0,5.32
RMP4,2015-02-02,6200.0,5.48
RMP4,2015-02-02,6250.0,5.5
RMP4,2015-02-02,6300.0,5.56
RMP4,2015-02-02,6350.0,5.6
RMP4,2015-02-02,6400.0,5.49
RMP4,2015-02-02,6450.0,5.56
RMP4,2015-02-02,6500.0,5.46
RMP4,2015-02-02,6550.0,5.28
RMP4,2015-02-02,6600.0,5.34
RMP4,2015-02-02,6650.0,5.47
RMP4,2015-02-02,6700.0,5.86
RMP4,2015-02-02,6750.0,6.22
RMP4,2015-02-02,6800.0,6.28
RMP4,2015-02-02,6850.0,6.32
RMP4,2015-02-02,6900.0,6.41
RMP4,2015-02-02,6950.0,6.47
RMP4,2015-02-02,7000.0,6.48
RMP4,2015-02-02,7050.0,6.59
RMP4,2015-02-02,7100.0,6.42
RMP4,2015-02-02,7150.0,6.39
RMP4,2015-02-02,7200.0,6.44
RMP4,2015-02-02,7250.0,6.19
RMP4,2015-02-02,7300.0,6.29
RMP4,2015-02-02,7350.0,6.32
RMP4,2015-02-02,7400.0,6.28
RMP4,2015-02-02,7450.0,6.35
RMP4,2015-02-02,7500.0,6.64
RMP4,2015-02-02,7550.0,6.7
RMP4,2015-02-02,7600.0,6.73
RMP4,2015-02-02,7650.0,6.64
RMP4,2015-02-02,7700.0,6.7
RMP4,2015-02-02,7750.0,6.68
RMP4,2015-02-02,7800.0,6.54
RMP4,2015-02-02,7850.0,6.56
RMP4,2015-02-02,7900.0,6.42
RMP4,2015-02-02,7950.0,6.47
RMP4,2015-02-02,8000.0,6.27
RMP4,2015-02-02,8050.0,6.18
RMP4,2015-02-02,8100.0,6.24
RMP4,2015-02-02,8150.0,6.34
RMP4,2015-02-02,8200.0,6.26
RMP4,2015-02-02,8250.0,6.06
RMP4,2015-02-02,8300.0,6.46
RMP4,2015-02-02,8350.0,6.45
RMP4,2015-02-02,8400.0,6.25
RMP4,2015-02-02,8450.0,6.15
RMP4,2015-02-02,8500.0,6.39
RMP4,2015-02-02,8550.0,6.47
RMP4,2015-02-02,8600.0,6.24
RMP4,2015-02-02,8650.0,6.34
RMP4,2015-02-02,8700.0,6.37
RMP4,2015-02-02,8750.0,6.42
RMP4,2015-02-02,8800.0,6.39
RMP4,2015-02-02,8850.0,6.05
RMP4,2015-02-02,8900.0,6.42
RMP4,2015-02-02,8950.0,6.47
RMP4,2015-02-02,9000.0,6.48
RMP4,2015-02-02,9050.0,6.39
RMP4,2015-02-02,9100.0,6.29
RMP4,2015-02-02,9150.0,6.22
RMP4,2015-02-02,9200.0,6.5
RMP4,2015-02-02,9250.0,6.54
RMP4,2015-02-02,9300.0,6.5
RMP4,2015-02-02,9350.0,6.47
RMP4,2015-02-02,9400.0,6.44
RMP4,2015-02-02,9450.0,6.28
RMP4,2015-02-02,9500.0,6.23
RMP4,2015-02-02,9550.0,6.56
RMP4,2015-02-02,9600.0,6.45
RMP4,2015-02-02,9650.0,6.42
RMP4,2015-02-02,9700.0,6.36
RMP4,2015-02-02,9750.0,6.49
RMP4,2015-02-02,9800.0,6.43
RMP4,2015-02-02,9850.0,6.66
RMP4,2015-02-02,9900.0,6.68
RMP4,2015-02-02,9950.0,6.72
RMP4,2015-02-02,10000.0,6.7
RMP4,2015-02-02,10050.0,6.46
RMP4,2015-02-02,10100.0,6.4
RMP4,2015-02-02,10150.0,6.28
RMP4,2015-02-02,10200.0,6.32
RMP4,2015-02-02,10250.0,6.36
RMP4,2015-02-02,10300.0,6.46
RMP4,2015-02-02,10350.0,6.56
RMP4,2015-02-02,10400.0,6.5
RMP4,2015-02-02,10450.0,6.55
RMP4,2015-02-02,10500.0,6.66
RMP4,2015-02-02,10550.0,6.64
RMP4,2015-02-02,10600.0,6.58
RMP4,2015-02-02,10650.0,6.5
RMP4,2015-02-02,10700.0,6.52
RMP4,2015-02-02,10750.0,6.46
RMP4,2015-02-02,10800.0,6.36
RMP4,2015-02-02,10850.0,6.3
RMP4,2015-02-02,10900.0,6.29
RMP4,2015-02-02,10950.0,6.34
RMP4,2015-02-02,11000.0,6.39
RMP4,2015-02-02,11050.0,6.42
RMP4,2015-02-02,11100.0,6.44
RMP4,2015-02-02,11150.0,6.48
RMP4,2015-02-02,11200.0,6.68
RMP4,2015-02-02,11250.0,6.7
RMP4,2015-02-02,11300.0,6.68
RMP4,2015-02-02,11350.0,6.45
RMP4,2015-02-02,11400.0,6.5
RMP4,2015-02-02,11450.0,6.56
RMP4,2015-02-02,11500.0,6.62
RMP4,2015-02-02,11520.0,7.16
RMP4,2015-02-02,11550.0,7.2
RMP4,2015-02-02,11600.0,7.6
RMP4,2015-02-02,11650.0,7.46
RMP4,2015-02-02,11700.0,7.5
RMP4,2015-02-02,11750.0,7.28
RMP4,2015-02-02,11800.0,7.26
RMP4,2015-02-02,11850.0,7.36
RMP4,2015-02-02,11900.0,7.42
RMP4,2015-02-02,11950.0,7.54
RMP4,2015-02-02,12000.0,7.68
RMP4,2015-02-02,12050.0,7.66
RMP4,2015-02-02,12100.0,7.7
RMP4,2015-02-02,12113.0,8.01
RMP4,2015-02-02,12113.0,8.31
RMP4,2016-04-27,0.0,7.6
RMP4,2016-04-27,0.0,7.49
RMP4,2016-04-27,20.0,7.55
RMP4,2016-04-27,23.0,7.31
RMP4,2016-04-27,23.0,7.49
RMP4,2016-04-27,40.0,6.7
RMP4,2016-04-27,50.0,5.4
RMP4,2016-04-27,60.0,4.4
RMP4,2016-04-27,70.0,4.49
RMP4,2016-04-27,90.0,5.56
RMP4,2016-04-27,100.0,5.3
RMP4,2016-04-27,150.0,5.8
RMP4,2016-04-27,200.0,6.2
RMP4,2016-04-27,250.0,6.4
RMP4,2016-04-27,300.0,6.6
RMP4,2016-04-27,350.0,6.49
RMP4,2016-04-27,400.0,6.46
RMP4,2016-04-27,430.0,6.44
RMP4,2016-04-27,440.0,6.5
RMP4,2016-04-27,450.0,6.01
RMP4,2016-04-27,460.0,5.45
RMP4,2016-04-27,470.0,4.4
RMP4,2016-04-27,480.0,4.2
RMP4,2016-04-27,490.0,4.02
RMP4,2016-04-27,500.0,4.8
RMP4,2016-04-27,530.0,6.0
RMP4,2016-04-27,560.0,5.5
RMP4,2016-04-27,568.0,3.49
RMP4,2016-04-27,590.0,0.99
RMP4,2016-04-27,610.0,-4.09
RMP4,2016-04-27,640.0,-4.1
RMP4,2016-04-27,660.0,-5.46
RMP4,2016-04-27,680.0,-5.89
RMP4,2016-04-27,700.0,-5.5
RMP4,2016-04-27,730.0,-5.6
RMP4,2016-04-27,750.0,-6.73
RMP4,2016-04-27,770.0,-6.61
RMP4,2016-04-27,800.0,-5.98
RMP4,2016-04-27,820.0,-4.8
RMP4,2016-04-27,840.0,-3.63
RMP4,2016-04-27,870.0,-2.76
RMP4,2016-04-27,890.0,-2.18
RMP4,2016-04-27,910.0,-1.95
RMP4,2016-04-27,940.0,-0.84
RMP4,2016-04-27,960.0,-0.26
RMP4,2016-04-27,990.0,-0.04
RMP4,2016-04-27,1010.0,-0.05
RMP4,2016-04-27,1030.0,-0.34
RMP4,2016-04-27,1060.0,-0.18
RMP4,2016-04-27,1080.0,0.04
RMP4,2016-04-27,1100.0,0.04
RMP4,2016-04-27,1120.0,0.43
RMP4,2016-04-27,1150.0,0.55
RMP4,2016-04-27,1170.0,0.57
RMP4,2016-04-27,1200.0,0.59
RMP4,2016-04-27,1220.0,0.76
RMP4,2016-04-27,1240.0,1.14
RMP4,2016-04-27,1270.0,1.84
RMP4,2016-04-27,1295.0,3.49
RMP4,2016-04-27,1300.0,5.05
RMP4,2016-04-27,1330.0,5.2
RMP4,2016-04-27,1350.0,5.36
RMP4,2016-04-27,1400.0,5.5
RMP4,2016-04-27,1450.0,5.46
RMP4,2016-04-27,1500.0,5.28
RMP4,2016-04-27,1550.0,5.36
RMP4,2016-04-27,1600.0,5.26
RMP4,2016-04-27,1650.0,5.39
RMP4,2016-04-27,1700.0,5.5
RMP4,2016-04-27,1750.0,5.46
RMP4,2016-04-27,1800.0,5.06
RMP4,2016-04-27,1850.0,4.9
RMP4,2016-04-27,1900.0,4.77
RMP4,2016-04-27,1950.0,4.86
RMP4,2016-04-27,2000.0,4.8
RMP4,2016-04-27,2050.0,4.76
RMP4,2016-04-27,2100.0,4.55
RMP4,2016-04-27,2150.0,4.44
RMP4,2016-04-27,2200.0,4.4
RMP4,2016-04-27,2250.0,4.36
RMP4,2016-04-27,2300.0,4.66
RMP4,2016-04-27,2350.0,4.76
RMP4,2016-04-27,2400.0,4.7
RMP4,2016-04-27,2450.0,4.74
RMP4,2016-04-27,2500.0,4.74
RMP4,2016-04-27,2550.0,4.8
RMP4,2016-04-27,2600.0,4.76
RMP4,2016-04-27,2650.0,4.72
RMP4,2016-04-27,2700.0,4.7
RMP4,2016-04-27,2750.0,4.66
RMP4,2016-04-27,2800.0,4.84
RMP4,2016-04-27,2850.0,4.92
RMP4,2016-04-27,2900.0,4.9
RMP4,2016-04-27,2950.0,4.7
RMP4,2016-04-27,3000.0,4.66
RMP4,2016-04-27,3050.0,4.68
RMP4,2016-04-27,3100.0,4.54
RMP4,2016-04-27,3150.0,5.5
RMP4,2016-04-27,3200.0,5.4
RMP4,2016-04-27,3250.0,5.5
RMP4,2016-04-27,3300.0,5.36
RMP4,2016-04-27,3330.0,5.56
RMP4,2016-04-27,3360.0,5.76
RMP4,2016-04-27,3390.0,4.44
RMP4,2016-04-27,3400.0,3.44
RMP4,2016-04-27,3470.0,1.5
RMP4,2016-04-27,3550.0,0.49
RMP4,2016-04-27,3620.0,0.43
RMP4,2016-04-27,3700.0,0.82
RMP4,2016-04-27,3770.0,0.48
RMP4,2016-04-27,3840.0,-0.03
RMP4,2016-04-27,3910.0,-0.56
RMP4,2016-04-27,3990.0,-0.91
RMP4,2016-04-27,4060.0,-1.68
RMP4,2016-04-27,4140.0,-2.57
RMP4,2016-04-27,4210.0,-2.71
RMP4,2016-04-27,4280.0,-2.34
RMP4,2016-04-27,4360.0,-2.35
RMP4,2016-04-27,4430.0,-3.92
RMP4,2016-04-27,4500.0,-4.32
RMP4,2016-04-27,4570.0,-3.24
RMP4,2016-04-27,4650.0,-2.64
RMP4,2016-04-27,4720.0,-3.1
RMP4,2016-04-27,4800.0,-3.63
RMP4,2016-04-27,4870.0,-5.07
RMP4,2016-04-27,4950.0,-5.42
RMP4,2016-04-27,5020.0,-5.95
RMP4,2016-04-27,5090.0,-5.86
RMP4,2016-04-27,5160.0,-5.97
RMP4,2016-04-27,5240.0,-6.01
RMP4,2016-04-27,5310.0,-5.21
RMP4,2016-04-27,5390.0,-5.32
RMP4,2016-04-27,5460.0,-5.19
RMP4,2016-04-27,5530.0,-5.33
RMP4,2016-04-27,5600.0,-5.41
RMP4,2016-04-27,5680.0,-5.58
RMP4,2016-04-27,5750.0,-5.53
RMP4,2016-04-27,5830.0,-5.5
RMP4,2016-04-27,5900.0,-5.82
RMP4,2016-04-27,5970.0,-5.48
RMP4,2016-04-27,6050.0,-6.46
RMP4,2016-04-27,6120.0,-6.89
RMP4,2016-04-27,6190.0,-6.91
RMP4,2016-04-27,6270.0,-6.86
RMP4,2016-04-27,6350.0,-7.17
RMP4,2016-04-27,6420.0,-7.33
RMP4,2016-04-27,6490.0,-6.83
RMP4,2016-04-27,6560.0,-8.09
RMP4,2016-04-27,6640.0,-8.35
RMP4,2016-04-27,6710.0,-8.81
RMP4,2016-04-27,6780.0,-9.1
RMP4,2016-04-27,6860.0,-9.37
RMP4,2016-04-27,6930.0,-10.36
RMP4,2016-04-27,7000.0,-9.97
RMP4,2016-04-27,7080.0,-10.19
RMP4,2016-04-27,7150.0,-11.02
RMP4,2016-04-27,7230.0,-11.57
RMP4,2016-04-27,7300.0,-11.68
RMP4,2016-04-27,7370.0,-12.06
RMP4,2016-04-27,7450.0,-12.54
RMP4,2016-04-27,7520.0,-13.68
RMP4,2016-04-27,7590.0,-16.96
RMP4,2016-04-27,7670.0,-16.22
RMP4,2016-04-27,7740.0,-15.39
RMP4,2016-04-27,7820.0,-15.3
RMP4,2016-04-27,7890.0,-14.44
RMP4,2016-04-27,7960.0,-13.66
RMP4,2016-04-27,8040.0,-14.02
RMP4,2016-04-27,8110.0,-13.62
RMP4,2016-04-27,8180.0,-13.16
RMP4,2016-04-27,8260.0,-12.06
RMP4,2016-04-27,8330.0,-14.88
RMP4,2016-04-27,8400.0,-14.21
RMP4,2016-04-27,8480.0,-13.82
RMP4,2016-04-27,8550.0,-13.76
RMP4,2016-04-27,8630.0,-12.79
RMP4,2016-04-27,8700.0,-13.16
RMP4,2016-04-27,8770.0,-11.41
RMP4,2016-04-27,8850.0,-11.26
RMP4,2016-04-27,8920.0,-11.35
RMP4,2016-04-27,8990.0,-7.48
RMP4,2016-04-27,9070.0,-3.64
RMP4,2016-04-27,9140.0,-3.72
RMP4,2016-04-27,9210.0,1.21
RMP4,2016-04-27,9290.0,3.44
RMP4,2016-04-27,9300.0,5.7
RMP4,2016-04-27,9330.0,6.3
RMP4,2016-04-27,9350.0,6.4
RMP4,2016-04-27,9400.0,6.44
RMP4,2016-04-27,9450.0,6.64
RMP4,2016-04-27,9500.0,6.3
RMP4,2016-04-27,9550.0,6.06
RMP4,2016-04-27,9600.0,6.16
RMP4,2016-04-27,9650.0,6.26
RMP4,2016-04-27,9700.0,6.39
RMP4,2016-04-27,9750.0,6.46
RMP4,2016-04-27,9800.0,6.7
RMP4,2016-04-27,9850.0,6.66
RMP4,2016-04-27,9900.0,6.29
RMP4,2016-04-27,9950.0,6.37
RMP4,2016-04-27,10000.0,6.39
RMP4,2016-04-27,10050.0,6.44
RMP4,2016-04-27,10100.0,6.36
RMP4,2016-04-27,10150.0,6.39
RMP4,2016-04-27,10200.0,6.44
RMP4,2016-04-27,10250.0,6.47
RMP4,2016-04-27,10300.0,6.49
RMP4,2016-04-27,10350.0,6.29
RMP4,2016-04-27,10400.0,6.3
RMP4,2016-04-27,10450.0,6.24
RMP4,2016-04-27,10500.0,6.14
RMP4,2016-04-27,10550.0,6.26
RMP4,2016-04-27,10600.0,6.26
RMP4,2016-04-27,10650.0,6.06
RMP4,2016-04-27,10700.0,5.7
RMP4,2016-04-27,10750.0,5.74
RMP4,2016-04-27,10800.0,5.7
RMP4,2016-04-27,10850.0,5.85
RMP4,2016-04-27,10900.0,5.92
RMP4,2016-04-27,10950.0,5.76
RMP4,2016-04-27,11000.0,5.7
RMP4,2016-04-27,11050.0,5.34
RMP4,2016-04-27,11100.0,5.55
RMP4,2016-04-27,11150.0,5.45
RMP4,2016-04-27,11200.0,5.54
RMP4,2016-04-27,11250.0,5.25
RMP4,2016-04-27,11300.0,6.3
RMP4,2016-04-27,11350.0,6.4
RMP4,2016-04-27,11400.0,6.64
RMP4,2016-04-27,11450.0,6.7
RMP4,2016-04-27,11500.0,6.46
RMP4,2016-04-27,11550.0,7.26
RMP4,2016-04-27,11600.0,7.39
RMP4,2016-04-27,11650.0,7.29
RMP4,2016-04-27,11700.0,7.4
RMP4,2016-04-27,11750.0,7.5
RMP4,2016-04-27,11800.0,7.42
RMP4,2016-04-27,11850.0,7.4
RMP4,2016-04-27,11900.0,7.36
RMP4,2016-04-27,11950.0,7.3
RMP4,2016-04-27,12000.0,7.42
RMP4,2016-04-27,12050.0,7.26
RMP4,2016-04-27,12100.0,7.66
RMP4,2016-04-27,12113.0,8.01
RMP4,2016-04-27,12113.0,8.31
RMP4,2017-05-10,0.0,7.6
RMP4,2017-05-10,0.0,7.5
RMP4,2017-05-10,15.0,7.45
RMP4,2017-05-10,23.0,7.32
RMP4,2017-05-10,23.0,7.49
RMP4,2017-05-10,50.0,7.5
RMP4,2017-05-10,70.0,7.32
RMP4,2017-05-10,100.0,7.49
RMP4,2017-05-10,150.0,6.5
RMP4,2017-05-10,200.0,6.16
RMP4,2017-05-10,250.0,6.36
RMP4,2017-05-10,300.0,6.56
RMP4,2017-05-10,350.0,6.5
RMP4,2017-05-10,400.0,6.46
RMP4,2017-05-10,435.0,6.5
RMP4,2017-05-10,440.0,5.15
RMP4,2017-05-10,447.0,3.16
RMP4,2017-05-10,450.0,0.16
RMP4,2017-05-10,470.0,-1.54
RMP4,2017-05-10,490.0,-2.34
RMP4,2017-05-10,510.0,-3.24
RMP4,2017-05-10,530.0,-4.74
RMP4,2017-05-10,550.0,-7.74
RMP4,2017-05-10,570.0,-9.74
RMP4,2017-05-10,590.0,-10.24
RMP4,2017-05-10,610.0,-12.04
RMP4,2017-05-10,630.0,-13.24
RMP4,2017-05-10,650.0,-11.44
RMP4,2017-05-10,670.0,-10.14
RMP4,2017-05-10,690.0,-8.44
RMP4,2017-05-10,710.0,-7.64
RMP4,2017-05-10,730.0,-5.34
RMP4,2017-05-10,750.0,-3.94
RMP4,2017-05-10,770.0,-2.14
RMP4,2017-05-10,790.0,-0.34
RMP4,2017-05-10,810.0,-0.14
RMP4,2017-05-10,830.0,-0.64
RMP4,2017-05-10,850.0,-2.44
RMP4,2017-05-10,870.0,-5.44
RMP4,2017-05-10,890.0,-7.34
RMP4,2017-05-10,910.0,-9.14
RMP4,2017-05-10,930.0,-10.64
RMP4,2017-05-10,950.0,-10.84
RMP4,2017-05-10,970.0,-7.34
RMP4,2017-05-10,990.0,-5.34
RMP4,2017-05-10,1010.0,-3.64
RMP4,2017-05-10,1030.0,-2.04
RMP4,2017-05-10,1050.0,-0.34
RMP4,2017-05-10,1070.0,1.16
RMP4,2017-05-10,1072.0,3.16
RMP4,2017-05-10,1100.0,4.0
RMP4,2017-05-10,1150.0,4.96
RMP4,2017-05-10,1200.0,5.46
RMP4,2017-05-10,1250.0,5.7
RMP4,2017-05-10,1300.0,5.62
RMP4,2017-05-10,1350.0,5.45
RMP4,2017-05-10,1400.0,5.56
RMP4,2017-05-10,1450.0,5.48
RMP4,2017-05-10,1500.0,5.28
RMP4,2017-05-10,1550.0,5.3
RMP4,2017-05-10,1600.0,5.4
RMP4,2017-05-10,1650.0,5.42
RMP4,2017-05-10,1700.0,5.46
RMP4,2017-05-10,1750.0,5.2
RMP4,2017-05-10,1800.0,5.16
RMP4,2017-05-10,1850.0,5.1
RMP4,2017-05-10,1900.0,4.8
RMP4,2017-05-10,1950.0,4.79
RMP4,2017-05-10,2000.0,4.76
RMP4,2017-05-10,2050.0,4.76
RMP4,2017-05-10,2100.0,4.65
RMP4,2017-05-10,2150.0,4.58
RMP4,2017-05-10,2200.0,4.49
RMP4,2017-05-10,2250.0,4.55
RMP4,2017-05-10,2300.0,4.68
RMP4,2017-05-10,2350.0,4.75
RMP4,2017-05-10,2400.0,4.71
RMP4,2017-05-10,2450.0,4.73
RMP4,2017-05-10,2500.0,4.78
RMP4,2017-05-10,2550.0,4.75
RMP4,2017-05-10,2600.0,4.72
RMP4,2017-05-10,2650.0,4.76
RMP4,2017-05-10,2700.0,4.7
RMP4,2017-05-10,2750.0,4.65
RMP4,2017-05-10,2800.0,4.58
RMP4,2017-05-10,2850.0,4.75
RMP4,2017-05-10,2900.0,4.74
RMP4,2017-05-10,2950.0,4.62
RMP4,2017-05-10,3000.0,4.68
RMP4,2017-05-10,3050.0,4.71
RMP4,2017-05-10,3100.0,4.6
RMP4,2017-05-10,3150.0,4.95
RMP4,2017-05-10,3200.0,5.21
RMP4,2017-05-10,3250.0,5.51
RMP4,2017-05-10,3300.0,5.75
RMP4,2017-05-10,3350.0,5.67
RMP4,2017-05-10,3400.0,5.5
RMP4,2017-05-10,3450.0,5.61
RMP4,2017-05-10,3500.0,5.53
RMP4,2017-05-10,3550.0,5.33
RMP4,2017-05-10,3600.0,5.35
RMP4,2017-05-10,3650.0,5.45
RMP4,2017-05-10,3700.0,5.47
RMP4,2017-05-10,3750.0,5.51
RMP4,2017-05-10,3800.0,5.25
RMP4,2017-05-10,3850.0,5.21
RMP4,2017-05-10,3900.0,5.15
RMP4,2017-05-10,3950.0,5.53
RMP4,2017-05-10,4000.0,5.53
RMP4,2017-05-10,4050.0,5.77
RMP4,2017-05-10,4100.0,5.69
RMP4,2017-05-10,4150.0,5.52
RMP4,2017-05-10,4200.0,5.63
RMP4,2017-05-10,4250.0,5.55
RMP4,2017-05-10,4300.0,5.35
RMP4,2017-05-10,4350.0,5.37
RMP4,2017-05-10,4400.0,5.47
RMP4,2017-05-10,4450.0,5.49
RMP4,2017-05-10,4500.0,5.53
RMP4,2017-05-10,4550.0,5.27
RMP4,2017-05-10,4600.0,5.23
RMP4,2017-05-10,4650.0,5.17
RMP4,2017-05-10,4700.0,5.52
RMP4,2017-05-10,4750.0,5.52
RMP4,2017-05-10,4800.0,5.76
RMP4,2017-05-10,4850.0,5.68
RMP4,2017-05-10,4900.0,5.51
RMP4,2017-05-10,4950.0,5.62
RMP4,2017-05-10,5000.0,5.54
RMP4,2017-05-10,5050.0,5.34
RMP4,2017-05-10,5100.0,5.36
RMP4,2017-05-10,5150.0,5.46
RMP4,2017-05-10,5200.0,5.48
RMP4,2017-05-10,5250.0,5.52
RMP4,2017-05-10,5300.0,5.26
RMP4,2017-05-10,5350.0,5.22
RMP4,2017-05-10,5400.0,5.16
RMP4,2017-05-10,5450.0,5.52
RMP4,2017-05-10,5500.0,5.54
RMP4,2017-05-10,5550.0,5.78
RMP4,2017-05-10,5600.0,5.7
RMP4,2017-05-10,5650.0,5.53
RMP4,2017-05-10,5700.0,5.64
RMP4,2017-05-10,5750.0,5.56
RMP4,2017-05-10,5800.0,5.36
RMP4,2017-05-10,5850.0,5.38
RMP4,2017-05-10,5900.0,5.48
RMP4,2017-05-10,5950.0,5.5
RMP4,2017-05-10,6000.0,5.36
RMP4,2017-05-10,6050.0,5.41
RMP4,2017-05-10,6100.0,5.44
RMP4,2017-05-10,6150.0,5.45
RMP4,2017-05-10,6200.0,5.48
RMP4,2017-05-10,6250.0,5.3
RMP4,2017-05-10,6300.0,5.1
RMP4,2017-05-10,6350.0,4.4
RMP4,2017-05-10,6400.0,4.55
RMP4,2017-05-10,6450.0,4.52
RMP4,2017-05-10,6500.0,4.6
RMP4,2017-05-10,6550.0,4.58
RMP4,2017-05-10,6600.0,4.95
RMP4,2017-05-10,6650.0,5.14
RMP4,2017-05-10,6700.0,5.25
RMP4,2017-05-10,6750.0,5.15
RMP4,2017-05-10,6800.0,5.28
RMP4,2017-05-10,6850.0,5.35
RMP4,2017-05-10,6900.0,5.5
RMP4,2017-05-10,6950.0,5.25
RMP4,2017-05-10,7000.0,5.29
RMP4,2017-05-10,7005.0,4.09
RMP4,2017-05-10,7010.0,3.14
RMP4,2017-05-10,7015.0,1.14
RMP4,2017-05-10,7060.0,0.54
RMP4,2017-05-10,7105.0,0.04
RMP4,2017-05-10,7150.0,-0.46
RMP4,2017-05-10,7195.0,-0.66
RMP4,2017-05-10,7240.0,-0.96
RMP4,2017-05-10,7285.0,-1.26
RMP4,2017-05-10,7330.0,-1.56
RMP4,2017-05-10,7375.0,-2.46
RMP4,2017-05-10,7420.0,-2.86
RMP4,2017-05-10,7465.0,-3.26
RMP4,2017-05-10,7510.0,-3.26
RMP4,2017-05-10,7555.0,-3.46
RMP4,2017-05-10,7600.0,-4.26
RMP4,2017-05-10,7645.0,-6.76
RMP4,2017-05-10,7690.0,-7.36
RMP4,2017-05-10,7735.0,-7.96
RMP4,2017-05-10,7780.0,-8.36
RMP4,2017-05-10,7825.0,-9.16
RMP4,2017-05-10,7870.0,-9.66
RMP4,2017-05-10,7915.0,-10.06
RMP4,2017-05-10,7960.0,-10.46
RMP4,2017-05-10,8005.0,-10.16
RMP4,2017-05-10,8050.0,-9.56
RMP4,2017-05-10,8095.0,-9.06
RMP4,2017-05-10,8140.0,-8.46
RMP4,2017-05-10,8185.0,-8.16
RMP4,2017-05-10,8230.0,-7.86
RMP4,2017-05-10,8275.0,-7.36
RMP4,2017-05-10,8320.0,-6.86
RMP4,2017-05-10,8365.0,-6.36
RMP4,2017-05-10,8410.0,-5.86
RMP4,2017-05-10,8455.0,-5.26
RMP4,2017-05-10,8500.0,-5.46
RMP4,2017-05-10,8545.0,-6.36
RMP4,2017-05-10,8590.0,-6.76
RMP4,2017-05-10,8635.0,-6.56
RMP4,2017-05-10,8680.0,-6.46
RMP4,2017-05-10,8725.0,-6.46
RMP4,2017-05-10,8770.0,-7.66
RMP4,2017-05-10,8815.0,-8.66
RMP4,2017-05-10,8860.0,-10.16
RMP4,2017-05-10,8905.0,-11.46
RMP4,2017-05-10,8950.0,-8.76
RMP4,2017-05-10,8995.0,-8.66
RMP4,2017-05-10,9040.0,-8.16
RMP4,2017-05-10,9085.0,-7.66
RMP4,2017-05-10,9130.0,-6.36
RMP4,2017-05-10,9175.0,-5.66
RMP4,2017-05-10,9220.0,-5.06
RMP4,2017-05-10,9265.0,-4.36
RMP4,2017-05-10,9310.0,-4.06
RMP4,2017-05-10,9355.0,-3.56
RMP4,2017-05-10,9400.0,-2.16
RMP4,2017-05-10,9445.0,-1.06
RMP4,2017-05-10,9490.0,-0.36
RMP4,2017-05-10,9535.0,1.14
RMP4,2017-05-10,9545.0,3.14
RMP4,2017-05-10,9547.0,5.7
RMP4,2017-05-10,9550.0,6.16
RMP4,2017-05-10,9600.0,6.26
RMP4,2017-05-10,9650.0,6.3
RMP4,2017-05-10,9700.0,6.44
RMP4,2017-05-10,9750.0,6.55
RMP4,2017-05-10,9800.0,6.74
RMP4,2017-05-10,9850.0,6.65
RMP4,2017-05-10,9900.0,6.36
RMP4,2017-05-10,9950.0,6.34
RMP4,2017-05-10,10000.0,6.4
RMP4,2017-05-10,10050.0,6.46
RMP4,2017-05-10,10100.0,6.46
RMP4,2017-05-10,10150.0,6.41
RMP4,2017-05-10,10200.0,6.46
RMP4,2017-05-10,10250.0,6.45
RMP4,2017-05-10,10300.0,6.43
RMP4,2017-05-10,10350.0,6.39
RMP4,2017-05-10,10400.0,6.39
RMP4,2017-05-10,10450.0,6.34
RMP4,2017-05-10,10500.0,6.22
RMP4,2017-05-10,10550.0,6.3
RMP4,2017-05-10,10600.0,6.34
RMP4,2017-05-10,10650.0,6.16
RMP4,2017-05-10,10700.0,5.71
RMP4,2017-05-10,10750.0,5.76
RMP4,2017-05-10,10800.0,5.64
RMP4,2017-05-10,10850.0,5.87
RMP4,2017-05-10,10900.0,5.92
RMP4,2017-05-10,10950.0,5.78
RMP4,2017-05-10,11000.0,5.76
RMP4,2017-05-10,11050.0,5.52
RMP4,2017-05-10,11100.0,5.55
RMP4,2017-05-10,11150.0,5.45
RMP4,2017-05-10,11200.0,5.6
RMP4,2017-05-10,11250.0,5.33
RMP4,2017-05-10,11300.0,6.26
RMP4,2017-05-10,11350.0,6.59
RMP4,2017-05-10,11400.0,6.7
RMP4,2017-05-10,11450.0,6.68
RMP4,2017-05-10,11500.0,6.54
RMP4,2017-05-10,11550.0,7.32
RMP4,2017-05-10,11600.0,7.35
RMP4,2017-05-10,11650.0,7.31
RMP4,2017-05-10,11700.0,7.29
RMP4,2017-05-10,11750.0,7.45
RMP4,2017-05-10,11800.0,7.37
RMP4,2017-05-10,11850.0,7.44
RMP4,2017-05-10,11900.0,7.37
RMP4,2017-05-10,11950.0,7.25
RMP4,2017-05-10,12000.0,7.48
RMP4,2017-05-10,12050.0,7.3
RMP4,2017-05-10,12100.0,7.62
RMP4,2017-05-10,12113.0,8.02
RMP4,2017-05-10,12113.0,8.31
RMP4,2018-04-12,0.0,7.6
RMP4,2018-04-12,0.0,7.49
RMP4,2018-04-12,15.0,7.4
RMP4,2018-04-12,23.0,7.31
RMP4,2018-04-12,23.0,7.49
RMP4,2018-04-12,30.0,7.47
RMP4,2018-04-12,50.0,7.46
RMP4,2018-04-12,100.0,7.5
RMP4,2018-04-12,150.0,6.55
RMP4,2018-04-12,200.0,6.2
RMP4,2018-04-12,250.0,6.3
RMP4,2018-04-12,300.0,6.52
RMP4,2018-04-12,350.0,6.44
RMP4,2018-04-12,400.0,6.36
RMP4,2018-04-12,440.0,6.44
RMP4,2018-04-12,460.0,4.52
RMP4,2018-04-12,468.0,3.48
RMP4,2018-04-12,490.0,1.28
RMP4,2018-04-12,530.0,-0.02
RMP4,2018-04-12,560.0,-1.52
RMP4,2018-04-12,590.0,-3.42
RMP4,2018-04-12,620.0,-4.32
RMP4,2018-04-12,650.0,-2.02
RMP4,2018-04-12,680.0,-0.72
RMP4,2018-04-12,710.0,-1.72
RMP4,2018-04-12,740.0,-0.42
RMP4,2018-04-12,770.0,-0.12
RMP4,2018-04-12,800.0,-1.68
RMP4,2018-04-12,830.0,1.12
RMP4,2018-04-12,860.0,0.58
RMP4,2018-04-12,890.0,0.48
RMP4,2018-04-12,925.0,-0.62
RMP4,2018-04-12,950.0,-2.42
RMP4,2018-04-12,980.0,-2.52
RMP4,2018-04-12,1015.0,-4.32
RMP4,2018-04-12,1040.0,-2.32
RMP4,2018-04-12,1075.0,-1.82
RMP4,2018-04-12,1100.0,-2.02
RMP4,2018-04-12,1130.0,-4.72
RMP4,2018-04-12,1166.0,-2.92
RMP4,2018-04-12,1200.0,-1.52
RMP4,2018-04-12,1220.0,-1.72
RMP4,2018-04-12,1260.0,-0.42
RMP4,2018-04-12,1280.0,-0.12
RMP4,2018-04-12,1320.0,0.38
RMP4,2018-04-12,1350.0,-0.3
RMP4,2018-04-12,1380.0,1.08
RMP4,2018-04-12,1410.0,-0.12
RMP4,2018-04-12,1440.0,-0.92
RMP4,2018-04-12,1470.0,-1.82
RMP4,2018-04-12,1500.0,-1.92
RMP4,2018-04-12,1530.0,-1.42
RMP4,2018-04-12,1560.0,-2.02
RMP4,2018-04-12,1590.0,-1.92
RMP4,2018-04-12,1620.0,-0.52
RMP4,2018-04-12,1650.0,0.58
RMP4,2018-04-12,1680.0,1.98
RMP4,2018-04-12,1713.0,3.48
RMP4,2018-04-12,1714.0,4.6
RMP4,2018-04-12,1730.0,5.11
RMP4,2018-04-12,1750.0,5.42
RMP4,2018-04-12,1800.0,5.22
RMP4,2018-04-12,1850.0,5.18
RMP4,2018-04-12,1900.0,4.79
RMP4,2018-04-12,1950.0,4.66
RMP4,2018-04-12,2000.0,4.56
RMP4,2018-04-12,2050.0,4.82
RMP4,2018-04-12,2100.0,4.77
RMP4,2018-04-12,2150.0,4.88
RMP4,2018-04-12,2200.0,4.9
RMP4,2018-04-12,2250.0,4.66
RMP4,2018-04-12,2300.0,4.5
RMP4,2018-04-12,2350.0,4.89
RMP4,2018-04-12,2400.0,4.32
RMP4,2018-04-12,2450.0,4.56
RMP4,2018-04-12,2500.0,4.68
RMP4,2018-04-12,2550.0,4.78
RMP4,2018-04-12,2600.0,4.8
RMP4,2018-04-12,2650.0,4.55
RMP4,2018-04-12,2700.0,4.48
RMP4,2018-04-12,2750.0,4.84
RMP4,2018-04-12,2800.0,4.75
RMP4,2018-04-12,2850.0,4.65
RMP4,2018-04-12,2900.0,4.35
RMP4,2018-04-12,2950.0,4.25
RMP4,2018-04-12,3000.0,4.47
RMP4,2018-04-12,3050.0,4.68
RMP4,2018-04-12,3100.0,4.7
RMP4,2018-04-12,3150.0,4.86
RMP4,2018-04-12,3200.0,4.95
RMP4,2018-04-12,3250.0,5.48
RMP4,2018-04-12,3300.0,5.66
RMP4,2018-04-12,3350.0,5.47
RMP4,2018-04-12,3400.0,5.35
RMP4,2018-04-12,3450.0,5.52
RMP4,2018-04-12,3500.0,5.5
RMP4,2018-04-12,3550.0,5.3
RMP4,2018-04-12,3600.0,5.26
RMP4,2018-04-12,3650.0,5.5
RMP4,2018-04-12,3700.0,5.58
RMP4,2018-04-12,3750.0,5.46
RMP4,2018-04-12,3800.0,5.22
RMP4,2018-04-12,3850.0,5.16
RMP4,2018-04-12,3900.0,5.24
RMP4,2018-04-12,3950.0,5.46
RMP4,2018-04-12,4000.0,5.58
RMP4,2018-04-12,4050.0,5.68
RMP4,2018-04-12,4100.0,5.7
RMP4,2018-04-12,4150.0,5.56
RMP4,2018-04-12,4200.0,5.64
RMP4,2018-04-12,4250.0,5.6
RMP4,2018-04-12,4300.0,5.3
RMP4,2018-04-12,4350.0,5.48
RMP4,2018-04-12,4400.0,5.4
RMP4,2018-04-12,4450.0,5.42
RMP4,2018-04-12,4500.0,5.48
RMP4,2018-04-12,4550.0,5.34
RMP4,2018-04-12,4600.0,5.2
RMP4,2018-04-12,4650.0,5.12
RMP4,2018-04-12,4700.0,5.66
RMP4,2018-04-12,4750.0,5.5
RMP4,2018-04-12,4800.0,5.47
RMP4,2018-04-12,4850.0,5.62
RMP4,2018-04-12,4900.0,5.54
RMP4,2018-04-12,4950.0,5.64
RMP4,2018-04-12,5000.0,5.48
RMP4,2018-04-12,5050.0,5.42
RMP4,2018-04-12,5100.0,5.4
RMP4,2018-04-12,5150.0,5.6
RMP4,2018-04-12,5200.0,5.36
RMP4,2018-04-12,5250.0,5.26
RMP4,2018-04-12,5300.0,5.22
RMP4,2018-04-12,5350.0,5.4
RMP4,2018-04-12,5400.0,5.56
RMP4,2018-04-12,5450.0,5.44
RMP4,2018-04-12,5500.0,5.52
RMP4,2018-04-12,5550.0,5.44
RMP4,2018-04-12,5600.0,5.36
RMP4,2018-04-12,5650.0,5.34
RMP4,2018-04-12,5700.0,5.43
RMP4,2018-04-12,5750.0,5.56
RMP4,2018-04-12,5800.0,5.4
RMP4,2018-04-12,5850.0,5.7
RMP4,2018-04-12,5900.0,5.59
RMP4,2018-04-12,5950.0,5.76
RMP4,2018-04-12,6000.0,5.68
RMP4,2018-04-12,6050.0,5.55
RMP4,2018-04-12,6100.0,5.4
RMP4,2018-04-12,6150.0,5.36
RMP4,2018-04-12,6200.0,5.49
RMP4,2018-04-12,6250.0,5.33
RMP4,2018-04-12,6300.0,5.06
RMP4,2018-04-12,6350.0,4.26
RMP4,2018-04-12,6400.0,4.64
RMP4,2018-04-12,6450.0,4.52
RMP4,2018-04-12,6500.0,4.68
RMP4,2018-04-12,6550.0,4.62
RMP4,2018-04-12,6600.0,4.86
RMP4,2018-04-12,6650.0,5.46
RMP4,2018-04-12,6700.0,6.26
RMP4,2018-04-12,6750.0,6.2
RMP4,2018-04-12,6800.0,5.4
RMP4,2018-04-12,6825.0,4.2
RMP4,2018-04-12,6830.0,3.5
RMP4,2018-04-12,6870.0,2.5
RMP4,2018-04-12,6910.0,1.6
RMP4,2018-04-12,6950.0,0.9
RMP4,2018-04-12,6990.0,-0.1
RMP4,2018-04-12,7030.0,-1.3
RMP4,2018-04-12,7075.0,-2.0
RMP4,2018-04-12,7116.0,-2.7
RMP4,2018-04-12,7150.0,-2.8
RMP4,2018-04-12,7190.0,-2.9
RMP4,2018-04-12,7240.0,-3.0
RMP4,2018-04-12,7280.0,-3.8
RMP4,2018-04-12,7320.0,-5.0
RMP4,2018-04-12,7360.0,-4.0
RMP4,2018-04-12,7400.0,-3.0
RMP4,2018-04-12,7440.0,-3.1
RMP4,2018-04-12,7480.0,-3.3
RMP4,2018-04-12,7520.0,-2.8
RMP4,2018-04-12,7560.0,-2.0
RMP4,2018-04-12,7600.0,-2.1
RMP4,2018-04-12,7647.0,-0.6
RMP4,2018-04-12,7690.0,0.1
RMP4,2018-04-12,7730.0,1.7
RMP4,2018-04-12,7770.0,1.0
RMP4,2018-04-12,7810.0,1.8
RMP4,2018-04-12,7850.0,2.3
RMP4,2018-04-12,7890.0,-0.3
RMP4,2018-04-12,7930.0,-0.1
RMP4,2018-04-12,7970.0,1.0
RMP4,2018-04-12,8015.0,0.3
RMP4,2018-04-12,8050.0,0.8
RMP4,2018-04-12,8100.0,-0.4
RMP4,2018-04-12,8140.0,-1.2
RMP4,2018-04-12,8180.0,1.0
RMP4,2018-04-12,8220.0,-2.0
RMP4,2018-04-12,8260.0,-5.0
RMP4,2018-04-12,8300.0,-6.4
RMP4,2018-04-12,8340.0,-6.8
RMP4,2018-04-12,8380.0,-7.3
RMP4,2018-04-12,8430.0,-8.0
RMP4,2018-04-12,8470.0,-8.1
RMP4,2018-04-12,8500.0,-8.9
RMP4,2018-04-12,8550.0,-10.5
RMP4,2018-04-12,8590.0,-11.5
RMP4,2018-04-12,8630.0,-10.5
RMP4,2018-04-12,8670.0,-8.2
RMP4,2018-04-12,8710.0,-10.9
RMP4,2018-04-12,8760.0,-10.0
RMP4,2018-04-12,8800.0,-8.8
RMP4,2018-04-12,8840.0,-7.7
RMP4,2018-04-12,8880.0,-9.4
RMP4,2018-04-12,8920.0,-6.8
RMP4,2018-04-12,8960.0,-10.7
RMP4,2018-04-12,9000.0,-8.8
RMP4,2018-04-12,9040.0,-9.5
RMP4,2018-04-12,9080.0,-11.5
RMP4,2018-04-12,9120.0,-12.5
RMP4,2018-04-12,9160.0,-13.7
RMP4,2018-04-12,9200.0,-14.0
RMP4,2018-04-12,9240.0,-12.8
RMP4,2018-04-12,9280.0,-11.7
RMP4,2018-04-12,9320.0,-9.8
RMP4,2018-04-12,9370.0,-7.6
RMP4,2018-04-12,9400.0,-6.4
RMP4,2018-04-12,9450.0,-4.2
RMP4,2018-04-12,9490.0,-2.0
RMP4,2018-04-12,9530.0,0.2
RMP4,2018-04-12,9590.0,1.8
RMP4,2018-04-12,9610.0,3.5
RMP4,2018-04-12,9615.0,4.42
RMP4,2018-04-12,9630.0,5.09
RMP4,2018-04-12,9650.0,6.8
RMP4,2018-04-12,9700.0,6.6
RMP4,2018-04-12,9750.0,6.84
RMP4,2018-04-12,9800.0,6.42
RMP4,2018-04-12,9850.0,6.33
RMP4,2018-04-12,9900.0,6.48
RMP4,2018-04-12,9950.0,6.56
RMP4,2018-04-12,10000.0,6.44
RMP4,2018-04-12,10050.0,6.5
RMP4,2018-04-12,10100.0,6.41
RMP4,2018-04-12,10150.0,6.36
RMP4,2018-04-12,10200.0,6.28
RMP4,2018-04-12,10250.0,6.48
RMP4,2018-04-12,10300.0,6.43
RMP4,2018-04-12,10350.0,6.28
RMP4,2018-04-12,10400.0,6.24
RMP4,2018-04-12,10450.0,6.18
RMP4,2018-04-12,10500.0,6.28
RMP4,2018-04-12,10550.0,6.3
RMP4,2018-04-12,10600.0,6.35
RMP4,2018-04-12,10650.0,6.29
RMP4,2018-04-12,10700.0,5.8
RMP4,2018-04-12,10750.0,5.68
RMP4,2018-04-12,10800.0,5.74
RMP4,2018-04-12,10850.0,5.56
RMP4,2018-04-12,10900.0,5.9
RMP4,2018-04-12,10950.0,5.79
RMP4,2018-04-12,11000.0,5.8
RMP4,2018-04-12,11050.0,5.66
RMP4,2018-04-12,11100.0,5.56
RMP4,2018-04-12,11150.0,5.48
RMP4,2018-04-12,11200.0,5.64
RMP4,2018-04-12,11250.0,5.42
RMP4,2018-04-12,11300.0,6.3
RMP4,2018-04-12,11350.0,6.4
RMP4,2018-04-12,11400.0,6.48
RMP4,2018-04-12,11450.0,6.54
RMP4,2018-04-12,11500.0,6.6
RMP4,2018-04-12,11550.0,7.22
RMP4,2018-04-12,11600.0,7.37
RMP4,2018-04-12,11650.0,7.26
RMP4,2018-04-12,11700.0,7.34
RMP4,2018-04-12,11750.0,7.4
RMP4,2018-04-12,11800.0,7.46
RMP4,2018-04-12,11850.0,7.38
RMP4,2018-04-12,11900.0,7.43
RMP4,2018-04-12,11950.0,7.22
RMP4,2018-04-12,12000.0,7.5
RMP4,2018-04-12,12050.0,7.26
RMP4,2018-04-12,12100.0,7.55
RMP4,2018-04-12,12113.0,8.01
RMP4,2018-04-12,12113.0,8.31
RMP4,2019-04-11,0.0,7.6
RMP4,2019-04-11,0.0,7.49
RMP4,2019-04-11,25.0,7.31
RMP4,2019-04-11,25.0,7.49
RMP4,2019-04-11,30.0,7.42
RMP4,2019-04-11,60.0,7.46
RMP4,2019-04-11,100.0,7.44
RMP4,2019-04-11,140.0,6.5
RMP4,2019-04-11,200.0,6.24
RMP4,2019-04-11,260.0,6.33
RMP4,2019-04-11,320.0,6.55
RMP4,2019-04-11,350.0,6.47
RMP4,2019-04-11,400.0,6.42
RMP4,2019-04-11,430.0,6.16
RMP4,2019-04-11,444.0,6.36
RMP4,2019-04-11,446.0,4.6
RMP4,2019-04-11,447.0,3.68
RMP4,2019-04-11,470.0,2.62
RMP4,2019-04-11,493.0,1.88
RMP4,2019-04-11,516.0,0.98
RMP4,2019-04-11,540.0,0.38
RMP4,2019-04-11,560.0,0.18
RMP4,2019-04-11,585.0,1.78
RMP4,2019-04-11,608.0,2.48
RMP4,2019-04-11,630.0,2.62
RMP4,2019-04-11,654.0,2.78
RMP4,2019-04-11,677.0,2.48
RMP4,2019-04-11,700.0,2.08
RMP4,2019-04-11,723.0,1.62
RMP4,2019-04-11,746.0,1.02
RMP4,2019-04-11,770.0,0.88
RMP4,2019-04-11,790.0,-0.02
RMP4,2019-04-11,815.0,-0.92
RMP4,2019-04-11,838.0,-1.52
RMP4,2019-04-11,860.0,-2.32
RMP4,2019-04-11,884.0,-2.92
RMP4,2019-04-11,907.0,-3.22
RMP4,2019-04-11,930.0,-2.82
RMP4,2019-04-11,950.0,-2.72
RMP4,2019-04-11,976.0,-2.62
RMP4,2019-04-11,1000.0,-2.42
RMP4,2019-04-11,1022.0,-1.92
RMP4,2019-04-11,1045.0,-1.82
RMP4,2019-04-11,1065.0,-2.32
RMP4,2019-04-11,1090.0,-1.72
RMP4,2019-04-11,1115.0,-1.87
RMP4,2019-04-11,1137.0,-2.52
RMP4,2019-04-11,1160.0,-3.32
RMP4,2019-04-11,1180.0,-4.02
RMP4,2019-04-11,1206.0,-4.52
RMP4,2019-04-11,1225.0,-4.12
RMP4,2019-04-11,1250.0,-3.82
RMP4,2019-04-11,1275.0,-3.62
RMP4,2019-04-11,1295.0,-2.38
RMP4,2019-04-11,1320.0,-3.82
RMP4,2019-04-11,1340.0,-4.12
RMP4,2019-04-11,1370.0,-3.87
RMP4,2019-04-11,1390.0,-3.62
RMP4,2019-04-11,1410.0,-4.12
RMP4,2019-04-11,1436.0,-4.72
RMP4,2019-04-11,1460.0,-5.02
RMP4,2019-04-11,1480.0,-5.92
RMP4,2019-04-11,1505.0,-6.62
RMP4,2019-04-11,1528.0,-6.92
RMP4,2019-04-11,1550.0,-7.37
RMP4,2019-04-11,1570.0,-7.22
RMP4,2019-04-11,1600.0,-7.62
RMP4,2019-04-11,1620.0,-7.32
RMP4,2019-04-11,1645.0,-8.12
RMP4,2019-04-11,1665.0,-7.62
RMP4,2019-04-11,1690.0,-7.12
RMP4,2019-04-11,1710.0,-6.52
RMP4,2019-04-11,1735.0,-5.92
RMP4,2019-04-11,1760.0,-5.12
RMP4,2019-04-11,1780.0,-3.02
RMP4,2019-04-11,1805.0,-2.22
RMP4,2019-04-11,1830.0,-2.52
RMP4,2019-04-11,1850.0,-4.02
RMP4,2019-04-11,1870.0,-1.92
RMP4,2019-04-11,1900.0,-1.32
RMP4,2019-04-11,1920.0,0.38
RMP4,2019-04-11,1945.0,1.48
RMP4,2019-04-11,1970.0,2.38
RMP4,2019-04-11,1990.0,3.68
RMP4,2019-04-11,1995.0,6.54
RMP4,2019-04-11,2030.0,6.98
RMP4,2019-04-11,2060.0,5.7
RMP4,2019-04-11,2120.0,5.5
RMP4,2019-04-11,2180.0,6.28
RMP4,2019-04-11,2240.0,6.44
RMP4,2019-04-11,2300.0,6.62
RMP4,2019-04-11,2360.0,6.45
RMP4,2019-04-11,2420.0,5.28
RMP4,2019-04-11,2480.0,4.88
RMP4,2019-04-11,2540.0,4.92
RMP4,2019-04-11,2600.0,4.74
RMP4,2019-04-11,2660.0,4.5
RMP4,2019-04-11,2720.0,4.7
RMP4,2019-04-11,2780.0,4.84
RMP4,2019-04-11,2840.0,4.92
RMP4,2019-04-11,2900.0,4.87
RMP4,2019-04-11,2960.0,4.66
RMP4,2019-04-11,3020.0,4.79
RMP4,2019-04-11,3080.0,4.86
RMP4,2019-04-11,3140.0,4.68
RMP4,2019-04-11,3200.0,4.77
RMP4,2019-04-11,3260.0,5.65
RMP4,2019-04-11,3320.0,5.87
RMP4,2019-04-11,3380.0,5.92
RMP4,2019-04-11,3440.0,5.84
RMP4,2019-04-11,3500.0,5.76
RMP4,2019-04-11,3550.0,5.55
RMP4,2019-04-11,3600.0,5.7
RMP4,2019-04-11,3650.0,5.84
RMP4,2019-04-11,3700.0,5.9
RMP4,2019-04-11,3750.0,5.76
RMP4,2019-04-11,3800.0,5.49
RMP4,2019-04-11,3850.0,5.88
RMP4,2019-04-11,3900.0,5.84
RMP4,2019-04-11,3960.0,5.72
RMP4,2019-04-11,4020.0,5.66
RMP4,2019-04-11,4080.0,5.36
RMP4,2019-04-11,4140.0,5.74
RMP4,2019-04-11,4200.0,6.16
RMP4,2019-04-11,4260.0,6.36
RMP4,2019-04-11,4320.0,6.26
RMP4,2019-04-11,4380.0,6.42
RMP4,2019-04-11,4440.0,6.45
RMP4,2019-04-11,4500.0,6.15
RMP4,2019-04-11,4560.0,6.07
RMP4,2019-04-11,4620.0,6.08
RMP4,2019-04-11,4680.0,6.11
RMP4,2019-04-11,4740.0,6.26
RMP4,2019-04-11,4800.0,6.32
RMP4,2019-04-11,4860.0,6.22
RMP4,2019-04-11,4920.0,5.88
RMP4,2019-04-11,4980.0,5.9
RMP4,2019-04-11,5040.0,5.7
RMP4,2019-04-11,5100.0,5.66
RMP4,2019-04-11,5160.0,5.62
RMP4,2019-04-11,5220.0,5.55
RMP4,2019-04-11,5280.0,5.65
RMP4,2019-04-11,5340.0,5.49
RMP4,2019-04-11,5400.0,5.4
RMP4,2019-04-11,5460.0,5.62
RMP4,2019-04-11,5520.0,5.49
RMP4,2019-04-11,5580.0,5.55
RMP4,2019-04-11,5640.0,5.5
RMP4,2019-04-11,5700.0,5.48
RMP4,2019-04-11,5760.0,5.44
RMP4,2019-04-11,5820.0,5.36
RMP4,2019-04-11,5880.0,6.06
RMP4,2019-04-11,5940.0,6.16
RMP4,2019-04-11,6000.0,6.02
RMP4,2019-04-11,6060.0,6.36
RMP4,2019-04-11,6120.0,6.3
RMP4,2019-04-11,6180.0,5.75
RMP4,2019-04-11,6240.0,5.6
RMP4,2019-04-11,6300.0,5.48
RMP4,2019-04-11,6360.0,5.66
RMP4,2019-04-11,6420.0,5.78
RMP4,2019-04-11,6450.0,6.06
RMP4,2019-04-11,6480.0,6.2
RMP4,2019-04-11,6510.0,6.4
RMP4,2019-04-11,6540.0,5.5
RMP4,2019-04-11,6570.0,4.66
RMP4,2019-04-11,6574.0,3.71
RMP4,2019-04-11,6605.0,2.81
RMP4,2019-04-11,6640.0,2.51
RMP4,2019-04-11,6675.0,2.01
RMP4,2019-04-11,6705.0,0.91
RMP4,2019-04-11,6740.0,0.51
RMP4,2019-04-11,6775.0,-0.69
RMP4,2019-04-11,6805.0,-1.29
RMP4,2019-04-11,6840.0,-2.79
RMP4,2019-04-11,6870.0,-4.09
RMP4,2019-04-11,6905.0,-4.29
RMP4,2019-04-11,6940.0,-4.79
RMP4,2019-04-11,6970.0,-5.19
RMP4,2019-04-11,7007.0,-5.09
RMP4,2019-04-11,7041.0,-3.49
RMP4,2019-04-11,7071.0,-1.79
RMP4,2019-04-11,7108.0,-1.99
RMP4,2019-04-11,7141.0,-0.69
RMP4,2019-04-11,7170.0,-0.39
RMP4,2019-04-11,7208.0,-1.59
RMP4,2019-04-11,7240.0,-0.99
RMP4,2019-04-11,7275.0,0.41
RMP4,2019-04-11,7308.0,-0.09
RMP4,2019-04-11,7340.0,1.51
RMP4,2019-04-11,7370.0,2.21
RMP4,2019-04-11,7408.0,2.41
RMP4,2019-04-11,7440.0,0.21
RMP4,2019-04-11,7475.0,-0.29
RMP4,2019-04-11,7508.0,-1.49
RMP4,2019-04-11,7540.0,-1.09
RMP4,2019-04-11,7575.0,-1.79
RMP4,2019-04-11,7608.0,-2.09
RMP4,2019-04-11,7640.0,-3.09
RMP4,2019-04-11,7675.0,-3.99
RMP4,2019-04-11,7708.0,-3.29
RMP4,2019-04-11,7742.0,-4.29
RMP4,2019-04-11,7775.0,-4.59
RMP4,2019-04-11,7809.0,-4.49
RMP4,2019-04-11,7840.0,-4.79
RMP4,2019-04-11,7870.0,-4.29
RMP4,2019-04-11,7910.0,-3.79
RMP4,2019-04-11,7940.0,-3.29
RMP4,2019-04-11,7975.0,-3.59
RMP4,2019-04-11,8009.0,-4.89
RMP4,2019-04-11,8042.0,-4.29
RMP4,2019-04-11,8076.0,-5.29
RMP4,2019-04-11,8109.0,-5.79
RMP4,2019-04-11,8142.0,-6.39
RMP4,2019-04-11,8176.0,-6.59
RMP4,2019-04-11,8209.0,-6.79
RMP4,2019-04-11,8240.0,-7.29
RMP4,2019-04-11,8276.0,-7.69
RMP4,2019-04-11,8309.0,-8.09
RMP4,2019-04-11,8345.0,-8.49
RMP4,2019-04-11,8376.0,-8.59
RMP4,2019-04-11,8409.0,-8.79
RMP4,2019-04-11,8443.0,-9.09
RMP4,2019-04-11,8476.0,-9.29
RMP4,2019-04-11,8510.0,-9.59
RMP4,2019-04-11,8543.0,-9.99
RMP4,2019-04-11,8576.0,-10.29
RMP4,2019-04-11,8610.0,-10.49
RMP4,2019-04-11,8640.0,-10.69
RMP4,2019-04-11,8675.0,-10.59
RMP4,2019-04-11,8710.0,-10.39
RMP4,2019-04-11,8740.0,-9.99
RMP4,2019-04-11,8777.0,-9.59
RMP4,2019-04-11,8810.0,-9.29
RMP4,2019-04-11,8840.0,-8.79
RMP4,2019-04-11,8877.0,-8.29
RMP4,2019-04-11,8910.0,-8.59
RMP4,2019-04-11,8940.0,-7.99
RMP4,2019-04-11,8977.0,-7.59
RMP4,2019-04-11,9010.0,-6.19
RMP4,2019-04-11,9044.0,-5.79
RMP4,2019-04-11,9077.0,-5.09
RMP4,2019-04-11,9110.0,-4.49
RMP4,2019-04-11,9144.0,-3.99
RMP4,2019-04-11,9177.0,-2.29
RMP4,2019-04-11,9210.0,-1.29
RMP4,2019-04-11,9244.0,-0.59
RMP4,2019-04-11,9277.0,2.01
RMP4,2019-04-11,9310.0,2.71
RMP4,2019-04-11,9345.0,3.71
RMP4,2019-04-11,9350.0,4.14
RMP4,2019-04-11,9360.0,5.5
RMP4,2019-04-11,9390.0,6.66
RMP4,2019-04-11,9420.0,6.49
RMP4,2019-04-11,9450.0,6.55
RMP4,2019-04-11,9500.0,6.6
RMP4,2019-04-11,9550.0,6.64
RMP4,2019-04-11,9600.0,6.44
RMP4,2019-04-11,9660.0,6.55
RMP4,2019-04-11,9720.0,6.36
RMP4,2019-04-11,9780.0,6.44
RMP4,2019-04-11,9840.0,6.55
RMP4,2019-04-11,9900.0,6.48
RMP4,2019-04-11,9960.0,6.55
RMP4,2019-04-11,10020.0,6.38
RMP4,2019-04-11,10080.0,6.42
RMP4,2019-04-11,10140.0,6.28
RMP4,2019-04-11,10200.0,6.43
RMP4,2019-04-11,10260.0,6.55
RMP4,2019-04-11,10320.0,6.48
RMP4,2019-04-11,10380.0,6.58
RMP4,2019-04-11,10440.0,6.36
RMP4,2019-04-11,10500.0,6.26
RMP4,2019-04-11,10560.0,6.45
RMP4,2019-04-11,10620.0,6.55
RMP4,2019-04-11,10680.0,6.32
RMP4,2019-04-11,10740.0,5.75
RMP4,2019-04-11,10800.0,5.66
RMP4,2019-04-11,10860.0,5.52
RMP4,2019-04-11,10920.0,5.48
RMP4,2019-04-11,10980.0,5.37
RMP4,2019-04-11,11040.0,5.55
RMP4,2019-04-11,11100.0,5.72
RMP4,2019-04-11,11160.0,5.77
RMP4,2019-04-11,11220.0,5.84
RMP4,2019-04-11,11280.0,5.66
RMP4,2019-04-11,11340.0,5.45
RMP4,2019-04-11,11400.0,5.6
RMP4,2019-04-11,11460.0,5.49
RMP4,2019-04-11,11500.0,5.26
RMP4,2019-04-11,11520.0,6.4
RMP4,2019-04-11,11550.0,7.2
RMP4,2019-04-11,11600.0,7.28
RMP4,2019-04-11,11650.0,7.44
RMP4,2019-04-11,11700.0,7.5
RMP4,2019-04-11,11750.0,7.26
RMP4,2019-04-11,11800.0,7.36
RMP4,2019-04-11,11850.0,7.42
RMP4,2019-04-11,11900.0,7.55
RMP4,2019-04-11,11950.0,7.28
RMP4,2019-04-11,12000.0,7.45
RMP4,2019-04-11,12040.0,7.29
RMP4,2019-04-11,12070.0,7.42
RMP4,2019-04-11,12100.0,7.4
RMP4,2019-04-11,12113.0,8.01
RMP4,2019-04-11,12113.0,8.31
RMP4,2020-03-12,0.0,7.6
RMP4,2020-03-12,0.0,7.49
RMP4,2020-03-12,30.0,7.17
RMP4,2020-03-12,60.0,7.05
RMP4,2020-03-12,100.0,6.59
RMP4,2020-03-12,150.0,6.34
RMP4,2020-03-12,200.0,6.0
RMP4,2020-03-12,230.0,5.65
RMP4,2020-03-12,270.0,5.15
RMP4,2020-03-12,300.0,5.05
RMP4,2020-03-12,330.0,4.77
RMP4,2020-03-12,360.0,4.5
RMP4,2020-03-12,400.0,6.2
RMP4,2020-03-12,430.0,6.4
RMP4,2020-03-12,435.0,6.03
RMP4,2020-03-12,438.0,5.66
RMP4,2020-03-12,444.0,5.21
RMP4,2020-03-12,448.0,4.01
RMP4,2020-03-12,450.0,1.9
RMP4,2020-03-12,452.0,1.3
RMP4,2020-03-12,454.0,1.1
RMP4,2020-03-12,456.0,0.9
RMP4,2020-03-12,458.0,0.62
RMP4,2020-03-12,460.0,0.42
RMP4,2020-03-12,462.0,0.21
RMP4,2020-03-12,464.0,0.06
RMP4,2020-03-12,466.0,-0.12
RMP4,2020-03-12,468.0,-0.26
RMP4,2020-03-12,470.0,-0.4
RMP4,2020-03-12,472.0,-0.16
RMP4,2020-03-12,474.0,0.04
RMP4,2020-03-12,476.0,0.14
RMP4,2020-03-12,478.0,0.2
RMP4,2020-03-12,480.0,0.3
RMP4,2020-03-12,484.0,1.3
RMP4,2020-03-12,486.0,1.2
RMP4,2020-03-12,488.0,1.4
RMP4,2020-03-12,490.0,1.9
RMP4,2020-03-12,495.0,3.01
RMP4,2020-03-12,500.0,3.5
RMP4,2020-03-12,550.0,4.4
RMP4,2020-03-12,600.0,4.71
RMP4,2020-03-12,640.0,4.5
RMP4,2020-03-12,670.0,4.28
RMP4,2020-03-12,710.0,3.5
RMP4,2020-03-12,712.0,2.9
RMP4,2020-03-12,715.0,1.9
RMP4,2020-03-12,720.0,1.4
RMP4,2020-03-12,725.0,1.0
RMP4,2020-03-12,730.0,0.9
RMP4,2020-03-12,735.0,0.75
RMP4,2020-03-12,740.0,0.63
RMP4,2020-03-12,745.0,0.5
RMP4,2020-03-12,750.0,0.22
RMP4,2020-03-12,755.0,-0.02
RMP4,2020-03-12,760.0,-0.34
RMP4,2020-03-12,765.0,-0.7
RMP4,2020-03-12,770.0,-0.1
RMP4,2020-03-12,775.0,0.28
RMP4,2020-03-12,780.0,0.9
RMP4,2020-03-12,785.0,1.2
RMP4,2020-03-12,790.0,1.14
RMP4,2020-03-12,795.0,1.08
RMP4,2020-03-12,800.0,1.04
RMP4,2020-03-12,805.0,1.0
RMP4,2020-03-12,810.0,0.98
RMP4,2020-03-12,815.0,0.96
RMP4,2020-03-12,820.0,0.94
RMP4,2020-03-12,825.0,0.9
RMP4,2020-03-12,830.0,0.84
RMP4,2020-03-12,835.0,0.78
RMP4,2020-03-12,840.0,0.68
RMP4,2020-03-12,845.0,0.6
RMP4,2020-03-12,850.0,0.56
RMP4,2020-03-12,855.0,0.58
RMP4,2020-03-12,860.0,0.54
RMP4,2020-03-12,865.0,0.5
RMP4,2020-03-12,870.0,0.05
RMP4,2020-03-12,875.0,-0.1
RMP4,2020-03-12,880.0,-0.2
RMP4,2020-03-12,885.0,-0.3
RMP4,2020-03-12,890.0,-0.42
RMP4,2020-03-12,895.0,-0.55
RMP4,2020-03-12,900.0,-0.64
RMP4,2020-03-12,905.0,-0.7
RMP4,2020-03-12,910.0,-0.91
RMP4,2020-03-12,915.0,-1.05
RMP4,2020-03-12,920.0,-1.18
RMP4,2020-03-12,925.0,-1.3
RMP4,2020-03-12,930.0,-1.1
RMP4,2020-03-12,935.0,-0.94
RMP4,2020-03-12,940.0,-0.82
RMP4,2020-03-12,945.0,-0.7
RMP4,2020-03-12,950.0,-0.72
RMP4,2020-03-12,955.0,-0.75
RMP4,2020-03-12,960.0,-0.73
RMP4,2020-03-12,965.0,-0.76
RMP4,2020-03-12,970.0,-0.8
RMP4,2020-03-12,975.0,-1.02
RMP4,2020-03-12,980.0,-1.14
RMP4,2020-03-12,985.0,-1.32
RMP4,2020-03-12,990.0,-1.41
RMP4,2020-03-12,995.0,-1.58
RMP4,2020-03-12,1000.0,-1.66
RMP4,2020-03-12,1005.0,-1.8
RMP4,2020-03-12,1010.0,-1.88
RMP4,2020-03-12,1015.0,-1.92
RMP4,2020-03-12,1020.0,-2.01
RMP4,2020-03-12,1025.0,-2.1
RMP4,2020-03-12,1030.0,-2.08
RMP4,2020-03-12,1035.0,-2.06
RMP4,2020-03-12,1040.0,-2.04
RMP4,2020-03-12,1045.0,-2.02
RMP4,2020-03-12,1050.0,-2.06
RMP4,2020-03-12,1055.0,-1.0
RMP4,2020-03-12,1060.0,-1.01
RMP4,2020-03-12,1065.0,-1.02
RMP4,2020-03-12,1070.0,-0.9
RMP4,2020-03-12,1075.0,-0.71
RMP4,2020-03-12,1080.0,-0.62
RMP4,2020-03-12,1085.0,-0.5
RMP4,2020-03-12,1090.0,-0.46
RMP4,2020-03-12,1095.0,-0.38
RMP4,2020-03-12,1100.0,-0.29
RMP4,2020-03-12,1105.0,-0.16
RMP4,2020-03-12,1110.0,-0.1
RMP4,2020-03-12,1115.0,-0.08
RMP4,2020-03-12,1120.0,-0.07
RMP4,2020-03-12,1125.0,-0.06
RMP4,2020-03-12,1130.0,-0.1
RMP4,2020-03-12,1135.0,-0.15
RMP4,2020-03-12,1140.0,-0.22
RMP4,2020-03-12,1145.0,-0.3
RMP4,2020-03-12,1150.0,-0.18
RMP4,2020-03-12,1155.0,0.03
RMP4,2020-03-12,1160.0,0.18
RMP4,2020-03-12,1165.0,0.24
RMP4,2020-03-12,1170.0,0.15
RMP4,2020-03-12,1175.0,0.08
RMP4,2020-03-12,1180.0,0.06
RMP4,2020-03-12,1185.0,0.05
RMP4,2020-03-12,1190.0,0.02
RMP4,2020-03-12,1195.0,0.28
RMP4,2020-03-12,1200.0,0.5
RMP4,2020-03-12,1205.0,0.18
RMP4,2020-03-12,1210.0,-0.01
RMP4,2020-03-12,1215.0,-0.24
RMP4,2020-03-12,1220.0,-0.5
RMP4,2020-03-12,1225.0,-0.48
RMP4,2020-03-12,1230.0,-0.42
RMP4,2020-03-12,1235.0,-0.35
RMP4,2020-03-12,1240.0,-0.3
RMP4,2020-03-12,1245.0,-0.28
RMP4,2020-03-12,1250.0,-0.26
RMP4,2020-03-12,1255.0,-0.24
RMP4,2020-03-12,1260.0,-0.12
RMP4,2020-03-12,1265.0,-0.08
RMP4,2020-03-12,1270.0,-0.01
RMP4,2020-03-12,1275.0,0.05
RMP4,2020-03-12,1280.0,0.07
RMP4,2020-03-12,1285.0,0.1
RMP4,2020-03-12,1290.0,0.03
RMP4,2020-03-12,1295.0,-0.15
RMP4,2020-03-12,1300.0,-0.28
RMP4,2020-03-12,1305.0,-0.4
RMP4,2020-03-12,1310.0,-0.26
RMP4,2020-03-12,1315.0,-0.1
RMP4,2020-03-12,1320.0,-0.05
RMP4,2020-03-12,1325.0,0.0
RMP4,2020-03-12,1330.0,0.14
RMP4,2020-03-12,1335.0,0.48
RMP4,2020-03-12,1340.0,0.65
RMP4,2020-03-12,1345.0,0.85
RMP4,2020-03-12,1350.0,1.0
RMP4,2020-03-12,1355.0,1.1
RMP4,2020-03-12,1360.0,1.2
RMP4,2020-03-12,1365.0,1.3
RMP4,2020-03-12,1370.0,1.35
RMP4,2020-03-12,1375.0,1.45
RMP4,2020-03-12,1380.0,1.48
RMP4,2020-03-12,1385.0,1.5
RMP4,2020-03-12,1390.0,1.45
RMP4,2020-03-12,1395.0,1.42
RMP4,2020-03-12,1400.0,1.38
RMP4,2020-03-12,1405.0,1.3
RMP4,2020-03-12,1410.0,1.25
RMP4,2020-03-12,1415.0,1.21
RMP4,2020-03-12,1420.0,1.18
RMP4,2020-03-12,1425.0,1.14
RMP4,2020-03-12,1430.0,1.1
RMP4,2020-03-12,1435.0,0.98
RMP4,2020-03-12,1440.0,0.78
RMP4,2020-03-12,1445.0,0.66
RMP4,2020-03-12,1450.0,0.5
RMP4,2020-03-12,1455.0,0.52
RMP4,2020-03-12,1460.0,0.53
RMP4,2020-03-12,1465.0,0.56
RMP4,2020-03-12,1470.0,0.6
RMP4,2020-03-12,1475.0,0.62
RMP4,2020-03-12,1480.0,0.64
RMP4,2020-03-12,1485.0,0.66
RMP4,2020-03-12,1490.0,0.7
RMP4,2020-03-12,1495.0,0.55
RMP4,2020-03-12,1500.0,0.42
RMP4,2020-03-12,1505.0,0.34
RMP4,2020-03-12,1510.0,0.12
RMP4,2020-03-12,1515.0,0.08
RMP4,2020-03-12,1520.0,0.07
RMP4,2020-03-12,1525.0,0.09
RMP4,2020-03-12,1530.0,0.06
RMP4,2020-03-12,1535.0,-0.05
RMP4,2020-03-12,1540.0,-0.12
RMP4,2020-03-12,1545.0,-0.28
RMP4,2020-03-12,1550.0,-0.4
RMP4,2020-03-12,1555.0,-0.56
RMP4,2020-03-12,1560.0,-0.68
RMP4,2020-03-12,1565.0,-0.86
RMP4,2020-03-12,1570.0,-1.04
RMP4,2020-03-12,1575.0,-1.15
RMP4,2020-03-12,1580.0,-1.28
RMP4,2020-03-12,1585.0,-1.36
RMP4,2020-03-12,1590.0,-1.5
RMP4,2020-03-12,1595.0,-1.72
RMP4,2020-03-12,1600.0,-2.04
RMP4,2020-03-12,1605.0,-2.33
RMP4,2020-03-12,1610.0,-2.5
RMP4,2020-03-12,1615.0,-2.77
RMP4,2020-03-12,1620.0,-3.02
RMP4,2020-03-12,1625.0,-3.2
RMP4,2020-03-12,1630.0,-3.4
RMP4,2020-03-12,1635.0,-3.78
RMP4,2020-03-12,1640.0,-4.05
RMP4,2020-03-12,1645.0,-4.25
RMP4,2020-03-12,1650.0,-4.5
RMP4,2020-03-12,1655.0,-4.68
RMP4,2020-03-12,1660.0,-4.83
RMP4,2020-03-12,1665.0,-4.9
RMP4,2020-03-12,1670.0,-4.98
RMP4,2020-03-12,1675.0,-5.12
RMP4,2020-03-12,1680.0,-5.24
RMP4,2020-03-12,1685.0,-5.35
RMP4,2020-03-12,1690.0,-5.4
RMP4,2020-03-12,1695.0,-5.34
RMP4,2020-03-12,1700.0,-5.26
RMP4,2020-03-12,1705.0,-5.19
RMP4,2020-03-12,1710.0,-5.12
RMP4,2020-03-12,1715.0,-5.28
RMP4,2020-03-12,1720.0,-5.42
RMP4,2020-03-12,1725.0,-5.66
RMP4,2020-03-12,1730.0,-5.8
RMP4,2020-03-12,1735.0,-5.86
RMP4,2020-03-12,1740.0,-5.92
RMP4,2020-03-12,1745.0,-6.01
RMP4,2020-03-12,1750.0,-6.1
RMP4,2020-03-12,1755.0,-6.55
RMP4,2020-03-12,1760.0,-7.04
RMP4,2020-03-12,1765.0,-7.44
RMP4,2020-03-12,1770.0,-7.8
RMP4,2020-03-12,1775.0,-7.86
RMP4,2020-03-12,1780.0,-7.92
RMP4,2020-03-12,1785.0,-7.96
RMP4,2020-03-12,1790.0,-8.0
RMP4,2020-03-12,1795.0,-8.01
RMP4,2020-03-12,1800.0,-8.02
RMP4,2020-03-12,1805.0,-7.97
RMP4,2020-03-12,1810.0,-7.98
RMP4,2020-03-12,1815.0,-8.05
RMP4,2020-03-12,1820.0,-8.12
RMP4,2020-03-12,1825.0,-8.29
RMP4,2020-03-12,1830.0,-8.4
RMP4,2020-03-12,1835.0,-8.46
RMP4,2020-03-12,1840.0,-8.52
RMP4,2020-03-12,1845.0,-8.58
RMP4,2020-03-12,1850.0,-8.6
RMP4,2020-03-12,1855.0,-8.46
RMP4,2020-03-12,1860.0,-8.34
RMP4,2020-03-12,1865.0,-8.18
RMP4,2020-03-12,1870.0,-7.96
RMP4,2020-03-12,1875.0,-7.72
RMP4,2020-03-12,1880.0,-7.41
RMP4,2020-03-12,1885.0,-7.11
RMP4,2020-03-12,1890.0,-6.9
RMP4,2020-03-12,1895.0,-6.96
RMP4,2020-03-12,1900.0,-7.01
RMP4,2020-03-12,1905.0,-7.06
RMP4,2020-03-12,1910.0,-7.1
RMP4,2020-03-12,1915.0,-7.52
RMP4,2020-03-12,1920.0,-7.96
RMP4,2020-03-12,1925.0,-8.22
RMP4,2020-03-12,1930.0,-8.5
RMP4,2020-03-12,1935.0,-8.62
RMP4,2020-03-12,1940.0,-8.7
RMP4,2020-03-12,1945.0,-8.74
RMP4,2020-03-12,1950.0,-8.8
RMP4,2020-03-12,1955.0,-8.88
RMP4,2020-03-12,1960.0,-8.96
RMP4,2020-03-12,1965.0,-9.03
RMP4,2020-03-12,1970.0,-9.1
RMP4,2020-03-12,1975.0,-9.22
RMP4,2020-03-12,1980.0,-9.28
RMP4,2020-03-12,1985.0,-9.34
RMP4,2020-03-12,1990.0,-9.4
RMP4,2020-03-12,1995.0,-9.1
RMP4,2020-03-12,2000.0,-8.66
RMP4,2020-03-12,2005.0,-8.3
RMP4,2020-03-12,2010.0,-8.16
RMP4,2020-03-12,2015.0,-8.02
RMP4,2020-03-12,2020.0,-7.91
RMP4,2020-03-12,2025.0,-7.83
RMP4,2020-03-12,2030.0,-7.75
RMP4,2020-03-12,2035.0,-7.82
RMP4,2020-03-12,2040.0,-7.86
RMP4,2020-03-12,2045.0,-7.88
RMP4,2020-03-12,2050.0,-7.9
RMP4,2020-03-12,2055.0,-7.74
RMP4,2020-03-12,2060.0,-7.58
RMP4,2020-03-12,2065.0,-7.44
RMP4,2020-03-12,2070.0,-7.3
RMP4,2020-03-12,2075.0,-7.46
RMP4,2020-03-12,2080.0,-7.58
RMP4,2020-03-12,2085.0,-7.71
RMP4,2020-03-12,2090.0,-7.87
RMP4,2020-03-12,2095.0,-7.73
RMP4,2020-03-12,2100.0,-7.7
RMP4,2020-03-12,2105.0,-7.64
RMP4,2020-03-12,2110.0,-7.6
RMP4,2020-03-12,2115.0,-7.42
RMP4,2020-03-12,2120.0,-7.15
RMP4,2020-03-12,2125.0,-7.02
RMP4,2020-03-12,2130.0,-6.9
RMP4,2020-03-12,2135.0,-6.92
RMP4,2020-03-12,2140.0,-6.88
RMP4,2020-03-12,2145.0,-6.85
RMP4,2020-03-12,2150.0,-6.8
RMP4,2020-03-12,2155.0,-7.02
RMP4,2020-03-12,2160.0,-7.15
RMP4,2020-03-12,2165.0,-7.32
RMP4,2020-03-12,2170.0,-7.5
RMP4,2020-03-12,2175.0,-7.58
RMP4,2020-03-12,2180.0,-7.62
RMP4,2020-03-12,2185.0,-7.68
RMP4,2020-03-12,2190.0,-7.7
RMP4,2020-03-12,2195.0,-7.4
RMP4,2020-03-12,2200.0,-7.12
RMP4,2020-03-12,2205.0,-6.71
RMP4,2020-03-12,2210.0,-6.5
RMP4,2020-03-12,2215.0,-6.57
RMP4,2020-03-12,2220.0,-6.66
RMP4,2020-03-12,2225.0,-6.68
RMP4,2020-03-12,2230.0,-6.7
RMP4,2020-03-12,2235.0,-6.88
RMP4,2020-03-12,2240.0,-7.0
RMP4,2020-03-12,2245.0,-7.11
RMP4,2020-03-12,2250.0,-7.22
RMP4,2020-03-12,2255.0,-7.33
RMP4,2020-03-12,2260.0,-7.44
RMP4,2020-03-12,2265.0,-7.49
RMP4,2020-03-12,2270.0,-7.56
RMP4,2020-03-12,2275.0,-7.41
RMP4,2020-03-12,2280.0,-7.32
RMP4,2020-03-12,2285.0,-7.18
RMP4,2020-03-12,2290.0,-7.0
RMP4,2020-03-12,2295.0,-6.3
RMP4,2020-03-12,2300.0,-5.6
RMP4,2020-03-12,2305.0,-5.12
RMP4,2020-03-12,2310.0,-4.6
RMP4,2020-03-12,2315.0,-4.33
RMP4,2020-03-12,2320.0,-4.08
RMP4,2020-03-12,2325.0,-3.94
RMP4,2020-03-12,2330.0,-3.8
RMP4,2020-03-12,2335.0,-3.22
RMP4,2020-03-12,2340.0,-2.78
RMP4,2020-03-12,2345.0,-2.41
RMP4,2020-03-12,2350.0,-2.2
RMP4,2020-03-12,2355.0,-1.72
RMP4,2020-03-12,2360.0,-1.1
RMP4,2020-03-12,2365.0,-0.95
RMP4,2020-03-12,2370.0,-0.7
RMP4,2020-03-12,2375.0,0.9
RMP4,2020-03-12,2380.0,1.9
RMP4,2020-03-12,2383.0,4.25
RMP4,2020-03-12,2387.0,5.47
RMP4,2020-03-12,2390.0,5.82
RMP4,2020-03-12,2420.0,5.15
RMP4,2020-03-12,2460.0,4.79
RMP4,2020-03-12,2500.0,4.77
RMP4,2020-03-12,2540.0,4.68
RMP4,2020-03-12,2570.0,4.72
RMP4,2020-03-12,2600.0,4.66
RMP4,2020-03-12,2630.0,4.68
RMP4,2020-03-12,2670.0,4.79
RMP4,2020-03-12,2700.0,4.92
RMP4,2020-03-12,2740.0,4.86
RMP4,2020-03-12,2800.0,4.55
RMP4,2020-03-12,2840.0,4.49
RMP4,2020-03-12,2900.0,4.68
RMP4,2020-03-12,2940.0,4.46
RMP4,2020-03-12,3000.0,4.5
RMP4,2020-03-12,3030.0,4.55
RMP4,2020-03-12,3070.0,4.63
RMP4,2020-03-12,3100.0,4.68
RMP4,2020-03-12,3140.0,4.74
RMP4,2020-03-12,3170.0,4.7
RMP4,2020-03-12,3200.0,4.8
RMP4,2020-03-12,3240.0,5.82
RMP4,2020-03-12,3300.0,5.86
RMP4,2020-03-12,3330.0,5.92
RMP4,2020-03-12,3370.0,5.78
RMP4,2020-03-12,3400.0,5.82
RMP4,2020-03-12,3440.0,5.66
RMP4,2020-03-12,3500.0,5.62
RMP4,2020-03-12,3550.0,5.48
RMP4,2020-03-12,3600.0,5.46
RMP4,2020-03-12,3640.0,5.62
RMP4,2020-03-12,3700.0,5.68
RMP4,2020-03-12,3740.0,5.72
RMP4,2020-03-12,3800.0,5.46
RMP4,2020-03-12,3830.0,5.62
RMP4,2020-03-12,3860.0,5.44
RMP4,2020-03-12,3900.0,5.47
RMP4,2020-03-12,3940.0,5.62
RMP4,2020-03-12,4000.0,5.48
RMP4,2020-03-12,4040.0,5.55
RMP4,2020-03-12,4100.0,5.62
RMP4,2020-03-12,4130.0,5.86
RMP4,2020-03-12,4170.0,6.06
RMP4,2020-03-12,4200.0,6.26
RMP4,2020-03-12,4230.0,6.46
RMP4,2020-03-12,4270.0,6.7
RMP4,2020-03-12,4300.0,6.56
RMP4,2020-03-12,4350.0,6.26
RMP4,2020-03-12,4380.0,6.36
RMP4,2020-03-12,4420.0,6.62
RMP4,2020-03-12,4450.0,6.68
RMP4,2020-03-12,4500.0,6.7
RMP4,2020-03-12,4550.0,6.67
RMP4,2020-03-12,4600.0,6.48
RMP4,2020-03-12,4630.0,6.28
RMP4,2020-03-12,4660.0,6.46
RMP4,2020-03-12,4700.0,6.62
RMP4,2020-03-12,4740.0,6.29
RMP4,2020-03-12,4770.0,6.42
RMP4,2020-03-12,4810.0,6.36
RMP4,2020-03-12,4840.0,6.26
RMP4,2020-03-12,4870.0,6.22
RMP4,2020-03-12,4900.0,5.77
RMP4,2020-03-12,4940.0,5.72
RMP4,2020-03-12,4970.0,5.62
RMP4,2020-03-12,5000.0,5.66
RMP4,2020-03-12,5040.0,5.46
RMP4,2020-03-12,5080.0,5.62
RMP4,2020-03-12,5120.0,5.45
RMP4,2020-03-12,5150.0,5.5
RMP4,2020-03-12,5180.0,5.36
RMP4,2020-03-12,5220.0,5.62
RMP4,2020-03-12,5250.0,5.45
RMP4,2020-03-12,5280.0,5.25
RMP4,2020-03-12,5320.0,5.55
RMP4,2020-03-12,5360.0,5.64
RMP4,2020-03-12,5400.0,5.56
RMP4,2020-03-12,5440.0,5.48
RMP4,2020-03-12,5500.0,5.45
RMP4,2020-03-12,5530.0,5.52
RMP4,2020-03-12,5580.0,5.46
RMP4,2020-03-12,5620.0,5.63
RMP4,2020-03-12,5640.0,5.64
RMP4,2020-03-12,5700.0,5.5
RMP4,2020-03-12,5740.0,5.44
RMP4,2020-03-12,5770.0,5.43
RMP4,2020-03-12,5800.0,5.4
RMP4,2020-03-12,5840.0,5.46
RMP4,2020-03-12,5900.0,5.62
RMP4,2020-03-12,5940.0,5.66
RMP4,2020-03-12,6000.0,5.63
RMP4,2020-03-12,6040.0,6.06
RMP4,2020-03-12,6100.0,6.16
RMP4,2020-03-12,6140.0,6.26
RMP4,2020-03-12,6200.0,6.36
RMP4,2020-03-12,6240.0,5.72
RMP4,2020-03-12,6280.0,5.55
RMP4,2020-03-12,6320.0,5.46
RMP4,2020-03-12,6360.0,5.38
RMP4,2020-03-12,6400.0,5.28
RMP4,2020-03-12,6440.0,5.08
RMP4,2020-03-12,6480.0,5.01
RMP4,2020-03-12,6520.0,4.7
RMP4,2020-03-12,6560.0,4.46
RMP4,2020-03-12,6600.0,4.66
RMP4,2020-03-12,6640.0,4.62
RMP4,2020-03-12,6700.0,4.48
RMP4,2020-03-12,6740.0,4.28
RMP4,2020-03-12,6800.0,4.18
RMP4,2020-03-12,6830.0,4.08
RMP4,2020-03-12,6870.0,4.28
RMP4,2020-03-12,6900.0,4.36
RMP4,2020-03-12,6940.0,4.16
RMP4,2020-03-12,6970.0,4.26
RMP4,2020-03-12,7000.0,4.14
RMP4,2020-03-12,7040.0,4.24
RMP4,2020-03-12,7100.0,4.04
RMP4,2020-03-12,7140.0,3.72
RMP4,2020-03-12,7180.0,3.66
RMP4,2020-03-12,7220.0,3.64
RMP4,2020-03-12,7260.0,3.62
RMP4,2020-03-12,7300.0,3.56
RMP4,2020-03-12,7340.0,3.5
RMP4,2020-03-12,7400.0,3.28
RMP4,2020-03-12,7440.0,3.08
RMP4,2020-03-12,7500.0,3.28
RMP4,2020-03-12,7550.0,3.33
RMP4,2020-03-12,7600.0,3.39
RMP4,2020-03-12,7640.0,3.62
RMP4,2020-03-12,7670.0,3.72
RMP4,2020-03-12,7700.0,3.79
RMP4,2020-03-12,7740.0,3.92
RMP4,2020-03-12,7770.0,3.95
RMP4,2020-03-12,7800.0,4.04
RMP4,2020-03-12,7840.0,4.14
RMP4,2020-03-12,7900.0,4.36
RMP4,2020-03-12,7940.0,4.62
RMP4,2020-03-12,8000.0,4.66
RMP4,2020-03-12,8040.0,4.46
RMP4,2020-03-12,8070.0,4.5
RMP4,2020-03-12,8100.0,4.55
RMP4,2020-03-12,8140.0,4.42
RMP4,2020-03-12,8200.0,4.28
RMP4,2020-03-12,8240.0,4.08
RMP4,2020-03-12,8270.0,4.22
RMP4,2020-03-12,8300.0,4.46
RMP4,2020-03-12,8340.0,4.23
RMP4,2020-03-12,8400.0,4.03
RMP4,2020-03-12,8440.0,4.44
RMP4,2020-03-12,8500.0,4.49
RMP4,2020-03-12,8540.0,4.55
RMP4,2020-03-12,8600.0,4.66
RMP4,2020-03-12,8640.0,4.16
RMP4,2020-03-12,8700.0,4.02
RMP4,2020-03-12,8740.0,3.72
RMP4,2020-03-12,8800.0,3.68
RMP4,2020-03-12,8840.0,3.32
RMP4,2020-03-12,8880.0,3.44
RMP4,2020-03-12,8920.0,3.32
RMP4,2020-03-12,8950.0,3.33
RMP4,2020-03-12,9000.0,3.34
RMP4,2020-03-12,9040.0,3.74
RMP4,2020-03-12,9070.0,3.76
RMP4,2020-03-12,9100.0,3.62
RMP4,2020-03-12,9140.0,3.84
RMP4,2020-03-12,9200.0,3.13
RMP4,2020-03-12,9240.0,3.43
RMP4,2020-03-12,9300.0,3.92
RMP4,2020-03-12,9340.0,3.77
RMP4,2020-03-12,9400.0,4.01
RMP4,2020-03-12,9440.0,4.24
RMP4,2020-03-12,9500.0,4.26
RMP4,2020-03-12,9540.0,4.36
RMP4,2020-03-12,9570.0,4.86
RMP4,2020-03-12,9600.0,5.27
RMP4,2020-03-12,9640.0,5.55
RMP4,2020-03-12,9670.0,5.88
RMP4,2020-03-12,9700.0,6.28
RMP4,2020-03-12,9740.0,6.44
RMP4,2020-03-12,9780.0,6.56
RMP4,2020-03-12,9820.0,6.44
RMP4,2020-03-12,9860.0,6.66
RMP4,2020-03-12,9900.0,6.38
RMP4,2020-03-12,9940.0,6.48
RMP4,2020-03-12,9970.0,6.72
RMP4,2020-03-12,10000.0,6.66
RMP4,2020-03-12,10040.0,6.68
RMP4,2020-03-12,10100.0,6.7
RMP4,2020-03-12,10140.0,6.46
RMP4,2020-03-12,10200.0,6.62
RMP4,2020-03-12,10230.0,6.45
RMP4,2020-03-12,10270.0,6.44
RMP4,2020-03-12,10300.0,6.56
RMP4,2020-03-12,10340.0,6.06
RMP4,2020-03-12,10370.0,6.26
RMP4,2020-03-12,10400.0,6.42
RMP4,2020-03-12,10440.0,6.52
RMP4,2020-03-12,10470.0,6.46
RMP4,2020-03-12,10500.0,6.26
RMP4,2020-03-12,10550.0,6.46
RMP4,2020-03-12,10600.0,6.52
RMP4,2020-03-12,10640.0,6.36
RMP4,2020-03-12,10670.0,6.28
RMP4,2020-03-12,10700.0,6.06
RMP4,2020-03-12,10740.0,6.16
RMP4,2020-03-12,10770.0,6.42
RMP4,2020-03-12,10800.0,6.26
RMP4,2020-03-12,10840.0,6.08
RMP4,2020-03-12,10900.0,5.92
RMP4,2020-03-12,10940.0,5.44
RMP4,2020-03-12,10970.0,5.46
RMP4,2020-03-12,11000.0,5.28
RMP4,2020-03-12,11040.0,5.09
RMP4,2020-03-12,11070.0,5.46
RMP4,2020-03-12,11100.0,5.64
RMP4,2020-03-12,11140.0,5.7
RMP4,2020-03-12,11170.0,5.66
RMP4,2020-03-12,11200.0,5.74
RMP4,2020-03-12,11240.0,5.68
RMP4,2020-03-12,11300.0,5.7
RMP4,2020-03-12,11340.0,5.82
RMP4,2020-03-12,11370.0,5.78
RMP4,2020-03-12,11400.0,5.68
RMP4,2020-03-12,11440.0,5.82
RMP4,2020-03-12,11480.0,5.7
RMP4,2020-03-12,11520.0,5.84
RMP4,2020-03-12,11560.0,6.06
RMP4,2020-03-12,11600.0,6.62
RMP4,2020-03-12,11640.0,6.84
RMP4,2020-03-12,11670.0,7.07
RMP4,2020-03-12,11700.0,7.17
RMP4,2020-03-12,11740.0,7.36
RMP4,2020-03-12,11770.0,7.62
RMP4,2020-03-12,11800.0,7.52
RMP4,2020-03-12,11840.0,7.48
RMP4,2020-03-12,11900.0,7.52
RMP4,2020-03-12,11940.0,7.44
RMP4,2020-03-12,11970.0,7.36
RMP4,2020-03-12,12000.0,7.62
RMP4,2020-03-12,12030.0,7.5
RMP4,2020-03-12,12060.0,7.28
RMP4,2020-03-12,12090.0,7.36
RMP4,2020-03-12,12113.0,8.01
RMP4,2020-03-12,12113.0,8.31
RMP4,2021-01-03,0.0,7.6
RMP4,2021-01-03,0.0,7.4
RMP4,2021-01-03,2.0,6.43
RMP4,2021-01-03,5.0,5.2
RMP4,2021-01-03,8.0,4.96
RMP4,2021-01-03,10.0,4.88
RMP4,2021-01-03,20.0,4.06
RMP4,2021-01-03,30.0,3.7
RMP4,2021-01-03,40.0,3.2
RMP4,2021-01-03,50.0,3.5
RMP4,2021-01-03,60.0,3.75
RMP4,2021-01-03,65.0,4.12
RMP4,2021-01-03,70.0,4.9
RMP4,2021-01-03,100.0,7.53
RMP4,2021-01-03,150.0,7.17
RMP4,2021-01-03,200.0,6.67
RMP4,2021-01-03,250.0,7.28
RMP4,2021-01-03,300.0,7.6
RMP4,2021-01-03,350.0,6.6
RMP4,2021-01-03,400.0,7.91
RMP4,2021-01-03,437.0,4.22
RMP4,2021-01-03,440.0,2.83
RMP4,2021-01-03,452.0,2.3
RMP4,2021-01-03,455.0,1.49
RMP4,2021-01-03,460.0,1.22
RMP4,2021-01-03,465.0,0.95
RMP4,2021-01-03,470.0,0.41
RMP4,2021-01-03,475.0,0.41
RMP4,2021-01-03,480.0,0.35
RMP4,2021-01-03,485.0,0.29
RMP4,2021-01-03,490.0,0.23
RMP4,2021-01-03,495.0,-0.57
RMP4,2021-01-03,500.0,-0.97
RMP4,2021-01-03,505.0,-1.77
RMP4,2021-01-03,510.0,-2.17
RMP4,2021-01-03,515.0,-2.21
RMP4,2021-01-03,520.0,-2.25
RMP4,2021-01-03,525.0,-2.29
RMP4,2021-01-03,530.0,-2.33
RMP4,2021-01-03,535.0,-2.41
RMP4,2021-01-03,540.0,-2.45
RMP4,2021-01-03,545.0,-2.49
RMP4,2021-01-03,550.0,-2.53
RMP4,2021-01-03,555.0,-2.62
RMP4,2021-01-03,560.0,-2.71
RMP4,2021-01-03,565.0,-2.89
RMP4,2021-01-03,570.0,-2.98
RMP4,2021-01-03,575.0,-3.07
RMP4,2021-01-03,580.0,-3.16
RMP4,2021-01-03,585.0,-3.25
RMP4,2021-01-03,590.0,-3.34
RMP4,2021-01-03,595.0,-3.43
RMP4,2021-01-03,600.0,-3.52
RMP4,2021-01-03,605.0,-3.57
RMP4,2021-01-03,610.0,-3.62
RMP4,2021-01-03,615.0,-3.67
RMP4,2021-01-03,620.0,-3.72
RMP4,2021-01-03,625.0,-3.77
RMP4,2021-01-03,630.0,-3.82
RMP4,2021-01-03,635.0,-3.92
RMP4,2021-01-03,640.0,-3.97
RMP4,2021-01-03,645.0,-4.02
RMP4,2021-01-03,650.0,-4.07
RMP4,2021-01-03,655.0,-4.17
RMP4,2021-01-03,660.0,-4.22
RMP4,2021-01-03,665.0,-4.28
RMP4,2021-01-03,670.0,-4.31
RMP4,2021-01-03,675.0,-4.34
RMP4,2021-01-03,680.0,-4.37
RMP4,2021-01-03,685.0,-4.4
RMP4,2021-01-03,690.0,-4.43
RMP4,2021-01-03,695.0,-4.46
RMP4,2021-01-03,700.0,-4.49
RMP4,2021-01-03,705.0,-4.57
RMP4,2021-01-03,710.0,-4.6
RMP4,2021-01-03,715.0,-4.51
RMP4,2021-01-03,720.0,-4.4
RMP4,2021-01-03,725.0,-4.29
RMP4,2021-01-03,730.0,-4.07
RMP4,2021-01-03,735.0,-3.96
RMP4,2021-01-03,740.0,-3.91
RMP4,2021-01-03,745.0,-3.81
RMP4,2021-01-03,750.0,-3.76
RMP4,2021-01-03,755.0,-3.71
RMP4,2021-01-03,760.0,-3.66
RMP4,2021-01-03,765.0,-3.61
RMP4,2021-01-03,770.0,-3.56
RMP4,2021-01-03,775.0,-2.9
RMP4,2021-01-03,780.0,-2.57
RMP4,2021-01-03,785.0,-2.24
RMP4,2021-01-03,790.0,-1.58
RMP4,2021-01-03,795.0,-1.25
RMP4,2021-01-03,800.0,-0.92
RMP4,2021-01-03,805.0,-0.59
RMP4,2021-01-03,810.0,0.07
RMP4,2021-01-03,815.0,0.4
RMP4,2021-01-03,820.0,0.73
RMP4,2021-01-03,825.0,1.06
RMP4,2021-01-03,830.0,1.13
RMP4,2021-01-03,835.0,1.16
RMP4,2021-01-03,840.0,1.23
RMP4,2021-01-03,845.0,1.18
RMP4,2021-01-03,850.0,1.19
RMP4,2021-01-03,855.0,1.24
RMP4,2021-01-03,860.0,1.24
RMP4,2021-01-03,865.0,1.19
RMP4,2021-01-03,870.0,1.17
RMP4,2021-01-03,875.0,1.16
RMP4,2021-01-03,880.0,1.21
RMP4,2021-01-03,885.0,1.2
RMP4,2021-01-03,890.0,1.2
RMP4,2021-01-03,895.0,1.19
RMP4,2021-01-03,900.0,1.26
RMP4,2021-01-03,905.0,1.43
RMP4,2021-01-03,910.0,1.39
RMP4,2021-01-03,915.0,1.38
RMP4,2021-01-03,920.0,1.46
RMP4,2021-01-03,925.0,1.42
RMP4,2021-01-03,930.0,1.45
RMP4,2021-01-03,935.0,1.2
RMP4,2021-01-03,940.0,1.28
RMP4,2021-01-03,945.0,1.09
RMP4,2021-01-03,950.0,1.18
RMP4,2021-01-03,955.0,1.13
RMP4,2021-01-03,960.0,1.23
RMP4,2021-01-03,965.0,1.2
RMP4,2021-01-03,970.0,1.24
RMP4,2021-01-03,975.0,1.33
RMP4,2021-01-03,980.0,1.39
RMP4,2021-01-03,985.0,1.45
RMP4,2021-01-03,990.0,1.45
RMP4,2021-01-03,995.0,1.29
RMP4,2021-01-03,1000.0,1.41
RMP4,2021-01-03,1005.0,1.13
RMP4,2021-01-03,1010.0,0.76
RMP4,2021-01-03,1015.0,0.46
RMP4,2021-01-03,1020.0,0.44
RMP4,2021-01-03,1025.0,0.38
RMP4,2021-01-03,1030.0,0.35
RMP4,2021-01-03,1035.0,0.32
RMP4,2021-01-03,1040.0,0.26
RMP4,2021-01-03,1045.0,0.23
RMP4,2021-01-03,1050.0,0.2
RMP4,2021-01-03,1055.0,0.17
RMP4,2021-01-03,1060.0,0.14
RMP4,2021-01-03,1065.0,0.19
RMP4,2021-01-03,1070.0,0.27
RMP4,2021-01-03,1075.0,0.35
RMP4,2021-01-03,1080.0,0.43
RMP4,2021-01-03,1085.0,0.59
RMP4,2021-01-03,1090.0,0.72
RMP4,2021-01-03,1095.0,0.85
RMP4,2021-01-03,1100.0,0.98
RMP4,2021-01-03,1105.0,1.11
RMP4,2021-01-03,1110.0,1.37
RMP4,2021-01-03,1115.0,1.5
RMP4,2021-01-03,1120.0,1.63
RMP4,2021-01-03,1125.0,1.7
RMP4,2021-01-03,1130.0,1.03
RMP4,2021-01-03,1135.0,0.2
RMP4,2021-01-03,1140.0,0.14
RMP4,2021-01-03,1145.0,-0.22
RMP4,2021-01-03,1150.0,-0.58
RMP4,2021-01-03,1155.0,-0.74
RMP4,2021-01-03,1160.0,-0.98
RMP4,2021-01-03,1165.0,-1.1
RMP4,2021-01-03,1170.0,-1.22
RMP4,2021-01-03,1175.0,-1.46
RMP4,2021-01-03,1180.0,-1.7
RMP4,2021-01-03,1185.0,-1.82
RMP4,2021-01-03,1190.0,-2.18
RMP4,2021-01-03,1195.0,-2.3
RMP4,2021-01-03,1200.0,-2.31
RMP4,2021-01-03,1205.0,-2.34
RMP4,2021-01-03,1210.0,-2.35
RMP4,2021-01-03,1215.0,-2.37
RMP4,2021-01-03,1220.0,-2.38
RMP4,2021-01-03,1225.0,-2.39
RMP4,2021-01-03,1230.0,-2.4
RMP4,2021-01-03,1235.0,-2.41
RMP4,2021-01-03,1240.0,-2.42
RMP4,2021-01-03,1245.0,-2.43
RMP4,2021-01-03,1250.0,-2.44
RMP4,2021-01-03,1255.0,-2.45
RMP4,2021-01-03,1260.0,-2.46
RMP4,2021-01-03,1265.0,-2.55
RMP4,2021-01-03,1270.0,-2.51
RMP4,2021-01-03,1275.0,-2.49
RMP4,2021-01-03,1280.0,-2.47
RMP4,2021-01-03,1285.0,-2.45
RMP4,2021-01-03,1290.0,-2.41
RMP4,2021-01-03,1295.0,-2.31
RMP4,2021-01-03,1300.0,-2.21
RMP4,2021-01-03,1305.0,-2.11
RMP4,2021-01-03,1310.0,-2.01
RMP4,2021-01-03,1315.0,-1.81
RMP4,2021-01-03,1320.0,-1.71
RMP4,2021-01-03,1325.0,-1.61
RMP4,2021-01-03,1330.0,-1.51
RMP4,2021-01-03,1335.0,-1.31
RMP4,2021-01-03,1340.0,-1.21
RMP4,2021-01-03,1345.0,-1.11
RMP4,2021-01-03,1350.0,-1.01
RMP4,2021-01-03,1355.0,-0.97
RMP4,2021-01-03,1360.0,-0.93
RMP4,2021-01-03,1365.0,-0.89
RMP4,2021-01-03,1370.0,-0.81
RMP4,2021-01-03,1375.0,-0.77
RMP4,2021-01-03,1380.0,-0.73
RMP4,2021-01-03,1385.0,-0.69
RMP4,2021-01-03,1390.0,-0.65
RMP4,2021-01-03,1395.0,-0.57
RMP4,2021-01-03,1400.0,-0.53
RMP4,2021-01-03,1405.0,-0.49
RMP4,2021-01-03,1410.0,-0.36
RMP4,2021-01-03,1415.0,-0.31
RMP4,2021-01-03,1420.0,-0.26
RMP4,2021-01-03,1425.0,-0.16
RMP4,2021-01-03,1430.0,-0.11
RMP4,2021-01-03,1435.0,-0.06
RMP4,2021-01-03,1440.0,-0.01
RMP4,2021-01-03,1445.0,-0.09
RMP4,2021-01-03,1450.0,-0.13
RMP4,2021-01-03,1455.0,-0.17
RMP4,2021-01-03,1460.0,-0.21
RMP4,2021-01-03,1465.0,-0.1
RMP4,2021-01-03,1470.0,-0.05
RMP4,2021-01-03,1475.0,0.05
RMP4,2021-01-03,1480.0,0.1
RMP4,2021-01-03,1485.0,0.15
RMP4,2021-01-03,1490.0,0.25
RMP4,2021-01-03,1495.0,0.3
RMP4,2021-01-03,1500.0,0.35
RMP4,2021-01-03,1505.0,0.4
RMP4,2021-01-03,1510.0,0.5
RMP4,2021-01-03,1515.0,0.65
RMP4,2021-01-03,1520.0,0.8
RMP4,2021-01-03,1525.0,1.1
RMP4,2021-01-03,1530.0,1.25
RMP4,2021-01-03,1535.0,1.4
RMP4,2021-01-03,1540.0,1.7
RMP4,2021-01-03,1545.0,1.85
RMP4,2021-01-03,1550.0,1.92
RMP4,2021-01-03,1555.0,2.0
RMP4,2021-01-03,1560.0,2.3
RMP4,2021-01-03,1565.0,0.95
RMP4,2021-01-03,1570.0,1.0
RMP4,2021-01-03,1575.0,1.1
RMP4,2021-01-03,1580.0,1.4
RMP4,2021-01-03,1585.0,1.55
RMP4,2021-01-03,1590.0,1.85
RMP4,2021-01-03,1595.0,2.0
RMP4,2021-01-03,1600.0,2.3
RMP4,2021-01-03,1630.0,3.3
RMP4,2021-01-03,1660.0,3.36
RMP4,2021-01-03,1700.0,3.5
RMP4,2021-01-03,1750.0,3.28
RMP4,2021-01-03,1800.0,3.48
RMP4,2021-01-03,1850.0,3.16
RMP4,2021-01-03,1880.0,3.36
RMP4,2021-01-03,1900.0,3.28
RMP4,2021-01-03,1930.0,3.03
RMP4,2021-01-03,1960.0,3.13
RMP4,2021-01-03,1990.0,3.28
RMP4,2021-01-03,2020.0,3.02
RMP4,2021-01-03,2025.0,2.8
RMP4,2021-01-03,2030.0,2.16
RMP4,2021-01-03,2035.0,2.08
RMP4,2021-01-03,2040.0,2.04
RMP4,2021-01-03,2045.0,2.0
RMP4,2021-01-03,2050.0,1.96
RMP4,2021-01-03,2055.0,1.92
RMP4,2021-01-03,2060.0,1.88
RMP4,2021-01-03,2065.0,1.84
RMP4,2021-01-03,2070.0,1.8
RMP4,2021-01-03,2075.0,1.76
RMP4,2021-01-03,2080.0,1.72
RMP4,2021-01-03,2085.0,1.68
RMP4,2021-01-03,2090.0,1.64
RMP4,2021-01-03,2095.0,1.6
RMP4,2021-01-03,2100.0,1.52
RMP4,2021-01-03,2105.0,1.48
RMP4,2021-01-03,2110.0,1.44
RMP4,2021-01-03,2115.0,1.36
RMP4,2021-01-03,2120.0,1.28
RMP4,2021-01-03,2125.0,1.24
RMP4,2021-01-03,2130.0,1.2
RMP4,2021-01-03,2135.0,1.16
RMP4,2021-01-03,2140.0,1.27
RMP4,2021-01-03,2145.0,1.21
RMP4,2021-01-03,2150.0,1.21
RMP4,2021-01-03,2155.0,1.21
RMP4,2021-01-03,2160.0,1.28
RMP4,2021-01-03,2165.0,1.12
RMP4,2021-01-03,2170.0,1.16
RMP4,2021-01-03,2175.0,1.27
RMP4,2021-01-03,2180.0,1.19
RMP4,2021-01-03,2185.0,1.17
RMP4,2021-01-03,2190.0,1.23
RMP4,2021-01-03,2195.0,1.23
RMP4,2021-01-03,2200.0,1.19
RMP4,2021-01-03,2205.0,1.14
RMP4,2021-01-03,2210.0,1.18
RMP4,2021-01-03,2215.0,1.18
RMP4,2021-01-03,2220.0,1.16
RMP4,2021-01-03,2225.0,1.12
RMP4,2021-01-03,2230.0,1.09
RMP4,2021-01-03,2235.0,0.97
RMP4,2021-01-03,2240.0,0.97
RMP4,2021-01-03,2245.0,0.92
RMP4,2021-01-03,2250.0,0.94
RMP4,2021-01-03,2255.0,0.99
RMP4,2021-01-03,2260.0,0.96
RMP4,2021-01-03,2265.0,0.78
RMP4,2021-01-03,2270.0,0.67
RMP4,2021-01-03,2275.0,0.68
RMP4,2021-01-03,2280.0,0.68
RMP4,2021-01-03,2285.0,0.42
RMP4,2021-01-03,2290.0,0.52
RMP4,2021-01-03,2295.0,0.22
RMP4,2021-01-03,2300.0,0.24
RMP4,2021-01-03,2305.0,0.45
RMP4,2021-01-03,2310.0,0.38
RMP4,2021-01-03,2315.0,0.4
RMP4,2021-01-03,2320.0,0.36
RMP4,2021-01-03,2325.0,0.38
RMP4,2021-01-03,2330.0,0.31
RMP4,2021-01-03,2335.0,0.24
RMP4,2021-01-03,2340.0,0.16
RMP4,2021-01-03,2345.0,0.08
RMP4,2021-01-03,2350.0,0.09
RMP4,2021-01-03,2355.0,0.1
RMP4,2021-01-03,2360.0,0.11
RMP4,2021-01-03,2365.0,0.12
RMP4,2021-01-03,2370.0,0.13
RMP4,2021-01-03,2375.0,0.14
RMP4,2021-01-03,2380.0,0.04
RMP4,2021-01-03,2385.0,0.2
RMP4,2021-01-03,2390.0,0.16
RMP4,2021-01-03,2395.0,0.12
RMP4,2021-01-03,2400.0,0.08
RMP4,2021-01-03,2405.0,0.04
RMP4,2021-01-03,2410.0,0.08
RMP4,2021-01-03,2415.0,0.1
RMP4,2021-01-03,2420.0,0.12
RMP4,2021-01-03,2425.0,0.14
RMP4,2021-01-03,2430.0,0.16
RMP4,2021-01-03,2435.0,0.18
RMP4,2021-01-03,2440.0,0.2
RMP4,2021-01-03,2445.0,0.22
RMP4,2021-01-03,2450.0,0.24
RMP4,2021-01-03,2455.0,0.26
RMP4,2021-01-03,2460.0,0.29
RMP4,2021-01-03,2465.0,0.32
RMP4,2021-01-03,2470.0,0.35
RMP4,2021-01-03,2475.0,0.38
RMP4,2021-01-03,2480.0,0.41
RMP4,2021-01-03,2485.0,0.44
RMP4,2021-01-03,2490.0,0.47
RMP4,2021-01-03,2495.0,0.42
RMP4,2021-01-03,2500.0,0.44
RMP4,2021-01-03,2505.0,0.39
RMP4,2021-01-03,2510.0,0.3
RMP4,2021-01-03,2515.0,0.31
RMP4,2021-01-03,2520.0,0.32
RMP4,2021-01-03,2525.0,0.35
RMP4,2021-01-03,2530.0,0.37
RMP4,2021-01-03,2535.0,0.39
RMP4,2021-01-03,2540.0,0.41
RMP4,2021-01-03,2545.0,0.43
RMP4,2021-01-03,2550.0,0.45
RMP4,2021-01-03,2555.0,0.47
RMP4,2021-01-03,2560.0,0.49
RMP4,2021-01-03,2565.0,0.51
RMP4,2021-01-03,2570.0,0.49
RMP4,2021-01-03,2575.0,0.47
RMP4,2021-01-03,2580.0,0.45
RMP4,2021-01-03,2585.0,0.43
RMP4,2021-01-03,2590.0,0.41
RMP4,2021-01-03,2595.0,0.39
RMP4,2021-01-03,2600.0,0.37
RMP4,2021-01-03,2605.0,0.35
RMP4,2021-01-03,2610.0,0.33
RMP4,2021-01-03,2615.0,0.31
RMP4,2021-01-03,2620.0,0.29
RMP4,2021-01-03,2625.0,0.27
RMP4,2021-01-03,2630.0,0.25
RMP4,2021-01-03,2635.0,0.23
RMP4,2021-01-03,2640.0,0.42
RMP4,2021-01-03,2645.0,0.55
RMP4,2021-01-03,2650.0,0.64
RMP4,2021-01-03,2655.0,0.61
RMP4,2021-01-03,2660.0,0.64
RMP4,2021-01-03,2665.0,0.29
RMP4,2021-01-03,2670.0,0.53
RMP4,2021-01-03,2675.0,0.64
RMP4,2021-01-03,2680.0,0.6
RMP4,2021-01-03,2685.0,0.62
RMP4,2021-01-03,2690.0,0.74
RMP4,2021-01-03,2695.0,0.43
RMP4,2021-01-03,2700.0,0.58
RMP4,2021-01-03,2705.0,0.64
RMP4,2021-01-03,2710.0,0.64
RMP4,2021-01-03,2715.0,0.53
RMP4,2021-01-03,2720.0,0.64
RMP4,2021-01-03,2725.0,0.62
RMP4,2021-01-03,2730.0,0.6
RMP4,2021-01-03,2735.0,0.67
RMP4,2021-01-03,2740.0,0.69
RMP4,2021-01-03,2745.0,0.73
RMP4,2021-01-03,2750.0,0.82
RMP4,2021-01-03,2755.0,0.92
RMP4,2021-01-03,2760.0,0.94
RMP4,2021-01-03,2765.0,0.98
RMP4,2021-01-03,2770.0,1.0
RMP4,2021-01-03,2775.0,0.99
RMP4,2021-01-03,2780.0,0.99
RMP4,2021-01-03,2785.0,0.99
RMP4,2021-01-03,2790.0,1.03
RMP4,2021-01-03,2795.0,0.78
RMP4,2021-01-03,2800.0,0.88
RMP4,2021-01-03,2805.0,1.0
RMP4,2021-01-03,2810.0,1.05
RMP4,2021-01-03,2815.0,1.03
RMP4,2021-01-03,2820.0,1.1
RMP4,2021-01-03,2825.0,0.19
RMP4,2021-01-03,2830.0,0.19
RMP4,2021-01-03,2835.0,0.19
RMP4,2021-01-03,2840.0,0.23
RMP4,2021-01-03,2845.0,0.03
RMP4,2021-01-03,2850.0,0.04
RMP4,2021-01-03,2855.0,0.31
RMP4,2021-01-03,2860.0,1.17
RMP4,2021-01-03,2865.0,1.19
RMP4,2021-01-03,2870.0,1.27
RMP4,2021-01-03,2875.0,1.27
RMP4,2021-01-03,2880.0,1.26
RMP4,2021-01-03,2885.0,1.07
RMP4,2021-01-03,2890.0,1.1
RMP4,2021-01-03,2895.0,1.0
RMP4,2021-01-03,2900.0,-4.1
RMP4,2021-01-03,2905.0,-4.5
RMP4,2021-01-03,2910.0,-5.3
RMP4,2021-01-03,2915.0,-5.7
RMP4,2021-01-03,2920.0,-6.1
RMP4,2021-01-03,2925.0,-6.5
RMP4,2021-01-03,2930.0,-6.9
RMP4,2021-01-03,2935.0,-7.3
RMP4,2021-01-03,2940.0,-7.38
RMP4,2021-01-03,2945.0,-7.46
RMP4,2021-01-03,2950.0,-7.54
RMP4,2021-01-03,2955.0,-7.62
RMP4,2021-01-03,2960.0,-7.7
RMP4,2021-01-03,2965.0,-7.78
RMP4,2021-01-03,2970.0,-7.94
RMP4,2021-01-03,2975.0,-8.02
RMP4,2021-01-03,2980.0,-8.1
RMP4,2021-01-03,2985.0,-8.18
RMP4,2021-01-03,2990.0,-8.65
RMP4,2021-01-03,2995.0,-8.74
RMP4,2021-01-03,3000.0,-8.83
RMP4,2021-01-03,3005.0,-8.92
RMP4,2021-01-03,3010.0,-9.01
RMP4,2021-01-03,3015.0,-9.1
RMP4,2021-01-03,3020.0,-9.19
RMP4,2021-01-03,3025.0,-9.2
RMP4,2021-01-03,3030.0,-9.13
RMP4,2021-01-03,3035.0,-8.99
RMP4,2021-01-03,3040.0,-8.92
RMP4,2021-01-03,3045.0,-8.85
RMP4,2021-01-03,3050.0,-8.78
RMP4,2021-01-03,3055.0,-8.77
RMP4,2021-01-03,3060.0,-8.76
RMP4,2021-01-03,3065.0,-8.75
RMP4,2021-01-03,3070.0,-8.74
RMP4,2021-01-03,3075.0,-8.73
RMP4,2021-01-03,3080.0,-8.72
RMP4,2021-01-03,3085.0,-8.71
RMP4,2021-01-03,3090.0,-8.69
RMP4,2021-01-03,3095.0,-8.68
RMP4,2021-01-03,3100.0,-8.67
RMP4,2021-01-03,3105.0,-8.66
RMP4,2021-01-03,3110.0,-8.79
RMP4,2021-01-03,3115.0,-8.84
RMP4,2021-01-03,3120.0,-8.46
RMP4,2021-01-03,3125.0,-6.78
RMP4,2021-01-03,3130.0,-5.94
RMP4,2021-01-03,3135.0,-5.1
RMP4,2021-01-03,3140.0,-4.26
RMP4,2021-01-03,3145.0,-2.26
RMP4,2021-01-03,3150.0,-0.2
RMP4,2021-01-03,3155.0,1.86
RMP4,2021-01-03,3160.0,2.16
RMP4,2021-01-03,3163.0,4.08
RMP4,2021-01-03,3166.0,6.2
RMP4,2021-01-03,3200.0,5.11
RMP4,2021-01-03,3250.0,5.28
RMP4,2021-01-03,3300.0,5.21
RMP4,2021-01-03,3350.0,5.18
RMP4,2021-01-03,3400.0,5.21
RMP4,2021-01-03,3450.0,5.28
RMP4,2021-01-03,3500.0,5.33
RMP4,2021-01-03,3550.0,5.26
RMP4,2021-01-03,3600.0,5.16
RMP4,2021-01-03,3650.0,4.44
RMP4,2021-01-03,3700.0,4.7
RMP4,2021-01-03,3750.0,4.62
RMP4,2021-01-03,3800.0,4.49
RMP4,2021-01-03,3850.0,5.05
RMP4,2021-01-03,3900.0,5.26
RMP4,2021-01-03,3950.0,5.4
RMP4,2021-01-03,4000.0,5.43
RMP4,2021-01-03,4050.0,5.5
RMP4,2021-01-03,4100.0,5.36
RMP4,2021-01-03,4150.0,5.24
RMP4,2021-01-03,4200.0,5.13
RMP4,2021-01-03,4250.0,5.42
RMP4,2021-01-03,4300.0,5.68
RMP4,2021-01-03,4350.0,5.72
RMP4,2021-01-03,4400.0,5.91
RMP4,2021-01-03,4450.0,6.06
RMP4,2021-01-03,4500.0,6.16
RMP4,2021-01-03,4550.0,6.04
RMP4,2021-01-03,4600.0,6.22
RMP4,2021-01-03,4650.0,6.66
RMP4,2021-01-03,4700.0,6.72
RMP4,2021-01-03,4750.0,6.48
RMP4,2021-01-03,4800.0,6.53
RMP4,2021-01-03,4850.0,6.48
RMP4,2021-01-03,4900.0,6.56
RMP4,2021-01-03,4950.0,5.62
RMP4,2021-01-03,5000.0,6.13
RMP4,2021-01-03,5050.0,5.69
RMP4,2021-01-03,5100.0,5.56
RMP4,2021-01-03,5150.0,5.44
RMP4,2021-01-03,5200.0,5.56
RMP4,2021-01-03,5250.0,5.46
RMP4,2021-01-03,5300.0,5.44
RMP4,2021-01-03,5350.0,5.68
RMP4,2021-01-03,5400.0,5.66
RMP4,2021-01-03,5450.0,5.56
RMP4,2021-01-03,5500.0,5.54
RMP4,2021-01-03,5550.0,5.48
RMP4,2021-01-03,5600.0,5.66
RMP4,2021-01-03,5660.0,5.48
RMP4,2021-01-03,5700.0,5.62
RMP4,2021-01-03,5750.0,5.56
RMP4,2021-01-03,5800.0,5.48
RMP4,2021-01-03,5850.0,5.42
RMP4,2021-01-03,5900.0,5.56
RMP4,2021-01-03,5950.0,5.62
RMP4,2021-01-03,6000.0,5.44
RMP4,2021-01-03,6050.0,5.86
RMP4,2021-01-03,6100.0,6.08
RMP4,2021-01-03,6150.0,6.36
RMP4,2021-01-03,6200.0,6.28
RMP4,2021-01-03,6240.0,5.82
RMP4,2021-01-03,6300.0,5.55
RMP4,2021-01-03,6350.0,5.44
RMP4,2021-01-03,6400.0,5.18
RMP4,2021-01-03,6450.0,5.18
RMP4,2021-01-03,6500.0,5.05
RMP4,2021-01-03,6550.0,4.52
RMP4,2021-01-03,6600.0,4.48
RMP4,2021-01-03,6650.0,4.52
RMP4,2021-01-03,6700.0,4.56
RMP4,2021-01-03,6740.0,4.38
RMP4,2021-01-03,6800.0,4.04
RMP4,2021-01-03,6850.0,4.18
RMP4,2021-01-03,6900.0,4.42
RMP4,2021-01-03,6940.0,4.02
RMP4,2021-01-03,7000.0,4.24
RMP4,2021-01-03,7050.0,4.18
RMP4,2021-01-03,7100.0,4.22
RMP4,2021-01-03,7150.0,3.88
RMP4,2021-01-03,7200.0,3.7
RMP4,2021-01-03,7230.0,3.44
RMP4,2021-01-03,7250.0,3.55
RMP4,2021-01-03,7255.0,2.7
RMP4,2021-01-03,7260.0,2.23
RMP4,2021-01-03,7265.0,1.44
RMP4,2021-01-03,7270.0,1.25
RMP4,2021-01-03,7275.0,1.06
RMP4,2021-01-03,7280.0,0.68
RMP4,2021-01-03,7285.0,0.3
RMP4,2021-01-03,7290.0,0.11
RMP4,2021-01-03,7295.0,0.01
RMP4,2021-01-03,7300.0,-0.04
RMP4,2021-01-03,7305.0,-0.4
RMP4,2021-01-03,7310.0,-1.13
RMP4,2021-01-03,7315.0,-1.19
RMP4,2021-01-03,7320.0,-1.33
RMP4,2021-01-03,7325.0,-1.49
RMP4,2021-01-03,7330.0,-1.77
RMP4,2021-01-03,7335.0,-2.02
RMP4,2021-01-03,7340.0,-2.15
RMP4,2021-01-03,7345.0,-2.26
RMP4,2021-01-03,7350.0,-2.61
RMP4,2021-01-03,7355.0,-2.85
RMP4,2021-01-03,7360.0,-3.11
RMP4,2021-01-03,7365.0,-3.22
RMP4,2021-01-03,7370.0,-3.31
RMP4,2021-01-03,7375.0,-3.45
RMP4,2021-01-03,7380.0,-3.76
RMP4,2021-01-03,7385.0,-3.76
RMP4,2021-01-03,7390.0,-3.89
RMP4,2021-01-03,7395.0,-3.98
RMP4,2021-01-03,7400.0,-4.18
RMP4,2021-01-03,7405.0,-4.27
RMP4,2021-01-03,7410.0,-4.44
RMP4,2021-01-03,7415.0,-4.37
RMP4,2021-01-03,7420.0,-4.26
RMP4,2021-01-03,7425.0,-4.07
RMP4,2021-01-03,7430.0,-4.08
RMP4,2021-01-03,7435.0,-3.8
RMP4,2021-01-03,7440.0,-3.75
RMP4,2021-01-03,7445.0,-3.8
RMP4,2021-01-03,7450.0,-3.81
RMP4,2021-01-03,7455.0,-3.85
RMP4,2021-01-03,7460.0,-3.92
RMP4,2021-01-03,7465.0,-4.01
RMP4,2021-01-03,7470.0,-4.0
RMP4,2021-01-03,7475.0,-4.27
RMP4,2021-01-03,7480.0,-4.31
RMP4,2021-01-03,7485.0,-4.28
RMP4,2021-01-03,7490.0,-4.33
RMP4,2021-01-03,7495.0,-4.45
RMP4,2021-01-03,7500.0,-4.45
RMP4,2021-01-03,7505.0,-4.4
RMP4,2021-01-03,7510.0,-4.31
RMP4,2021-01-03,7515.0,-4.18
RMP4,2021-01-03,7520.0,-4.09
RMP4,2021-01-03,7525.0,-4.11
RMP4,2021-01-03,7530.0,-4.01
RMP4,2021-01-03,7535.0,-4.01
RMP4,2021-01-03,7540.0,-3.91
RMP4,2021-01-03,7545.0,-3.99
RMP4,2021-01-03,7550.0,-3.98
RMP4,2021-01-03,7555.0,-3.98
RMP4,2021-01-03,7560.0,-4.0
RMP4,2021-01-03,7565.0,-3.92
RMP4,2021-01-03,7570.0,-3.94
RMP4,2021-01-03,7575.0,-3.96
RMP4,2021-01-03,7580.0,-3.88
RMP4,2021-01-03,7585.0,-3.76
RMP4,2021-01-03,7590.0,-3.69
RMP4,2021-01-03,7595.0,-3.64
RMP4,2021-01-03,7600.0,-3.54
RMP4,2021-01-03,7605.0,-3.38
RMP4,2021-01-03,7610.0,-3.32
RMP4,2021-01-03,7615.0,-3.18
RMP4,2021-01-03,7620.0,-3.36
RMP4,2021-01-03,7625.0,-3.18
RMP4,2021-01-03,7630.0,-2.67
RMP4,2021-01-03,7635.0,-2.72
RMP4,2021-01-03,7640.0,-2.43
RMP4,2021-01-03,7645.0,-2.39
RMP4,2021-01-03,7650.0,-2.44
RMP4,2021-01-03,7655.0,-2.39
RMP4,2021-01-03,7660.0,-2.35
RMP4,2021-01-03,7665.0,-2.3
RMP4,2021-01-03,7670.0,-2.15
RMP4,2021-01-03,7675.0,-2.05
RMP4,2021-01-03,7680.0,-2.0
RMP4,2021-01-03,7685.0,-1.85
RMP4,2021-01-03,7690.0,-1.8
RMP4,2021-01-03,7695.0,-1.74
RMP4,2021-01-03,7700.0,-1.59
RMP4,2021-01-03,7705.0,-1.52
RMP4,2021-01-03,7710.0,-1.4
RMP4,2021-01-03,7715.0,-1.45
RMP4,2021-01-03,7720.0,-1.43
RMP4,2021-01-03,7725.0,-1.3
RMP4,2021-01-03,7730.0,-0.88
RMP4,2021-01-03,7735.0,-0.91
RMP4,2021-01-03,7740.0,-0.65
RMP4,2021-01-03,7745.0,-0.42
RMP4,2021-01-03,7750.0,-0.31
RMP4,2021-01-03,7755.0,-0.06
RMP4,2021-01-03,7760.0,-0.19
RMP4,2021-01-03,7765.0,0.01
RMP4,2021-01-03,7770.0,-0.06
RMP4,2021-01-03,7775.0,-0.22
RMP4,2021-01-03,7780.0,-0.39
RMP4,2021-01-03,7785.0,-0.3
RMP4,2021-01-03,7790.0,0.0
RMP4,2021-01-03,7795.0,0.22
RMP4,2021-01-03,7800.0,0.35
RMP4,2021-01-03,7805.0,0.48
RMP4,2021-01-03,7810.0,0.61
RMP4,2021-01-03,7815.0,0.74
RMP4,2021-01-03,7820.0,1.0
RMP4,2021-01-03,7825.0,1.13
RMP4,2021-01-03,7830.0,1.26
RMP4,2021-01-03,7835.0,1.39
RMP4,2021-01-03,7840.0,2.23
RMP4,2021-01-03,7850.0,3.01
RMP4,2021-01-03,7860.0,3.28
RMP4,2021-01-03,7900.0,3.36
RMP4,2021-01-03,7950.0,3.46
RMP4,2021-01-03,8000.0,3.62
RMP4,2021-01-03,8060.0,3.22
RMP4,2021-01-03,8100.0,3.01
RMP4,2021-01-03,8140.0,2.66
RMP4,2021-01-03,8200.0,2.76
RMP4,2021-01-03,8260.0,2.84
RMP4,2021-01-03,8300.0,3.14
RMP4,2021-01-03,8360.0,3.24
RMP4,2021-01-03,8400.0,3.04
RMP4,2021-01-03,8460.0,3.28
RMP4,2021-01-03,8500.0,3.36
RMP4,2021-01-03,8550.0,3.06
RMP4,2021-01-03,8600.0,3.16
RMP4,2021-01-03,8630.0,3.03
RMP4,2021-01-03,8640.0,3.26
RMP4,2021-01-03,8646.0,2.68
RMP4,2021-01-03,8650.0,2.26
RMP4,2021-01-03,8655.0,1.28
RMP4,2021-01-03,8660.0,1.28
RMP4,2021-01-03,8665.0,1.32
RMP4,2021-01-03,8670.0,1.43
RMP4,2021-01-03,8675.0,1.31
RMP4,2021-01-03,8680.0,1.3
RMP4,2021-01-03,8685.0,1.29
RMP4,2021-01-03,8690.0,0.99
RMP4,2021-01-03,8695.0,-0.17
RMP4,2021-01-03,8700.0,-0.86
RMP4,2021-01-03,8705.0,-0.75
RMP4,2021-01-03,8710.0,-0.37
RMP4,2021-01-03,8715.0,-0.36
RMP4,2021-01-03,8720.0,-0.39
RMP4,2021-01-03,8725.0,-0.21
RMP4,2021-01-03,8730.0,-0.21
RMP4,2021-01-03,8735.0,-0.17
RMP4,2021-01-03,8740.0,-0.72
RMP4,2021-01-03,8745.0,-0.72
RMP4,2021-01-03,8750.0,-1.0
RMP4,2021-01-03,8755.0,-1.1
RMP4,2021-01-03,8760.0,-1.07
RMP4,2021-01-03,8765.0,-0.78
RMP4,2021-01-03,8770.0,-0.55
RMP4,2021-01-03,8775.0,-0.33
RMP4,2021-01-03,8780.0,-0.33
RMP4,2021-01-03,8785.0,-0.32
RMP4,2021-01-03,8790.0,-0.5
RMP4,2021-01-03,8795.0,-0.34
RMP4,2021-01-03,8800.0,-0.34
RMP4,2021-01-03,8805.0,-0.47
RMP4,2021-01-03,8810.0,-0.56
RMP4,2021-01-03,8815.0,-0.64
RMP4,2021-01-03,8820.0,-0.64
RMP4,2021-01-03,8825.0,-0.64
RMP4,2021-01-03,8830.0,-0.48
RMP4,2021-01-03,8835.0,-0.46
RMP4,2021-01-03,8840.0,-0.44
RMP4,2021-01-03,8845.0,-0.66
RMP4,2021-01-03,8850.0,-0.66
RMP4,2021-01-03,8855.0,-0.54
RMP4,2021-01-03,8860.0,-0.54
RMP4,2021-01-03,8865.0,-0.57
RMP4,2021-01-03,8870.0,-0.56
RMP4,2021-01-03,8875.0,-0.56
RMP4,2021-01-03,8880.0,-0.6
RMP4,2021-01-03,8885.0,-0.68
RMP4,2021-01-03,8890.0,-0.53
RMP4,2021-01-03,8895.0,-0.29
RMP4,2021-01-03,8900.0,-0.29
RMP4,2021-01-03,8905.0,-0.48
RMP4,2021-01-03,8910.0,-0.67
RMP4,2021-01-03,8915.0,-0.52
RMP4,2021-01-03,8920.0,-0.34
RMP4,2021-01-03,8925.0,-0.23
RMP4,2021-01-03,8930.0,-0.22
RMP4,2021-01-03,8935.0,-0.12
RMP4,2021-01-03,8940.0,-0.29
RMP4,2021-01-03,8945.0,-0.28
RMP4,2021-01-03,8950.0,-0.32
RMP4,2021-01-03,8955.0,-0.96
RMP4,2021-01-03,8960.0,-0.96
RMP4,2021-01-03,8965.0,-1.05
RMP4,2021-01-03,8970.0,-0.9
RMP4,2021-01-03,8975.0,-0.93
RMP4,2021-01-03,8980.0,-1.04
RMP4,2021-01-03,8985.0,-1.01
RMP4,2021-01-03,8990.0,-1.01
RMP4,2021-01-03,8995.0,-0.68
RMP4,2021-01-03,9000.0,-0.68
RMP4,2021-01-03,9005.0,-0.88
RMP4,2021-01-03,9010.0,-0.86
RMP4,2021-01-03,9015.0,-0.63
RMP4,2021-01-03,9020.0,-0.64
RMP4,2021-01-03,9025.0,-0.64
RMP4,2021-01-03,9030.0,-0.72
RMP4,2021-01-03,9035.0,-0.71
RMP4,2021-01-03,9040.0,-0.83
RMP4,2021-01-03,9045.0,-0.82
RMP4,2021-01-03,9050.0,-0.55
RMP4,2021-01-03,9055.0,-0.74
RMP4,2021-01-03,9060.0,-0.52
RMP4,2021-01-03,9065.0,-0.49
RMP4,2021-01-03,9070.0,-0.55
RMP4,2021-01-03,9075.0,-0.91
RMP4,2021-01-03,9080.0,-0.91
RMP4,2021-01-03,9085.0,-0.67
RMP4,2021-01-03,9090.0,-0.87
RMP4,2021-01-03,9095.0,-0.95
RMP4,2021-01-03,9100.0,-0.76
RMP4,2021-01-03,9105.0,-0.65
RMP4,2021-01-03,9110.0,-0.8
RMP4,2021-01-03,9115.0,-0.76
RMP4,2021-01-03,9120.0,-0.75
RMP4,2021-01-03,9125.0,-0.69
RMP4,2021-01-03,9130.0,-0.71
RMP4,2021-01-03,9135.0,-0.7
RMP4,2021-01-03,9140.0,-0.73
RMP4,2021-01-03,9145.0,-0.43
RMP4,2021-01-03,9150.0,-0.4
RMP4,2021-01-03,9155.0,-0.41
RMP4,2021-01-03,9160.0,-0.46
RMP4,2021-01-03,9165.0,-0.46
RMP4,2021-01-03,9170.0,-0.46
RMP4,2021-01-03,9175.0,-0.46
RMP4,2021-01-03,9180.0,-0.35
RMP4,2021-01-03,9185.0,-0.32
RMP4,2021-01-03,9190.0,-0.32
RMP4,2021-01-03,9195.0,-0.38
RMP4,2021-01-03,9200.0,-0.85
RMP4,2021-01-03,9205.0,-0.63
RMP4,2021-01-03,9210.0,-0.33
RMP4,2021-01-03,9215.0,-0.28
RMP4,2021-01-03,9220.0,-0.04
RMP4,2021-01-03,9225.0,0.0
RMP4,2021-01-03,9230.0,0.01
RMP4,2021-01-03,9235.0,-0.18
RMP4,2021-01-03,9240.0,0.24
RMP4,2021-01-03,9245.0,0.26
RMP4,2021-01-03,9250.0,0.38
RMP4,2021-01-03,9255.0,-0.88
RMP4,2021-01-03,9260.0,-0.61
RMP4,2021-01-03,9265.0,0.06
RMP4,2021-01-03,9270.0,0.12
RMP4,2021-01-03,9275.0,0.07
RMP4,2021-01-03,9280.0,0.0
RMP4,2021-01-03,9285.0,0.21
RMP4,2021-01-03,9290.0,0.26
RMP4,2021-01-03,9295.0,0.2
RMP4,2021-01-03,9300.0,0.15
RMP4,2021-01-03,9305.0,0.08
RMP4,2021-01-03,9310.0,0.07
RMP4,2021-01-03,9315.0,0.12
RMP4,2021-01-03,9320.0,0.29
RMP4,2021-01-03,9325.0,0.38
RMP4,2021-01-03,9330.0,0.09
RMP4,2021-01-03,9335.0,0.08
RMP4,2021-01-03,9340.0,-0.08
RMP4,2021-01-03,9345.0,0.12
RMP4,2021-01-03,9350.0,0.09
RMP4,2021-01-03,9355.0,0.22
RMP4,2021-01-03,9360.0,0.23
RMP4,2021-01-03,9365.0,0.34
RMP4,2021-01-03,9370.0,0.28
RMP4,2021-01-03,9375.0,0.2
RMP4,2021-01-03,9380.0,0.12
RMP4,2021-01-03,9385.0,0.07
RMP4,2021-01-03,9390.0,-0.27
RMP4,2021-01-03,9395.0,-0.14
RMP4,2021-01-03,9400.0,-0.17
RMP4,2021-01-03,9405.0,-0.18
RMP4,2021-01-03,9410.0,-0.18
RMP4,2021-01-03,9415.0,-0.18
RMP4,2021-01-03,9420.0,-0.16
RMP4,2021-01-03,9425.0,-0.15
RMP4,2021-01-03,9430.0,-0.26
RMP4,2021-01-03,9435.0,-0.42
RMP4,2021-01-03,9440.0,-0.44
RMP4,2021-01-03,9445.0,-0.47
RMP4,2021-01-03,9450.0,-0.56
RMP4,2021-01-03,9455.0,-0.58
RMP4,2021-01-03,9460.0,-0.9
RMP4,2021-01-03,9465.0,-0.73
RMP4,2021-01-03,9470.0,-0.64
RMP4,2021-01-03,9475.0,-0.63
RMP4,2021-01-03,9480.0,-0.84
RMP4,2021-01-03,9485.0,-1.12
RMP4,2021-01-03,9490.0,-1.15
RMP4,2021-01-03,9495.0,-0.9
RMP4,2021-01-03,9500.0,-1.88
RMP4,2021-01-03,9505.0,-1.31
RMP4,2021-01-03,9510.0,-0.93
RMP4,2021-01-03,9515.0,-1.39
RMP4,2021-01-03,9520.0,-2.24
RMP4,2021-01-03,9525.0,-2.38
RMP4,2021-01-03,9530.0,-2.03
RMP4,2021-01-03,9535.0,-1.88
RMP4,2021-01-03,9540.0,-2.18
RMP4,2021-01-03,9545.0,-2.19
RMP4,2021-01-03,9550.0,-1.69
RMP4,2021-01-03,9555.0,-1.67
RMP4,2021-01-03,9560.0,-1.53
RMP4,2021-01-03,9565.0,-1.46
RMP4,2021-01-03,9570.0,-1.42
RMP4,2021-01-03,9575.0,-1.56
RMP4,2021-01-03,9580.0,-2.44
RMP4,2021-01-03,9585.0,-1.75
RMP4,2021-01-03,9590.0,-1.87
RMP4,2021-01-03,9595.0,-1.88
RMP4,2021-01-03,9600.0,-1.93
RMP4,2021-01-03,9605.0,-1.99
RMP4,2021-01-03,9610.0,-2.13
RMP4,2021-01-03,9615.0,-2.52
RMP4,2021-01-03,9620.0,-2.45
RMP4,2021-01-03,9625.0,-2.28
RMP4,2021-01-03,9630.0,-2.31
RMP4,2021-01-03,9635.0,-2.03
RMP4,2021-01-03,9640.0,-1.98
RMP4,2021-01-03,9645.0,-2.02
RMP4,2021-01-03,9650.0,-2.06
RMP4,2021-01-03,9655.0,-2.06
RMP4,2021-01-03,9660.0,-2.3
RMP4,2021-01-03,9665.0,-2.29
RMP4,2021-01-03,9670.0,-2.26
RMP4,2021-01-03,9675.0,-3.32
RMP4,2021-01-03,9680.0,-3.12
RMP4,2021-01-03,9685.0,-3.32
RMP4,2021-01-03,9690.0,-3.49
RMP4,2021-01-03,9695.0,-3.91
RMP4,2021-01-03,9700.0,-3.64
RMP4,2021-01-03,9705.0,-4.27
RMP4,2021-01-03,9710.0,-4.5
RMP4,2021-01-03,9715.0,-4.9
RMP4,2021-01-03,9720.0,-4.82
RMP4,2021-01-03,9725.0,-4.83
RMP4,2021-01-03,9730.0,-5.23
RMP4,2021-01-03,9735.0,-6.0
RMP4,2021-01-03,9740.0,-6.27
RMP4,2021-01-03,9745.0,-5.99
RMP4,2021-01-03,9750.0,-5.99
RMP4,2021-01-03,9755.0,-6.06
RMP4,2021-01-03,9760.0,-6.18
RMP4,2021-01-03,9765.0,-6.71
RMP4,2021-01-03,9770.0,-7.49
RMP4,2021-01-03,9775.0,-7.36
RMP4,2021-01-03,9780.0,-7.7
RMP4,2021-01-03,9785.0,-7.64
RMP4,2021-01-03,9790.0,-7.93
RMP4,2021-01-03,9795.0,-8.54
RMP4,2021-01-03,9800.0,-9.01
RMP4,2021-01-03,9805.0,-9.12
RMP4,2021-01-03,9810.0,-8.88
RMP4,2021-01-03,9815.0,-9.15
RMP4,2021-01-03,9820.0,-9.42
RMP4,2021-01-03,9825.0,-9.63
RMP4,2021-01-03,9830.0,-9.84
RMP4,2021-01-03,9835.0,-10.05
RMP4,2021-01-03,9840.0,-10.41
RMP4,2021-01-03,9845.0,-10.3
RMP4,2021-01-03,9850.0,-9.92
RMP4,2021-01-03,9855.0,-9.97
RMP4,2021-01-03,9860.0,-10.39
RMP4,2021-01-03,9865.0,-10.81
RMP4,2021-01-03,9870.0,-10.51
RMP4,2021-01-03,9875.0,-10.44
RMP4,2021-01-03,9880.0,-10.17
RMP4,2021-01-03,9885.0,-10.2
RMP4,2021-01-03,9890.0,-10.17
RMP4,2021-01-03,9895.0,-10.33
RMP4,2021-01-03,9900.0,-10.57
RMP4,2021-01-03,9905.0,-10.51
RMP4,2021-01-03,9910.0,-10.41
RMP4,2021-01-03,9915.0,-10.52
RMP4,2021-01-03,9920.0,-10.41
RMP4,2021-01-03,9925.0,-10.52
RMP4,2021-01-03,9930.0,-10.84
RMP4,2021-01-03,9935.0,-11.36
RMP4,2021-01-03,9940.0,-11.38
RMP4,2021-01-03,9945.0,-11.38
RMP4,2021-01-03,9950.0,-11.46
RMP4,2021-01-03,9955.0,-11.46
RMP4,2021-01-03,9960.0,-11.86
RMP4,2021-01-03,9965.0,-11.87
RMP4,2021-01-03,9970.0,-12.83
RMP4,2021-01-03,9975.0,-12.76
RMP4,2021-01-03,9980.0,-12.79
RMP4,2021-01-03,9985.0,-12.9
RMP4,2021-01-03,9990.0,-13.03
RMP4,2021-01-03,9995.0,-12.95
RMP4,2021-01-03,10000.0,-13.16
RMP4,2021-01-03,10005.0,-13.16
RMP4,2021-01-03,10010.0,-12.98
RMP4,2021-01-03,10015.0,-12.62
RMP4,2021-01-03,10020.0,-12.53
RMP4,2021-01-03,10025.0,-12.53
RMP4,2021-01-03,10030.0,-12.74
RMP4,2021-01-03,10035.0,-12.04
RMP4,2021-01-03,10040.0,-11.91
RMP4,2021-01-03,10045.0,-11.33
RMP4,2021-01-03,10050.0,-10.59
RMP4,2021-01-03,10055.0,-8.99
RMP4,2021-01-03,10060.0,-8.24
RMP4,2021-01-03,10065.0,-7.65
RMP4,2021-01-03,10070.0,-5.4
RMP4,2021-01-03,10075.0,-5.08
RMP4,2021-01-03,10080.0,-2.98
RMP4,2021-01-03,10085.0,-0.65
RMP4,2021-01-03,10090.0,1.24
RMP4,2021-01-03,10095.0,1.89
RMP4,2021-01-03,10100.0,2.26
RMP4,2021-01-03,10105.0,4.07
RMP4,2021-01-03,10110.0,6.88
RMP4,2021-01-03,10150.0,7.04
RMP4,2021-01-03,10200.0,7.3
RMP4,2021-01-03,10240.0,7.24
RMP4,2021-01-03,10300.0,7.23
RMP4,2021-01-03,10340.0,6.86
RMP4,2021-01-03,10400.0,6.66
RMP4,2021-01-03,10460.0,6.52
RMP4,2021-01-03,10500.0,6.16
RMP4,2021-01-03,10550.0,6.54
RMP4,2021-01-03,10600.0,6.68
RMP4,2021-01-03,10660.0,6.32
RMP4,2021-01-03,10700.0,6.15
RMP4,2021-01-03,10750.0,6.22
RMP4,2021-01-03,10800.0,6.06
RMP4,2021-01-03,10840.0,6.18
RMP4,2021-01-03,10900.0,6.08
RMP4,2021-01-03,10950.0,5.76
RMP4,2021-01-03,11000.0,5.35
RMP4,2021-01-03,11040.0,5.22
RMP4,2021-01-03,11100.0,5.46
RMP4,2021-01-03,11160.0,5.56
RMP4,2021-01-03,11200.0,5.65
RMP4,2021-01-03,11240.0,5.74
RMP4,2021-01-03,11270.0,5.82
RMP4,2021-01-03,11300.0,5.72
RMP4,2021-01-03,11350.0,5.77
RMP4,2021-01-03,11400.0,5.74
RMP4,2021-01-03,11440.0,5.86
RMP4,2021-01-03,11500.0,5.77
RMP4,2021-01-03,11550.0,6.01
RMP4,2021-01-03,11600.0,6.49
RMP4,2021-01-03,11640.0,6.77
RMP4,2021-01-03,11700.0,7.17
RMP4,2021-01-03,11750.0,7.28
RMP4,2021-01-03,11800.0,7.46
RMP4,2021-01-03,11850.0,7.48
RMP4,2021-01-03,11900.0,7.42
RMP4,2021-01-03,11950.0,7.5
RMP4,2021-01-03,12000.0,7.57
RMP4,2021-01-03,12050.0,7.32
RMP4,2021-01-03,12100.0,7.36
RMP4,2021-01-03,12113.0,8.01
RMP4,2021-01-03,12113.0,8.31
RMP4,2022-03-19,0.0,7.6
RMP4,2022-03-19,0.0,7.4
RMP4,2022-03-19,30.0,5.61
RMP4,2022-03-19,50.0,5.5
RMP4,2022-03-19,100.0,6.8
RMP4,2022-03-19,150.0,7.06
RMP4,2022-03-19,170.0,7.11
RMP4,2022-03-19,200.0,7.2
RMP4,2022-03-19,230.0,7.14
RMP4,2022-03-19,250.0,7.01
RMP4,2022-03-19,300.0,7.22
RMP4,2022-03-19,330.0,6.87
RMP4,2022-03-19,350.0,6.4
RMP4,2022-03-19,375.0,6.53
RMP4,2022-03-19,400.0,6.6
RMP4,2022-03-19,430.0,6.9
RMP4,2022-03-19,440.0,5.05
RMP4,2022-03-19,443.0,4.43
RMP4,2022-03-19,446.0,1.5
RMP4,2022-03-19,449.0,-0.55
RMP4,2022-03-19,452.0,-0.81
RMP4,2022-03-19,455.0,-0.8
RMP4,2022-03-19,458.0,-0.75
RMP4,2022-03-19,460.0,-1.06
RMP4,2022-03-19,462.0,-1.56
RMP4,2022-03-19,464.0,-2.12
RMP4,2022-03-19,466.0,-2.57
RMP4,2022-03-19,469.0,-2.64
RMP4,2022-03-19,472.0,-2.76
RMP4,2022-03-19,475.0,-2.82
RMP4,2022-03-19,479.0,-2.75
RMP4,2022-03-19,482.0,-3.06
RMP4,2022-03-19,485.0,-3.16
RMP4,2022-03-19,489.0,-3.61
RMP4,2022-03-19,492.0,-4.18
RMP4,2022-03-19,496.0,-6.31
RMP4,2022-03-19,499.0,-6.74
RMP4,2022-03-19,503.0,-7.07
RMP4,2022-03-19,506.0,-7.08
RMP4,2022-03-19,510.0,-7.2
RMP4,2022-03-19,513.0,-7.52
RMP4,2022-03-19,516.0,-7.97
RMP4,2022-03-19,520.0,-7.71
RMP4,2022-03-19,523.0,-7.31
RMP4,2022-03-19,527.0,-7.29
RMP4,2022-03-19,530.0,-7.2
RMP4,2022-03-19,534.0,-7.16
RMP4,2022-03-19,537.0,-7.29
RMP4,2022-03-19,540.0,-7.51
RMP4,2022-03-19,543.0,-7.43
RMP4,2022-03-19,546.0,-6.58
RMP4,2022-03-19,550.0,-5.93
RMP4,2022-03-19,553.0,-5.72
RMP4,2022-03-19,556.0,-5.37
RMP4,2022-03-19,560.0,-5.29
RMP4,2022-03-19,563.0,-4.48
RMP4,2022-03-19,566.0,-4.07
RMP4,2022-03-19,570.0,-3.94
RMP4,2022-03-19,573.0,-3.91
RMP4,2022-03-19,576.0,-4.07
RMP4,2022-03-19,579.0,-4.32
RMP4,2022-03-19,583.0,-4.01
RMP4,2022-03-19,586.0,-3.6
RMP4,2022-03-19,589.0,-3.29
RMP4,2022-03-19,593.0,-3.04
RMP4,2022-03-19,596.0,-3.05
RMP4,2022-03-19,600.0,-3.04
RMP4,2022-03-19,603.0,-2.96
RMP4,2022-03-19,607.0,-2.55
RMP4,2022-03-19,610.0,-2.94
RMP4,2022-03-19,614.0,-3.19
RMP4,2022-03-19,617.0,-3.25
RMP4,2022-03-19,621.0,-3.42
RMP4,2022-03-19,625.0,-4.01
RMP4,2022-03-19,628.0,-4.25
RMP4,2022-03-19,632.0,-4.42
RMP4,2022-03-19,635.0,-4.34
RMP4,2022-03-19,639.0,-4.21
RMP4,2022-03-19,643.0,-3.82
RMP4,2022-03-19,646.0,-3.14
RMP4,2022-03-19,650.0,-2.5
RMP4,2022-03-19,653.0,-2.1
RMP4,2022-03-19,657.0,-1.84
RMP4,2022-03-19,660.0,-1.66
RMP4,2022-03-19,664.0,-1.65
RMP4,2022-03-19,667.0,-2.01
RMP4,2022-03-19,671.0,-1.8
RMP4,2022-03-19,674.0,-1.58
RMP4,2022-03-19,678.0,-1.62
RMP4,2022-03-19,682.0,-1.67
RMP4,2022-03-19,686.0,-1.65
RMP4,2022-03-19,689.0,-1.45
RMP4,2022-03-19,693.0,-0.97
RMP4,2022-03-19,697.0,-1.52
RMP4,2022-03-19,702.0,-3.21
RMP4,2022-03-19,706.0,-2.32
RMP4,2022-03-19,710.0,-2.02
RMP4,2022-03-19,714.0,-2.12
RMP4,2022-03-19,718.0,-2.06
RMP4,2022-03-19,721.0,-1.5
RMP4,2022-03-19,725.0,-0.9
RMP4,2022-03-19,729.0,-1.09
RMP4,2022-03-19,732.0,-1.11
RMP4,2022-03-19,736.0,-1.36
RMP4,2022-03-19,739.0,-1.02
RMP4,2022-03-19,742.0,-0.58
RMP4,2022-03-19,746.0,-0.31
RMP4,2022-03-19,749.0,-0.3
RMP4,2022-03-19,752.0,-0.39
RMP4,2022-03-19,755.0,-0.24
RMP4,2022-03-19,758.0,0.06
RMP4,2022-03-19,761.0,0.21
RMP4,2022-03-19,764.0,0.28
RMP4,2022-03-19,767.0,0.39
RMP4,2022-03-19,770.0,0.64
RMP4,2022-03-19,773.0,0.63
RMP4,2022-03-19,776.0,0.62
RMP4,2022-03-19,778.0,0.66
RMP4,2022-03-19,782.0,-0.26
RMP4,2022-03-19,784.0,0.1
RMP4,2022-03-19,787.0,0.3
RMP4,2022-03-19,790.0,0.46
RMP4,2022-03-19,793.0,0.58
RMP4,2022-03-19,795.0,0.72
RMP4,2022-03-19,798.0,0.64
RMP4,2022-03-19,800.0,0.53
RMP4,2022-03-19,802.0,0.63
RMP4,2022-03-19,804.0,0.68
RMP4,2022-03-19,806.0,0.66
RMP4,2022-03-19,808.0,0.54
RMP4,2022-03-19,810.0,0.58
RMP4,2022-03-19,811.0,0.72
RMP4,2022-03-19,814.0,0.72
RMP4,2022-03-19,816.0,0.72
RMP4,2022-03-19,818.0,0.78
RMP4,2022-03-19,820.0,0.65
RMP4,2022-03-19,825.0,0.55
RMP4,2022-03-19,830.0,0.34
RMP4,2022-03-19,835.0,0.24
RMP4,2022-03-19,840.0,0.12
RMP4,2022-03-19,845.0,0.03
RMP4,2022-03-19,850.0,0.1
RMP4,2022-03-19,855.0,0.04
RMP4,2022-03-19,860.0,0.15
RMP4,2022-03-19,865.0,0.24
RMP4,2022-03-19,870.0,0.34
RMP4,2022-03-19,875.0,0.34
RMP4,2022-03-19,880.0,0.4
RMP4,2022-03-19,885.0,0.44
RMP4,2022-03-19,890.0,0.43
RMP4,2022-03-19,895.0,0.44
RMP4,2022-03-19,900.0,0.49
RMP4,2022-03-19,905.0,0.46
RMP4,2022-03-19,910.0,0.5
RMP4,2022-03-19,915.0,0.54
RMP4,2022-03-19,920.0,0.44
RMP4,2022-03-19,925.0,0.39
RMP4,2022-03-19,930.0,0.35
RMP4,2022-03-19,935.0,0.48
RMP4,2022-03-19,940.0,0.44
RMP4,2022-03-19,945.0,0.38
RMP4,2022-03-19,950.0,0.42
RMP4,2022-03-19,955.0,0.44
RMP4,2022-03-19,960.0,0.43
RMP4,2022-03-19,965.0,0.28
RMP4,2022-03-19,970.0,0.2
RMP4,2022-03-19,975.0,0.56
RMP4,2022-03-19,980.0,0.62
RMP4,2022-03-19,985.0,0.75
RMP4,2022-03-19,990.0,0.78
RMP4,2022-03-19,995.0,0.72
RMP4,2022-03-19,1000.0,0.98
RMP4,2022-03-19,1005.0,1.5
RMP4,2022-03-19,1015.0,2.56
RMP4,2022-03-19,1030.0,3.62
RMP4,2022-03-19,1050.0,4.3
RMP4,2022-03-19,1075.0,4.36
RMP4,2022-03-19,1100.0,4.4
RMP4,2022-03-19,1125.0,4.3
RMP4,2022-03-19,1150.0,4.28
RMP4,2022-03-19,1175.0,4.39
RMP4,2022-03-19,1200.0,4.5
RMP4,2022-03-19,1220.0,4.42
RMP4,2022-03-19,1250.0,4.36
RMP4,2022-03-19,1275.0,4.41
RMP4,2022-03-19,1300.0,4.5
RMP4,2022-03-19,1325.0,4.64
RMP4,2022-03-19,1350.0,3.8
RMP4,2022-03-19,1370.0,3.61
RMP4,2022-03-19,1400.0,3.44
RMP4,2022-03-19,1422.0,3.5
RMP4,2022-03-19,1450.0,3.55
RMP4,2022-03-19,1470.0,3.89
RMP4,2022-03-19,1500.0,4.04
RMP4,2022-03-19,1525.0,4.13
RMP4,2022-03-19,1550.0,4.24
RMP4,2022-03-19,1570.0,4.3
RMP4,2022-03-19,1600.0,4.36
RMP4,2022-03-19,1625.0,4.51
RMP4,2022-03-19,1650.0,4.6
RMP4,2022-03-19,1670.0,4.1
RMP4,2022-03-19,1700.0,3.06
RMP4,2022-03-19,1720.0,2.74
RMP4,2022-03-19,1750.0,2.86
RMP4,2022-03-19,1775.0,2.65
RMP4,2022-03-19,1800.0,2.44
RMP4,2022-03-19,1825.0,2.05
RMP4,2022-03-19,1835.0,1.68
RMP4,2022-03-19,1835.0,1.48
RMP4,2022-03-19,1838.0,0.7
RMP4,2022-03-19,1841.0,0.7
RMP4,2022-03-19,1843.0,0.44
RMP4,2022-03-19,1846.0,0.43
RMP4,2022-03-19,1848.0,0.25
RMP4,2022-03-19,1850.0,0.24
RMP4,2022-03-19,1853.0,0.27
RMP4,2022-03-19,1855.0,0.21
RMP4,2022-03-19,1858.0,0.01
RMP4,2022-03-19,1861.0,-0.01
RMP4,2022-03-19,1864.0,-0.16
RMP4,2022-03-19,1867.0,-0.42
RMP4,2022-03-19,1870.0,-0.69
RMP4,2022-03-19,1873.0,-0.71
RMP4,2022-03-19,1877.0,-0.51
RMP4,2022-03-19,1880.0,-0.26
RMP4,2022-03-19,1884.0,-0.19
RMP4,2022-03-19,1888.0,-0.26
RMP4,2022-03-19,1892.0,-0.33
RMP4,2022-03-19,1896.0,-0.29
RMP4,2022-03-19,1900.0,-0.23
RMP4,2022-03-19,1904.0,-0.21
RMP4,2022-03-19,1907.0,-0.35
RMP4,2022-03-19,1911.0,-0.47
RMP4,2022-03-19,1915.0,-0.56
RMP4,2022-03-19,1918.0,-0.57
RMP4,2022-03-19,1922.0,-0.51
RMP4,2022-03-19,1926.0,-0.39
RMP4,2022-03-19,1930.0,-0.23
RMP4,2022-03-19,1933.0,-0.12
RMP4,2022-03-19,1937.0,-0.17
RMP4,2022-03-19,1940.0,-0.26
RMP4,2022-03-19,1944.0,-0.35
RMP4,2022-03-19,1947.0,-0.46
RMP4,2022-03-19,1951.0,-0.57
RMP4,2022-03-19,1954.0,-0.68
RMP4,2022-03-19,1957.0,-0.69
RMP4,2022-03-19,1961.0,-0.63
RMP4,2022-03-19,1964.0,-0.57
RMP4,2022-03-19,1967.0,-0.51
RMP4,2022-03-19,1971.0,-0.53
RMP4,2022-03-19,1974.0,-0.45
RMP4,2022-03-19,1977.0,-0.43
RMP4,2022-03-19,1980.0,-0.42
RMP4,2022-03-19,1983.0,-0.37
RMP4,2022-03-19,1986.0,-0.36
RMP4,2022-03-19,1989.0,-0.37
RMP4,2022-03-19,1992.0,-0.34
RMP4,2022-03-19,1995.0,-0.3
RMP4,2022-03-19,1998.0,-0.27
RMP4,2022-03-19,2001.0,-0.28
RMP4,2022-03-19,2005.0,-0.27
RMP4,2022-03-19,2008.0,-0.27
RMP4,2022-03-19,2011.0,-0.26
RMP4,2022-03-19,2014.0,-0.25
RMP4,2022-03-19,2018.0,-0.26
RMP4,2022-03-19,2021.0,-0.24
RMP4,2022-03-19,2025.0,-0.25
RMP4,2022-03-19,2028.0,-0.21
RMP4,2022-03-19,2032.0,-0.18
RMP4,2022-03-19,2035.0,-0.16
RMP4,2022-03-19,2038.0,-0.18
RMP4,2022-03-19,2041.0,-0.24
RMP4,2022-03-19,2044.0,-0.23
RMP4,2022-03-19,2047.0,-0.25
RMP4,2022-03-19,2051.0,-0.48
RMP4,2022-03-19,2054.0,-0.48
RMP4,2022-03-19,2057.0,-0.48
RMP4,2022-03-19,2060.0,-0.52
RMP4,2022-03-19,2064.0,-0.51
RMP4,2022-03-19,2067.0,-0.53
RMP4,2022-03-19,2070.0,-0.59
RMP4,2022-03-19,2074.0,-0.59
RMP4,2022-03-19,2077.0,-0.6
RMP4,2022-03-19,2080.0,-0.6
RMP4,2022-03-19,2084.0,-0.55
RMP4,2022-03-19,2087.0,-0.56
RMP4,2022-03-19,2090.0,-0.93
RMP4,2022-03-19,2093.0,-0.98
RMP4,2022-03-19,2096.0,-1.05
RMP4,2022-03-19,2100.0,-1.18
RMP4,2022-03-19,2103.0,-1.22
RMP4,2022-03-19,2106.0,-1.26
RMP4,2022-03-19,2110.0,-1.34
RMP4,2022-03-19,2113.0,-1.32
RMP4,2022-03-19,2117.0,-1.29
RMP4,2022-03-19,2120.0,-1.24
RMP4,2022-03-19,2124.0,-1.23
RMP4,2022-03-19,2127.0,-1.17
RMP4,2022-03-19,2130.0,-1.16
RMP4,2022-03-19,2133.0,-1.17
RMP4,2022-03-19,2136.0,-1.22
RMP4,2022-03-19,2140.0,-1.33
RMP4,2022-03-19,2143.0,-1.42
RMP4,2022-03-19,2146.0,-1.58
RMP4,2022-03-19,2150.0,-1.71
RMP4,2022-03-19,2153.0,-1.89
RMP4,2022-03-19,2156.0,-2.0
RMP4,2022-03-19,2160.0,-1.94
RMP4,2022-03-19,2163.0,-2.15
RMP4,2022-03-19,2166.0,-2.5
RMP4,2022-03-19,2170.0,-2.41
RMP4,2022-03-19,2173.0,-2.69
RMP4,2022-03-19,2177.0,-3.26
RMP4,2022-03-19,2181.0,-3.35
RMP4,2022-03-19,2184.0,-3.12
RMP4,2022-03-19,2188.0,-3.18
RMP4,2022-03-19,2191.0,-3.47
RMP4,2022-03-19,2194.0,-3.43
RMP4,2022-03-19,2198.0,-3.59
RMP4,2022-03-19,2201.0,-3.9
RMP4,2022-03-19,2204.0,-4.0
RMP4,2022-03-19,2207.0,-4.06
RMP4,2022-03-19,2211.0,-4.17
RMP4,2022-03-19,2214.0,-4.11
RMP4,2022-03-19,2217.0,-4.32
RMP4,2022-03-19,2221.0,-4.34
RMP4,2022-03-19,2224.0,-4.44
RMP4,2022-03-19,2228.0,-4.49
RMP4,2022-03-19,2232.0,-4.53
RMP4,2022-03-19,2236.0,-4.81
RMP4,2022-03-19,2240.0,-4.94
RMP4,2022-03-19,2244.0,-5.05
RMP4,2022-03-19,2249.0,-5.3
RMP4,2022-03-19,2253.0,-5.43
RMP4,2022-03-19,2257.0,-5.44
RMP4,2022-03-19,2262.0,-5.64
RMP4,2022-03-19,2267.0,-5.75
RMP4,2022-03-19,2271.0,-5.89
RMP4,2022-03-19,2276.0,-6.03
RMP4,2022-03-19,2281.0,-6.15
RMP4,2022-03-19,2286.0,-6.22
RMP4,2022-03-19,2290.0,-6.16
RMP4,2022-03-19,2295.0,-6.11
RMP4,2022-03-19,2300.0,-6.11
RMP4,2022-03-19,2305.0,-6.27
RMP4,2022-03-19,2310.0,-6.18
RMP4,2022-03-19,2315.0,-6.22
RMP4,2022-03-19,2320.0,-6.21
RMP4,2022-03-19,2325.0,-6.24
RMP4,2022-03-19,2330.0,-6.07
RMP4,2022-03-19,2335.0,-5.85
RMP4,2022-03-19,2340.0,-5.74
RMP4,2022-03-19,2346.0,-5.53
RMP4,2022-03-19,2351.0,-5.47
RMP4,2022-03-19,2356.0,-5.38
RMP4,2022-03-19,2361.0,-5.23
RMP4,2022-03-19,2366.0,-5.3
RMP4,2022-03-19,2371.0,-5.23
RMP4,2022-03-19,2376.0,-5.22
RMP4,2022-03-19,2381.0,-5.22
RMP4,2022-03-19,2387.0,-5.24
RMP4,2022-03-19,2392.0,-5.06
RMP4,2022-03-19,2397.0,-4.98
RMP4,2022-03-19,2402.0,-5.2
RMP4,2022-03-19,2407.0,-5.17
RMP4,2022-03-19,2412.0,-5.22
RMP4,2022-03-19,2417.0,-5.02
RMP4,2022-03-19,2422.0,-5.24
RMP4,2022-03-19,2427.0,-5.05
RMP4,2022-03-19,2431.0,-5.2
RMP4,2022-03-19,2436.0,-5.03
RMP4,2022-03-19,2441.0,-5.13
RMP4,2022-03-19,2446.0,-5.39
RMP4,2022-03-19,2450.0,-5.07
RMP4,2022-03-19,2455.0,-5.37
RMP4,2022-03-19,2460.0,-5.28
RMP4,2022-03-19,2465.0,-5.46
RMP4,2022-03-19,2469.0,-5.23
RMP4,2022-03-19,2474.0,-5.47
RMP4,2022-03-19,2479.0,-5.48
RMP4,2022-03-19,2484.0,-5.32
RMP4,2022-03-19,2488.0,-5.48
RMP4,2022-03-19,2493.0,-5.62
RMP4,2022-03-19,2498.0,-5.16
RMP4,2022-03-19,2503.0,-5.4
RMP4,2022-03-19,2507.0,-5.56
RMP4,2022-03-19,2512.0,-5.59
RMP4,2022-03-19,2517.0,-5.83
RMP4,2022-03-19,2521.0,-5.86
RMP4,2022-03-19,2526.0,-6.02
RMP4,2022-03-19,2531.0,-6.1
RMP4,2022-03-19,2536.0,-5.67
RMP4,2022-03-19,2540.0,-5.98
RMP4,2022-03-19,2545.0,-5.7
RMP4,2022-03-19,2550.0,-5.75
RMP4,2022-03-19,2554.0,-6.02
RMP4,2022-03-19,2559.0,-5.71
RMP4,2022-03-19,2564.0,-5.85
RMP4,2022-03-19,2568.0,-5.84
RMP4,2022-03-19,2573.0,-5.96
RMP4,2022-03-19,2577.0,-6.2
RMP4,2022-03-19,2582.0,-5.91
RMP4,2022-03-19,2587.0,-6.02
RMP4,2022-03-19,2591.0,-5.86
RMP4,2022-03-19,2596.0,-5.86
RMP4,2022-03-19,2600.0,-6.03
RMP4,2022-03-19,2605.0,-5.58
RMP4,2022-03-19,2610.0,-5.8
RMP4,2022-03-19,2614.0,-5.84
RMP4,2022-03-19,2619.0,-5.89
RMP4,2022-03-19,2624.0,-5.75
RMP4,2022-03-19,2628.0,-5.78
RMP4,2022-03-19,2633.0,-5.79
RMP4,2022-03-19,2638.0,-6.03
RMP4,2022-03-19,2642.0,-5.61
RMP4,2022-03-19,2647.0,-5.71
RMP4,2022-03-19,2651.0,-5.96
RMP4,2022-03-19,2656.0,-6.11
RMP4,2022-03-19,2661.0,-5.48
RMP4,2022-03-19,2665.0,-5.92
RMP4,2022-03-19,2670.0,-5.96
RMP4,2022-03-19,2675.0,-5.74
RMP4,2022-03-19,2679.0,-5.88
RMP4,2022-03-19,2684.0,-5.94
RMP4,2022-03-19,2689.0,-5.88
RMP4,2022-03-19,2693.0,-6.32
RMP4,2022-03-19,2698.0,-6.41
RMP4,2022-03-19,2703.0,-6.52
RMP4,2022-03-19,2707.0,-6.3
RMP4,2022-03-19,2712.0,-6.38
RMP4,2022-03-19,2717.0,-6.01
RMP4,2022-03-19,2721.0,-6.05
RMP4,2022-03-19,2726.0,-6.25
RMP4,2022-03-19,2731.0,-6.45
RMP4,2022-03-19,2735.0,-6.04
RMP4,2022-03-19,2740.0,-6.14
RMP4,2022-03-19,2745.0,-6.34
RMP4,2022-03-19,2749.0,-6.42
RMP4,2022-03-19,2754.0,-6.12
RMP4,2022-03-19,2759.0,-6.37
RMP4,2022-03-19,2763.0,-6.33
RMP4,2022-03-19,2768.0,-6.45
RMP4,2022-03-19,2773.0,-6.46
RMP4,2022-03-19,2777.0,-6.23
RMP4,2022-03-19,2782.0,-6.61
RMP4,2022-03-19,2787.0,-6.16
RMP4,2022-03-19,2791.0,-6.25
RMP4,2022-03-19,2796.0,-6.02
RMP4,2022-03-19,2801.0,-6.06
RMP4,2022-03-19,2806.0,-6.16
RMP4,2022-03-19,2810.0,-6.39
RMP4,2022-03-19,2815.0,-6.41
RMP4,2022-03-19,2820.0,-5.77
RMP4,2022-03-19,2824.0,-6.03
RMP4,2022-03-19,2829.0,-6.2
RMP4,2022-03-19,2833.0,-6.37
RMP4,2022-03-19,2838.0,-6.69
RMP4,2022-03-19,2843.0,-5.94
RMP4,2022-03-19,2847.0,-6.09
RMP4,2022-03-19,2852.0,-6.19
RMP4,2022-03-19,2856.0,-5.67
RMP4,2022-03-19,2861.0,-5.82
RMP4,2022-03-19,2865.0,-5.92
RMP4,2022-03-19,2870.0,-6.01
RMP4,2022-03-19,2875.0,-6.31
RMP4,2022-03-19,2879.0,-6.36
RMP4,2022-03-19,2884.0,-6.12
RMP4,2022-03-19,2889.0,-5.47
RMP4,2022-03-19,2893.0,-5.67
RMP4,2022-03-19,2898.0,-6.2
RMP4,2022-03-19,2903.0,-5.68
RMP4,2022-03-19,2907.0,-5.67
RMP4,2022-03-19,2912.0,-5.96
RMP4,2022-03-19,2917.0,-6.19
RMP4,2022-03-19,2922.0,-5.79
RMP4,2022-03-19,2926.0,-5.95
RMP4,2022-03-19,2931.0,-6.12
RMP4,2022-03-19,2936.0,-6.1
RMP4,2022-03-19,2940.0,-6.34
RMP4,2022-03-19,2945.0,-6.36
RMP4,2022-03-19,2950.0,-6.27
RMP4,2022-03-19,2955.0,-6.38
RMP4,2022-03-19,2959.0,-5.75
RMP4,2022-03-19,2964.0,-5.64
RMP4,2022-03-19,2969.0,-5.61
RMP4,2022-03-19,2974.0,-5.8
RMP4,2022-03-19,2978.0,-5.88
RMP4,2022-03-19,2983.0,-6.25
RMP4,2022-03-19,2988.0,-6.9
RMP4,2022-03-19,2994.0,-5.34
RMP4,2022-03-19,2998.0,-5.64
RMP4,2022-03-19,3003.0,-6.88
RMP4,2022-03-19,3008.0,-8.36
RMP4,2022-03-19,3013.0,-8.48
RMP4,2022-03-19,3018.0,-6.3
RMP4,2022-03-19,3023.0,-6.58
RMP4,2022-03-19,3028.0,-6.54
RMP4,2022-03-19,3032.0,-6.25
RMP4,2022-03-19,3037.0,-6.74
RMP4,2022-03-19,3041.0,-6.55
RMP4,2022-03-19,3046.0,-5.97
RMP4,2022-03-19,3051.0,-5.59
RMP4,2022-03-19,3055.0,-5.52
RMP4,2022-03-19,3060.0,-5.76
RMP4,2022-03-19,3065.0,-5.74
RMP4,2022-03-19,3069.0,-5.59
RMP4,2022-03-19,3074.0,-5.68
RMP4,2022-03-19,3079.0,-5.41
RMP4,2022-03-19,3083.0,-5.04
RMP4,2022-03-19,3088.0,-4.98
RMP4,2022-03-19,3092.0,-5.02
RMP4,2022-03-19,3097.0,-4.68
RMP4,2022-03-19,3102.0,-4.6
RMP4,2022-03-19,3106.0,-4.43
RMP4,2022-03-19,3110.0,-4.36
RMP4,2022-03-19,3115.0,-4.03
RMP4,2022-03-19,3119.0,-3.78
RMP4,2022-03-19,3124.0,-3.84
RMP4,2022-03-19,3128.0,-3.82
RMP4,2022-03-19,3133.0,-4.56
RMP4,2022-03-19,3137.0,-4.67
RMP4,2022-03-19,3141.0,-3.97
RMP4,2022-03-19,3146.0,-4.18
RMP4,2022-03-19,3150.0,-4.21
RMP4,2022-03-19,3155.0,-4.34
RMP4,2022-03-19,3159.0,-3.61
RMP4,2022-03-19,3164.0,-3.16
RMP4,2022-03-19,3168.0,-3.15
RMP4,2022-03-19,3173.0,-2.88
RMP4,2022-03-19,3177.0,-2.84
RMP4,2022-03-19,3182.0,-2.78
RMP4,2022-03-19,3186.0,-2.73
RMP4,2022-03-19,3190.0,-2.75
RMP4,2022-03-19,3195.0,-2.8
RMP4,2022-03-19,3199.0,-2.43
RMP4,2022-03-19,3204.0,-2.24
RMP4,2022-03-19,3208.0,-2.1
RMP4,2022-03-19,3213.0,-2.17
RMP4,2022-03-19,3217.0,-1.92
RMP4,2022-03-19,3221.0,-1.88
RMP4,2022-03-19,3226.0,-1.56
RMP4,2022-03-19,3231.0,-1.38
RMP4,2022-03-19,3235.0,-1.24
RMP4,2022-03-19,3239.0,-0.96
RMP4,2022-03-19,3243.0,-0.93
RMP4,2022-03-19,3247.0,-0.75
RMP4,2022-03-19,3251.0,-0.63
RMP4,2022-03-19,3255.0,-0.53
RMP4,2022-03-19,3259.0,-0.33
RMP4,2022-03-19,3263.0,-0.18
RMP4,2022-03-19,3266.0,-0.12
RMP4,2022-03-19,3270.0,-0.02
RMP4,2022-03-19,3273.0,0.16
RMP4,2022-03-19,3276.0,0.15
RMP4,2022-03-19,3279.0,0.21
RMP4,2022-03-19,3281.0,0.29
RMP4,2022-03-19,3284.0,0.38
RMP4,2022-03-19,3286.0,0.48
RMP4,2022-03-19,3288.0,0.67
RMP4,2022-03-19,3291.0,0.58
RMP4,2022-03-19,3294.0,1.48
RMP4,2022-03-19,3300.0,2.58
RMP4,2022-03-19,3322.0,3.06
RMP4,2022-03-19,3326.0,5.26
RMP4,2022-03-19,3360.0,5.66
RMP4,2022-03-19,3400.0,6.4
RMP4,2022-03-19,3422.0,6.27
RMP4,2022-03-19,3450.0,6.06
RMP4,2022-03-19,3470.0,5.91
RMP4,2022-03-19,3500.0,5.8
RMP4,2022-03-19,3525.0,5.62
RMP4,2022-03-19,3550.0,5.3
RMP4,2022-03-19,3570.0,5.41
RMP4,2022-03-19,3600.0,5.2
RMP4,2022-03-19,3625.0,4.95
RMP4,2022-03-19,3650.0,4.52
RMP4,2022-03-19,3670.0,4.57
RMP4,2022-03-19,3700.0,4.48
RMP4,2022-03-19,3725.0,4.61
RMP4,2022-03-19,3750.0,4.7
RMP4,2022-03-19,3775.0,4.56
RMP4,2022-03-19,3800.0,4.36
RMP4,2022-03-19,3820.0,4.88
RMP4,2022-03-19,3850.0,5.0
RMP4,2022-03-19,3875.0,5.11
RMP4,2022-03-19,3900.0,5.26
RMP4,2022-03-19,3925.0,5.3
RMP4,2022-03-19,3950.0,5.36
RMP4,2022-03-19,3970.0,5.46
RMP4,2022-03-19,4000.0,5.42
RMP4,2022-03-19,4025.0,5.38
RMP4,2022-03-19,4050.0,5.4
RMP4,2022-03-19,4070.0,5.32
RMP4,2022-03-19,4100.0,5.28
RMP4,2022-03-19,4125.0,5.37
RMP4,2022-03-19,4150.0,5.44
RMP4,2022-03-19,4180.0,5.53
RMP4,2022-03-19,4200.0,5.6
RMP4,2022-03-19,4227.0,5.65
RMP4,2022-03-19,4250.0,5.5
RMP4,2022-03-19,4272.0,5.43
RMP4,2022-03-19,4300.0,5.28
RMP4,2022-03-19,4320.0,5.16
RMP4,2022-03-19,4350.0,5.08
RMP4,2022-03-19,4370.0,4.82
RMP4,2022-03-19,4400.0,4.6
RMP4,2022-03-19,4420.0,4.73
RMP4,2022-03-19,4450.0,4.84
RMP4,2022-03-19,4470.0,5.1
RMP4,2022-03-19,4500.0,5.5
RMP4,2022-03-19,4525.0,5.68
RMP4,2022-03-19,4550.0,5.77
RMP4,2022-03-19,4572.0,5.87
RMP4,2022-03-19,4600.0,6.16
RMP4,2022-03-19,4625.0,6.23
RMP4,2022-03-19,4650.0,6.28
RMP4,2022-03-19,4670.0,6.33
RMP4,2022-03-19,4700.0,6.44
RMP4,2022-03-19,4725.0,6.4
RMP4,2022-03-19,4750.0,6.36
RMP4,2022-03-19,4775.0,6.3
RMP4,2022-03-19,4800.0,6.26
RMP4,2022-03-19,4825.0,6.32
RMP4,2022-03-19,4850.0,6.36
RMP4,2022-03-19,4870.0,6.4
RMP4,2022-03-19,4900.0,6.3
RMP4,2022-03-19,4925.0,6.35
RMP4,2022-03-19,4950.0,6.28
RMP4,2022-03-19,4972.0,6.33
RMP4,2022-03-19,5000.0,6.36
RMP4,2022-03-19,5020.0,5.88
RMP4,2022-03-19,5050.0,5.66
RMP4,2022-03-19,5075.0,5.54
RMP4,2022-03-19,5100.0,5.48
RMP4,2022-03-19,5130.0,5.5
RMP4,2022-03-19,5150.0,5.55
RMP4,2022-03-19,5175.0,5.59
RMP4,2022-03-19,5200.0,5.64
RMP4,2022-03-19,5220.0,5.67
RMP4,2022-03-19,5250.0,5.7
RMP4,2022-03-19,5275.0,5.79
RMP4,2022-03-19,5300.0,5.75
RMP4,2022-03-19,5325.0,5.88
RMP4,2022-03-19,5350.0,5.8
RMP4,2022-03-19,5370.0,5.72
RMP4,2022-03-19,5400.0,5.66
RMP4,2022-03-19,5425.0,5.63
RMP4,2022-03-19,5450.0,5.7
RMP4,2022-03-19,5478.0,5.76
RMP4,2022-03-19,5500.0,5.66
RMP4,2022-03-19,5525.0,5.7
RMP4,2022-03-19,5550.0,5.68
RMP4,2022-03-19,5580.0,5.74
RMP4,2022-03-19,5600.0,5.7
RMP4,2022-03-19,5620.0,5.62
RMP4,2022-03-19,5650.0,5.56
RMP4,2022-03-19,5670.0,5.59
RMP4,2022-03-19,5700.0,5.62
RMP4,2022-03-19,5725.0,5.58
RMP4,2022-03-19,5750.0,5.55
RMP4,2022-03-19,5775.0,5.52
RMP4,2022-03-19,5800.0,5.5
RMP4,2022-03-19,5820.0,5.63
RMP4,2022-03-19,5850.0,5.7
RMP4,2022-03-19,5875.0,5.72
RMP4,2022-03-19,5900.0,5.66
RMP4,2022-03-19,5925.0,5.59
RMP4,2022-03-19,5950.0,5.56
RMP4,2022-03-19,5974.0,5.66
RMP4,2022-03-19,6000.0,5.7
RMP4,2022-03-19,6025.0,5.72
RMP4,2022-03-19,6050.0,5.77
RMP4,2022-03-19,6075.0,6.03
RMP4,2022-03-19,6100.0,6.16
RMP4,2022-03-19,6125.0,6.22
RMP4,2022-03-19,6150.0,6.3
RMP4,2022-03-19,6174.0,6.33
RMP4,2022-03-19,6200.0,6.36
RMP4,2022-03-19,6220.0,6.17
RMP4,2022-03-19,6250.0,6.02
RMP4,2022-03-19,6275.0,5.84
RMP4,2022-03-19,6300.0,5.7
RMP4,2022-03-19,6320.0,5.63
RMP4,2022-03-19,6350.0,5.55
RMP4,2022-03-19,6375.0,5.48
RMP4,2022-03-19,6400.0,5.4
RMP4,2022-03-19,6425.0,5.32
RMP4,2022-03-19,6450.0,5.28
RMP4,2022-03-19,6475.0,5.33
RMP4,2022-03-19,6500.0,5.36
RMP4,2022-03-19,6523.0,5.24
RMP4,2022-03-19,6550.0,5.05
RMP4,2022-03-19,6572.0,4.93
RMP4,2022-03-19,6600.0,4.7
RMP4,2022-03-19,6625.0,4.75
RMP4,2022-03-19,6650.0,4.66
RMP4,2022-03-19,6670.0,4.63
RMP4,2022-03-19,6700.0,4.6
RMP4,2022-03-19,6724.0,4.63
RMP4,2022-03-19,6750.0,4.68
RMP4,2022-03-19,6770.0,4.78
RMP4,2022-03-19,6800.0,4.7
RMP4,2022-03-19,6825.0,4.51
RMP4,2022-03-19,6850.0,4.42
RMP4,2022-03-19,6875.0,4.48
RMP4,2022-03-19,6900.0,4.45
RMP4,2022-03-19,6930.0,4.47
RMP4,2022-03-19,6950.0,4.5
RMP4,2022-03-19,6970.0,4.55
RMP4,2022-03-19,7000.0,4.62
RMP4,2022-03-19,7025.0,4.4
RMP4,2022-03-19,7050.0,4.22
RMP4,2022-03-19,7078.0,4.13
RMP4,2022-03-19,7100.0,4.08
RMP4,2022-03-19,7125.0,4.37
RMP4,2022-03-19,7150.0,4.5
RMP4,2022-03-19,7180.0,4.44
RMP4,2022-03-19,7200.0,4.42
RMP4,2022-03-19,7220.0,4.37
RMP4,2022-03-19,7250.0,4.26
RMP4,2022-03-19,7275.0,4.15
RMP4,2022-03-19,7300.0,4.08
RMP4,2022-03-19,7325.0,4.17
RMP4,2022-03-19,7350.0,4.28
RMP4,2022-03-19,7368.0,4.32
RMP4,2022-03-19,7400.0,4.36
RMP4,2022-03-19,7422.0,4.43
RMP4,2022-03-19,7450.0,4.4
RMP4,2022-03-19,7470.0,4.38
RMP4,2022-03-19,7500.0,4.35
RMP4,2022-03-19,7525.0,4.37
RMP4,2022-03-19,7550.0,4.4
RMP4,2022-03-19,7570.0,4.42
RMP4,2022-03-19,7600.0,4.46
RMP4,2022-03-19,7620.0,4.27
RMP4,2022-03-19,7650.0,4.06
RMP4,2022-03-19,7675.0,3.92
RMP4,2022-03-19,7700.0,3.8
RMP4,2022-03-19,7725.0,3.83
RMP4,2022-03-19,7750.0,3.86
RMP4,2022-03-19,7770.0,3.8
RMP4,2022-03-19,7800.0,3.7
RMP4,2022-03-19,7820.0,3.65
RMP4,2022-03-19,7850.0,3.6
RMP4,2022-03-19,7880.0,3.44
RMP4,2022-03-19,7900.0,3.35
RMP4,2022-03-19,7920.0,3.38
RMP4,2022-03-19,7950.0,3.4
RMP4,2022-03-19,7975.0,3.43
RMP4,2022-03-19,8000.0,3.36
RMP4,2022-03-19,8023.0,3.22
RMP4,2022-03-19,8050.0,3.06
RMP4,2022-03-19,8072.0,3.19
RMP4,2022-03-19,8100.0,3.36
RMP4,2022-03-19,8120.0,3.6
RMP4,2022-03-19,8150.0,3.79
RMP4,2022-03-19,8175.0,3.87
RMP4,2022-03-19,8200.0,3.8
RMP4,2022-03-19,8225.0,3.0
RMP4,2022-03-19,8250.0,2.7
RMP4,2022-03-19,8265.0,2.62
RMP4,2022-03-19,8300.0,2.56
RMP4,2022-03-19,8327.0,2.46
RMP4,2022-03-19,8350.0,2.36
RMP4,2022-03-19,8375.0,2.28
RMP4,2022-03-19,8400.0,2.44
RMP4,2022-03-19,8435.0,1.98
RMP4,2022-03-19,8440.0,1.51
RMP4,2022-03-19,8445.0,1.12
RMP4,2022-03-19,8450.0,1.02
RMP4,2022-03-19,8455.0,0.98
RMP4,2022-03-19,8460.0,0.85
RMP4,2022-03-19,8465.0,0.72
RMP4,2022-03-19,8466.0,0.6
RMP4,2022-03-19,8472.0,0.6
RMP4,2022-03-19,8477.0,0.69
RMP4,2022-03-19,8482.0,0.61
RMP4,2022-03-19,8487.0,0.66
RMP4,2022-03-19,8494.0,0.69
RMP4,2022-03-19,8500.0,0.65
RMP4,2022-03-19,8505.0,0.61
RMP4,2022-03-19,8516.0,0.54
RMP4,2022-03-19,8522.0,0.52
RMP4,2022-03-19,8527.0,0.43
RMP4,2022-03-19,8532.0,0.42
RMP4,2022-03-19,8536.0,0.42
RMP4,2022-03-19,8541.0,0.34
RMP4,2022-03-19,8545.0,0.37
RMP4,2022-03-19,8550.0,0.24
RMP4,2022-03-19,8553.0,0.22
RMP4,2022-03-19,8557.0,0.22
RMP4,2022-03-19,8561.0,0.15
RMP4,2022-03-19,8565.0,0.18
RMP4,2022-03-19,8569.0,0.16
RMP4,2022-03-19,8573.0,0.14
RMP4,2022-03-19,8578.0,0.11
RMP4,2022-03-19,8582.0,0.1
RMP4,2022-03-19,8586.0,0.07
RMP4,2022-03-19,8590.0,0.05
RMP4,2022-03-19,8594.0,0.03
RMP4,2022-03-19,8598.0,-0.02
RMP4,2022-03-19,8602.0,0.02
RMP4,2022-03-19,8605.0,0.01
RMP4,2022-03-19,8609.0,-0.02
RMP4,2022-03-19,8612.0,-0.08
RMP4,2022-03-19,8616.0,-0.03
RMP4,2022-03-19,8620.0,-0.04
RMP4,2022-03-19,8624.0,-0.11
RMP4,2022-03-19,8628.0,-0.18
RMP4,2022-03-19,8633.0,-0.08
RMP4,2022-03-19,8637.0,-0.03
RMP4,2022-03-19,8642.0,-0.06
RMP4,2022-03-19,8647.0,-0.11
RMP4,2022-03-19,8651.0,-0.06
RMP4,2022-03-19,8656.0,-0.18
RMP4,2022-03-19,8661.0,-0.07
RMP4,2022-03-19,8665.0,-0.12
RMP4,2022-03-19,8670.0,-0.18
RMP4,2022-03-19,8674.0,-0.23
RMP4,2022-03-19,8678.0,-0.27
RMP4,2022-03-19,8682.0,-0.22
RMP4,2022-03-19,8687.0,-0.27
RMP4,2022-03-19,8691.0,-0.29
RMP4,2022-03-19,8695.0,-0.31
RMP4,2022-03-19,8699.0,-0.27
RMP4,2022-03-19,8704.0,-0.31
RMP4,2022-03-19,8709.0,-0.41
RMP4,2022-03-19,8713.0,-0.35
RMP4,2022-03-19,8717.0,-0.47
RMP4,2022-03-19,8722.0,-0.41
RMP4,2022-03-19,8726.0,-0.56
RMP4,2022-03-19,8730.0,-0.49
RMP4,2022-03-19,8734.0,-0.48
RMP4,2022-03-19,8738.0,-0.43
RMP4,2022-03-19,8742.0,-0.43
RMP4,2022-03-19,8746.0,-0.49
RMP4,2022-03-19,8751.0,-0.56
RMP4,2022-03-19,8754.0,-0.47
RMP4,2022-03-19,8758.0,-0.48
RMP4,2022-03-19,8761.0,-0.47
RMP4,2022-03-19,8765.0,-0.4
RMP4,2022-03-19,8769.0,-0.43
RMP4,2022-03-19,8773.0,-0.33
RMP4,2022-03-19,8777.0,-0.38
RMP4,2022-03-19,8781.0,-0.3
RMP4,2022-03-19,8785.0,-0.33
RMP4,2022-03-19,8790.0,-0.34
RMP4,2022-03-19,8794.0,-0.27
RMP4,2022-03-19,8798.0,-0.21
RMP4,2022-03-19,8802.0,0.15
RMP4,2022-03-19,8806.0,-0.13
RMP4,2022-03-19,8810.0,-0.09
RMP4,2022-03-19,8814.0,-0.04
RMP4,2022-03-19,8817.0,-0.07
RMP4,2022-03-19,8821.0,0.02
RMP4,2022-03-19,8825.0,0.0
RMP4,2022-03-19,8828.0,0.02
RMP4,2022-03-19,8831.0,0.02
RMP4,2022-03-19,8835.0,0.03
RMP4,2022-03-19,8839.0,0.03
RMP4,2022-03-19,8842.0,0.03
RMP4,2022-03-19,8846.0,0.04
RMP4,2022-03-19,8850.0,0.05
RMP4,2022-03-19,8854.0,0.1
RMP4,2022-03-19,8859.0,0.06
RMP4,2022-03-19,8864.0,0.09
RMP4,2022-03-19,8868.0,0.05
RMP4,2022-03-19,8873.0,-0.06
RMP4,2022-03-19,8877.0,-0.13
RMP4,2022-03-19,8882.0,-0.25
RMP4,2022-03-19,8886.0,-0.4
RMP4,2022-03-19,8891.0,-0.43
RMP4,2022-03-19,8896.0,-0.52
RMP4,2022-03-19,8900.0,-0.61
RMP4,2022-03-19,8905.0,-0.68
RMP4,2022-03-19,8909.0,-0.72
RMP4,2022-03-19,8913.0,-0.76
RMP4,2022-03-19,8917.0,-0.81
RMP4,2022-03-19,8922.0,-0.84
RMP4,2022-03-19,8926.0,-0.86
RMP4,2022-03-19,8931.0,-0.89
RMP4,2022-03-19,8935.0,-0.94
RMP4,2022-03-19,8940.0,-1.02
RMP4,2022-03-19,8944.0,-1.03
RMP4,2022-03-19,8948.0,-1.06
RMP4,2022-03-19,8953.0,-1.08
RMP4,2022-03-19,8957.0,-1.15
RMP4,2022-03-19,8962.0,-1.11
RMP4,2022-03-19,8966.0,-1.19
RMP4,2022-03-19,8971.0,-1.21
RMP4,2022-03-19,8976.0,-1.32
RMP4,2022-03-19,8980.0,-1.34
RMP4,2022-03-19,8985.0,-1.44
RMP4,2022-03-19,8990.0,-1.56
RMP4,2022-03-19,8995.0,-1.66
RMP4,2022-03-19,9000.0,-1.65
RMP4,2022-03-19,9005.0,-1.71
RMP4,2022-03-19,9010.0,-1.8
RMP4,2022-03-19,9014.0,-1.76
RMP4,2022-03-19,9019.0,-1.84
RMP4,2022-03-19,9024.0,-1.89
RMP4,2022-03-19,9028.0,-2.03
RMP4,2022-03-19,9033.0,-2.12
RMP4,2022-03-19,9038.0,-2.24
RMP4,2022-03-19,9042.0,-2.31
RMP4,2022-03-19,9047.0,-2.43
RMP4,2022-03-19,9052.0,-2.42
RMP4,2022-03-19,9056.0,-2.45
RMP4,2022-03-19,9061.0,-2.4
RMP4,2022-03-19,9065.0,-2.41
RMP4,2022-03-19,9069.0,-2.42
RMP4,2022-03-19,9074.0,-2.45
RMP4,2022-03-19,9078.0,-2.46
RMP4,2022-03-19,9082.0,-2.49
RMP4,2022-03-19,9086.0,-2.48
RMP4,2022-03-19,9090.0,-2.5
RMP4,2022-03-19,9094.0,-2.45
RMP4,2022-03-19,9098.0,-2.5
RMP4,2022-03-19,9102.0,-2.48
RMP4,2022-03-19,9105.0,-2.48
RMP4,2022-03-19,9109.0,-2.54
RMP4,2022-03-19,9112.0,-2.56
RMP4,2022-03-19,9115.0,-2.57
RMP4,2022-03-19,9118.0,-2.59
RMP4,2022-03-19,9121.0,-2.75
RMP4,2022-03-19,9124.0,-2.84
RMP4,2022-03-19,9128.0,-2.92
RMP4,2022-03-19,9131.0,-3.03
RMP4,2022-03-19,9135.0,-3.08
RMP4,2022-03-19,9138.0,-3.1
RMP4,2022-03-19,9142.0,-3.1
RMP4,2022-03-19,9146.0,-3.08
RMP4,2022-03-19,9150.0,-2.96
RMP4,2022-03-19,9154.0,-2.84
RMP4,2022-03-19,9158.0,-2.72
RMP4,2022-03-19,9163.0,-2.59
RMP4,2022-03-19,9167.0,-2.49
RMP4,2022-03-19,9171.0,-2.51
RMP4,2022-03-19,9175.0,-2.51
RMP4,2022-03-19,9179.0,-2.57
RMP4,2022-03-19,9183.0,-2.66
RMP4,2022-03-19,9187.0,-2.79
RMP4,2022-03-19,9191.0,-2.87
RMP4,2022-03-19,9196.0,-2.84
RMP4,2022-03-19,9200.0,-2.88
RMP4,2022-03-19,9205.0,-3.02
RMP4,2022-03-19,9209.0,-3.1
RMP4,2022-03-19,9213.0,-3.1
RMP4,2022-03-19,9218.0,-3.13
RMP4,2022-03-19,9222.0,-3.15
RMP4,2022-03-19,9227.0,-3.02
RMP4,2022-03-19,9231.0,-2.76
RMP4,2022-03-19,9236.0,-2.92
RMP4,2022-03-19,9240.0,-3.2
RMP4,2022-03-19,9245.0,-2.78
RMP4,2022-03-19,9249.0,-2.56
RMP4,2022-03-19,9254.0,-2.61
RMP4,2022-03-19,9258.0,-2.7
RMP4,2022-03-19,9263.0,-2.75
RMP4,2022-03-19,9267.0,-2.93
RMP4,2022-03-19,9272.0,-2.7
RMP4,2022-03-19,9276.0,-2.65
RMP4,2022-03-19,9281.0,-2.73
RMP4,2022-03-19,9285.0,-2.69
RMP4,2022-03-19,9290.0,-2.73
RMP4,2022-03-19,9295.0,-2.67
RMP4,2022-03-19,9299.0,-2.84
RMP4,2022-03-19,9304.0,-3.29
RMP4,2022-03-19,9309.0,-2.68
RMP4,2022-03-19,9314.0,-2.9
RMP4,2022-03-19,9319.0,-2.95
RMP4,2022-03-19,9324.0,-3.11
RMP4,2022-03-19,9328.0,-3.31
RMP4,2022-03-19,9333.0,-3.66
RMP4,2022-03-19,9338.0,-3.88
RMP4,2022-03-19,9343.0,-4.13
RMP4,2022-03-19,9347.0,-3.9
RMP4,2022-03-19,9352.0,-3.77
RMP4,2022-03-19,9357.0,-3.96
RMP4,2022-03-19,9362.0,-4.05
RMP4,2022-03-19,9367.0,-4.11
RMP4,2022-03-19,9371.0,-3.64
RMP4,2022-03-19,9376.0,-3.45
RMP4,2022-03-19,9381.0,-3.5
RMP4,2022-03-19,9386.0,-3.65
RMP4,2022-03-19,9391.0,-3.73
RMP4,2022-03-19,9396.0,-3.28
RMP4,2022-03-19,9400.0,-3.2
RMP4,2022-03-19,9405.0,-3.29
RMP4,2022-03-19,9410.0,-3.49
RMP4,2022-03-19,9415.0,-3.81
RMP4,2022-03-19,9420.0,-3.86
RMP4,2022-03-19,9425.0,-3.78
RMP4,2022-03-19,9429.0,-3.86
RMP4,2022-03-19,9434.0,-3.92
RMP4,2022-03-19,9439.0,-3.95
RMP4,2022-03-19,9444.0,-4.11
RMP4,2022-03-19,9449.0,-4.42
RMP4,2022-03-19,9454.0,-4.48
RMP4,2022-03-19,9459.0,-4.91
RMP4,2022-03-19,9464.0,-4.89
RMP4,2022-03-19,9468.0,-4.92
RMP4,2022-03-19,9473.0,-4.92
RMP4,2022-03-19,9478.0,-4.67
RMP4,2022-03-19,9483.0,-4.36
RMP4,2022-03-19,9487.0,-4.57
RMP4,2022-03-19,9492.0,-4.55
RMP4,2022-03-19,9497.0,-4.29
RMP4,2022-03-19,9502.0,-4.33
RMP4,2022-03-19,9506.0,-4.4
RMP4,2022-03-19,9511.0,-4.35
RMP4,2022-03-19,9516.0,-4.47
RMP4,2022-03-19,9520.0,-4.84
RMP4,2022-03-19,9525.0,-5.01
RMP4,2022-03-19,9530.0,-5.16
RMP4,2022-03-19,9534.0,-5.07
RMP4,2022-03-19,9539.0,-5.17
RMP4,2022-03-19,9544.0,-5.17
RMP4,2022-03-19,9549.0,-5.5
RMP4,2022-03-19,9553.0,-5.7
RMP4,2022-03-19,9558.0,-5.8
RMP4,2022-03-19,9563.0,-6.04
RMP4,2022-03-19,9568.0,-6.43
RMP4,2022-03-19,9573.0,-6.66
RMP4,2022-03-19,9577.0,-6.48
RMP4,2022-03-19,9582.0,-6.43
RMP4,2022-03-19,9587.0,-6.01
RMP4,2022-03-19,9592.0,-5.83
RMP4,2022-03-19,9597.0,-5.75
RMP4,2022-03-19,9601.0,-5.77
RMP4,2022-03-19,9606.0,-5.76
RMP4,2022-03-19,9611.0,-5.79
RMP4,2022-03-19,9616.0,-5.86
RMP4,2022-03-19,9620.0,-5.92
RMP4,2022-03-19,9625.0,-6.07
RMP4,2022-03-19,9630.0,-6.17
RMP4,2022-03-19,9635.0,-6.31
RMP4,2022-03-19,9639.0,-6.35
RMP4,2022-03-19,9644.0,-6.51
RMP4,2022-03-19,9649.0,-6.58
RMP4,2022-03-19,9653.0,-6.66
RMP4,2022-03-19,9658.0,-6.8
RMP4,2022-03-19,9662.0,-6.9
RMP4,2022-03-19,9667.0,-6.98
RMP4,2022-03-19,9671.0,-7.08
RMP4,2022-03-19,9676.0,-7.18
RMP4,2022-03-19,9681.0,-7.28
RMP4,2022-03-19,9685.0,-7.43
RMP4,2022-03-19,9690.0,-7.52
RMP4,2022-03-19,9694.0,-7.65
RMP4,2022-03-19,9699.0,-7.77
RMP4,2022-03-19,9704.0,-7.92
RMP4,2022-03-19,9708.0,-8.07
RMP4,2022-03-19,9713.0,-8.16
RMP4,2022-03-19,9718.0,-8.31
RMP4,2022-03-19,9722.0,-8.44
RMP4,2022-03-19,9727.0,-8.56
RMP4,2022-03-19,9732.0,-8.65
RMP4,2022-03-19,9736.0,-8.78
RMP4,2022-03-19,9741.0,-8.88
RMP4,2022-03-19,9746.0,-8.98
RMP4,2022-03-19,9750.0,-9.07
RMP4,2022-03-19,9755.0,-9.16
RMP4,2022-03-19,9760.0,-9.23
RMP4,2022-03-19,9764.0,-9.29
RMP4,2022-03-19,9769.0,-9.34
RMP4,2022-03-19,9773.0,-9.42
RMP4,2022-03-19,9778.0,-9.44
RMP4,2022-03-19,9782.0,-9.47
RMP4,2022-03-19,9787.0,-9.54
RMP4,2022-03-19,9791.0,-9.68
RMP4,2022-03-19,9795.0,-9.82
RMP4,2022-03-19,9800.0,-10.0
RMP4,2022-03-19,9804.0,-10.18
RMP4,2022-03-19,9808.0,-10.52
RMP4,2022-03-19,9812.0,-10.76
RMP4,2022-03-19,9817.0,-11.02
RMP4,2022-03-19,9821.0,-11.15
RMP4,2022-03-19,9825.0,-11.08
RMP4,2022-03-19,9829.0,-11.22
RMP4,2022-03-19,9833.0,-11.41
RMP4,2022-03-19,9837.0,-11.45
RMP4,2022-03-19,9841.0,-11.59
RMP4,2022-03-19,9845.0,-11.85
RMP4,2022-03-19,9849.0,-11.81
RMP4,2022-03-19,9853.0,-11.78
RMP4,2022-03-19,9857.0,-11.67
RMP4,2022-03-19,9861.0,-11.56
RMP4,2022-03-19,9866.0,-11.52
RMP4,2022-03-19,9870.0,-11.5
RMP4,2022-03-19,9874.0,-11.5
RMP4,2022-03-19,9878.0,-11.3
RMP4,2022-03-19,9882.0,-11.35
RMP4,2022-03-19,9886.0,-11.34
RMP4,2022-03-19,9890.0,-11.24
RMP4,2022-03-19,9894.0,-11.35
RMP4,2022-03-19,9898.0,-11.43
RMP4,2022-03-19,9902.0,-11.33
RMP4,2022-03-19,9906.0,-11.31
RMP4,2022-03-19,9910.0,-11.23
RMP4,2022-03-19,9914.0,-11.13
RMP4,2022-03-19,9918.0,-11.15
RMP4,2022-03-19,9922.0,-11.26
RMP4,2022-03-19,9926.0,-11.41
RMP4,2022-03-19,9930.0,-11.56
RMP4,2022-03-19,9934.0,-11.86
RMP4,2022-03-19,9938.0,-11.86
RMP4,2022-03-19,9941.0,-11.88
RMP4,2022-03-19,9945.0,-11.89
RMP4,2022-03-19,9949.0,-11.87
RMP4,2022-03-19,9953.0,-11.78
RMP4,2022-03-19,9957.0,-11.84
RMP4,2022-03-19,9961.0,-11.85
RMP4,2022-03-19,9965.0,-11.88
RMP4,2022-03-19,9969.0,-11.9
RMP4,2022-03-19,9972.0,-11.77
RMP4,2022-03-19,9976.0,-11.79
RMP4,2022-03-19,9980.0,-11.92
RMP4,2022-03-19,9984.0,-12.15
RMP4,2022-03-19,9988.0,-11.49
RMP4,2022-03-19,9992.0,-11.43
RMP4,2022-03-19,9996.0,-11.76
RMP4,2022-03-19,10000.0,-12.22
RMP4,2022-03-19,10004.0,-11.99
RMP4,2022-03-19,10008.0,-11.97
RMP4,2022-03-19,10012.0,-11.96
RMP4,2022-03-19,10016.0,-11.75
RMP4,2022-03-19,10020.0,-11.8
RMP4,2022-03-19,10024.0,-12.19
RMP4,2022-03-19,10028.0,-12.42
RMP4,2022-03-19,10032.0,-12.39
RMP4,2022-03-19,10036.0,-12.34
RMP4,2022-03-19,10040.0,-12.46
RMP4,2022-03-19,10044.0,-12.32
RMP4,2022-03-19,10047.0,-12.29
RMP4,2022-03-19,10051.0,-12.07
RMP4,2022-03-19,10055.0,-12.03
RMP4,2022-03-19,10059.0,-11.86
RMP4,2022-03-19,10063.0,-11.74
RMP4,2022-03-19,10067.0,-11.53
RMP4,2022-03-19,10070.0,-11.25
RMP4,2022-03-19,10074.0,-11.17
RMP4,2022-03-19,10078.0,-11.12
RMP4,2022-03-19,10082.0,-10.8
RMP4,2022-03-19,10085.0,-10.05
RMP4,2022-03-19,10089.0,-10.1
RMP4,2022-03-19,10093.0,-10.01
RMP4,2022-03-19,10096.0,-9.01
RMP4,2022-03-19,10099.0,-9.23
RMP4,2022-03-19,10102.0,-9.29
RMP4,2022-03-19,10105.0,-9.08
RMP4,2022-03-19,10108.0,-8.69
RMP4,2022-03-19,10111.0,-6.15
RMP4,2022-03-19,10114.0,-5.19
RMP4,2022-03-19,10118.0,-3.83
RMP4,2022-03-19,10121.0,-3.6
RMP4,2022-03-19,10125.0,-2.87
RMP4,2022-03-19,10129.0,-2.85
RMP4,2022-03-19,10132.0,-2.78
RMP4,2022-03-19,10135.0,-2.72
RMP4,2022-03-19,10140.0,-2.51
RMP4,2022-03-19,10145.0,-2.48
RMP4,2022-03-19,10150.0,-2.26
RMP4,2022-03-19,10155.0,-2.18
RMP4,2022-03-19,10160.0,-2.13
RMP4,2022-03-19,10165.0,-2.08
RMP4,2022-03-19,10170.0,-1.89
RMP4,2022-03-19,10175.0,-1.68
RMP4,2022-03-19,10180.0,-1.02
RMP4,2022-03-19,10185.0,1.15
RMP4,2022-03-19,10190.0,1.25
RMP4,2022-03-19,10195.0,1.42
RMP4,2022-03-19,10200.0,1.51
RMP4,2022-03-19,10202.0,3.65
RMP4,2022-03-19,10204.0,6.05
RMP4,2022-03-19,10205.0,7.17
RMP4,2022-03-19,10230.0,7.22
RMP4,2022-03-19,10260.0,7.06
RMP4,2022-03-19,10300.0,7.16
RMP4,2022-03-19,10325.0,7.0
RMP4,2022-03-19,10350.0,6.23
RMP4,2022-03-19,10372.0,6.53
RMP4,2022-03-19,10400.0,6.7
RMP4,2022-03-19,10425.0,6.5
RMP4,2022-03-19,10450.0,6.46
RMP4,2022-03-19,10472.0,6.37
RMP4,2022-03-19,10500.0,6.22
RMP4,2022-03-19,10520.0,6.33
RMP4,2022-03-19,10550.0,6.48
RMP4,2022-03-19,10573.0,6.55
RMP4,2022-03-19,10600.0,6.64
RMP4,2022-03-19,10625.0,6.46
RMP4,2022-03-19,10650.0,6.28
RMP4,2022-03-19,10670.0,6.24
RMP4,2022-03-19,10700.0,6.2
RMP4,2022-03-19,10725.0,6.29
RMP4,2022-03-19,10750.0,6.16
RMP4,2022-03-19,10770.0,6.13
RMP4,2022-03-19,10800.0,6.11
RMP4,2022-03-19,10820.0,6.21
RMP4,2022-03-19,10850.0,6.16
RMP4,2022-03-19,10880.0,6.1
RMP4,2022-03-19,10900.0,6.06
RMP4,2022-03-19,10922.0,6.09
RMP4,2022-03-19,10950.0,6.0
RMP4,2022-03-19,10975.0,5.83
RMP4,2022-03-19,11000.0,5.6
RMP4,2022-03-19,11025.0,5.45
RMP4,2022-03-19,11050.0,5.28
RMP4,2022-03-19,11100.0,5.44
RMP4,2022-03-19,11125.0,5.53
RMP4,2022-03-19,11150.0,5.6
RMP4,2022-03-19,11170.0,5.33
RMP4,2022-03-19,11178.0,6.63
RMP4,2022-03-19,11200.0,5.65
RMP4,2022-03-19,11225.0,5.74
RMP4,2022-03-19,11250.0,5.7
RMP4,2022-03-19,11275.0,5.68
RMP4,2022-03-19,11300.0,5.66
RMP4,2022-03-19,11320.0,5.72
RMP4,2022-03-19,11350.0,5.78
RMP4,2022-03-19,11375.0,5.73
RMP4,2022-03-19,11400.0,5.68
RMP4,2022-03-19,11430.0,5.77
RMP4,2022-03-19,11450.0,5.79
RMP4,2022-03-19,11470.0,5.71
RMP4,2022-03-19,11500.0,5.68
RMP4,2022-03-19,11525.0,5.82
RMP4,2022-03-19,11550.0,5.96
RMP4,2022-03-19,11570.0,6.12
RMP4,2022-03-19,11600.0,6.35
RMP4,2022-03-19,11625.0,6.58
RMP4,2022-03-19,11650.0,6.72
RMP4,2022-03-19,11670.0,7.0
RMP4,2022-03-19,11700.0,7.12
RMP4,2022-03-19,11720.0,7.23
RMP4,2022-03-19,11750.0,7.32
RMP4,2022-03-19,11775.0,7.41
RMP4,2022-03-19,11800.0,7.5
RMP4,2022-03-19,11825.0,7.58
RMP4,2022-03-19,11850.0,7.52
RMP4,2022-03-19,11870.0,7.48
RMP4,2022-03-19,11900.0,7.45
RMP4,2022-03-19,11930.0,7.5
RMP4,2022-03-19,11950.0,7.56
RMP4,2022-03-19,11972.0,7.53
RMP4,2022-03-19,12000.0,7.49
RMP4,2022-03-19,12024.0,7.37
RMP4,2022-03-19,12050.0,7.28
RMP4,2022-03-19,12070.0,7.33
RMP4,2022-03-19,12100.0,7.4
RMP4,2022-03-19,12113.0,8.01
RMP4,2022-03-19,12113.0,8.31
RMP4,2023-04-08,0.0,6.76
RMP4,2023-04-08,0.0,6.24
RMP4,2023-04-08,1.0,6.12
RMP4,2023-04-08,5.0,4.66
RMP4,2023-04-08,10.0,4.08
RMP4,2023-04-08,15.0,4.24
RMP4,2023-04-08,30.0,2.54
RMP4,2023-04-08,45.0,3.89
RMP4,2023-04-08,60.0,5.64
RMP4,2023-04-08,80.0,5.56
RMP4,2023-04-08,100.0,4.04
RMP4,2023-04-08,130.0,3.64
RMP4,2023-04-08,150.0,2.88
RMP4,2023-04-08,160.0,4.74
RMP4,2023-04-08,180.0,5.04
RMP4,2023-04-08,200.0,6.04
RMP4,2023-04-08,230.0,6.07
RMP4,2023-04-08,260.0,5.79
RMP4,2023-04-08,280.0,5.96
RMP4,2023-04-08,300.0,6.1
RMP4,2023-04-08,320.0,6.32
RMP4,2023-04-08,340.0,6.55
RMP4,2023-04-08,370.0,5.83
RMP4,2023-04-08,380.0,6.09
RMP4,2023-04-08,400.0,6.34
RMP4,2023-04-08,430.0,6.71
RMP4,2023-04-08,435.0,5.38
RMP4,2023-04-08,440.0,4.85
RMP4,2023-04-08,443.0,3.97
RMP4,2023-04-08,446.0,2.44
RMP4,2023-04-08,448.0,2.05
RMP4,2023-04-08,450.0,1.89
RMP4,2023-04-08,455.0,1.65
RMP4,2023-04-08,459.0,0.85
RMP4,2023-04-08,462.0,0.23
RMP4,2023-04-08,464.0,-1.91
RMP4,2023-04-08,466.0,-2.44
RMP4,2023-04-08,468.0,-4.23
RMP4,2023-04-08,470.0,-6.42
RMP4,2023-04-08,472.0,-10.88
RMP4,2023-04-08,474.0,-10.24
RMP4,2023-04-08,476.0,-10.39
RMP4,2023-04-08,478.0,-10.21
RMP4,2023-04-08,480.0,-9.93
RMP4,2023-04-08,482.0,-9.71
RMP4,2023-04-08,484.0,-9.58
RMP4,2023-04-08,486.0,-9.98
RMP4,2023-04-08,488.0,-9.56
RMP4,2023-04-08,490.0,-9.83
RMP4,2023-04-08,492.0,-11.28
RMP4,2023-04-08,494.0,-11.98
RMP4,2023-04-08,496.0,-12.46
RMP4,2023-04-08,498.0,-12.74
RMP4,2023-04-08,500.0,-12.66
RMP4,2023-04-08,502.0,-12.16
RMP4,2023-04-08,504.0,-10.29
RMP4,2023-04-08,506.0,-10.11
RMP4,2023-04-08,508.0,-10.14
RMP4,2023-04-08,510.0,-10.1
RMP4,2023-04-08,512.0,-10.06
RMP4,2023-04-08,514.0,-10.03
RMP4,2023-04-08,516.0,-10.72
RMP4,2023-04-08,518.0,-10.49
RMP4,2023-04-08,521.0,-11.28
RMP4,2023-04-08,523.0,-12.18
RMP4,2023-04-08,525.0,-13.05
RMP4,2023-04-08,527.0,-13.17
RMP4,2023-04-08,529.0,-13.26
RMP4,2023-04-08,531.0,-13.2
RMP4,2023-04-08,533.0,-13.09
RMP4,2023-04-08,535.0,-12.91
RMP4,2023-04-08,537.0,-12.93
RMP4,2023-04-08,540.0,-12.94
RMP4,2023-04-08,542.0,-12.98
RMP4,2023-04-08,544.0,-14.2
RMP4,2023-04-08,546.0,-14.17
RMP4,2023-04-08,548.0,-14.47
RMP4,2023-04-08,550.0,-13.76
RMP4,2023-04-08,552.0,-12.37
RMP4,2023-04-08,554.0,-11.45
RMP4,2023-04-08,556.0,-10.64
RMP4,2023-04-08,558.0,-10.49
RMP4,2023-04-08,561.0,-10.58
RMP4,2023-04-08,563.0,-10.6
RMP4,2023-04-08,565.0,-10.68
RMP4,2023-04-08,567.0,-10.72
RMP4,2023-04-08,569.0,-10.84
RMP4,2023-04-08,571.0,-12.96
RMP4,2023-04-08,573.0,-12.87
RMP4,2023-04-08,575.0,-12.86
RMP4,2023-04-08,577.0,-12.83
RMP4,2023-04-08,579.0,-12.61
RMP4,2023-04-08,581.0,-12.26
RMP4,2023-04-08,583.0,-11.89
RMP4,2023-04-08,585.0,-11.14
RMP4,2023-04-08,587.0,-10.96
RMP4,2023-04-08,589.0,-11.03
RMP4,2023-04-08,591.0,-11.2
RMP4,2023-04-08,593.0,-11.29
RMP4,2023-04-08,595.0,-11.92
RMP4,2023-04-08,597.0,-12.78
RMP4,2023-04-08,599.0,-12.57
RMP4,2023-04-08,602.0,-12.78
RMP4,2023-04-08,604.0,-12.73
RMP4,2023-04-08,606.0,-12.86
RMP4,2023-04-08,608.0,-12.64
RMP4,2023-04-08,610.0,-12.66
RMP4,2023-04-08,612.0,-12.59
RMP4,2023-04-08,614.0,-12.38
RMP4,2023-04-08,616.0,-12.35
RMP4,2023-04-08,618.0,-12.26
RMP4,2023-04-08,620.0,-11.98
RMP4,2023-04-08,624.0,-11.96
RMP4,2023-04-08,626.0,-11.94
RMP4,2023-04-08,628.0,-12.03
RMP4,2023-04-08,630.0,-12.69
RMP4,2023-04-08,632.0,-13.11
RMP4,2023-04-08,634.0,-13.14
RMP4,2023-04-08,636.0,-13.1
RMP4,2023-04-08,638.0,-12.35
RMP4,2023-04-08,640.0,-12.91
RMP4,2023-04-08,646.0,-11.4
RMP4,2023-04-08,648.0,-11.17
RMP4,2023-04-08,650.0,-11.05
RMP4,2023-04-08,652.0,-11.03
RMP4,2023-04-08,654.0,-11.22
RMP4,2023-04-08,656.0,-11.17
RMP4,2023-04-08,658.0,-11.13
RMP4,2023-04-08,660.0,-11.05
RMP4,2023-04-08,662.0,-10.95
RMP4,2023-04-08,664.0,-10.85
RMP4,2023-04-08,666.0,-10.77
RMP4,2023-04-08,668.0,-10.59
RMP4,2023-04-08,670.0,-10.41
RMP4,2023-04-08,672.0,-10.36
RMP4,2023-04-08,674.0,-10.29
RMP4,2023-04-08,676.0,-10.13
RMP4,2023-04-08,678.0,-10.12
RMP4,2023-04-08,682.0,-10.1
RMP4,2023-04-08,684.0,-10.02
RMP4,2023-04-08,686.0,-9.96
RMP4,2023-04-08,688.0,-9.89
RMP4,2023-04-08,690.0,-9.89
RMP4,2023-04-08,692.0,-9.85
RMP4,2023-04-08,694.0,-9.71
RMP4,2023-04-08,696.0,-9.64
RMP4,2023-04-08,698.0,-9.52
RMP4,2023-04-08,701.0,-9.42
RMP4,2023-04-08,703.0,-9.4
RMP4,2023-04-08,705.0,-9.28
RMP4,2023-04-08,707.0,-9.2
RMP4,2023-04-08,709.0,-9.13
RMP4,2023-04-08,711.0,-8.95
RMP4,2023-04-08,713.0,-8.84
RMP4,2023-04-08,715.0,-8.66
RMP4,2023-04-08,717.0,-8.8
RMP4,2023-04-08,719.0,-8.77
RMP4,2023-04-08,721.0,-8.58
RMP4,2023-04-08,723.0,-8.39
RMP4,2023-04-08,727.0,-7.12
RMP4,2023-04-08,730.0,-5.85
RMP4,2023-04-08,733.0,-4.05
RMP4,2023-04-08,736.0,-2.15
RMP4,2023-04-08,740.0,-0.95
RMP4,2023-04-08,742.0,1.65
RMP4,2023-04-08,744.0,2.44
RMP4,2023-04-08,750.0,2.05
RMP4,2023-04-08,762.0,2.29
RMP4,2023-04-08,770.0,2.53
RMP4,2023-04-08,800.0,2.93
RMP4,2023-04-08,840.0,3.44
RMP4,2023-04-08,870.0,3.66
RMP4,2023-04-08,900.0,3.52
RMP4,2023-04-08,925.0,3.53
RMP4,2023-04-08,950.0,3.54
RMP4,2023-04-08,975.0,3.6
RMP4,2023-04-08,1000.0,3.72
RMP4,2023-04-08,1025.0,3.82
RMP4,2023-04-08,1050.0,3.99
RMP4,2023-04-08,1075.0,4.09
RMP4,2023-04-08,1100.0,4.24
RMP4,2023-04-08,1130.0,4.39
RMP4,2023-04-08,1170.0,4.42
RMP4,2023-04-08,1200.0,4.28
RMP4,2023-04-08,1225.0,4.26
RMP4,2023-04-08,1250.0,4.24
RMP4,2023-04-08,1275.0,4.22
RMP4,2023-04-08,1300.0,4.24
RMP4,2023-04-08,1325.0,4.06
RMP4,2023-04-08,1350.0,3.9
RMP4,2023-04-08,1375.0,3.96
RMP4,2023-04-08,1400.0,4.04
RMP4,2023-04-08,1440.0,4.34
RMP4,2023-04-08,1470.0,4.1
RMP4,2023-04-08,1500.0,4.1
RMP4,2023-04-08,1525.0,4.0
RMP4,2023-04-08,1550.0,3.9
RMP4,2023-04-08,1575.0,3.78
RMP4,2023-04-08,1600.0,3.72
RMP4,2023-04-08,1625.0,3.6
RMP4,2023-04-08,1650.0,3.54
RMP4,2023-04-08,1675.0,3.59
RMP4,2023-04-08,1700.0,3.66
RMP4,2023-04-08,1725.0,3.56
RMP4,2023-04-08,1750.0,3.49
RMP4,2023-04-08,1775.0,3.39
RMP4,2023-04-08,1800.0,3.34
RMP4,2023-04-08,1830.0,3.5
RMP4,2023-04-08,1870.0,3.66
RMP4,2023-04-08,1900.0,3.14
RMP4,2023-04-08,1925.0,3.13
RMP4,2023-04-08,1950.0,3.12
RMP4,2023-04-08,1975.0,2.82
RMP4,2023-04-08,2000.0,2.54
RMP4,2023-04-08,2025.0,2.09
RMP4,2023-04-08,2030.0,2.45
RMP4,2023-04-08,2033.0,1.95
RMP4,2023-04-08,2036.0,1.95
RMP4,2023-04-08,2040.0,2.05
RMP4,2023-04-08,2045.0,2.05
RMP4,2023-04-08,2050.0,1.85
RMP4,2023-04-08,2055.0,1.85
RMP4,2023-04-08,2060.0,1.95
RMP4,2023-04-08,2065.0,1.95
RMP4,2023-04-08,2070.0,1.85
RMP4,2023-04-08,2075.0,1.85
RMP4,2023-04-08,2080.0,1.75
RMP4,2023-04-08,2085.0,1.75
RMP4,2023-04-08,2090.0,1.75
RMP4,2023-04-08,2095.0,1.75
RMP4,2023-04-08,2100.0,1.85
RMP4,2023-04-08,2105.0,1.95
RMP4,2023-04-08,2110.0,1.95
RMP4,2023-04-08,2115.0,1.75
RMP4,2023-04-08,2120.0,1.85
RMP4,2023-04-08,2125.0,1.75
RMP4,2023-04-08,2130.0,1.75
RMP4,2023-04-08,2135.0,1.65
RMP4,2023-04-08,2140.0,1.65
RMP4,2023-04-08,2145.0,1.75
RMP4,2023-04-08,2150.0,1.65
RMP4,2023-04-08,2155.0,1.55
RMP4,2023-04-08,2160.0,1.55
RMP4,2023-04-08,2165.0,1.45
RMP4,2023-04-08,2170.0,1.45
RMP4,2023-04-08,2175.0,1.55
RMP4,2023-04-08,2180.0,1.65
RMP4,2023-04-08,2185.0,1.65
RMP4,2023-04-08,2190.0,1.45
RMP4,2023-04-08,2195.0,1.45
RMP4,2023-04-08,2200.0,1.45
RMP4,2023-04-08,2205.0,1.65
RMP4,2023-04-08,2210.0,1.65
RMP4,2023-04-08,2215.0,1.55
RMP4,2023-04-08,2220.0,1.55
RMP4,2023-04-08,2225.0,1.75
RMP4,2023-04-08,2230.0,1.85
RMP4,2023-04-08,2235.0,1.65
RMP4,2023-04-08,2240.0,1.55
RMP4,2023-04-08,2245.0,1.35
RMP4,2023-04-08,2250.0,1.35
RMP4,2023-04-08,2255.0,1.35
RMP4,2023-04-08,2260.0,1.45
RMP4,2023-04-08,2265.0,1.65
RMP4,2023-04-08,2270.0,1.65
RMP4,2023-04-08,2275.0,1.65
RMP4,2023-04-08,2280.0,1.55
RMP4,2023-04-08,2285.0,1.55
RMP4,2023-04-08,2290.0,1.75
RMP4,2023-04-08,2295.0,1.65
RMP4,2023-04-08,2300.0,1.75
RMP4,2023-04-08,2305.0,1.85
RMP4,2023-04-08,2310.0,1.85
RMP4,2023-04-08,2315.0,1.85
RMP4,2023-04-08,2320.0,1.75
RMP4,2023-04-08,2325.0,1.65
RMP4,2023-04-08,2330.0,1.75
RMP4,2023-04-08,2335.0,1.75
RMP4,2023-04-08,2340.0,1.75
RMP4,2023-04-08,2345.0,1.65
RMP4,2023-04-08,2350.0,1.65
RMP4,2023-04-08,2355.0,1.45
RMP4,2023-04-08,2360.0,1.45
RMP4,2023-04-08,2365.0,1.35
RMP4,2023-04-08,2370.0,1.35
RMP4,2023-04-08,2375.0,1.45
RMP4,2023-04-08,2380.0,1.35
RMP4,2023-04-08,2385.0,1.25
RMP4,2023-04-08,2390.0,1.25
RMP4,2023-04-08,2395.0,1.35
RMP4,2023-04-08,2400.0,1.45
RMP4,2023-04-08,2405.0,1.25
RMP4,2023-04-08,2410.0,1.15
RMP4,2023-04-08,2415.0,1.05
RMP4,2023-04-08,2420.0,0.95
RMP4,2023-04-08,2425.0,0.95
RMP4,2023-04-08,2430.0,0.95
RMP4,2023-04-08,2435.0,1.05
RMP4,2023-04-08,2440.0,1.05
RMP4,2023-04-08,2445.0,1.25
RMP4,2023-04-08,2450.0,1.25
RMP4,2023-04-08,2455.0,1.45
RMP4,2023-04-08,2460.0,1.45
RMP4,2023-04-08,2465.0,1.45
RMP4,2023-04-08,2470.0,1.45
RMP4,2023-04-08,2475.0,1.35
RMP4,2023-04-08,2480.0,1.25
RMP4,2023-04-08,2485.0,1.25
RMP4,2023-04-08,2490.0,1.15
RMP4,2023-04-08,2495.0,1.45
RMP4,2023-04-08,2500.0,1.45
RMP4,2023-04-08,2505.0,1.25
RMP4,2023-04-08,2510.0,1.25
RMP4,2023-04-08,2515.0,1.25
RMP4,2023-04-08,2520.0,1.15
RMP4,2023-04-08,2525.0,1.25
RMP4,2023-04-08,2530.0,1.25
RMP4,2023-04-08,2535.0,1.15
RMP4,2023-04-08,2540.0,1.05
RMP4,2023-04-08,2545.0,1.15
RMP4,2023-04-08,2550.0,1.25
RMP4,2023-04-08,2555.0,1.05
RMP4,2023-04-08,2560.0,0.95
RMP4,2023-04-08,2565.0,0.95
RMP4,2023-04-08,2570.0,0.95
RMP4,2023-04-08,2575.0,1.15
RMP4,2023-04-08,2580.0,1.15
RMP4,2023-04-08,2585.0,1.45
RMP4,2023-04-08,2590.0,1.45
RMP4,2023-04-08,2595.0,1.35
RMP4,2023-04-08,2600.0,1.25
RMP4,2023-04-08,2605.0,1.15
RMP4,2023-04-08,2610.0,1.05
RMP4,2023-04-08,2615.0,1.05
RMP4,2023-04-08,2620.0,0.95
RMP4,2023-04-08,2625.0,0.95
RMP4,2023-04-08,2630.0,0.85
RMP4,2023-04-08,2635.0,0.85
RMP4,2023-04-08,2640.0,0.85
RMP4,2023-04-08,2645.0,0.25
RMP4,2023-04-08,2650.0,-0.15
RMP4,2023-04-08,2655.0,-0.92
RMP4,2023-04-08,2660.0,-1.53
RMP4,2023-04-08,2665.0,-1.87
RMP4,2023-04-08,2670.0,-2.21
RMP4,2023-04-08,2675.0,-2.65
RMP4,2023-04-08,2680.0,-3.24
RMP4,2023-04-08,2685.0,-3.54
RMP4,2023-04-08,2690.0,-4.15
RMP4,2023-04-08,2695.0,-5.56
RMP4,2023-04-08,2700.0,-5.85
RMP4,2023-04-08,2704.0,-5.98
RMP4,2023-04-08,2707.0,-6.08
RMP4,2023-04-08,2709.0,-6.23
RMP4,2023-04-08,2711.0,-6.18
RMP4,2023-04-08,2713.0,-6.2
RMP4,2023-04-08,2715.0,-6.3
RMP4,2023-04-08,2717.0,-6.15
RMP4,2023-04-08,2719.0,-6.06
RMP4,2023-04-08,2721.0,-6.05
RMP4,2023-04-08,2723.0,-6.04
RMP4,2023-04-08,2725.0,-5.94
RMP4,2023-04-08,2727.0,-5.93
RMP4,2023-04-08,2729.0,-6.02
RMP4,2023-04-08,2732.0,-5.89
RMP4,2023-04-08,2734.0,-5.9
RMP4,2023-04-08,2736.0,-5.96
RMP4,2023-04-08,2738.0,-5.98
RMP4,2023-04-08,2740.0,-6.05
RMP4,2023-04-08,2742.0,-6.0
RMP4,2023-04-08,2744.0,-5.91
RMP4,2023-04-08,2746.0,-6.02
RMP4,2023-04-08,2748.0,-5.96
RMP4,2023-04-08,2750.0,-6.03
RMP4,2023-04-08,2752.0,-5.87
RMP4,2023-04-08,2754.0,-5.9
RMP4,2023-04-08,2756.0,-5.82
RMP4,2023-04-08,2758.0,-5.86
RMP4,2023-04-08,2760.0,-5.95
RMP4,2023-04-08,2762.0,-5.84
RMP4,2023-04-08,2764.0,-5.91
RMP4,2023-04-08,2766.0,-5.77
RMP4,2023-04-08,2768.0,-5.81
RMP4,2023-04-08,2771.0,-5.66
RMP4,2023-04-08,2773.0,-5.85
RMP4,2023-04-08,2775.0,-5.84
RMP4,2023-04-08,2777.0,-5.69
RMP4,2023-04-08,2779.0,-5.57
RMP4,2023-04-08,2781.0,-5.72
RMP4,2023-04-08,2783.0,-5.6
RMP4,2023-04-08,2785.0,-5.7
RMP4,2023-04-08,2787.0,-5.61
RMP4,2023-04-08,2791.0,-5.52
RMP4,2023-04-08,2793.0,-5.46
RMP4,2023-04-08,2795.0,-5.46
RMP4,2023-04-08,2797.0,-5.23
RMP4,2023-04-08,2799.0,-5.21
RMP4,2023-04-08,2801.0,-4.99
RMP4,2023-04-08,2803.0,-5.0
RMP4,2023-04-08,2805.0,-4.95
RMP4,2023-04-08,2810.0,-4.97
RMP4,2023-04-08,2812.0,-4.9
RMP4,2023-04-08,2814.0,-4.89
RMP4,2023-04-08,2816.0,-4.8
RMP4,2023-04-08,2818.0,-4.81
RMP4,2023-04-08,2820.0,-4.74
RMP4,2023-04-08,2822.0,-4.8
RMP4,2023-04-08,2824.0,-4.78
RMP4,2023-04-08,2826.0,-4.76
RMP4,2023-04-08,2828.0,-4.69
RMP4,2023-04-08,2831.0,-4.72
RMP4,2023-04-08,2833.0,-4.65
RMP4,2023-04-08,2835.0,-4.69
RMP4,2023-04-08,2837.0,-4.64
RMP4,2023-04-08,2839.0,-4.62
RMP4,2023-04-08,2841.0,-4.59
RMP4,2023-04-08,2843.0,-4.6
RMP4,2023-04-08,2845.0,-4.54
RMP4,2023-04-08,2847.0,-4.45
RMP4,2023-04-08,2850.0,-4.59
RMP4,2023-04-08,2852.0,-4.9
RMP4,2023-04-08,2854.0,-5.4
RMP4,2023-04-08,2856.0,-5.33
RMP4,2023-04-08,2858.0,-4.79
RMP4,2023-04-08,2860.0,-4.86
RMP4,2023-04-08,2862.0,-4.8
RMP4,2023-04-08,2864.0,-4.91
RMP4,2023-04-08,2866.0,-4.91
RMP4,2023-04-08,2868.0,-4.78
RMP4,2023-04-08,2870.0,-4.7
RMP4,2023-04-08,2872.0,-4.34
RMP4,2023-04-08,2874.0,-4.19
RMP4,2023-04-08,2876.0,-4.19
RMP4,2023-04-08,2878.0,-4.69
RMP4,2023-04-08,2880.0,-3.87
RMP4,2023-04-08,2882.0,-3.78
RMP4,2023-04-08,2884.0,-3.72
RMP4,2023-04-08,2886.0,-3.98
RMP4,2023-04-08,2888.0,-4.2
RMP4,2023-04-08,2890.0,-4.18
RMP4,2023-04-08,2892.0,-4.27
RMP4,2023-04-08,2894.0,-3.97
RMP4,2023-04-08,2896.0,-3.68
RMP4,2023-04-08,2898.0,-3.69
RMP4,2023-04-08,2900.0,-3.64
RMP4,2023-04-08,2902.0,-3.77
RMP4,2023-04-08,2904.0,-3.73
RMP4,2023-04-08,2909.0,-3.61
RMP4,2023-04-08,2911.0,-3.54
RMP4,2023-04-08,2913.0,-3.53
RMP4,2023-04-08,2915.0,-3.5
RMP4,2023-04-08,2917.0,-3.47
RMP4,2023-04-08,2919.0,-3.5
RMP4,2023-04-08,2921.0,-3.52
RMP4,2023-04-08,2923.0,-3.63
RMP4,2023-04-08,2925.0,-3.66
RMP4,2023-04-08,2930.0,-3.63
RMP4,2023-04-08,2932.0,-3.55
RMP4,2023-04-08,2934.0,-3.36
RMP4,2023-04-08,2936.0,-3.28
RMP4,2023-04-08,2938.0,-3.17
RMP4,2023-04-08,2940.0,-3.18
RMP4,2023-04-08,2942.0,-3.27
RMP4,2023-04-08,2944.0,-3.35
RMP4,2023-04-08,2946.0,-3.46
RMP4,2023-04-08,2950.0,-3.53
RMP4,2023-04-08,2952.0,-3.35
RMP4,2023-04-08,2954.0,-3.29
RMP4,2023-04-08,2956.0,-3.15
RMP4,2023-04-08,2958.0,-2.9
RMP4,2023-04-08,2960.0,-2.74
RMP4,2023-04-08,2962.0,-2.66
RMP4,2023-04-08,2964.0,-2.52
RMP4,2023-04-08,2966.0,-2.42
RMP4,2023-04-08,2971.0,-2.3
RMP4,2023-04-08,2973.0,-2.3
RMP4,2023-04-08,2975.0,-2.06
RMP4,2023-04-08,2977.0,-1.94
RMP4,2023-04-08,2979.0,-1.79
RMP4,2023-04-08,2981.0,-1.79
RMP4,2023-04-08,2983.0,-1.8
RMP4,2023-04-08,2985.0,-1.83
RMP4,2023-04-08,2990.0,-1.79
RMP4,2023-04-08,2992.0,-1.64
RMP4,2023-04-08,2994.0,-1.57
RMP4,2023-04-08,2996.0,-1.47
RMP4,2023-04-08,2998.0,-1.42
RMP4,2023-04-08,3000.0,-1.39
RMP4,2023-04-08,3002.0,-1.35
RMP4,2023-04-08,3004.0,-1.25
RMP4,2023-04-08,3006.0,-1.19
RMP4,2023-04-08,3010.0,-1.16
RMP4,2023-04-08,3012.0,-1.08
RMP4,2023-04-08,3014.0,-1.04
RMP4,2023-04-08,3016.0,-0.93
RMP4,2023-04-08,3018.0,-0.77
RMP4,2023-04-08,3020.0,-0.57
RMP4,2023-04-08,3022.0,-0.48
RMP4,2023-04-08,3024.0,-0.38
RMP4,2023-04-08,3026.0,-0.27
RMP4,2023-04-08,3030.0,-0.21
RMP4,2023-04-08,3032.0,-0.08
RMP4,2023-04-08,3034.0,0.08
RMP4,2023-04-08,3036.0,0.22
RMP4,2023-04-08,3038.0,0.38
RMP4,2023-04-08,3040.0,0.51
RMP4,2023-04-08,3042.0,0.68
RMP4,2023-04-08,3044.0,0.82
RMP4,2023-04-08,3046.0,0.98
RMP4,2023-04-08,3050.0,1.05
RMP4,2023-04-08,3052.0,1.22
RMP4,2023-04-08,3054.0,1.3
RMP4,2023-04-08,3056.0,1.53
RMP4,2023-04-08,3058.0,1.48
RMP4,2023-04-08,3060.0,1.46
RMP4,2023-04-08,3062.0,1.67
RMP4,2023-04-08,3064.0,1.67
RMP4,2023-04-08,3066.0,1.66
RMP4,2023-04-08,3069.0,1.66
RMP4,2023-04-08,3071.0,1.67
RMP4,2023-04-08,3073.0,1.67
RMP4,2023-04-08,3075.0,1.67
RMP4,2023-04-08,3077.0,1.67
RMP4,2023-04-08,3079.0,-0.47
RMP4,2023-04-08,3081.0,-0.31
RMP4,2023-04-08,3083.0,-0.82
RMP4,2023-04-08,3089.0,-0.32
RMP4,2023-04-08,3091.0,-1.3
RMP4,2023-04-08,3093.0,-1.54
RMP4,2023-04-08,3095.0,-1.63
RMP4,2023-04-08,3097.0,-1.9
RMP4,2023-04-08,3099.0,-1.89
RMP4,2023-04-08,3101.0,-1.63
RMP4,2023-04-08,3103.0,-1.78
RMP4,2023-04-08,3105.0,-1.65
RMP4,2023-04-08,3107.0,-2.14
RMP4,2023-04-08,3109.0,-2.21
RMP4,2023-04-08,3111.0,-2.29
RMP4,2023-04-08,3113.0,-2.43
RMP4,2023-04-08,3115.0,-2.39
RMP4,2023-04-08,3117.0,-2.46
RMP4,2023-04-08,3119.0,-2.52
RMP4,2023-04-08,3121.0,-2.52
RMP4,2023-04-08,3128.0,-2.64
RMP4,2023-04-08,3130.0,-2.88
RMP4,2023-04-08,3132.0,-2.64
RMP4,2023-04-08,3134.0,-2.87
RMP4,2023-04-08,3136.0,-2.96
RMP4,2023-04-08,3138.0,-2.97
RMP4,2023-04-08,3140.0,-3.0
RMP4,2023-04-08,3142.0,-2.97
RMP4,2023-04-08,3148.0,-3.09
RMP4,2023-04-08,3150.0,-2.99
RMP4,2023-04-08,3152.0,-3.19
RMP4,2023-04-08,3154.0,-3.26
RMP4,2023-04-08,3156.0,-3.25
RMP4,2023-04-08,3158.0,-3.28
RMP4,2023-04-08,3160.0,-3.3
RMP4,2023-04-08,3163.0,-3.27
RMP4,2023-04-08,3168.0,-3.34
RMP4,2023-04-08,3170.0,-3.33
RMP4,2023-04-08,3172.0,-3.29
RMP4,2023-04-08,3174.0,-3.44
RMP4,2023-04-08,3176.0,-3.52
RMP4,2023-04-08,3178.0,-3.59
RMP4,2023-04-08,3180.0,-3.65
RMP4,2023-04-08,3182.0,-3.69
RMP4,2023-04-08,3184.0,-3.87
RMP4,2023-04-08,3188.0,-4.05
RMP4,2023-04-08,3190.0,-4.08
RMP4,2023-04-08,3192.0,-4.29
RMP4,2023-04-08,3194.0,-4.68
RMP4,2023-04-08,3196.0,-4.69
RMP4,2023-04-08,3198.0,-4.7
RMP4,2023-04-08,3200.0,-4.7
RMP4,2023-04-08,3202.0,-4.68
RMP4,2023-04-08,3204.0,-4.73
RMP4,2023-04-08,3207.0,-4.86
RMP4,2023-04-08,3209.0,-5.25
RMP4,2023-04-08,3211.0,-5.24
RMP4,2023-04-08,3213.0,-5.26
RMP4,2023-04-08,3215.0,-5.35
RMP4,2023-04-08,3217.0,-5.72
RMP4,2023-04-08,3219.0,-6.72
RMP4,2023-04-08,3221.0,-6.99
RMP4,2023-04-08,3227.0,-7.47
RMP4,2023-04-08,3229.0,-7.48
RMP4,2023-04-08,3231.0,-7.57
RMP4,2023-04-08,3233.0,-7.59
RMP4,2023-04-08,3235.0,-7.63
RMP4,2023-04-08,3237.0,-7.68
RMP4,2023-04-08,3239.0,-7.56
RMP4,2023-04-08,3241.0,-7.55
RMP4,2023-04-08,3243.0,-7.59
RMP4,2023-04-08,3248.0,-7.56
RMP4,2023-04-08,3250.0,-7.59
RMP4,2023-04-08,3252.0,-7.61
RMP4,2023-04-08,3254.0,-7.55
RMP4,2023-04-08,3256.0,-7.58
RMP4,2023-04-08,3258.0,-7.61
RMP4,2023-04-08,3260.0,-7.4
RMP4,2023-04-08,3262.0,-7.44
RMP4,2023-04-08,3264.0,-7.55
RMP4,2023-04-08,3267.0,-7.52
RMP4,2023-04-08,3269.0,-7.78
RMP4,2023-04-08,3271.0,-8.51
RMP4,2023-04-08,3273.0,-8.61
RMP4,2023-04-08,3275.0,-8.87
RMP4,2023-04-08,3277.0,-9.21
RMP4,2023-04-08,3279.0,-9.07
RMP4,2023-04-08,3281.0,-9.06
RMP4,2023-04-08,3283.0,-9.48
RMP4,2023-04-08,3285.0,-9.48
RMP4,2023-04-08,3289.0,-9.73
RMP4,2023-04-08,3291.0,-10.08
RMP4,2023-04-08,3293.0,-9.96
RMP4,2023-04-08,3295.0,-9.93
RMP4,2023-04-08,3297.0,-9.79
RMP4,2023-04-08,3299.0,-9.67
RMP4,2023-04-08,3301.0,-9.69
RMP4,2023-04-08,3303.0,-9.55
RMP4,2023-04-08,3308.0,-9.6
RMP4,2023-04-08,3310.0,-10.96
RMP4,2023-04-08,3312.0,-11.1
RMP4,2023-04-08,3314.0,-10.93
RMP4,2023-04-08,3316.0,-10.51
RMP4,2023-04-08,3318.0,-10.32
RMP4,2023-04-08,3320.0,-10.18
RMP4,2023-04-08,3322.0,-9.93
RMP4,2023-04-08,3328.0,-10.21
RMP4,2023-04-08,3330.0,-12.2
RMP4,2023-04-08,3332.0,-11.9
RMP4,2023-04-08,3334.0,-11.43
RMP4,2023-04-08,3336.0,-11.39
RMP4,2023-04-08,3338.0,-11.52
RMP4,2023-04-08,3340.0,-11.84
RMP4,2023-04-08,3342.0,-11.89
RMP4,2023-04-08,3348.0,-11.83
RMP4,2023-04-08,3350.0,-12.03
RMP4,2023-04-08,3352.0,-12.21
RMP4,2023-04-08,3354.0,-12.35
RMP4,2023-04-08,3356.0,-12.63
RMP4,2023-04-08,3358.0,-12.75
RMP4,2023-04-08,3360.0,-12.79
RMP4,2023-04-08,3362.0,-12.81
RMP4,2023-04-08,3367.0,-12.74
RMP4,2023-04-08,3369.0,-12.83
RMP4,2023-04-08,3371.0,-13.08
RMP4,2023-04-08,3373.0,-13.2
RMP4,2023-04-08,3375.0,-13.33
RMP4,2023-04-08,3377.0,-13.25
RMP4,2023-04-08,3379.0,-13.31
RMP4,2023-04-08,3381.0,-13.35
RMP4,2023-04-08,3386.0,-13.37
RMP4,2023-04-08,3388.0,-13.33
RMP4,2023-04-08,3390.0,-13.25
RMP4,2023-04-08,3392.0,-13.39
RMP4,2023-04-08,3394.0,-13.16
RMP4,2023-04-08,3396.0,-13.17
RMP4,2023-04-08,3398.0,-13.07
RMP4,2023-04-08,3400.0,-13.08
RMP4,2023-04-08,3402.0,-13.1
RMP4,2023-04-08,3404.0,-13.17
RMP4,2023-04-08,3406.0,-13.06
RMP4,2023-04-08,3408.0,-12.77
RMP4,2023-04-08,3410.0,-12.43
RMP4,2023-04-08,3412.0,-11.9
RMP4,2023-04-08,3414.0,-11.43
RMP4,2023-04-08,3416.0,-11.07
RMP4,2023-04-08,3418.0,-10.81
RMP4,2023-04-08,3420.0,-10.63
RMP4,2023-04-08,3422.0,-10.78
RMP4,2023-04-08,3424.0,-10.11
RMP4,2023-04-08,3426.0,-9.63
RMP4,2023-04-08,3428.0,-10.27
RMP4,2023-04-08,3430.0,-10.49
RMP4,2023-04-08,3432.0,-10.78
RMP4,2023-04-08,3434.0,-9.77
RMP4,2023-04-08,3436.0,-10.05
RMP4,2023-04-08,3438.0,-7.8
RMP4,2023-04-08,3440.0,-7.38
RMP4,2023-04-08,3442.0,-6.88
RMP4,2023-04-08,3445.0,-5.12
RMP4,2023-04-08,3450.0,-4.08
RMP4,2023-04-08,3453.0,-3.15
RMP4,2023-04-08,3456.0,-1.28
RMP4,2023-04-08,3460.0,0.85
RMP4,2023-04-08,3463.0,1.68
RMP4,2023-04-08,3466.0,2.45
RMP4,2023-04-08,3470.0,5.54
RMP4,2023-04-08,3475.0,4.98
RMP4,2023-04-08,3480.0,4.45
RMP4,2023-04-08,3500.0,4.29
RMP4,2023-04-08,3550.0,4.45
RMP4,2023-04-08,3600.0,4.11
RMP4,2023-04-08,3650.0,3.55
RMP4,2023-04-08,3700.0,4.4
RMP4,2023-04-08,3750.0,4.13
RMP4,2023-04-08,3800.0,4.45
RMP4,2023-04-08,3850.0,4.33
RMP4,2023-04-08,3900.0,4.4
RMP4,2023-04-08,3950.0,4.51
RMP4,2023-04-08,4000.0,4.57
RMP4,2023-04-08,4050.0,4.35
RMP4,2023-04-08,4100.0,4.21
RMP4,2023-04-08,4150.0,4.41
RMP4,2023-04-08,4200.0,4.47
RMP4,2023-04-08,4250.0,4.29
RMP4,2023-04-08,4300.0,4.23
RMP4,2023-04-08,4350.0,4.13
RMP4,2023-04-08,4400.0,4.41
RMP4,2023-04-08,4450.0,3.55
RMP4,2023-04-08,4500.0,4.33
RMP4,2023-04-08,4550.0,4.55
RMP4,2023-04-08,4600.0,4.91
RMP4,2023-04-08,4650.0,5.2
RMP4,2023-04-08,4700.0,5.33
RMP4,2023-04-08,4750.0,5.29
RMP4,2023-04-08,4800.0,5.2
RMP4,2023-04-08,4850.0,5.27
RMP4,2023-04-08,4900.0,5.23
RMP4,2023-04-08,4950.0,5.21
RMP4,2023-04-08,5000.0,5.33
RMP4,2023-04-08,5050.0,4.57
RMP4,2023-04-08,5100.0,4.45
RMP4,2023-04-08,5150.0,4.27
RMP4,2023-04-08,5200.0,4.55
RMP4,2023-04-08,5250.0,4.41
RMP4,2023-04-08,5300.0,4.67
RMP4,2023-04-08,5350.0,4.61
RMP4,2023-04-08,5400.0,4.49
RMP4,2023-04-08,5450.0,4.41
RMP4,2023-04-08,5500.0,4.43
RMP4,2023-04-08,5550.0,4.49
RMP4,2023-04-08,5600.0,4.49
RMP4,2023-04-08,5610.0,3.55
RMP4,2023-04-08,5620.0,3.45
RMP4,2023-04-08,5630.0,3.25
RMP4,2023-04-08,5640.0,4.45
RMP4,2023-04-08,5650.0,4.55
RMP4,2023-04-08,5700.0,4.44
RMP4,2023-04-08,5750.0,4.34
RMP4,2023-04-08,5800.0,4.47
RMP4,2023-04-08,5850.0,4.55
RMP4,2023-04-08,5900.0,4.49
RMP4,2023-04-08,5950.0,4.23
RMP4,2023-04-08,6000.0,4.33
RMP4,2023-04-08,6050.0,4.65
RMP4,2023-04-08,6100.0,4.94
RMP4,2023-04-08,6150.0,5.21
RMP4,2023-04-08,6200.0,5.31
RMP4,2023-04-08,6250.0,5.11
RMP4,2023-04-08,6300.0,5.33
RMP4,2023-04-08,6350.0,4.89
RMP4,2023-04-08,6400.0,4.53
RMP4,2023-04-08,6450.0,4.25
RMP4,2023-04-08,6500.0,4.35
RMP4,2023-04-08,6550.0,4.21
RMP4,2023-04-08,6600.0,3.61
RMP4,2023-04-08,6650.0,3.39
RMP4,2023-04-08,6700.0,3.31
RMP4,2023-04-08,6750.0,3.37
RMP4,2023-04-08,6800.0,3.51
RMP4,2023-04-08,6850.0,3.23
RMP4,2023-04-08,6900.0,3.35
RMP4,2023-04-08,6950.0,3.29
RMP4,2023-04-08,7000.0,3.29
RMP4,2023-04-08,7050.0,3.03
RMP4,2023-04-08,7100.0,2.99
RMP4,2023-04-08,7150.0,3.47
RMP4,2023-04-08,7200.0,3.31
RMP4,2023-04-08,7250.0,3.21
RMP4,2023-04-08,7300.0,3.03
RMP4,2023-04-08,7350.0,3.21
RMP4,2023-04-08,7400.0,3.11
RMP4,2023-04-08,7450.0,3.4
RMP4,2023-04-08,7500.0,3.45
RMP4,2023-04-08,7550.0,3.39
RMP4,2023-04-08,7600.0,3.41
RMP4,2023-04-08,7650.0,3.13
RMP4,2023-04-08,7700.0,2.91
RMP4,2023-04-08,7750.0,2.61
RMP4,2023-04-08,7800.0,2.49
RMP4,2023-04-08,7850.0,2.33
RMP4,2023-04-08,7900.0,2.29
RMP4,2023-04-08,7950.0,2.18
RMP4,2023-04-08,8000.0,2.13
RMP4,2023-04-08,8050.0,2.11
RMP4,2023-04-08,8100.0,2.24
RMP4,2023-04-08,8150.0,2.71
RMP4,2023-04-08,8200.0,2.59
RMP4,2023-04-08,8250.0,2.35
RMP4,2023-04-08,8300.0,2.49
RMP4,2023-04-08,8350.0,2.59
RMP4,2023-04-08,8400.0,2.25
RMP4,2023-04-08,8450.0,2.49
RMP4,2023-04-08,8500.0,2.57
RMP4,2023-04-08,8550.0,2.75
RMP4,2023-04-08,8600.0,2.79
RMP4,2023-04-08,8650.0,2.19
RMP4,2023-04-08,8700.0,2.39
RMP4,2023-04-08,8750.0,2.49
RMP4,2023-04-08,8800.0,2.55
RMP4,2023-04-08,8850.0,2.89
RMP4,2023-04-08,8900.0,3.05
RMP4,2023-04-08,8950.0,3.07
RMP4,2023-04-08,9000.0,2.71
RMP4,2023-04-08,9050.0,3.31
RMP4,2023-04-08,9100.0,3.55
RMP4,2023-04-08,9150.0,3.49
RMP4,2023-04-08,9200.0,3.35
RMP4,2023-04-08,9250.0,2.91
RMP4,2023-04-08,9300.0,3.21
RMP4,2023-04-08,9350.0,3.11
RMP4,2023-04-08,9400.0,2.99
RMP4,2023-04-08,9425.0,2.65
RMP4,2023-04-09,9435.0,2.45
RMP4,2023-04-09,9440.0,1.65
RMP4,2023-04-09,9443.0,0.35
RMP4,2023-04-09,9447.0,-1.58
RMP4,2023-04-09,9452.0,-2.87
RMP4,2023-04-09,9455.0,-3.92
RMP4,2023-04-09,9457.0,-4.12
RMP4,2023-04-09,9458.0,-4.42
RMP4,2023-04-09,9460.0,-4.35
RMP4,2023-04-09,9462.0,-4.15
RMP4,2023-04-09,9464.0,-4.02
RMP4,2023-04-09,9466.0,-3.78
RMP4,2023-04-09,9468.0,-3.68
RMP4,2023-04-09,9470.0,-3.51
RMP4,2023-04-09,9472.0,-3.26
RMP4,2023-04-09,9474.0,-3.08
RMP4,2023-04-09,9476.0,-2.96
RMP4,2023-04-09,9478.0,-3.0
RMP4,2023-04-09,9480.0,-3.0
RMP4,2023-04-09,9482.0,-3.99
RMP4,2023-04-09,9484.0,-4.06
RMP4,2023-04-09,9488.0,-3.42
RMP4,2023-04-09,9490.0,-2.71
RMP4,2023-04-09,9492.0,-2.36
RMP4,2023-04-09,9494.0,-2.35
RMP4,2023-04-09,9496.0,-2.45
RMP4,2023-04-09,9498.0,-2.47
RMP4,2023-04-09,9500.0,-2.41
RMP4,2023-04-09,9502.0,-2.06
RMP4,2023-04-09,9504.0,-1.98
RMP4,2023-04-09,9506.0,-2.02
RMP4,2023-04-09,9508.0,-1.97
RMP4,2023-04-09,9510.0,-2.08
RMP4,2023-04-09,9512.0,-2.19
RMP4,2023-04-09,9514.0,-2.07
RMP4,2023-04-09,9516.0,-2.23
RMP4,2023-04-09,9518.0,-1.75
RMP4,2023-04-09,9520.0,-2.03
RMP4,2023-04-09,9526.0,-1.79
RMP4,2023-04-09,9528.0,-1.97
RMP4,2023-04-09,9530.0,-1.93
RMP4,2023-04-09,9532.0,-1.97
RMP4,2023-04-09,9534.0,-1.88
RMP4,2023-04-09,9536.0,-1.64
RMP4,2023-04-09,9538.0,-1.69
RMP4,2023-04-09,9540.0,-1.64
RMP4,2023-04-09,9542.0,-1.58
RMP4,2023-04-09,9545.0,-1.54
RMP4,2023-04-09,9547.0,-1.48
RMP4,2023-04-09,9549.0,-1.48
RMP4,2023-04-09,9551.0,-1.53
RMP4,2023-04-09,9553.0,-1.33
RMP4,2023-04-09,9555.0,-1.27
RMP4,2023-04-09,9557.0,-1.63
RMP4,2023-04-09,9559.0,-1.55
RMP4,2023-04-09,9561.0,-1.2
RMP4,2023-04-09,9565.0,-1.25
RMP4,2023-04-09,9567.0,-1.22
RMP4,2023-04-09,9569.0,-1.22
RMP4,2023-04-09,9571.0,-1.22
RMP4,2023-04-09,9573.0,-1.18
RMP4,2023-04-09,9575.0,-1.15
RMP4,2023-04-09,9577.0,-1.13
RMP4,2023-04-09,9579.0,-1.02
RMP4,2023-04-09,9581.0,-0.95
RMP4,2023-04-09,9584.0,-1.02
RMP4,2023-04-09,9586.0,-1.0
RMP4,2023-04-09,9588.0,-0.95
RMP4,2023-04-09,9590.0,-1.06
RMP4,2023-04-09,9592.0,-1.03
RMP4,2023-04-09,9594.0,-1.02
RMP4,2023-04-09,9596.0,-1.0
RMP4,2023-04-09,9598.0,-1.0
RMP4,2023-04-09,9600.0,-0.9
RMP4,2023-04-09,9602.0,-0.89
RMP4,2023-04-09,9605.0,-0.89
RMP4,2023-04-09,9607.0,-0.88
RMP4,2023-04-09,9609.0,-0.89
RMP4,2023-04-09,9611.0,-0.9
RMP4,2023-04-09,9613.0,-0.89
RMP4,2023-04-09,9615.0,-0.89
RMP4,2023-04-09,9617.0,-0.85
RMP4,2023-04-09,9619.0,-0.81
RMP4,2023-04-09,9621.0,-0.92
RMP4,2023-04-09,9625.0,-0.86
RMP4,2023-04-09,9627.0,-0.82
RMP4,2023-04-09,9629.0,-0.76
RMP4,2023-04-09,9631.0,-0.72
RMP4,2023-04-09,9633.0,-0.8
RMP4,2023-04-09,9635.0,-0.81
RMP4,2023-04-09,9637.0,-0.92
RMP4,2023-04-09,9639.0,-0.93
RMP4,2023-04-09,9641.0,-0.93
RMP4,2023-04-09,9645.0,-0.84
RMP4,2023-04-09,9647.0,-0.79
RMP4,2023-04-09,9649.0,-0.76
RMP4,2023-04-09,9651.0,-0.79
RMP4,2023-04-09,9653.0,-0.81
RMP4,2023-04-09,9655.0,-0.85
RMP4,2023-04-09,9657.0,-1.03
RMP4,2023-04-09,9659.0,-1.06
RMP4,2023-04-09,9661.0,-1.09
RMP4,2023-04-09,9666.0,-1.11
RMP4,2023-04-09,9668.0,-0.85
RMP4,2023-04-09,9670.0,-0.88
RMP4,2023-04-09,9672.0,-0.9
RMP4,2023-04-09,9674.0,-1.13
RMP4,2023-04-09,9676.0,-1.12
RMP4,2023-04-09,9678.0,-1.1
RMP4,2023-04-09,9680.0,-1.1
RMP4,2023-04-09,9685.0,-1.07
RMP4,2023-04-09,9687.0,-1.04
RMP4,2023-04-09,9689.0,-1.04
RMP4,2023-04-09,9691.0,-1.08
RMP4,2023-04-09,9693.0,-1.08
RMP4,2023-04-09,9695.0,-0.85
RMP4,2023-04-09,9697.0,-0.83
RMP4,2023-04-09,9699.0,-0.84
RMP4,2023-04-09,9701.0,-0.81
RMP4,2023-04-09,9706.0,-0.81
RMP4,2023-04-09,9708.0,-0.73
RMP4,2023-04-09,9710.0,-0.71
RMP4,2023-04-09,9712.0,-0.73
RMP4,2023-04-09,9714.0,-0.76
RMP4,2023-04-09,9716.0,-0.8
RMP4,2023-04-09,9718.0,-0.89
RMP4,2023-04-09,9720.0,-1.11
RMP4,2023-04-09,9725.0,-0.63
RMP4,2023-04-09,9727.0,-0.59
RMP4,2023-04-09,9729.0,-0.63
RMP4,2023-04-09,9731.0,-0.59
RMP4,2023-04-09,9733.0,-0.68
RMP4,2023-04-09,9735.0,-0.62
RMP4,2023-04-09,9737.0,-0.63
RMP4,2023-04-09,9739.0,-0.63
RMP4,2023-04-09,9745.0,-0.62
RMP4,2023-04-09,9747.0,-0.59
RMP4,2023-04-09,9749.0,-0.57
RMP4,2023-04-09,9751.0,-0.52
RMP4,2023-04-09,9753.0,-0.48
RMP4,2023-04-09,9755.0,-0.43
RMP4,2023-04-09,9757.0,-0.35
RMP4,2023-04-09,9759.0,-0.29
RMP4,2023-04-09,9766.0,-0.23
RMP4,2023-04-09,9768.0,-0.04
RMP4,2023-04-09,9770.0,0.06
RMP4,2023-04-09,9772.0,0.09
RMP4,2023-04-09,9774.0,0.18
RMP4,2023-04-09,9776.0,0.23
RMP4,2023-04-09,9778.0,0.28
RMP4,2023-04-09,9780.0,0.35
RMP4,2023-04-09,9782.0,0.45
RMP4,2023-04-09,9784.0,0.4
RMP4,2023-04-09,9786.0,0.37
RMP4,2023-04-09,9788.0,0.4
RMP4,2023-04-09,9790.0,0.42
RMP4,2023-04-09,9792.0,0.45
RMP4,2023-04-09,9794.0,0.58
RMP4,2023-04-09,9796.0,0.78
RMP4,2023-04-09,9798.0,0.82
RMP4,2023-04-09,9800.0,0.81
RMP4,2023-04-09,9802.0,0.79
RMP4,2023-04-09,9805.0,0.86
RMP4,2023-04-09,9807.0,1.03
RMP4,2023-04-09,9809.0,1.06
RMP4,2023-04-09,9811.0,1.12
RMP4,2023-04-09,9813.0,1.18
RMP4,2023-04-09,9815.0,1.17
RMP4,2023-04-09,9817.0,1.14
RMP4,2023-04-09,9819.0,1.22
RMP4,2023-04-09,9821.0,1.22
RMP4,2023-04-09,9825.0,1.33
RMP4,2023-04-09,9827.0,1.4
RMP4,2023-04-09,9829.0,1.4
RMP4,2023-04-09,9831.0,1.4
RMP4,2023-04-09,9833.0,1.39
RMP4,2023-04-09,9835.0,1.36
RMP4,2023-04-09,9837.0,1.34
RMP4,2023-04-09,9839.0,1.3
RMP4,2023-04-09,9841.0,1.27
RMP4,2023-04-09,9846.0,1.46
RMP4,2023-04-09,9848.0,1.42
RMP4,2023-04-09,9850.0,1.36
RMP4,2023-04-09,9852.0,1.32
RMP4,2023-04-09,9854.0,1.51
RMP4,2023-04-09,9856.0,1.52
RMP4,2023-04-09,9858.0,0.65
RMP4,2023-04-09,9860.0,1.54
RMP4,2023-04-09,9865.0,1.53
RMP4,2023-04-09,9867.0,1.55
RMP4,2023-04-09,9869.0,1.5
RMP4,2023-04-09,9871.0,1.43
RMP4,2023-04-09,9873.0,1.36
RMP4,2023-04-09,9875.0,1.34
RMP4,2023-04-09,9877.0,1.57
RMP4,2023-04-09,9879.0,1.59
RMP4,2023-04-09,9885.0,1.55
RMP4,2023-04-09,9887.0,1.51
RMP4,2023-04-09,9889.0,1.46
RMP4,2023-04-09,9891.0,1.45
RMP4,2023-04-09,9893.0,1.41
RMP4,2023-04-09,9895.0,1.62
RMP4,2023-04-09,9897.0,1.66
RMP4,2023-04-09,9899.0,1.6
RMP4,2023-04-09,9901.0,1.58
RMP4,2023-04-09,9903.0,1.48
RMP4,2023-04-09,9905.0,1.52
RMP4,2023-04-09,9907.0,1.67
RMP4,2023-04-09,9909.0,1.67
RMP4,2023-04-09,9911.0,1.59
RMP4,2023-04-09,9913.0,0.74
RMP4,2023-04-09,9915.0,0.74
RMP4,2023-04-09,9917.0,1.57
RMP4,2023-04-09,9919.0,1.55
RMP4,2023-04-09,9921.0,1.51
RMP4,2023-04-09,9925.0,1.5
RMP4,2023-04-09,9927.0,1.52
RMP4,2023-04-09,9929.0,0.55
RMP4,2023-04-09,9931.0,1.51
RMP4,2023-04-09,9933.0,1.62
RMP4,2023-04-09,9935.0,1.67
RMP4,2023-04-09,9937.0,1.67
RMP4,2023-04-09,9939.0,1.67
RMP4,2023-04-09,9941.0,1.67
RMP4,2023-04-09,9943.0,1.67
RMP4,2023-04-09,9946.0,1.67
RMP4,2023-04-09,9948.0,0.67
RMP4,2023-04-09,9950.0,0.65
RMP4,2023-04-09,9952.0,0.69
RMP4,2023-04-09,9954.0,0.69
RMP4,2023-04-09,9956.0,0.67
RMP4,2023-04-09,9958.0,0.62
RMP4,2023-04-09,9960.0,0.27
RMP4,2023-04-09,9962.0,0.25
RMP4,2023-04-09,9966.0,0.22
RMP4,2023-04-09,9968.0,0.18
RMP4,2023-04-09,9970.0,0.22
RMP4,2023-04-09,9972.0,0.2
RMP4,2023-04-09,9974.0,0.19
RMP4,2023-04-09,9976.0,0.18
RMP4,2023-04-09,9978.0,0.2
RMP4,2023-04-09,9980.0,0.24
RMP4,2023-04-09,9982.0,0.29
RMP4,2023-04-09,9985.0,0.31
RMP4,2023-04-09,9987.0,0.27
RMP4,2023-04-09,9989.0,0.22
RMP4,2023-04-09,9991.0,0.07
RMP4,2023-04-09,9993.0,0.23
RMP4,2023-04-09,9995.0,0.28
RMP4,2023-04-09,9997.0,0.29
RMP4,2023-04-09,9999.0,0.23
RMP4,2023-04-09,10001.0,0.04
RMP4,2023-04-09,10005.0,0.09
RMP4,2023-04-09,10007.0,0.09
RMP4,2023-04-09,10009.0,0.06
RMP4,2023-04-09,10011.0,0.02
RMP4,2023-04-09,10013.0,0.1
RMP4,2023-04-09,10015.0,0.15
RMP4,2023-04-09,10017.0,0.14
RMP4,2023-04-09,10019.0,-0.03
RMP4,2023-04-09,10021.0,0.07
RMP4,2023-04-09,10024.0,0.02
RMP4,2023-04-09,10026.0,-0.11
RMP4,2023-04-09,10028.0,-0.27
RMP4,2023-04-09,10030.0,1.67
RMP4,2023-04-09,10032.0,1.67
RMP4,2023-04-09,10034.0,1.67
RMP4,2023-04-09,10038.0,1.67
RMP4,2023-04-09,10040.0,1.67
RMP4,2023-04-09,10042.0,1.67
RMP4,2023-04-09,10044.0,1.67
RMP4,2023-04-09,10046.0,1.67
RMP4,2023-04-09,10048.0,1.67
RMP4,2023-04-09,10050.0,1.67
RMP4,2023-04-09,10052.0,1.67
RMP4,2023-04-09,10054.0,1.67
RMP4,2023-04-09,10056.0,1.67
RMP4,2023-04-09,10058.0,1.67
RMP4,2023-04-09,10060.0,1.67
RMP4,2023-04-09,10062.0,1.67
RMP4,2023-04-09,10064.0,1.67
RMP4,2023-04-09,10067.0,1.67
RMP4,2023-04-09,10069.0,1.67
RMP4,2023-04-09,10071.0,1.67
RMP4,2023-04-09,10073.0,1.67
RMP4,2023-04-09,10075.0,1.67
RMP4,2023-04-09,10077.0,1.67
RMP4,2023-04-09,10079.0,1.67
RMP4,2023-04-09,10081.0,1.67
RMP4,2023-04-09,10086.0,1.67
RMP4,2023-04-09,10088.0,1.67
RMP4,2023-04-09,10090.0,1.67
RMP4,2023-04-09,10092.0,1.67
RMP4,2023-04-09,10094.0,1.67
RMP4,2023-04-09,10096.0,1.67
RMP4,2023-04-09,10098.0,1.67
RMP4,2023-04-09,10100.0,0.78
RMP4,2023-04-09,10104.0,0.76
RMP4,2023-04-09,10106.0,0.81
RMP4,2023-04-09,10108.0,0.69
RMP4,2023-04-09,10110.0,0.63
RMP4,2023-04-09,10112.0,0.74
RMP4,2023-04-09,10114.0,0.7
RMP4,2023-04-09,10116.0,0.87
RMP4,2023-04-09,10118.0,0.9
RMP4,2023-04-09,10122.0,0.85
RMP4,2023-04-09,10124.0,0.44
RMP4,2023-04-09,10126.0,0.34
RMP4,2023-04-09,10128.0,-0.01
RMP4,2023-04-09,10130.0,0.05
RMP4,2023-04-09,10132.0,0.11
RMP4,2023-04-09,10134.0,0.11
RMP4,2023-04-09,10136.0,-0.12
RMP4,2023-04-09,10140.0,-0.45
RMP4,2023-04-09,10142.0,-0.65
RMP4,2023-04-09,10144.0,-0.73
RMP4,2023-04-09,10146.0,-0.75
RMP4,2023-04-09,10148.0,-0.9
RMP4,2023-04-09,10150.0,-1.15
RMP4,2023-04-09,10152.0,-1.22
RMP4,2023-04-09,10154.0,-1.04
RMP4,2023-04-09,10158.0,-1.58
RMP4,2023-04-09,10160.0,-1.64
RMP4,2023-04-09,10162.0,-1.76
RMP4,2023-04-09,10164.0,-1.83
RMP4,2023-04-09,10166.0,-1.78
RMP4,2023-04-09,10168.0,-1.81
RMP4,2023-04-09,10170.0,-2.11
RMP4,2023-04-09,10172.0,-2.18
RMP4,2023-04-09,10174.0,-2.25
RMP4,2023-04-09,10176.0,-2.25
RMP4,2023-04-09,10179.0,-2.24
RMP4,2023-04-09,10181.0,-2.24
RMP4,2023-04-09,10183.0,-2.25
RMP4,2023-04-09,10185.0,-2.26
RMP4,2023-04-09,10187.0,-2.28
RMP4,2023-04-09,10189.0,-2.35
RMP4,2023-04-09,10191.0,-2.45
RMP4,2023-04-09,10193.0,-2.64
RMP4,2023-04-09,10195.0,-3.11
RMP4,2023-04-09,10197.0,-3.02
RMP4,2023-04-09,10199.0,-3.0
RMP4,2023-04-09,10201.0,-2.94
RMP4,2023-04-09,10203.0,-2.96
RMP4,2023-04-09,10205.0,-3.29
RMP4,2023-04-09,10207.0,-3.57
RMP4,2023-04-09,10209.0,-3.87
RMP4,2023-04-09,10211.0,-4.05
RMP4,2023-04-09,10213.0,-4.16
RMP4,2023-04-09,10215.0,-4.22
RMP4,2023-04-09,10217.0,-4.25
RMP4,2023-04-09,10219.0,-4.49
RMP4,2023-04-09,10221.0,-4.72
RMP4,2023-04-09,10223.0,-5.05
RMP4,2023-04-09,10225.0,-5.4
RMP4,2023-04-09,10227.0,-5.1
RMP4,2023-04-09,10229.0,-5.05
RMP4,2023-04-09,10231.0,-5.49
RMP4,2023-04-09,10233.0,-5.71
RMP4,2023-04-09,10236.0,-6.07
RMP4,2023-04-09,10238.0,-6.56
RMP4,2023-04-09,10240.0,-6.57
RMP4,2023-04-09,10242.0,-7.17
RMP4,2023-04-09,10244.0,-7.34
RMP4,2023-04-09,10246.0,-7.57
RMP4,2023-04-09,10248.0,-7.95
RMP4,2023-04-09,10250.0,-8.25
RMP4,2023-04-09,10252.0,-8.44
RMP4,2023-04-09,10254.0,-8.76
RMP4,2023-04-09,10256.0,-8.56
RMP4,2023-04-09,10258.0,-8.43
RMP4,2023-04-09,10260.0,-8.38
RMP4,2023-04-09,10262.0,-8.35
RMP4,2023-04-09,10264.0,-8.38
RMP4,2023-04-09,10266.0,-8.26
RMP4,2023-04-09,10268.0,-7.99
RMP4,2023-04-09,10270.0,-7.96
RMP4,2023-04-09,10273.0,-7.95
RMP4,2023-04-09,10275.0,-7.77
RMP4,2023-04-09,10277.0,-7.58
RMP4,2023-04-09,10279.0,-7.08
RMP4,2023-04-09,10281.0,-6.96
RMP4,2023-04-09,10283.0,-6.75
RMP4,2023-04-09,10285.0,-6.51
RMP4,2023-04-09,10287.0,-6.13
RMP4,2023-04-09,10289.0,-5.76
RMP4,2023-04-09,10291.0,-5.16
RMP4,2023-04-09,10293.0,-5.01
RMP4,2023-04-09,10295.0,-5.26
RMP4,2023-04-09,10297.0,-4.42
RMP4,2023-04-09,10299.0,-3.96
RMP4,2023-04-09,10301.0,-3.48
RMP4,2023-04-09,10303.0,-2.47
RMP4,2023-04-09,10305.0,-1.82
RMP4,2023-04-09,10307.0,-1.3
RMP4,2023-04-09,10309.0,-0.67
RMP4,2023-04-09,10311.0,-0.57
RMP4,2023-04-09,10313.0,-0.29
RMP4,2023-04-09,10315.0,-0.23
RMP4,2023-04-09,10317.0,-0.36
RMP4,2023-04-09,10319.0,-0.37
RMP4,2023-04-09,10321.0,-0.21
RMP4,2023-04-09,10323.0,-0.22
RMP4,2023-04-09,10325.0,-0.21
RMP4,2023-04-09,10327.0,-0.18
RMP4,2023-04-09,10331.0,-0.17
RMP4,2023-04-09,10333.0,-0.04
RMP4,2023-04-09,10335.0,-0.11
RMP4,2023-04-09,10337.0,-0.28
RMP4,2023-04-09,10339.0,-0.45
RMP4,2023-04-09,10341.0,-0.28
RMP4,2023-04-09,10343.0,0.0
RMP4,2023-04-09,10345.0,0.24
RMP4,2023-04-09,10347.0,0.28
RMP4,2023-04-09,10349.0,0.1
RMP4,2023-04-09,10351.0,0.34
RMP4,2023-04-09,10353.0,0.35
RMP4,2023-04-09,10355.0,0.53
RMP4,2023-04-09,10357.0,0.54
RMP4,2023-04-09,10359.0,0.64
RMP4,2023-04-09,10361.0,0.95
RMP4,2023-04-09,10363.0,1.12
RMP4,2023-04-09,10365.0,1.18
RMP4,2023-04-09,10367.0,1.17
RMP4,2023-04-09,10369.0,1.67
RMP4,2023-04-09,10371.0,1.27
RMP4,2023-04-09,10373.0,1.42
RMP4,2023-04-09,10375.0,1.67
RMP4,2023-04-09,10377.0,1.33
RMP4,2023-04-09,10379.0,1.51
RMP4,2023-04-09,10381.0,1.36
RMP4,2023-04-09,10383.0,1.21
RMP4,2023-04-09,10385.0,1.21
RMP4,2023-04-09,10387.0,1.42
RMP4,2023-04-09,10389.0,0.85
RMP4,2023-04-09,10392.0,0.95
RMP4,2023-04-09,10395.0,1.09
RMP4,2023-04-09,10400.0,1.35
RMP4,2023-04-09,10405.0,1.65
RMP4,2023-04-09,10410.0,1.82
RMP4,2023-04-09,10415.0,1.6
RMP4,2023-04-09,10420.0,1.52
RMP4,2023-04-09,10425.0,1.69
RMP4,2023-04-09,10430.0,1.98
RMP4,2023-04-09,10435.0,2.15
RMP4,2023-04-09,10440.0,2.45
RMP4,2023-04-09,10443.0,3.41
RMP4,2023-04-09,10445.0,4.73
RMP4,2023-04-09,10450.0,5.54
RMP4,2023-04-09,10450.0,5.35
RMP4,2023-04-09,10500.0,5.49
RMP4,2023-04-09,10530.0,5.55
RMP4,2023-04-09,10570.0,5.35
RMP4,2023-04-09,10600.0,5.66
RMP4,2023-04-09,10650.0,5.45
RMP4,2023-04-09,10700.0,5.29
RMP4,2023-04-09,10750.0,5.03
RMP4,2023-04-09,10800.0,5.34
RMP4,2023-04-09,10850.0,5.21
RMP4,2023-04-09,10900.0,5.11
RMP4,2023-04-09,10950.0,4.91
RMP4,2023-04-09,11000.0,4.98
RMP4,2023-04-09,11050.0,4.25
RMP4,2023-04-09,11070.0,4.13
RMP4,2023-04-09,11100.0,4.37
RMP4,2023-04-09,11150.0,4.41
RMP4,2023-04-09,11170.0,5.13
RMP4,2023-04-09,11200.0,4.55
RMP4,2023-04-09,11210.0,5.97
RMP4,2023-04-09,11210.0,6.42
RMP4,2024-02-28,0.0,6.76
RMP4,2024-02-28,0.0,6.55
RMP4,2024-02-28,1.0,6.0
RMP4,2024-02-28,6.0,4.44
RMP4,2024-02-28,10.0,4.16
RMP4,2024-02-28,15.0,4.2
RMP4,2024-02-28,22.0,3.3
RMP4,2024-02-28,30.0,2.7
RMP4,2024-02-28,40.0,3.6
RMP4,2024-02-28,50.0,4.28
RMP4,2024-02-28,55.0,4.84
RMP4,2024-02-28,61.0,5.55
RMP4,2024-02-28,65.0,5.5
RMP4,2024-02-28,70.0,5.5
RMP4,2024-02-28,80.0,4.7
RMP4,2024-02-28,90.0,4.4
RMP4,2024-02-28,100.0,4.28
RMP4,2024-02-28,103.0,4.36
RMP4,2024-02-28,106.0,3.22
RMP4,2024-02-28,110.0,3.0
RMP4,2024-02-28,116.0,2.7
RMP4,2024-02-28,120.0,2.5
RMP4,2024-02-28,126.0,2.4
RMP4,2024-02-28,130.0,2.7
RMP4,2024-02-28,136.0,3.0
RMP4,2024-02-28,144.0,3.16
RMP4,2024-02-28,154.0,3.28
RMP4,2024-02-28,160.0,3.2
RMP4,2024-02-28,166.0,3.36
RMP4,2024-02-28,170.0,3.5
RMP4,2024-02-28,180.0,3.44
RMP4,2024-02-28,190.0,4.3
RMP4,2024-02-28,196.0,4.7
RMP4,2024-02-28,200.0,5.94
RMP4,2024-02-28,230.0,6.1
RMP4,2024-02-28,250.0,5.8
RMP4,2024-02-28,270.0,6.01
RMP4,2024-02-28,300.0,6.16
RMP4,2024-02-28,330.0,6.24
RMP4,2024-02-28,360.0,6.48
RMP4,2024-02-28,370.0,6.42
RMP4,2024-02-28,380.0,6.4
RMP4,2024-02-28,390.0,6.38
RMP4,2024-02-28,400.0,6.36
RMP4,2024-02-28,415.0,6.5
RMP4,2024-02-28,425.0,6.66
RMP4,2024-02-28,430.0,5.2
RMP4,2024-02-28,435.0,3.51
RMP4,2024-02-28,440.0,2.69
RMP4,2024-02-28,445.0,3.19
RMP4,2024-02-28,450.0,2.2
RMP4,2024-02-28,458.0,1.3
RMP4,2024-02-28,460.0,0.42
RMP4,2024-02-28,462.0,0.22
RMP4,2024-02-28,465.0,-0.16
RMP4,2024-02-28,468.0,-0.56
RMP4,2024-02-28,471.0,0.68
RMP4,2024-02-28,474.0,-1.28
RMP4,2024-02-28,476.0,-1.8
RMP4,2024-02-28,478.0,-1.78
RMP4,2024-02-28,480.0,-1.89
RMP4,2024-02-28,483.0,-2.7
RMP4,2024-02-28,486.0,-2.8
RMP4,2024-02-28,489.0,-3.04
RMP4,2024-02-28,492.0,-3.24
RMP4,2024-02-28,495.0,-3.31
RMP4,2024-02-28,498.0,-3.41
RMP4,2024-02-28,501.0,-3.47
RMP4,2024-02-28,504.0,-3.56
RMP4,2024-02-28,507.0,-3.75
RMP4,2024-02-28,510.0,-3.97
RMP4,2024-02-28,513.0,-4.05
RMP4,2024-02-28,516.0,-4.1
RMP4,2024-02-28,519.0,-4.08
RMP4,2024-02-28,522.0,-4.08
RMP4,2024-02-28,525.0,-3.98
RMP4,2024-02-28,528.0,-3.94
RMP4,2024-02-28,531.0,-3.68
RMP4,2024-02-28,534.0,-3.48
RMP4,2024-02-28,537.0,-3.5
RMP4,2024-02-28,540.0,-3.52
RMP4,2024-02-28,543.0,-3.08
RMP4,2024-02-28,546.0,-2.47
RMP4,2024-02-28,549.0,-2.65
RMP4,2024-02-28,552.0,-2.75
RMP4,2024-02-28,555.0,-2.55
RMP4,2024-02-28,558.0,-2.36
RMP4,2024-02-28,561.0,-2.12
RMP4,2024-02-28,564.0,-1.97
RMP4,2024-02-28,567.0,-1.98
RMP4,2024-02-28,570.0,-2.0
RMP4,2024-02-28,573.0,-2.12
RMP4,2024-02-28,576.0,-2.2
RMP4,2024-02-28,579.0,-2.25
RMP4,2024-02-28,582.0,-2.28
RMP4,2024-02-28,585.0,-2.29
RMP4,2024-02-28,588.0,-2.3
RMP4,2024-02-28,591.0,-2.14
RMP4,2024-02-28,594.0,-1.9
RMP4,2024-02-28,597.0,-1.78
RMP4,2024-02-28,600.0,-1.6
RMP4,2024-02-28,603.0,-1.58
RMP4,2024-02-28,606.0,-1.51
RMP4,2024-02-28,609.0,-1.42
RMP4,2024-02-28,612.0,-1.3
RMP4,2024-02-28,615.0,-1.42
RMP4,2024-02-28,618.0,-1.5
RMP4,2024-02-28,621.0,-1.22
RMP4,2024-02-28,624.0,-0.92
RMP4,2024-02-28,627.0,-0.45
RMP4,2024-02-28,630.0,-0.2
RMP4,2024-02-28,633.0,-0.15
RMP4,2024-02-28,636.0,-0.1
RMP4,2024-02-28,639.0,-0.08
RMP4,2024-02-28,642.0,0.0
RMP4,2024-02-28,645.0,0.05
RMP4,2024-02-28,648.0,0.1
RMP4,2024-02-28,651.0,0.18
RMP4,2024-02-28,654.0,0.3
RMP4,2024-02-28,657.0,0.36
RMP4,2024-02-28,660.0,0.6
RMP4,2024-02-28,662.0,1.3
RMP4,2024-02-28,670.0,2.1
RMP4,2024-02-28,680.0,2.88
RMP4,2024-02-28,690.0,2.88
RMP4,2024-02-28,700.0,2.9
RMP4,2024-02-28,710.0,2.76
RMP4,2024-02-28,720.0,1.8
RMP4,2024-02-28,730.0,1.86
RMP4,2024-02-28,740.0,1.74
RMP4,2024-02-28,750.0,1.66
RMP4,2024-02-28,760.0,1.6
RMP4,2024-02-28,769.0,1.3
RMP4,2024-02-28,770.0,0.85
RMP4,2024-02-28,772.0,0.58
RMP4,2024-02-28,774.0,0.42
RMP4,2024-02-28,776.0,0.32
RMP4,2024-02-28,778.0,0.35
RMP4,2024-02-28,780.0,0.35
RMP4,2024-02-28,783.0,0.36
RMP4,2024-02-28,786.0,0.43
RMP4,2024-02-28,787.0,0.43
RMP4,2024-02-28,789.0,0.36
RMP4,2024-02-28,792.0,0.43
RMP4,2024-02-28,795.0,0.38
RMP4,2024-02-28,798.0,0.4
RMP4,2024-02-28,799.0,0.45
RMP4,2024-02-28,802.0,0.4
RMP4,2024-02-28,805.0,0.43
RMP4,2024-02-28,808.0,0.47
RMP4,2024-02-28,811.0,0.42
RMP4,2024-02-28,814.0,0.48
RMP4,2024-02-28,817.0,0.47
RMP4,2024-02-28,820.0,0.51
RMP4,2024-02-28,823.0,0.49
RMP4,2024-02-28,826.0,0.43
RMP4,2024-02-28,829.0,0.54
RMP4,2024-02-28,832.0,0.45
RMP4,2024-02-28,835.0,0.5
RMP4,2024-02-28,838.0,0.49
RMP4,2024-02-28,841.0,0.5
RMP4,2024-02-28,844.0,0.51
RMP4,2024-02-28,847.0,0.56
RMP4,2024-02-28,850.0,0.5
RMP4,2024-02-28,853.0,0.49
RMP4,2024-02-28,856.0,0.5
RMP4,2024-02-28,859.0,0.51
RMP4,2024-02-28,862.0,0.57
RMP4,2024-02-28,865.0,0.58
RMP4,2024-02-28,868.0,0.6
RMP4,2024-02-28,871.0,0.66
RMP4,2024-02-28,874.0,0.66
RMP4,2024-02-28,877.0,0.65
RMP4,2024-02-28,880.0,0.66
RMP4,2024-02-28,883.0,0.66
RMP4,2024-02-28,886.0,0.66
RMP4,2024-02-28,889.0,0.66
RMP4,2024-02-28,892.0,0.61
RMP4,2024-02-28,895.0,0.49
RMP4,2024-02-28,898.0,0.49
RMP4,2024-02-28,901.0,0.44
RMP4,2024-02-28,904.0,0.44
RMP4,2024-02-28,907.0,0.38
RMP4,2024-02-28,910.0,0.3
RMP4,2024-02-28,913.0,0.24
RMP4,2024-02-28,916.0,0.16
RMP4,2024-02-28,919.0,0.09
RMP4,2024-02-28,922.0,0.04
RMP4,2024-02-28,925.0,-0.01
RMP4,2024-02-28,928.0,-0.11
RMP4,2024-02-28,931.0,-0.22
RMP4,2024-02-28,934.0,-0.31
RMP4,2024-02-28,937.0,-0.41
RMP4,2024-02-28,940.0,-0.48
RMP4,2024-02-28,943.0,-0.56
RMP4,2024-02-28,946.0,-0.69
RMP4,2024-02-28,949.0,-0.82
RMP4,2024-02-28,952.0,-1.01
RMP4,2024-02-28,955.0,-1.26
RMP4,2024-02-28,958.0,-1.45
RMP4,2024-02-28,961.0,-1.67
RMP4,2024-02-28,964.0,-1.96
RMP4,2024-02-28,967.0,-2.16
RMP4,2024-02-28,970.0,-2.39
RMP4,2024-02-28,973.0,-2.64
RMP4,2024-02-28,976.0,-2.83
RMP4,2024-02-28,979.0,-3.03
RMP4,2024-02-28,982.0,-3.21
RMP4,2024-02-28,985.0,-3.37
RMP4,2024-02-28,988.0,-3.52
RMP4,2024-02-28,991.0,-3.66
RMP4,2024-02-28,994.0,-3.83
RMP4,2024-02-28,997.0,-3.95
RMP4,2024-02-28,1000.0,-4.03
RMP4,2024-02-28,1003.0,-4.18
RMP4,2024-02-28,1006.0,-4.25
RMP4,2024-02-28,1009.0,-4.33
RMP4,2024-02-28,1012.0,-4.39
RMP4,2024-02-28,1015.0,-4.39
RMP4,2024-02-28,1018.0,-4.43
RMP4,2024-02-28,1021.0,-4.45
RMP4,2024-02-28,1024.0,-4.52
RMP4,2024-02-28,1027.0,-4.57
RMP4,2024-02-28,1030.0,-4.72
RMP4,2024-02-28,1033.0,-4.85
RMP4,2024-02-28,1036.0,-4.72
RMP4,2024-02-28,1039.0,-4.57
RMP4,2024-02-28,1042.0,-4.52
RMP4,2024-02-28,1045.0,-4.45
RMP4,2024-02-28,1048.0,-4.43
RMP4,2024-02-28,1051.0,-4.39
RMP4,2024-02-28,1054.0,-4.39
RMP4,2024-02-28,1057.0,-4.33
RMP4,2024-02-28,1060.0,-4.25
RMP4,2024-02-28,1063.0,-4.18
RMP4,2024-02-28,1066.0,-4.03
RMP4,2024-02-28,1069.0,-3.95
RMP4,2024-02-28,1072.0,-3.83
RMP4,2024-02-28,1075.0,-3.66
RMP4,2024-02-28,1078.0,-3.52
RMP4,2024-02-28,1081.0,-3.37
RMP4,2024-02-28,1084.0,-3.21
RMP4,2024-02-28,1087.0,-3.03
RMP4,2024-02-28,1090.0,-2.83
RMP4,2024-02-28,1093.0,-2.64
RMP4,2024-02-28,1096.0,-2.39
RMP4,2024-02-28,1099.0,-2.16
RMP4,2024-02-28,1102.0,-1.96
RMP4,2024-02-28,1105.0,-1.67
RMP4,2024-02-28,1108.0,-1.45
RMP4,2024-02-28,1111.0,-1.26
RMP4,2024-02-28,1114.0,-1.28
RMP4,2024-02-28,1117.0,-1.21
RMP4,2024-02-28,1120.0,-1.18
RMP4,2024-02-28,1123.0,-1.12
RMP4,2024-02-28,1126.0,-1.02
RMP4,2024-02-28,1129.0,-0.92
RMP4,2024-02-28,1132.0,-0.91
RMP4,2024-02-28,1135.0,-0.87
RMP4,2024-02-28,1138.0,-0.81
RMP4,2024-02-28,1141.0,-0.73
RMP4,2024-02-28,1144.0,-0.64
RMP4,2024-02-28,1147.0,-0.58
RMP4,2024-02-28,1150.0,-0.51
RMP4,2024-02-28,1153.0,-0.48
RMP4,2024-02-28,1156.0,-0.48
RMP4,2024-02-28,1159.0,-0.41
RMP4,2024-02-28,1162.0,-0.31
RMP4,2024-02-28,1165.0,-0.22
RMP4,2024-02-28,1168.0,-0.11
RMP4,2024-02-28,1171.0,-0.01
RMP4,2024-02-28,1174.0,0.04
RMP4,2024-02-28,1177.0,0.09
RMP4,2024-02-28,1180.0,0.16
RMP4,2024-02-28,1183.0,0.24
RMP4,2024-02-28,1186.0,0.3
RMP4,2024-02-28,1189.0,0.38
RMP4,2024-02-28,1192.0,0.44
RMP4,2024-02-28,1195.0,0.66
RMP4,2024-02-28,1198.0,0.6
RMP4,2024-02-28,1201.0,0.58
RMP4,2024-02-28,1204.0,0.57
RMP4,2024-02-28,1207.0,0.51
RMP4,2024-02-28,1210.0,0.5
RMP4,2024-02-28,1213.0,0.49
RMP4,2024-02-28,1216.0,0.5
RMP4,2024-02-28,1219.0,0.56
RMP4,2024-02-28,1222.0,0.69
RMP4,2024-02-28,1225.0,0.75
RMP4,2024-02-28,1228.0,0.82
RMP4,2024-02-28,1231.0,0.78
RMP4,2024-02-28,1234.0,0.82
RMP4,2024-02-28,1236.0,0.87
RMP4,2024-02-28,1238.0,0.85
RMP4,2024-02-28,1240.0,1.3
RMP4,2024-02-28,1250.0,2.25
RMP4,2024-02-28,1280.0,2.27
RMP4,2024-02-28,1300.0,2.51
RMP4,2024-02-28,1320.0,2.6
RMP4,2024-02-28,1350.0,2.67
RMP4,2024-02-28,1370.0,2.8
RMP4,2024-02-28,1400.0,2.97
RMP4,2024-02-28,1430.0,3.1
RMP4,2024-02-28,1450.0,3.23
RMP4,2024-02-28,1470.0,3.3
RMP4,2024-02-28,1500.0,3.16
RMP4,2024-02-28,1530.0,3.1
RMP4,2024-02-28,1550.0,3.06
RMP4,2024-02-28,1570.0,3.0
RMP4,2024-02-28,1600.0,2.46
RMP4,2024-02-28,1630.0,2.5
RMP4,2024-02-28,1660.0,2.04
RMP4,2024-02-28,1680.0,1.94
RMP4,2024-02-28,1700.0,1.7
RMP4,2024-02-28,1730.0,1.55
RMP4,2024-02-28,1760.0,1.44
RMP4,2024-02-28,1780.0,1.42
RMP4,2024-02-28,1790.0,1.31
RMP4,2024-02-28,1791.0,0.93
RMP4,2024-02-28,1793.0,0.91
RMP4,2024-02-28,1796.0,0.87
RMP4,2024-02-28,1799.0,0.81
RMP4,2024-02-28,1802.0,0.76
RMP4,2024-02-28,1805.0,0.77
RMP4,2024-02-28,1808.0,0.83
RMP4,2024-02-28,1811.0,0.87
RMP4,2024-02-28,1814.0,0.91
RMP4,2024-02-28,1817.0,0.81
RMP4,2024-02-28,1820.0,0.75
RMP4,2024-02-28,1823.0,0.71
RMP4,2024-02-28,1826.0,0.66
RMP4,2024-02-28,1829.0,0.65
RMP4,2024-02-28,1832.0,0.63
RMP4,2024-02-28,1835.0,0.61
RMP4,2024-02-28,1838.0,0.61
RMP4,2024-02-28,1841.0,0.51
RMP4,2024-02-28,1844.0,0.46
RMP4,2024-02-28,1847.0,0.43
RMP4,2024-02-28,1850.0,0.41
RMP4,2024-02-28,1853.0,0.37
RMP4,2024-02-28,1856.0,0.33
RMP4,2024-02-28,1859.0,0.41
RMP4,2024-02-28,1862.0,0.31
RMP4,2024-02-28,1865.0,0.31
RMP4,2024-02-28,1868.0,0.31
RMP4,2024-02-28,1871.0,0.37
RMP4,2024-02-28,1874.0,0.41
RMP4,2024-02-28,1877.0,0.36
RMP4,2024-02-28,1880.8,0.48
RMP4,2024-02-28,1881.3,0.47
RMP4,2024-02-28,1881.7,0.49
RMP4,2024-02-28,1882.1,0.49
RMP4,2024-02-28,1882.5,0.47
RMP4,2024-02-28,1883.0,0.49
RMP4,2024-02-28,1883.4,0.47
RMP4,2024-02-28,1883.8,0.48
RMP4,2024-02-28,1884.3,0.5
RMP4,2024-02-28,1884.7,0.47
RMP4,2024-02-28,1885.2,0.47
RMP4,2024-02-28,1885.6,0.45
RMP4,2024-02-28,1886.0,0.45
RMP4,2024-02-28,1886.4,0.44
RMP4,2024-02-28,1886.9,0.41
RMP4,2024-02-28,1887.3,0.41
RMP4,2024-02-28,1887.7,0.4
RMP4,2024-02-28,1888.1,0.31
RMP4,2024-02-28,1888.6,0.28
RMP4,2024-02-28,1889.0,0.19
RMP4,2024-02-28,1889.5,0.24
RMP4,2024-02-28,1890.0,0.23
RMP4,2024-02-28,1890.6,0.29
RMP4,2024-02-28,1891.2,0.31
RMP4,2024-02-28,1891.8,0.37
RMP4,2024-02-28,1892.5,0.37
RMP4,2024-02-28,1893.3,0.36
RMP4,2024-02-28,1894.1,0.38
RMP4,2024-02-28,1895.0,0.33
RMP4,2024-02-28,1896.0,0.39
RMP4,2024-02-28,1897.1,0.37
RMP4,2024-02-28,1898.2,0.37
RMP4,2024-02-28,1899.4,0.32
RMP4,2024-02-28,1900.7,0.33
RMP4,2024-02-28,1901.9,0.36
RMP4,2024-02-28,1903.3,0.32
RMP4,2024-02-28,1904.7,0.19
RMP4,2024-02-28,1906.1,0.12
RMP4,2024-02-28,1907.6,0.04
RMP4,2024-02-28,1909.2,0.09
RMP4,2024-02-28,1910.8,-0.01
RMP4,2024-02-28,1912.4,-0.03
RMP4,2024-02-28,1914.1,-0.05
RMP4,2024-02-28,1915.9,-0.05
RMP4,2024-02-28,1917.7,-0.1
RMP4,2024-02-28,1919.5,-0.08
RMP4,2024-02-28,1921.4,-0.16
RMP4,2024-02-28,1923.4,-0.14
RMP4,2024-02-28,1925.4,-0.13
RMP4,2024-02-28,1927.4,-0.01
RMP4,2024-02-28,1929.5,-0.08
RMP4,2024-02-28,1931.8,-0.32
RMP4,2024-02-28,1934.0,-0.37
RMP4,2024-02-28,1936.2,-0.39
RMP4,2024-02-28,1938.5,-0.42
RMP4,2024-02-28,1940.8,-0.5
RMP4,2024-02-28,1943.1,-0.52
RMP4,2024-02-28,1945.5,-0.54
RMP4,2024-02-28,1947.9,-0.46
RMP4,2024-02-28,1950.4,-0.5
RMP4,2024-02-28,1952.9,-0.54
RMP4,2024-02-28,1955.4,-0.5
RMP4,2024-02-28,1958.0,-0.61
RMP4,2024-02-28,1960.5,-0.64
RMP4,2024-02-28,1962.6,-0.7
RMP4,2024-02-28,1964.7,-0.89
RMP4,2024-02-28,1966.9,-1.13
RMP4,2024-02-28,1969.1,-0.96
RMP4,2024-02-28,1971.2,-1.0
RMP4,2024-02-28,1973.4,-1.06
RMP4,2024-02-28,1975.7,-1.04
RMP4,2024-02-28,1977.9,-1.11
RMP4,2024-02-28,1980.1,-1.25
RMP4,2024-02-28,1982.4,-1.26
RMP4,2024-02-28,1984.6,-1.36
RMP4,2024-02-28,1986.9,-1.52
RMP4,2024-02-28,1989.2,-1.66
RMP4,2024-02-28,1991.5,-1.6
RMP4,2024-02-28,1993.8,-1.38
RMP4,2024-02-28,1996.1,-1.43
RMP4,2024-02-28,1998.4,-1.41
RMP4,2024-02-28,2000.7,-1.45
RMP4,2024-02-28,2003.1,-1.52
RMP4,2024-02-28,2005.4,-1.57
RMP4,2024-02-28,2007.7,-1.69
RMP4,2024-02-28,2010.1,-1.76
RMP4,2024-02-28,2012.4,-1.81
RMP4,2024-02-28,2014.8,-1.78
RMP4,2024-02-28,2017.1,-1.75
RMP4,2024-02-28,2019.4,-1.75
RMP4,2024-02-28,2021.8,-1.77
RMP4,2024-02-28,2024.1,-1.89
RMP4,2024-02-28,2026.5,-2.04
RMP4,2024-02-28,2028.9,-2.04
RMP4,2024-02-28,2031.3,-2.07
RMP4,2024-02-28,2033.6,-2.28
RMP4,2024-02-28,2036.0,-2.32
RMP4,2024-02-28,2038.4,-2.25
RMP4,2024-02-28,2040.8,-2.21
RMP4,2024-02-28,2043.1,-2.16
RMP4,2024-02-28,2045.5,-2.29
RMP4,2024-02-28,2047.9,-2.4
RMP4,2024-02-28,2050.3,-2.42
RMP4,2024-02-28,2052.6,-2.48
RMP4,2024-02-28,2054.6,-2.5
RMP4,2024-02-28,2056.6,-2.5
RMP4,2024-02-28,2058.6,-2.53
RMP4,2024-02-28,2060.6,-2.49
RMP4,2024-02-28,2062.6,-2.6
RMP4,2024-02-28,2064.6,-2.65
RMP4,2024-02-28,2066.6,-2.59
RMP4,2024-02-28,2068.5,-2.6
RMP4,2024-02-28,2070.5,-2.62
RMP4,2024-02-28,2072.5,-2.58
RMP4,2024-02-28,2074.5,-2.59
RMP4,2024-02-28,2076.5,-2.67
RMP4,2024-02-28,2078.4,-2.68
RMP4,2024-02-28,2080.4,-2.74
RMP4,2024-02-28,2082.4,-2.83
RMP4,2024-02-28,2084.4,-2.91
RMP4,2024-02-28,2086.3,-2.92
RMP4,2024-02-28,2088.3,-2.85
RMP4,2024-02-28,2090.3,-2.8
RMP4,2024-02-28,2092.2,-2.83
RMP4,2024-02-28,2094.2,-2.76
RMP4,2024-02-28,2096.1,-2.77
RMP4,2024-02-28,2098.1,-2.82
RMP4,2024-02-28,2100.1,-2.83
RMP4,2024-02-28,2102.0,-2.69
RMP4,2024-02-28,2104.0,-2.62
RMP4,2024-02-28,2105.9,-2.55
RMP4,2024-02-28,2107.9,-2.46
RMP4,2024-02-28,2109.8,-2.35
RMP4,2024-02-28,2111.8,-2.35
RMP4,2024-02-28,2113.8,-2.35
RMP4,2024-02-28,2115.7,-2.38
RMP4,2024-02-28,2117.7,-2.37
RMP4,2024-02-28,2119.7,-2.34
RMP4,2024-02-28,2121.6,-2.33
RMP4,2024-02-28,2123.6,-2.35
RMP4,2024-02-28,2125.6,-2.33
RMP4,2024-02-28,2127.6,-2.37
RMP4,2024-02-28,2129.6,-2.62
RMP4,2024-02-28,2131.6,-2.55
RMP4,2024-02-28,2133.6,-2.58
RMP4,2024-02-28,2135.7,-2.62
RMP4,2024-02-28,2137.7,-2.53
RMP4,2024-02-28,2139.7,-2.17
RMP4,2024-02-28,2141.7,-2.2
RMP4,2024-02-28,2143.7,-2.23
RMP4,2024-02-28,2145.7,-2.28
RMP4,2024-02-28,2147.8,-2.22
RMP4,2024-02-28,2149.8,-2.16
RMP4,2024-02-28,2151.8,-2.14
RMP4,2024-02-28,2153.8,-2.14
RMP4,2024-02-28,2155.9,-2.17
RMP4,2024-02-28,2157.9,-2.23
RMP4,2024-02-28,2159.9,-2.26
RMP4,2024-02-28,2162.0,-2.37
RMP4,2024-02-28,2164.0,-2.56
RMP4,2024-02-28,2166.0,-2.61
RMP4,2024-02-28,2168.3,-2.5
RMP4,2024-02-28,2170.3,-2.41
RMP4,2024-02-28,2172.4,-2.43
RMP4,2024-02-28,2174.4,-2.26
RMP4,2024-02-28,2176.5,-2.12
RMP4,2024-02-28,2178.5,-2.03
RMP4,2024-02-28,2180.6,-1.98
RMP4,2024-02-28,2182.6,-1.98
RMP4,2024-02-28,2184.7,-2.02
RMP4,2024-02-28,2186.8,-2.01
RMP4,2024-02-28,2188.8,-2.12
RMP4,2024-02-28,2190.9,-2.41
RMP4,2024-02-28,2192.9,-2.42
RMP4,2024-02-28,2195.0,-2.32
RMP4,2024-02-28,2197.0,-2.32
RMP4,2024-02-28,2199.1,-2.34
RMP4,2024-02-28,2201.1,-2.32
RMP4,2024-02-28,2203.2,-2.4
RMP4,2024-02-28,2205.3,-2.35
RMP4,2024-02-28,2207.3,-2.34
RMP4,2024-02-28,2209.4,-2.3
RMP4,2024-02-28,2211.4,-2.23
RMP4,2024-02-28,2213.5,-2.21
RMP4,2024-02-28,2215.5,-2.08
RMP4,2024-02-28,2217.6,-2.07
RMP4,2024-02-28,2219.6,-2.06
RMP4,2024-02-28,2221.7,-2.06
RMP4,2024-02-28,2223.7,-2.19
RMP4,2024-02-28,2225.8,-2.61
RMP4,2024-02-28,2227.8,-2.67
RMP4,2024-02-28,2229.9,-2.71
RMP4,2024-02-28,2231.9,-2.57
RMP4,2024-02-28,2234.0,-2.55
RMP4,2024-02-28,2236.0,-2.43
RMP4,2024-02-28,2238.1,-1.99
RMP4,2024-02-28,2240.1,-2.26
RMP4,2024-02-28,2242.2,-2.14
RMP4,2024-02-28,2244.2,-2.37
RMP4,2024-02-28,2246.3,-1.87
RMP4,2024-02-28,2248.3,-1.85
RMP4,2024-02-28,2250.3,-1.88
RMP4,2024-02-28,2252.4,-1.86
RMP4,2024-02-28,2254.4,-1.9
RMP4,2024-02-28,2256.5,-1.89
RMP4,2024-02-28,2258.5,-1.92
RMP4,2024-02-28,2260.6,-2.04
RMP4,2024-02-28,2262.6,-2.01
RMP4,2024-02-28,2264.7,-2.06
RMP4,2024-02-28,2266.7,-2.12
RMP4,2024-02-28,2268.8,-2.06
RMP4,2024-02-28,2270.8,-2.11
RMP4,2024-02-28,2272.8,-2.07
RMP4,2024-02-28,2274.9,-1.89
RMP4,2024-02-28,2276.9,-1.7
RMP4,2024-02-28,2278.9,-1.76
RMP4,2024-02-28,2280.9,-1.98
RMP4,2024-02-28,2283.0,-2.25
RMP4,2024-02-28,2285.0,-2.33
RMP4,2024-02-28,2287.0,-2.25
RMP4,2024-02-28,2289.1,-2.29
RMP4,2024-02-28,2291.1,-2.32
RMP4,2024-02-28,2293.1,-2.21
RMP4,2024-02-28,2295.1,-2.2
RMP4,2024-02-28,2297.2,-2.1
RMP4,2024-02-28,2299.2,-1.99
RMP4,2024-02-28,2301.2,-2.03
RMP4,2024-02-28,2303.2,-2.14
RMP4,2024-02-28,2305.3,-2.01
RMP4,2024-02-28,2307.3,-1.99
RMP4,2024-02-28,2309.3,-2.07
RMP4,2024-02-28,2311.4,-2.03
RMP4,2024-02-28,2313.4,-2.06
RMP4,2024-02-28,2315.4,-2.05
RMP4,2024-02-28,2317.5,-2.08
RMP4,2024-02-28,2319.5,-2.12
RMP4,2024-02-28,2321.6,-2.05
RMP4,2024-02-28,2323.6,-1.88
RMP4,2024-02-28,2325.6,-1.84
RMP4,2024-02-28,2327.7,-1.83
RMP4,2024-02-28,2329.7,-1.88
RMP4,2024-02-28,2331.7,-1.99
RMP4,2024-02-28,2333.8,-1.9
RMP4,2024-02-28,2335.8,-1.9
RMP4,2024-02-28,2337.9,-2.37
RMP4,2024-02-28,2339.9,-2.03
RMP4,2024-02-28,2342.0,-2.07
RMP4,2024-02-28,2344.0,-2.07
RMP4,2024-02-28,2346.1,-2.1
RMP4,2024-02-28,2348.1,-2.06
RMP4,2024-02-28,2350.2,-2.05
RMP4,2024-02-28,2352.2,-2.03
RMP4,2024-02-28,2354.3,-2.04
RMP4,2024-02-28,2356.3,-2.06
RMP4,2024-02-28,2358.4,-2.1
RMP4,2024-02-28,2360.4,-2.31
RMP4,2024-02-28,2362.5,-2.3
RMP4,2024-02-28,2364.5,-2.48
RMP4,2024-02-28,2366.6,-2.78
RMP4,2024-02-28,2368.6,-2.85
RMP4,2024-02-28,2370.7,-2.51
RMP4,2024-02-28,2372.7,-2.4
RMP4,2024-02-28,2374.8,-2.46
RMP4,2024-02-28,2376.8,-2.46
RMP4,2024-02-28,2378.9,-2.47
RMP4,2024-02-28,2380.9,-2.59
RMP4,2024-02-28,2383.0,-2.64
RMP4,2024-02-28,2385.0,-2.98
RMP4,2024-02-28,2387.1,-2.74
RMP4,2024-02-28,2389.1,-2.67
RMP4,2024-02-28,2391.1,-2.75
RMP4,2024-02-28,2393.2,-2.77
RMP4,2024-02-28,2395.2,-2.78
RMP4,2024-02-28,2397.2,-2.79
RMP4,2024-02-28,2399.3,-2.85
RMP4,2024-02-28,2401.3,-2.26
RMP4,2024-02-28,2403.3,-2.48
RMP4,2024-02-28,2405.3,-2.7
RMP4,2024-02-28,2407.4,-2.88
RMP4,2024-02-28,2409.4,-2.95
RMP4,2024-02-28,2411.5,-2.92
RMP4,2024-02-28,2413.5,-2.53
RMP4,2024-02-28,2415.5,-2.57
RMP4,2024-02-28,2417.6,-3.05
RMP4,2024-02-28,2419.6,-2.64
RMP4,2024-02-28,2421.7,-2.57
RMP4,2024-02-28,2423.7,-2.67
RMP4,2024-02-28,2425.8,-2.71
RMP4,2024-02-28,2427.8,-2.66
RMP4,2024-02-28,2429.9,-2.61
RMP4,2024-02-28,2431.9,-3.13
RMP4,2024-02-28,2434.0,-3.2
RMP4,2024-02-28,2436.4,-2.62
RMP4,2024-02-28,2438.5,-2.56
RMP4,2024-02-28,2440.6,-2.62
RMP4,2024-02-28,2442.7,-2.73
RMP4,2024-02-28,2444.7,-2.69
RMP4,2024-02-28,2446.8,-2.67
RMP4,2024-02-28,2448.8,-2.62
RMP4,2024-02-28,2450.9,-2.6
RMP4,2024-02-28,2452.9,-2.62
RMP4,2024-02-28,2455.0,-2.69
RMP4,2024-02-28,2457.0,-2.85
RMP4,2024-02-28,2459.1,-2.92
RMP4,2024-02-28,2461.2,-3.24
RMP4,2024-02-28,2463.2,-3.27
RMP4,2024-02-28,2465.3,-3.07
RMP4,2024-02-28,2467.3,-3.39
RMP4,2024-02-28,2469.4,-3.56
RMP4,2024-02-28,2471.4,-3.56
RMP4,2024-02-28,2473.5,-3.46
RMP4,2024-02-28,2475.6,-3.39
RMP4,2024-02-28,2477.6,-3.31
RMP4,2024-02-28,2479.6,-3.51
RMP4,2024-02-28,2481.7,-3.57
RMP4,2024-02-28,2483.8,-3.87
RMP4,2024-02-28,2485.8,-3.58
RMP4,2024-02-28,2487.8,-3.42
RMP4,2024-02-28,2489.9,-3.33
RMP4,2024-02-28,2491.9,-3.45
RMP4,2024-02-28,2494.0,-3.55
RMP4,2024-02-28,2496.0,-3.72
RMP4,2024-02-28,2498.1,-3.69
RMP4,2024-02-28,2500.1,-3.64
RMP4,2024-02-28,2502.2,-3.59
RMP4,2024-02-28,2504.2,-3.6
RMP4,2024-02-28,2506.2,-3.82
RMP4,2024-02-28,2508.3,-4.0
RMP4,2024-02-28,2510.3,-3.92
RMP4,2024-02-28,2512.4,-3.88
RMP4,2024-02-28,2514.4,-3.91
RMP4,2024-02-28,2516.5,-3.92
RMP4,2024-02-28,2518.5,-3.49
RMP4,2024-02-28,2520.6,-3.41
RMP4,2024-02-28,2522.6,-3.42
RMP4,2024-02-28,2524.6,-3.38
RMP4,2024-02-28,2526.7,-3.3
RMP4,2024-02-28,2528.7,-3.42
RMP4,2024-02-28,2530.8,-3.51
RMP4,2024-02-28,2532.9,-3.57
RMP4,2024-02-28,2534.9,-3.67
RMP4,2024-02-28,2536.9,-3.67
RMP4,2024-02-28,2539.0,-3.68
RMP4,2024-02-28,2541.0,-3.68
RMP4,2024-02-28,2543.1,-3.68
RMP4,2024-02-28,2545.1,-3.78
RMP4,2024-02-28,2547.2,-3.86
RMP4,2024-02-28,2549.3,-3.75
RMP4,2024-02-28,2551.3,-3.75
RMP4,2024-02-28,2553.4,-3.8
RMP4,2024-02-28,2555.4,-3.84
RMP4,2024-02-28,2557.5,-3.77
RMP4,2024-02-28,2559.5,-3.88
RMP4,2024-02-28,2561.6,-3.84
RMP4,2024-02-28,2563.7,-3.78
RMP4,2024-02-28,2565.7,-4.07
RMP4,2024-02-28,2567.8,-4.43
RMP4,2024-02-28,2569.9,-4.2
RMP4,2024-02-28,2571.9,-4.14
RMP4,2024-02-28,2574.0,-4.19
RMP4,2024-02-28,2576.1,-4.1
RMP4,2024-02-28,2578.1,-4.03
RMP4,2024-02-28,2580.2,-4.05
RMP4,2024-02-28,2582.3,-3.95
RMP4,2024-02-28,2584.4,-4.04
RMP4,2024-02-28,2586.4,-4.27
RMP4,2024-02-28,2588.5,-4.43
RMP4,2024-02-28,2590.6,-4.27
RMP4,2024-02-28,2592.7,-4.2
RMP4,2024-02-28,2594.8,-4.64
RMP4,2024-02-28,2596.8,-4.82
RMP4,2024-02-28,2598.9,-4.27
RMP4,2024-02-28,2601.0,-4.37
RMP4,2024-02-28,2603.1,-4.33
RMP4,2024-02-28,2605.2,-4.56
RMP4,2024-02-28,2607.2,-4.78
RMP4,2024-02-28,2609.3,-4.77
RMP4,2024-02-28,2611.4,-4.82
RMP4,2024-02-28,2613.4,-4.45
RMP4,2024-02-28,2615.5,-4.33
RMP4,2024-02-28,2617.6,-4.2
RMP4,2024-02-28,2619.6,-4.22
RMP4,2024-02-28,2621.7,-4.49
RMP4,2024-02-28,2623.7,-4.66
RMP4,2024-02-28,2625.8,-4.54
RMP4,2024-02-28,2627.9,-4.65
RMP4,2024-02-28,2629.9,-4.59
RMP4,2024-02-28,2632.0,-4.69
RMP4,2024-02-28,2634.0,-4.74
RMP4,2024-02-28,2636.1,-4.94
RMP4,2024-02-28,2638.1,-5.41
RMP4,2024-02-28,2640.2,-5.05
RMP4,2024-02-28,2642.3,-4.95
RMP4,2024-02-28,2644.3,-4.95
RMP4,2024-02-28,2646.4,-4.95
RMP4,2024-02-28,2648.4,-4.86
RMP4,2024-02-28,2650.5,-4.75
RMP4,2024-02-28,2652.6,-4.7
RMP4,2024-02-28,2654.6,-4.74
RMP4,2024-02-28,2656.7,-4.76
RMP4,2024-02-28,2658.7,-4.76
RMP4,2024-02-28,2660.8,-4.78
RMP4,2024-02-28,2662.8,-4.83
RMP4,2024-02-28,2664.8,-4.92
RMP4,2024-02-28,2666.9,-4.97
RMP4,2024-02-28,2668.9,-5.02
RMP4,2024-02-28,2670.9,-5.15
RMP4,2024-02-28,2673.0,-5.2
RMP4,2024-02-28,2675.0,-5.2
RMP4,2024-02-28,2677.1,-5.11
RMP4,2024-02-28,2679.1,-4.95
RMP4,2024-02-28,2681.1,-5.0
RMP4,2024-02-28,2683.2,-5.35
RMP4,2024-02-28,2685.2,-5.5
RMP4,2024-02-28,2687.3,-5.6
RMP4,2024-02-28,2689.3,-5.51
RMP4,2024-02-28,2691.3,-5.56
RMP4,2024-02-28,2693.4,-5.63
RMP4,2024-02-28,2695.4,-5.65
RMP4,2024-02-28,2697.5,-5.67
RMP4,2024-02-28,2699.5,-5.76
RMP4,2024-02-28,2701.6,-5.78
RMP4,2024-02-28,2703.6,-5.59
RMP4,2024-02-28,2705.6,-5.48
RMP4,2024-02-28,2707.7,-5.96
RMP4,2024-02-28,2709.7,-5.99
RMP4,2024-02-28,2711.8,-5.96
RMP4,2024-02-28,2713.8,-6.26
RMP4,2024-02-28,2715.9,-6.73
RMP4,2024-02-28,2717.9,-7.3
RMP4,2024-02-28,2720.0,-7.3
RMP4,2024-02-28,2722.0,-7.31
RMP4,2024-02-28,2724.1,-8.12
RMP4,2024-02-28,2726.1,-8.24
RMP4,2024-02-28,2728.2,-8.19
RMP4,2024-02-28,2730.2,-7.47
RMP4,2024-02-28,2732.3,-6.8
RMP4,2024-02-28,2734.4,-6.58
RMP4,2024-02-28,2736.6,-5.8
RMP4,2024-02-28,2738.7,-5.91
RMP4,2024-02-28,2740.8,-6.05
RMP4,2024-02-28,2742.8,-5.98
RMP4,2024-02-28,2744.9,-5.94
RMP4,2024-02-28,2747.0,-5.99
RMP4,2024-02-28,2749.1,-5.78
RMP4,2024-02-28,2751.1,-5.54
RMP4,2024-02-28,2753.2,-5.44
RMP4,2024-02-28,2755.3,-5.39
RMP4,2024-02-28,2757.4,-5.4
RMP4,2024-02-28,2759.4,-5.55
RMP4,2024-02-28,2761.5,-5.95
RMP4,2024-02-28,2763.6,-6.2
RMP4,2024-02-28,2765.6,-6.39
RMP4,2024-02-28,2767.7,-6.67
RMP4,2024-02-28,2769.8,-7.08
RMP4,2024-02-28,2771.8,-7.84
RMP4,2024-02-28,2773.9,-8.51
RMP4,2024-02-28,2776.0,-8.47
RMP4,2024-02-28,2778.0,-7.9
RMP4,2024-02-28,2780.1,-7.45
RMP4,2024-02-28,2782.2,-6.98
RMP4,2024-02-28,2784.3,-6.65
RMP4,2024-02-28,2786.3,-6.57
RMP4,2024-02-28,2788.4,-7.04
RMP4,2024-02-28,2790.5,-7.67
RMP4,2024-02-28,2792.6,-8.29
RMP4,2024-02-28,2794.6,-8.73
RMP4,2024-02-28,2796.7,-8.51
RMP4,2024-02-28,2798.8,-8.64
RMP4,2024-02-28,2800.9,-7.53
RMP4,2024-02-28,2803.0,-6.76
RMP4,2024-02-28,2805.1,-6.89
RMP4,2024-02-28,2807.1,-6.41
RMP4,2024-02-28,2809.2,-5.41
RMP4,2024-02-28,2811.3,-5.2
RMP4,2024-02-28,2813.4,-4.99
RMP4,2024-02-28,2815.5,-5.14
RMP4,2024-02-28,2817.6,-5.65
RMP4,2024-02-28,2819.7,-6.34
RMP4,2024-02-28,2821.7,-6.31
RMP4,2024-02-28,2823.8,-6.35
RMP4,2024-02-28,2825.9,-6.12
RMP4,2024-02-28,2828.0,-5.24
RMP4,2024-02-28,2830.1,-5.12
RMP4,2024-02-28,2832.2,-5.01
RMP4,2024-02-28,2834.3,-5.09
RMP4,2024-02-28,2836.4,-5.12
RMP4,2024-02-28,2838.5,-4.81
RMP4,2024-02-28,2840.6,-4.55
RMP4,2024-02-28,2842.6,-4.51
RMP4,2024-02-28,2844.7,-4.57
RMP4,2024-02-28,2846.8,-4.61
RMP4,2024-02-28,2848.9,-4.65
RMP4,2024-02-28,2851.0,-4.68
RMP4,2024-02-28,2853.1,-4.97
RMP4,2024-02-28,2855.2,-4.67
RMP4,2024-02-28,2857.3,-4.86
RMP4,2024-02-28,2859.4,-4.99
RMP4,2024-02-28,2861.4,-5.02
RMP4,2024-02-28,2863.5,-4.95
RMP4,2024-02-28,2865.6,-4.9
RMP4,2024-02-28,2867.7,-4.74
RMP4,2024-02-28,2869.8,-4.63
RMP4,2024-02-28,2871.9,-4.61
RMP4,2024-02-28,2874.1,-4.61
RMP4,2024-02-28,2876.2,-5.04
RMP4,2024-02-28,2878.3,-4.7
RMP4,2024-02-28,2880.4,-4.83
RMP4,2024-02-28,2882.4,-4.81
RMP4,2024-02-28,2884.5,-4.84
RMP4,2024-02-28,2886.6,-5.14
RMP4,2024-02-28,2888.7,-5.46
RMP4,2024-02-28,2890.8,-5.46
RMP4,2024-02-28,2892.9,-5.14
RMP4,2024-02-28,2895.0,-4.97
RMP4,2024-02-28,2897.1,-5.48
RMP4,2024-02-28,2899.2,-6.43
RMP4,2024-02-28,2901.3,-6.7
RMP4,2024-02-28,2904.0,-5.03
RMP4,2024-02-28,2906.1,-5.08
RMP4,2024-02-28,2908.2,-4.94
RMP4,2024-02-28,2910.3,-4.29
RMP4,2024-02-28,2912.4,-4.48
RMP4,2024-02-28,2914.5,-4.41
RMP4,2024-02-28,2916.7,-4.46
RMP4,2024-02-28,2918.8,-4.47
RMP4,2024-02-28,2920.9,-4.42
RMP4,2024-02-28,2923.0,-4.63
RMP4,2024-02-28,2925.1,-4.68
RMP4,2024-02-28,2927.3,-4.64
RMP4,2024-02-28,2929.4,-5.21
RMP4,2024-02-28,2931.5,-4.87
RMP4,2024-02-28,2933.6,-4.52
RMP4,2024-02-28,2935.7,-4.6
RMP4,2024-02-28,2937.9,-5.13
RMP4,2024-02-28,2940.2,-6.32
RMP4,2024-02-28,2942.3,-7.25
RMP4,2024-02-28,2944.4,-7.8
RMP4,2024-02-28,2946.5,-7.94
RMP4,2024-02-28,2948.6,-8.19
RMP4,2024-02-28,2950.8,-7.78
RMP4,2024-02-28,2952.9,-7.13
RMP4,2024-02-28,2955.2,-6.02
RMP4,2024-02-28,2957.3,-5.1
RMP4,2024-02-28,2959.4,-5.22
RMP4,2024-02-28,2961.5,-5.15
RMP4,2024-02-28,2963.7,-4.73
RMP4,2024-02-28,2965.8,-4.3
RMP4,2024-02-28,2967.9,-4.45
RMP4,2024-02-28,2970.0,-4.67
RMP4,2024-02-28,2972.1,-4.5
RMP4,2024-02-28,2974.2,-4.28
RMP4,2024-02-28,2976.3,-4.23
RMP4,2024-02-28,2978.4,-4.38
RMP4,2024-02-28,2980.5,-4.69
RMP4,2024-02-28,2982.7,-4.48
RMP4,2024-02-28,2984.8,-4.27
RMP4,2024-02-28,2987.1,-4.56
RMP4,2024-02-28,2989.2,-4.6
RMP4,2024-02-28,2991.3,-4.45
RMP4,2024-02-28,2993.4,-4.4
RMP4,2024-02-28,2995.5,-4.41
RMP4,2024-02-28,2997.6,-4.14
RMP4,2024-02-28,2999.7,-3.7
RMP4,2024-02-28,3001.8,-3.63
RMP4,2024-02-28,3003.9,-3.75
RMP4,2024-02-28,3006.0,-3.97
RMP4,2024-02-28,3008.1,-4.6
RMP4,2024-02-28,3010.2,-5.06
RMP4,2024-02-28,3012.3,-5.2
RMP4,2024-02-28,3014.4,-5.27
RMP4,2024-02-28,3016.5,-4.85
RMP4,2024-02-28,3018.6,-4.04
RMP4,2024-02-28,3020.7,-3.41
RMP4,2024-02-28,3022.8,-3.22
RMP4,2024-02-28,3024.9,-3.1
RMP4,2024-02-28,3027.0,-3.13
RMP4,2024-02-28,3029.1,-3.12
RMP4,2024-02-28,3031.2,-3.21
RMP4,2024-02-28,3033.4,-3.29
RMP4,2024-02-28,3035.5,-3.22
RMP4,2024-02-28,3037.6,-3.14
RMP4,2024-02-28,3039.7,-3.09
RMP4,2024-02-28,3041.9,-3.07
RMP4,2024-02-28,3047.0,-3.66
RMP4,2024-02-28,3049.1,-3.88
RMP4,2024-02-28,3051.3,-3.95
RMP4,2024-02-28,3053.5,-3.75
RMP4,2024-02-28,3055.6,-3.56
RMP4,2024-02-28,3057.8,-3.47
RMP4,2024-02-28,3059.9,-3.32
RMP4,2024-02-28,3062.1,-3.23
RMP4,2024-02-28,3064.2,-3.57
RMP4,2024-02-28,3066.4,-3.6
RMP4,2024-02-28,3068.5,-3.64
RMP4,2024-02-28,3070.7,-3.55
RMP4,2024-02-28,3072.8,-3.54
RMP4,2024-02-28,3075.0,-3.67
RMP4,2024-02-28,3077.1,-3.55
RMP4,2024-02-28,3079.3,-3.51
RMP4,2024-02-28,3081.5,-3.48
RMP4,2024-02-28,3083.6,-3.48
RMP4,2024-02-28,3085.8,-3.41
RMP4,2024-02-28,3087.9,-3.37
RMP4,2024-02-28,3090.1,-3.33
RMP4,2024-02-28,3092.2,-3.3
RMP4,2024-02-28,3094.4,-3.27
RMP4,2024-02-28,3096.5,-3.23
RMP4,2024-02-28,3098.7,-3.19
RMP4,2024-02-28,3100.8,-3.1
RMP4,2024-02-28,3103.0,-3.34
RMP4,2024-02-28,3105.1,-3.91
RMP4,2024-02-28,3107.3,-4.29
RMP4,2024-02-28,3109.4,-3.43
RMP4,2024-02-28,3111.5,-3.18
RMP4,2024-02-28,3113.7,-3.45
RMP4,2024-02-28,3115.8,-3.2
RMP4,2024-02-28,3118.0,-3.45
RMP4,2024-02-28,3120.1,-3.24
RMP4,2024-02-28,3122.3,-2.93
RMP4,2024-02-28,3124.4,-2.87
RMP4,2024-02-28,3126.5,-3.33
RMP4,2024-02-28,3128.7,-3.33
RMP4,2024-02-28,3130.8,-3.23
RMP4,2024-02-28,3132.9,-3.1
RMP4,2024-02-28,3135.1,-3.06
RMP4,2024-02-28,3137.2,-3.04
RMP4,2024-02-28,3139.4,-3.0
RMP4,2024-02-28,3141.6,-2.97
RMP4,2024-02-28,3143.7,-2.93
RMP4,2024-02-28,3145.9,-3.2
RMP4,2024-02-28,3148.0,-3.2
RMP4,2024-02-28,3150.1,-3.24
RMP4,2024-02-28,3152.3,-3.03
RMP4,2024-02-28,3154.4,-3.01
RMP4,2024-02-28,3156.6,-3.02
RMP4,2024-02-28,3158.7,-2.93
RMP4,2024-02-28,3160.9,-2.88
RMP4,2024-02-28,3163.0,-2.83
RMP4,2024-02-28,3165.2,-2.71
RMP4,2024-02-28,3167.3,-2.62
RMP4,2024-02-28,3169.5,-2.55
RMP4,2024-02-28,3171.6,-2.52
RMP4,2024-02-28,3173.8,-2.62
RMP4,2024-02-28,3175.9,-3.03
RMP4,2024-02-28,3178.1,-3.03
RMP4,2024-02-28,3180.3,-2.47
RMP4,2024-02-28,3182.4,-2.24
RMP4,2024-02-28,3184.6,-2.22
RMP4,2024-02-28,3186.8,-2.56
RMP4,2024-02-28,3188.9,-2.71
RMP4,2024-02-28,3191.1,-2.59
RMP4,2024-02-28,3193.3,-2.41
RMP4,2024-02-28,3195.5,-2.39
RMP4,2024-02-28,3197.7,-2.38
RMP4,2024-02-28,3199.9,-2.28
RMP4,2024-02-28,3202.1,-2.16
RMP4,2024-02-28,3204.2,-2.23
RMP4,2024-02-28,3206.4,-2.04
RMP4,2024-02-28,3208.6,-2.17
RMP4,2024-02-28,3210.8,-2.11
RMP4,2024-02-28,3213.0,-1.81
RMP4,2024-02-28,3215.2,-1.7
RMP4,2024-02-28,3217.4,-1.77
RMP4,2024-02-28,3219.6,-1.66
RMP4,2024-02-28,3221.8,-1.61
RMP4,2024-02-28,3224.0,-1.56
RMP4,2024-02-28,3226.2,-1.56
RMP4,2024-02-28,3228.4,-1.58
RMP4,2024-02-28,3230.6,-1.57
RMP4,2024-02-28,3232.7,-1.53
RMP4,2024-02-28,3234.9,-1.43
RMP4,2024-02-28,3237.1,-1.32
RMP4,2024-02-28,3239.3,-1.22
RMP4,2024-02-28,3241.5,-1.21
RMP4,2024-02-28,3243.7,-1.36
RMP4,2024-02-28,3245.9,-1.59
RMP4,2024-02-28,3248.1,-1.53
RMP4,2024-02-28,3250.4,-1.47
RMP4,2024-02-28,3252.6,-1.43
RMP4,2024-02-28,3254.8,-1.42
RMP4,2024-02-28,3257.0,-1.49
RMP4,2024-02-28,3259.2,-1.62
RMP4,2024-02-28,3261.4,-1.38
RMP4,2024-02-28,3263.7,-1.17
RMP4,2024-02-28,3265.9,-1.44
RMP4,2024-02-28,3268.1,-1.45
RMP4,2024-02-28,3270.3,-1.17
RMP4,2024-02-28,3272.5,-1.08
RMP4,2024-02-28,3274.7,-1.02
RMP4,2024-02-28,3276.9,-0.99
RMP4,2024-02-28,3279.1,-1.03
RMP4,2024-02-28,3281.3,-1.04
RMP4,2024-02-28,3283.5,-0.89
RMP4,2024-02-28,3285.7,-0.82
RMP4,2024-02-28,3287.9,-0.91
RMP4,2024-02-28,3290.1,-0.86
RMP4,2024-02-28,3292.3,-0.91
RMP4,2024-02-28,3294.5,-0.93
RMP4,2024-02-28,3296.7,-1.05
RMP4,2024-02-28,3298.9,-1.31
RMP4,2024-02-28,3301.1,-1.16
RMP4,2024-02-28,3303.3,-0.98
RMP4,2024-02-28,3305.6,-1.02
RMP4,2024-02-28,3307.8,-1.4
RMP4,2024-02-28,3310.0,-1.92
RMP4,2024-02-28,3312.2,-2.17
RMP4,2024-02-28,3314.5,-2.13
RMP4,2024-02-28,3316.9,-1.21
RMP4,2024-02-28,3319.2,-1.05
RMP4,2024-02-28,3321.4,-1.09
RMP4,2024-02-28,3323.6,-1.06
RMP4,2024-02-28,3325.9,-1.03
RMP4,2024-02-28,3328.1,-0.93
RMP4,2024-02-28,3330.3,-0.82
RMP4,2024-02-28,3332.6,-0.82
RMP4,2024-02-28,3334.8,-0.91
RMP4,2024-02-28,3337.1,-0.72
RMP4,2024-02-28,3339.3,-0.58
RMP4,2024-02-28,3341.6,-0.48
RMP4,2024-02-28,3343.8,-0.45
RMP4,2024-02-28,3346.0,-0.68
RMP4,2024-02-28,3348.3,-0.54
RMP4,2024-02-28,3350.5,-0.53
RMP4,2024-02-28,3352.8,-0.52
RMP4,2024-02-28,3355.0,-0.4
RMP4,2024-02-28,3357.2,-0.37
RMP4,2024-02-28,3359.5,-0.46
RMP4,2024-02-28,3361.7,-0.36
RMP4,2024-02-28,3364.0,-0.34
RMP4,2024-02-28,3366.6,-1.42
RMP4,2024-02-28,3368.9,-2.49
RMP4,2024-02-28,3371.1,-3.04
RMP4,2024-02-28,3373.3,-3.4
RMP4,2024-02-28,3375.5,-3.68
RMP4,2024-02-28,3377.7,-4.1
RMP4,2024-02-28,3379.8,-4.51
RMP4,2024-02-28,3382.0,-4.92
RMP4,2024-02-28,3384.2,-5.26
RMP4,2024-02-28,3386.3,-5.51
RMP4,2024-02-28,3388.5,-5.84
RMP4,2024-02-28,3390.6,-6.16
RMP4,2024-02-28,3392.7,-6.45
RMP4,2024-02-28,3394.8,-6.76
RMP4,2024-02-28,3396.8,-7.08
RMP4,2024-02-28,3398.9,-7.25
RMP4,2024-02-28,3400.9,-7.48
RMP4,2024-02-28,3402.9,-7.73
RMP4,2024-02-28,3404.8,-7.9
RMP4,2024-02-28,3406.8,-8.11
RMP4,2024-02-28,3408.8,-8.27
RMP4,2024-02-28,3410.7,-8.46
RMP4,2024-02-28,3412.7,-8.63
RMP4,2024-02-28,3414.6,-8.75
RMP4,2024-02-28,3416.5,-8.98
RMP4,2024-02-28,3418.4,-9.18
RMP4,2024-02-28,3420.3,-9.33
RMP4,2024-02-28,3422.2,-9.48
RMP4,2024-02-28,3424.0,-9.95
RMP4,2024-02-28,3425.8,-10.05
RMP4,2024-02-28,3427.7,-9.68
RMP4,2024-02-28,3429.5,-9.74
RMP4,2024-02-28,3431.3,-9.96
RMP4,2024-02-28,3433.1,-10.98
RMP4,2024-02-28,3434.9,-11.51
RMP4,2024-02-28,3436.6,-11.69
RMP4,2024-02-28,3438.4,-11.78
RMP4,2024-02-28,3440.1,-12.42
RMP4,2024-02-28,3441.9,-12.75
RMP4,2024-02-28,3443.6,-12.93
RMP4,2024-02-28,3445.4,-13.13
RMP4,2024-02-28,3447.2,-13.11
RMP4,2024-02-28,3448.9,-13.13
RMP4,2024-02-28,3450.7,-12.47
RMP4,2024-02-28,3452.4,-11.61
RMP4,2024-02-28,3454.2,-11.71
RMP4,2024-02-28,3455.9,-11.8
RMP4,2024-02-28,3457.7,-11.85
RMP4,2024-02-28,3459.4,-11.9
RMP4,2024-02-28,3461.1,-11.95
RMP4,2024-02-28,3462.9,-12.03
RMP4,2024-02-28,3464.6,-12.14
RMP4,2024-02-28,3466.3,-12.03
RMP4,2024-02-28,3468.1,-12.12
RMP4,2024-02-28,3469.8,-12.11
RMP4,2024-02-28,3471.5,-11.97
RMP4,2024-02-28,3473.2,-11.99
RMP4,2024-02-28,3475.0,-12.02
RMP4,2024-02-28,3476.7,-12.07
RMP4,2024-02-28,3478.4,-12.14
RMP4,2024-02-28,3480.1,-12.26
RMP4,2024-02-28,3481.8,-12.26
RMP4,2024-02-28,3483.5,-12.35
RMP4,2024-02-28,3485.2,-12.41
RMP4,2024-02-28,3486.9,-12.48
RMP4,2024-02-28,3488.5,-12.67
RMP4,2024-02-28,3490.2,-13.15
RMP4,2024-02-28,3491.9,-12.95
RMP4,2024-02-28,3493.6,-12.53
RMP4,2024-02-28,3495.2,-12.45
RMP4,2024-02-28,3496.9,-12.33
RMP4,2024-02-28,3498.5,-12.35
RMP4,2024-02-28,3500.2,-12.35
RMP4,2024-02-28,3502.6,-12.43
RMP4,2024-02-28,3505.1,-12.48
RMP4,2024-02-28,3507.5,-12.57
RMP4,2024-02-28,3509.9,-12.58
RMP4,2024-02-28,3512.4,-12.65
RMP4,2024-02-28,3514.8,-12.59
RMP4,2024-02-28,3517.2,-12.48
RMP4,2024-02-28,3519.6,-12.42
RMP4,2024-02-28,3522.0,-12.45
RMP4,2024-02-28,3524.3,-12.35
RMP4,2024-02-28,3526.7,-12.59
RMP4,2024-02-28,3529.0,-12.56
RMP4,2024-02-28,3531.3,-12.59
RMP4,2024-02-28,3533.4,-12.44
RMP4,2024-02-28,3535.4,-12.33
RMP4,2024-02-28,3537.3,-11.98
RMP4,2024-02-28,3539.2,-11.46
RMP4,2024-02-28,3540.9,-10.64
RMP4,2024-02-28,3542.6,-9.98
RMP4,2024-02-28,3544.2,-9.36
RMP4,2024-02-28,3545.8,-8.46
RMP4,2024-02-28,3547.3,-7.84
RMP4,2024-02-28,3548.8,-7.18
RMP4,2024-02-28,3550.2,-6.92
RMP4,2024-02-28,3551.5,-8.21
RMP4,2024-02-28,3552.8,-8.28
RMP4,2024-02-28,3554.1,-8.27
RMP4,2024-02-28,3555.4,-8.34
RMP4,2024-02-28,3556.6,-8.08
RMP4,2024-02-28,3557.7,-7.55
RMP4,2024-02-28,3558.8,-7.12
RMP4,2024-02-28,3559.9,-6.16
RMP4,2024-02-28,3561.0,-6.35
RMP4,2024-02-28,3562.0,-6.05
RMP4,2024-02-28,3563.0,-5.31
RMP4,2024-02-28,3564.0,-4.63
RMP4,2024-02-28,3564.9,-4.51
RMP4,2024-02-28,3565.8,-4.19
RMP4,2024-02-28,3566.7,-3.47
RMP4,2024-02-28,3567.6,-2.76
RMP4,2024-02-28,3568.5,-2.43
RMP4,2024-02-28,3569.3,-2.13
RMP4,2024-02-28,3570.1,-1.63
RMP4,2024-02-28,3570.8,-1.16
RMP4,2024-02-28,3571.5,-0.88
RMP4,2024-02-28,3572.1,-0.32
RMP4,2024-02-28,3574.0,-0.12
RMP4,2024-02-28,3576.0,0.42
RMP4,2024-02-28,3578.0,0.67
RMP4,2024-02-28,3580.0,1.31
RMP4,2024-02-28,3583.0,2.3
RMP4,2024-02-28,3586.0,3.8
RMP4,2024-02-28,3590.0,4.8
RMP4,2024-02-28,3600.0,4.36
RMP4,2024-02-28,3630.0,4.28
RMP4,2024-02-28,3660.0,4.18
RMP4,2024-02-28,3700.0,4.54
RMP4,2024-02-28,3730.0,4.28
RMP4,2024-02-28,3770.0,4.44
RMP4,2024-02-28,3800.0,4.52
RMP4,2024-02-28,3840.0,4.61
RMP4,2024-02-28,3870.0,4.08
RMP4,2024-02-28,3900.0,4.49
RMP4,2024-02-28,3930.0,4.55
RMP4,2024-02-28,3970.0,4.48
RMP4,2024-02-28,4000.0,4.61
RMP4,2024-02-28,4040.0,4.42
RMP4,2024-02-28,4070.0,4.46
RMP4,2024-02-28,4100.0,4.62
RMP4,2024-02-28,4130.0,4.49
RMP4,2024-02-28,4160.0,4.58
RMP4,2024-02-28,4190.0,4.4
RMP4,2024-02-28,4220.0,4.55
RMP4,2024-02-28,4250.0,4.43
RMP4,2024-02-28,4280.0,4.7
RMP4,2024-02-28,4310.0,4.66
RMP4,2024-02-28,4340.0,4.6
RMP4,2024-02-28,4370.0,4.31
RMP4,2024-02-28,4400.0,4.36
RMP4,2024-02-28,4440.0,4.26
RMP4,2024-02-28,4470.0,4.38
RMP4,2024-02-28,4500.0,4.44
RMP4,2024-02-28,4550.0,4.39
RMP4,2024-02-28,4570.0,4.42
RMP4,2024-02-28,4600.0,4.04
RMP4,2024-02-28,4640.0,4.76
RMP4,2024-02-28,4670.0,5.15
RMP4,2024-02-28,4700.0,5.28
RMP4,2024-02-28,4740.0,5.4
RMP4,2024-02-28,4780.0,5.36
RMP4,2024-02-28,4800.0,5.28
RMP4,2024-02-28,4830.0,5.35
RMP4,2024-02-28,4870.0,5.42
RMP4,2024-02-28,4900.0,5.55
RMP4,2024-02-28,4940.0,5.28
RMP4,2024-02-28,4970.0,5.08
RMP4,2024-02-28,5000.0,5.44
RMP4,2024-02-28,5030.0,5.04
RMP4,2024-02-28,5070.0,5.0
RMP4,2024-02-28,5100.0,4.46
RMP4,2024-02-28,5130.0,4.6
RMP4,2024-02-28,5170.0,4.5
RMP4,2024-02-28,5200.0,4.05
RMP4,2024-02-28,5230.0,4.44
RMP4,2024-02-28,5270.0,4.5
RMP4,2024-02-28,5300.0,4.44
RMP4,2024-02-28,5330.0,4.38
RMP4,2024-02-28,5370.0,4.28
RMP4,2024-02-28,5400.0,4.38
RMP4,2024-02-28,5430.0,4.44
RMP4,2024-02-28,5470.0,4.5
RMP4,2024-02-28,5500.0,4.48
RMP4,2024-02-28,5540.0,4.46
RMP4,2024-02-28,5570.0,4.41
RMP4,2024-02-28,5600.0,4.28
RMP4,2024-02-28,5640.0,4.55
RMP4,2024-02-28,5670.0,4.18
RMP4,2024-02-28,5700.0,4.26
RMP4,2024-02-28,5730.0,4.35
RMP4,2024-02-28,5770.0,4.55
RMP4,2024-02-28,5800.0,4.29
RMP4,2024-02-28,5840.0,4.44
RMP4,2024-02-28,5870.0,4.3
RMP4,2024-02-28,5900.0,4.55
RMP4,2024-02-28,5940.0,4.66
RMP4,2024-02-28,5970.0,4.7
RMP4,2024-02-28,6000.0,4.66
RMP4,2024-02-28,6040.0,4.55
RMP4,2024-02-28,6070.0,4.76
RMP4,2024-02-28,6100.0,4.7
RMP4,2024-02-28,6130.0,4.94
RMP4,2024-02-28,6170.0,5.14
RMP4,2024-02-28,6200.0,5.28
RMP4,2024-02-28,6230.0,5.38
RMP4,2024-02-28,6270.0,5.26
RMP4,2024-02-28,6300.0,5.36
RMP4,2024-02-28,6330.0,5.46
RMP4,2024-02-28,6370.0,5.28
RMP4,2024-02-28,6400.0,5.32
RMP4,2024-02-28,6440.0,5.22
RMP4,2024-02-28,6470.0,5.23
RMP4,2024-02-28,6500.0,5.4
RMP4,2024-02-28,6540.0,5.44
RMP4,2024-02-28,6570.0,5.55
RMP4,2024-02-28,6600.0,5.15
RMP4,2024-02-28,6640.0,5.25
RMP4,2024-02-28,6670.0,5.38
RMP4,2024-02-28,6700.0,5.11
RMP4,2024-02-28,6740.0,4.44
RMP4,2024-02-28,6770.0,4.36
RMP4,2024-02-28,6800.0,4.06
RMP4,2024-02-28,6840.0,4.16
RMP4,2024-02-28,6870.0,4.26
RMP4,2024-02-28,6900.0,4.08
RMP4,2024-02-28,6940.0,4.2
RMP4,2024-02-28,6970.0,4.44
RMP4,2024-02-28,7000.0,4.06
RMP4,2024-02-28,7040.0,3.8
RMP4,2024-02-28,7070.0,3.55
RMP4,2024-02-28,7100.0,3.6
RMP4,2024-02-28,7140.0,3.84
RMP4,2024-02-28,7170.0,3.96
RMP4,2024-02-28,7200.0,3.26
RMP4,2024-02-28,7240.0,3.44
RMP4,2024-02-28,7270.0,3.48
RMP4,2024-02-28,7300.0,3.55
RMP4,2024-02-28,7330.0,3.7
RMP4,2024-02-28,7360.0,3.74
RMP4,2024-02-28,7400.0,3.78
RMP4,2024-02-28,7440.0,3.8
RMP4,2024-02-28,7470.0,4.14
RMP4,2024-02-28,7500.0,4.28
RMP4,2024-02-28,7530.0,4.08
RMP4,2024-02-28,7570.0,4.0
RMP4,2024-02-28,7600.0,4.06
RMP4,2024-02-28,7640.0,3.88
RMP4,2024-02-28,7670.0,3.9
RMP4,2024-02-28,7700.0,3.94
RMP4,2024-02-28,7740.0,3.49
RMP4,2024-02-28,7770.0,3.68
RMP4,2024-02-28,7800.0,3.76
RMP4,2024-02-28,7830.0,3.86
RMP4,2024-02-28,7870.0,3.94
RMP4,2024-02-28,7900.0,3.79
RMP4,2024-02-28,7940.0,3.39
RMP4,2024-02-28,7970.0,3.3
RMP4,2024-02-28,8000.0,3.34
RMP4,2024-02-28,8040.0,3.4
RMP4,2024-02-28,8070.0,3.36
RMP4,2024-02-28,8100.0,3.26
RMP4,2024-02-28,8130.0,3.22
RMP4,2024-02-28,8170.0,3.02
RMP4,2024-02-28,8200.0,3.28
RMP4,2024-02-28,8230.0,3.2
RMP4,2024-02-28,8270.0,3.28
RMP4,2024-02-28,8300.0,3.33
RMP4,2024-02-28,8330.0,3.43
RMP4,2024-02-28,8370.0,3.4
RMP4,2024-02-28,8400.0,3.28
RMP4,2024-02-28,8440.0,3.08
RMP4,2024-02-28,8470.0,3.01
RMP4,2024-02-28,8500.0,2.96
RMP4,2024-02-28,8540.0,2.66
RMP4,2024-02-28,8540.0,2.44
RMP4,2024-02-28,8570.0,2.7
RMP4,2024-02-28,8600.0,2.85
RMP4,2024-02-28,8640.0,2.76
RMP4,2024-02-28,8670.0,2.88
RMP4,2024-02-28,8700.0,2.9
RMP4,2024-02-28,8740.0,2.72
RMP4,2024-02-28,8770.0,2.7
RMP4,2024-02-28,8800.0,2.66
RMP4,2024-02-28,8840.0,2.86
RMP4,2024-02-28,8870.0,2.8
RMP4,2024-02-28,8900.0,2.84
RMP4,2024-02-28,8970.0,2.88
RMP4,2024-02-28,9000.0,2.76
RMP4,2024-02-28,9040.0,2.77
RMP4,2024-02-28,9070.0,2.55
RMP4,2024-02-28,9100.0,2.64
RMP4,2024-02-28,9140.0,2.9
RMP4,2024-02-28,9170.0,2.74
RMP4,2024-02-28,9200.0,2.49
RMP4,2024-02-28,9230.0,2.76
RMP4,2024-02-28,9270.0,2.84
RMP4,2024-02-28,9300.0,2.7
RMP4,2024-02-28,9330.0,2.55
RMP4,2024-02-28,9370.0,2.66
RMP4,2024-02-28,9400.0,2.6
RMP4,2024-02-28,9440.0,2.84
RMP4,2024-02-28,9470.0,2.8
RMP4,2024-02-28,9500.0,2.88
RMP4,2024-02-28,9520.0,2.7
RMP4,2024-02-28,9550.0,2.72
RMP4,2024-02-28,9570.0,2.48
RMP4,2024-02-28,9600.0,2.17
RMP4,2024-02-28,9630.0,2.0
RMP4,2024-02-28,9650.0,2.02
RMP4,2024-02-28,9670.0,1.9
RMP4,2024-02-28,9690.0,1.87
RMP4,2024-02-28,9705.0,1.62
RMP4,2024-02-28,9710.0,1.44
RMP4,2024-02-28,9720.0,1.34
RMP4,2024-02-28,9721.0,0.85
RMP4,2024-02-28,9723.0,0.58
RMP4,2024-02-28,9725.0,0.42
RMP4,2024-02-28,9727.7,0.32
RMP4,2024-02-28,9728.0,0.35
RMP4,2024-02-28,9728.4,0.35
RMP4,2024-02-28,9728.9,0.36
RMP4,2024-02-28,9729.3,0.43
RMP4,2024-02-28,9729.9,0.36
RMP4,2024-02-28,9730.4,0.43
RMP4,2024-02-28,9731.0,0.38
RMP4,2024-02-28,9731.6,0.43
RMP4,2024-02-28,9732.3,0.4
RMP4,2024-02-28,9733.0,0.45
RMP4,2024-02-28,9733.7,0.4
RMP4,2024-02-28,9734.5,0.43
RMP4,2024-02-28,9735.3,0.47
RMP4,2024-02-28,9736.2,0.42
RMP4,2024-02-28,9737.1,0.48
RMP4,2024-02-28,9738.0,0.47
RMP4,2024-02-28,9739.0,0.51
RMP4,2024-02-28,9740.0,0.49
RMP4,2024-02-28,9741.1,0.43
RMP4,2024-02-28,9742.1,0.54
RMP4,2024-02-28,9743.2,0.45
RMP4,2024-02-28,9744.4,0.5
RMP4,2024-02-28,9745.5,0.49
RMP4,2024-02-28,9746.7,0.5
RMP4,2024-02-28,9747.9,0.51
RMP4,2024-02-28,9749.1,0.56
RMP4,2024-02-28,9750.3,0.5
RMP4,2024-02-28,9751.5,0.49
RMP4,2024-02-28,9752.7,0.5
RMP4,2024-02-28,9754.0,0.51
RMP4,2024-02-28,9755.2,0.57
RMP4,2024-02-28,9756.5,0.58
RMP4,2024-02-28,9757.8,0.6
RMP4,2024-02-28,9759.1,0.66
RMP4,2024-02-28,9760.5,0.66
RMP4,2024-02-28,9761.8,0.65
RMP4,2024-02-28,9763.2,0.66
RMP4,2024-02-28,9764.6,0.66
RMP4,2024-02-28,9766.0,0.66
RMP4,2024-02-28,9767.4,0.66
RMP4,2024-02-28,9768.8,0.61
RMP4,2024-02-28,9770.2,0.49
RMP4,2024-02-28,9771.7,0.49
RMP4,2024-02-28,9773.1,0.44
RMP4,2024-02-28,9774.6,0.44
RMP4,2024-02-28,9776.0,0.38
RMP4,2024-02-28,9777.5,0.3
RMP4,2024-02-28,9779.0,0.24
RMP4,2024-02-28,9780.6,0.16
RMP4,2024-02-28,9782.1,0.09
RMP4,2024-02-28,9783.7,0.04
RMP4,2024-02-28,9785.3,-0.01
RMP4,2024-02-28,9786.9,-0.11
RMP4,2024-02-28,9788.5,-0.22
RMP4,2024-02-28,9790.1,-0.31
RMP4,2024-02-28,9791.7,-0.41
RMP4,2024-02-28,9793.3,-0.48
RMP4,2024-02-28,9795.0,-0.56
RMP4,2024-02-28,9796.6,-0.69
RMP4,2024-02-28,9798.3,-0.82
RMP4,2024-02-28,9800.0,-1.01
RMP4,2024-02-28,9801.7,-1.26
RMP4,2024-02-28,9803.4,-1.45
RMP4,2024-02-28,9805.1,-1.67
RMP4,2024-02-28,9806.8,-1.96
RMP4,2024-02-28,9808.6,-2.16
RMP4,2024-02-28,9810.3,-2.39
RMP4,2024-02-28,9812.0,-2.64
RMP4,2024-02-28,9813.8,-2.83
RMP4,2024-02-28,9815.5,-3.03
RMP4,2024-02-28,9817.2,-3.21
RMP4,2024-02-28,9819.0,-3.37
RMP4,2024-02-28,9820.7,-3.52
RMP4,2024-02-28,9822.5,-3.66
RMP4,2024-02-28,9824.2,-3.83
RMP4,2024-02-28,9826.0,-3.95
RMP4,2024-02-28,9827.7,-4.03
RMP4,2024-02-28,9829.5,-4.18
RMP4,2024-02-28,9831.2,-4.25
RMP4,2024-02-28,9833.0,-4.33
RMP4,2024-02-28,9834.7,-4.39
RMP4,2024-02-28,9836.5,-4.39
RMP4,2024-02-28,9838.3,-4.43
RMP4,2024-02-28,9840.1,-4.45
RMP4,2024-02-28,9841.8,-4.52
RMP4,2024-02-28,9843.6,-4.57
RMP4,2024-02-28,9845.4,-4.72
RMP4,2024-02-28,9847.1,-4.85
RMP4,2024-02-28,9848.9,-4.98
RMP4,2024-02-28,9850.7,-5.12
RMP4,2024-02-28,9852.4,-5.27
RMP4,2024-02-28,9854.2,-5.43
RMP4,2024-02-28,9856.0,-5.64
RMP4,2024-02-28,9857.8,-5.84
RMP4,2024-02-28,9859.6,-6.07
RMP4,2024-02-28,9861.4,-6.31
RMP4,2024-02-28,9863.2,-6.51
RMP4,2024-02-28,9865.0,-6.78
RMP4,2024-02-28,9866.8,-7.0
RMP4,2024-02-28,9868.6,-7.03
RMP4,2024-02-28,9870.4,-6.34
RMP4,2024-02-28,9872.2,-5.81
RMP4,2024-02-28,9874.0,-5.74
RMP4,2024-02-28,9875.8,-5.8
RMP4,2024-02-28,9877.7,-5.83
RMP4,2024-02-28,9879.5,-5.92
RMP4,2024-02-28,9881.3,-5.96
RMP4,2024-02-28,9883.1,-6.17
RMP4,2024-02-28,9885.0,-6.08
RMP4,2024-02-28,9886.8,-5.73
RMP4,2024-02-28,9888.6,-5.88
RMP4,2024-02-28,9890.4,-6.05
RMP4,2024-02-28,9892.3,-6.18
RMP4,2024-02-28,9894.1,-6.55
RMP4,2024-02-28,9895.9,-6.86
RMP4,2024-02-28,9897.8,-6.65
RMP4,2024-02-28,9899.6,-6.4
RMP4,2024-02-28,9901.4,-5.98
RMP4,2024-02-28,9903.2,-5.74
RMP4,2024-02-28,9905.0,-5.61
RMP4,2024-02-28,9906.9,-5.61
RMP4,2024-02-28,9908.7,-5.59
RMP4,2024-02-28,9910.5,-5.6
RMP4,2024-02-28,9912.3,-5.68
RMP4,2024-02-28,9914.1,-5.8
RMP4,2024-02-28,9915.9,-5.93
RMP4,2024-02-28,9917.7,-6.07
RMP4,2024-02-28,9919.5,-6.2
RMP4,2024-02-28,9921.3,-6.27
RMP4,2024-02-28,9923.1,-6.31
RMP4,2024-02-28,9924.9,-6.31
RMP4,2024-02-28,9926.7,-6.44
RMP4,2024-02-28,9928.5,-6.52
RMP4,2024-02-28,9930.3,-6.56
RMP4,2024-02-28,9932.1,-6.47
RMP4,2024-02-28,9933.9,-6.32
RMP4,2024-02-28,9935.7,-6.18
RMP4,2024-02-28,9937.5,-6.15
RMP4,2024-02-28,9939.3,-6.35
RMP4,2024-02-28,9941.2,-6.58
RMP4,2024-02-28,9943.0,-6.88
RMP4,2024-02-28,9945.4,-6.52
RMP4,2024-02-28,9947.3,-6.56
RMP4,2024-02-28,9949.2,-6.47
RMP4,2024-02-28,9951.0,-6.32
RMP4,2024-02-28,9952.9,-6.18
RMP4,2024-02-28,9954.8,-6.15
RMP4,2024-02-28,9956.6,-6.35
RMP4,2024-02-28,9958.2,-6.58
RMP4,2024-02-28,9960.5,-7.22
RMP4,2024-02-28,9962.0,-6.98
RMP4,2024-02-28,9963.4,-7.0
RMP4,2024-02-28,9964.8,-7.08
RMP4,2024-02-28,9966.1,-7.15
RMP4,2024-02-28,9967.4,-7.16
RMP4,2024-02-28,9968.7,-7.15
RMP4,2024-02-28,9969.9,-7.18
RMP4,2024-02-28,9971.0,-7.14
RMP4,2024-02-28,9972.2,-7.06
RMP4,2024-02-28,9973.3,-6.98
RMP4,2024-02-28,9974.3,-6.9
RMP4,2024-02-28,9975.4,-6.82
RMP4,2024-02-28,9976.4,-6.8
RMP4,2024-02-28,9977.4,-6.76
RMP4,2024-02-28,9978.3,-6.74
RMP4,2024-02-28,9979.3,-6.71
RMP4,2024-02-28,9980.2,-6.71
RMP4,2024-02-28,9981.1,-6.69
RMP4,2024-02-28,9982.0,-6.74
RMP4,2024-02-28,9983.1,-6.73
RMP4,2024-02-28,9984.2,-6.78
RMP4,2024-02-28,9985.3,-6.76
RMP4,2024-02-28,9986.5,-6.76
RMP4,2024-02-28,9987.8,-6.73
RMP4,2024-02-28,9989.1,-6.76
RMP4,2024-02-28,9990.4,-6.79
RMP4,2024-02-28,9991.8,-6.85
RMP4,2024-02-28,9993.2,-6.88
RMP4,2024-02-28,9994.7,-6.95
RMP4,2024-02-28,9996.1,-7.08
RMP4,2024-02-28,9997.7,-7.14
RMP4,2024-02-28,9999.2,-7.15
RMP4,2024-02-28,10000.8,-7.23
RMP4,2024-02-28,10002.4,-7.34
RMP4,2024-02-28,10004.0,-7.34
RMP4,2024-02-28,10005.7,-7.36
RMP4,2024-02-28,10007.4,-7.39
RMP4,2024-02-28,10009.2,-7.43
RMP4,2024-02-28,10011.0,-7.46
RMP4,2024-02-28,10012.9,-7.53
RMP4,2024-02-28,10014.7,-7.58
RMP4,2024-02-28,10016.7,-7.61
RMP4,2024-02-28,10018.6,-7.67
RMP4,2024-02-28,10020.6,-7.71
RMP4,2024-02-28,10022.7,-7.64
RMP4,2024-02-28,10024.8,-7.69
RMP4,2024-02-28,10026.9,-7.84
RMP4,2024-02-28,10029.1,-7.88
RMP4,2024-02-28,10031.2,-7.94
RMP4,2024-02-28,10033.4,-7.86
RMP4,2024-02-28,10035.7,-7.94
RMP4,2024-02-28,10037.9,-8.08
RMP4,2024-02-28,10040.2,-8.22
RMP4,2024-02-28,10042.5,-8.26
RMP4,2024-02-28,10044.8,-8.22
RMP4,2024-02-28,10047.2,-8.29
RMP4,2024-02-28,10049.5,-8.26
RMP4,2024-02-28,10051.9,-8.25
RMP4,2024-02-28,10054.3,-8.12
RMP4,2024-02-28,10056.7,-8.08
RMP4,2024-02-28,10059.1,-8.03
RMP4,2024-02-28,10061.5,-8.05
RMP4,2024-02-28,10063.9,-7.99
RMP4,2024-02-28,10066.3,-8.02
RMP4,2024-02-28,10068.8,-7.99
RMP4,2024-02-28,10071.2,-7.97
RMP4,2024-02-28,10073.7,-8.02
RMP4,2024-02-28,10076.2,-8.06
RMP4,2024-02-28,10078.6,-8.14
RMP4,2024-02-28,10081.1,-8.17
RMP4,2024-02-28,10083.6,-8.22
RMP4,2024-02-28,10086.1,-8.29
RMP4,2024-02-28,10088.5,-8.31
RMP4,2024-02-28,10091.0,-8.4
RMP4,2024-02-28,10093.5,-8.41
RMP4,2024-02-28,10096.0,-8.47
RMP4,2024-02-28,10098.5,-8.49
RMP4,2024-02-28,10101.0,-8.56
RMP4,2024-02-28,10103.5,-8.65
RMP4,2024-02-28,10106.0,-8.66
RMP4,2024-02-28,10108.5,-8.77
RMP4,2024-02-28,10111.0,-8.75
RMP4,2024-02-28,10113.5,-8.78
RMP4,2024-02-28,10116.0,-8.79
RMP4,2024-02-28,10118.5,-8.84
RMP4,2024-02-28,10121.0,-8.84
RMP4,2024-02-28,10123.5,-8.85
RMP4,2024-02-28,10126.0,-8.86
RMP4,2024-02-28,10128.4,-8.84
RMP4,2024-02-28,10130.9,-8.85
RMP4,2024-02-28,10133.4,-8.86
RMP4,2024-02-28,10135.9,-8.82
RMP4,2024-02-28,10138.4,-8.79
RMP4,2024-02-28,10140.8,-8.75
RMP4,2024-02-28,10143.3,-8.7
RMP4,2024-02-28,10145.8,-8.66
RMP4,2024-02-28,10148.2,-8.65
RMP4,2024-02-28,10150.7,-8.61
RMP4,2024-02-28,10153.1,-8.59
RMP4,2024-02-28,10155.6,-8.57
RMP4,2024-02-28,10158.1,-8.53
RMP4,2024-02-28,10160.6,-8.5
RMP4,2024-02-28,10163.1,-8.47
RMP4,2024-02-28,10165.6,-8.47
RMP4,2024-02-28,10168.0,-8.48
RMP4,2024-02-28,10170.5,-8.44
RMP4,2024-02-28,10173.0,-8.42
RMP4,2024-02-28,10175.5,-8.39
RMP4,2024-02-28,10178.0,-8.41
RMP4,2024-02-28,10180.5,-8.35
RMP4,2024-02-28,10183.0,-8.38
RMP4,2024-02-28,10185.5,-8.38
RMP4,2024-02-28,10187.9,-8.36
RMP4,2024-02-28,10190.4,-8.35
RMP4,2024-02-28,10192.9,-8.31
RMP4,2024-02-28,10195.4,-8.33
RMP4,2024-02-28,10197.9,-8.27
RMP4,2024-02-28,10200.4,-8.27
RMP4,2024-02-28,10202.4,-8.26
RMP4,2024-02-28,10204.4,-8.29
RMP4,2024-02-28,10206.5,-8.26
RMP4,2024-02-28,10208.5,-8.26
RMP4,2024-02-28,10210.5,-8.2
RMP4,2024-02-28,10212.5,-8.15
RMP4,2024-02-28,10214.6,-8.12
RMP4,2024-02-28,10216.6,-8.16
RMP4,2024-02-28,10218.6,-8.17
RMP4,2024-02-28,10220.6,-8.22
RMP4,2024-02-28,10222.6,-8.2
RMP4,2024-02-28,10224.7,-8.23
RMP4,2024-02-28,10226.7,-8.23
RMP4,2024-02-28,10228.7,-8.25
RMP4,2024-02-28,10230.7,-8.26
RMP4,2024-02-28,10232.7,-8.22
RMP4,2024-02-28,10234.8,-8.2
RMP4,2024-02-28,10236.8,-8.26
RMP4,2024-02-28,10238.8,-8.25
RMP4,2024-02-28,10240.9,-8.24
RMP4,2024-02-28,10242.9,-8.3
RMP4,2024-02-28,10244.9,-8.31
RMP4,2024-02-28,10247.0,-8.36
RMP4,2024-02-28,10249.0,-8.3
RMP4,2024-02-28,10251.0,-8.21
RMP4,2024-02-28,10253.1,-8.14
RMP4,2024-02-28,10255.1,-8.15
RMP4,2024-02-28,10257.1,-8.13
RMP4,2024-02-28,10259.2,-8.21
RMP4,2024-02-28,10261.2,-8.31
RMP4,2024-02-28,10263.3,-8.45
RMP4,2024-02-28,10265.3,-8.57
RMP4,2024-02-28,10267.4,-8.67
RMP4,2024-02-28,10269.4,-8.8
RMP4,2024-02-28,10271.5,-8.9
RMP4,2024-02-28,10273.5,-8.97
RMP4,2024-02-28,10275.6,-9.03
RMP4,2024-02-28,10277.6,-9.09
RMP4,2024-02-28,10279.6,-9.17
RMP4,2024-02-28,10281.7,-9.2
RMP4,2024-02-28,10283.7,-9.21
RMP4,2024-02-28,10285.7,-9.2
RMP4,2024-02-28,10287.7,-9.15
RMP4,2024-02-28,10289.8,-9.17
RMP4,2024-02-28,10291.8,-9.27
RMP4,2024-02-28,10293.8,-9.53
RMP4,2024-02-28,10295.8,-9.83
RMP4,2024-02-28,10297.8,-10.01
RMP4,2024-02-28,10299.9,-10.12
RMP4,2024-02-28,10301.9,-10.1
RMP4,2024-02-28,10303.9,-10.05
RMP4,2024-02-28,10305.9,-9.93
RMP4,2024-02-28,10307.9,-9.83
RMP4,2024-02-28,10309.9,-9.85
RMP4,2024-02-28,10312.0,-9.89
RMP4,2024-02-28,10314.0,-9.98
RMP4,2024-02-28,10316.0,-10.21
RMP4,2024-02-28,10318.0,-10.55
RMP4,2024-02-28,10320.0,-10.85
RMP4,2024-02-28,10322.0,-10.95
RMP4,2024-02-28,10324.0,-11.0
RMP4,2024-02-28,10326.1,-11.0
RMP4,2024-02-28,10328.1,-11.03
RMP4,2024-02-28,10330.1,-11.23
RMP4,2024-02-28,10332.1,-11.15
RMP4,2024-02-28,10334.1,-11.02
RMP4,2024-02-28,10336.1,-11.01
RMP4,2024-02-28,10338.1,-11.13
RMP4,2024-02-28,10340.0,-11.34
RMP4,2024-02-28,10342.0,-11.49
RMP4,2024-02-28,10344.0,-11.5
RMP4,2024-02-28,10346.0,-11.39
RMP4,2024-02-28,10347.9,-11.22
RMP4,2024-02-28,10349.9,-11.33
RMP4,2024-02-28,10351.9,-11.27
RMP4,2024-02-28,10353.9,-11.36
RMP4,2024-02-28,10355.9,-11.49
RMP4,2024-02-28,10357.9,-11.69
RMP4,2024-02-28,10359.9,-11.69
RMP4,2024-02-28,10361.9,-11.69
RMP4,2024-02-28,10363.9,-11.6
RMP4,2024-02-28,10365.9,-11.77
RMP4,2024-02-28,10367.9,-11.94
RMP4,2024-02-28,10369.9,-11.88
RMP4,2024-02-28,10372.0,-11.99
RMP4,2024-02-28,10374.0,-12.13
RMP4,2024-02-28,10376.0,-12.3
RMP4,2024-02-28,10378.0,-12.1
RMP4,2024-02-28,10380.0,-12.17
RMP4,2024-02-28,10382.0,-12.32
RMP4,2024-02-28,10384.0,-12.44
RMP4,2024-02-28,10386.0,-12.45
RMP4,2024-02-28,10388.1,-12.56
RMP4,2024-02-28,10390.0,-12.74
RMP4,2024-02-28,10392.0,-12.78
RMP4,2024-02-28,10393.9,-12.66
RMP4,2024-02-28,10395.8,-12.57
RMP4,2024-02-28,10397.6,-12.58
RMP4,2024-02-28,10399.5,-12.66
RMP4,2024-02-28,10401.3,-12.74
RMP4,2024-02-28,10403.0,-12.93
RMP4,2024-02-28,10404.8,-12.74
RMP4,2024-02-28,10406.5,-12.66
RMP4,2024-02-28,10408.3,-12.62
RMP4,2024-02-28,10410.0,-12.68
RMP4,2024-02-28,10411.7,-12.78
RMP4,2024-02-28,10413.4,-12.69
RMP4,2024-02-28,10415.1,-12.66
RMP4,2024-02-28,10416.7,-12.58
RMP4,2024-02-28,10418.4,-12.57
RMP4,2024-02-28,10420.1,-12.68
RMP4,2024-02-28,10421.7,-12.62
RMP4,2024-02-28,10423.4,-12.44
RMP4,2024-02-28,10425.0,-12.33
RMP4,2024-02-28,10426.7,-12.13
RMP4,2024-02-28,10428.3,-11.95
RMP4,2024-02-28,10429.9,-11.49
RMP4,2024-02-28,10431.5,-11.29
RMP4,2024-02-28,10433.1,-11.14
RMP4,2024-02-28,10434.7,-11.0
RMP4,2024-02-28,10436.3,-10.96
RMP4,2024-02-28,10437.9,-11.05
RMP4,2024-02-28,10439.4,-10.66
RMP4,2024-02-28,10441.0,-9.87
RMP4,2024-02-28,10442.5,-9.25
RMP4,2024-02-28,10443.9,-9.03
RMP4,2024-02-28,10445.3,-8.72
RMP4,2024-02-28,10446.6,-7.97
RMP4,2024-02-28,10447.9,-7.6
RMP4,2024-02-28,10449.2,-7.5
RMP4,2024-02-28,10450.4,-7.52
RMP4,2024-02-28,10452.2,-7.36
RMP4,2024-02-28,10453.7,-6.88
RMP4,2024-02-28,10455.0,-6.87
RMP4,2024-02-28,10456.4,-6.73
RMP4,2024-02-28,10457.7,-6.58
RMP4,2024-02-28,10459.0,-6.47
RMP4,2024-02-28,10460.2,-6.22
RMP4,2024-02-28,10461.4,-5.48
RMP4,2024-02-28,10462.6,-4.99
RMP4,2024-02-28,10463.7,-4.6
RMP4,2024-02-28,10464.8,-4.55
RMP4,2024-02-28,10465.8,-4.49
RMP4,2024-02-28,10466.9,-4.08
RMP4,2024-02-28,10467.9,-3.88
RMP4,2024-02-28,10468.9,-3.54
RMP4,2024-02-28,10469.8,-2.75
RMP4,2024-02-28,10470.7,-2.83
RMP4,2024-02-28,10471.6,-2.34
RMP4,2024-02-28,10472.5,-2.15
RMP4,2024-02-28,10473.3,-2.08
RMP4,2024-02-28,10474.1,-1.97
RMP4,2024-02-28,10474.9,-1.87
RMP4,2024-02-28,10475.7,-1.84
RMP4,2024-02-28,10476.4,-1.82
RMP4,2024-02-28,10477.1,-1.84
RMP4,2024-02-28,10478.0,-1.54
RMP4,2024-02-28,10480.0,-1.84
RMP4,2024-02-28,10482.0,-1.54
RMP4,2024-02-28,10485.0,-1.42
RMP4,2024-02-28,10488.0,-1.28
RMP4,2024-02-28,10491.0,-0.98
RMP4,2024-02-28,10494.0,-0.54
RMP4,2024-02-28,10496.0,0.22
RMP4,2024-02-28,10498.0,0.38
RMP4,2024-02-28,10500.0,1.34
RMP4,2024-02-28,10503.0,1.94
RMP4,2024-02-28,10506.0,2.57
RMP4,2024-02-28,10508.0,3.89
RMP4,2024-02-28,10510.0,5.73
RMP4,2024-02-28,10530.0,5.55
RMP4,2024-02-28,10550.0,5.65
RMP4,2024-02-28,10570.0,5.59
RMP4,2024-02-28,10590.0,5.6
RMP4,2024-02-28,10600.0,5.49
RMP4,2024-02-28,10640.0,5.66
RMP4,2024-02-28,10670.0,5.7
RMP4,2024-02-28,10700.0,5.68
RMP4,2024-02-28,10720.0,5.74
RMP4,2024-02-28,10750.0,5.44
RMP4,2024-02-28,10780.0,5.86
RMP4,2024-02-28,10800.0,5.64
RMP4,2024-02-28,10840.0,5.74
RMP4,2024-02-28,10870.0,5.86
RMP4,2024-02-28,10900.0,5.84
RMP4,2024-02-28,10940.0,5.54
RMP4,2024-02-28,10970.0,5.6
RMP4,2024-02-28,11000.0,5.24
RMP4,2024-02-28,11040.0,5.16
RMP4,2024-02-28,11070.0,5.22
RMP4,2024-02-28,11100.0,5.2
RMP4,2024-02-28,11130.0,5.06
RMP4,2024-02-28,11150.0,5.03
RMP4,2024-02-28,11160.0,5.23
RMP4,2024-02-28,11180.0,5.33
RMP4,2024-02-28,11200.0,5.23
RMP4,2024-02-28,11210.0,6.2
RMP4,2024-02-28,11210.0,6.42
