Station_ID,Date,Discharge_m3s
SW273,2011-06-01,4173.95
SW273,2011-06-02,4239.31
SW273,2011-06-03,4268.62
SW273,2011-06-04,4275.97
SW273,2011-06-05,4275.97
SW273,2011-06-06,4268.62
SW273,2011-06-07,4275.97
SW273,2011-06-08,4312.89
SW273,2011-06-09,4357.52
SW273,2011-06-10,4372.48
SW273,2011-06-11,4486.0
SW273,2011-06-12,4524.35
SW273,2011-06-13,4562.97
SW273,2011-06-14,4617.48
SW273,2011-06-15,4704.2
SW273,2011-06-16,4800.27
SW273,2011-06-17,4947.32
SW273,2011-06-18,5022.19
SW273,2011-06-19,5030.56
SW273,2011-06-20,5013.82
SW273,2011-06-21,4955.6
SW273,2011-06-22,4906.12
SW273,2011-06-23,4848.89
SW273,2011-06-24,4824.53
SW273,2011-06-25,4816.43
SW273,2011-06-26,4800.27
SW273,2011-06-27,4808.35
SW273,2011-06-28,4848.89
SW273,2011-06-29,4930.81
SW273,2011-06-30,5030.56
SW273,2011-07-01,5217.63
SW273,2011-07-02,5365.97
SW273,2011-07-03,5526.69
SW273,2011-07-04,5635.96
SW273,2011-07-05,5756.28
SW273,2011-07-06,5850.23
SW273,2011-07-07,5897.66
SW273,2011-07-08,5954.98
SW273,2011-07-09,5983.81
SW273,2011-07-10,6012.75
SW273,2011-07-11,6051.51
SW273,2011-07-12,6100.24
SW273,2011-07-13,6139.45
SW273,2011-07-14,6159.13
SW273,2011-07-15,6178.86
SW273,2011-07-16,6188.75
SW273,2011-07-17,6208.56
SW273,2011-07-18,6208.56
SW273,2011-07-19,6228.41
SW273,2011-07-20,6238.36
SW273,2011-07-21,6268.28
SW273,2011-07-22,6288.29
SW273,2011-07-23,6308.35
SW273,2011-07-24,6308.35
SW273,2011-07-25,6308.35
SW273,2011-07-26,6298.32
SW273,2011-07-27,6298.32
SW273,2011-07-28,6288.29
SW273,2011-07-29,6298.32
SW273,2011-07-30,6288.29
SW273,2011-07-31,6298.32
SW273,2011-08-01,6318.4
SW273,2011-08-02,6338.54
SW273,2011-08-03,6328.47
SW273,2011-08-04,6318.4
SW273,2011-08-05,6338.54
SW273,2011-08-06,6368.85
SW273,2011-08-07,6399.27
SW273,2011-08-08,6399.27
SW273,2011-08-09,6419.61
SW273,2011-08-10,6491.23
SW273,2011-08-11,6522.11
SW273,2011-08-12,6532.43
SW273,2011-08-13,6553.12
SW273,2011-08-14,6553.12
SW273,2011-08-15,6563.48
SW273,2011-08-16,6584.24
SW273,2011-08-17,6709.91
SW273,2011-08-18,6784.1
SW273,2011-08-19,6869.69
SW273,2011-08-20,6902.01
SW273,2011-08-21,6923.62
SW273,2011-08-22,6923.62
SW273,2011-08-23,6945.29
SW273,2011-08-24,6956.15
SW273,2011-08-25,6945.29
SW273,2011-08-26,6945.29
SW273,2011-08-27,6945.29
SW273,2011-08-28,6912.81
SW273,2011-08-29,6902.01
SW273,2011-08-30,6880.45
SW273,2011-08-31,6880.45
SW273,2011-09-01,6837.49
SW273,2011-09-02,6805.42
SW273,2011-09-03,6741.63
SW273,2011-09-04,6678.31
SW273,2011-09-05,6615.48
SW273,2011-09-06,6532.43
SW273,2011-09-07,6429.8
SW273,2011-09-08,6328.47
SW273,2011-09-09,6278.28
SW273,2011-09-10,6228.41
SW273,2011-09-11,6168.99
SW273,2011-09-12,6100.24
SW273,2011-09-13,6012.75
SW273,2011-09-14,5945.4
SW273,2011-09-15,5926.27
SW273,2011-09-16,5916.72
SW273,2011-09-17,5888.15
SW273,2011-09-18,5878.65
SW273,2011-09-19,5907.18
SW273,2011-09-20,5916.72
SW273,2011-09-21,5888.15
SW273,2011-09-22,5916.72
SW273,2011-09-23,5916.72
SW273,2011-09-24,5907.18
SW273,2011-09-25,5888.15
SW273,2011-09-26,5888.15
SW273,2011-09-27,5897.66
SW273,2011-09-28,5926.27
SW273,2011-09-29,5945.4
SW273,2011-09-30,5945.4
SW273,2011-10-01,5935.83
SW273,2011-10-02,5926.27
SW273,2011-10-03,5897.66
SW273,2011-10-04,5859.69
SW273,2011-10-05,5784.34
SW273,2011-10-06,5691.24
SW273,2011-10-07,5608.48
SW273,2011-10-08,5508.65
SW273,2011-10-09,5410.24
SW273,2011-10-10,5304.49
SW273,2011-10-11,5191.8
SW273,2011-10-12,5097.96
SW273,2011-10-13,4988.8
SW273,2011-10-14,4906.12
SW273,2011-10-15,4824.53
SW273,2011-10-16,4752.04
SW273,2011-10-17,4704.2
SW273,2011-10-18,4601.86
SW273,2011-10-19,4578.5
SW273,2011-10-20,4508.98
SW273,2011-10-21,4417.61
SW273,2011-10-22,4342.6
SW273,2011-10-23,4275.97
SW273,2011-10-24,4268.62
SW273,2011-10-25,4283.34
SW273,2011-10-26,4320.3
SW273,2011-10-27,4350.06
SW273,2011-10-28,4357.52
SW273,2011-10-29,4327.73
SW273,2011-10-30,4261.28
SW273,2011-10-31,4188.41
SW273,2011-11-01,4109.41
SW273,2011-11-02,3996.63
SW273,2011-11-03,3879.53
SW273,2011-11-04,3785.17
SW273,2011-11-05,3738.69
SW273,2011-11-06,3745.3
SW273,2011-11-07,3751.92
SW273,2011-11-08,3738.69
SW273,2011-11-09,3798.54
SW273,2011-11-10,3818.66
SW273,2011-11-11,3825.38
SW273,2011-11-12,3845.62
SW273,2011-11-13,3838.86
SW273,2011-11-14,3811.94
SW273,2011-11-15,3778.5
SW273,2011-11-16,3765.19
SW273,2011-11-17,3738.69
SW273,2011-11-18,3705.76
SW273,2011-11-19,3666.56
SW273,2011-11-20,3634.15
SW273,2011-11-21,3640.61
SW273,2011-11-22,3666.56
SW273,2011-11-23,3712.33
SW273,2011-11-24,3751.92
SW273,2011-11-25,3791.85
SW273,2011-11-26,3785.17
SW273,2011-11-27,3778.5
SW273,2011-11-28,3758.55
SW273,2011-11-29,3732.08
SW273,2011-11-30,3647.09
SW273,2011-12-01,3563.65
SW273,2011-12-02,3525.65
SW273,2011-12-03,3469.27
SW273,2011-12-04,3432.09
SW273,2011-12-05,3401.35
SW273,2011-12-06,3383.01
SW273,2011-12-07,3401.35
SW273,2011-12-08,3419.77
SW273,2011-12-09,3469.27
SW273,2011-12-10,3531.96
SW273,2011-12-11,3570.01
SW273,2011-12-12,3550.95
SW273,2011-12-13,3519.35
SW273,2011-12-14,3500.51
SW273,2011-12-15,3487.99
SW273,2011-12-16,3456.84
SW273,2011-12-17,3419.77
SW273,2011-12-18,3383.01
SW273,2011-12-19,3352.62
SW273,2011-12-20,3364.75
SW273,2011-12-21,3370.83
SW273,2011-12-22,3401.35
SW273,2011-12-23,3419.77
SW273,2011-12-24,3444.45
SW273,2011-12-25,3506.78
SW273,2011-12-26,3538.28
SW273,2011-12-27,3538.28
SW273,2011-12-28,3608.38
SW273,2011-12-29,3660.06
SW273,2011-12-30,3621.25
SW273,2011-12-31,3563.65
SW273,2012-06-01,4472.46
SW273,2012-06-02,4606.46
SW273,2012-06-03,4752.3
SW273,2012-06-04,4964.37
SW273,2012-06-05,5027.62
SW273,2012-06-06,5119.07
SW273,2012-06-07,5119.07
SW273,2012-06-08,5137.52
SW273,2012-06-09,5119.07
SW273,2012-06-10,5183.87
SW273,2012-06-11,5249.31
SW273,2012-06-12,5268.12
SW273,2012-06-13,5221.18
SW273,2012-06-14,5221.18
SW273,2012-06-15,5277.55
SW273,2012-06-16,5401.34
SW273,2012-06-17,5566.68
SW273,2012-06-18,5685.77
SW273,2012-06-19,5817.05
SW273,2012-06-20,5919.66
SW273,2012-06-21,6034.18
SW273,2012-06-22,6118.56
SW273,2012-06-23,6182.45
SW273,2012-06-24,6203.87
SW273,2012-06-25,6214.6
SW273,2012-06-26,6203.87
SW273,2012-06-27,6311.83
SW273,2012-06-28,6476.54
SW273,2012-06-29,6599.48
SW273,2012-06-30,6747.14
SW273,2012-07-01,6885.75
SW273,2012-07-02,7002.97
SW273,2012-07-03,7121.77
SW273,2012-07-04,7193.8
SW273,2012-07-05,7230.04
SW273,2012-07-06,7217.94
SW273,2012-07-07,7205.86
SW273,2012-07-08,7181.76
SW273,2012-07-09,7133.73
SW273,2012-07-10,7109.82
SW273,2012-07-11,7014.78
SW273,2012-07-12,6944.17
SW273,2012-07-13,6955.9
SW273,2012-07-14,6979.4
SW273,2012-07-15,7002.97
SW273,2012-07-16,7014.78
SW273,2012-07-17,7109.82
SW273,2012-07-18,7278.57
SW273,2012-07-19,7425.73
SW273,2012-07-20,7537.63
SW273,2012-07-21,7625.58
SW273,2012-07-22,7663.53
SW273,2012-07-23,7688.9
SW273,2012-07-24,7727.09
SW273,2012-07-25,7739.86
SW273,2012-07-26,7739.86
SW273,2012-07-27,7688.9
SW273,2012-07-28,7638.21
SW273,2012-07-29,7587.79
SW273,2012-07-30,7537.63
SW273,2012-07-31,7487.73
SW273,2012-08-01,7425.73
SW273,2012-08-02,7388.72
SW273,2012-08-03,7388.72
SW273,2012-08-04,7364.13
SW273,2012-08-05,7339.6
SW273,2012-08-06,7290.75
SW273,2012-08-07,7242.15
SW273,2012-08-08,7217.94
SW273,2012-08-09,7169.73
SW273,2012-08-10,7097.88
SW273,2012-08-11,7038.45
SW273,2012-08-12,6991.18
SW273,2012-08-13,7002.97
SW273,2012-08-14,6920.76
SW273,2012-08-15,6885.75
SW273,2012-08-16,6839.3
SW273,2012-08-17,6804.63
SW273,2012-08-18,6781.59
SW273,2012-08-19,6758.61
SW273,2012-08-20,6735.69
SW273,2012-08-21,6781.59
SW273,2012-08-22,6850.89
SW273,2012-08-23,6874.12
SW273,2012-08-24,6897.41
SW273,2012-08-25,6920.76
SW273,2012-08-26,6909.07
SW273,2012-08-27,6874.12
SW273,2012-08-28,6874.12
SW273,2012-08-29,6839.3
SW273,2012-08-30,6862.5
SW273,2012-08-31,6874.12
SW273,2012-09-01,6885.75
SW273,2012-09-02,6885.75
SW273,2012-09-03,6897.41
SW273,2012-09-04,6932.45
SW273,2012-09-05,6909.07
SW273,2012-09-06,6885.75
SW273,2012-09-07,6827.73
SW273,2012-09-08,6758.61
SW273,2012-09-09,6678.67
SW273,2012-09-10,6655.97
SW273,2012-09-11,6599.48
SW273,2012-09-12,6487.65
SW273,2012-09-13,6410.26
SW273,2012-09-14,6388.28
SW273,2012-09-15,6421.27
SW273,2012-09-16,6443.33
SW273,2012-09-17,6509.89
SW273,2012-09-18,6565.77
SW273,2012-09-19,6576.99
SW273,2012-09-20,6576.99
SW273,2012-09-21,6599.48
SW273,2012-09-22,6644.64
SW273,2012-09-23,6678.67
SW273,2012-09-24,6758.61
SW273,2012-09-25,6850.89
SW273,2012-09-26,6909.07
SW273,2012-09-27,6979.4
SW273,2012-09-28,7050.3
SW273,2012-09-29,7062.17
SW273,2012-09-30,7074.06
SW273,2012-10-01,7085.96
SW273,2012-10-02,7050.3
SW273,2012-10-03,7014.78
SW273,2012-10-04,6955.9
SW273,2012-10-05,7014.78
SW273,2012-10-06,7002.97
SW273,2012-10-07,6979.4
SW273,2012-10-08,6955.9
SW273,2012-10-09,6874.12
SW273,2012-10-10,6804.63
SW273,2012-10-11,6735.69
SW273,2012-10-12,6678.67
SW273,2012-10-13,6678.67
SW273,2012-10-14,6644.64
SW273,2012-10-15,6588.23
SW273,2012-10-16,6521.04
SW273,2012-10-17,6454.39
SW273,2012-10-18,6377.31
SW273,2012-10-19,6333.6
SW273,2012-10-20,6203.87
SW273,2012-10-21,6076.25
SW273,2012-10-22,5909.34
SW273,2012-10-23,5735.98
SW273,2012-10-24,5576.52
SW273,2012-10-25,5410.96
SW273,2012-10-26,5258.71
SW273,2012-10-27,5156.02
SW273,2012-10-28,4991.4
SW273,2012-10-29,4937.46
SW273,2012-10-30,4866.26
SW273,2012-10-31,4830.97
SW273,2012-11-01,4778.41
SW273,2012-11-02,4760.99
SW273,2012-11-03,4674.64
SW273,2012-11-04,4606.46
SW273,2012-11-05,4539.07
SW273,2012-11-06,4480.74
SW273,2012-11-07,4455.93
SW273,2012-11-08,4390.29
SW273,2012-11-09,4341.56
SW273,2012-11-10,4309.31
SW273,2012-11-11,4333.48
SW273,2012-11-12,4390.29
SW273,2012-11-13,4530.7
SW273,2012-11-14,4564.25
SW273,2012-11-15,4547.45
SW273,2012-11-16,4555.84
SW273,2012-11-17,4555.84
SW273,2012-11-18,4514.0
SW273,2012-11-19,4455.93
SW273,2012-11-20,4365.87
SW273,2012-11-21,4269.27
SW273,2012-11-22,4166.54
SW273,2012-11-23,4112.03
SW273,2012-11-24,4073.45
SW273,2012-11-25,4050.44
SW273,2012-11-26,4035.15
SW273,2012-11-27,4035.15
SW273,2012-11-28,4058.1
SW273,2012-11-29,4058.1
SW273,2012-11-30,4065.77
SW273,2012-12-01,4042.79
SW273,2012-12-02,4035.15
SW273,2012-12-03,4050.44
SW273,2012-12-04,4027.53
SW273,2012-12-05,3997.14
SW273,2012-12-06,3936.91
SW273,2012-12-07,3929.43
SW273,2012-12-08,3877.4
SW273,2012-12-09,3855.27
SW273,2012-12-10,3877.4
SW273,2012-12-11,3870.01
SW273,2012-12-12,3921.97
SW273,2012-12-13,3997.14
SW273,2012-12-14,4042.79
SW273,2012-12-15,4042.79
SW273,2012-12-16,4027.53
SW273,2012-12-17,3959.41
SW273,2012-12-18,3870.01
SW273,2012-12-19,3833.24
SW273,2012-12-20,3782.22
SW273,2012-12-21,3696.0
SW273,2012-12-22,3611.35
SW273,2012-12-23,3548.87
SW273,2012-12-24,3555.77
SW273,2012-12-25,3576.54
SW273,2012-12-26,3639.4
SW273,2012-12-27,3639.4
SW273,2012-12-28,3681.79
SW273,2012-12-29,3703.13
SW273,2012-12-30,3731.73
SW273,2012-12-31,3738.91
SW273,2013-06-01,6183.32
SW273,2013-06-02,6022.81
SW273,2013-06-03,5876.77
SW273,2013-06-04,5799.31
SW273,2013-06-05,5755.42
SW273,2013-06-06,5777.34
SW273,2013-06-07,5865.65
SW273,2013-06-08,5932.6
SW273,2013-06-09,5988.85
SW273,2013-06-10,6022.81
SW273,2013-06-11,6034.16
SW273,2013-06-12,6068.32
SW273,2013-06-13,6102.64
SW273,2013-06-14,6171.74
SW273,2013-06-15,6148.64
SW273,2013-06-16,6102.64
SW273,2013-06-17,6011.47
SW273,2013-06-18,5887.9
SW273,2013-06-19,5810.33
SW273,2013-06-20,5766.37
SW273,2013-06-21,5777.34
SW273,2013-06-22,5799.31
SW273,2013-06-23,5899.05
SW273,2013-06-24,6045.53
SW273,2013-06-25,6206.53
SW273,2013-06-26,6382.81
SW273,2013-06-27,6478.46
SW273,2013-06-28,6442.46
SW273,2013-06-29,6430.49
SW273,2013-06-30,6442.46
SW273,2013-07-01,6466.44
SW273,2013-07-02,6478.46
SW273,2013-07-03,6550.95
SW273,2013-07-04,6599.63
SW273,2013-07-05,6673.2
SW273,2013-07-06,6772.31
SW273,2013-07-07,6860.0
SW273,2013-07-08,6935.88
SW273,2013-07-09,7012.44
SW273,2013-07-10,7128.54
SW273,2013-07-11,7285.73
SW273,2013-07-12,7432.25
SW273,2013-07-13,7513.15
SW273,2013-07-14,7567.48
SW273,2013-07-15,7608.44
SW273,2013-07-16,7622.13
SW273,2013-07-17,7608.44
SW273,2013-07-18,7608.44
SW273,2013-07-19,7608.44
SW273,2013-07-20,7622.13
SW273,2013-07-21,7622.13
SW273,2013-07-22,7635.84
SW273,2013-07-23,7677.09
SW273,2013-07-24,7718.52
SW273,2013-07-25,7760.12
SW273,2013-07-26,7746.23
SW273,2013-07-27,7718.52
SW273,2013-07-28,7746.23
SW273,2013-07-29,7774.03
SW273,2013-07-30,7746.23
SW273,2013-07-31,7704.69
SW273,2013-08-01,7690.88
SW273,2013-08-02,7635.84
SW273,2013-08-03,7608.44
SW273,2013-08-04,7553.87
SW273,2013-08-05,7513.15
SW273,2013-08-06,7567.48
SW273,2013-08-07,7608.44
SW273,2013-08-08,7704.69
SW273,2013-08-09,7746.23
SW273,2013-08-10,7774.03
SW273,2013-08-11,7787.96
SW273,2013-08-12,7843.88
SW273,2013-08-13,7886.02
SW273,2013-08-14,7914.22
SW273,2013-08-15,7999.3
SW273,2013-08-16,7999.3
SW273,2013-08-17,7999.3
SW273,2013-08-18,7999.3
SW273,2013-08-19,7999.3
SW273,2013-08-20,8013.56
SW273,2013-08-21,8070.76
SW273,2013-08-22,8085.12
SW273,2013-08-23,8085.12
SW273,2013-08-24,8085.12
SW273,2013-08-25,8042.12
SW273,2013-08-26,7999.3
SW273,2013-08-27,8056.43
SW273,2013-08-28,8027.83
SW273,2013-08-29,7928.35
SW273,2013-08-30,7857.91
SW273,2013-08-31,7801.91
SW273,2013-09-01,7787.96
SW273,2013-09-02,7760.12
SW273,2013-09-03,7732.37
SW273,2013-09-04,7746.23
SW273,2013-09-05,7871.95
SW273,2013-09-06,7956.67
SW273,2013-09-07,8056.43
SW273,2013-09-08,8128.3
SW273,2013-09-09,8186.16
SW273,2013-09-10,8244.36
SW273,2013-09-11,8288.22
SW273,2013-09-12,8288.22
SW273,2013-09-13,8273.58
SW273,2013-09-14,8186.16
SW273,2013-09-15,8128.3
SW273,2013-09-16,8085.12
SW273,2013-09-17,7970.86
SW273,2013-09-18,7900.11
SW273,2013-09-19,7843.88
SW273,2013-09-20,7774.03
SW273,2013-09-21,7690.88
SW273,2013-09-22,7581.12
SW273,2013-09-23,7432.25
SW273,2013-09-24,7298.95
SW273,2013-09-25,7180.63
SW273,2013-09-26,6999.63
SW273,2013-09-27,6860.0
SW273,2013-09-28,6685.52
SW273,2013-09-29,6575.25
SW273,2013-09-30,6502.55
SW273,2013-10-01,6430.49
SW273,2013-10-02,6359.08
SW273,2013-10-03,6323.61
SW273,2013-10-04,6300.05
SW273,2013-10-05,6288.3
SW273,2013-10-06,6323.61
SW273,2013-10-07,6442.46
SW273,2013-10-08,6466.44
SW273,2013-10-09,6430.49
SW273,2013-10-10,6394.71
SW273,2013-10-11,6394.71
SW273,2013-10-12,6382.81
SW273,2013-10-13,6394.71
SW273,2013-10-14,6442.46
SW273,2013-10-15,6406.62
SW273,2013-10-16,6335.42
SW273,2013-10-17,6288.3
SW273,2013-10-18,6276.57
SW273,2013-10-19,6264.85
SW273,2013-10-20,6276.57
SW273,2013-10-21,6288.3
SW273,2013-10-22,6229.8
SW273,2013-10-23,6148.64
SW273,2013-10-24,6022.81
SW273,2013-10-25,5887.9
SW273,2013-10-26,5788.32
SW273,2013-10-27,5679.26
SW273,2013-10-28,5550.56
SW273,2013-10-29,5455.59
SW273,2013-10-30,5403.39
SW273,2013-10-31,5372.26
SW273,2013-11-01,5330.98
SW273,2013-11-02,5445.12
SW273,2013-11-03,5508.19
SW273,2013-11-04,5539.95
SW273,2013-11-05,5529.34
SW273,2013-11-06,5487.1
SW273,2013-11-07,5434.66
SW273,2013-11-08,5320.7
SW273,2013-11-09,5208.67
SW273,2013-11-10,5068.82
SW273,2013-11-11,4941.67
SW273,2013-11-12,4845.61
SW273,2013-11-13,4836.09
SW273,2013-11-14,4817.09
SW273,2013-11-15,4845.61
SW273,2013-11-16,4931.99
SW273,2013-11-17,4931.99
SW273,2013-11-18,4893.45
SW273,2013-11-19,4893.45
SW273,2013-11-20,4845.61
SW273,2013-11-21,4836.09
SW273,2013-11-22,4807.61
SW273,2013-11-23,4732.32
SW273,2013-11-24,4630.35
SW273,2013-11-25,4512.11
SW273,2013-11-26,4440.56
SW273,2013-11-27,4387.5
SW273,2013-11-28,4387.5
SW273,2013-11-29,4494.14
SW273,2013-11-30,4530.14
SW273,2013-12-01,4566.38
SW273,2013-12-02,4639.54
SW273,2013-12-03,4695.03
SW273,2013-12-04,4769.85
SW273,2013-12-05,4798.14
SW273,2013-12-06,4779.26
SW273,2013-12-07,4741.68
SW273,2013-12-08,4685.75
SW273,2013-12-09,4530.14
SW273,2013-12-10,4449.45
SW273,2013-12-11,4405.13
SW273,2013-12-12,4343.67
SW273,2013-12-13,4248.47
SW273,2013-12-14,4326.23
SW273,2013-12-15,4326.23
SW273,2013-12-16,4291.53
SW273,2013-12-17,4282.89
SW273,2013-12-18,4334.94
SW273,2013-12-19,4369.92
SW273,2013-12-20,4352.4
SW273,2013-12-21,4326.23
SW273,2013-12-22,4334.94
SW273,2013-12-23,4317.54
SW273,2013-12-24,4265.65
SW273,2013-12-25,4171.84
SW273,2013-12-26,4113.0
SW273,2013-12-27,4046.58
SW273,2013-12-28,4079.68
SW273,2013-12-29,4096.31
SW273,2013-12-30,4163.39
SW273,2013-12-31,4222.8
SW273,2014-06-01,3891.61
SW273,2014-06-02,3904.55
SW273,2014-06-03,3865.84
SW273,2014-06-04,3789.45
SW273,2014-06-05,3702.02
SW273,2014-06-06,3652.87
SW273,2014-06-07,3592.24
SW273,2014-06-08,3580.23
SW273,2014-06-09,3628.51
SW273,2014-06-10,3827.48
SW273,2014-06-11,3982.99
SW273,2014-06-12,4157.76
SW273,2014-06-13,4254.66
SW273,2014-06-14,4439.93
SW273,2014-06-15,4527.83
SW273,2014-06-16,4617.27
SW273,2014-06-17,4647.43
SW273,2014-06-18,4677.77
SW273,2014-06-19,4738.96
SW273,2014-06-20,4926.83
SW273,2014-06-21,4926.83
SW273,2014-06-22,5023.22
SW273,2014-06-23,5204.28
SW273,2014-06-24,5477.97
SW273,2014-06-25,5673.47
SW273,2014-06-26,5893.77
SW273,2014-06-27,6044.82
SW273,2014-06-28,6238.45
SW273,2014-06-29,6397.3
SW273,2014-06-30,6478.06
SW273,2014-07-01,6704.83
SW273,2014-07-02,6852.78
SW273,2014-07-03,6874.15
SW273,2014-07-04,6938.62
SW273,2014-07-05,6960.23
SW273,2014-07-06,6917.07
SW273,2014-07-07,6874.15
SW273,2014-07-08,6746.81
SW273,2014-07-09,6831.47
SW273,2014-07-10,6960.23
SW273,2014-07-11,7224.21
SW273,2014-07-12,7336.8
SW273,2014-07-13,7520.17
SW273,2014-07-14,7660.36
SW273,2014-07-15,7802.87
SW273,2014-07-16,7826.84
SW273,2014-07-17,7755.11
SW273,2014-07-18,7660.36
SW273,2014-07-19,7589.98
SW273,2014-07-20,7473.95
SW273,2014-07-21,7359.5
SW273,2014-07-22,7269.06
SW273,2014-07-23,7179.6
SW273,2014-07-24,7113.16
SW273,2014-07-25,7025.41
SW273,2014-07-26,6960.23
SW273,2014-07-27,7047.25
SW273,2014-07-28,7113.16
SW273,2014-07-29,7224.21
SW273,2014-07-30,7179.6
SW273,2014-07-31,7157.39
SW273,2014-09-01,10030.14
SW273,2014-09-02,9970.46
SW273,2014-09-03,9764.06
SW273,2014-09-04,9590.18
SW273,2014-09-05,9504.27
SW273,2014-09-06,9250.62
SW273,2014-09-07,9030.22
SW273,2014-09-08,8921.77
SW273,2014-09-09,8814.48
SW273,2014-09-10,8603.33
SW273,2014-09-11,8473.65
SW273,2014-09-12,8295.01
SW273,2014-09-13,8169.46
SW273,2014-09-14,7972.09
SW273,2014-09-15,7778.95
SW273,2014-09-16,7589.98
SW273,2014-09-17,7359.5
SW273,2014-09-18,7157.39
SW273,2014-09-19,7025.41
SW273,2014-09-20,7179.6
SW273,2014-09-21,7224.21
SW273,2014-09-22,7269.06
SW273,2014-09-23,7497.03
SW273,2014-09-24,7707.61
SW273,2014-09-25,8021.03
SW273,2014-09-26,8219.47
SW273,2014-09-27,8681.98
SW273,2014-09-28,8841.19
SW273,2014-09-29,8841.19
SW273,2014-09-30,8787.84
SW273,2014-10-01,8629.47
SW273,2014-10-02,8525.31
SW273,2014-10-03,8396.67
SW273,2014-10-04,8219.47
SW273,2014-10-05,8021.03
SW273,2014-10-06,7826.84
SW273,2014-10-07,7613.38
SW273,2014-10-08,7427.98
SW273,2014-10-09,7224.21
SW273,2014-10-10,7025.41
SW273,2014-10-11,6917.07
SW273,2014-10-12,6874.15
SW273,2014-10-13,6663.09
SW273,2014-10-14,6377.25
SW273,2014-10-15,6083.11
SW273,2014-10-16,5746.08
SW273,2014-10-17,5391.1
SW273,2014-10-18,5088.4
SW273,2014-10-19,4769.82
SW273,2014-10-20,4602.26
SW273,2014-10-21,4483.69
SW273,2014-10-22,4367.84
SW273,2014-10-23,4296.79
SW273,2014-10-24,4310.92
SW273,2014-10-25,4282.71
SW273,2014-10-26,4310.92
SW273,2014-10-27,4240.69
SW273,2014-10-28,4076.27
SW273,2014-10-29,3943.6
SW273,2014-10-30,3904.55
SW273,2014-10-31,3726.82
SW273,2014-11-01,3652.87
SW273,2014-11-02,3568.25
SW273,2014-11-03,3497.1
SW273,2014-11-04,3532.51
SW273,2014-11-05,3568.25
SW273,2014-11-06,3652.87
SW273,2014-11-07,3739.27
SW273,2014-11-08,3904.55
SW273,2014-11-09,3930.54
SW273,2014-11-10,3814.76
SW273,2014-11-11,3616.39
SW273,2014-11-12,3473.66
SW273,2014-11-13,3358.57
SW273,2014-11-14,3268.94
SW273,2014-11-15,3002.36
SW273,2014-11-16,2881.4
SW273,2014-11-17,2851.84
SW273,2014-11-18,2871.51
SW273,2014-11-19,2981.89
SW273,2014-11-20,3074.99
SW273,2014-11-21,3170.65
SW273,2014-11-22,3235.88
SW273,2014-11-23,3335.96
SW273,2014-11-24,3381.31
SW273,2014-11-25,3347.25
SW273,2014-11-26,3302.3
SW273,2014-11-27,3246.87
SW273,2014-11-28,3159.89
SW273,2014-11-29,3033.3
SW273,2014-11-30,2911.23
SW273,2014-12-01,2832.28
SW273,2014-12-02,2774.33
SW273,2014-12-03,2842.05
SW273,2014-12-04,2921.23
SW273,2014-12-05,3022.96
SW273,2014-12-06,3074.99
SW273,2014-12-07,3064.52
SW273,2014-12-08,2941.33
SW273,2014-12-09,2941.33
SW273,2014-12-10,2871.51
SW273,2014-12-11,2812.85
SW273,2014-12-12,2708.04
SW273,2014-12-13,2634.02
SW273,2014-12-14,2615.79
SW273,2014-12-15,2588.66
SW273,2014-12-16,2561.79
SW273,2014-12-17,2508.77
SW273,2014-12-18,2491.32
SW273,2014-12-19,2526.34
SW273,2014-12-20,2579.68
SW273,2014-12-21,2736.28
SW273,2014-12-22,2803.17
SW273,2014-12-23,2881.4
SW273,2014-12-24,2921.23
SW273,2014-12-25,2941.33
SW273,2014-12-26,2871.51
SW273,2014-12-27,2708.04
SW273,2014-12-28,2606.72
SW273,2014-12-29,2579.68
SW273,2014-12-30,2517.54
SW273,2014-12-31,2561.79
SW273,2015-06-01,4913.54
SW273,2015-06-02,5005.04
SW273,2015-06-03,5086.3
SW273,2015-06-04,5216.26
SW273,2015-06-05,5288.33
SW273,2015-06-06,5336.85
SW273,2015-06-07,5410.34
SW273,2015-06-08,5435.03
SW273,2015-06-09,5522.2
SW273,2015-06-10,5674.4
SW273,2015-06-11,5869.68
SW273,2015-06-12,6057.08
SW273,2015-06-13,6376.02
SW273,2015-06-14,6562.56
SW273,2015-06-15,6843.54
SW273,2015-06-16,7010.86
SW273,2015-06-17,7072.56
SW273,2015-06-18,7150.34
SW273,2015-06-19,7181.65
SW273,2015-06-20,7244.64
SW273,2015-06-21,7324.02
SW273,2015-06-22,7339.99
SW273,2015-06-23,7388.07
SW273,2015-06-24,7244.64
SW273,2015-06-25,7276.3
SW273,2015-06-26,7276.3
SW273,2015-06-27,7244.64
SW273,2015-06-28,7165.98
SW273,2015-06-29,7134.73
SW273,2015-06-30,7103.59
SW273,2015-07-01,7088.06
SW273,2015-07-02,7072.56
SW273,2015-07-03,7010.86
SW273,2015-07-04,6980.18
SW273,2015-07-05,7026.24
SW273,2015-07-06,7088.06
SW273,2015-07-07,7197.36
SW273,2015-07-08,7244.64
SW273,2015-07-09,7324.02
SW273,2015-07-10,7308.09
SW273,2015-07-11,7292.18
SW273,2015-07-12,7197.36
SW273,2015-07-13,7103.59
SW273,2015-07-14,7010.86
SW273,2015-07-15,7072.56
SW273,2015-07-16,7150.34
SW273,2015-07-17,7228.85
SW273,2015-07-18,7244.64
SW273,2015-07-19,7339.99
SW273,2015-07-20,7355.99
SW273,2015-07-21,7372.01
SW273,2015-07-22,7339.99
SW273,2015-07-23,7292.18
SW273,2015-07-24,7213.09
SW273,2015-07-25,7213.09
SW273,2015-07-26,7165.98
SW273,2015-07-27,7119.14
SW273,2015-07-28,7103.59
SW273,2015-07-29,7103.59
SW273,2015-07-30,7072.56
SW273,2015-07-31,7103.59
SW273,2015-08-01,7088.06
SW273,2015-08-02,7260.45
SW273,2015-08-03,7197.36
SW273,2015-08-04,7134.73
SW273,2015-08-05,7088.06
SW273,2015-08-06,7072.56
SW273,2015-08-07,7010.86
SW273,2015-08-08,6888.83
SW273,2015-08-09,6783.55
SW273,2015-08-10,6679.64
SW273,2015-08-11,6591.66
SW273,2015-08-12,6519.1
SW273,2015-08-13,6504.67
SW273,2015-08-14,6562.56
SW273,2015-08-15,6577.1
SW273,2015-08-16,6504.67
SW273,2015-08-17,6504.67
SW273,2015-08-18,6577.1
SW273,2015-08-19,6650.2
SW273,2015-08-20,6903.99
SW273,2015-08-21,7150.34
SW273,2015-08-22,7388.07
SW273,2015-08-23,7665.61
SW273,2015-08-24,7900.81
SW273,2015-08-25,8089.9
SW273,2015-08-26,8142.13
SW273,2015-08-27,8194.65
SW273,2015-08-28,8300.56
SW273,2015-08-29,8389.71
SW273,2015-08-30,8443.59
SW273,2015-08-31,8588.72
SW273,2015-09-01,8904.19
SW273,2015-09-02,9132.79
SW273,2015-09-03,9268.43
SW273,2015-09-04,9287.95
SW273,2015-09-05,9287.95
SW273,2015-09-06,9287.95
SW273,2015-09-07,9287.95
SW273,2015-09-08,9268.43
SW273,2015-09-09,9229.5
SW273,2015-09-10,9152.06
SW273,2015-09-11,9056.04
SW273,2015-09-12,8941.95
SW273,2015-09-13,8810.4
SW273,2015-09-14,8698.96
SW273,2015-09-15,8607.01
SW273,2015-09-16,8534.05
SW273,2015-09-17,8407.64
SW273,2015-09-18,8247.46
SW273,2015-09-19,8055.23
SW273,2015-09-20,7900.81
SW273,2015-09-21,7816.11
SW273,2015-09-22,7715.5
SW273,2015-09-23,7550.27
SW273,2015-09-24,7533.91
SW273,2015-09-25,7533.91
SW273,2015-09-26,7550.27
SW273,2015-09-27,7550.27
SW273,2015-09-28,7501.29
SW273,2015-09-29,7485.03
SW273,2015-09-30,7485.03
SW273,2015-10-01,7420.27
SW273,2015-10-02,7372.01
SW273,2015-10-03,7260.45
SW273,2015-10-04,7088.06
SW273,2015-10-05,6919.17
SW273,2015-10-06,6798.51
SW273,2015-10-07,6577.1
SW273,2015-10-08,6432.93
SW273,2015-10-09,6319.55
SW273,2015-10-10,6097.89
SW273,2015-10-11,5976.15
SW273,2015-10-12,5949.38
SW273,2015-10-13,5843.31
SW273,2015-10-14,5738.87
SW273,2015-10-15,5636.02
SW273,2015-10-16,5572.54
SW273,2015-10-17,5472.25
SW273,2015-10-18,5324.69
SW273,2015-10-19,5156.84
SW273,2015-10-20,4993.53
SW273,2015-10-21,4712.85
SW273,2015-10-22,4572.3
SW273,2015-10-23,4456.18
SW273,2015-10-24,4435.34
SW273,2015-10-25,4445.75
SW273,2015-10-26,4477.11
SW273,2015-10-27,4582.99
SW273,2015-10-28,4615.16
SW273,2015-10-29,4669.22
SW273,2015-10-30,4582.99
SW273,2015-10-31,4529.78
SW273,2015-11-01,4424.95
SW273,2015-11-02,4393.91
SW273,2015-11-03,4181.77
SW273,2015-11-04,4026.06
SW273,2015-11-05,3931.28
SW273,2015-11-06,3866.07
SW273,2015-11-07,3810.91
SW273,2015-11-08,3792.67
SW273,2015-11-09,3810.91
SW273,2015-11-10,3893.9
SW273,2015-11-11,3931.28
SW273,2015-11-12,3987.92
SW273,2015-11-13,3978.43
SW273,2015-11-14,3978.43
SW273,2015-11-15,4026.06
SW273,2015-11-16,4026.06
SW273,2015-11-17,3959.51
SW273,2015-11-18,3912.55
SW273,2015-11-19,3774.51
SW273,2015-11-20,3658.26
SW273,2015-11-21,3605.64
SW273,2015-11-22,3667.09
SW273,2015-11-23,3738.41
SW273,2015-11-24,3783.58
SW273,2015-11-25,3931.28
SW273,2015-11-26,3903.22
SW273,2015-11-27,3997.42
SW273,2015-11-28,4016.5
SW273,2015-11-29,3774.51
SW273,2015-11-30,3783.58
SW273,2015-12-01,3675.94
SW273,2015-12-02,3623.11
SW273,2015-12-03,3649.44
SW273,2015-12-04,3510.85
SW273,2015-12-05,3468.48
SW273,2015-12-06,3476.92
SW273,2015-12-07,3493.85
SW273,2015-12-08,3562.29
SW273,2015-12-09,3579.58
SW273,2015-12-10,3649.44
SW273,2015-12-11,3702.6
SW273,2015-12-12,3765.46
SW273,2015-12-13,3774.51
SW273,2015-12-14,3720.47
SW273,2015-12-15,3649.44
SW273,2015-12-16,3596.94
SW273,2015-12-17,3553.67
SW273,2015-12-18,3476.92
SW273,2015-12-19,3409.88
SW273,2015-12-20,3393.3
SW273,2015-12-21,3401.58
SW273,2015-12-22,3434.89
SW273,2015-12-23,3451.65
SW273,2015-12-24,3485.37
SW273,2015-12-25,3536.49
SW273,2015-12-26,3536.49
SW273,2015-12-27,3527.93
SW273,2015-12-28,3536.49
SW273,2015-12-29,3519.38
SW273,2015-12-30,3401.58
SW273,2015-12-31,3426.54
SW273,2016-06-01,6318.84
SW273,2016-06-02,6257.52
SW273,2016-06-03,6237.19
SW273,2016-06-04,6237.19
SW273,2016-06-05,6318.84
SW273,2016-06-06,6380.71
SW273,2016-06-07,6401.45
SW273,2016-06-08,6548.37
SW273,2016-06-09,6443.12
SW273,2016-06-10,6401.45
SW273,2016-06-11,6237.19
SW273,2016-06-12,6076.74
SW273,2016-06-13,6037.21
SW273,2016-06-14,5881.4
SW273,2016-06-15,5785.87
SW273,2016-06-16,5804.87
SW273,2016-06-17,5823.92
SW273,2016-06-18,6056.95
SW273,2016-06-19,6277.9
SW273,2016-06-20,6401.45
SW273,2016-06-21,6318.84
SW273,2016-06-22,6401.45
SW273,2016-06-23,6548.37
SW273,2016-06-24,6719.98
SW273,2016-06-25,6962.57
SW273,2016-06-26,7075.42
SW273,2016-06-27,7447.7
SW273,2016-06-28,7713.78
SW273,2016-06-29,7837.53
SW273,2016-06-30,7837.53
SW273,2016-07-01,7837.53
SW273,2016-07-02,7862.49
SW273,2016-07-03,8064.8
SW273,2016-07-04,8116.1
SW273,2016-07-05,8193.61
SW273,2016-07-06,8350.62
SW273,2016-07-07,8483.53
SW273,2016-07-08,8591.23
SW273,2016-07-09,8782.66
SW273,2016-07-10,8810.32
SW273,2016-07-11,8810.32
SW273,2016-07-12,8810.32
SW273,2016-07-13,8645.54
SW273,2016-07-14,8537.23
SW273,2016-07-15,8324.27
SW273,2016-07-16,8537.23
SW273,2016-07-17,8564.19
SW273,2016-07-18,8591.23
SW273,2016-07-19,8838.06
SW273,2016-07-20,9119.8
SW273,2016-07-21,9380.25
SW273,2016-07-22,9798.73
SW273,2016-07-23,10202.3
SW273,2016-07-24,10329.45
SW273,2016-07-25,10490.4
SW273,2016-07-26,10852.46
SW273,2016-07-27,11122.81
SW273,2016-07-28,11329.53
SW273,2016-07-29,11504.44
SW273,2016-07-30,11575.08
SW273,2016-07-31,11610.55
SW273,2016-08-01,11646.11
SW273,2016-08-02,11681.78
SW273,2016-08-03,11789.36
SW273,2016-08-04,11681.78
SW273,2016-08-05,11575.08
SW273,2016-08-06,11399.21
SW273,2016-08-07,11157.03
SW273,2016-08-08,10953.14
SW273,2016-08-09,10653.6
SW273,2016-08-10,10393.56
SW273,2016-08-11,10076.56
SW273,2016-08-12,9798.73
SW273,2016-08-13,9468.54
SW273,2016-08-14,9205.88
SW273,2016-08-15,9034.44
SW273,2016-08-16,8865.88
SW273,2016-08-17,8782.66
SW273,2016-08-18,8838.06
SW273,2016-08-19,8977.93
SW273,2016-08-20,8949.8
SW273,2016-08-21,8727.58
SW273,2016-08-22,8727.58
SW273,2016-08-23,8510.34
SW273,2016-08-24,8324.27
SW273,2016-08-25,8064.8
SW273,2016-08-26,7862.49
SW273,2016-08-27,7591.79
SW273,2016-08-28,7495.45
SW273,2016-08-29,7282.71
SW273,2016-08-30,7213.01
SW273,2016-08-31,7213.01
SW273,2016-09-01,7329.51
SW273,2016-09-02,7400.22
SW273,2016-09-03,7543.48
SW273,2016-09-04,7763.07
SW273,2016-09-05,7812.64
SW273,2016-09-06,8013.79
SW273,2016-09-07,7937.82
SW273,2016-09-08,7862.49
SW273,2016-09-09,7713.78
SW273,2016-09-10,7640.37
SW273,2016-09-11,7616.05
SW273,2016-09-12,7616.05
SW273,2016-09-13,7713.78
SW273,2016-09-14,7937.82
SW273,2016-09-15,7963.07
SW273,2016-09-16,8013.79
SW273,2016-09-17,8090.41
SW273,2016-09-18,8141.86
SW273,2016-09-19,8141.86
SW273,2016-09-20,8193.61
SW273,2016-09-21,8219.59
SW273,2016-09-22,8039.26
SW273,2016-09-23,7837.53
SW273,2016-09-24,7738.39
SW273,2016-09-25,7519.43
SW273,2016-09-26,7376.58
SW273,2016-09-27,7259.41
SW273,2016-09-28,7121.02
SW273,2016-09-29,7189.91
SW273,2016-09-30,7259.41
SW273,2016-10-01,7236.18
SW273,2016-10-02,7282.71
SW273,2016-10-03,7306.07
SW273,2016-10-04,7236.18
SW273,2016-10-05,7236.18
SW273,2016-10-06,7189.91
SW273,2016-10-07,7075.42
SW273,2016-10-08,6985.01
SW273,2016-10-09,6698.31
SW273,2016-10-10,6464.05
SW273,2016-10-11,6318.84
SW273,2016-10-12,6464.05
SW273,2016-10-13,6401.45
SW273,2016-10-14,6422.26
SW273,2016-10-15,6527.2
SW273,2016-10-16,6590.9
SW273,2016-10-17,6676.7
SW273,2016-10-18,6895.64
SW273,2016-10-19,6895.64
SW273,2016-10-20,6873.46
SW273,2016-10-21,6633.68
SW273,2016-10-22,6464.05
SW273,2016-10-23,6116.5
SW273,2016-10-24,5691.74
SW273,2016-10-25,5525.78
SW273,2016-10-26,5311.27
SW273,2016-10-27,5328.86
SW273,2016-10-28,5276.26
SW273,2016-10-29,5276.26
SW273,2016-10-30,5241.45
SW273,2016-10-31,5104.3
SW273,2016-11-01,5053.7
SW273,2016-11-02,4953.86
SW273,2016-11-03,4823.51
SW273,2016-11-04,4759.5
SW273,2016-11-05,4480.81
SW273,2016-11-06,4526.22
SW273,2016-11-07,4587.39
SW273,2016-11-08,4450.77
SW273,2016-11-09,4332.42
SW273,2016-11-10,4245.53
SW273,2016-11-11,4259.9
SW273,2016-11-12,4391.24
SW273,2016-11-13,4465.77
SW273,2016-11-14,4556.71
SW273,2016-11-15,4495.9
SW273,2016-11-16,4450.77
SW273,2016-11-17,4406.06
SW273,2016-11-18,4332.42
SW273,2016-11-19,4245.53
SW273,2016-11-20,4160.21
SW273,2016-11-21,4021.43
SW273,2016-11-22,3900.11
SW273,2016-11-23,3617.31
SW273,2016-11-24,3692.54
SW273,2016-11-25,3679.91
SW273,2016-11-26,3692.54
SW273,2016-11-27,3705.22
SW273,2016-11-28,3782.1
SW273,2016-11-29,3795.05
SW273,2016-11-30,3756.31
SW273,2016-12-01,3692.54
SW273,2016-12-02,3717.93
SW273,2016-12-03,3667.31
SW273,2016-12-04,3567.92
SW273,2016-12-05,3459.02
SW273,2016-12-06,3376.39
SW273,2016-12-07,3284.14
SW273,2016-12-08,3284.14
SW273,2016-12-09,3261.44
SW273,2016-12-10,3329.98
SW273,2016-12-11,3388.09
SW273,2016-12-12,3519.14
SW273,2016-12-13,3629.75
SW273,2016-12-14,3705.22
SW273,2016-12-15,3769.19
SW273,2016-12-16,3730.69
SW273,2016-12-17,3604.91
SW273,2016-12-18,3555.67
SW273,2016-12-19,3353.11
SW273,2016-12-20,3306.99
SW273,2016-12-21,3194.17
SW273,2016-12-22,3117.28
SW273,2016-12-23,3084.83
SW273,2016-12-24,3020.86
SW273,2016-12-25,2989.32
SW273,2016-12-26,3084.83
SW273,2016-12-27,3161.01
SW273,2016-12-28,3161.01
SW273,2016-12-29,3139.07
SW273,2016-12-30,3216.46
SW273,2016-12-31,3272.77
SW273,2017-06-01,6765.09
SW273,2017-06-02,6779.62
SW273,2017-06-03,6779.62
SW273,2017-06-04,6882.12
SW273,2017-06-05,6926.44
SW273,2017-06-06,7000.85
SW273,2017-06-07,7015.81
SW273,2017-06-08,7106.16
SW273,2017-06-09,7243.52
SW273,2017-06-10,7320.79
SW273,2017-06-11,7445.88
SW273,2017-06-12,7717.7
SW273,2017-06-13,7848.49
SW273,2017-06-14,7815.62
SW273,2017-06-15,7848.49
SW273,2017-06-16,7832.04
SW273,2017-06-17,7881.47
SW273,2017-06-18,7931.18
SW273,2017-06-19,8132.64
SW273,2017-06-20,8286.56
SW273,2017-06-21,8373.13
SW273,2017-06-22,8530.88
SW273,2017-06-23,8655.3
SW273,2017-06-24,8727.09
SW273,2017-06-25,8817.53
SW273,2017-06-26,8908.76
SW273,2017-06-27,9000.78
SW273,2017-06-28,9000.78
SW273,2017-06-29,8908.76
SW273,2017-06-30,8835.71
SW273,2017-07-01,8673.2
SW273,2017-07-02,8655.3
SW273,2017-07-03,8655.3
SW273,2017-07-04,8655.3
SW273,2017-07-05,8763.17
SW273,2017-07-06,8835.71
SW273,2017-07-07,8963.88
SW273,2017-07-08,9037.82
SW273,2017-07-09,9112.27
SW273,2017-07-10,9224.93
SW273,2017-07-11,9338.75
SW273,2017-07-12,9473.05
SW273,2017-07-13,9550.52
SW273,2017-07-14,9628.53
SW273,2017-07-15,9707.08
SW273,2017-07-16,9726.8
SW273,2017-07-17,9746.55
SW273,2017-07-18,9707.08
SW273,2017-07-19,9608.98
SW273,2017-07-20,9589.46
SW273,2017-07-21,9589.46
SW273,2017-07-22,9569.98
SW273,2017-07-23,9453.77
SW273,2017-07-24,9453.77
SW273,2017-07-25,9550.52
SW273,2017-07-26,9589.46
SW273,2017-07-27,9569.98
SW273,2017-07-28,9434.52
SW273,2017-07-29,9338.75
SW273,2017-07-30,9149.69
SW273,2017-07-31,9000.78
SW273,2017-08-01,8890.45
SW273,2017-08-02,8799.38
SW273,2017-08-03,8763.17
SW273,2017-08-04,8763.17
SW273,2017-08-05,8781.26
SW273,2017-08-06,8781.26
SW273,2017-08-07,8763.17
SW273,2017-08-08,8799.38
SW273,2017-08-09,8817.53
SW273,2017-08-10,8835.71
SW273,2017-08-11,9000.78
SW273,2017-08-12,9434.52
SW273,2017-08-13,9707.08
SW273,2017-08-14,9986.26
SW273,2017-08-15,10189.8
SW273,2017-08-16,10459.64
SW273,2017-08-17,10607.42
SW273,2017-08-18,10756.96
SW273,2017-08-19,10843.21
SW273,2017-08-20,10930.04
SW273,2017-08-21,10973.68
SW273,2017-08-22,11017.46
SW273,2017-08-23,11061.39
SW273,2017-08-24,11083.41
SW273,2017-08-25,11061.39
SW273,2017-08-26,11039.41
SW273,2017-08-27,10908.28
SW273,2017-08-28,10864.86
SW273,2017-08-29,10778.47
SW273,2017-08-30,10649.97
SW273,2017-08-31,10501.68
SW273,2017-09-01,10355.15
SW273,2017-09-02,10230.93
SW273,2017-09-03,10107.97
SW273,2017-09-04,10067.26
SW273,2017-09-05,10046.96
SW273,2017-09-06,10006.46
SW273,2017-09-07,9986.26
SW273,2017-09-08,9966.09
SW273,2017-09-09,9865.79
SW273,2017-09-10,9845.83
SW273,2017-09-11,10026.69
SW273,2017-09-12,10128.37
SW273,2017-09-13,10006.46
SW273,2017-09-14,9986.26
SW273,2017-09-15,9925.87
SW273,2017-09-16,9806.02
SW273,2017-09-17,9707.08
SW273,2017-09-18,9511.72
SW273,2017-09-19,9396.11
SW273,2017-09-20,9376.96
SW273,2017-09-21,9338.75
SW273,2017-09-22,9338.75
SW273,2017-09-23,9300.68
SW273,2017-09-24,9224.93
SW273,2017-09-25,9112.27
SW273,2017-09-26,8637.43
SW273,2017-09-27,8478.02
SW273,2017-09-28,8425.43
SW273,2017-09-29,8495.61
SW273,2017-09-30,8460.46
SW273,2017-10-01,8390.53
SW273,2017-10-02,8303.81
SW273,2017-10-03,8286.56
SW273,2017-10-04,8252.14
SW273,2017-10-05,8217.85
SW273,2017-10-06,8200.75
SW273,2017-10-07,8252.14
SW273,2017-10-08,8252.14
SW273,2017-10-09,8252.14
SW273,2017-10-10,8234.98
SW273,2017-10-11,8132.64
SW273,2017-10-12,7931.18
SW273,2017-10-13,7782.86
SW273,2017-10-14,7509.1
SW273,2017-10-15,7274.34
SW273,2017-10-16,7258.92
SW273,2017-10-17,7243.52
SW273,2017-10-18,7274.34
SW273,2017-10-19,7367.49
SW273,2017-10-20,7461.64
SW273,2017-10-21,7717.7
SW273,2017-10-22,8338.41
SW273,2017-10-23,8217.85
SW273,2017-10-24,8098.76
SW273,2017-10-25,7981.14
SW273,2017-10-26,7782.86
SW273,2017-10-27,7620.82
SW273,2017-10-28,7445.88
SW273,2017-10-29,7336.33
SW273,2017-10-30,7136.49
SW273,2017-10-31,7030.8
SW273,2017-11-01,6956.12
SW273,2017-11-02,6985.91
SW273,2017-11-03,6985.91
SW273,2017-11-04,6941.27
SW273,2017-11-05,6926.44
SW273,2017-11-06,6794.19
SW273,2017-11-07,6692.8
SW273,2017-11-08,6536.07
SW273,2017-11-09,6313.64
SW273,2017-11-10,6137.66
SW273,2017-11-11,5900.84
SW273,2017-11-12,5696.86
SW273,2017-11-13,5572.43
SW273,2017-11-14,5535.55
SW273,2017-11-15,5597.13
SW273,2017-11-16,5523.3
SW273,2017-11-17,5597.13
SW273,2017-11-18,5684.32
SW273,2017-11-19,5634.36
SW273,2017-11-20,5547.82
SW273,2017-11-21,5318.58
SW273,2017-11-22,5247.87
SW273,2017-11-23,5166.38
SW273,2017-11-24,5063.19
SW273,2017-11-25,4917.2
SW273,2017-11-26,4928.31
SW273,2017-11-27,4895.06
SW273,2017-11-28,4840.08
SW273,2017-11-29,4917.2
SW273,2017-11-30,4984.13
SW273,2017-12-01,5063.19
SW273,2017-12-02,5247.87
SW273,2017-12-03,5283.12
SW273,2017-12-04,5294.92
SW273,2017-12-05,5318.58
SW273,2017-12-06,5271.35
SW273,2017-12-07,5224.48
SW273,2017-12-08,4995.36
SW273,2017-12-09,4884.03
SW273,2017-12-10,4895.06
SW273,2017-12-11,5108.83
SW273,2017-12-12,4961.74
SW273,2017-12-13,4939.43
SW273,2017-12-14,4950.57
SW273,2017-12-15,4884.03
SW273,2017-12-16,4851.04
SW273,2017-12-17,4917.2
SW273,2017-12-18,4895.06
SW273,2017-12-19,4961.74
SW273,2017-12-20,4895.06
SW273,2017-12-21,4862.01
SW273,2017-12-22,4829.15
SW273,2017-12-23,4807.34
SW273,2017-12-24,4688.9
SW273,2017-12-25,4646.45
SW273,2017-12-26,4531.37
SW273,2017-12-27,4368.28
SW273,2017-12-28,4428.85
SW273,2017-12-29,4490.12
SW273,2017-12-30,4593.83
SW273,2017-12-31,4552.11
SW273,2018-06-01,6161.97
SW273,2018-06-02,6191.04
SW273,2018-06-03,6234.86
SW273,2018-06-04,6161.97
SW273,2018-06-05,6147.48
SW273,2018-06-06,6161.97
SW273,2018-06-07,6118.59
SW273,2018-06-08,6147.48
SW273,2018-06-09,6089.82
SW273,2018-06-10,6075.48
SW273,2018-06-11,6104.19
SW273,2018-06-12,6382.84
SW273,2018-06-13,6625.86
SW273,2018-06-14,6797.5
SW273,2018-06-15,7053.93
SW273,2018-06-16,7335.42
SW273,2018-06-17,7335.42
SW273,2018-06-18,7268.34
SW273,2018-06-19,7285.06
SW273,2018-06-20,7268.34
SW273,2018-06-21,7318.6
SW273,2018-06-22,7522.64
SW273,2018-06-23,7437.04
SW273,2018-06-24,7454.09
SW273,2018-06-25,7591.72
SW273,2018-06-26,7661.35
SW273,2018-06-27,7837.82
SW273,2018-06-28,8017.75
SW273,2018-06-29,8090.7
SW273,2018-06-30,8035.93
SW273,2018-07-01,7999.6
SW273,2018-07-02,8035.93
SW273,2018-07-03,8127.39
SW273,2018-07-04,8201.2
SW273,2018-07-05,8369.37
SW273,2018-07-06,8521.32
SW273,2018-07-07,8636.83
SW273,2018-07-08,8773.28
SW273,2018-07-09,8871.87
SW273,2018-07-10,8971.41
SW273,2018-07-11,9031.59
SW273,2018-07-12,9031.59
SW273,2018-07-13,9051.72
SW273,2018-07-14,9071.9
SW273,2018-07-15,9173.35
SW273,2018-07-16,9234.69
SW273,2018-07-17,9255.21
SW273,2018-07-18,9152.98
SW273,2018-07-19,8971.41
SW273,2018-07-20,8734.11
SW273,2018-07-21,8636.83
SW273,2018-07-22,8521.32
SW273,2018-07-23,8369.37
SW273,2018-07-24,8256.93
SW273,2018-07-25,8109.03
SW273,2018-07-26,8127.39
SW273,2018-07-27,8164.23
SW273,2018-07-28,8275.58
SW273,2018-07-29,8294.27
SW273,2018-07-30,8331.75
SW273,2018-07-31,8369.37
SW273,2018-08-01,8464.07
SW273,2018-08-02,8464.07
SW273,2018-08-03,8502.2
SW273,2018-08-04,8559.68
SW273,2018-08-05,8578.91
SW273,2018-08-06,8578.91
SW273,2018-08-07,8636.83
SW273,2018-08-08,8714.58
SW273,2018-08-09,8695.08
SW273,2018-08-10,8734.11
SW273,2018-08-11,8753.67
SW273,2018-08-12,8852.08
SW273,2018-08-13,8971.41
SW273,2018-08-14,9011.49
SW273,2018-08-15,9071.9
SW273,2018-08-16,9031.59
SW273,2018-08-17,8911.57
SW273,2018-08-18,8773.28
SW273,2018-08-19,8714.58
SW273,2018-08-20,8578.91
SW273,2018-08-21,8540.48
SW273,2018-08-22,8350.54
SW273,2018-08-23,8238.32
SW273,2018-08-24,8145.79
SW273,2018-08-25,8109.03
SW273,2018-08-26,8145.79
SW273,2018-08-27,8182.7
SW273,2018-08-28,8294.27
SW273,2018-08-29,8350.54
SW273,2018-08-30,8312.99
SW273,2018-08-31,8294.27
SW273,2018-09-01,8275.58
SW273,2018-09-02,8256.93
SW273,2018-09-03,8164.23
SW273,2018-09-04,8090.7
SW273,2018-09-05,8072.41
SW273,2018-09-06,8072.41
SW273,2018-09-07,8238.32
SW273,2018-09-08,8294.27
SW273,2018-09-09,8312.99
SW273,2018-09-10,8312.99
SW273,2018-09-11,8426.08
SW273,2018-09-12,8540.48
SW273,2018-09-13,8540.48
SW273,2018-09-14,8617.49
SW273,2018-09-15,8656.21
SW273,2018-09-16,8656.21
SW273,2018-09-17,8598.18
SW273,2018-09-18,8540.48
SW273,2018-09-19,8483.11
SW273,2018-09-20,8464.07
SW273,2018-09-21,8578.91
SW273,2018-09-22,8578.91
SW273,2018-09-23,8464.07
SW273,2018-09-24,8256.93
SW273,2018-09-25,8127.39
SW273,2018-09-26,7999.6
SW273,2018-09-27,7891.43
SW273,2018-09-28,7731.53
SW273,2018-09-29,7591.72
SW273,2018-09-30,7437.04
SW273,2018-10-01,7251.65
SW273,2018-10-02,6989.06
SW273,2018-10-03,6734.65
SW273,2018-10-04,6518.58
SW273,2018-10-05,6323.29
SW273,2018-10-06,6264.22
SW273,2018-10-07,6205.62
SW273,2018-10-08,6234.86
SW273,2018-10-09,6382.84
SW273,2018-10-10,6473.06
SW273,2018-10-11,6595.06
SW273,2018-10-12,6656.79
SW273,2018-10-13,6564.38
SW273,2018-10-14,6427.82
SW273,2018-10-15,6089.82
SW273,2018-10-16,5698.98
SW273,2018-10-17,5485.43
SW273,2018-10-18,5266.08
SW273,2018-10-19,5177.97
SW273,2018-10-20,5381.25
SW273,2018-10-21,5368.35
SW273,2018-10-22,5446.16
SW273,2018-10-23,5524.94
SW273,2018-10-24,5618.08
SW273,2018-10-25,5644.94
SW273,2018-10-26,5644.94
SW273,2018-10-27,5618.08
SW273,2018-10-28,5578.0
SW273,2018-10-29,5459.23
SW273,2018-10-30,5446.16
SW273,2018-10-31,5381.25
SW273,2018-11-01,5228.16
SW273,2018-11-02,5190.48
SW273,2018-11-03,5029.85
SW273,2018-11-04,5115.8
SW273,2018-11-05,5177.97
SW273,2018-11-06,5240.78
SW273,2018-11-07,5228.16
SW273,2018-11-08,5240.78
SW273,2018-11-09,5177.97
SW273,2018-11-10,5153.02
SW273,2018-11-11,5128.18
SW273,2018-11-12,4945.13
SW273,2018-11-13,4909.2
SW273,2018-11-14,4873.49
SW273,2018-11-15,4838.01
SW273,2018-11-16,4709.78
SW273,2018-11-17,4652.46
SW273,2018-11-18,4607.04
SW273,2018-11-19,4607.04
SW273,2018-11-20,4652.46
SW273,2018-11-21,4744.46
SW273,2018-11-22,4861.64
SW273,2018-11-23,4921.15
SW273,2018-11-24,5042.05
SW273,2018-11-25,5054.28
SW273,2018-11-26,5066.53
SW273,2018-11-27,5066.53
SW273,2018-11-28,4981.29
SW273,2018-11-29,4838.01
SW273,2018-11-30,4721.31
SW273,2018-12-01,4607.04
SW273,2018-12-02,4539.62
SW273,2018-12-03,4562.0
SW273,2018-12-04,4562.0
SW273,2018-12-05,4573.22
SW273,2018-12-06,4607.04
SW273,2018-12-07,4629.7
SW273,2018-12-08,4607.04
SW273,2018-12-09,4607.04
SW273,2018-12-10,4517.33
SW273,2018-12-11,4451.04
SW273,2018-12-12,4440.07
SW273,2018-12-13,4363.94
SW273,2018-12-14,4310.25
SW273,2018-12-15,4204.56
SW273,2018-12-16,4194.11
SW273,2018-12-17,4040.06
SW273,2018-12-18,4029.97
SW273,2018-12-19,4121.61
SW273,2018-12-20,4183.69
SW273,2018-12-21,4225.51
SW273,2018-12-22,4407.3
SW273,2018-12-23,4462.03
SW273,2018-12-24,4595.74
SW273,2018-12-25,4629.7
SW273,2018-12-26,4573.22
SW273,2018-12-27,4462.03
SW273,2018-12-28,4440.07
SW273,2018-12-29,4288.93
SW273,2018-12-30,4257.12
SW273,2018-12-31,4121.61
SW273,2019-06-02,2604.62
SW273,2019-06-03,2875.0
SW273,2019-06-04,3867.38
SW273,2019-06-05,4317.62
SW273,2019-06-06,4213.45
SW273,2019-06-07,4248.16
SW273,2019-06-08,3971.01
SW273,2019-06-09,3971.01
SW273,2019-06-10,3523.19
SW273,2019-06-11,3351.84
SW273,2019-06-12,3146.94
SW273,2019-06-13,3078.81
SW273,2019-06-14,3249.29
SW273,2019-06-15,3420.32
SW273,2019-06-16,3832.87
SW273,2019-06-17,4109.44
SW273,2019-06-18,4282.88
SW273,2019-06-19,4421.94
SW273,2019-06-20,4456.75
SW273,2019-06-21,4526.41
SW273,2019-06-22,4840.7
SW273,2019-06-23,4875.7
SW273,2019-06-24,4631.03
SW273,2019-06-25,4561.27
SW273,2019-06-26,4456.75
SW273,2019-06-27,4456.75
SW273,2019-06-28,4980.79
SW273,2019-06-29,5296.86
SW273,2019-06-30,5826.17
SW273,2019-07-01,6572.13
SW273,2019-07-02,7466.91
SW273,2019-07-03,7934.85
SW273,2019-07-04,7862.75
SW273,2019-07-05,7538.79
SW273,2019-07-06,7790.69
SW273,2019-07-07,7754.67
SW273,2019-07-08,7682.67
SW273,2019-07-09,7610.71
SW273,2019-07-10,7610.71
SW273,2019-07-11,7934.85
SW273,2019-07-12,8513.09
SW273,2019-07-13,9239.25
SW273,2019-07-14,10261.7
SW273,2019-07-15,11069.48
SW273,2019-07-16,11511.62
SW273,2019-07-17,11806.96
SW273,2019-07-18,12028.76
SW273,2019-07-19,12213.78
SW273,2019-07-20,12324.88
SW273,2019-07-21,12324.88
SW273,2019-07-22,12324.88
SW273,2019-07-23,12213.78
SW273,2019-07-24,12287.84
SW273,2019-07-25,12361.92
SW273,2019-07-26,12324.88
SW273,2019-07-27,12250.81
SW273,2019-07-28,12139.75
SW273,2019-07-29,12139.75
SW273,2019-07-30,12028.76
SW273,2019-07-31,11880.86
SW273,2019-08-01,11770.01
SW273,2019-08-02,11696.15
SW273,2019-08-03,11696.15
SW273,2019-08-04,11585.41
SW273,2019-08-05,11437.85
SW273,2019-08-06,11216.74
SW273,2019-08-07,11106.28
SW273,2019-08-08,11106.28
SW273,2019-08-09,10775.31
SW273,2019-08-10,10188.46
SW273,2019-08-11,9786.18
SW273,2019-08-12,9421.35
SW273,2019-08-13,9130.1
SW273,2019-08-14,9275.65
SW273,2019-08-15,9312.06
SW273,2019-08-16,9239.25
SW273,2019-08-17,9312.06
SW273,2019-08-18,9312.06
SW273,2019-08-19,9239.25
SW273,2019-08-20,9021.02
SW273,2019-08-21,8658.03
SW273,2019-08-22,8295.96
SW273,2019-08-23,8115.28
SW273,2019-08-24,7970.92
SW273,2019-08-25,7790.69
SW273,2019-08-26,7610.71
SW273,2019-08-27,7466.91
SW273,2019-08-28,7323.29
SW273,2019-08-29,7502.85
SW273,2019-08-30,7502.85
SW273,2019-08-31,7574.74
SW273,2019-09-01,7610.71
SW273,2019-09-02,7646.68
SW273,2019-09-03,7718.67
SW273,2019-09-04,7682.67
SW273,2019-09-05,7466.91
SW273,2019-09-06,7251.54
SW273,2019-09-07,6821.96
SW273,2019-09-08,6643.45
SW273,2019-09-09,6038.74
SW273,2019-09-10,5755.42
SW273,2019-09-11,5649.39
SW273,2019-09-12,5932.4
SW273,2019-09-13,5967.83
SW273,2019-09-14,6251.76
SW273,2019-09-15,6251.76
SW273,2019-09-16,6394.03
SW273,2019-09-17,6679.13
SW273,2019-09-18,6821.96
SW273,2019-09-19,7108.17
SW273,2019-09-20,7215.68
SW273,2019-09-21,7072.35
SW273,2019-09-22,7072.35
SW273,2019-09-23,6929.2
SW273,2019-09-24,7179.83
SW273,2019-09-25,7323.29
SW273,2019-09-26,7323.29
SW273,2019-09-27,7502.85
SW273,2019-09-28,7610.71
SW273,2019-09-29,8007.0
SW273,2019-09-30,8223.66
SW273,2019-10-01,8585.54
SW273,2019-10-02,8766.83
SW273,2019-10-03,8730.56
SW273,2019-10-04,8440.68
SW273,2019-10-05,8151.4
SW273,2019-10-06,7970.92
SW273,2019-10-07,7538.79
SW273,2019-10-08,7359.18
SW273,2019-10-09,7251.54
SW273,2019-10-10,7179.83
SW273,2019-10-11,7143.99
SW273,2019-10-12,7072.35
SW273,2019-10-13,6679.13
SW273,2019-10-14,6465.23
SW273,2019-10-15,6145.19
SW273,2019-10-16,5967.83
SW273,2019-10-17,5649.39
SW273,2019-10-18,5121.12
SW273,2019-10-19,4840.7
SW273,2019-10-20,4387.15
SW273,2019-10-21,3832.87
SW273,2019-10-22,3283.45
SW273,2019-10-23,3044.78
SW273,2019-10-24,2807.25
SW273,2019-10-25,2807.25
SW273,2019-10-26,3317.64
SW273,2019-10-27,3591.87
SW273,2019-10-28,3660.63
SW273,2019-10-29,3832.87
SW273,2019-10-30,3798.39
SW273,2019-10-31,3798.39
SW273,2019-11-01,3420.32
SW273,2019-11-02,3112.86
SW273,2019-11-03,2570.94
SW273,2019-11-04,2269.06
SW273,2019-11-05,2002.76
SW273,2019-11-06,1771.5
SW273,2019-11-07,1607.42
SW273,2019-11-08,1837.39
SW273,2019-11-09,2369.43
SW273,2019-11-10,3215.15
SW273,2019-11-11,3660.63
SW273,2019-11-12,3215.15
SW273,2019-11-13,2705.82
SW273,2019-11-14,2503.66
SW273,2019-11-15,2503.66
SW273,2019-11-16,2135.66
SW273,2019-11-17,1672.93
SW273,2019-11-18,1509.45
SW273,2019-11-19,1057.8
SW273,2019-11-20,679.84
SW273,2019-11-21,255.99
SW273,2019-11-22,314.88
SW273,2019-11-23,434.6
SW273,2019-11-24,648.84
SW273,2019-11-25,836.08
SW273,2019-11-26,1089.72
SW273,2019-11-27,804.68
SW273,2019-11-28,1153.74
SW273,2019-11-29,836.08
SW273,2019-11-30,679.84
SW273,2020-06-01,5865.61
SW273,2020-06-02,5930.71
SW273,2020-06-03,6040.67
SW273,2020-06-04,6197.71
SW273,2020-06-05,6312.13
SW273,2020-06-06,6475.52
SW273,2020-06-07,6570.6
SW273,2020-06-08,6499.18
SW273,2020-06-09,6546.71
SW273,2020-06-10,6691.22
SW273,2020-06-11,6789.16
SW273,2020-06-12,6863.46
SW273,2020-06-13,7065.2
SW273,2020-06-14,7193.99
SW273,2020-06-15,7116.47
SW273,2020-06-16,7090.79
SW273,2020-06-17,7039.69
SW273,2020-06-18,7324.91
SW273,2020-06-19,7484.85
SW273,2020-06-20,7786.3
SW273,2020-06-21,7842.27
SW273,2020-06-22,8098.68
SW273,2020-06-23,8185.82
SW273,2020-06-24,8244.38
SW273,2020-06-25,8244.38
SW273,2020-06-26,8332.93
SW273,2020-06-27,8392.45
SW273,2020-06-28,8757.67
SW273,2020-06-29,9137.21
SW273,2020-06-30,9768.63
SW273,2020-07-01,10223.12
SW273,2020-07-02,10622.52
SW273,2020-07-03,11074.28
SW273,2020-07-04,11345.76
SW273,2020-07-05,11623.24
SW273,2020-07-06,11825.19
SW273,2020-07-07,11865.95
SW273,2020-07-08,11825.19
SW273,2020-07-09,11583.23
SW273,2020-07-10,11424.42
SW273,2020-07-11,11543.34
SW273,2020-07-12,11989.02
SW273,2020-07-13,12450.2
SW273,2020-07-14,12708.45
SW273,2020-07-15,12971.54
SW273,2020-07-16,13104.93
SW273,2020-07-17,13194.54
SW273,2020-07-18,13194.54
SW273,2020-07-19,13194.54
SW273,2020-07-20,13558.55
SW273,2020-07-21,13884.48
SW273,2020-07-22,14459.73
SW273,2020-07-23,14855.12
SW273,2020-07-24,15158.04
SW273,2020-07-25,15311.59
SW273,2020-07-26,15209.07
SW273,2020-07-27,15158.04
SW273,2020-07-28,15107.17
SW273,2020-07-29,14905.22
SW273,2020-07-30,14755.36
SW273,2020-07-31,14656.22
SW273,2020-08-01,14459.73
SW273,2020-08-02,14362.38
SW273,2020-08-03,14169.46
SW273,2020-08-04,13884.48
SW273,2020-08-05,13837.48
SW273,2020-08-06,13931.61
SW273,2020-08-07,13558.55
SW273,2020-08-08,13194.54
SW273,2020-08-09,12839.39
SW273,2020-08-10,12578.73
SW273,2020-08-11,12238.62
SW273,2020-08-12,12030.3
SW273,2020-08-13,11463.94
SW273,2020-08-14,11306.61
SW273,2020-08-15,11267.59
SW273,2020-08-16,11228.68
SW273,2020-08-17,11306.61
SW273,2020-08-18,11424.42
SW273,2020-08-19,11424.42
SW273,2020-08-20,11543.34
SW273,2020-08-21,11543.34
SW273,2020-08-22,11703.64
SW273,2020-08-23,11424.42
SW273,2020-08-24,11228.68
SW273,2020-08-25,11035.98
SW273,2020-08-26,10771.22
SW273,2020-08-27,10439.26
SW273,2020-08-28,10081.28
SW273,2020-08-29,9768.63
SW273,2020-08-30,9498.11
SW273,2020-08-31,9365.41
SW273,2020-09-01,9398.43
SW273,2020-09-02,9365.41
SW273,2020-09-03,9464.78
SW273,2020-09-04,9365.41
SW273,2020-09-05,9299.69
SW273,2020-09-06,9105.02
SW273,2020-09-07,8695.82
SW273,2020-09-08,8512.63
SW273,2020-09-09,8573.3
SW273,2020-09-10,8542.92
SW273,2020-09-11,8362.64
SW273,2020-09-12,8303.32
SW273,2020-09-13,8185.82
SW273,2020-09-14,8185.82
SW273,2020-09-15,8362.64
SW273,2020-09-16,8392.45
SW273,2020-09-17,8757.67
SW273,2020-09-18,9072.94
SW273,2020-09-19,9431.55
SW273,2020-09-20,9734.44
SW273,2020-09-21,9802.93
SW273,2020-09-22,10116.57
SW273,2020-09-23,9941.23
SW273,2020-09-24,9802.93
SW273,2020-09-25,9598.75
SW273,2020-09-26,9871.86
SW273,2020-09-27,10151.98
SW273,2020-09-28,10366.76
SW273,2020-09-29,10585.64
SW273,2020-09-30,10659.52
SW273,2020-10-01,10696.64
SW273,2020-10-02,10846.27
SW273,2020-10-03,10997.8
SW273,2020-10-04,10921.8
SW273,2020-10-05,10808.69
SW273,2020-10-06,10622.52
SW273,2020-10-07,10439.26
SW273,2020-10-08,10187.49
SW273,2020-10-09,9871.86
SW273,2020-10-10,9531.55
SW273,2020-10-11,9201.89
SW273,2020-10-12,8851.19
SW273,2020-10-13,8573.3
SW273,2020-10-14,8332.93
SW273,2020-10-15,8332.93
SW273,2020-10-16,8303.32
SW273,2020-10-17,8215.05
SW273,2020-10-18,8098.68
SW273,2020-10-19,7926.91
SW273,2020-10-20,7620.54
SW273,2020-10-21,7377.88
SW273,2020-10-22,7142.22
SW273,2020-10-23,7404.49
SW273,2020-10-24,7484.85
SW273,2020-10-25,6863.46
SW273,2020-10-26,6499.18
SW273,2020-10-27,6266.13
SW273,2020-10-28,6062.88
SW273,2020-10-29,5996.47
SW273,2020-10-30,5952.56
SW273,2020-10-31,6018.53
SW273,2021-06-01,3050.85
SW273,2021-06-02,2912.37
SW273,2021-06-03,2644.28
SW273,2021-06-04,2592.09
SW273,2021-06-05,2644.28
SW273,2021-06-06,2670.55
SW273,2021-06-07,2830.7
SW273,2021-06-08,3022.92
SW273,2021-06-09,3050.85
SW273,2021-06-10,3192.26
SW273,2021-06-11,3818.05
SW273,2021-06-12,4263.54
SW273,2021-06-13,4697.27
SW273,2021-06-14,4903.92
SW273,2021-06-15,5079.24
SW273,2021-06-16,5043.95
SW273,2021-06-17,4629.29
SW273,2021-06-18,4697.27
SW273,2021-06-19,4938.76
SW273,2021-06-20,4296.22
SW273,2021-06-21,4198.52
SW273,2021-06-22,4428.08
SW273,2021-06-23,4629.29
SW273,2021-06-24,5043.95
SW273,2021-06-25,5329.4
SW273,2021-06-26,5511.46
SW273,2021-06-27,5585.06
SW273,2021-06-28,5474.82
SW273,2021-06-29,5293.33
SW273,2021-06-30,5622.03
SW273,2021-07-01,5959.78
SW273,2021-07-02,6542.67
SW273,2021-07-03,6782.77
SW273,2021-07-04,6863.69
SW273,2021-07-05,7274.84
SW273,2021-07-06,7526.77
SW273,2021-07-07,7955.37
SW273,2021-07-08,8483.99
SW273,2021-07-09,8799.53
SW273,2021-07-10,9074.18
SW273,2021-07-11,9259.43
SW273,2021-07-12,9306.0
SW273,2021-07-13,9166.59
SW273,2021-07-14,9306.0
SW273,2021-07-15,9493.39
SW273,2021-07-16,9493.39
SW273,2021-07-17,9166.59
SW273,2021-07-18,8890.65
SW273,2021-07-19,8890.65
SW273,2021-07-20,8845.04
SW273,2021-07-21,8799.53
SW273,2021-07-22,9212.95
SW273,2021-07-23,9635.05
SW273,2021-07-24,9635.05
SW273,2021-07-25,9635.05
SW273,2021-07-26,9540.5
SW273,2021-07-27,9399.48
SW273,2021-07-28,8890.65
SW273,2021-07-29,8936.37
SW273,2021-07-30,8845.04
SW273,2021-07-31,8439.35
SW273,2021-08-01,7998.83
SW273,2021-08-02,7654.21
SW273,2021-08-03,7400.31
SW273,2021-08-04,7400.31
SW273,2021-08-05,7233.23
SW273,2021-08-06,7274.84
SW273,2021-08-07,7611.62
SW273,2021-08-08,8173.74
SW273,2021-08-09,8528.75
SW273,2021-08-10,8708.84
SW273,2021-08-11,8936.37
SW273,2021-08-12,9259.43
SW273,2021-08-13,9682.48
SW273,2021-08-14,9969.32
SW273,2021-08-15,10162.67
SW273,2021-08-16,10603.92
SW273,2021-08-17,10603.92
SW273,2021-08-18,10953.04
SW273,2021-08-19,11104.24
SW273,2021-08-20,11307.33
SW273,2021-08-21,11409.5
SW273,2021-08-22,11307.33
SW273,2021-08-23,11770.41
SW273,2021-08-24,12083.86
SW273,2021-08-25,12561.08
SW273,2021-08-26,12668.28
SW273,2021-08-27,12668.28
SW273,2021-08-28,12668.28
SW273,2021-08-29,12722.03
SW273,2021-08-30,12668.28
SW273,2021-08-31,12507.64
SW273,2021-09-01,12454.3
SW273,2021-09-02,12347.94
SW273,2021-09-03,12083.86
SW273,2021-09-04,12136.46
SW273,2021-09-05,12031.35
SW273,2021-09-06,12347.94
SW273,2021-09-07,12938.1
SW273,2021-09-08,12668.28
SW273,2021-09-09,12561.08
SW273,2021-09-10,11874.47
SW273,2021-09-11,12031.35
SW273,2021-09-12,11770.41
SW273,2021-09-13,11615.1
SW273,2021-09-14,10752.91
SW273,2021-09-15,10065.78
SW273,2021-09-16,9306.0
SW273,2021-09-17,8618.58
SW273,2021-09-18,8350.38
SW273,2021-09-19,8042.39
SW273,2021-09-20,7998.83
SW273,2021-09-21,7912.02
SW273,2021-09-22,7825.65
SW273,2021-09-23,7484.51
SW273,2021-09-24,7026.83
SW273,2021-09-25,6782.77
SW273,2021-09-26,6463.51
SW273,2021-09-27,5997.87
SW273,2021-09-28,5771.03
SW273,2021-09-29,5585.06
SW273,2021-09-30,4903.92
SW273,2021-10-01,4561.77
SW273,2021-10-02,4037.98
SW273,2021-10-03,3974.57
SW273,2021-10-04,4329.01
SW273,2021-10-05,4938.76
SW273,2021-10-06,5150.15
SW273,2021-10-07,5401.89
SW273,2021-10-08,5329.4
SW273,2021-10-09,5585.06
SW273,2021-10-10,5474.82
SW273,2021-10-11,5043.95
SW273,2021-10-12,4731.43
SW273,2021-10-13,4394.95
SW273,2021-10-14,3943.03
SW273,2021-10-15,3756.25
SW273,2021-10-16,3634.03
SW273,2021-10-17,3513.67
SW273,2021-10-18,4230.97
SW273,2021-10-19,4595.47
SW273,2021-10-20,4461.33
SW273,2021-10-21,4629.29
SW273,2021-10-22,4361.92
SW273,2021-10-23,4069.86
SW273,2021-10-24,4006.22
SW273,2021-10-25,4133.96
SW273,2021-10-26,3911.61
SW273,2021-10-27,3787.09
SW273,2021-10-28,3424.61
SW273,2021-10-29,3336.61
SW273,2021-10-30,3078.9
SW273,2021-10-31,2912.37
SW273,2022-06-01,7981.03
SW273,2022-06-02,7785.99
SW273,2022-06-03,7761.74
SW273,2022-06-04,7792.05
SW273,2022-06-05,7689.17
SW273,2022-06-06,7895.47
SW273,2022-06-07,7968.78
SW273,2022-06-08,8165.57
SW273,2022-06-09,8277.08
SW273,2022-06-10,8495.58
SW273,2022-06-11,8971.2
SW273,2022-06-12,9352.38
SW273,2022-06-13,9733.06
SW273,2022-06-14,10254.26
SW273,2022-06-15,10689.74
SW273,2022-06-16,11153.13
SW273,2022-06-17,11680.85
SW273,2022-06-18,14212.86
SW273,2022-06-19,16169.51
SW273,2022-06-20,17370.11
SW273,2022-06-21,18307.08
SW273,2022-06-22,18722.99
SW273,2022-06-23,18842.49
SW273,2022-06-24,18808.32
SW273,2022-06-25,18654.84
SW273,2022-06-26,18256.41
SW273,2022-06-27,17936.71
SW273,2022-06-28,17394.96
SW273,2022-06-29,17089.46
SW273,2022-06-30,16933.4
SW273,2022-07-01,16933.4
SW273,2022-07-02,16933.4
SW273,2022-07-03,16810.58
SW273,2022-07-04,16557.87
SW273,2022-07-05,16347.07
SW273,2022-07-06,15888.59
SW273,2022-07-07,15617.53
SW273,2022-07-08,15340.39
SW273,2022-07-09,14846.4
SW273,2022-07-10,14358.7
SW273,2022-07-11,13673.01
SW273,2022-07-12,13605.16
SW273,2022-07-13,13417.37
SW273,2022-07-14,13215.69
SW273,2022-07-15,12970.82
SW273,2022-07-16,12771.78
SW273,2022-07-17,12066.64
SW273,2022-07-18,11823.17
SW273,2022-07-19,11356.06
SW273,2022-07-20,10450.72
SW273,2022-07-21,9634.05
SW273,2022-07-22,9561.68
SW273,2022-07-23,9086.84
SW273,2022-07-24,8552.13
SW273,2022-07-25,8364.22
SW273,2022-07-26,8320.61
SW273,2022-07-27,8420.42
SW273,2022-07-28,8602.51
SW273,2022-07-29,8539.55
SW273,2022-07-30,8539.55
SW273,2022-07-31,8621.43
SW273,2022-08-01,8849.76
SW273,2022-08-02,8939.18
SW273,2022-08-03,8894.43
SW273,2022-08-04,9119.06
SW273,2022-08-05,9482.98
SW273,2022-08-06,9759.54
SW273,2022-08-07,10045.86
SW273,2022-08-08,9972.31
SW273,2022-08-09,9832.47
SW273,2022-08-10,10457.52
SW273,2022-08-11,10676.03
SW273,2022-08-12,10328.61
SW273,2022-08-13,10261.01
SW273,2022-08-14,10655.47
SW273,2022-08-15,10710.33
SW273,2022-08-16,9805.93
SW273,2022-08-17,9086.84
SW273,2022-08-18,8252.25
SW273,2022-08-19,7701.25
SW273,2022-08-20,7701.25
SW273,2022-08-21,6960.71
SW273,2022-08-22,6227.28
SW273,2022-08-23,5886.14
SW273,2022-08-24,6155.13
SW273,2022-08-25,6171.75
SW273,2022-08-26,6066.79
SW273,2022-08-27,6155.13
SW273,2022-08-28,6288.58
SW273,2022-08-29,6519.11
SW273,2022-08-30,6445.67
SW273,2022-08-31,6609.95
SW273,2022-09-01,6862.25
SW273,2022-09-02,7053.87
SW273,2022-09-03,7124.06
SW273,2022-09-04,7277.06
SW273,2022-09-05,7354.03
SW273,2022-09-06,7383.72
SW273,2022-09-07,7473.06
SW273,2022-09-08,7610.85
SW273,2022-09-09,7987.15
SW273,2022-09-10,8608.82
SW273,2022-09-11,9170.71
SW273,2022-09-12,9587.97
SW273,2022-09-13,9978.98
SW273,2022-09-14,10126.33
SW273,2022-09-15,9832.47
SW273,2022-09-16,9384.96
SW273,2022-09-17,8971.2
SW273,2022-09-18,8370.46
SW273,2022-09-19,8030.08
SW273,2022-09-20,7877.18
SW273,2022-09-21,7804.19
SW273,2022-09-22,7508.91
SW273,2022-09-23,7401.55
SW273,2022-09-24,7383.72
SW273,2022-09-25,7395.6
SW273,2022-09-26,7671.07
SW273,2022-09-27,7719.38
SW273,2022-09-28,7755.68
SW273,2022-09-29,8110.04
SW273,2022-09-30,8036.22
SW273,2022-10-01,7773.86
SW273,2022-10-02,7610.85
SW273,2022-10-03,7616.87
SW273,2022-10-04,7520.88
SW273,2022-10-05,7218.06
SW273,2022-10-06,7171.0
SW273,2022-10-07,7176.88
SW273,2022-10-08,6966.52
SW273,2022-10-09,7124.06
SW273,2022-10-10,7194.52
SW273,2022-10-11,7212.17
SW273,2022-10-12,7288.88
SW273,2022-10-13,7223.95
SW273,2022-10-14,7288.88
SW273,2022-10-15,7277.06
SW273,2022-10-16,7235.74
SW273,2022-10-17,7212.17
SW273,2022-10-18,7306.62
SW273,2022-10-19,7461.12
SW273,2022-10-20,7407.5
SW273,2022-10-21,7479.03
SW273,2022-10-22,7485.0
SW273,2022-10-23,7342.17
SW273,2022-10-24,7229.85
SW273,2022-10-25,9555.12
SW273,2022-10-26,9022.53
SW273,2022-10-27,8596.21
SW273,2022-10-28,7743.57
SW273,2022-10-29,7135.79
SW273,2022-10-30,6288.58
SW273,2022-10-31,5670.02
SW273,2023-06-01,2348.53
SW273,2023-06-02,2752.79
SW273,2023-06-03,2954.58
SW273,2023-06-04,2841.6
SW273,2023-06-05,3005.0
SW273,2023-06-06,3058.62
SW273,2023-06-07,2983.44
SW273,2023-06-08,2613.42
SW273,2023-06-09,2621.04
SW273,2023-06-10,2662.74
SW273,2023-06-11,2760.24
SW273,2023-06-12,3076.41
SW273,2023-06-13,3154.15
SW273,2023-06-14,3517.94
SW273,2023-06-15,3911.27
SW273,2023-06-16,4136.15
SW273,2023-06-17,4426.09
SW273,2023-06-18,4429.13
SW273,2023-06-19,4693.29
SW273,2023-06-20,4954.14
SW273,2023-06-21,5369.84
SW273,2023-06-22,5644.01
SW273,2023-06-23,5755.9
SW273,2023-06-24,5893.78
SW273,2023-06-25,5874.94
SW273,2023-06-26,5950.16
SW273,2023-06-27,5947.48
SW273,2023-06-28,6000.97
SW273,2023-06-29,6120.59
SW273,2023-06-30,6035.63
SW273,2023-07-01,6202.41
SW273,2023-07-02,6388.1
SW273,2023-07-03,6609.97
SW273,2023-07-04,6909.33
SW273,2023-07-05,7218.05
SW273,2023-07-06,7428.87
SW273,2023-07-07,7644.39
SW273,2023-07-08,7682.86
SW273,2023-07-09,7697.26
SW273,2023-07-10,7593.77
SW273,2023-07-11,7523.64
SW273,2023-07-12,7416.68
SW273,2023-07-13,7436.18
SW273,2023-07-14,7445.92
SW273,2023-07-15,7501.81
SW273,2023-07-16,7627.53
SW273,2023-07-17,7680.45
SW273,2023-07-18,7697.26
SW273,2023-07-19,7690.06
SW273,2023-07-20,7673.25
SW273,2023-07-21,7637.17
SW273,2023-07-22,7588.94
SW273,2023-07-23,7513.94
SW273,2023-07-24,7365.41
SW273,2023-07-25,7205.71
SW273,2023-07-26,7046.98
SW273,2023-07-27,7027.03
SW273,2023-07-28,6757.83
SW273,2023-07-29,6615.1
SW273,2023-07-30,6509.76
SW273,2023-07-31,6419.26
SW273,2023-08-01,6468.45
SW273,2023-08-02,6803.43
SW273,2023-08-03,6936.95
SW273,2023-08-04,6921.89
SW273,2023-08-05,6906.82
SW273,2023-08-06,6916.87
SW273,2023-08-07,7198.3
SW273,2023-08-08,7119.09
SW273,2023-08-09,6901.79
SW273,2023-08-10,6856.47
SW273,2023-08-11,6823.66
SW273,2023-08-12,6770.51
SW273,2023-08-13,6891.73
SW273,2023-08-14,7237.77
SW273,2023-08-15,7148.84
SW273,2023-08-16,7255.01
SW273,2023-08-17,7296.8
SW273,2023-08-18,7475.1
SW273,2023-08-19,7615.48
SW273,2023-08-20,7581.7
SW273,2023-08-21,7591.36
SW273,2023-08-22,7472.67
SW273,2023-08-23,7397.17
SW273,2023-08-24,7284.52
SW273,2023-08-25,7151.31
SW273,2023-08-26,7106.68
SW273,2023-08-27,7056.94
SW273,2023-08-28,7101.71
SW273,2023-08-29,7267.31
SW273,2023-08-30,7404.49
SW273,2023-08-31,7523.64
SW273,2023-09-01,7613.07
SW273,2023-09-02,7814.47
SW273,2023-09-03,7900.1
SW273,2023-09-04,7930.93
SW273,2023-09-05,7904.85
SW273,2023-09-06,7773.89
SW273,2023-09-07,7656.42
SW273,2023-09-08,7343.38
SW273,2023-09-09,7282.06
SW273,2023-09-10,7009.55
SW273,2023-09-11,6783.18
SW273,2023-09-12,6617.66
SW273,2023-09-13,6553.52
SW273,2023-09-14,6625.33
SW273,2023-09-15,6617.66
SW273,2023-09-16,6473.62
SW273,2023-09-17,6336.03
SW273,2023-09-18,6207.67
SW273,2023-09-19,6249.71
SW273,2023-09-20,6268.06
SW273,2023-09-21,6312.54
SW273,2023-09-22,6173.43
SW273,2023-09-23,6035.63
SW273,2023-09-24,5747.74
SW273,2023-09-25,5646.75
SW273,2023-09-26,5657.71
SW273,2023-09-27,5753.18
SW273,2023-09-28,5872.25
SW273,2023-09-29,6104.7
SW273,2023-09-30,6478.79
SW273,2023-10-01,6671.32
SW273,2023-10-02,6727.35
SW273,2023-10-03,6704.45
SW273,2023-10-04,6653.46
SW273,2023-10-05,6622.78
SW273,2023-10-06,6833.76
SW273,2023-10-07,7208.18
SW273,2023-10-08,6894.25
SW273,2023-10-09,6757.83
SW273,2023-10-10,6676.43
SW273,2023-10-11,6507.18
SW273,2023-10-12,6442.58
SW273,2023-10-13,6445.17
SW273,2023-10-14,6411.47
SW273,2023-10-15,6382.9
SW273,2023-10-16,6317.76
SW273,2023-10-17,6239.21
SW273,2023-10-18,6094.09
SW273,2023-10-19,5944.8
SW273,2023-10-20,5704.17
SW273,2023-10-21,5308.1
SW273,2023-10-22,5023.48
SW273,2023-10-23,4690.33
SW273,2023-10-24,4531.97
SW273,2023-10-25,4395.64
SW273,2023-10-26,4444.31
SW273,2023-10-27,4398.68
SW273,2023-10-28,4377.32
SW273,2023-10-29,4272.91
SW273,2023-10-30,4226.5
SW273,2023-10-31,4016.46
SW273,2024-06-11,156.43
SW273,2024-06-13,156.43
SW273,2024-06-14,652.39
SW273,2024-06-15,1269.96
SW273,2024-06-16,1738.39
SW273,2024-06-17,2773.71
SW273,2024-06-18,3577.23
SW273,2024-06-19,5662.54
SW273,2024-06-20,7731.38
SW273,2024-06-21,9047.66
SW273,2024-06-22,10072.75
SW273,2024-06-23,10765.14
SW273,2024-06-24,11076.83
SW273,2024-06-25,11262.98
SW273,2024-06-26,11014.64
SW273,2024-06-27,10890.04
SW273,2024-06-28,10952.37
SW273,2024-06-29,10890.04
SW273,2024-06-30,10765.14
SW273,2024-07-01,10765.14
SW273,2024-07-02,11014.64
SW273,2024-07-03,11879.02
SW273,2024-07-04,12488.57
SW273,2024-07-05,12971.84
SW273,2024-07-06,13630.38
SW273,2024-07-07,13986.83
SW273,2024-07-08,14223.43
SW273,2024-07-09,14223.43
SW273,2024-07-10,14223.43
SW273,2024-07-11,13986.83
SW273,2024-07-12,13927.55
SW273,2024-07-13,14223.43
SW273,2024-07-14,14694.24
SW273,2024-07-15,14518.05
SW273,2024-07-16,14400.35
SW273,2024-07-17,14105.23
SW273,2024-07-18,14046.06
SW273,2024-07-19,13808.84
SW273,2024-07-20,13331.87
SW273,2024-07-21,13451.44
SW273,2024-07-22,13331.87
SW273,2024-07-23,13031.98
SW273,2024-07-24,12911.63
SW273,2024-07-25,12730.67
SW273,2024-07-26,12427.89
SW273,2024-07-27,11817.72
SW273,2024-07-28,11138.95
SW273,2024-07-29,10702.58
SW273,2024-07-30,10514.45
SW273,2024-07-31,9241.61
SW273,2024-08-01,8657.17
SW273,2024-08-02,8787.73
SW273,2024-08-03,8852.86
SW273,2024-08-04,8852.86
SW273,2024-08-05,8657.17
SW273,2024-08-06,8722.5
SW273,2024-08-07,8917.89
SW273,2024-08-08,9177.06
SW273,2024-08-09,9047.66
SW273,2024-08-10,8917.89
SW273,2024-08-11,8657.17
SW273,2024-08-12,8657.17
SW273,2024-08-13,8526.2
SW273,2024-08-14,8591.74
SW273,2024-08-15,8591.74
SW273,2024-08-16,8591.74
SW273,2024-08-17,8787.73
SW273,2024-08-18,8982.83
SW273,2024-08-19,9306.08
SW273,2024-08-20,10009.33
SW273,2024-08-21,11262.98
SW273,2024-08-22,11633.41
SW273,2024-08-23,11940.26
SW273,2024-08-24,12184.58
SW273,2024-08-25,12001.43
SW273,2024-08-26,11940.26
SW273,2024-08-27,11324.89
SW273,2024-08-28,10451.59
SW273,2024-08-29,9690.97
SW273,2024-08-30,9241.61
SW273,2024-08-31,9112.41
SW273,2024-09-01,9112.41
SW273,2024-09-02,8917.89
SW273,2024-09-03,8917.89
SW273,2024-09-04,8982.83
SW273,2024-09-05,8787.73
SW273,2024-09-06,8657.17
SW273,2024-09-07,8526.2
SW273,2024-09-08,8657.17
SW273,2024-09-09,8130.79
SW273,2024-09-10,8130.79
SW273,2024-09-11,7259.98
SW273,2024-09-12,6016.95
SW273,2024-09-13,4865.96
SW273,2024-09-14,4193.82
SW273,2024-09-15,5591.12
SW273,2024-09-16,6016.95
SW273,2024-09-17,5519.51
SW273,2024-09-18,5231.12
SW273,2024-09-19,5085.71
SW273,2024-09-20,4865.96
SW273,2024-09-21,4939.43
SW273,2024-09-22,4644.16
SW273,2024-09-23,3810.83
SW273,2024-09-24,3655.44
SW273,2024-09-25,3810.83
SW273,2024-09-26,3498.68
SW273,2024-09-27,3340.46
SW273,2024-09-28,2268.31
SW273,2024-09-29,2094.8
SW273,2024-09-30,2439.12
SW273,2024-10-01,3340.46
SW273,2024-10-02,3180.7
SW273,2024-10-03,3888.03
SW273,2024-10-04,5012.68
SW273,2024-10-05,5875.72
SW273,2024-10-06,5591.12
SW273,2024-10-07,5519.51
SW273,2024-10-08,5591.12
SW273,2024-10-09,5303.52
SW273,2024-10-10,4792.26
SW273,2024-10-11,4344.99
SW273,2024-10-12,4420.17
SW273,2024-10-13,4269.54
SW273,2024-10-14,4269.54
SW273,2024-10-15,4420.17
SW273,2024-10-16,4495.08
SW273,2024-10-17,4939.43
SW273,2024-10-18,5303.52
SW273,2024-10-19,5375.71
SW273,2024-10-20,5231.12
SW273,2024-10-21,3964.93
SW273,2024-10-22,2856.04
SW273,2024-10-23,1554.57
SW273,2024-10-24,539.15
SW273,2024-10-25,420.75
SW46.9L,2011-01-01,5626.05
SW46.9L,2011-01-02,5602.47
SW46.9L,2011-01-03,5555.55
SW46.9L,2011-01-04,5508.92
SW46.9L,2011-01-05,5416.56
SW46.9L,2011-01-06,5370.82
SW46.9L,2011-01-07,5302.76
SW46.9L,2011-01-08,5280.22
SW46.9L,2011-01-09,5213.03
SW46.9L,2011-01-10,5168.6
SW46.9L,2011-01-11,5146.49
SW46.9L,2011-01-12,5080.6
SW46.9L,2011-01-13,5058.78
SW46.9L,2011-01-14,4993.73
SW46.9L,2011-01-15,4950.73
SW46.9L,2011-01-16,4886.74
SW46.9L,2011-01-17,4865.55
SW46.9L,2011-01-18,4802.4
SW46.9L,2011-01-19,4781.49
SW46.9L,2011-01-20,4760.65
SW46.9L,2011-01-21,4739.88
SW46.9L,2011-01-22,4677.97
SW46.9L,2011-01-23,4657.47
SW46.9L,2011-01-24,4657.47
SW46.9L,2011-01-25,4637.04
SW46.9L,2011-01-26,4596.38
SW46.9L,2011-01-27,4555.99
SW46.9L,2011-01-28,4495.91
SW46.9L,2011-01-29,4456.19
SW46.9L,2011-01-30,4416.74
SW46.9L,2011-01-31,4377.55
SW46.9L,2011-02-01,4358.06
SW46.9L,2011-02-02,4319.27
SW46.9L,2011-02-03,4280.74
SW46.9L,2011-02-04,4261.57
SW46.9L,2011-02-05,4242.47
SW46.9L,2011-02-06,4204.46
SW46.9L,2011-02-07,4166.7
SW46.9L,2011-02-08,4147.93
SW46.9L,2011-02-09,4129.21
SW46.9L,2011-02-10,4110.56
SW46.9L,2011-02-11,4073.45
SW46.9L,2011-02-12,4036.59
SW46.9L,2011-02-13,4036.59
SW46.9L,2011-02-14,4018.26
SW46.9L,2011-02-15,4018.26
SW46.9L,2011-02-16,4018.26
SW46.9L,2011-02-17,4054.99
SW46.9L,2011-02-18,4073.45
SW46.9L,2011-02-19,4091.97
SW46.9L,2011-02-20,4110.56
SW46.9L,2011-02-21,4091.97
SW46.9L,2011-02-22,4073.45
SW46.9L,2011-02-23,4054.99
SW46.9L,2011-02-24,4036.59
SW46.9L,2011-02-25,4073.45
SW46.9L,2011-02-26,4280.74
SW46.9L,2011-02-27,4476.02
SW46.9L,2011-02-28,4555.99
SW46.9L,2011-03-01,4495.91
SW46.9L,2011-03-02,4358.06
SW46.9L,2011-03-03,4261.57
SW46.9L,2011-03-04,4147.93
SW46.9L,2011-03-05,4073.45
SW46.9L,2011-03-06,3999.99
SW46.9L,2011-03-07,3981.78
SW46.9L,2011-03-08,3927.53
SW46.9L,2011-03-09,3909.58
SW46.9L,2011-03-10,3856.08
SW46.9L,2011-03-11,3856.08
SW46.9L,2011-03-12,3856.08
SW46.9L,2011-03-13,3873.85
SW46.9L,2011-03-14,3891.68
SW46.9L,2011-03-15,3945.55
SW46.9L,2011-03-16,4036.59
SW46.9L,2011-03-17,4073.45
SW46.9L,2011-03-18,4185.55
SW46.9L,2011-03-19,4436.43
SW46.9L,2011-03-20,4844.43
SW46.9L,2011-03-21,5058.78
SW46.9L,2011-03-22,5146.49
SW46.9L,2011-03-23,5168.6
SW46.9L,2011-03-24,5080.6
SW46.9L,2011-03-25,5037.02
SW46.9L,2011-03-26,5037.02
SW46.9L,2011-03-27,5532.2
SW46.9L,2011-03-28,7442.81
SW46.9L,2011-03-29,8074.99
SW46.9L,2011-03-30,8137.25
SW46.9L,2011-03-31,8044.0
SW46.9L,2011-04-01,8044.0
SW46.9L,2011-04-02,8013.09
SW46.9L,2011-04-03,7890.38
SW46.9L,2011-04-04,7619.47
SW46.9L,2011-04-05,7240.65
SW46.9L,2011-04-06,7014.73
SW46.9L,2011-04-07,6848.82
SW46.9L,2011-04-08,6739.88
SW46.9L,2011-04-09,6712.85
SW46.9L,2011-04-10,6712.85
SW46.9L,2011-04-11,6632.26
SW46.9L,2011-04-12,6552.39
SW46.9L,2011-04-13,6473.26
SW46.9L,2011-04-14,6525.93
SW46.9L,2011-04-15,6525.93
SW46.9L,2011-04-16,6499.56
SW46.9L,2011-04-17,6605.55
SW46.9L,2011-04-18,6739.88
SW46.9L,2011-04-19,6794.19
SW46.9L,2011-04-20,6766.99
SW46.9L,2011-04-21,6685.9
SW46.9L,2011-04-22,6685.9
SW46.9L,2011-04-23,6986.87
SW46.9L,2011-04-24,7127.02
SW46.9L,2011-04-25,7098.82
SW46.9L,2011-04-26,7183.66
SW46.9L,2011-04-27,7738.99
SW46.9L,2011-04-28,8879.65
SW46.9L,2011-04-29,9460.5
SW46.9L,2011-04-30,9495.54
SW46.9L,2011-05-01,9217.95
SW46.9L,2011-05-02,9115.45
SW46.9L,2011-05-03,8780.02
SW46.9L,2011-05-04,8550.84
SW46.9L,2011-05-05,8358.02
SW46.9L,2011-05-06,8231.32
SW46.9L,2011-05-07,8518.47
SW46.9L,2011-05-08,8913.05
SW46.9L,2011-05-09,9286.76
SW46.9L,2011-05-10,9707.85
SW46.9L,2011-05-11,10106.39
SW46.9L,2011-05-12,10143.22
SW46.9L,2011-05-13,9252.31
SW46.9L,2011-05-14,9115.45
SW46.9L,2011-05-15,8879.65
SW46.9L,2011-05-16,9217.95
SW46.9L,2011-05-17,9286.76
SW46.9L,2011-05-18,9252.31
SW46.9L,2011-05-19,9321.31
SW46.9L,2011-05-20,9321.31
SW46.9L,2011-05-21,9390.71
SW46.9L,2011-05-22,9321.31
SW46.9L,2011-05-23,9321.31
SW46.9L,2011-05-24,9743.58
SW46.9L,2011-05-25,10180.16
SW46.9L,2011-05-26,10631.39
SW46.9L,2011-05-27,10746.52
SW46.9L,2011-05-28,10901.5
SW46.9L,2011-05-29,11336.42
SW46.9L,2011-05-30,12676.54
SW46.9L,2011-05-31,13481.17
SW46.9L,2011-06-01,13163.8
SW46.9L,2011-06-02,12808.05
SW46.9L,2011-06-03,12720.26
SW46.9L,2011-06-04,12940.59
SW46.9L,2011-06-05,13711.38
SW46.9L,2011-06-06,14907.41
SW46.9L,2011-06-07,17147.36
SW46.9L,2011-06-08,18972.91
SW46.9L,2011-06-09,19816.25
SW46.9L,2011-06-10,19877.56
SW46.9L,2011-06-11,19939.01
SW46.9L,2011-06-12,19511.87
SW46.9L,2011-06-13,18503.36
SW46.9L,2011-06-14,17815.6
SW46.9L,2011-06-15,17147.36
SW46.9L,2011-06-16,16658.77
SW46.9L,2011-06-17,16605.14
SW46.9L,2011-06-18,17202.31
SW46.9L,2011-06-19,17590.7
SW46.9L,2011-06-20,17590.7
SW46.9L,2011-06-21,17534.81
SW46.9L,2011-06-22,17590.7
SW46.9L,2011-06-23,18099.77
SW46.9L,2011-06-24,18795.78
SW46.9L,2011-06-25,19032.23
SW46.9L,2011-06-26,19633.19
SW46.9L,2011-06-27,20561.43
SW46.9L,2011-06-28,21784.45
SW46.9L,2011-06-29,22048.79
SW46.9L,2011-06-30,22048.79
SW46.9L,2011-07-01,22856.39
SW46.9L,2011-07-02,24180.64
SW46.9L,2011-07-03,25785.64
SW46.9L,2011-07-04,25414.0
SW46.9L,2011-07-05,25414.0
SW46.9L,2011-07-06,26464.96
SW46.9L,2011-07-07,28262.56
SW46.9L,2011-07-08,29318.62
SW46.9L,2011-07-09,29899.49
SW46.9L,2011-07-10,30404.27
SW46.9L,2011-07-11,31087.32
SW46.9L,2011-07-12,31433.17
SW46.9L,2011-07-13,31957.39
SW46.9L,2011-07-14,32045.4
SW46.9L,2011-07-15,32221.97
SW46.9L,2011-07-16,32845.77
SW46.9L,2011-07-17,33387.69
SW46.9L,2011-07-18,33844.44
SW46.9L,2011-07-19,34213.23
SW46.9L,2011-07-20,34491.81
SW46.9L,2011-07-21,35054.12
SW46.9L,2011-07-22,35528.0
SW46.9L,2011-07-23,35814.63
SW46.9L,2011-07-24,35814.63
SW46.9L,2011-07-25,35814.63
SW46.9L,2011-07-26,34398.76
SW46.9L,2011-07-27,33569.83
SW46.9L,2011-07-28,32756.1
SW46.9L,2011-07-29,31869.57
SW46.9L,2011-07-30,32045.4
SW46.9L,2011-07-31,32133.6
SW46.9L,2011-09-01,22181.87
SW46.9L,2011-09-02,21327.64
SW46.9L,2011-09-03,20498.54
SW46.9L,2011-09-04,19032.23
SW46.9L,2011-09-05,18157.02
SW46.9L,2011-09-06,17423.44
SW46.9L,2011-09-07,17037.86
SW46.9L,2011-09-08,17202.31
SW46.9L,2011-09-09,16874.6
SW46.9L,2011-09-10,16391.92
SW46.9L,2011-09-11,16445.03
SW46.9L,2011-09-12,16928.89
SW46.9L,2011-09-13,17423.44
SW46.9L,2011-09-14,17702.88
SW46.9L,2011-09-15,17759.17
SW46.9L,2011-09-16,17367.96
SW46.9L,2011-09-17,17702.88
SW46.9L,2011-09-18,18561.57
SW46.9L,2011-09-19,20186.24
SW46.9L,2011-09-20,22517.22
SW46.9L,2011-09-21,22924.69
SW46.9L,2011-09-22,21653.18
SW46.9L,2011-09-23,21005.81
SW46.9L,2011-09-24,20373.18
SW46.9L,2011-09-25,20000.6
SW46.9L,2011-09-26,19816.25
SW46.9L,2011-09-27,21262.97
SW46.9L,2011-09-28,21587.77
SW46.9L,2011-09-29,21718.74
SW46.9L,2011-09-30,21916.32
SW46.9L,2011-10-01,22382.62
SW46.9L,2011-10-02,22517.22
SW46.9L,2011-10-03,21916.32
SW46.9L,2011-10-04,20878.11
SW46.9L,2011-10-05,20000.6
SW46.9L,2011-10-06,18271.91
SW46.9L,2011-10-07,16874.6
SW46.9L,2011-10-08,16023.79
SW46.9L,2011-10-09,15306.32
SW46.9L,2011-10-10,14662.12
SW46.9L,2011-10-11,14180.72
SW46.9L,2011-10-12,13711.38
SW46.9L,2011-10-13,13481.17
SW46.9L,2011-10-14,12720.26
SW46.9L,2011-10-15,12288.13
SW46.9L,2011-10-16,11867.2
SW46.9L,2011-10-17,11416.88
SW46.9L,2011-10-18,11137.13
SW46.9L,2011-10-19,11018.84
SW46.9L,2011-10-20,10746.52
SW46.9L,2011-10-21,10593.22
SW46.9L,2011-10-22,10555.15
SW46.9L,2011-10-23,10517.19
SW46.9L,2011-10-24,10517.19
SW46.9L,2011-10-25,10403.92
SW46.9L,2011-10-26,10106.39
SW46.9L,2011-10-27,9815.34
SW46.9L,2011-10-28,9636.68
SW46.9L,2011-10-29,9530.68
SW46.9L,2011-10-30,9355.96
SW46.9L,2011-10-31,9286.76
SW46.9L,2011-11-01,9081.48
SW46.9L,2011-11-02,8813.14
SW46.9L,2011-11-03,8615.85
SW46.9L,2011-11-04,8389.93
SW46.9L,2011-11-05,8231.32
SW46.9L,2011-11-06,8074.99
SW46.9L,2011-11-07,8013.09
SW46.9L,2011-11-08,7829.56
SW46.9L,2011-11-09,7619.47
SW46.9L,2011-11-10,7413.67
SW46.9L,2011-11-11,7183.66
SW46.9L,2011-11-12,6959.1
SW46.9L,2011-11-13,6821.47
SW46.9L,2011-11-14,6659.04
SW46.9L,2011-11-15,6552.39
SW46.9L,2011-11-16,6447.04
SW46.9L,2011-11-17,6368.88
SW46.9L,2011-11-18,6240.2
SW46.9L,2011-11-19,6240.2
SW46.9L,2011-11-20,6189.28
SW46.9L,2011-11-21,6088.39
SW46.9L,2011-11-22,6038.41
SW46.9L,2011-11-23,5964.03
SW46.9L,2011-11-24,5914.83
SW46.9L,2011-11-25,5890.35
SW46.9L,2011-11-26,5817.35
SW46.9L,2011-11-27,5721.09
SW46.9L,2011-11-28,5626.05
SW46.9L,2011-11-29,5532.2
SW46.9L,2011-11-30,5462.59
SW46.9L,2011-12-01,5393.65
SW46.9L,2011-12-02,5348.06
SW46.9L,2011-12-03,5257.75
SW46.9L,2011-12-04,5168.6
SW46.9L,2011-12-05,5124.46
SW46.9L,2011-12-06,5102.49
SW46.9L,2011-12-07,5015.34
SW46.9L,2011-12-08,4950.73
SW46.9L,2011-12-09,4886.74
SW46.9L,2011-12-10,4823.38
SW46.9L,2011-12-11,4802.4
SW46.9L,2011-12-12,4760.65
SW46.9L,2011-12-13,4698.54
SW46.9L,2011-12-14,4677.97
SW46.9L,2011-12-15,4616.67
SW46.9L,2011-12-16,4596.38
SW46.9L,2011-12-17,4555.99
SW46.9L,2011-12-18,4555.99
SW46.9L,2011-12-19,4535.9
SW46.9L,2011-12-20,4495.91
SW46.9L,2011-12-21,4416.74
SW46.9L,2011-12-22,4377.55
SW46.9L,2011-12-23,4358.06
SW46.9L,2011-12-24,4299.97
SW46.9L,2011-12-25,4280.74
SW46.9L,2011-12-26,4223.43
SW46.9L,2011-12-27,4185.55
SW46.9L,2011-12-28,4129.21
SW46.9L,2011-12-29,4110.56
SW46.9L,2011-12-30,4054.99
SW46.9L,2011-12-31,4036.59
SW46.9L,2012-01-01,4186.21
SW46.9L,2012-01-02,4104.97
SW46.9L,2012-01-03,4064.8
SW46.9L,2012-01-04,4064.8
SW46.9L,2012-01-05,4044.83
SW46.9L,2012-01-06,4024.93
SW46.9L,2012-01-07,3985.36
SW46.9L,2012-01-08,3965.69
SW46.9L,2012-01-09,3946.1
SW46.9L,2012-01-10,3907.12
SW46.9L,2012-01-11,3887.75
SW46.9L,2012-01-12,3868.45
SW46.9L,2012-01-13,3849.22
SW46.9L,2012-01-14,3830.07
SW46.9L,2012-01-15,3810.99
SW46.9L,2012-01-16,3773.05
SW46.9L,2012-01-17,3735.39
SW46.9L,2012-01-18,3679.45
SW46.9L,2012-01-19,3660.95
SW46.9L,2012-01-20,3642.52
SW46.9L,2012-01-21,3624.16
SW46.9L,2012-01-22,3587.65
SW46.9L,2012-01-23,3551.43
SW46.9L,2012-01-24,3515.48
SW46.9L,2012-01-25,3479.82
SW46.9L,2012-01-26,3462.09
SW46.9L,2012-01-27,3426.84
SW46.9L,2012-01-28,3409.32
SW46.9L,2012-01-29,3409.32
SW46.9L,2012-01-30,3444.43
SW46.9L,2012-01-31,3444.43
SW46.9L,2012-02-01,3426.84
SW46.9L,2012-02-02,3374.48
SW46.9L,2012-02-03,3374.48
SW46.9L,2012-02-04,3339.92
SW46.9L,2012-02-05,3322.74
SW46.9L,2012-02-06,3271.61
SW46.9L,2012-02-07,3271.61
SW46.9L,2012-02-08,3254.7
SW46.9L,2012-02-09,3237.86
SW46.9L,2012-02-10,3221.08
SW46.9L,2012-02-11,3204.38
SW46.9L,2012-02-12,3187.73
SW46.9L,2012-02-13,3171.16
SW46.9L,2012-02-14,3154.65
SW46.9L,2012-02-15,3154.65
SW46.9L,2012-02-16,3154.65
SW46.9L,2012-02-17,3138.21
SW46.9L,2012-02-18,3138.21
SW46.9L,2012-02-19,3138.21
SW46.9L,2012-02-20,3171.16
SW46.9L,2012-02-21,3154.65
SW46.9L,2012-02-22,3138.21
SW46.9L,2012-02-23,3121.83
SW46.9L,2012-02-24,3073.09
SW46.9L,2012-02-25,3024.93
SW46.9L,2012-02-26,3009.01
SW46.9L,2012-02-27,2993.15
SW46.9L,2012-02-28,3024.93
SW46.9L,2012-02-29,3040.92
SW46.9L,2012-03-01,3040.92
SW46.9L,2012-03-02,3024.93
SW46.9L,2012-03-03,3009.01
SW46.9L,2012-03-04,3009.01
SW46.9L,2012-03-05,3056.97
SW46.9L,2012-03-06,3121.83
SW46.9L,2012-03-07,3187.73
SW46.9L,2012-03-08,3237.86
SW46.9L,2012-03-09,3305.63
SW46.9L,2012-03-10,3374.48
SW46.9L,2012-03-11,3444.43
SW46.9L,2012-03-12,3444.43
SW46.9L,2012-03-13,3426.84
SW46.9L,2012-03-14,3374.48
SW46.9L,2012-03-15,3374.48
SW46.9L,2012-03-16,3391.87
SW46.9L,2012-03-17,3515.48
SW46.9L,2012-03-18,3624.16
SW46.9L,2012-03-19,3642.52
SW46.9L,2012-03-20,3624.16
SW46.9L,2012-03-21,3551.43
SW46.9L,2012-03-22,3551.43
SW46.9L,2012-03-23,3551.43
SW46.9L,2012-03-24,3569.5
SW46.9L,2012-03-25,3624.16
SW46.9L,2012-03-26,3642.52
SW46.9L,2012-03-27,3679.45
SW46.9L,2012-03-28,3679.45
SW46.9L,2012-03-29,3716.67
SW46.9L,2012-03-30,3735.39
SW46.9L,2012-03-31,3810.99
SW46.9L,2012-04-01,3907.12
SW46.9L,2012-04-02,4005.11
SW46.9L,2012-04-03,4064.8
SW46.9L,2012-04-04,4125.16
SW46.9L,2012-04-05,4084.84
SW46.9L,2012-04-06,4394.73
SW46.9L,2012-04-07,4611.12
SW46.9L,2012-04-08,4881.45
SW46.9L,2012-04-09,5021.09
SW46.9L,2012-04-10,5068.3
SW46.9L,2012-04-11,5092.04
SW46.9L,2012-04-12,5212.0
SW46.9L,2012-04-13,5358.81
SW46.9L,2012-04-14,5534.06
SW46.9L,2012-04-15,5818.28
SW46.9L,2012-04-16,6168.46
SW46.9L,2012-04-17,6363.59
SW46.9L,2012-04-18,6363.59
SW46.9L,2012-04-19,6307.36
SW46.9L,2012-04-20,6738.47
SW46.9L,2012-04-21,7474.8
SW46.9L,2012-04-22,8305.8
SW46.9L,2012-04-23,9318.64
SW46.9L,2012-04-24,9702.38
SW46.9L,2012-04-25,9741.41
SW46.9L,2012-04-26,9780.56
SW46.9L,2012-04-27,9702.38
SW46.9L,2012-04-28,9470.72
SW46.9L,2012-04-29,9394.44
SW46.9L,2012-04-30,9978.13
SW46.9L,2012-05-01,10926.62
SW46.9L,2012-05-02,11448.11
SW46.9L,2012-05-03,11536.84
SW46.9L,2012-05-04,12172.85
SW46.9L,2012-05-05,12787.16
SW46.9L,2012-05-06,13424.95
SW46.9L,2012-05-07,13778.32
SW46.9L,2012-05-08,13475.0
SW46.9L,2012-05-09,12883.74
SW46.9L,2012-05-10,12219.28
SW46.9L,2012-05-11,11536.84
SW46.9L,2012-05-12,10926.62
SW46.9L,2012-05-13,10300.57
SW46.9L,2012-05-14,9780.56
SW46.9L,2012-05-15,9547.46
SW46.9L,2012-05-16,9432.52
SW46.9L,2012-05-17,9624.68
SW46.9L,2012-05-18,9938.37
SW46.9L,2012-05-19,10382.41
SW46.9L,2012-05-20,11141.64
SW46.9L,2012-05-21,13880.58
SW46.9L,2012-05-22,16514.26
SW46.9L,2012-05-23,16987.98
SW46.9L,2012-05-24,15822.73
SW46.9L,2012-05-25,14612.77
SW46.9L,2012-05-26,13931.92
SW46.9L,2012-05-27,13525.2
SW46.9L,2012-05-28,13525.2
SW46.9L,2012-05-29,13575.53
SW46.9L,2012-05-30,13626.01
SW46.9L,2012-05-31,13931.92
SW46.9L,2012-06-01,14295.44
SW46.9L,2012-06-02,14559.51
SW46.9L,2012-06-03,14773.45
SW46.9L,2012-06-04,14827.3
SW46.9L,2012-06-05,15318.82
SW46.9L,2012-06-06,18091.9
SW46.9L,2012-06-07,19985.12
SW46.9L,2012-06-08,24145.6
SW46.9L,2012-06-09,28403.2
SW46.9L,2012-06-10,29758.54
SW46.9L,2012-06-11,29120.02
SW46.9L,2012-06-12,27010.17
SW46.9L,2012-06-13,24939.05
SW46.9L,2012-06-14,23756.2
SW46.9L,2012-06-15,25670.1
SW46.9L,2012-06-16,28670.4
SW46.9L,2012-06-17,31067.71
SW46.9L,2012-06-18,33414.2
SW46.9L,2012-06-19,34948.21
SW46.9L,2012-06-20,33013.99
SW46.9L,2012-06-21,30407.73
SW46.9L,2012-06-22,29210.59
SW46.9L,2012-06-23,29120.02
SW46.9L,2012-06-24,29942.92
SW46.9L,2012-06-25,31545.81
SW46.9L,2012-06-26,33013.99
SW46.9L,2012-06-27,40921.9
SW46.9L,2012-06-28,48311.52
SW46.9L,2012-06-29,53153.64
SW46.9L,2012-06-30,55487.12
SW46.9L,2012-07-01,55933.24
SW46.9L,2012-07-02,53297.24
SW46.9L,2012-07-03,48178.33
SW46.9L,2012-07-04,42470.09
SW46.9L,2012-07-05,38624.94
SW46.9L,2012-07-06,37404.48
SW46.9L,2012-07-07,38400.8
SW46.9L,2012-07-08,38289.1
SW46.9L,2012-07-09,37295.01
SW46.9L,2012-07-10,36751.35
SW46.9L,2012-07-11,36535.6
SW46.9L,2012-07-12,37076.81
SW46.9L,2012-07-13,38066.46
SW46.9L,2012-07-14,38737.38
SW46.9L,2012-07-15,39417.33
SW46.9L,2012-07-16,40570.85
SW46.9L,2012-07-17,44939.09
SW46.9L,2012-07-18,46214.09
SW46.9L,2012-07-19,45700.81
SW46.9L,2012-07-20,46343.09
SW46.9L,2012-07-21,47516.61
SW46.9L,2012-07-22,47122.94
SW46.9L,2012-07-23,45700.81
SW46.9L,2012-07-24,44813.09
SW46.9L,2012-07-25,43444.88
SW46.9L,2012-07-26,42229.03
SW46.9L,2012-07-27,41989.02
SW46.9L,2012-07-28,41275.27
SW46.9L,2012-07-29,41039.43
SW46.9L,2012-07-30,40804.63
SW46.9L,2012-07-31,40454.35
SW46.9L,2012-08-01,39760.71
SW46.9L,2012-08-02,39076.22
SW46.9L,2012-08-03,38289.1
SW46.9L,2012-08-04,38066.46
SW46.9L,2012-08-05,38066.46
SW46.9L,2012-08-06,37955.51
SW46.9L,2012-08-07,37624.15
SW46.9L,2012-08-08,37404.48
SW46.9L,2012-08-09,36968.08
SW46.9L,2012-08-10,36107.0
SW46.9L,2012-08-11,35052.36
SW46.9L,2012-08-12,33818.12
SW46.9L,2012-08-13,32617.47
SW46.9L,2012-08-14,32126.95
SW46.9L,2012-08-15,31258.28
SW46.9L,2012-08-16,30035.45
SW46.9L,2012-08-17,29029.67
SW46.9L,2012-08-18,28226.12
SW46.9L,2012-08-19,27439.73
SW46.9L,2012-08-20,26924.88
SW46.9L,2012-08-21,26417.45
SW46.9L,2012-08-22,27526.27
SW46.9L,2012-08-23,28581.12
SW46.9L,2012-08-24,30221.15
SW46.9L,2012-08-25,30972.76
SW46.9L,2012-08-26,32518.91
SW46.9L,2012-08-27,34431.0
SW46.9L,2012-08-28,36213.79
SW46.9L,2012-08-29,36968.08
SW46.9L,2012-08-30,36859.59
SW46.9L,2012-08-31,35894.15
SW46.9L,2012-09-01,34637.18
SW46.9L,2012-09-02,33919.68
SW46.9L,2012-09-03,34021.48
SW46.9L,2012-09-04,34123.51
SW46.9L,2012-09-05,33313.81
SW46.9L,2012-09-06,34021.48
SW46.9L,2012-09-07,34740.62
SW46.9L,2012-09-08,34431.0
SW46.9L,2012-09-09,32518.91
SW46.9L,2012-09-10,30221.15
SW46.9L,2012-09-11,28049.9
SW46.9L,2012-09-12,26754.91
SW46.9L,2012-09-13,25834.76
SW46.9L,2012-09-14,27267.28
SW46.9L,2012-09-15,28049.9
SW46.9L,2012-09-16,33313.81
SW46.9L,2012-09-17,36968.08
SW46.9L,2012-09-18,38400.8
SW46.9L,2012-09-19,38624.94
SW46.9L,2012-09-20,37734.36
SW46.9L,2012-09-21,38850.08
SW46.9L,2012-09-22,40687.61
SW46.9L,2012-09-23,43322.1
SW46.9L,2012-09-24,45191.91
SW46.9L,2012-09-25,48045.43
SW46.9L,2012-09-26,51174.2
SW46.9L,2012-09-27,53729.82
SW46.9L,2012-09-28,54310.78
SW46.9L,2012-09-29,52440.08
SW46.9L,2012-09-30,48311.52
SW46.9L,2012-11-01,12265.86
SW46.9L,2012-11-02,11851.58
SW46.9L,2012-11-03,11492.41
SW46.9L,2012-11-04,11141.64
SW46.9L,2012-11-05,10841.5
SW46.9L,2012-11-06,10547.6
SW46.9L,2012-11-07,10219.22
SW46.9L,2012-11-08,9978.13
SW46.9L,2012-11-09,9624.68
SW46.9L,2012-11-10,9318.64
SW46.9L,2012-11-11,9131.19
SW46.9L,2012-11-12,9057.02
SW46.9L,2012-11-13,8910.07
SW46.9L,2012-11-14,8728.96
SW46.9L,2012-11-15,8621.66
SW46.9L,2012-11-16,8445.07
SW46.9L,2012-11-17,8305.8
SW46.9L,2012-11-18,8168.3
SW46.9L,2012-11-19,7965.33
SW46.9L,2012-11-20,7799.16
SW46.9L,2012-11-21,7668.15
SW46.9L,2012-11-22,7506.76
SW46.9L,2012-11-23,7316.55
SW46.9L,2012-11-24,7130.05
SW46.9L,2012-11-25,7038.18
SW46.9L,2012-11-26,6947.21
SW46.9L,2012-11-27,6887.07
SW46.9L,2012-11-28,6827.33
SW46.9L,2012-11-29,6679.72
SW46.9L,2012-11-30,6505.83
SW46.9L,2012-12-01,6420.19
SW46.9L,2012-12-02,6363.59
SW46.9L,2012-12-03,6279.39
SW46.9L,2012-12-04,6223.74
SW46.9L,2012-12-05,6140.97
SW46.9L,2012-12-06,6059.04
SW46.9L,2012-12-07,5951.11
SW46.9L,2012-12-08,5844.67
SW46.9L,2012-12-09,5791.99
SW46.9L,2012-12-10,5713.67
SW46.9L,2012-12-11,5610.49
SW46.9L,2012-12-12,5559.45
SW46.9L,2012-12-13,5508.76
SW46.9L,2012-12-14,5433.38
SW46.9L,2012-12-15,5334.12
SW46.9L,2012-12-16,5260.59
SW46.9L,2012-12-17,5236.26
SW46.9L,2012-12-18,5163.76
SW46.9L,2012-12-19,5115.86
SW46.9L,2012-12-20,5068.3
SW46.9L,2012-12-21,5068.3
SW46.9L,2012-12-22,5044.65
SW46.9L,2012-12-23,5021.09
SW46.9L,2012-12-24,4950.89
SW46.9L,2012-12-25,4881.45
SW46.9L,2012-12-26,4790.02
SW46.9L,2012-12-27,4744.81
SW46.9L,2012-12-28,4677.6
SW46.9L,2012-12-29,4633.19
SW46.9L,2012-12-30,4545.36
SW46.9L,2012-12-31,4501.93
SW46.9L,2013-01-01,5065.7
SW46.9L,2013-01-02,4989.94
SW46.9L,2013-01-03,4890.3
SW46.9L,2013-01-04,4792.22
SW46.9L,2013-01-05,4695.68
SW46.9L,2013-01-06,4624.28
SW46.9L,2013-01-07,4600.66
SW46.9L,2013-01-08,4553.72
SW46.9L,2013-01-09,4484.0
SW46.9L,2013-01-10,4460.95
SW46.9L,2013-01-11,4437.99
SW46.9L,2013-01-12,4392.34
SW46.9L,2013-01-13,4369.66
SW46.9L,2013-01-14,4324.56
SW46.9L,2013-01-15,4302.15
SW46.9L,2013-01-16,4279.83
SW46.9L,2013-01-17,4235.46
SW46.9L,2013-01-18,4191.44
SW46.9L,2013-01-19,4147.79
SW46.9L,2013-01-20,4082.97
SW46.9L,2013-01-21,4040.19
SW46.9L,2013-01-22,3976.69
SW46.9L,2013-01-23,3955.69
SW46.9L,2013-01-24,3913.96
SW46.9L,2013-01-25,3852.01
SW46.9L,2013-01-26,3831.53
SW46.9L,2013-01-27,3770.6
SW46.9L,2013-01-28,3750.46
SW46.9L,2013-01-29,3730.4
SW46.9L,2013-01-30,3730.4
SW46.9L,2013-01-31,3710.43
SW46.9L,2013-02-01,3690.54
SW46.9L,2013-02-02,3631.36
SW46.9L,2013-02-03,3611.8
SW46.9L,2013-02-04,3592.32
SW46.9L,2013-02-05,3553.61
SW46.9L,2013-02-06,3515.23
SW46.9L,2013-02-07,3477.17
SW46.9L,2013-02-08,3439.43
SW46.9L,2013-02-09,3383.42
SW46.9L,2013-02-10,3364.91
SW46.9L,2013-02-11,3328.12
SW46.9L,2013-02-12,3309.84
SW46.9L,2013-02-13,3291.65
SW46.9L,2013-02-14,3273.53
SW46.9L,2013-02-15,3237.52
SW46.9L,2013-02-16,3219.64
SW46.9L,2013-02-17,3201.83
SW46.9L,2013-02-18,3201.83
SW46.9L,2013-02-19,3184.1
SW46.9L,2013-02-20,3219.64
SW46.9L,2013-02-21,3237.52
SW46.9L,2013-02-22,3219.64
SW46.9L,2013-02-23,3219.64
SW46.9L,2013-02-24,3201.83
SW46.9L,2013-02-25,3201.83
SW46.9L,2013-02-26,3219.64
SW46.9L,2013-02-27,3255.49
SW46.9L,2013-02-28,3309.84
SW46.9L,2013-03-01,3309.84
SW46.9L,2013-03-02,3273.53
SW46.9L,2013-03-03,3237.52
SW46.9L,2013-03-04,3201.83
SW46.9L,2013-03-05,3148.86
SW46.9L,2013-03-06,3096.58
SW46.9L,2013-03-07,3062.1
SW46.9L,2013-03-08,3027.92
SW46.9L,2013-03-09,3027.92
SW46.9L,2013-03-10,3010.94
SW46.9L,2013-03-11,3010.94
SW46.9L,2013-03-12,3027.92
SW46.9L,2013-03-13,3010.94
SW46.9L,2013-03-14,2994.04
SW46.9L,2013-03-15,2977.21
SW46.9L,2013-03-16,2943.77
SW46.9L,2013-03-17,2927.16
SW46.9L,2013-03-18,2910.63
SW46.9L,2013-03-19,2894.16
SW46.9L,2013-03-20,2877.77
SW46.9L,2013-03-21,2861.46
SW46.9L,2013-03-22,2861.46
SW46.9L,2013-03-23,2927.16
SW46.9L,2013-03-24,2994.04
SW46.9L,2013-03-25,3131.36
SW46.9L,2013-03-26,3219.64
SW46.9L,2013-03-27,3291.65
SW46.9L,2013-03-28,3402.01
SW46.9L,2013-03-29,3496.16
SW46.9L,2013-03-30,3553.61
SW46.9L,2013-03-31,3534.38
SW46.9L,2013-04-01,3515.23
SW46.9L,2013-04-02,3515.23
SW46.9L,2013-04-03,3553.61
SW46.9L,2013-04-04,3651.0
SW46.9L,2013-04-05,3670.73
SW46.9L,2013-04-06,3750.46
SW46.9L,2013-04-07,3852.01
SW46.9L,2013-04-08,4169.57
SW46.9L,2013-04-09,4507.15
SW46.9L,2013-04-10,4647.99
SW46.9L,2013-04-11,4671.79
SW46.9L,2013-04-12,4647.99
SW46.9L,2013-04-13,4792.22
SW46.9L,2013-04-14,5193.95
SW46.9L,2013-04-15,5351.17
SW46.9L,2013-04-16,5351.17
SW46.9L,2013-04-17,5272.1
SW46.9L,2013-04-18,5324.71
SW46.9L,2013-04-19,5988.5
SW46.9L,2013-04-20,7717.66
SW46.9L,2013-04-21,8600.64
SW46.9L,2013-04-22,9150.87
SW46.9L,2013-04-23,8794.11
SW46.9L,2013-04-24,8716.32
SW46.9L,2013-04-25,8260.77
SW46.9L,2013-04-26,7895.51
SW46.9L,2013-04-27,7647.39
SW46.9L,2013-04-28,7542.94
SW46.9L,2013-04-29,7473.92
SW46.9L,2013-04-30,7371.32
SW46.9L,2013-07-01,35338.16
SW46.9L,2013-07-02,41609.84
SW46.9L,2013-07-03,44568.52
SW46.9L,2013-07-04,44155.7
SW46.9L,2013-07-05,42801.11
SW46.9L,2013-07-06,42667.45
SW46.9L,2013-07-07,44292.97
SW46.9L,2013-07-08,47108.94
SW46.9L,2013-07-09,49610.41
SW46.9L,2013-07-10,51437.54
SW46.9L,2013-07-11,54760.71
SW46.9L,2013-07-12,55412.21
SW46.9L,2013-07-13,53475.61
SW46.9L,2013-07-14,51437.54
SW46.9L,2013-07-15,50365.47
SW46.9L,2013-07-16,49012.74
SW46.9L,2013-07-17,46821.23
SW46.9L,2013-07-18,45825.02
SW46.9L,2013-07-19,44984.33
SW46.9L,2013-07-20,46107.95
SW46.9L,2013-07-21,46821.23
SW46.9L,2013-07-22,46249.93
SW46.9L,2013-07-23,45263.21
SW46.9L,2013-07-24,45543.44
SW46.9L,2013-07-25,45684.06
SW46.9L,2013-07-26,46392.24
SW46.9L,2013-07-27,47253.3
SW46.9L,2013-07-28,46964.91
SW46.9L,2013-07-29,45684.06
SW46.9L,2013-07-30,44984.33
SW46.9L,2013-07-31,44018.76
SW46.9L,2013-08-01,42801.11
SW46.9L,2013-08-02,42136.06
SW46.9L,2013-08-03,41479.09
SW46.9L,2013-08-04,40316.67
SW46.9L,2013-08-05,38435.82
SW46.9L,2013-08-06,37100.51
SW46.9L,2013-08-07,37581.83
SW46.9L,2013-08-08,38559.04
SW46.9L,2013-08-09,38312.9
SW46.9L,2013-08-10,37581.83
SW46.9L,2013-08-11,38190.3
SW46.9L,2013-08-12,39555.93
SW46.9L,2013-08-13,40316.67
SW46.9L,2013-08-14,40189.09
SW46.9L,2013-08-15,38930.55
SW46.9L,2013-08-16,37581.83
SW46.9L,2013-08-17,36505.63
SW46.9L,2013-08-18,36035.1
SW46.9L,2013-08-19,34993.66
SW46.9L,2013-08-20,33752.78
SW46.9L,2013-08-21,32763.24
SW46.9L,2013-08-22,32330.76
SW46.9L,2013-08-23,31584.63
SW46.9L,2013-08-24,30645.11
SW46.9L,2013-08-25,29028.69
SW46.9L,2013-08-26,27764.91
SW46.9L,2013-08-27,27290.42
SW46.9L,2013-08-28,27669.5
SW46.9L,2013-08-29,28635.16
SW46.9L,2013-08-30,28537.43
SW46.9L,2013-08-31,28733.15
SW46.9L,2013-09-01,28831.4
SW46.9L,2013-09-02,28929.92
SW46.9L,2013-09-03,30234.59
SW46.9L,2013-09-04,31373.94
SW46.9L,2013-09-05,33530.9
SW46.9L,2013-09-06,37581.83
SW46.9L,2013-09-07,41218.55
SW46.9L,2013-09-08,47253.3
SW46.9L,2013-09-09,53954.74
SW46.9L,2013-09-10,58248.71
SW46.9L,2013-09-11,59276.37
SW46.9L,2013-09-12,56235.05
SW46.9L,2013-09-13,51747.09
SW46.9L,2013-09-14,46821.23
SW46.9L,2013-09-15,43069.4
SW46.9L,2013-09-16,39430.23
SW46.9L,2013-09-17,36624.01
SW46.9L,2013-09-18,33420.38
SW46.9L,2013-09-19,31690.39
SW46.9L,2013-09-20,29526.51
SW46.9L,2013-09-21,26452.26
SW46.9L,2013-09-22,25366.06
SW46.9L,2013-09-23,24057.49
SW46.9L,2013-09-24,23049.0
SW46.9L,2013-09-25,22234.01
SW46.9L,2013-09-26,21677.0
SW46.9L,2013-09-27,21598.32
SW46.9L,2013-09-28,21598.32
SW46.9L,2013-09-29,21914.37
SW46.9L,2013-09-30,22073.74
SW46.9L,2013-10-01,22153.76
SW46.9L,2013-10-02,21755.9
SW46.9L,2013-10-03,21130.91
SW46.9L,2013-10-04,20444.61
SW46.9L,2013-10-05,19775.79
SW46.9L,2013-10-06,19339.47
SW46.9L,2013-10-07,19702.55
SW46.9L,2013-10-08,20294.49
SW46.9L,2013-10-09,19996.81
SW46.9L,2013-10-10,19629.51
SW46.9L,2013-10-11,19556.68
SW46.9L,2013-10-12,19922.93
SW46.9L,2013-10-13,19629.51
SW46.9L,2013-10-14,18981.62
SW46.9L,2013-10-15,18419.81
SW46.9L,2013-10-16,18350.51
SW46.9L,2013-10-17,19052.78
SW46.9L,2013-10-18,18212.51
SW46.9L,2013-10-19,17006.52
SW46.9L,2013-10-20,15679.13
SW46.9L,2013-10-21,14840.04
SW46.9L,2013-10-22,14376.52
SW46.9L,2013-10-23,14205.64
SW46.9L,2013-10-24,14036.34
SW46.9L,2013-10-25,13924.36
SW46.9L,2013-10-26,14205.64
SW46.9L,2013-10-27,14319.39
SW46.9L,2013-10-28,14781.47
SW46.9L,2013-10-29,14840.04
SW46.9L,2013-10-30,14262.42
SW46.9L,2013-10-31,13647.43
SW46.9L,2013-11-01,13053.28
SW46.9L,2013-11-02,12633.97
SW46.9L,2013-11-03,12530.81
SW46.9L,2013-11-04,12894.79
SW46.9L,2013-11-05,13428.99
SW46.9L,2013-11-06,13592.56
SW46.9L,2013-11-07,13159.78
SW46.9L,2013-11-08,12582.31
SW46.9L,2013-11-09,12074.64
SW46.9L,2013-11-10,11486.65
SW46.9L,2013-11-11,10921.19
SW46.9L,2013-11-12,10511.52
SW46.9L,2013-11-13,10157.5
SW46.9L,2013-11-14,9855.42
SW46.9L,2013-11-15,9394.89
SW46.9L,2013-11-16,9070.63
SW46.9L,2013-11-17,8833.2
SW46.9L,2013-11-18,8600.64
SW46.9L,2013-11-19,8260.77
SW46.9L,2013-11-20,8260.77
SW46.9L,2013-11-21,8040.07
SW46.9L,2013-11-22,7895.51
SW46.9L,2013-11-23,7647.39
SW46.9L,2013-11-24,7508.37
SW46.9L,2013-11-25,7337.36
SW46.9L,2013-11-26,7169.4
SW46.9L,2013-11-27,7004.45
SW46.9L,2013-11-28,6874.64
SW46.9L,2013-11-29,6746.7
SW46.9L,2013-11-30,6620.62
SW46.9L,2013-12-01,6527.27
SW46.9L,2013-12-02,6373.98
SW46.9L,2013-12-03,6193.74
SW46.9L,2013-12-04,6105.12
SW46.9L,2013-12-05,6075.8
SW46.9L,2013-12-06,5988.5
SW46.9L,2013-12-07,5873.62
SW46.9L,2013-12-08,5788.59
SW46.9L,2013-12-09,5704.53
SW46.9L,2013-12-10,5593.92
SW46.9L,2013-12-11,5512.07
SW46.9L,2013-12-12,5458.03
SW46.9L,2013-12-13,5351.17
SW46.9L,2013-12-14,5272.1
SW46.9L,2013-12-15,5193.95
SW46.9L,2013-12-16,5142.35
SW46.9L,2013-12-17,5091.15
SW46.9L,2013-12-18,5015.09
SW46.9L,2013-12-19,4964.88
SW46.9L,2013-12-20,4915.07
SW46.9L,2013-12-21,4890.3
SW46.9L,2013-12-22,4792.22
SW46.9L,2013-12-23,4743.76
SW46.9L,2013-12-24,4695.68
SW46.9L,2013-12-25,4600.66
SW46.9L,2013-12-26,4553.72
SW46.9L,2013-12-27,4507.15
SW46.9L,2013-12-28,4460.95
SW46.9L,2013-12-29,4392.34
SW46.9L,2013-12-30,4324.56
SW46.9L,2013-12-31,4257.6
SW46.9L,2014-01-01,5706.53
SW46.9L,2014-01-02,5655.96
SW46.9L,2014-01-03,5580.75
SW46.9L,2014-01-04,5531.04
SW46.9L,2014-01-05,5481.66
SW46.9L,2014-01-06,5457.09
SW46.9L,2014-01-07,5457.09
SW46.9L,2014-01-08,5408.22
SW46.9L,2014-01-09,5359.68
SW46.9L,2014-01-10,5311.47
SW46.9L,2014-01-11,5263.58
SW46.9L,2014-01-12,5216.03
SW46.9L,2014-01-13,5192.38
SW46.9L,2014-01-14,5145.32
SW46.9L,2014-01-15,5121.91
SW46.9L,2014-01-16,5075.33
SW46.9L,2014-01-17,5006.08
SW46.9L,2014-01-18,4983.15
SW46.9L,2014-01-19,4960.3
SW46.9L,2014-01-20,4892.24
SW46.9L,2014-01-21,4869.72
SW46.9L,2014-01-22,4824.9
SW46.9L,2014-01-23,4802.6
SW46.9L,2014-01-24,4780.39
SW46.9L,2014-01-25,4758.26
SW46.9L,2014-01-26,4736.2
SW46.9L,2014-01-27,4714.22
SW46.9L,2014-01-28,4670.49
SW46.9L,2014-01-29,4605.48
SW46.9L,2014-01-30,4583.96
SW46.9L,2014-01-31,4541.16
SW46.9L,2014-06-01,19020.25
SW46.9L,2014-06-02,17845.54
SW46.9L,2014-06-03,17486.3
SW46.9L,2014-06-04,18088.13
SW46.9L,2014-06-05,18768.2
SW46.9L,2014-06-06,19147.23
SW46.9L,2014-06-07,19210.97
SW46.9L,2014-06-08,19596.76
SW46.9L,2014-06-09,21754.79
SW46.9L,2014-06-10,23712.13
SW46.9L,2014-06-11,24164.68
SW46.9L,2014-06-12,24240.74
SW46.9L,2014-06-13,24240.74
SW46.9L,2014-06-14,24546.8
SW46.9L,2014-06-15,25246.16
SW46.9L,2014-06-16,26364.03
SW46.9L,2014-06-17,26772.25
SW46.9L,2014-06-18,26121.38
SW46.9L,2014-06-19,25561.8
SW46.9L,2014-06-20,24623.77
SW46.9L,2014-06-21,24164.68
SW46.9L,2014-06-22,23937.59
SW46.9L,2014-06-23,26040.88
SW46.9L,2014-06-24,28196.21
SW46.9L,2014-06-25,31123.99
SW46.9L,2014-06-26,33980.95
SW46.9L,2014-06-27,37455.09
SW46.9L,2014-06-28,39290.15
SW46.9L,2014-06-29,39510.45
SW46.9L,2014-06-30,39400.18
SW46.9L,2014-07-01,39620.95
SW46.9L,2014-07-02,38202.63
SW46.9L,2014-07-03,36927.97
SW46.9L,2014-07-04,37032.94
SW46.9L,2014-07-05,38095.15
SW46.9L,2014-07-06,39290.15
SW46.9L,2014-07-07,40065.3
SW46.9L,2014-07-08,40288.89
SW46.9L,2014-07-09,38743.49
SW46.9L,2014-07-10,38634.86
SW46.9L,2014-07-11,38961.46
SW46.9L,2014-07-12,38202.63
SW46.9L,2014-07-13,37561.19
SW46.9L,2014-07-14,38310.34
SW46.9L,2014-07-15,38202.63
SW46.9L,2014-07-16,37455.09
SW46.9L,2014-07-17,37032.94
SW46.9L,2014-07-18,37138.14
SW46.9L,2014-07-19,37667.53
SW46.9L,2014-07-20,38743.49
SW46.9L,2014-07-21,40176.98
SW46.9L,2014-07-22,42227.92
SW46.9L,2014-07-23,43877.33
SW46.9L,2014-07-24,43996.99
SW46.9L,2014-07-25,43877.33
SW46.9L,2014-07-26,43282.74
SW46.9L,2014-07-27,42694.29
SW46.9L,2014-07-28,41192.75
SW46.9L,2014-07-29,40065.3
SW46.9L,2014-07-30,39510.45
SW46.9L,2014-07-31,38310.34
SW46.9L,2014-08-01,37667.53
SW46.9L,2014-08-02,37032.94
SW46.9L,2014-08-03,36510.36
SW46.9L,2014-08-04,35890.67
SW46.9L,2014-08-05,35788.18
SW46.9L,2014-08-06,35890.67
SW46.9L,2014-08-07,35890.67
SW46.9L,2014-08-08,35890.67
SW46.9L,2014-08-09,35177.85
SW46.9L,2014-08-10,35076.9
SW46.9L,2014-08-11,35890.67
SW46.9L,2014-08-12,36199.51
SW46.9L,2014-08-13,36302.9
SW46.9L,2014-08-14,37243.56
SW46.9L,2014-08-15,39070.79
SW46.9L,2014-08-16,41765.43
SW46.9L,2014-08-17,48472.55
SW46.9L,2014-08-18,53009.37
SW46.9L,2014-08-19,54826.66
SW46.9L,2014-08-20,55681.2
SW46.9L,2014-08-21,55824.6
SW46.9L,2014-08-22,55681.2
SW46.9L,2014-08-23,54968.39
SW46.9L,2014-08-24,54122.19
SW46.9L,2014-08-25,54544.04
SW46.9L,2014-08-26,54544.04
SW46.9L,2014-08-27,56256.49
SW46.9L,2014-08-28,59652.59
SW46.9L,2014-08-29,61023.05
SW46.9L,2014-08-30,59955.09
SW46.9L,2014-08-31,57567.4
SW46.9L,2014-09-01,54262.53
SW46.9L,2014-09-02,51372.84
SW46.9L,2014-09-03,48601.62
SW46.9L,2014-09-04,45821.83
SW46.9L,2014-09-05,43046.62
SW46.9L,2014-09-06,40852.01
SW46.9L,2014-09-07,38852.36
SW46.9L,2014-09-08,37561.19
SW46.9L,2014-09-09,35993.39
SW46.9L,2014-09-10,34976.17
SW46.9L,2014-09-11,35583.85
SW46.9L,2014-09-12,35685.9
SW46.9L,2014-09-13,34575.46
SW46.9L,2014-09-14,34475.83
SW46.9L,2014-09-15,35177.85
SW46.9L,2014-09-16,35993.39
SW46.9L,2014-09-17,36302.9
SW46.9L,2014-09-18,35482.01
SW46.9L,2014-09-19,34277.23
SW46.9L,2014-09-20,33588.94
SW46.9L,2014-09-21,33394.23
SW46.9L,2014-09-22,39953.86
SW46.9L,2014-09-23,46692.84
SW46.9L,2014-09-24,48086.92
SW46.9L,2014-09-25,47576.37
SW46.9L,2014-09-26,46318.02
SW46.9L,2014-09-27,45821.83
SW46.9L,2014-09-28,45698.42
SW46.9L,2014-09-29,45945.5
SW46.9L,2014-09-30,44963.23
SW46.9L,2014-10-01,43519.84
SW46.9L,2014-10-02,42344.14
SW46.9L,2014-10-03,40852.01
SW46.9L,2014-10-04,38743.49
SW46.9L,2014-10-05,35685.9
SW46.9L,2014-10-06,32911.21
SW46.9L,2014-10-07,30575.23
SW46.9L,2014-10-08,28712.28
SW46.9L,2014-10-09,26121.38
SW46.9L,2014-10-10,25011.38
SW46.9L,2014-10-11,23937.59
SW46.9L,2014-10-12,22826.37
SW46.9L,2014-10-13,20993.59
SW46.9L,2014-10-14,20252.81
SW46.9L,2014-10-15,19726.66
SW46.9L,2014-10-16,18957.0
SW46.9L,2014-10-17,18394.89
SW46.9L,2014-10-18,17845.54
SW46.9L,2014-10-19,17367.78
SW46.9L,2014-10-20,16726.81
SW46.9L,2014-10-21,16441.47
SW46.9L,2014-10-22,16328.38
SW46.9L,2014-10-23,16215.88
SW46.9L,2014-10-24,15607.62
SW46.9L,2014-10-25,15069.85
SW46.9L,2014-10-26,14598.0
SW46.9L,2014-10-27,14036.64
SW46.9L,2014-10-28,13540.69
SW46.9L,2014-10-29,13249.58
SW46.9L,2014-10-30,12868.87
SW46.9L,2014-10-31,12542.62
SW46.9L,2014-11-01,12222.69
SW46.9L,2014-11-02,11953.43
SW46.9L,2014-11-03,11776.45
SW46.9L,2014-11-04,11514.72
SW46.9L,2014-11-05,11257.43
SW46.9L,2014-11-06,10962.81
SW46.9L,2014-11-07,10592.66
SW46.9L,2014-11-08,10391.17
SW46.9L,2014-11-09,10153.24
SW46.9L,2014-11-10,10035.85
SW46.9L,2014-11-11,9842.48
SW46.9L,2014-11-12,9727.82
SW46.9L,2014-11-13,9501.56
SW46.9L,2014-11-14,9206.13
SW46.9L,2014-11-15,8882.16
SW46.9L,2014-11-16,8636.24
SW46.9L,2014-11-17,8566.94
SW46.9L,2014-11-18,8463.78
SW46.9L,2014-11-19,8395.53
SW46.9L,2014-11-20,8395.53
SW46.9L,2014-11-21,8361.56
SW46.9L,2014-11-22,8361.56
SW46.9L,2014-11-23,8260.29
SW46.9L,2014-11-24,8126.71
SW46.9L,2014-11-25,7994.78
SW46.9L,2014-11-26,7864.48
SW46.9L,2014-11-27,7767.83
SW46.9L,2014-11-28,7672.07
SW46.9L,2014-11-29,7608.74
SW46.9L,2014-11-30,7514.48
SW46.9L,2015-01-01,5980.44
SW46.9L,2015-01-02,5954.37
SW46.9L,2015-01-03,5902.48
SW46.9L,2015-01-04,5902.48
SW46.9L,2015-01-05,5850.94
SW46.9L,2015-01-06,5799.74
SW46.9L,2015-01-07,5748.88
SW46.9L,2015-01-08,5723.58
SW46.9L,2015-01-09,5698.36
SW46.9L,2015-01-10,5648.19
SW46.9L,2015-01-11,5573.56
SW46.9L,2015-01-12,5548.85
SW46.9L,2015-01-13,5524.22
SW46.9L,2015-01-14,5499.68
SW46.9L,2015-01-15,5499.68
SW46.9L,2015-01-16,5450.85
SW46.9L,2015-01-17,5426.55
SW46.9L,2015-01-18,5378.22
SW46.9L,2015-01-19,5330.21
SW46.9L,2015-01-20,5235.18
SW46.9L,2015-01-21,5141.45
SW46.9L,2015-01-22,5095.06
SW46.9L,2015-01-23,5026.09
SW46.9L,2015-01-24,5003.26
SW46.9L,2015-01-25,4935.23
SW46.9L,2015-01-26,4912.72
SW46.9L,2015-01-27,4867.92
SW46.9L,2015-01-28,4823.43
SW46.9L,2015-01-29,4779.26
SW46.9L,2015-01-30,4757.29
SW46.9L,2015-01-31,4735.39
SW46.9L,2015-02-01,4691.84
SW46.9L,2015-02-02,4670.17
SW46.9L,2015-02-03,4627.08
SW46.9L,2015-02-04,4584.28
SW46.9L,2015-02-05,4563.0
SW46.9L,2015-02-06,4520.66
SW46.9L,2015-02-07,4499.6
SW46.9L,2015-02-08,4478.62
SW46.9L,2015-02-09,4457.72
SW46.9L,2015-02-10,4457.72
SW46.9L,2015-02-11,4457.72
SW46.9L,2015-02-12,4416.12
SW46.9L,2015-02-13,4395.44
SW46.9L,2015-02-14,4333.83
SW46.9L,2015-02-15,4313.44
SW46.9L,2015-02-16,4272.89
SW46.9L,2015-02-17,4272.89
SW46.9L,2015-02-18,4252.72
SW46.9L,2015-02-19,4232.62
SW46.9L,2015-02-20,4232.62
SW46.9L,2015-02-21,4232.62
SW46.9L,2015-02-22,4212.6
SW46.9L,2015-02-23,4192.64
SW46.9L,2015-02-24,4172.76
SW46.9L,2015-02-25,4152.96
SW46.9L,2015-02-26,4133.22
SW46.9L,2015-02-27,4133.22
SW46.9L,2015-02-28,4113.56
SW46.9L,2015-03-01,4113.56
SW46.9L,2015-03-02,4113.56
SW46.9L,2015-03-03,4093.97
SW46.9L,2015-03-04,4074.44
SW46.9L,2015-03-05,4074.44
SW46.9L,2015-03-06,4093.97
SW46.9L,2015-03-07,4133.22
SW46.9L,2015-03-08,4293.13
SW46.9L,2015-03-09,4627.08
SW46.9L,2015-03-10,4935.23
SW46.9L,2015-03-11,5071.99
SW46.9L,2015-03-12,5258.81
SW46.9L,2015-03-13,5623.23
SW46.9L,2015-03-14,5799.74
SW46.9L,2015-03-15,5723.58
SW46.9L,2015-03-16,5499.68
SW46.9L,2015-03-17,5235.18
SW46.9L,2015-03-18,5026.09
SW46.9L,2015-03-19,4867.92
SW46.9L,2015-03-20,4757.29
SW46.9L,2015-03-21,4670.17
SW46.9L,2015-03-22,4648.59
SW46.9L,2015-03-23,4627.08
SW46.9L,2015-03-24,4605.64
SW46.9L,2015-03-25,4670.17
SW46.9L,2015-03-26,4735.39
SW46.9L,2015-03-27,4935.23
SW46.9L,2015-03-28,5235.18
SW46.9L,2015-03-29,5330.21
SW46.9L,2015-03-30,5235.18
SW46.9L,2015-03-31,5141.45
SW46.9L,2015-04-01,5071.99
SW46.9L,2015-04-02,5003.26
SW46.9L,2015-04-03,5026.09
SW46.9L,2015-04-04,5071.99
SW46.9L,2015-04-05,5211.62
SW46.9L,2015-04-06,5524.22
SW46.9L,2015-04-07,5850.94
SW46.9L,2015-04-08,6300.2
SW46.9L,2015-04-09,6804.11
SW46.9L,2015-04-10,7368.8
SW46.9L,2015-04-11,8033.83
SW46.9L,2015-04-12,8955.09
SW46.9L,2015-04-13,10227.48
SW46.9L,2015-04-14,10505.72
SW46.9L,2015-04-15,10465.63
SW46.9L,2015-04-16,10385.78
SW46.9L,2015-04-17,10346.03
SW46.9L,2015-04-18,10071.03
SW46.9L,2015-04-19,9725.7
SW46.9L,2015-04-20,9315.99
SW46.9L,2015-04-21,9134.18
SW46.9L,2015-04-22,9026.4
SW46.9L,2015-04-23,8848.93
SW46.9L,2015-04-24,9389.49
SW46.9L,2015-04-25,10707.98
SW46.9L,2015-04-26,12118.49
SW46.9L,2015-04-27,12572.69
SW46.9L,2015-04-28,12208.31
SW46.9L,2015-04-29,11984.71
SW46.9L,2015-04-30,11984.71
SW46.9L,2015-05-01,12389.48
SW46.9L,2015-05-02,12851.37
SW46.9L,2015-05-03,12804.6
SW46.9L,2015-05-04,12435.09
SW46.9L,2015-05-05,12435.09
SW46.9L,2015-05-06,11896.15
SW46.9L,2015-05-07,11676.94
SW46.9L,2015-05-08,11633.47
SW46.9L,2015-05-09,11940.37
SW46.9L,2015-05-10,12208.31
SW46.9L,2015-05-11,12572.69
SW46.9L,2015-05-12,12665.06
SW46.9L,2015-05-13,12298.64
SW46.9L,2015-05-14,11852.06
SW46.9L,2015-05-15,11808.09
SW46.9L,2015-05-16,11808.09
SW46.9L,2015-05-17,11764.25
SW46.9L,2015-05-18,12208.31
SW46.9L,2015-05-19,13087.19
SW46.9L,2015-05-20,13963.59
SW46.9L,2015-05-21,14520.79
SW46.9L,2015-05-22,15740.6
SW46.9L,2015-05-23,18107.43
SW46.9L,2015-05-24,20736.76
SW46.9L,2015-05-25,21008.05
SW46.9L,2015-05-26,20468.15
SW46.9L,2015-05-27,20872.07
SW46.9L,2015-05-28,22120.44
SW46.9L,2015-05-29,24942.58
SW46.9L,2015-05-30,26534.07
SW46.9L,2015-05-31,27609.35
SW46.9L,2015-06-01,28287.39
SW46.9L,2015-06-02,30943.95
SW46.9L,2015-06-03,32626.79
SW46.9L,2015-06-04,31127.59
SW46.9L,2015-06-05,29770.41
SW46.9L,2015-06-06,29328.21
SW46.9L,2015-06-07,32531.5
SW46.9L,2015-06-08,37456.86
SW46.9L,2015-06-09,39733.72
SW46.9L,2015-06-10,41309.31
SW46.9L,2015-06-11,46448.27
SW46.9L,2015-06-12,53160.54
SW46.9L,2015-06-13,55554.68
SW46.9L,2015-06-14,56274.26
SW46.9L,2015-06-15,54277.17
SW46.9L,2015-06-16,50445.66
SW46.9L,2015-06-17,46573.32
SW46.9L,2015-06-18,45826.9
SW46.9L,2015-06-19,46824.17
SW46.9L,2015-06-20,47710.3
SW46.9L,2015-06-21,45950.67
SW46.9L,2015-06-22,45580.14
SW46.9L,2015-06-23,45211.9
SW46.9L,2015-06-24,45703.39
SW46.9L,2015-06-25,46074.69
SW46.9L,2015-06-26,46698.62
SW46.9L,2015-06-27,45580.14
SW46.9L,2015-06-28,45211.9
SW46.9L,2015-06-29,44724.45
SW46.9L,2015-06-30,44482.23
SW46.9L,2015-07-01,44482.23
SW46.9L,2015-07-02,43642.36
SW46.9L,2015-07-03,44845.93
SW46.9L,2015-07-04,43404.63
SW46.9L,2015-07-05,43049.9
SW46.9L,2015-07-06,45703.39
SW46.9L,2015-07-07,46448.27
SW46.9L,2015-07-08,46198.96
SW46.9L,2015-07-09,45334.39
SW46.9L,2015-07-10,44724.45
SW46.9L,2015-07-11,43286.14
SW46.9L,2015-07-12,41768.11
SW46.9L,2015-07-13,40067.42
SW46.9L,2015-07-14,37669.31
SW46.9L,2015-07-15,35483.95
SW46.9L,2015-07-16,35179.84
SW46.9L,2015-07-17,35995.25
SW46.9L,2015-07-18,36720.51
SW46.9L,2015-07-19,36929.76
SW46.9L,2015-07-20,37139.92
SW46.9L,2015-07-21,37245.34
SW46.9L,2015-07-22,37245.34
SW46.9L,2015-07-23,36408.33
SW46.9L,2015-07-24,33689.02
SW46.9L,2015-07-25,32436.43
SW46.9L,2015-07-26,32341.57
SW46.9L,2015-07-27,33396.74
SW46.9L,2015-07-28,34180.49
SW46.9L,2015-07-29,34180.49
SW46.9L,2015-07-30,33299.75
SW46.9L,2015-07-31,32531.5
SW46.9L,2015-08-01,30943.95
SW46.9L,2015-08-02,27777.69
SW46.9L,2015-08-03,26129.14
SW46.9L,2015-08-04,25098.36
SW46.9L,2015-08-05,24479.66
SW46.9L,2015-08-06,24250.67
SW46.9L,2015-08-07,24787.54
SW46.9L,2015-08-08,26779.33
SW46.9L,2015-08-09,27441.8
SW46.9L,2015-08-10,27777.69
SW46.9L,2015-08-11,28717.58
SW46.9L,2015-08-12,29240.37
SW46.9L,2015-08-13,30127.81
SW46.9L,2015-08-14,30852.45
SW46.9L,2015-08-15,30943.95
SW46.9L,2015-08-16,31683.48
SW46.9L,2015-08-17,32058.27
SW46.9L,2015-08-18,33299.75
SW46.9L,2015-08-19,35892.55
SW46.9L,2015-08-20,39733.72
SW46.9L,2015-08-21,48479.98
SW46.9L,2015-08-22,57147.12
SW46.9L,2015-08-23,60742.38
SW46.9L,2015-08-24,62603.49
SW46.9L,2015-08-25,62446.76
SW46.9L,2015-08-26,60742.38
SW46.9L,2015-08-27,58030.28
SW46.9L,2015-08-28,56129.78
SW46.9L,2015-08-29,54842.15
SW46.9L,2015-08-30,54277.17
SW46.9L,2015-08-31,54842.15
SW46.9L,2015-09-01,56419.02
SW46.9L,2015-09-02,58774.17
SW46.9L,2015-09-03,61822.82
SW46.9L,2015-09-04,63709.05
SW46.9L,2015-09-05,65476.4
SW46.9L,2015-09-06,66292.01
SW46.9L,2015-09-07,65638.91
SW46.9L,2015-09-08,63868.2
SW46.9L,2015-09-09,61049.6
SW46.9L,2015-09-10,57734.74
SW46.9L,2015-09-11,55268.83
SW46.9L,2015-09-12,52746.36
SW46.9L,2015-09-13,50180.11
SW46.9L,2015-09-14,46949.99
SW46.9L,2015-09-15,44361.5
SW46.9L,2015-09-16,41998.97
SW46.9L,2015-09-17,40854.36
SW46.9L,2015-09-18,39292.1
SW46.9L,2015-09-19,37669.31
SW46.9L,2015-09-20,37456.86
SW46.9L,2015-09-21,37775.87
SW46.9L,2015-09-22,38854.24
SW46.9L,2015-09-23,42114.76
SW46.9L,2015-09-24,43523.37
SW46.9L,2015-09-25,43404.63
SW46.9L,2015-09-26,43286.14
SW46.9L,2015-09-27,43642.36
SW46.9L,2015-09-28,44724.45
SW46.9L,2015-09-29,45457.14
SW46.9L,2015-09-30,44724.45
SW46.9L,2015-10-01,43642.36
SW46.9L,2015-10-02,41768.11
SW46.9L,2015-10-03,37562.97
SW46.9L,2015-10-04,35280.99
SW46.9L,2015-10-05,32152.49
SW46.9L,2015-10-06,29770.41
SW46.9L,2015-10-07,28031.66
SW46.9L,2015-10-08,26534.07
SW46.9L,2015-10-09,25333.43
SW46.9L,2015-10-10,24403.15
SW46.9L,2015-10-11,22983.81
SW46.9L,2015-10-12,22333.92
SW46.9L,2015-10-13,21698.15
SW46.9L,2015-10-14,21213.3
SW46.9L,2015-10-15,20736.76
SW46.9L,2015-10-16,20268.44
SW46.9L,2015-10-17,19873.48
SW46.9L,2015-10-18,19420.16
SW46.9L,2015-10-19,18599.26
SW46.9L,2015-10-20,17925.57
SW46.9L,2015-10-21,17388.37
SW46.9L,2015-10-22,16748.58
SW46.9L,2015-10-23,16294.69
SW46.9L,2015-10-24,15905.29
SW46.9L,2015-10-25,15631.53
SW46.9L,2015-10-26,15201.01
SW46.9L,2015-10-27,14884.11
SW46.9L,2015-10-28,14418.24
SW46.9L,2015-10-29,14013.56
SW46.9L,2015-10-30,13963.59
SW46.9L,2015-10-31,13864.06
SW46.9L,2015-11-01,13617.61
SW46.9L,2015-11-02,13134.74
SW46.9L,2015-11-03,12804.6
SW46.9L,2015-11-04,12572.69
SW46.9L,2015-11-05,12253.41
SW46.9L,2015-11-06,12029.18
SW46.9L,2015-11-07,11852.06
SW46.9L,2015-11-08,11852.06
SW46.9L,2015-11-09,11764.25
SW46.9L,2015-11-10,11720.53
SW46.9L,2015-11-11,11676.94
SW46.9L,2015-11-12,11633.47
SW46.9L,2015-11-13,11590.12
SW46.9L,2015-11-14,11503.8
SW46.9L,2015-11-15,11417.97
SW46.9L,2015-11-16,11205.53
SW46.9L,2015-11-17,10830.75
SW46.9L,2015-11-18,10505.72
SW46.9L,2015-11-19,10266.88
SW46.9L,2015-11-20,9954.9
SW46.9L,2015-11-21,9839.79
SW46.9L,2015-11-22,9612.63
SW46.9L,2015-11-23,9463.42
SW46.9L,2015-11-24,9315.99
SW46.9L,2015-11-25,9206.58
SW46.9L,2015-11-26,9062.22
SW46.9L,2015-11-27,8919.6
SW46.9L,2015-11-28,8778.69
SW46.9L,2015-11-29,8674.14
SW46.9L,2015-11-30,8501.99
SW46.9L,2015-12-01,8332.46
SW46.9L,2015-12-02,8265.38
SW46.9L,2015-12-03,8165.53
SW46.9L,2015-12-04,8066.6
SW46.9L,2015-12-05,8001.16
SW46.9L,2015-12-06,7903.76
SW46.9L,2015-12-07,7807.27
SW46.9L,2015-12-08,7743.44
SW46.9L,2015-12-09,7648.45
SW46.9L,2015-12-10,7554.35
SW46.9L,2015-12-11,7492.11
SW46.9L,2015-12-12,7368.8
SW46.9L,2015-12-13,7277.34
SW46.9L,2015-12-14,7186.75
SW46.9L,2015-12-15,7126.84
SW46.9L,2015-12-16,7037.69
SW46.9L,2015-12-17,6978.73
SW46.9L,2015-12-18,6890.99
SW46.9L,2015-12-19,6861.94
SW46.9L,2015-12-20,6775.33
SW46.9L,2015-12-21,6746.65
SW46.9L,2015-12-22,6746.65
SW46.9L,2015-12-23,6661.15
SW46.9L,2015-12-24,6576.49
SW46.9L,2015-12-25,6492.65
SW46.9L,2015-12-26,6437.21
SW46.9L,2015-12-27,6327.42
SW46.9L,2015-12-28,6219.06
SW46.9L,2015-12-29,6192.2
SW46.9L,2015-12-30,6059.19
SW46.9L,2015-12-31,5980.44
SW46.9L,2016-01-01,5502.23
SW46.9L,2016-01-02,5431.52
SW46.9L,2016-01-03,5408.11
SW46.9L,2016-01-04,5361.52
SW46.9L,2016-01-05,5292.24
SW46.9L,2016-01-06,5246.45
SW46.9L,2016-01-07,5178.34
SW46.9L,2016-01-08,5155.8
SW46.9L,2016-01-09,5110.94
SW46.9L,2016-01-10,5066.39
SW46.9L,2016-01-11,5000.14
SW46.9L,2016-01-12,4956.36
SW46.9L,2016-01-13,4934.58
SW46.9L,2016-01-14,4912.87
SW46.9L,2016-01-15,4891.25
SW46.9L,2016-01-16,4848.22
SW46.9L,2016-01-17,4826.82
SW46.9L,2016-01-18,4826.82
SW46.9L,2016-01-19,4805.49
SW46.9L,2016-01-20,4763.06
SW46.9L,2016-01-21,4763.06
SW46.9L,2016-01-22,4720.92
SW46.9L,2016-01-23,4699.97
SW46.9L,2016-01-24,4679.08
SW46.9L,2016-01-25,4616.87
SW46.9L,2016-01-26,4575.76
SW46.9L,2016-01-27,4514.64
SW46.9L,2016-01-28,4474.25
SW46.9L,2016-01-29,4434.15
SW46.9L,2016-01-30,4414.2
SW46.9L,2016-01-31,4374.53
SW46.9L,2016-02-01,4354.79
SW46.9L,2016-02-02,4335.13
SW46.9L,2016-02-03,4296.02
SW46.9L,2016-02-04,4257.18
SW46.9L,2016-02-05,4218.63
SW46.9L,2016-02-06,4199.45
SW46.9L,2016-02-07,4161.31
SW46.9L,2016-02-08,4142.34
SW46.9L,2016-02-09,4104.61
SW46.9L,2016-02-10,4085.84
SW46.9L,2016-02-11,4067.15
SW46.9L,2016-02-12,4048.52
SW46.9L,2016-02-13,4029.96
SW46.9L,2016-02-14,4011.46
SW46.9L,2016-02-15,4011.46
SW46.9L,2016-02-16,4011.46
SW46.9L,2016-02-17,4048.52
SW46.9L,2016-02-18,4067.15
SW46.9L,2016-02-19,4085.84
SW46.9L,2016-02-20,4123.44
SW46.9L,2016-02-21,4142.34
SW46.9L,2016-02-22,4085.84
SW46.9L,2016-02-23,4048.52
SW46.9L,2016-02-24,4029.96
SW46.9L,2016-02-25,3993.04
SW46.9L,2016-02-26,3974.68
SW46.9L,2016-02-27,3974.68
SW46.9L,2016-02-28,3974.68
SW46.9L,2016-02-29,4048.52
SW46.9L,2016-03-01,4276.57
SW46.9L,2016-03-02,5133.33
SW46.9L,2016-03-03,5292.24
SW46.9L,2016-03-04,5200.96
SW46.9L,2016-03-05,5022.15
SW46.9L,2016-03-06,4805.49
SW46.9L,2016-03-07,4658.27
SW46.9L,2016-03-08,4534.94
SW46.9L,2016-03-09,4434.15
SW46.9L,2016-03-10,4374.53
SW46.9L,2016-03-11,4335.13
SW46.9L,2016-03-12,4296.02
SW46.9L,2016-03-13,4276.57
SW46.9L,2016-03-14,4276.57
SW46.9L,2016-03-15,4276.57
SW46.9L,2016-03-16,4374.53
SW46.9L,2016-03-17,4575.76
SW46.9L,2016-03-18,4891.25
SW46.9L,2016-03-19,5155.8
SW46.9L,2016-03-20,5246.45
SW46.9L,2016-03-21,5200.96
SW46.9L,2016-03-22,5200.96
SW46.9L,2016-03-23,5338.35
SW46.9L,2016-03-24,5645.85
SW46.9L,2016-03-25,5841.92
SW46.9L,2016-03-26,5841.92
SW46.9L,2016-03-27,5694.37
SW46.9L,2016-03-28,5597.65
SW46.9L,2016-03-29,5621.71
SW46.9L,2016-03-30,5718.75
SW46.9L,2016-03-31,5866.8
SW46.9L,2016-04-01,6043.32
SW46.9L,2016-04-02,6017.85
SW46.9L,2016-04-03,5817.12
SW46.9L,2016-04-04,5743.22
SW46.9L,2016-04-05,5743.22
SW46.9L,2016-04-06,5967.16
SW46.9L,2016-04-07,6302.75
SW46.9L,2016-04-08,6598.2
SW46.9L,2016-04-09,6680.64
SW46.9L,2016-04-10,6570.89
SW46.9L,2016-04-11,6570.89
SW46.9L,2016-04-12,6763.89
SW46.9L,2016-04-13,7369.89
SW46.9L,2016-04-14,9930.32
SW46.9L,2016-04-15,12053.42
SW46.9L,2016-04-16,12590.74
SW46.9L,2016-04-17,12186.02
SW46.9L,2016-04-18,12364.61
SW46.9L,2016-04-19,13528.15
SW46.9L,2016-04-20,14367.53
SW46.9L,2016-04-21,14570.88
SW46.9L,2016-04-22,14367.53
SW46.9L,2016-04-23,14066.71
SW46.9L,2016-04-24,13967.55
SW46.9L,2016-04-25,14724.87
SW46.9L,2016-04-26,16280.8
SW46.9L,2016-04-27,17664.21
SW46.9L,2016-04-28,18949.36
SW46.9L,2016-04-29,20373.77
SW46.9L,2016-04-30,21881.41
SW46.9L,2016-05-01,21811.03
SW46.9L,2016-05-02,20174.7
SW46.9L,2016-05-03,19138.82
SW46.9L,2016-05-04,18513.04
SW46.9L,2016-05-05,19586.72
SW46.9L,2016-05-06,20042.85
SW46.9L,2016-05-07,19716.2
SW46.9L,2016-05-08,18761.38
SW46.9L,2016-05-09,17664.21
SW46.9L,2016-05-10,16618.33
SW46.9L,2016-05-11,15676.06
SW46.9L,2016-05-12,14880.15
SW46.9L,2016-05-13,14622.07
SW46.9L,2016-05-14,14418.15
SW46.9L,2016-05-15,14317.04
SW46.9L,2016-05-16,14017.06
SW46.9L,2016-05-17,14116.5
SW46.9L,2016-05-18,15730.29
SW46.9L,2016-05-19,18024.14
SW46.9L,2016-05-20,20373.77
SW46.9L,2016-05-21,20844.28
SW46.9L,2016-05-22,24306.67
SW46.9L,2016-05-23,28380.79
SW46.9L,2016-05-24,29168.14
SW46.9L,2016-05-25,27273.24
SW46.9L,2016-05-26,25397.53
SW46.9L,2016-05-27,24153.91
SW46.9L,2016-05-28,23926.18
SW46.9L,2016-05-29,23926.18
SW46.9L,2016-05-30,23550.41
SW46.9L,2016-05-31,22595.17
SW46.9L,2016-06-01,22740.1
SW46.9L,2016-06-02,23775.31
SW46.9L,2016-06-03,23700.15
SW46.9L,2016-06-04,22307.5
SW46.9L,2016-06-05,21048.53
SW46.9L,2016-06-06,20373.77
SW46.9L,2016-06-07,20240.89
SW46.9L,2016-06-08,20174.7
SW46.9L,2016-06-09,19716.2
SW46.9L,2016-06-10,19393.76
SW46.9L,2016-06-11,19522.23
SW46.9L,2016-06-12,19202.31
SW46.9L,2016-06-13,19457.91
SW46.9L,2016-06-14,19846.35
SW46.9L,2016-06-15,22522.98
SW46.9L,2016-06-16,28728.62
SW46.9L,2016-06-17,30244.66
SW46.9L,2016-06-18,30153.77
SW46.9L,2016-06-19,29972.64
SW46.9L,2016-06-20,30794.55
SW46.9L,2016-06-21,32976.06
SW46.9L,2016-06-22,36002.95
SW46.9L,2016-06-23,39807.17
SW46.9L,2016-06-24,42833.22
SW46.9L,2016-06-25,46419.71
SW46.9L,2016-06-26,50785.0
SW46.9L,2016-06-27,51197.37
SW46.9L,2016-06-28,48629.81
SW46.9L,2016-06-29,45658.91
SW46.9L,2016-06-30,42833.22
SW46.9L,2016-07-01,41182.07
SW46.9L,2016-07-02,40490.01
SW46.9L,2016-07-03,42237.63
SW46.9L,2016-07-04,43799.93
SW46.9L,2016-07-05,45157.21
SW46.9L,2016-07-06,48762.35
SW46.9L,2016-07-07,51335.41
SW46.9L,2016-07-08,53870.8
SW46.9L,2016-07-09,53870.8
SW46.9L,2016-07-10,52873.34
SW46.9L,2016-07-11,51473.74
SW46.9L,2016-07-12,50239.27
SW46.9L,2016-07-13,49161.7
SW46.9L,2016-07-14,48365.57
SW46.9L,2016-07-15,47579.65
SW46.9L,2016-07-16,46675.53
SW46.9L,2016-07-17,46803.85
SW46.9L,2016-07-18,47840.49
SW46.9L,2016-07-19,52030.02
SW46.9L,2016-07-20,52873.34
SW46.9L,2016-07-21,53441.52
SW46.9L,2016-07-22,55468.22
SW46.9L,2016-07-23,56952.65
SW46.9L,2016-07-24,59703.57
SW46.9L,2016-07-25,63533.52
SW46.9L,2016-07-26,66531.25
SW46.9L,2016-07-27,69639.57
SW46.9L,2016-07-28,72135.51
SW46.9L,2016-07-29,73226.58
SW46.9L,2016-07-30,72135.51
SW46.9L,2016-07-31,69991.89
SW46.9L,2016-08-01,66361.83
SW46.9L,2016-08-02,62558.36
SW46.9L,2016-08-03,57102.81
SW46.9L,2016-08-04,53727.41
SW46.9L,2016-08-05,51197.37
SW46.9L,2016-08-06,48762.35
SW46.9L,2016-08-07,46292.22
SW46.9L,2016-08-08,44289.71
SW46.9L,2016-08-09,42119.3
SW46.9L,2016-08-10,40604.71
SW46.9L,2016-08-11,39022.05
SW46.9L,2016-08-12,38689.34
SW46.9L,2016-08-13,37596.44
SW46.9L,2016-08-14,37059.21
SW46.9L,2016-08-15,36317.3
SW46.9L,2016-08-16,35277.82
SW46.9L,2016-08-17,34665.5
SW46.9L,2016-08-18,33961.77
SW46.9L,2016-08-19,33961.77
SW46.9L,2016-08-20,33466.05
SW46.9L,2016-08-21,32203.88
SW46.9L,2016-08-22,31165.51
SW46.9L,2016-08-23,30153.77
SW46.9L,2016-08-24,29345.42
SW46.9L,2016-08-25,28641.35
SW46.9L,2016-08-26,27780.09
SW46.9L,2016-08-27,26856.46
SW46.9L,2016-08-28,26362.99
SW46.9L,2016-08-29,25876.7
SW46.9L,2016-08-30,25081.99
SW46.9L,2016-08-31,24769.55
SW46.9L,2016-09-01,24847.37
SW46.9L,2016-09-02,24847.37
SW46.9L,2016-09-03,26939.41
SW46.9L,2016-09-04,29168.14
SW46.9L,2016-09-05,32013.08
SW46.9L,2016-09-06,32588.16
SW46.9L,2016-09-07,34564.27
SW46.9L,2016-09-08,37273.37
SW46.9L,2016-09-09,38578.93
SW46.9L,2016-09-10,39245.11
SW46.9L,2016-09-11,40719.67
SW46.9L,2016-09-12,41298.31
SW46.9L,2016-09-13,42833.22
SW46.9L,2016-09-14,44783.79
SW46.9L,2016-09-15,44783.79
SW46.9L,2016-09-16,42237.63
SW46.9L,2016-09-17,40033.76
SW46.9L,2016-09-18,37704.62
SW46.9L,2016-09-19,36422.56
SW46.9L,2016-09-20,34766.96
SW46.9L,2016-09-21,32781.66
SW46.9L,2016-09-22,33269.37
SW46.9L,2016-09-23,35277.82
SW46.9L,2016-09-24,36107.49
SW46.9L,2016-09-25,36107.49
SW46.9L,2016-09-26,38139.8
SW46.9L,2016-09-27,40033.76
SW46.9L,2016-09-28,40604.71
SW46.9L,2016-09-29,40950.35
SW46.9L,2016-09-30,43073.3
SW46.9L,2016-10-01,44412.82
SW46.9L,2016-10-02,44289.71
SW46.9L,2016-10-03,42713.57
SW46.9L,2016-10-04,39920.34
SW46.9L,2016-10-05,37380.82
SW46.9L,2016-10-06,35380.69
SW46.9L,2016-10-07,32395.57
SW46.9L,2016-10-08,30244.66
SW46.9L,2016-10-09,28728.62
SW46.9L,2016-10-10,28208.13
SW46.9L,2016-10-11,27610.32
SW46.9L,2016-10-12,27273.24
SW46.9L,2016-10-13,29256.68
SW46.9L,2016-10-14,34868.66
SW46.9L,2016-10-15,37813.04
SW46.9L,2016-10-16,40490.01
SW46.9L,2016-10-17,41182.07
SW46.9L,2016-10-18,41182.07
SW46.9L,2016-10-19,40033.76
SW46.9L,2016-10-20,37273.37
SW46.9L,2016-10-21,34868.66
SW46.9L,2016-10-22,31072.44
SW46.9L,2016-10-23,28294.35
SW46.9L,2016-10-24,26038.0
SW46.9L,2016-10-25,24001.9
SW46.9L,2016-10-26,22595.17
SW46.9L,2016-10-27,21392.47
SW46.9L,2016-10-28,20240.89
SW46.9L,2016-10-29,19265.96
SW46.9L,2016-10-30,18513.04
SW46.9L,2016-10-31,17903.53
SW46.9L,2016-11-01,17368.62
SW46.9L,2016-11-02,16732.06
SW46.9L,2016-11-03,16225.07
SW46.9L,2016-11-04,15676.06
SW46.9L,2016-11-05,15247.5
SW46.9L,2016-11-06,14776.49
SW46.9L,2016-11-07,14317.04
SW46.9L,2016-11-08,13967.55
SW46.9L,2016-11-09,13673.39
SW46.9L,2016-11-10,13288.8
SW46.9L,2016-11-11,13099.73
SW46.9L,2016-11-12,13052.8
SW46.9L,2016-11-13,12959.33
SW46.9L,2016-11-14,12866.4
SW46.9L,2016-11-15,12727.98
SW46.9L,2016-11-16,12409.58
SW46.9L,2016-11-17,12053.42
SW46.9L,2016-11-18,11662.45
SW46.9L,2016-11-19,11407.41
SW46.9L,2016-11-20,11115.46
SW46.9L,2016-11-21,10910.56
SW46.9L,2016-11-22,10708.65
SW46.9L,2016-11-23,10391.75
SW46.9L,2016-11-24,10158.97
SW46.9L,2016-11-25,10006.08
SW46.9L,2016-11-26,9817.54
SW46.9L,2016-11-27,9595.0
SW46.9L,2016-11-28,9448.87
SW46.9L,2016-11-29,9340.42
SW46.9L,2016-11-30,9232.97
SW46.9L,2016-12-01,9126.49
SW46.9L,2016-12-02,8951.18
SW46.9L,2016-12-03,8812.86
SW46.9L,2016-12-04,8642.34
SW46.9L,2016-12-05,8541.29
SW46.9L,2016-12-06,8408.0
SW46.9L,2016-12-07,8243.71
SW46.9L,2016-12-08,8114.11
SW46.9L,2016-12-09,8017.97
SW46.9L,2016-12-10,7891.18
SW46.9L,2016-12-11,7797.13
SW46.9L,2016-12-12,7703.98
SW46.9L,2016-12-13,7611.7
SW46.9L,2016-12-14,7490.02
SW46.9L,2016-12-15,7399.78
SW46.9L,2016-12-16,7340.09
SW46.9L,2016-12-17,7251.28
SW46.9L,2016-12-18,7163.32
SW46.9L,2016-12-19,7076.2
SW46.9L,2016-12-20,6989.92
SW46.9L,2016-12-21,6932.86
SW46.9L,2016-12-22,6876.17
SW46.9L,2016-12-23,6791.83
SW46.9L,2016-12-24,6736.05
SW46.9L,2016-12-25,6625.59
SW46.9L,2016-12-26,6625.59
SW46.9L,2016-12-27,6598.2
SW46.9L,2016-12-28,6516.56
SW46.9L,2016-12-29,6489.52
SW46.9L,2016-12-30,6435.72
SW46.9L,2016-12-31,6408.95
SW46.9L,2017-01-01,5194.01
SW46.9L,2017-01-02,5150.43
SW46.9L,2017-01-03,5128.75
SW46.9L,2017-01-04,5107.14
SW46.9L,2017-01-05,5085.61
SW46.9L,2017-01-06,5064.15
SW46.9L,2017-01-07,5042.75
SW46.9L,2017-01-08,4957.9
SW46.9L,2017-01-09,4853.42
SW46.9L,2017-01-10,4771.1
SW46.9L,2017-01-11,4730.35
SW46.9L,2017-01-12,4669.75
SW46.9L,2017-01-13,4629.7
SW46.9L,2017-01-14,4589.91
SW46.9L,2017-01-15,4570.12
SW46.9L,2017-01-16,4530.74
SW46.9L,2017-01-17,4491.63
SW46.9L,2017-01-18,4433.46
SW46.9L,2017-01-19,4375.9
SW46.9L,2017-01-20,4356.84
SW46.9L,2017-01-21,4337.85
SW46.9L,2017-01-22,4318.92
SW46.9L,2017-01-23,4262.53
SW46.9L,2017-01-24,4262.53
SW46.9L,2017-01-25,4243.87
SW46.9L,2017-01-26,4188.26
SW46.9L,2017-01-27,4151.51
SW46.9L,2017-01-28,4115.01
SW46.9L,2017-01-29,4060.74
SW46.9L,2017-01-30,4024.88
SW46.9L,2017-01-31,4007.04
SW46.9L,2017-02-01,3989.27
SW46.9L,2017-02-02,3971.56
SW46.9L,2017-02-03,3953.91
SW46.9L,2017-02-04,3918.79
SW46.9L,2017-02-05,3901.33
SW46.9L,2017-02-06,3866.58
SW46.9L,2017-02-07,3832.09
SW46.9L,2017-02-08,3797.83
SW46.9L,2017-02-09,3763.82
SW46.9L,2017-02-10,3746.9
SW46.9L,2017-02-11,3713.25
SW46.9L,2017-02-12,3679.84
SW46.9L,2017-02-13,3663.22
SW46.9L,2017-02-14,3630.17
SW46.9L,2017-02-15,3613.73
SW46.9L,2017-02-16,3613.73
SW46.9L,2017-02-17,3581.03
SW46.9L,2017-02-18,3564.77
SW46.9L,2017-02-19,3564.77
SW46.9L,2017-02-20,3532.42
SW46.9L,2017-02-21,3532.42
SW46.9L,2017-02-22,3532.42
SW46.9L,2017-02-23,3516.33
SW46.9L,2017-02-24,3532.42
SW46.9L,2017-02-25,3564.77
SW46.9L,2017-02-26,3597.35
SW46.9L,2017-02-27,3613.73
SW46.9L,2017-02-28,3630.17
SW46.9L,2017-03-01,3646.67
SW46.9L,2017-03-02,3679.84
SW46.9L,2017-03-03,3713.25
SW46.9L,2017-03-04,4007.04
SW46.9L,2017-03-05,4115.01
SW46.9L,2017-03-06,4133.23
SW46.9L,2017-03-07,3989.27
SW46.9L,2017-03-08,3936.32
SW46.9L,2017-03-09,3832.09
SW46.9L,2017-03-10,3780.79
SW46.9L,2017-03-11,3746.9
SW46.9L,2017-03-12,3901.33
SW46.9L,2017-03-13,4300.06
SW46.9L,2017-03-14,4832.74
SW46.9L,2017-03-15,5085.61
SW46.9L,2017-03-16,5021.43
SW46.9L,2017-03-17,4853.42
SW46.9L,2017-03-18,4730.35
SW46.9L,2017-03-19,4750.69
SW46.9L,2017-03-20,4832.74
SW46.9L,2017-03-21,5085.61
SW46.9L,2017-03-22,5194.01
SW46.9L,2017-03-23,5085.61
SW46.9L,2017-03-24,4979.0
SW46.9L,2017-03-25,4832.74
SW46.9L,2017-03-26,4915.9
SW46.9L,2017-03-27,4750.69
SW46.9L,2017-03-28,4750.69
SW46.9L,2017-03-29,5021.43
SW46.9L,2017-03-30,4895.0
SW46.9L,2017-03-31,4853.42
SW46.9L,2017-04-01,4791.58
SW46.9L,2017-04-02,4895.0
SW46.9L,2017-04-03,5128.75
SW46.9L,2017-04-04,5646.03
SW46.9L,2017-04-05,6433.45
SW46.9L,2017-04-06,6968.06
SW46.9L,2017-04-07,7478.68
SW46.9L,2017-04-08,8018.46
SW46.9L,2017-04-09,8852.05
SW46.9L,2017-04-10,9680.98
SW46.9L,2017-04-11,9752.74
SW46.9L,2017-04-12,9259.18
SW46.9L,2017-04-13,8719.54
SW46.9L,2017-04-14,8142.49
SW46.9L,2017-04-15,7744.85
SW46.9L,2017-04-16,8427.11
SW46.9L,2017-04-17,8918.91
SW46.9L,2017-04-18,9087.78
SW46.9L,2017-04-19,8752.52
SW46.9L,2017-04-20,8236.51
SW46.9L,2017-04-21,7835.22
SW46.9L,2017-04-22,8080.29
SW46.9L,2017-04-23,7926.42
SW46.9L,2017-04-24,7957.01
SW46.9L,2017-04-25,8018.46
SW46.9L,2017-04-26,7865.53
SW46.9L,2017-04-27,7895.93
SW46.9L,2017-04-28,8236.51
SW46.9L,2017-04-29,8752.52
SW46.9L,2017-04-30,9503.43
SW46.9L,2017-05-01,10841.26
SW46.9L,2017-05-02,14495.91
SW46.9L,2017-05-03,16628.35
SW46.9L,2017-05-04,17928.8
SW46.9L,2017-05-05,16518.9
SW46.9L,2017-05-06,15716.03
SW46.9L,2017-05-07,15147.12
SW46.9L,2017-05-08,15198.16
SW46.9L,2017-05-09,15300.64
SW46.9L,2017-05-10,15045.46
SW46.9L,2017-05-11,14793.66
SW46.9L,2017-05-12,15147.12
SW46.9L,2017-05-13,15249.33
SW46.9L,2017-05-14,15096.23
SW46.9L,2017-05-15,14644.19
SW46.9L,2017-05-16,13168.45
SW46.9L,2017-05-17,12941.88
SW46.9L,2017-05-18,12718.4
SW46.9L,2017-05-19,12410.67
SW46.9L,2017-05-20,12280.61
SW46.9L,2017-05-21,12237.49
SW46.9L,2017-05-22,12151.62
SW46.9L,2017-05-23,12323.84
SW46.9L,2017-05-24,12151.62
SW46.9L,2017-05-25,12674.08
SW46.9L,2017-05-26,13725.04
SW46.9L,2017-05-27,15198.16
SW46.9L,2017-05-28,16247.76
SW46.9L,2017-05-29,16793.61
SW46.9L,2017-05-30,16848.98
SW46.9L,2017-05-31,16904.5
SW46.9L,2017-06-01,17240.65
SW46.9L,2017-06-02,17128.02
SW46.9L,2017-06-03,17240.65
SW46.9L,2017-06-04,17697.05
SW46.9L,2017-06-05,21033.63
SW46.9L,2017-06-06,26000.56
SW46.9L,2017-06-07,27847.54
SW46.9L,2017-06-08,29709.84
SW46.9L,2017-06-09,29450.25
SW46.9L,2017-06-10,27437.46
SW46.9L,2017-06-11,24698.77
SW46.9L,2017-06-12,22808.03
SW46.9L,2017-06-13,21299.26
SW46.9L,2017-06-14,20705.29
SW46.9L,2017-06-15,21033.63
SW46.9L,2017-06-16,22388.42
SW46.9L,2017-06-17,23738.51
SW46.9L,2017-06-18,25304.79
SW46.9L,2017-06-19,27930.13
SW46.9L,2017-06-20,30410.94
SW46.9L,2017-06-21,32968.47
SW46.9L,2017-06-22,34018.52
SW46.9L,2017-06-23,34212.25
SW46.9L,2017-06-24,34309.44
SW46.9L,2017-06-25,34212.25
SW46.9L,2017-06-26,33633.67
SW46.9L,2017-06-27,31669.29
SW46.9L,2017-06-28,31396.24
SW46.9L,2017-06-29,30058.77
SW46.9L,2017-06-30,31852.37
SW46.9L,2017-07-01,33252.27
SW46.9L,2017-07-02,35693.19
SW46.9L,2017-07-03,37536.75
SW46.9L,2017-07-04,38699.9
SW46.9L,2017-07-05,40664.57
SW46.9L,2017-07-06,43876.69
SW46.9L,2017-07-07,47537.57
SW46.9L,2017-07-08,49067.79
SW46.9L,2017-07-09,49197.05
SW46.9L,2017-07-10,49326.57
SW46.9L,2017-07-11,53339.51
SW46.9L,2017-07-12,55015.14
SW46.9L,2017-07-13,55725.48
SW46.9L,2017-07-14,56155.15
SW46.9L,2017-07-15,54592.38
SW46.9L,2017-07-16,51704.51
SW46.9L,2017-07-17,47411.78
SW46.9L,2017-07-18,44470.81
SW46.9L,2017-07-19,41449.56
SW46.9L,2017-07-20,39672.62
SW46.9L,2017-07-21,38273.69
SW46.9L,2017-07-22,36503.49
SW46.9L,2017-07-23,35793.69
SW46.9L,2017-07-24,35592.91
SW46.9L,2017-07-25,35592.91
SW46.9L,2017-07-26,35094.85
SW46.9L,2017-07-27,34406.85
SW46.9L,2017-07-28,33538.0
SW46.9L,2017-07-29,32874.3
SW46.9L,2017-07-30,33062.86
SW46.9L,2017-07-31,33252.27
SW46.9L,2017-08-01,34018.52
SW46.9L,2017-08-02,33633.67
SW46.9L,2017-08-03,33538.0
SW46.9L,2017-08-04,33633.67
SW46.9L,2017-08-05,34798.68
SW46.9L,2017-08-06,35094.85
SW46.9L,2017-08-07,34504.48
SW46.9L,2017-08-08,34212.25
SW46.9L,2017-08-09,34309.44
SW46.9L,2017-08-10,35894.42
SW46.9L,2017-08-11,38914.41
SW46.9L,2017-08-12,46045.34
SW46.9L,2017-08-13,53754.58
SW46.9L,2017-08-14,61518.64
SW46.9L,2017-08-15,63078.11
SW46.9L,2017-08-16,63078.11
SW46.9L,2017-08-17,61056.8
SW46.9L,2017-08-18,57753.09
SW46.9L,2017-08-19,54311.97
SW46.9L,2017-08-20,51704.51
SW46.9L,2017-08-21,49456.37
SW46.9L,2017-08-22,47537.57
SW46.9L,2017-08-23,45071.28
SW46.9L,2017-08-24,43995.01
SW46.9L,2017-08-25,42361.32
SW46.9L,2017-08-26,40553.39
SW46.9L,2017-08-27,39022.02
SW46.9L,2017-08-28,38699.9
SW46.9L,2017-08-29,37224.37
SW46.9L,2017-08-30,36096.54
SW46.9L,2017-08-31,34602.33
SW46.9L,2017-09-01,33633.67
SW46.9L,2017-09-02,34309.44
SW46.9L,2017-09-03,34700.39
SW46.9L,2017-09-04,34602.33
SW46.9L,2017-09-05,34700.39
SW46.9L,2017-09-06,34897.18
SW46.9L,2017-09-07,35393.02
SW46.9L,2017-09-08,36503.49
SW46.9L,2017-09-09,37851.19
SW46.9L,2017-09-10,39891.38
SW46.9L,2017-09-11,42707.29
SW46.9L,2017-09-12,43288.87
SW46.9L,2017-09-13,41903.48
SW46.9L,2017-09-14,40442.46
SW46.9L,2017-09-15,39129.86
SW46.9L,2017-09-16,38061.97
SW46.9L,2017-09-17,36197.94
SW46.9L,2017-09-18,34212.25
SW46.9L,2017-09-19,32593.05
SW46.9L,2017-09-20,31578.07
SW46.9L,2017-09-21,30766.36
SW46.9L,2017-09-22,29883.91
SW46.9L,2017-09-23,29971.24
SW46.9L,2017-09-24,28851.52
SW46.9L,2017-09-25,28262.45
SW46.9L,2017-09-26,28095.9
SW46.9L,2017-09-27,28936.46
SW46.9L,2017-09-28,29709.84
SW46.9L,2017-09-29,29796.77
SW46.9L,2017-09-30,30410.94
SW46.9L,2017-10-01,31487.05
SW46.9L,2017-10-02,33921.99
SW46.9L,2017-10-03,34406.85
SW46.9L,2017-10-04,32968.47
SW46.9L,2017-10-05,31396.24
SW46.9L,2017-10-06,30499.49
SW46.9L,2017-10-07,30766.36
SW46.9L,2017-10-08,31578.07
SW46.9L,2017-10-09,32128.55
SW46.9L,2017-10-10,31852.37
SW46.9L,2017-10-11,29971.24
SW46.9L,2017-10-12,27519.09
SW46.9L,2017-10-13,25304.79
SW46.9L,2017-10-14,24030.77
SW46.9L,2017-10-15,22319.09
SW46.9L,2017-10-16,21974.95
SW46.9L,2017-10-17,21702.67
SW46.9L,2017-10-18,21232.61
SW46.9L,2017-10-19,21033.63
SW46.9L,2017-10-20,20967.64
SW46.9L,2017-10-21,22808.03
SW46.9L,2017-10-22,24177.97
SW46.9L,2017-10-23,22949.27
SW46.9L,2017-10-24,21433.07
SW46.9L,2017-10-25,20188.39
SW46.9L,2017-10-26,19619.12
SW46.9L,2017-10-27,19494.36
SW46.9L,2017-10-28,19681.74
SW46.9L,2017-10-29,20575.09
SW46.9L,2017-10-30,21232.61
SW46.9L,2017-10-31,21702.67
SW46.9L,2017-11-01,20640.11
SW46.9L,2017-11-02,18758.91
SW46.9L,2017-11-03,17297.18
SW46.9L,2017-11-04,16301.7
SW46.9L,2017-11-05,15455.38
SW46.9L,2017-11-06,14843.75
SW46.9L,2017-11-07,14202.93
SW46.9L,2017-11-08,14010.22
SW46.9L,2017-11-09,12941.88
SW46.9L,2017-11-10,12454.27
SW46.9L,2017-11-11,12237.49
SW46.9L,2017-11-12,12237.49
SW46.9L,2017-11-13,12023.71
SW46.9L,2017-11-14,11729.38
SW46.9L,2017-11-15,11359.37
SW46.9L,2017-11-16,11117.86
SW46.9L,2017-11-17,10802.2
SW46.9L,2017-11-18,10608.53
SW46.9L,2017-11-19,10304.39
SW46.9L,2017-11-20,10117.83
SW46.9L,2017-11-21,9933.96
SW46.9L,2017-11-22,9680.98
SW46.9L,2017-11-23,9293.77
SW46.9L,2017-11-24,8952.48
SW46.9L,2017-11-25,8918.91
SW46.9L,2017-11-26,8653.87
SW46.9L,2017-11-27,8491.41
SW46.9L,2017-11-28,8491.41
SW46.9L,2017-11-29,8459.21
SW46.9L,2017-11-30,8363.19
SW46.9L,2017-12-01,8236.51
SW46.9L,2017-12-02,8142.49
SW46.9L,2017-12-03,8049.33
SW46.9L,2017-12-04,7957.01
SW46.9L,2017-12-05,7926.42
SW46.9L,2017-12-06,7895.93
SW46.9L,2017-12-07,7865.53
SW46.9L,2017-12-08,7805.01
SW46.9L,2017-12-09,7685.07
SW46.9L,2017-12-10,7537.2
SW46.9L,2017-12-11,7507.9
SW46.9L,2017-12-12,7420.53
SW46.9L,2017-12-13,7305.3
SW46.9L,2017-12-14,7191.48
SW46.9L,2017-12-15,7107.04
SW46.9L,2017-12-16,7051.19
SW46.9L,2017-12-17,6968.06
SW46.9L,2017-12-18,6885.7
SW46.9L,2017-12-19,6858.42
SW46.9L,2017-12-20,6831.23
SW46.9L,2017-12-21,6750.16
SW46.9L,2017-12-22,6669.85
SW46.9L,2017-12-23,6590.3
SW46.9L,2017-12-24,6563.95
SW46.9L,2017-12-25,6511.5
SW46.9L,2017-12-26,6407.6
SW46.9L,2017-12-27,6330.54
SW46.9L,2017-12-28,6279.57
SW46.9L,2017-12-29,6178.61
SW46.9L,2017-12-30,6153.57
SW46.9L,2017-12-31,6078.94
SW46.9L,2018-01-01,5814.86
SW46.9L,2018-01-02,5744.29
SW46.9L,2018-01-03,5697.64
SW46.9L,2018-01-04,5651.29
SW46.9L,2018-01-05,5582.35
SW46.9L,2018-01-06,5514.1
SW46.9L,2018-01-07,5446.53
SW46.9L,2018-01-08,5401.86
SW46.9L,2018-01-09,5357.49
SW46.9L,2018-01-10,5269.65
SW46.9L,2018-01-11,5226.17
SW46.9L,2018-01-12,5226.17
SW46.9L,2018-01-13,5204.54
SW46.9L,2018-01-14,5140.1
SW46.9L,2018-01-15,5097.49
SW46.9L,2018-01-16,5076.3
SW46.9L,2018-01-17,5055.18
SW46.9L,2018-01-18,5013.16
SW46.9L,2018-01-19,5013.16
SW46.9L,2018-01-20,4992.25
SW46.9L,2018-01-21,4929.96
SW46.9L,2018-01-22,4827.56
SW46.9L,2018-01-23,4787.09
SW46.9L,2018-01-24,4787.09
SW46.9L,2018-01-25,4766.96
SW46.9L,2018-01-26,4746.9
SW46.9L,2018-01-27,4706.98
SW46.9L,2018-01-28,4687.12
SW46.9L,2018-01-29,4627.97
SW46.9L,2018-01-30,4588.87
SW46.9L,2018-01-31,4569.43
SW46.9L,2018-02-01,4550.05
SW46.9L,2018-02-02,4530.73
SW46.9L,2018-02-03,4530.73
SW46.9L,2018-02-04,4511.49
SW46.9L,2018-02-05,4511.49
SW46.9L,2018-02-06,4492.31
SW46.9L,2018-02-07,4454.15
SW46.9L,2018-02-08,4416.26
SW46.9L,2018-02-09,4378.64
SW46.9L,2018-02-10,4359.92
SW46.9L,2018-02-11,4341.27
SW46.9L,2018-02-12,4341.27
SW46.9L,2018-02-13,4322.69
SW46.9L,2018-02-14,4322.69
SW46.9L,2018-02-15,4304.17
SW46.9L,2018-02-16,4122.51
SW46.9L,2018-02-17,3964.43
SW46.9L,2018-02-18,3828.1
SW46.9L,2018-02-19,3878.77
SW46.9L,2018-02-20,3895.78
SW46.9L,2018-02-21,3861.82
SW46.9L,2018-02-22,3828.1
SW46.9L,2018-02-23,3744.86
SW46.9L,2018-02-24,3728.39
SW46.9L,2018-02-25,3728.39
SW46.9L,2018-02-26,3728.39
SW46.9L,2018-02-27,3761.39
SW46.9L,2018-02-28,3794.63
SW46.9L,2018-03-01,3794.63
SW46.9L,2018-03-02,3794.63
SW46.9L,2018-03-03,3777.98
SW46.9L,2018-03-04,3744.86
SW46.9L,2018-03-05,3744.86
SW46.9L,2018-03-06,3744.86
SW46.9L,2018-03-07,3761.39
SW46.9L,2018-03-08,3777.98
SW46.9L,2018-03-09,3844.93
SW46.9L,2018-03-10,3844.93
SW46.9L,2018-03-11,3912.85
SW46.9L,2018-03-12,3947.17
SW46.9L,2018-03-13,4230.74
SW46.9L,2018-03-14,4285.71
SW46.9L,2018-03-15,4378.64
SW46.9L,2018-03-16,4416.26
SW46.9L,2018-03-17,4435.18
SW46.9L,2018-03-18,4341.27
SW46.9L,2018-03-19,4194.41
SW46.9L,2018-03-20,4034.06
SW46.9L,2018-03-21,3964.43
SW46.9L,2018-03-22,3895.78
SW46.9L,2018-03-23,3895.78
SW46.9L,2018-03-24,3964.43
SW46.9L,2018-03-25,4051.63
SW46.9L,2018-03-26,4230.74
SW46.9L,2018-03-27,4435.18
SW46.9L,2018-03-28,4473.2
SW46.9L,2018-03-29,4416.26
SW46.9L,2018-03-30,4416.26
SW46.9L,2018-03-31,4608.39
SW46.9L,2018-04-01,4847.9
SW46.9L,2018-04-02,5118.76
SW46.9L,2018-04-03,5204.54
SW46.9L,2018-04-04,5226.17
SW46.9L,2018-04-05,5226.17
SW46.9L,2018-04-06,5182.99
SW46.9L,2018-04-07,5118.76
SW46.9L,2018-04-08,5097.49
SW46.9L,2018-04-09,5097.49
SW46.9L,2018-04-10,5118.76
SW46.9L,2018-04-11,5097.49
SW46.9L,2018-04-12,5076.3
SW46.9L,2018-04-13,5140.1
SW46.9L,2018-04-14,5335.42
SW46.9L,2018-04-15,5674.42
SW46.9L,2018-04-16,5886.14
SW46.9L,2018-04-17,5982.28
SW46.9L,2018-04-18,6104.26
SW46.9L,2018-04-19,6278.45
SW46.9L,2018-04-20,6961.38
SW46.9L,2018-04-21,7793.54
SW46.9L,2018-04-22,8413.47
SW46.9L,2018-04-23,8542.16
SW46.9L,2018-04-24,8160.84
SW46.9L,2018-04-25,7763.55
SW46.9L,2018-04-26,7556.26
SW46.9L,2018-04-27,7468.82
SW46.9L,2018-04-28,7497.88
SW46.9L,2018-04-29,7793.54
SW46.9L,2018-04-30,8349.72
SW46.9L,2018-05-01,8639.74
SW46.9L,2018-05-02,8738.22
SW46.9L,2018-05-03,8738.22
SW46.9L,2018-05-04,8317.99
SW46.9L,2018-05-05,8098.66
SW46.9L,2018-05-06,7853.8
SW46.9L,2018-05-07,7823.62
SW46.9L,2018-05-08,7793.54
SW46.9L,2018-05-09,7914.44
SW46.9L,2018-05-10,8067.71
SW46.9L,2018-05-11,8705.29
SW46.9L,2018-05-12,9141.37
SW46.9L,2018-05-13,9175.64
SW46.9L,2018-05-14,9210.01
SW46.9L,2018-05-15,9279.08
SW46.9L,2018-05-16,9702.43
SW46.9L,2018-05-17,10673.99
SW46.9L,2018-05-18,11108.28
SW46.9L,2018-05-19,10751.9
SW46.9L,2018-05-20,10141.43
SW46.9L,2018-05-21,9738.4
SW46.9L,2018-05-22,9524.15
SW46.9L,2018-05-23,9418.48
SW46.9L,2018-05-24,9210.01
SW46.9L,2018-05-25,9175.64
SW46.9L,2018-05-26,10291.32
SW46.9L,2018-05-27,11269.73
SW46.9L,2018-05-28,12454.5
SW46.9L,2018-05-29,13643.96
SW46.9L,2018-05-30,15814.02
SW46.9L,2018-05-31,17430.84
SW46.9L,2018-06-01,18561.56
SW46.9L,2018-06-02,19495.97
SW46.9L,2018-06-03,20402.44
SW46.9L,2018-06-04,19751.53
SW46.9L,2018-06-05,18018.71
SW46.9L,2018-06-06,16746.18
SW46.9L,2018-06-07,15814.02
SW46.9L,2018-06-08,15130.19
SW46.9L,2018-06-09,14520.59
SW46.9L,2018-06-10,14272.6
SW46.9L,2018-06-11,14174.37
SW46.9L,2018-06-12,14174.37
SW46.9L,2018-06-13,14076.7
SW46.9L,2018-06-14,13883.01
SW46.9L,2018-06-15,14620.77
SW46.9L,2018-06-16,16302.08
SW46.9L,2018-06-17,17899.86
SW46.9L,2018-06-18,21003.15
SW46.9L,2018-06-19,25945.35
SW46.9L,2018-06-20,29057.85
SW46.9L,2018-06-21,29769.37
SW46.9L,2018-06-22,30039.84
SW46.9L,2018-06-23,29859.3
SW46.9L,2018-06-24,29323.03
SW46.9L,2018-06-25,28882.16
SW46.9L,2018-06-26,29679.66
SW46.9L,2018-06-27,29590.17
SW46.9L,2018-06-28,28707.34
SW46.9L,2018-06-29,27846.16
SW46.9L,2018-06-30,27423.56
SW46.9L,2018-07-01,27423.56
SW46.9L,2018-07-02,29859.3
SW46.9L,2018-07-03,33248.03
SW46.9L,2018-07-04,33842.2
SW46.9L,2018-07-05,36624.45
SW46.9L,2018-07-06,40970.93
SW46.9L,2018-07-07,44969.95
SW46.9L,2018-07-08,44969.95
SW46.9L,2018-07-09,44718.85
SW46.9L,2018-07-10,43603.01
SW46.9L,2018-07-11,40622.3
SW46.9L,2018-07-12,37919.6
SW46.9L,2018-07-13,36306.39
SW46.9L,2018-07-14,35990.58
SW46.9L,2018-07-15,36200.87
SW46.9L,2018-07-16,36944.8
SW46.9L,2018-07-17,37483.79
SW46.9L,2018-07-18,37267.43
SW46.9L,2018-07-19,36518.18
SW46.9L,2018-07-20,35573.0
SW46.9L,2018-07-21,34445.03
SW46.9L,2018-07-22,33643.19
SW46.9L,2018-07-23,33149.83
SW46.9L,2018-07-24,33051.88
SW46.9L,2018-07-25,33248.03
SW46.9L,2018-07-26,32954.16
SW46.9L,2018-07-27,32856.67
SW46.9L,2018-07-28,32954.16
SW46.9L,2018-07-29,32954.16
SW46.9L,2018-07-30,32759.42
SW46.9L,2018-07-31,32662.41
SW46.9L,2018-08-01,33248.03
SW46.9L,2018-08-02,35365.7
SW46.9L,2018-08-03,38470.17
SW46.9L,2018-08-04,39590.93
SW46.9L,2018-08-05,40391.23
SW46.9L,2018-08-06,40622.3
SW46.9L,2018-08-07,41322.0
SW46.9L,2018-08-08,41675.53
SW46.9L,2018-08-09,41204.7
SW46.9L,2018-08-10,39818.25
SW46.9L,2018-08-11,38139.05
SW46.9L,2018-08-12,36837.76
SW46.9L,2018-08-13,36518.18
SW46.9L,2018-08-14,36518.18
SW46.9L,2018-08-15,37267.43
SW46.9L,2018-08-16,37483.79
SW46.9L,2018-08-17,37483.79
SW46.9L,2018-08-18,37159.63
SW46.9L,2018-08-19,36306.39
SW46.9L,2018-08-20,35469.22
SW46.9L,2018-08-21,34243.12
SW46.9L,2018-08-22,32954.16
SW46.9L,2018-08-23,31799.81
SW46.9L,2018-08-24,31705.13
SW46.9L,2018-08-25,31516.45
SW46.9L,2018-08-26,31516.45
SW46.9L,2018-08-27,31610.68
SW46.9L,2018-08-28,31610.68
SW46.9L,2018-08-29,31799.81
SW46.9L,2018-08-30,32469.09
SW46.9L,2018-08-31,33544.04
SW46.9L,2018-09-01,35159.39
SW46.9L,2018-09-02,35781.29
SW46.9L,2018-09-03,35990.58
SW46.9L,2018-09-04,37483.79
SW46.9L,2018-09-05,38139.05
SW46.9L,2018-09-06,37701.18
SW46.9L,2018-09-07,37483.79
SW46.9L,2018-09-08,37159.63
SW46.9L,2018-09-09,36200.87
SW46.9L,2018-09-10,35262.42
SW46.9L,2018-09-11,36095.6
SW46.9L,2018-09-12,39818.25
SW46.9L,2018-09-13,42150.74
SW46.9L,2018-09-14,42390.0
SW46.9L,2018-09-15,43848.99
SW46.9L,2018-09-16,45095.94
SW46.9L,2018-09-17,45857.91
SW46.9L,2018-09-18,45857.91
SW46.9L,2018-09-19,46242.83
SW46.9L,2018-09-20,45602.76
SW46.9L,2018-09-21,42630.37
SW46.9L,2018-09-22,40276.1
SW46.9L,2018-09-23,35781.29
SW46.9L,2018-09-24,32469.09
SW46.9L,2018-09-25,29859.3
SW46.9L,2018-09-26,29057.85
SW46.9L,2018-09-27,30403.57
SW46.9L,2018-09-28,31705.13
SW46.9L,2018-09-29,31799.81
SW46.9L,2018-09-30,30770.91
SW46.9L,2018-10-01,29590.17
SW46.9L,2018-10-02,28620.26
SW46.9L,2018-10-03,27931.32
SW46.9L,2018-10-04,27255.99
SW46.9L,2018-10-05,25865.18
SW46.9L,2018-10-06,24918.8
SW46.9L,2018-10-07,23775.82
SW46.9L,2018-10-08,22820.25
SW46.9L,2018-10-09,21896.29
SW46.9L,2018-10-10,20601.09
SW46.9L,2018-10-11,19306.08
SW46.9L,2018-10-12,18500.59
SW46.9L,2018-10-13,17605.53
SW46.9L,2018-10-14,16802.38
SW46.9L,2018-10-15,16302.08
SW46.9L,2018-10-16,15707.2
SW46.9L,2018-10-17,15233.79
SW46.9L,2018-10-18,14721.52
SW46.9L,2018-10-19,14671.08
SW46.9L,2018-10-20,15181.91
SW46.9L,2018-10-21,15337.97
SW46.9L,2018-10-22,14772.1
SW46.9L,2018-10-23,13979.58
SW46.9L,2018-10-24,13038.15
SW46.9L,2018-10-25,12454.5
SW46.9L,2018-10-26,12498.62
SW46.9L,2018-10-27,12498.62
SW46.9L,2018-10-28,11850.02
SW46.9L,2018-10-29,11310.4
SW46.9L,2018-10-30,10948.71
SW46.9L,2018-10-31,10635.21
SW46.9L,2018-11-01,10291.32
SW46.9L,2018-11-02,10067.16
SW46.9L,2018-11-03,9738.4
SW46.9L,2018-11-04,9630.79
SW46.9L,2018-11-05,9313.77
SW46.9L,2018-11-06,9005.33
SW46.9L,2018-11-07,8937.93
SW46.9L,2018-11-08,9107.2
SW46.9L,2018-11-09,9005.33
SW46.9L,2018-11-10,8870.95
SW46.9L,2018-11-11,8771.25
SW46.9L,2018-11-12,8870.95
SW46.9L,2018-11-13,8971.58
SW46.9L,2018-11-14,8971.58
SW46.9L,2018-11-15,8672.46
SW46.9L,2018-11-16,8317.99
SW46.9L,2018-11-17,8129.7
SW46.9L,2018-11-18,7975.46
SW46.9L,2018-11-19,7793.54
SW46.9L,2018-11-20,7644.54
SW46.9L,2018-11-21,7585.6
SW46.9L,2018-11-22,7556.26
SW46.9L,2018-11-23,7615.02
SW46.9L,2018-11-24,7853.8
SW46.9L,2018-11-25,8006.11
SW46.9L,2018-11-26,7853.8
SW46.9L,2018-11-27,7527.02
SW46.9L,2018-11-28,7268.01
SW46.9L,2018-11-29,7071.63
SW46.9L,2018-11-30,6961.38
SW46.9L,2018-12-01,6961.38
SW46.9L,2018-12-02,6852.53
SW46.9L,2018-12-03,6718.43
SW46.9L,2018-12-04,6665.4
SW46.9L,2018-12-05,6534.31
SW46.9L,2018-12-06,6405.33
SW46.9L,2018-12-07,6278.45
SW46.9L,2018-12-08,6253.32
SW46.9L,2018-12-09,6128.9
SW46.9L,2018-12-10,6006.52
SW46.9L,2018-12-11,5982.28
SW46.9L,2018-12-12,5886.14
SW46.9L,2018-12-13,5767.74
SW46.9L,2018-12-14,5697.64
SW46.9L,2018-12-15,5628.23
SW46.9L,2018-12-16,5536.77
SW46.9L,2018-12-17,5491.5
SW46.9L,2018-12-18,5401.86
SW46.9L,2018-12-19,5379.64
SW46.9L,2018-12-20,5291.5
SW46.9L,2018-12-21,5269.65
SW46.9L,2018-12-22,5269.65
SW46.9L,2018-12-23,5247.87
SW46.9L,2018-12-24,5247.87
SW46.9L,2018-12-25,5204.54
SW46.9L,2018-12-26,5182.99
SW46.9L,2018-12-27,5182.99
SW46.9L,2018-12-28,5182.99
SW46.9L,2018-12-29,5161.51
SW46.9L,2018-12-30,5118.76
SW46.9L,2018-12-31,4992.25
SW46.9L,2019-01-01,3822.08
SW46.9L,2019-01-02,3751.23
SW46.9L,2019-01-03,3737.2
SW46.9L,2019-01-04,3709.28
SW46.9L,2019-01-05,3681.54
SW46.9L,2019-01-06,3626.6
SW46.9L,2019-01-07,3585.86
SW46.9L,2019-01-08,3558.93
SW46.9L,2019-01-09,3518.86
SW46.9L,2019-01-10,3492.37
SW46.9L,2019-01-11,3466.05
SW46.9L,2019-01-12,3439.91
SW46.9L,2019-01-13,3413.94
SW46.9L,2019-01-14,3375.3
SW46.9L,2019-01-15,3362.51
SW46.9L,2019-01-16,3311.76
SW46.9L,2019-01-17,3299.18
SW46.9L,2019-01-18,3274.14
SW46.9L,2019-01-19,3274.14
SW46.9L,2019-01-20,3236.89
SW46.9L,2019-01-21,3187.81
SW46.9L,2019-01-22,3175.64
SW46.9L,2019-01-23,3139.37
SW46.9L,2019-01-24,3115.4
SW46.9L,2019-01-25,3079.74
SW46.9L,2019-01-26,3021.09
SW46.9L,2019-01-27,3009.48
SW46.9L,2019-01-28,3009.48
SW46.9L,2019-01-29,2997.91
SW46.9L,2019-01-30,2986.38
SW46.9L,2019-01-31,2974.88
SW46.9L,2019-02-01,2952.01
SW46.9L,2019-02-02,2929.29
SW46.9L,2019-02-03,2906.73
SW46.9L,2019-02-04,2906.73
SW46.9L,2019-02-05,2895.5
SW46.9L,2019-02-06,2873.16
SW46.9L,2019-02-07,2873.16
SW46.9L,2019-02-08,2850.98
SW46.9L,2019-02-09,2850.98
SW46.9L,2019-02-10,2828.94
SW46.9L,2019-02-11,2807.05
SW46.9L,2019-02-12,2807.05
SW46.9L,2019-02-13,2785.31
SW46.9L,2019-02-14,2785.31
SW46.9L,2019-02-15,2774.5
SW46.9L,2019-02-16,2763.72
SW46.9L,2019-02-17,2752.98
SW46.9L,2019-02-18,2752.98
SW46.9L,2019-02-19,2752.98
SW46.9L,2019-02-20,2796.17
SW46.9L,2019-02-21,2807.05
SW46.9L,2019-02-22,2796.17
SW46.9L,2019-02-23,2774.5
SW46.9L,2019-02-24,2774.5
SW46.9L,2019-02-25,2774.5
SW46.9L,2019-02-26,2796.17
SW46.9L,2019-02-27,2850.98
SW46.9L,2019-02-28,2940.63
SW46.9L,2019-03-01,2963.43
SW46.9L,2019-03-02,2929.29
SW46.9L,2019-03-03,2906.73
SW46.9L,2019-03-04,2906.73
SW46.9L,2019-03-05,2917.99
SW46.9L,2019-03-06,3044.43
SW46.9L,2019-03-07,3187.81
SW46.9L,2019-03-08,3311.76
SW46.9L,2019-03-09,3388.14
SW46.9L,2019-03-10,3426.9
SW46.9L,2019-03-11,3375.3
SW46.9L,2019-03-12,3311.76
SW46.9L,2019-03-13,3274.14
SW46.9L,2019-03-14,3261.68
SW46.9L,2019-03-15,3261.68
SW46.9L,2019-03-16,3249.27
SW46.9L,2019-03-17,3224.56
SW46.9L,2019-03-18,3200.02
SW46.9L,2019-03-19,3151.42
SW46.9L,2019-03-20,3115.4
SW46.9L,2019-03-21,3091.58
SW46.9L,2019-03-22,3091.58
SW46.9L,2019-03-23,3079.74
SW46.9L,2019-03-24,3187.81
SW46.9L,2019-03-25,3375.3
SW46.9L,2019-03-26,3505.6
SW46.9L,2019-03-27,3585.86
SW46.9L,2019-03-28,3585.86
SW46.9L,2019-03-29,3585.86
SW46.9L,2019-03-30,3626.6
SW46.9L,2019-03-31,3572.37
SW46.9L,2019-04-01,3558.93
SW46.9L,2019-04-02,3626.6
SW46.9L,2019-04-03,3681.54
SW46.9L,2019-04-04,3779.43
SW46.9L,2019-04-05,3836.39
SW46.9L,2019-04-06,3836.39
SW46.9L,2019-04-07,3894.1
SW46.9L,2019-04-08,3923.24
SW46.9L,2019-04-09,4086.92
SW46.9L,2019-04-10,4351.64
SW46.9L,2019-04-11,4564.07
SW46.9L,2019-04-12,4564.07
SW46.9L,2019-04-13,4448.59
SW46.9L,2019-04-14,4335.67
SW46.9L,2019-04-15,4288.04
SW46.9L,2019-04-16,4288.04
SW46.9L,2019-04-17,4383.75
SW46.9L,2019-04-18,4383.75
SW46.9L,2019-04-19,4399.88
SW46.9L,2019-04-20,4464.93
SW46.9L,2019-04-21,4564.07
SW46.9L,2019-04-22,4648.16
SW46.9L,2019-04-23,4699.26
SW46.9L,2019-04-24,4733.6
SW46.9L,2019-04-25,4855.52
SW46.9L,2019-04-26,5144.56
SW46.9L,2019-04-27,5526.93
SW46.9L,2019-04-28,5390.37
SW46.9L,2019-04-29,5351.89
SW46.9L,2019-04-30,5275.67
SW46.9L,2019-05-01,5200.39
SW46.9L,2019-05-02,5371.1
SW46.9L,2019-05-03,5871.26
SW46.9L,2019-05-04,6524.83
SW46.9L,2019-05-05,7141.84
SW46.9L,2019-05-06,7862.81
SW46.9L,2019-05-07,9309.59
SW46.9L,2019-05-08,10734.79
SW46.9L,2019-05-09,11422.99
SW46.9L,2019-05-10,11993.26
SW46.9L,2019-05-11,12347.24
SW46.9L,2019-05-12,12833.4
SW46.9L,2019-05-13,12916.03
SW46.9L,2019-05-14,12347.24
SW46.9L,2019-05-15,11915.81
SW46.9L,2019-05-16,12387.12
SW46.9L,2019-05-17,13856.18
SW46.9L,2019-05-18,15719.68
SW46.9L,2019-05-19,16679.11
SW46.9L,2019-05-20,15967.36
SW46.9L,2019-05-21,14669.36
SW46.9L,2019-05-22,13768.31
SW46.9L,2019-05-23,13166.73
SW46.9L,2019-05-24,12669.52
SW46.9L,2019-05-25,12833.4
SW46.9L,2019-05-26,13421.67
SW46.9L,2019-05-27,13944.54
SW46.9L,2019-05-28,13812.18
SW46.9L,2019-05-29,13507.61
SW46.9L,2019-05-30,13082.69
SW46.9L,2019-05-31,13166.73
SW46.9L,2019-06-01,13251.24
SW46.9L,2019-06-02,13251.24
SW46.9L,2019-06-03,13124.65
SW46.9L,2019-06-04,12588.26
SW46.9L,2019-06-05,11800.47
SW46.9L,2019-06-06,11535.11
SW46.9L,2019-06-07,11092.34
SW46.9L,2019-06-08,10629.51
SW46.9L,2019-06-09,10387.36
SW46.9L,2019-06-10,10217.37
SW46.9L,2019-06-11,10594.62
SW46.9L,2019-06-12,10770.09
SW46.9L,2019-06-13,10912.29
SW46.9L,2019-06-14,11497.63
SW46.9L,2019-06-15,12547.81
SW46.9L,2019-06-16,13944.54
SW46.9L,2019-06-17,14949.54
SW46.9L,2019-06-18,15091.37
SW46.9L,2019-06-19,15186.58
SW46.9L,2019-06-20,15867.88
SW46.9L,2019-06-21,15282.32
SW46.9L,2019-06-22,16472.98
SW46.9L,2019-06-23,18242.25
SW46.9L,2019-06-24,18925.62
SW46.9L,2019-06-25,18638.21
SW46.9L,2019-06-26,17798.75
SW46.9L,2019-06-27,20053.44
SW46.9L,2019-06-28,22152.42
SW46.9L,2019-06-29,22621.56
SW46.9L,2019-06-30,23237.5
SW46.9L,2019-07-01,23446.05
SW46.9L,2019-07-02,24224.78
SW46.9L,2019-07-03,25100.02
SW46.9L,2019-07-04,25100.02
SW46.9L,2019-07-05,23868.05
SW46.9L,2019-07-06,22419.45
SW46.9L,2019-07-07,21626.69
SW46.9L,2019-07-08,22019.95
SW46.9L,2019-07-09,22893.53
SW46.9L,2019-07-10,25100.02
SW46.9L,2019-07-11,27731.82
SW46.9L,2019-07-12,31403.67
SW46.9L,2019-07-13,36509.14
SW46.9L,2019-07-14,40715.86
SW46.9L,2019-07-15,45092.6
SW46.9L,2019-07-16,47625.46
SW46.9L,2019-07-17,50146.03
SW46.9L,2019-07-18,50828.41
SW46.9L,2019-07-19,49605.9
SW46.9L,2019-07-20,46470.68
SW46.9L,2019-07-21,43033.1
SW46.9L,2019-07-22,38616.31
SW46.9L,2019-07-23,35896.92
SW46.9L,2019-07-24,35594.19
SW46.9L,2019-07-25,36818.66
SW46.9L,2019-07-26,37234.91
SW46.9L,2019-07-27,35293.7
SW46.9L,2019-07-28,33728.24
SW46.9L,2019-07-29,32687.53
SW46.9L,2019-07-30,31675.0
SW46.9L,2019-07-31,29990.58
SW46.9L,2019-08-01,28302.64
SW46.9L,2019-08-02,27410.17
SW46.9L,2019-08-03,27250.58
SW46.9L,2019-08-04,27171.08
SW46.9L,2019-08-05,27091.79
SW46.9L,2019-08-06,27091.79
SW46.9L,2019-08-07,26698.37
SW46.9L,2019-08-08,26387.24
SW46.9L,2019-08-09,25850.38
SW46.9L,2019-08-10,25547.92
SW46.9L,2019-08-11,25026.04
SW46.9L,2019-08-12,24010.19
SW46.9L,2019-08-13,23656.23
SW46.9L,2019-08-14,23030.58
SW46.9L,2019-08-15,22621.56
SW46.9L,2019-08-16,22486.64
SW46.9L,2019-08-17,21822.55
SW46.9L,2019-08-18,21432.38
SW46.9L,2019-08-19,21496.98
SW46.9L,2019-08-20,21303.68
SW46.9L,2019-08-21,20858.56
SW46.9L,2019-08-22,20421.59
SW46.9L,2019-08-23,19571.6
SW46.9L,2019-08-24,18983.57
SW46.9L,2019-08-25,18354.62
SW46.9L,2019-08-26,18695.39
SW46.9L,2019-08-27,18130.48
SW46.9L,2019-08-28,17257.65
SW46.9L,2019-08-29,16679.11
SW46.9L,2019-08-30,15867.88
SW46.9L,2019-08-31,15091.37
SW46.9L,2019-09-01,14808.87
SW46.9L,2019-09-02,14762.24
SW46.9L,2019-09-03,14623.11
SW46.9L,2019-09-04,14302.93
SW46.9L,2019-09-05,14167.6
SW46.9L,2019-09-06,14439.39
SW46.9L,2019-09-07,14439.39
SW46.9L,2019-09-08,14439.39
SW46.9L,2019-09-09,14808.87
SW46.9L,2019-09-10,15043.96
SW46.9L,2019-09-11,15138.91
SW46.9L,2019-09-12,15282.32
SW46.9L,2019-09-13,15818.35
SW46.9L,2019-09-14,17204.34
SW46.9L,2019-09-15,19452.74
SW46.9L,2019-09-16,21496.98
SW46.9L,2019-09-17,22352.43
SW46.9L,2019-09-18,23030.58
SW46.9L,2019-09-19,24659.01
SW46.9L,2019-09-20,25174.19
SW46.9L,2019-09-21,25547.92
SW46.9L,2019-09-22,26002.79
SW46.9L,2019-09-23,26232.87
SW46.9L,2019-09-24,25623.24
SW46.9L,2019-09-25,24732.04
SW46.9L,2019-09-26,24732.04
SW46.9L,2019-09-27,25397.85
SW46.9L,2019-09-28,25026.04
SW46.9L,2019-09-29,24081.53
SW46.9L,2019-09-30,24010.19
SW46.9L,2019-10-01,24878.66
SW46.9L,2019-10-02,23797.26
SW46.9L,2019-10-03,22152.42
SW46.9L,2019-10-04,20732.88
SW46.9L,2019-10-05,19452.74
SW46.9L,2019-10-06,18411.04
SW46.9L,2019-10-07,17418.45
SW46.9L,2019-10-08,16731.0
SW46.9L,2019-10-09,16319.84
SW46.9L,2019-10-10,16067.39
SW46.9L,2019-10-11,15572.69
SW46.9L,2019-10-12,14902.52
SW46.9L,2019-10-13,14348.29
SW46.9L,2019-10-14,14257.7
SW46.9L,2019-10-15,14439.39
SW46.9L,2019-10-16,14531.0
SW46.9L,2019-10-17,14348.29
SW46.9L,2019-10-18,13594.02
SW46.9L,2019-10-19,12588.26
SW46.9L,2019-10-20,11724.11
SW46.9L,2019-10-21,11128.66
SW46.9L,2019-10-22,10559.83
SW46.9L,2019-10-23,10049.81
SW46.9L,2019-10-24,9689.61
SW46.9L,2019-10-25,9403.35
SW46.9L,2019-10-26,9372.01
SW46.9L,2019-10-27,9216.65
SW46.9L,2019-10-28,9434.79
SW46.9L,2019-10-29,9657.43
SW46.9L,2019-10-30,9884.66
SW46.9L,2019-10-31,9786.71
SW46.9L,2019-11-01,9754.25
SW46.9L,2019-11-02,9950.43
SW46.9L,2019-11-03,9819.26
SW46.9L,2019-11-04,9529.65
SW46.9L,2019-11-05,9002.93
SW46.9L,2019-11-06,8588.46
SW46.9L,2019-11-07,8330.91
SW46.9L,2019-11-08,8052.69
SW46.9L,2019-11-09,7809.28
SW46.9L,2019-11-10,7572.32
SW46.9L,2019-11-11,7417.87
SW46.9L,2019-11-12,7166.56
SW46.9L,2019-11-13,6946.78
SW46.9L,2019-11-14,6803.55
SW46.9L,2019-11-15,6662.92
SW46.9L,2019-11-16,6570.58
SW46.9L,2019-11-17,6434.17
SW46.9L,2019-11-18,6344.61
SW46.9L,2019-11-19,6278.16
SW46.9L,2019-11-20,6147.08
SW46.9L,2019-11-21,6082.44
SW46.9L,2019-11-22,5997.19
SW46.9L,2019-11-23,5933.93
SW46.9L,2019-11-24,5912.98
SW46.9L,2019-11-25,5912.98
SW46.9L,2019-11-26,5892.08
SW46.9L,2019-11-27,5871.26
SW46.9L,2019-11-28,5768.09
SW46.9L,2019-11-29,5626.32
SW46.9L,2019-11-30,5526.93
SW46.9L,2019-12-01,5429.08
SW46.9L,2019-12-02,5332.75
SW46.9L,2019-12-03,5275.67
SW46.9L,2019-12-04,5200.39
SW46.9L,2019-12-05,5181.72
SW46.9L,2019-12-06,5107.62
SW46.9L,2019-12-07,5070.92
SW46.9L,2019-12-08,4998.21
SW46.9L,2019-12-09,4962.2
SW46.9L,2019-12-10,4890.85
SW46.9L,2019-12-11,4837.94
SW46.9L,2019-12-12,4750.85
SW46.9L,2019-12-13,4716.4
SW46.9L,2019-12-14,4648.16
SW46.9L,2019-12-15,4614.36
SW46.9L,2019-12-16,4547.42
SW46.9L,2019-12-17,4481.32
SW46.9L,2019-12-18,4448.59
SW46.9L,2019-12-19,4383.75
SW46.9L,2019-12-20,4351.64
SW46.9L,2019-12-21,4303.87
SW46.9L,2019-12-22,4256.55
SW46.9L,2019-12-23,4240.88
SW46.9L,2019-12-24,4209.69
SW46.9L,2019-12-25,4194.17
SW46.9L,2019-12-26,4178.7
SW46.9L,2019-12-27,4163.28
SW46.9L,2019-12-28,4086.92
SW46.9L,2019-12-29,4071.8
SW46.9L,2019-12-30,4041.7
SW46.9L,2019-12-31,3996.91
SW46.9L,2020-01-01,5773.63
SW46.9L,2020-01-02,5681.94
SW46.9L,2020-01-03,5659.2
SW46.9L,2020-01-04,5613.96
SW46.9L,2020-01-05,5569.02
SW46.9L,2020-01-06,5502.16
SW46.9L,2020-01-07,5435.96
SW46.9L,2020-01-08,5435.96
SW46.9L,2020-01-09,5435.96
SW46.9L,2020-01-10,5414.04
SW46.9L,2020-01-11,5414.04
SW46.9L,2020-01-12,5370.42
SW46.9L,2020-01-13,5348.73
SW46.9L,2020-01-14,5348.73
SW46.9L,2020-01-15,5348.73
SW46.9L,2020-01-16,5348.73
SW46.9L,2020-01-17,5327.1
SW46.9L,2020-01-18,5305.54
SW46.9L,2020-01-19,5198.85
SW46.9L,2020-01-20,5177.72
SW46.9L,2020-01-21,5073.15
SW46.9L,2020-01-22,5052.45
SW46.9L,2020-01-23,5031.82
SW46.9L,2020-01-24,4990.76
SW46.9L,2020-01-25,4970.34
SW46.9L,2020-01-26,4909.48
SW46.9L,2020-01-27,4889.33
SW46.9L,2020-01-28,4849.24
SW46.9L,2020-01-29,4849.24
SW46.9L,2020-01-30,4929.7
SW46.9L,2020-01-31,4949.98
SW46.9L,2020-02-01,4990.76
SW46.9L,2020-02-02,4970.34
SW46.9L,2020-02-03,4929.7
SW46.9L,2020-02-04,4809.41
SW46.9L,2020-02-05,4750.19
SW46.9L,2020-02-06,4672.16
SW46.9L,2020-02-07,4652.82
SW46.9L,2020-02-08,4633.54
SW46.9L,2020-02-09,4614.34
SW46.9L,2020-02-10,4614.34
SW46.9L,2020-02-11,4557.1
SW46.9L,2020-02-12,4500.46
SW46.9L,2020-02-13,4481.71
SW46.9L,2020-02-14,4444.4
SW46.9L,2020-02-15,4407.34
SW46.9L,2020-02-16,4388.91
SW46.9L,2020-02-17,4315.82
SW46.9L,2020-02-18,4297.71
SW46.9L,2020-02-19,4297.71
SW46.9L,2020-02-20,4261.67
SW46.9L,2020-02-21,4243.75
SW46.9L,2020-02-22,4243.75
SW46.9L,2020-02-23,4243.75
SW46.9L,2020-02-24,4243.75
SW46.9L,2020-02-25,4243.75
SW46.9L,2020-02-26,4243.75
SW46.9L,2020-02-27,4243.75
SW46.9L,2020-02-28,4279.66
SW46.9L,2020-02-29,4352.24
SW46.9L,2020-03-01,4407.34
SW46.9L,2020-03-02,4407.34
SW46.9L,2020-03-03,4407.34
SW46.9L,2020-03-04,4388.91
SW46.9L,2020-03-05,4352.24
SW46.9L,2020-03-06,4334.0
SW46.9L,2020-03-07,4334.0
SW46.9L,2020-03-08,4334.0
SW46.9L,2020-03-09,4334.0
SW46.9L,2020-03-10,4334.0
SW46.9L,2020-03-11,4352.24
SW46.9L,2020-03-12,4352.24
SW46.9L,2020-03-13,4352.24
SW46.9L,2020-03-14,4352.24
SW46.9L,2020-03-15,4370.55
SW46.9L,2020-03-16,4370.55
SW46.9L,2020-03-17,4370.55
SW46.9L,2020-03-18,4388.91
SW46.9L,2020-03-19,4463.02
SW46.9L,2020-03-20,4500.46
SW46.9L,2020-03-21,4500.46
SW46.9L,2020-03-22,4500.46
SW46.9L,2020-03-23,4463.02
SW46.9L,2020-03-24,4444.4
SW46.9L,2020-03-25,4463.02
SW46.9L,2020-03-26,4595.19
SW46.9L,2020-03-27,4633.54
SW46.9L,2020-03-28,4652.82
SW46.9L,2020-03-29,4652.82
SW46.9L,2020-03-30,4595.19
SW46.9L,2020-03-31,4519.27
SW46.9L,2020-04-01,4500.46
SW46.9L,2020-04-02,4481.71
SW46.9L,2020-04-03,4481.71
SW46.9L,2020-04-04,4500.46
SW46.9L,2020-04-05,4519.27
SW46.9L,2020-04-06,4633.54
SW46.9L,2020-04-07,5031.82
SW46.9L,2020-04-08,5435.96
SW46.9L,2020-04-09,5546.65
SW46.9L,2020-04-10,5569.02
SW46.9L,2020-04-11,5591.45
SW46.9L,2020-04-12,5659.2
SW46.9L,2020-04-13,5773.63
SW46.9L,2020-04-14,5773.63
SW46.9L,2020-04-15,5704.75
SW46.9L,2020-04-16,5591.45
SW46.9L,2020-04-17,5524.37
SW46.9L,2020-04-18,5659.2
SW46.9L,2020-04-19,5866.54
SW46.9L,2020-04-20,6008.23
SW46.9L,2020-04-21,6080.12
SW46.9L,2020-04-22,6152.72
SW46.9L,2020-04-23,6201.52
SW46.9L,2020-04-24,6349.84
SW46.9L,2020-04-25,6629.36
SW46.9L,2020-04-26,6945.8
SW46.9L,2020-04-27,7302.59
SW46.9L,2020-04-28,8001.07
SW46.9L,2020-04-29,9050.76
SW46.9L,2020-04-30,9776.09
SW46.9L,2020-05-01,9705.0
SW46.9L,2020-05-02,9494.31
SW46.9L,2020-05-03,8917.77
SW46.9L,2020-05-04,8496.67
SW46.9L,2020-05-05,8339.14
SW46.9L,2020-05-06,8339.14
SW46.9L,2020-05-07,8214.87
SW46.9L,2020-05-08,8214.87
SW46.9L,2020-05-09,8276.81
SW46.9L,2020-05-10,8339.14
SW46.9L,2020-05-11,8370.45
SW46.9L,2020-05-12,8370.45
SW46.9L,2020-05-13,8496.67
SW46.9L,2020-05-14,9017.36
SW46.9L,2020-05-15,9634.35
SW46.9L,2020-05-16,9955.68
SW46.9L,2020-05-17,9776.09
SW46.9L,2020-05-18,9776.09
SW46.9L,2020-05-19,9883.52
SW46.9L,2020-05-20,10064.73
SW46.9L,2020-05-21,10701.51
SW46.9L,2020-05-22,11170.75
SW46.9L,2020-05-23,12160.28
SW46.9L,2020-05-24,15312.82
SW46.9L,2020-05-25,18200.18
SW46.9L,2020-05-26,20255.38
SW46.9L,2020-05-27,23072.21
SW46.9L,2020-05-28,26773.39
SW46.9L,2020-05-29,31792.17
SW46.9L,2020-05-30,35758.65
SW46.9L,2020-05-31,35241.58
SW46.9L,2020-06-01,31136.95
SW46.9L,2020-06-02,27519.11
SW46.9L,2020-06-03,25253.8
SW46.9L,2020-06-04,23731.9
SW46.9L,2020-06-05,22927.68
SW46.9L,2020-06-06,23436.8
SW46.9L,2020-06-07,24865.97
SW46.9L,2020-06-08,27102.73
SW46.9L,2020-06-09,28713.16
SW46.9L,2020-06-10,28887.18
SW46.9L,2020-06-11,29237.83
SW46.9L,2020-06-12,30584.24
SW46.9L,2020-06-13,31509.98
SW46.9L,2020-06-14,30767.57
SW46.9L,2020-06-15,30401.82
SW46.9L,2020-06-16,28974.52
SW46.9L,2020-06-17,29503.12
SW46.9L,2020-06-18,32171.67
SW46.9L,2020-06-19,33628.27
SW46.9L,2020-06-20,36493.06
SW46.9L,2020-06-21,38438.94
SW46.9L,2020-06-22,39443.54
SW46.9L,2020-06-23,40010.96
SW46.9L,2020-06-24,40700.74
SW46.9L,2020-06-25,41990.84
SW46.9L,2020-06-26,45682.05
SW46.9L,2020-06-27,51016.8
SW46.9L,2020-06-28,56248.28
SW46.9L,2020-06-29,60135.73
SW46.9L,2020-06-30,60616.78
SW46.9L,2020-07-01,60135.73
SW46.9L,2020-07-02,59341.0
SW46.9L,2020-07-03,58554.97
SW46.9L,2020-07-04,56097.21
SW46.9L,2020-07-05,53434.7
SW46.9L,2020-07-06,49773.78
SW46.9L,2020-07-07,46710.36
SW46.9L,2020-07-08,44797.68
SW46.9L,2020-07-09,44547.62
SW46.9L,2020-07-10,45682.05
SW46.9L,2020-07-11,47494.07
SW46.9L,2020-07-12,51436.79
SW46.9L,2020-07-13,57161.78
SW46.9L,2020-07-14,63737.76
SW46.9L,2020-07-15,67340.47
SW46.9L,2020-07-16,67868.6
SW46.9L,2020-07-17,66815.74
SW46.9L,2020-07-18,64242.46
SW46.9L,2020-07-19,62079.01
SW46.9L,2020-07-20,60939.23
SW46.9L,2020-07-21,59183.1
SW46.9L,2020-07-22,60295.73
SW46.9L,2020-07-23,62407.87
SW46.9L,2020-07-24,64242.46
SW46.9L,2020-07-25,64580.75
SW46.9L,2020-07-26,64750.45
SW46.9L,2020-07-27,63905.62
SW46.9L,2020-07-28,60295.73
SW46.9L,2020-07-29,58242.97
SW46.9L,2020-07-30,55946.47
SW46.9L,2020-07-31,54604.85
SW46.9L,2020-08-01,55646.01
SW46.9L,2020-08-02,56248.28
SW46.9L,2020-08-03,55197.81
SW46.9L,2020-08-04,52857.44
SW46.9L,2020-08-05,50047.82
SW46.9L,2020-08-06,47100.87
SW46.9L,2020-08-07,44050.96
SW46.9L,2020-08-08,42348.49
SW46.9L,2020-08-09,39330.86
SW46.9L,2020-08-10,37132.43
SW46.9L,2020-08-11,37455.56
SW46.9L,2020-08-12,39330.86
SW46.9L,2020-08-13,40932.83
SW46.9L,2020-08-14,41753.8
SW46.9L,2020-08-15,42588.32
SW46.9L,2020-08-16,43804.34
SW46.9L,2020-08-17,44423.02
SW46.9L,2020-08-18,44797.68
SW46.9L,2020-08-19,44672.51
SW46.9L,2020-08-20,44050.96
SW46.9L,2020-08-21,43804.34
SW46.9L,2020-08-22,43927.51
SW46.9L,2020-08-23,43927.51
SW46.9L,2020-08-24,43071.34
SW46.9L,2020-08-25,40932.83
SW46.9L,2020-08-26,38882.79
SW46.9L,2020-08-27,37132.43
SW46.9L,2020-08-28,35447.66
SW46.9L,2020-08-29,33628.27
SW46.9L,2020-08-30,31981.45
SW46.9L,2020-08-31,30584.24
SW46.9L,2020-09-01,31136.95
SW46.9L,2020-09-02,32844.79
SW46.9L,2020-09-03,33039.23
SW46.9L,2020-09-04,32076.44
SW46.9L,2020-09-05,30584.24
SW46.9L,2020-09-06,29591.99
SW46.9L,2020-09-07,31416.38
SW46.9L,2020-09-08,32267.12
SW46.9L,2020-09-09,34730.7
SW46.9L,2020-09-10,36598.98
SW46.9L,2020-09-11,36281.97
SW46.9L,2020-09-12,34629.26
SW46.9L,2020-09-13,34025.76
SW46.9L,2020-09-14,34629.26
SW46.9L,2020-09-15,34629.26
SW46.9L,2020-09-16,37781.02
SW46.9L,2020-09-17,41635.69
SW46.9L,2020-09-18,45427.91
SW46.9L,2020-09-19,45427.91
SW46.9L,2020-09-20,44050.96
SW46.9L,2020-09-21,43314.54
SW46.9L,2020-09-22,42950.16
SW46.9L,2020-09-23,42229.0
SW46.9L,2020-09-24,43558.87
SW46.9L,2020-09-25,45427.91
SW46.9L,2020-09-26,44672.51
SW46.9L,2020-09-27,44298.71
SW46.9L,2020-09-28,45048.9
SW46.9L,2020-09-29,45301.29
SW46.9L,2020-09-30,46193.84
SW46.9L,2020-10-01,48022.55
SW46.9L,2020-10-02,49365.04
SW46.9L,2020-10-03,48022.55
SW46.9L,2020-10-04,44423.02
SW46.9L,2020-10-05,40469.73
SW46.9L,2020-10-06,37347.59
SW46.9L,2020-10-07,36176.8
SW46.9L,2020-10-08,35758.65
SW46.9L,2020-10-09,35447.66
SW46.9L,2020-10-10,36493.06
SW46.9L,2020-10-11,37672.28
SW46.9L,2020-10-12,37999.28
SW46.9L,2020-10-13,36387.39
SW46.9L,2020-10-14,33430.96
SW46.9L,2020-10-15,30220.29
SW46.9L,2020-10-16,27687.13
SW46.9L,2020-10-17,25646.6
SW46.9L,2020-10-18,23731.9
SW46.9L,2020-10-19,21936.82
SW46.9L,2020-10-20,20582.86
SW46.9L,2020-10-21,19361.27
SW46.9L,2020-10-22,18140.7
SW46.9L,2020-10-23,17439.38
SW46.9L,2020-10-24,16928.22
SW46.9L,2020-10-25,16872.19
SW46.9L,2020-10-26,17040.73
SW46.9L,2020-10-27,17267.6
SW46.9L,2020-10-28,17670.62
SW46.9L,2020-10-29,17963.23
SW46.9L,2020-10-30,17845.71
SW46.9L,2020-10-31,17963.23
SW46.9L,2020-11-01,17904.39
SW46.9L,2020-11-02,16984.4
SW46.9L,2020-11-03,16157.71
SW46.9L,2020-11-04,15261.26
SW46.9L,2020-11-05,14603.8
SW46.9L,2020-11-06,13969.92
SW46.9L,2020-11-07,13497.93
SW46.9L,2020-11-08,13039.19
SW46.9L,2020-11-09,12904.11
SW46.9L,2020-11-10,12994.03
SW46.9L,2020-11-11,13405.13
SW46.9L,2020-11-12,13497.93
SW46.9L,2020-11-13,12770.18
SW46.9L,2020-11-14,12117.65
SW46.9L,2020-11-15,11615.68
SW46.9L,2020-11-16,11250.58
SW46.9L,2020-11-17,10895.01
SW46.9L,2020-11-18,10586.79
SW46.9L,2020-11-19,10211.67
SW46.9L,2020-11-20,10101.3
SW46.9L,2020-11-21,9811.79
SW46.9L,2020-11-22,9669.62
SW46.9L,2020-11-23,9634.35
SW46.9L,2020-11-24,9459.57
SW46.9L,2020-11-25,9253.3
SW46.9L,2020-11-26,9185.37
SW46.9L,2020-11-27,9017.36
SW46.9L,2020-11-28,8819.1
SW46.9L,2020-11-29,8688.93
SW46.9L,2020-11-30,8688.93
SW46.9L,2020-12-01,8592.36
SW46.9L,2020-12-02,8433.37
SW46.9L,2020-12-03,8276.81
SW46.9L,2020-12-04,8153.31
SW46.9L,2020-12-05,8031.32
SW46.9L,2020-12-06,7970.9
SW46.9L,2020-12-07,7821.48
SW46.9L,2020-12-08,7732.95
SW46.9L,2020-12-09,7645.24
SW46.9L,2020-12-10,7529.58
SW46.9L,2020-12-11,7472.3
SW46.9L,2020-12-12,7415.37
SW46.9L,2020-12-13,7302.59
SW46.9L,2020-12-14,7274.62
SW46.9L,2020-12-15,7218.94
SW46.9L,2020-12-16,7081.29
SW46.9L,2020-12-17,6972.73
SW46.9L,2020-12-18,6918.97
SW46.9L,2020-12-19,6838.97
SW46.9L,2020-12-20,6733.49
SW46.9L,2020-12-21,6655.27
SW46.9L,2020-12-22,6629.36
SW46.9L,2020-12-23,6552.14
SW46.9L,2020-12-24,6450.33
SW46.9L,2020-12-25,6374.84
SW46.9L,2020-12-26,6324.91
SW46.9L,2020-12-27,6250.64
SW46.9L,2020-12-28,6152.72
SW46.9L,2020-12-29,6104.24
SW46.9L,2020-12-30,6104.24
SW46.9L,2020-12-31,6080.12
SW46.9L,2021-01-01,5560.93
SW46.9L,2021-01-02,5514.88
SW46.9L,2021-01-03,5491.97
SW46.9L,2021-01-04,5423.7
SW46.9L,2021-01-05,5378.58
SW46.9L,2021-01-06,5311.46
SW46.9L,2021-01-07,5223.03
SW46.9L,2021-01-08,5157.49
SW46.9L,2021-01-09,5092.62
SW46.9L,2021-01-10,5092.62
SW46.9L,2021-01-11,5049.74
SW46.9L,2021-01-12,5007.16
SW46.9L,2021-01-13,4985.98
SW46.9L,2021-01-14,4964.87
SW46.9L,2021-01-15,4964.87
SW46.9L,2021-01-16,4922.86
SW46.9L,2021-01-17,4922.86
SW46.9L,2021-01-18,4881.15
SW46.9L,2021-01-19,4839.72
SW46.9L,2021-01-20,4819.11
SW46.9L,2021-01-21,4778.12
SW46.9L,2021-01-22,4757.72
SW46.9L,2021-01-23,4717.15
SW46.9L,2021-01-24,4696.96
SW46.9L,2021-01-25,4696.96
SW46.9L,2021-01-26,4656.81
SW46.9L,2021-01-27,4656.81
SW46.9L,2021-01-28,4636.84
SW46.9L,2021-01-29,4616.94
SW46.9L,2021-01-30,4597.1
SW46.9L,2021-01-31,4577.34
SW46.9L,2021-02-01,4538.01
SW46.9L,2021-02-02,4479.55
SW46.9L,2021-02-03,4460.19
SW46.9L,2021-02-04,4421.69
SW46.9L,2021-02-05,4345.49
SW46.9L,2021-02-06,4326.61
SW46.9L,2021-02-07,4289.04
SW46.9L,2021-02-08,4251.74
SW46.9L,2021-02-09,4196.28
SW46.9L,2021-02-10,4123.25
SW46.9L,2021-02-11,4105.16
SW46.9L,2021-02-12,4069.16
SW46.9L,2021-02-13,4033.42
SW46.9L,2021-02-14,3997.93
SW46.9L,2021-02-15,3962.7
SW46.9L,2021-02-16,3945.18
SW46.9L,2021-02-17,3910.33
SW46.9L,2021-02-18,3892.99
SW46.9L,2021-02-19,3858.51
SW46.9L,2021-02-20,3841.36
SW46.9L,2021-02-21,3824.28
SW46.9L,2021-02-22,3807.26
SW46.9L,2021-02-23,3773.39
SW46.9L,2021-02-24,3739.78
SW46.9L,2021-02-25,3723.06
SW46.9L,2021-02-26,3723.06
SW46.9L,2021-02-27,3723.06
SW46.9L,2021-02-28,3706.4
SW46.9L,2021-03-01,3706.4
SW46.9L,2021-03-02,3689.8
SW46.9L,2021-03-03,3673.27
SW46.9L,2021-03-04,3656.79
SW46.9L,2021-03-05,3656.79
SW46.9L,2021-03-06,3673.27
SW46.9L,2021-03-07,3723.06
SW46.9L,2021-03-08,3756.55
SW46.9L,2021-03-09,3790.29
SW46.9L,2021-03-10,3841.36
SW46.9L,2021-03-11,3927.72
SW46.9L,2021-03-12,3997.93
SW46.9L,2021-03-13,4105.16
SW46.9L,2021-03-14,4141.41
SW46.9L,2021-03-15,4087.13
SW46.9L,2021-03-16,4051.26
SW46.9L,2021-03-17,4033.42
SW46.9L,2021-03-18,4105.16
SW46.9L,2021-03-19,4105.16
SW46.9L,2021-03-20,4051.26
SW46.9L,2021-03-21,4015.65
SW46.9L,2021-03-22,4015.65
SW46.9L,2021-03-23,4015.65
SW46.9L,2021-03-24,4069.16
SW46.9L,2021-03-25,4105.16
SW46.9L,2021-03-26,4051.26
SW46.9L,2021-03-27,4033.42
SW46.9L,2021-03-28,4033.42
SW46.9L,2021-03-29,4051.26
SW46.9L,2021-03-30,4087.13
SW46.9L,2021-03-31,4159.64
SW46.9L,2021-04-01,4251.74
SW46.9L,2021-04-02,4270.36
SW46.9L,2021-04-03,4251.74
SW46.9L,2021-04-04,4233.19
SW46.9L,2021-04-05,4270.36
SW46.9L,2021-04-06,4326.61
SW46.9L,2021-04-07,4364.44
SW46.9L,2021-04-08,4383.45
SW46.9L,2021-04-09,4479.55
SW46.9L,2021-04-10,4676.85
SW46.9L,2021-04-11,4901.97
SW46.9L,2021-04-12,5071.14
SW46.9L,2021-04-13,5071.14
SW46.9L,2021-04-14,4964.87
SW46.9L,2021-04-15,4922.86
SW46.9L,2021-04-16,4819.11
SW46.9L,2021-04-17,4798.58
SW46.9L,2021-04-18,4881.15
SW46.9L,2021-04-19,5245.02
SW46.9L,2021-04-20,5867.91
SW46.9L,2021-04-21,6188.5
SW46.9L,2021-04-22,6264.46
SW46.9L,2021-04-23,6138.27
SW46.9L,2021-04-24,6014.16
SW46.9L,2021-04-25,5916.34
SW46.9L,2021-04-26,5892.08
SW46.9L,2021-04-27,5916.34
SW46.9L,2021-04-28,5965.08
SW46.9L,2021-04-29,6163.34
SW46.9L,2021-04-30,6213.73
SW46.9L,2021-05-01,6315.52
SW46.9L,2021-05-02,6341.17
SW46.9L,2021-05-03,6341.17
SW46.9L,2021-05-04,6289.94
SW46.9L,2021-05-05,6239.05
SW46.9L,2021-05-06,6213.73
SW46.9L,2021-05-07,6213.73
SW46.9L,2021-05-08,6341.17
SW46.9L,2021-05-09,6470.72
SW46.9L,2021-05-10,6496.89
SW46.9L,2021-05-11,6629.0
SW46.9L,2021-05-12,6709.31
SW46.9L,2021-05-13,6844.91
SW46.9L,2021-05-14,7010.56
SW46.9L,2021-05-15,7207.91
SW46.9L,2021-05-16,7888.3
SW46.9L,2021-05-17,8199.91
SW46.9L,2021-05-18,8488.82
SW46.9L,2021-05-19,8554.13
SW46.9L,2021-05-20,8685.98
SW46.9L,2021-05-21,9512.09
SW46.9L,2021-05-22,10362.46
SW46.9L,2021-05-23,10672.28
SW46.9L,2021-05-24,10555.23
SW46.9L,2021-05-25,11070.08
SW46.9L,2021-05-26,14403.32
SW46.9L,2021-05-27,16686.38
SW46.9L,2021-05-28,17141.8
SW46.9L,2021-05-29,17084.33
SW46.9L,2021-05-30,17489.94
SW46.9L,2021-05-31,17199.43
SW46.9L,2021-06-01,16686.38
SW46.9L,2021-06-02,16912.85
SW46.9L,2021-06-03,17666.15
SW46.9L,2021-06-04,17431.53
SW46.9L,2021-06-05,17141.8
SW46.9L,2021-06-06,17141.8
SW46.9L,2021-06-07,17843.79
SW46.9L,2021-06-08,19381.23
SW46.9L,2021-06-09,21642.81
SW46.9L,2021-06-10,23886.97
SW46.9L,2021-06-11,24572.66
SW46.9L,2021-06-12,24113.79
SW46.9L,2021-06-13,24037.99
SW46.9L,2021-06-14,24804.74
SW46.9L,2021-06-15,25038.59
SW46.9L,2021-06-16,23736.72
SW46.9L,2021-06-17,22347.2
SW46.9L,2021-06-18,22204.85
SW46.9L,2021-06-19,22204.85
SW46.9L,2021-06-20,22851.23
SW46.9L,2021-06-21,23216.87
SW46.9L,2021-06-22,23661.88
SW46.9L,2021-06-23,23587.24
SW46.9L,2021-06-24,22634.1
SW46.9L,2021-06-25,22490.28
SW46.9L,2021-06-26,22851.23
SW46.9L,2021-06-27,23070.05
SW46.9L,2021-06-28,23736.72
SW46.9L,2021-06-29,24727.18
SW46.9L,2021-06-30,27646.14
SW46.9L,2021-07-01,31492.52
SW46.9L,2021-07-02,32932.03
SW46.9L,2021-07-03,32639.94
SW46.9L,2021-07-04,34729.39
SW46.9L,2021-07-05,38451.99
SW46.9L,2021-07-06,39346.68
SW46.9L,2021-07-07,39459.69
SW46.9L,2021-07-08,39233.93
SW46.9L,2021-07-09,39009.21
SW46.9L,2021-07-10,38897.25
SW46.9L,2021-07-11,37465.25
SW46.9L,2021-07-12,35345.88
SW46.9L,2021-07-13,34729.39
SW46.9L,2021-07-14,33721.3
SW46.9L,2021-07-15,33029.86
SW46.9L,2021-07-16,34021.21
SW46.9L,2021-07-17,35242.52
SW46.9L,2021-07-18,36393.06
SW46.9L,2021-07-19,35657.44
SW46.9L,2021-07-20,35242.52
SW46.9L,2021-07-21,33522.56
SW46.9L,2021-07-22,32932.03
SW46.9L,2021-07-23,31966.57
SW46.9L,2021-07-24,31024.18
SW46.9L,2021-07-25,29652.94
SW46.9L,2021-07-26,28158.7
SW46.9L,2021-07-27,26808.7
SW46.9L,2021-07-28,25750.9
SW46.9L,2021-07-29,25511.66
SW46.9L,2021-07-30,25353.17
SW46.9L,2021-07-31,25511.66
SW46.9L,2021-08-01,25831.04
SW46.9L,2021-08-02,26891.51
SW46.9L,2021-08-03,26726.1
SW46.9L,2021-08-04,27141.17
SW46.9L,2021-08-05,28072.75
SW46.9L,2021-08-06,28331.26
SW46.9L,2021-08-07,27987.0
SW46.9L,2021-08-08,27731.04
SW46.9L,2021-08-09,25432.32
SW46.9L,2021-08-10,24495.7
SW46.9L,2021-08-11,24265.97
SW46.9L,2021-08-12,23070.05
SW46.9L,2021-08-13,23438.52
SW46.9L,2021-08-14,25116.94
SW46.9L,2021-08-15,26891.51
SW46.9L,2021-08-16,30286.6
SW46.9L,2021-08-17,32349.96
SW46.9L,2021-08-18,34222.34
SW46.9L,2021-08-19,36818.91
SW46.9L,2021-08-20,38674.1
SW46.9L,2021-08-21,40720.29
SW46.9L,2021-08-22,41186.71
SW46.9L,2021-08-23,41069.7
SW46.9L,2021-08-24,40720.29
SW46.9L,2021-08-25,41894.44
SW46.9L,2021-08-26,44077.04
SW46.9L,2021-08-27,45328.85
SW46.9L,2021-08-28,47391.6
SW46.9L,2021-08-29,48451.15
SW46.9L,2021-08-30,48853.39
SW46.9L,2021-08-31,51044.69
SW46.9L,2021-09-01,53026.83
SW46.9L,2021-09-02,55219.34
SW46.9L,2021-09-03,55666.53
SW46.9L,2021-09-04,54627.61
SW46.9L,2021-09-05,50766.5
SW46.9L,2021-09-06,46093.67
SW46.9L,2021-09-07,42132.53
SW46.9L,2021-09-08,39800.31
SW46.9L,2021-09-09,38562.91
SW46.9L,2021-09-10,36499.15
SW46.9L,2021-09-11,35139.41
SW46.9L,2021-09-12,34222.34
SW46.9L,2021-09-13,33226.23
SW46.9L,2021-09-14,32157.8
SW46.9L,2021-09-15,30745.9
SW46.9L,2021-09-16,29206.94
SW46.9L,2021-09-17,27646.14
SW46.9L,2021-09-18,26643.71
SW46.9L,2021-09-19,25591.2
SW46.9L,2021-09-20,25353.17
SW46.9L,2021-09-21,24882.49
SW46.9L,2021-09-22,24265.97
SW46.9L,2021-09-23,23438.52
SW46.9L,2021-09-24,23290.57
SW46.9L,2021-09-25,22851.23
SW46.9L,2021-09-26,21366.15
SW46.9L,2021-09-27,20354.08
SW46.9L,2021-09-28,19191.27
SW46.9L,2021-09-29,18507.59
SW46.9L,2021-09-30,18082.9
SW46.9L,2021-10-01,17903.33
SW46.9L,2021-10-02,17489.94
SW46.9L,2021-10-03,17141.8
SW46.9L,2021-10-04,17548.52
SW46.9L,2021-10-05,19572.72
SW46.9L,2021-10-06,19765.74
SW46.9L,2021-10-07,19002.81
SW46.9L,2021-10-08,18263.93
SW46.9L,2021-10-09,18022.88
SW46.9L,2021-10-10,17963.03
SW46.9L,2021-10-11,17903.33
SW46.9L,2021-10-12,17315.16
SW46.9L,2021-10-13,16462.37
SW46.9L,2021-10-14,15643.96
SW46.9L,2021-10-15,14756.62
SW46.9L,2021-10-16,14105.98
SW46.9L,2021-10-17,13526.23
SW46.9L,2021-10-18,12965.94
SW46.9L,2021-10-19,12513.55
SW46.9L,2021-10-20,12647.9
SW46.9L,2021-10-21,18446.43
SW46.9L,2021-10-22,19830.42
SW46.9L,2021-10-23,17141.8
SW46.9L,2021-10-24,15484.3
SW46.9L,2021-10-25,15013.25
SW46.9L,2021-10-26,15858.9
SW46.9L,2021-10-27,17607.26
SW46.9L,2021-10-28,18507.59
SW46.9L,2021-10-29,17784.42
SW46.9L,2021-10-30,16130.94
SW46.9L,2021-10-31,14705.72
SW46.9L,2021-11-01,13717.29
SW46.9L,2021-11-02,13011.9
SW46.9L,2021-11-03,12292.2
SW46.9L,2021-11-04,11773.89
SW46.9L,2021-11-05,11273.44
SW46.9L,2021-11-06,10829.99
SW46.9L,2021-11-07,10439.22
SW46.9L,2021-11-08,10172.55
SW46.9L,2021-11-09,9874.57
SW46.9L,2021-11-10,9583.7
SW46.9L,2021-11-11,9299.83
SW46.9L,2021-11-12,9091.43
SW46.9L,2021-11-13,8920.67
SW46.9L,2021-11-14,8685.98
SW46.9L,2021-11-15,8488.82
SW46.9L,2021-11-16,8295.31
SW46.9L,2021-11-17,8199.91
SW46.9L,2021-11-18,8074.09
SW46.9L,2021-11-19,7949.84
SW46.9L,2021-11-20,7796.71
SW46.9L,2021-11-21,7675.94
SW46.9L,2021-11-22,7556.68
SW46.9L,2021-11-23,7409.74
SW46.9L,2021-11-24,7351.61
SW46.9L,2021-11-25,7265.11
SW46.9L,2021-11-26,7122.79
SW46.9L,2021-11-27,7038.48
SW46.9L,2021-11-28,6982.73
SW46.9L,2021-11-29,6927.34
SW46.9L,2021-11-30,6872.3
SW46.9L,2021-12-01,6790.41
SW46.9L,2021-12-02,6682.46
SW46.9L,2021-12-03,6602.41
SW46.9L,2021-12-04,6523.14
SW46.9L,2021-12-05,6444.64
SW46.9L,2021-12-06,6289.94
SW46.9L,2021-12-07,6188.5
SW46.9L,2021-12-08,6088.38
SW46.9L,2021-12-09,6038.82
SW46.9L,2021-12-10,5940.67
SW46.9L,2021-12-11,5892.08
SW46.9L,2021-12-12,5843.82
SW46.9L,2021-12-13,5772.03
SW46.9L,2021-12-14,5748.26
SW46.9L,2021-12-15,5700.95
SW46.9L,2021-12-16,5677.42
SW46.9L,2021-12-17,5653.96
SW46.9L,2021-12-18,5630.59
SW46.9L,2021-12-19,5560.93
SW46.9L,2021-12-20,5514.88
SW46.9L,2021-12-21,5469.14
SW46.9L,2021-12-22,5423.7
SW46.9L,2021-12-23,5311.46
SW46.9L,2021-12-24,5223.03
SW46.9L,2021-12-25,5179.26
SW46.9L,2021-12-26,5157.49
SW46.9L,2021-12-27,5071.14
SW46.9L,2021-12-28,5007.16
SW46.9L,2021-12-29,4964.87
SW46.9L,2021-12-30,4943.83
SW46.9L,2021-12-31,4860.4
SW46.9L,2022-01-01,4780.97
SW46.9L,2022-01-02,4739.35
SW46.9L,2022-01-03,4718.65
SW46.9L,2022-01-04,4698.03
SW46.9L,2022-01-05,4656.99
SW46.9L,2022-01-06,4636.58
SW46.9L,2022-01-07,4595.98
SW46.9L,2022-01-08,4555.66
SW46.9L,2022-01-09,4495.72
SW46.9L,2022-01-10,4495.72
SW46.9L,2022-01-11,4456.11
SW46.9L,2022-01-12,4416.79
SW46.9L,2022-01-13,4416.79
SW46.9L,2022-01-14,4397.23
SW46.9L,2022-01-15,4377.74
SW46.9L,2022-01-16,4319.69
SW46.9L,2022-01-17,4300.48
SW46.9L,2022-01-18,4300.48
SW46.9L,2022-01-19,4224.32
SW46.9L,2022-01-20,4224.32
SW46.9L,2022-01-21,4205.45
SW46.9L,2022-01-22,4186.64
SW46.9L,2022-01-23,4186.64
SW46.9L,2022-01-24,4186.64
SW46.9L,2022-01-25,4186.64
SW46.9L,2022-01-26,4130.64
SW46.9L,2022-01-27,4075.24
SW46.9L,2022-01-28,4002.31
SW46.9L,2022-01-29,3984.24
SW46.9L,2022-01-30,3930.43
SW46.9L,2022-01-31,3894.88
SW46.9L,2022-02-01,3877.2
SW46.9L,2022-02-02,3877.2
SW46.9L,2022-02-03,3859.59
SW46.9L,2022-02-04,3877.2
SW46.9L,2022-02-05,4002.31
SW46.9L,2022-02-06,3966.24
SW46.9L,2022-02-07,3966.24
SW46.9L,2022-02-08,4038.64
SW46.9L,2022-02-09,4056.91
SW46.9L,2022-02-10,4020.44
SW46.9L,2022-02-11,4002.31
SW46.9L,2022-02-12,3984.24
SW46.9L,2022-02-13,3984.24
SW46.9L,2022-02-14,3984.24
SW46.9L,2022-02-15,3966.24
SW46.9L,2022-02-16,3948.3
SW46.9L,2022-02-17,3894.88
SW46.9L,2022-02-18,3877.2
SW46.9L,2022-02-19,3807.14
SW46.9L,2022-02-20,3772.49
SW46.9L,2022-02-21,3755.26
SW46.9L,2022-02-22,3738.09
SW46.9L,2022-02-23,3738.09
SW46.9L,2022-02-24,3720.99
SW46.9L,2022-02-25,3670.06
SW46.9L,2022-02-26,3653.21
SW46.9L,2022-02-27,3653.21
SW46.9L,2022-02-28,3653.21
SW46.9L,2022-03-01,3636.42
SW46.9L,2022-03-02,3636.42
SW46.9L,2022-03-03,3636.42
SW46.9L,2022-03-04,3636.42
SW46.9L,2022-03-05,3619.69
SW46.9L,2022-03-06,3603.02
SW46.9L,2022-03-07,3586.42
SW46.9L,2022-03-08,3586.42
SW46.9L,2022-03-09,3586.42
SW46.9L,2022-03-10,3603.02
SW46.9L,2022-03-11,3653.21
SW46.9L,2022-03-12,3670.06
SW46.9L,2022-03-13,3703.95
SW46.9L,2022-03-14,3703.95
SW46.9L,2022-03-15,3703.95
SW46.9L,2022-03-16,3720.99
SW46.9L,2022-03-17,3738.09
SW46.9L,2022-03-18,3772.49
SW46.9L,2022-03-19,3824.56
SW46.9L,2022-03-20,3877.2
SW46.9L,2022-03-21,3930.43
SW46.9L,2022-03-22,4020.44
SW46.9L,2022-03-23,4167.91
SW46.9L,2022-03-24,4262.26
SW46.9L,2022-03-25,4358.32
SW46.9L,2022-03-26,4436.42
SW46.9L,2022-03-27,4475.88
SW46.9L,2022-03-28,4636.58
SW46.9L,2022-03-29,4907.59
SW46.9L,2022-03-30,5372.15
SW46.9L,2022-03-31,5677.01
SW46.9L,2022-04-01,5970.61
SW46.9L,2022-04-02,6147.44
SW46.9L,2022-04-03,6540.54
SW46.9L,2022-04-04,6841.45
SW46.9L,2022-04-05,7067.21
SW46.9L,2022-04-06,7446.81
SW46.9L,2022-04-07,8855.03
SW46.9L,2022-04-08,11361.46
SW46.9L,2022-04-09,14408.9
SW46.9L,2022-04-10,15505.38
SW46.9L,2022-04-11,16105.92
SW46.9L,2022-04-12,15667.35
SW46.9L,2022-04-13,14767.23
SW46.9L,2022-04-14,13810.91
SW46.9L,2022-04-15,13091.63
SW46.9L,2022-04-16,12313.18
SW46.9L,2022-04-17,11959.96
SW46.9L,2022-04-18,11786.44
SW46.9L,2022-04-19,11614.94
SW46.9L,2022-04-20,12998.05
SW46.9L,2022-04-21,16272.9
SW46.9L,2022-04-22,18573.29
SW46.9L,2022-04-23,18760.53
SW46.9L,2022-04-24,17128.83
SW46.9L,2022-04-25,15398.15
SW46.9L,2022-04-26,14257.49
SW46.9L,2022-04-27,13423.45
SW46.9L,2022-04-28,12402.78
SW46.9L,2022-04-29,12268.58
SW46.9L,2022-04-30,12998.05
SW46.9L,2022-05-01,14358.29
SW46.9L,2022-05-02,15132.69
SW46.9L,2022-05-03,14561.61
SW46.9L,2022-05-04,13713.21
SW46.9L,2022-05-05,13138.63
SW46.9L,2022-05-06,12313.18
SW46.9L,2022-05-07,12135.54
SW46.9L,2022-05-08,11487.63
SW46.9L,2022-05-09,11236.39
SW46.9L,2022-05-10,11319.64
SW46.9L,2022-05-11,11529.94
SW46.9L,2022-05-12,11361.46
SW46.9L,2022-05-13,11071.37
SW46.9L,2022-05-14,11829.63
SW46.9L,2022-05-15,12492.91
SW46.9L,2022-05-16,13713.21
SW46.9L,2022-05-17,16441.27
SW46.9L,2022-05-18,20246.98
SW46.9L,2022-05-19,27253.84
SW46.9L,2022-05-20,31565.35
SW46.9L,2022-05-21,33516.12
SW46.9L,2022-05-22,34425.0
SW46.9L,2022-05-23,35249.42
SW46.9L,2022-05-24,34835.25
SW46.9L,2022-05-25,31851.99
SW46.9L,2022-05-26,28110.48
SW46.9L,2022-05-27,25442.99
SW46.9L,2022-05-28,23354.11
SW46.9L,2022-05-29,22182.84
SW46.9L,2022-05-30,21197.15
SW46.9L,2022-05-31,20380.58
SW46.9L,2022-06-01,20047.9
SW46.9L,2022-06-02,20246.98
SW46.9L,2022-06-03,20514.89
SW46.9L,2022-06-04,20380.58
SW46.9L,2022-06-05,20582.31
SW46.9L,2022-06-06,21968.58
SW46.9L,2022-06-07,23805.94
SW46.9L,2022-06-08,23805.94
SW46.9L,2022-06-09,24496.83
SW46.9L,2022-06-10,25764.83
SW46.9L,2022-06-11,27338.55
SW46.9L,2022-06-12,28110.48
SW46.9L,2022-06-13,29797.68
SW46.9L,2022-06-14,32822.63
SW46.9L,2022-06-15,35457.99
SW46.9L,2022-06-16,40303.48
SW46.9L,2022-06-17,47225.74
SW46.9L,2022-06-18,50748.71
SW46.9L,2022-06-19,52444.38
SW46.9L,2022-06-20,55521.22
SW46.9L,2022-06-21,56730.81
SW46.9L,2022-06-22,56883.49
SW46.9L,2022-06-23,54627.7
SW46.9L,2022-06-24,49917.56
SW46.9L,2022-06-25,45284.48
SW46.9L,2022-06-26,41003.51
SW46.9L,2022-06-27,37928.61
SW46.9L,2022-06-28,36622.91
SW46.9L,2022-06-29,37598.73
SW46.9L,2022-06-30,41003.51
SW46.9L,2022-07-01,42312.28
SW46.9L,2022-07-02,42553.8
SW46.9L,2022-07-03,44026.33
SW46.9L,2022-07-04,43902.08
SW46.9L,2022-07-05,42071.86
SW46.9L,2022-07-06,39045.05
SW46.9L,2022-07-07,36515.75
SW46.9L,2022-07-08,34221.33
SW46.9L,2022-07-09,32140.73
SW46.9L,2022-07-10,30904.56
SW46.9L,2022-07-11,29706.9
SW46.9L,2022-07-12,28634.76
SW46.9L,2022-07-13,27508.6
SW46.9L,2022-07-14,26750.02
SW46.9L,2022-07-15,25926.97
SW46.9L,2022-07-16,24966.31
SW46.9L,2022-07-17,24730.67
SW46.9L,2022-07-18,23958.1
SW46.9L,2022-07-19,23056.74
SW46.9L,2022-07-20,22326.61
SW46.9L,2022-07-21,21826.67
SW46.9L,2022-07-22,21968.58
SW46.9L,2022-07-23,22471.13
SW46.9L,2022-07-24,24966.31
SW46.9L,2022-07-25,27169.35
SW46.9L,2022-07-26,28284.37
SW46.9L,2022-07-27,29346.0
SW46.9L,2022-07-28,30163.04
SW46.9L,2022-07-29,30163.04
SW46.9L,2022-07-30,29077.64
SW46.9L,2022-07-31,29616.34
SW46.9L,2022-08-01,30439.42
SW46.9L,2022-08-02,32528.98
SW46.9L,2022-08-03,36730.32
SW46.9L,2022-08-04,37054.06
SW46.9L,2022-08-05,35878.1
SW46.9L,2022-08-06,34527.19
SW46.9L,2022-08-07,33019.58
SW46.9L,2022-08-08,32044.25
SW46.9L,2022-08-09,30347.07
SW46.9L,2022-08-10,28899.83
SW46.9L,2022-08-11,27593.94
SW46.9L,2022-08-12,26750.02
SW46.9L,2022-08-13,25684.07
SW46.9L,2022-08-14,24809.02
SW46.9L,2022-08-15,24034.47
SW46.9L,2022-08-16,24341.92
SW46.9L,2022-08-17,23958.1
SW46.9L,2022-08-18,22909.2
SW46.9L,2022-08-19,22182.84
SW46.9L,2022-08-20,21545.06
SW46.9L,2022-08-21,21475.11
SW46.9L,2022-08-22,21685.5
SW46.9L,2022-08-23,20990.59
SW46.9L,2022-08-24,20717.69
SW46.9L,2022-08-25,20246.98
SW46.9L,2022-08-26,20114.09
SW46.9L,2022-08-27,19981.89
SW46.9L,2022-08-28,19395.63
SW46.9L,2022-08-29,19075.96
SW46.9L,2022-08-30,20047.9
SW46.9L,2022-08-31,21826.67
SW46.9L,2022-09-01,22909.2
SW46.9L,2022-09-02,23881.92
SW46.9L,2022-09-03,27338.55
SW46.9L,2022-09-04,27765.27
SW46.9L,2022-09-05,27851.25
SW46.9L,2022-09-06,28988.63
SW46.9L,2022-09-07,29526.01
SW46.9L,2022-09-08,32431.57
SW46.9L,2022-09-09,36089.65
SW46.9L,2022-09-10,38372.06
SW46.9L,2022-09-11,38932.23
SW46.9L,2022-09-12,38372.06
SW46.9L,2022-09-13,37271.16
SW46.9L,2022-09-14,35983.75
SW46.9L,2022-09-15,33716.41
SW46.9L,2022-09-16,31186.38
SW46.9L,2022-09-17,28899.83
SW46.9L,2022-09-18,27169.35
SW46.9L,2022-09-19,26833.47
SW46.9L,2022-09-20,25684.07
SW46.9L,2022-09-21,24730.67
SW46.9L,2022-09-22,24187.8
SW46.9L,2022-09-23,23958.1
SW46.9L,2022-09-24,23503.94
SW46.9L,2022-09-25,23730.15
SW46.9L,2022-09-26,24966.31
SW46.9L,2022-09-27,26089.93
SW46.9L,2022-09-28,27765.27
SW46.9L,2022-09-29,29706.9
SW46.9L,2022-09-30,31280.78
SW46.9L,2022-10-01,31756.21
SW46.9L,2022-10-02,30998.27
SW46.9L,2022-10-03,30347.07
SW46.9L,2022-10-04,28811.26
SW46.9L,2022-10-05,27253.84
SW46.9L,2022-10-06,25603.51
SW46.9L,2022-10-07,24730.67
SW46.9L,2022-10-08,24034.47
SW46.9L,2022-10-09,23428.93
SW46.9L,2022-10-10,23579.15
SW46.9L,2022-10-11,25603.51
SW46.9L,2022-10-12,29616.34
SW46.9L,2022-10-13,33316.79
SW46.9L,2022-10-14,36622.91
SW46.9L,2022-10-15,37928.61
SW46.9L,2022-10-16,38595.35
SW46.9L,2022-10-17,38932.23
SW46.9L,2022-10-18,38149.82
SW46.9L,2022-10-19,35145.51
SW46.9L,2022-10-20,32822.63
SW46.9L,2022-10-21,29706.9
SW46.9L,2022-10-22,26666.78
SW46.9L,2022-10-23,24187.8
SW46.9L,2022-10-24,22111.24
SW46.9L,2022-10-25,20514.89
SW46.9L,2022-10-26,19267.25
SW46.9L,2022-10-27,18949.28
SW46.9L,2022-10-28,19139.55
SW46.9L,2022-10-29,19139.55
SW46.9L,2022-10-30,19589.49
SW46.9L,2022-10-31,20990.59
SW46.9L,2022-11-01,21545.06
SW46.9L,2022-11-02,20582.31
SW46.9L,2022-11-03,19139.55
SW46.9L,2022-11-04,17481.17
SW46.9L,2022-11-05,16328.87
SW46.9L,2022-11-06,15344.76
SW46.9L,2022-11-07,14612.8
SW46.9L,2022-11-08,14007.98
SW46.9L,2022-11-09,13423.45
SW46.9L,2022-11-10,12858.68
SW46.9L,2022-11-11,12402.78
SW46.9L,2022-11-12,12091.45
SW46.9L,2022-11-13,11700.43
SW46.9L,2022-11-14,11445.45
SW46.9L,2022-11-15,11071.37
SW46.9L,2022-11-16,10787.26
SW46.9L,2022-11-17,10548.44
SW46.9L,2022-11-18,10236.63
SW46.9L,2022-11-19,10121.63
SW46.9L,2022-11-20,9894.75
SW46.9L,2022-11-21,9671.97
SW46.9L,2022-11-22,9274.03
SW46.9L,2022-11-23,9203.11
SW46.9L,2022-11-24,9062.58
SW46.9L,2022-11-25,8820.81
SW46.9L,2022-11-26,8718.79
SW46.9L,2022-11-27,8484.44
SW46.9L,2022-11-28,8385.57
SW46.9L,2022-11-29,8222.84
SW46.9L,2022-11-30,8094.49
SW46.9L,2022-12-01,7904.99
SW46.9L,2022-12-02,7749.82
SW46.9L,2022-12-03,7688.43
SW46.9L,2022-12-04,7566.85
SW46.9L,2022-12-05,7476.67
SW46.9L,2022-12-06,7357.79
SW46.9L,2022-12-07,7211.32
SW46.9L,2022-12-08,7067.21
SW46.9L,2022-12-09,6953.59
SW46.9L,2022-12-10,6925.42
SW46.9L,2022-12-11,6841.45
SW46.9L,2022-12-12,6758.3
SW46.9L,2022-12-13,6621.53
SW46.9L,2022-12-14,6540.54
SW46.9L,2022-12-15,6486.99
SW46.9L,2022-12-16,6460.34
SW46.9L,2022-12-17,6380.94
SW46.9L,2022-12-18,6302.33
SW46.9L,2022-12-19,6224.5
SW46.9L,2022-12-20,6147.44
SW46.9L,2022-12-21,6071.15
SW46.9L,2022-12-22,5995.62
SW46.9L,2022-12-23,5920.85
SW46.9L,2022-12-24,5871.42
SW46.9L,2022-12-25,5822.32
SW46.9L,2022-12-26,5725.12
SW46.9L,2022-12-27,5629.22
SW46.9L,2022-12-28,5511.17
SW46.9L,2022-12-29,5441.3
SW46.9L,2022-12-30,5349.25
SW46.9L,2022-12-31,5258.46
SW46.9L,2023-01-01,5407.35
SW46.9L,2023-01-02,5407.35
SW46.9L,2023-01-03,5382.71
SW46.9L,2023-01-04,5358.13
SW46.9L,2023-01-05,5333.64
SW46.9L,2023-01-06,5299.47
SW46.9L,2023-01-07,5270.3
SW46.9L,2023-01-08,5231.57
SW46.9L,2023-01-09,5140.37
SW46.9L,2023-01-10,5045.53
SW46.9L,2023-01-11,4947.23
SW46.9L,2023-01-12,4864.0
SW46.9L,2023-01-13,4786.26
SW46.9L,2023-01-14,4745.45
SW46.9L,2023-01-15,4713.87
SW46.9L,2023-01-16,4669.0
SW46.9L,2023-01-17,4619.98
SW46.9L,2023-01-18,4575.72
SW46.9L,2023-01-19,4527.36
SW46.9L,2023-01-20,4470.65
SW46.9L,2023-01-21,4423.04
SW46.9L,2023-01-22,4392.92
SW46.9L,2023-01-23,4392.92
SW46.9L,2023-01-24,4371.5
SW46.9L,2023-01-25,4371.5
SW46.9L,2023-01-26,4320.36
SW46.9L,2023-01-27,4299.17
SW46.9L,2023-01-28,4273.84
SW46.9L,2023-01-29,4231.84
SW46.9L,2023-01-30,4190.12
SW46.9L,2023-01-31,4152.81
SW46.9L,2023-02-01,4087.03
SW46.9L,2023-02-02,4046.28
SW46.9L,2023-02-03,4038.16
SW46.9L,2023-02-04,4009.84
SW46.9L,2023-02-05,3965.6
SW46.9L,2023-02-06,3909.77
SW46.9L,2023-02-07,3886.01
SW46.9L,2023-02-08,3870.22
SW46.9L,2023-02-09,3846.62
SW46.9L,2023-02-10,3838.77
SW46.9L,2023-02-11,3838.77
SW46.9L,2023-02-12,3807.5
SW46.9L,2023-02-13,3764.78
SW46.9L,2023-02-14,3722.38
SW46.9L,2023-02-15,3722.38
SW46.9L,2023-02-16,3722.38
SW46.9L,2023-02-17,3753.18
SW46.9L,2023-02-18,3760.91
SW46.9L,2023-02-19,3780.27
SW46.9L,2023-02-20,3780.27
SW46.9L,2023-02-21,3784.16
SW46.9L,2023-02-22,3850.54
SW46.9L,2023-02-23,3889.96
SW46.9L,2023-02-24,3917.71
SW46.9L,2023-02-25,3917.71
SW46.9L,2023-02-26,3878.11
SW46.9L,2023-02-27,3858.4
SW46.9L,2023-02-28,3858.4
SW46.9L,2023-03-01,3941.6
SW46.9L,2023-03-02,4066.62
SW46.9L,2023-03-03,4286.49
SW46.9L,2023-03-04,4619.98
SW46.9L,2023-03-05,4759.03
SW46.9L,2023-03-06,4695.89
SW46.9L,2023-03-07,4584.55
SW46.9L,2023-03-08,4431.67
SW46.9L,2023-03-09,4354.4
SW46.9L,2023-03-10,4240.21
SW46.9L,2023-03-11,4152.81
SW46.9L,2023-03-12,4082.94
SW46.9L,2023-03-13,3973.61
SW46.9L,2023-03-14,3957.59
SW46.9L,2023-03-15,3937.62
SW46.9L,2023-03-16,3965.6
SW46.9L,2023-03-17,4030.05
SW46.9L,2023-03-18,4074.77
SW46.9L,2023-03-19,4107.51
SW46.9L,2023-03-20,4099.31
SW46.9L,2023-03-21,4185.96
SW46.9L,2023-03-22,4397.22
SW46.9L,2023-03-23,4440.31
SW46.9L,2023-03-24,4492.4
SW46.9L,2023-03-25,4633.32
SW46.9L,2023-03-26,4836.47
SW46.9L,2023-03-27,4961.19
SW46.9L,2023-03-28,5040.82
SW46.9L,2023-03-29,5197.85
SW46.9L,2023-03-30,5466.82
SW46.9L,2023-03-31,5775.92
SW46.9L,2023-04-01,6101.94
SW46.9L,2023-04-02,6384.74
SW46.9L,2023-04-03,6112.65
SW46.9L,2023-04-04,6171.83
SW46.9L,2023-04-05,6773.45
SW46.9L,2023-04-06,7082.62
SW46.9L,2023-04-07,7177.78
SW46.9L,2023-04-08,6988.3
SW46.9L,2023-04-09,6941.46
SW46.9L,2023-04-10,7053.05
SW46.9L,2023-04-11,7297.95
SW46.9L,2023-04-12,7604.27
SW46.9L,2023-04-13,7697.83
SW46.9L,2023-04-14,7710.36
SW46.9L,2023-04-15,7573.26
SW46.9L,2023-04-16,7249.72
SW46.9L,2023-04-17,6953.15
SW46.9L,2023-04-18,6877.41
SW46.9L,2023-04-19,6773.45
SW46.9L,2023-04-20,6693.33
SW46.9L,2023-04-21,6681.93
SW46.9L,2023-04-22,6608.19
SW46.9L,2023-04-23,6676.24
SW46.9L,2023-04-24,6970.71
SW46.9L,2023-04-25,7225.69
SW46.9L,2023-04-26,7413.35
SW46.9L,2023-04-27,7573.26
SW46.9L,2023-04-28,7697.83
SW46.9L,2023-04-29,8164.23
SW46.9L,2023-04-30,9041.25
SW46.9L,2023-05-01,9394.77
SW46.9L,2023-05-02,9280.65
SW46.9L,2023-05-03,8992.48
SW46.9L,2023-05-04,8881.68
SW46.9L,2023-05-05,8971.63
SW46.9L,2023-05-06,8874.78
SW46.9L,2023-05-07,8615.46
SW46.9L,2023-05-08,8819.76
SW46.9L,2023-05-09,10349.61
SW46.9L,2023-05-10,11989.57
SW46.9L,2023-05-11,12969.12
SW46.9L,2023-05-12,13629.75
SW46.9L,2023-05-13,14113.91
SW46.9L,2023-05-14,13666.59
SW46.9L,2023-05-15,13058.31
SW46.9L,2023-05-16,12747.93
SW46.9L,2023-05-17,12425.26
SW46.9L,2023-05-18,12520.61
SW46.9L,2023-05-19,12236.03
SW46.9L,2023-05-20,11763.14
SW46.9L,2023-05-21,11149.3
SW46.9L,2023-05-22,11416.66
SW46.9L,2023-05-23,11564.3
SW46.9L,2023-05-24,11713.21
SW46.9L,2023-05-25,11905.37
SW46.9L,2023-05-26,12125.13
SW46.9L,2023-05-27,12730.35
SW46.9L,2023-05-28,13537.94
SW46.9L,2023-05-29,13973.08
SW46.9L,2023-05-30,13973.08
SW46.9L,2023-05-31,13565.44
SW46.9L,2023-06-01,13382.83
SW46.9L,2023-06-02,13265.02
SW46.9L,2023-06-03,13364.66
SW46.9L,2023-06-04,13382.83
SW46.9L,2023-06-05,13156.9
SW46.9L,2023-06-06,12800.78
SW46.9L,2023-06-07,12399.34
SW46.9L,2023-06-08,12364.84
SW46.9L,2023-06-09,12942.44
SW46.9L,2023-06-10,13675.81
SW46.9L,2023-06-11,13629.75
SW46.9L,2023-06-12,13740.47
SW46.9L,2023-06-13,13870.41
SW46.9L,2023-06-14,14293.66
SW46.9L,2023-06-15,15126.58
SW46.9L,2023-06-16,16603.88
SW46.9L,2023-06-17,20575.8
SW46.9L,2023-06-18,26170.61
SW46.9L,2023-06-19,31625.74
SW46.9L,2023-06-20,35911.16
SW46.9L,2023-06-21,38092.17
SW46.9L,2023-06-22,39262.25
SW46.9L,2023-06-23,39337.35
SW46.9L,2023-06-24,37853.68
SW46.9L,2023-06-25,35576.52
SW46.9L,2023-06-26,34775.04
SW46.9L,2023-06-27,33612.66
SW46.9L,2023-06-28,31951.25
SW46.9L,2023-06-29,30346.05
SW46.9L,2023-06-30,29086.36
SW46.9L,2023-07-01,28994.48
SW46.9L,2023-07-02,28841.77
SW46.9L,2023-07-03,28872.27
SW46.9L,2023-07-04,30188.58
SW46.9L,2023-07-05,32575.91
SW46.9L,2023-07-06,32991.33
SW46.9L,2023-07-07,32575.91
SW46.9L,2023-07-08,31837.07
SW46.9L,2023-07-09,32344.82
SW46.9L,2023-07-10,32957.96
SW46.9L,2023-07-11,34036.92
SW46.9L,2023-07-12,35453.76
SW46.9L,2023-07-13,37198.51
SW46.9L,2023-07-14,39998.58
SW46.9L,2023-07-15,42857.55
SW46.9L,2023-07-16,42619.17
SW46.9L,2023-07-17,41694.1
SW46.9L,2023-07-18,41576.98
SW46.9L,2023-07-19,41421.18
SW46.9L,2023-07-20,41285.17
SW46.9L,2023-07-21,40246.08
SW46.9L,2023-07-22,38850.94
SW46.9L,2023-07-23,36801.91
SW46.9L,2023-07-24,35523.87
SW46.9L,2023-07-25,34053.96
SW46.9L,2023-07-26,32625.57
SW46.9L,2023-07-27,31723.16
SW46.9L,2023-07-28,31286.37
SW46.9L,2023-07-29,31061.5
SW46.9L,2023-07-30,31755.68
SW46.9L,2023-07-31,32377.77
SW46.9L,2023-08-01,33041.41
SW46.9L,2023-08-02,33376.64
SW46.9L,2023-08-03,33359.83
SW46.9L,2023-08-04,33141.74
SW46.9L,2023-08-05,32559.37
SW46.9L,2023-08-06,32427.23
SW46.9L,2023-08-07,33108.28
SW46.9L,2023-08-08,34139.27
SW46.9L,2023-08-09,34499.15
SW46.9L,2023-08-10,35558.96
SW46.9L,2023-08-11,36676.32
SW46.9L,2023-08-12,37945.29
SW46.9L,2023-08-13,39393.74
SW46.9L,2023-08-14,40150.77
SW46.9L,2023-08-15,41713.64
SW46.9L,2023-08-16,41440.63
SW46.9L,2023-08-17,40609.65
SW46.9L,2023-08-18,39998.58
SW46.9L,2023-08-19,39487.83
SW46.9L,2023-08-20,38683.52
SW46.9L,2023-08-21,37506.94
SW46.9L,2023-08-22,36479.55
SW46.9L,2023-08-23,36408.17
SW46.9L,2023-08-24,36301.28
SW46.9L,2023-08-25,37361.58
SW46.9L,2023-08-26,39544.37
SW46.9L,2023-08-27,41752.73
SW46.9L,2023-08-28,42184.45
SW46.9L,2023-08-29,42837.65
SW46.9L,2023-08-30,44205.05
SW46.9L,2023-08-31,45146.53
SW46.9L,2023-09-01,45913.53
SW46.9L,2023-09-02,46310.79
SW46.9L,2023-09-03,45560.05
SW46.9L,2023-09-04,42977.08
SW46.9L,2023-09-05,40398.89
SW46.9L,2023-09-06,37707.42
SW46.9L,2023-09-07,35035.04
SW46.9L,2023-09-08,32082.08
SW46.9L,2023-09-09,30063.01
SW46.9L,2023-09-10,28161.3
SW46.9L,2023-09-11,26601.31
SW46.9L,2023-09-12,25379.26
SW46.9L,2023-09-13,24033.46
SW46.9L,2023-09-14,23286.44
SW46.9L,2023-09-15,22581.07
SW46.9L,2023-09-16,21801.73
SW46.9L,2023-09-17,20648.75
SW46.9L,2023-09-18,20406.28
SW46.9L,2023-09-19,20129.82
SW46.9L,2023-09-20,19655.05
SW46.9L,2023-09-21,19072.27
SW46.9L,2023-09-22,19737.58
SW46.9L,2023-09-23,21877.57
SW46.9L,2023-09-24,22866.68
SW46.9L,2023-09-25,24453.84
SW46.9L,2023-09-26,25170.06
SW46.9L,2023-09-27,25239.67
SW46.9L,2023-09-28,25688.2
SW46.9L,2023-09-29,26745.93
SW46.9L,2023-09-30,27139.04
SW46.9L,2023-10-01,26934.72
SW46.9L,2023-10-02,25957.04
SW46.9L,2023-10-03,23805.0
SW46.9L,2023-10-04,23089.04
SW46.9L,2023-10-05,23128.43
SW46.9L,2023-10-06,23979.57
SW46.9L,2023-10-07,22905.81
SW46.9L,2023-10-08,22542.31
SW46.9L,2023-10-09,21991.67
SW46.9L,2023-10-10,22004.37
SW46.9L,2023-10-11,22619.87
SW46.9L,2023-10-12,23431.92
SW46.9L,2023-10-13,25142.26
SW46.9L,2023-10-14,26113.55
SW46.9L,2023-10-15,26818.43
SW46.9L,2023-10-16,26789.42
SW46.9L,2023-10-17,25744.64
SW46.9L,2023-10-18,24222.7
SW46.9L,2023-10-19,22490.7
SW46.9L,2023-10-20,20979.14
SW46.9L,2023-10-21,19408.84
SW46.9L,2023-10-22,18041.67
SW46.9L,2023-10-23,17113.52
SW46.9L,2023-10-24,16145.78
SW46.9L,2023-10-25,15414.65
SW46.9L,2023-10-26,14725.53
SW46.9L,2023-10-27,14179.96
SW46.9L,2023-10-28,13611.35
SW46.9L,2023-10-29,13049.38
SW46.9L,2023-10-30,12668.93
SW46.9L,2023-10-31,12339.0
SW46.9L,2023-11-01,11880.19
SW46.9L,2023-11-02,11416.66
SW46.9L,2023-11-03,11189.53
SW46.9L,2023-11-04,10957.52
SW46.9L,2023-11-05,10752.29
SW46.9L,2023-11-06,10534.18
SW46.9L,2023-11-07,10364.91
SW46.9L,2023-11-08,10084.38
SW46.9L,2023-11-09,9920.03
SW46.9L,2023-11-10,9735.47
SW46.9L,2023-11-11,9553.23
SW46.9L,2023-11-12,9373.3
SW46.9L,2023-11-13,9231.02
SW46.9L,2023-11-14,9090.19
SW46.9L,2023-11-15,8923.12
SW46.9L,2023-11-16,8689.99
SW46.9L,2023-11-17,8507.81
SW46.9L,2023-11-18,8308.43
SW46.9L,2023-11-19,8268.93
SW46.9L,2023-11-20,8144.69
SW46.9L,2023-11-21,8002.42
SW46.9L,2023-11-22,7855.48
SW46.9L,2023-11-23,7760.63
SW46.9L,2023-11-24,7672.81
SW46.9L,2023-11-25,7604.27
SW46.9L,2023-11-26,7573.26
SW46.9L,2023-11-27,7346.39
SW46.9L,2023-11-28,7213.69
SW46.9L,2023-11-29,7100.4
SW46.9L,2023-11-30,6988.3
SW46.9L,2023-12-01,6883.21
SW46.9L,2023-12-02,6819.52
SW46.9L,2023-12-03,6721.87
SW46.9L,2023-12-04,6630.82
SW46.9L,2023-12-05,6523.79
SW46.9L,2023-12-06,6434.57
SW46.9L,2023-12-07,6329.68
SW46.9L,2023-12-08,6318.71
SW46.9L,2023-12-09,6280.41
SW46.9L,2023-12-10,6225.96
SW46.9L,2023-12-11,6101.94
SW46.9L,2023-12-12,6037.89
SW46.9L,2023-12-13,5953.21
SW46.9L,2023-12-14,5879.77
SW46.9L,2023-12-15,5864.12
SW46.9L,2023-12-16,5864.12
SW46.9L,2023-12-17,5838.08
SW46.9L,2023-12-18,5812.13
SW46.9L,2023-12-19,5796.59
SW46.9L,2023-12-20,5760.45
SW46.9L,2023-12-21,5734.73
SW46.9L,2023-12-22,5663.12
SW46.9L,2023-12-23,5566.9
SW46.9L,2023-12-24,5496.72
SW46.9L,2023-12-25,5432.08
SW46.9L,2023-12-26,5338.53
SW46.9L,2023-12-27,5246.07
SW46.9L,2023-12-28,5202.66
SW46.9L,2023-12-29,5126.07
SW46.9L,2023-12-30,5083.32
SW46.9L,2023-12-31,5012.62
SW46.9L,2024-01-01,4886.85
SW46.9L,2024-01-02,4822.92
SW46.9L,2024-01-03,4738.68
SW46.9L,2024-01-04,4696.99
SW46.9L,2024-01-05,4655.59
SW46.9L,2024-01-06,4614.47
SW46.9L,2024-01-07,4573.63
SW46.9L,2024-01-08,4512.9
SW46.9L,2024-01-09,4492.8
SW46.9L,2024-01-10,4432.9
SW46.9L,2024-01-11,4393.32
SW46.9L,2024-01-12,4373.63
SW46.9L,2024-01-13,4354.01
SW46.9L,2024-01-14,4314.97
SW46.9L,2024-01-15,4218.57
SW46.9L,2024-01-16,4161.54
SW46.9L,2024-01-17,4142.66
SW46.9L,2024-01-18,4105.1
SW46.9L,2024-01-19,4086.42
SW46.9L,2024-01-20,4030.78
SW46.9L,2024-01-21,4012.36
SW46.9L,2024-01-22,3975.73
SW46.9L,2024-01-23,3939.35
SW46.9L,2024-01-24,3903.24
SW46.9L,2024-01-25,3849.54
SW46.9L,2024-01-26,3814.07
SW46.9L,2024-01-27,3778.84
SW46.9L,2024-01-28,3743.87
SW46.9L,2024-01-29,3743.87
SW46.9L,2024-01-30,3726.48
SW46.9L,2024-01-31,3709.16
SW46.9L,2024-02-01,3691.89
SW46.9L,2024-02-02,3674.69
SW46.9L,2024-02-03,3674.69
SW46.9L,2024-02-04,3657.55
SW46.9L,2024-02-05,3606.5
SW46.9L,2024-02-06,3589.61
SW46.9L,2024-02-07,3556.0
SW46.9L,2024-02-08,3539.29
SW46.9L,2024-02-09,3539.29
SW46.9L,2024-02-10,3522.65
SW46.9L,2024-02-11,3522.65
SW46.9L,2024-02-12,3522.65
SW46.9L,2024-02-13,3522.65
SW46.9L,2024-02-14,3522.65
SW46.9L,2024-02-15,3522.65
SW46.9L,2024-02-16,3522.65
SW46.9L,2024-02-17,3506.06
SW46.9L,2024-02-18,3506.06
SW46.9L,2024-02-19,3489.53
SW46.9L,2024-02-20,3473.07
SW46.9L,2024-02-21,3473.07
SW46.9L,2024-02-22,3424.03
SW46.9L,2024-02-23,3359.48
SW46.9L,2024-02-24,3311.7
SW46.9L,2024-02-25,3327.57
SW46.9L,2024-02-26,3327.57
SW46.9L,2024-02-27,3327.57
SW46.9L,2024-02-28,3327.57
SW46.9L,2024-02-29,3311.7
SW46.9L,2024-03-01,3311.7
SW46.9L,2024-03-02,3311.7
SW46.9L,2024-03-03,3572.77
SW46.9L,2024-03-04,3975.73
SW46.9L,2024-03-05,4030.78
SW46.9L,2024-03-06,4030.78
SW46.9L,2024-03-07,3957.51
SW46.9L,2024-03-08,3903.24
SW46.9L,2024-03-09,3796.42
SW46.9L,2024-03-10,3674.69
SW46.9L,2024-03-11,3640.47
SW46.9L,2024-03-12,3606.5
SW46.9L,2024-03-13,3606.5
SW46.9L,2024-03-14,3726.48
SW46.9L,2024-03-15,3849.54
SW46.9L,2024-03-16,3957.51
SW46.9L,2024-03-17,3939.35
SW46.9L,2024-03-18,3831.77
SW46.9L,2024-03-19,3796.42
SW46.9L,2024-03-20,3796.42
SW46.9L,2024-03-21,3903.24
SW46.9L,2024-03-22,3975.73
SW46.9L,2024-03-23,4030.78
SW46.9L,2024-03-24,4142.66
SW46.9L,2024-03-25,4295.56
SW46.9L,2024-03-26,4393.32
SW46.9L,2024-03-27,4573.63
SW46.9L,2024-03-28,4614.47
SW46.9L,2024-03-29,4655.59
SW46.9L,2024-03-30,4696.99
SW46.9L,2024-03-31,4717.8
SW46.9L,2024-04-01,4696.99
SW46.9L,2024-04-02,4717.8
SW46.9L,2024-04-03,4717.8
SW46.9L,2024-04-04,4844.16
SW46.9L,2024-04-05,5016.7
SW46.9L,2024-04-06,5104.74
SW46.9L,2024-04-07,5171.55
SW46.9L,2024-04-08,5216.47
SW46.9L,2024-04-09,5730.8
SW46.9L,2024-04-10,6521.35
SW46.9L,2024-04-11,6821.3
SW46.9L,2024-04-12,6711.02
SW46.9L,2024-04-13,6683.66
SW46.9L,2024-04-14,7940.66
SW46.9L,2024-04-15,8989.47
SW46.9L,2024-04-16,9127.76
SW46.9L,2024-04-17,8617.52
SW46.9L,2024-04-18,8003.29
SW46.9L,2024-04-19,7663.54
SW46.9L,2024-04-20,7453.24
SW46.9L,2024-04-21,7247.45
SW46.9L,2024-04-22,7017.68
SW46.9L,2024-04-23,6961.13
SW46.9L,2024-04-24,7103.17
SW46.9L,2024-04-25,7393.99
SW46.9L,2024-04-26,7663.54
SW46.9L,2024-04-27,7847.44
SW46.9L,2024-04-28,8034.74
SW46.9L,2024-04-29,8097.94
SW46.9L,2024-04-30,9093.04
SW46.9L,2024-05-01,10681.86
SW46.9L,2024-05-02,11120.88
SW46.9L,2024-05-03,10681.86
SW46.9L,2024-05-04,10332.76
SW46.9L,2024-05-05,10142.67
SW46.9L,2024-05-06,10409.56
SW46.9L,2024-05-07,10879.71
SW46.9L,2024-05-08,11784.31
SW46.9L,2024-05-09,12656.31
SW46.9L,2024-05-10,12701.19
SW46.9L,2024-05-11,11997.8
SW46.9L,2024-05-12,11243.01
SW46.9L,2024-05-13,10642.62
SW46.9L,2024-05-14,10180.47
SW46.9L,2024-05-15,9661.14
SW46.9L,2024-05-16,9552.58
SW46.9L,2024-05-17,9444.97
SW46.9L,2024-05-18,9127.76
SW46.9L,2024-05-19,9058.41
SW46.9L,2024-05-20,9373.75
SW46.9L,2024-05-21,9444.97
SW46.9L,2024-05-22,9734.04
SW46.9L,2024-05-23,9881.13
SW46.9L,2024-05-24,9955.32
SW46.9L,2024-05-25,10332.76
SW46.9L,2024-05-26,10642.62
SW46.9L,2024-05-27,10879.71
SW46.9L,2024-05-28,10919.62
SW46.9L,2024-05-29,10959.65
SW46.9L,2024-05-30,11699.74
SW46.9L,2024-05-31,13064.66
SW46.9L,2024-06-01,14801.32
SW46.9L,2024-06-02,15947.49
SW46.9L,2024-06-03,17504.51
SW46.9L,2024-06-04,20772.55
SW46.9L,2024-06-05,22469.29
SW46.9L,2024-06-06,23975.95
SW46.9L,2024-06-07,24420.49
SW46.9L,2024-06-08,24049.6
SW46.9L,2024-06-09,22892.04
SW46.9L,2024-06-10,22329.72
SW46.9L,2024-06-11,21709.98
SW46.9L,2024-06-12,20641.24
SW46.9L,2024-06-13,20904.51
SW46.9L,2024-06-14,20445.48
SW46.9L,2024-06-15,21983.75
SW46.9L,2024-06-16,24345.96
SW46.9L,2024-06-17,25948.63
SW46.9L,2024-06-18,28378.77
SW46.9L,2024-06-19,32817.55
SW46.9L,2024-06-20,35627.92
SW46.9L,2024-06-21,38515.11
SW46.9L,2024-06-22,38621.48
SW46.9L,2024-06-23,35728.05
SW46.9L,2024-06-24,33289.38
SW46.9L,2024-06-25,32817.55
SW46.9L,2024-06-26,32258.22
SW46.9L,2024-06-27,32443.83
SW46.9L,2024-06-28,32817.55
SW46.9L,2024-06-29,31889.46
SW46.9L,2024-06-30,31889.46
SW46.9L,2024-07-01,35130.53
SW46.9L,2024-07-02,40354.55
SW46.9L,2024-07-03,47898.67
SW46.9L,2024-07-04,56065.74
SW46.9L,2024-07-05,59559.45
SW46.9L,2024-07-06,59410.59
SW46.9L,2024-07-07,58376.65
SW46.9L,2024-07-08,56780.13
SW46.9L,2024-07-09,54379.64
SW46.9L,2024-07-10,53277.62
SW46.9L,2024-07-11,53826.44
SW46.9L,2024-07-12,53826.44
SW46.9L,2024-07-13,50467.09
SW46.9L,2024-07-14,49556.29
SW46.9L,2024-07-15,47024.1
SW46.9L,2024-07-16,45917.92
SW46.9L,2024-07-17,45071.6
SW46.9L,2024-07-18,44355.86
SW46.9L,2024-07-19,43532.0
SW46.9L,2024-07-20,42147.34
SW46.9L,2024-07-21,40797.09
SW46.9L,2024-07-22,39049.23
SW46.9L,2024-07-23,37881.68
SW46.9L,2024-07-24,37256.35
SW46.9L,2024-07-25,37049.7
SW46.9L,2024-07-26,36741.39
SW46.9L,2024-07-27,36435.08
SW46.9L,2024-07-28,36843.94
SW46.9L,2024-07-29,36333.42
SW46.9L,2024-07-30,35828.39
SW46.9L,2024-07-31,34540.79
SW46.9L,2024-08-01,33194.6
SW46.9L,2024-08-02,32817.55
SW46.9L,2024-08-03,32258.22
SW46.9L,2024-08-04,32073.43
SW46.9L,2024-08-05,31981.34
SW46.9L,2024-08-06,31161.75
SW46.9L,2024-08-07,30182.27
SW46.9L,2024-08-08,31071.71
SW46.9L,2024-08-09,31706.31
SW46.9L,2024-08-10,32911.5
SW46.9L,2024-08-11,34345.93
SW46.9L,2024-08-12,35031.7
SW46.9L,2024-08-13,34736.51
SW46.9L,2024-08-14,34638.55
SW46.9L,2024-08-15,35130.53
SW46.9L,2024-08-16,36231.97
SW46.9L,2024-08-17,35229.57
SW46.9L,2024-08-18,33005.66
SW46.9L,2024-08-19,30713.53
SW46.9L,2024-08-20,29658.17
SW46.9L,2024-08-21,28800.38
SW46.9L,2024-08-22,27631.96
SW46.9L,2024-08-23,26421.23
SW46.9L,2024-08-24,25559.83
SW46.9L,2024-08-25,24947.17
SW46.9L,2024-08-26,24420.49
SW46.9L,2024-08-27,23683.1
SW46.9L,2024-08-28,22821.16
SW46.9L,2024-08-29,21915.06
SW46.9L,2024-08-30,21506.4
SW46.9L,2024-08-31,20904.51
SW46.9L,2024-09-01,20706.82
SW46.9L,2024-09-02,19866.83
SW46.9L,2024-09-03,19866.83
SW46.9L,2024-09-04,19866.83
SW46.9L,2024-09-05,19739.99
SW46.9L,2024-09-06,20122.42
SW46.9L,2024-09-07,20380.55
SW46.9L,2024-09-08,20445.48
SW46.9L,2024-09-09,20251.17
SW46.9L,2024-09-10,20122.42
SW46.9L,2024-09-11,20122.42
SW46.9L,2024-09-12,20122.42
SW46.9L,2024-09-13,19613.77
SW46.9L,2024-09-14,19115.15
SW46.9L,2024-09-15,18626.42
SW46.9L,2024-09-16,18266.28
SW46.9L,2024-09-17,18147.44
SW46.9L,2024-09-18,17970.31
SW46.9L,2024-09-19,17389.53
SW46.9L,2024-09-20,16711.94
SW46.9L,2024-09-21,16271.71
SW46.9L,2024-09-22,15947.49
SW46.9L,2024-09-23,15681.16
SW46.9L,2024-09-24,15366.12
SW46.9L,2024-09-25,14902.8
SW46.9L,2024-09-26,14902.8
SW46.9L,2024-09-27,16217.33
SW46.9L,2024-09-28,17852.97
SW46.9L,2024-09-29,21237.26
SW46.9L,2024-09-30,23610.32
SW46.9L,2024-10-01,21846.54
SW46.9L,2024-10-02,19613.77
SW46.9L,2024-10-03,19176.94
SW46.9L,2024-10-04,19994.31
SW46.9L,2024-10-05,21103.67
SW46.9L,2024-10-06,23393.03
SW46.9L,2024-10-07,24570.08
SW46.9L,2024-10-08,24720.38
SW46.9L,2024-10-09,25948.63
SW46.9L,2024-10-10,28546.84
SW46.9L,2024-10-11,30624.48
SW46.9L,2024-10-12,31252.01
SW46.9L,2024-10-13,30535.64
SW46.9L,2024-10-14,29141.15
SW46.9L,2024-10-15,27386.43
SW46.9L,2024-10-16,26500.64
SW46.9L,2024-10-17,26660.01
SW46.9L,2024-10-18,26739.98
SW46.9L,2024-10-19,25714.8
SW46.9L,2024-10-20,24123.43
SW46.9L,2024-10-21,22609.53
SW46.9L,2024-10-22,21438.87
SW46.9L,2024-10-23,20445.48
SW46.9L,2024-10-24,19613.77
SW46.9L,2024-10-25,18747.68
SW46.9L,2024-10-26,17970.31
SW46.9L,2024-10-27,17275.15
SW46.9L,2024-10-28,16545.79
SW46.9L,2024-10-29,15787.27
SW46.9L,2024-10-30,15158.84
SW46.9L,2024-10-31,14500.12
SW46.9L,2024-11-01,14351.31
SW46.9L,2024-11-02,14549.99
SW46.9L,2024-11-03,14450.38
SW46.9L,2024-11-04,14203.69
SW46.9L,2024-11-05,13720.11
SW46.9L,2024-11-06,13295.9
SW46.9L,2024-11-07,13110.66
SW46.9L,2024-11-08,12791.31
SW46.9L,2024-11-09,12389.63
SW46.9L,2024-11-10,12084.03
SW46.9L,2024-11-11,11573.78
SW46.9L,2024-11-12,11283.95
SW46.9L,2024-11-13,10999.79
SW46.9L,2024-11-14,10800.23
SW46.9L,2024-11-15,10603.5
SW46.9L,2024-11-16,10371.1
SW46.9L,2024-11-17,10142.67
SW46.9L,2024-11-18,9881.13
SW46.9L,2024-11-19,9770.65
SW46.9L,2024-11-20,9552.58
SW46.9L,2024-11-21,9409.3
SW46.9L,2024-11-22,9232.56
SW46.9L,2024-11-23,9058.41
SW46.9L,2024-11-24,8920.93
SW46.9L,2024-11-25,8785.08
SW46.9L,2024-11-26,8650.83
SW46.9L,2024-11-27,8485.27
SW46.9L,2024-11-28,8322.17
SW46.9L,2024-11-29,8161.52
SW46.9L,2024-11-30,8129.68
SW46.9L,2024-12-01,8066.29
SW46.9L,2024-12-02,7940.66
SW46.9L,2024-12-03,7847.44
SW46.9L,2024-12-04,7663.54
SW46.9L,2024-12-05,7542.82
SW46.9L,2024-12-06,7453.24
SW46.9L,2024-12-07,7364.5
SW46.9L,2024-12-08,7335.1
SW46.9L,2024-12-09,7218.41
SW46.9L,2024-12-10,7160.61
SW46.9L,2024-12-11,7074.58
SW46.9L,2024-12-12,7017.68
SW46.9L,2024-12-13,6932.99
SW46.9L,2024-12-14,6821.3
SW46.9L,2024-12-15,6738.46
SW46.9L,2024-12-16,6711.02
SW46.9L,2024-12-17,6629.22
SW46.9L,2024-12-18,6548.19
SW46.9L,2024-12-19,6494.6
SW46.9L,2024-12-20,6414.85
SW46.9L,2024-12-21,6283.64
SW46.9L,2024-12-22,6231.74
SW46.9L,2024-12-23,6180.17
SW46.9L,2024-12-24,6128.93
SW46.9L,2024-12-25,6052.7
SW46.9L,2024-12-26,5952.2
SW46.9L,2024-12-27,5902.43
SW46.9L,2024-12-28,5853.0
SW46.9L,2024-12-29,5828.4
SW46.9L,2024-12-30,5730.8
SW46.9L,2024-12-31,5682.48
SW90,2011-01-01,2001.7
SW90,2011-01-02,1911.41
SW90,2011-01-03,1867.53
SW90,2011-01-04,1856.69
SW90,2011-01-05,1856.69
SW90,2011-01-06,1856.69
SW90,2011-01-07,1835.17
SW90,2011-01-08,1751.1
SW90,2011-01-09,1640.7
SW90,2011-01-10,1564.04
SW90,2011-01-11,1517.64
SW90,2011-01-12,1517.64
SW90,2011-01-13,1508.5
SW90,2011-01-14,1508.5
SW90,2011-01-15,1499.4
SW90,2011-01-16,1499.4
SW90,2011-01-17,1472.38
SW90,2011-01-18,1436.97
SW90,2011-01-19,1419.53
SW90,2011-01-20,1410.87
SW90,2011-01-21,1402.26
SW90,2011-01-22,1393.69
SW90,2011-01-23,1376.68
SW90,2011-01-24,1368.24
SW90,2011-01-25,1359.84
SW90,2011-01-26,1343.17
SW90,2011-01-27,1318.49
SW90,2011-01-28,1302.23
SW90,2011-01-29,1294.17
SW90,2011-01-30,1278.17
SW90,2011-01-31,1185.51
SW90,2011-02-01,1084.44
SW90,2011-02-02,1036.62
SW90,2011-02-03,1023.28
SW90,2011-02-04,1070.6
SW90,2011-02-05,1098.43
SW90,2011-02-06,1105.48
SW90,2011-02-07,1105.48
SW90,2011-02-08,1091.42
SW90,2011-02-09,1084.44
SW90,2011-02-10,1084.44
SW90,2011-02-11,1098.43
SW90,2011-02-12,1098.43
SW90,2011-02-13,1098.43
SW90,2011-02-14,1091.42
SW90,2011-02-15,1084.44
SW90,2011-02-16,1070.6
SW90,2011-02-17,1063.73
SW90,2011-02-18,1063.73
SW90,2011-02-19,1050.11
SW90,2011-02-20,1043.35
SW90,2011-02-21,1043.35
SW90,2011-02-22,1029.94
SW90,2011-02-23,1029.94
SW90,2011-02-24,1029.94
SW90,2011-02-25,1029.94
SW90,2011-02-26,1029.94
SW90,2011-02-27,1016.67
SW90,2011-02-28,1016.67
SW90,2011-03-01,1016.67
SW90,2011-03-02,1010.09
SW90,2011-03-03,1003.54
SW90,2011-03-04,1003.54
SW90,2011-03-05,1003.54
SW90,2011-03-06,990.55
SW90,2011-03-07,977.7
SW90,2011-03-08,977.7
SW90,2011-03-09,971.33
SW90,2011-03-10,971.33
SW90,2011-03-11,971.33
SW90,2011-03-12,971.33
SW90,2011-03-13,971.33
SW90,2011-03-14,997.03
SW90,2011-03-15,1029.94
SW90,2011-03-16,1029.94
SW90,2011-03-17,1029.94
SW90,2011-03-18,1023.28
SW90,2011-03-19,1010.09
SW90,2011-03-20,1010.09
SW90,2011-03-21,1016.67
SW90,2011-03-22,1016.67
SW90,2011-03-23,997.03
SW90,2011-03-24,964.99
SW90,2011-03-25,939.96
SW90,2011-03-26,915.48
SW90,2011-03-27,903.43
SW90,2011-03-28,885.61
SW90,2011-03-29,879.73
SW90,2011-03-30,879.73
SW90,2011-03-31,879.73
SW90,2011-04-01,873.89
SW90,2011-04-02,845.14
SW90,2011-04-03,845.14
SW90,2011-04-04,856.54
SW90,2011-04-05,952.41
SW90,2011-04-06,964.99
SW90,2011-04-07,952.41
SW90,2011-04-08,952.41
SW90,2011-04-09,952.41
SW90,2011-04-10,952.41
SW90,2011-04-11,946.17
SW90,2011-04-12,946.17
SW90,2011-04-13,927.65
SW90,2011-04-14,868.07
SW90,2011-04-15,800.75
SW90,2011-04-16,763.5
SW90,2011-04-17,737.78
SW90,2011-04-18,732.72
SW90,2011-04-19,732.72
SW90,2011-04-20,732.72
SW90,2011-04-21,753.13
SW90,2011-04-22,747.98
SW90,2011-04-23,737.78
SW90,2011-04-24,789.96
SW90,2011-04-25,850.82
SW90,2011-04-26,885.61
SW90,2011-04-27,897.46
SW90,2011-04-28,897.46
SW90,2011-04-29,915.48
SW90,2011-04-30,946.17
SW90,2011-05-01,952.41
SW90,2011-05-02,971.33
SW90,2011-05-03,977.7
SW90,2011-05-04,921.55
SW90,2011-05-05,868.07
SW90,2011-05-06,822.7
SW90,2011-05-07,789.96
SW90,2011-05-08,763.5
SW90,2011-05-09,753.13
SW90,2011-05-10,758.3
SW90,2011-05-11,758.3
SW90,2011-05-12,789.96
SW90,2011-05-13,822.7
SW90,2011-05-14,873.89
SW90,2011-05-15,915.48
SW90,2011-05-16,921.55
SW90,2011-05-17,927.65
SW90,2011-05-18,933.79
SW90,2011-05-19,964.99
SW90,2011-05-20,971.33
SW90,2011-05-21,977.7
SW90,2011-05-22,1010.09
SW90,2011-05-23,1023.28
SW90,2011-05-24,1036.62
SW90,2011-05-25,1043.35
SW90,2011-05-26,1043.35
SW90,2011-05-27,1056.9
SW90,2011-05-28,1105.48
SW90,2011-05-29,1193.01
SW90,2011-05-30,1254.46
SW90,2011-05-31,1278.17
SW90,2011-06-01,1326.67
SW90,2011-06-02,1463.46
SW90,2011-06-03,1554.67
SW90,2011-06-04,1592.43
SW90,2011-06-05,1573.46
SW90,2011-06-06,1508.5
SW90,2011-06-07,1545.34
SW90,2011-06-08,1761.43
SW90,2011-06-09,1900.36
SW90,2011-06-10,1990.23
SW90,2011-06-11,2059.89
SW90,2011-06-12,2095.47
SW90,2011-06-13,2131.55
SW90,2011-06-14,2131.55
SW90,2011-06-15,2095.47
SW90,2011-06-16,2059.89
SW90,2011-06-17,2205.23
SW90,2011-06-18,2452.47
SW90,2011-06-19,2535.1
SW90,2011-06-20,2605.69
SW90,2011-06-21,2620.0
SW90,2011-06-22,2634.38
SW90,2011-06-23,3213.61
SW90,2011-06-24,3567.76
SW90,2011-06-25,3661.12
SW90,2011-06-26,3814.66
SW90,2011-06-27,5662.03
SW90,2011-06-28,8259.85
SW90,2011-06-29,9673.75
SW90,2011-06-30,9884.92
SW90,2011-07-01,10143.3
SW90,2011-07-02,10859.52
SW90,2011-07-03,13369.98
SW90,2011-07-04,17394.05
SW90,2011-07-05,21622.85
SW90,2011-07-06,24077.64
SW90,2011-07-07,26949.81
SW90,2011-07-08,28844.9
SW90,2011-07-09,29050.58
SW90,2011-07-10,25434.28
SW90,2011-07-11,24975.27
SW90,2011-07-12,23726.07
SW90,2011-07-13,22612.43
SW90,2011-07-14,21622.85
SW90,2011-07-15,20747.21
SW90,2011-07-16,20436.1
SW90,2011-07-17,20436.1
SW90,2011-07-18,20205.29
SW90,2011-07-19,20128.82
SW90,2011-07-20,20358.92
SW90,2011-07-21,22113.1
SW90,2011-07-22,23206.63
SW90,2011-07-23,24523.09
SW90,2011-07-24,26183.05
SW90,2011-07-25,27046.94
SW90,2011-07-26,27635.74
SW90,2011-07-27,27834.33
SW90,2011-07-28,28134.4
SW90,2011-07-29,29570.05
SW90,2011-07-30,30524.28
SW90,2011-07-31,32283.01
SW90,2011-08-01,33193.03
SW90,2011-08-02,33772.4
SW90,2011-08-03,34716.63
SW90,2011-08-04,35438.91
SW90,2011-08-05,35438.91
SW90,2011-08-06,33539.67
SW90,2011-08-07,32058.73
SW90,2011-08-08,31174.35
SW90,2011-08-09,30631.85
SW90,2011-08-10,31174.35
SW90,2011-08-11,32058.73
SW90,2011-08-12,33423.79
SW90,2011-08-13,34956.03
SW90,2011-08-14,35196.79
SW90,2011-08-15,35438.91
SW90,2011-08-16,35804.64
SW90,2011-08-17,35927.24
SW90,2011-08-18,36545.4
SW90,2011-08-19,36920.47
SW90,2011-08-20,38193.55
SW90,2011-08-21,39502.41
SW90,2011-08-22,39768.55
SW90,2011-08-23,39369.9
SW90,2011-08-24,38712.76
SW90,2011-08-25,38193.55
SW90,2011-08-26,37807.9
SW90,2011-08-27,37046.19
SW90,2011-08-28,36421.08
SW90,2011-08-29,35927.24
SW90,2011-08-30,35682.39
SW90,2011-08-31,35196.79
SW90,2011-09-01,34597.43
SW90,2011-09-02,34241.85
SW90,2011-09-03,34006.46
SW90,2011-09-04,33539.67
SW90,2011-09-05,32963.58
SW90,2011-09-06,32395.63
SW90,2011-09-07,31835.73
SW90,2011-09-08,31393.55
SW90,2011-09-09,30739.72
SW90,2011-09-10,30203.44
SW90,2011-09-11,29465.55
SW90,2011-09-12,28844.9
SW90,2011-09-13,29050.58
SW90,2011-09-14,30739.72
SW90,2011-09-15,31503.62
SW90,2011-09-16,32508.57
SW90,2011-09-17,33889.27
SW90,2011-09-18,33539.67
SW90,2011-09-19,32963.58
SW90,2011-09-20,32621.84
SW90,2011-09-21,33078.14
SW90,2011-09-22,34006.46
SW90,2011-09-23,34716.63
SW90,2011-09-24,35317.68
SW90,2011-09-25,35076.24
SW90,2011-09-26,34360.04
SW90,2011-09-27,34360.04
SW90,2011-09-28,35438.91
SW90,2011-09-29,36545.4
SW90,2011-09-30,37298.68
SW90,2011-10-01,39635.3
SW90,2011-10-02,40305.23
SW90,2011-10-03,39105.95
SW90,2011-10-04,38064.65
SW90,2011-10-05,37172.26
SW90,2011-10-06,36050.18
SW90,2011-10-07,35317.68
SW90,2011-10-08,34241.85
SW90,2011-10-09,32849.34
SW90,2011-10-10,30956.41
SW90,2011-10-11,29674.85
SW90,2011-10-12,28742.51
SW90,2011-10-13,27934.06
SW90,2011-10-14,27046.94
SW90,2011-10-15,25900.17
SW90,2011-10-16,25066.53
SW90,2011-10-17,24433.46
SW90,2011-10-18,23726.07
SW90,2011-10-19,22865.54
SW90,2011-10-20,22113.1
SW90,2011-10-21,21542.02
SW90,2011-10-22,20904.22
SW90,2011-10-23,20281.98
SW90,2011-10-24,19750.07
SW90,2011-10-25,18937.34
SW90,2011-10-26,18012.42
SW90,2011-10-27,16925.23
SW90,2011-10-28,16018.64
SW90,2011-10-29,15031.69
SW90,2011-10-30,14324.69
SW90,2011-10-31,13207.05
SW90,2011-11-01,12468.08
SW90,2011-11-02,11665.42
SW90,2011-11-03,10951.89
SW90,2011-11-04,10230.65
SW90,2011-11-05,9425.23
SW90,2011-11-06,9181.98
SW90,2011-11-07,8865.68
SW90,2011-11-08,8259.85
SW90,2011-11-09,7792.99
SW90,2011-11-10,7281.42
SW90,2011-11-11,6735.27
SW90,2011-11-12,6165.08
SW90,2011-11-13,5993.48
SW90,2011-11-14,6136.21
SW90,2011-11-15,5937.16
SW90,2011-11-16,5743.45
SW90,2011-11-17,5502.03
SW90,2011-11-18,5371.54
SW90,2011-11-19,5294.48
SW90,2011-11-20,5294.48
SW90,2011-11-21,5371.54
SW90,2011-11-22,5320.07
SW90,2011-11-23,5218.32
SW90,2011-11-24,5118.18
SW90,2011-11-25,4995.23
SW90,2011-11-26,4640.81
SW90,2011-11-27,4595.15
SW90,2011-11-28,4527.36
SW90,2011-11-29,4394.23
SW90,2011-11-30,4242.99
SW90,2011-12-01,4034.36
SW90,2011-12-02,3973.44
SW90,2011-12-03,3913.28
SW90,2011-12-04,3893.39
SW90,2011-12-05,3873.58
SW90,2011-12-06,3853.86
SW90,2011-12-07,3814.66
SW90,2011-12-08,3775.79
SW90,2011-12-09,3494.49
SW90,2011-12-10,3351.64
SW90,2011-12-11,3530.97
SW90,2011-12-12,3404.64
SW90,2011-12-13,3247.67
SW90,2011-12-14,3196.69
SW90,2011-12-15,3163.07
SW90,2011-12-16,3146.37
SW90,2011-12-17,3146.37
SW90,2011-12-18,3129.74
SW90,2011-12-19,3031.47
SW90,2011-12-20,2920.03
SW90,2011-12-21,2873.32
SW90,2011-12-22,2811.98
SW90,2011-12-23,2736.82
SW90,2011-12-24,2648.82
SW90,2011-12-25,2620.0
SW90,2011-12-26,2591.45
SW90,2011-12-27,2549.09
SW90,2011-12-28,2425.42
SW90,2011-12-29,2398.61
SW90,2011-12-30,2358.87
SW90,2011-12-31,2319.66
SW90,2012-01-01,2987.45
SW90,2012-01-02,2958.81
SW90,2012-01-03,2930.38
SW90,2012-01-04,2902.17
SW90,2012-01-05,2874.17
SW90,2012-01-06,2846.39
SW90,2012-01-07,2791.46
SW90,2012-01-08,2764.32
SW90,2012-01-09,2750.82
SW90,2012-01-10,2750.82
SW90,2012-01-11,2684.12
SW90,2012-01-12,2631.68
SW90,2012-01-13,2644.71
SW90,2012-01-14,2657.8
SW90,2012-01-15,2697.35
SW90,2012-01-16,2710.64
SW90,2012-01-17,2710.64
SW90,2012-01-18,2710.64
SW90,2012-01-19,2697.35
SW90,2012-01-20,2684.12
SW90,2012-01-21,2657.8
SW90,2012-01-22,2644.71
SW90,2012-01-23,2631.68
SW90,2012-01-24,2592.89
SW90,2012-01-25,2580.05
SW90,2012-01-26,2580.05
SW90,2012-01-27,2567.27
SW90,2012-01-28,2554.54
SW90,2012-01-29,2541.86
SW90,2012-01-30,2541.86
SW90,2012-01-31,2541.86
SW90,2012-02-01,2504.12
SW90,2012-02-02,2479.2
SW90,2012-02-03,2454.48
SW90,2012-02-04,2442.19
SW90,2012-02-05,2417.77
SW90,2012-02-06,2357.54
SW90,2012-02-07,2357.54
SW90,2012-02-08,2333.78
SW90,2012-02-09,2298.5
SW90,2012-02-10,2252.11
SW90,2012-02-11,2229.2
SW90,2012-02-12,2206.47
SW90,2012-02-13,2183.92
SW90,2012-02-14,2172.72
SW90,2012-02-15,2161.56
SW90,2012-02-16,2139.38
SW90,2012-02-17,2128.35
SW90,2012-02-18,2117.37
SW90,2012-02-19,2117.37
SW90,2012-02-20,2095.55
SW90,2012-02-21,2084.7
SW90,2012-02-22,1999.53
SW90,2012-02-23,1927.27
SW90,2012-02-24,1876.93
SW90,2012-02-25,1837.41
SW90,2012-02-26,1837.41
SW90,2012-02-27,1817.9
SW90,2012-02-28,1798.56
SW90,2012-02-29,1798.56
SW90,2012-03-01,1779.37
SW90,2012-03-02,1704.24
SW90,2012-03-03,1477.19
SW90,2012-03-04,1428.35
SW90,2012-03-05,1412.36
SW90,2012-03-06,1388.64
SW90,2012-03-07,1428.35
SW90,2012-03-08,1380.8
SW90,2012-03-09,1380.8
SW90,2012-03-10,1373.0
SW90,2012-03-11,1357.5
SW90,2012-03-12,1349.8
SW90,2012-03-13,1334.51
SW90,2012-03-14,1231.25
SW90,2012-03-15,1114.45
SW90,2012-03-16,1088.28
SW90,2012-03-17,1094.78
SW90,2012-03-18,1094.78
SW90,2012-03-19,1094.78
SW90,2012-03-20,1094.78
SW90,2012-03-21,1101.3
SW90,2012-03-22,1088.28
SW90,2012-03-23,1081.82
SW90,2012-03-24,1075.38
SW90,2012-03-25,1056.26
SW90,2012-03-26,1043.66
SW90,2012-03-27,1037.4
SW90,2012-03-28,1031.18
SW90,2012-03-29,1031.18
SW90,2012-03-30,1031.18
SW90,2012-03-31,1031.18
SW90,2012-04-01,1031.18
SW90,2012-04-02,1031.18
SW90,2012-04-03,1031.18
SW90,2012-04-04,1062.6
SW90,2012-04-05,1088.28
SW90,2012-04-06,1114.45
SW90,2012-04-07,1134.4
SW90,2012-04-08,1188.97
SW90,2012-04-09,1202.93
SW90,2012-04-10,1202.93
SW90,2012-04-11,1202.93
SW90,2012-04-12,1188.97
SW90,2012-04-13,1195.94
SW90,2012-04-14,1238.41
SW90,2012-04-15,1319.35
SW90,2012-04-16,1326.91
SW90,2012-04-17,1311.83
SW90,2012-04-18,1267.38
SW90,2012-04-19,1168.27
SW90,2012-04-20,1168.27
SW90,2012-04-21,1168.27
SW90,2012-04-22,1217.03
SW90,2012-04-23,1217.03
SW90,2012-04-24,1217.03
SW90,2012-04-25,1217.03
SW90,2012-04-26,1224.12
SW90,2012-04-27,1202.93
SW90,2012-04-28,1195.94
SW90,2012-04-29,1202.93
SW90,2012-04-30,1231.25
SW90,2012-05-01,1260.08
SW90,2012-05-02,1296.88
SW90,2012-05-03,1274.7
SW90,2012-05-04,1289.45
SW90,2012-05-05,1304.33
SW90,2012-05-06,1311.83
SW90,2012-05-07,1357.5
SW90,2012-05-08,1404.42
SW90,2012-05-09,1404.42
SW90,2012-05-10,1373.0
SW90,2012-05-11,1349.8
SW90,2012-05-12,1282.06
SW90,2012-05-13,1252.83
SW90,2012-05-14,1231.25
SW90,2012-05-15,1224.12
SW90,2012-05-16,1195.94
SW90,2012-05-17,1188.97
SW90,2012-05-18,1168.27
SW90,2012-05-19,1147.85
SW90,2012-05-20,1168.27
SW90,2012-05-21,1168.27
SW90,2012-05-22,1175.14
SW90,2012-05-23,1260.08
SW90,2012-05-24,1436.4
SW90,2012-05-25,1493.75
SW90,2012-05-26,1502.09
SW90,2012-05-27,1460.76
SW90,2012-05-28,1420.34
SW90,2012-05-29,1388.64
SW90,2012-05-30,1349.8
SW90,2012-05-31,1326.91
SW90,2012-06-01,1304.33
SW90,2012-06-02,1342.14
SW90,2012-06-03,1373.0
SW90,2012-06-04,1493.75
SW90,2012-06-05,1667.63
SW90,2012-06-06,1896.94
SW90,2012-06-07,2172.72
SW90,2012-06-08,2298.5
SW90,2012-06-09,2429.96
SW90,2012-06-10,2737.38
SW90,2012-06-11,3030.82
SW90,2012-06-12,3104.22
SW90,2012-06-13,3001.85
SW90,2012-06-14,2860.26
SW90,2012-06-15,2670.93
SW90,2012-06-16,2684.12
SW90,2012-06-17,2930.38
SW90,2012-06-18,3179.01
SW90,2012-06-19,3508.8
SW90,2012-06-20,3935.98
SW90,2012-06-21,4099.43
SW90,2012-06-22,3971.85
SW90,2012-06-23,3900.37
SW90,2012-06-24,3882.66
SW90,2012-06-25,3882.66
SW90,2012-06-26,4062.65
SW90,2012-06-27,4870.66
SW90,2012-06-28,5445.37
SW90,2012-06-29,6380.18
SW90,2012-06-30,7290.79
SW90,2012-07-01,8078.01
SW90,2012-07-02,8333.25
SW90,2012-07-03,8561.76
SW90,2012-07-04,8301.0
SW90,2012-07-05,7767.68
SW90,2012-07-06,7290.79
SW90,2012-07-07,7232.85
SW90,2012-07-08,7407.79
SW90,2012-07-09,7496.5
SW90,2012-07-10,7737.17
SW90,2012-07-11,7859.78
SW90,2012-07-12,7952.73
SW90,2012-07-13,8204.85
SW90,2012-07-14,9525.75
SW90,2012-07-15,10849.0
SW90,2012-07-16,12401.37
SW90,2012-07-17,13640.85
SW90,2012-07-18,15707.85
SW90,2012-07-19,17370.99
SW90,2012-07-20,18615.6
SW90,2012-07-21,19107.82
SW90,2012-07-22,19737.47
SW90,2012-07-23,20187.89
SW90,2012-07-24,20318.06
SW90,2012-07-25,19483.68
SW90,2012-07-26,19420.63
SW90,2012-07-27,20187.89
SW90,2012-07-28,20318.06
SW90,2012-07-29,21315.57
SW90,2012-07-30,21587.98
SW90,2012-07-31,21794.1
SW90,2012-08-01,21863.14
SW90,2012-08-02,22141.06
SW90,2012-08-03,22492.37
SW90,2012-08-04,22492.37
SW90,2012-08-05,22001.76
SW90,2012-08-06,22492.37
SW90,2012-08-07,23353.47
SW90,2012-08-08,24315.47
SW90,2012-08-09,25386.16
SW90,2012-08-10,26333.19
SW90,2012-08-11,26979.87
SW90,2012-08-12,27061.58
SW90,2012-08-13,26014.47
SW90,2012-08-14,24769.88
SW90,2012-08-15,24541.85
SW90,2012-08-16,24240.38
SW90,2012-08-17,24165.47
SW90,2012-08-18,24090.74
SW90,2012-08-19,23867.66
SW90,2012-08-20,23719.85
SW90,2012-08-21,23280.74
SW90,2012-08-22,22705.26
SW90,2012-08-23,21725.22
SW90,2012-08-24,21383.42
SW90,2012-08-25,20978.87
SW90,2012-08-26,20845.37
SW90,2012-08-27,21113.04
SW90,2012-08-28,21794.1
SW90,2012-08-29,22563.16
SW90,2012-08-30,23426.39
SW90,2012-08-31,24165.47
SW90,2012-09-01,25308.47
SW90,2012-09-02,25698.8
SW90,2012-09-03,26093.86
SW90,2012-09-04,26173.44
SW90,2012-09-05,25698.8
SW90,2012-09-06,25153.65
SW90,2012-09-07,24466.2
SW90,2012-09-08,23941.84
SW90,2012-09-09,23426.39
SW90,2012-09-10,23063.6
SW90,2012-09-11,22281.06
SW90,2012-09-12,21247.89
SW90,2012-09-13,19993.87
SW90,2012-09-14,19673.78
SW90,2012-09-15,19610.25
SW90,2012-09-16,19865.35
SW90,2012-09-17,21656.52
SW90,2012-09-18,23646.21
SW90,2012-09-19,25308.47
SW90,2012-09-20,26898.36
SW90,2012-09-21,28823.06
SW90,2012-09-22,30135.72
SW90,2012-09-23,31219.42
SW90,2012-09-24,32052.2
SW90,2012-09-25,32711.95
SW90,2012-09-26,32807.06
SW90,2012-09-27,32807.06
SW90,2012-09-28,32427.9
SW90,2012-09-29,31865.64
SW90,2012-09-30,30224.88
SW90,2012-10-01,26093.86
SW90,2012-10-02,23499.48
SW90,2012-10-03,21587.98
SW90,2012-10-04,20318.06
SW90,2012-10-05,19420.63
SW90,2012-10-06,18676.57
SW90,2012-10-07,17837.13
SW90,2012-10-08,16914.52
SW90,2012-10-09,15922.03
SW90,2012-10-10,15601.62
SW90,2012-10-11,15761.18
SW90,2012-10-12,15234.26
SW90,2012-10-13,14620.42
SW90,2012-10-14,13688.56
SW90,2012-10-15,13032.43
SW90,2012-10-16,12313.22
SW90,2012-10-17,11417.19
SW90,2012-10-18,11049.3
SW90,2012-10-19,10612.44
SW90,2012-10-20,10001.45
SW90,2012-10-21,9454.18
SW90,2012-10-22,9102.66
SW90,2012-10-23,8795.19
SW90,2012-10-24,8495.97
SW90,2012-10-25,8078.01
SW90,2012-10-26,7526.26
SW90,2012-10-27,7378.4
SW90,2012-10-28,7261.77
SW90,2012-10-29,7032.89
SW90,2012-10-30,6837.31
SW90,2012-10-31,6727.5
SW90,2012-11-01,6565.39
SW90,2012-11-02,6354.06
SW90,2012-11-03,6250.43
SW90,2012-11-04,6173.58
SW90,2012-11-05,6302.08
SW90,2012-11-06,6199.12
SW90,2012-11-07,5947.51
SW90,2012-11-08,5849.16
SW90,2012-11-09,5849.16
SW90,2012-11-10,5898.17
SW90,2012-11-11,5898.17
SW90,2012-11-12,5922.8
SW90,2012-11-13,5898.17
SW90,2012-11-14,5873.62
SW90,2012-11-15,5849.16
SW90,2012-11-16,5824.77
SW90,2012-11-17,5776.24
SW90,2012-11-18,5680.13
SW90,2012-11-19,5632.55
SW90,2012-11-20,5514.97
SW90,2012-11-21,5151.69
SW90,2012-11-22,4998.83
SW90,2012-11-23,4977.28
SW90,2012-11-24,4955.81
SW90,2012-11-25,4807.56
SW90,2012-11-26,4724.43
SW90,2012-11-27,4642.44
SW90,2012-11-28,4521.57
SW90,2012-11-29,4364.28
SW90,2012-11-30,4249.17
SW90,2012-12-01,4099.43
SW90,2012-12-02,3953.89
SW90,2012-12-03,3882.66
SW90,2012-12-04,3812.45
SW90,2012-12-05,3624.53
SW90,2012-12-06,3743.25
SW90,2012-12-07,3591.16
SW90,2012-12-08,3460.1
SW90,2012-12-09,3427.94
SW90,2012-12-10,3427.94
SW90,2012-12-11,3411.94
SW90,2012-12-12,3317.21
SW90,2012-12-13,3270.62
SW90,2012-12-14,3163.94
SW90,2012-12-15,3104.22
SW90,2012-12-16,3074.69
SW90,2012-12-17,2874.17
SW90,2012-12-18,2846.39
SW90,2012-12-19,2832.58
SW90,2012-12-20,2805.12
SW90,2012-12-21,2777.86
SW90,2012-12-22,2737.38
SW90,2012-12-23,2697.35
SW90,2012-12-24,2644.71
SW90,2012-12-25,2580.05
SW90,2012-12-26,2529.23
SW90,2012-12-27,2491.63
SW90,2012-12-28,2429.96
SW90,2012-12-29,2333.78
SW90,2012-12-30,2286.83
SW90,2012-12-31,2263.64
SW90,2013-01-01,1894.74
SW90,2013-01-02,1883.34
SW90,2013-01-03,1872.0
SW90,2013-01-04,1860.72
SW90,2013-01-05,1827.2
SW90,2013-01-06,1794.16
SW90,2013-01-07,1666.74
SW90,2013-01-08,1615.84
SW90,2013-01-09,1536.98
SW90,2013-01-10,1498.72
SW90,2013-01-11,1470.53
SW90,2013-01-12,1461.23
SW90,2013-01-13,1433.6
SW90,2013-01-14,1388.49
SW90,2013-01-15,1335.86
SW90,2013-01-16,1251.7
SW90,2013-01-17,1251.7
SW90,2013-01-18,1211.24
SW90,2013-01-19,1203.27
SW90,2013-01-20,1251.7
SW90,2013-01-21,1276.49
SW90,2013-01-22,1293.23
SW90,2013-01-23,1268.18
SW90,2013-01-24,1227.3
SW90,2013-01-25,1203.27
SW90,2013-01-26,1171.83
SW90,2013-01-27,1156.36
SW90,2013-01-28,1141.05
SW90,2013-01-29,1141.05
SW90,2013-01-30,1156.36
SW90,2013-01-31,1156.36
SW90,2013-02-01,1164.07
SW90,2013-02-02,1171.83
SW90,2013-02-03,1179.63
SW90,2013-02-04,1179.63
SW90,2013-02-05,1179.63
SW90,2013-02-06,1235.39
SW90,2013-02-07,1318.68
SW90,2013-02-08,1310.15
SW90,2013-02-09,1293.23
SW90,2013-02-10,1227.3
SW90,2013-02-11,1195.35
SW90,2013-02-12,1195.35
SW90,2013-02-13,1179.63
SW90,2013-02-14,1179.63
SW90,2013-02-15,1171.83
SW90,2013-02-16,1156.36
SW90,2013-02-17,1141.05
SW90,2013-02-18,1164.07
SW90,2013-02-19,1141.05
SW90,2013-02-20,1103.48
SW90,2013-02-21,1088.74
SW90,2013-02-22,1081.42
SW90,2013-02-23,1081.42
SW90,2013-02-24,1081.42
SW90,2013-02-25,1335.86
SW90,2013-02-26,1470.53
SW90,2013-02-27,1546.66
SW90,2013-02-28,1605.81
SW90,2013-03-01,1646.23
SW90,2013-03-02,1718.92
SW90,2013-03-03,1761.6
SW90,2013-03-04,1894.74
SW90,2013-03-05,1894.74
SW90,2013-03-06,1772.4
SW90,2013-03-07,1718.92
SW90,2013-03-08,1718.92
SW90,2013-03-09,1697.89
SW90,2013-03-10,1636.05
SW90,2013-03-11,1546.66
SW90,2013-03-12,1479.88
SW90,2013-03-13,1442.76
SW90,2013-03-14,1442.76
SW90,2013-03-15,1451.97
SW90,2013-03-16,1461.23
SW90,2013-03-17,1442.76
SW90,2013-03-18,1388.49
SW90,2013-03-19,1301.67
SW90,2013-03-20,1243.52
SW90,2013-03-21,1219.25
SW90,2013-03-22,1195.35
SW90,2013-03-23,1141.05
SW90,2013-03-24,1088.74
SW90,2013-03-25,1052.56
SW90,2013-03-26,1017.35
SW90,2013-03-27,983.09
SW90,2013-03-28,956.35
SW90,2013-03-29,930.19
SW90,2013-03-30,923.74
SW90,2013-03-31,917.33
SW90,2013-04-01,917.33
SW90,2013-04-02,917.33
SW90,2013-04-03,917.33
SW90,2013-04-04,910.95
SW90,2013-04-05,904.61
SW90,2013-04-06,898.3
SW90,2013-04-07,892.03
SW90,2013-04-08,885.79
SW90,2013-04-09,885.79
SW90,2013-04-10,885.79
SW90,2013-04-11,898.3
SW90,2013-04-12,898.3
SW90,2013-04-13,892.03
SW90,2013-04-14,885.79
SW90,2013-04-15,879.59
SW90,2013-04-16,879.59
SW90,2013-04-17,879.59
SW90,2013-04-18,879.59
SW90,2013-04-19,879.59
SW90,2013-04-20,879.59
SW90,2013-04-21,879.59
SW90,2013-04-22,879.59
SW90,2013-04-23,879.59
SW90,2013-04-24,885.79
SW90,2013-04-25,892.03
SW90,2013-04-26,898.3
SW90,2013-04-27,910.95
SW90,2013-04-28,930.19
SW90,2013-04-29,943.19
SW90,2013-04-30,943.19
SW90,2013-05-01,949.75
SW90,2013-05-02,956.35
SW90,2013-05-03,962.98
SW90,2013-05-04,969.64
SW90,2013-05-05,969.64
SW90,2013-05-06,983.09
SW90,2013-05-07,996.68
SW90,2013-05-08,996.68
SW90,2013-05-09,996.68
SW90,2013-05-10,1010.42
SW90,2013-05-11,1066.91
SW90,2013-05-12,1156.36
SW90,2013-05-13,1219.25
SW90,2013-05-14,1227.3
SW90,2013-05-15,1195.35
SW90,2013-05-16,1171.83
SW90,2013-05-17,1156.36
SW90,2013-05-18,1133.46
SW90,2013-05-19,1103.48
SW90,2013-05-20,1110.92
SW90,2013-05-21,1195.35
SW90,2013-05-22,1195.35
SW90,2013-05-23,1203.27
SW90,2013-05-24,1235.39
SW90,2013-05-25,1284.84
SW90,2013-05-26,1293.23
SW90,2013-05-27,1293.23
SW90,2013-05-28,1293.23
SW90,2013-05-29,1284.84
SW90,2013-05-30,1335.86
SW90,2013-05-31,1508.21
SW90,2013-06-01,1987.87
SW90,2013-06-02,2411.55
SW90,2013-06-03,2411.55
SW90,2013-06-04,2397.73
SW90,2013-06-05,3347.0
SW90,2013-06-06,3365.04
SW90,2013-06-07,3240.4
SW90,2013-06-08,3002.2
SW90,2013-06-09,3861.96
SW90,2013-06-10,4110.24
SW90,2013-06-11,4326.75
SW90,2013-06-12,4529.32
SW90,2013-06-13,4598.5
SW90,2013-06-14,4529.32
SW90,2013-06-15,4152.84
SW90,2013-06-16,3902.48
SW90,2013-06-17,3493.48
SW90,2013-06-18,3474.89
SW90,2013-06-19,3437.96
SW90,2013-06-20,3419.61
SW90,2013-06-21,3419.61
SW90,2013-06-22,3902.48
SW90,2013-06-23,5157.43
SW90,2013-06-24,7642.51
SW90,2013-06-25,10636.01
SW90,2013-06-26,12839.47
SW90,2013-06-27,14500.81
SW90,2013-06-28,15949.93
SW90,2013-06-29,16586.86
SW90,2013-06-30,16781.85
SW90,2013-07-01,17512.56
SW90,2013-07-02,19195.23
SW90,2013-07-03,21717.41
SW90,2013-07-04,24059.17
SW90,2013-07-05,25852.14
SW90,2013-07-06,27073.73
SW90,2013-07-07,27848.12
SW90,2013-07-08,28044.45
SW90,2013-07-09,28640.11
SW90,2013-07-10,29965.42
SW90,2013-07-11,31339.3
SW90,2013-07-12,32763.08
SW90,2013-07-13,33664.64
SW90,2013-07-14,34469.67
SW90,2013-07-15,35885.47
SW90,2013-07-16,35054.05
SW90,2013-07-17,34353.73
SW90,2013-07-18,33778.71
SW90,2013-07-19,32651.76
SW90,2013-07-20,31990.15
SW90,2013-07-21,31772.01
SW90,2013-07-22,31772.01
SW90,2013-07-23,32430.02
SW90,2013-07-24,33098.87
SW90,2013-07-25,33664.64
SW90,2013-07-26,34238.1
SW90,2013-07-27,34585.91
SW90,2013-07-28,34936.54
SW90,2013-07-29,35646.33
SW90,2013-07-30,37100.47
SW90,2013-07-31,37223.76
SW90,2013-08-01,37223.76
SW90,2013-08-02,37223.76
SW90,2013-08-03,37471.32
SW90,2013-08-04,37720.19
SW90,2013-08-05,38348.15
SW90,2013-08-06,39112.7
SW90,2013-08-07,39629.14
SW90,2013-08-08,40546.0
SW90,2013-08-09,41345.32
SW90,2013-08-10,42020.99
SW90,2013-08-11,42705.46
SW90,2013-08-12,42843.42
SW90,2013-08-13,43259.43
SW90,2013-08-14,43678.67
SW90,2013-08-15,43120.4
SW90,2013-08-16,42430.61
SW90,2013-08-17,41749.67
SW90,2013-08-18,40811.06
SW90,2013-08-19,40811.06
SW90,2013-08-20,41749.67
SW90,2013-08-21,42705.46
SW90,2013-08-22,43538.56
SW90,2013-08-23,44242.69
SW90,2013-08-24,45099.63
SW90,2013-08-25,44384.6
SW90,2013-08-26,43398.82
SW90,2013-08-27,42705.46
SW90,2013-08-28,42293.72
SW90,2013-08-29,42293.72
SW90,2013-08-30,42430.61
SW90,2013-08-31,43259.43
SW90,2013-09-01,44242.69
SW90,2013-09-02,45533.05
SW90,2013-09-03,46557.31
SW90,2013-09-04,47150.82
SW90,2013-09-05,48204.0
SW90,2013-09-06,48814.21
SW90,2013-09-07,49121.62
SW90,2013-09-08,49121.62
SW90,2013-09-09,48052.41
SW90,2013-09-10,47901.19
SW90,2013-09-11,47300.13
SW90,2013-09-12,45099.63
SW90,2013-09-13,38601.66
SW90,2013-09-14,30593.4
SW90,2013-09-15,26223.22
SW90,2013-09-16,23541.14
SW90,2013-09-17,21878.38
SW90,2013-09-18,20771.37
SW90,2013-09-19,20771.37
SW90,2013-09-20,20694.04
SW90,2013-09-21,20083.7
SW90,2013-09-22,19122.64
SW90,2013-09-23,18198.7
SW90,2013-09-24,16012.73
SW90,2013-09-25,14793.66
SW90,2013-09-26,13929.0
SW90,2013-09-27,13705.39
SW90,2013-09-28,13429.93
SW90,2013-09-29,13212.76
SW90,2013-09-30,13212.76
SW90,2013-10-01,13594.67
SW90,2013-10-02,13649.94
SW90,2013-10-03,13429.93
SW90,2013-10-04,13320.99
SW90,2013-10-05,13212.76
SW90,2013-10-06,12892.27
SW90,2013-10-07,12526.26
SW90,2013-10-08,12526.26
SW90,2013-10-09,13158.9
SW90,2013-10-10,13594.67
SW90,2013-10-11,14269.88
SW90,2013-10-12,16202.31
SW90,2013-10-13,17580.23
SW90,2013-10-14,19195.23
SW90,2013-10-15,20463.45
SW90,2013-10-16,21240.18
SW90,2013-10-17,21797.78
SW90,2013-10-18,22614.58
SW90,2013-10-19,23116.29
SW90,2013-10-20,22614.58
SW90,2013-10-21,22121.62
SW90,2013-10-22,21082.98
SW90,2013-10-23,18906.17
SW90,2013-10-24,17853.0
SW90,2013-10-25,17044.69
SW90,2013-10-26,16847.26
SW90,2013-10-27,16586.86
SW90,2013-10-28,15887.33
SW90,2013-10-29,14734.71
SW90,2013-10-30,14155.52
SW90,2013-10-31,13705.39
SW90,2013-11-01,13158.9
SW90,2013-11-02,12945.25
SW90,2013-11-03,12118.18
SW90,2013-11-04,11769.89
SW90,2013-11-05,11429.65
SW90,2013-11-06,10864.71
SW90,2013-11-07,10102.81
SW90,2013-11-08,9759.37
SW90,2013-11-09,9425.33
SW90,2013-11-10,9180.85
SW90,2013-11-11,9180.85
SW90,2013-11-12,8784.67
SW90,2013-11-13,8553.6
SW90,2013-11-14,8364.78
SW90,2013-11-15,8106.04
SW90,2013-11-16,7782.82
SW90,2013-11-17,7607.76
SW90,2013-11-18,7712.41
SW90,2013-11-19,7469.98
SW90,2013-11-20,7300.58
SW90,2013-11-21,7134.26
SW90,2013-11-22,6938.7
SW90,2013-11-23,6779.02
SW90,2013-11-24,6529.65
SW90,2013-11-25,6377.56
SW90,2013-11-26,6228.32
SW90,2013-11-27,6081.88
SW90,2013-11-28,5995.34
SW90,2013-11-29,5769.39
SW90,2013-11-30,5686.43
SW90,2013-12-01,5658.99
SW90,2013-12-02,5496.57
SW90,2013-12-03,5259.94
SW90,2013-12-04,5132.05
SW90,2013-12-05,5056.51
SW90,2013-12-06,4883.72
SW90,2013-12-07,4763.21
SW90,2013-12-08,4763.21
SW90,2013-12-09,4763.21
SW90,2013-12-10,4763.21
SW90,2013-12-11,4326.75
SW90,2013-12-12,4260.87
SW90,2013-12-13,4371.13
SW90,2013-12-14,4371.13
SW90,2013-12-15,3841.82
SW90,2013-12-16,3821.77
SW90,2013-12-17,3801.8
SW90,2013-12-18,3722.76
SW90,2013-12-19,3703.2
SW90,2013-12-20,3683.73
SW90,2013-12-21,3587.6
SW90,2013-12-22,3456.39
SW90,2013-12-23,3293.36
SW90,2013-12-24,3205.48
SW90,2013-12-25,3153.66
SW90,2013-12-26,3119.49
SW90,2013-12-27,2920.61
SW90,2013-12-28,2701.53
SW90,2013-12-29,2626.55
SW90,2013-12-30,2611.76
SW90,2013-12-31,2553.25
SW90,2014-01-01,3124.33
SW90,2014-01-02,3033.93
SW90,2014-01-03,3004.28
SW90,2014-01-04,2989.55
SW90,2014-01-05,2989.55
SW90,2014-01-06,3033.93
SW90,2014-01-07,2945.69
SW90,2014-01-08,2831.34
SW90,2014-01-09,2720.65
SW90,2014-01-10,2680.08
SW90,2014-01-11,2626.75
SW90,2014-01-12,2561.32
SW90,2014-01-13,2497.24
SW90,2014-01-14,2459.43
SW90,2014-01-15,2446.93
SW90,2014-01-16,2459.43
SW90,2014-01-17,2471.98
SW90,2014-01-18,2497.24
SW90,2014-01-19,2497.24
SW90,2014-01-20,2497.24
SW90,2014-01-21,2600.42
SW90,2014-01-22,2707.07
SW90,2014-01-23,2720.65
SW90,2014-01-24,2734.29
SW90,2014-01-25,2747.99
SW90,2014-01-26,2831.34
SW90,2014-01-27,2873.78
SW90,2014-01-28,2873.78
SW90,2014-01-29,2873.78
SW90,2014-01-30,2873.78
SW90,2014-01-31,2931.2
SW90,2014-02-01,3033.93
SW90,2014-02-02,3124.33
SW90,2014-02-03,3078.86
SW90,2014-02-04,2989.55
SW90,2014-02-05,2916.75
SW90,2014-02-06,2859.58
SW90,2014-02-07,2831.34
SW90,2014-02-08,2775.54
SW90,2014-02-09,2761.73
SW90,2014-02-10,2761.73
SW90,2014-02-11,2761.73
SW90,2014-02-12,2761.73
SW90,2014-02-13,2707.07
SW90,2014-02-14,2666.66
SW90,2014-02-15,2653.3
SW90,2014-02-16,2640.0
SW90,2014-02-17,2626.75
SW90,2014-02-18,2600.42
SW90,2014-02-19,2574.3
SW90,2014-02-20,2561.32
SW90,2014-02-21,2600.42
SW90,2014-02-22,2613.56
SW90,2014-02-23,2434.48
SW90,2014-02-24,2312.86
SW90,2014-02-25,2312.86
SW90,2014-02-26,2312.86
SW90,2014-02-27,2300.97
SW90,2014-02-28,2289.14
SW90,2014-03-01,2277.36
SW90,2014-03-02,2277.36
SW90,2014-03-03,2253.94
SW90,2014-03-04,2230.73
SW90,2014-03-05,2253.94
SW90,2014-03-06,2289.14
SW90,2014-03-07,2312.86
SW90,2014-03-08,2336.77
SW90,2014-03-09,2348.81
SW90,2014-03-10,2348.81
SW90,2014-03-11,2348.81
SW90,2014-03-12,2373.03
SW90,2014-03-13,2373.03
SW90,2014-03-14,2397.45
SW90,2014-03-15,2434.48
SW90,2014-03-16,2497.24
SW90,2014-03-17,2535.53
SW90,2014-03-18,2548.4
SW90,2014-03-19,2446.93
SW90,2014-03-20,2373.03
SW90,2014-03-21,2336.77
SW90,2014-03-22,2265.63
SW90,2014-03-23,2196.27
SW90,2014-03-24,2106.52
SW90,2014-03-25,2041.21
SW90,2014-03-26,2009.18
SW90,2014-03-27,1977.57
SW90,2014-03-28,1967.13
SW90,2014-03-29,1925.79
SW90,2014-03-30,1875.14
SW90,2014-03-31,1855.18
SW90,2014-04-01,1835.41
SW90,2014-04-02,1835.41
SW90,2014-04-03,1835.41
SW90,2014-04-04,1835.41
SW90,2014-04-05,1835.41
SW90,2014-04-06,1835.41
SW90,2014-04-07,1806.06
SW90,2014-04-08,1767.54
SW90,2014-04-09,1729.7
SW90,2014-04-10,1701.76
SW90,2014-04-11,1683.33
SW90,2014-04-12,1656.01
SW90,2014-04-13,1602.45
SW90,2014-04-14,1584.92
SW90,2014-04-15,1567.55
SW90,2014-04-16,1550.33
SW90,2014-04-17,1541.78
SW90,2014-04-18,1533.27
SW90,2014-04-19,1524.8
SW90,2014-04-20,1516.36
SW90,2014-04-21,1499.61
SW90,2014-04-22,1491.29
SW90,2014-04-23,1483.01
SW90,2014-04-24,1466.56
SW90,2014-04-25,1458.39
SW90,2014-04-26,1450.26
SW90,2014-04-27,1450.26
SW90,2014-04-28,1434.11
SW90,2014-04-29,1418.11
SW90,2014-04-30,1418.11
SW90,2014-05-01,1426.1
SW90,2014-05-02,1450.26
SW90,2014-05-03,1458.39
SW90,2014-05-04,1442.17
SW90,2014-05-05,1418.11
SW90,2014-05-06,1402.26
SW90,2014-05-07,1402.26
SW90,2014-05-08,1402.26
SW90,2014-05-09,1394.39
SW90,2014-05-10,1386.55
SW90,2014-05-11,1370.99
SW90,2014-05-12,1370.99
SW90,2014-05-13,1363.26
SW90,2014-05-14,1355.57
SW90,2014-05-15,1370.99
SW90,2014-05-16,1386.55
SW90,2014-05-17,1458.39
SW90,2014-05-18,1602.45
SW90,2014-05-19,1748.54
SW90,2014-05-20,1875.14
SW90,2014-05-21,1988.06
SW90,2014-05-22,2073.65
SW90,2014-05-23,2095.52
SW90,2014-05-24,2051.98
SW90,2014-05-25,2030.49
SW90,2014-05-26,2030.49
SW90,2014-05-27,1956.72
SW90,2014-05-28,1895.27
SW90,2014-05-29,1806.06
SW90,2014-05-30,1786.72
SW90,2014-05-31,1855.18
SW90,2014-06-01,2253.94
SW90,2014-06-02,3048.85
SW90,2014-06-03,3139.61
SW90,2014-06-04,3109.12
SW90,2014-06-05,3048.85
SW90,2014-06-06,2845.43
SW90,2014-06-07,2775.54
SW90,2014-06-08,2707.07
SW90,2014-06-09,2720.65
SW90,2014-06-10,2761.73
SW90,2014-06-11,3033.93
SW90,2014-06-12,3679.48
SW90,2014-06-13,3803.28
SW90,2014-06-14,3732.13
SW90,2014-06-15,3679.48
SW90,2014-06-16,3610.25
SW90,2014-06-17,3610.25
SW90,2014-06-18,3679.48
SW90,2014-06-19,3732.13
SW90,2014-06-20,3857.37
SW90,2014-06-21,3948.93
SW90,2014-06-22,4023.46
SW90,2014-06-23,4023.46
SW90,2014-06-24,4080.11
SW90,2014-06-25,4393.45
SW90,2014-06-26,4989.35
SW90,2014-06-27,6604.0
SW90,2014-06-28,6949.89
SW90,2014-06-29,7128.34
SW90,2014-06-30,6949.89
SW90,2014-07-01,6862.05
SW90,2014-07-02,7341.28
SW90,2014-07-03,8314.05
SW90,2014-07-04,8802.97
SW90,2014-07-05,9129.57
SW90,2014-07-06,9970.1
SW90,2014-07-07,10830.81
SW90,2014-07-08,10958.6
SW90,2014-07-09,10958.6
SW90,2014-07-10,10788.48
SW90,2014-07-11,10578.89
SW90,2014-07-12,10454.75
SW90,2014-07-13,10620.54
SW90,2014-07-14,10746.29
SW90,2014-07-15,10830.81
SW90,2014-07-16,11305.47
SW90,2014-07-17,13128.43
SW90,2014-07-18,13787.22
SW90,2014-07-19,13839.0
SW90,2014-07-20,13787.22
SW90,2014-07-21,13228.06
SW90,2014-07-22,13530.7
SW90,2014-07-23,14259.05
SW90,2014-07-24,15582.56
SW90,2014-07-25,17314.97
SW90,2014-07-26,18665.87
SW90,2014-07-27,20031.87
SW90,2014-07-28,20817.53
SW90,2014-07-29,21553.6
SW90,2014-07-30,22310.94
SW90,2014-07-31,22157.74
SW90,2014-08-01,20172.87
SW90,2014-08-02,19682.9
SW90,2014-08-03,19407.34
SW90,2014-08-04,19891.68
SW90,2014-08-05,20031.87
SW90,2014-08-06,20243.68
SW90,2014-08-07,20600.79
SW90,2014-08-08,20817.53
SW90,2014-08-09,21182.94
SW90,2014-08-10,22542.36
SW90,2014-08-11,23729.28
SW90,2014-08-12,24300.51
SW90,2014-08-13,25136.12
SW90,2014-08-14,25821.5
SW90,2014-08-15,26878.33
SW90,2014-08-16,28436.18
SW90,2014-08-17,29579.94
SW90,2014-08-18,32084.56
SW90,2014-08-19,33454.32
SW90,2014-08-20,34102.53
SW90,2014-08-21,35317.76
SW90,2014-08-22,36799.62
SW90,2014-08-23,37032.08
SW90,2014-08-24,36915.7
SW90,2014-08-25,36453.2
SW90,2014-08-26,36109.46
SW90,2014-08-27,34761.04
SW90,2014-08-28,33027.83
SW90,2014-08-29,31366.33
SW90,2014-08-30,30561.74
SW90,2014-08-31,30264.43
SW90,2014-09-01,29871.72
SW90,2014-09-02,27970.48
SW90,2014-09-03,26522.17
SW90,2014-09-04,25908.24
SW90,2014-09-05,24799.08
SW90,2014-09-06,22619.93
SW90,2014-09-07,21628.37
SW90,2014-09-08,20172.87
SW90,2014-09-09,19544.72
SW90,2014-09-10,18999.96
SW90,2014-09-11,18665.87
SW90,2014-09-12,18271.35
SW90,2014-09-13,18141.38
SW90,2014-09-14,18732.3
SW90,2014-09-15,18865.74
SW90,2014-09-16,18732.3
SW90,2014-09-17,19134.96
SW90,2014-09-18,20102.27
SW90,2014-09-19,20314.69
SW90,2014-09-20,20745.08
SW90,2014-09-21,22542.36
SW90,2014-09-22,22932.44
SW90,2014-09-23,23169.15
SW90,2014-09-24,23810.2
SW90,2014-09-25,24136.16
SW90,2014-09-26,23972.72
SW90,2014-09-27,23487.88
SW90,2014-09-28,22697.73
SW90,2014-09-29,22310.94
SW90,2014-09-30,22081.47
SW90,2014-10-01,21929.58
SW90,2014-10-02,21479.04
SW90,2014-10-03,19821.89
SW90,2014-10-04,18206.27
SW90,2014-10-05,17190.63
SW90,2014-10-06,16045.54
SW90,2014-10-07,15355.22
SW90,2014-10-08,14526.86
SW90,2014-10-09,13684.14
SW90,2014-10-10,12591.42
SW90,2014-10-11,12072.6
SW90,2014-10-12,11437.85
SW90,2014-10-13,10873.27
SW90,2014-10-14,10495.99
SW90,2014-10-15,9352.8
SW90,2014-10-16,8983.21
SW90,2014-10-17,8731.71
SW90,2014-10-18,8625.71
SW90,2014-10-19,8946.92
SW90,2014-10-20,10704.24
SW90,2014-10-21,11526.81
SW90,2014-10-22,12072.6
SW90,2014-10-23,12353.37
SW90,2014-10-24,12353.37
SW90,2014-10-25,11842.66
SW90,2014-10-26,11437.85
SW90,2014-10-27,10915.87
SW90,2014-10-28,10454.75
SW90,2014-10-29,9851.88
SW90,2014-10-30,9390.43
SW90,2014-10-31,8874.7
SW90,2014-11-01,8451.4
SW90,2014-11-02,8111.47
SW90,2014-11-03,7945.77
SW90,2014-11-04,7559.42
SW90,2014-11-05,7341.28
SW90,2014-11-06,7038.65
SW90,2014-11-07,6804.0
SW90,2014-11-08,6604.0
SW90,2014-11-09,6436.44
SW90,2014-11-10,6299.49
SW90,2014-11-11,6032.78
SW90,2014-11-12,5954.61
SW90,2014-11-13,5954.61
SW90,2014-11-14,5800.75
SW90,2014-11-15,5454.44
SW90,2014-11-16,5311.32
SW90,2014-11-17,5171.31
SW90,2014-11-18,5034.34
SW90,2014-11-19,4834.5
SW90,2014-11-20,4683.61
SW90,2014-11-21,4599.15
SW90,2014-11-22,4557.39
SW90,2014-11-23,4433.97
SW90,2014-11-24,4293.48
SW90,2014-11-25,4214.85
SW90,2014-11-26,4156.67
SW90,2014-11-27,4023.46
SW90,2014-11-28,3893.78
SW90,2014-11-29,3821.24
SW90,2014-11-30,3785.39
SW90,2014-12-01,3714.51
SW90,2014-12-02,3696.96
SW90,2014-12-03,3559.02
SW90,2014-12-04,3474.98
SW90,2014-12-05,3425.35
SW90,2014-12-06,3376.29
SW90,2014-12-07,3232.59
SW90,2014-12-08,3124.33
SW90,2014-12-09,3154.96
SW90,2014-12-10,3124.33
SW90,2014-12-11,3063.82
SW90,2014-12-12,3033.93
SW90,2014-12-13,2945.69
SW90,2014-12-14,2931.2
SW90,2014-12-15,2859.58
SW90,2014-12-16,2817.3
SW90,2014-12-17,2720.65
SW90,2014-12-18,2693.55
SW90,2014-12-19,2680.08
SW90,2014-12-20,2600.42
SW90,2014-12-21,2548.4
SW90,2014-12-22,2497.24
SW90,2014-12-23,2471.98
SW90,2014-12-24,2459.43
SW90,2014-12-25,2397.45
SW90,2014-12-26,2324.79
SW90,2014-12-27,2196.27
SW90,2014-12-28,2242.31
SW90,2014-12-29,2242.31
SW90,2014-12-30,2151.01
SW90,2014-12-31,2151.01
SW90,2015-01-01,2485.45
SW90,2015-01-02,2494.99
SW90,2015-01-03,2504.55
SW90,2015-01-04,2456.99
SW90,2015-01-05,2400.74
SW90,2015-01-06,2400.74
SW90,2015-01-07,2419.39
SW90,2015-01-08,2382.19
SW90,2015-01-09,2318.02
SW90,2015-01-10,2272.92
SW90,2015-01-11,2263.97
SW90,2015-01-12,2308.95
SW90,2015-01-13,2327.11
SW90,2015-01-14,2318.02
SW90,2015-01-15,2308.95
SW90,2015-01-16,2327.11
SW90,2015-01-17,2345.38
SW90,2015-01-18,2382.19
SW90,2015-01-19,2400.74
SW90,2015-01-20,2419.39
SW90,2015-01-21,2428.76
SW90,2015-01-22,2345.38
SW90,2015-01-23,2290.89
SW90,2015-01-24,2228.41
SW90,2015-01-25,2210.78
SW90,2015-01-26,2184.51
SW90,2015-01-27,2132.61
SW90,2015-01-28,2090.0
SW90,2015-01-29,2047.98
SW90,2015-01-30,2006.54
SW90,2015-01-31,1965.68
SW90,2015-02-01,1957.57
SW90,2015-02-02,1965.68
SW90,2015-02-03,1949.49
SW90,2015-02-04,1885.66
SW90,2015-02-05,1769.84
SW90,2015-02-06,1785.0
SW90,2015-02-07,1807.89
SW90,2015-02-08,1877.78
SW90,2015-02-09,1854.29
SW90,2015-02-10,1800.24
SW90,2015-02-11,1754.78
SW90,2015-02-12,1739.8
SW90,2015-02-13,1724.91
SW90,2015-02-14,1724.91
SW90,2015-02-15,1762.3
SW90,2015-02-16,1769.84
SW90,2015-02-17,1769.84
SW90,2015-02-18,1762.3
SW90,2015-02-19,1747.28
SW90,2015-02-20,1739.8
SW90,2015-02-21,1702.74
SW90,2015-02-22,1658.98
SW90,2015-02-23,1651.76
SW90,2015-02-24,1608.9
SW90,2015-02-25,1573.77
SW90,2015-02-26,1511.86
SW90,2015-02-27,1498.33
SW90,2015-02-28,1471.52
SW90,2015-03-01,1498.33
SW90,2015-03-02,1505.08
SW90,2015-03-03,1484.88
SW90,2015-03-04,1484.88
SW90,2015-03-05,1478.19
SW90,2015-03-06,1471.52
SW90,2015-03-07,1458.24
SW90,2015-03-08,1458.24
SW90,2015-03-09,1451.63
SW90,2015-03-10,1438.47
SW90,2015-03-11,1425.4
SW90,2015-03-12,1418.89
SW90,2015-03-13,1425.4
SW90,2015-03-14,1451.63
SW90,2015-03-15,1478.19
SW90,2015-03-16,1518.65
SW90,2015-03-17,1651.76
SW90,2015-03-18,1807.89
SW90,2015-03-19,1823.27
SW90,2015-03-20,1769.84
SW90,2015-03-21,1710.11
SW90,2015-03-22,1695.39
SW90,2015-03-23,1680.76
SW90,2015-03-24,1666.22
SW90,2015-03-25,1658.98
SW90,2015-03-26,1651.76
SW90,2015-03-27,1644.56
SW90,2015-03-28,1637.39
SW90,2015-03-29,1651.76
SW90,2015-03-30,1680.76
SW90,2015-03-31,1762.3
SW90,2015-04-01,1777.41
SW90,2015-04-02,1830.99
SW90,2015-04-03,1933.4
SW90,2015-04-04,1973.81
SW90,2015-04-05,2039.65
SW90,2015-04-06,2081.55
SW90,2015-04-07,2090.0
SW90,2015-04-08,2149.81
SW90,2015-04-09,2167.11
SW90,2015-04-10,2167.11
SW90,2015-04-11,2167.11
SW90,2015-04-12,2167.11
SW90,2015-04-13,2167.11
SW90,2015-04-14,2149.81
SW90,2015-04-15,2115.49
SW90,2015-04-16,2090.0
SW90,2015-04-17,2081.55
SW90,2015-04-18,2073.12
SW90,2015-04-19,2081.55
SW90,2015-04-20,2014.78
SW90,2015-04-21,1973.81
SW90,2015-04-22,1965.68
SW90,2015-04-23,1965.68
SW90,2015-04-24,1973.81
SW90,2015-04-25,2047.98
SW90,2015-04-26,2031.34
SW90,2015-04-27,1965.68
SW90,2015-04-28,1990.13
SW90,2015-04-29,2073.12
SW90,2015-04-30,2167.11
SW90,2015-05-01,2263.97
SW90,2015-05-02,2336.23
SW90,2015-05-03,2363.73
SW90,2015-05-04,2354.54
SW90,2015-05-05,2354.54
SW90,2015-05-06,2363.73
SW90,2015-05-07,2372.95
SW90,2015-05-08,2382.19
SW90,2015-05-09,2419.39
SW90,2015-05-10,2447.56
SW90,2015-05-11,2504.55
SW90,2015-05-12,2552.73
SW90,2015-05-13,2514.14
SW90,2015-05-14,2466.46
SW90,2015-05-15,2466.46
SW90,2015-05-16,2494.99
SW90,2015-05-17,2475.94
SW90,2015-05-18,2475.94
SW90,2015-05-19,2523.75
SW90,2015-05-20,2533.39
SW90,2015-05-21,2504.55
SW90,2015-05-22,2514.14
SW90,2015-05-23,2591.73
SW90,2015-05-24,2641.05
SW90,2015-05-25,2701.07
SW90,2015-05-26,2897.26
SW90,2015-05-27,3058.86
SW90,2015-05-28,3080.86
SW90,2015-05-29,3114.06
SW90,2015-05-30,3192.47
SW90,2015-05-31,3203.78
SW90,2015-06-01,3226.49
SW90,2015-06-02,3341.66
SW90,2015-06-03,3412.09
SW90,2015-06-04,3447.68
SW90,2015-06-05,3459.6
SW90,2015-06-06,3471.55
SW90,2015-06-07,3531.71
SW90,2015-06-08,3592.58
SW90,2015-06-09,3629.45
SW90,2015-06-10,3741.58
SW90,2015-06-11,4025.61
SW90,2015-06-12,4172.98
SW90,2015-06-13,4296.26
SW90,2015-06-14,4564.64
SW90,2015-06-15,4829.23
SW90,2015-06-16,5119.67
SW90,2015-06-17,5405.61
SW90,2015-06-18,5293.15
SW90,2015-06-19,4950.11
SW90,2015-06-20,4844.23
SW90,2015-06-21,4889.41
SW90,2015-06-22,4965.36
SW90,2015-06-23,4844.23
SW90,2015-06-24,4950.11
SW90,2015-06-25,4980.65
SW90,2015-06-26,4965.36
SW90,2015-06-27,5088.55
SW90,2015-06-28,5309.11
SW90,2015-06-29,5341.15
SW90,2015-06-30,5854.65
SW90,2015-07-01,5854.65
SW90,2015-07-02,5854.65
SW90,2015-07-03,5975.09
SW90,2015-07-04,6455.47
SW90,2015-07-05,7595.6
SW90,2015-07-06,8096.21
SW90,2015-07-07,8420.25
SW90,2015-07-08,8888.62
SW90,2015-07-09,8934.13
SW90,2015-07-10,9025.63
SW90,2015-07-11,8775.53
SW90,2015-07-12,8508.13
SW90,2015-07-13,8530.2
SW90,2015-07-14,8798.07
SW90,2015-07-15,9187.29
SW90,2015-07-16,9280.54
SW90,2015-07-17,9636.01
SW90,2015-07-18,10374.6
SW90,2015-07-19,10887.87
SW90,2015-07-20,11045.17
SW90,2015-07-21,11177.43
SW90,2015-07-22,11662.5
SW90,2015-07-23,12274.63
SW90,2015-07-24,12502.54
SW90,2015-07-25,12559.97
SW90,2015-07-26,12218.09
SW90,2015-07-27,11744.72
SW90,2015-07-28,11445.18
SW90,2015-07-29,11177.43
SW90,2015-07-30,11150.89
SW90,2015-07-31,11445.18
SW90,2015-08-01,11689.86
SW90,2015-08-02,12218.09
SW90,2015-08-03,13084.93
SW90,2015-08-04,13900.13
SW90,2015-08-05,14367.66
SW90,2015-08-06,14430.79
SW90,2015-08-07,14273.31
SW90,2015-08-08,13685.55
SW90,2015-08-09,13293.06
SW90,2015-08-10,13025.87
SW90,2015-08-11,12733.33
SW90,2015-08-12,12359.76
SW90,2015-08-13,12077.54
SW90,2015-08-14,12161.74
SW90,2015-08-15,12388.23
SW90,2015-08-16,13025.87
SW90,2015-08-17,13807.89
SW90,2015-08-18,14367.66
SW90,2015-08-19,15105.18
SW90,2015-08-20,15367.65
SW90,2015-08-21,16003.44
SW90,2015-08-22,16831.89
SW90,2015-08-23,17580.38
SW90,2015-08-24,18314.03
SW90,2015-08-25,18650.89
SW90,2015-08-26,18991.94
SW90,2015-08-27,19106.56
SW90,2015-08-28,19221.66
SW90,2015-08-29,19030.1
SW90,2015-08-30,18500.66
SW90,2015-08-31,18239.75
SW90,2015-09-01,17689.13
SW90,2015-09-02,17328.41
SW90,2015-09-03,17078.92
SW90,2015-09-04,17185.54
SW90,2015-09-05,16972.75
SW90,2015-09-06,16937.46
SW90,2015-09-07,16937.46
SW90,2015-09-08,16691.83
SW90,2015-09-09,16276.42
SW90,2015-09-10,15633.21
SW90,2015-09-11,14878.05
SW90,2015-09-12,13930.97
SW90,2015-09-13,13173.85
SW90,2015-09-14,12473.9
SW90,2015-09-15,11910.34
SW90,2015-09-16,11499.25
SW90,2015-09-17,11124.4
SW90,2015-09-18,10835.78
SW90,2015-09-19,10552.32
SW90,2015-09-20,10248.91
SW90,2015-09-21,10198.92
SW90,2015-09-22,9829.34
SW90,2015-09-23,9976.06
SW90,2015-09-24,10149.11
SW90,2015-09-25,10074.69
SW90,2015-09-26,10124.26
SW90,2015-09-27,10099.46
SW90,2015-09-28,9902.51
SW90,2015-09-29,9829.34
SW90,2015-09-30,9516.51
SW90,2015-10-01,9187.29
SW90,2015-10-02,8911.35
SW90,2015-10-03,8420.25
SW90,2015-10-04,8032.44
SW90,2015-10-05,7801.54
SW90,2015-10-06,7453.67
SW90,2015-10-07,7097.04
SW90,2015-10-08,6865.86
SW90,2015-10-09,6714.63
SW90,2015-10-10,6419.01
SW90,2015-10-11,6150.06
SW90,2015-10-12,5906.06
SW90,2015-10-13,5702.25
SW90,2015-10-14,5470.59
SW90,2015-10-15,5438.03
SW90,2015-10-16,5341.15
SW90,2015-10-17,5229.61
SW90,2015-10-18,5104.09
SW90,2015-10-19,4950.11
SW90,2015-10-20,4829.23
SW90,2015-10-21,4739.9
SW90,2015-10-22,4680.98
SW90,2015-10-23,4521.52
SW90,2015-10-24,4436.13
SW90,2015-10-25,4379.81
SW90,2015-10-26,4268.65
SW90,2015-10-27,4078.78
SW90,2015-10-28,4038.85
SW90,2015-10-29,3946.74
SW90,2015-10-30,3881.82
SW90,2015-10-31,3946.74
SW90,2015-11-01,3959.81
SW90,2015-11-02,3933.7
SW90,2015-11-03,3920.68
SW90,2015-11-04,3894.75
SW90,2015-11-05,3868.93
SW90,2015-11-06,3779.48
SW90,2015-11-07,3703.95
SW90,2015-11-08,3666.57
SW90,2015-11-09,3691.46
SW90,2015-11-10,3716.46
SW90,2015-11-11,3666.57
SW90,2015-11-12,3604.84
SW90,2015-11-13,3580.35
SW90,2015-11-14,3555.98
SW90,2015-11-15,3568.15
SW90,2015-11-16,3666.57
SW90,2015-11-17,3679.0
SW90,2015-11-18,3654.17
SW90,2015-11-19,3592.58
SW90,2015-11-20,3568.15
SW90,2015-11-21,3519.62
SW90,2015-11-22,3412.09
SW90,2015-11-23,3330.02
SW90,2015-11-24,3365.02
SW90,2015-11-25,3318.4
SW90,2015-11-26,3295.26
SW90,2015-11-27,3249.3
SW90,2015-11-28,3192.47
SW90,2015-11-29,3181.19
SW90,2015-11-30,3181.19
SW90,2015-12-01,3125.18
SW90,2015-12-02,3158.7
SW90,2015-12-03,3215.12
SW90,2015-12-04,3215.12
SW90,2015-12-05,3114.06
SW90,2015-12-06,3058.86
SW90,2015-12-07,3036.96
SW90,2015-12-08,3026.06
SW90,2015-12-09,3004.33
SW90,2015-12-10,2961.18
SW90,2015-12-11,2939.77
SW90,2015-12-12,2803.16
SW90,2015-12-13,2772.26
SW90,2015-12-14,2741.6
SW90,2015-12-15,2701.07
SW90,2015-12-16,2680.96
SW90,2015-12-17,2660.95
SW90,2015-12-18,2650.99
SW90,2015-12-19,2581.95
SW90,2015-12-20,2523.75
SW90,2015-12-21,2494.99
SW90,2015-12-22,2400.74
SW90,2015-12-23,2345.38
SW90,2015-12-24,2327.11
SW90,2015-12-25,2290.89
SW90,2015-12-26,2255.04
SW90,2015-12-27,2193.24
SW90,2015-12-28,2184.51
SW90,2015-12-29,2124.04
SW90,2015-12-30,2073.12
SW90,2015-12-31,2031.34
SW90,2016-01-01,1195.15
SW90,2016-01-02,1175.79
SW90,2016-01-03,1169.38
SW90,2016-01-04,1163.01
SW90,2016-01-05,1119.05
SW90,2016-01-06,1070.28
SW90,2016-01-07,1058.33
SW90,2016-01-08,1058.33
SW90,2016-01-09,1058.33
SW90,2016-01-10,1046.48
SW90,2016-01-11,1034.72
SW90,2016-01-12,1034.72
SW90,2016-01-13,1034.72
SW90,2016-01-14,1023.06
SW90,2016-01-15,1011.48
SW90,2016-01-16,988.63
SW90,2016-01-17,960.57
SW90,2016-01-18,922.26
SW90,2016-01-19,885.05
SW90,2016-01-20,879.83
SW90,2016-01-21,890.3
SW90,2016-01-22,895.57
SW90,2016-01-23,906.18
SW90,2016-01-24,933.09
SW90,2016-01-25,938.54
SW90,2016-01-26,922.26
SW90,2016-01-27,890.3
SW90,2016-01-28,854.03
SW90,2016-01-29,854.03
SW90,2016-01-30,854.03
SW90,2016-01-31,885.05
SW90,2016-02-01,890.3
SW90,2016-02-02,885.05
SW90,2016-02-03,874.62
SW90,2016-02-04,864.28
SW90,2016-02-05,859.14
SW90,2016-02-06,854.03
SW90,2016-02-07,838.81
SW90,2016-02-08,833.78
SW90,2016-02-09,823.78
SW90,2016-02-10,828.77
SW90,2016-02-11,823.78
SW90,2016-02-12,823.78
SW90,2016-02-13,823.78
SW90,2016-02-14,818.82
SW90,2016-02-15,804.05
SW90,2016-02-16,804.05
SW90,2016-02-17,799.17
SW90,2016-02-18,789.48
SW90,2016-02-19,789.48
SW90,2016-02-20,789.48
SW90,2016-02-21,784.66
SW90,2016-02-22,775.09
SW90,2016-02-23,770.34
SW90,2016-02-24,751.53
SW90,2016-02-25,737.65
SW90,2016-02-26,723.94
SW90,2016-02-27,710.42
SW90,2016-02-28,705.96
SW90,2016-02-29,701.51
SW90,2016-03-01,701.51
SW90,2016-03-02,701.51
SW90,2016-03-03,692.68
SW90,2016-03-04,679.58
SW90,2016-03-05,666.66
SW90,2016-03-06,662.39
SW90,2016-03-07,653.92
SW90,2016-03-08,637.2
SW90,2016-03-09,628.95
SW90,2016-03-10,633.07
SW90,2016-03-11,637.2
SW90,2016-03-12,641.35
SW90,2016-03-13,641.35
SW90,2016-03-14,679.58
SW90,2016-03-15,751.53
SW90,2016-03-16,799.17
SW90,2016-03-17,799.17
SW90,2016-03-18,804.05
SW90,2016-03-19,808.95
SW90,2016-03-20,775.09
SW90,2016-03-21,760.89
SW90,2016-03-22,770.34
SW90,2016-03-23,751.53
SW90,2016-03-24,641.35
SW90,2016-03-25,546.92
SW90,2016-03-26,503.65
SW90,2016-03-27,482.95
SW90,2016-03-28,482.95
SW90,2016-03-29,482.95
SW90,2016-03-30,482.95
SW90,2016-03-31,493.22
SW90,2016-04-01,493.22
SW90,2016-04-02,482.95
SW90,2016-04-03,486.36
SW90,2016-04-04,577.21
SW90,2016-04-05,670.95
SW90,2016-04-06,728.49
SW90,2016-04-07,770.34
SW90,2016-04-08,808.95
SW90,2016-04-09,828.77
SW90,2016-04-10,833.78
SW90,2016-04-11,804.05
SW90,2016-04-12,808.95
SW90,2016-04-13,794.31
SW90,2016-04-14,728.49
SW90,2016-04-15,641.35
SW90,2016-04-16,600.7
SW90,2016-04-17,633.07
SW90,2016-04-18,679.58
SW90,2016-04-19,683.93
SW90,2016-04-20,692.68
SW90,2016-04-21,710.42
SW90,2016-04-22,746.88
SW90,2016-04-23,779.87
SW90,2016-04-24,864.28
SW90,2016-04-25,949.51
SW90,2016-04-26,994.31
SW90,2016-04-27,1040.59
SW90,2016-04-28,1082.33
SW90,2016-04-29,1125.26
SW90,2016-04-30,1188.67
SW90,2016-05-01,1302.27
SW90,2016-05-02,1372.61
SW90,2016-05-03,1330.09
SW90,2016-05-04,1227.92
SW90,2016-05-05,1131.49
SW90,2016-05-06,1100.58
SW90,2016-05-07,1137.74
SW90,2016-05-08,1188.67
SW90,2016-05-09,1125.26
SW90,2016-05-10,1058.33
SW90,2016-05-11,966.14
SW90,2016-05-12,900.87
SW90,2016-05-13,885.05
SW90,2016-05-14,864.28
SW90,2016-05-15,864.28
SW90,2016-05-16,890.3
SW90,2016-05-17,859.14
SW90,2016-05-18,848.93
SW90,2016-05-19,885.05
SW90,2016-05-20,960.57
SW90,2016-05-21,1119.05
SW90,2016-05-22,1227.92
SW90,2016-05-23,1423.43
SW90,2016-05-24,1689.58
SW90,2016-05-25,1888.64
SW90,2016-05-26,1888.64
SW90,2016-05-27,1808.86
SW90,2016-05-28,1706.27
SW90,2016-05-29,1656.57
SW90,2016-05-30,1607.9
SW90,2016-05-31,1583.96
SW90,2016-06-01,1591.91
SW90,2016-06-02,1599.9
SW90,2016-06-03,1615.94
SW90,2016-06-04,1640.23
SW90,2016-06-05,1615.94
SW90,2016-06-06,1544.62
SW90,2016-06-07,1453.07
SW90,2016-06-08,1430.8
SW90,2016-06-09,1379.79
SW90,2016-06-10,1344.16
SW90,2016-06-11,1288.52
SW90,2016-06-12,1241.21
SW90,2016-06-13,1386.99
SW90,2016-06-14,1560.27
SW90,2016-06-15,1656.57
SW90,2016-06-16,1723.07
SW90,2016-06-17,1835.18
SW90,2016-06-18,2123.43
SW90,2016-06-19,2508.19
SW90,2016-06-20,2879.07
SW90,2016-06-21,2915.74
SW90,2016-06-22,2842.74
SW90,2016-06-23,2928.03
SW90,2016-06-24,3548.82
SW90,2016-06-25,4306.87
SW90,2016-06-26,5192.63
SW90,2016-06-27,5437.71
SW90,2016-06-28,6096.85
SW90,2016-06-29,6222.55
SW90,2016-06-30,5972.98
SW90,2016-07-01,5690.95
SW90,2016-07-02,5534.14
SW90,2016-07-03,5612.15
SW90,2016-07-04,5932.09
SW90,2016-07-05,6180.45
SW90,2016-07-06,6856.33
SW90,2016-07-07,7131.59
SW90,2016-07-08,7366.93
SW90,2016-07-09,7705.67
SW90,2016-07-10,8157.35
SW90,2016-07-11,8681.07
SW90,2016-07-12,9089.32
SW90,2016-07-13,9454.07
SW90,2016-07-14,9712.63
SW90,2016-07-15,11865.85
SW90,2016-07-16,13115.08
SW90,2016-07-17,13699.36
SW90,2016-07-18,14455.58
SW90,2016-07-19,14923.36
SW90,2016-07-20,15973.85
SW90,2016-07-21,16688.63
SW90,2016-07-22,17514.22
SW90,2016-07-23,17736.25
SW90,2016-07-24,17915.3
SW90,2016-07-25,18277.29
SW90,2016-07-26,18644.47
SW90,2016-07-27,18970.06
SW90,2016-07-28,19252.35
SW90,2016-07-29,19777.65
SW90,2016-07-30,19922.67
SW90,2016-07-31,19922.67
SW90,2016-08-01,19971.18
SW90,2016-08-02,20019.78
SW90,2016-08-03,19777.65
SW90,2016-08-04,19489.87
SW90,2016-08-05,19347.1
SW90,2016-08-06,19157.92
SW90,2016-08-07,18737.09
SW90,2016-08-08,17960.27
SW90,2016-08-09,17381.97
SW90,2016-08-10,16946.27
SW90,2016-08-11,16560.87
SW90,2016-08-12,16223.58
SW90,2016-08-13,16265.47
SW90,2016-08-14,16433.8
SW90,2016-08-15,16688.63
SW90,2016-08-16,17250.43
SW90,2016-08-17,17780.89
SW90,2016-08-18,18552.19
SW90,2016-08-19,18783.52
SW90,2016-08-20,18970.06
SW90,2016-08-21,19394.61
SW90,2016-08-22,19777.65
SW90,2016-08-23,20215.0
SW90,2016-08-24,20758.87
SW90,2016-08-25,21262.29
SW90,2016-08-26,21981.67
SW90,2016-08-27,22506.04
SW90,2016-08-28,22347.8
SW90,2016-08-29,22242.75
SW90,2016-08-30,22085.83
SW90,2016-08-31,21981.67
SW90,2016-09-01,21774.38
SW90,2016-09-02,21262.29
SW90,2016-09-03,20460.93
SW90,2016-09-04,19299.68
SW90,2016-09-05,17338.04
SW90,2016-09-06,16015.28
SW90,2016-09-07,14805.41
SW90,2016-09-08,14610.32
SW90,2016-09-09,14571.53
SW90,2016-09-10,14532.8
SW90,2016-09-11,14378.64
SW90,2016-09-12,14340.29
SW90,2016-09-13,14378.64
SW90,2016-09-14,14455.58
SW90,2016-09-15,14727.16
SW90,2016-09-16,14610.32
SW90,2016-09-17,14302.01
SW90,2016-09-18,13736.48
SW90,2016-09-19,13551.58
SW90,2016-09-20,13478.12
SW90,2016-09-21,13404.95
SW90,2016-09-22,13295.72
SW90,2016-09-23,13223.25
SW90,2016-09-24,13368.47
SW90,2016-09-25,13368.47
SW90,2016-09-26,13404.95
SW90,2016-09-27,13404.95
SW90,2016-09-28,13151.07
SW90,2016-09-29,13368.47
SW90,2016-09-30,13810.95
SW90,2016-10-01,14111.69
SW90,2016-10-02,14263.8
SW90,2016-10-03,14571.53
SW90,2016-10-04,14923.36
SW90,2016-10-05,15161.26
SW90,2016-10-06,14688.14
SW90,2016-10-07,13998.37
SW90,2016-10-08,13295.72
SW90,2016-10-09,12583.7
SW90,2016-10-10,11966.56
SW90,2016-10-11,11899.35
SW90,2016-10-12,11966.56
SW90,2016-10-13,11865.85
SW90,2016-10-14,11832.42
SW90,2016-10-15,12067.88
SW90,2016-10-16,12306.68
SW90,2016-10-17,12306.68
SW90,2016-10-18,12101.79
SW90,2016-10-19,11799.05
SW90,2016-10-20,10704.05
SW90,2016-10-21,10094.98
SW90,2016-10-22,10005.81
SW90,2016-10-23,9712.63
SW90,2016-10-24,9144.77
SW90,2016-10-25,8208.68
SW90,2016-10-26,7879.14
SW90,2016-10-27,7632.16
SW90,2016-10-28,7366.93
SW90,2016-10-29,7131.59
SW90,2016-10-30,6721.58
SW90,2016-10-31,6457.79
SW90,2016-11-01,6371.52
SW90,2016-11-02,6243.68
SW90,2016-11-03,5972.98
SW90,2016-11-04,5730.65
SW90,2016-11-05,5631.78
SW90,2016-11-06,5495.42
SW90,2016-11-07,5267.18
SW90,2016-11-08,5192.63
SW90,2016-11-09,5009.55
SW90,2016-11-10,4884.17
SW90,2016-11-11,4796.0
SW90,2016-11-12,4623.08
SW90,2016-11-13,4937.63
SW90,2016-11-14,5100.5
SW90,2016-11-15,5009.55
SW90,2016-11-16,4761.05
SW90,2016-11-17,4691.7
SW90,2016-11-18,4623.08
SW90,2016-11-19,4555.17
SW90,2016-11-20,4901.94
SW90,2016-11-21,4848.76
SW90,2016-11-22,4691.7
SW90,2016-11-23,4521.49
SW90,2016-11-24,4355.74
SW90,2016-11-25,4323.11
SW90,2016-11-26,4323.11
SW90,2016-11-27,4306.87
SW90,2016-11-28,4226.3
SW90,2016-11-29,4178.47
SW90,2016-11-30,4146.81
SW90,2016-12-01,4115.31
SW90,2016-12-02,4099.63
SW90,2016-12-03,4083.99
SW90,2016-12-04,4021.85
SW90,2016-12-05,3960.39
SW90,2016-12-06,3914.74
SW90,2016-12-07,3884.52
SW90,2016-12-08,3765.29
SW90,2016-12-09,3677.6
SW90,2016-12-10,3619.96
SW90,2016-12-11,3634.31
SW90,2016-12-12,3619.96
SW90,2016-12-13,3605.65
SW90,2016-12-14,3478.68
SW90,2016-12-15,3341.39
SW90,2016-12-16,3382.16
SW90,2016-12-17,3423.29
SW90,2016-12-18,3395.83
SW90,2016-12-19,3091.26
SW90,2016-12-20,2747.45
SW90,2016-12-21,2442.67
SW90,2016-12-22,2172.78
SW90,2016-12-23,2055.7
SW90,2016-12-24,2027.15
SW90,2016-12-25,2008.28
SW90,2016-12-26,1924.9
SW90,2016-12-27,1879.66
SW90,2016-12-28,1835.18
SW90,2016-12-29,1808.86
SW90,2016-12-30,1774.19
SW90,2016-12-31,1673.02
SW90,2017-01-01,1970.0
SW90,2017-01-02,1915.6
SW90,2017-01-03,1894.17
SW90,2017-01-04,1883.52
SW90,2017-01-05,1830.97
SW90,2017-01-06,1789.74
SW90,2017-01-07,1739.21
SW90,2017-01-08,1699.58
SW90,2017-01-09,1641.44
SW90,2017-01-10,1575.56
SW90,2017-01-11,1511.72
SW90,2017-01-12,1449.88
SW90,2017-01-13,1406.91
SW90,2017-01-14,1364.93
SW90,2017-01-15,1406.91
SW90,2017-01-16,1467.35
SW90,2017-01-17,1476.14
SW90,2017-01-18,1406.91
SW90,2017-01-19,1340.21
SW90,2017-01-20,1315.83
SW90,2017-01-21,1291.79
SW90,2017-01-22,1275.95
SW90,2017-01-23,1244.72
SW90,2017-01-24,1237.01
SW90,2017-01-25,1237.01
SW90,2017-01-26,1237.01
SW90,2017-01-27,1237.01
SW90,2017-01-28,1237.01
SW90,2017-01-29,1237.01
SW90,2017-01-30,1237.01
SW90,2017-01-31,1237.01
SW90,2017-02-01,1214.09
SW90,2017-02-02,1176.61
SW90,2017-02-03,1161.87
SW90,2017-02-04,1147.27
SW90,2017-02-05,1118.49
SW90,2017-02-06,1090.27
SW90,2017-02-07,1069.47
SW90,2017-02-08,1062.61
SW90,2017-02-09,1055.77
SW90,2017-02-10,1048.97
SW90,2017-02-11,1035.48
SW90,2017-02-12,1028.78
SW90,2017-02-13,1028.78
SW90,2017-02-14,1022.12
SW90,2017-02-15,1015.48
SW90,2017-02-16,1002.32
SW90,2017-02-17,995.79
SW90,2017-02-18,982.82
SW90,2017-02-19,976.38
SW90,2017-02-20,950.97
SW90,2017-02-21,926.06
SW90,2017-02-22,895.64
SW90,2017-02-23,889.64
SW90,2017-02-24,895.64
SW90,2017-02-25,907.71
SW90,2017-02-26,907.71
SW90,2017-02-27,907.71
SW90,2017-02-28,907.71
SW90,2017-03-01,907.71
SW90,2017-03-02,901.66
SW90,2017-03-03,889.64
SW90,2017-03-04,877.75
SW90,2017-03-05,871.85
SW90,2017-03-06,865.98
SW90,2017-03-07,848.55
SW90,2017-03-08,825.74
SW90,2017-03-09,808.94
SW90,2017-03-10,808.94
SW90,2017-03-11,803.4
SW90,2017-03-12,781.52
SW90,2017-03-13,797.88
SW90,2017-03-14,848.55
SW90,2017-03-15,871.85
SW90,2017-03-16,895.64
SW90,2017-03-17,901.66
SW90,2017-03-18,907.71
SW90,2017-03-19,895.64
SW90,2017-03-20,895.64
SW90,2017-03-21,901.66
SW90,2017-03-22,895.64
SW90,2017-03-23,889.64
SW90,2017-03-24,831.4
SW90,2017-03-25,786.95
SW90,2017-03-26,770.76
SW90,2017-03-27,744.34
SW90,2017-03-28,744.34
SW90,2017-03-29,744.34
SW90,2017-03-30,744.34
SW90,2017-03-31,744.34
SW90,2017-04-01,744.34
SW90,2017-04-02,744.34
SW90,2017-04-03,754.82
SW90,2017-04-04,842.81
SW90,2017-04-05,895.64
SW90,2017-04-06,919.91
SW90,2017-04-07,938.45
SW90,2017-04-08,957.27
SW90,2017-04-09,957.27
SW90,2017-04-10,957.27
SW90,2017-04-11,969.98
SW90,2017-04-12,982.82
SW90,2017-04-13,1015.48
SW90,2017-04-14,1008.89
SW90,2017-04-15,1002.32
SW90,2017-04-16,1002.32
SW90,2017-04-17,982.82
SW90,2017-04-18,969.98
SW90,2017-04-19,969.98
SW90,2017-04-20,1008.89
SW90,2017-04-21,976.38
SW90,2017-04-22,950.97
SW90,2017-04-23,883.68
SW90,2017-04-24,901.66
SW90,2017-04-25,957.27
SW90,2017-04-26,1028.78
SW90,2017-04-27,1062.61
SW90,2017-04-28,1097.28
SW90,2017-04-29,1125.63
SW90,2017-04-30,1198.99
SW90,2017-05-01,1184.03
SW90,2017-05-02,1176.61
SW90,2017-05-03,1154.55
SW90,2017-05-04,1268.09
SW90,2017-05-05,1390.0
SW90,2017-05-06,1529.75
SW90,2017-05-07,1520.71
SW90,2017-05-08,1476.14
SW90,2017-05-09,1458.59
SW90,2017-05-10,1441.21
SW90,2017-05-11,1398.44
SW90,2017-05-12,1356.65
SW90,2017-05-13,1323.91
SW90,2017-05-14,1323.91
SW90,2017-05-15,1373.25
SW90,2017-05-16,1373.25
SW90,2017-05-17,1381.61
SW90,2017-05-18,1291.79
SW90,2017-05-19,1244.72
SW90,2017-05-20,1206.52
SW90,2017-05-21,1191.49
SW90,2017-05-22,1206.52
SW90,2017-05-23,1206.52
SW90,2017-05-24,1198.99
SW90,2017-05-25,1198.99
SW90,2017-05-26,1237.01
SW90,2017-05-27,1299.76
SW90,2017-05-28,1356.65
SW90,2017-05-29,1449.88
SW90,2017-05-30,1538.83
SW90,2017-05-31,1566.31
SW90,2017-06-01,1594.17
SW90,2017-06-02,1622.41
SW90,2017-06-03,1660.65
SW90,2017-06-04,1670.32
SW90,2017-06-05,1729.24
SW90,2017-06-06,1779.54
SW90,2017-06-07,2116.99
SW90,2017-06-08,2475.18
SW90,2017-06-09,2776.56
SW90,2017-06-10,2907.65
SW90,2017-06-11,2863.43
SW90,2017-06-12,2677.77
SW90,2017-06-13,2449.08
SW90,2017-06-14,2260.01
SW90,2017-06-15,2163.87
SW90,2017-06-16,2128.64
SW90,2017-06-17,2116.99
SW90,2017-06-18,2175.72
SW90,2017-06-19,2359.4
SW90,2017-06-20,2691.72
SW90,2017-06-21,3120.94
SW90,2017-06-22,3463.14
SW90,2017-06-23,3706.78
SW90,2017-06-24,3851.78
SW90,2017-06-25,3925.89
SW90,2017-06-26,4115.96
SW90,2017-06-27,4292.98
SW90,2017-06-28,4253.14
SW90,2017-06-29,4174.33
SW90,2017-06-30,4174.33
SW90,2017-07-01,5151.52
SW90,2017-07-02,5385.37
SW90,2017-07-03,5701.44
SW90,2017-07-04,6057.54
SW90,2017-07-05,6349.1
SW90,2017-07-06,6849.29
SW90,2017-07-07,7501.07
SW90,2017-07-08,8036.48
SW90,2017-07-09,8465.32
SW90,2017-07-10,8772.33
SW90,2017-07-11,9266.8
SW90,2017-07-12,9895.66
SW90,2017-07-13,10516.95
SW90,2017-07-14,11043.42
SW90,2017-07-15,11209.4
SW90,2017-07-16,11043.42
SW90,2017-07-17,10437.7
SW90,2017-07-18,9670.09
SW90,2017-07-19,8981.7
SW90,2017-07-20,8431.72
SW90,2017-07-21,7907.95
SW90,2017-07-22,7409.5
SW90,2017-07-23,7051.76
SW90,2017-07-24,7139.93
SW90,2017-07-25,7258.79
SW90,2017-07-26,7022.56
SW90,2017-07-27,6735.62
SW90,2017-07-28,6485.14
SW90,2017-07-29,6268.54
SW90,2017-07-30,6188.77
SW90,2017-07-31,6322.16
SW90,2017-08-01,21575.77
SW90,2017-08-02,21922.72
SW90,2017-08-03,21783.43
SW90,2017-08-04,21506.89
SW90,2017-08-05,21165.02
SW90,2017-08-06,21369.64
SW90,2017-08-07,21714.04
SW90,2017-08-08,22273.93
SW90,2017-08-09,22629.44
SW90,2017-08-10,23426.88
SW90,2017-08-11,24854.85
SW90,2017-08-12,25554.11
SW90,2017-08-13,27244.41
SW90,2017-08-14,29454.51
SW90,2017-08-15,31706.83
SW90,2017-08-16,33505.15
SW90,2017-08-17,34383.8
SW90,2017-08-18,35380.69
SW90,2017-08-19,36194.04
SW90,2017-08-20,36606.05
SW90,2017-08-21,36917.42
SW90,2017-08-22,36709.62
SW90,2017-08-23,36399.6
SW90,2017-08-24,35887.37
SW90,2017-08-25,35079.32
SW90,2017-08-26,33505.15
SW90,2017-08-27,32172.71
SW90,2017-08-28,31985.74
SW90,2017-08-29,30881.3
SW90,2017-08-30,29894.83
SW90,2017-08-31,28503.31
SW90,2017-09-01,27742.74
SW90,2017-09-02,27575.86
SW90,2017-09-03,26916.02
SW90,2017-09-04,26752.97
SW90,2017-09-05,26671.73
SW90,2017-09-06,26028.6
SW90,2017-09-07,25711.53
SW90,2017-09-08,25632.73
SW90,2017-09-09,25397.43
SW90,2017-09-10,24396.9
SW90,2017-09-11,23134.45
SW90,2017-09-12,21165.02
SW90,2017-09-13,20361.51
SW90,2017-09-14,20164.34
SW90,2017-09-15,20033.71
SW90,2017-09-16,19263.51
SW90,2017-09-17,18887.03
SW90,2017-09-18,18700.92
SW90,2017-09-19,17791.38
SW90,2017-09-20,17030.9
SW90,2017-09-21,16351.29
SW90,2017-09-22,16184.69
SW90,2017-09-23,16295.61
SW90,2017-09-24,15964.58
SW90,2017-09-25,15477.73
SW90,2017-09-26,15002.35
SW90,2017-09-27,14691.71
SW90,2017-09-28,14487.38
SW90,2017-09-29,14436.64
SW90,2017-09-30,14436.64
SW90,2017-10-01,14538.26
SW90,2017-10-02,14235.03
SW90,2017-10-03,14085.25
SW90,2017-10-04,14035.59
SW90,2017-10-05,13986.07
SW90,2017-10-06,15424.35
SW90,2017-10-07,15159.55
SW90,2017-10-08,15002.35
SW90,2017-10-09,14691.71
SW90,2017-10-10,14135.04
SW90,2017-10-11,13402.18
SW90,2017-10-12,12976.69
SW90,2017-10-13,12883.55
SW90,2017-10-14,12837.18
SW90,2017-10-15,13164.5
SW90,2017-10-16,12516.15
SW90,2017-10-17,11718.87
SW90,2017-10-18,10636.7
SW90,2017-10-19,10202.68
SW90,2017-10-20,9971.74
SW90,2017-10-21,10009.95
SW90,2017-10-22,9707.41
SW90,2017-10-23,9159.09
SW90,2017-10-24,8703.38
SW90,2017-10-25,7972.01
SW90,2017-10-26,7907.95
SW90,2017-10-27,7876.06
SW90,2017-10-28,7812.58
SW90,2017-10-29,7439.93
SW90,2017-10-30,6877.94
SW90,2017-10-31,6906.68
SW90,2017-11-01,6763.9
SW90,2017-11-02,6567.82
SW90,2017-11-03,6215.27
SW90,2017-11-04,6136.02
SW90,2017-11-05,6031.55
SW90,2017-11-06,5877.42
SW90,2017-11-07,5701.44
SW90,2017-11-08,5457.08
SW90,2017-11-09,5037.56
SW90,2017-11-10,4925.55
SW90,2017-11-11,4837.32
SW90,2017-11-12,4903.37
SW90,2017-11-13,4859.26
SW90,2017-11-14,4643.23
SW90,2017-11-15,4496.46
SW90,2017-11-16,4414.2
SW90,2017-11-17,4353.26
SW90,2017-11-18,4273.03
SW90,2017-11-19,4096.64
SW90,2017-11-20,3851.78
SW90,2017-11-21,3778.75
SW90,2017-11-22,3688.95
SW90,2017-11-23,3671.19
SW90,2017-11-24,3600.81
SW90,2017-11-25,3362.57
SW90,2017-11-26,3264.26
SW90,2017-11-27,3184.03
SW90,2017-11-28,3152.36
SW90,2017-11-29,3120.94
SW90,2017-11-30,3105.32
SW90,2017-12-01,2922.5
SW90,2017-12-02,2848.81
SW90,2017-12-03,2805.29
SW90,2017-12-04,2790.89
SW90,2017-12-05,2776.56
SW90,2017-12-06,2719.77
SW90,2017-12-07,2541.35
SW90,2017-12-08,2541.35
SW90,2017-12-09,2541.35
SW90,2017-12-10,2595.27
SW90,2017-12-11,2475.18
SW90,2017-12-12,2423.2
SW90,2017-12-13,2397.52
SW90,2017-12-14,2372.05
SW90,2017-12-15,2284.55
SW90,2017-12-16,2211.54
SW90,2017-12-17,2175.72
SW90,2017-12-18,2140.33
SW90,2017-12-19,2082.35
SW90,2017-12-20,1970.0
SW90,2017-12-21,1883.52
SW90,2017-12-22,1872.92
SW90,2017-12-23,1862.36
SW90,2017-12-24,1862.36
SW90,2017-12-25,1799.98
SW90,2017-12-26,1769.39
SW90,2017-12-27,1759.29
SW90,2017-12-28,1739.21
SW90,2017-12-29,1689.79
SW90,2017-12-30,1622.41
SW90,2017-12-31,1493.85
SW90,2018-01-01,1747.68
SW90,2018-01-02,1700.63
SW90,2018-01-03,1682.06
SW90,2018-01-04,1663.63
SW90,2018-01-05,1654.46
SW90,2018-01-06,1645.33
SW90,2018-01-07,1627.18
SW90,2018-01-08,1609.17
SW90,2018-01-09,1555.95
SW90,2018-01-10,1495.41
SW90,2018-01-11,1444.83
SW90,2018-01-12,1395.45
SW90,2018-01-13,1347.24
SW90,2018-01-14,1315.75
SW90,2018-01-15,1292.47
SW90,2018-01-16,1277.11
SW90,2018-01-17,1261.87
SW90,2018-01-18,1254.3
SW90,2018-01-19,1246.76
SW90,2018-01-20,1239.25
SW90,2018-01-21,1231.78
SW90,2018-01-22,1231.78
SW90,2018-01-23,1231.78
SW90,2018-01-24,1224.33
SW90,2018-01-25,1194.86
SW90,2018-01-26,1187.57
SW90,2018-01-27,1165.88
SW90,2018-01-28,1165.88
SW90,2018-01-29,1165.88
SW90,2018-01-30,1165.88
SW90,2018-01-31,1165.88
SW90,2018-02-01,1180.31
SW90,2018-02-02,1187.57
SW90,2018-02-03,1202.18
SW90,2018-02-04,1202.18
SW90,2018-02-05,1187.57
SW90,2018-02-06,1165.88
SW90,2018-02-07,1137.39
SW90,2018-02-08,1116.34
SW90,2018-02-09,1095.56
SW90,2018-02-10,1068.28
SW90,2018-02-11,1054.81
SW90,2018-02-12,1048.12
SW90,2018-02-13,1028.23
SW90,2018-02-14,1028.23
SW90,2018-02-15,1028.23
SW90,2018-02-16,1021.66
SW90,2018-02-17,1015.11
SW90,2018-02-18,1015.11
SW90,2018-02-19,1015.11
SW90,2018-02-20,995.66
SW90,2018-02-21,982.83
SW90,2018-02-22,976.46
SW90,2018-02-23,976.46
SW90,2018-02-24,976.46
SW90,2018-02-25,970.12
SW90,2018-02-26,970.12
SW90,2018-02-27,970.12
SW90,2018-02-28,957.52
SW90,2018-03-01,945.04
SW90,2018-03-02,945.04
SW90,2018-03-03,945.04
SW90,2018-03-04,920.41
SW90,2018-03-05,914.32
SW90,2018-03-06,908.26
SW90,2018-03-07,902.23
SW90,2018-03-08,896.22
SW90,2018-03-09,890.25
SW90,2018-03-10,884.3
SW90,2018-03-11,878.38
SW90,2018-03-12,872.48
SW90,2018-03-13,872.48
SW90,2018-03-14,896.22
SW90,2018-03-15,908.26
SW90,2018-03-16,914.32
SW90,2018-03-17,920.41
SW90,2018-03-18,926.52
SW90,2018-03-19,920.41
SW90,2018-03-20,902.23
SW90,2018-03-21,896.22
SW90,2018-03-22,896.22
SW90,2018-03-23,878.38
SW90,2018-03-24,866.61
SW90,2018-03-25,837.69
SW90,2018-03-26,826.31
SW90,2018-03-27,809.43
SW90,2018-03-28,809.43
SW90,2018-03-29,803.86
SW90,2018-03-30,815.03
SW90,2018-03-31,826.31
SW90,2018-04-01,831.98
SW90,2018-04-02,803.86
SW90,2018-04-03,798.32
SW90,2018-04-04,798.32
SW90,2018-04-05,809.43
SW90,2018-04-06,837.69
SW90,2018-04-07,878.38
SW90,2018-04-08,884.3
SW90,2018-04-09,890.25
SW90,2018-04-10,890.25
SW90,2018-04-11,902.23
SW90,2018-04-12,908.26
SW90,2018-04-13,890.25
SW90,2018-04-14,860.77
SW90,2018-04-15,837.69
SW90,2018-04-16,803.86
SW90,2018-04-17,792.8
SW90,2018-04-18,820.66
SW90,2018-04-19,809.43
SW90,2018-04-20,809.43
SW90,2018-04-21,809.43
SW90,2018-04-22,820.66
SW90,2018-04-23,831.98
SW90,2018-04-24,872.48
SW90,2018-04-25,926.52
SW90,2018-04-26,970.12
SW90,2018-04-27,976.46
SW90,2018-04-28,982.83
SW90,2018-04-29,1002.12
SW90,2018-04-30,1034.83
SW90,2018-05-01,1068.28
SW90,2018-05-02,1088.7
SW90,2018-05-03,1102.46
SW90,2018-05-04,1041.46
SW90,2018-05-05,989.23
SW90,2018-05-06,957.52
SW90,2018-05-07,926.52
SW90,2018-05-08,920.41
SW90,2018-05-09,908.26
SW90,2018-05-10,896.22
SW90,2018-05-11,902.23
SW90,2018-05-12,908.26
SW90,2018-05-13,920.41
SW90,2018-05-14,1002.12
SW90,2018-05-15,1028.23
SW90,2018-05-16,1095.56
SW90,2018-05-17,1130.34
SW90,2018-05-18,1180.31
SW90,2018-05-19,1231.78
SW90,2018-05-20,1246.76
SW90,2018-05-21,1261.87
SW90,2018-05-22,1261.87
SW90,2018-05-23,1239.25
SW90,2018-05-24,1224.33
SW90,2018-05-25,1216.92
SW90,2018-05-26,1209.53
SW90,2018-05-27,1209.53
SW90,2018-05-28,1239.25
SW90,2018-05-29,1307.96
SW90,2018-05-30,1419.99
SW90,2018-05-31,1645.33
SW90,2018-06-01,2124.16
SW90,2018-06-02,2372.69
SW90,2018-06-03,2540.87
SW90,2018-06-04,2577.96
SW90,2018-06-05,2528.6
SW90,2018-06-06,2408.06
SW90,2018-06-07,2314.53
SW90,2018-06-08,2135.05
SW90,2018-06-09,1955.13
SW90,2018-06-10,1874.21
SW90,2018-06-11,1824.82
SW90,2018-06-12,1785.96
SW90,2018-06-13,1824.82
SW90,2018-06-14,1894.22
SW90,2018-06-15,1996.49
SW90,2018-06-16,2135.05
SW90,2018-06-17,2303.02
SW90,2018-06-18,2590.4
SW90,2018-06-19,2928.67
SW90,2018-06-20,3476.18
SW90,2018-06-21,3856.15
SW90,2018-06-22,4496.67
SW90,2018-06-23,4681.61
SW90,2018-06-24,4625.59
SW90,2018-06-25,4442.18
SW90,2018-06-26,4299.12
SW90,2018-06-27,4370.25
SW90,2018-06-28,4776.03
SW90,2018-06-29,4871.75
SW90,2018-06-30,4871.75
SW90,2018-07-01,4852.5
SW90,2018-07-02,4833.3
SW90,2018-07-03,4852.5
SW90,2018-07-04,5370.28
SW90,2018-07-05,6216.63
SW90,2018-07-06,6853.75
SW90,2018-07-07,8040.71
SW90,2018-07-08,8974.8
SW90,2018-07-09,9637.52
SW90,2018-07-10,10044.6
SW90,2018-07-11,9823.96
SW90,2018-07-12,9668.42
SW90,2018-07-13,9949.62
SW90,2018-07-14,10300.92
SW90,2018-07-15,10463.39
SW90,2018-07-16,10561.72
SW90,2018-07-17,10995.19
SW90,2018-07-18,11130.99
SW90,2018-07-19,11165.12
SW90,2018-07-20,11406.07
SW90,2018-07-21,11685.8
SW90,2018-07-22,11898.68
SW90,2018-07-23,11863.02
SW90,2018-07-24,11650.58
SW90,2018-07-25,11475.56
SW90,2018-07-26,11165.12
SW90,2018-07-27,11096.93
SW90,2018-07-28,11302.37
SW90,2018-07-29,11970.23
SW90,2018-07-30,12852.16
SW90,2018-07-31,13659.79
SW90,2018-08-01,14998.66
SW90,2018-08-02,16875.66
SW90,2018-08-03,18859.72
SW90,2018-08-04,20114.08
SW90,2018-08-05,20788.57
SW90,2018-08-06,21052.09
SW90,2018-08-07,21158.14
SW90,2018-08-08,21910.84
SW90,2018-08-09,22294.04
SW90,2018-08-10,22349.15
SW90,2018-08-11,22404.36
SW90,2018-08-12,22019.86
SW90,2018-08-13,21693.93
SW90,2018-08-14,21317.91
SW90,2018-08-15,21158.14
SW90,2018-08-16,21158.14
SW90,2018-08-17,21052.09
SW90,2018-08-18,20788.57
SW90,2018-08-19,20788.57
SW90,2018-08-20,20946.4
SW90,2018-08-21,20946.4
SW90,2018-08-22,20893.7
SW90,2018-08-23,20736.14
SW90,2018-08-24,20527.33
SW90,2018-08-25,20423.47
SW90,2018-08-26,20423.47
SW90,2018-08-27,20841.09
SW90,2018-08-28,21052.09
SW90,2018-08-29,21586.03
SW90,2018-08-30,22129.25
SW90,2018-08-31,21910.84
SW90,2018-09-01,22294.04
SW90,2018-09-02,22737.61
SW90,2018-09-03,23414.33
SW90,2018-09-04,23757.85
SW90,2018-09-05,24104.83
SW90,2018-09-06,24104.83
SW90,2018-09-07,24514.04
SW90,2018-09-08,25226.67
SW90,2018-09-09,25286.69
SW90,2018-09-10,25588.28
SW90,2018-09-11,25709.61
SW90,2018-09-12,25588.28
SW90,2018-09-13,25892.35
SW90,2018-09-14,26198.91
SW90,2018-09-15,26445.94
SW90,2018-09-16,26757.0
SW90,2018-09-17,27070.57
SW90,2018-09-18,26944.84
SW90,2018-09-19,26384.03
SW90,2018-09-20,24750.02
SW90,2018-09-21,23074.26
SW90,2018-09-22,21105.07
SW90,2018-09-23,18761.77
SW90,2018-09-24,17427.05
SW90,2018-09-25,15983.63
SW90,2018-09-26,15251.44
SW90,2018-09-27,14542.75
SW90,2018-09-28,13857.12
SW90,2018-09-29,13194.13
SW90,2018-09-30,12702.16
SW90,2018-10-01,12295.89
SW90,2018-10-02,11580.35
SW90,2018-10-03,11233.6
SW90,2018-10-04,11545.35
SW90,2018-10-05,11336.86
SW90,2018-10-06,10860.53
SW90,2018-10-07,10204.28
SW90,2018-10-08,9668.42
SW90,2018-10-09,9575.92
SW90,2018-10-10,9545.22
SW90,2018-10-11,9453.54
SW90,2018-10-12,9484.03
SW90,2018-10-13,9514.59
SW90,2018-10-14,9362.46
SW90,2018-10-15,8945.44
SW90,2018-10-16,8713.0
SW90,2018-10-17,7824.82
SW90,2018-10-18,7508.55
SW90,2018-10-19,7851.59
SW90,2018-10-20,7456.71
SW90,2018-10-21,6829.38
SW90,2018-10-22,6612.77
SW90,2018-10-23,6354.52
SW90,2018-10-24,6171.13
SW90,2018-10-25,6036.02
SW90,2018-10-26,5793.63
SW90,2018-10-27,5621.63
SW90,2018-10-28,5600.38
SW90,2018-10-29,5515.93
SW90,2018-10-30,5390.92
SW90,2018-10-31,5308.68
SW90,2018-11-01,5146.79
SW90,2018-11-02,5047.36
SW90,2018-11-03,5027.64
SW90,2018-11-04,5027.64
SW90,2018-11-05,5007.97
SW90,2018-11-06,4988.35
SW90,2018-11-07,4833.3
SW90,2018-11-08,4738.11
SW90,2018-11-09,4738.11
SW90,2018-11-10,4719.22
SW90,2018-11-11,4719.22
SW90,2018-11-12,4719.22
SW90,2018-11-13,4700.39
SW90,2018-11-14,4644.21
SW90,2018-11-15,4588.5
SW90,2018-11-16,4496.67
SW90,2018-11-17,4370.25
SW90,2018-11-18,4090.54
SW90,2018-11-19,3972.15
SW90,2018-11-20,3938.76
SW90,2018-11-21,3872.57
SW90,2018-11-22,4176.58
SW90,2018-11-23,4159.27
SW90,2018-11-24,4159.27
SW90,2018-11-25,4107.65
SW90,2018-11-26,4022.59
SW90,2018-11-27,3839.77
SW90,2018-11-28,3742.5
SW90,2018-11-29,3694.52
SW90,2018-11-30,3646.95
SW90,2018-12-01,3615.48
SW90,2018-12-02,3568.63
SW90,2018-12-03,3506.81
SW90,2018-12-04,3460.93
SW90,2018-12-05,3370.42
SW90,2018-12-06,3296.26
SW90,2018-12-07,3223.23
SW90,2018-12-08,3122.87
SW90,2018-12-09,3052.52
SW90,2018-12-10,3024.69
SW90,2018-12-11,2915.12
SW90,2018-12-12,2730.02
SW90,2018-12-13,2627.98
SW90,2018-12-14,2615.41
SW90,2018-12-15,2590.4
SW90,2018-12-16,2577.96
SW90,2018-12-17,2565.55
SW90,2018-12-18,2565.55
SW90,2018-12-19,2730.02
SW90,2018-12-20,2691.44
SW90,2018-12-21,2627.98
SW90,2018-12-22,2553.19
SW90,2018-12-23,2492.01
SW90,2018-12-24,2443.79
SW90,2018-12-25,2337.67
SW90,2018-12-26,2314.53
SW90,2018-12-27,2303.02
SW90,2018-12-28,2257.37
SW90,2018-12-29,2246.05
SW90,2018-12-30,2212.34
SW90,2018-12-31,2201.18
SW90,2019-01-01,2017.41
SW90,2019-01-02,1979.59
SW90,2019-01-03,1960.87
SW90,2019-01-04,1933.03
SW90,2019-01-05,1896.33
SW90,2019-01-06,1869.13
SW90,2019-01-07,1851.15
SW90,2019-01-08,1815.56
SW90,2019-01-09,1780.45
SW90,2019-01-10,1737.23
SW90,2019-01-11,1703.19
SW90,2019-01-12,1686.35
SW90,2019-01-13,1669.63
SW90,2019-01-14,1653.02
SW90,2019-01-15,1636.53
SW90,2019-01-16,1620.15
SW90,2019-01-17,1532.13
SW90,2019-01-18,1380.79
SW90,2019-01-19,1260.66
SW90,2019-01-20,1337.51
SW90,2019-01-21,1173.9
SW90,2019-01-22,1167.4
SW90,2019-01-23,1154.49
SW90,2019-01-24,1167.4
SW90,2019-01-25,1180.42
SW90,2019-01-26,1186.97
SW90,2019-01-27,1154.49
SW90,2019-01-28,1141.67
SW90,2019-01-29,1135.31
SW90,2019-01-30,1141.67
SW90,2019-01-31,1141.67
SW90,2019-02-01,1141.67
SW90,2019-02-02,1141.67
SW90,2019-02-03,1128.96
SW90,2019-02-04,1128.96
SW90,2019-02-05,1116.35
SW90,2019-02-06,1122.64
SW90,2019-02-07,1116.35
SW90,2019-02-08,1116.35
SW90,2019-02-09,1116.35
SW90,2019-02-10,1116.35
SW90,2019-02-11,1110.08
SW90,2019-02-12,1103.83
SW90,2019-02-13,1103.83
SW90,2019-02-14,1110.08
SW90,2019-02-15,1110.08
SW90,2019-02-16,1110.08
SW90,2019-02-17,1110.08
SW90,2019-02-18,1122.64
SW90,2019-02-19,1141.67
SW90,2019-02-20,1167.4
SW90,2019-02-21,1167.4
SW90,2019-02-22,1160.93
SW90,2019-02-23,1154.49
SW90,2019-02-24,1148.07
SW90,2019-02-25,1128.96
SW90,2019-02-26,1116.35
SW90,2019-02-27,1116.35
SW90,2019-02-28,1122.64
SW90,2019-03-01,1116.35
SW90,2019-03-02,1110.08
SW90,2019-03-03,1097.61
SW90,2019-03-04,1091.42
SW90,2019-03-05,1079.1
SW90,2019-03-06,1066.88
SW90,2019-03-07,1036.75
SW90,2019-03-08,1001.4
SW90,2019-03-09,984.04
SW90,2019-03-10,984.04
SW90,2019-03-11,1001.4
SW90,2019-03-12,1001.4
SW90,2019-03-13,995.59
SW90,2019-03-14,1001.4
SW90,2019-03-15,1001.4
SW90,2019-03-16,1001.4
SW90,2019-03-17,995.59
SW90,2019-03-18,989.8
SW90,2019-03-19,978.3
SW90,2019-03-20,966.9
SW90,2019-03-21,966.9
SW90,2019-03-22,961.23
SW90,2019-03-23,949.96
SW90,2019-03-24,933.24
SW90,2019-03-25,916.72
SW90,2019-03-26,905.83
SW90,2019-03-27,895.02
SW90,2019-03-28,884.31
SW90,2019-03-29,878.99
SW90,2019-03-30,868.41
SW90,2019-03-31,868.41
SW90,2019-04-01,873.68
SW90,2019-04-02,863.15
SW90,2019-04-03,857.92
SW90,2019-04-04,873.68
SW90,2019-04-05,905.83
SW90,2019-04-06,949.96
SW90,2019-04-07,989.8
SW90,2019-04-08,1024.87
SW90,2019-04-09,1141.67
SW90,2019-04-10,1247.03
SW90,2019-04-11,1274.4
SW90,2019-04-12,1281.3
SW90,2019-04-13,1281.3
SW90,2019-04-14,1226.78
SW90,2019-04-15,1167.4
SW90,2019-04-16,1030.8
SW90,2019-04-17,916.72
SW90,2019-04-18,878.99
SW90,2019-04-19,938.79
SW90,2019-04-20,1013.09
SW90,2019-04-21,1066.88
SW90,2019-04-22,1072.98
SW90,2019-04-23,1066.88
SW90,2019-04-24,1079.1
SW90,2019-04-25,1154.49
SW90,2019-04-26,1206.76
SW90,2019-04-27,1213.4
SW90,2019-04-28,1213.4
SW90,2019-04-29,1281.3
SW90,2019-04-30,1316.23
SW90,2019-05-01,1316.23
SW90,2019-05-02,1295.2
SW90,2019-05-03,1302.18
SW90,2019-05-04,1410.17
SW90,2019-05-05,1532.13
SW90,2019-05-06,1711.66
SW90,2019-05-07,1789.18
SW90,2019-05-08,1745.82
SW90,2019-05-09,1842.21
SW90,2019-05-10,1970.22
SW90,2019-05-11,2163.74
SW90,2019-05-12,2275.67
SW90,2019-05-13,2370.22
SW90,2019-05-14,2456.56
SW90,2019-05-15,2296.45
SW90,2019-05-16,2275.67
SW90,2019-05-17,2286.04
SW90,2019-05-18,2317.36
SW90,2019-05-19,2402.34
SW90,2019-05-20,2478.48
SW90,2019-05-21,2533.89
SW90,2019-05-22,2434.77
SW90,2019-05-23,2370.22
SW90,2019-05-24,2348.98
SW90,2019-05-25,2104.34
SW90,2019-05-26,2036.5
SW90,2019-05-27,1998.44
SW90,2019-05-28,2055.73
SW90,2019-05-29,2046.1
SW90,2019-05-30,1989.0
SW90,2019-05-31,1979.59
SW90,2019-06-01,1896.33
SW90,2019-06-02,1851.15
SW90,2019-06-03,1970.22
SW90,2019-06-04,2007.91
SW90,2019-06-05,2046.1
SW90,2019-06-06,2094.56
SW90,2019-06-07,2143.81
SW90,2019-06-08,1878.17
SW90,2019-06-09,1754.43
SW90,2019-06-10,1669.63
SW90,2019-06-11,1612.01
SW90,2019-06-12,1620.15
SW90,2019-06-13,1653.02
SW90,2019-06-14,1797.94
SW90,2019-06-15,1923.81
SW90,2019-06-16,2075.08
SW90,2019-06-17,2380.9
SW90,2019-06-18,2317.36
SW90,2019-06-19,2359.58
SW90,2019-06-20,2370.22
SW90,2019-06-21,2467.5
SW90,2019-06-22,2776.12
SW90,2019-06-23,2983.77
SW90,2019-06-24,3175.83
SW90,2019-06-25,3255.03
SW90,2019-06-26,3175.83
SW90,2019-06-27,3098.0
SW90,2019-06-28,3085.15
SW90,2019-06-29,3281.73
SW90,2019-06-30,3472.99
SW90,2019-07-01,3744.88
SW90,2019-07-02,4188.17
SW90,2019-07-03,4533.77
SW90,2019-07-04,4294.2
SW90,2019-07-05,4140.69
SW90,2019-07-06,4140.69
SW90,2019-07-07,3893.81
SW90,2019-07-08,3789.13
SW90,2019-07-09,3893.81
SW90,2019-07-10,4109.24
SW90,2019-07-11,4582.94
SW90,2019-07-12,5485.65
SW90,2019-07-13,6994.91
SW90,2019-07-14,9154.28
SW90,2019-07-15,13882.3
SW90,2019-07-16,17914.44
SW90,2019-07-17,24184.4
SW90,2019-07-18,29288.86
SW90,2019-07-19,32551.89
SW90,2019-07-20,34594.96
SW90,2019-07-21,35090.17
SW90,2019-07-22,33983.77
SW90,2019-07-23,32434.77
SW90,2019-07-24,30051.55
SW90,2019-07-25,29288.86
SW90,2019-07-26,28753.57
SW90,2019-07-27,28966.75
SW90,2019-07-28,29613.82
SW90,2019-07-29,29941.64
SW90,2019-07-30,29073.8
SW90,2019-07-31,28541.64
SW90,2019-08-01,28226.09
SW90,2019-08-02,27706.32
SW90,2019-08-03,25124.77
SW90,2019-08-04,24651.02
SW90,2019-08-05,23542.95
SW90,2019-08-06,23093.11
SW90,2019-08-07,22650.13
SW90,2019-08-08,22738.19
SW90,2019-08-09,22213.93
SW90,2019-08-10,21111.0
SW90,2019-08-11,23093.11
SW90,2019-08-12,24557.13
SW90,2019-08-13,25029.45
SW90,2019-08-14,25897.8
SW90,2019-08-15,25605.73
SW90,2019-08-16,25124.77
SW90,2019-08-17,24277.16
SW90,2019-08-18,23633.75
SW90,2019-08-19,23452.43
SW90,2019-08-20,23999.73
SW90,2019-08-21,25702.8
SW90,2019-08-22,28121.52
SW90,2019-08-23,31509.8
SW90,2019-08-24,33983.77
SW90,2019-08-25,35591.0
SW90,2019-08-26,36738.66
SW90,2019-08-27,37915.54
SW90,2019-08-28,38048.14
SW90,2019-08-29,35465.27
SW90,2019-08-30,34349.44
SW90,2019-08-31,29613.82
SW90,2019-09-01,27913.31
SW90,2019-09-02,27603.29
SW90,2019-09-03,27398.13
SW90,2019-09-04,28226.09
SW90,2019-09-05,28966.75
SW90,2019-09-06,29505.18
SW90,2019-09-07,28541.64
SW90,2019-09-08,27913.31
SW90,2019-09-09,26291.34
SW90,2019-09-10,25605.73
SW90,2019-09-11,24934.41
SW90,2019-09-12,24745.2
SW90,2019-09-13,24557.13
SW90,2019-09-14,24184.4
SW90,2019-09-15,23633.75
SW90,2019-09-16,27194.19
SW90,2019-09-17,30272.33
SW90,2019-09-18,33501.03
SW90,2019-09-19,36997.65
SW90,2019-09-20,40220.22
SW90,2019-09-21,43219.44
SW90,2019-09-22,45929.3
SW90,2019-09-23,48128.92
SW90,2019-09-24,48772.51
SW90,2019-09-25,49750.71
SW90,2019-09-26,50744.44
SW90,2019-09-27,51247.19
SW90,2019-09-28,52607.22
SW90,2019-09-29,53820.64
SW90,2019-09-30,55234.54
SW90,2019-10-01,57594.96
SW90,2019-10-02,58711.08
SW90,2019-10-03,58711.08
SW90,2019-10-04,57779.8
SW90,2019-10-05,56133.11
SW90,2019-10-06,56133.11
SW90,2019-10-07,53820.64
SW90,2019-10-08,52264.55
SW90,2019-10-09,48610.98
SW90,2019-10-10,45468.53
SW90,2019-10-11,42489.73
SW90,2019-10-12,38181.1
SW90,2019-10-13,35339.88
SW90,2019-10-14,31395.67
SW90,2019-10-15,25220.39
SW90,2019-10-16,22127.5
SW90,2019-10-17,20373.27
SW90,2019-10-18,18807.14
SW90,2019-10-19,18208.18
SW90,2019-10-20,17624.48
SW90,2019-10-21,16985.69
SW90,2019-10-22,15763.35
SW90,2019-10-23,14988.08
SW90,2019-10-24,14365.45
SW90,2019-10-25,14001.85
SW90,2019-10-26,13822.82
SW90,2019-10-27,13586.95
SW90,2019-10-28,13412.15
SW90,2019-10-29,13124.8
SW90,2019-10-30,12842.37
SW90,2019-10-31,12564.78
SW90,2019-11-01,12455.09
SW90,2019-11-02,12455.09
SW90,2019-11-03,12400.54
SW90,2019-11-04,12346.17
SW90,2019-11-05,12291.99
SW90,2019-11-06,12077.16
SW90,2019-11-07,11918.01
SW90,2019-11-08,11865.33
SW90,2019-11-09,11760.53
SW90,2019-11-10,11708.4
SW90,2019-11-11,11501.74
SW90,2019-11-12,11399.5
SW90,2019-11-13,11348.65
SW90,2019-11-14,11147.06
SW90,2019-11-15,10463.79
SW90,2019-11-16,10274.82
SW90,2019-11-17,10228.0
SW90,2019-11-18,9026.63
SW90,2019-11-19,7528.64
SW90,2019-11-20,6235.34
SW90,2019-11-21,5776.4
SW90,2019-11-22,5746.78
SW90,2019-11-23,5629.53
SW90,2019-11-24,5261.54
SW90,2019-11-25,4783.85
SW90,2019-11-26,4558.3
SW90,2019-11-27,4558.3
SW90,2019-11-28,4485.03
SW90,2019-11-29,4412.69
SW90,2019-11-30,4247.52
SW90,2019-12-01,4204.08
SW90,2019-12-02,4109.24
SW90,2019-12-03,4062.39
SW90,2019-12-04,3954.54
SW90,2019-12-05,3954.54
SW90,2019-12-06,3939.29
SW90,2019-12-07,3908.93
SW90,2019-12-08,3863.7
SW90,2019-12-09,3848.7
SW90,2019-12-10,3803.96
SW90,2019-12-11,3715.58
SW90,2019-12-12,3686.44
SW90,2019-12-13,3643.03
SW90,2019-12-14,3628.64
SW90,2019-12-15,3614.29
SW90,2019-12-16,3500.93
SW90,2019-12-17,3268.36
SW90,2019-12-18,3175.83
SW90,2019-12-19,3110.87
SW90,2019-12-20,3085.15
SW90,2019-12-21,3072.35
SW90,2019-12-22,3034.16
SW90,2019-12-23,2996.31
SW90,2019-12-24,2983.77
SW90,2019-12-25,2971.26
SW90,2019-12-26,2946.36
SW90,2019-12-27,2958.79
SW90,2019-12-28,3072.35
SW90,2019-12-29,3098.0
SW90,2019-12-30,3085.15
SW90,2019-12-31,2996.31
SW90,2020-01-01,3533.43
SW90,2020-01-02,3440.86
SW90,2020-01-03,3410.37
SW90,2020-01-04,3380.06
SW90,2020-01-05,3364.97
SW90,2020-01-06,3290.19
SW90,2020-01-07,3260.6
SW90,2020-01-08,3201.93
SW90,2020-01-09,3172.87
SW90,2020-01-10,3100.97
SW90,2020-01-11,3002.15
SW90,2020-01-12,2932.86
SW90,2020-01-13,2891.8
SW90,2020-01-14,2878.2
SW90,2020-01-15,2864.64
SW90,2020-01-16,2851.13
SW90,2020-01-17,2837.66
SW90,2020-01-18,2824.22
SW90,2020-01-19,2824.22
SW90,2020-01-20,2824.22
SW90,2020-01-21,2810.84
SW90,2020-01-22,2797.49
SW90,2020-01-23,2757.71
SW90,2020-01-24,2731.39
SW90,2020-01-25,2615.05
SW90,2020-01-26,2539.35
SW90,2020-01-27,2526.87
SW90,2020-01-28,2526.87
SW90,2020-01-29,2526.87
SW90,2020-01-30,2602.33
SW90,2020-01-31,2666.34
SW90,2020-02-01,2718.3
SW90,2020-02-02,2718.3
SW90,2020-02-03,2692.24
SW90,2020-02-04,2666.34
SW90,2020-02-05,2615.05
SW90,2020-02-06,2577.01
SW90,2020-02-07,2539.35
SW90,2020-02-08,2526.87
SW90,2020-02-09,2514.44
SW90,2020-02-10,2452.89
SW90,2020-02-11,2416.44
SW90,2020-02-12,2368.41
SW90,2020-02-13,2332.81
SW90,2020-02-14,2309.27
SW90,2020-02-15,2297.56
SW90,2020-02-16,2262.67
SW90,2020-02-17,2182.63
SW90,2020-02-18,2104.5
SW90,2020-02-19,2049.85
SW90,2020-02-20,1996.15
SW90,2020-02-21,1943.39
SW90,2020-02-22,1901.86
SW90,2020-02-23,1871.1
SW90,2020-02-24,1840.68
SW90,2020-02-25,1751.38
SW90,2020-02-26,1665.01
SW90,2020-02-27,1627.55
SW90,2020-02-28,1599.83
SW90,2020-02-29,1599.83
SW90,2020-03-01,1590.66
SW90,2020-03-02,1572.42
SW90,2020-03-03,1554.32
SW90,2020-03-04,1554.32
SW90,2020-03-05,1609.03
SW90,2020-03-06,1655.59
SW90,2020-03-07,1712.63
SW90,2020-03-08,1770.97
SW90,2020-03-09,1800.62
SW90,2020-03-10,1840.68
SW90,2020-03-11,1860.92
SW90,2020-03-12,1871.1
SW90,2020-03-13,1840.68
SW90,2020-03-14,1761.15
SW90,2020-03-15,1703.04
SW90,2020-03-16,1674.46
SW90,2020-03-17,1693.48
SW90,2020-03-18,1741.64
SW90,2020-03-19,1790.7
SW90,2020-03-20,1800.62
SW90,2020-03-21,1810.58
SW90,2020-03-22,1800.62
SW90,2020-03-23,1820.58
SW90,2020-03-24,1943.39
SW90,2020-03-25,2148.92
SW90,2020-03-26,2228.13
SW90,2020-03-27,2228.13
SW90,2020-03-28,2239.61
SW90,2020-03-29,2137.75
SW90,2020-03-30,2104.5
SW90,2020-03-31,2104.5
SW90,2020-04-01,2093.49
SW90,2020-04-02,2082.53
SW90,2020-04-03,2071.6
SW90,2020-04-04,2060.7
SW90,2020-04-05,1996.15
SW90,2020-04-06,1932.95
SW90,2020-04-07,1891.57
SW90,2020-04-08,1871.1
SW90,2020-04-09,1901.86
SW90,2020-04-10,1922.55
SW90,2020-04-11,1912.19
SW90,2020-04-12,1912.19
SW90,2020-04-13,1912.19
SW90,2020-04-14,1912.19
SW90,2020-04-15,1901.86
SW90,2020-04-16,1840.68
SW90,2020-04-17,1790.7
SW90,2020-04-18,1780.82
SW90,2020-04-19,1770.97
SW90,2020-04-20,1731.93
SW90,2020-04-21,1703.04
SW90,2020-04-22,1674.46
SW90,2020-04-23,1655.59
SW90,2020-04-24,1712.63
SW90,2020-04-25,1751.38
SW90,2020-04-26,1780.82
SW90,2020-04-27,1810.58
SW90,2020-04-28,1850.78
SW90,2020-04-29,1891.57
SW90,2020-04-30,2028.25
SW90,2020-05-01,2093.49
SW90,2020-05-02,2093.49
SW90,2020-05-03,2060.7
SW90,2020-05-04,2071.6
SW90,2020-05-05,2060.7
SW90,2020-05-06,2060.7
SW90,2020-05-07,2049.85
SW90,2020-05-08,2049.85
SW90,2020-05-09,2104.5
SW90,2020-05-10,2148.92
SW90,2020-05-11,2228.13
SW90,2020-05-12,2274.26
SW90,2020-05-13,2274.26
SW90,2020-05-14,2251.12
SW90,2020-05-15,2309.27
SW90,2020-05-16,2309.27
SW90,2020-05-17,2274.26
SW90,2020-05-18,2262.67
SW90,2020-05-19,2228.13
SW90,2020-05-20,2171.35
SW90,2020-05-21,2285.89
SW90,2020-05-22,2440.7
SW90,2020-05-23,2428.55
SW90,2020-05-24,2440.7
SW90,2020-05-25,2452.89
SW90,2020-05-26,2589.65
SW90,2020-05-27,3044.24
SW90,2020-05-28,3440.86
SW90,2020-05-29,3611.82
SW90,2020-05-30,4370.03
SW90,2020-05-31,4833.67
SW90,2020-06-01,4757.39
SW90,2020-06-02,4515.02
SW90,2020-06-03,4281.0
SW90,2020-06-04,4263.34
SW90,2020-06-05,4352.13
SW90,2020-06-06,4334.27
SW90,2020-06-07,4405.98
SW90,2020-06-08,4478.48
SW90,2020-06-09,4663.17
SW90,2020-06-10,4700.71
SW90,2020-06-11,4776.39
SW90,2020-06-12,4757.39
SW90,2020-06-13,5187.01
SW90,2020-06-14,5349.41
SW90,2020-06-15,5267.79
SW90,2020-06-16,5247.52
SW90,2020-06-17,5494.25
SW90,2020-06-18,5684.28
SW90,2020-06-19,6122.11
SW90,2020-06-20,6916.91
SW90,2020-06-21,7883.21
SW90,2020-06-22,8481.65
SW90,2020-06-23,9226.95
SW90,2020-06-24,9645.72
SW90,2020-06-25,9983.48
SW90,2020-06-26,10944.44
SW90,2020-06-27,12534.33
SW90,2020-06-28,13988.24
SW90,2020-06-29,16301.22
SW90,2020-06-30,18826.74
SW90,2020-07-01,20873.88
SW90,2020-07-02,22576.72
SW90,2020-07-03,23522.94
SW90,2020-07-04,23416.24
SW90,2020-07-05,23098.5
SW90,2020-07-06,23416.24
SW90,2020-07-07,23416.24
SW90,2020-07-08,23098.5
SW90,2020-07-09,22993.37
SW90,2020-07-10,22888.62
SW90,2020-07-11,22576.72
SW90,2020-07-12,23522.94
SW90,2020-07-13,26912.85
SW90,2020-07-14,31630.35
SW90,2020-07-15,35034.65
SW90,2020-07-16,38252.48
SW90,2020-07-17,40031.52
SW90,2020-07-18,40528.21
SW90,2020-07-19,42392.5
SW90,2020-07-20,42738.83
SW90,2020-07-21,43087.46
SW90,2020-07-22,42392.5
SW90,2020-07-23,41536.64
SW90,2020-07-24,41198.25
SW90,2020-07-25,42912.86
SW90,2020-07-26,43614.75
SW90,2020-07-27,44147.27
SW90,2020-07-28,44865.51
SW90,2020-07-29,45046.54
SW90,2020-07-30,43614.75
SW90,2020-07-31,43262.65
SW90,2020-08-01,42738.83
SW90,2020-08-02,41877.28
SW90,2020-08-03,41029.9
SW90,2020-08-04,41367.16
SW90,2020-08-05,42048.45
SW90,2020-08-06,42392.5
SW90,2020-08-07,41877.28
SW90,2020-08-08,41198.25
SW90,2020-08-09,40362.09
SW90,2020-08-10,39539.79
SW90,2020-08-11,38571.06
SW90,2020-08-12,37778.62
SW90,2020-08-13,36691.49
SW90,2020-08-14,36081.79
SW90,2020-08-15,36081.79
SW90,2020-08-16,35930.66
SW90,2020-08-17,36385.6
SW90,2020-08-18,36845.22
SW90,2020-08-19,37465.37
SW90,2020-08-20,39214.71
SW90,2020-08-21,39703.15
SW90,2020-08-22,39052.98
SW90,2020-08-23,39539.79
SW90,2020-08-24,39052.98
SW90,2020-08-25,39052.98
SW90,2020-08-26,39376.97
SW90,2020-08-27,39052.98
SW90,2020-08-28,37154.24
SW90,2020-08-29,36538.29
SW90,2020-08-30,35182.71
SW90,2020-08-31,33868.33
SW90,2020-09-01,32873.89
SW90,2020-09-02,32594.17
SW90,2020-09-03,32594.17
SW90,2020-09-04,32594.17
SW90,2020-09-05,32455.04
SW90,2020-09-06,31903.33
SW90,2020-09-07,32040.54
SW90,2020-09-08,31494.57
SW90,2020-09-09,31359.27
SW90,2020-09-10,30557.36
SW90,2020-09-11,29642.96
SW90,2020-09-12,29257.94
SW90,2020-09-13,28375.38
SW90,2020-09-14,26556.98
SW90,2020-09-15,26321.86
SW90,2020-09-16,25626.64
SW90,2020-09-17,25284.67
SW90,2020-09-18,25626.64
SW90,2020-09-19,26556.98
SW90,2020-09-20,26675.17
SW90,2020-09-21,26321.86
SW90,2020-09-22,26556.98
SW90,2020-09-23,26321.86
SW90,2020-09-24,25972.36
SW90,2020-09-25,26321.86
SW90,2020-09-26,27636.25
SW90,2020-09-27,29257.94
SW90,2020-09-28,31766.6
SW90,2020-09-29,33724.79
SW90,2020-09-30,35182.71
SW90,2020-10-01,35629.95
SW90,2020-10-02,36081.79
SW90,2020-10-03,35331.28
SW90,2020-10-04,34156.91
SW90,2020-10-05,31903.33
SW90,2020-10-06,30162.7
SW90,2020-10-07,28251.09
SW90,2020-10-08,27393.38
SW90,2020-10-09,25512.24
SW90,2020-10-10,24062.4
SW90,2020-10-11,23309.94
SW90,2020-10-12,22166.24
SW90,2020-10-13,21264.82
SW90,2020-10-14,20298.44
SW90,2020-10-15,18385.08
SW90,2020-10-16,17110.36
SW90,2020-10-17,16143.19
SW90,2020-10-18,14557.81
SW90,2020-10-19,13573.08
SW90,2020-10-20,12825.61
SW90,2020-10-21,11756.05
SW90,2020-10-22,11413.18
SW90,2020-10-23,10845.69
SW90,2020-10-24,10392.69
SW90,2020-10-25,9676.11
SW90,2020-10-26,9375.09
SW90,2020-10-27,9051.24
SW90,2020-10-28,8763.36
SW90,2020-10-29,8593.6
SW90,2020-10-30,8398.32
SW90,2020-10-31,8178.79
SW90,2020-11-01,7989.85
SW90,2020-11-02,7856.69
SW90,2020-11-03,7620.74
SW90,2020-11-04,7389.55
SW90,2020-11-05,7238.05
SW90,2020-11-06,7163.08
SW90,2020-11-07,7088.62
SW90,2020-11-08,6990.16
SW90,2020-11-09,6916.91
SW90,2020-11-10,6820.04
SW90,2020-11-11,6652.69
SW90,2020-11-12,6441.58
SW90,2020-11-13,6234.97
SW90,2020-11-14,6055.06
SW90,2020-11-15,5856.82
SW90,2020-11-16,5727.09
SW90,2020-11-17,5662.95
SW90,2020-11-18,5515.15
SW90,2020-11-19,5349.41
SW90,2020-11-20,5227.3
SW90,2020-11-21,5067.39
SW90,2020-11-22,4910.76
SW90,2020-11-23,4795.43
SW90,2020-11-24,4625.84
SW90,2020-11-25,4478.48
SW90,2020-11-26,4387.98
SW90,2020-11-27,4316.47
SW90,2020-11-28,4263.34
SW90,2020-11-29,4263.34
SW90,2020-11-30,4281.0
SW90,2020-12-01,4281.0
SW90,2020-12-02,4281.0
SW90,2020-12-03,4175.77
SW90,2020-12-04,4072.28
SW90,2020-12-05,4021.18
SW90,2020-12-06,3987.35
SW90,2020-12-07,3903.61
SW90,2020-12-08,3821.04
SW90,2020-12-09,3755.83
SW90,2020-12-10,3723.5
SW90,2020-12-11,3772.06
SW90,2020-12-12,3788.34
SW90,2020-12-13,3755.83
SW90,2020-12-14,3675.36
SW90,2020-12-15,3564.65
SW90,2020-12-16,3486.94
SW90,2020-12-17,3471.54
SW90,2020-12-18,3471.54
SW90,2020-12-19,3440.86
SW90,2020-12-20,3440.86
SW90,2020-12-21,3395.19
SW90,2020-12-22,3290.19
SW90,2020-12-23,3187.38
SW90,2020-12-24,3086.72
SW90,2020-12-25,3030.17
SW90,2020-12-26,3016.14
SW90,2020-12-27,2946.63
SW90,2020-12-28,2810.84
SW90,2020-12-29,2731.39
SW90,2020-12-30,2705.25
SW90,2020-12-31,2679.27
SW90,2021-01-01,2605.59
SW90,2021-01-02,2510.0
SW90,2021-01-03,2462.77
SW90,2021-01-04,2369.44
SW90,2021-01-05,2289.03
SW90,2021-01-06,2209.8
SW90,2021-01-07,2120.7
SW90,2021-01-08,2054.89
SW90,2021-01-09,2011.5
SW90,2021-01-10,1989.95
SW90,2021-01-11,1957.82
SW90,2021-01-12,1957.82
SW90,2021-01-13,1915.31
SW90,2021-01-14,1873.21
SW90,2021-01-15,1831.49
SW90,2021-01-16,1769.67
SW90,2021-01-17,1708.74
SW90,2021-01-18,1688.63
SW90,2021-01-19,1688.63
SW90,2021-01-20,1769.67
SW90,2021-01-21,1831.49
SW90,2021-01-22,1831.49
SW90,2021-01-23,1790.17
SW90,2021-01-24,1739.09
SW90,2021-01-25,1718.83
SW90,2021-01-26,1698.67
SW90,2021-01-27,1708.74
SW90,2021-01-28,1749.26
SW90,2021-01-29,1749.26
SW90,2021-01-30,1749.26
SW90,2021-01-31,1749.26
SW90,2021-02-01,1759.45
SW90,2021-02-02,1810.78
SW90,2021-02-03,1821.12
SW90,2021-02-04,1810.78
SW90,2021-02-05,1739.09
SW90,2021-02-06,1708.74
SW90,2021-02-07,1658.66
SW90,2021-02-08,1570.1
SW90,2021-02-09,1541.03
SW90,2021-02-10,1521.79
SW90,2021-02-11,1493.11
SW90,2021-02-12,1474.11
SW90,2021-02-13,1399.17
SW90,2021-02-14,1344.06
SW90,2021-02-15,1280.94
SW90,2021-02-16,1254.28
SW90,2021-02-17,1245.45
SW90,2021-02-18,1236.64
SW90,2021-02-19,1227.86
SW90,2021-02-20,1141.51
SW90,2021-02-21,1150.03
SW90,2021-02-22,1158.57
SW90,2021-02-23,1219.11
SW90,2021-02-24,1175.73
SW90,2021-02-25,1158.57
SW90,2021-02-26,1158.57
SW90,2021-02-27,1158.57
SW90,2021-02-28,1175.73
SW90,2021-03-01,1175.73
SW90,2021-03-02,1158.57
SW90,2021-03-03,1158.57
SW90,2021-03-04,1150.03
SW90,2021-03-05,1116.13
SW90,2021-03-06,1090.99
SW90,2021-03-07,1057.84
SW90,2021-03-08,1025.12
SW90,2021-03-09,1008.93
SW90,2021-03-10,1000.87
SW90,2021-03-11,992.84
SW90,2021-03-12,992.84
SW90,2021-03-13,992.84
SW90,2021-03-14,1017.01
SW90,2021-03-15,1074.36
SW90,2021-03-16,1099.34
SW90,2021-03-17,1116.13
SW90,2021-03-18,1116.13
SW90,2021-03-19,1124.56
SW90,2021-03-20,1133.02
SW90,2021-03-21,1124.56
SW90,2021-03-22,1090.99
SW90,2021-03-23,1090.99
SW90,2021-03-24,984.84
SW90,2021-03-25,868.11
SW90,2021-03-26,823.17
SW90,2021-03-27,808.42
SW90,2021-03-28,786.5
SW90,2021-03-29,779.25
SW90,2021-03-30,801.08
SW90,2021-03-31,779.25
SW90,2021-04-01,808.42
SW90,2021-04-02,801.08
SW90,2021-04-03,793.78
SW90,2021-04-04,914.06
SW90,2021-04-05,992.84
SW90,2021-04-06,1000.87
SW90,2021-04-07,992.84
SW90,2021-04-08,992.84
SW90,2021-04-09,1000.87
SW90,2021-04-10,1008.93
SW90,2021-04-11,1025.12
SW90,2021-04-12,1025.12
SW90,2021-04-13,992.84
SW90,2021-04-14,875.7
SW90,2021-04-15,743.42
SW90,2021-04-16,722.26
SW90,2021-04-17,715.27
SW90,2021-04-18,708.3
SW90,2021-04-19,701.37
SW90,2021-04-20,701.37
SW90,2021-04-21,701.37
SW90,2021-04-22,708.3
SW90,2021-04-23,715.27
SW90,2021-04-24,801.08
SW90,2021-04-25,906.33
SW90,2021-04-26,992.84
SW90,2021-04-27,1025.12
SW90,2021-04-28,1066.08
SW90,2021-04-29,1074.36
SW90,2021-04-30,1074.36
SW90,2021-05-01,1074.36
SW90,2021-05-02,1074.36
SW90,2021-05-03,1049.62
SW90,2021-05-04,921.81
SW90,2021-05-05,743.42
SW90,2021-05-06,680.73
SW90,2021-05-07,633.6
SW90,2021-05-08,600.81
SW90,2021-05-09,594.34
SW90,2021-05-10,620.39
SW90,2021-05-11,660.36
SW90,2021-05-12,708.3
SW90,2021-05-13,743.42
SW90,2021-05-14,845.52
SW90,2021-05-15,945.24
SW90,2021-05-16,1025.12
SW90,2021-05-17,1074.36
SW90,2021-05-18,1099.34
SW90,2021-05-19,1116.13
SW90,2021-05-20,1124.56
SW90,2021-05-21,1133.02
SW90,2021-05-22,1158.57
SW90,2021-05-23,1184.35
SW90,2021-05-24,1245.45
SW90,2021-05-25,1344.06
SW90,2021-05-26,1427.08
SW90,2021-05-27,1769.67
SW90,2021-05-28,2098.66
SW90,2021-05-29,2266.28
SW90,2021-05-30,2617.65
SW90,2021-05-31,3250.01
SW90,2021-06-01,3953.49
SW90,2021-06-02,4683.34
SW90,2021-06-03,5236.26
SW90,2021-06-04,5580.43
SW90,2021-06-05,5680.46
SW90,2021-06-06,5613.69
SW90,2021-06-07,5220.11
SW90,2021-06-08,5011.97
SW90,2021-06-09,4714.23
SW90,2021-06-10,4667.93
SW90,2021-06-11,4560.63
SW90,2021-06-12,4637.16
SW90,2021-06-13,4667.93
SW90,2021-06-14,4932.88
SW90,2021-06-15,4964.45
SW90,2021-06-16,4948.65
SW90,2021-06-17,4948.65
SW90,2021-06-18,4996.11
SW90,2021-06-19,5220.11
SW90,2021-06-20,6105.28
SW90,2021-06-21,7588.22
SW90,2021-06-22,14502.52
SW90,2021-06-23,17705.78
SW90,2021-06-24,19884.65
SW90,2021-06-25,21234.75
SW90,2021-06-26,21388.72
SW90,2021-06-27,21466.01
SW90,2021-06-28,21388.72
SW90,2021-06-29,21621.18
SW90,2021-06-30,22170.65
SW90,2021-07-01,21933.95
SW90,2021-07-02,21543.5
SW90,2021-07-03,20929.2
SW90,2021-07-04,21234.75
SW90,2021-07-05,22091.55
SW90,2021-07-06,24215.19
SW90,2021-07-07,25680.67
SW90,2021-07-08,25945.75
SW90,2021-07-09,26391.92
SW90,2021-07-10,26034.55
SW90,2021-07-11,25857.17
SW90,2021-07-12,25857.17
SW90,2021-07-13,25680.67
SW90,2021-07-14,25680.67
SW90,2021-07-15,25680.67
SW90,2021-07-16,25505.04
SW90,2021-07-17,24983.32
SW90,2021-07-18,25505.04
SW90,2021-07-19,25330.27
SW90,2021-07-20,25330.27
SW90,2021-07-21,25505.04
SW90,2021-07-22,25857.17
SW90,2021-07-23,26391.92
SW90,2021-07-24,27025.78
SW90,2021-07-25,26752.8
SW90,2021-07-26,26843.57
SW90,2021-07-27,27300.76
SW90,2021-07-28,27577.74
SW90,2021-07-29,28043.86
SW90,2021-07-30,28610.65
SW90,2021-07-31,28705.91
SW90,2021-08-01,27950.19
SW90,2021-08-02,27577.74
SW90,2021-08-03,27670.52
SW90,2021-08-04,28326.24
SW90,2021-08-05,30261.29
SW90,2021-08-06,32289.62
SW90,2021-08-07,33233.52
SW90,2021-08-08,34522.7
SW90,2021-08-09,35959.49
SW90,2021-08-10,36979.04
SW90,2021-08-11,38136.07
SW90,2021-08-12,39080.26
SW90,2021-08-13,40405.82
SW90,2021-08-14,42391.2
SW90,2021-08-15,43667.12
SW90,2021-08-16,45234.39
SW90,2021-08-17,46571.02
SW90,2021-08-18,48212.19
SW90,2021-08-19,50751.36
SW90,2021-08-20,51910.18
SW90,2021-08-21,52202.83
SW90,2021-08-22,52056.35
SW90,2021-08-23,50895.19
SW90,2021-08-24,49752.76
SW90,2021-08-25,48350.81
SW90,2021-08-26,46841.72
SW90,2021-08-27,45102.27
SW90,2021-08-28,44055.22
SW90,2021-08-29,43153.49
SW90,2021-08-30,43025.76
SW90,2021-08-31,43281.48
SW90,2021-09-01,44055.22
SW90,2021-09-02,44707.55
SW90,2021-09-03,45499.48
SW90,2021-09-04,46167.09
SW90,2021-09-05,46571.02
SW90,2021-09-06,47249.88
SW90,2021-09-07,46841.72
SW90,2021-09-08,45366.8
SW90,2021-09-09,43667.12
SW90,2021-09-10,42517.57
SW90,2021-09-11,40895.76
SW90,2021-09-12,39438.63
SW90,2021-09-13,39199.46
SW90,2021-09-14,37323.46
SW90,2021-09-15,35401.89
SW90,2021-09-16,33873.7
SW90,2021-09-17,32497.69
SW90,2021-09-18,31568.93
SW90,2021-09-19,30360.47
SW90,2021-09-20,30162.34
SW90,2021-09-21,30559.53
SW90,2021-09-22,31671.17
SW90,2021-09-23,32082.51
SW90,2021-09-24,32185.95
SW90,2021-09-25,32185.95
SW90,2021-09-26,31466.92
SW90,2021-09-27,30960.46
SW90,2021-09-28,30162.34
SW90,2021-09-29,30559.53
SW90,2021-09-30,30063.63
SW90,2021-10-01,29671.1
SW90,2021-10-02,29089.24
SW90,2021-10-03,28610.65
SW90,2021-10-04,28705.91
SW90,2021-10-05,28801.4
SW90,2021-10-06,28705.91
SW90,2021-10-07,29089.24
SW90,2021-10-08,28801.4
SW90,2021-10-09,28043.86
SW90,2021-10-10,27577.74
SW90,2021-10-11,27025.78
SW90,2021-10-12,26123.56
SW90,2021-10-13,25417.55
SW90,2021-10-14,24469.32
SW90,2021-10-15,23464.19
SW90,2021-10-16,22569.22
SW90,2021-10-17,21466.01
SW90,2021-10-18,20031.52
SW90,2021-10-19,19884.65
SW90,2021-10-20,19811.5
SW90,2021-10-21,20327.61
SW90,2021-10-22,21621.18
SW90,2021-10-23,24046.83
SW90,2021-10-24,25069.73
SW90,2021-10-25,25857.17
SW90,2021-10-26,28515.62
SW90,2021-10-27,28610.65
SW90,2021-10-28,28610.65
SW90,2021-10-29,28610.65
SW90,2021-10-30,28610.65
SW90,2021-10-31,27025.78
SW90,2021-11-01,25243.21
SW90,2021-11-02,23546.8
SW90,2021-11-03,22012.65
SW90,2021-11-04,21234.75
SW90,2021-11-05,20476.82
SW90,2021-11-06,19738.55
SW90,2021-11-07,18878.11
SW90,2021-11-08,18044.99
SW90,2021-11-09,17238.63
SW90,2021-11-10,16458.52
SW90,2021-11-11,15890.34
SW90,2021-11-12,15215.22
SW90,2021-11-13,14678.4
SW90,2021-11-14,14560.98
SW90,2021-11-15,14386.12
SW90,2021-11-16,13870.6
SW90,2021-11-17,13204.08
SW90,2021-11-18,12826.09
SW90,2021-11-19,12508.34
SW90,2021-11-20,12144.84
SW90,2021-11-21,11940.57
SW90,2021-11-22,10766.44
SW90,2021-11-23,7588.22
SW90,2021-11-24,7214.03
SW90,2021-11-25,6938.64
SW90,2021-11-26,6578.53
SW90,2021-11-27,6313.77
SW90,2021-11-28,6209.16
SW90,2021-11-29,5899.76
SW90,2021-11-30,5730.76
SW90,2021-12-01,5663.74
SW90,2021-12-02,5630.35
SW90,2021-12-03,5547.26
SW90,2021-12-04,5431.8
SW90,2021-12-05,5382.63
SW90,2021-12-06,5333.65
SW90,2021-12-07,5333.65
SW90,2021-12-08,5284.86
SW90,2021-12-09,5171.76
SW90,2021-12-10,5139.63
SW90,2021-12-11,5075.63
SW90,2021-12-12,5011.97
SW90,2021-12-13,4885.67
SW90,2021-12-14,4823.03
SW90,2021-12-15,4807.43
SW90,2021-12-16,4791.84
SW90,2021-12-17,4729.71
SW90,2021-12-18,4469.5
SW90,2021-12-19,4334.26
SW90,2021-12-20,4230.3
SW90,2021-12-21,4112.78
SW90,2021-12-22,4011.1
SW90,2021-12-23,3910.5
SW90,2021-12-24,3825.13
SW90,2021-12-25,3768.66
SW90,2021-12-26,3754.6
SW90,2021-12-27,3698.57
SW90,2021-12-28,3642.9
SW90,2021-12-29,3560.07
SW90,2021-12-30,3437.32
SW90,2021-12-31,3369.92
SW90,2022-01-01,3427.61
SW90,2022-01-02,3402.87
SW90,2022-01-03,3329.37
SW90,2022-01-04,3236.05
SW90,2022-01-05,3185.63
SW90,2022-01-06,3129.91
SW90,2022-01-07,3071.97
SW90,2022-01-08,3057.6
SW90,2022-01-09,3034.71
SW90,2022-01-10,3034.71
SW90,2022-01-11,3020.45
SW90,2022-01-12,3006.25
SW90,2022-01-13,2947.08
SW90,2022-01-14,2897.0
SW90,2022-01-15,2847.49
SW90,2022-01-16,2839.3
SW90,2022-01-17,2839.3
SW90,2022-01-18,2839.3
SW90,2022-01-19,2839.3
SW90,2022-01-20,2839.3
SW90,2022-01-21,2825.68
SW90,2022-01-22,2812.1
SW90,2022-01-23,2869.42
SW90,2022-01-24,2975.16
SW90,2022-01-25,3011.93
SW90,2022-01-26,2947.08
SW90,2022-01-27,2888.71
SW90,2022-01-28,2861.19
SW90,2022-01-29,2839.3
SW90,2022-01-30,2842.03
SW90,2022-01-31,2883.19
SW90,2022-02-01,2822.96
SW90,2022-02-02,2793.16
SW90,2022-02-03,2771.63
SW90,2022-02-04,2771.63
SW90,2022-02-05,2774.31
SW90,2022-02-06,2842.03
SW90,2022-02-07,2820.24
SW90,2022-02-08,2812.1
SW90,2022-02-09,2809.39
SW90,2022-02-10,2728.9
SW90,2022-02-11,2715.64
SW90,2022-02-12,2663.03
SW90,2022-02-13,2681.36
SW90,2022-02-14,2777.0
SW90,2022-02-15,2855.7
SW90,2022-02-16,2847.49
SW90,2022-02-17,2822.96
SW90,2022-02-18,2790.46
SW90,2022-02-19,2678.74
SW90,2022-02-20,2585.42
SW90,2022-02-21,2572.64
SW90,2022-02-22,2506.85
SW90,2022-02-23,2432.37
SW90,2022-02-24,2316.34
SW90,2022-02-25,2269.12
SW90,2022-02-26,2206.42
SW90,2022-02-27,2151.68
SW90,2022-02-28,2124.65
SW90,2022-03-01,2064.69
SW90,2022-03-02,2005.89
SW90,2022-03-03,1925.07
SW90,2022-03-04,1862.84
SW90,2022-03-05,1791.99
SW90,2022-03-06,1750.36
SW90,2022-03-07,1742.51
SW90,2022-03-08,1746.43
SW90,2022-03-09,1713.27
SW90,2022-03-10,1686.28
SW90,2022-03-11,1672.89
SW90,2022-03-12,1627.55
SW90,2022-03-13,1586.72
SW90,2022-03-14,1550.21
SW90,2022-03-15,1485.93
SW90,2022-03-16,1413.25
SW90,2022-03-17,1344.66
SW90,2022-03-18,1287.93
SW90,2022-03-19,1272.02
SW90,2022-03-20,1254.67
SW90,2022-03-21,1249.97
SW90,2022-03-22,1289.52
SW90,2022-03-23,1321.77
SW90,2022-03-24,1284.73
SW90,2022-03-25,1262.54
SW90,2022-03-26,1254.67
SW90,2022-03-27,1231.28
SW90,2022-03-28,1226.64
SW90,2022-03-29,1229.73
SW90,2022-03-30,1264.11
SW90,2022-03-31,1273.6
SW90,2022-04-01,1273.6
SW90,2022-04-02,1273.6
SW90,2022-04-03,1284.73
SW90,2022-04-04,1300.75
SW90,2022-04-05,1339.73
SW90,2022-04-06,1354.56
SW90,2022-04-07,1354.56
SW90,2022-04-08,1339.73
SW90,2022-04-09,1430.33
SW90,2022-04-10,1553.83
SW90,2022-04-11,1732.72
SW90,2022-04-12,1869.0
SW90,2022-04-13,1914.6
SW90,2022-04-14,1902.09
SW90,2022-04-15,1866.95
SW90,2022-04-16,1836.31
SW90,2022-04-17,1866.95
SW90,2022-04-18,1925.07
SW90,2022-04-19,1954.59
SW90,2022-04-20,1902.09
SW90,2022-04-21,1883.43
SW90,2022-04-22,1902.09
SW90,2022-04-23,1967.33
SW90,2022-04-24,1986.55
SW90,2022-04-25,1935.58
SW90,2022-04-26,1812.04
SW90,2022-04-27,1713.27
SW90,2022-04-28,1618.21
SW90,2022-04-29,1564.74
SW90,2022-04-30,1553.83
SW90,2022-05-01,1562.92
SW90,2022-05-02,1577.54
SW90,2022-05-03,1616.34
SW90,2022-05-04,1721.03
SW90,2022-05-05,1732.72
SW90,2022-05-06,1665.28
SW90,2022-05-07,1553.83
SW90,2022-05-08,1482.41
SW90,2022-05-09,1421.77
SW90,2022-05-10,1396.31
SW90,2022-05-11,1409.85
SW90,2022-05-12,1372.82
SW90,2022-05-13,1379.5
SW90,2022-05-14,1391.25
SW90,2022-05-15,1411.55
SW90,2022-05-16,1456.21
SW90,2022-05-17,1535.76
SW90,2022-05-18,1644.45
SW90,2022-05-19,1946.12
SW90,2022-05-20,2676.12
SW90,2022-05-21,3296.05
SW90,2022-05-22,3565.86
SW90,2022-05-23,3840.2
SW90,2022-05-24,3972.29
SW90,2022-05-25,3958.6
SW90,2022-05-26,3836.85
SW90,2022-05-27,3562.68
SW90,2022-05-28,3359.87
SW90,2022-05-29,3209.29
SW90,2022-05-30,3109.55
SW90,2022-05-31,3074.85
SW90,2022-06-01,3046.14
SW90,2022-06-02,3009.09
SW90,2022-06-03,2963.9
SW90,2022-06-04,2944.28
SW90,2022-06-05,2888.71
SW90,2022-06-06,2877.68
SW90,2022-06-07,2983.61
SW90,2022-06-08,3135.74
SW90,2022-06-09,3293.03
SW90,2022-06-10,3578.62
SW90,2022-06-11,3770.32
SW90,2022-06-12,3979.15
SW90,2022-06-13,4497.84
SW90,2022-06-14,5080.71
SW90,2022-06-15,5462.38
SW90,2022-06-16,5885.05
SW90,2022-06-17,6452.17
SW90,2022-06-18,7321.68
SW90,2022-06-19,7952.06
SW90,2022-06-20,9054.9
SW90,2022-06-21,10392.37
SW90,2022-06-22,11224.17
SW90,2022-06-23,11935.34
SW90,2022-06-24,12835.93
SW90,2022-06-25,12533.58
SW90,2022-06-26,11376.43
SW90,2022-06-27,9969.45
SW90,2022-06-28,9464.71
SW90,2022-06-29,9300.73
SW90,2022-06-30,9567.28
SW90,2022-07-01,10828.38
SW90,2022-07-02,12601.39
SW90,2022-07-03,13994.24
SW90,2022-07-04,15227.88
SW90,2022-07-05,15554.09
SW90,2022-07-06,15977.74
SW90,2022-07-07,15183.29
SW90,2022-07-08,13733.88
SW90,2022-07-09,12855.62
SW90,2022-07-10,11851.64
SW90,2022-07-11,11055.78
SW90,2022-07-12,10451.44
SW90,2022-07-13,10059.58
SW90,2022-07-14,9969.45
SW90,2022-07-15,9710.66
SW90,2022-07-16,9646.74
SW90,2022-07-17,9535.63
SW90,2022-07-18,9449.0
SW90,2022-07-19,9324.03
SW90,2022-07-20,9123.55
SW90,2022-07-21,8933.8
SW90,2022-07-22,8769.24
SW90,2022-07-23,9016.92
SW90,2022-07-24,9200.27
SW90,2022-07-25,9888.04
SW90,2022-07-26,11639.68
SW90,2022-07-27,13284.35
SW90,2022-07-28,14873.82
SW90,2022-07-29,16504.38
SW90,2022-07-30,17720.43
SW90,2022-07-31,18661.92
SW90,2022-08-01,19964.93
SW90,2022-08-02,21477.31
SW90,2022-08-03,22606.01
SW90,2022-08-04,25236.08
SW90,2022-08-05,26055.69
SW90,2022-08-06,26928.74
SW90,2022-08-07,27390.47
SW90,2022-08-08,27528.4
SW90,2022-08-09,27459.37
SW90,2022-08-10,27235.92
SW90,2022-08-11,26439.23
SW90,2022-08-12,24641.92
SW90,2022-08-13,24293.57
SW90,2022-08-14,23793.38
SW90,2022-08-15,22412.45
SW90,2022-08-16,20767.0
SW90,2022-08-17,19518.91
SW90,2022-08-18,18857.17
SW90,2022-08-19,18237.62
SW90,2022-08-20,18135.84
SW90,2022-08-21,18506.8
SW90,2022-08-22,20183.87
SW90,2022-08-23,23530.77
SW90,2022-08-24,26422.47
SW90,2022-08-25,27373.27
SW90,2022-08-26,27614.86
SW90,2022-08-27,27910.33
SW90,2022-08-28,28721.52
SW90,2022-08-29,29223.73
SW90,2022-08-30,29970.75
SW90,2022-08-31,31108.11
SW90,2022-09-01,32843.91
SW90,2022-09-02,34303.48
SW90,2022-09-03,35288.9
SW90,2022-09-04,36913.08
SW90,2022-09-05,37931.17
SW90,2022-09-06,39193.49
SW90,2022-09-07,39350.62
SW90,2022-09-08,38481.07
SW90,2022-09-09,36401.05
SW90,2022-09-10,33021.34
SW90,2022-09-11,30769.24
SW90,2022-09-12,29097.58
SW90,2022-09-13,28810.73
SW90,2022-09-14,27390.47
SW90,2022-09-15,25890.22
SW90,2022-09-16,24977.86
SW90,2022-09-17,24152.12
SW90,2022-09-18,23027.1
SW90,2022-09-19,22531.42
SW90,2022-09-20,23793.38
SW90,2022-09-21,24881.54
SW90,2022-09-22,25203.69
SW90,2022-09-23,25857.22
SW90,2022-09-24,27218.79
SW90,2022-09-25,28614.74
SW90,2022-09-26,29878.9
SW90,2022-09-27,30638.2
SW90,2022-09-28,30863.1
SW90,2022-09-29,30863.1
SW90,2022-09-30,29952.36
SW90,2022-10-01,28775.02
SW90,2022-10-02,28260.92
SW90,2022-10-03,27753.61
SW90,2022-10-04,27321.7
SW90,2022-10-05,26105.48
SW90,2022-10-06,24849.49
SW90,2022-10-07,24610.1
SW90,2022-10-08,23886.58
SW90,2022-10-09,23808.9
SW90,2022-10-10,24246.35
SW90,2022-10-11,24785.49
SW90,2022-10-12,26171.98
SW90,2022-10-13,29169.61
SW90,2022-10-14,31089.22
SW90,2022-10-15,32549.77
SW90,2022-10-16,33597.85
SW90,2022-10-17,33939.23
SW90,2022-10-18,34242.57
SW90,2022-10-19,34670.6
SW90,2022-10-20,34916.95
SW90,2022-10-21,34527.49
SW90,2022-10-22,33398.22
SW90,2022-10-23,31070.33
SW90,2022-10-24,28596.97
SW90,2022-10-25,25906.73
SW90,2022-10-26,23855.49
SW90,2022-10-27,22234.87
SW90,2022-10-28,20865.39
SW90,2022-10-29,19532.31
SW90,2022-10-30,18545.49
SW90,2022-10-31,17933.54
SW90,2022-11-01,12669.47
SW90,2022-11-02,12000.75
SW90,2022-11-03,11242.01
SW90,2022-11-04,10819.71
SW90,2022-11-05,10274.99
SW90,2022-11-06,9782.94
SW90,2022-11-07,9200.27
SW90,2022-11-08,8724.75
SW90,2022-11-09,8454.07
SW90,2022-11-10,7862.58
SW90,2022-11-11,7611.98
SW90,2022-11-12,7243.95
SW90,2022-11-13,6926.6
SW90,2022-11-14,6625.67
SW90,2022-11-15,6334.48
SW90,2022-11-16,6143.78
SW90,2022-11-17,5846.39
SW90,2022-11-18,5709.87
SW90,2022-11-19,5441.16
SW90,2022-11-20,5162.09
SW90,2022-11-21,4968.24
SW90,2022-11-22,4798.82
SW90,2022-11-23,4660.02
SW90,2022-11-24,4621.96
SW90,2022-11-25,4456.97
SW90,2022-11-26,4303.25
SW90,2022-11-27,4185.01
SW90,2022-11-28,4220.61
SW90,2022-11-29,4170.83
SW90,2022-11-30,4027.36
SW90,2022-12-01,3917.73
SW90,2022-12-02,3813.48
SW90,2022-12-03,3714.39
SW90,2022-12-04,3642.84
SW90,2022-12-05,3581.81
SW90,2022-12-06,3468.07
SW90,2022-12-07,3372.11
SW90,2022-12-08,3250.98
SW90,2022-12-09,3203.36
SW90,2022-12-10,3176.78
SW90,2022-12-11,3141.58
SW90,2022-12-12,3020.45
SW90,2022-12-13,2941.49
SW90,2022-12-14,2894.23
SW90,2022-12-15,2861.19
SW90,2022-12-16,2839.3
SW90,2022-12-17,2801.27
SW90,2022-12-18,2734.22
SW90,2022-12-19,2673.5
SW90,2022-12-20,2626.62
SW90,2022-12-21,2544.66
SW90,2022-12-22,2481.85
SW90,2022-12-23,2427.46
SW90,2022-12-24,2361.81
SW90,2022-12-25,2321.1
SW90,2022-12-26,2262.1
SW90,2022-12-27,2192.65
SW90,2022-12-28,2169.82
SW90,2022-12-29,2071.3
SW90,2022-12-30,2021.03
SW90,2022-12-31,1846.48
SW90,2023-01-01,1490.39
SW90,2023-01-02,1417.17
SW90,2023-01-03,1371.62
SW90,2023-01-04,1362.63
SW90,2023-01-05,1377.03
SW90,2023-01-06,1357.26
SW90,2023-01-07,1330.64
SW90,2023-01-08,1311.36
SW90,2023-01-09,1276.81
SW90,2023-01-10,1234.55
SW90,2023-01-11,1167.43
SW90,2023-01-12,1120.01
SW90,2023-01-13,1087.64
SW90,2023-01-14,1058.95
SW90,2023-01-15,1013.29
SW90,2023-01-16,969.07
SW90,2023-01-17,956.49
SW90,2023-01-18,957.88
SW90,2023-01-19,976.1
SW90,2023-01-20,1004.62
SW90,2023-01-21,1036.67
SW90,2023-01-22,1048.51
SW90,2023-01-23,1050.0
SW90,2023-01-24,1050.0
SW90,2023-01-25,1029.33
SW90,2023-01-26,996.0
SW90,2023-01-27,991.72
SW90,2023-01-28,973.28
SW90,2023-01-29,963.46
SW90,2023-01-30,964.86
SW90,2023-01-31,976.1
SW90,2023-02-01,957.88
SW90,2023-02-02,937.16
SW90,2023-02-03,910.04
SW90,2023-02-04,916.76
SW90,2023-02-05,930.33
SW90,2023-02-06,937.16
SW90,2023-02-07,914.07
SW90,2023-02-08,880.85
SW90,2023-02-09,842.15
SW90,2023-02-10,820.76
SW90,2023-02-11,803.45
SW90,2023-02-12,793.67
SW90,2023-02-13,792.46
SW90,2023-02-14,780.37
SW90,2023-02-15,767.23
SW90,2023-02-16,748.4
SW90,2023-02-17,733.35
SW90,2023-02-18,721.91
SW90,2023-02-19,691.69
SW90,2023-02-20,648.59
SW90,2023-02-21,612.49
SW90,2023-02-22,578.82
SW90,2023-02-23,565.36
SW90,2023-02-24,547.44
SW90,2023-02-25,529.02
SW90,2023-02-26,516.39
SW90,2023-02-27,510.16
SW90,2023-02-28,492.66
SW90,2023-03-01,484.07
SW90,2023-03-02,475.59
SW90,2023-03-03,458.13
SW90,2023-03-04,440.33
SW90,2023-03-05,419.17
SW90,2023-03-06,416.1
SW90,2023-03-07,423.03
SW90,2023-03-08,416.1
SW90,2023-03-09,412.29
SW90,2023-03-10,412.29
SW90,2023-03-11,406.23
SW90,2023-03-12,398.75
SW90,2023-03-13,394.32
SW90,2023-03-14,402.48
SW90,2023-03-15,404.73
SW90,2023-03-16,404.73
SW90,2023-03-17,408.49
SW90,2023-03-18,408.49
SW90,2023-03-19,412.29
SW90,2023-03-20,412.29
SW90,2023-03-21,412.29
SW90,2023-03-22,409.25
SW90,2023-03-23,392.84
SW90,2023-03-24,362.84
SW90,2023-03-25,351.18
SW90,2023-03-26,374.07
SW90,2023-03-27,391.38
SW90,2023-03-28,399.5
SW90,2023-03-29,413.81
SW90,2023-03-30,417.64
SW90,2023-03-31,403.23
SW90,2023-04-01,400.99
SW90,2023-04-02,401.73
SW90,2023-04-03,400.99
SW90,2023-04-04,407.74
SW90,2023-04-05,429.27
SW90,2023-04-06,457.31
SW90,2023-04-07,470.55
SW90,2023-04-08,441.13
SW90,2023-04-09,417.64
SW90,2023-04-10,400.99
SW90,2023-04-11,387.73
SW90,2023-04-12,386.27
SW90,2023-04-13,382.65
SW90,2023-04-14,382.65
SW90,2023-04-15,382.65
SW90,2023-04-16,382.65
SW90,2023-04-17,382.65
SW90,2023-04-18,386.27
SW90,2023-04-19,389.91
SW90,2023-04-20,395.79
SW90,2023-04-21,400.99
SW90,2023-04-22,404.73
SW90,2023-04-23,407.74
SW90,2023-04-24,392.11
SW90,2023-04-25,389.91
SW90,2023-04-26,389.91
SW90,2023-04-27,390.64
SW90,2023-04-28,392.11
SW90,2023-04-29,384.82
SW90,2023-04-30,389.91
SW90,2023-05-01,390.64
SW90,2023-05-02,406.23
SW90,2023-05-03,408.49
SW90,2023-05-04,408.49
SW90,2023-05-05,409.25
SW90,2023-05-06,416.1
SW90,2023-05-07,410.77
SW90,2023-05-08,400.99
SW90,2023-05-09,388.45
SW90,2023-05-10,381.93
SW90,2023-05-11,389.91
SW90,2023-05-12,395.05
SW90,2023-05-13,438.74
SW90,2023-05-14,469.72
SW90,2023-05-15,491.8
SW90,2023-05-16,495.26
SW90,2023-05-17,511.94
SW90,2023-05-18,525.39
SW90,2023-05-19,507.51
SW90,2023-05-20,490.07
SW90,2023-05-21,478.97
SW90,2023-05-22,475.59
SW90,2023-05-23,464.72
SW90,2023-05-24,465.55
SW90,2023-05-25,463.89
SW90,2023-05-26,470.55
SW90,2023-05-27,479.82
SW90,2023-05-28,489.21
SW90,2023-05-29,485.78
SW90,2023-05-30,495.26
SW90,2023-05-31,505.75
SW90,2023-06-01,525.39
SW90,2023-06-02,538.17
SW90,2023-06-03,570.14
SW90,2023-06-04,619.59
SW90,2023-06-05,637.09
SW90,2023-06-06,625.73
SW90,2023-06-07,610.47
SW90,2023-06-08,543.72
SW90,2023-06-09,527.2
SW90,2023-06-10,542.79
SW90,2023-06-11,540.02
SW90,2023-06-12,516.39
SW90,2023-06-13,519.98
SW90,2023-06-14,519.98
SW90,2023-06-15,538.17
SW90,2023-06-16,565.36
SW90,2023-06-17,643.34
SW90,2023-06-18,876.93
SW90,2023-06-19,1422.71
SW90,2023-06-20,2093.24
SW90,2023-06-21,2669.22
SW90,2023-06-22,3282.98
SW90,2023-06-23,3596.18
SW90,2023-06-24,3775.42
SW90,2023-06-25,3816.53
SW90,2023-06-26,3621.41
SW90,2023-06-27,3454.46
SW90,2023-06-28,3454.46
SW90,2023-06-29,3437.03
SW90,2023-06-30,3337.17
SW90,2023-07-01,3209.5
SW90,2023-07-02,3176.5
SW90,2023-07-03,3760.56
SW90,2023-07-04,4510.2
SW90,2023-07-05,4920.36
SW90,2023-07-06,5535.67
SW90,2023-07-07,6441.29
SW90,2023-07-08,7442.45
SW90,2023-07-09,8391.1
SW90,2023-07-10,8931.0
SW90,2023-07-11,9337.7
SW90,2023-07-12,9437.82
SW90,2023-07-13,9560.42
SW90,2023-07-14,9772.21
SW90,2023-07-15,10327.85
SW90,2023-07-16,11350.08
SW90,2023-07-17,12416.66
SW90,2023-07-18,12823.35
SW90,2023-07-19,12751.94
SW90,2023-07-20,12601.15
SW90,2023-07-21,12565.86
SW90,2023-07-22,12823.35
SW90,2023-07-23,12787.61
SW90,2023-07-24,12495.49
SW90,2023-07-25,12139.25
SW90,2023-07-26,12027.84
SW90,2023-07-27,12654.23
SW90,2023-07-28,13395.72
SW90,2023-07-29,14014.75
SW90,2023-07-30,14273.81
SW90,2023-07-31,14516.72
SW90,2023-08-01,14732.92
SW90,2023-08-02,15395.37
SW90,2023-08-03,15672.42
SW90,2023-08-04,15890.37
SW90,2023-08-05,16005.4
SW90,2023-08-06,15713.77
SW90,2023-08-07,15466.86
SW90,2023-08-08,15446.41
SW90,2023-08-09,15900.8
SW90,2023-08-10,17611.7
SW90,2023-08-11,19523.17
SW90,2023-08-12,20507.58
SW90,2023-08-13,21670.04
SW90,2023-08-14,22275.29
SW90,2023-08-15,22528.78
SW90,2023-08-16,22933.24
SW90,2023-08-17,22973.97
SW90,2023-08-18,22865.47
SW90,2023-08-19,22743.85
SW90,2023-08-20,22368.44
SW90,2023-08-21,21774.45
SW90,2023-08-22,20520.1
SW90,2023-08-23,20146.71
SW90,2023-08-24,19198.72
SW90,2023-08-25,18468.34
SW90,2023-08-26,18271.61
SW90,2023-08-27,18317.76
SW90,2023-08-28,19162.91
SW90,2023-08-29,20146.71
SW90,2023-08-30,20923.83
SW90,2023-08-31,21826.78
SW90,2023-09-01,22502.0
SW90,2023-09-02,22851.94
SW90,2023-09-03,22784.34
SW90,2023-09-04,22275.29
SW90,2023-09-05,21358.99
SW90,2023-09-06,20245.8
SW90,2023-09-07,19342.44
SW90,2023-09-08,18099.27
SW90,2023-09-09,17056.69
SW90,2023-09-10,15953.04
SW90,2023-09-11,14941.43
SW90,2023-09-12,14119.88
SW90,2023-09-13,13543.95
SW90,2023-09-14,13212.07
SW90,2023-09-15,12787.61
SW90,2023-09-16,12346.88
SW90,2023-09-17,11951.14
SW90,2023-09-18,11798.78
SW90,2023-09-19,12139.25
SW90,2023-09-20,12390.46
SW90,2023-09-21,12486.71
SW90,2023-09-22,12530.64
SW90,2023-09-23,12967.02
SW90,2023-09-24,13938.65
SW90,2023-09-25,16152.66
SW90,2023-09-26,17488.51
SW90,2023-09-27,18306.22
SW90,2023-09-28,18573.11
SW90,2023-09-29,18398.73
SW90,2023-09-30,18503.22
SW90,2023-10-01,18410.32
SW90,2023-10-02,17894.01
SW90,2023-10-03,17056.69
SW90,2023-10-04,16578.75
SW90,2023-10-05,16718.94
SW90,2023-10-06,16643.35
SW90,2023-10-07,16503.61
SW90,2023-10-08,16838.23
SW90,2023-10-09,17544.43
SW90,2023-10-10,17758.1
SW90,2023-10-11,17443.86
SW90,2023-10-12,16686.52
SW90,2023-10-13,15755.2
SW90,2023-10-14,14802.19
SW90,2023-10-15,14052.92
SW90,2023-10-16,13358.84
SW90,2023-10-17,12425.4
SW90,2023-10-18,11506.53
SW90,2023-10-19,10637.44
SW90,2023-10-20,9890.48
SW90,2023-10-21,9287.92
SW90,2023-10-22,8543.85
SW90,2023-10-23,7919.23
SW90,2023-10-24,7448.5
SW90,2023-10-25,6940.42
SW90,2023-10-26,6556.66
SW90,2023-10-27,6204.29
SW90,2023-10-28,5835.13
SW90,2023-10-29,5550.38
SW90,2023-10-30,5394.96
SW90,2023-10-31,5271.0
SW90,2023-11-01,4970.04
SW90,2023-11-02,4755.86
SW90,2023-11-03,4677.27
SW90,2023-11-04,4459.67
SW90,2023-11-05,4201.01
SW90,2023-11-06,3991.89
SW90,2023-11-07,3988.01
SW90,2023-11-08,3831.55
SW90,2023-11-09,3679.54
SW90,2023-11-10,3596.18
SW90,2023-11-11,3447.48
SW90,2023-11-12,3350.82
SW90,2023-11-13,3286.35
SW90,2023-11-14,3262.82
SW90,2023-11-15,3163.36
SW90,2023-11-16,2949.11
SW90,2023-11-17,2927.34
SW90,2023-11-18,2927.34
SW90,2023-11-19,2754.35
SW90,2023-11-20,2474.26
SW90,2023-11-21,2344.8
SW90,2023-11-22,2400.82
SW90,2023-11-23,2355.4
SW90,2023-11-24,2230.47
SW90,2023-11-25,2100.56
SW90,2023-11-26,2071.37
SW90,2023-11-27,2117.73
SW90,2023-11-28,2139.94
SW90,2023-11-29,2134.99
SW90,2023-11-30,2120.19
SW90,2023-12-01,2064.12
SW90,2023-12-02,1943.61
SW90,2023-12-03,1888.68
SW90,2023-12-04,1846.0
SW90,2023-12-05,1734.83
SW90,2023-12-06,1682.13
SW90,2023-12-07,1659.32
SW90,2023-12-08,1636.72
SW90,2023-12-09,1588.18
SW90,2023-12-10,1578.2
SW90,2023-12-11,1562.33
SW90,2023-12-12,1556.4
SW90,2023-12-13,1521.2
SW90,2023-12-14,1478.96
SW90,2023-12-15,1445.02
SW90,2023-12-16,1387.89
SW90,2023-12-17,1351.91
SW90,2023-12-18,1311.36
SW90,2023-12-19,1226.22
SW90,2023-12-20,1148.29
SW90,2023-12-21,1129.38
SW90,2023-12-22,1126.25
SW90,2023-12-23,1130.95
SW90,2023-12-24,1126.25
SW90,2023-12-25,1112.24
SW90,2023-12-26,1078.52
SW90,2023-12-27,1019.1
SW90,2023-12-28,926.24
SW90,2023-12-29,876.93
SW90,2023-12-30,875.62
SW90,2023-12-31,869.11
SW90,2024-01-01,1271.73
SW90,2024-01-02,1211.52
SW90,2024-01-03,1152.93
SW90,2024-01-04,1112.89
SW90,2024-01-05,1084.76
SW90,2024-01-06,1035.16
SW90,2024-01-07,1008.15
SW90,2024-01-08,986.84
SW90,2024-01-09,965.78
SW90,2024-01-10,934.66
SW90,2024-01-11,904.12
SW90,2024-01-12,889.05
SW90,2024-01-13,864.27
SW90,2024-01-14,844.72
SW90,2024-01-15,830.22
SW90,2024-01-16,820.63
SW90,2024-01-17,811.1
SW90,2024-01-18,815.86
SW90,2024-01-19,811.1
SW90,2024-01-20,811.1
SW90,2024-01-21,811.1
SW90,2024-01-22,801.64
SW90,2024-01-23,787.56
SW90,2024-01-24,782.9
SW90,2024-01-25,792.24
SW90,2024-01-26,811.1
SW90,2024-01-27,820.63
SW90,2024-01-28,825.41
SW90,2024-01-29,830.22
SW90,2024-01-30,835.03
SW90,2024-01-31,825.41
SW90,2024-02-01,801.64
SW90,2024-02-02,792.24
SW90,2024-02-03,782.9
SW90,2024-02-04,773.62
SW90,2024-02-05,769.0
SW90,2024-02-06,759.82
SW90,2024-02-07,746.16
SW90,2024-02-08,728.15
SW90,2024-02-09,697.24
SW90,2024-02-10,671.34
SW90,2024-02-11,658.59
SW90,2024-02-12,645.98
SW90,2024-02-13,637.65
SW90,2024-02-14,617.08
SW90,2024-02-15,600.9
SW90,2024-02-16,581.01
SW90,2024-02-17,569.26
SW90,2024-02-18,569.26
SW90,2024-02-19,565.37
SW90,2024-02-20,569.26
SW90,2024-02-21,557.64
SW90,2024-02-22,561.5
SW90,2024-02-23,569.26
SW90,2024-02-24,565.37
SW90,2024-02-25,573.16
SW90,2024-02-26,588.92
SW90,2024-02-27,621.17
SW90,2024-02-28,641.81
SW90,2024-02-29,645.98
SW90,2024-03-01,650.17
SW90,2024-03-02,654.37
SW90,2024-03-03,645.98
SW90,2024-03-04,633.5
SW90,2024-03-05,613.02
SW90,2024-03-06,596.89
SW90,2024-03-07,584.96
SW90,2024-03-08,588.92
SW90,2024-03-09,596.89
SW90,2024-03-10,600.9
SW90,2024-03-11,600.9
SW90,2024-03-12,592.9
SW90,2024-03-13,617.08
SW90,2024-03-14,629.38
SW90,2024-03-15,625.26
SW90,2024-03-16,613.02
SW90,2024-03-17,588.92
SW90,2024-03-18,573.16
SW90,2024-03-19,569.26
SW90,2024-03-20,569.26
SW90,2024-03-21,584.96
SW90,2024-03-22,592.9
SW90,2024-03-23,565.37
SW90,2024-03-24,497.91
SW90,2024-03-25,452.15
SW90,2024-03-26,452.15
SW90,2024-03-27,469.46
SW90,2024-03-28,490.71
SW90,2024-03-29,516.17
SW90,2024-03-30,527.3
SW90,2024-03-31,534.8
SW90,2024-04-01,557.64
SW90,2024-04-02,588.92
SW90,2024-04-03,608.96
SW90,2024-04-04,600.9
SW90,2024-04-05,592.9
SW90,2024-04-06,592.9
SW90,2024-04-07,596.89
SW90,2024-04-08,600.9
SW90,2024-04-09,600.9
SW90,2024-04-10,596.89
SW90,2024-04-11,604.93
SW90,2024-04-12,604.93
SW90,2024-04-13,600.9
SW90,2024-04-14,573.16
SW90,2024-04-15,542.35
SW90,2024-04-16,531.04
SW90,2024-04-17,546.15
SW90,2024-04-18,561.5
SW90,2024-04-19,549.97
SW90,2024-04-20,531.04
SW90,2024-04-21,519.87
SW90,2024-04-22,519.87
SW90,2024-04-23,531.04
SW90,2024-04-24,581.01
SW90,2024-04-25,633.5
SW90,2024-04-26,654.37
SW90,2024-04-27,667.07
SW90,2024-04-28,671.34
SW90,2024-04-29,671.34
SW90,2024-04-30,667.07
SW90,2024-05-01,671.34
SW90,2024-05-02,688.54
SW90,2024-05-03,697.24
SW90,2024-05-04,662.82
SW90,2024-05-05,625.26
SW90,2024-05-06,625.26
SW90,2024-05-07,641.81
SW90,2024-05-08,625.26
SW90,2024-05-09,637.65
SW90,2024-05-10,650.17
SW90,2024-05-11,684.22
SW90,2024-05-12,684.22
SW90,2024-05-13,654.37
SW90,2024-05-14,637.65
SW90,2024-05-15,621.17
SW90,2024-05-16,592.9
SW90,2024-05-17,573.16
SW90,2024-05-18,573.16
SW90,2024-05-19,577.08
SW90,2024-05-20,577.08
SW90,2024-05-21,581.01
SW90,2024-05-22,588.92
SW90,2024-05-23,604.93
SW90,2024-05-24,617.08
SW90,2024-05-25,633.5
SW90,2024-05-26,692.88
SW90,2024-05-27,914.24
SW90,2024-05-28,965.78
SW90,2024-05-29,909.17
SW90,2024-05-30,859.35
SW90,2024-05-31,806.36
SW90,2024-06-01,796.93
SW90,2024-06-02,839.87
SW90,2024-06-03,924.42
SW90,2024-06-04,1040.6
SW90,2024-06-05,1229.41
SW90,2024-06-06,1422.92
SW90,2024-06-07,1556.21
SW90,2024-06-08,1696.18
SW90,2024-06-09,1739.49
SW90,2024-06-10,1761.38
SW90,2024-06-11,1710.55
SW90,2024-06-12,1632.36
SW90,2024-06-13,1549.38
SW90,2024-06-14,1529.02
SW90,2024-06-15,1495.4
SW90,2024-06-16,1502.09
SW90,2024-06-17,1611.39
SW90,2024-06-18,1790.79
SW90,2024-06-19,2059.86
SW90,2024-06-20,2419.47
SW90,2024-06-21,2792.7
SW90,2024-06-22,2198.99
SW90,2024-06-23,2576.9
SW90,2024-06-24,2910.98
SW90,2024-06-25,2784.15
SW90,2024-06-26,2273.86
SW90,2024-06-27,3035.04
SW90,2024-06-28,3054.92
SW90,2024-06-29,2429.62
SW90,2024-06-30,3023.3
SW90,2024-07-01,3042.34
SW90,2024-07-02,3119.48
SW90,2024-07-03,3771.1
SW90,2024-07-04,4903.45
SW90,2024-07-05,6088.11
SW90,2024-07-06,7069.9
SW90,2024-07-07,7527.11
SW90,2024-07-08,7764.3
SW90,2024-07-09,8554.6
SW90,2024-07-10,9979.18
SW90,2024-07-11,11806.11
SW90,2024-07-12,14401.67
SW90,2024-07-13,16683.44
SW90,2024-07-14,18754.91
SW90,2024-07-15,20588.59
SW90,2024-07-16,21378.3
SW90,2024-07-17,21917.93
SW90,2024-07-18,21827.25
SW90,2024-07-19,21736.87
SW90,2024-07-20,20936.67
SW90,2024-07-21,19654.87
SW90,2024-07-22,18674.74
SW90,2024-07-23,18121.09
SW90,2024-07-24,17580.49
SW90,2024-07-25,17277.34
SW90,2024-07-26,17428.39
SW90,2024-07-27,17504.31
SW90,2024-07-28,17052.7
SW90,2024-07-29,16610.35
SW90,2024-07-30,16105.77
SW90,2024-07-31,15200.87
SW90,2024-08-01,14797.01
SW90,2024-08-02,15065.29
SW90,2024-08-03,15337.4
SW90,2024-08-04,16392.59
SW90,2024-08-05,17052.7
SW90,2024-08-06,17504.31
SW90,2024-08-07,17887.82
SW90,2024-08-08,19078.32
SW90,2024-08-09,20416.27
SW90,2024-08-10,21917.93
SW90,2024-08-11,22283.62
SW90,2024-08-12,24779.71
SW90,2024-08-13,26317.08
SW90,2024-08-14,27059.82
SW90,2024-08-15,27928.82
SW90,2024-08-16,28260.32
SW90,2024-08-17,28932.64
SW90,2024-08-18,28819.72
SW90,2024-08-19,29045.91
SW90,2024-08-20,28260.32
SW90,2024-08-21,27383.15
SW90,2024-08-22,26845.94
SW90,2024-08-23,26527.63
SW90,2024-08-24,26633.4
SW90,2024-08-25,26317.08
SW90,2024-08-26,26845.94
SW90,2024-08-27,26845.94
SW90,2024-08-28,26527.63
SW90,2024-08-29,26739.5
SW90,2024-08-30,26422.19
SW90,2024-08-31,25796.49
SW90,2024-09-01,24980.49
SW90,2024-09-02,24381.98
SW90,2024-09-03,24185.01
SW90,2024-09-04,23891.92
SW90,2024-09-05,23409.68
SW90,2024-09-06,23409.68
SW90,2024-09-07,22841.17
SW90,2024-09-08,21736.87
SW90,2024-09-09,20936.67
SW90,2024-09-10,19990.45
SW90,2024-09-11,19241.66
SW90,2024-09-12,18916.07
SW90,2024-09-13,17733.63
SW90,2024-09-14,17428.39
SW90,2024-09-15,17580.49
SW90,2024-09-16,17504.31
SW90,2024-09-17,16830.38
SW90,2024-09-18,17887.82
SW90,2024-09-19,19906.13
SW90,2024-09-20,22100.18
SW90,2024-09-21,23891.92
SW90,2024-09-22,26633.4
SW90,2024-09-23,28483.04
SW90,2024-09-24,29732.91
SW90,2024-09-25,30906.38
SW90,2024-09-26,31385.88
SW90,2024-09-27,30550.57
SW90,2024-09-28,29964.74
SW90,2024-09-29,28819.72
SW90,2024-09-30,27928.82
SW90,2024-10-01,27928.82
SW90,2024-10-02,28038.98
SW90,2024-10-03,28371.51
SW90,2024-10-04,28819.72
SW90,2024-10-05,29617.53
SW90,2024-10-06,29617.53
SW90,2024-10-07,28594.92
SW90,2024-10-08,26422.19
SW90,2024-10-09,24087.0
SW90,2024-10-10,22191.75
SW90,2024-10-11,20502.28
SW90,2024-10-12,18997.06
SW90,2024-10-13,18043.07
SW90,2024-10-14,17127.32
SW90,2024-10-15,16177.1
SW90,2024-10-16,15337.4
SW90,2024-10-17,14664.29
SW90,2024-10-18,13698.57
SW90,2024-10-19,12665.57
SW90,2024-10-20,11695.09
SW90,2024-10-21,11099.12
SW90,2024-10-22,10175.86
SW90,2024-10-23,9453.77
SW90,2024-10-24,8905.77
SW90,2024-10-25,8597.89
SW90,2024-10-26,8089.7
SW90,2024-10-27,7684.59
SW90,2024-10-28,7257.66
SW90,2024-10-29,7182.09
SW90,2024-10-30,6922.48
SW90,2024-10-31,6634.92
SW90,2024-11-01,6221.35
SW90,2024-11-02,5989.67
SW90,2024-11-03,5701.88
SW90,2024-11-04,5276.02
SW90,2024-11-05,5101.38
SW90,2024-11-06,4903.45
SW90,2024-11-07,4604.71
SW90,2024-11-08,4320.54
SW90,2024-11-09,4171.48
SW90,2024-11-10,4002.75
SW90,2024-11-11,3862.45
SW90,2024-11-12,3659.32
SW90,2024-11-13,3485.92
SW90,2024-11-14,3528.65
SW90,2024-11-15,3507.24
SW90,2024-11-16,3401.7
SW90,2024-11-17,3319.09
SW90,2024-11-18,3360.19
SW90,2024-11-19,3401.7
SW90,2024-11-20,3339.59
SW90,2024-11-21,3198.15
SW90,2024-11-22,3298.68
SW90,2024-11-23,3464.71
SW90,2024-11-24,3464.71
SW90,2024-11-25,3380.89
SW90,2024-11-26,3401.7
SW90,2024-11-27,3528.65
SW90,2024-11-28,3528.65
SW90,2024-11-29,3422.6
SW90,2024-11-30,3485.92
SW90,2024-12-01,3793.77
SW90,2024-12-02,3839.45
SW90,2024-12-03,3748.53
SW90,2024-12-04,3464.71
SW90,2024-12-05,3443.61
SW90,2024-12-06,3593.51
SW90,2024-12-07,3703.71
SW90,2024-12-08,3681.46
SW90,2024-12-09,3528.65
SW90,2024-12-10,2910.98
SW90,2024-12-11,2429.62
SW90,2024-12-12,2198.99
SW90,2024-12-13,2097.47
SW90,2024-12-14,3074.86
SW90,2024-12-15,3005.37
SW90,2024-12-16,2821.19
SW90,2024-12-17,2830.72
SW90,2024-12-18,2975.85
SW90,2024-12-19,2927.03
SW90,2024-12-20,2840.27
SW90,2024-12-21,2708.21
SW90,2024-12-22,2625.16
SW90,2024-12-23,2588.72
SW90,2024-12-24,2579.65
SW90,2024-12-25,2570.6
SW90,2024-12-26,2561.57
SW90,2024-12-27,2489.95
SW90,2024-12-28,2375.99
SW90,2024-12-29,2298.84
SW90,2024-12-30,2035.97
SW90,2024-12-31,1761.38
SW91.9L,2011-01-01,8249.16
SW91.9L,2011-01-02,8209.42
SW91.9L,2011-01-03,8169.83
SW91.9L,2011-01-04,8091.16
SW91.9L,2011-01-05,8091.16
SW91.9L,2011-01-06,7974.37
SW91.9L,2011-01-07,7859.03
SW91.9L,2011-01-08,7745.12
SW91.9L,2011-01-09,7632.62
SW91.9L,2011-01-10,7558.41
SW91.9L,2011-01-11,7411.84
SW91.9L,2011-01-12,7267.71
SW91.9L,2011-01-13,7125.99
SW91.9L,2011-01-14,6986.64
SW91.9L,2011-01-15,6917.85
SW91.9L,2011-01-16,6849.64
SW91.9L,2011-01-17,6714.95
SW91.9L,2011-01-18,6615.42
SW91.9L,2011-01-19,6484.69
SW91.9L,2011-01-20,6517.17
SW91.9L,2011-01-21,6648.46
SW91.9L,2011-01-22,6782.01
SW91.9L,2011-01-23,6986.64
SW91.9L,2011-01-24,6986.64
SW91.9L,2011-01-25,6883.67
SW91.9L,2011-01-26,6714.95
SW91.9L,2011-01-27,6582.53
SW91.9L,2011-01-28,6420.16
SW91.9L,2011-01-29,6292.75
SW91.9L,2011-01-30,6198.62
SW91.9L,2011-01-31,6075.0
SW91.9L,2011-02-01,5953.49
SW91.9L,2011-02-02,5983.67
SW91.9L,2011-02-03,5983.67
SW91.9L,2011-02-04,6044.42
SW91.9L,2011-02-05,6075.0
SW91.9L,2011-02-06,6105.7
SW91.9L,2011-02-07,6075.0
SW91.9L,2011-02-08,5953.49
SW91.9L,2011-02-09,5834.07
SW91.9L,2011-02-10,5716.72
SW91.9L,2011-02-11,5544.48
SW91.9L,2011-02-12,5432.14
SW91.9L,2011-02-13,5404.36
SW91.9L,2011-02-14,5488.06
SW91.9L,2011-02-15,5516.21
SW91.9L,2011-02-16,5572.87
SW91.9L,2011-02-17,5745.86
SW91.9L,2011-02-18,6167.52
SW91.9L,2011-02-19,6356.18
SW91.9L,2011-02-20,6356.18
SW91.9L,2011-02-21,6261.24
SW91.9L,2011-02-22,6044.42
SW91.9L,2011-02-23,5863.73
SW91.9L,2011-02-24,5716.72
SW91.9L,2011-02-25,5488.06
SW91.9L,2011-02-26,5460.04
SW91.9L,2011-02-27,5488.06
SW91.9L,2011-02-28,5460.04
SW91.9L,2011-03-01,5544.48
SW91.9L,2011-03-02,5572.87
SW91.9L,2011-03-03,5658.8
SW91.9L,2011-03-04,5775.14
SW91.9L,2011-03-05,5863.73
SW91.9L,2011-03-06,5893.52
SW91.9L,2011-03-07,5804.54
SW91.9L,2011-03-08,5658.8
SW91.9L,2011-03-09,5544.48
SW91.9L,2011-03-10,5404.36
SW91.9L,2011-03-11,5267.29
SW91.9L,2011-03-12,5213.3
SW91.9L,2011-03-13,5186.49
SW91.9L,2011-03-14,5159.79
SW91.9L,2011-03-15,5186.49
SW91.9L,2011-03-16,5186.49
SW91.9L,2011-03-17,5294.46
SW91.9L,2011-03-18,5658.8
SW91.9L,2011-03-19,6167.52
SW91.9L,2011-03-20,6782.01
SW91.9L,2011-03-21,7595.44
SW91.9L,2011-03-22,8052.07
SW91.9L,2011-03-23,7897.31
SW91.9L,2011-03-24,7632.62
SW91.9L,2011-03-25,7448.25
SW91.9L,2011-03-26,7484.82
SW91.9L,2011-03-27,7707.46
SW91.9L,2011-03-28,8052.07
SW91.9L,2011-03-29,8450.38
SW91.9L,2011-03-30,8823.18
SW91.9L,2011-03-31,9656.74
SW91.9L,2011-04-01,10027.4
SW91.9L,2011-04-02,10169.51
SW91.9L,2011-04-03,10217.26
SW91.9L,2011-04-04,10121.95
SW91.9L,2011-04-05,9933.61
SW91.9L,2011-04-06,9748.29
SW91.9L,2011-04-07,9520.81
SW91.9L,2011-04-08,9166.3
SW91.9L,2011-04-09,8823.18
SW91.9L,2011-04-10,8532.03
SW91.9L,2011-04-11,8329.15
SW91.9L,2011-04-12,8130.42
SW91.9L,2011-04-13,7935.76
SW91.9L,2011-04-14,7820.9
SW91.9L,2011-04-15,7897.31
SW91.9L,2011-04-16,8169.83
SW91.9L,2011-04-17,8450.38
SW91.9L,2011-04-18,8781.07
SW91.9L,2011-04-19,8950.53
SW91.9L,2011-04-20,9079.47
SW91.9L,2011-04-21,9036.31
SW91.9L,2011-04-22,8907.91
SW91.9L,2011-04-23,8697.37
SW91.9L,2011-04-24,8491.12
SW91.9L,2011-04-25,8329.15
SW91.9L,2011-04-26,8450.38
SW91.9L,2011-04-27,8655.78
SW91.9L,2011-04-28,8950.53
SW91.9L,2011-04-29,9887.0
SW91.9L,2011-04-30,11213.48
SW91.9L,2011-05-01,12291.83
SW91.9L,2011-05-02,13039.43
SW91.9L,2011-05-03,12805.36
SW91.9L,2011-05-04,12180.14
SW91.9L,2011-05-05,11742.04
SW91.9L,2011-05-06,11581.28
SW91.9L,2011-05-07,11475.15
SW91.9L,2011-05-08,11317.52
SW91.9L,2011-05-09,11422.4
SW91.9L,2011-05-10,11796.06
SW91.9L,2011-05-11,12348.0
SW91.9L,2011-05-12,12747.41
SW91.9L,2011-05-13,12805.36
SW91.9L,2011-05-14,12689.68
SW91.9L,2011-05-15,12517.84
SW91.9L,2011-05-16,12517.84
SW91.9L,2011-05-17,12632.18
SW91.9L,2011-05-18,12747.41
SW91.9L,2011-05-19,12921.94
SW91.9L,2011-05-20,13039.43
SW91.9L,2011-05-21,13217.39
SW91.9L,2011-05-22,13337.18
SW91.9L,2011-05-23,13457.89
SW91.9L,2011-05-24,13579.55
SW91.9L,2011-05-25,13825.68
SW91.9L,2011-05-26,14138.73
SW91.9L,2011-05-27,14393.51
SW91.9L,2011-05-28,14848.87
SW91.9L,2011-05-29,15384.35
SW91.9L,2011-05-30,15936.3
SW91.9L,2011-05-31,16943.11
SW91.9L,2011-06-01,17771.97
SW91.9L,2011-06-02,18081.87
SW91.9L,2011-06-03,18238.55
SW91.9L,2011-06-04,17926.35
SW91.9L,2011-06-05,18081.87
SW91.9L,2011-06-06,18475.75
SW91.9L,2011-06-07,19955.25
SW91.9L,2011-06-08,22271.06
SW91.9L,2011-06-09,24813.54
SW91.9L,2011-06-10,26068.44
SW91.9L,2011-06-11,27733.74
SW91.9L,2011-06-12,28353.44
SW91.9L,2011-06-13,27489.18
SW91.9L,2011-06-14,26716.03
SW91.9L,2011-06-15,25855.59
SW91.9L,2011-06-16,25644.24
SW91.9L,2011-06-17,26716.03
SW91.9L,2011-06-18,27044.96
SW91.9L,2011-06-19,26607.15
SW91.9L,2011-06-20,26607.15
SW91.9L,2011-06-21,26390.54
SW91.9L,2011-06-22,26068.44
SW91.9L,2011-06-23,25961.83
SW91.9L,2011-06-24,26498.65
SW91.9L,2011-06-25,27489.18
SW91.9L,2011-06-26,28228.55
SW91.9L,2011-06-27,29890.06
SW91.9L,2011-06-28,32471.12
SW91.9L,2011-06-29,35852.94
SW91.9L,2011-06-30,39203.89
SW91.9L,2011-07-01,40721.29
SW91.9L,2011-07-02,42289.48
SW91.9L,2011-07-03,45773.36
SW91.9L,2011-07-04,49911.68
SW91.9L,2011-07-05,54371.36
SW91.9L,2011-07-06,58700.67
SW91.9L,2011-07-07,62079.48
SW91.9L,2011-07-08,64595.22
SW91.9L,2011-07-09,66408.52
SW91.9L,2011-07-10,67464.42
SW91.9L,2011-07-11,66934.66
SW91.9L,2011-07-12,66671.14
SW91.9L,2011-07-13,66408.52
SW91.9L,2011-07-14,65885.98
SW91.9L,2011-07-15,65367.01
SW91.9L,2011-07-16,65108.86
SW91.9L,2011-07-17,65626.05
SW91.9L,2011-07-18,66408.52
SW91.9L,2011-07-19,67464.42
SW91.9L,2011-07-20,68804.79
SW91.9L,2011-07-21,72116.5
SW91.9L,2011-07-22,74400.49
SW91.9L,2011-07-23,76154.48
SW91.9L,2011-07-24,78852.84
SW91.9L,2011-07-25,80078.53
SW91.9L,2011-07-26,80697.56
SW91.9L,2011-07-27,79770.56
SW91.9L,2011-07-28,79157.72
SW91.9L,2011-07-29,78246.13
SW91.9L,2011-07-30,79157.72
SW91.9L,2011-07-31,80697.56
SW91.9L,2011-08-01,82263.36
SW91.9L,2011-08-02,83855.49
SW91.9L,2011-08-03,84499.81
SW91.9L,2011-08-04,85148.42
SW91.9L,2011-08-05,85474.34
SW91.9L,2011-08-06,85148.42
SW91.9L,2011-08-07,85148.42
SW91.9L,2011-08-08,84177.11
SW91.9L,2011-08-09,83534.94
SW91.9L,2011-08-10,82897.03
SW91.9L,2011-08-11,83855.49
SW91.9L,2011-08-12,84499.81
SW91.9L,2011-08-13,85474.34
SW91.9L,2011-08-14,84499.81
SW91.9L,2011-08-15,82263.36
SW91.9L,2011-08-16,82263.36
SW91.9L,2011-08-17,83215.46
SW91.9L,2011-08-18,85801.35
SW91.9L,2011-08-19,88121.01
SW91.9L,2011-08-20,89470.84
SW91.9L,2011-08-21,90494.97
SW91.9L,2011-08-22,90152.46
SW91.9L,2011-08-23,89131.71
SW91.9L,2011-08-24,88121.01
SW91.9L,2011-08-25,86458.63
SW91.9L,2011-08-26,85148.42
SW91.9L,2011-08-27,84499.81
SW91.9L,2011-08-28,83855.49
SW91.9L,2011-08-29,82579.67
SW91.9L,2011-08-30,81320.74
SW91.9L,2011-08-31,79770.56
SW91.9L,2011-09-01,77944.3
SW91.9L,2011-09-02,76154.48
SW91.9L,2011-09-03,72965.75
SW91.9L,2011-09-04,70168.24
SW91.9L,2011-09-05,67997.82
SW91.9L,2011-09-06,65626.05
SW91.9L,2011-09-07,62825.1
SW91.9L,2011-09-08,59888.57
SW91.9L,2011-09-09,57302.28
SW91.9L,2011-09-10,54151.4
SW91.9L,2011-09-11,51993.99
SW91.9L,2011-09-12,51361.52
SW91.9L,2011-09-13,51782.42
SW91.9L,2011-09-14,55035.9
SW91.9L,2011-09-15,58465.57
SW91.9L,2011-09-16,60369.54
SW91.9L,2011-09-17,61586.69
SW91.9L,2011-09-18,62327.16
SW91.9L,2011-09-19,62327.16
SW91.9L,2011-09-20,62825.1
SW91.9L,2011-09-21,66146.8
SW91.9L,2011-09-22,67997.82
SW91.9L,2011-09-23,66408.52
SW91.9L,2011-09-24,64851.6
SW91.9L,2011-09-25,63831.36
SW91.9L,2011-09-26,62825.1
SW91.9L,2011-09-27,62327.16
SW91.9L,2011-09-28,64085.1
SW91.9L,2011-09-29,66671.14
SW91.9L,2011-09-30,67997.82
SW91.9L,2011-10-01,69075.62
SW91.9L,2011-10-02,69347.38
SW91.9L,2011-10-03,67730.66
SW91.9L,2011-10-04,64339.72
SW91.9L,2011-10-05,59173.35
SW91.9L,2011-10-06,54371.36
SW91.9L,2011-10-07,50116.59
SW91.9L,2011-10-08,47705.19
SW91.9L,2011-10-09,45583.97
SW91.9L,2011-10-10,43003.12
SW91.9L,2011-10-11,41065.34
SW91.9L,2011-10-12,39536.77
SW91.9L,2011-10-13,37257.26
SW91.9L,2011-10-14,36006.67
SW91.9L,2011-10-15,35092.83
SW91.9L,2011-10-16,34052.21
SW91.9L,2011-10-17,32612.17
SW91.9L,2011-10-18,31089.52
SW91.9L,2011-10-19,29890.06
SW91.9L,2011-10-20,28604.67
SW91.9L,2011-10-21,27611.22
SW91.9L,2011-10-22,26716.03
SW91.9L,2011-10-23,25749.73
SW91.9L,2011-10-24,25122.31
SW91.9L,2011-10-25,24813.54
SW91.9L,2011-10-26,24406.92
SW91.9L,2011-10-27,23807.71
SW91.9L,2011-10-28,23124.6
SW91.9L,2011-10-29,22837.02
SW91.9L,2011-10-30,21992.62
SW91.9L,2011-10-31,21264.65
SW91.9L,2011-11-01,20820.24
SW91.9L,2011-11-02,20125.74
SW91.9L,2011-11-03,19285.62
SW91.9L,2011-11-04,18715.59
SW91.9L,2011-11-05,18081.87
SW91.9L,2011-11-06,17771.97
SW91.9L,2011-11-07,17391.01
SW91.9L,2011-11-08,17091.3
SW91.9L,2011-11-09,16796.03
SW91.9L,2011-11-10,16650.04
SW91.9L,2011-11-11,16147.62
SW91.9L,2011-11-12,15936.3
SW91.9L,2011-11-13,15727.37
SW91.9L,2011-11-14,15520.78
SW91.9L,2011-11-15,15181.64
SW91.9L,2011-11-16,14914.92
SW91.9L,2011-11-17,14587.18
SW91.9L,2011-11-18,14393.51
SW91.9L,2011-11-19,14329.45
SW91.9L,2011-11-20,14075.64
SW91.9L,2011-11-21,13950.18
SW91.9L,2011-11-22,13763.79
SW91.9L,2011-11-23,13702.14
SW91.9L,2011-11-24,13640.73
SW91.9L,2011-11-25,13457.89
SW91.9L,2011-11-26,13277.17
SW91.9L,2011-11-27,13039.43
SW91.9L,2011-11-28,12863.54
SW91.9L,2011-11-29,12574.9
SW91.9L,2011-11-30,12291.83
SW91.9L,2011-12-01,11850.28
SW91.9L,2011-12-02,11317.52
SW91.9L,2011-12-03,10956.93
SW91.9L,2011-12-04,10755.33
SW91.9L,2011-12-05,10507.82
SW91.9L,2011-12-06,10313.33
SW91.9L,2011-12-07,10265.2
SW91.9L,2011-12-08,10265.2
SW91.9L,2011-12-09,10169.51
SW91.9L,2011-12-10,10074.58
SW91.9L,2011-12-11,9980.41
SW91.9L,2011-12-12,9933.61
SW91.9L,2011-12-13,9840.57
SW91.9L,2011-12-14,9748.29
SW91.9L,2011-12-15,9611.25
SW91.9L,2011-12-16,9475.86
SW91.9L,2011-12-17,9342.11
SW91.9L,2011-12-18,9253.85
SW91.9L,2011-12-19,9166.3
SW91.9L,2011-12-20,9122.8
SW91.9L,2011-12-21,9036.31
SW91.9L,2011-12-22,8993.34
SW91.9L,2011-12-23,8950.53
SW91.9L,2011-12-24,8950.53
SW91.9L,2011-12-25,8907.91
SW91.9L,2011-12-26,8907.91
SW91.9L,2011-12-27,8907.91
SW91.9L,2011-12-28,8950.53
SW91.9L,2011-12-29,9036.31
SW91.9L,2011-12-30,8907.91
SW91.9L,2011-12-31,8532.03
SW91.9L,2012-01-01,8527.13
SW91.9L,2012-01-02,8319.17
SW91.9L,2012-01-03,8155.91
SW91.9L,2012-01-04,8035.25
SW91.9L,2012-01-05,7876.73
SW91.9L,2012-01-06,7798.47
SW91.9L,2012-01-07,7798.47
SW91.9L,2012-01-08,7876.73
SW91.9L,2012-01-09,8075.3
SW91.9L,2012-01-10,8075.3
SW91.9L,2012-01-11,8075.3
SW91.9L,2012-01-12,8035.25
SW91.9L,2012-01-13,7955.66
SW91.9L,2012-01-14,7798.47
SW91.9L,2012-01-15,7682.31
SW91.9L,2012-01-16,7567.62
SW91.9L,2012-01-17,7529.71
SW91.9L,2012-01-18,7491.97
SW91.9L,2012-01-19,7567.62
SW91.9L,2012-01-20,7491.97
SW91.9L,2012-01-21,7379.69
SW91.9L,2012-01-22,7342.58
SW91.9L,2012-01-23,7268.84
SW91.9L,2012-01-24,7159.41
SW91.9L,2012-01-25,7087.23
SW91.9L,2012-01-26,7051.37
SW91.9L,2012-01-27,7015.67
SW91.9L,2012-01-28,6874.38
SW91.9L,2012-01-29,6770.0
SW91.9L,2012-01-30,6565.27
SW91.9L,2012-01-31,6431.71
SW91.9L,2012-02-01,6300.46
SW91.9L,2012-02-02,6268.01
SW91.9L,2012-02-03,6203.52
SW91.9L,2012-02-04,6139.6
SW91.9L,2012-02-05,6044.76
SW91.9L,2012-02-06,6044.76
SW91.9L,2012-02-07,6139.6
SW91.9L,2012-02-08,6268.01
SW91.9L,2012-02-09,6365.8
SW91.9L,2012-02-10,6498.2
SW91.9L,2012-02-11,6666.97
SW91.9L,2012-02-12,6770.0
SW91.9L,2012-02-13,6735.51
SW91.9L,2012-02-14,6632.92
SW91.9L,2012-02-15,6498.2
SW91.9L,2012-02-16,6333.06
SW91.9L,2012-02-17,6076.23
SW91.9L,2012-02-18,5920.24
SW91.9L,2012-02-19,5797.9
SW91.9L,2012-02-20,5858.8
SW91.9L,2012-02-21,5982.22
SW91.9L,2012-02-22,6076.23
SW91.9L,2012-02-23,6171.49
SW91.9L,2012-02-24,6235.69
SW91.9L,2012-02-25,6203.52
SW91.9L,2012-02-26,6107.85
SW91.9L,2012-02-27,6044.76
SW91.9L,2012-02-28,6013.42
SW91.9L,2012-02-29,5951.16
SW91.9L,2012-03-01,5889.45
SW91.9L,2012-03-02,5737.54
SW91.9L,2012-03-03,5618.41
SW91.9L,2012-03-04,5530.44
SW91.9L,2012-03-05,5472.45
SW91.9L,2012-03-06,5588.95
SW91.9L,2012-03-07,5828.28
SW91.9L,2012-03-08,6044.76
SW91.9L,2012-03-09,6235.69
SW91.9L,2012-03-10,6365.8
SW91.9L,2012-03-11,6531.66
SW91.9L,2012-03-12,6666.97
SW91.9L,2012-03-13,6531.66
SW91.9L,2012-03-14,6300.46
SW91.9L,2012-03-15,5889.45
SW91.9L,2012-03-16,5618.41
SW91.9L,2012-03-17,5414.97
SW91.9L,2012-03-18,5301.54
SW91.9L,2012-03-19,5530.44
SW91.9L,2012-03-20,6013.42
SW91.9L,2012-03-21,6268.01
SW91.9L,2012-03-22,6498.2
SW91.9L,2012-03-23,6632.92
SW91.9L,2012-03-24,6666.97
SW91.9L,2012-03-25,6701.16
SW91.9L,2012-03-26,6632.92
SW91.9L,2012-03-27,6531.66
SW91.9L,2012-03-28,6398.68
SW91.9L,2012-03-29,6333.06
SW91.9L,2012-03-30,6300.46
SW91.9L,2012-03-31,6203.52
SW91.9L,2012-04-01,6076.23
SW91.9L,2012-04-02,6044.76
SW91.9L,2012-04-03,6013.42
SW91.9L,2012-04-04,6171.49
SW91.9L,2012-04-05,6464.88
SW91.9L,2012-04-06,6980.12
SW91.9L,2012-04-07,7342.58
SW91.9L,2012-04-08,7720.87
SW91.9L,2012-04-09,8527.13
SW91.9L,2012-04-10,8739.48
SW91.9L,2012-04-11,8825.66
SW91.9L,2012-04-12,8611.54
SW91.9L,2012-04-13,8319.17
SW91.9L,2012-04-14,8075.3
SW91.9L,2012-04-15,7916.11
SW91.9L,2012-04-16,7995.37
SW91.9L,2012-04-17,8196.47
SW91.9L,2012-04-18,8696.65
SW91.9L,2012-04-19,9044.28
SW91.9L,2012-04-20,9267.46
SW91.9L,2012-04-21,9634.25
SW91.9L,2012-04-22,10109.95
SW91.9L,2012-04-23,11068.75
SW91.9L,2012-04-24,12047.02
SW91.9L,2012-04-25,12977.12
SW91.9L,2012-04-26,13279.96
SW91.9L,2012-04-27,13464.52
SW91.9L,2012-04-28,13402.76
SW91.9L,2012-04-29,13279.96
SW91.9L,2012-04-30,13341.24
SW91.9L,2012-05-01,13651.25
SW91.9L,2012-05-02,14485.96
SW91.9L,2012-05-03,15157.09
SW91.9L,2012-05-04,15712.78
SW91.9L,2012-05-05,16358.46
SW91.9L,2012-05-06,17407.48
SW91.9L,2012-05-07,18432.03
SW91.9L,2012-05-08,19087.55
SW91.9L,2012-05-09,18921.85
SW91.9L,2012-05-10,18512.91
SW91.9L,2012-05-11,17795.67
SW91.9L,2012-05-12,16876.07
SW91.9L,2012-05-13,15997.03
SW91.9L,2012-05-14,15225.63
SW91.9L,2012-05-15,14289.59
SW91.9L,2012-05-16,13776.95
SW91.9L,2012-05-17,13402.76
SW91.9L,2012-05-18,13341.24
SW91.9L,2012-05-19,13402.76
SW91.9L,2012-05-20,13903.62
SW91.9L,2012-05-21,14818.3
SW91.9L,2012-05-22,16726.79
SW91.9L,2012-05-23,20107.8
SW91.9L,2012-05-24,22287.4
SW91.9L,2012-05-25,22192.75
SW91.9L,2012-05-26,21173.86
SW91.9L,2012-05-27,19848.5
SW91.9L,2012-05-28,18921.85
SW91.9L,2012-05-29,18191.17
SW91.9L,2012-05-30,17952.99
SW91.9L,2012-05-31,17795.67
SW91.9L,2012-06-01,18032.09
SW91.9L,2012-06-02,19004.54
SW91.9L,2012-06-03,19507.19
SW91.9L,2012-06-04,20369.95
SW91.9L,2012-06-05,21356.1
SW91.9L,2012-06-06,22098.44
SW91.9L,2012-06-07,23648.84
SW91.9L,2012-06-08,26804.91
SW91.9L,2012-06-09,31562.21
SW91.9L,2012-06-10,37308.34
SW91.9L,2012-06-11,40341.54
SW91.9L,2012-06-12,40814.04
SW91.9L,2012-06-13,38347.19
SW91.9L,2012-06-14,34884.17
SW91.9L,2012-06-15,33254.49
SW91.9L,2012-06-16,35724.05
SW91.9L,2012-06-17,38347.19
SW91.9L,2012-06-18,41611.96
SW91.9L,2012-06-19,44765.69
SW91.9L,2012-06-20,46682.34
SW91.9L,2012-06-21,45628.46
SW91.9L,2012-06-22,44085.45
SW91.9L,2012-06-23,42751.21
SW91.9L,2012-06-24,42097.02
SW91.9L,2012-06-25,42097.02
SW91.9L,2012-06-26,43748.63
SW91.9L,2012-06-27,48852.05
SW91.9L,2012-06-28,57978.73
SW91.9L,2012-06-29,63287.49
SW91.9L,2012-06-30,67292.05
SW91.9L,2012-07-01,72019.69
SW91.9L,2012-07-02,74618.88
SW91.9L,2012-07-03,75413.95
SW91.9L,2012-07-04,72276.11
SW91.9L,2012-07-05,66092.58
SW91.9L,2012-07-06,59923.48
SW91.9L,2012-07-07,57765.99
SW91.9L,2012-07-08,56712.15
SW91.9L,2012-07-09,56503.35
SW91.9L,2012-07-10,55674.64
SW91.9L,2012-07-11,54249.17
SW91.9L,2012-07-12,53052.05
SW91.9L,2012-07-13,53847.61
SW91.9L,2012-07-14,55469.08
SW91.9L,2012-07-15,57131.71
SW91.9L,2012-07-16,59052.44
SW91.9L,2012-07-17,61250.43
SW91.9L,2012-07-18,66810.07
SW91.9L,2012-07-19,69497.59
SW91.9L,2012-07-20,71255.05
SW91.9L,2012-07-21,73569.83
SW91.9L,2012-07-22,76216.18
SW91.9L,2012-07-23,76485.2
SW91.9L,2012-07-24,76216.18
SW91.9L,2012-07-25,75148.13
SW91.9L,2012-07-26,73830.91
SW91.9L,2012-07-27,72276.11
SW91.9L,2012-07-28,71255.05
SW91.9L,2012-07-29,71255.05
SW91.9L,2012-07-30,71255.05
SW91.9L,2012-07-31,70749.12
SW91.9L,2012-08-01,69497.59
SW91.9L,2012-08-02,68509.91
SW91.9L,2012-08-03,67292.05
SW91.9L,2012-08-04,67050.69
SW91.9L,2012-08-05,67776.98
SW91.9L,2012-08-06,68020.55
SW91.9L,2012-08-07,67776.98
SW91.9L,2012-08-08,67776.98
SW91.9L,2012-08-09,67776.98
SW91.9L,2012-08-10,68264.86
SW91.9L,2012-08-11,67776.98
SW91.9L,2012-08-12,66810.07
SW91.9L,2012-08-13,66331.01
SW91.9L,2012-08-14,65146.08
SW91.9L,2012-08-15,63747.87
SW91.9L,2012-08-16,62148.83
SW91.9L,2012-08-17,61027.56
SW91.9L,2012-08-18,61027.56
SW91.9L,2012-08-19,59923.48
SW91.9L,2012-08-20,58620.95
SW91.9L,2012-08-21,56921.61
SW91.9L,2012-08-22,56087.7
SW91.9L,2012-08-23,55880.85
SW91.9L,2012-08-24,55674.64
SW91.9L,2012-08-25,55674.64
SW91.9L,2012-08-26,56295.2
SW91.9L,2012-08-27,57131.71
SW91.9L,2012-08-28,58192.14
SW91.9L,2012-08-29,59269.18
SW91.9L,2012-08-30,60363.06
SW91.9L,2012-08-31,61250.43
SW91.9L,2012-09-01,61698.24
SW91.9L,2012-09-02,61698.24
SW91.9L,2012-09-03,62148.83
SW91.9L,2012-09-04,63517.33
SW91.9L,2012-09-05,62829.92
SW91.9L,2012-09-06,62148.83
SW91.9L,2012-09-07,61027.56
SW91.9L,2012-09-08,59923.48
SW91.9L,2012-09-09,59052.44
SW91.9L,2012-09-10,57978.73
SW91.9L,2012-09-11,56087.7
SW91.9L,2012-09-12,51683.76
SW91.9L,2012-09-13,48852.05
SW91.9L,2012-09-14,48668.04
SW91.9L,2012-09-15,49036.65
SW91.9L,2012-09-16,51683.76
SW91.9L,2012-09-17,54450.89
SW91.9L,2012-09-18,57553.9
SW91.9L,2012-09-19,59923.48
SW91.9L,2012-09-20,66570.18
SW91.9L,2012-09-21,69746.39
SW91.9L,2012-09-22,71764.04
SW91.9L,2012-09-23,74355.43
SW91.9L,2012-09-24,77842.36
SW91.9L,2012-09-25,80336.66
SW91.9L,2012-09-26,84644.26
SW91.9L,2012-09-27,89145.87
SW91.9L,2012-09-28,91942.91
SW91.9L,2012-09-29,93209.68
SW91.9L,2012-09-30,89761.12
SW91.9L,2012-10-01,83476.88
SW91.9L,2012-10-02,74355.43
SW91.9L,2012-10-03,66810.07
SW91.9L,2012-10-04,62375.16
SW91.9L,2012-10-05,59923.48
SW91.9L,2012-10-06,55469.08
SW91.9L,2012-10-07,52071.61
SW91.9L,2012-10-08,49780.97
SW91.9L,2012-10-09,49407.63
SW91.9L,2012-10-10,49407.63
SW91.9L,2012-10-11,49407.63
SW91.9L,2012-10-12,47576.25
SW91.9L,2012-10-13,45109.12
SW91.9L,2012-10-14,42751.21
SW91.9L,2012-10-15,40185.08
SW91.9L,2012-10-16,38648.46
SW91.9L,2012-10-17,36725.49
SW91.9L,2012-10-18,35724.05
SW91.9L,2012-10-19,35022.97
SW91.9L,2012-10-20,33925.5
SW91.9L,2012-10-21,31946.12
SW91.9L,2012-10-22,30681.61
SW91.9L,2012-10-23,28864.44
SW91.9L,2012-10-24,27590.52
SW91.9L,2012-10-25,26804.91
SW91.9L,2012-10-26,26038.32
SW91.9L,2012-10-27,25185.03
SW91.9L,2012-10-28,24457.95
SW91.9L,2012-10-29,24050.51
SW91.9L,2012-10-30,23848.96
SW91.9L,2012-10-31,22765.79
SW91.9L,2012-11-01,23056.98
SW91.9L,2012-11-02,22573.4
SW91.9L,2012-11-03,22192.75
SW91.9L,2012-11-04,21817.54
SW91.9L,2012-11-05,21447.72
SW91.9L,2012-11-06,21173.86
SW91.9L,2012-11-07,20369.95
SW91.9L,2012-11-08,19762.71
SW91.9L,2012-11-09,19087.55
SW91.9L,2012-11-10,18675.58
SW91.9L,2012-11-11,18351.44
SW91.9L,2012-11-12,18351.44
SW91.9L,2012-11-13,18351.44
SW91.9L,2012-11-14,18111.48
SW91.9L,2012-11-15,17952.99
SW91.9L,2012-11-16,17795.67
SW91.9L,2012-11-17,17639.52
SW91.9L,2012-11-18,17407.48
SW91.9L,2012-11-19,17026.48
SW91.9L,2012-11-20,16431.57
SW91.9L,2012-11-21,15783.44
SW91.9L,2012-11-22,15157.09
SW91.9L,2012-11-23,14684.6
SW91.9L,2012-11-24,14289.59
SW91.9L,2012-11-25,13967.33
SW91.9L,2012-11-26,13713.97
SW91.9L,2012-11-27,13464.52
SW91.9L,2012-11-28,13218.92
SW91.9L,2012-11-29,12977.12
SW91.9L,2012-11-30,12917.26
SW91.9L,2012-12-01,12798.24
SW91.9L,2012-12-02,12739.08
SW91.9L,2012-12-03,12680.15
SW91.9L,2012-12-04,12446.74
SW91.9L,2012-12-05,12216.98
SW91.9L,2012-12-06,11990.82
SW91.9L,2012-12-07,11713.11
SW91.9L,2012-12-08,11494.88
SW91.9L,2012-12-09,11280.11
SW91.9L,2012-12-10,11174.0
SW91.9L,2012-12-11,11121.27
SW91.9L,2012-12-12,11121.27
SW91.9L,2012-12-13,11016.43
SW91.9L,2012-12-14,11016.43
SW91.9L,2012-12-15,11068.75
SW91.9L,2012-12-16,10860.74
SW91.9L,2012-12-17,10757.99
SW91.9L,2012-12-18,10504.7
SW91.9L,2012-12-19,10158.6
SW91.9L,2012-12-20,9965.2
SW91.9L,2012-12-21,9774.92
SW91.9L,2012-12-22,9587.74
SW91.9L,2012-12-23,9403.59
SW91.9L,2012-12-24,9222.45
SW91.9L,2012-12-25,9177.63
SW91.9L,2012-12-26,9177.63
SW91.9L,2012-12-27,9088.54
SW91.9L,2012-12-28,9088.54
SW91.9L,2012-12-29,8956.29
SW91.9L,2012-12-30,8912.56
SW91.9L,2012-12-31,8869.02
SW91.9L,2013-01-01,7110.2
SW91.9L,2013-01-02,6995.22
SW91.9L,2013-01-03,6919.5
SW91.9L,2013-01-04,6696.74
SW91.9L,2013-01-05,6623.93
SW91.9L,2013-01-06,6445.0
SW91.9L,2013-01-07,6270.42
SW91.9L,2013-01-08,6133.82
SW91.9L,2013-01-09,6033.14
SW91.9L,2013-01-10,5901.2
SW91.9L,2013-01-11,5966.84
SW91.9L,2013-01-12,6066.53
SW91.9L,2013-01-13,6100.1
SW91.9L,2013-01-14,6133.82
SW91.9L,2013-01-15,6066.53
SW91.9L,2013-01-16,6033.14
SW91.9L,2013-01-17,5933.94
SW91.9L,2013-01-18,5836.2
SW91.9L,2013-01-19,5836.2
SW91.9L,2013-01-20,5739.92
SW91.9L,2013-01-21,5613.75
SW91.9L,2013-01-22,5459.55
SW91.9L,2013-01-23,5338.94
SW91.9L,2013-01-24,5279.53
SW91.9L,2013-01-25,5279.53
SW91.9L,2013-01-26,5279.53
SW91.9L,2013-01-27,5250.05
SW91.9L,2013-01-28,5309.16
SW91.9L,2013-01-29,5338.94
SW91.9L,2013-01-30,5368.86
SW91.9L,2013-01-31,5368.86
SW91.9L,2013-02-01,5429.17
SW91.9L,2013-02-02,5429.17
SW91.9L,2013-02-03,5368.86
SW91.9L,2013-02-04,5309.16
SW91.9L,2013-02-05,5191.54
SW91.9L,2013-02-06,5047.8
SW91.9L,2013-02-07,4963.28
SW91.9L,2013-02-08,4935.39
SW91.9L,2013-02-09,4880.04
SW91.9L,2013-02-10,4852.57
SW91.9L,2013-02-11,4935.39
SW91.9L,2013-02-12,5047.8
SW91.9L,2013-02-13,5104.86
SW91.9L,2013-02-14,5104.86
SW91.9L,2013-02-15,5076.26
SW91.9L,2013-02-16,4963.28
SW91.9L,2013-02-17,4880.04
SW91.9L,2013-02-18,4690.65
SW91.9L,2013-02-19,4611.53
SW91.9L,2013-02-20,4507.89
SW91.9L,2013-02-21,4456.86
SW91.9L,2013-02-22,4431.54
SW91.9L,2013-02-23,4381.29
SW91.9L,2013-02-24,4456.86
SW91.9L,2013-02-25,4611.53
SW91.9L,2013-02-26,4770.99
SW91.9L,2013-02-27,4907.65
SW91.9L,2013-02-28,5019.49
SW91.9L,2013-03-01,5191.54
SW91.9L,2013-03-02,5309.16
SW91.9L,2013-03-03,5250.05
SW91.9L,2013-03-04,5250.05
SW91.9L,2013-03-05,5250.05
SW91.9L,2013-03-06,5162.5
SW91.9L,2013-03-07,4991.31
SW91.9L,2013-03-08,4935.39
SW91.9L,2013-03-09,4963.28
SW91.9L,2013-03-10,4963.28
SW91.9L,2013-03-11,5047.8
SW91.9L,2013-03-12,5191.54
SW91.9L,2013-03-13,5309.16
SW91.9L,2013-03-14,5398.94
SW91.9L,2013-03-15,5309.16
SW91.9L,2013-03-16,5191.54
SW91.9L,2013-03-17,5019.49
SW91.9L,2013-03-18,4935.39
SW91.9L,2013-03-19,4825.24
SW91.9L,2013-03-20,4637.77
SW91.9L,2013-03-21,4482.31
SW91.9L,2013-03-22,4306.86
SW91.9L,2013-03-23,4282.31
SW91.9L,2013-03-24,4331.54
SW91.9L,2013-03-25,4406.35
SW91.9L,2013-03-26,4507.89
SW91.9L,2013-03-27,4717.3
SW91.9L,2013-03-28,4935.39
SW91.9L,2013-03-29,5133.61
SW91.9L,2013-03-30,5309.16
SW91.9L,2013-03-31,5338.94
SW91.9L,2013-04-01,5368.86
SW91.9L,2013-04-02,5162.5
SW91.9L,2013-04-03,4852.57
SW91.9L,2013-04-04,4611.53
SW91.9L,2013-04-05,4381.29
SW91.9L,2013-04-06,4282.31
SW91.9L,2013-04-07,4257.88
SW91.9L,2013-04-08,4431.54
SW91.9L,2013-04-09,4744.08
SW91.9L,2013-04-10,5104.86
SW91.9L,2013-04-11,5520.77
SW91.9L,2013-04-12,5901.2
SW91.9L,2013-04-13,5966.84
SW91.9L,2013-04-14,5966.84
SW91.9L,2013-04-15,5933.94
SW91.9L,2013-04-16,5999.91
SW91.9L,2013-04-17,6133.82
SW91.9L,2013-04-18,6201.78
SW91.9L,2013-04-19,6100.1
SW91.9L,2013-04-20,6066.53
SW91.9L,2013-04-21,6480.43
SW91.9L,2013-04-22,7505.8
SW91.9L,2013-04-23,8223.86
SW91.9L,2013-04-24,8628.45
SW91.9L,2013-04-25,8720.75
SW91.9L,2013-04-26,8813.93
SW91.9L,2013-04-27,8860.86
SW91.9L,2013-04-28,8908.01
SW91.9L,2013-04-29,8908.01
SW91.9L,2013-04-30,8720.75
SW91.9L,2013-05-01,8491.64
SW91.9L,2013-05-02,8446.48
SW91.9L,2013-05-03,8401.53
SW91.9L,2013-05-04,8312.27
SW91.9L,2013-05-05,8401.53
SW91.9L,2013-05-06,8446.48
SW91.9L,2013-05-07,8813.93
SW91.9L,2013-05-08,9195.68
SW91.9L,2013-05-09,10003.99
SW91.9L,2013-05-10,12891.5
SW91.9L,2013-05-11,16019.41
SW91.9L,2013-05-12,17090.72
SW91.9L,2013-05-13,16921.83
SW91.9L,2013-05-14,16180.2
SW91.9L,2013-05-15,15545.61
SW91.9L,2013-05-16,15084.42
SW91.9L,2013-05-17,14561.92
SW91.9L,2013-05-18,14415.65
SW91.9L,2013-05-19,14343.01
SW91.9L,2013-05-20,14635.55
SW91.9L,2013-05-21,15780.91
SW91.9L,2013-05-22,17519.59
SW91.9L,2013-05-23,18497.29
SW91.9L,2013-05-24,19144.68
SW91.9L,2013-05-25,19909.41
SW91.9L,2013-05-26,20301.96
SW91.9L,2013-05-27,20600.91
SW91.9L,2013-05-28,20203.18
SW91.9L,2013-05-29,19715.7
SW91.9L,2013-05-30,20006.9
SW91.9L,2013-05-31,20802.41
SW91.9L,2013-06-01,20401.17
SW91.9L,2013-06-02,21005.67
SW91.9L,2013-06-03,22916.82
SW91.9L,2013-06-04,23701.22
SW91.9L,2013-06-05,24160.19
SW91.9L,2013-06-06,26451.12
SW91.9L,2013-06-07,29622.74
SW91.9L,2013-06-08,31626.64
SW91.9L,2013-06-09,32825.57
SW91.9L,2013-06-10,32673.5
SW91.9L,2013-06-11,32071.55
SW91.9L,2013-06-12,31626.64
SW91.9L,2013-06-13,31479.57
SW91.9L,2013-06-14,30897.41
SW91.9L,2013-06-15,30324.94
SW91.9L,2013-06-16,29484.07
SW91.9L,2013-06-17,28261.97
SW91.9L,2013-06-18,26703.27
SW91.9L,2013-06-19,24982.62
SW91.9L,2013-06-20,24627.12
SW91.9L,2013-06-21,23815.22
SW91.9L,2013-06-22,23701.22
SW91.9L,2013-06-23,24745.11
SW91.9L,2013-06-24,27214.04
SW91.9L,2013-06-25,33285.58
SW91.9L,2013-06-26,37179.15
SW91.9L,2013-06-27,39275.21
SW91.9L,2013-06-28,42234.8
SW91.9L,2013-06-29,45189.62
SW91.9L,2013-06-30,46422.58
SW91.9L,2013-07-01,47685.65
SW91.9L,2013-07-02,50081.65
SW91.9L,2013-07-03,54236.2
SW91.9L,2013-07-04,57175.11
SW91.9L,2013-07-05,59732.54
SW91.9L,2013-07-06,61049.36
SW91.9L,2013-07-07,61852.01
SW91.9L,2013-07-08,63351.26
SW91.9L,2013-07-09,65658.1
SW91.9L,2013-07-10,67835.16
SW91.9L,2013-07-11,71320.5
SW91.9L,2013-07-12,74521.28
SW91.9L,2013-07-13,75835.41
SW91.9L,2013-07-14,76056.33
SW91.9L,2013-07-15,75615.02
SW91.9L,2013-07-16,74738.95
SW91.9L,2013-07-17,73441.04
SW91.9L,2013-07-18,71951.11
SW91.9L,2013-07-19,70902.7
SW91.9L,2013-07-20,69252.31
SW91.9L,2013-07-21,68439.45
SW91.9L,2013-07-22,68641.9
SW91.9L,2013-07-23,68844.86
SW91.9L,2013-07-24,69252.31
SW91.9L,2013-07-25,69867.33
SW91.9L,2013-07-26,70902.7
SW91.9L,2013-07-27,71530.18
SW91.9L,2013-07-28,72799.31
SW91.9L,2013-07-29,73012.69
SW91.9L,2013-07-30,73012.69
SW91.9L,2013-07-31,72162.37
SW91.9L,2013-08-01,71740.38
SW91.9L,2013-08-02,70902.7
SW91.9L,2013-08-03,69867.33
SW91.9L,2013-08-04,69456.8
SW91.9L,2013-08-05,69252.31
SW91.9L,2013-08-06,70073.37
SW91.9L,2013-08-07,70279.93
SW91.9L,2013-08-08,70279.93
SW91.9L,2013-08-09,70694.59
SW91.9L,2013-08-10,71320.5
SW91.9L,2013-08-11,71740.38
SW91.9L,2013-08-12,72374.15
SW91.9L,2013-08-13,72374.15
SW91.9L,2013-08-14,72586.47
SW91.9L,2013-08-15,71740.38
SW91.9L,2013-08-16,70902.7
SW91.9L,2013-08-17,69867.33
SW91.9L,2013-08-18,69661.81
SW91.9L,2013-08-19,70279.93
SW91.9L,2013-08-20,70694.59
SW91.9L,2013-08-21,70694.59
SW91.9L,2013-08-22,69867.33
SW91.9L,2013-08-23,69661.81
SW91.9L,2013-08-24,69252.31
SW91.9L,2013-08-25,68844.86
SW91.9L,2013-08-26,68641.9
SW91.9L,2013-08-27,68237.51
SW91.9L,2013-08-28,68036.08
SW91.9L,2013-08-29,67835.16
SW91.9L,2013-08-30,67835.16
SW91.9L,2013-08-31,68439.45
SW91.9L,2013-09-01,68641.9
SW91.9L,2013-09-02,68844.86
SW91.9L,2013-09-03,69661.81
SW91.9L,2013-09-04,71320.5
SW91.9L,2013-09-05,73441.04
SW91.9L,2013-09-06,76056.33
SW91.9L,2013-09-07,78069.46
SW91.9L,2013-09-08,80591.41
SW91.9L,2013-09-09,83421.4
SW91.9L,2013-09-10,87077.51
SW91.9L,2013-09-11,89589.96
SW91.9L,2013-09-12,89082.6
SW91.9L,2013-09-13,83421.4
SW91.9L,2013-09-14,76499.83
SW91.9L,2013-09-15,70279.93
SW91.9L,2013-09-16,64112.41
SW91.9L,2013-09-17,57678.59
SW91.9L,2013-09-18,53052.21
SW91.9L,2013-09-19,50304.73
SW91.9L,2013-09-20,47899.14
SW91.9L,2013-09-21,44584.24
SW91.9L,2013-09-22,41854.22
SW91.9L,2013-09-23,39096.57
SW91.9L,2013-09-24,36335.84
SW91.9L,2013-09-25,35673.6
SW91.9L,2013-09-26,34223.0
SW91.9L,2013-09-27,33440.2
SW91.9L,2013-09-28,33285.58
SW91.9L,2013-09-29,33285.58
SW91.9L,2013-09-30,34540.7
SW91.9L,2013-10-01,34540.7
SW91.9L,2013-10-02,34223.0
SW91.9L,2013-10-03,33440.2
SW91.9L,2013-10-04,33285.58
SW91.9L,2013-10-05,32978.27
SW91.9L,2013-10-06,32978.27
SW91.9L,2013-10-07,32371.27
SW91.9L,2013-10-08,31626.64
SW91.9L,2013-10-09,31479.57
SW91.9L,2013-10-10,31187.27
SW91.9L,2013-10-11,31479.57
SW91.9L,2013-10-12,33751.37
SW91.9L,2013-10-13,36335.84
SW91.9L,2013-10-14,38039.98
SW91.9L,2013-10-15,37349.9
SW91.9L,2013-10-16,36335.84
SW91.9L,2013-10-17,37009.1
SW91.9L,2013-10-18,38389.3
SW91.9L,2013-10-19,39096.57
SW91.9L,2013-10-20,38741.49
SW91.9L,2013-10-21,38039.98
SW91.9L,2013-10-22,37349.9
SW91.9L,2013-10-23,36335.84
SW91.9L,2013-10-24,34540.7
SW91.9L,2013-10-25,33595.46
SW91.9L,2013-10-26,32371.27
SW91.9L,2013-10-27,31479.57
SW91.9L,2013-10-28,30609.97
SW91.9L,2013-10-29,29762.0
SW91.9L,2013-10-30,28935.18
SW91.9L,2013-10-31,28395.47
SW91.9L,2013-11-01,27602.85
SW91.9L,2013-11-02,26576.93
SW91.9L,2013-11-03,25585.36
SW91.9L,2013-11-04,24982.62
SW91.9L,2013-11-05,24745.11
SW91.9L,2013-11-06,24863.61
SW91.9L,2013-11-07,24276.17
SW91.9L,2013-11-08,23474.68
SW91.9L,2013-11-09,22697.03
SW91.9L,2013-11-10,21521.64
SW91.9L,2013-11-11,19909.41
SW91.9L,2013-11-12,19333.35
SW91.9L,2013-11-13,18588.56
SW91.9L,2013-11-14,17958.1
SW91.9L,2013-11-15,17519.59
SW91.9L,2013-11-16,17006.09
SW91.9L,2013-11-17,16342.43
SW91.9L,2013-11-18,15860.05
SW91.9L,2013-11-19,15545.61
SW91.9L,2013-11-20,15008.76
SW91.9L,2013-11-21,14561.92
SW91.9L,2013-11-22,14127.05
SW91.9L,2013-11-23,13496.59
SW91.9L,2013-11-24,13090.43
SW91.9L,2013-11-25,12565.96
SW91.9L,2013-11-26,12247.82
SW91.9L,2013-11-27,12060.43
SW91.9L,2013-11-28,11814.58
SW91.9L,2013-11-29,11633.15
SW91.9L,2013-11-30,11513.59
SW91.9L,2013-12-01,11336.32
SW91.9L,2013-12-02,11277.77
SW91.9L,2013-12-03,11103.77
SW91.9L,2013-12-04,11046.3
SW91.9L,2013-12-05,11046.3
SW91.9L,2013-12-06,10819.1
SW91.9L,2013-12-07,10377.25
SW91.9L,2013-12-08,9951.66
SW91.9L,2013-12-09,9541.8
SW91.9L,2013-12-10,9244.42
SW91.9L,2013-12-11,9002.99
SW91.9L,2013-12-12,8720.75
SW91.9L,2013-12-13,8582.63
SW91.9L,2013-12-14,8491.64
SW91.9L,2013-12-15,8312.27
SW91.9L,2013-12-16,8179.97
SW91.9L,2013-12-17,8092.83
SW91.9L,2013-12-18,7963.68
SW91.9L,2013-12-19,7963.68
SW91.9L,2013-12-20,7963.68
SW91.9L,2013-12-21,7921.04
SW91.9L,2013-12-22,7836.38
SW91.9L,2013-12-23,7710.91
SW91.9L,2013-12-24,7505.8
SW91.9L,2013-12-25,7305.59
SW91.9L,2013-12-26,7110.2
SW91.9L,2013-12-27,6919.5
SW91.9L,2013-12-28,6807.3
SW91.9L,2013-12-29,6696.74
SW91.9L,2013-12-30,6660.24
SW91.9L,2013-12-31,6587.79
SW91.9L,2014-01-01,8756.62
SW91.9L,2014-01-02,8756.62
SW91.9L,2014-01-03,8712.99
SW91.9L,2014-01-04,8712.99
SW91.9L,2014-01-05,8626.28
SW91.9L,2014-01-06,8626.28
SW91.9L,2014-01-07,8540.32
SW91.9L,2014-01-08,8245.25
SW91.9L,2014-01-09,7959.01
SW91.9L,2014-01-10,7642.42
SW91.9L,2014-01-11,7412.16
SW91.9L,2014-01-12,7262.0
SW91.9L,2014-01-13,7224.87
SW91.9L,2014-01-14,7187.91
SW91.9L,2014-01-15,7224.87
SW91.9L,2014-01-16,7187.91
SW91.9L,2014-01-17,7299.29
SW91.9L,2014-01-18,7262.0
SW91.9L,2014-01-19,7262.0
SW91.9L,2014-01-20,7187.91
SW91.9L,2014-01-21,7114.47
SW91.9L,2014-01-22,7005.52
SW91.9L,2014-01-23,7041.68
SW91.9L,2014-01-24,6969.53
SW91.9L,2014-01-25,6933.7
SW91.9L,2014-01-26,6862.51
SW91.9L,2014-01-27,6756.9
SW91.9L,2014-01-28,6722.01
SW91.9L,2014-01-29,6791.95
SW91.9L,2014-01-30,7041.68
SW91.9L,2014-01-31,7187.91
SW91.9L,2014-02-01,7374.37
SW91.9L,2014-02-02,7681.39
SW91.9L,2014-02-03,7759.84
SW91.9L,2014-02-04,7603.62
SW91.9L,2014-02-05,7450.11
SW91.9L,2014-02-06,7224.87
SW91.9L,2014-02-07,6969.53
SW91.9L,2014-02-08,6652.7
SW91.9L,2014-02-09,6482.12
SW91.9L,2014-02-10,6414.95
SW91.9L,2014-02-11,6381.59
SW91.9L,2014-02-12,6348.38
SW91.9L,2014-02-13,6381.59
SW91.9L,2014-02-14,6414.95
SW91.9L,2014-02-15,6448.46
SW91.9L,2014-02-16,6515.93
SW91.9L,2014-02-17,6722.01
SW91.9L,2014-02-18,6687.28
SW91.9L,2014-02-19,6584.01
SW91.9L,2014-02-20,6414.95
SW91.9L,2014-02-21,6448.46
SW91.9L,2014-02-22,6584.01
SW91.9L,2014-02-23,6448.46
SW91.9L,2014-02-24,6249.64
SW91.9L,2014-02-25,6152.23
SW91.9L,2014-02-26,6088.02
SW91.9L,2014-02-27,6152.23
SW91.9L,2014-02-28,6315.32
SW91.9L,2014-04-01,7114.47
SW91.9L,2014-04-02,7224.87
SW91.9L,2014-04-03,7299.29
SW91.9L,2014-04-04,7005.52
SW91.9L,2014-04-05,6791.95
SW91.9L,2014-04-06,6549.89
SW91.9L,2014-04-07,6381.59
SW91.9L,2014-04-08,6249.64
SW91.9L,2014-04-09,6315.32
SW91.9L,2014-04-10,6618.28
SW91.9L,2014-04-11,6862.51
SW91.9L,2014-04-12,7005.52
SW91.9L,2014-04-13,7005.52
SW91.9L,2014-04-14,6969.53
SW91.9L,2014-04-15,6898.02
SW91.9L,2014-04-16,6969.53
SW91.9L,2014-04-17,7187.91
SW91.9L,2014-04-18,7564.99
SW91.9L,2014-04-19,7564.99
SW91.9L,2014-04-20,7526.53
SW91.9L,2014-04-21,7526.53
SW91.9L,2014-04-22,7488.24
SW91.9L,2014-04-23,7374.37
SW91.9L,2014-04-24,7262.0
SW91.9L,2014-04-25,7187.91
SW91.9L,2014-04-26,7374.37
SW91.9L,2014-04-27,7720.53
SW91.9L,2014-04-28,8080.62
SW91.9L,2014-04-29,8370.61
SW91.9L,2014-04-30,8626.28
SW91.9L,2014-05-01,8800.44
SW91.9L,2014-05-02,8933.05
SW91.9L,2014-05-03,8756.62
SW91.9L,2014-05-04,8370.61
SW91.9L,2014-05-05,8121.51
SW91.9L,2014-05-06,7959.01
SW91.9L,2014-05-07,7759.84
SW91.9L,2014-05-08,7799.33
SW91.9L,2014-05-09,7959.01
SW91.9L,2014-05-10,8286.85
SW91.9L,2014-05-11,8540.32
SW91.9L,2014-05-12,9295.12
SW91.9L,2014-05-13,9959.26
SW91.9L,2014-05-14,10612.21
SW91.9L,2014-05-15,11632.83
SW91.9L,2014-05-16,13671.51
SW91.9L,2014-05-17,17542.73
SW91.9L,2014-05-18,21081.49
SW91.9L,2014-05-19,23222.36
SW91.9L,2014-05-20,24787.31
SW91.9L,2014-05-21,25880.42
SW91.9L,2014-05-22,26670.11
SW91.9L,2014-05-23,26442.39
SW91.9L,2014-05-24,25110.98
SW91.9L,2014-05-25,23020.29
SW91.9L,2014-05-26,21647.75
SW91.9L,2014-05-27,20528.05
SW91.9L,2014-05-28,20076.47
SW91.9L,2014-05-29,19987.19
SW91.9L,2014-05-30,20166.1
SW91.9L,2014-05-31,21174.97
SW91.9L,2014-06-01,22620.68
SW91.9L,2014-06-02,23020.29
SW91.9L,2014-06-03,22324.92
SW91.9L,2014-06-04,21552.47
SW91.9L,2014-06-05,21174.97
SW91.9L,2014-06-06,20988.36
SW91.9L,2014-06-07,21552.47
SW91.9L,2014-06-08,21935.76
SW91.9L,2014-06-09,22819.73
SW91.9L,2014-06-10,24255.85
SW91.9L,2014-06-11,26442.39
SW91.9L,2014-06-12,27953.05
SW91.9L,2014-06-13,29662.61
SW91.9L,2014-06-14,30422.43
SW91.9L,2014-06-15,30550.68
SW91.9L,2014-06-16,30938.25
SW91.9L,2014-06-17,32126.51
SW91.9L,2014-06-18,33215.58
SW91.9L,2014-06-19,33215.58
SW91.9L,2014-06-20,33632.11
SW91.9L,2014-06-21,32531.24
SW91.9L,2014-06-22,32531.24
SW91.9L,2014-06-23,32126.51
SW91.9L,2014-06-24,33632.11
SW91.9L,2014-06-25,36078.62
SW91.9L,2014-06-26,39954.79
SW91.9L,2014-06-27,45075.83
SW91.9L,2014-06-28,48031.5
SW91.9L,2014-06-29,49182.18
SW91.9L,2014-06-30,49766.38
SW91.9L,2014-07-01,49962.44
SW91.9L,2014-07-02,50159.16
SW91.9L,2014-07-03,50554.62
SW91.9L,2014-07-04,49766.38
SW91.9L,2014-07-05,49570.98
SW91.9L,2014-07-06,49766.38
SW91.9L,2014-07-07,50356.56
SW91.9L,2014-07-08,50356.56
SW91.9L,2014-07-09,50159.16
SW91.9L,2014-07-10,49376.25
SW91.9L,2014-07-11,49182.18
SW91.9L,2014-07-12,49376.25
SW91.9L,2014-07-13,49962.44
SW91.9L,2014-07-14,50952.76
SW91.9L,2014-07-15,51959.97
SW91.9L,2014-07-16,52367.64
SW91.9L,2014-07-17,52778.06
SW91.9L,2014-07-18,53191.25
SW91.9L,2014-07-19,53191.25
SW91.9L,2014-07-20,52984.31
SW91.9L,2014-07-21,54659.48
SW91.9L,2014-07-22,54872.05
SW91.9L,2014-07-23,55945.65
SW91.9L,2014-07-24,57479.11
SW91.9L,2014-07-25,58822.22
SW91.9L,2014-07-26,59503.87
SW91.9L,2014-07-27,60423.32
SW91.9L,2014-07-28,61355.0
SW91.9L,2014-07-29,61355.0
SW91.9L,2014-07-30,59962.07
SW91.9L,2014-07-31,58147.32
SW91.9L,2014-08-01,56598.47
SW91.9L,2014-08-02,55729.5
SW91.9L,2014-08-03,55729.5
SW91.9L,2014-08-04,54447.62
SW91.9L,2014-08-05,55299.34
SW91.9L,2014-08-06,54659.48
SW91.9L,2014-08-07,54026.01
SW91.9L,2014-08-08,53398.89
SW91.9L,2014-08-09,53607.23
SW91.9L,2014-08-10,55085.34
SW91.9L,2014-08-11,56598.47
SW91.9L,2014-08-12,57479.11
SW91.9L,2014-08-13,58596.51
SW91.9L,2014-08-14,60655.09
SW91.9L,2014-08-15,63496.71
SW91.9L,2014-08-16,65702.59
SW91.9L,2014-08-17,68746.39
SW91.9L,2014-08-18,73266.28
SW91.9L,2014-08-19,78909.93
SW91.9L,2014-08-20,84614.8
SW91.9L,2014-08-21,89691.41
SW91.9L,2014-08-22,91661.73
SW91.9L,2014-08-23,93669.27
SW91.9L,2014-08-24,95714.62
SW91.9L,2014-08-25,97099.49
SW91.9L,2014-08-26,98149.45
SW91.9L,2014-08-27,96404.91
SW91.9L,2014-08-28,96059.23
SW91.9L,2014-08-29,97099.49
SW91.9L,2014-08-30,98149.45
SW91.9L,2014-08-31,98501.61
SW91.9L,2014-09-01,96059.23
SW91.9L,2014-09-02,91661.73
SW91.9L,2014-09-03,85860.12
SW91.9L,2014-09-04,78909.93
SW91.9L,2014-09-05,72721.56
SW91.9L,2014-09-06,68230.8
SW91.9L,2014-09-07,63496.71
SW91.9L,2014-09-08,59732.59
SW91.9L,2014-09-09,56817.53
SW91.9L,2014-09-10,54447.62
SW91.9L,2014-09-11,53607.23
SW91.9L,2014-09-12,52778.06
SW91.9L,2014-09-13,52572.5
SW91.9L,2014-09-14,51757.17
SW91.9L,2014-09-15,51152.84
SW91.9L,2014-09-16,51152.84
SW91.9L,2014-09-17,51959.97
SW91.9L,2014-09-18,52367.64
SW91.9L,2014-09-19,53191.25
SW91.9L,2014-09-20,54659.48
SW91.9L,2014-09-21,55945.65
SW91.9L,2014-09-22,57479.11
SW91.9L,2014-09-23,60887.62
SW91.9L,2014-09-24,66201.66
SW91.9L,2014-09-25,69526.07
SW91.9L,2014-09-26,70577.5
SW91.9L,2014-09-27,69787.65
SW91.9L,2014-09-28,66704.0
SW91.9L,2014-09-29,65454.27
SW91.9L,2014-09-30,64469.08
SW91.9L,2014-10-01,63015.28
SW91.9L,2014-10-02,60423.32
SW91.9L,2014-10-03,56817.53
SW91.9L,2014-10-04,54659.48
SW91.9L,2014-10-05,51152.84
SW91.9L,2014-10-06,48221.65
SW91.9L,2014-10-07,45799.63
SW91.9L,2014-10-08,43657.79
SW91.9L,2014-10-09,41770.91
SW91.9L,2014-10-10,40936.76
SW91.9L,2014-10-11,40607.15
SW91.9L,2014-10-12,39954.79
SW91.9L,2014-10-13,37742.17
SW91.9L,2014-10-14,36376.29
SW91.9L,2014-10-15,34621.58
SW91.9L,2014-10-16,32940.37
SW91.9L,2014-10-17,31330.05
SW91.9L,2014-10-18,29914.04
SW91.9L,2014-10-19,29537.57
SW91.9L,2014-10-20,29914.04
SW91.9L,2014-10-21,30422.43
SW91.9L,2014-10-22,30550.68
SW91.9L,2014-10-23,30938.25
SW91.9L,2014-10-24,31198.98
SW91.9L,2014-10-25,30679.4
SW91.9L,2014-10-26,30294.64
SW91.9L,2014-10-27,29662.61
SW91.9L,2014-10-28,28553.58
SW91.9L,2014-10-29,27130.63
SW91.9L,2014-10-30,25991.98
SW91.9L,2014-10-31,24894.8
SW91.9L,2014-11-01,23528.34
SW91.9L,2014-11-02,22919.82
SW91.9L,2014-11-03,22227.08
SW91.9L,2014-11-04,21647.75
SW91.9L,2014-11-05,21174.97
SW91.9L,2014-11-06,20528.05
SW91.9L,2014-11-07,20346.38
SW91.9L,2014-11-08,20256.07
SW91.9L,2014-11-09,20076.47
SW91.9L,2014-11-10,19721.41
SW91.9L,2014-11-11,18772.76
SW91.9L,2014-11-12,18189.79
SW91.9L,2014-11-13,17622.51
SW91.9L,2014-11-14,16992.93
SW91.9L,2014-11-15,16458.06
SW91.9L,2014-11-16,16084.96
SW91.9L,2014-11-17,15646.89
SW91.9L,2014-11-18,15289.73
SW91.9L,2014-11-19,15219.15
SW91.9L,2014-11-20,15148.85
SW91.9L,2014-11-21,15078.83
SW91.9L,2014-11-22,15009.09
SW91.9L,2014-11-23,14870.44
SW91.9L,2014-11-24,14664.54
SW91.9L,2014-11-25,14461.1
SW91.9L,2014-11-26,14326.84
SW91.9L,2014-11-27,14193.65
SW91.9L,2014-11-28,13800.46
SW91.9L,2014-11-29,13290.85
SW91.9L,2014-11-30,12858.35
SW91.9L,2014-12-01,12556.89
SW91.9L,2014-12-02,12497.34
SW91.9L,2014-12-03,12378.97
SW91.9L,2014-12-04,12320.14
SW91.9L,2014-12-05,12203.22
SW91.9L,2014-12-06,11972.23
SW91.9L,2014-12-07,11858.16
SW91.9L,2014-12-08,11632.83
SW91.9L,2014-12-09,11411.21
SW91.9L,2014-12-10,11301.77
SW91.9L,2014-12-11,11139.3
SW91.9L,2014-12-12,10925.82
SW91.9L,2014-12-13,10715.88
SW91.9L,2014-12-14,10509.42
SW91.9L,2014-12-15,10407.49
SW91.9L,2014-12-16,10106.78
SW91.9L,2014-12-17,9861.95
SW91.9L,2014-12-18,9669.78
SW91.9L,2014-12-19,9622.25
SW91.9L,2014-12-20,9574.92
SW91.9L,2014-12-21,9527.79
SW91.9L,2014-12-22,9669.78
SW91.9L,2014-12-23,9813.6
SW91.9L,2014-12-24,9765.46
SW91.9L,2014-12-25,9669.78
SW91.9L,2014-12-26,9527.79
SW91.9L,2014-12-27,9295.12
SW91.9L,2014-12-28,9067.37
SW91.9L,2014-12-29,8844.46
SW91.9L,2014-12-30,8669.54
SW91.9L,2014-12-31,8497.62
SW91.9L,2015-01-01,6635.62
SW91.9L,2015-01-02,6635.62
SW91.9L,2015-01-03,6635.62
SW91.9L,2015-01-04,6751.59
SW91.9L,2015-01-05,6790.63
SW91.9L,2015-01-06,6635.62
SW91.9L,2015-01-07,6559.26
SW91.9L,2015-01-08,6521.35
SW91.9L,2015-01-09,6521.35
SW91.9L,2015-01-10,6371.6
SW91.9L,2015-01-11,6188.54
SW91.9L,2015-01-12,5939.77
SW91.9L,2015-01-13,5904.94
SW91.9L,2015-01-14,5904.94
SW91.9L,2015-01-15,5870.28
SW91.9L,2015-01-16,5870.28
SW91.9L,2015-01-17,5801.48
SW91.9L,2015-01-18,5870.28
SW91.9L,2015-01-19,5870.28
SW91.9L,2015-01-20,6080.86
SW91.9L,2015-01-21,6116.57
SW91.9L,2015-01-22,6080.86
SW91.9L,2015-01-23,6080.86
SW91.9L,2015-01-24,6080.86
SW91.9L,2015-01-25,6080.86
SW91.9L,2015-01-26,5870.28
SW91.9L,2015-01-27,5566.05
SW91.9L,2015-01-28,5370.78
SW91.9L,2015-01-29,5181.36
SW91.9L,2015-01-30,4997.65
SW91.9L,2015-01-31,4790.36
SW91.9L,2015-02-01,4732.5
SW91.9L,2015-02-02,4790.36
SW91.9L,2015-02-03,4878.29
SW91.9L,2015-02-04,4878.29
SW91.9L,2015-02-05,4790.36
SW91.9L,2015-02-06,4703.79
SW91.9L,2015-02-07,4703.79
SW91.9L,2015-02-08,4703.79
SW91.9L,2015-02-09,4646.82
SW91.9L,2015-02-10,4562.46
SW91.9L,2015-02-11,4479.4
SW91.9L,2015-02-12,4317.15
SW91.9L,2015-02-13,4185.79
SW91.9L,2015-02-14,4057.84
SW91.9L,2015-02-15,4007.6
SW91.9L,2015-02-16,3933.23
SW91.9L,2015-02-17,4007.6
SW91.9L,2015-02-18,4108.61
SW91.9L,2015-02-19,4424.75
SW91.9L,2015-02-20,4703.79
SW91.9L,2015-02-21,5027.88
SW91.9L,2015-02-22,4967.58
SW91.9L,2015-02-23,4732.5
SW91.9L,2015-02-24,4590.43
SW91.9L,2015-02-25,4397.64
SW91.9L,2015-02-26,4211.78
SW91.9L,2015-02-27,4083.16
SW91.9L,2015-02-28,4007.6
SW91.9L,2015-03-01,3957.89
SW91.9L,2015-03-02,3933.23
SW91.9L,2015-03-03,3957.89
SW91.9L,2015-03-04,3957.89
SW91.9L,2015-03-05,3957.89
SW91.9L,2015-03-06,4057.84
SW91.9L,2015-03-07,4108.61
SW91.9L,2015-03-08,4134.2
SW91.9L,2015-03-09,4108.61
SW91.9L,2015-03-10,4083.16
SW91.9L,2015-03-11,4211.78
SW91.9L,2015-03-12,4343.84
SW91.9L,2015-03-13,4397.64
SW91.9L,2015-03-14,4479.4
SW91.9L,2015-03-15,4506.94
SW91.9L,2015-03-16,4590.43
SW91.9L,2015-03-17,4618.55
SW91.9L,2015-03-18,4732.5
SW91.9L,2015-03-19,4848.83
SW91.9L,2015-03-20,4997.65
SW91.9L,2015-03-21,5181.36
SW91.9L,2015-03-22,5181.36
SW91.9L,2015-03-23,5181.36
SW91.9L,2015-03-24,5088.8
SW91.9L,2015-03-25,5027.88
SW91.9L,2015-03-26,4937.66
SW91.9L,2015-03-27,4732.5
SW91.9L,2015-03-28,4646.82
SW91.9L,2015-03-29,4618.55
SW91.9L,2015-03-30,4703.79
SW91.9L,2015-03-31,4761.36
SW91.9L,2015-04-01,4819.52
SW91.9L,2015-04-02,5058.26
SW91.9L,2015-04-03,5212.53
SW91.9L,2015-04-04,5767.34
SW91.9L,2015-04-05,6009.96
SW91.9L,2015-04-06,6116.57
SW91.9L,2015-04-07,6116.57
SW91.9L,2015-04-08,6080.86
SW91.9L,2015-04-09,6080.86
SW91.9L,2015-04-10,6334.63
SW91.9L,2015-04-11,6559.26
SW91.9L,2015-04-12,6988.7
SW91.9L,2015-04-13,7191.67
SW91.9L,2015-04-14,7612.69
SW91.9L,2015-04-15,8329.91
SW91.9L,2015-04-16,8855.67
SW91.9L,2015-04-17,9053.72
SW91.9L,2015-04-18,9409.39
SW91.9L,2015-04-19,9992.29
SW91.9L,2015-04-20,10322.98
SW91.9L,2015-04-21,9992.29
SW91.9L,2015-04-22,9513.16
SW91.9L,2015-04-23,9357.86
SW91.9L,2015-04-24,9154.15
SW91.9L,2015-04-25,9154.15
SW91.9L,2015-04-26,8954.23
SW91.9L,2015-04-27,9204.72
SW91.9L,2015-04-28,10101.5
SW91.9L,2015-04-29,10548.58
SW91.9L,2015-04-30,10953.47
SW91.9L,2015-05-01,11371.51
SW91.9L,2015-05-02,11678.34
SW91.9L,2015-05-03,12119.73
SW91.9L,2015-05-04,12119.73
SW91.9L,2015-05-05,12977.17
SW91.9L,2015-05-06,12509.28
SW91.9L,2015-05-07,12443.63
SW91.9L,2015-05-08,12378.27
SW91.9L,2015-05-09,12183.93
SW91.9L,2015-05-10,12119.73
SW91.9L,2015-05-11,12119.73
SW91.9L,2015-05-12,12313.2
SW91.9L,2015-05-13,12378.27
SW91.9L,2015-05-14,12509.28
SW91.9L,2015-05-15,12509.28
SW91.9L,2015-05-16,12119.73
SW91.9L,2015-05-17,11992.2
SW91.9L,2015-05-18,12575.23
SW91.9L,2015-05-19,12575.23
SW91.9L,2015-05-20,12774.86
SW91.9L,2015-05-21,13459.87
SW91.9L,2015-05-22,14102.85
SW91.9L,2015-05-23,14771.77
SW91.9L,2015-05-24,16857.9
SW91.9L,2015-05-25,19284.43
SW91.9L,2015-05-26,20354.87
SW91.9L,2015-05-27,20857.9
SW91.9L,2015-05-28,21164.76
SW91.9L,2015-05-29,21164.76
SW91.9L,2015-05-30,23534.73
SW91.9L,2015-05-31,26126.77
SW91.9L,2015-06-01,27769.63
SW91.9L,2015-06-02,29363.31
SW91.9L,2015-06-03,31320.31
SW91.9L,2015-06-04,32785.14
SW91.9L,2015-06-05,32934.78
SW91.9L,2015-06-06,31464.24
SW91.9L,2015-06-07,31320.31
SW91.9L,2015-06-08,32785.14
SW91.9L,2015-06-09,36869.26
SW91.9L,2015-06-10,40655.58
SW91.9L,2015-06-11,42856.75
SW91.9L,2015-06-12,46750.7
SW91.9L,2015-06-13,51159.3
SW91.9L,2015-06-14,53833.68
SW91.9L,2015-06-15,55916.68
SW91.9L,2015-06-16,55916.68
SW91.9L,2015-06-17,52929.31
SW91.9L,2015-06-18,50078.82
SW91.9L,2015-06-19,48390.43
SW91.9L,2015-06-20,49228.46
SW91.9L,2015-06-21,51597.01
SW91.9L,2015-06-22,51597.01
SW91.9L,2015-06-23,49439.89
SW91.9L,2015-06-24,48598.79
SW91.9L,2015-06-25,47769.89
SW91.9L,2015-06-26,48182.82
SW91.9L,2015-06-27,48807.91
SW91.9L,2015-06-28,47975.98
SW91.9L,2015-06-29,47156.14
SW91.9L,2015-06-30,46348.24
SW91.9L,2015-07-01,47359.97
SW91.9L,2015-07-02,47769.89
SW91.9L,2015-07-03,47359.97
SW91.9L,2015-07-04,48598.79
SW91.9L,2015-07-05,50508.66
SW91.9L,2015-07-06,51377.76
SW91.9L,2015-07-07,52705.25
SW91.9L,2015-07-08,53606.36
SW91.9L,2015-07-09,55916.68
SW91.9L,2015-07-10,54982.59
SW91.9L,2015-07-11,52929.31
SW91.9L,2015-07-12,50078.82
SW91.9L,2015-07-13,47975.98
SW91.9L,2015-07-14,46348.24
SW91.9L,2015-07-15,45552.15
SW91.9L,2015-07-16,44573.42
SW91.9L,2015-07-17,44962.74
SW91.9L,2015-07-18,47359.97
SW91.9L,2015-07-19,50293.35
SW91.9L,2015-07-20,52037.91
SW91.9L,2015-07-21,52705.25
SW91.9L,2015-07-22,53154.18
SW91.9L,2015-07-23,53606.36
SW91.9L,2015-07-24,52705.25
SW91.9L,2015-07-25,51597.01
SW91.9L,2015-07-26,50078.82
SW91.9L,2015-07-27,49652.09
SW91.9L,2015-07-28,48807.91
SW91.9L,2015-07-29,48390.43
SW91.9L,2015-07-30,48182.82
SW91.9L,2015-07-31,48598.79
SW91.9L,2015-08-01,50724.75
SW91.9L,2015-08-02,52259.55
SW91.9L,2015-08-03,51377.76
SW91.9L,2015-08-04,51817.06
SW91.9L,2015-08-05,52259.55
SW91.9L,2015-08-06,52482.0
SW91.9L,2015-08-07,52482.0
SW91.9L,2015-08-08,51377.76
SW91.9L,2015-08-09,49865.07
SW91.9L,2015-08-10,49017.81
SW91.9L,2015-08-11,48390.43
SW91.9L,2015-08-12,47975.98
SW91.9L,2015-08-13,48182.82
SW91.9L,2015-08-14,48598.79
SW91.9L,2015-08-15,49228.46
SW91.9L,2015-08-16,49865.07
SW91.9L,2015-08-17,52259.55
SW91.9L,2015-08-18,56388.76
SW91.9L,2015-08-19,59046.27
SW91.9L,2015-08-20,61809.59
SW91.9L,2015-08-21,67667.5
SW91.9L,2015-08-22,76411.97
SW91.9L,2015-08-23,87123.5
SW91.9L,2015-08-24,93486.28
SW91.9L,2015-08-25,97944.19
SW91.9L,2015-08-26,101796.02
SW91.9L,2015-08-27,102581.65
SW91.9L,2015-08-28,102581.65
SW91.9L,2015-08-29,99086.49
SW91.9L,2015-08-30,96438.55
SW91.9L,2015-08-31,96438.55
SW91.9L,2015-09-01,96813.1
SW91.9L,2015-09-02,96438.55
SW91.9L,2015-09-03,98323.7
SW91.9L,2015-09-04,101405.13
SW91.9L,2015-09-05,99854.31
SW91.9L,2015-09-06,100627.18
SW91.9L,2015-09-07,100627.18
SW91.9L,2015-09-08,98704.47
SW91.9L,2015-09-09,98704.47
SW91.9L,2015-09-10,92399.17
SW91.9L,2015-09-11,84750.61
SW91.9L,2015-09-12,77336.98
SW91.9L,2015-09-13,70769.26
SW91.9L,2015-09-14,67116.16
SW91.9L,2015-09-15,63887.69
SW91.9L,2015-09-16,60289.01
SW91.9L,2015-09-17,55214.86
SW91.9L,2015-09-18,52259.55
SW91.9L,2015-09-19,50293.35
SW91.9L,2015-09-20,49865.07
SW91.9L,2015-09-21,51597.01
SW91.9L,2015-09-22,50724.75
SW91.9L,2015-09-23,50941.63
SW91.9L,2015-09-24,51597.01
SW91.9L,2015-09-25,52482.0
SW91.9L,2015-09-26,52037.91
SW91.9L,2015-09-27,52482.0
SW91.9L,2015-09-28,53606.36
SW91.9L,2015-09-29,54751.15
SW91.9L,2015-09-30,55447.96
SW91.9L,2015-10-01,53833.68
SW91.9L,2015-10-02,51597.01
SW91.9L,2015-10-03,47975.98
SW91.9L,2015-10-04,44573.42
SW91.9L,2015-10-05,41560.75
SW91.9L,2015-10-06,38895.46
SW91.9L,2015-10-07,37200.58
SW91.9L,2015-10-08,35890.31
SW91.9L,2015-10-09,34933.56
SW91.9L,2015-10-10,33539.15
SW91.9L,2015-10-11,32487.6
SW91.9L,2015-10-12,30609.02
SW91.9L,2015-10-13,30188.88
SW91.9L,2015-10-14,29499.55
SW91.9L,2015-10-15,28957.77
SW91.9L,2015-10-16,28424.48
SW91.9L,2015-10-17,27255.03
SW91.9L,2015-10-18,26623.21
SW91.9L,2015-10-19,25396.88
SW91.9L,2015-10-20,24450.73
SW91.9L,2015-10-21,23310.34
SW91.9L,2015-10-22,22215.53
SW91.9L,2015-10-23,21475.45
SW91.9L,2015-10-24,21164.76
SW91.9L,2015-10-25,20756.46
SW91.9L,2015-10-26,20156.57
SW91.9L,2015-10-27,19959.92
SW91.9L,2015-10-28,19284.43
SW91.9L,2015-10-29,18813.93
SW91.9L,2015-10-30,18262.25
SW91.9L,2015-10-31,17902.16
SW91.9L,2015-11-01,17548.13
SW91.9L,2015-11-02,17286.53
SW91.9L,2015-11-03,16857.9
SW91.9L,2015-11-04,16109.13
SW91.9L,2015-11-05,15467.5
SW91.9L,2015-11-06,15000.66
SW91.9L,2015-11-07,14471.22
SW91.9L,2015-11-08,14102.85
SW91.9L,2015-11-09,13742.49
SW91.9L,2015-11-10,13251.16
SW91.9L,2015-11-11,13113.56
SW91.9L,2015-11-12,13113.56
SW91.9L,2015-11-13,13182.21
SW91.9L,2015-11-14,13113.56
SW91.9L,2015-11-15,13113.56
SW91.9L,2015-11-16,12977.17
SW91.9L,2015-11-17,12708.02
SW91.9L,2015-11-18,12378.27
SW91.9L,2015-11-19,12055.82
SW91.9L,2015-11-20,11678.34
SW91.9L,2015-11-21,11432.32
SW91.9L,2015-11-22,11190.72
SW91.9L,2015-11-23,10953.47
SW91.9L,2015-11-24,10662.94
SW91.9L,2015-11-25,10605.63
SW91.9L,2015-11-26,10605.63
SW91.9L,2015-11-27,10605.63
SW91.9L,2015-11-28,10491.79
SW91.9L,2015-11-29,10322.98
SW91.9L,2015-11-30,10156.49
SW91.9L,2015-12-01,9830.35
SW91.9L,2015-12-02,9617.91
SW91.9L,2015-12-03,9357.86
SW91.9L,2015-12-04,9103.82
SW91.9L,2015-12-05,9003.86
SW91.9L,2015-12-06,8806.73
SW91.9L,2015-12-07,8758.03
SW91.9L,2015-12-08,8758.03
SW91.9L,2015-12-09,8855.67
SW91.9L,2015-12-10,8709.56
SW91.9L,2015-12-11,8709.56
SW91.9L,2015-12-12,8613.29
SW91.9L,2015-12-13,8613.29
SW91.9L,2015-12-14,8470.59
SW91.9L,2015-12-15,8283.46
SW91.9L,2015-12-16,8054.5
SW91.9L,2015-12-17,7786.88
SW91.9L,2015-12-18,7612.69
SW91.9L,2015-12-19,7484.24
SW91.9L,2015-12-20,7357.64
SW91.9L,2015-12-21,7315.85
SW91.9L,2015-12-22,7232.86
SW91.9L,2015-12-23,7191.67
SW91.9L,2015-12-24,7232.86
SW91.9L,2015-12-25,7191.67
SW91.9L,2015-12-26,7150.68
SW91.9L,2015-12-27,7028.9
SW91.9L,2015-12-28,6908.89
SW91.9L,2015-12-29,6790.63
SW91.9L,2015-12-30,6674.09
SW91.9L,2015-12-31,6521.35
SW91.9L,2016-01-01,7814.18
SW91.9L,2016-01-02,7668.98
SW91.9L,2016-01-03,7420.12
SW91.9L,2016-01-04,7246.4
SW91.9L,2016-01-05,7075.97
SW91.9L,2016-01-06,6941.97
SW91.9L,2016-01-07,6810.03
SW91.9L,2016-01-08,6744.83
SW91.9L,2016-01-09,6810.03
SW91.9L,2016-01-10,6842.83
SW91.9L,2016-01-11,6908.8
SW91.9L,2016-01-12,7008.71
SW91.9L,2016-01-13,7042.28
SW91.9L,2016-01-14,7042.28
SW91.9L,2016-01-15,7042.28
SW91.9L,2016-01-16,6975.28
SW91.9L,2016-01-17,6810.03
SW91.9L,2016-01-18,6647.97
SW91.9L,2016-01-19,6552.23
SW91.9L,2016-01-20,6333.17
SW91.9L,2016-01-21,6120.07
SW91.9L,2016-01-22,6150.16
SW91.9L,2016-01-23,6302.37
SW91.9L,2016-01-24,6364.1
SW91.9L,2016-01-25,6333.17
SW91.9L,2016-01-26,6241.12
SW91.9L,2016-01-27,6150.16
SW91.9L,2016-01-28,6150.16
SW91.9L,2016-01-29,6120.07
SW91.9L,2016-01-30,6120.07
SW91.9L,2016-01-31,6030.54
SW91.9L,2016-02-01,5971.44
SW91.9L,2016-02-02,5854.64
SW91.9L,2016-02-03,5768.26
SW91.9L,2016-02-04,5654.68
SW91.9L,2016-02-05,5598.58
SW91.9L,2016-02-06,5598.58
SW91.9L,2016-02-07,5682.91
SW91.9L,2016-02-08,5768.26
SW91.9L,2016-02-09,5912.8
SW91.9L,2016-02-10,6180.36
SW91.9L,2016-02-11,6552.23
SW91.9L,2016-02-12,6842.83
SW91.9L,2016-02-13,6875.75
SW91.9L,2016-02-14,6744.83
SW91.9L,2016-02-15,6552.23
SW91.9L,2016-02-16,6426.32
SW91.9L,2016-02-17,6271.69
SW91.9L,2016-02-18,6030.54
SW91.9L,2016-02-19,5942.06
SW91.9L,2016-02-20,5942.06
SW91.9L,2016-02-21,6030.54
SW91.9L,2016-02-22,6150.16
SW91.9L,2016-02-23,6271.69
SW91.9L,2016-02-24,6302.37
SW91.9L,2016-02-25,6875.75
SW91.9L,2016-02-26,6271.69
SW91.9L,2016-02-27,6060.26
SW91.9L,2016-02-28,5942.06
SW91.9L,2016-02-29,5854.64
SW91.9L,2016-03-01,5796.93
SW91.9L,2016-03-02,5739.69
SW91.9L,2016-03-03,5854.64
SW91.9L,2016-03-04,6000.93
SW91.9L,2016-03-05,6150.16
SW91.9L,2016-03-06,6271.69
SW91.9L,2016-03-07,6120.07
SW91.9L,2016-03-08,6000.93
SW91.9L,2016-03-09,6271.69
SW91.9L,2016-03-10,6647.97
SW91.9L,2016-03-11,6908.8
SW91.9L,2016-03-12,7008.71
SW91.9L,2016-03-13,6810.03
SW91.9L,2016-03-14,6520.57
SW91.9L,2016-03-15,6302.37
SW91.9L,2016-03-16,6180.36
SW91.9L,2016-03-17,6180.36
SW91.9L,2016-03-18,6150.16
SW91.9L,2016-03-19,6180.36
SW91.9L,2016-03-20,6271.69
SW91.9L,2016-03-21,6395.15
SW91.9L,2016-03-22,6615.93
SW91.9L,2016-03-23,6842.83
SW91.9L,2016-03-24,6875.75
SW91.9L,2016-03-25,6941.97
SW91.9L,2016-03-26,7042.28
SW91.9L,2016-03-27,7143.75
SW91.9L,2016-03-28,7246.4
SW91.9L,2016-03-29,7212.05
SW91.9L,2016-03-30,7075.97
SW91.9L,2016-03-31,6975.28
SW91.9L,2016-04-01,6941.97
SW91.9L,2016-04-02,6810.03
SW91.9L,2016-04-03,6810.03
SW91.9L,2016-04-04,6875.75
SW91.9L,2016-04-05,7177.83
SW91.9L,2016-04-06,7597.2
SW91.9L,2016-04-07,8149.02
SW91.9L,2016-04-08,8894.01
SW91.9L,2016-04-09,9016.52
SW91.9L,2016-04-10,9140.38
SW91.9L,2016-04-11,9057.65
SW91.9L,2016-04-12,8573.91
SW91.9L,2016-04-13,8732.78
SW91.9L,2016-04-14,8495.35
SW91.9L,2016-04-15,8853.48
SW91.9L,2016-04-16,10364.07
SW91.9L,2016-04-17,12128.47
SW91.9L,2016-04-18,12659.34
SW91.9L,2016-04-19,13153.02
SW91.9L,2016-04-20,14010.32
SW91.9L,2016-04-21,15035.92
SW91.9L,2016-04-22,15731.26
SW91.9L,2016-04-23,15666.99
SW91.9L,2016-04-24,15990.46
SW91.9L,2016-04-25,15795.74
SW91.9L,2016-04-26,15795.74
SW91.9L,2016-04-27,16385.71
SW91.9L,2016-04-28,17408.47
SW91.9L,2016-04-29,18629.32
SW91.9L,2016-04-30,19918.42
SW91.9L,2016-05-01,21443.48
SW91.9L,2016-05-02,20709.75
SW91.9L,2016-05-03,20469.73
SW91.9L,2016-05-04,19918.42
SW91.9L,2016-05-05,19379.16
SW91.9L,2016-05-06,19763.13
SW91.9L,2016-05-07,20153.21
SW91.9L,2016-05-08,20549.49
SW91.9L,2016-05-09,19840.65
SW91.9L,2016-05-10,18482.2
SW91.9L,2016-05-11,17269.2
SW91.9L,2016-05-12,16253.09
SW91.9L,2016-05-13,15795.74
SW91.9L,2016-05-14,15348.84
SW91.9L,2016-05-15,14789.32
SW91.9L,2016-05-16,14667.25
SW91.9L,2016-05-17,14667.25
SW91.9L,2016-05-18,14850.66
SW91.9L,2016-05-19,15666.99
SW91.9L,2016-05-20,17061.98
SW91.9L,2016-05-21,19840.65
SW91.9L,2016-05-22,21114.83
SW91.9L,2016-05-23,24133.27
SW91.9L,2016-05-24,26593.71
SW91.9L,2016-05-25,28000.14
SW91.9L,2016-05-26,27592.32
SW91.9L,2016-05-27,26692.23
SW91.9L,2016-05-28,25624.5
SW91.9L,2016-05-29,25244.9
SW91.9L,2016-05-30,24684.03
SW91.9L,2016-05-31,24407.4
SW91.9L,2016-06-01,24042.45
SW91.9L,2016-06-02,23681.93
SW91.9L,2016-06-03,23951.91
SW91.9L,2016-06-04,24133.27
SW91.9L,2016-06-05,24133.27
SW91.9L,2016-06-06,22799.69
SW91.9L,2016-06-07,22113.19
SW91.9L,2016-06-08,21443.48
SW91.9L,2016-06-09,20952.04
SW91.9L,2016-06-10,20871.02
SW91.9L,2016-06-11,20629.49
SW91.9L,2016-06-12,20469.73
SW91.9L,2016-06-13,20549.49
SW91.9L,2016-06-14,20549.49
SW91.9L,2016-06-15,20871.02
SW91.9L,2016-06-16,22973.98
SW91.9L,2016-06-17,28000.14
SW91.9L,2016-06-18,29896.1
SW91.9L,2016-06-19,30993.39
SW91.9L,2016-06-20,32122.98
SW91.9L,2016-06-21,32700.12
SW91.9L,2016-06-22,33640.95
SW91.9L,2016-06-23,35216.35
SW91.9L,2016-06-24,38149.34
SW91.9L,2016-06-25,40857.35
SW91.9L,2016-06-26,42699.31
SW91.9L,2016-06-27,46385.25
SW91.9L,2016-06-28,47933.18
SW91.9L,2016-06-29,47043.28
SW91.9L,2016-06-30,44458.63
SW91.9L,2016-07-01,43571.77
SW91.9L,2016-07-02,42843.73
SW91.9L,2016-07-03,42988.54
SW91.9L,2016-07-04,43571.77
SW91.9L,2016-07-05,44309.77
SW91.9L,2016-07-06,45520.26
SW91.9L,2016-07-07,47043.28
SW91.9L,2016-07-08,48610.12
SW91.9L,2016-07-09,50455.8
SW91.9L,2016-07-10,51163.37
SW91.9L,2016-07-11,52120.12
SW91.9L,2016-07-12,51879.5
SW91.9L,2016-07-13,50455.8
SW91.9L,2016-07-14,47264.41
SW91.9L,2016-07-15,46823.05
SW91.9L,2016-07-16,47709.35
SW91.9L,2016-07-17,48837.59
SW91.9L,2016-07-18,50926.57
SW91.9L,2016-07-19,53337.76
SW91.9L,2016-07-20,55846.94
SW91.9L,2016-07-21,59260.84
SW91.9L,2016-07-22,63137.51
SW91.9L,2016-07-23,66931.48
SW91.9L,2016-07-24,69672.01
SW91.9L,2016-07-25,73152.73
SW91.9L,2016-07-26,78827.39
SW91.9L,2016-07-27,84511.62
SW91.9L,2016-07-28,90546.49
SW91.9L,2016-07-29,94908.2
SW91.9L,2016-07-30,99450.22
SW91.9L,2016-07-31,99872.29
SW91.9L,2016-08-01,99029.7
SW91.9L,2016-08-02,94908.2
SW91.9L,2016-08-03,91718.51
SW91.9L,2016-08-04,86732.65
SW91.9L,2016-08-05,81982.67
SW91.9L,2016-08-06,77459.08
SW91.9L,2016-08-07,71552.41
SW91.9L,2016-08-08,66038.91
SW91.9L,2016-08-09,62288.85
SW91.9L,2016-08-10,60073.77
SW91.9L,2016-08-11,55846.94
SW91.9L,2016-08-12,52120.12
SW91.9L,2016-08-13,50926.57
SW91.9L,2016-08-14,49525.53
SW91.9L,2016-08-15,49065.98
SW91.9L,2016-08-16,48837.59
SW91.9L,2016-08-17,50926.57
SW91.9L,2016-08-18,53337.76
SW91.9L,2016-08-19,52604.27
SW91.9L,2016-08-20,51401.13
SW91.9L,2016-08-21,53092.29
SW91.9L,2016-08-22,55083.7
SW91.9L,2016-08-23,54579.9
SW91.9L,2016-08-24,54080.08
SW91.9L,2016-08-25,52847.79
SW91.9L,2016-08-26,52604.27
SW91.9L,2016-08-27,51639.83
SW91.9L,2016-08-28,51879.5
SW91.9L,2016-08-29,52604.27
SW91.9L,2016-08-30,52847.79
SW91.9L,2016-08-31,51639.83
SW91.9L,2016-09-01,51401.13
SW91.9L,2016-09-02,52604.27
SW91.9L,2016-09-03,51879.5
SW91.9L,2016-09-04,51639.83
SW91.9L,2016-09-05,51163.37
SW91.9L,2016-09-06,50690.71
SW91.9L,2016-09-07,48837.59
SW91.9L,2016-09-08,47709.35
SW91.9L,2016-09-09,49295.3
SW91.9L,2016-09-10,49756.7
SW91.9L,2016-09-11,50221.83
SW91.9L,2016-09-12,51163.37
SW91.9L,2016-09-13,52604.27
SW91.9L,2016-09-14,53831.65
SW91.9L,2016-09-15,55337.1
SW91.9L,2016-09-16,55591.52
SW91.9L,2016-09-17,53584.22
SW91.9L,2016-09-18,51879.5
SW91.9L,2016-09-19,49988.8
SW91.9L,2016-09-20,49065.98
SW91.9L,2016-09-21,46385.25
SW91.9L,2016-09-22,44458.63
SW91.9L,2016-09-23,43571.77
SW91.9L,2016-10-01,50690.71
SW91.9L,2016-10-02,52361.71
SW91.9L,2016-10-03,53092.29
SW91.9L,2016-10-04,52847.79
SW91.9L,2016-10-05,51163.37
SW91.9L,2016-10-06,49756.7
SW91.9L,2016-10-07,47486.43
SW91.9L,2016-10-08,44669.23
SW91.9L,2016-10-09,42411.64
SW91.9L,2016-10-10,39892.44
SW91.9L,2016-10-11,39349.39
SW91.9L,2016-10-12,40166.23
SW91.9L,2016-10-13,39756.12
SW91.9L,2016-10-14,40029.15
SW91.9L,2016-10-15,42555.28
SW91.9L,2016-10-16,45520.26
SW91.9L,2016-10-17,47264.41
SW91.9L,2016-10-18,47709.35
SW91.9L,2016-10-19,47043.28
SW91.9L,2016-10-20,44669.23
SW91.9L,2016-10-21,42988.54
SW91.9L,2016-10-22,41417.13
SW91.9L,2016-10-23,37495.54
SW91.9L,2016-10-24,34970.17
SW91.9L,2016-10-25,32122.98
SW91.9L,2016-10-26,30440.75
SW91.9L,2016-10-27,29680.46
SW91.9L,2016-10-28,28830.41
SW91.9L,2016-10-29,27693.82
SW91.9L,2016-10-30,26791.05
SW91.9L,2016-10-31,26299.89
SW91.9L,2016-11-01,25816.02
SW91.9L,2016-11-02,25339.37
SW91.9L,2016-11-03,24963.19
SW91.9L,2016-11-04,24499.33
SW91.9L,2016-11-05,23771.65
SW91.9L,2016-11-06,23061.53
SW91.9L,2016-11-07,22368.64
SW91.9L,2016-11-08,21860.1
SW91.9L,2016-11-09,21360.94
SW91.9L,2016-11-10,20790.26
SW91.9L,2016-11-11,20310.97
SW91.9L,2016-11-12,19763.13
SW91.9L,2016-11-13,19303.1
SW91.9L,2016-11-14,19532.02
SW91.9L,2016-11-15,19532.02
SW91.9L,2016-11-16,19227.28
SW91.9L,2016-11-17,18629.32
SW91.9L,2016-11-18,18336.02
SW91.9L,2016-11-19,18046.47
SW91.9L,2016-11-20,17689.74
SW91.9L,2016-11-21,17338.72
SW91.9L,2016-11-22,16993.36
SW91.9L,2016-11-23,16519.2
SW91.9L,2016-11-24,16253.09
SW91.9L,2016-11-25,15925.34
SW91.9L,2016-11-26,15602.94
SW91.9L,2016-11-27,15412.05
SW91.9L,2016-11-28,15223.05
SW91.9L,2016-11-29,14850.66
SW91.9L,2016-11-30,14365.63
SW91.9L,2016-12-01,13662.15
SW91.9L,2016-12-02,13547.66
SW91.9L,2016-12-03,13208.83
SW91.9L,2016-12-04,13042.0
SW91.9L,2016-12-05,12822.21
SW91.9L,2016-12-06,12498.14
SW91.9L,2016-12-07,12233.18
SW91.9L,2016-12-08,12024.49
SW91.9L,2016-12-09,11666.2
SW91.9L,2016-12-10,11465.37
SW91.9L,2016-12-11,11366.01
SW91.9L,2016-12-12,11366.01
SW91.9L,2016-12-13,11415.6
SW91.9L,2016-12-14,11465.37
SW91.9L,2016-12-15,11316.59
SW91.9L,2016-12-16,11218.27
SW91.9L,2016-12-17,11120.65
SW91.9L,2016-12-18,11023.71
SW91.9L,2016-12-19,10736.98
SW91.9L,2016-12-20,10410.11
SW91.9L,2016-12-21,10091.32
SW91.9L,2016-12-22,9780.47
SW91.9L,2016-12-23,9606.35
SW91.9L,2016-12-24,9349.86
SW91.9L,2016-12-25,9307.66
SW91.9L,2016-12-26,9181.97
SW91.9L,2016-12-27,9098.94
SW91.9L,2016-12-28,9057.65
SW91.9L,2016-12-29,9057.65
SW91.9L,2016-12-30,8975.53
SW91.9L,2016-12-31,8975.53
SW91.9L,2017-01-01,8171.56
SW91.9L,2017-01-02,7913.36
SW91.9L,2017-01-03,7744.9
SW91.9L,2017-01-04,7661.76
SW91.9L,2017-01-05,7497.65
SW91.9L,2017-01-06,7376.43
SW91.9L,2017-01-07,7217.27
SW91.9L,2017-01-08,7060.88
SW91.9L,2017-01-09,6983.72
SW91.9L,2017-01-10,6831.44
SW91.9L,2017-01-11,6681.84
SW91.9L,2017-01-12,6644.86
SW91.9L,2017-01-13,6608.04
SW91.9L,2017-01-14,6571.39
SW91.9L,2017-01-15,6498.57
SW91.9L,2017-01-16,6426.41
SW91.9L,2017-01-17,6571.39
SW91.9L,2017-01-18,6498.57
SW91.9L,2017-01-19,6213.79
SW91.9L,2017-01-20,6075.21
SW91.9L,2017-01-21,5972.93
SW91.9L,2017-01-22,5872.03
SW91.9L,2017-01-23,5838.71
SW91.9L,2017-01-24,5838.71
SW91.9L,2017-01-25,5838.71
SW91.9L,2017-01-26,5838.71
SW91.9L,2017-01-27,5939.14
SW91.9L,2017-01-28,6040.96
SW91.9L,2017-01-29,6075.21
SW91.9L,2017-01-30,6075.21
SW91.9L,2017-01-31,6006.87
SW91.9L,2017-02-01,6006.87
SW91.9L,2017-02-02,5905.51
SW91.9L,2017-02-03,5739.65
SW91.9L,2017-02-04,5609.68
SW91.9L,2017-02-05,5387.95
SW91.9L,2017-02-06,5295.12
SW91.9L,2017-02-07,5203.57
SW91.9L,2017-02-08,5143.25
SW91.9L,2017-02-09,5083.5
SW91.9L,2017-02-10,4850.06
SW91.9L,2017-02-11,4878.76
SW91.9L,2017-02-12,4878.76
SW91.9L,2017-02-13,5024.31
SW91.9L,2017-02-14,5113.31
SW91.9L,2017-02-15,5173.34
SW91.9L,2017-02-16,5053.84
SW91.9L,2017-02-17,4907.59
SW91.9L,2017-02-18,4821.5
SW91.9L,2017-02-19,4793.07
SW91.9L,2017-02-20,4764.78
SW91.9L,2017-02-21,4764.78
SW91.9L,2017-02-22,4736.62
SW91.9L,2017-02-23,4736.62
SW91.9L,2017-02-24,4708.6
SW91.9L,2017-02-25,4708.6
SW91.9L,2017-02-26,4793.07
SW91.9L,2017-02-27,5053.84
SW91.9L,2017-02-28,5264.46
SW91.9L,2017-03-01,5419.19
SW91.9L,2017-03-02,5450.57
SW91.9L,2017-03-03,5450.57
SW91.9L,2017-03-04,5545.6
SW91.9L,2017-03-05,5450.57
SW91.9L,2017-03-06,5482.1
SW91.9L,2017-03-07,5325.92
SW91.9L,2017-03-08,5173.34
SW91.9L,2017-03-09,5053.84
SW91.9L,2017-03-10,4994.92
SW91.9L,2017-03-11,5173.34
SW91.9L,2017-03-12,5419.19
SW91.9L,2017-03-13,5482.1
SW91.9L,2017-03-14,5577.57
SW91.9L,2017-03-15,5805.54
SW91.9L,2017-03-16,6109.62
SW91.9L,2017-03-17,6319.38
SW91.9L,2017-03-18,6426.41
SW91.9L,2017-03-19,6498.57
SW91.9L,2017-03-20,6284.02
SW91.9L,2017-03-21,5939.14
SW91.9L,2017-03-22,5805.54
SW91.9L,2017-03-23,5905.51
SW91.9L,2017-03-24,5972.93
SW91.9L,2017-03-25,6006.87
SW91.9L,2017-03-26,6144.18
SW91.9L,2017-03-27,6109.62
SW91.9L,2017-03-28,6284.02
SW91.9L,2017-03-29,6718.99
SW91.9L,2017-03-30,7416.66
SW91.9L,2017-03-31,8041.63
SW91.9L,2017-04-01,7457.06
SW91.9L,2017-04-02,7457.06
SW91.9L,2017-04-03,7620.46
SW91.9L,2017-04-04,7744.9
SW91.9L,2017-04-05,7786.74
SW91.9L,2017-04-06,7998.68
SW91.9L,2017-04-07,8171.56
SW91.9L,2017-04-08,8571.57
SW91.9L,2017-04-09,9225.05
SW91.9L,2017-04-10,10071.93
SW91.9L,2017-04-11,10925.17
SW91.9L,2017-04-12,11777.1
SW91.9L,2017-04-13,12252.88
SW91.9L,2017-04-14,12192.57
SW91.9L,2017-04-15,11777.1
SW91.9L,2017-04-16,11544.86
SW91.9L,2017-04-17,11430.13
SW91.9L,2017-04-18,11373.12
SW91.9L,2017-04-19,11259.77
SW91.9L,2017-04-20,11777.1
SW91.9L,2017-04-21,11487.38
SW91.9L,2017-04-22,11147.33
SW91.9L,2017-04-23,11147.33
SW91.9L,2017-04-24,11091.45
SW91.9L,2017-04-25,11487.38
SW91.9L,2017-04-26,12313.42
SW91.9L,2017-04-27,12496.5
SW91.9L,2017-04-28,12681.77
SW91.9L,2017-04-29,12806.51
SW91.9L,2017-04-30,12932.24
SW91.9L,2017-05-01,13058.96
SW91.9L,2017-05-02,14177.01
SW91.9L,2017-05-03,16644.64
SW91.9L,2017-05-04,19800.59
SW91.9L,2017-05-05,23219.01
SW91.9L,2017-05-06,23729.2
SW91.9L,2017-05-07,23017.43
SW91.9L,2017-05-08,22030.54
SW91.9L,2017-05-09,21837.32
SW91.9L,2017-05-10,21454.98
SW91.9L,2017-05-11,20340.2
SW91.9L,2017-05-12,20340.2
SW91.9L,2017-05-13,19889.72
SW91.9L,2017-05-14,19623.31
SW91.9L,2017-05-15,20340.2
SW91.9L,2017-05-16,20984.66
SW91.9L,2017-05-17,19979.17
SW91.9L,2017-05-18,19535.15
SW91.9L,2017-05-19,18167.44
SW91.9L,2017-05-20,17919.82
SW91.9L,2017-05-21,17593.88
SW91.9L,2017-05-22,17432.72
SW91.9L,2017-05-23,17352.58
SW91.9L,2017-05-24,17272.74
SW91.9L,2017-05-25,17352.58
SW91.9L,2017-05-26,18167.44
SW91.9L,2017-05-27,18586.28
SW91.9L,2017-05-28,20522.68
SW91.9L,2017-05-29,22127.67
SW91.9L,2017-05-30,23118.04
SW91.9L,2017-05-31,23729.2
SW91.9L,2017-06-01,24564.28
SW91.9L,2017-06-02,24883.47
SW91.9L,2017-06-03,24990.6
SW91.9L,2017-06-04,25098.11
SW91.9L,2017-06-05,25531.88
SW91.9L,2017-06-06,27212.65
SW91.9L,2017-06-07,30588.37
SW91.9L,2017-06-08,35132.92
SW91.9L,2017-06-09,38201.35
SW91.9L,2017-06-10,39270.82
SW91.9L,2017-06-11,37600.84
SW91.9L,2017-06-12,35701.5
SW91.9L,2017-06-13,32530.9
SW91.9L,2017-06-14,30211.33
SW91.9L,2017-06-15,28981.48
SW91.9L,2017-06-16,29224.17
SW91.9L,2017-06-17,29591.26
SW91.9L,2017-06-18,30714.89
SW91.9L,2017-06-19,33065.35
SW91.9L,2017-06-20,37303.45
SW91.9L,2017-06-21,40049.41
SW91.9L,2017-06-22,43456.54
SW91.9L,2017-06-23,44986.43
SW91.9L,2017-06-24,45505.93
SW91.9L,2017-06-25,46206.11
SW91.9L,2017-06-26,46736.92
SW91.9L,2017-06-27,44986.43
SW91.9L,2017-06-28,43961.77
SW91.9L,2017-06-29,42956.0
SW91.9L,2017-06-30,41968.86
SW91.9L,2017-07-01,41968.86
SW91.9L,2017-07-02,42956.0
SW91.9L,2017-07-03,45159.06
SW91.9L,2017-07-04,47093.51
SW91.9L,2017-07-05,48541.89
SW91.9L,2017-07-06,51354.32
SW91.9L,2017-07-07,55307.03
SW91.9L,2017-07-08,57799.06
SW91.9L,2017-07-09,59993.59
SW91.9L,2017-07-10,61837.73
SW91.9L,2017-07-11,63939.12
SW91.9L,2017-07-12,66534.99
SW91.9L,2017-07-13,69668.23
SW91.9L,2017-07-14,73153.73
SW91.9L,2017-07-15,76530.08
SW91.9L,2017-07-16,76530.08
SW91.9L,2017-07-17,73390.92
SW91.9L,2017-07-18,69213.61
SW91.9L,2017-07-19,65010.8
SW91.9L,2017-07-20,62462.32
SW91.9L,2017-07-21,60807.75
SW91.9L,2017-07-22,57799.06
SW91.9L,2017-07-23,55920.51
SW91.9L,2017-07-24,55715.41
SW91.9L,2017-07-25,56955.15
SW91.9L,2017-07-26,54901.07
SW91.9L,2017-07-27,52515.41
SW91.9L,2017-07-28,50591.83
SW91.9L,2017-07-29,49279.43
SW91.9L,2017-07-30,47452.3
SW91.9L,2017-07-31,49094.2
SW91.9L,2017-08-01,50971.92
SW91.9L,2017-08-02,52320.44
SW91.9L,2017-08-03,53896.65
SW91.9L,2017-08-04,53499.06
SW91.9L,2017-08-05,53697.56
SW91.9L,2017-08-06,54497.51
SW91.9L,2017-08-07,55307.03
SW91.9L,2017-08-08,56126.22
SW91.9L,2017-08-09,56539.46
SW91.9L,2017-08-10,57583.31
SW91.9L,2017-08-11,60196.31
SW91.9L,2017-08-12,62671.62
SW91.9L,2017-08-13,71278.04
SW91.9L,2017-08-14,81824.76
SW91.9L,2017-08-15,90166.56
SW91.9L,2017-08-16,96484.43
SW91.9L,2017-08-17,100989.33
SW91.9L,2017-08-18,103771.16
SW91.9L,2017-08-19,103771.16
SW91.9L,2017-08-20,100683.92
SW91.9L,2017-08-21,97075.71
SW91.9L,2017-08-22,93570.65
SW91.9L,2017-08-23,91008.24
SW91.9L,2017-08-24,86861.27
SW91.9L,2017-08-25,83127.13
SW91.9L,2017-08-26,79268.5
SW91.9L,2017-08-27,77517.06
SW91.9L,2017-08-28,75068.3
SW91.9L,2017-08-29,72681.19
SW91.9L,2017-08-30,70125.21
SW91.9L,2017-08-31,66534.99
SW91.9L,2017-09-01,63302.86
SW91.9L,2017-09-02,62462.32
SW91.9L,2017-09-03,62462.32
SW91.9L,2017-09-04,62045.37
SW91.9L,2017-09-05,61630.64
SW91.9L,2017-09-06,61218.1
SW91.9L,2017-09-07,60807.75
SW91.9L,2017-09-08,61012.65
SW91.9L,2017-09-09,62253.57
SW91.9L,2017-09-10,63091.89
SW91.9L,2017-09-11,64152.33
SW91.9L,2017-09-12,63939.12
SW91.9L,2017-09-13,62462.32
SW91.9L,2017-09-14,60807.75
SW91.9L,2017-09-15,59589.76
SW91.9L,2017-09-16,57995.9
SW91.9L,2017-09-17,56126.22
SW91.9L,2017-09-18,55307.03
SW91.9L,2017-09-19,54296.63
SW91.9L,2017-09-20,54096.34
SW91.9L,2017-09-21,53499.06
SW91.9L,2017-09-22,52907.1
SW91.9L,2017-09-23,52126.05
SW91.9L,2017-09-24,50971.92
SW91.9L,2017-09-25,49838.48
SW91.9L,2017-09-26,48725.44
SW91.9L,2017-09-27,47813.28
SW91.9L,2017-09-28,47813.28
SW91.9L,2017-09-29,49094.2
SW91.9L,2017-09-30,49838.48
SW91.9L,2017-10-01,50214.01
SW91.9L,2017-10-02,50971.92
SW91.9L,2017-10-03,52320.44
SW91.9L,2017-10-04,52515.41
SW91.9L,2017-10-05,52320.44
SW91.9L,2017-10-06,51932.25
SW91.9L,2017-10-07,51739.03
SW91.9L,2017-10-08,52320.44
SW91.9L,2017-10-09,52907.1
SW91.9L,2017-10-10,52320.44
SW91.9L,2017-10-11,50781.59
SW91.9L,2017-10-12,49651.56
SW91.9L,2017-10-13,47093.51
SW91.9L,2017-10-14,44471.72
SW91.9L,2017-10-15,43289.17
SW91.9L,2017-10-16,41806.12
SW91.9L,2017-10-17,40049.41
SW91.9L,2017-10-18,39270.82
SW91.9L,2017-10-19,38962.83
SW91.9L,2017-10-20,39116.58
SW91.9L,2017-10-21,40840.38
SW91.9L,2017-10-22,42624.89
SW91.9L,2017-10-23,41482.19
SW91.9L,2017-10-24,40206.61
SW91.9L,2017-10-25,38352.67
SW91.9L,2017-10-26,36277.48
SW91.9L,2017-10-27,35274.38
SW91.9L,2017-10-28,34571.66
SW91.9L,2017-10-29,34155.47
SW91.9L,2017-10-30,34432.48
SW91.9L,2017-10-31,34991.92
SW91.9L,2017-11-01,34991.92
SW91.9L,2017-11-02,34571.66
SW91.9L,2017-11-03,32931.08
SW91.9L,2017-11-04,31225.2
SW91.9L,2017-11-05,29591.26
SW91.9L,2017-11-06,27909.43
SW91.9L,2017-11-07,26642.78
SW91.9L,2017-11-08,25314.25
SW91.9L,2017-11-09,23935.79
SW91.9L,2017-11-10,22618.49
SW91.9L,2017-11-11,21741.23
SW91.9L,2017-11-12,20798.87
SW91.9L,2017-11-13,20159.03
SW91.9L,2017-11-14,19535.15
SW91.9L,2017-11-15,19012.87
SW91.9L,2017-11-16,18586.28
SW91.9L,2017-11-17,18002.05
SW91.9L,2017-11-18,17513.15
SW91.9L,2017-11-19,17113.96
SW91.9L,2017-11-20,16722.13
SW91.9L,2017-11-21,16261.51
SW91.9L,2017-11-22,15737.11
SW91.9L,2017-11-23,15226.42
SW91.9L,2017-11-24,14729.17
SW91.9L,2017-11-25,14245.1
SW91.9L,2017-11-26,13840.46
SW91.9L,2017-11-27,13575.88
SW91.9L,2017-11-28,13315.4
SW91.9L,2017-11-29,13186.68
SW91.9L,2017-11-30,12932.24
SW91.9L,2017-12-01,12806.51
SW91.9L,2017-12-02,12744.02
SW91.9L,2017-12-03,12806.51
SW91.9L,2017-12-04,12744.02
SW91.9L,2017-12-05,12932.24
SW91.9L,2017-12-06,12869.25
SW91.9L,2017-12-07,12435.23
SW91.9L,2017-12-08,12132.5
SW91.9L,2017-12-09,11777.1
SW91.9L,2017-12-10,11718.69
SW91.9L,2017-12-11,11373.12
SW91.9L,2017-12-12,11035.8
SW91.9L,2017-12-13,10706.6
SW91.9L,2017-12-14,10491.56
SW91.9L,2017-12-15,10332.58
SW91.9L,2017-12-16,10071.93
SW91.9L,2017-12-17,9918.1
SW91.9L,2017-12-18,9816.6
SW91.9L,2017-12-19,9816.6
SW91.9L,2017-12-20,9616.12
SW91.9L,2017-12-21,9566.52
SW91.9L,2017-12-22,9467.93
SW91.9L,2017-12-23,9321.59
SW91.9L,2017-12-24,8940.24
SW91.9L,2017-12-25,8616.97
SW91.9L,2017-12-26,8436.52
SW91.9L,2017-12-27,8259.13
SW91.9L,2017-12-28,8215.25
SW91.9L,2017-12-29,8084.75
SW91.9L,2017-12-30,7955.93
SW91.9L,2017-12-31,7828.76
SW91.9L,2018-01-01,8283.8
SW91.9L,2018-01-02,8455.49
SW91.9L,2018-01-03,8498.9
SW91.9L,2018-01-04,8326.43
SW91.9L,2018-01-05,8157.05
SW91.9L,2018-01-06,8032.0
SW91.9L,2018-01-07,7908.65
SW91.9L,2018-01-08,7706.75
SW91.9L,2018-01-09,7393.12
SW91.9L,2018-01-10,7240.56
SW91.9L,2018-01-11,7090.76
SW91.9L,2018-01-12,6943.7
SW91.9L,2018-01-13,6907.36
SW91.9L,2018-01-14,6835.17
SW91.9L,2018-01-15,6835.17
SW91.9L,2018-01-16,6835.17
SW91.9L,2018-01-17,6763.64
SW91.9L,2018-01-18,6728.13
SW91.9L,2018-01-19,6692.78
SW91.9L,2018-01-20,6657.59
SW91.9L,2018-01-21,6657.59
SW91.9L,2018-01-22,6622.56
SW91.9L,2018-01-23,6553.0
SW91.9L,2018-01-24,6449.86
SW91.9L,2018-01-25,6348.14
SW91.9L,2018-01-26,6314.55
SW91.9L,2018-01-27,6214.71
SW91.9L,2018-01-28,6116.27
SW91.9L,2018-01-29,6019.19
SW91.9L,2018-01-30,6019.19
SW91.9L,2018-01-31,6051.4
SW91.9L,2018-02-01,6314.55
SW91.9L,2018-02-02,6381.89
SW91.9L,2018-02-03,6449.86
SW91.9L,2018-02-04,6484.08
SW91.9L,2018-02-05,6415.79
SW91.9L,2018-02-06,6281.12
SW91.9L,2018-02-07,6181.75
SW91.9L,2018-02-08,6051.4
SW91.9L,2018-02-09,5923.48
SW91.9L,2018-02-10,5705.32
SW91.9L,2018-02-11,5553.84
SW91.9L,2018-02-12,5376.74
SW91.9L,2018-02-13,5290.07
SW91.9L,2018-02-14,5290.07
SW91.9L,2018-02-15,5318.82
SW91.9L,2018-02-16,5435.22
SW91.9L,2018-02-17,5494.25
SW91.9L,2018-02-18,5583.85
SW91.9L,2018-02-19,5705.32
SW91.9L,2018-02-20,5766.92
SW91.9L,2018-02-21,5797.93
SW91.9L,2018-02-22,5766.92
SW91.9L,2018-02-23,5674.73
SW91.9L,2018-02-24,5553.84
SW91.9L,2018-02-25,5494.25
SW91.9L,2018-02-26,5464.66
SW91.9L,2018-02-27,5614.0
SW91.9L,2018-02-28,5736.04
SW91.9L,2018-03-01,5955.23
SW91.9L,2018-03-02,6348.14
SW91.9L,2018-03-03,6484.08
SW91.9L,2018-03-04,6657.59
SW91.9L,2018-03-05,6657.59
SW91.9L,2018-03-06,6348.14
SW91.9L,2018-03-07,6083.76
SW91.9L,2018-03-08,5829.1
SW91.9L,2018-03-09,5644.3
SW91.9L,2018-03-10,5553.84
SW91.9L,2018-03-11,5523.97
SW91.9L,2018-03-12,5523.97
SW91.9L,2018-03-13,5614.0
SW91.9L,2018-03-14,5860.41
SW91.9L,2018-03-15,6116.27
SW91.9L,2018-03-16,6449.86
SW91.9L,2018-03-17,6835.17
SW91.9L,2018-03-18,7090.76
SW91.9L,2018-03-19,7202.85
SW91.9L,2018-03-20,6943.7
SW91.9L,2018-03-21,6763.64
SW91.9L,2018-03-22,6553.0
SW91.9L,2018-03-23,6449.86
SW91.9L,2018-03-24,6281.12
SW91.9L,2018-03-25,6116.27
SW91.9L,2018-03-26,6181.75
SW91.9L,2018-03-27,6314.55
SW91.9L,2018-03-28,6518.46
SW91.9L,2018-03-29,6835.17
SW91.9L,2018-03-30,7016.89
SW91.9L,2018-03-31,7354.72
SW91.9L,2018-04-01,7354.72
SW91.9L,2018-04-02,7202.85
SW91.9L,2018-04-03,7090.76
SW91.9L,2018-04-04,7016.89
SW91.9L,2018-04-05,6980.21
SW91.9L,2018-04-06,7016.89
SW91.9L,2018-04-07,6943.7
SW91.9L,2018-04-08,6871.18
SW91.9L,2018-04-09,6657.59
SW91.9L,2018-04-10,6622.56
SW91.9L,2018-04-11,6518.46
SW91.9L,2018-04-12,6587.7
SW91.9L,2018-04-13,6622.56
SW91.9L,2018-04-14,6692.78
SW91.9L,2018-04-15,7090.76
SW91.9L,2018-04-16,7393.12
SW91.9L,2018-04-17,7827.34
SW91.9L,2018-04-18,8241.36
SW91.9L,2018-04-19,8630.3
SW91.9L,2018-04-20,8943.87
SW91.9L,2018-04-21,9173.93
SW91.9L,2018-04-22,9945.45
SW91.9L,2018-04-23,10456.09
SW91.9L,2018-04-24,10613.7
SW91.9L,2018-04-25,10508.4
SW91.9L,2018-04-26,10300.53
SW91.9L,2018-04-27,10197.96
SW91.9L,2018-04-28,9895.61
SW91.9L,2018-04-29,10300.53
SW91.9L,2018-04-30,10881.04
SW91.9L,2018-05-01,11377.18
SW91.9L,2018-05-02,11834.76
SW91.9L,2018-05-03,12069.56
SW91.9L,2018-05-04,11951.65
SW91.9L,2018-05-05,11834.76
SW91.9L,2018-05-06,11718.87
SW91.9L,2018-05-07,11377.18
SW91.9L,2018-05-08,11154.27
SW91.9L,2018-05-09,11265.24
SW91.9L,2018-05-10,11265.24
SW91.9L,2018-05-11,11490.09
SW91.9L,2018-05-12,11893.08
SW91.9L,2018-05-13,12551.45
SW91.9L,2018-05-14,13241.64
SW91.9L,2018-05-15,13435.56
SW91.9L,2018-05-16,14032.38
SW91.9L,2018-05-17,14652.37
SW91.9L,2018-05-18,15442.72
SW91.9L,2018-05-19,16347.41
SW91.9L,2018-05-20,16580.73
SW91.9L,2018-05-21,16270.28
SW91.9L,2018-05-22,15296.3
SW91.9L,2018-05-23,14582.31
SW91.9L,2018-05-24,14236.43
SW91.9L,2018-05-25,13964.94
SW91.9L,2018-05-26,13897.78
SW91.9L,2018-05-27,14443.09
SW91.9L,2018-05-28,15590.38
SW91.9L,2018-05-29,17543.52
SW91.9L,2018-05-30,19436.84
SW91.9L,2018-05-31,21903.96
SW91.9L,2018-06-01,26354.77
SW91.9L,2018-06-02,29313.06
SW91.9L,2018-06-03,31170.17
SW91.9L,2018-06-04,32559.2
SW91.9L,2018-06-05,32277.12
SW91.9L,2018-06-06,30229.09
SW91.9L,2018-06-07,27922.83
SW91.9L,2018-06-08,26120.53
SW91.9L,2018-06-09,24531.43
SW91.9L,2018-06-10,23984.84
SW91.9L,2018-06-11,23132.53
SW91.9L,2018-06-12,22104.65
SW91.9L,2018-06-13,23555.3
SW91.9L,2018-06-14,23662.04
SW91.9L,2018-06-15,24202.17
SW91.9L,2018-06-16,25542.91
SW91.9L,2018-06-17,27922.83
SW91.9L,2018-06-18,30361.98
SW91.9L,2018-06-19,35800.79
SW91.9L,2018-06-20,42582.98
SW91.9L,2018-06-21,47322.87
SW91.9L,2018-06-22,49861.32
SW91.9L,2018-06-23,51072.54
SW91.9L,2018-06-24,50061.42
SW91.9L,2018-06-25,49463.2
SW91.9L,2018-06-26,48480.05
SW91.9L,2018-06-27,46564.91
SW91.9L,2018-06-28,44898.23
SW91.9L,2018-06-29,43995.03
SW91.9L,2018-06-30,43107.78
SW91.9L,2018-07-01,43107.78
SW91.9L,2018-07-02,43283.97
SW91.9L,2018-07-03,43460.79
SW91.9L,2018-07-04,49463.2
SW91.9L,2018-07-05,53148.51
SW91.9L,2018-07-06,57071.86
SW91.9L,2018-07-07,62452.27
SW91.9L,2018-07-08,65940.18
SW91.9L,2018-07-09,65431.7
SW91.9L,2018-07-10,67747.17
SW91.9L,2018-07-11,66709.37
SW91.9L,2018-07-12,63678.95
SW91.9L,2018-07-13,61485.86
SW91.9L,2018-07-14,60060.78
SW91.9L,2018-07-15,60769.67
SW91.9L,2018-07-16,61967.42
SW91.9L,2018-07-17,62940.44
SW91.9L,2018-07-18,62695.94
SW91.9L,2018-07-19,61246.31
SW91.9L,2018-07-20,59126.86
SW91.9L,2018-07-21,58895.38
SW91.9L,2018-07-22,59359.14
SW91.9L,2018-07-23,57977.35
SW91.9L,2018-07-24,55957.43
SW91.9L,2018-07-25,55079.63
SW91.9L,2018-07-26,54213.91
SW91.9L,2018-07-27,54645.27
SW91.9L,2018-07-28,54645.27
SW91.9L,2018-07-29,55736.84
SW91.9L,2018-07-30,56623.78
SW91.9L,2018-07-31,57523.05
SW91.9L,2018-08-01,58895.38
SW91.9L,2018-08-02,60532.56
SW91.9L,2018-08-03,65685.51
SW91.9L,2018-08-04,69330.36
SW91.9L,2018-08-05,71491.58
SW91.9L,2018-08-06,72872.07
SW91.9L,2018-08-07,75703.2
SW91.9L,2018-08-08,78036.93
SW91.9L,2018-08-09,78928.16
SW91.9L,2018-08-10,78630.1
SW91.9L,2018-08-11,77447.67
SW91.9L,2018-08-12,76571.09
SW91.9L,2018-08-13,75415.82
SW91.9L,2018-08-14,75129.4
SW91.9L,2018-08-15,75703.2
SW91.9L,2018-08-16,76862.31
SW91.9L,2018-08-17,74843.93
SW91.9L,2018-08-18,72317.1
SW91.9L,2018-08-19,71765.83
SW91.9L,2018-08-20,71491.58
SW91.9L,2018-08-21,71218.24
SW91.9L,2018-08-22,70403.71
SW91.9L,2018-08-23,69597.35
SW91.9L,2018-08-24,66709.37
SW91.9L,2018-08-25,66452.11
SW91.9L,2018-08-26,66195.71
SW91.9L,2018-08-27,67226.52
SW91.9L,2018-08-28,68271.35
SW91.9L,2018-08-29,68271.35
SW91.9L,2018-08-30,68534.77
SW91.9L,2018-08-31,69330.36
SW91.9L,2018-09-01,70134.02
SW91.9L,2018-09-02,72594.12
SW91.9L,2018-09-03,73711.52
SW91.9L,2018-09-04,74559.41
SW91.9L,2018-09-05,75703.2
SW91.9L,2018-09-06,77447.67
SW91.9L,2018-09-07,78928.16
SW91.9L,2018-09-08,79828.29
SW91.9L,2018-09-09,79527.26
SW91.9L,2018-09-10,79828.29
SW91.9L,2018-09-11,79828.29
SW91.9L,2018-09-12,80433.36
SW91.9L,2018-09-13,83833.48
SW91.9L,2018-09-14,85740.57
SW91.9L,2018-09-15,87032.96
SW91.9L,2018-09-16,89003.49
SW91.9L,2018-09-17,90338.76
SW91.9L,2018-09-18,91351.69
SW91.9L,2018-09-19,91691.53
SW91.9L,2018-09-20,90675.31
SW91.9L,2018-09-21,88342.35
SW91.9L,2018-09-22,81042.43
SW91.9L,2018-09-23,72594.12
SW91.9L,2018-09-24,65431.7
SW91.9L,2018-09-25,58895.38
SW91.9L,2018-09-26,54213.91
SW91.9L,2018-09-27,51481.96
SW91.9L,2018-09-28,50262.23
SW91.9L,2018-09-29,49861.32
SW91.9L,2018-09-30,48285.48
SW91.9L,2018-10-01,46377.09
SW91.9L,2018-10-02,43995.03
SW91.9L,2018-10-03,42063.77
SW91.9L,2018-10-04,40873.78
SW91.9L,2018-10-05,39713.35
SW91.9L,2018-10-06,38422.53
SW91.9L,2018-10-07,37014.37
SW91.9L,2018-10-08,35950.56
SW91.9L,2018-10-09,35651.57
SW91.9L,2018-10-10,35800.79
SW91.9L,2018-10-11,35800.79
SW91.9L,2018-10-12,35651.57
SW91.9L,2018-10-13,34149.67
SW91.9L,2018-10-14,31997.2
SW91.9L,2018-10-15,29833.47
SW91.9L,2018-10-16,27922.83
SW91.9L,2018-10-17,26354.77
SW91.9L,2018-10-18,25201.75
SW91.9L,2018-10-19,25088.93
SW91.9L,2018-10-20,24976.54
SW91.9L,2018-10-21,24864.6
SW91.9L,2018-10-22,24976.54
SW91.9L,2018-10-23,24093.29
SW91.9L,2018-10-24,22408.71
SW91.9L,2018-10-25,22004.1
SW91.9L,2018-10-26,21311.45
SW91.9L,2018-10-27,21214.09
SW91.9L,2018-10-28,20924.32
SW91.9L,2018-10-29,20543.38
SW91.9L,2018-10-30,19617.55
SW91.9L,2018-10-31,19168.53
SW91.9L,2018-11-01,18297.51
SW91.9L,2018-11-02,17461.46
SW91.9L,2018-11-03,17136.55
SW91.9L,2018-11-04,16816.97
SW91.9L,2018-11-05,16580.73
SW91.9L,2018-11-06,16580.73
SW91.9L,2018-11-07,16040.81
SW91.9L,2018-11-08,15664.67
SW91.9L,2018-11-09,15590.38
SW91.9L,2018-11-10,15516.39
SW91.9L,2018-11-11,15369.36
SW91.9L,2018-11-12,15078.95
SW91.9L,2018-11-13,15151.09
SW91.9L,2018-11-14,15151.09
SW91.9L,2018-11-15,15078.95
SW91.9L,2018-11-16,14793.37
SW91.9L,2018-11-17,14236.43
SW91.9L,2018-11-18,13566.22
SW91.9L,2018-11-19,13113.72
SW91.9L,2018-11-20,12736.48
SW91.9L,2018-11-21,12612.86
SW91.9L,2018-11-22,12612.86
SW91.9L,2018-11-23,12736.48
SW91.9L,2018-11-24,13113.72
SW91.9L,2018-11-25,13306.0
SW91.9L,2018-11-26,13631.97
SW91.9L,2018-11-27,13631.97
SW91.9L,2018-11-28,13241.64
SW91.9L,2018-11-29,12368.8
SW91.9L,2018-11-30,12069.56
SW91.9L,2018-12-01,11603.99
SW91.9L,2018-12-02,11377.18
SW91.9L,2018-12-03,10989.62
SW91.9L,2018-12-04,10827.1
SW91.9L,2018-12-05,10773.4
SW91.9L,2018-12-06,10613.7
SW91.9L,2018-12-07,10560.94
SW91.9L,2018-12-08,10300.53
SW91.9L,2018-12-09,10045.79
SW91.9L,2018-12-10,9845.99
SW91.9L,2018-12-11,9698.45
SW91.9L,2018-12-12,9552.85
SW91.9L,2018-12-13,9314.45
SW91.9L,2018-12-14,9081.29
SW91.9L,2018-12-15,8808.28
SW91.9L,2018-12-16,8542.5
SW91.9L,2018-12-17,8455.49
SW91.9L,2018-12-18,8369.26
SW91.9L,2018-12-19,8412.28
SW91.9L,2018-12-20,8369.26
SW91.9L,2018-12-21,8412.28
SW91.9L,2018-12-22,8498.9
SW91.9L,2018-12-23,8630.3
SW91.9L,2018-12-24,8763.48
SW91.9L,2018-12-25,8853.27
SW91.9L,2018-12-26,8718.89
SW91.9L,2018-12-27,8542.5
SW91.9L,2018-12-28,8283.8
SW91.9L,2018-12-29,7949.58
SW91.9L,2018-12-30,7786.96
SW91.9L,2018-12-31,7627.27
SW91.9L,2019-01-01,6197.72
SW91.9L,2019-01-02,5975.17
SW91.9L,2019-01-03,5943.96
SW91.9L,2019-01-04,5943.96
SW91.9L,2019-01-05,5912.9
SW91.9L,2019-01-06,5759.73
SW91.9L,2019-01-07,5790.08
SW91.9L,2019-01-08,5759.73
SW91.9L,2019-01-09,5790.08
SW91.9L,2019-01-10,5759.73
SW91.9L,2019-01-11,5551.2
SW91.9L,2019-01-12,5492.87
SW91.9L,2019-01-13,5377.82
SW91.9L,2019-01-14,5264.92
SW91.9L,2019-01-15,5154.12
SW91.9L,2019-01-16,5045.4
SW91.9L,2019-01-17,4912.35
SW91.9L,2019-01-18,4886.12
SW91.9L,2019-01-19,4860.01
SW91.9L,2019-01-20,4834.02
SW91.9L,2019-01-21,4834.02
SW91.9L,2019-01-22,4808.16
SW91.9L,2019-01-23,4991.8
SW91.9L,2019-01-24,4991.8
SW91.9L,2019-01-25,4965.19
SW91.9L,2019-01-26,4782.42
SW91.9L,2019-01-27,4556.21
SW91.9L,2019-01-28,4363.15
SW91.9L,2019-01-29,4269.36
SW91.9L,2019-01-30,4109.53
SW91.9L,2019-01-31,3976.78
SW91.9L,2019-02-01,3955.03
SW91.9L,2019-02-02,4064.85
SW91.9L,2019-02-03,4087.14
SW91.9L,2019-02-04,4132.03
SW91.9L,2019-02-05,4087.14
SW91.9L,2019-02-06,4177.37
SW91.9L,2019-02-07,4246.2
SW91.9L,2019-02-08,4363.15
SW91.9L,2019-02-09,4316.03
SW91.9L,2019-02-10,4200.2
SW91.9L,2019-02-11,3998.64
SW91.9L,2019-02-12,3911.84
SW91.9L,2019-02-13,3847.84
SW91.9L,2019-02-14,3869.07
SW91.9L,2019-02-15,3847.84
SW91.9L,2019-02-16,3826.71
SW91.9L,2019-02-17,3805.69
SW91.9L,2019-02-18,3826.71
SW91.9L,2019-02-19,3998.64
SW91.9L,2019-02-20,4200.2
SW91.9L,2019-02-21,4292.64
SW91.9L,2019-02-22,4292.64
SW91.9L,2019-02-23,4223.14
SW91.9L,2019-02-24,4087.14
SW91.9L,2019-02-25,3976.78
SW91.9L,2019-02-26,3890.4
SW91.9L,2019-02-27,3805.69
SW91.9L,2019-02-28,3702.11
SW91.9L,2019-03-01,3681.69
SW91.9L,2019-03-02,3621.05
SW91.9L,2019-03-03,3581.11
SW91.9L,2019-03-04,3621.05
SW91.9L,2019-03-05,3784.77
SW91.9L,2019-03-06,3998.64
SW91.9L,2019-03-07,4109.53
SW91.9L,2019-03-08,4064.85
SW91.9L,2019-03-09,4109.53
SW91.9L,2019-03-10,4246.2
SW91.9L,2019-03-11,4434.68
SW91.9L,2019-03-12,4482.94
SW91.9L,2019-03-13,4386.87
SW91.9L,2019-03-14,4363.15
SW91.9L,2019-03-15,4154.65
SW91.9L,2019-03-16,4087.14
SW91.9L,2019-03-17,3890.4
SW91.9L,2019-03-18,3955.03
SW91.9L,2019-03-19,4087.14
SW91.9L,2019-03-20,4246.2
SW91.9L,2019-03-21,4655.55
SW91.9L,2019-03-22,4705.94
SW91.9L,2019-03-23,4912.35
SW91.9L,2019-03-24,4808.16
SW91.9L,2019-03-25,4556.21
SW91.9L,2019-03-26,4434.68
SW91.9L,2019-03-27,4292.64
SW91.9L,2019-03-28,4292.64
SW91.9L,2019-03-29,4316.03
SW91.9L,2019-03-30,4269.36
SW91.9L,2019-03-31,4339.53
SW91.9L,2019-04-01,4605.64
SW91.9L,2019-04-02,4630.54
SW91.9L,2019-04-03,4965.19
SW91.9L,2019-04-04,5072.39
SW91.9L,2019-04-05,5264.92
SW91.9L,2019-04-06,5551.2
SW91.9L,2019-04-07,5669.53
SW91.9L,2019-04-08,5729.52
SW91.9L,2019-04-09,5790.08
SW91.9L,2019-04-10,5912.9
SW91.9L,2019-04-11,6006.52
SW91.9L,2019-04-12,6165.48
SW91.9L,2019-04-13,6262.64
SW91.9L,2019-04-14,6133.39
SW91.9L,2019-04-15,6038.02
SW91.9L,2019-04-16,5912.9
SW91.9L,2019-04-17,5881.98
SW91.9L,2019-04-18,5912.9
SW91.9L,2019-04-19,6069.66
SW91.9L,2019-04-20,6262.64
SW91.9L,2019-04-21,6427.58
SW91.9L,2019-04-22,6461.03
SW91.9L,2019-04-23,6562.3
SW91.9L,2019-04-24,6494.63
SW91.9L,2019-04-25,6461.03
SW91.9L,2019-04-26,6494.63
SW91.9L,2019-04-27,6664.97
SW91.9L,2019-04-28,7053.73
SW91.9L,2019-04-29,7424.45
SW91.9L,2019-04-30,7577.51
SW91.9L,2019-05-01,7616.21
SW91.9L,2019-05-02,7772.76
SW91.9L,2019-05-03,8094.44
SW91.9L,2019-05-04,9692.81
SW91.9L,2019-05-05,10592.24
SW91.9L,2019-05-06,10908.07
SW91.9L,2019-05-07,12375.27
SW91.9L,2019-05-08,13816.26
SW91.9L,2019-05-09,15622.62
SW91.9L,2019-05-10,17231.28
SW91.9L,2019-05-11,18468.53
SW91.9L,2019-05-12,18898.09
SW91.9L,2019-05-13,20056.69
SW91.9L,2019-05-14,20056.69
SW91.9L,2019-05-15,19514.36
SW91.9L,2019-05-16,18985.06
SW91.9L,2019-05-17,19336.49
SW91.9L,2019-05-18,21085.76
SW91.9L,2019-05-19,24134.16
SW91.9L,2019-05-20,25572.15
SW91.9L,2019-05-21,24899.29
SW91.9L,2019-05-22,23181.08
SW91.9L,2019-05-23,21764.74
SW91.9L,2019-05-24,20612.34
SW91.9L,2019-05-25,19783.88
SW91.9L,2019-05-26,19783.88
SW91.9L,2019-05-27,19693.67
SW91.9L,2019-05-28,20148.37
SW91.9L,2019-05-29,20240.42
SW91.9L,2019-05-30,19693.67
SW91.9L,2019-05-31,19248.1
SW91.9L,2019-06-01,19783.88
SW91.9L,2019-06-02,19965.39
SW91.9L,2019-06-03,20240.42
SW91.9L,2019-06-04,20332.84
SW91.9L,2019-06-05,20332.84
SW91.9L,2019-06-06,19603.83
SW91.9L,2019-06-07,18898.09
SW91.9L,2019-06-08,18131.13
SW91.9L,2019-06-09,17472.68
SW91.9L,2019-06-10,16447.82
SW91.9L,2019-06-11,15843.95
SW91.9L,2019-06-12,15769.87
SW91.9L,2019-06-13,15769.87
SW91.9L,2019-06-14,16068.06
SW91.9L,2019-06-15,17231.28
SW91.9L,2019-06-16,18985.06
SW91.9L,2019-06-17,20612.34
SW91.9L,2019-06-18,22666.14
SW91.9L,2019-06-19,23181.08
SW91.9L,2019-06-20,23495.0
SW91.9L,2019-06-21,24568.79
SW91.9L,2019-06-22,25233.73
SW91.9L,2019-06-23,26377.47
SW91.9L,2019-06-24,28303.2
SW91.9L,2019-06-25,29698.42
SW91.9L,2019-06-26,29311.99
SW91.9L,2019-06-27,28930.02
SW91.9L,2019-06-28,31019.34
SW91.9L,2019-06-29,33528.75
SW91.9L,2019-06-30,35300.08
SW91.9L,2019-07-01,37153.85
SW91.9L,2019-07-02,39152.49
SW91.9L,2019-07-03,40917.2
SW91.9L,2019-07-04,41278.53
SW91.9L,2019-07-05,40380.49
SW91.9L,2019-07-06,39674.64
SW91.9L,2019-07-07,37957.89
SW91.9L,2019-07-08,36062.28
SW91.9L,2019-07-09,36371.22
SW91.9L,2019-07-10,37312.16
SW91.9L,2019-07-11,40737.6
SW91.9L,2019-07-12,44273.09
SW91.9L,2019-07-13,49340.69
SW91.9L,2019-07-14,55861.78
SW91.9L,2019-07-15,64207.74
SW91.9L,2019-07-16,73041.98
SW91.9L,2019-07-17,81935.78
SW91.9L,2019-07-18,89950.22
SW91.9L,2019-07-19,96702.06
SW91.9L,2019-07-20,99447.38
SW91.9L,2019-07-21,99050.99
SW91.9L,2019-07-22,95163.82
SW91.9L,2019-07-23,89226.59
SW91.9L,2019-07-24,82943.69
SW91.9L,2019-07-25,81269.93
SW91.9L,2019-07-26,80938.81
SW91.9L,2019-07-27,80280.18
SW91.9L,2019-07-28,78977.23
SW91.9L,2019-07-29,77693.16
SW91.9L,2019-07-30,73951.84
SW91.9L,2019-07-31,69790.54
SW91.9L,2019-08-01,66114.7
SW91.9L,2019-08-02,63405.6
SW91.9L,2019-08-03,62088.51
SW91.9L,2019-08-04,61310.02
SW91.9L,2019-08-05,60031.85
SW91.9L,2019-08-06,59026.47
SW91.9L,2019-08-07,60540.24
SW91.9L,2019-08-08,62349.96
SW91.9L,2019-08-09,60285.57
SW91.9L,2019-08-10,55861.78
SW91.9L,2019-08-11,53990.3
SW91.9L,2019-08-12,53303.03
SW91.9L,2019-08-13,54918.93
SW91.9L,2019-08-14,55153.31
SW91.9L,2019-08-15,54685.45
SW91.9L,2019-08-16,53760.34
SW91.9L,2019-08-17,53075.68
SW91.9L,2019-08-18,51951.84
SW91.9L,2019-08-19,51729.64
SW91.9L,2019-08-20,51508.28
SW91.9L,2019-08-21,51508.28
SW91.9L,2019-08-22,52398.81
SW91.9L,2019-08-23,54221.13
SW91.9L,2019-08-24,56099.73
SW91.9L,2019-08-25,54221.13
SW91.9L,2019-08-26,55624.72
SW91.9L,2019-08-27,56578.35
SW91.9L,2019-08-28,56819.02
SW91.9L,2019-08-29,55624.72
SW91.9L,2019-08-30,53531.25
SW91.9L,2019-08-31,51068.1
SW91.9L,2019-09-01,48917.06
SW91.9L,2019-09-02,47665.55
SW91.9L,2019-09-03,48287.69
SW91.9L,2019-09-04,49340.69
SW91.9L,2019-09-05,48917.06
SW91.9L,2019-09-06,48496.67
SW91.9L,2019-09-07,48496.67
SW91.9L,2019-09-08,47050.56
SW91.9L,2019-09-09,45247.8
SW91.9L,2019-09-10,44466.52
SW91.9L,2019-09-11,43888.48
SW91.9L,2019-09-12,43506.85
SW91.9L,2019-09-13,44273.09
SW91.9L,2019-09-14,44273.09
SW91.9L,2019-09-15,46644.5
SW91.9L,2019-09-16,50631.27
SW91.9L,2019-09-17,54685.45
SW91.9L,2019-09-18,59276.39
SW91.9L,2019-09-19,62612.39
SW91.9L,2019-09-20,66668.73
SW91.9L,2019-09-21,69790.54
SW91.9L,2019-09-22,71844.35
SW91.9L,2019-09-23,73647.44
SW91.9L,2019-09-24,75801.93
SW91.9L,2019-09-25,76427.73
SW91.9L,2019-09-26,76114.26
SW91.9L,2019-09-27,75801.93
SW91.9L,2019-09-28,76742.36
SW91.9L,2019-09-29,77375.07
SW91.9L,2019-09-30,78012.42
SW91.9L,2019-10-01,80280.18
SW91.9L,2019-10-02,81269.93
SW91.9L,2019-10-03,80608.89
SW91.9L,2019-10-04,78332.85
SW91.9L,2019-10-05,74871.8
SW91.9L,2019-10-06,71547.69
SW91.9L,2019-10-07,68640.59
SW91.9L,2019-10-08,65564.77
SW91.9L,2019-10-09,64477.13
SW91.9L,2019-10-10,61828.04
SW91.9L,2019-10-11,58529.43
SW91.9L,2019-10-12,55624.72
SW91.9L,2019-10-13,51068.1
SW91.9L,2019-10-14,46644.5
SW91.9L,2019-10-15,42939.95
SW91.9L,2019-10-16,40202.99
SW91.9L,2019-10-17,38126.53
SW91.9L,2019-10-18,36216.45
SW91.9L,2019-10-19,34552.19
SW91.9L,2019-10-20,31836.65
SW91.9L,2019-10-21,30220.68
SW91.9L,2019-10-22,28677.83
SW91.9L,2019-10-23,26966.39
SW91.9L,2019-10-24,25121.81
SW91.9L,2019-10-25,24459.48
SW91.9L,2019-10-26,25799.99
SW91.9L,2019-10-27,25572.15
SW91.9L,2019-10-28,25010.33
SW91.9L,2019-10-29,25010.33
SW91.9L,2019-10-30,25346.09
SW91.9L,2019-10-31,24788.69
SW91.9L,2019-11-01,24242.17
SW91.9L,2019-11-02,23495.0
SW91.9L,2019-11-03,23181.08
SW91.9L,2019-11-04,22870.89
SW91.9L,2019-11-05,22161.36
SW91.9L,2019-11-06,21181.59
SW91.9L,2019-11-07,20332.84
SW91.9L,2019-11-08,19783.88
SW91.9L,2019-11-09,19603.83
SW91.9L,2019-11-10,20148.37
SW91.9L,2019-11-11,19874.45
SW91.9L,2019-11-12,18811.48
SW91.9L,2019-11-13,17964.49
SW91.9L,2019-11-14,17553.81
SW91.9L,2019-11-15,16757.33
SW91.9L,2019-11-16,15918.35
SW91.9L,2019-11-17,15331.78
SW91.9L,2019-11-18,14834.33
SW91.9L,2019-11-19,14556.55
SW91.9L,2019-11-20,14014.77
SW91.9L,2019-11-21,13362.73
SW91.9L,2019-11-22,13046.9
SW91.9L,2019-11-23,12737.71
SW91.9L,2019-11-24,12555.33
SW91.9L,2019-11-25,12435.03
SW91.9L,2019-11-26,12375.27
SW91.9L,2019-11-27,12256.5
SW91.9L,2019-11-28,12080.25
SW91.9L,2019-11-29,11791.48
SW91.9L,2019-11-30,11508.84
SW91.9L,2019-12-01,11177.61
SW91.9L,2019-12-02,10696.61
SW91.9L,2019-12-03,10335.27
SW91.9L,2019-12-04,9935.59
SW91.9L,2019-12-05,9502.38
SW91.9L,2019-12-06,9361.75
SW91.9L,2019-12-07,9177.11
SW91.9L,2019-12-08,8995.7
SW91.9L,2019-12-09,9040.75
SW91.9L,2019-12-10,8995.7
SW91.9L,2019-12-11,8995.7
SW91.9L,2019-12-12,8817.47
SW91.9L,2019-12-13,8729.54
SW91.9L,2019-12-14,8729.54
SW91.9L,2019-12-15,8599.1
SW91.9L,2019-12-16,8259.66
SW91.9L,2019-12-17,8176.68
SW91.9L,2019-12-18,7812.34
SW91.9L,2019-12-19,7500.63
SW91.9L,2019-12-20,7311.46
SW91.9L,2019-12-21,7348.95
SW91.9L,2019-12-22,7163.18
SW91.9L,2019-12-23,7053.73
SW91.9L,2019-12-24,7090.05
SW91.9L,2019-12-25,7126.53
SW91.9L,2019-12-26,7200.0
SW91.9L,2019-12-27,7163.18
SW91.9L,2019-12-28,7126.53
SW91.9L,2019-12-29,7053.73
SW91.9L,2019-12-30,7053.73
SW91.9L,2019-12-31,7017.58
SW91.9L,2020-01-01,9165.98
SW91.9L,2020-01-02,8785.25
SW91.9L,2020-01-03,8661.47
SW91.9L,2020-01-04,8458.56
SW91.9L,2020-01-05,8299.24
SW91.9L,2020-01-06,8259.83
SW91.9L,2020-01-07,8026.77
SW91.9L,2020-01-08,7950.38
SW91.9L,2020-01-09,8026.77
SW91.9L,2020-01-10,8142.57
SW91.9L,2020-01-11,7988.49
SW91.9L,2020-01-12,7988.49
SW91.9L,2020-01-13,8026.77
SW91.9L,2020-01-14,8103.81
SW91.9L,2020-01-15,8065.21
SW91.9L,2020-01-16,8065.21
SW91.9L,2020-01-17,7836.98
SW91.9L,2020-01-18,7688.0
SW91.9L,2020-01-19,7577.9
SW91.9L,2020-01-20,7361.84
SW91.9L,2020-01-21,7220.83
SW91.9L,2020-01-22,7116.62
SW91.9L,2020-01-23,7220.83
SW91.9L,2020-01-24,7220.83
SW91.9L,2020-01-25,7291.03
SW91.9L,2020-01-26,7291.03
SW91.9L,2020-01-27,7255.86
SW91.9L,2020-01-28,7185.94
SW91.9L,2020-01-29,7116.62
SW91.9L,2020-01-30,7185.94
SW91.9L,2020-01-31,7151.21
SW91.9L,2020-02-01,7116.62
SW91.9L,2020-02-02,7047.89
SW91.9L,2020-02-03,6845.17
SW91.9L,2020-02-04,6680.17
SW91.9L,2020-02-05,6615.15
SW91.9L,2020-02-06,6582.85
SW91.9L,2020-02-07,6550.69
SW91.9L,2020-02-08,6582.85
SW91.9L,2020-02-09,6647.59
SW91.9L,2020-02-10,6712.89
SW91.9L,2020-02-11,6811.89
SW91.9L,2020-02-12,6912.17
SW91.9L,2020-02-13,6845.17
SW91.9L,2020-02-14,6811.89
SW91.9L,2020-02-15,6745.75
SW91.9L,2020-02-16,6615.15
SW91.9L,2020-02-17,6329.4
SW91.9L,2020-02-18,5994.89
SW91.9L,2020-02-19,5848.04
SW91.9L,2020-02-20,5790.19
SW91.9L,2020-02-21,5819.05
SW91.9L,2020-02-22,5848.04
SW91.9L,2020-02-23,6024.64
SW91.9L,2020-02-24,6205.91
SW91.9L,2020-02-25,6114.69
SW91.9L,2020-02-26,6144.96
SW91.9L,2020-02-27,6144.96
SW91.9L,2020-02-28,6054.53
SW91.9L,2020-02-29,5906.4
SW91.9L,2020-03-01,5906.4
SW91.9L,2020-03-02,5790.19
SW91.9L,2020-03-03,5704.36
SW91.9L,2020-03-04,5619.64
SW91.9L,2020-03-05,5536.03
SW91.9L,2020-03-06,5591.65
SW91.9L,2020-03-07,5732.84
SW91.9L,2020-03-08,5906.4
SW91.9L,2020-03-09,6267.39
SW91.9L,2020-03-10,6486.78
SW91.9L,2020-03-11,6455.03
SW91.9L,2020-03-12,6778.75
SW91.9L,2020-03-13,6582.85
SW91.9L,2020-03-14,6550.69
SW91.9L,2020-03-15,6205.91
SW91.9L,2020-03-16,5935.76
SW91.9L,2020-03-17,5761.45
SW91.9L,2020-03-18,5675.99
SW91.9L,2020-03-19,5675.99
SW91.9L,2020-03-20,5790.19
SW91.9L,2020-03-21,5877.15
SW91.9L,2020-03-22,6024.64
SW91.9L,2020-03-23,6084.54
SW91.9L,2020-03-24,6267.39
SW91.9L,2020-03-25,6518.67
SW91.9L,2020-03-26,6647.59
SW91.9L,2020-03-27,6811.89
SW91.9L,2020-03-28,6845.17
SW91.9L,2020-03-29,6811.89
SW91.9L,2020-03-30,6745.75
SW91.9L,2020-03-31,6550.69
SW91.9L,2020-04-01,6391.94
SW91.9L,2020-04-02,6267.39
SW91.9L,2020-04-03,6267.39
SW91.9L,2020-04-04,6114.69
SW91.9L,2020-04-05,6329.4
SW91.9L,2020-04-06,6518.67
SW91.9L,2020-04-07,7047.89
SW91.9L,2020-04-08,7614.45
SW91.9L,2020-04-09,8142.57
SW91.9L,2020-04-10,8498.8
SW91.9L,2020-04-11,8539.21
SW91.9L,2020-04-12,8378.57
SW91.9L,2020-04-13,8065.21
SW91.9L,2020-04-14,7950.38
SW91.9L,2020-04-15,7762.18
SW91.9L,2020-04-16,7505.27
SW91.9L,2020-04-17,7255.86
SW91.9L,2020-04-18,7361.84
SW91.9L,2020-04-19,7614.45
SW91.9L,2020-04-20,7688.0
SW91.9L,2020-04-21,7651.15
SW91.9L,2020-04-22,7988.49
SW91.9L,2020-04-23,8259.83
SW91.9L,2020-04-24,8579.8
SW91.9L,2020-04-25,8910.59
SW91.9L,2020-04-26,9252.53
SW91.9L,2020-04-27,9472.03
SW91.9L,2020-04-28,9787.02
SW91.9L,2020-04-29,10444.67
SW91.9L,2020-04-30,11399.09
SW91.9L,2020-05-01,12317.05
SW91.9L,2020-05-02,12542.24
SW91.9L,2020-05-03,12373.01
SW91.9L,2020-05-04,11985.92
SW91.9L,2020-05-05,11662.63
SW91.9L,2020-05-06,11931.5
SW91.9L,2020-05-07,11823.31
SW91.9L,2020-05-08,11769.53
SW91.9L,2020-05-09,11877.29
SW91.9L,2020-05-10,11715.97
SW91.9L,2020-05-11,11556.58
SW91.9L,2020-05-12,11609.5
SW91.9L,2020-05-13,11399.09
SW91.9L,2020-05-14,11295.15
SW91.9L,2020-05-15,11609.5
SW91.9L,2020-05-16,12150.5
SW91.9L,2020-05-17,12656.18
SW91.9L,2020-05-18,12886.79
SW91.9L,2020-05-19,13003.47
SW91.9L,2020-05-20,13299.25
SW91.9L,2020-05-21,17795.04
SW91.9L,2020-05-22,17038.22
SW91.9L,2020-05-23,16816.75
SW91.9L,2020-05-24,17641.36
SW91.9L,2020-05-25,20858.08
SW91.9L,2020-05-26,23970.7
SW91.9L,2020-05-27,28516.88
SW91.9L,2020-05-28,31440.55
SW91.9L,2020-05-29,35746.26
SW91.9L,2020-05-30,42013.65
SW91.9L,2020-05-31,45056.66
SW91.9L,2020-06-01,43681.14
SW91.9L,2020-06-02,40086.6
SW91.9L,2020-06-03,37046.82
SW91.9L,2020-06-04,34624.01
SW91.9L,2020-06-05,33532.81
SW91.9L,2020-06-06,32734.32
SW91.9L,2020-06-07,33532.81
SW91.9L,2020-06-08,34624.01
SW91.9L,2020-06-09,37193.86
SW91.9L,2020-06-10,38845.4
SW91.9L,2020-06-11,39773.08
SW91.9L,2020-06-12,40244.17
SW91.9L,2020-06-13,42673.82
SW91.9L,2020-06-14,43343.07
SW91.9L,2020-06-15,41850.02
SW91.9L,2020-06-16,40402.28
SW91.9L,2020-06-17,39929.57
SW91.9L,2020-06-18,41040.2
SW91.9L,2020-06-19,44021.52
SW91.9L,2020-06-20,47010.01
SW91.9L,2020-06-21,51335.95
SW91.9L,2020-06-22,55377.61
SW91.9L,2020-06-23,57070.83
SW91.9L,2020-06-24,57285.65
SW91.9L,2020-06-25,58589.49
SW91.9L,2020-06-26,61733.55
SW91.9L,2020-06-27,65507.2
SW91.9L,2020-06-28,72335.57
SW91.9L,2020-06-29,78637.0
SW91.9L,2020-06-30,83001.53
SW91.9L,2020-07-01,86027.98
SW91.9L,2020-07-02,87265.41
SW91.9L,2020-07-03,89150.84
SW91.9L,2020-07-04,89150.84
SW91.9L,2020-07-05,87889.96
SW91.9L,2020-07-06,84805.98
SW91.9L,2020-07-07,80648.05
SW91.9L,2020-07-08,76670.09
SW91.9L,2020-07-09,72335.57
SW91.9L,2020-07-10,71286.15
SW91.9L,2020-07-11,72335.57
SW91.9L,2020-07-12,74475.16
SW91.9L,2020-07-13,78921.57
SW91.9L,2020-07-14,85721.04
SW91.9L,2020-07-15,93689.81
SW91.9L,2020-07-16,101232.59
SW91.9L,2020-07-17,105935.73
SW91.9L,2020-07-18,107047.91
SW91.9L,2020-07-19,106676.05
SW91.9L,2020-07-20,107795.05
SW91.9L,2020-07-21,107420.91
SW91.9L,2020-07-22,106305.33
SW91.9L,2020-07-23,106305.33
SW91.9L,2020-07-24,107795.05
SW91.9L,2020-07-25,109682.93
SW91.9L,2020-07-26,111986.64
SW91.9L,2020-07-27,113545.93
SW91.9L,2020-07-28,113545.93
SW91.9L,2020-07-29,111599.77
SW91.9L,2020-07-30,108170.33
SW91.9L,2020-07-31,107047.91
SW91.9L,2020-08-01,103379.99
SW91.9L,2020-08-02,102659.79
SW91.9L,2020-08-03,102301.35
SW91.9L,2020-08-04,101944.0
SW91.9L,2020-08-05,100878.52
SW91.9L,2020-08-06,99473.08
SW91.9L,2020-08-07,94354.51
SW91.9L,2020-08-08,90427.56
SW91.9L,2020-08-09,87577.2
SW91.9L,2020-08-10,83599.23
SW91.9L,2020-08-11,80938.99
SW91.9L,2020-08-12,79207.04
SW91.9L,2020-08-13,78921.57
SW91.9L,2020-08-14,79780.71
SW91.9L,2020-08-15,80648.05
SW91.9L,2020-08-16,81817.36
SW91.9L,2020-08-17,82407.58
SW91.9L,2020-08-18,83899.5
SW91.9L,2020-08-19,85110.04
SW91.9L,2020-08-20,87577.2
SW91.9L,2020-08-21,88203.7
SW91.9L,2020-08-22,86335.89
SW91.9L,2020-08-23,86027.98
SW91.9L,2020-08-24,85415.06
SW91.9L,2020-08-25,83899.5
SW91.9L,2020-08-26,83001.53
SW91.9L,2020-08-27,81230.86
SW91.9L,2020-08-28,78070.56
SW91.9L,2020-08-29,74204.71
SW91.9L,2020-08-30,71547.24
SW91.9L,2020-08-31,68973.66
SW91.9L,2020-09-01,67468.81
SW91.9L,2020-09-02,68468.8
SW91.9L,2020-09-03,68973.66
SW91.9L,2020-09-04,67967.19
SW91.9L,2020-09-05,66973.64
SW91.9L,2020-09-06,65992.85
SW91.9L,2020-09-07,65265.56
SW91.9L,2020-09-08,65024.69
SW91.9L,2020-09-09,64784.61
SW91.9L,2020-09-10,65749.63
SW91.9L,2020-09-11,66236.86
SW91.9L,2020-09-12,65507.2
SW91.9L,2020-09-13,64306.77
SW91.9L,2020-09-14,63360.37
SW91.9L,2020-09-15,62891.77
SW91.9L,2020-09-16,62891.77
SW91.9L,2020-09-17,65024.69
SW91.9L,2020-09-18,68468.8
SW91.9L,2020-09-19,71547.24
SW91.9L,2020-09-20,72335.57
SW91.9L,2020-09-21,72600.04
SW91.9L,2020-09-22,73131.51
SW91.9L,2020-09-23,72335.57
SW91.9L,2020-09-24,71547.24
SW91.9L,2020-09-25,71286.15
SW91.9L,2020-09-26,72335.57
SW91.9L,2020-09-27,73398.53
SW91.9L,2020-09-28,74746.48
SW91.9L,2020-09-29,76116.1
SW91.9L,2020-09-30,77788.68
SW91.9L,2020-10-01,79493.42
SW91.9L,2020-10-02,81523.65
SW91.9L,2020-10-03,82704.09
SW91.9L,2020-10-04,81230.86
SW91.9L,2020-10-05,77788.68
SW91.9L,2020-10-06,72865.35
SW91.9L,2020-10-07,69737.06
SW91.9L,2020-10-08,66481.66
SW91.9L,2020-10-09,63832.03
SW91.9L,2020-10-10,61733.55
SW91.9L,2020-10-11,61275.53
SW91.9L,2020-10-12,61047.64
SW91.9L,2020-10-13,60368.42
SW91.9L,2020-10-14,58370.39
SW91.9L,2020-10-15,56218.63
SW91.9L,2020-10-16,53728.64
SW91.9L,2020-10-17,50559.44
SW91.9L,2020-10-18,48291.38
SW91.9L,2020-10-19,46291.27
SW91.9L,2020-10-20,43851.04
SW91.9L,2020-10-21,41524.42
SW91.9L,2020-10-22,40086.6
SW91.9L,2020-10-23,38998.68
SW91.9L,2020-10-24,38086.89
SW91.9L,2020-10-25,36031.75
SW91.9L,2020-10-26,34348.33
SW91.9L,2020-10-27,33264.77
SW91.9L,2020-10-28,32602.88
SW91.9L,2020-10-29,32998.61
SW91.9L,2020-10-30,32734.32
SW91.9L,2020-10-31,32734.32
SW91.9L,2020-11-01,32471.9
SW91.9L,2020-11-02,32081.72
SW91.9L,2020-11-03,31313.68
SW91.9L,2020-11-04,29584.01
SW91.9L,2020-11-05,27824.37
SW91.9L,2020-11-06,26049.28
SW91.9L,2020-11-07,24681.01
SW91.9L,2020-11-08,23278.39
SW91.9L,2020-11-09,22414.1
SW91.9L,2020-11-10,21761.47
SW91.9L,2020-11-11,21578.1
SW91.9L,2020-11-12,21669.61
SW91.9L,2020-11-13,21578.1
SW91.9L,2020-11-14,21305.57
SW91.9L,2020-11-15,20506.05
SW91.9L,2020-11-16,19817.58
SW91.9L,2020-11-17,19231.9
SW91.9L,2020-11-18,18342.21
SW91.9L,2020-11-19,17413.02
SW91.9L,2020-11-20,16816.75
SW91.9L,2020-11-21,16096.66
SW91.9L,2020-11-22,15403.77
SW91.9L,2020-11-23,14737.19
SW91.9L,2020-11-24,14222.29
SW91.9L,2020-11-25,13970.81
SW91.9L,2020-11-26,13723.24
SW91.9L,2020-11-27,13661.95
SW91.9L,2020-11-28,13540.1
SW91.9L,2020-11-29,13299.25
SW91.9L,2020-11-30,13180.24
SW91.9L,2020-12-01,13180.24
SW91.9L,2020-12-02,13003.47
SW91.9L,2020-12-03,12771.03
SW91.9L,2020-12-04,12542.24
SW91.9L,2020-12-05,12205.79
SW91.9L,2020-12-06,11931.5
SW91.9L,2020-12-07,11715.97
SW91.9L,2020-12-08,11451.38
SW91.9L,2020-12-09,11243.49
SW91.9L,2020-12-10,11140.79
SW91.9L,2020-12-11,11089.75
SW91.9L,2020-12-12,11140.79
SW91.9L,2020-12-13,11089.75
SW91.9L,2020-12-14,11192.04
SW91.9L,2020-12-15,11038.92
SW91.9L,2020-12-16,10787.81
SW91.9L,2020-12-17,10541.72
SW91.9L,2020-12-18,10252.93
SW91.9L,2020-12-19,9971.1
SW91.9L,2020-12-20,9787.02
SW91.9L,2020-12-21,9605.92
SW91.9L,2020-12-22,9561.11
SW91.9L,2020-12-23,9427.77
SW91.9L,2020-12-24,9339.79
SW91.9L,2020-12-25,9252.53
SW91.9L,2020-12-26,9080.15
SW91.9L,2020-12-27,8952.72
SW91.9L,2020-12-28,8910.59
SW91.9L,2020-12-29,8868.64
SW91.9L,2020-12-30,8868.64
SW91.9L,2020-12-31,8826.86
SW91.9L,2021-01-01,8413.52
SW91.9L,2021-01-02,8269.13
SW91.9L,2021-01-03,8233.15
SW91.9L,2021-01-04,8170.29
SW91.9L,2021-01-05,7902.5
SW91.9L,2021-01-06,7743.09
SW91.9L,2021-01-07,7567.09
SW91.9L,2021-01-08,7383.57
SW91.9L,2021-01-09,7227.33
SW91.9L,2021-01-10,7244.64
SW91.9L,2021-01-11,7331.38
SW91.9L,2021-01-12,7505.77
SW91.9L,2021-01-13,7549.55
SW91.9L,2021-01-14,7575.86
SW91.9L,2021-01-15,7374.86
SW91.9L,2021-01-16,7097.87
SW91.9L,2021-01-17,6841.05
SW91.9L,2021-01-18,6620.72
SW91.9L,2021-01-19,6444.32
SW91.9L,2021-01-20,6344.15
SW91.9L,2021-01-21,6252.73
SW91.9L,2021-01-22,6178.23
SW91.9L,2021-01-23,6046.42
SW91.9L,2021-01-24,5972.65
SW91.9L,2021-01-25,5931.78
SW91.9L,2021-01-26,5923.62
SW91.9L,2021-01-27,5964.47
SW91.9L,2021-01-28,5980.83
SW91.9L,2021-01-29,6120.46
SW91.9L,2021-01-30,6385.83
SW91.9L,2021-01-31,6519.75
SW91.9L,2021-02-01,6394.18
SW91.9L,2021-02-02,6161.71
SW91.9L,2021-02-03,6095.75
SW91.9L,2021-02-04,6030.01
SW91.9L,2021-02-05,5923.62
SW91.9L,2021-02-06,5834.03
SW91.9L,2021-02-07,5631.92
SW91.9L,2021-02-08,5431.92
SW91.9L,2021-02-09,5210.46
SW91.9L,2021-02-10,5336.68
SW91.9L,2021-02-11,5511.67
SW91.9L,2021-02-12,5591.75
SW91.9L,2021-02-13,5591.75
SW91.9L,2021-02-14,5431.92
SW91.9L,2021-02-15,5281.35
SW91.9L,2021-02-16,5281.35
SW91.9L,2021-02-17,5155.52
SW91.9L,2021-02-18,4991.72
SW91.9L,2021-02-19,4791.1
SW91.9L,2021-02-20,4577.76
SW91.9L,2021-02-21,4374.77
SW91.9L,2021-02-22,4137.73
SW91.9L,2021-02-23,4049.84
SW91.9L,2021-02-24,4101.04
SW91.9L,2021-02-25,4278.01
SW91.9L,2021-02-26,4502.27
SW91.9L,2021-02-27,4760.45
SW91.9L,2021-02-28,5069.53
SW91.9L,2021-03-01,5801.55
SW91.9L,2021-03-02,5368.37
SW91.9L,2021-03-03,5289.24
SW91.9L,2021-03-04,5202.6
SW91.9L,2021-03-05,5132.02
SW91.9L,2021-03-06,5053.94
SW91.9L,2021-03-07,4968.45
SW91.9L,2021-03-08,4844.87
SW91.9L,2021-03-09,4653.63
SW91.9L,2021-03-10,4623.24
SW91.9L,2021-03-11,4752.79
SW91.9L,2021-03-12,4906.55
SW91.9L,2021-03-13,5061.73
SW91.9L,2021-03-14,5210.46
SW91.9L,2021-03-15,5281.35
SW91.9L,2021-03-16,5124.2
SW91.9L,2021-03-17,5139.85
SW91.9L,2021-03-18,5249.81
SW91.9L,2021-03-19,5108.56
SW91.9L,2021-03-20,4960.7
SW91.9L,2021-03-21,4791.1
SW91.9L,2021-03-22,4600.48
SW91.9L,2021-03-23,4322.59
SW91.9L,2021-03-24,4382.24
SW91.9L,2021-03-25,4278.01
SW91.9L,2021-03-26,4337.48
SW91.9L,2021-03-27,4783.43
SW91.9L,2021-03-28,5328.76
SW91.9L,2021-03-29,5744.85
SW91.9L,2021-03-30,5997.21
SW91.9L,2021-03-31,7218.67
SW91.9L,2021-04-01,7532.03
SW91.9L,2021-04-02,6756.05
SW91.9L,2021-04-03,5956.29
SW91.9L,2021-04-04,5447.84
SW91.9L,2021-04-05,5085.13
SW91.9L,2021-04-06,4945.21
SW91.9L,2021-04-07,4999.49
SW91.9L,2021-04-08,5194.74
SW91.9L,2021-04-09,5543.66
SW91.9L,2021-04-10,5890.99
SW91.9L,2021-04-11,6005.41
SW91.9L,2021-04-12,6120.46
SW91.9L,2021-04-13,6211.31
SW91.9L,2021-04-14,6277.63
SW91.9L,2021-04-15,6335.82
SW91.9L,2021-04-16,6435.96
SW91.9L,2021-04-17,6477.81
SW91.9L,2021-04-18,6178.23
SW91.9L,2021-04-19,5866.56
SW91.9L,2021-04-20,5923.62
SW91.9L,2021-04-21,6194.76
SW91.9L,2021-04-22,6511.36
SW91.9L,2021-04-23,6696.75
SW91.9L,2021-04-24,6858.08
SW91.9L,2021-04-25,7123.71
SW91.9L,2021-04-26,7584.63
SW91.9L,2021-04-27,8206.19
SW91.9L,2021-04-28,8332.21
SW91.9L,2021-04-29,8485.99
SW91.9L,2021-04-30,8431.62
SW91.9L,2021-05-01,8341.24
SW91.9L,2021-05-02,8188.23
SW91.9L,2021-05-03,7964.75
SW91.9L,2021-05-04,7663.74
SW91.9L,2021-05-05,7210.03
SW91.9L,2021-05-06,6781.52
SW91.9L,2021-05-07,6587.01
SW91.9L,2021-05-08,6536.55
SW91.9L,2021-05-09,6815.52
SW91.9L,2021-05-10,7132.33
SW91.9L,2021-05-11,7831.53
SW91.9L,2021-05-12,8036.07
SW91.9L,2021-05-13,8116.52
SW91.9L,2021-05-14,8314.18
SW91.9L,2021-05-15,8558.65
SW91.9L,2021-05-16,8805.18
SW91.9L,2021-05-17,9109.28
SW91.9L,2021-05-18,6150.31
SW91.9L,2021-05-19,6260.8
SW91.9L,2021-05-20,6394.98
SW91.9L,2021-05-21,6854.8
SW91.9L,2021-05-22,7494.23
SW91.9L,2021-05-23,8525.93
SW91.9L,2021-05-24,9524.51
SW91.9L,2021-05-25,11516.99
SW91.9L,2021-05-26,15204.47
SW91.9L,2021-05-27,20706.91
SW91.9L,2021-05-28,23232.03
SW91.9L,2021-05-29,24079.64
SW91.9L,2021-05-30,24357.83
SW91.9L,2021-05-31,24740.32
SW91.9L,2021-06-01,26015.14
SW91.9L,2021-06-02,26253.53
SW91.9L,2021-06-03,28042.37
SW91.9L,2021-06-04,28992.01
SW91.9L,2021-06-05,28823.03
SW91.9L,2021-06-06,28458.96
SW91.9L,2021-06-07,28570.68
SW91.9L,2021-06-08,29246.61
SW91.9L,2021-06-09,31391.59
SW91.9L,2021-06-10,34125.84
SW91.9L,2021-06-11,38323.26
SW91.9L,2021-06-12,39674.73
SW91.9L,2021-06-13,40326.68
SW91.9L,2021-06-14,41089.66
SW91.9L,2021-06-15,41931.93
SW91.9L,2021-06-16,41369.26
SW91.9L,2021-06-17,40223.31
SW91.9L,2021-06-18,39368.17
SW91.9L,2021-06-19,38457.13
SW91.9L,2021-06-20,38725.71
SW91.9L,2021-06-21,41861.35
SW91.9L,2021-06-22,47243.86
SW91.9L,2021-06-23,49751.12
SW91.9L,2021-06-24,51934.52
SW91.9L,2021-06-25,52702.08
SW91.9L,2021-06-26,53517.44
SW91.9L,2021-06-27,53435.56
SW91.9L,2021-06-28,53353.76
SW91.9L,2021-06-29,53886.84
SW91.9L,2021-06-30,55631.18
SW91.9L,2021-07-01,58095.83
SW91.9L,2021-07-02,62453.85
SW91.9L,2021-07-03,62814.41
SW91.9L,2021-07-04,62453.85
SW91.9L,2021-07-05,63312.24
SW91.9L,2021-07-06,67052.0
SW91.9L,2021-07-07,68327.69
SW91.9L,2021-07-08,69714.19
SW91.9L,2021-07-09,69954.95
SW91.9L,2021-07-10,69186.28
SW91.9L,2021-07-11,68660.81
SW91.9L,2021-07-12,67381.33
SW91.9L,2021-07-13,65512.64
SW91.9L,2021-07-14,65004.34
SW91.9L,2021-07-15,64223.52
SW91.9L,2021-07-16,63312.24
SW91.9L,2021-07-17,63675.8
SW91.9L,2021-07-18,64820.1
SW91.9L,2021-07-19,65698.07
SW91.9L,2021-07-20,65373.77
SW91.9L,2021-07-21,64452.58
SW91.9L,2021-07-22,63903.67
SW91.9L,2021-07-23,65373.77
SW91.9L,2021-07-24,67428.46
SW91.9L,2021-07-25,66817.37
SW91.9L,2021-07-26,63630.29
SW91.9L,2021-07-27,62679.05
SW91.9L,2021-07-28,63448.43
SW91.9L,2021-07-29,64360.89
SW91.9L,2021-07-30,63994.96
SW91.9L,2021-07-31,63130.94
SW91.9L,2021-08-01,62814.41
SW91.9L,2021-08-02,62498.85
SW91.9L,2021-08-03,62453.85
SW91.9L,2021-08-04,63221.55
SW91.9L,2021-08-05,64636.18
SW91.9L,2021-08-06,67758.91
SW91.9L,2021-08-07,70438.0
SW91.9L,2021-08-08,71458.99
SW91.9L,2021-08-09,71997.36
SW91.9L,2021-08-10,72095.51
SW91.9L,2021-08-11,72587.48
SW91.9L,2021-08-12,73428.5
SW91.9L,2021-08-13,74525.64
SW91.9L,2021-08-14,76037.71
SW91.9L,2021-08-15,77773.78
SW91.9L,2021-08-16,80580.21
SW91.9L,2021-08-17,83286.48
SW91.9L,2021-08-18,86101.98
SW91.9L,2021-08-19,88751.6
SW91.9L,2021-08-20,90940.47
SW91.9L,2021-08-21,92474.88
SW91.9L,2021-08-22,93967.24
SW91.9L,2021-08-23,94603.01
SW91.9L,2021-08-24,94892.85
SW91.9L,2021-08-25,94140.38
SW91.9L,2021-08-26,93851.93
SW91.9L,2021-08-27,93851.93
SW91.9L,2021-08-28,93564.03
SW91.9L,2021-08-29,94313.7
SW91.9L,2021-08-30,94834.84
SW91.9L,2021-08-31,95823.98
SW91.9L,2021-09-01,98235.29
SW91.9L,2021-09-02,100743.3
SW91.9L,2021-09-03,102497.51
SW91.9L,2021-09-04,103963.22
SW91.9L,2021-09-05,103595.61
SW91.9L,2021-09-06,101769.4
SW91.9L,2021-09-07,98650.63
SW91.9L,2021-09-08,93679.12
SW91.9L,2021-09-09,89030.41
SW91.9L,2021-09-10,85392.76
SW91.9L,2021-09-11,81529.16
SW91.9L,2021-09-12,78806.14
SW91.9L,2021-09-13,77568.3
SW91.9L,2021-09-14,75835.03
SW91.9L,2021-09-15,71507.83
SW91.9L,2021-09-16,67240.07
SW91.9L,2021-09-17,64452.58
SW91.9L,2021-09-18,62498.85
SW91.9L,2021-09-19,60891.22
SW91.9L,2021-09-20,60625.75
SW91.9L,2021-09-21,60053.0
SW91.9L,2021-09-22,59833.58
SW91.9L,2021-09-23,59265.4
SW91.9L,2021-09-24,58138.9
SW91.9L,2021-09-25,56855.39
SW91.9L,2021-09-26,55883.14
SW91.9L,2021-09-27,54796.33
SW91.9L,2021-09-28,52986.59
SW91.9L,2021-09-29,52256.87
SW91.9L,2021-09-30,51333.39
SW91.9L,2021-10-01,49986.54
SW91.9L,2021-10-02,49204.42
SW91.9L,2021-10-03,48661.4
SW91.9L,2021-10-04,49204.42
SW91.9L,2021-10-05,50183.24
SW91.9L,2021-10-06,51613.39
SW91.9L,2021-10-07,52458.95
SW91.9L,2021-10-08,52864.54
SW91.9L,2021-10-09,51533.3
SW91.9L,2021-10-10,50262.05
SW91.9L,2021-10-11,49829.52
SW91.9L,2021-10-12,47892.0
SW91.9L,2021-10-13,46113.16
SW91.9L,2021-10-14,44631.39
SW91.9L,2021-10-15,43178.94
SW91.9L,2021-10-16,41579.72
SW91.9L,2021-10-17,40292.21
SW91.9L,2021-10-18,38725.71
SW91.9L,2021-10-19,38289.84
SW91.9L,2021-10-20,37394.13
SW91.9L,2021-10-21,37691.27
SW91.9L,2021-10-22,45405.65
SW91.9L,2021-10-23,50104.5
SW91.9L,2021-10-24,50183.24
SW91.9L,2021-10-25,48584.13
SW91.9L,2021-10-26,47624.47
SW91.9L,2021-10-27,48352.75
SW91.9L,2021-10-28,49751.12
SW91.9L,2021-10-29,50895.26
SW91.9L,2021-10-30,49711.95
SW91.9L,2021-10-31,47815.47
SW91.9L,2021-11-01,45146.66
SW91.9L,2021-11-02,41720.39
SW91.9L,2021-11-03,39845.67
SW91.9L,2021-11-04,38056.38
SW91.9L,2021-11-05,35865.57
SW91.9L,2021-11-06,34281.82
SW91.9L,2021-11-07,32893.47
SW91.9L,2021-11-08,31688.56
SW91.9L,2021-11-09,29020.23
SW91.9L,2021-11-10,27383.58
SW91.9L,2021-11-11,25804.34
SW91.9L,2021-11-12,24459.47
SW91.9L,2021-11-13,22912.81
SW91.9L,2021-11-14,21521.17
SW91.9L,2021-11-15,20454.93
SW91.9L,2021-11-16,19576.63
SW91.9L,2021-11-17,18743.28
SW91.9L,2021-11-18,17910.82
SW91.9L,2021-11-19,17534.34
SW91.9L,2021-11-20,17142.2
SW91.9L,2021-11-21,16453.9
SW91.9L,2021-11-22,15646.58
SW91.9L,2021-11-23,14546.41
SW91.9L,2021-11-24,13996.4
SW91.9L,2021-11-25,13512.36
SW91.9L,2021-11-26,12883.01
SW91.9L,2021-11-27,12389.25
SW91.9L,2021-11-28,11890.76
SW91.9L,2021-11-29,11420.67
SW91.9L,2021-11-30,11056.01
SW91.9L,2021-12-01,11024.64
SW91.9L,2021-12-02,10993.32
SW91.9L,2021-12-03,10977.68
SW91.9L,2021-12-04,11245.37
SW91.9L,2021-12-05,11420.67
SW91.9L,2021-12-06,11308.92
SW91.9L,2021-12-07,11743.64
SW91.9L,2021-12-08,10868.6
SW91.9L,2021-12-09,10123.44
SW91.9L,2021-12-10,9198.2
SW91.9L,2021-12-11,8499.14
SW91.9L,2021-12-12,8012.87
SW91.9L,2021-12-13,7519.04
SW91.9L,2021-12-14,7358.66
SW91.9L,2021-12-15,7212.48
SW91.9L,2021-12-16,7200.38
SW91.9L,2021-12-17,7104.01
SW91.9L,2021-12-18,6949.1
SW91.9L,2021-12-19,6691.65
SW91.9L,2021-12-20,6474.05
SW91.9L,2021-12-21,6205.4
SW91.9L,2021-12-22,6183.33
SW91.9L,2021-12-23,9416.38
SW91.9L,2021-12-24,9257.8
SW91.9L,2021-12-25,8998.35
SW91.9L,2021-12-26,8713.64
SW91.9L,2021-12-27,8522.3
SW91.9L,2021-12-28,8377.36
SW91.9L,2021-12-29,8233.15
SW91.9L,2021-12-30,8098.62
SW91.9L,2021-12-31,7929.16
SW91.9L,2022-01-01,8230.63
SW91.9L,2022-01-02,8369.54
SW91.9L,2022-01-03,8471.23
SW91.9L,2022-01-04,8560.68
SW91.9L,2022-01-05,8599.15
SW91.9L,2022-01-06,7993.21
SW91.9L,2022-01-07,7980.81
SW91.9L,2022-01-08,7576.37
SW91.9L,2022-01-09,7181.63
SW91.9L,2022-01-10,7017.11
SW91.9L,2022-01-11,6831.24
SW91.9L,2022-01-12,6613.5
SW91.9L,2022-01-13,6421.44
SW91.9L,2022-01-14,6198.83
SW91.9L,2022-01-15,6176.77
SW91.9L,2022-01-16,6121.77
SW91.9L,2022-01-17,6077.94
SW91.9L,2022-01-18,6121.77
SW91.9L,2022-01-19,6265.23
SW91.9L,2022-01-20,6613.5
SW91.9L,2022-01-21,6602.13
SW91.9L,2022-01-22,6659.07
SW91.9L,2022-01-23,6613.5
SW91.9L,2022-01-24,6636.27
SW91.9L,2022-01-25,6647.67
SW91.9L,2022-01-26,6488.93
SW91.9L,2022-01-27,6176.77
SW91.9L,2022-01-28,5860.94
SW91.9L,2022-01-29,5594.81
SW91.9L,2022-01-30,5615.89
SW91.9L,2022-01-31,5979.84
SW91.9L,2022-02-01,6298.56
SW91.9L,2022-02-02,6912.28
SW91.9L,2022-02-03,6923.89
SW91.9L,2022-02-04,6727.7
SW91.9L,2022-02-05,6739.17
SW91.9L,2022-02-06,6331.96
SW91.9L,2022-02-07,6067.0
SW91.9L,2022-02-08,5764.48
SW91.9L,2022-02-09,5647.58
SW91.9L,2022-02-10,5375.67
SW91.9L,2022-02-11,5089.77
SW91.9L,2022-02-12,4850.44
SW91.9L,2022-02-13,4781.64
SW91.9L,2022-02-14,4840.59
SW91.9L,2022-02-15,5150.43
SW91.9L,2022-02-16,5448.27
SW91.9L,2022-02-17,5753.81
SW91.9L,2022-02-18,5893.26
SW91.9L,2022-02-19,6034.25
SW91.9L,2022-02-20,6165.75
SW91.9L,2022-02-21,6034.25
SW91.9L,2022-02-22,5925.66
SW91.9L,2022-02-23,5594.81
SW91.9L,2022-02-24,5191.05
SW91.9L,2022-02-25,4791.44
SW91.9L,2022-02-26,4359.56
SW91.9L,2022-02-27,4256.85
SW91.9L,2022-02-28,4378.35
SW91.9L,2022-03-01,4577.95
SW91.9L,2022-03-02,4406.62
SW91.9L,2022-03-03,4635.73
SW91.9L,2022-03-04,4732.77
SW91.9L,2022-03-05,4801.25
SW91.9L,2022-03-06,4771.85
SW91.9L,2022-03-07,4530.06
SW91.9L,2022-03-08,4229.03
SW91.9L,2022-03-09,3991.48
SW91.9L,2022-03-10,3892.89
SW91.9L,2022-03-11,3509.89
SW91.9L,2022-03-12,3259.27
SW91.9L,2022-03-13,3185.75
SW91.9L,2022-03-14,3153.32
SW91.9L,2022-03-15,3400.24
SW91.9L,2022-03-16,3716.54
SW91.9L,2022-03-17,4045.74
SW91.9L,2022-03-18,4146.09
SW91.9L,2022-03-19,4482.39
SW91.9L,2022-03-20,4781.64
SW91.9L,2022-03-21,5272.74
SW91.9L,2022-03-22,5221.61
SW91.9L,2022-03-23,5039.47
SW91.9L,2022-03-24,4989.4
SW91.9L,2022-03-25,5109.95
SW91.9L,2022-03-26,5396.37
SW91.9L,2022-03-27,5221.61
SW91.9L,2022-03-28,5109.95
SW91.9L,2022-03-29,5479.52
SW91.9L,2022-03-30,5860.94
SW91.9L,2022-03-31,6773.63
SW91.9L,2022-04-01,7588.48
SW91.9L,2022-04-02,8205.48
SW91.9L,2022-04-03,8420.31
SW91.9L,2022-04-04,8948.93
SW91.9L,2022-04-05,9265.23
SW91.9L,2022-04-06,9411.89
SW91.9L,2022-04-07,9425.27
SW91.9L,2022-04-08,10468.1
SW91.9L,2022-04-09,13137.36
SW91.9L,2022-04-10,17125.61
SW91.9L,2022-04-11,20414.02
SW91.9L,2022-04-12,21870.52
SW91.9L,2022-04-13,21575.53
SW91.9L,2022-04-14,20913.71
SW91.9L,2022-04-15,20147.27
SW91.9L,2022-04-16,19656.15
SW91.9L,2022-04-17,18929.96
SW91.9L,2022-04-18,18379.93
SW91.9L,2022-04-19,17909.27
SW91.9L,2022-04-20,18379.93
SW91.9L,2022-04-21,19319.42
SW91.9L,2022-04-22,21693.31
SW91.9L,2022-04-23,24629.03
SW91.9L,2022-04-24,25426.69
SW91.9L,2022-04-25,24213.92
SW91.9L,2022-04-26,22446.07
SW91.9L,2022-04-27,20913.71
SW91.9L,2022-04-28,19022.36
SW91.9L,2022-04-29,17873.3
SW91.9L,2022-04-30,18216.37
SW91.9L,2022-05-01,18764.17
SW91.9L,2022-05-02,19506.17
SW91.9L,2022-05-03,20337.64
SW91.9L,2022-05-04,20817.18
SW91.9L,2022-05-05,20318.57
SW91.9L,2022-05-06,19207.78
SW91.9L,2022-05-07,17729.75
SW91.9L,2022-05-08,16565.83
SW91.9L,2022-05-09,15488.85
SW91.9L,2022-05-10,15354.48
SW91.9L,2022-05-11,15488.85
SW91.9L,2022-05-12,15674.49
SW91.9L,2022-05-13,16289.16
SW91.9L,2022-05-14,16461.83
SW91.9L,2022-05-15,17090.38
SW91.9L,2022-05-16,18270.81
SW91.9L,2022-05-17,20033.44
SW91.9L,2022-05-18,23332.45
SW91.9L,2022-05-19,29408.61
SW91.9L,2022-05-20,37101.24
SW91.9L,2022-05-21,42960.96
SW91.9L,2022-05-22,46052.45
SW91.9L,2022-05-23,47988.71
SW91.9L,2022-05-24,48300.78
SW91.9L,2022-05-25,47734.07
SW91.9L,2022-05-26,45470.45
SW91.9L,2022-05-27,41996.87
SW91.9L,2022-05-28,39604.85
SW91.9L,2022-05-29,37656.72
SW91.9L,2022-05-30,35556.27
SW91.9L,2022-05-31,33896.63
SW91.9L,2022-06-01,32699.65
SW91.9L,2022-06-02,31732.93
SW91.9L,2022-06-03,31522.51
SW91.9L,2022-06-04,31756.35
SW91.9L,2022-06-05,31475.84
SW91.9L,2022-06-06,31242.96
SW91.9L,2022-06-07,32628.46
SW91.9L,2022-06-08,34551.23
SW91.9L,2022-06-09,35580.94
SW91.9L,2022-06-10,36975.52
SW91.9L,2022-06-11,38702.07
SW91.9L,2022-06-12,40884.84
SW91.9L,2022-06-13,43176.57
SW91.9L,2022-06-14,45304.79
SW91.9L,2022-06-15,48243.97
SW91.9L,2022-06-16,51472.61
SW91.9L,2022-06-17,56862.49
SW91.9L,2022-06-18,61542.16
SW91.9L,2022-06-19,63784.2
SW91.9L,2022-06-20,66589.18
SW91.9L,2022-06-21,69080.69
SW91.9L,2022-06-22,70595.8
SW91.9L,2022-06-23,70561.96
SW91.9L,2022-06-24,69550.43
SW91.9L,2022-06-25,66490.4
SW91.9L,2022-06-26,62466.52
SW91.9L,2022-06-27,57476.6
SW91.9L,2022-06-28,55219.6
SW91.9L,2022-06-29,54586.69
SW91.9L,2022-06-30,55947.04
SW91.9L,2022-07-01,58248.5
SW91.9L,2022-07-02,59149.84
SW91.9L,2022-07-03,59149.84
SW91.9L,2022-07-04,60781.97
SW91.9L,2022-07-05,61828.35
SW91.9L,2022-07-06,61542.16
SW91.9L,2022-07-07,60592.61
SW91.9L,2022-07-08,58372.44
SW91.9L,2022-07-09,55401.05
SW91.9L,2022-07-10,53301.22
SW91.9L,2022-07-11,51501.87
SW91.9L,2022-07-12,50424.33
SW91.9L,2022-07-13,50308.47
SW91.9L,2022-07-14,49013.49
SW91.9L,2022-07-15,47988.71
SW91.9L,2022-07-16,47142.35
SW91.9L,2022-07-17,46693.79
SW91.9L,2022-07-18,45498.09
SW91.9L,2022-07-19,43853.56
SW91.9L,2022-07-20,42103.49
SW91.9L,2022-07-21,41042.86
SW91.9L,2022-07-22,40151.12
SW91.9L,2022-07-23,39604.85
SW91.9L,2022-07-24,40386.29
SW91.9L,2022-07-25,42853.34
SW91.9L,2022-07-26,45691.76
SW91.9L,2022-07-27,48272.37
SW91.9L,2022-07-28,50134.91
SW91.9L,2022-07-29,51501.87
SW91.9L,2022-07-30,52176.97
SW91.9L,2022-07-31,52059.27
SW91.9L,2022-08-01,53033.95
SW91.9L,2022-08-02,54046.87
SW91.9L,2022-08-03,56678.86
SW91.9L,2022-08-04,60026.14
SW91.9L,2022-08-05,61732.89
SW91.9L,2022-08-06,62178.97
SW91.9L,2022-08-07,62178.97
SW91.9L,2022-08-08,61828.35
SW91.9L,2022-08-09,61860.19
SW91.9L,2022-08-10,61669.28
SW91.9L,2022-08-11,61066.53
SW91.9L,2022-08-12,58682.83
SW91.9L,2022-08-13,57322.79
SW91.9L,2022-08-14,57692.25
SW91.9L,2022-08-15,56464.96
SW91.9L,2022-08-16,53718.19
SW91.9L,2022-08-17,51501.87
SW91.9L,2022-08-18,49759.8
SW91.9L,2022-08-19,49042.1
SW91.9L,2022-08-20,49299.92
SW91.9L,2022-08-21,47932.07
SW91.9L,2022-08-22,47592.88
SW91.9L,2022-08-23,49673.43
SW91.9L,2022-08-24,52000.46
SW91.9L,2022-08-25,52678.56
SW91.9L,2022-08-26,52501.27
SW91.9L,2022-08-27,52856.12
SW91.9L,2022-08-28,53301.22
SW91.9L,2022-08-29,53509.52
SW91.9L,2022-08-30,55038.42
SW91.9L,2022-08-31,56464.96
SW91.9L,2022-09-01,58279.47
SW91.9L,2022-09-02,59900.59
SW91.9L,2022-09-03,61669.28
SW91.9L,2022-09-04,63687.35
SW91.9L,2022-09-05,64496.46
SW91.9L,2022-09-06,64919.05
SW91.9L,2022-09-07,64951.61
SW91.9L,2022-09-08,64756.37
SW91.9L,2022-09-09,64984.18
SW91.9L,2022-09-10,65768.05
SW91.9L,2022-09-11,66391.68
SW91.9L,2022-09-12,66227.31
SW91.9L,2022-09-13,66293.03
SW91.9L,2022-09-14,64464.01
SW91.9L,2022-09-15,61987.61
SW91.9L,2022-09-16,59274.66
SW91.9L,2022-09-17,56434.43
SW91.9L,2022-09-18,53867.48
SW91.9L,2022-09-19,52501.27
SW91.9L,2022-09-20,53271.49
SW91.9L,2022-09-21,53539.3
SW91.9L,2022-09-22,53182.35
SW91.9L,2022-09-23,52796.9
SW91.9L,2022-09-24,53212.06
SW91.9L,2022-09-25,53927.24
SW91.9L,2022-09-26,54737.08
SW91.9L,2022-09-27,56709.44
SW91.9L,2022-09-28,58093.74
SW91.9L,2022-09-29,59087.47
SW91.9L,2022-09-30,59649.85
SW91.9L,2022-10-01,59681.17
SW91.9L,2022-10-02,59493.39
SW91.9L,2022-10-03,58993.98
SW91.9L,2022-10-04,58155.62
SW91.9L,2022-10-05,56160.03
SW91.9L,2022-10-06,54616.75
SW91.9L,2022-10-07,52471.75
SW91.9L,2022-10-08,51618.98
SW91.9L,2022-10-09,51063.76
SW91.9L,2022-10-10,51005.48
SW91.9L,2022-10-11,52000.46
SW91.9L,2022-10-12,54226.53
SW91.9L,2022-10-13,57322.79
SW91.9L,2022-10-14,61288.28
SW91.9L,2022-10-15,64107.5
SW91.9L,2022-10-16,65408.24
SW91.9L,2022-10-17,66095.94
SW91.9L,2022-10-18,66490.4
SW91.9L,2022-10-19,65768.05
SW91.9L,2022-10-20,64593.87
SW91.9L,2022-10-21,62722.64
SW91.9L,2022-10-22,60435.01
SW91.9L,2022-10-23,57476.6
SW91.9L,2022-10-24,55159.18
SW91.9L,2022-10-25,55582.77
SW91.9L,2022-10-26,51180.42
SW91.9L,2022-10-27,48272.37
SW91.9L,2022-10-28,46052.45
SW91.9L,2022-10-29,44398.64
SW91.9L,2022-10-30,43446.79
SW91.9L,2022-10-31,42880.24
SW91.9L,2022-11-01,43095.66
SW91.9L,2022-11-02,43122.62
SW91.9L,2022-11-03,41359.74
SW91.9L,2022-11-04,39371.79
SW91.9L,2022-11-05,37783.49
SW91.9L,2022-11-06,36424.71
SW91.9L,2022-11-07,35236.16
SW91.9L,2022-11-08,33920.77
SW91.9L,2022-11-09,32652.18
SW91.9L,2022-11-10,31196.48
SW91.9L,2022-11-11,29976.35
SW91.9L,2022-11-12,28733.92
SW91.9L,2022-11-13,27515.74
SW91.9L,2022-11-14,26321.9
SW91.9L,2022-11-15,25194.58
SW91.9L,2022-11-16,24338.12
SW91.9L,2022-11-17,23312.13
SW91.9L,2022-11-18,22506.01
SW91.9L,2022-11-19,21771.99
SW91.9L,2022-11-20,21029.81
SW91.9L,2022-11-21,20548.01
SW91.9L,2022-11-22,19976.64
SW91.9L,2022-11-23,19506.17
SW91.9L,2022-11-24,19356.71
SW91.9L,2022-11-25,19114.96
SW91.9L,2022-11-26,18672.35
SW91.9L,2022-11-27,18252.66
SW91.9L,2022-11-28,17855.33
SW91.9L,2022-11-29,17373.21
SW91.9L,2022-11-30,16774.75
SW91.9L,2022-12-01,16100.19
SW91.9L,2022-12-02,15320.97
SW91.9L,2022-12-03,14657.88
SW91.9L,2022-12-04,14185.6
SW91.9L,2022-12-05,14056.57
SW91.9L,2022-12-06,13864.04
SW91.9L,2022-12-07,13530.06
SW91.9L,2022-12-08,13419.57
SW91.9L,2022-12-09,13075.02
SW91.9L,2022-12-10,13184.2
SW91.9L,2022-12-11,12857.92
SW91.9L,2022-12-12,12535.4
SW91.9L,2022-12-13,12051.21
SW91.9L,2022-12-14,11753.05
SW91.9L,2022-12-15,11399.81
SW91.9L,2022-12-16,11008.35
SW91.9L,2022-12-17,10651.51
SW91.9L,2022-12-18,10623.2
SW91.9L,2022-12-19,10482.16
SW91.9L,2022-12-20,10411.96
SW91.9L,2022-12-21,10411.96
SW91.9L,2022-12-22,10524.38
SW91.9L,2022-12-23,10369.95
SW91.9L,2022-12-24,10679.86
SW91.9L,2022-12-25,10722.45
SW91.9L,2022-12-26,10651.51
SW91.9L,2022-12-27,10454.05
SW91.9L,2022-12-28,10216.57
SW91.9L,2022-12-29,9844.55
SW91.9L,2022-12-30,9371.78
SW91.9L,2022-12-31,8779.72
SW91.9L,2023-01-01,9868.8
SW91.9L,2023-01-02,9243.14
SW91.9L,2023-01-03,9089.48
SW91.9L,2023-01-04,8771.77
SW91.9L,2023-01-05,8499.45
SW91.9L,2023-01-06,8418.48
SW91.9L,2023-01-07,8567.19
SW91.9L,2023-01-08,8703.34
SW91.9L,2023-01-09,8594.34
SW91.9L,2023-01-10,8472.42
SW91.9L,2023-01-11,8364.68
SW91.9L,2023-01-12,8137.69
SW91.9L,2023-01-13,8031.8
SW91.9L,2023-01-14,7913.38
SW91.9L,2023-01-15,7704.73
SW91.9L,2023-01-16,7307.3
SW91.9L,2023-01-17,6993.4
SW91.9L,2023-01-18,6685.43
SW91.9L,2023-01-19,6612.4
SW91.9L,2023-01-20,6661.05
SW91.9L,2023-01-21,6881.84
SW91.9L,2023-01-22,7319.98
SW91.9L,2023-01-23,7952.77
SW91.9L,2023-01-24,7743.67
SW91.9L,2023-01-25,7652.94
SW91.9L,2023-01-26,7524.13
SW91.9L,2023-01-27,7269.32
SW91.9L,2023-01-28,6844.83
SW91.9L,2023-01-29,6383.43
SW91.9L,2023-01-30,6075.73
SW91.9L,2023-01-31,6040.64
SW91.9L,2023-02-01,5866.53
SW91.9L,2023-02-02,5513.66
SW91.9L,2023-02-03,5235.95
SW91.9L,2023-02-04,5379.59
SW91.9L,2023-02-05,5683.23
SW91.9L,2023-02-06,5843.48
SW91.9L,2023-02-07,6122.64
SW91.9L,2023-02-08,6264.31
SW91.9L,2023-02-09,6323.75
SW91.9L,2023-02-10,6193.3
SW91.9L,2023-02-11,6311.84
SW91.9L,2023-02-12,5982.36
SW91.9L,2023-02-13,5683.23
SW91.9L,2023-02-14,5279.97
SW91.9L,2023-02-15,4964.42
SW91.9L,2023-02-16,4751.68
SW91.9L,2023-02-17,4688.64
SW91.9L,2023-02-18,5181.15
SW91.9L,2023-02-19,5740.24
SW91.9L,2023-02-20,5866.53
SW91.9L,2023-02-21,6624.55
SW91.9L,2023-02-22,6956.13
SW91.9L,2023-02-23,7080.7
SW91.9L,2023-02-24,6820.2
SW91.9L,2023-02-25,6122.64
SW91.9L,2023-02-26,5401.83
SW91.9L,2023-02-27,5039.82
SW91.9L,2023-02-28,4699.13
SW91.9L,2023-03-01,4409.45
SW91.9L,2023-03-02,4147.57
SW91.9L,2023-03-03,3970.32
SW91.9L,2023-03-04,4491.41
SW91.9L,2023-03-05,4793.91
SW91.9L,2023-03-06,5192.09
SW91.9L,2023-03-07,5491.21
SW91.9L,2023-03-08,5694.61
SW91.9L,2023-03-09,5671.86
SW91.9L,2023-03-10,5581.22
SW91.9L,2023-03-11,5524.89
SW91.9L,2023-03-12,5446.45
SW91.9L,2023-03-13,5126.59
SW91.9L,2023-03-14,4996.68
SW91.9L,2023-03-15,4878.85
SW91.9L,2023-03-16,4783.34
SW91.9L,2023-03-17,4389.06
SW91.9L,2023-03-18,4267.58
SW91.9L,2023-03-19,4368.71
SW91.9L,2023-03-20,5159.3
SW91.9L,2023-03-21,6443.35
SW91.9L,2023-03-22,6722.07
SW91.9L,2023-03-23,7030.76
SW91.9L,2023-03-24,6980.97
SW91.9L,2023-03-25,6576.02
SW91.9L,2023-03-26,6371.47
SW91.9L,2023-03-27,6064.02
SW91.9L,2023-03-28,5797.5
SW91.9L,2023-03-29,5524.89
SW91.9L,2023-03-30,5468.81
SW91.9L,2023-03-31,5558.66
SW91.9L,2023-04-01,5717.41
SW91.9L,2023-04-02,6216.93
SW91.9L,2023-04-03,6673.23
SW91.9L,2023-04-04,7118.25
SW91.9L,2023-04-05,7808.76
SW91.9L,2023-04-06,8526.52
SW91.9L,2023-04-07,8758.07
SW91.9L,2023-04-08,9159.19
SW91.9L,2023-04-09,9033.88
SW91.9L,2023-04-10,8744.37
SW91.9L,2023-04-11,8730.69
SW91.9L,2023-04-12,8648.77
SW91.9L,2023-04-13,8703.34
SW91.9L,2023-04-14,8717.01
SW91.9L,2023-04-15,8648.77
SW91.9L,2023-04-16,8607.94
SW91.9L,2023-04-17,8771.77
SW91.9L,2023-04-18,9145.23
SW91.9L,2023-04-19,9426.16
SW91.9L,2023-04-20,10057.01
SW91.9L,2023-04-21,10057.01
SW91.9L,2023-04-22,9868.8
SW91.9L,2023-04-23,9426.16
SW91.9L,2023-04-24,8826.67
SW91.9L,2023-04-25,8526.52
SW91.9L,2023-04-26,8391.56
SW91.9L,2023-04-27,8364.68
SW91.9L,2023-04-28,8190.85
SW91.9L,2023-04-29,8204.17
SW91.9L,2023-04-30,8717.01
SW91.9L,2023-05-01,9426.16
SW91.9L,2023-05-02,10188.2
SW91.9L,2023-05-03,10810.05
SW91.9L,2023-05-04,11202.9
SW91.9L,2023-05-05,11187.68
SW91.9L,2023-05-06,11679.15
SW91.9L,2023-05-07,11679.15
SW91.9L,2023-05-08,11370.92
SW91.9L,2023-05-09,11370.92
SW91.9L,2023-05-10,12022.28
SW91.9L,2023-05-11,14169.83
SW91.9L,2023-05-12,16359.47
SW91.9L,2023-05-13,17912.24
SW91.9L,2023-05-14,18872.78
SW91.9L,2023-05-15,18550.21
SW91.9L,2023-05-16,19082.77
SW91.9L,2023-05-17,19063.64
SW91.9L,2023-05-18,19197.73
SW91.9L,2023-05-19,18701.71
SW91.9L,2023-05-20,18493.53
SW91.9L,2023-05-21,17986.8
SW91.9L,2023-05-22,17430.87
SW91.9L,2023-05-23,16773.66
SW91.9L,2023-05-24,16593.03
SW91.9L,2023-05-25,16449.13
SW91.9L,2023-05-26,16629.09
SW91.9L,2023-05-27,16773.66
SW91.9L,2023-05-28,17155.71
SW91.9L,2023-05-29,17652.34
SW91.9L,2023-05-30,18230.03
SW91.9L,2023-05-31,18380.4
SW91.9L,2023-06-01,18474.65
SW91.9L,2023-06-02,18531.31
SW91.9L,2023-06-03,18739.66
SW91.9L,2023-06-04,19082.77
SW91.9L,2023-06-05,19293.75
SW91.9L,2023-06-06,19063.64
SW91.9L,2023-06-07,18739.66
SW91.9L,2023-06-08,18323.95
SW91.9L,2023-06-09,17875.01
SW91.9L,2023-06-10,18173.77
SW91.9L,2023-06-11,18739.66
SW91.9L,2023-06-12,19121.05
SW91.9L,2023-06-13,19602.42
SW91.9L,2023-06-14,20030.27
SW91.9L,2023-06-15,20897.82
SW91.9L,2023-06-16,22228.64
SW91.9L,2023-06-17,25081.29
SW91.9L,2023-06-18,31200.27
SW91.9L,2023-06-19,39752.06
SW91.9L,2023-06-20,47892.02
SW91.9L,2023-06-21,52557.95
SW91.9L,2023-06-22,56156.07
SW91.9L,2023-06-23,58178.48
SW91.9L,2023-06-24,58580.45
SW91.9L,2023-06-25,57500.94
SW91.9L,2023-06-26,56643.53
SW91.9L,2023-06-27,54975.47
SW91.9L,2023-06-28,52115.38
SW91.9L,2023-06-29,50071.37
SW91.9L,2023-06-30,48490.04
SW91.9L,2023-07-01,47665.04
SW91.9L,2023-07-02,47268.93
SW91.9L,2023-07-03,47721.74
SW91.9L,2023-07-04,48347.37
SW91.9L,2023-07-05,51352.08
SW91.9L,2023-07-06,54614.38
SW91.9L,2023-07-07,56247.34
SW91.9L,2023-07-08,57531.66
SW91.9L,2023-07-09,57224.74
SW91.9L,2023-07-10,57286.07
SW91.9L,2023-07-11,58024.2
SW91.9L,2023-07-12,58952.56
SW91.9L,2023-07-13,60419.68
SW91.9L,2023-07-14,61933.97
SW91.9L,2023-07-15,64913.55
SW91.9L,2023-07-16,66966.02
SW91.9L,2023-07-17,67130.09
SW91.9L,2023-07-18,67261.47
SW91.9L,2023-07-19,66409.48
SW91.9L,2023-07-20,65269.94
SW91.9L,2023-07-21,64267.71
SW91.9L,2023-07-22,63208.14
SW91.9L,2023-07-23,61269.49
SW91.9L,2023-07-24,60012.33
SW91.9L,2023-07-25,58952.56
SW91.9L,2023-07-26,58332.95
SW91.9L,2023-07-27,57839.28
SW91.9L,2023-07-28,57224.74
SW91.9L,2023-07-29,57378.11
SW91.9L,2023-07-30,57378.11
SW91.9L,2023-07-31,57654.63
SW91.9L,2023-08-01,58580.45
SW91.9L,2023-08-02,62219.68
SW91.9L,2023-08-03,62156.14
SW91.9L,2023-08-04,61743.8
SW91.9L,2023-08-05,61743.8
SW91.9L,2023-08-06,61522.26
SW91.9L,2023-08-07,61332.64
SW91.9L,2023-08-08,62029.14
SW91.9L,2023-08-09,62665.26
SW91.9L,2023-08-10,63432.27
SW91.9L,2023-08-11,65237.5
SW91.9L,2023-08-12,67294.33
SW91.9L,2023-08-13,68879.79
SW91.9L,2023-08-14,70246.56
SW91.9L,2023-08-15,71253.94
SW91.9L,2023-08-16,72199.7
SW91.9L,2023-08-17,72403.06
SW91.9L,2023-08-18,72403.06
SW91.9L,2023-08-19,72640.62
SW91.9L,2023-08-20,71624.85
SW91.9L,2023-08-21,69945.55
SW91.9L,2023-08-22,68448.83
SW91.9L,2023-08-23,67524.55
SW91.9L,2023-08-24,66115.64
SW91.9L,2023-08-25,65302.38
SW91.9L,2023-08-26,65010.66
SW91.9L,2023-08-27,65920.07
SW91.9L,2023-08-28,67722.16
SW91.9L,2023-08-29,68912.99
SW91.9L,2023-08-30,70648.77
SW91.9L,2023-08-31,72674.59
SW91.9L,2023-09-01,74553.14
SW91.9L,2023-09-02,75966.88
SW91.9L,2023-09-03,76625.88
SW91.9L,2023-09-04,75793.86
SW91.9L,2023-09-05,73525.92
SW91.9L,2023-09-06,69611.75
SW91.9L,2023-09-07,67031.63
SW91.9L,2023-09-08,64203.28
SW91.9L,2023-09-09,60325.57
SW91.9L,2023-09-10,56277.77
SW91.9L,2023-09-11,54764.71
SW91.9L,2023-09-12,52646.65
SW91.9L,2023-09-13,51235.08
SW91.9L,2023-09-14,51381.35
SW91.9L,2023-09-15,50972.25
SW91.9L,2023-09-16,49263.61
SW91.9L,2023-09-17,48461.49
SW91.9L,2023-09-18,47466.81
SW91.9L,2023-09-19,48005.68
SW91.9L,2023-09-20,48718.7
SW91.9L,2023-09-21,48775.94
SW91.9L,2023-09-22,48318.85
SW91.9L,2023-09-23,48432.95
SW91.9L,2023-09-24,50013.49
SW91.9L,2023-09-25,52942.8
SW91.9L,2023-09-26,55488.77
SW91.9L,2023-09-27,56918.52
SW91.9L,2023-09-28,57839.28
SW91.9L,2023-09-29,59045.74
SW91.9L,2023-09-30,59138.99
SW91.9L,2023-10-01,60828.21
SW91.9L,2023-10-02,59918.5
SW91.9L,2023-10-03,59107.9
SW91.9L,2023-10-04,58642.4
SW91.9L,2023-10-05,59512.6
SW91.9L,2023-10-06,58673.38
SW91.9L,2023-10-07,57071.54
SW91.9L,2023-10-08,55488.77
SW91.9L,2023-10-09,55035.76
SW91.9L,2023-10-10,54794.8
SW91.9L,2023-10-11,54614.38
SW91.9L,2023-10-12,54674.49
SW91.9L,2023-10-13,54584.33
SW91.9L,2023-10-14,54314.25
SW91.9L,2023-10-15,54644.43
SW91.9L,2023-10-16,54674.49
SW91.9L,2023-10-17,53686.29
SW91.9L,2023-10-18,52115.38
SW91.9L,2023-10-19,49926.72
SW91.9L,2023-10-20,47240.69
SW91.9L,2023-10-21,45088.1
SW91.9L,2023-10-22,42924.52
SW91.9L,2023-10-23,42034.3
SW91.9L,2023-10-24,40462.69
SW91.9L,2023-10-25,37448.02
SW91.9L,2023-10-26,36381.27
SW91.9L,2023-10-27,35153.5
SW91.9L,2023-10-28,33992.88
SW91.9L,2023-10-29,33066.75
SW91.9L,2023-10-30,31960.38
SW91.9L,2023-10-31,30846.68
SW91.9L,2023-11-01,29726.83
SW91.9L,2023-11-02,28693.15
SW91.9L,2023-11-03,27630.33
SW91.9L,2023-11-04,26452.55
SW91.9L,2023-11-05,25361.68
SW91.9L,2023-11-06,24184.57
SW91.9L,2023-11-07,23573.6
SW91.9L,2023-11-08,23010.81
SW91.9L,2023-11-09,22289.96
SW91.9L,2023-11-10,21760.87
SW91.9L,2023-11-11,21437.98
SW91.9L,2023-11-12,21037.3
SW91.9L,2023-11-13,20917.72
SW91.9L,2023-11-14,20422.65
SW91.9L,2023-11-15,20167.23
SW91.9L,2023-11-16,19409.26
SW91.9L,2023-11-17,18853.73
SW91.9L,2023-11-18,19293.75
SW91.9L,2023-11-19,18342.76
SW91.9L,2023-11-20,17541.45
SW91.9L,2023-11-21,16593.03
SW91.9L,2023-11-22,15985.18
SW91.9L,2023-11-23,15561.98
SW91.9L,2023-11-24,15195.68
SW91.9L,2023-11-25,15265.16
SW91.9L,2023-11-26,15160.99
SW91.9L,2023-11-27,15074.42
SW91.9L,2023-11-28,14661.82
SW91.9L,2023-11-29,14474.36
SW91.9L,2023-11-30,14355.6
SW91.9L,2023-12-01,13801.42
SW91.9L,2023-12-02,13569.15
SW91.9L,2023-12-03,13012.12
SW91.9L,2023-12-04,12576.93
SW91.9L,2023-12-05,11959.57
SW91.9L,2023-12-06,11570.87
SW91.9L,2023-12-07,11555.43
SW91.9L,2023-12-08,11478.4
SW91.9L,2023-12-09,11463.02
SW91.9L,2023-12-10,10855.07
SW91.9L,2023-12-11,10915.23
SW91.9L,2023-12-12,10945.36
SW91.9L,2023-12-13,10870.1
SW91.9L,2023-12-14,10720.25
SW91.9L,2023-12-15,10630.77
SW91.9L,2023-12-16,10541.61
SW91.9L,2023-12-17,10408.47
SW91.9L,2023-12-18,10115.22
SW91.9L,2023-12-19,9768.09
SW91.9L,2023-12-20,9426.16
SW91.9L,2023-12-21,9355.59
SW91.9L,2023-12-22,9313.35
SW91.9L,2023-12-23,9271.2
SW91.9L,2023-12-24,9313.35
SW91.9L,2023-12-25,9440.3
SW91.9L,2023-12-26,9159.19
SW91.9L,2023-12-27,9047.76
SW91.9L,2023-12-28,8867.95
SW91.9L,2023-12-29,8391.56
SW91.9L,2023-12-30,8097.91
SW91.9L,2023-12-31,7992.24
SW91.9L,2024-01-01,8926.39
SW91.9L,2024-01-02,8773.7
SW91.9L,2024-01-03,8514.51
SW91.9L,2024-01-04,8356.01
SW91.9L,2024-01-05,8249.04
SW91.9L,2024-01-06,8195.14
SW91.9L,2024-01-07,7921.42
SW91.9L,2024-01-08,7753.61
SW91.9L,2024-01-09,7865.79
SW91.9L,2024-01-10,7921.42
SW91.9L,2024-01-11,8140.97
SW91.9L,2024-01-12,8140.97
SW91.9L,2024-01-13,8195.14
SW91.9L,2024-01-14,8086.52
SW91.9L,2024-01-15,8140.97
SW91.9L,2024-01-16,8031.78
SW91.9L,2024-01-17,7640.14
SW91.9L,2024-01-18,7467.45
SW91.9L,2024-01-19,7172.51
SW91.9L,2024-01-20,6679.86
SW91.9L,2024-01-21,6487.69
SW91.9L,2024-01-22,6357.09
SW91.9L,2024-01-23,6422.65
SW91.9L,2024-01-24,6679.86
SW91.9L,2024-01-25,6679.86
SW91.9L,2024-01-26,6552.23
SW91.9L,2024-01-27,6552.23
SW91.9L,2024-01-28,6616.28
SW91.9L,2024-01-29,6552.23
SW91.9L,2024-01-30,6742.96
SW91.9L,2024-01-31,6679.86
SW91.9L,2024-02-01,6616.28
SW91.9L,2024-02-02,6422.65
SW91.9L,2024-02-03,6224.37
SW91.9L,2024-02-04,6224.37
SW91.9L,2024-02-05,5669.75
SW91.9L,2024-02-06,5450.62
SW91.9L,2024-02-07,5300.65
SW91.9L,2024-02-08,5669.75
SW91.9L,2024-02-09,5669.75
SW91.9L,2024-02-10,5524.42
SW91.9L,2024-02-11,6021.05
SW91.9L,2024-02-12,6422.65
SW91.9L,2024-02-13,6552.23
SW91.9L,2024-02-14,6616.28
SW91.9L,2024-02-15,6157.18
SW91.9L,2024-02-16,5597.45
SW91.9L,2024-02-17,4990.33
SW91.9L,2024-02-18,4829.42
SW91.9L,2024-02-19,4138.62
SW91.9L,2024-02-20,3951.55
SW91.9L,2024-02-21,4319.33
SW91.9L,2024-02-22,4494.35
SW91.9L,2024-02-23,4829.42
SW91.9L,2024-02-24,5224.42
SW91.9L,2024-02-25,5741.35
SW91.9L,2024-02-26,5524.42
SW91.9L,2024-02-27,5069.29
SW91.9L,2024-02-28,5450.62
SW91.9L,2024-02-29,5450.62
SW91.9L,2024-03-01,5376.04
SW91.9L,2024-03-02,5069.29
SW91.9L,2024-03-03,4829.42
SW91.9L,2024-03-04,4664.22
SW91.9L,2024-03-05,4494.35
SW91.9L,2024-03-06,4407.52
SW91.9L,2024-03-07,4747.38
SW91.9L,2024-03-08,4990.33
SW91.9L,2024-03-09,5524.42
SW91.9L,2024-03-10,6291.0
SW91.9L,2024-03-11,6679.86
SW91.9L,2024-03-12,6990.93
SW91.9L,2024-03-13,7172.51
SW91.9L,2024-03-14,7112.38
SW91.9L,2024-03-15,7112.38
SW91.9L,2024-03-16,6487.69
SW91.9L,2024-03-17,5812.25
SW91.9L,2024-03-18,5069.29
SW91.9L,2024-03-19,4407.52
SW91.9L,2024-03-20,4319.33
SW91.9L,2024-03-21,4045.93
SW91.9L,2024-03-22,5376.04
SW91.9L,2024-03-23,5376.04
SW91.9L,2024-03-24,6616.28
SW91.9L,2024-03-25,6990.93
SW91.9L,2024-03-26,7232.24
SW91.9L,2024-03-27,7467.45
SW91.9L,2024-03-28,7865.79
SW91.9L,2024-03-29,7976.75
SW91.9L,2024-03-30,7976.75
SW91.9L,2024-03-31,8086.52
SW91.9L,2024-04-01,8031.78
SW91.9L,2024-04-02,7865.79
SW91.9L,2024-04-03,7809.86
SW91.9L,2024-04-04,7640.14
SW91.9L,2024-04-05,7921.42
SW91.9L,2024-04-06,8249.04
SW91.9L,2024-04-07,8875.72
SW91.9L,2024-04-08,9225.85
SW91.9L,2024-04-09,9372.78
SW91.9L,2024-04-10,9708.86
SW91.9L,2024-04-11,10082.2
SW91.9L,2024-04-12,10219.45
SW91.9L,2024-04-13,10082.2
SW91.9L,2024-04-14,9850.15
SW91.9L,2024-04-15,9943.47
SW91.9L,2024-04-16,10578.67
SW91.9L,2024-04-17,10928.64
SW91.9L,2024-04-18,10971.77
SW91.9L,2024-04-19,10798.43
SW91.9L,2024-04-20,10710.95
SW91.9L,2024-04-21,10798.43
SW91.9L,2024-04-22,10841.97
SW91.9L,2024-04-23,10666.99
SW91.9L,2024-04-24,10666.99
SW91.9L,2024-04-25,10885.37
SW91.9L,2024-04-26,11185.5
SW91.9L,2024-04-27,11437.86
SW91.9L,2024-04-28,11521.02
SW91.9L,2024-04-29,11479.5
SW91.9L,2024-04-30,11437.86
SW91.9L,2024-05-01,11889.63
SW91.9L,2024-05-02,12717.06
SW91.9L,2024-05-03,13208.9
SW91.9L,2024-05-04,13208.9
SW91.9L,2024-05-05,13096.68
SW91.9L,2024-05-06,13320.39
SW91.9L,2024-05-07,13541.22
SW91.9L,2024-05-08,13759.29
SW91.9L,2024-05-09,12810.07
SW91.9L,2024-05-10,13789.43
SW91.9L,2024-05-11,14340.47
SW91.9L,2024-05-12,13789.43
SW91.9L,2024-05-13,13903.18
SW91.9L,2024-05-14,13320.39
SW91.9L,2024-05-15,12793.69
SW91.9L,2024-05-16,12289.05
SW91.9L,2024-05-17,11970.34
SW91.9L,2024-05-18,11767.76
SW91.9L,2024-05-19,11808.49
SW91.9L,2024-05-20,11889.63
SW91.9L,2024-05-21,11889.63
SW91.9L,2024-05-22,12249.56
SW91.9L,2024-05-23,12601.45
SW91.9L,2024-05-24,12831.86
SW91.9L,2024-05-25,13208.9
SW91.9L,2024-05-26,13938.98
SW91.9L,2024-05-27,19073.98
SW91.9L,2024-05-28,19401.54
SW91.9L,2024-05-29,16664.56
SW91.9L,2024-05-30,15478.43
SW91.9L,2024-05-31,14998.44
SW91.9L,2024-06-01,15672.76
SW91.9L,2024-06-02,18321.65
SW91.9L,2024-06-03,20402.72
SW91.9L,2024-06-04,23942.22
SW91.9L,2024-06-05,29152.58
SW91.9L,2024-06-06,33434.98
SW91.9L,2024-06-07,36160.76
SW91.9L,2024-06-08,37726.19
SW91.9L,2024-06-09,37884.75
SW91.9L,2024-06-10,36938.89
SW91.9L,2024-06-11,35698.26
SW91.9L,2024-06-12,33732.02
SW91.9L,2024-06-13,32261.29
SW91.9L,2024-06-14,31683.12
SW91.9L,2024-06-15,31396.2
SW91.9L,2024-06-16,32552.54
SW91.9L,2024-06-17,35391.76
SW91.9L,2024-06-18,39166.47
SW91.9L,2024-06-19,44183.69
SW91.9L,2024-06-20,50462.0
SW91.9L,2024-06-21,55034.71
SW91.9L,2024-06-22,58004.25
SW91.9L,2024-06-23,58406.71
SW91.9L,2024-06-24,56212.19
SW91.9L,2024-06-25,54451.13
SW91.9L,2024-06-26,52720.98
SW91.9L,2024-06-27,52530.64
SW91.9L,2024-06-28,53486.12
SW91.9L,2024-06-29,54451.13
SW91.9L,2024-06-30,55034.71
SW91.9L,2024-07-01,55621.73
SW91.9L,2024-07-02,58810.7
SW91.9L,2024-07-03,64203.04
SW91.9L,2024-07-04,73012.09
SW91.9L,2024-07-05,80271.61
SW91.9L,2024-07-06,83429.34
SW91.9L,2024-07-07,84909.48
SW91.9L,2024-07-08,85406.05
SW91.9L,2024-07-09,84909.48
SW91.9L,2024-07-10,84167.61
SW91.9L,2024-07-11,84167.61
SW91.9L,2024-07-12,86905.38
SW91.9L,2024-07-13,86654.49
SW91.9L,2024-07-14,85406.05
SW91.9L,2024-07-15,84661.79
SW91.9L,2024-07-16,83675.03
SW91.9L,2024-07-17,81478.16
SW91.9L,2024-07-18,79552.45
SW91.9L,2024-07-19,78599.12
SW91.9L,2024-07-20,77888.29
SW91.9L,2024-07-21,76477.32
SW91.9L,2024-07-22,74387.54
SW91.9L,2024-07-23,72556.76
SW91.9L,2024-07-24,70751.14
SW91.9L,2024-07-25,69191.82
SW91.9L,2024-07-26,69413.4
SW91.9L,2024-07-27,69191.82
SW91.9L,2024-07-28,68309.38
SW91.9L,2024-07-29,67215.13
SW91.9L,2024-07-30,66130.62
SW91.9L,2024-07-31,63567.5
SW91.9L,2024-08-01,61889.78
SW91.9L,2024-08-02,63145.74
SW91.9L,2024-08-03,63567.5
SW91.9L,2024-08-04,62725.54
SW91.9L,2024-08-05,62725.54
SW91.9L,2024-08-06,62725.54
SW91.9L,2024-08-07,62306.89
SW91.9L,2024-08-08,63145.74
SW91.9L,2024-08-09,65270.03
SW91.9L,2024-08-10,67433.2
SW91.9L,2024-08-11,69191.82
SW91.9L,2024-08-12,71425.31
SW91.9L,2024-08-13,72784.23
SW91.9L,2024-08-14,73469.0
SW91.9L,2024-08-15,74157.31
SW91.9L,2024-08-16,74849.17
SW91.9L,2024-08-17,75544.58
SW91.9L,2024-08-18,76010.16
SW91.9L,2024-08-19,74387.54
SW91.9L,2024-08-20,72784.23
SW91.9L,2024-08-21,72556.76
SW91.9L,2024-08-22,71876.71
SW91.9L,2024-08-23,71425.31
SW91.9L,2024-08-24,70080.51
SW91.9L,2024-08-25,68529.4
SW91.9L,2024-08-26,68529.4
SW91.9L,2024-08-27,66563.26
SW91.9L,2024-08-28,64203.04
SW91.9L,2024-08-29,62725.54
SW91.9L,2024-08-30,62098.14
SW91.9L,2024-08-31,62098.14
SW91.9L,2024-09-01,61474.22
SW91.9L,2024-09-02,60442.08
SW91.9L,2024-09-03,60442.08
SW91.9L,2024-09-04,60236.81
SW91.9L,2024-09-05,60031.92
SW91.9L,2024-09-06,59827.43
SW91.9L,2024-09-07,59419.58
SW91.9L,2024-09-08,59013.28
SW91.9L,2024-09-09,59013.28
SW91.9L,2024-09-10,57803.6
SW91.9L,2024-09-11,55818.17
SW91.9L,2024-09-12,54063.98
SW91.9L,2024-09-13,52151.11
SW91.9L,2024-09-14,53870.98
SW91.9L,2024-09-15,56607.74
SW91.9L,2024-09-16,55818.17
SW91.9L,2024-09-17,52720.98
SW91.9L,2024-09-18,51961.91
SW91.9L,2024-09-19,52911.69
SW91.9L,2024-09-20,54645.28
SW91.9L,2024-09-21,56212.19
SW91.9L,2024-09-22,57803.6
SW91.9L,2024-09-23,59623.31
SW91.9L,2024-09-24,61060.21
SW91.9L,2024-09-25,62935.45
SW91.9L,2024-09-26,63778.96
SW91.9L,2024-09-27,62306.89
SW91.9L,2024-09-28,62098.14
SW91.9L,2024-09-29,62098.14
SW91.9L,2024-09-30,64203.04
SW91.9L,2024-10-01,65914.89
SW91.9L,2024-10-02,65055.85
SW91.9L,2024-10-03,64203.04
SW91.9L,2024-10-04,65914.89
SW91.9L,2024-10-05,66780.16
SW91.9L,2024-10-06,67433.2
SW91.9L,2024-10-07,68089.75
SW91.9L,2024-10-08,66997.45
SW91.9L,2024-10-09,65055.85
SW91.9L,2024-10-10,63567.5
SW91.9L,2024-10-11,63567.5
SW91.9L,2024-10-12,63567.5
SW91.9L,2024-10-13,62306.89
SW91.9L,2024-10-14,60442.08
SW91.9L,2024-10-15,58205.29
SW91.9L,2024-10-16,56014.99
SW91.9L,2024-10-17,55230.0
SW91.9L,2024-10-18,55034.71
SW91.9L,2024-10-19,53870.98
SW91.9L,2024-10-20,51773.09
SW91.9L,2024-10-21,48439.15
SW91.9L,2024-10-22,45754.18
SW91.9L,2024-10-23,43666.92
SW91.9L,2024-10-24,42136.72
SW91.9L,2024-10-25,42136.72
SW91.9L,2024-10-26,40801.81
SW91.9L,2024-10-27,38202.97
SW91.9L,2024-10-28,36160.76
SW91.9L,2024-10-29,34631.88
SW91.9L,2024-10-30,33583.32
SW91.9L,2024-10-31,32552.54
SW91.9L,2024-11-01,31683.12
SW91.9L,2024-11-02,30685.19
SW91.9L,2024-11-03,30262.9
SW91.9L,2024-11-04,29704.87
SW91.9L,2024-11-05,28878.57
SW91.9L,2024-11-06,28065.12
SW91.9L,2024-11-07,27132.29
SW91.9L,2024-11-08,26087.48
SW91.9L,2024-11-09,24939.09
SW91.9L,2024-11-10,23696.51
SW91.9L,2024-11-11,22608.09
SW91.9L,2024-11-12,21781.03
SW91.9L,2024-11-13,20856.63
SW91.9L,2024-11-14,20402.72
SW91.9L,2024-11-15,20065.9
SW91.9L,2024-11-16,19732.17
SW91.9L,2024-11-17,18965.48
SW91.9L,2024-11-18,18428.1
SW91.9L,2024-11-19,17794.49
SW91.9L,2024-11-20,17070.71
SW91.9L,2024-11-21,16164.46
SW91.9L,2024-11-22,15285.43
SW91.9L,2024-11-23,14903.45
SW91.9L,2024-11-24,14063.46
SW91.9L,2024-11-25,13339.33
SW91.9L,2024-11-26,12810.07
SW91.9L,2024-11-27,13903.18
SW91.9L,2024-11-28,13795.37
SW91.9L,2024-11-29,13686.9
SW91.9L,2024-11-30,13577.75
SW91.9L,2024-12-01,13650.59
SW91.9L,2024-12-02,13723.13
SW91.9L,2024-12-03,13650.59
SW91.9L,2024-12-04,13541.22
SW91.9L,2024-12-05,13283.31
SW91.9L,2024-12-06,13059.1
SW91.9L,2024-12-07,12831.86
SW91.9L,2024-12-08,12601.45
SW91.9L,2024-12-09,12446.01
SW91.9L,2024-12-10,12328.43
SW91.9L,2024-12-11,12170.29
SW91.9L,2024-12-12,11930.04
SW91.9L,2024-12-13,12050.63
SW91.9L,2024-12-14,12209.98
SW91.9L,2024-12-15,12010.54
SW91.9L,2024-12-16,11930.04
SW91.9L,2024-12-17,11849.11
SW91.9L,2024-12-18,11970.34
SW91.9L,2024-12-19,11930.04
SW91.9L,2024-12-20,11726.92
SW91.9L,2024-12-21,11354.22
SW91.9L,2024-12-22,11057.65
SW91.9L,2024-12-23,10666.99
SW91.9L,2024-12-24,10489.76
SW91.9L,2024-12-25,10355.29
SW91.9L,2024-12-26,10219.45
SW91.9L,2024-12-27,9989.88
SW91.9L,2024-12-28,9850.15
SW91.9L,2024-12-29,9850.15
SW91.9L,2024-12-30,9803.22
SW91.9L,2024-12-31,9708.86
SW93.5L,2011-06-01,19867.8
SW93.5L,2011-06-02,20378.68
SW93.5L,2011-06-03,20275.54
SW93.5L,2011-06-04,20070.71
SW93.5L,2011-06-05,20378.68
SW93.5L,2011-06-06,20378.68
SW93.5L,2011-06-07,21221.42
SW93.5L,2011-06-08,24067.22
SW93.5L,2011-06-09,26199.63
SW93.5L,2011-06-10,27398.03
SW93.5L,2011-06-11,29363.31
SW93.5L,2011-06-12,29508.56
SW93.5L,2011-06-13,29363.31
SW93.5L,2011-06-14,28931.52
SW93.5L,2011-06-15,29074.8
SW93.5L,2011-06-16,30846.03
SW93.5L,2011-06-17,33200.34
SW93.5L,2011-06-18,32877.11
SW93.5L,2011-06-19,32239.36
SW93.5L,2011-06-20,31150.76
SW93.5L,2011-06-21,29801.06
SW93.5L,2011-06-22,29074.8
SW93.5L,2011-06-23,28646.93
SW93.5L,2011-06-24,28364.93
SW93.5L,2011-06-25,29218.73
SW93.5L,2011-06-26,29801.06
SW93.5L,2011-06-27,30544.06
SW93.5L,2011-06-28,34021.31
SW93.5L,2011-06-29,37496.54
SW93.5L,2011-06-30,39736.31
SW93.5L,2011-07-01,41696.61
SW93.5L,2011-07-02,42709.95
SW93.5L,2011-07-03,45235.58
SW93.5L,2011-07-04,49050.55
SW93.5L,2011-07-05,54173.58
SW93.5L,2011-07-06,57050.37
SW93.5L,2011-07-07,59508.48
SW93.5L,2011-07-08,61201.23
SW93.5L,2011-07-09,60916.05
SW93.5L,2011-07-10,62645.76
SW93.5L,2011-07-11,61775.31
SW93.5L,2011-07-12,62354.36
SW93.5L,2011-07-13,62938.42
SW93.5L,2011-07-14,63232.35
SW93.5L,2011-07-15,62938.42
SW93.5L,2011-07-16,62938.42
SW93.5L,2011-07-17,64420.79
SW93.5L,2011-07-18,65022.72
SW93.5L,2011-07-19,64121.76
SW93.5L,2011-07-20,66242.23
SW93.5L,2011-07-21,69063.84
SW93.5L,2011-07-22,71996.24
SW93.5L,2011-07-23,72999.01
SW93.5L,2011-07-24,72999.01
SW93.5L,2011-07-25,73336.12
SW93.5L,2011-07-26,72999.01
SW93.5L,2011-07-27,71664.82
SW93.5L,2011-07-28,71006.22
SW93.5L,2011-07-29,71334.82
SW93.5L,2011-07-30,72663.33
SW93.5L,2011-07-31,74699.04
SW93.5L,2011-08-01,76787.37
SW93.5L,2011-08-02,78209.45
SW93.5L,2011-08-03,80756.83
SW93.5L,2011-08-04,81126.94
SW93.5L,2011-08-05,81871.87
SW93.5L,2011-08-06,80756.83
SW93.5L,2011-08-07,78929.58
SW93.5L,2011-08-08,78209.45
SW93.5L,2011-08-09,76787.37
SW93.5L,2011-08-10,77495.39
SW93.5L,2011-08-11,77495.39
SW93.5L,2011-08-12,80021.29
SW93.5L,2011-08-13,81871.87
SW93.5L,2011-08-14,80756.83
SW93.5L,2011-08-15,78568.75
SW93.5L,2011-08-16,77851.66
SW93.5L,2011-08-17,78929.58
SW93.5L,2011-08-18,80388.28
SW93.5L,2011-08-19,82246.71
SW93.5L,2011-08-20,83761.96
SW93.5L,2011-08-21,85303.0
SW93.5L,2011-08-22,85303.0
SW93.5L,2011-08-23,84529.23
SW93.5L,2011-08-24,82623.12
SW93.5L,2011-08-25,81126.94
SW93.5L,2011-08-26,80756.83
SW93.5L,2011-08-27,79655.84
SW93.5L,2011-08-28,79291.94
SW93.5L,2011-08-29,78929.58
SW93.5L,2011-08-30,78929.58
SW93.5L,2011-08-31,79291.94
SW93.5L,2011-09-01,76787.37
SW93.5L,2011-09-02,74699.04
SW93.5L,2011-09-03,73336.12
SW93.5L,2011-09-04,71334.82
SW93.5L,2011-09-05,67796.35
SW93.5L,2011-09-06,63824.01
SW93.5L,2011-09-07,61201.23
SW93.5L,2011-09-08,59230.59
SW93.5L,2011-09-09,57318.78
SW93.5L,2011-09-10,54686.44
SW93.5L,2011-09-11,51188.64
SW93.5L,2011-09-12,49518.42
SW93.5L,2011-09-13,49753.89
SW93.5L,2011-09-14,53161.17
SW93.5L,2011-09-15,56517.03
SW93.5L,2011-09-16,58678.43
SW93.5L,2011-09-17,59230.59
SW93.5L,2011-09-18,59508.48
SW93.5L,2011-09-19,58678.43
SW93.5L,2011-09-20,58953.91
SW93.5L,2011-09-21,61775.31
SW93.5L,2011-09-22,63824.01
SW93.5L,2011-09-23,63824.01
SW93.5L,2011-09-24,62645.76
SW93.5L,2011-09-25,62354.36
SW93.5L,2011-09-26,61487.65
SW93.5L,2011-09-27,61775.31
SW93.5L,2011-09-28,62938.42
SW93.5L,2011-09-29,64721.11
SW93.5L,2011-09-30,67170.7
SW93.5L,2011-10-01,68111.19
SW93.5L,2011-10-02,67482.85
SW93.5L,2011-10-03,65935.38
SW93.5L,2011-10-04,62645.76
SW93.5L,2011-10-05,58404.14
SW93.5L,2011-10-06,53665.17
SW93.5L,2011-10-07,49990.4
SW93.5L,2011-10-08,46549.54
SW93.5L,2011-10-09,43536.96
SW93.5L,2011-10-10,41696.61
SW93.5L,2011-10-11,39928.43
SW93.5L,2011-10-12,38601.4
SW93.5L,2011-10-13,37315.26
SW93.5L,2011-10-14,36598.23
SW93.5L,2011-10-15,35719.86
SW93.5L,2011-10-16,34691.56
SW93.5L,2011-10-17,32877.11
SW93.5L,2011-10-18,31150.76
SW93.5L,2011-10-19,31150.76
SW93.5L,2011-10-20,29948.31
SW93.5L,2011-10-21,28505.61
SW93.5L,2011-10-22,27262.41
SW93.5L,2011-10-23,26726.14
SW93.5L,2011-10-24,26330.35
SW93.5L,2011-10-25,26199.63
SW93.5L,2011-10-26,26461.67
SW93.5L,2011-10-27,26593.6
SW93.5L,2011-10-28,26461.67
SW93.5L,2011-10-29,25049.87
SW93.5L,2011-10-30,24309.48
SW93.5L,2011-10-31,23004.4
SW93.5L,2012-06-01,15351.59
SW93.5L,2012-06-02,16459.97
SW93.5L,2012-06-03,18383.87
SW93.5L,2012-06-04,20339.33
SW93.5L,2012-06-05,21625.95
SW93.5L,2012-06-06,22306.21
SW93.5L,2012-06-07,22720.09
SW93.5L,2012-06-08,25341.91
SW93.5L,2012-06-09,29205.85
SW93.5L,2012-06-10,33853.38
SW93.5L,2012-06-11,36441.06
SW93.5L,2012-06-12,37714.3
SW93.5L,2012-06-13,36391.36
SW93.5L,2012-06-14,33260.13
SW93.5L,2012-06-15,31728.14
SW93.5L,2012-06-16,33230.63
SW93.5L,2012-06-17,36168.15
SW93.5L,2012-06-18,38749.81
SW93.5L,2012-06-19,42184.92
SW93.5L,2012-06-20,44780.91
SW93.5L,2012-06-21,44739.02
SW93.5L,2012-06-22,44509.01
SW93.5L,2012-06-23,43437.63
SW93.5L,2012-06-24,42579.5
SW93.5L,2012-06-25,41472.65
SW93.5L,2012-06-26,42652.26
SW93.5L,2012-06-27,44762.95
SW93.5L,2012-06-28,51174.01
SW93.5L,2012-06-29,56003.82
SW93.5L,2012-06-30,59061.24
SW93.5L,2012-07-01,63598.81
SW93.5L,2012-07-02,66130.4
SW93.5L,2012-07-03,67172.25
SW93.5L,2012-07-04,64849.01
SW93.5L,2012-07-05,60574.76
SW93.5L,2012-07-06,57964.52
SW93.5L,2012-07-07,56162.45
SW93.5L,2012-07-08,54587.57
SW93.5L,2012-07-09,54587.57
SW93.5L,2012-07-10,53500.19
SW93.5L,2012-07-11,51718.95
SW93.5L,2012-07-12,50051.38
SW93.5L,2012-07-13,49918.68
SW93.5L,2012-07-14,50461.38
SW93.5L,2012-07-15,51892.29
SW93.5L,2012-07-16,53794.11
SW93.5L,2012-07-17,56337.23
SW93.5L,2012-07-18,59831.75
SW93.5L,2012-07-19,62076.37
SW93.5L,2012-07-20,63803.37
SW93.5L,2012-07-21,67021.78
SW93.5L,2012-07-22,69467.64
SW93.5L,2012-07-23,70176.86
SW93.5L,2012-07-24,69996.93
SW93.5L,2012-07-25,68878.25
SW93.5L,2012-07-26,67436.04
SW93.5L,2012-07-27,66017.27
SW93.5L,2012-07-28,65150.76
SW93.5L,2012-07-29,64162.26
SW93.5L,2012-07-30,64205.06
SW93.5L,2012-07-31,64935.14
SW93.5L,2012-08-01,63540.43
SW93.5L,2012-08-02,62505.61
SW93.5L,2012-08-03,62294.99
SW93.5L,2012-08-04,62463.46
SW93.5L,2012-08-05,63352.11
SW93.5L,2012-08-06,63692.52
SW93.5L,2012-08-07,62379.19
SW93.5L,2012-08-08,61581.89
SW93.5L,2012-08-09,60541.63
SW93.5L,2012-08-10,59881.12
SW93.5L,2012-08-11,60293.46
SW93.5L,2012-08-12,60087.09
SW93.5L,2012-08-13,59102.08
SW93.5L,2012-08-14,57924.13
SW93.5L,2012-08-15,55766.35
SW93.5L,2012-08-16,55630.91
SW93.5L,2012-08-17,55834.14
SW93.5L,2012-08-18,56003.82
SW93.5L,2012-08-19,55624.15
SW93.5L,2012-08-20,55568.9
SW93.5L,2012-08-21,54889.32
SW93.5L,2012-08-22,53853.89
SW93.5L,2012-08-23,52846.03
SW93.5L,2012-08-24,52120.29
SW93.5L,2012-08-25,51362.48
SW93.5L,2012-08-26,50536.12
SW93.5L,2012-08-27,51634.57
SW93.5L,2012-08-28,52869.04
SW93.5L,2012-08-29,53964.7
SW93.5L,2012-08-30,56412.23
SW93.5L,2012-08-31,58507.37
SW93.5L,2012-09-01,59265.61
SW93.5L,2012-09-02,60087.09
SW93.5L,2012-09-03,60790.38
SW93.5L,2012-09-04,60766.66
SW93.5L,2012-09-05,60660.01
SW93.5L,2012-09-06,59102.08
SW93.5L,2012-09-07,57924.13
SW93.5L,2012-09-08,55732.48
SW93.5L,2012-09-09,54392.48
SW93.5L,2012-09-10,54822.18
SW93.5L,2012-09-11,52234.51
SW93.5L,2012-09-12,48869.42
SW93.5L,2012-09-13,47378.31
SW93.5L,2012-09-14,46977.58
SW93.5L,2012-09-15,47502.01
SW93.5L,2012-09-16,50429.36
SW93.5L,2012-09-17,53191.79
SW93.5L,2012-09-18,56528.26
SW93.5L,2012-09-19,59634.48
SW93.5L,2012-09-20,61408.81
SW93.5L,2012-09-21,62740.78
SW93.5L,2012-09-22,64376.42
SW93.5L,2012-09-23,64462.2
SW93.5L,2012-09-24,66540.29
SW93.5L,2012-09-25,67285.23
SW93.5L,2012-09-26,69682.67
SW93.5L,2012-09-27,73728.64
SW93.5L,2012-09-28,77332.32
SW93.5L,2012-09-29,78689.6
SW93.5L,2012-09-30,78133.61
SW93.5L,2012-10-01,76592.45
SW93.5L,2012-10-02,71671.29
SW93.5L,2012-10-03,65930.33
SW93.5L,2012-10-04,61824.66
SW93.5L,2012-10-05,58653.69
SW93.5L,2012-10-06,54822.18
SW93.5L,2012-10-07,51664.85
SW93.5L,2012-10-08,48811.78
SW93.5L,2012-10-09,47378.31
SW93.5L,2012-10-10,47119.16
SW93.5L,2012-10-11,47667.21
SW93.5L,2012-10-12,46560.4
SW93.5L,2012-10-13,45595.17
SW93.5L,2012-10-14,43575.04
SW93.5L,2012-10-15,41769.4
SW93.5L,2012-10-16,39624.09
SW93.5L,2012-10-17,38396.78
SW93.5L,2012-10-18,37670.86
SW93.5L,2012-10-19,37569.6
SW93.5L,2012-10-20,35419.26
SW93.5L,2012-10-21,31935.43
SW93.5L,2012-10-22,29088.46
SW93.5L,2012-10-23,26443.4
SW93.5L,2012-10-24,24763.59
SW93.5L,2012-10-25,23731.84
SW93.5L,2012-10-26,23025.8
SW93.5L,2012-10-27,22245.71
SW93.5L,2012-10-28,21904.61
SW93.5L,2012-10-29,22031.34
SW93.5L,2012-10-30,21788.92
SW93.5L,2012-10-31,21400.52
SW93.5L,2012-11-01,20586.01
SW93.5L,2012-11-02,20143.87
SW93.5L,2012-11-03,19078.67
SW93.5L,2012-11-04,18015.77
SW93.5L,2012-11-05,16983.21
SW93.5L,2012-11-06,17011.17
SW93.5L,2012-11-07,16329.09
SW93.5L,2012-11-08,15207.64
SW93.5L,2012-11-09,14549.52
SW93.5L,2012-11-10,14000.7
SW93.5L,2012-11-11,14093.94
SW93.5L,2012-11-12,14660.72
SW93.5L,2012-11-13,15468.94
SW93.5L,2012-11-14,15815.73
SW93.5L,2012-11-15,15799.11
SW93.5L,2012-11-16,15584.05
SW93.5L,2012-11-17,15518.22
SW93.5L,2012-11-18,14724.48
SW93.5L,2012-11-19,13753.78
SW93.5L,2012-11-20,12864.65
SW93.5L,2012-11-21,11796.72
SW93.5L,2012-11-22,10847.83
SW93.5L,2012-11-23,10266.13
SW93.5L,2012-11-24,9905.36
SW93.5L,2012-11-25,9564.38
SW93.5L,2012-11-26,9291.52
SW93.5L,2012-11-27,9205.64
SW93.5L,2012-11-28,9168.97
SW93.5L,2012-11-29,9083.74
SW93.5L,2012-11-30,9047.34
SW93.5L,2012-12-01,8940.66
SW93.5L,2012-12-02,8717.58
SW93.5L,2012-12-03,8359.92
SW93.5L,2012-12-04,7896.18
SW93.5L,2012-12-05,7547.21
SW93.5L,2012-12-06,7394.98
SW93.5L,2012-12-07,7044.81
SW93.5L,2012-12-08,6815.54
SW93.5L,2012-12-09,6459.6
SW93.5L,2012-12-10,6553.46
SW93.5L,2012-12-11,6975.57
SW93.5L,2012-12-12,7505.36
SW93.5L,2012-12-13,8016.37
SW93.5L,2012-12-14,8348.34
SW93.5L,2012-12-15,8203.17
SW93.5L,2012-12-16,7922.38
SW93.5L,2012-12-17,6950.5
SW93.5L,2012-12-18,6159.82
SW93.5L,2012-12-19,6057.93
SW93.5L,2012-12-20,5519.95
SW93.5L,2012-12-21,4983.8
SW93.5L,2012-12-22,4329.74
SW93.5L,2012-12-23,4082.24
SW93.5L,2012-12-24,4287.0
SW93.5L,2012-12-25,4506.14
SW93.5L,2012-12-26,4788.79
SW93.5L,2012-12-27,4697.96
SW93.5L,2012-12-28,4875.49
SW93.5L,2012-12-29,5093.46
SW93.5L,2012-12-30,5360.89
SW93.5L,2012-12-31,5277.14
SW93.5L,2013-06-01,24592.91
SW93.5L,2013-06-02,23802.21
SW93.5L,2013-06-03,24592.91
SW93.5L,2013-06-04,24861.97
SW93.5L,2013-06-05,25546.92
SW93.5L,2013-06-06,27264.62
SW93.5L,2013-06-07,30373.57
SW93.5L,2013-06-08,32747.02
SW93.5L,2013-06-09,33456.85
SW93.5L,2013-06-10,33636.58
SW93.5L,2013-06-11,32051.51
SW93.5L,2013-06-12,32224.06
SW93.5L,2013-06-13,32747.02
SW93.5L,2013-06-14,32571.81
SW93.5L,2013-06-15,31709.04
SW93.5L,2013-06-16,30048.15
SW93.5L,2013-06-17,28470.08
SW93.5L,2013-06-18,26825.2
SW93.5L,2013-06-19,25133.83
SW93.5L,2013-06-20,24861.97
SW93.5L,2013-06-21,24861.97
SW93.5L,2013-06-22,24997.55
SW93.5L,2013-06-23,26680.22
SW93.5L,2013-06-24,29249.01
SW93.5L,2013-06-25,33998.78
SW93.5L,2013-06-26,37032.73
SW93.5L,2013-06-27,39896.69
SW93.5L,2013-06-28,40969.57
SW93.5L,2013-06-29,43198.06
SW93.5L,2013-06-30,42743.35
SW93.5L,2013-07-01,43198.06
SW93.5L,2013-07-02,45301.68
SW93.5L,2013-07-03,48004.97
SW93.5L,2013-07-04,50329.98
SW93.5L,2013-07-05,52761.64
SW93.5L,2013-07-06,54444.29
SW93.5L,2013-07-07,55885.29
SW93.5L,2013-07-08,57662.3
SW93.5L,2013-07-09,61060.38
SW93.5L,2013-07-10,63650.22
SW93.5L,2013-07-11,68789.8
SW93.5L,2013-07-12,73940.27
SW93.5L,2013-07-13,76257.9
SW93.5L,2013-07-14,75866.9
SW93.5L,2013-07-15,74705.28
SW93.5L,2013-07-16,73940.27
SW93.5L,2013-07-17,71689.63
SW93.5L,2013-07-18,69863.93
SW93.5L,2013-07-19,68082.44
SW93.5L,2013-07-20,66688.39
SW93.5L,2013-07-21,66001.57
SW93.5L,2013-07-22,69146.09
SW93.5L,2013-07-23,68789.8
SW93.5L,2013-07-24,68435.25
SW93.5L,2013-07-25,68789.8
SW93.5L,2013-07-26,69863.93
SW93.5L,2013-07-27,69504.13
SW93.5L,2013-07-28,70588.85
SW93.5L,2013-07-29,69146.09
SW93.5L,2013-07-30,68789.8
SW93.5L,2013-07-31,66688.39
SW93.5L,2013-08-01,64983.92
SW93.5L,2013-08-02,62993.15
SW93.5L,2013-08-03,61698.29
SW93.5L,2013-08-04,61378.55
SW93.5L,2013-08-05,61698.29
SW93.5L,2013-08-06,64648.03
SW93.5L,2013-08-07,63650.22
SW93.5L,2013-08-08,64648.03
SW93.5L,2013-08-09,64983.92
SW93.5L,2013-08-10,66001.57
SW93.5L,2013-08-11,66688.39
SW93.5L,2013-08-12,66001.57
SW93.5L,2013-08-13,65660.69
SW93.5L,2013-08-14,65321.47
SW93.5L,2013-08-15,64313.79
SW93.5L,2013-08-16,64648.03
SW93.5L,2013-08-17,63981.19
SW93.5L,2013-08-18,63650.22
SW93.5L,2013-08-19,66344.14
SW93.5L,2013-08-20,67381.99
SW93.5L,2013-08-21,70225.5
SW93.5L,2013-08-22,68435.25
SW93.5L,2013-08-23,69863.93
SW93.5L,2013-08-24,68082.44
SW93.5L,2013-08-25,64313.79
SW93.5L,2013-08-26,62342.53
SW93.5L,2013-08-27,61060.38
SW93.5L,2013-08-28,60743.77
SW93.5L,2013-08-29,59803.29
SW93.5L,2013-08-30,59803.29
SW93.5L,2013-08-31,58570.8
SW93.5L,2013-09-01,57662.3
SW93.5L,2013-09-02,59803.29
SW93.5L,2013-09-03,62019.62
SW93.5L,2013-09-04,64313.79
SW93.5L,2013-09-05,66688.39
SW93.5L,2013-09-06,69146.09
SW93.5L,2013-09-07,70953.98
SW93.5L,2013-09-08,77045.65
SW93.5L,2013-09-09,79455.53
SW93.5L,2013-09-10,83204.96
SW93.5L,2013-09-11,86678.27
SW93.5L,2013-09-12,83631.78
SW93.5L,2013-09-13,79864.07
SW93.5L,2013-09-14,73560.56
SW93.5L,2013-09-15,66688.39
SW93.5L,2013-09-16,61698.29
SW93.5L,2013-09-17,57662.3
SW93.5L,2013-09-18,54444.29
SW93.5L,2013-09-19,53877.82
SW93.5L,2013-09-20,49543.35
SW93.5L,2013-09-21,46024.25
SW93.5L,2013-09-22,44121.29
SW93.5L,2013-09-23,41187.4
SW93.5L,2013-10-01,31709.04
SW93.5L,2013-10-02,31709.04
SW93.5L,2013-10-03,31879.84
SW93.5L,2013-10-04,31709.04
SW93.5L,2013-10-05,31201.83
SW93.5L,2013-10-06,31034.48
SW93.5L,2013-10-07,31034.48
SW93.5L,2013-10-08,31201.83
SW93.5L,2013-10-09,30537.53
SW93.5L,2013-10-10,30048.15
SW93.5L,2013-10-11,29886.68
SW93.5L,2013-10-12,31879.84
SW93.5L,2013-10-13,34181.27
SW93.5L,2013-10-14,35866.05
SW93.5L,2013-10-15,34181.27
SW93.5L,2013-10-16,34364.69
SW93.5L,2013-10-17,35675.03
SW93.5L,2013-10-18,36058.04
SW93.5L,2013-10-19,35866.05
SW93.5L,2013-10-20,36251.01
SW93.5L,2013-10-21,36251.01
SW93.5L,2013-10-22,35107.75
SW93.5L,2013-10-23,33100.13
SW93.5L,2013-10-24,30702.34
SW93.5L,2013-10-25,29249.01
SW93.5L,2013-10-26,28164.06
SW93.5L,2013-10-27,28012.22
SW93.5L,2013-10-28,26535.99
SW93.5L,2013-10-29,26249.75
SW93.5L,2013-10-30,25270.82
SW93.5L,2013-10-31,25408.51
SW93.5L,2014-06-01,20877.05
SW93.5L,2014-06-02,21226.73
SW93.5L,2014-06-03,20306.45
SW93.5L,2014-06-04,19750.78
SW93.5L,2014-06-05,19209.66
SW93.5L,2014-06-06,18891.82
SW93.5L,2014-06-07,19316.74
SW93.5L,2014-06-08,19424.39
SW93.5L,2014-06-09,20194.14
SW93.5L,2014-06-10,22064.54
SW93.5L,2014-06-11,24771.82
SW93.5L,2014-06-12,26458.44
SW93.5L,2014-06-13,27947.26
SW93.5L,2014-06-14,28409.3
SW93.5L,2014-06-15,28721.37
SW93.5L,2014-06-16,29515.95
SW93.5L,2014-06-17,30002.73
SW93.5L,2014-06-18,30497.18
SW93.5L,2014-06-19,31168.58
SW93.5L,2014-06-20,31168.58
SW93.5L,2014-06-21,31168.58
SW93.5L,2014-06-22,31338.62
SW93.5L,2014-06-23,30999.42
SW93.5L,2014-06-24,32027.69
SW93.5L,2014-06-25,32731.24
SW93.5L,2014-06-26,35503.36
SW93.5L,2014-06-27,39978.26
SW93.5L,2014-06-28,44035.62
SW93.5L,2014-06-29,45230.71
SW93.5L,2014-06-30,46209.03
SW93.5L,2014-07-01,46209.03
SW93.5L,2014-07-02,45962.57
SW93.5L,2014-07-03,45473.42
SW93.5L,2014-07-04,45962.57
SW93.5L,2014-07-05,45717.37
SW93.5L,2014-07-06,44989.24
SW93.5L,2014-07-07,45473.42
SW93.5L,2014-07-08,44749.0
SW93.5L,2014-07-09,43566.08
SW93.5L,2014-07-10,43800.25
SW93.5L,2014-07-11,43800.25
SW93.5L,2014-07-12,45717.37
SW93.5L,2014-07-13,47207.56
SW93.5L,2014-07-14,47969.96
SW93.5L,2014-07-15,50597.17
SW93.5L,2014-07-16,52517.45
SW93.5L,2014-07-17,51411.78
SW93.5L,2014-07-18,48226.7
SW93.5L,2014-07-19,48484.75
SW93.5L,2014-07-20,47714.53
SW93.5L,2014-07-21,50060.97
SW93.5L,2014-07-22,48484.75
SW93.5L,2014-07-23,47714.53
SW93.5L,2014-07-24,49266.83
SW93.5L,2014-07-25,50328.39
SW93.5L,2014-07-26,51138.87
SW93.5L,2014-07-27,52517.45
SW93.5L,2014-07-28,54797.32
SW93.5L,2014-07-29,55972.43
SW93.5L,2014-07-30,56269.95
SW93.5L,2014-07-31,55088.87
SW93.5L,2014-08-01,51411.78
SW93.5L,2014-08-02,49004.81
SW93.5L,2014-08-03,49266.83
SW93.5L,2014-08-04,50597.17
SW93.5L,2014-08-05,47969.96
SW93.5L,2014-08-06,47207.56
SW93.5L,2014-08-07,45473.42
SW93.5L,2014-08-08,45962.57
SW93.5L,2014-08-09,49004.81
SW93.5L,2014-08-10,50328.39
SW93.5L,2014-08-11,51138.87
SW93.5L,2014-08-12,51961.8
SW93.5L,2014-08-13,54507.25
SW93.5L,2014-08-14,58087.05
SW93.5L,2014-08-15,60597.24
SW93.5L,2014-08-16,63210.9
SW93.5L,2014-08-17,65585.92
SW93.5L,2014-08-18,67334.33
SW93.5L,2014-08-19,71714.07
SW93.5L,2014-08-20,72850.81
SW93.5L,2014-08-21,74393.28
SW93.5L,2014-08-22,77167.99
SW93.5L,2014-08-23,79624.78
SW93.5L,2014-08-24,80041.44
SW93.5L,2014-08-25,81303.98
SW93.5L,2014-08-26,82585.53
SW93.5L,2014-08-27,83886.37
SW93.5L,2014-08-28,84764.45
SW93.5L,2014-08-29,86998.25
SW93.5L,2014-08-30,88825.68
SW93.5L,2014-08-31,90689.77
SW93.5L,2014-09-01,89753.1
SW93.5L,2014-09-02,85206.78
SW93.5L,2014-09-03,78387.19
SW93.5L,2014-09-04,72470.0
SW93.5L,2014-09-05,67689.31
SW93.5L,2014-09-06,64898.78
SW93.5L,2014-09-07,62878.4
SW93.5L,2014-09-08,59329.46
SW93.5L,2014-09-09,56568.98
SW93.5L,2014-09-10,53078.76
SW93.5L,2014-09-11,51411.78
SW93.5L,2014-09-12,51411.78
SW93.5L,2014-09-13,49266.83
SW93.5L,2014-09-14,46956.02
SW93.5L,2014-09-15,46209.03
SW93.5L,2014-09-16,44749.0
SW93.5L,2014-09-17,43800.25
SW93.5L,2014-09-18,43800.25
SW93.5L,2014-09-19,44749.0
SW93.5L,2014-09-20,48484.75
SW93.5L,2014-09-21,48484.75
SW93.5L,2014-09-22,49794.91
SW93.5L,2014-09-23,52797.39
SW93.5L,2014-09-24,55972.43
SW93.5L,2014-09-25,57780.36
SW93.5L,2014-09-26,60597.24
SW93.5L,2014-09-27,60277.89
SW93.5L,2014-09-28,58395.3
SW93.5L,2014-09-29,56869.53
SW93.5L,2014-09-30,55676.42
SW93.5L,2014-10-01,53645.81
SW93.5L,2014-10-02,51411.78
SW93.5L,2014-10-03,49266.83
SW93.5L,2014-10-04,46705.75
SW93.5L,2014-10-05,44272.19
SW93.5L,2014-10-06,42641.32
SW93.5L,2014-10-07,41289.28
SW93.5L,2014-10-08,39978.26
SW93.5L,2014-10-09,37677.37
SW93.5L,2014-10-10,36673.86
SW93.5L,2014-10-11,37677.37
SW93.5L,2014-10-12,37272.86
SW93.5L,2014-10-13,33814.31
SW93.5L,2014-10-14,30999.42
SW93.5L,2014-10-15,28564.93
SW93.5L,2014-10-16,25601.86
SW93.5L,2014-10-17,23705.03
SW93.5L,2014-10-18,22933.9
SW93.5L,2014-10-19,22433.19
SW93.5L,2014-10-20,23316.41
SW93.5L,2014-10-21,23574.81
SW93.5L,2014-10-22,23705.03
SW93.5L,2014-10-23,24099.82
SW93.5L,2014-10-24,23835.93
SW93.5L,2014-10-25,24232.81
SW93.5L,2014-10-26,23705.03
SW93.5L,2014-10-27,23188.24
SW93.5L,2014-10-28,22186.77
SW93.5L,2014-10-29,21109.55
SW93.5L,2014-10-30,20194.14
SW93.5L,2014-10-31,19316.74
SW93.5L,2015-06-01,26545.54
SW93.5L,2015-06-02,27918.57
SW93.5L,2015-06-03,28919.24
SW93.5L,2015-06-04,29803.79
SW93.5L,2015-06-05,29803.79
SW93.5L,2015-06-06,29654.62
SW93.5L,2015-06-07,29654.62
SW93.5L,2015-06-08,30560.35
SW93.5L,2015-06-09,33104.88
SW93.5L,2015-06-10,36026.69
SW93.5L,2015-06-11,38613.8
SW93.5L,2015-06-12,42406.08
SW93.5L,2015-06-13,46320.53
SW93.5L,2015-06-14,48167.53
SW93.5L,2015-06-15,48877.89
SW93.5L,2015-06-16,49598.12
SW93.5L,2015-06-17,47699.38
SW93.5L,2015-06-18,43248.0
SW93.5L,2015-06-19,44540.48
SW93.5L,2015-06-20,46320.53
SW93.5L,2015-06-21,47932.91
SW93.5L,2015-06-22,48640.01
SW93.5L,2015-06-23,46320.53
SW93.5L,2015-06-24,44105.66
SW93.5L,2015-06-25,42406.08
SW93.5L,2015-06-26,42615.1
SW93.5L,2015-06-27,43460.93
SW93.5L,2015-06-28,43889.75
SW93.5L,2015-06-29,43674.84
SW93.5L,2015-06-30,43036.05
SW93.5L,2015-07-01,43248.0
SW93.5L,2015-07-02,43248.0
SW93.5L,2015-07-03,42825.09
SW93.5L,2015-07-04,42615.1
SW93.5L,2015-07-05,43674.84
SW93.5L,2015-07-06,44759.41
SW93.5L,2015-07-07,46094.41
SW93.5L,2015-07-08,46775.92
SW93.5L,2015-07-09,49598.12
SW93.5L,2015-07-10,49356.94
SW93.5L,2015-07-11,47699.38
SW93.5L,2015-07-12,44759.41
SW93.5L,2015-07-13,42406.08
SW93.5L,2015-07-14,41375.42
SW93.5L,2015-07-15,40567.95
SW93.5L,2015-07-16,40169.81
SW93.5L,2015-07-17,40768.41
SW93.5L,2015-07-18,42406.08
SW93.5L,2015-07-19,44979.35
SW93.5L,2015-07-20,46320.53
SW93.5L,2015-07-21,46547.7
SW93.5L,2015-07-22,46320.53
SW93.5L,2015-07-23,46775.92
SW93.5L,2015-07-24,46320.53
SW93.5L,2015-07-25,45422.28
SW93.5L,2015-07-26,43674.84
SW93.5L,2015-07-27,43674.84
SW93.5L,2015-07-28,44540.48
SW93.5L,2015-07-29,43889.75
SW93.5L,2015-07-30,43460.93
SW93.5L,2015-07-31,45422.28
SW93.5L,2015-08-01,50328.36
SW93.5L,2015-08-02,49840.42
SW93.5L,2015-08-03,47932.91
SW93.5L,2015-08-04,47235.52
SW93.5L,2015-08-05,47235.52
SW93.5L,2015-08-06,46320.53
SW93.5L,2015-08-07,45200.3
SW93.5L,2015-08-08,43460.93
SW93.5L,2015-08-09,42406.08
SW93.5L,2015-08-10,41579.64
SW93.5L,2015-08-11,40969.81
SW93.5L,2015-08-12,42406.08
SW93.5L,2015-08-13,43460.93
SW93.5L,2015-08-14,43248.0
SW93.5L,2015-08-15,43889.75
SW93.5L,2015-08-16,45200.3
SW93.5L,2015-08-17,46320.53
SW93.5L,2015-08-18,47932.91
SW93.5L,2015-08-19,49598.12
SW93.5L,2015-08-20,51317.79
SW93.5L,2015-08-21,54397.31
SW93.5L,2015-08-22,59632.1
SW93.5L,2015-08-23,65969.3
SW93.5L,2015-08-24,71901.55
SW93.5L,2015-08-25,76132.11
SW93.5L,2015-08-26,79457.94
SW93.5L,2015-08-27,81750.77
SW93.5L,2015-08-28,82920.45
SW93.5L,2015-08-29,82920.45
SW93.5L,2015-08-30,82138.92
SW93.5L,2015-08-31,81364.35
SW93.5L,2015-09-01,81750.77
SW93.5L,2015-09-02,82528.81
SW93.5L,2015-09-03,81750.77
SW93.5L,2015-09-04,82528.81
SW93.5L,2015-09-05,82920.45
SW93.5L,2015-09-06,82528.81
SW93.5L,2015-09-07,82138.92
SW93.5L,2015-09-08,81750.77
SW93.5L,2015-09-09,79835.82
SW93.5L,2015-09-10,76132.11
SW93.5L,2015-09-11,71901.55
SW93.5L,2015-09-12,67893.42
SW93.5L,2015-09-13,63179.3
SW93.5L,2015-09-14,59920.36
SW93.5L,2015-09-15,58775.12
SW93.5L,2015-09-16,57095.88
SW93.5L,2015-09-17,52325.54
SW93.5L,2015-09-18,48403.23
SW93.5L,2015-09-19,46094.41
SW93.5L,2015-09-20,48167.53
SW93.5L,2015-09-21,47932.91
SW93.5L,2015-09-22,45869.34
SW93.5L,2015-09-23,44540.48
SW93.5L,2015-09-24,44979.35
SW93.5L,2015-09-25,44979.35
SW93.5L,2015-09-26,45645.29
SW93.5L,2015-09-27,46547.7
SW93.5L,2015-09-28,47466.91
SW93.5L,2015-09-29,48167.53
SW93.5L,2015-09-30,49116.86
SW93.5L,2015-10-01,48403.23
SW93.5L,2015-10-02,46320.53
SW93.5L,2015-10-03,43460.93
SW93.5L,2015-10-04,39579.5
SW93.5L,2015-10-05,36566.91
SW93.5L,2015-10-06,34450.84
SW93.5L,2015-10-07,32776.23
SW93.5L,2015-10-08,32776.23
SW93.5L,2015-10-09,31650.0
SW93.5L,2015-10-10,30713.82
SW93.5L,2015-10-11,29506.14
SW93.5L,2015-10-12,28486.31
SW93.5L,2015-10-13,28343.36
SW93.5L,2015-10-14,28201.09
SW93.5L,2015-10-15,27361.51
SW93.5L,2015-10-16,26146.22
SW93.5L,2015-10-17,24981.97
SW93.5L,2015-10-18,23988.29
SW93.5L,2015-10-19,22798.58
SW93.5L,2015-10-20,21887.11
SW93.5L,2015-10-21,20796.08
SW93.5L,2015-10-22,20063.09
SW93.5L,2015-10-23,19554.53
SW93.5L,2015-10-24,19354.53
SW93.5L,2015-10-25,19354.53
SW93.5L,2015-10-26,19554.53
SW93.5L,2015-10-27,20166.29
SW93.5L,2015-10-28,20478.9
SW93.5L,2015-10-29,20269.99
SW93.5L,2015-10-30,19454.29
SW93.5L,2015-10-31,18960.3
SW93.5L,2016-06-01,22883.68
SW93.5L,2016-06-02,22883.68
SW93.5L,2016-06-03,23458.79
SW93.5L,2016-06-04,24347.02
SW93.5L,2016-06-05,24347.02
SW93.5L,2016-06-06,23604.68
SW93.5L,2016-06-07,23026.2
SW93.5L,2016-06-08,22741.99
SW93.5L,2016-06-09,22321.85
SW93.5L,2016-06-10,20973.56
SW93.5L,2016-06-11,19950.5
SW93.5L,2016-06-12,20328.51
SW93.5L,2016-06-13,19950.5
SW93.5L,2016-06-14,19094.04
SW93.5L,2016-06-15,19335.14
SW93.5L,2016-06-16,20584.26
SW93.5L,2016-06-17,25266.83
SW93.5L,2016-06-18,29463.11
SW93.5L,2016-06-19,31128.18
SW93.5L,2016-06-20,31510.03
SW93.5L,2016-06-21,31702.6
SW93.5L,2016-06-22,31702.6
SW93.5L,2016-06-23,33486.32
SW93.5L,2016-06-24,37566.73
SW93.5L,2016-06-25,41361.31
SW93.5L,2016-06-26,45514.48
SW93.5L,2016-06-27,50057.85
SW93.5L,2016-06-28,53425.39
SW93.5L,2016-06-29,50955.9
SW93.5L,2016-06-30,48019.99
SW93.5L,2016-07-01,46335.65
SW93.5L,2016-07-02,47170.74
SW93.5L,2016-07-03,50654.88
SW93.5L,2016-07-04,51869.09
SW93.5L,2016-07-05,50955.9
SW93.5L,2016-07-06,53110.66
SW93.5L,2016-07-07,54380.16
SW93.5L,2016-07-08,55678.18
SW93.5L,2016-07-09,58362.18
SW93.5L,2016-07-10,59051.95
SW93.5L,2016-07-11,58362.18
SW93.5L,2016-07-12,57341.72
SW93.5L,2016-07-13,55350.97
SW93.5L,2016-07-14,52797.67
SW93.5L,2016-07-15,52797.67
SW93.5L,2016-07-16,54380.16
SW93.5L,2016-07-17,55350.97
SW93.5L,2016-07-18,56007.21
SW93.5L,2016-07-19,58362.18
SW93.5L,2016-07-20,61888.52
SW93.5L,2016-07-21,65232.78
SW93.5L,2016-07-22,70364.76
SW93.5L,2016-07-23,75001.61
SW93.5L,2016-07-24,80387.26
SW93.5L,2016-07-25,85641.95
SW93.5L,2016-07-26,90179.95
SW93.5L,2016-07-27,91218.67
SW93.5L,2016-07-28,94943.55
SW93.5L,2016-07-29,101087.42
SW93.5L,2016-07-30,105788.63
SW93.5L,2016-07-31,110070.24
SW93.5L,2016-08-01,111323.19
SW93.5L,2016-08-02,109448.75
SW93.5L,2016-08-03,105189.92
SW93.5L,2016-08-04,101664.13
SW93.5L,2016-08-05,97691.31
SW93.5L,2016-08-06,92268.64
SW93.5L,2016-08-07,85641.95
SW93.5L,2016-08-08,77650.5
SW93.5L,2016-08-09,72018.75
SW93.5L,2016-08-10,70364.76
SW93.5L,2016-08-11,62251.98
SW93.5L,2016-08-12,58020.14
SW93.5L,2016-08-13,55678.18
SW93.5L,2016-08-14,53741.88
SW93.5L,2016-08-15,53425.39
SW93.5L,2016-08-16,54380.16
SW93.5L,2016-08-17,60101.01
SW93.5L,2016-08-18,63725.98
SW93.5L,2016-08-19,61888.52
SW93.5L,2016-08-20,61167.6
SW93.5L,2016-08-21,63354.43
SW93.5L,2016-08-22,63725.98
SW93.5L,2016-08-23,61527.07
SW93.5L,2016-08-24,60101.01
SW93.5L,2016-08-25,59399.71
SW93.5L,2016-08-26,58362.18
SW93.5L,2016-08-27,57341.72
SW93.5L,2016-08-28,57679.99
SW93.5L,2016-08-29,57679.99
SW93.5L,2016-08-30,58362.18
SW93.5L,2016-08-31,59051.95
SW93.5L,2016-09-01,59399.71
SW93.5L,2016-09-02,58706.11
SW93.5L,2016-09-03,59749.39
SW93.5L,2016-09-04,58706.11
SW93.5L,2016-09-05,58362.18
SW93.5L,2016-09-06,57341.72
SW93.5L,2016-09-07,55025.57
SW93.5L,2016-09-08,53425.39
SW93.5L,2016-09-09,51563.0
SW93.5L,2016-09-10,50955.9
SW93.5L,2016-09-11,50355.53
SW93.5L,2016-09-12,50955.9
SW93.5L,2016-09-13,52486.42
SW93.5L,2016-09-14,54701.97
SW93.5L,2016-09-15,57679.99
SW93.5L,2016-09-16,60101.01
SW93.5L,2016-09-17,59051.95
SW93.5L,2016-09-18,57341.72
SW93.5L,2016-09-19,55025.57
SW93.5L,2016-09-20,53741.88
SW93.5L,2016-09-21,51869.09
SW93.5L,2016-09-22,48883.6
SW93.5L,2016-09-23,46890.82
SW93.5L,2016-09-24,46335.65
SW93.5L,2016-09-25,44707.03
SW93.5L,2016-09-26,44707.03
SW93.5L,2016-09-27,45514.48
SW93.5L,2016-09-28,46612.46
SW93.5L,2016-09-29,48883.6
SW93.5L,2016-09-30,51258.6
SW93.5L,2016-10-01,53110.66
SW93.5L,2016-10-02,55025.57
SW93.5L,2016-10-03,55678.18
SW93.5L,2016-10-04,55350.97
SW93.5L,2016-10-05,53741.88
SW93.5L,2016-10-06,51258.6
SW93.5L,2016-10-07,48594.12
SW93.5L,2016-10-08,43913.07
SW93.5L,2016-10-09,40867.99
SW93.5L,2016-10-10,38483.39
SW93.5L,2016-10-11,38252.28
SW93.5L,2016-10-12,40138.4
SW93.5L,2016-10-13,37793.95
SW93.5L,2016-10-14,38483.39
SW93.5L,2016-10-15,41610.06
SW93.5L,2016-10-16,44707.03
SW93.5L,2016-10-17,46612.46
SW93.5L,2016-10-18,48019.99
SW93.5L,2016-10-19,47735.32
SW93.5L,2016-10-20,46060.39
SW93.5L,2016-10-21,41610.06
SW93.5L,2016-10-22,36670.65
SW93.5L,2016-10-23,32682.2
SW93.5L,2016-10-24,29643.89
SW93.5L,2016-10-25,27541.82
SW93.5L,2016-10-26,26708.06
SW93.5L,2016-10-27,25898.09
SW93.5L,2016-10-28,24956.65
SW93.5L,2016-10-29,24196.81
SW93.5L,2016-10-30,23899.02
SW93.5L,2016-10-31,22741.99
SW93.5L,2017-06-01,24252.26
SW93.5L,2017-06-02,24521.87
SW93.5L,2017-06-03,24118.45
SW93.5L,2017-06-04,24252.26
SW93.5L,2017-06-05,25069.15
SW93.5L,2017-06-06,26196.58
SW93.5L,2017-06-07,30344.03
SW93.5L,2017-06-08,34513.27
SW93.5L,2017-06-09,37372.12
SW93.5L,2017-06-10,38169.38
SW93.5L,2017-06-11,37570.02
SW93.5L,2017-06-12,40440.82
SW93.5L,2017-06-13,34882.79
SW93.5L,2017-06-14,32023.08
SW93.5L,2017-06-15,31005.96
SW93.5L,2017-06-16,31510.85
SW93.5L,2017-06-17,31341.75
SW93.5L,2017-06-18,31341.75
SW93.5L,2017-06-19,33425.61
SW93.5L,2017-06-20,36589.78
SW93.5L,2017-06-21,40440.82
SW93.5L,2017-06-22,44419.27
SW93.5L,2017-06-23,45584.76
SW93.5L,2017-06-24,47262.36
SW93.5L,2017-06-25,47751.71
SW93.5L,2017-06-26,48994.94
SW93.5L,2017-06-27,47751.71
SW93.5L,2017-06-28,46536.75
SW93.5L,2017-06-29,44419.27
SW93.5L,2017-06-30,43506.14
SW93.5L,2017-07-01,43055.9
SW93.5L,2017-07-02,44882.23
SW93.5L,2017-07-03,45584.76
SW93.5L,2017-07-04,47262.36
SW93.5L,2017-07-05,48994.94
SW93.5L,2017-07-06,51044.37
SW93.5L,2017-07-07,56507.22
SW93.5L,2017-07-08,59729.41
SW93.5L,2017-07-09,63430.98
SW93.5L,2017-07-10,65683.69
SW93.5L,2017-07-11,69025.92
SW93.5L,2017-07-12,72519.36
SW93.5L,2017-07-13,76919.55
SW93.5L,2017-07-14,81954.37
SW93.5L,2017-07-15,83967.94
SW93.5L,2017-07-16,84375.92
SW93.5L,2017-07-17,81954.37
SW93.5L,2017-07-18,76170.01
SW93.5L,2017-07-19,73236.72
SW93.5L,2017-07-20,70753.37
SW93.5L,2017-07-21,67671.21
SW93.5L,2017-07-22,63748.51
SW93.5L,2017-07-23,60332.6
SW93.5L,2017-07-24,61247.59
SW93.5L,2017-07-25,62800.16
SW93.5L,2017-07-26,61555.33
SW93.5L,2017-07-27,57952.07
SW93.5L,2017-07-28,55655.85
SW93.5L,2017-07-29,52363.86
SW93.5L,2017-07-30,50524.96
SW93.5L,2017-07-31,50267.03
SW93.5L,2017-08-01,51568.56
SW93.5L,2017-08-02,52097.55
SW93.5L,2017-08-03,52363.86
SW93.5L,2017-08-04,51832.45
SW93.5L,2017-08-05,52097.55
SW93.5L,2017-08-06,53713.75
SW93.5L,2017-08-07,55655.85
SW93.5L,2017-08-08,56222.14
SW93.5L,2017-08-09,57660.48
SW93.5L,2017-08-10,58244.97
SW93.5L,2017-08-11,62486.86
SW93.5L,2017-08-12,65032.87
SW93.5L,2017-08-13,70404.82
SW93.5L,2017-08-14,81556.87
SW93.5L,2017-08-15,91149.14
SW93.5L,2017-08-16,97470.05
SW93.5L,2017-08-17,103196.78
SW93.5L,2017-08-18,106171.4
SW93.5L,2017-08-19,106674.55
SW93.5L,2017-08-20,104674.64
SW93.5L,2017-08-21,104179.93
SW93.5L,2017-08-22,100775.08
SW93.5L,2017-08-23,100775.08
SW93.5L,2017-08-24,98874.43
SW93.5L,2017-08-25,95625.27
SW93.5L,2017-08-26,91588.16
SW93.5L,2017-08-27,87281.76
SW93.5L,2017-08-28,83157.27
SW93.5L,2017-08-29,80374.7
SW93.5L,2017-08-30,73960.41
SW93.5L,2017-08-31,69368.36
SW93.5L,2017-09-01,66340.32
SW93.5L,2017-09-02,63748.51
SW93.5L,2017-09-03,62486.86
SW93.5L,2017-09-04,61555.33
SW93.5L,2017-09-05,61247.59
SW93.5L,2017-09-06,61247.59
SW93.5L,2017-09-07,61247.59
SW93.5L,2017-09-08,62486.86
SW93.5L,2017-09-09,63430.98
SW93.5L,2017-09-10,65032.87
SW93.5L,2017-09-11,64067.45
SW93.5L,2017-09-12,63114.87
SW93.5L,2017-09-13,61555.33
SW93.5L,2017-09-14,58539.19
SW93.5L,2017-09-15,56222.14
SW93.5L,2017-09-16,54538.53
SW93.5L,2017-09-17,53987.43
SW93.5L,2017-09-18,53987.43
SW93.5L,2017-09-19,54815.96
SW93.5L,2017-09-20,55938.36
SW93.5L,2017-09-21,54538.53
SW93.5L,2017-09-22,51305.87
SW93.5L,2017-09-23,48994.94
SW93.5L,2017-09-24,46777.51
SW93.5L,2017-09-25,44882.23
SW93.5L,2017-09-26,42832.34
SW93.5L,2017-09-27,41512.66
SW93.5L,2017-09-28,41080.92
SW93.5L,2017-09-29,43732.84
SW93.5L,2017-09-30,43506.14
SW93.5L,2017-10-01,42609.82
SW93.5L,2017-10-02,43280.5
SW93.5L,2017-10-03,44882.23
SW93.5L,2017-10-04,45821.11
SW93.5L,2017-10-05,45349.5
SW93.5L,2017-10-06,46058.56
SW93.5L,2017-10-07,46777.51
SW93.5L,2017-10-08,47998.07
SW93.5L,2017-10-09,49500.28
SW93.5L,2017-10-10,47506.47
SW93.5L,2017-10-11,43960.59
SW93.5L,2017-10-12,40866.55
SW93.5L,2017-10-13,38777.26
SW93.5L,2017-10-14,36204.13
SW93.5L,2017-10-15,35632.46
SW93.5L,2017-10-16,34513.27
SW93.5L,2017-10-17,33965.55
SW93.5L,2017-10-18,34697.59
SW93.5L,2017-10-19,36012.66
SW93.5L,2017-10-20,39601.23
SW93.5L,2017-10-21,47506.47
SW93.5L,2017-10-22,42388.34
SW93.5L,2017-10-23,39187.31
SW93.5L,2017-10-24,36783.98
SW93.5L,2017-10-25,33965.55
SW93.5L,2017-10-26,31851.52
SW93.5L,2017-10-27,30508.31
SW93.5L,2017-10-28,30017.82
SW93.5L,2017-10-29,29855.89
SW93.5L,2017-10-30,29374.79
SW93.5L,2017-10-31,29534.38
SW93.5L,2018-06-01,22168.33
SW93.5L,2018-06-02,22761.6
SW93.5L,2018-06-03,22695.08
SW93.5L,2018-06-04,23777.88
SW93.5L,2018-06-05,23777.88
SW93.5L,2018-06-06,23029.22
SW93.5L,2018-06-07,22364.73
SW93.5L,2018-06-08,21843.99
SW93.5L,2018-06-09,21587.2
SW93.5L,2018-06-10,21332.78
SW93.5L,2018-06-11,21459.7
SW93.5L,2018-06-12,22299.11
SW93.5L,2018-06-13,23299.3
SW93.5L,2018-06-14,23503.47
SW93.5L,2018-06-15,23777.88
SW93.5L,2018-06-16,24054.77
SW93.5L,2018-06-17,24194.16
SW93.5L,2018-06-18,24545.4
SW93.5L,2018-06-19,25696.2
SW93.5L,2018-06-20,26888.71
SW93.5L,2018-06-21,28360.49
SW93.5L,2018-06-22,29159.97
SW93.5L,2018-06-23,29648.04
SW93.5L,2018-06-24,29648.04
SW93.5L,2018-06-25,29403.21
SW93.5L,2018-06-26,29159.97
SW93.5L,2018-06-27,29976.94
SW93.5L,2018-06-28,30643.3
SW93.5L,2018-06-29,29894.45
SW93.5L,2018-06-30,29240.88
SW93.5L,2018-07-01,28918.3
SW93.5L,2018-07-02,29159.97
SW93.5L,2018-07-03,29648.04
SW93.5L,2018-07-04,30392.08
SW93.5L,2018-07-05,31065.62
SW93.5L,2018-07-06,32010.71
SW93.5L,2018-07-07,33786.47
SW93.5L,2018-07-08,35074.6
SW93.5L,2018-07-09,36208.96
SW93.5L,2018-07-10,36593.38
SW93.5L,2018-07-11,36400.77
SW93.5L,2018-07-12,36113.35
SW93.5L,2018-07-13,35922.72
SW93.5L,2018-07-14,35732.88
SW93.5L,2018-07-15,36017.94
SW93.5L,2018-07-16,36496.98
SW93.5L,2018-07-17,36400.77
SW93.5L,2018-07-18,35638.26
SW93.5L,2018-07-19,34702.72
SW93.5L,2018-07-20,33786.47
SW93.5L,2018-07-21,34150.67
SW93.5L,2018-07-22,34333.92
SW93.5L,2018-07-23,33515.31
SW93.5L,2018-07-24,32889.23
SW93.5L,2018-07-25,32978.11
SW93.5L,2018-07-26,32712.04
SW93.5L,2018-07-27,32535.59
SW93.5L,2018-07-28,32359.89
SW93.5L,2018-07-29,32800.54
SW93.5L,2018-07-30,32978.11
SW93.5L,2018-07-31,33335.49
SW93.5L,2018-08-01,33877.23
SW93.5L,2018-08-02,34333.92
SW93.5L,2018-08-03,35168.06
SW93.5L,2018-08-04,36496.98
SW93.5L,2018-08-05,36980.98
SW93.5L,2018-08-06,37371.78
SW93.5L,2018-08-07,38563.55
SW93.5L,2018-08-08,39579.2
SW93.5L,2018-08-09,40094.79
SW93.5L,2018-08-10,40094.79
SW93.5L,2018-08-11,40094.79
SW93.5L,2018-08-12,40094.79
SW93.5L,2018-08-13,40198.54
SW93.5L,2018-08-14,39887.93
SW93.5L,2018-08-15,40615.62
SW93.5L,2018-08-16,40720.41
SW93.5L,2018-08-17,39579.2
SW93.5L,2018-08-18,38463.12
SW93.5L,2018-08-19,37864.8
SW93.5L,2018-08-20,37964.01
SW93.5L,2018-08-21,37765.79
SW93.5L,2018-08-22,37273.78
SW93.5L,2018-08-23,36786.78
SW93.5L,2018-08-24,36113.35
SW93.5L,2018-08-25,35827.7
SW93.5L,2018-08-26,36113.35
SW93.5L,2018-08-27,36786.78
SW93.5L,2018-08-28,37078.38
SW93.5L,2018-08-29,37175.98
SW93.5L,2018-08-30,37078.38
SW93.5L,2018-08-31,36786.78
SW93.5L,2018-09-01,36980.98
SW93.5L,2018-09-02,37568.38
SW93.5L,2018-09-03,37964.01
SW93.5L,2018-09-04,37568.38
SW93.5L,2018-09-05,37864.8
SW93.5L,2018-09-06,39272.34
SW93.5L,2018-09-07,39887.93
SW93.5L,2018-09-08,40198.54
SW93.5L,2018-09-09,40198.54
SW93.5L,2018-09-10,40511.03
SW93.5L,2018-09-11,40615.62
SW93.5L,2018-09-12,40825.42
SW93.5L,2018-09-13,41353.63
SW93.5L,2018-09-14,42209.86
SW93.5L,2018-09-15,42534.49
SW93.5L,2018-09-16,42861.07
SW93.5L,2018-09-17,43189.6
SW93.5L,2018-09-18,43963.83
SW93.5L,2018-09-19,44187.02
SW93.5L,2018-09-20,44411.09
SW93.5L,2018-09-21,44748.86
SW93.5L,2018-09-22,42751.99
SW93.5L,2018-09-23,40094.79
SW93.5L,2018-09-24,37666.98
SW93.5L,2018-09-25,35355.55
SW93.5L,2018-09-26,33605.51
SW93.5L,2018-09-27,32097.72
SW93.5L,2018-09-28,31750.76
SW93.5L,2018-09-29,31578.38
SW93.5L,2018-09-30,31150.62
SW93.5L,2018-10-01,30475.64
SW93.5L,2018-10-02,28918.3
SW93.5L,2018-10-03,27889.09
SW93.5L,2018-10-04,27346.88
SW93.5L,2018-10-05,26737.33
SW93.5L,2018-10-06,26586.62
SW93.5L,2018-10-07,26511.51
SW93.5L,2018-10-08,26361.79
SW93.5L,2018-10-09,27117.04
SW93.5L,2018-10-10,27193.49
SW93.5L,2018-10-11,27423.83
SW93.5L,2018-10-12,27117.04
SW93.5L,2018-10-13,26212.73
SW93.5L,2018-10-14,25332.14
SW93.5L,2018-10-15,23503.47
SW93.5L,2018-10-16,22364.73
SW93.5L,2018-10-17,21396.16
SW93.5L,2018-10-18,20706.95
SW93.5L,2018-10-19,20706.95
SW93.5L,2018-10-20,20830.96
SW93.5L,2018-10-21,21143.5
SW93.5L,2018-10-22,21396.16
SW93.5L,2018-10-23,21843.99
SW93.5L,2018-10-24,21843.99
SW93.5L,2018-10-25,21715.3
SW93.5L,2018-10-26,21459.7
SW93.5L,2018-10-27,21080.7
SW93.5L,2018-10-28,20893.18
SW93.5L,2018-10-29,20399.47
SW93.5L,2018-10-30,20156.06
SW93.5L,2018-10-31,19795.2
SW93.5L,2019-06-01,20867.48
SW93.5L,2019-06-02,21501.97
SW93.5L,2019-06-03,22710.85
SW93.5L,2019-06-04,23395.91
SW93.5L,2019-06-05,24099.67
SW93.5L,2019-06-06,23051.07
SW93.5L,2019-06-07,22598.46
SW93.5L,2019-06-08,22044.03
SW93.5L,2019-06-09,21288.56
SW93.5L,2019-06-10,20250.02
SW93.5L,2019-06-11,19452.52
SW93.5L,2019-06-12,18968.66
SW93.5L,2019-06-13,19257.65
SW93.5L,2019-06-14,19847.64
SW93.5L,2019-06-15,21395.02
SW93.5L,2019-06-16,22486.57
SW93.5L,2019-06-17,23862.98
SW93.5L,2019-06-18,24822.58
SW93.5L,2019-06-19,24458.7
SW93.5L,2019-06-20,24822.58
SW93.5L,2019-06-21,26327.73
SW93.5L,2019-06-22,27243.5
SW93.5L,2019-06-23,26586.49
SW93.5L,2019-06-24,26847.55
SW93.5L,2019-06-25,27915.21
SW93.5L,2019-06-26,27510.41
SW93.5L,2019-06-27,27779.68
SW93.5L,2019-06-28,28325.42
SW93.5L,2019-06-29,30903.62
SW93.5L,2019-06-30,32896.08
SW93.5L,2019-07-01,36189.71
SW93.5L,2019-07-02,39406.76
SW93.5L,2019-07-03,39967.47
SW93.5L,2019-07-04,38306.69
SW93.5L,2019-07-05,37946.24
SW93.5L,2019-07-06,38670.24
SW93.5L,2019-07-07,37946.24
SW93.5L,2019-07-08,35339.4
SW93.5L,2019-07-09,35847.38
SW93.5L,2019-07-10,35847.38
SW93.5L,2019-07-11,37411.33
SW93.5L,2019-07-12,39779.77
SW93.5L,2019-07-13,45560.73
SW93.5L,2019-07-14,51617.36
SW93.5L,2019-07-15,58130.82
SW93.5L,2019-07-16,65381.36
SW93.5L,2019-07-17,70871.41
SW93.5L,2019-07-18,79190.89
SW93.5L,2019-07-19,83858.38
SW93.5L,2019-07-20,88386.88
SW93.5L,2019-07-21,88774.09
SW93.5L,2019-07-22,87234.43
SW93.5L,2019-07-23,83124.44
SW93.5L,2019-07-24,78147.82
SW93.5L,2019-07-25,76437.04
SW93.5L,2019-07-26,76776.45
SW93.5L,2019-07-27,77802.91
SW93.5L,2019-07-28,75092.96
SW93.5L,2019-07-29,73770.35
SW93.5L,2019-07-30,70871.41
SW93.5L,2019-07-31,68076.2
SW93.5L,2019-08-01,64795.81
SW93.5L,2019-08-02,62783.66
SW93.5L,2019-08-03,60553.58
SW93.5L,2019-08-04,58928.45
SW93.5L,2019-08-05,58130.82
SW93.5L,2019-08-06,57342.99
SW93.5L,2019-08-07,57604.52
SW93.5L,2019-08-08,61659.47
SW93.5L,2019-08-09,55796.32
SW93.5L,2019-08-10,51617.36
SW93.5L,2019-08-11,48840.73
SW93.5L,2019-08-12,48391.36
SW93.5L,2019-08-13,50910.1
SW93.5L,2019-08-14,50443.49
SW93.5L,2019-08-15,49521.88
SW93.5L,2019-08-16,48391.36
SW93.5L,2019-08-17,47945.75
SW93.5L,2019-08-18,47065.67
SW93.5L,2019-08-19,46631.15
SW93.5L,2019-08-20,46200.28
SW93.5L,2019-08-21,45349.34
SW93.5L,2019-08-22,44720.49
SW93.5L,2019-08-23,45560.73
SW93.5L,2019-08-24,46631.15
SW93.5L,2019-08-25,48391.36
SW93.5L,2019-08-26,49750.84
SW93.5L,2019-08-27,50211.64
SW93.5L,2019-08-28,50676.3
SW93.5L,2019-08-29,51144.87
SW93.5L,2019-08-30,50443.49
SW93.5L,2019-08-31,48840.73
SW93.5L,2019-09-01,47065.67
SW93.5L,2019-09-02,46200.28
SW93.5L,2019-09-03,46631.15
SW93.5L,2019-09-04,47945.75
SW93.5L,2019-09-05,46415.26
SW93.5L,2019-09-06,45773.01
SW93.5L,2019-09-07,43689.98
SW93.5L,2019-09-08,42283.43
SW93.5L,2019-09-09,40726.34
SW93.5L,2019-09-10,39406.76
SW93.5L,2019-09-11,39036.92
SW93.5L,2019-09-12,40155.97
SW93.5L,2019-09-13,40535.41
SW93.5L,2019-09-14,40918.09
SW93.5L,2019-09-15,40726.34
SW93.5L,2019-09-16,42681.05
SW93.5L,2019-09-17,45986.19
SW93.5L,2019-09-18,48840.73
SW93.5L,2019-09-19,53302.44
SW93.5L,2019-09-20,54039.77
SW93.5L,2019-09-21,55796.32
SW93.5L,2019-09-22,57342.99
SW93.5L,2019-09-23,57867.13
SW93.5L,2019-09-24,61659.47
SW93.5L,2019-09-25,63352.69
SW93.5L,2019-09-26,63926.41
SW93.5L,2019-09-27,65087.99
SW93.5L,2019-09-28,66268.69
SW93.5L,2019-09-29,68076.2
SW93.5L,2019-09-30,70241.41
SW93.5L,2019-10-01,73443.02
SW93.5L,2019-10-02,75426.95
SW93.5L,2019-10-03,74428.99
SW93.5L,2019-10-04,73117.0
SW93.5L,2019-10-05,71506.54
SW93.5L,2019-10-06,67166.93
SW93.5L,2019-10-07,64215.02
SW93.5L,2019-10-08,62500.88
SW93.5L,2019-10-09,60553.58
SW93.5L,2019-10-10,58130.82
SW93.5L,2019-10-11,56823.17
SW93.5L,2019-10-12,53547.2
SW93.5L,2019-10-13,49521.88
SW93.5L,2019-10-14,46200.28
SW93.5L,2019-10-15,42283.43
SW93.5L,2019-10-16,40345.29
SW93.5L,2019-10-17,37767.17
SW93.5L,2019-10-18,35339.4
SW93.5L,2019-10-19,33054.07
SW93.5L,2019-10-20,30459.66
SW93.5L,2019-10-21,28188.08
SW93.5L,2019-10-22,26586.49
SW93.5L,2019-10-23,25315.39
SW93.5L,2019-10-24,24218.81
SW93.5L,2019-10-25,23981.06
SW93.5L,2019-10-26,26327.73
SW93.5L,2019-10-27,26586.49
SW93.5L,2019-10-28,26199.21
SW93.5L,2019-10-29,25943.88
SW93.5L,2019-10-30,26071.26
SW93.5L,2019-10-31,25315.39
SW93.5L,2020-06-01,34077.32
SW93.5L,2020-06-02,32955.81
SW93.5L,2020-06-03,31330.83
SW93.5L,2020-06-04,30673.58
SW93.5L,2020-06-05,30413.89
SW93.5L,2020-06-06,29899.96
SW93.5L,2020-06-07,29519.23
SW93.5L,2020-06-08,30027.76
SW93.5L,2020-06-09,30804.11
SW93.5L,2020-06-10,31730.73
SW93.5L,2020-06-11,33372.75
SW93.5L,2020-06-12,34219.69
SW93.5L,2020-06-13,35230.16
SW93.5L,2020-06-14,34938.97
SW93.5L,2020-06-15,33935.43
SW93.5L,2020-06-16,33372.75
SW93.5L,2020-06-17,33372.75
SW93.5L,2020-06-18,34219.69
SW93.5L,2020-06-19,35670.69
SW93.5L,2020-06-20,37172.13
SW93.5L,2020-06-21,40495.48
SW93.5L,2020-06-22,42331.88
SW93.5L,2020-06-23,42844.47
SW93.5L,2020-06-24,43189.04
SW93.5L,2020-06-25,43710.19
SW93.5L,2020-06-26,44768.07
SW93.5L,2020-06-27,47692.91
SW93.5L,2020-06-28,51569.18
SW93.5L,2020-06-29,56776.87
SW93.5L,2020-06-30,61480.14
SW93.5L,2020-07-01,63830.28
SW93.5L,2020-07-02,66008.37
SW93.5L,2020-07-03,67244.71
SW93.5L,2020-07-04,70032.07
SW93.5L,2020-07-05,69518.3
SW93.5L,2020-07-06,68247.49
SW93.5L,2020-07-07,65763.37
SW93.5L,2020-07-08,62411.46
SW93.5L,2020-07-09,60104.69
SW93.5L,2020-07-10,58754.75
SW93.5L,2020-07-11,58754.75
SW93.5L,2020-07-12,60332.15
SW93.5L,2020-07-13,63830.28
SW93.5L,2020-07-14,68500.11
SW93.5L,2020-07-15,75071.19
SW93.5L,2020-07-16,79257.71
SW93.5L,2020-07-17,83337.3
SW93.5L,2020-07-18,83040.26
SW93.5L,2020-07-19,83635.21
SW93.5L,2020-07-20,84835.66
SW93.5L,2020-07-21,85137.98
SW93.5L,2020-07-22,84835.66
SW93.5L,2020-07-23,84534.22
SW93.5L,2020-07-24,85745.3
SW93.5L,2020-07-25,86662.99
SW93.5L,2020-07-26,87899.17
SW93.5L,2020-07-27,87899.17
SW93.5L,2020-07-28,87588.77
SW93.5L,2020-07-29,86356.2
SW93.5L,2020-07-30,83337.3
SW93.5L,2020-07-31,82154.4
SW93.5L,2020-08-01,80117.72
SW93.5L,2020-08-02,79543.53
SW93.5L,2020-08-03,79543.53
SW93.5L,2020-08-04,78972.74
SW93.5L,2020-08-05,77841.32
SW93.5L,2020-08-06,79257.71
SW93.5L,2020-08-07,76445.89
SW93.5L,2020-08-08,73448.57
SW93.5L,2020-08-09,71069.01
SW93.5L,2020-08-10,68753.49
SW93.5L,2020-08-11,65519.13
SW93.5L,2020-08-12,64069.32
SW93.5L,2020-08-13,63830.28
SW93.5L,2020-08-14,63117.58
SW93.5L,2020-08-15,64549.61
SW93.5L,2020-08-16,66254.13
SW93.5L,2020-08-17,66254.13
SW93.5L,2020-08-18,67744.57
SW93.5L,2020-08-19,68753.49
SW93.5L,2020-08-20,71069.01
SW93.5L,2020-08-21,71330.22
SW93.5L,2020-08-22,70290.13
SW93.5L,2020-08-23,69518.3
SW93.5L,2020-08-24,68247.49
SW93.5L,2020-08-25,67244.71
SW93.5L,2020-08-26,66500.64
SW93.5L,2020-08-27,65032.88
SW93.5L,2020-08-28,61018.8
SW93.5L,2020-08-29,58532.22
SW93.5L,2020-08-30,56560.54
SW93.5L,2020-08-31,55065.23
SW93.5L,2020-09-01,53190.8
SW93.5L,2020-09-02,54017.26
SW93.5L,2020-09-03,54434.45
SW93.5L,2020-09-04,54434.45
SW93.5L,2020-09-05,53809.66
SW93.5L,2020-09-06,53190.8
SW93.5L,2020-09-07,52374.8
SW93.5L,2020-09-08,52172.43
SW93.5L,2020-09-09,51369.38
SW93.5L,2020-09-10,51170.22
SW93.5L,2020-09-11,51569.18
SW93.5L,2020-09-12,51170.22
SW93.5L,2020-09-13,50379.94
SW93.5L,2020-09-14,49793.88
SW93.5L,2020-09-15,49988.6
SW93.5L,2020-09-16,50971.69
SW93.5L,2020-09-17,52781.5
SW93.5L,2020-09-18,55915.64
SW93.5L,2020-09-19,57868.79
SW93.5L,2020-09-20,58532.22
SW93.5L,2020-09-21,59201.92
SW93.5L,2020-09-22,59877.94
SW93.5L,2020-09-23,58089.24
SW93.5L,2020-09-24,55915.64
SW93.5L,2020-09-25,54854.3
SW93.5L,2020-09-26,55489.09
SW93.5L,2020-09-27,55702.03
SW93.5L,2020-09-28,56993.88
SW93.5L,2020-09-29,57649.03
SW93.5L,2020-09-30,59201.92
SW93.5L,2020-10-01,61249.11
SW93.5L,2020-10-02,62881.48
SW93.5L,2020-10-03,63591.98
SW93.5L,2020-10-04,63117.58
SW93.5L,2020-10-05,61018.8
SW93.5L,2020-10-06,57649.03
SW93.5L,2020-10-07,54434.45
SW93.5L,2020-10-08,52577.83
SW93.5L,2020-10-09,48638.63
SW93.5L,2020-10-10,46762.43
SW93.5L,2020-10-11,45665.7
SW93.5L,2020-10-12,45304.88
SW93.5L,2020-10-13,45485.0
SW93.5L,2020-10-14,45304.88
SW93.5L,2020-10-15,44413.12
SW93.5L,2020-10-16,43016.47
SW93.5L,2020-10-17,41155.49
SW93.5L,2020-10-18,40331.85
SW93.5L,2020-10-19,37632.6
SW93.5L,2020-10-20,35670.69
SW93.5L,2020-10-21,35230.16
SW93.5L,2020-10-22,35670.69
SW93.5L,2020-10-23,37478.59
SW93.5L,2020-10-24,34794.12
SW93.5L,2020-10-25,30673.58
SW93.5L,2020-10-26,28893.59
SW93.5L,2020-10-27,27915.36
SW93.5L,2020-10-28,27675.12
SW93.5L,2020-10-29,27795.03
SW93.5L,2020-10-30,27675.12
SW93.5L,2020-10-31,29267.64
SW93.5L,2021-06-01,23875.36
SW93.5L,2021-06-02,23154.3
SW93.5L,2021-06-03,22585.67
SW93.5L,2021-06-04,23585.56
SW93.5L,2021-06-05,24460.44
SW93.5L,2021-06-06,24607.85
SW93.5L,2021-06-07,25202.09
SW93.5L,2021-06-08,25955.19
SW93.5L,2021-06-09,27028.81
SW93.5L,2021-06-10,29082.41
SW93.5L,2021-06-11,32735.11
SW93.5L,2021-06-12,35532.12
SW93.5L,2021-06-13,35890.08
SW93.5L,2021-06-14,36249.9
SW93.5L,2021-06-15,36975.11
SW93.5L,2021-06-16,37523.89
SW93.5L,2021-06-17,35353.83
SW93.5L,2021-06-18,35353.83
SW93.5L,2021-06-19,34469.35
SW93.5L,2021-06-20,33423.26
SW93.5L,2021-06-21,35176.01
SW93.5L,2021-06-22,38633.98
SW93.5L,2021-06-23,40521.35
SW93.5L,2021-06-24,42847.66
SW93.5L,2021-06-25,43044.55
SW93.5L,2021-06-26,42847.66
SW93.5L,2021-06-27,42259.79
SW93.5L,2021-06-28,41870.21
SW93.5L,2021-06-29,41676.12
SW93.5L,2021-06-30,42651.24
SW93.5L,2021-07-01,45039.13
SW93.5L,2021-07-02,47494.32
SW93.5L,2021-07-03,48747.19
SW93.5L,2021-07-04,48537.21
SW93.5L,2021-07-05,49804.13
SW93.5L,2021-07-06,51736.17
SW93.5L,2021-07-07,53265.16
SW93.5L,2021-07-08,54817.19
SW93.5L,2021-07-09,55040.78
SW93.5L,2021-07-10,54817.19
SW93.5L,2021-07-11,54149.21
SW93.5L,2021-07-12,53927.5
SW93.5L,2021-07-13,53706.25
SW93.5L,2021-07-14,54371.4
SW93.5L,2021-07-15,53045.33
SW93.5L,2021-07-16,51519.62
SW93.5L,2021-07-17,52388.64
SW93.5L,2021-07-18,52607.06
SW93.5L,2021-07-19,52388.64
SW93.5L,2021-07-20,52170.68
SW93.5L,2021-07-21,51736.17
SW93.5L,2021-07-22,52607.06
SW93.5L,2021-07-23,55040.78
SW93.5L,2021-07-24,55939.88
SW93.5L,2021-07-25,55040.78
SW93.5L,2021-07-26,53045.33
SW93.5L,2021-07-27,51303.55
SW93.5L,2021-07-28,52825.96
SW93.5L,2021-07-29,53927.5
SW93.5L,2021-07-30,52607.06
SW93.5L,2021-07-31,51087.94
SW93.5L,2021-08-01,50016.93
SW93.5L,2021-08-02,49168.56
SW93.5L,2021-08-03,48118.65
SW93.5L,2021-08-04,48537.21
SW93.5L,2021-08-05,49379.95
SW93.5L,2021-08-06,50872.8
SW93.5L,2021-08-07,54149.21
SW93.5L,2021-08-08,55264.85
SW93.5L,2021-08-09,55714.4
SW93.5L,2021-08-10,56392.26
SW93.5L,2021-08-11,57302.66
SW93.5L,2021-08-12,59611.65
SW93.5L,2021-08-13,61492.8
SW93.5L,2021-08-14,62683.87
SW93.5L,2021-08-15,63645.23
SW93.5L,2021-08-16,65590.66
SW93.5L,2021-08-17,67566.37
SW93.5L,2021-08-18,69319.99
SW93.5L,2021-08-19,70841.59
SW93.5L,2021-08-20,72896.97
SW93.5L,2021-08-21,73936.05
SW93.5L,2021-08-22,74982.74
SW93.5L,2021-08-23,75772.75
SW93.5L,2021-08-24,76832.75
SW93.5L,2021-08-25,76567.04
SW93.5L,2021-08-26,77900.37
SW93.5L,2021-08-27,78168.46
SW93.5L,2021-08-28,78168.46
SW93.5L,2021-08-29,79245.6
SW93.5L,2021-08-30,78706.08
SW93.5L,2021-08-31,78168.46
SW93.5L,2021-09-01,79245.6
SW93.5L,2021-09-02,80058.46
SW93.5L,2021-09-03,81971.8
SW93.5L,2021-09-04,84187.09
SW93.5L,2021-09-05,85306.19
SW93.5L,2021-09-06,85587.16
SW93.5L,2021-09-07,84187.09
SW93.5L,2021-09-08,80330.36
SW93.5L,2021-09-09,76567.04
SW93.5L,2021-09-10,73675.57
SW93.5L,2021-09-11,71352.59
SW93.5L,2021-09-12,69319.99
SW93.5L,2021-09-13,67815.47
SW93.5L,2021-09-14,64857.58
SW93.5L,2021-09-15,59146.08
SW93.5L,2021-09-16,54594.06
SW93.5L,2021-09-17,52170.68
SW93.5L,2021-09-18,51519.62
SW93.5L,2021-09-19,51736.17
SW93.5L,2021-09-20,50658.12
SW93.5L,2021-09-21,51087.94
SW93.5L,2021-09-22,51087.94
SW93.5L,2021-09-23,49168.56
SW93.5L,2021-09-24,47287.15
SW93.5L,2021-09-25,46463.14
SW93.5L,2021-09-26,46463.14
SW93.5L,2021-09-27,44636.48
SW93.5L,2021-09-28,44235.7
SW93.5L,2021-09-29,43439.73
SW93.5L,2021-09-30,41096.64
SW93.5L,2021-10-01,39383.35
SW93.5L,2021-10-02,38262.09
SW93.5L,2021-10-03,38447.81
SW93.5L,2021-10-04,39760.82
SW93.5L,2021-10-05,41870.21
SW93.5L,2021-10-06,43638.02
SW93.5L,2021-10-07,44235.7
SW93.5L,2021-10-08,44235.7
SW93.5L,2021-10-09,43439.73
SW93.5L,2021-10-10,42651.24
SW93.5L,2021-10-11,41676.12
SW93.5L,2021-10-12,39007.74
SW93.5L,2021-10-13,37892.06
SW93.5L,2021-10-14,35890.08
SW93.5L,2021-10-15,34118.8
SW93.5L,2021-10-16,34293.85
SW93.5L,2021-10-17,33423.26
SW93.5L,2021-10-18,36069.76
SW93.5L,2021-10-19,36611.58
SW93.5L,2021-10-20,35710.87
SW93.5L,2021-10-21,34293.85
SW93.5L,2021-10-22,37157.57
SW93.5L,2021-10-23,39760.82
SW93.5L,2021-10-24,39760.82
SW93.5L,2021-10-25,39383.35
SW93.5L,2021-10-26,37892.06
SW93.5L,2021-10-27,37892.06
SW93.5L,2021-10-28,38076.84
SW93.5L,2021-10-29,38820.63
SW93.5L,2021-10-30,38076.84
SW93.5L,2021-10-31,36430.51
SW93.5L,2021-11-01,34469.35
SW93.5L,2021-11-02,33596.45
SW93.5L,2021-11-03,33078.26
SW93.5L,2021-11-04,32906.46
SW93.5L,2021-11-05,32223.86
SW93.5L,2021-11-06,31047.11
SW93.5L,2021-11-07,29892.97
SW93.5L,2021-11-08,28283.37
SW93.5L,2021-11-09,26719.77
SW93.5L,2021-11-10,25351.79
SW93.5L,2021-11-11,24166.98
SW93.5L,2021-11-12,22869.07
SW93.5L,2021-11-13,21196.07
SW93.5L,2021-11-14,20250.45
SW93.5L,2021-11-15,20117.19
SW93.5L,2021-11-16,19720.11
SW93.5L,2021-11-17,19588.66
SW93.5L,2021-11-18,19327.13
SW93.5L,2021-11-19,19588.66
SW93.5L,2021-11-20,19067.41
SW93.5L,2021-11-21,18553.42
SW93.5L,2021-11-22,17671.4
SW93.5L,2021-11-23,16449.84
SW93.5L,2021-11-24,15621.64
SW93.5L,2021-11-25,14929.33
SW93.5L,2021-11-26,14364.79
SW93.5L,2021-11-27,13593.32
SW93.5L,2021-11-28,12843.84
SW93.5L,2021-11-29,12425.42
SW93.5L,2021-11-30,12425.42
SW93.5L,2021-12-01,12843.84
SW93.5L,2021-12-02,14031.47
SW93.5L,2021-12-03,14929.33
SW93.5L,2021-12-04,15621.64
SW93.5L,2021-12-05,16811.56
SW93.5L,2021-12-06,17671.4
SW93.5L,2021-12-07,18681.24
SW93.5L,2021-12-08,16210.96
SW93.5L,2021-12-09,13921.26
SW93.5L,2021-12-10,12014.16
SW93.5L,2021-12-11,10920.04
SW93.5L,2021-12-12,9787.93
SW93.5L,2021-12-13,9068.71
SW93.5L,2021-12-14,9068.71
SW93.5L,2021-12-15,9068.71
SW93.5L,2021-12-16,9605.46
SW93.5L,2021-12-17,9605.46
SW93.5L,2021-12-18,9424.77
SW93.5L,2021-12-19,9157.06
SW93.5L,2021-12-20,8719.73
SW93.5L,2021-12-21,8633.59
SW93.5L,2021-12-22,8980.8
SW93.5L,2021-12-23,8806.31
SW93.5L,2021-12-24,8293.45
SW93.5L,2021-12-25,7878.2
SW93.5L,2021-12-26,7394.45
SW93.5L,2021-12-27,6850.07
SW93.5L,2021-12-28,6474.38
SW93.5L,2021-12-29,6474.38
SW93.5L,2021-12-30,6474.38
SW93.5L,2021-12-31,6623.34
SW93.5L,2022-01-01,17.92
SW93.5L,2022-01-02,17.55
SW93.5L,2022-01-03,17.18
SW93.5L,2022-01-04,16.83
SW93.5L,2022-01-05,16.48
SW93.5L,2022-01-06,16.14
SW93.5L,2022-01-07,15.8
SW93.5L,2022-01-08,15.47
SW93.5L,2022-01-09,15.15
SW93.5L,2022-01-10,14.83
SW93.5L,2022-01-11,14.52
SW93.5L,2022-01-12,14.52
SW93.5L,2022-01-13,14.22
SW93.5L,2022-01-14,14.22
SW93.5L,2022-01-15,14.22
SW93.5L,2022-01-16,14.22
SW93.5L,2022-01-17,13.92
SW93.5L,2022-01-18,13.92
SW93.5L,2022-01-19,13.92
SW93.5L,2022-01-20,13.92
SW93.5L,2022-01-21,13.92
SW93.5L,2022-01-22,13.62
SW93.5L,2022-01-23,13.62
SW93.5L,2022-01-24,12.78
SW93.5L,2022-01-25,12.78
SW93.5L,2022-01-26,12.78
SW93.5L,2022-01-27,14.58
SW93.5L,2022-01-28,14.52
SW93.5L,2022-01-29,13.92
SW93.5L,2022-01-30,13.92
SW93.5L,2022-01-31,13.34
SW93.5L,2022-02-01,13.06
SW93.5L,2022-02-02,13.06
SW93.5L,2022-02-03,13.62
SW93.5L,2022-02-04,13.34
SW93.5L,2022-02-05,13.34
SW93.5L,2022-02-06,14.22
SW93.5L,2022-02-07,14.22
SW93.5L,2022-02-08,14.22
SW93.5L,2022-02-09,13.06
SW93.5L,2022-02-10,12.51
SW93.5L,2022-02-11,12.24
SW93.5L,2022-02-12,11.73
SW93.5L,2022-02-13,11.24
SW93.5L,2022-02-14,11.24
SW93.5L,2022-02-15,11.24
SW93.5L,2022-02-16,11.0
SW93.5L,2022-02-17,11.0
SW93.5L,2022-02-18,11.0
SW93.5L,2022-02-19,10.76
SW93.5L,2022-02-20,10.76
SW93.5L,2022-02-21,10.76
SW93.5L,2022-02-22,10.76
SW93.5L,2022-02-23,10.4
SW93.5L,2022-02-24,10.53
SW93.5L,2022-02-25,10.53
SW93.5L,2022-02-26,10.53
SW93.5L,2022-02-27,10.53
SW93.5L,2022-02-28,10.53
SW93.5L,2022-03-01,10.08
SW93.5L,2022-03-02,10.08
SW93.5L,2022-03-03,9.87
SW93.5L,2022-03-04,9.45
SW93.5L,2022-03-05,9.04
SW93.5L,2022-03-06,8.85
SW93.5L,2022-03-07,8.85
SW93.5L,2022-03-08,8.85
SW93.5L,2022-03-09,8.66
SW93.5L,2022-03-10,8.47
SW93.5L,2022-03-11,8.66
SW93.5L,2022-03-12,8.85
SW93.5L,2022-03-13,8.66
SW93.5L,2022-03-14,8.47
SW93.5L,2022-03-15,8.47
SW93.5L,2022-03-16,8.28
SW93.5L,2022-03-17,7.93
SW93.5L,2022-03-18,7.59
SW93.5L,2022-03-19,7.22
SW93.5L,2022-03-20,6.79
SW93.5L,2022-03-21,6.79
SW93.5L,2022-03-22,6.64
SW93.5L,2022-03-23,6.49
SW93.5L,2022-03-24,6.49
SW93.5L,2022-03-25,7.59
SW93.5L,2022-03-26,7.59
SW93.5L,2022-03-27,7.93
SW93.5L,2022-03-28,8.39
SW93.5L,2022-03-29,51.3
SW93.5L,2022-03-30,31.04
SW93.5L,2022-03-31,17.26
SW93.5L,2022-04-01,14.89
SW93.5L,2022-04-02,14.64
SW93.5L,2022-04-03,12.4
SW93.5L,2022-04-04,11.43
SW93.5L,2022-04-05,10.04
SW93.5L,2022-04-06,9.66
SW93.5L,2022-04-07,9.45
SW93.5L,2022-04-08,9.12
SW93.5L,2022-04-09,8.66
SW93.5L,2022-04-10,8.66
SW93.5L,2022-04-11,8.85
SW93.5L,2022-04-12,11.99
SW93.5L,2022-04-13,30.54
SW93.5L,2022-04-14,19.07
SW93.5L,2022-04-15,12.51
SW93.5L,2022-04-16,10.76
SW93.5L,2022-04-17,9.45
SW93.5L,2022-04-18,9.45
SW93.5L,2022-04-19,9.66
SW93.5L,2022-04-20,9.45
SW93.5L,2022-04-21,9.45
SW93.5L,2022-04-22,13.34
SW93.5L,2022-04-23,17.84
SW93.5L,2022-04-24,11.88
SW93.5L,2022-04-25,10.08
SW93.5L,2022-04-26,9.24
SW93.5L,2022-04-27,9.04
SW93.5L,2022-04-28,8.62
SW93.5L,2022-04-29,7.93
SW93.5L,2022-04-30,7.59
SW93.5L,2022-05-01,7.42
SW93.5L,2022-05-02,7.42
SW93.5L,2022-05-03,7.26
SW93.5L,2022-05-04,9.04
SW93.5L,2022-05-05,11.0
SW93.5L,2022-05-06,12.46
SW93.5L,2022-05-07,13.22
SW93.5L,2022-05-08,10.26
SW93.5L,2022-05-09,9.0
SW93.5L,2022-05-10,11.29
SW93.5L,2022-05-11,11.43
SW93.5L,2022-05-12,15.47
SW93.5L,2022-05-13,30.54
SW93.5L,2022-05-14,110.34
SW93.5L,2022-05-15,102.89
SW93.5L,2022-05-16,43.01
SW93.5L,2022-05-17,23.45
SW93.5L,2022-05-18,107.92
SW93.5L,2022-05-19,149.45
SW93.5L,2022-05-20,227.84
SW93.5L,2022-05-21,248.7
SW93.5L,2022-05-22,250.53
SW93.5L,2022-05-23,145.0
SW93.5L,2022-05-24,98.6
SW93.5L,2022-05-25,102.84
SW93.5L,2022-05-26,91.28
SW93.5L,2022-05-27,58.75
SW93.5L,2022-05-28,74.75
SW93.5L,2022-05-29,92.31
SW93.5L,2022-05-30,65.92
SW93.5L,2022-05-31,41.52
SW93.5L,2022-06-01,30.54
SW93.5L,2022-06-02,33.63
SW93.5L,2022-06-03,56.3
SW93.5L,2022-06-04,52.31
SW93.5L,2022-06-05,122.57
SW93.5L,2022-06-06,150.14
SW93.5L,2022-06-07,108.32
SW93.5L,2022-06-08,56.52
SW93.5L,2022-06-09,99.35
SW93.5L,2022-06-10,77.34
SW93.5L,2022-06-11,41.19
SW93.5L,2022-06-12,32.44
SW93.5L,2022-06-13,28.98
SW93.5L,2022-06-14,72.24
SW93.5L,2022-06-15,162.32
SW93.5L,2022-06-16,117.93
SW93.5L,2022-06-17,102.84
SW93.5L,2022-06-18,209.31
SW93.5L,2022-06-19,481.84
SW93.5L,2022-06-20,772.79
SW93.5L,2022-06-21,433.06
SW93.5L,2022-06-22,244.82
SW93.5L,2022-06-23,167.37
SW93.5L,2022-06-24,128.74
SW93.5L,2022-06-25,107.72
SW93.5L,2022-06-26,97.99
SW93.5L,2022-06-27,74.47
SW93.5L,2022-06-28,63.2
SW93.5L,2022-06-29,115.09
SW93.5L,2022-06-30,108.32
SW93.5L,2022-07-01,83.73
SW93.5L,2022-07-02,84.68
SW93.5L,2022-07-03,91.96
SW93.5L,2022-07-04,61.29
SW93.5L,2022-07-05,105.55
SW93.5L,2022-07-06,68.23
SW93.5L,2022-07-07,101.36
SW93.5L,2022-07-08,108.65
SW93.5L,2022-07-09,83.41
SW93.5L,2022-07-10,67.45
SW93.5L,2022-07-11,139.03
SW93.5L,2022-07-12,112.18
SW93.5L,2022-07-13,101.49
SW93.5L,2022-07-14,142.32
SW93.5L,2022-07-15,151.71
SW93.5L,2022-07-16,139.85
SW93.5L,2022-07-17,99.47
SW93.5L,2022-07-18,100.48
SW93.5L,2022-07-19,68.75
SW93.5L,2022-07-20,49.34
SW93.5L,2022-07-21,50.9
SW93.5L,2022-07-22,41.68
SW93.5L,2022-07-23,60.82
SW93.5L,2022-07-24,169.47
SW93.5L,2022-07-25,219.95
SW93.5L,2022-07-26,172.94
SW93.5L,2022-07-27,280.98
SW93.5L,2022-07-28,163.99
SW93.5L,2022-07-29,117.07
SW93.5L,2022-07-30,120.09
SW93.5L,2022-07-31,98.6
SW93.5L,2022-08-01,109.73
SW93.5L,2022-08-02,141.83
SW93.5L,2022-08-03,113.01
SW93.5L,2022-08-04,109.32
SW93.5L,2022-08-05,255.81
SW93.5L,2022-08-06,482.29
SW93.5L,2022-08-07,430.22
SW93.5L,2022-08-08,252.9
SW93.5L,2022-08-09,177.86
SW93.5L,2022-08-10,140.67
SW93.5L,2022-08-11,121.69
SW93.5L,2022-08-12,117.93
SW93.5L,2022-08-13,108.72
SW93.5L,2022-08-14,147.04
SW93.5L,2022-08-15,139.36
SW93.5L,2022-08-16,109.73
SW93.5L,2022-08-17,105.87
SW93.5L,2022-08-18,91.28
SW93.5L,2022-08-19,75.61
SW93.5L,2022-08-20,136.44
SW93.5L,2022-08-21,139.85
SW93.5L,2022-08-22,107.92
SW93.5L,2022-08-23,175.48
SW93.5L,2022-08-24,789.76
SW93.5L,2022-08-25,312.45
SW93.5L,2022-08-26,188.02
SW93.5L,2022-08-27,264.17
SW93.5L,2022-08-28,361.55
SW93.5L,2022-08-29,203.7
SW93.5L,2022-08-30,152.06
SW93.5L,2022-08-31,127.98
SW93.5L,2022-09-01,127.06
SW93.5L,2022-09-02,123.46
SW93.5L,2022-09-03,177.26
SW93.5L,2022-09-04,173.52
SW93.5L,2022-09-05,255.81
SW93.5L,2022-09-06,207.05
SW93.5L,2022-09-07,182.68
SW93.5L,2022-09-08,181.26
SW93.5L,2022-09-09,156.49
SW93.5L,2022-09-10,129.2
SW93.5L,2022-09-11,290.58
SW93.5L,2022-09-12,220.65
SW93.5L,2022-09-13,212.27
SW93.5L,2022-09-14,163.43
SW93.5L,2022-09-15,137.4
SW93.5L,2022-09-16,132.0
SW93.5L,2022-09-17,107.85
SW93.5L,2022-09-18,102.76
SW93.5L,2022-09-19,109.53
SW93.5L,2022-09-20,128.43
SW93.5L,2022-09-21,103.61
SW93.5L,2022-09-22,72.24
SW93.5L,2022-09-23,61.05
SW93.5L,2022-09-24,172.36
SW93.5L,2022-09-25,113.56
SW93.5L,2022-09-26,154.89
SW93.5L,2022-09-27,121.98
SW93.5L,2022-09-28,114.81
SW93.5L,2022-09-29,107.12
SW93.5L,2022-09-30,99.83
SW93.5L,2022-10-01,63.2
SW93.5L,2022-10-02,159.39
SW93.5L,2022-10-03,271.63
SW93.5L,2022-10-04,252.37
SW93.5L,2022-10-05,264.17
SW93.5L,2022-10-06,220.89
SW93.5L,2022-10-07,155.6
SW93.5L,2022-10-08,118.93
SW93.5L,2022-10-09,108.52
SW93.5L,2022-10-10,131.37
SW93.5L,2022-10-11,106.79
SW93.5L,2022-10-12,141.99
SW93.5L,2022-10-13,144.84
SW93.5L,2022-10-14,127.82
SW93.5L,2022-10-15,99.85
SW93.5L,2022-10-16,80.02
SW93.5L,2022-10-17,65.67
SW93.5L,2022-10-18,61.52
SW93.5L,2022-10-19,115.8
SW93.5L,2022-10-20,67.19
SW93.5L,2022-10-21,51.3
SW93.5L,2022-10-22,46.35
SW93.5L,2022-10-23,41.84
SW93.5L,2022-10-24,41.52
SW93.5L,2022-10-25,116.22
SW93.5L,2022-10-26,111.08
SW93.5L,2022-10-27,69.54
SW93.5L,2022-10-28,51.5
SW93.5L,2022-10-29,46.53
SW93.5L,2022-10-30,41.03
SW93.5L,2022-10-31,35.85
SW93.5L,2022-11-01,34.04
SW93.5L,2022-11-02,32.96
SW93.5L,2022-11-03,31.79
SW93.5L,2022-11-04,31.04
SW93.5L,2022-11-05,28.74
SW93.5L,2022-11-06,27.6
SW93.5L,2022-11-07,27.05
SW93.5L,2022-11-08,25.97
SW93.5L,2022-11-09,25.45
SW93.5L,2022-11-10,24.93
SW93.5L,2022-11-11,24.43
SW93.5L,2022-11-12,23.45
SW93.5L,2022-11-13,22.5
SW93.5L,2022-11-14,21.6
SW93.5L,2022-11-15,21.16
SW93.5L,2022-11-16,20.72
SW93.5L,2022-11-17,20.3
SW93.5L,2022-11-18,19.88
SW93.5L,2022-11-19,19.47
SW93.5L,2022-11-20,19.07
SW93.5L,2022-11-21,19.07
SW93.5L,2022-11-22,18.68
SW93.5L,2022-11-23,18.3
SW93.5L,2022-11-24,17.92
SW93.5L,2022-11-25,17.55
SW93.5L,2022-11-26,17.18
SW93.5L,2022-11-27,16.83
SW93.5L,2022-11-28,16.48
SW93.5L,2022-11-29,16.48
SW93.5L,2022-11-30,16.48
SW93.5L,2022-12-01,16.14
SW93.5L,2022-12-02,15.8
SW93.5L,2022-12-03,15.8
SW93.5L,2022-12-04,15.47
SW93.5L,2022-12-05,15.47
SW93.5L,2022-12-06,15.15
SW93.5L,2022-12-07,15.15
SW93.5L,2022-12-08,14.83
SW93.5L,2022-12-09,14.52
SW93.5L,2022-12-10,14.52
SW93.5L,2022-12-11,14.52
SW93.5L,2022-12-12,14.22
SW93.5L,2022-12-13,14.22
SW93.5L,2022-12-14,14.22
SW93.5L,2022-12-15,13.92
SW93.5L,2022-12-16,13.92
SW93.5L,2022-12-17,13.92
SW93.5L,2022-12-18,13.62
SW93.5L,2022-12-19,13.62
SW93.5L,2022-12-20,13.34
SW93.5L,2022-12-21,13.34
SW93.5L,2022-12-22,13.34
SW93.5L,2022-12-23,13.06
SW93.5L,2022-12-24,13.06
SW93.5L,2022-12-25,13.06
SW93.5L,2022-12-26,12.78
SW93.5L,2022-12-27,12.83
SW93.5L,2022-12-28,15.6
SW93.5L,2022-12-29,17.33
SW93.5L,2022-12-30,15.6
SW93.5L,2022-12-31,14.4
SW93.5L,2023-06-01,19292.83
SW93.5L,2023-06-02,20515.75
SW93.5L,2023-06-03,21529.52
SW93.5L,2023-06-04,22030.91
SW93.5L,2023-06-05,21989.01
SW93.5L,2023-06-06,21863.43
SW93.5L,2023-06-07,20865.95
SW93.5L,2023-06-08,19840.6
SW93.5L,2023-06-09,18950.1
SW93.5L,2023-06-10,19535.77
SW93.5L,2023-06-11,20024.12
SW93.5L,2023-06-12,20762.78
SW93.5L,2023-06-13,21612.87
SW93.5L,2023-06-14,23361.92
SW93.5L,2023-06-15,24757.26
SW93.5L,2023-06-16,25911.2
SW93.5L,2023-06-17,27925.53
SW93.5L,2023-06-18,31912.13
SW93.5L,2023-06-19,38361.66
SW93.5L,2023-06-20,45812.9
SW93.5L,2023-06-21,51379.91
SW93.5L,2023-06-22,55060.66
SW93.5L,2023-06-23,56981.22
SW93.5L,2023-06-24,57689.02
SW93.5L,2023-06-25,56736.78
SW93.5L,2023-06-26,55653.84
SW93.5L,2023-06-27,54791.61
SW93.5L,2023-06-28,52945.04
SW93.5L,2023-06-29,50615.34
SW93.5L,2023-06-30,47977.23
SW93.5L,2023-07-01,47123.7
SW93.5L,2023-07-02,46994.75
SW93.5L,2023-07-03,47485.3
SW93.5L,2023-07-04,48626.63
SW93.5L,2023-07-05,50667.97
SW93.5L,2023-07-06,54872.28
SW93.5L,2023-07-07,57525.47
SW93.5L,2023-07-08,57498.22
SW93.5L,2023-07-09,56709.63
SW93.5L,2023-07-10,55897.0
SW93.5L,2023-07-11,56330.01
SW93.5L,2023-07-12,56818.23
SW93.5L,2023-07-13,58153.09
SW93.5L,2023-07-14,60102.22
SW93.5L,2023-07-15,62988.7
SW93.5L,2023-07-16,65911.83
SW93.5L,2023-07-17,65940.11
SW93.5L,2023-07-18,65883.55
SW93.5L,2023-07-19,65685.69
SW93.5L,2023-07-20,65375.1
SW93.5L,2023-07-21,64924.04
SW93.5L,2023-07-22,63940.35
SW93.5L,2023-07-23,62319.31
SW93.5L,2023-07-24,59358.93
SW93.5L,2023-07-25,56954.05
SW93.5L,2023-07-26,57389.27
SW93.5L,2023-07-27,55869.97
SW93.5L,2023-07-28,54147.36
SW93.5L,2023-07-29,53719.02
SW93.5L,2023-07-30,53451.78
SW93.5L,2023-07-31,54040.19
SW93.5L,2023-08-01,55626.83
SW93.5L,2023-08-02,60516.25
SW93.5L,2023-08-03,59633.93
SW93.5L,2023-08-04,59578.9
SW93.5L,2023-08-05,59854.18
SW93.5L,2023-08-06,59744.03
SW93.5L,2023-08-07,59001.96
SW93.5L,2023-08-08,58809.98
SW93.5L,2023-08-09,58235.09
SW93.5L,2023-08-10,58426.55
SW93.5L,2023-08-11,59688.97
SW93.5L,2023-08-12,61540.83
SW93.5L,2023-08-13,63800.16
SW93.5L,2023-08-14,64783.26
SW93.5L,2023-08-15,66053.28
SW93.5L,2023-08-16,67216.25
SW93.5L,2023-08-17,68270.5
SW93.5L,2023-08-18,69903.37
SW93.5L,2023-08-19,70997.79
SW93.5L,2023-08-20,69616.14
SW93.5L,2023-08-21,67671.59
SW93.5L,2023-08-22,65742.21
SW93.5L,2023-08-23,63800.16
SW93.5L,2023-08-24,61762.98
SW93.5L,2023-08-25,60433.38
SW93.5L,2023-08-26,59523.89
SW93.5L,2023-08-27,59854.18
SW93.5L,2023-08-28,62152.27
SW93.5L,2023-08-29,63324.13
SW93.5L,2023-08-30,65262.25
SW93.5L,2023-08-31,68270.5
SW93.5L,2023-09-01,70709.33
SW93.5L,2023-09-02,72502.91
SW93.5L,2023-09-03,73666.55
SW93.5L,2023-09-04,73171.39
SW93.5L,2023-09-05,70133.39
SW93.5L,2023-09-06,66081.58
SW93.5L,2023-09-07,62765.36
SW93.5L,2023-09-08,59441.4
SW93.5L,2023-09-09,54737.84
SW93.5L,2023-09-10,51115.91
SW93.5L,2023-09-11,48652.65
SW93.5L,2023-09-12,47304.4
SW93.5L,2023-09-13,47821.73
SW93.5L,2023-09-14,49043.49
SW93.5L,2023-09-15,48184.78
SW93.5L,2023-09-16,45608.2
SW93.5L,2023-09-17,44005.03
SW93.5L,2023-09-18,43929.08
SW93.5L,2023-09-19,44512.28
SW93.5L,2023-09-20,46634.18
SW93.5L,2023-09-21,45966.59
SW93.5L,2023-09-22,43650.91
SW93.5L,2023-09-23,42292.39
SW93.5L,2023-09-24,42844.44
SW93.5L,2023-09-25,44334.56
SW93.5L,2023-09-26,46274.38
SW93.5L,2023-09-27,48834.94
SW93.5L,2023-09-28,50852.29
SW93.5L,2023-09-29,52811.9
SW93.5L,2023-09-30,56113.39
SW93.5L,2023-10-01,57198.75
SW93.5L,2023-10-02,56601.1
SW93.5L,2023-10-03,56221.67
SW93.5L,2023-10-04,54926.09
SW93.5L,2023-10-05,53318.3
SW93.5L,2023-10-06,53826.02
SW93.5L,2023-10-07,52041.53
SW93.5L,2023-10-08,50378.7
SW93.5L,2023-10-09,49304.52
SW93.5L,2023-10-10,48704.71
SW93.5L,2023-10-11,48991.33
SW93.5L,2023-10-12,49278.4
SW93.5L,2023-10-13,49487.47
SW93.5L,2023-10-14,49670.6
SW93.5L,2023-10-15,49435.18
SW93.5L,2023-10-16,49173.96
SW93.5L,2023-10-17,48678.68
SW93.5L,2023-10-18,47278.58
SW93.5L,2023-10-19,45123.06
SW93.5L,2023-10-20,42117.14
SW93.5L,2023-10-21,39168.81
SW93.5L,2023-10-22,36978.39
SW93.5L,2023-10-23,34396.08
SW93.5L,2023-10-24,33546.77
SW93.5L,2023-10-25,32796.74
SW93.5L,2023-10-26,32376.89
SW93.5L,2023-10-27,31356.85
SW93.5L,2023-10-28,30597.72
SW93.5L,2023-10-29,29570.8
SW93.5L,2023-10-30,27992.63
SW93.5L,2023-10-31,26482.5
SW93.5L,2023-11-01,25365.1
SW93.5L,2023-11-02,23917.4
SW93.5L,2023-11-03,22535.44
SW93.5L,2023-11-04,20659.75
SW93.5L,2023-11-05,19232.23
SW93.5L,2023-11-06,17262.05
SW93.5L,2023-11-07,16019.99
SW93.5L,2023-11-08,16096.87
SW93.5L,2023-11-09,16135.35
SW93.5L,2023-11-10,16482.78
SW93.5L,2023-11-11,17105.41
SW93.5L,2023-11-12,17793.58
SW93.5L,2023-11-13,17912.29
SW93.5L,2023-11-14,18110.63
SW93.5L,2023-11-15,17773.81
SW93.5L,2023-11-16,17085.86
SW93.5L,2023-11-17,17399.43
SW93.5L,2023-11-18,18669.12
SW93.5L,2023-11-19,16193.11
SW93.5L,2023-11-20,14916.63
SW93.5L,2023-11-21,13742.98
SW93.5L,2023-11-22,12902.91
SW93.5L,2023-11-23,12560.19
SW93.5L,2023-11-24,13011.66
SW93.5L,2023-11-25,13742.98
SW93.5L,2023-11-26,14131.27
SW93.5L,2023-11-27,14522.5
SW93.5L,2023-11-28,13983.0
SW93.5L,2023-11-29,13504.11
SW93.5L,2023-11-30,12686.16
SW93.5L,2023-12-01,12202.17
SW93.5L,2023-12-02,11267.32
SW93.5L,2023-12-03,9980.07
SW93.5L,2023-12-04,9014.58
SW93.5L,2023-12-05,8140.38
SW93.5L,2023-12-06,7182.97
SW93.5L,2023-12-07,7029.18
SW93.5L,2023-12-08,7997.08
SW93.5L,2023-12-09,8268.35
SW93.5L,2023-12-10,8590.63
SW93.5L,2023-12-11,8899.89
SW93.5L,2023-12-12,9311.33
SW93.5L,2023-12-13,10438.55
SW93.5L,2023-12-14,10455.63
SW93.5L,2023-12-15,9410.83
SW93.5L,2023-12-16,9063.86
SW93.5L,2023-12-17,9228.64
SW93.5L,2023-12-18,8300.42
SW93.5L,2023-12-19,7399.79
SW93.5L,2023-12-20,6528.21
SW93.5L,2023-12-21,6423.26
SW93.5L,2023-12-22,6769.84
SW93.5L,2023-12-23,7446.48
SW93.5L,2023-12-24,7886.1
SW93.5L,2023-12-25,8252.32
SW93.5L,2023-12-26,8655.49
SW93.5L,2023-12-27,8704.22
SW93.5L,2023-12-28,8720.48
SW93.5L,2023-12-29,8092.54
SW93.5L,2023-12-30,7275.67
SW93.5L,2023-12-31,6891.55
SW93.5L,2024-06-01,17574.89
SW93.5L,2024-06-02,19376.78
SW93.5L,2024-06-03,22264.0
SW93.5L,2024-06-04,25594.78
SW93.5L,2024-06-05,29080.98
SW93.5L,2024-06-06,31377.55
SW93.5L,2024-06-07,32885.16
SW93.5L,2024-06-08,33903.6
SW93.5L,2024-06-09,33733.12
SW93.5L,2024-06-10,33054.16
SW93.5L,2024-06-11,31877.39
SW93.5L,2024-06-12,30386.0
SW93.5L,2024-06-13,30386.0
SW93.5L,2024-06-14,29894.32
SW93.5L,2024-06-15,29894.32
SW93.5L,2024-06-16,30221.8
SW93.5L,2024-06-17,32044.61
SW93.5L,2024-06-18,34760.38
SW93.5L,2024-06-19,38973.35
SW93.5L,2024-06-20,44841.62
SW93.5L,2024-06-21,47304.93
SW93.5L,2024-06-22,49424.2
SW93.5L,2024-06-23,49424.2
SW93.5L,2024-06-24,48264.3
SW93.5L,2024-06-25,47496.28
SW93.5L,2024-06-26,46542.19
SW93.5L,2024-06-27,46923.03
SW93.5L,2024-06-28,49230.23
SW93.5L,2024-06-29,50593.49
SW93.5L,2024-06-30,50007.68
SW93.5L,2024-07-01,50202.69
SW93.5L,2024-07-02,50985.33
SW93.5L,2024-07-03,54558.05
SW93.5L,2024-07-04,60693.73
SW93.5L,2024-07-05,65120.01
SW93.5L,2024-07-06,66618.97
SW93.5L,2024-07-07,67913.05
SW93.5L,2024-07-08,68346.3
SW93.5L,2024-07-09,68780.5
SW93.5L,2024-07-10,68997.94
SW93.5L,2024-07-11,68997.94
SW93.5L,2024-07-12,71625.56
SW93.5L,2024-07-13,71185.29
SW93.5L,2024-07-14,70307.55
SW93.5L,2024-07-15,70307.55
SW93.5L,2024-07-16,69433.54
SW93.5L,2024-07-17,68129.56
SW93.5L,2024-07-18,66618.97
SW93.5L,2024-07-19,67264.95
SW93.5L,2024-07-20,67696.78
SW93.5L,2024-07-21,67480.75
SW93.5L,2024-07-22,65975.13
SW93.5L,2024-07-23,65120.01
SW93.5L,2024-07-24,63632.76
SW93.5L,2024-07-25,62788.19
SW93.5L,2024-07-26,62367.36
SW93.5L,2024-07-27,62367.36
SW93.5L,2024-07-28,60902.08
SW93.5L,2024-07-29,59655.65
SW93.5L,2024-07-30,57393.53
SW93.5L,2024-07-31,54960.1
SW93.5L,2024-08-01,55161.51
SW93.5L,2024-08-02,55969.65
SW93.5L,2024-08-03,56375.22
SW93.5L,2024-08-04,54960.1
SW93.5L,2024-08-05,54357.4
SW93.5L,2024-08-06,53956.86
SW93.5L,2024-08-07,54157.0
SW93.5L,2024-08-08,54758.95
SW93.5L,2024-08-09,56578.38
SW93.5L,2024-08-10,56985.46
SW93.5L,2024-08-11,57393.53
SW93.5L,2024-08-12,57597.94
SW93.5L,2024-08-13,58418.06
SW93.5L,2024-08-14,58623.7
SW93.5L,2024-08-15,59242.13
SW93.5L,2024-08-16,59862.77
SW93.5L,2024-08-17,60485.62
SW93.5L,2024-08-18,62998.97
SW93.5L,2024-08-19,64056.49
SW93.5L,2024-08-20,64268.71
SW93.5L,2024-08-21,65120.01
SW93.5L,2024-08-22,64268.71
SW93.5L,2024-08-23,64481.18
SW93.5L,2024-08-24,63844.5
SW93.5L,2024-08-25,61737.92
SW93.5L,2024-08-26,61319.51
SW93.5L,2024-08-27,59242.13
SW93.5L,2024-08-28,56375.22
SW93.5L,2024-08-29,54960.1
SW93.5L,2024-08-30,54758.95
SW93.5L,2024-08-31,55161.51
SW93.5L,2024-09-01,55767.24
SW93.5L,2024-09-02,55161.51
SW93.5L,2024-09-03,55161.51
SW93.5L,2024-09-04,54558.05
SW93.5L,2024-09-05,54357.4
SW93.5L,2024-09-06,54758.95
SW93.5L,2024-09-07,54960.1
SW93.5L,2024-09-08,55161.51
SW93.5L,2024-09-09,54758.95
SW93.5L,2024-09-10,53756.97
SW93.5L,2024-09-11,50985.33
SW93.5L,2024-09-12,48456.96
SW93.5L,2024-09-13,46162.42
SW93.5L,2024-09-14,50202.69
SW93.5L,2024-09-15,53557.34
SW93.5L,2024-09-16,53756.97
SW93.5L,2024-09-17,50593.49
SW93.5L,2024-09-18,49812.93
SW93.5L,2024-09-19,50397.96
SW93.5L,2024-09-20,50593.49
SW93.5L,2024-09-21,51772.1
SW93.5L,2024-09-22,52562.98
SW93.5L,2024-09-23,52761.35
SW93.5L,2024-09-24,53357.96
SW93.5L,2024-09-25,55363.17
SW93.5L,2024-09-26,55565.08
SW93.5L,2024-09-27,54357.4
SW93.5L,2024-09-28,53557.34
SW93.5L,2024-09-29,53357.96
SW93.5L,2024-09-30,54157.0
SW93.5L,2024-10-01,56172.31
SW93.5L,2024-10-02,56375.22
SW93.5L,2024-10-03,56578.38
SW93.5L,2024-10-04,58623.7
SW93.5L,2024-10-05,60277.76
SW93.5L,2024-10-06,59242.13
SW93.5L,2024-10-07,58829.6
SW93.5L,2024-10-08,57597.94
SW93.5L,2024-10-09,55969.65
SW93.5L,2024-10-10,54558.05
SW93.5L,2024-10-11,54157.0
SW93.5L,2024-10-12,53956.86
SW93.5L,2024-10-13,53158.83
SW93.5L,2024-10-14,52364.88
SW93.5L,2024-10-15,51575.02
SW93.5L,2024-10-16,51181.64
SW93.5L,2024-10-17,51969.44
SW93.5L,2024-10-18,52364.88
SW93.5L,2024-10-19,51378.2
SW93.5L,2024-10-20,49230.23
SW93.5L,2024-10-21,45406.07
SW93.5L,2024-10-22,42792.73
SW93.5L,2024-10-23,40052.12
SW93.5L,2024-10-24,40052.12
SW93.5L,2024-10-25,40232.89
SW93.5L,2024-10-26,38082.11
SW93.5L,2024-10-27,34932.61
SW93.5L,2024-10-28,32885.16
SW93.5L,2024-10-29,31543.86
SW93.5L,2024-10-30,30880.41
SW93.5L,2024-10-31,30386.0
SW93.5L,2024-11-01,29894.32
SW93.5L,2024-11-02,28757.8
SW93.5L,2024-11-03,27795.69
SW93.5L,2024-11-04,26844.84
SW93.5L,2024-11-05,25594.78
SW93.5L,2024-11-06,24823.9
SW93.5L,2024-11-07,24061.12
SW93.5L,2024-11-08,22411.93
SW93.5L,2024-11-09,20947.8
SW93.5L,2024-11-10,19801.08
SW93.5L,2024-11-11,19376.78
SW93.5L,2024-11-12,19236.05
SW93.5L,2024-11-13,19095.67
SW93.5L,2024-11-14,19659.3
SW93.5L,2024-11-15,20228.51
SW93.5L,2024-11-16,20515.19
SW93.5L,2024-11-17,19517.86
SW93.5L,2024-11-18,18676.64
SW93.5L,2024-11-19,17303.05
SW93.5L,2024-11-20,16230.3
SW93.5L,2024-11-21,14922.78
SW93.5L,2024-11-22,13778.53
SW93.5L,2024-11-23,12544.27
SW93.5L,2024-11-24,11116.36
SW93.5L,2024-11-25,10539.02
SW93.5L,2024-11-26,10311.04
SW93.5L,2024-11-27,10539.02
SW93.5L,2024-11-28,11116.36
SW93.5L,2024-11-29,11585.76
SW93.5L,2024-11-30,12665.91
SW93.5L,2024-12-01,13653.33
SW93.5L,2024-12-02,14030.11
SW93.5L,2024-12-03,13653.33
SW93.5L,2024-12-04,13404.1
SW93.5L,2024-12-05,13033.22
SW93.5L,2024-12-06,12423.04
SW93.5L,2024-12-07,11000.05
SW93.5L,2024-12-08,10084.78
SW93.5L,2024-12-09,9526.69
SW93.5L,2024-12-10,9088.11
SW93.5L,2024-12-11,8763.84
SW93.5L,2024-12-12,8656.65
SW93.5L,2024-12-13,10084.78
SW93.5L,2024-12-14,11350.23
SW93.5L,2024-12-15,11116.36
SW93.5L,2024-12-16,11585.76
SW93.5L,2024-12-17,11822.94
SW93.5L,2024-12-18,11467.79
SW93.5L,2024-12-19,11233.09
SW93.5L,2024-12-20,10653.64
SW93.5L,2024-12-21,9637.44
SW93.5L,2024-12-22,7815.54
SW93.5L,2024-12-23,6512.96
SW93.5L,2024-12-24,6128.76
SW93.5L,2024-12-25,5939.67
SW93.5L,2024-12-26,5567.63
SW93.5L,2024-12-27,5203.91
SW93.5L,2024-12-28,5475.91
SW93.5L,2024-12-29,6416.16
SW93.5L,2024-12-30,6905.08
SW93.5L,2024-12-31,6416.16
