Evap_Station,Date,Evaporation_mm
CL406,2011-01-01,0.3555999994278
CL406,2011-01-02,0.3555999994278
CL406,2011-01-03,0.3555999994278
CL406,2011-01-04,0.0
CL406,2011-01-05,0.3555999994278
CL406,2011-01-06,0.3555999994278
CL406,2011-01-07,0.3555999994278
CL406,2011-01-08,0.3555999994278
CL406,2011-01-09,0.3555999994278
CL406,2011-01-10,0.3555999994278
CL406,2011-01-11,0.3555999994278
CL406,2011-01-12,0.3555999994278
CL406,2011-01-13,0.3555999994278
CL406,2011-01-14,0.3555999994278
CL406,2011-01-15,0.3555999994278
CL406,2011-01-16,0.3555999994278
CL406,2011-01-17,0.71119999885559
CL406,2011-01-18,0.71119999885559
CL406,2011-01-19,0.3555999994278
CL406,2011-01-20,0.3555999994278
CL406,2011-01-21,0.3555999994278
CL406,2011-01-22,0.3555999994278
CL406,2011-01-23,0.3555999994278
CL406,2011-01-24,0.71119999885559
CL406,2011-01-25,0.71119999885559
CL406,2011-01-26,0.3555999994278
CL406,2011-01-27,0.3555999994278
CL406,2011-01-28,0.71119999885559
CL406,2011-01-29,0.71119999885559
CL406,2011-01-30,0.71119999885559
CL406,2011-01-31,0.71119999885559
CL406,2011-02-01,0.71119999885559
CL406,2011-02-02,0.71119999885559
CL406,2011-02-03,0.71119999885559
CL406,2011-02-04,0.71119999885559
CL406,2011-02-05,0.71119999885559
CL406,2011-02-06,0.71119999885559
CL406,2011-02-07,0.71119999885559
CL406,2011-02-08,0.71119999885559
CL406,2011-02-09,0.71119999885559
CL406,2011-02-10,0.71119999885559
CL406,2011-02-11,0.71119999885559
CL406,2011-02-12,0.71119999885559
CL406,2011-02-13,0.71119999885559
CL406,2011-02-14,0.71119999885559
CL406,2011-02-15,0.71119999885559
CL406,2011-02-16,0.71119999885559
CL406,2011-02-17,0.71119999885559
CL406,2011-02-18,1.0667999982834
CL406,2011-02-19,1.0667999982834
CL406,2011-02-20,1.0667999982834
CL406,2011-02-21,1.0667999982834
CL406,2011-02-22,1.0667999982834
CL406,2011-02-23,1.0667999982834
CL406,2011-02-24,1.0667999982834
CL406,2011-02-25,1.4223999977112
CL406,2011-02-26,1.4223999977112
CL406,2011-02-27,1.0667999982834
CL406,2011-02-28,1.0667999982834
CL406,2011-03-01,1.0667999982834
CL406,2011-03-02,1.0667999982834
CL406,2011-03-03,1.0667999982834
CL406,2011-03-04,1.4223999977112
CL406,2011-03-05,1.4223999977112
CL406,2011-03-06,1.4223999977112
CL406,2011-03-07,1.4223999977112
CL406,2011-03-08,1.4223999977112
CL406,2011-03-09,1.4223999977112
CL406,2011-03-10,1.4223999977112
CL406,2011-03-11,1.4223999977112
CL406,2011-03-12,1.4223999977112
CL406,2011-03-13,1.4223999977112
CL406,2011-03-14,1.777999997139
CL406,2011-03-15,2.1335999965668
CL406,2011-03-16,2.1335999965668
CL406,2011-03-17,2.1335999965668
CL406,2011-03-18,2.1335999965668
CL406,2011-03-19,2.1335999965668
CL406,2011-03-20,2.1335999965668
CL406,2011-03-21,2.1335999965668
CL406,2011-03-22,2.4892001152039
CL406,2011-03-23,2.4892001152039
CL406,2011-03-24,2.4892001152039
CL406,2011-03-25,2.8447999954224
CL406,2011-03-26,2.8447999954224
CL406,2011-03-27,1.841500043869
CL406,2011-03-28,2.1335999965668
CL406,2011-03-29,1.841500043869
CL406,2011-03-30,2.1335999965668
CL406,2011-03-31,1.841500043869
CL406,2011-04-01,1.777999997139
CL406,2011-04-02,1.4223999977112
CL406,2011-04-03,1.4223999977112
CL406,2011-04-04,2.0743334293366
CL406,2011-04-05,0.41440013051033
CL406,2011-04-06,2.1335999965668
CL406,2011-04-07,2.1335999965668
CL406,2011-04-08,2.8447999954224
CL406,2011-04-09,2.8447999954224
CL406,2011-04-10,2.1335999965668
CL406,2011-04-11,2.4892001152039
CL406,2011-04-12,2.4892001152039
CL406,2011-04-13,2.8447999954224
CL406,2011-04-14,2.8447999954224
CL406,2011-04-15,0.0
CL406,2011-04-16,2.4892001152039
CL406,2011-04-17,2.8447999954224
CL406,2011-04-18,2.8447999954224
CL406,2011-04-19,1.0276000499725
CL406,2011-04-20,2.0743334293366
CL406,2011-04-21,2.0743334293366
CL406,2011-04-22,1.777999997139
CL406,2011-04-23,2.1335999965668
CL406,2011-04-24,2.1335999965668
CL406,2011-04-25,2.1335999965668
CL406,2011-04-26,2.1335999965668
CL406,2011-04-27,2.1335999965668
CL406,2011-04-28,1.777999997139
CL406,2011-04-29,2.0743334293366
CL406,2011-04-30,1.777999997139
CL406,2011-05-01,2.8447999954224
CL406,2011-05-02,2.8447999954224
CL406,2011-05-03,3.2004001140595
CL406,2011-05-04,1.965157866478
CL406,2011-05-05,1.965157866478
CL406,2011-05-06,1.4223999977112
CL406,2011-05-07,1.777999997139
CL406,2011-05-08,2.1335999965668
CL406,2011-05-09,2.4892001152039
CL406,2011-05-10,1.965157866478
CL406,2011-05-11,2.1335999965668
CL406,2011-05-12,1.0527999401093
CL406,2011-05-13,1.777999997139
CL406,2011-05-14,1.965157866478
CL406,2011-05-15,1.777999997139
CL406,2011-05-16,2.1335999965668
CL406,2011-05-17,2.1335999965668
CL406,2011-05-18,2.4892001152039
CL406,2011-05-19,1.9152005910873
CL406,2011-05-20,2.4892001152039
CL406,2011-05-21,0.97719997167587
CL406,2011-05-22,1.3552000522614
CL406,2011-05-23,1.965157866478
CL406,2011-05-24,0.0
CL406,2011-05-25,1.965157866478
CL406,2011-05-26,1.0667999982834
CL406,2011-05-27,2.1335999965668
CL406,2011-05-28,1.965157866478
CL406,2011-05-29,0.0
CL406,2011-05-30,2.4892001152039
CL406,2011-05-31,2.4892001152039
CL406,2011-06-01,1.9113500118256
CL406,2011-06-02,2.1335999965668
CL406,2011-06-03,1.9113500118256
CL406,2011-06-04,2.1335999965668
CL406,2011-06-05,2.4892001152039
CL406,2011-06-06,2.1335999965668
CL406,2011-06-07,2.1335999965668
CL406,2011-06-08,2.4892001152039
CL406,2011-06-09,2.1335999965668
CL406,2011-06-10,2.1335999965668
CL406,2011-06-11,1.9113500118256
CL406,2011-06-12,1.4223999977112
CL406,2011-06-13,1.4223999977112
CL406,2011-06-14,2.1335999965668
CL406,2011-06-15,2.1335999965668
CL406,2011-06-16,1.9113500118256
CL406,2011-06-17,1.9113500118256
CL406,2011-06-18,1.9113500118256
CL406,2011-06-19,1.2796000242233
CL406,2011-06-20,0.66079998016357
CL406,2011-06-21,1.4223999977112
CL406,2011-06-22,1.4223999977112
CL406,2011-06-23,1.4223999977112
CL406,2011-06-24,1.4223999977112
CL406,2011-06-25,1.3999999761581
CL406,2011-06-26,0.061599865555763
CL406,2011-06-27,0.92960000038147
CL406,2011-06-28,1.595999956131
CL406,2011-06-29,1.9113500118256
CL406,2011-06-30,0.9491999745369
CL406,2011-07-01,1.4952000379562
CL406,2011-07-02,0.63840001821518
CL406,2011-07-03,0.0
CL406,2011-07-04,1.1704001426697
CL406,2011-07-05,1.0499999523163
CL406,2011-07-06,0.3163999915123
CL406,2011-07-07,1.6884000301361
CL406,2011-07-08,2.1062462329865
CL406,2011-07-09,0.6496000289917
CL406,2011-07-10,2.4892001152039
CL406,2011-07-11,2.4892001152039
CL406,2011-07-12,2.1062462329865
CL406,2011-07-13,1.777999997139
CL406,2011-07-14,0.32199999690056
CL406,2011-07-15,1.777999997139
CL406,2011-07-16,1.777999997139
CL406,2011-07-17,1.3159999847412
CL406,2011-07-18,0.0
CL406,2011-07-19,2.1062462329865
CL406,2011-07-20,2.0719995498657
CL406,2011-07-21,1.4531999826431
CL406,2011-07-22,0.96039998531342
CL406,2011-07-23,1.0219999551773
CL406,2011-07-24,2.1335999965668
CL406,2011-07-25,2.1335999965668
CL406,2011-07-26,2.1335999965668
CL406,2011-07-27,2.1335999965668
CL406,2011-07-28,2.1335999965668
CL406,2011-07-29,2.1335999965668
CL406,2011-07-30,2.1335999965668
CL406,2011-07-31,2.1335999965668
CL406,2011-08-01,0.0
CL406,2011-08-02,1.4223999977112
CL406,2011-08-03,1.777999997139
CL406,2011-08-04,1.777999997139
CL406,2011-08-05,0.65520000457764
CL406,2011-08-06,1.777999997139
CL406,2011-08-07,2.1335999965668
CL406,2011-08-08,2.1335999965668
CL406,2011-08-09,2.1335999965668
CL406,2011-08-10,2.4892001152039
CL406,2011-08-11,2.1335999965668
CL406,2011-08-12,1.0219999551773
CL406,2011-08-13,0.68320000171661
CL406,2011-08-14,1.777999997139
CL406,2011-08-15,0.32760000228882
CL406,2011-08-16,1.6469894647598
CL406,2011-08-17,1.777999997139
CL406,2011-08-18,1.777999997139
CL406,2011-08-19,1.4223999977112
CL406,2011-08-20,1.6469894647598
CL406,2011-08-21,1.6469894647598
CL406,2011-08-22,1.6469894647598
CL406,2011-08-23,0.71119999885559
CL406,2011-08-24,1.0667999982834
CL406,2011-08-25,1.3495999574661
CL406,2011-08-26,0.69999998807907
CL406,2011-08-27,1.0667999982834
CL406,2011-08-28,1.0667999982834
CL406,2011-08-29,1.4223999977112
CL406,2011-08-30,1.4223999977112
CL406,2011-08-31,1.6469894647598
CL406,2011-09-01,2.1335999965668
CL406,2011-09-02,2.1335999965668
CL406,2011-09-03,1.777999997139
CL406,2011-09-04,1.7525999546051
CL406,2011-09-05,2.1335999965668
CL406,2011-09-06,2.1335999965668
CL406,2011-09-07,0.96039998531342
CL406,2011-09-08,0.29960000514984
CL406,2011-09-09,1.777999997139
CL406,2011-09-10,0.6496000289917
CL406,2011-09-11,1.6604000329971
CL406,2011-09-12,1.4223999977112
CL406,2011-09-13,1.777999997139
CL406,2011-09-14,1.75
CL406,2011-09-15,1.3495999574661
CL406,2011-09-16,0.87639999389648
CL406,2011-09-17,1.2375999689102
CL406,2011-09-18,0.22679999470711
CL406,2011-09-19,0.98280000686645
CL406,2011-09-20,1.4223999977112
CL406,2011-09-21,1.4223999977112
CL406,2011-09-22,1.7525999546051
CL406,2011-09-23,0.28839999437332
CL406,2011-09-24,0.64399999380112
CL406,2011-09-25,0.32199999690056
CL406,2011-09-26,1.0667999982834
CL406,2011-09-27,1.7525999546051
CL406,2011-09-28,1.4223999977112
CL406,2011-09-29,1.777999997139
CL406,2011-09-30,2.1335999965668
CL406,2011-10-01,2.1335999965668
CL406,2011-10-02,2.1335999965668
CL406,2011-10-03,1.777999997139
CL406,2011-10-04,1.777999997139
CL406,2011-10-05,1.4223999977112
CL406,2011-10-06,1.4223999977112
CL406,2011-10-07,1.777999997139
CL406,2011-10-08,1.4223999977112
CL406,2011-10-09,1.4223999977112
CL406,2011-10-10,1.777999997139
CL406,2011-10-11,1.777999997139
CL406,2011-10-12,1.777999997139
CL406,2011-10-13,2.1335999965668
CL406,2011-10-14,2.1335999965668
CL406,2011-10-15,2.1335999965668
CL406,2011-10-16,1.777999997139
CL406,2011-10-17,2.1335999965668
CL406,2011-10-18,1.777999997139
CL406,2011-10-19,1.777999997139
CL406,2011-10-20,1.4223999977112
CL406,2011-10-21,1.4223999977112
CL406,2011-10-22,1.0667999982834
CL406,2011-10-23,1.4816666841507
CL406,2011-10-24,0.71119999885559
CL406,2011-10-25,1.0667999982834
CL406,2011-10-26,0.71119999885559
CL406,2011-10-27,0.71119999885559
CL406,2011-10-28,0.71119999885559
CL406,2011-10-29,0.71119999885559
CL406,2011-10-30,0.71119999885559
CL406,2011-10-31,0.71119999885559
CL406,2011-11-01,0.71119999885559
CL406,2011-11-02,0.71119999885559
CL406,2011-11-03,0.71119999885559
CL406,2011-11-04,0.71119999885559
CL406,2011-11-05,0.71119999885559
CL406,2011-11-06,0.71119999885559
CL406,2011-11-07,0.71119999885559
CL406,2011-11-08,0.71119999885559
CL406,2011-11-09,0.71119999885559
CL406,2011-11-10,0.71119999885559
CL406,2011-11-11,0.71119999885559
CL406,2011-11-12,0.71119999885559
CL406,2011-11-13,0.3555999994278
CL406,2011-11-14,0.3555999994278
CL406,2011-11-15,0.3555999994278
CL406,2011-11-16,0.3555999994278
CL406,2011-11-17,0.3555999994278
CL406,2011-11-18,0.3555999994278
CL406,2011-11-19,0.3555999994278
CL406,2011-11-20,0.3555999994278
CL406,2011-11-21,0.3555999994278
CL406,2011-11-22,0.3555999994278
CL406,2011-11-23,0.3555999994278
CL406,2011-11-24,0.3555999994278
CL406,2011-11-25,0.71119999885559
CL406,2011-11-26,0.71119999885559
CL406,2011-11-27,0.71119999885559
CL406,2011-11-28,0.71119999885559
CL406,2011-11-29,0.3555999994278
CL406,2011-11-30,0.3555999994278
CL406,2011-12-01,0.3555999994278
CL406,2011-12-02,0.3555999994278
CL406,2011-12-03,0.3555999994278
CL406,2011-12-04,0.3555999994278
CL406,2011-12-05,0.3555999994278
CL406,2011-12-06,0.3555999994278
CL406,2011-12-07,0.3555999994278
CL406,2011-12-08,0.3555999994278
CL406,2011-12-09,0.3555999994278
CL406,2011-12-10,0.3555999994278
CL406,2011-12-11,0.3555999994278
CL406,2011-12-12,0.3555999994278
CL406,2011-12-13,0.3555999994278
CL406,2011-12-14,0.3555999994278
CL406,2011-12-15,0.3555999994278
CL406,2011-12-16,0.3555999994278
CL406,2011-12-17,0.3555999994278
CL406,2011-12-18,0.3555999994278
CL406,2011-12-19,0.3555999994278
CL406,2011-12-20,0.3555999994278
CL406,2011-12-21,0.3555999994278
CL406,2011-12-22,0.3555999994278
CL406,2011-12-23,0.3555999994278
CL406,2011-12-24,0.3555999994278
CL406,2011-12-25,0.3555999994278
CL406,2011-12-26,0.3555999994278
CL406,2011-12-27,0.71119999885559
CL406,2011-12-28,0.3555999994278
CL406,2011-12-29,0.3555999994278
CL406,2011-12-30,0.3555999994278
CL406,2011-12-31,0.3555999994278
CL406,2012-01-01,0.3555999994278
CL406,2012-01-02,0.3555999994278
CL406,2012-01-03,0.85089999437332
CL406,2012-01-04,0.71119999885559
CL406,2012-01-05,0.3555999994278
CL406,2012-01-06,0.0
CL406,2012-01-07,0.71119999885559
CL406,2012-01-08,0.71119999885559
CL406,2012-01-09,0.85089999437332
CL406,2012-01-10,0.3555999994278
CL406,2012-01-11,0.3555999994278
CL406,2012-01-12,0.3555999994278
CL406,2012-01-13,0.3555999994278
CL406,2012-01-14,0.3555999994278
CL406,2012-01-15,0.3555999994278
CL406,2012-01-16,0.71119999885559
CL406,2012-01-17,0.71119999885559
CL406,2012-01-18,0.71119999885559
CL406,2012-01-19,0.71119999885559
CL406,2012-01-20,0.71119999885559
CL406,2012-01-21,1.0667999982834
CL406,2012-01-22,1.0667999982834
CL406,2012-01-23,1.4223999977112
CL406,2012-01-24,1.777999997139
CL406,2012-01-25,1.777999997139
CL406,2012-01-26,2.1335999965668
CL406,2012-01-27,2.1335999965668
CL406,2012-01-28,2.1335999965668
CL406,2012-01-29,0.85089999437332
CL406,2012-01-30,2.4892001152039
CL406,2012-01-31,2.4892001152039
CL406,2012-02-01,1.0667999982834
CL406,2012-02-02,1.0667999982834
CL406,2012-02-03,0.71119999885559
CL406,2012-02-04,0.71119999885559
CL406,2012-02-05,0.71119999885559
CL406,2012-02-06,0.71119999885559
CL406,2012-02-07,0.71119999885559
CL406,2012-02-08,0.71119999885559
CL406,2012-02-09,0.71119999885559
CL406,2012-02-10,0.71119999885559
CL406,2012-02-11,0.71119999885559
CL406,2012-02-12,0.71119999885559
CL406,2012-02-13,0.71119999885559
CL406,2012-02-14,0.71119999885559
CL406,2012-02-15,0.71119999885559
CL406,2012-02-16,0.71119999885559
CL406,2012-02-17,0.71119999885559
CL406,2012-02-18,0.71119999885559
CL406,2012-02-19,0.71119999885559
CL406,2012-02-20,0.71119999885559
CL406,2012-02-21,1.4223999977112
CL406,2012-02-22,1.0667999982834
CL406,2012-02-23,1.0667999982834
CL406,2012-02-24,1.0667999982834
CL406,2012-02-25,1.0667999982834
CL406,2012-02-26,1.0667999982834
CL406,2012-02-27,1.0667999982834
CL406,2012-02-28,1.0667999982834
CL406,2012-02-29,0.85089999437332
CL406,2012-03-01,1.0667999982834
CL406,2012-03-02,1.0667999982834
CL406,2012-03-03,1.4223999977112
CL406,2012-03-04,1.4223999977112
CL406,2012-03-05,1.4223999977112
CL406,2012-03-06,1.4223999977112
CL406,2012-03-07,1.4223999977112
CL406,2012-03-08,1.777999997139
CL406,2012-03-09,1.777999997139
CL406,2012-03-10,1.777999997139
CL406,2012-03-11,1.777999997139
CL406,2012-03-12,1.777999997139
CL406,2012-03-13,1.777999997139
CL406,2012-03-14,2.0573999881744
CL406,2012-03-15,2.1335999965668
CL406,2012-03-16,2.1335999965668
CL406,2012-03-17,2.4892001152039
CL406,2012-03-18,2.0573999881744
CL406,2012-03-19,2.4892001152039
CL406,2012-03-20,0.59080004692078
CL406,2012-03-21,2.1335999965668
CL406,2012-03-22,2.1335999965668
CL406,2012-03-23,2.4892001152039
CL406,2012-03-24,2.4892001152039
CL406,2012-03-25,2.4892001152039
CL406,2012-03-26,2.4892001152039
CL406,2012-03-27,2.8447999954224
CL406,2012-03-28,2.8447999954224
CL406,2012-03-29,2.8447999954224
CL406,2012-03-30,2.8447999954224
CL406,2012-03-31,2.8447999954224
CL406,2012-04-01,2.8447999954224
CL406,2012-04-02,2.8447999954224
CL406,2012-04-03,2.8447999954224
CL406,2012-04-04,2.8447999954224
CL406,2012-04-05,2.8447999954224
CL406,2012-04-06,2.8447999954224
CL406,2012-04-07,1.1339999437332
CL406,2012-04-08,0.0
CL406,2012-04-09,1.1088000535965
CL406,2012-04-10,1.4223999977112
CL406,2012-04-11,0.71119999885559
CL406,2012-04-12,0.80360001325607
CL406,2012-04-13,2.8447999954224
CL406,2012-04-14,2.8447999954224
CL406,2012-04-15,2.8447999954224
CL406,2012-04-16,2.8447999954224
CL406,2012-04-17,0.0
CL406,2012-04-18,2.8447999954224
CL406,2012-04-19,3.2004001140595
CL406,2012-04-20,3.2004001140595
CL406,2012-04-21,3.2004001140595
CL406,2012-04-22,2.4892001152039
CL406,2012-04-23,3.555999994278
CL406,2012-04-24,3.555999994278
CL406,2012-04-25,3.2004001140595
CL406,2012-04-26,1.5231996774673
CL406,2012-04-27,2.4892001152039
CL406,2012-04-28,2.8447999954224
CL406,2012-04-29,2.8447999954224
CL406,2012-04-30,2.8447999954224
CL406,2012-05-01,2.5215272903442
CL406,2012-05-02,2.1335999965668
CL406,2012-05-03,1.3775999546051
CL406,2012-05-04,2.5215272903442
CL406,2012-05-05,1.4223999977112
CL406,2012-05-06,2.1335999965668
CL406,2012-05-07,2.4892001152039
CL406,2012-05-08,2.8447999954224
CL406,2012-05-09,2.8447999954224
CL406,2012-05-10,2.8447999954224
CL406,2012-05-11,2.8447999954224
CL406,2012-05-12,2.5215272903442
CL406,2012-05-13,2.5215272903442
CL406,2012-05-14,2.8447999954224
CL406,2012-05-15,2.8447999954224
CL406,2012-05-16,2.5215272903442
CL406,2012-05-17,2.4892001152039
CL406,2012-05-18,2.5215272903442
CL406,2012-05-19,2.8447999954224
CL406,2012-05-20,2.5215272903442
CL406,2012-05-21,2.4892001152039
CL406,2012-05-22,2.8447999954224
CL406,2012-05-23,2.4892001152039
CL406,2012-05-24,2.8447999954224
CL406,2012-05-25,2.4892001152039
CL406,2012-05-26,2.1335999965668
CL406,2012-05-27,2.4892001152039
CL406,2012-05-28,2.1335999965668
CL406,2012-05-29,1.0163999795914
CL406,2012-05-30,2.8447999954224
CL406,2012-05-31,2.1335999965668
CL406,2012-06-01,1.777999997139
CL406,2012-06-02,1.4223999977112
CL406,2012-06-03,0.59920001029968
CL406,2012-06-04,1.777999997139
CL406,2012-06-05,1.777999997139
CL406,2012-06-06,0.0
CL406,2012-06-07,2.1335999965668
CL406,2012-06-08,2.1335999965668
CL406,2012-06-09,2.1335999965668
CL406,2012-06-10,2.1280000209808
CL406,2012-06-11,2.8447999954224
CL406,2012-06-12,3.2004001140595
CL406,2012-06-13,3.2004001140595
CL406,2012-06-14,3.2004001140595
CL406,2012-06-15,3.2004001140595
CL406,2012-06-16,2.8447999954224
CL406,2012-06-17,2.8447999954224
CL406,2012-06-18,0.62159997224808
CL406,2012-06-19,1.777999997139
CL406,2012-06-20,1.7668000459671
CL406,2012-06-21,2.220400094986
CL406,2012-06-22,2.4704842567444
CL406,2012-06-23,0.0
CL406,2012-06-24,1.7051999568939
CL406,2012-06-25,2.4704842567444
CL406,2012-06-26,2.4892001152039
CL406,2012-06-27,2.4892001152039
CL406,2012-06-28,2.8447999954224
CL406,2012-06-29,0.26039999723434
CL406,2012-06-30,2.8447999954224
CL406,2012-07-01,2.4892001152039
CL406,2012-07-02,1.777999997139
CL406,2012-07-03,2.1335999965668
CL406,2012-07-04,1.6002000570297
CL406,2012-07-05,0.18479999899864
CL406,2012-07-06,0.0
CL406,2012-07-07,0.0
CL406,2012-07-08,1.6002000570297
CL406,2012-07-09,1.0388000011444
CL406,2012-07-10,0.98839998245239
CL406,2012-07-11,1.6002000570297
CL406,2012-07-12,1.4223999977112
CL406,2012-07-13,1.6002000570297
CL406,2012-07-14,1.6002000570297
CL406,2012-07-15,0.68879997730255
CL406,2012-07-16,1.2208000421524
CL406,2012-07-17,1.4223999977112
CL406,2012-07-18,1.6002000570297
CL406,2012-07-19,0.28839999437332
CL406,2012-07-20,1.4223999977112
CL406,2012-07-21,1.0667999982834
CL406,2012-07-22,0.0
CL406,2012-07-23,1.6002000570297
CL406,2012-07-24,1.570799946785
CL406,2012-07-25,1.4223999977112
CL406,2012-07-26,1.4223999977112
CL406,2012-07-27,1.4223999977112
CL406,2012-07-28,1.6002000570297
CL406,2012-07-29,1.6002000570297
CL406,2012-07-30,1.6002000570297
CL406,2012-07-31,1.2992000579834
CL406,2012-08-01,1.5865230560303
CL406,2012-08-02,1.4223999977112
CL406,2012-08-03,1.4223999977112
CL406,2012-08-04,1.5865230560303
CL406,2012-08-05,1.4223999977112
CL406,2012-08-06,0.0
CL406,2012-08-07,1.2824000120163
CL406,2012-08-08,0.0
CL406,2012-08-09,0.29960000514984
CL406,2012-08-10,1.777999997139
CL406,2012-08-11,1.5865230560303
CL406,2012-08-12,0.966000020504
CL406,2012-08-13,1.2879999876022
CL406,2012-08-14,1.5865230560303
CL406,2012-08-15,1.777999997139
CL406,2012-08-16,2.1335999965668
CL406,2012-08-17,0.0
CL406,2012-08-18,1.4223999977112
CL406,2012-08-19,0.0
CL406,2012-08-20,0.29399999976158
CL406,2012-08-21,1.5036000013351
CL406,2012-08-22,0.61599999666214
CL406,2012-08-23,1.4223999977112
CL406,2012-08-24,1.5865230560303
CL406,2012-08-25,1.4223999977112
CL406,2012-08-26,1.4223999977112
CL406,2012-08-27,0.93239998817444
CL406,2012-08-28,1.4223999977112
CL406,2012-08-29,1.777999997139
CL406,2012-08-30,0.27720001339912
CL406,2012-08-31,1.777999997139
CL406,2012-09-01,0.91122502088547
CL406,2012-09-02,1.777999997139
CL406,2012-09-03,2.1335999965668
CL406,2012-09-04,0.91122502088547
CL406,2012-09-05,0.56559997797012
CL406,2012-09-06,0.62720000743866
CL406,2012-09-07,2.1335999965668
CL406,2012-09-08,2.1335999965668
CL406,2012-09-09,0.91122502088547
CL406,2012-09-10,0.91122502088547
CL406,2012-09-11,0.91122502088547
CL406,2012-09-12,0.91122502088547
CL406,2012-09-13,1.0667999982834
CL406,2012-09-14,0.91122502088547
CL406,2012-09-15,0.91122502088547
CL406,2012-09-16,1.4223999977112
CL406,2012-09-17,0.91122502088547
CL406,2012-09-18,0.0
CL406,2012-09-19,1.4223999977112
CL406,2012-09-20,1.4223999977112
CL406,2012-09-21,1.4223999977112
CL406,2012-09-22,1.4223999977112
CL406,2012-09-23,1.777999997139
CL406,2012-09-24,0.0
CL406,2012-09-25,0.91122502088547
CL406,2012-09-26,1.4223999977112
CL406,2012-09-27,1.777999997139
CL406,2012-09-28,0.91122502088547
CL406,2012-09-29,1.0667999982834
CL406,2012-09-30,1.4223999977112
CL406,2012-10-01,1.4223999977112
CL406,2012-10-02,2.1335999965668
CL406,2012-10-03,1.777999997139
CL406,2012-10-04,0.62159997224808
CL406,2012-10-05,1.194815993309
CL406,2012-10-06,2.1335999965668
CL406,2012-10-07,1.194815993309
CL406,2012-10-08,2.1335999965668
CL406,2012-10-09,2.1335999965668
CL406,2012-10-10,1.194815993309
CL406,2012-10-11,1.777999997139
CL406,2012-10-12,0.98280000686645
CL406,2012-10-13,1.777999997139
CL406,2012-10-14,2.1335999965668
CL406,2012-10-15,0.0
CL406,2012-10-16,1.4223999977112
CL406,2012-10-17,1.4223999977112
CL406,2012-10-18,0.71119999885559
CL406,2012-10-19,0.71119999885559
CL406,2012-10-20,1.0667999982834
CL406,2012-10-21,0.71119999885559
CL406,2012-10-22,0.71119999885559
CL406,2012-10-23,0.71119999885559
CL406,2012-10-24,0.71119999885559
CL406,2012-10-25,0.71119999885559
CL406,2012-10-26,0.71119999885559
CL406,2012-10-27,0.71119999885559
CL406,2012-10-28,0.71119999885559
CL406,2012-10-29,0.71119999885559
CL406,2012-10-30,0.3555999994278
CL406,2012-10-31,0.3555999994278
CL406,2012-11-01,0.3555999994278
CL406,2012-11-02,0.3555999994278
CL406,2012-11-03,0.32760000228882
CL406,2012-11-04,0.0
CL406,2012-11-05,0.0
CL406,2012-11-06,0.0
CL406,2012-11-07,0.0
CL406,2012-11-08,0.37041667103767
CL406,2012-11-09,0.3555999994278
CL406,2012-11-10,0.71119999885559
CL406,2012-11-11,0.71119999885559
CL406,2012-11-12,0.0
CL406,2012-11-13,0.0
CL406,2012-11-14,0.3555999994278
CL406,2012-11-15,0.0
CL406,2012-11-16,0.3555999994278
CL406,2012-11-17,0.0
CL406,2012-11-18,0.3555999994278
CL406,2012-11-19,0.3555999994278
CL406,2012-11-20,0.3555999994278
CL406,2012-11-21,0.3555999994278
CL406,2012-11-22,0.71119999885559
CL406,2012-11-23,0.71119999885559
CL406,2012-11-24,0.71119999885559
CL406,2012-11-25,0.3555999994278
CL406,2012-11-26,0.3555999994278
CL406,2012-11-27,0.3555999994278
CL406,2012-11-28,0.3555999994278
CL406,2012-11-29,0.3555999994278
CL406,2012-11-30,0.3555999994278
CL406,2012-12-01,0.3555999994278
CL406,2012-12-02,0.3555999994278
CL406,2012-12-03,0.3555999994278
CL406,2012-12-04,0.3555999994278
CL406,2012-12-05,0.3555999994278
CL406,2012-12-06,0.3555999994278
CL406,2012-12-07,0.3555999994278
CL406,2012-12-08,0.3555999994278
CL406,2012-12-09,0.3555999994278
CL406,2012-12-10,0.3555999994278
CL406,2012-12-11,0.3555999994278
CL406,2012-12-12,0.0
CL406,2012-12-13,0.3555999994278
CL406,2012-12-14,0.3555999994278
CL406,2012-12-15,0.3555999994278
CL406,2012-12-16,0.71119999885559
CL406,2012-12-17,0.71119999885559
CL406,2012-12-18,0.3555999994278
CL406,2012-12-19,0.3555999994278
CL406,2012-12-20,0.3555999994278
CL406,2012-12-21,0.3555999994278
CL406,2012-12-22,0.3555999994278
CL406,2012-12-23,0.3555999994278
CL406,2012-12-24,0.0
CL406,2012-12-25,0.3555999994278
CL406,2012-12-26,0.0
CL406,2012-12-27,0.0
CL406,2012-12-28,0.3555999994278
CL406,2012-12-29,0.0
CL406,2012-12-30,0.0
CL406,2012-12-31,0.3555999994278
CL406,2013-01-01,0.0
CL406,2013-01-02,0.3555999994278
CL406,2013-01-03,0.0
CL406,2013-01-04,0.0
CL406,2013-01-05,0.0
CL406,2013-01-06,0.3555999994278
CL406,2013-01-07,0.71119999885559
CL406,2013-01-08,0.71119999885559
CL406,2013-01-09,0.71119999885559
CL406,2013-01-10,0.71119999885559
CL406,2013-01-11,0.71119999885559
CL406,2013-01-12,0.71119999885559
CL406,2013-01-13,0.3555999994278
CL406,2013-01-14,0.3555999994278
CL406,2013-01-15,0.3555999994278
CL406,2013-01-16,0.0
CL406,2013-01-17,0.3555999994278
CL406,2013-01-18,0.3555999994278
CL406,2013-01-19,0.71119999885559
CL406,2013-01-20,0.71119999885559
CL406,2013-01-21,0.71119999885559
CL406,2013-01-22,0.71119999885559
CL406,2013-01-23,0.71119999885559
CL406,2013-01-24,0.3555999994278
CL406,2013-01-25,0.0
CL406,2013-01-26,0.3555999994278
CL406,2013-01-27,0.0
CL406,2013-01-28,0.0
CL406,2013-01-29,0.3555999994278
CL406,2013-01-30,0.71119999885559
CL406,2013-01-31,0.3555999994278
CL406,2013-02-01,0.3555999994278
CL406,2013-02-02,0.3555999994278
CL406,2013-02-03,0.3555999994278
CL406,2013-02-04,0.3555999994278
CL406,2013-02-05,0.71119999885559
CL406,2013-02-06,0.71119999885559
CL406,2013-02-07,0.71119999885559
CL406,2013-02-08,0.71119999885559
CL406,2013-02-09,1.0667999982834
CL406,2013-02-10,1.0667999982834
CL406,2013-02-11,0.71119999885559
CL406,2013-02-12,0.71119999885559
CL406,2013-02-13,0.71119999885559
CL406,2013-02-14,0.71119999885559
CL406,2013-02-15,0.71119999885559
CL406,2013-02-16,0.71119999885559
CL406,2013-02-17,0.71119999885559
CL406,2013-02-18,0.23240000009537
CL406,2013-02-19,0.71119999885559
CL406,2013-02-20,0.71119999885559
CL406,2013-02-21,0.71119999885559
CL406,2013-02-22,0.71119999885559
CL406,2013-02-23,0.71119999885559
CL406,2013-02-24,1.0667999982834
CL406,2013-02-25,1.0667999982834
CL406,2013-02-26,1.0667999982834
CL406,2013-02-27,1.0667999982834
CL406,2013-02-28,1.4223999977112
CL406,2013-03-01,1.4223999977112
CL406,2013-03-02,1.4223999977112
CL406,2013-03-03,1.4223999977112
CL406,2013-03-04,1.0667999982834
CL406,2013-03-05,1.4223999977112
CL406,2013-03-06,1.4223999977112
CL406,2013-03-07,1.777999997139
CL406,2013-03-08,1.777999997139
CL406,2013-03-09,1.777999997139
CL406,2013-03-10,1.777999997139
CL406,2013-03-11,2.1335999965668
CL406,2013-03-12,1.777999997139
CL406,2013-03-13,1.777999997139
CL406,2013-03-14,1.4223999977112
CL406,2013-03-15,1.4223999977112
CL406,2013-03-16,1.4223999977112
CL406,2013-03-17,1.4223999977112
CL406,2013-03-18,1.4223999977112
CL406,2013-03-19,1.777999997139
CL406,2013-03-20,2.1335999965668
CL406,2013-03-21,2.4892001152039
CL406,2013-03-22,2.8447999954224
CL406,2013-03-23,2.4892001152039
CL406,2013-03-24,2.4892001152039
CL406,2013-03-25,2.1217467784882
CL406,2013-03-26,3.555999994278
CL406,2013-03-27,3.2004001140595
CL406,2013-03-28,3.555999994278
CL406,2013-03-29,3.555999994278
CL406,2013-03-30,3.911600112915
CL406,2013-03-31,3.555999994278
CL406,2013-04-01,2.4892001152039
CL406,2013-04-02,2.8447999954224
CL406,2013-04-03,2.8447999954224
CL406,2013-04-04,2.8447999954224
CL406,2013-04-05,3.2004001140595
CL406,2013-04-06,3.555999994278
CL406,2013-04-07,3.555999994278
CL406,2013-04-08,3.2004001140595
CL406,2013-04-09,3.2004001140595
CL406,2013-04-10,3.555999994278
CL406,2013-04-11,3.555999994278
CL406,2013-04-12,3.2004001140595
CL406,2013-04-13,2.8447999954224
CL406,2013-04-14,2.8447999954224
CL406,2013-04-15,2.4892001152039
CL406,2013-04-16,2.4892001152039
CL406,2013-04-17,1.9880000352859
CL406,2013-04-18,1.0667999982834
CL406,2013-04-19,1.4223999977112
CL406,2013-04-20,2.0383999347687
CL406,2013-04-21,2.1335999965668
CL406,2013-04-22,1.3495999574661
CL406,2013-04-23,1.4223999977112
CL406,2013-04-24,0.887600004673
CL406,2013-04-25,2.1335999965668
CL406,2013-04-26,2.4892001152039
CL406,2013-04-27,2.8447999954224
CL406,2013-04-28,2.8447999954224
CL406,2013-04-29,2.8447999954224
CL406,2013-04-30,1.6771999597549
CL406,2013-05-01,3.2004001140595
CL406,2013-05-02,3.555999994278
CL406,2013-05-03,3.555999994278
CL406,2013-05-04,3.555999994278
CL406,2013-05-05,0.45919999480247
CL406,2013-05-06,2.1335999965668
CL406,2013-05-07,0.81480002403259
CL406,2013-05-08,0.33320000767708
CL406,2013-05-09,1.3608000278473
CL406,2013-05-10,2.2952363491058
CL406,2013-05-11,2.4892001152039
CL406,2013-05-12,1.3048000335693
CL406,2013-05-13,0.52079999446869
CL406,2013-05-14,2.0271999835968
CL406,2013-05-15,2.1335999965668
CL406,2013-05-16,1.3272000551224
CL406,2013-05-17,2.004800081253
CL406,2013-05-18,0.71119999885559
CL406,2013-05-19,1.0667999982834
CL406,2013-05-20,1.4223999977112
CL406,2013-05-21,0.0
CL406,2013-05-22,1.2151999473572
CL406,2013-05-23,1.0415999889374
CL406,2013-05-24,0.0
CL406,2013-05-25,0.0
CL406,2013-05-26,0.94359999895096
CL406,2013-05-27,1.4223999977112
CL406,2013-05-28,2.2952363491058
CL406,2013-05-29,0.32199999690056
CL406,2013-05-30,1.9936000108719
CL406,2013-05-31,0.87360000610352
CL406,2013-06-01,2.4330525398254
CL406,2013-06-02,1.4223999977112
CL406,2013-06-03,1.777999997139
CL406,2013-06-04,2.1335999965668
CL406,2013-06-05,2.8447999954224
CL406,2013-06-06,3.2004001140595
CL406,2013-06-07,1.9235999584198
CL406,2013-06-08,0.27160000801086
CL406,2013-06-09,0.71119999885559
CL406,2013-06-10,1.0667999982834
CL406,2013-06-11,1.4223999977112
CL406,2013-06-12,2.4892001152039
CL406,2013-06-13,3.2004001140595
CL406,2013-06-14,0.63840001821518
CL406,2013-06-15,0.24359999597073
CL406,2013-06-16,2.1335999965668
CL406,2013-06-17,2.8447999954224
CL406,2013-06-18,2.8447999954224
CL406,2013-06-19,2.8447999954224
CL406,2013-06-20,2.4330525398254
CL406,2013-06-21,2.4892001152039
CL406,2013-06-22,3.2004001140595
CL406,2013-06-23,2.8447999954224
CL406,2013-06-24,3.555999994278
CL406,2013-06-25,3.2004001140595
CL406,2013-06-26,0.0
CL406,2013-06-27,0.0
CL406,2013-06-28,0.26039999723434
CL406,2013-06-29,0.44519999623299
CL406,2013-06-30,0.29960000514984
CL406,2013-07-01,1.0499999523163
CL406,2013-07-02,2.0320000648498
CL406,2013-07-03,1.777999997139
CL406,2013-07-04,1.777999997139
CL406,2013-07-05,2.0320000648498
CL406,2013-07-06,1.777999997139
CL406,2013-07-07,1.777999997139
CL406,2013-07-08,2.4892001152039
CL406,2013-07-09,2.8447999954224
CL406,2013-07-10,2.8447999954224
CL406,2013-07-11,2.8447999954224
CL406,2013-07-12,0.6327999830246
CL406,2013-07-13,0.97159999608993
CL406,2013-07-14,1.777999997139
CL406,2013-07-15,0.31079998612404
CL406,2013-07-16,0.0
CL406,2013-07-17,1.2824000120163
CL406,2013-07-18,2.1335999965668
CL406,2013-07-19,2.4892001152039
CL406,2013-07-20,2.0320000648498
CL406,2013-07-21,1.904000043869
CL406,2013-07-22,0.61599999666214
CL406,2013-07-23,1.0667999982834
CL406,2013-07-24,1.4223999977112
CL406,2013-07-25,0.0
CL406,2013-07-26,0.56559997797012
CL406,2013-07-27,0.32760000228882
CL406,2013-07-28,0.60759997367859
CL406,2013-07-29,0.0
CL406,2013-07-30,1.0388000011444
CL406,2013-07-31,1.4223999977112
CL406,2013-08-01,0.67199999094009
CL406,2013-08-02,1.4223999977112
CL406,2013-08-03,0.31079998612404
CL406,2013-08-04,1.3999999761581
CL406,2013-08-05,2.1335999965668
CL406,2013-08-06,1.6486909389496
CL406,2013-08-07,0.24920000135899
CL406,2013-08-08,1.777999997139
CL406,2013-08-09,1.3495999574661
CL406,2013-08-10,1.777999997139
CL406,2013-08-11,1.6486909389496
CL406,2013-08-12,1.1088000535965
CL406,2013-08-13,1.2935999631882
CL406,2013-08-14,0.6496000289917
CL406,2013-08-15,0.0
CL406,2013-08-16,1.777999997139
CL406,2013-08-17,1.6267999410629
CL406,2013-08-18,1.4223999977112
CL406,2013-08-19,1.6486909389496
CL406,2013-08-20,1.0332000255585
CL406,2013-08-21,0.0
CL406,2013-08-22,1.4223999977112
CL406,2013-08-23,0.0
CL406,2013-08-24,1.4223999977112
CL406,2013-08-25,1.777999997139
CL406,2013-08-26,1.777999997139
CL406,2013-08-27,0.67479997873306
CL406,2013-08-28,1.2488000392914
CL406,2013-08-29,1.6486909389496
CL406,2013-08-30,1.4223999977112
CL406,2013-08-31,1.6486909389496
CL406,2013-09-01,1.0499999523163
CL406,2013-09-02,1.4223999977112
CL406,2013-09-03,1.2879999876022
CL406,2013-09-04,1.5112999677658
CL406,2013-09-05,1.5112999677658
CL406,2013-09-06,0.71119999885559
CL406,2013-09-07,1.0667999982834
CL406,2013-09-08,1.4223999977112
CL406,2013-09-09,0.29960000514984
CL406,2013-09-10,0.40880000591278
CL406,2013-09-11,1.4223999977112
CL406,2013-09-12,1.4223999977112
CL406,2013-09-13,1.777999997139
CL406,2013-09-14,1.4223999977112
CL406,2013-09-15,0.54879999160767
CL406,2013-09-16,1.777999997139
CL406,2013-09-17,2.1335999965668
CL406,2013-09-18,1.2375999689102
CL406,2013-09-19,1.777999997139
CL406,2013-09-20,1.5112999677658
CL406,2013-09-21,1.5112999677658
CL406,2013-09-22,1.4223999977112
CL406,2013-09-23,1.4223999977112
CL406,2013-09-24,1.777999997139
CL406,2013-09-25,1.777999997139
CL406,2013-09-26,0.0
CL406,2013-09-27,0.96039998531342
CL406,2013-09-28,1.4223999977112
CL406,2013-09-29,0.98280000686645
CL406,2013-09-30,0.0
CL406,2013-10-01,0.28839999437332
CL406,2013-10-02,0.32760000228882
CL406,2013-10-03,0.40893998742104
CL406,2013-10-04,0.0
CL406,2013-10-05,0.18760000169277
CL406,2013-10-06,0.33599999547005
CL406,2013-10-07,0.0
CL406,2013-10-08,0.3555999994278
CL406,2013-10-09,0.3555999994278
CL406,2013-10-10,0.3555999994278
CL406,2013-10-11,0.71119999885559
CL406,2013-10-12,0.71119999885559
CL406,2013-10-13,0.71119999885559
CL406,2013-10-14,0.3555999994278
CL406,2013-10-15,0.3555999994278
CL406,2013-10-16,0.40893998742104
CL406,2013-10-17,0.3555999994278
CL406,2013-10-18,0.3555999994278
CL406,2013-10-19,0.3555999994278
CL406,2013-10-20,0.3555999994278
CL406,2013-10-21,0.3555999994278
CL406,2013-10-22,0.3555999994278
CL406,2013-10-23,0.12600000202656
CL406,2013-10-24,0.3555999994278
CL406,2013-10-25,0.0
CL406,2013-10-26,0.28279998898506
CL406,2013-10-27,0.3555999994278
CL406,2013-10-28,0.3555999994278
CL406,2013-10-29,0.3555999994278
CL406,2013-10-30,0.3555999994278
CL406,2013-10-31,0.3555999994278
CL406,2013-11-01,0.3555999994278
CL406,2013-11-02,0.3555999994278
CL406,2013-11-03,0.3555999994278
CL406,2013-11-04,0.3555999994278
CL406,2013-11-05,0.3555999994278
CL406,2013-11-06,0.3555999994278
CL406,2013-11-07,0.3555999994278
CL406,2013-11-08,0.3555999994278
CL406,2013-11-09,0.3555999994278
CL406,2013-11-10,0.71119999885559
CL406,2013-11-11,0.71119999885559
CL406,2013-11-12,0.3555999994278
CL406,2013-11-13,0.3555999994278
CL406,2013-11-14,0.3555999994278
CL406,2013-11-15,0.3555999994278
CL406,2013-11-16,0.3555999994278
CL406,2013-11-17,0.0
CL406,2013-11-18,0.3555999994278
CL406,2013-11-19,0.3555999994278
CL406,2013-11-20,0.3555999994278
CL406,2013-11-21,0.3555999994278
CL406,2013-11-22,0.3555999994278
CL406,2013-11-23,0.3555999994278
CL406,2013-11-24,0.3555999994278
CL406,2013-11-25,0.3555999994278
CL406,2013-11-26,0.3555999994278
CL406,2013-11-27,0.3555999994278
CL406,2013-11-28,0.3555999994278
CL406,2013-11-29,0.3555999994278
CL406,2013-11-30,0.3555999994278
CL406,2013-12-01,0.3555999994278
CL406,2013-12-02,0.3555999994278
CL406,2013-12-03,0.3555999994278
CL406,2013-12-04,0.3555999994278
CL406,2013-12-05,0.3555999994278
CL406,2013-12-06,0.3555999994278
CL406,2013-12-07,0.3555999994278
CL406,2013-12-08,0.3555999994278
CL406,2013-12-09,0.3555999994278
CL406,2013-12-10,0.3555999994278
CL406,2013-12-11,0.71119999885559
CL406,2013-12-12,0.71119999885559
CL406,2013-12-13,0.3555999994278
CL406,2013-12-14,0.3555999994278
CL406,2013-12-15,0.3555999994278
CL406,2013-12-16,0.3555999994278
CL406,2013-12-17,0.71119999885559
CL406,2013-12-18,0.3555999994278
CL406,2013-12-19,0.3555999994278
CL406,2013-12-20,0.3555999994278
CL406,2013-12-21,0.3555999994278
CL406,2013-12-22,0.3555999994278
CL406,2013-12-23,0.0
CL406,2013-12-24,0.0
CL406,2013-12-25,0.0
CL406,2013-12-26,0.0
CL406,2013-12-27,0.0
CL406,2013-12-28,0.3555999994278
CL406,2013-12-29,0.3555999994278
CL406,2013-12-30,0.3555999994278
CL406,2013-12-31,0.3555999994278
CL406,2014-01-01,0.0
CL406,2014-01-02,0.0
CL406,2014-01-03,0.0
CL406,2014-01-04,0.0
CL406,2014-01-05,0.0
CL406,2014-01-06,0.3555999994278
CL406,2014-01-07,0.3555999994278
CL406,2014-01-08,0.3555999994278
CL406,2014-01-09,0.71119999885559
CL406,2014-01-10,0.3555999994278
CL406,2014-01-11,0.3555999994278
CL406,2014-01-12,0.3555999994278
CL406,2014-01-13,0.71119999885559
CL406,2014-01-14,0.3555999994278
CL406,2014-01-15,0.0
CL406,2014-01-16,0.0
CL406,2014-01-17,0.0
CL406,2014-01-18,0.0
CL406,2014-01-19,0.0
CL406,2014-01-20,0.0
CL406,2014-01-21,0.0
CL406,2014-01-22,0.3555999994278
CL406,2014-01-23,0.3555999994278
CL406,2014-01-24,0.3555999994278
CL406,2014-01-25,0.3555999994278
CL406,2014-01-26,0.3555999994278
CL406,2014-01-27,0.3555999994278
CL406,2014-01-28,0.3555999994278
CL406,2014-01-29,0.3555999994278
CL406,2014-01-30,0.3555999994278
CL406,2014-01-31,0.3555999994278
CL406,2014-02-01,0.3555999994278
CL406,2014-02-02,0.3555999994278
CL406,2014-02-03,0.3555999994278
CL406,2014-02-04,0.3555999994278
CL406,2014-02-05,0.3555999994278
CL406,2014-02-06,0.3555999994278
CL406,2014-02-07,0.3555999994278
CL406,2014-02-08,0.3555999994278
CL406,2014-02-09,0.71119999885559
CL406,2014-02-10,0.71119999885559
CL406,2014-02-11,0.71119999885559
CL406,2014-02-12,0.71119999885559
CL406,2014-02-13,0.71119999885559
CL406,2014-02-14,0.71119999885559
CL406,2014-02-15,0.71119999885559
CL406,2014-02-16,0.0
CL406,2014-02-17,0.5470769405365
CL406,2014-02-18,0.71119999885559
CL406,2014-02-19,0.3555999994278
CL406,2014-02-20,0.71119999885559
CL406,2014-02-21,0.3555999994278
CL406,2014-02-22,0.3555999994278
CL406,2014-02-23,0.3555999994278
CL406,2014-02-24,0.71119999885559
CL406,2014-02-25,0.71119999885559
CL406,2014-02-26,0.71119999885559
CL406,2014-02-27,0.71119999885559
CL406,2014-02-28,0.71119999885559
CL406,2014-03-01,0.71119999885559
CL406,2014-03-02,0.71119999885559
CL406,2014-03-03,1.0667999982834
CL406,2014-03-04,1.0667999982834
CL406,2014-03-05,1.0667999982834
CL406,2014-03-06,1.0667999982834
CL406,2014-03-07,1.4223999977112
CL406,2014-03-08,1.4223999977112
CL406,2014-03-09,1.4223999977112
CL406,2014-03-10,1.4223999977112
CL406,2014-03-11,1.4223999977112
CL406,2014-03-12,1.4223999977112
CL406,2014-03-13,1.4223999977112
CL406,2014-03-14,1.4223999977112
CL406,2014-03-15,2.1335999965668
CL406,2014-03-16,2.1335999965668
CL406,2014-03-17,2.1335999965668
CL406,2014-03-18,2.1335999965668
CL406,2014-03-19,1.4223999977112
CL406,2014-03-20,1.4223999977112
CL406,2014-03-21,1.777999997139
CL406,2014-03-22,1.777999997139
CL406,2014-03-23,1.7068799734116
CL406,2014-03-24,1.777999997139
CL406,2014-03-25,1.777999997139
CL406,2014-03-26,2.1335999965668
CL406,2014-03-27,2.1335999965668
CL406,2014-03-28,2.4892001152039
CL406,2014-03-29,2.8447999954224
CL406,2014-03-30,2.8447999954224
CL406,2014-03-31,3.2004001140595
CL406,2014-04-01,2.8447999954224
CL406,2014-04-02,2.8447999954224
CL406,2014-04-03,3.2004001140595
CL406,2014-04-04,1.0975999832153
CL406,2014-04-05,1.777999997139
CL406,2014-04-06,2.1335999965668
CL406,2014-04-07,2.4892001152039
CL406,2014-04-08,1.777999997139
CL406,2014-04-09,2.1335999965668
CL406,2014-04-10,2.4892001152039
CL406,2014-04-11,2.4892001152039
CL406,2014-04-12,2.8447999954224
CL406,2014-04-13,3.911600112915
CL406,2014-04-14,3.555999994278
CL406,2014-04-15,2.8447999954224
CL406,2014-04-16,2.8447999954224
CL406,2014-04-17,2.8447999954224
CL406,2014-04-18,2.8447999954224
CL406,2014-04-19,2.8447999954224
CL406,2014-04-20,2.8447999954224
CL406,2014-04-21,2.8447999954224
CL406,2014-04-22,3.555999994278
CL406,2014-04-23,3.555999994278
CL406,2014-04-24,3.555999994278
CL406,2014-04-25,3.555999994278
CL406,2014-04-26,3.555999994278
CL406,2014-04-27,3.555999994278
CL406,2014-04-28,3.555999994278
CL406,2014-04-29,3.2004001140595
CL406,2014-04-30,2.4107999801636
CL406,2014-05-01,2.8447999954224
CL406,2014-05-02,2.6415998935699
CL406,2014-05-03,2.6415998935699
CL406,2014-05-04,2.4892001152039
CL406,2014-05-05,2.8447999954224
CL406,2014-05-06,2.8447999954224
CL406,2014-05-07,3.2004001140595
CL406,2014-05-08,2.6415998935699
CL406,2014-05-09,2.4892001152039
CL406,2014-05-10,3.2004001140595
CL406,2014-05-11,1.4223999977112
CL406,2014-05-12,1.777999997139
CL406,2014-05-13,2.4388000965118
CL406,2014-05-14,2.6415998935699
CL406,2014-05-15,2.1335999965668
CL406,2014-05-16,2.1335999965668
CL406,2014-05-17,2.4892001152039
CL406,2014-05-18,2.4892001152039
CL406,2014-05-19,3.2004001140595
CL406,2014-05-20,2.4892001152039
CL406,2014-05-21,2.8447999954224
CL406,2014-05-22,2.8447999954224
CL406,2014-05-23,2.8447999954224
CL406,2014-05-24,3.2004001140595
CL406,2014-05-25,3.2004001140595
CL406,2014-05-26,2.6415998935699
CL406,2014-05-27,1.722000002861
CL406,2014-05-28,0.0
CL406,2014-05-29,0.62159997224808
CL406,2014-05-30,2.4892001152039
CL406,2014-05-31,0.0
CL406,2014-06-01,0.86799997091293
CL406,2014-06-02,1.5318154096603
CL406,2014-06-03,0.0
CL406,2014-06-04,0.33880001306534
CL406,2014-06-05,1.4223999977112
CL406,2014-06-06,1.777999997139
CL406,2014-06-07,1.777999997139
CL406,2014-06-08,2.1335999965668
CL406,2014-06-09,2.1335999965668
CL406,2014-06-10,2.4892001152039
CL406,2014-06-11,1.3999999761581
CL406,2014-06-12,1.5318154096603
CL406,2014-06-13,1.4223999977112
CL406,2014-06-14,1.777999997139
CL406,2014-06-15,1.5318154096603
CL406,2014-06-16,1.4223999977112
CL406,2014-06-17,1.777999997139
CL406,2014-06-18,1.5318154096603
CL406,2014-06-19,1.5318154096603
CL406,2014-06-20,0.0
CL406,2014-06-21,0.89319998025894
CL406,2014-06-22,0.0
CL406,2014-06-23,0.48159998655319
CL406,2014-06-24,0.65520000457764
CL406,2014-06-25,0.0
CL406,2014-06-26,0.71119999885559
CL406,2014-06-27,0.0
CL406,2014-06-28,0.16519999504089
CL406,2014-06-29,1.0667999982834
CL406,2014-06-30,0.0
CL406,2014-07-01,1.0667999982834
CL406,2014-07-02,1.0667999982834
CL406,2014-07-03,1.0394461154938
CL406,2014-07-04,1.0394461154938
CL406,2014-07-05,1.0394461154938
CL406,2014-07-06,0.67199999094009
CL406,2014-07-07,1.0394461154938
CL406,2014-07-08,0.3555999994278
CL406,2014-07-09,1.0394461154938
CL406,2014-07-10,1.0394461154938
CL406,2014-07-11,1.4223999977112
CL406,2014-07-12,1.4223999977112
CL406,2014-07-13,1.777999997139
CL406,2014-07-14,0.99400001764297
CL406,2014-07-15,0.62159997224808
CL406,2014-07-16,1.0388000011444
CL406,2014-07-17,0.3555999994278
CL406,2014-07-18,0.71119999885559
CL406,2014-07-19,1.4223999977112
CL406,2014-07-20,0.29960000514984
CL406,2014-07-21,0.71119999885559
CL406,2014-07-22,0.73079997301102
CL406,2014-07-23,0.67199999094009
CL406,2014-07-24,1.0394461154938
CL406,2014-07-25,0.67199999094009
CL406,2014-07-26,1.0667999982834
CL406,2014-07-27,1.4223999977112
CL406,2014-07-28,0.64399999380112
CL406,2014-07-29,0.0
CL406,2014-07-30,0.69440001249313
CL406,2014-07-31,0.71119999885559
CL406,2014-08-01,1.0163999795914
CL406,2014-08-02,1.0667999982834
CL406,2014-08-03,1.4223999977112
CL406,2014-08-04,1.4223999977112
CL406,2014-08-05,1.3552000522614
CL406,2014-08-06,0.0
CL406,2014-08-07,0.65520000457764
CL406,2014-08-08,1.3676923513413
CL406,2014-08-09,1.777999997139
CL406,2014-08-10,1.777999997139
CL406,2014-08-11,0.29399999976158
CL406,2014-08-12,2.1335999965668
CL406,2014-08-13,1.3676923513413
CL406,2014-08-14,0.0
CL406,2014-08-15,0.12319999933243
CL406,2014-08-16,0.68320000171661
CL406,2014-08-17,0.71119999885559
CL406,2014-08-18,0.71119999885559
CL406,2014-08-19,1.2319999933243
CL406,2014-08-20,1.3676923513413
CL406,2014-08-21,1.0667999982834
CL406,2014-08-22,1.3676923513413
CL406,2014-08-23,1.777999997139
CL406,2014-08-24,1.3676923513413
CL406,2014-08-25,1.0499999523163
CL406,2014-08-26,0.5935999751091
CL406,2014-08-27,1.0667999982834
CL406,2014-08-28,0.53759998083115
CL406,2014-08-29,1.4223999977112
CL406,2014-08-30,1.4223999977112
CL406,2014-08-31,0.56559997797012
CL406,2014-09-01,0.966000020504
CL406,2014-09-02,1.4223999977112
CL406,2014-09-03,1.0667999982834
CL406,2014-09-04,1.0667999982834
CL406,2014-09-05,0.71119999885559
CL406,2014-09-06,0.71119999885559
CL406,2014-09-07,1.0667999982834
CL406,2014-09-08,0.69999998807907
CL406,2014-09-09,1.0667999982834
CL406,2014-09-10,1.0667999982834
CL406,2014-09-11,1.0667999982834
CL406,2014-09-12,1.4223999977112
CL406,2014-09-13,1.4223999977112
CL406,2014-09-14,1.4223999977112
CL406,2014-09-15,0.33880001306534
CL406,2014-09-16,1.4223999977112
CL406,2014-09-17,0.68879997730255
CL406,2014-09-18,1.777999997139
CL406,2014-09-19,1.4223999977112
CL406,2014-09-20,1.1023600101471
CL406,2014-09-21,0.0
CL406,2014-09-22,0.0
CL406,2014-09-23,0.44800001382828
CL406,2014-09-24,0.3555999994278
CL406,2014-09-25,0.0
CL406,2014-09-26,0.71119999885559
CL406,2014-09-27,0.20999999344349
CL406,2014-09-28,0.71119999885559
CL406,2014-09-29,1.0667999982834
CL406,2014-09-30,1.0667999982834
CL406,2014-10-01,1.0667999982834
CL406,2014-10-02,0.71119999885559
CL406,2014-10-03,0.71119999885559
CL406,2014-10-04,1.0667999982834
CL406,2014-10-05,1.0667999982834
CL406,2014-10-06,1.0667999982834
CL406,2014-10-07,0.71119999885559
CL406,2014-10-08,0.68384617567062
CL406,2014-10-09,1.0667999982834
CL406,2014-10-10,1.0667999982834
CL406,2014-10-11,0.33320000767708
CL406,2014-10-12,0.68384617567062
CL406,2014-10-13,0.71119999885559
CL406,2014-10-14,1.0667999982834
CL406,2014-10-15,0.57120001316071
CL406,2014-10-16,0.58799999952316
CL406,2014-10-17,0.3555999994278
CL406,2014-10-18,0.3555999994278
CL406,2014-10-19,0.71119999885559
CL406,2014-10-20,0.71119999885559
CL406,2014-10-21,1.0667999982834
CL406,2014-10-22,1.0667999982834
CL406,2014-10-23,0.71119999885559
CL406,2014-10-24,0.71119999885559
CL406,2014-10-25,0.71119999885559
CL406,2014-10-26,0.71119999885559
CL406,2014-10-27,0.3555999994278
CL406,2014-10-28,0.0
CL406,2014-10-29,0.0
CL406,2014-10-30,0.0
CL406,2014-10-31,0.0
CL406,2014-11-01,0.0
CL406,2014-11-02,0.0
CL406,2014-11-03,0.0
CL406,2014-11-04,0.3555999994278
CL406,2014-11-05,0.3555999994278
CL406,2014-11-06,0.71119999885559
CL406,2014-11-07,0.3555999994278
CL406,2014-11-08,0.3555999994278
CL406,2014-11-09,0.71119999885559
CL406,2014-11-10,0.71119999885559
CL406,2014-11-11,0.71119999885559
CL406,2014-11-12,0.3555999994278
CL406,2014-11-13,0.3555999994278
CL406,2014-11-14,0.3555999994278
CL406,2014-11-15,0.71119999885559
CL406,2014-11-16,0.71119999885559
CL406,2014-11-17,0.71119999885559
CL406,2014-11-18,0.3555999994278
CL406,2014-11-19,0.3555999994278
CL406,2014-11-20,0.3555999994278
CL406,2014-11-21,0.3555999994278
CL406,2014-11-22,0.3555999994278
CL406,2014-11-23,0.3555999994278
CL406,2014-11-24,0.3555999994278
CL406,2014-11-25,0.3555999994278
CL406,2014-11-26,0.3555999994278
CL406,2014-11-27,0.3555999994278
CL406,2014-11-28,0.0
CL406,2014-11-29,0.0
CL406,2014-11-30,0.0
CL406,2014-12-01,0.3555999994278
CL406,2014-12-02,0.3555999994278
CL406,2014-12-03,0.0
CL406,2014-12-04,0.0
CL406,2014-12-05,0.3555999994278
CL406,2014-12-06,0.3555999994278
CL406,2014-12-07,0.3555999994278
CL406,2014-12-08,0.3555999994278
CL406,2014-12-09,0.3555999994278
CL406,2014-12-10,0.3555999994278
CL406,2014-12-11,0.3555999994278
CL406,2014-12-12,0.3555999994278
CL406,2014-12-13,0.3555999994278
CL406,2014-12-14,0.3555999994278
CL406,2014-12-15,0.0
CL406,2014-12-16,0.0
CL406,2014-12-17,0.3555999994278
CL406,2014-12-18,0.3555999994278
CL406,2014-12-19,0.3555999994278
CL406,2014-12-20,0.3555999994278
CL406,2014-12-21,0.3555999994278
CL406,2014-12-22,0.3555999994278
CL406,2014-12-23,0.71119999885559
CL406,2014-12-24,0.71119999885559
CL406,2014-12-25,0.3555999994278
CL406,2014-12-26,0.3555999994278
CL406,2014-12-27,0.3555999994278
CL406,2014-12-28,0.3555999994278
CL406,2014-12-29,0.3555999994278
CL406,2014-12-30,0.3555999994278
CL406,2014-12-31,0.3555999994278
CL406,2015-01-01,0.3555999994278
CL406,2015-01-02,0.3555999994278
CL406,2015-01-03,0.3555999994278
CL406,2015-01-04,0.32760000228882
CL406,2015-01-05,0.0
CL406,2015-01-06,0.0
CL406,2015-01-07,0.3555999994278
CL406,2015-01-08,0.3555999994278
CL406,2015-01-09,0.3555999994278
CL406,2015-01-10,0.3555999994278
CL406,2015-01-11,0.71119999885559
CL406,2015-01-12,0.71119999885559
CL406,2015-01-13,0.71119999885559
CL406,2015-01-14,0.71119999885559
CL406,2015-01-15,0.3555999994278
CL406,2015-01-16,0.4414344727993
CL406,2015-01-17,0.0
CL406,2015-01-18,0.3555999994278
CL406,2015-01-19,0.3555999994278
CL406,2015-01-20,0.3555999994278
CL406,2015-01-21,0.3555999994278
CL406,2015-01-22,0.3555999994278
CL406,2015-01-23,0.3555999994278
CL406,2015-01-24,0.3555999994278
CL406,2015-01-25,0.3555999994278
CL406,2015-01-26,0.71119999885559
CL406,2015-01-27,0.71119999885559
CL406,2015-01-28,0.71119999885559
CL406,2015-01-29,0.71119999885559
CL406,2015-01-30,0.71119999885559
CL406,2015-01-31,0.71119999885559
CL406,2015-02-01,0.71119999885559
CL406,2015-02-02,0.3555999994278
CL406,2015-02-03,0.3555999994278
CL406,2015-02-04,0.3555999994278
CL406,2015-02-05,0.71119999885559
CL406,2015-02-06,0.71119999885559
CL406,2015-02-07,0.71119999885559
CL406,2015-02-08,0.71119999885559
CL406,2015-02-09,0.71119999885559
CL406,2015-02-10,0.71119999885559
CL406,2015-02-11,0.71119999885559
CL406,2015-02-12,0.71119999885559
CL406,2015-02-13,0.71119999885559
CL406,2015-02-14,0.71119999885559
CL406,2015-02-15,0.71119999885559
CL406,2015-02-16,0.71119999885559
CL406,2015-02-17,0.71119999885559
CL406,2015-02-18,0.32199999690056
CL406,2015-02-19,0.57443076372147
CL406,2015-02-20,0.0
CL406,2015-02-21,0.0
CL406,2015-02-22,0.0
CL406,2015-02-23,0.3555999994278
CL406,2015-02-24,0.71119999885559
CL406,2015-02-25,0.71119999885559
CL406,2015-02-26,0.71119999885559
CL406,2015-02-27,0.71119999885559
CL406,2015-02-28,0.71119999885559
CL406,2015-03-01,0.71119999885559
CL406,2015-03-02,0.71119999885559
CL406,2015-03-03,0.3163999915123
CL406,2015-03-04,0.3555999994278
CL406,2015-03-05,0.71119999885559
CL406,2015-03-06,0.71119999885559
CL406,2015-03-07,0.71119999885559
CL406,2015-03-08,1.0667999982834
CL406,2015-03-09,1.0667999982834
CL406,2015-03-10,1.0667999982834
CL406,2015-03-11,1.0667999982834
CL406,2015-03-12,1.4223999977112
CL406,2015-03-13,1.777999997139
CL406,2015-03-14,1.777999997139
CL406,2015-03-15,1.777999997139
CL406,2015-03-16,1.777999997139
CL406,2015-03-17,1.777999997139
CL406,2015-03-18,2.1335999965668
CL406,2015-03-19,2.1335999965668
CL406,2015-03-20,2.1335999965668
CL406,2015-03-21,2.1335999965668
CL406,2015-03-22,1.777999997139
CL406,2015-03-23,1.777999997139
CL406,2015-03-24,2.1335999965668
CL406,2015-03-25,1.777999997139
CL406,2015-03-26,1.777999997139
CL406,2015-03-27,2.1335999965668
CL406,2015-03-28,2.1335999965668
CL406,2015-03-29,2.1335999965668
CL406,2015-03-30,2.1335999965668
CL406,2015-03-31,2.1335999965668
CL406,2015-04-01,0.0
CL406,2015-04-02,1.6425333023071
CL406,2015-04-03,1.0667999982834
CL406,2015-04-04,1.4223999977112
CL406,2015-04-05,0.24920000135899
CL406,2015-04-06,0.25479999184608
CL406,2015-04-07,1.4223999977112
CL406,2015-04-08,0.0
CL406,2015-04-09,2.1335999965668
CL406,2015-04-10,2.1335999965668
CL406,2015-04-11,2.1335999965668
CL406,2015-04-12,1.777999997139
CL406,2015-04-13,0.71119999885559
CL406,2015-04-14,1.777999997139
CL406,2015-04-15,1.777999997139
CL406,2015-04-16,2.1335999965668
CL406,2015-04-17,2.1335999965668
CL406,2015-04-18,2.1335999965668
CL406,2015-04-19,1.6425333023071
CL406,2015-04-20,1.0667999982834
CL406,2015-04-21,1.4223999977112
CL406,2015-04-22,1.4223999977112
CL406,2015-04-23,1.777999997139
CL406,2015-04-24,0.0
CL406,2015-04-25,0.54320001602173
CL406,2015-04-26,0.0
CL406,2015-04-27,2.1335999965668
CL406,2015-04-28,0.0
CL406,2015-04-29,1.777999997139
CL406,2015-04-30,2.1335999965668
CL406,2015-05-01,0.1988
CL406,2015-05-02,1.0668
CL406,2015-05-03,1.4224
CL406,2015-05-04,1.4224
CL406,2015-05-05,1.778
CL406,2015-05-06,2.1336
CL406,2015-05-07,2.1336
CL406,2015-05-08,2.1336
CL406,2015-05-09,2.1336
CL406,2015-05-10,2.4892
CL406,2015-05-11,0.1764
CL406,2015-05-12,-0.0952
CL406,2015-05-13,2.1336
CL406,2015-05-14,2.4892
CL406,2015-05-15,2.1336
CL406,2015-05-16,0.2184
CL406,2015-05-17,1.778
CL406,2015-05-18,2.1336
CL406,2015-05-19,2.1336
CL406,2015-05-20,2.4892
CL406,2015-05-21,2.4892
CL406,2015-05-22,2.4892
CL406,2015-05-23,2.4892
CL406,2015-05-24,2.4892
CL406,2015-05-25,1.7612
CL406,2015-05-26,-0.4564
CL406,2015-05-27,2.1336
CL406,2015-05-28,2.1336
CL406,2015-05-29,2.1336
CL406,2015-05-30,3.5868
CL406,2015-05-31,0.7112
CL406,2015-06-01,2.4892
CL406,2015-06-02,2.4892
CL406,2015-06-03,2.4892
CL406,2015-06-04,2.8448
CL406,2015-06-05,2.8448
CL406,2015-06-06,2.8448
CL406,2015-06-07,2.8448
CL406,2015-06-08,2.8448
CL406,2015-06-09,3.2004
CL406,2015-06-10,-0.1512
CL406,2015-06-11,2.7664
CL406,2015-06-12,1.0668
CL406,2015-06-13,0.1596
CL406,2015-06-14,0.91
CL406,2015-06-15,0.3276
CL406,2015-06-16,0.6272
CL406,2015-06-17,0.7112
CL406,2015-06-18,0.6552
CL406,2015-06-19,1.4224
CL406,2015-06-20,1.778
CL406,2015-06-21,2.4892
CL406,2015-06-22,1.288
CL406,2015-06-23,0.2884
CL406,2015-06-24,0.8932
CL406,2015-06-25,1.1872
CL406,2015-06-26,-0.6132
CL406,2015-06-27,0.728
CL406,2015-06-28,-0.028
CL406,2015-06-29,15.1816
CL406,2015-06-30,1.0668
CL406,2015-07-01,1.4224
CL406,2015-07-02,1.4224
CL406,2015-07-03,1.4224
CL406,2015-07-04,1.4224
CL406,2015-07-05,-0.2772
CL406,2015-07-06,1.4224
CL406,2015-07-07,1.0164
CL406,2015-07-08,1.1228
CL406,2015-07-09,0.2072
CL406,2015-07-10,0.2884
CL406,2015-07-11,1.4224
CL406,2015-07-12,0.3276
CL406,2015-07-13,1.0668
CL406,2015-07-14,0.6608
CL406,2015-07-15,0.2156
CL406,2015-07-16,0.1876
CL406,2015-07-17,-0.056
CL406,2015-07-18,-0.196
CL406,2015-07-19,0.0812
CL406,2015-07-20,-5.3088
CL406,2015-07-21,-0.0112
CL406,2015-07-22,-0.042
CL406,2015-07-23,1.022
CL406,2015-07-24,0.3332
CL406,2015-07-25,0.91
CL406,2015-07-26,1.778
CL406,2015-07-27,1.9264
CL406,2015-07-28,-0.2464
CL406,2015-07-29,1.3552
CL406,2015-07-30,1.778
CL406,2015-07-31,0.966
CL406,2015-08-01,2.016
CL406,2015-08-02,1.3468
CL406,2015-08-03,1.0668
CL406,2015-08-04,1.4224
CL406,2015-08-05,1.0668
CL406,2015-08-06,1.0668
CL406,2015-08-07,1.4224
CL406,2015-08-08,-0.0336
CL406,2015-08-09,1.4224
CL406,2015-08-10,1.4224
CL406,2015-08-11,1.778
CL406,2015-08-12,1.4224
CL406,2015-08-13,1.778
CL406,2015-08-14,1.778
CL406,2015-08-15,-1.0864
CL406,2015-08-16,0.1988
CL406,2015-08-17,0.5712
CL406,2015-08-18,0.7112
CL406,2015-08-19,1.1536
CL406,2015-08-20,1.3776
CL406,2015-08-21,0.966
CL406,2015-08-22,0.322
CL406,2015-08-23,1.022
CL406,2015-08-24,1.0668
CL406,2015-08-25,1.4224
CL406,2015-08-26,1.4224
CL406,2015-08-27,0.6888
CL406,2015-08-28,1.022
CL406,2015-08-29,0.3388
CL406,2015-08-30,0.7112
CL406,2015-08-31,0.9884
CL406,2015-09-01,0.0476
CL406,2015-09-02,0.9268
CL406,2015-09-03,0.644
CL406,2015-09-04,1.428
CL406,2015-09-05,1.3328
CL406,2015-09-06,0.3556
CL406,2015-09-07,0.3556
CL406,2015-09-08,0.3556
CL406,2015-09-09,0.3556
CL406,2015-09-10,-0.084
CL406,2015-09-11,0.7112
CL406,2015-09-12,0.9772
CL406,2015-09-13,0.7112
CL406,2015-09-14,1.0668
CL406,2015-09-15,0.7112
CL406,2015-09-16,2.1
CL406,2015-09-17,0.7112
CL406,2015-09-18,1.4224
CL406,2015-09-19,0.5992
CL406,2015-09-20,0.5936
CL406,2015-09-21,0.1092
CL406,2015-09-22,0.9828
CL406,2015-09-23,0.2716
CL406,2015-09-24,-9.8756
CL406,2015-09-25,0.7112
CL406,2015-09-26,0.7112
CL406,2015-09-27,0.7112
CL406,2015-09-28,1.0668
CL406,2015-09-29,0.7112
CL406,2015-09-30,0.7112
CL406,2015-10-01,0.7112
CL406,2015-10-02,0.7112
CL406,2015-10-03,0.3556
CL406,2015-10-04,0.3556
CL406,2015-10-05,0.7112
CL406,2015-10-06,0.6272
CL406,2015-10-07,0.4144
CL406,2015-10-08,0.0
CL406,2015-10-09,0.3556
CL406,2015-10-10,0.3556
CL406,2015-10-11,0.3556
CL406,2015-10-12,0.3556
CL406,2015-10-13,0.3556
CL406,2015-10-14,0.7588
CL406,2015-10-15,0.3276
CL406,2015-10-16,0.3556
CL406,2015-10-17,0.7112
CL406,2015-10-18,0.7112
CL406,2015-10-19,0.7112
CL406,2015-10-20,0.7112
CL406,2015-10-21,0.3556
CL406,2015-10-22,0.3556
CL406,2015-10-23,0.3556
CL406,2015-10-24,0.3556
CL406,2015-10-25,0.7112
CL406,2015-10-26,0.7112
CL406,2015-10-27,0.7112
CL406,2015-10-28,0.3556
CL406,2015-10-29,0.3556
CL406,2015-10-30,0.7112
CL406,2015-10-31,0.7112
CL406,2015-11-01,0.7112
CL406,2015-11-02,0.3556
CL406,2015-11-03,0.3556
CL406,2015-11-04,0.3556
CL406,2015-11-05,0.3556
CL406,2015-11-06,0.7112
CL406,2015-11-07,0.7112
CL406,2015-11-08,0.7112
CL406,2015-11-09,0.7112
CL406,2015-11-10,0.3556
CL406,2015-11-11,0.3556
CL406,2015-11-12,0.7112
CL406,2015-11-13,0.7112
CL406,2015-11-14,0.3556
CL406,2015-11-15,0.3556
CL406,2015-11-16,0.3556
CL406,2015-11-17,0.3556
CL406,2015-11-18,0.3556
CL406,2015-11-19,0.3556
CL406,2015-11-20,0.3556
CL406,2015-11-21,0.3556
CL406,2015-11-22,0.3556
CL406,2015-11-23,0.3556
CL406,2015-11-24,0.7112
CL406,2015-11-25,0.3556
CL406,2015-11-26,0.3556
CL406,2015-11-27,0.3556
CL406,2015-11-28,0.3556
CL406,2015-11-29,0.3556
CL406,2015-11-30,0.3556
CL406,2015-12-01,0.3556
CL406,2015-12-02,0.3556
CL406,2015-12-03,0.3556
CL406,2015-12-04,0.3556
CL406,2015-12-05,0.3556
CL406,2015-12-06,0.3556
CL406,2015-12-07,0.3556
CL406,2015-12-08,0.3556
CL406,2015-12-09,0.3556
CL406,2015-12-10,0.3556
CL406,2015-12-11,0.3556
CL406,2015-12-12,0.3556
CL406,2015-12-13,0.3556
CL406,2015-12-14,0.3556
CL406,2015-12-15,0.3556
CL406,2015-12-16,0.7112
CL406,2015-12-17,0.7112
CL406,2015-12-18,-0.0224
CL406,2015-12-19,0.3556
CL406,2015-12-20,0.3556
CL406,2015-12-21,0.3556
CL406,2015-12-22,0.3556
CL406,2015-12-23,0.3556
CL406,2015-12-24,0.3556
CL406,2015-12-25,0.3556
CL406,2015-12-26,0.3556
CL406,2015-12-27,0.3556
CL406,2015-12-28,0.3556
CL406,2015-12-29,0.3556
CL406,2015-12-30,0.3556
CL406,2016-01-01,0.3556
CL406,2016-01-02,0.3556
CL406,2016-01-03,0.3556
CL406,2016-01-04,0.3556
CL406,2016-01-05,0.3556
CL406,2016-01-06,0.3556
CL406,2016-01-07,0.3556
CL406,2016-01-08,0.3556
CL406,2016-01-09,0.3556
CL406,2016-01-10,0.3556
CL406,2016-01-11,0.3556
CL406,2016-01-12,0.3556
CL406,2016-01-13,0.3556
CL406,2016-01-14,0.3556
CL406,2016-01-15,0.3556
CL406,2016-01-16,0.3556
CL406,2016-01-17,0.3556
CL406,2016-01-18,0.3556
CL406,2016-01-19,0.3556
CL406,2016-01-20,0.3556
CL406,2016-01-21,0.3556
CL406,2016-01-22,0.3556
CL406,2016-01-23,0.3556
CL406,2016-01-24,0.3556
CL406,2016-01-25,0.3556
CL406,2016-01-26,0.3556
CL406,2016-01-27,0.3556
CL406,2016-01-28,0.3556
CL406,2016-01-29,0.3556
CL406,2016-01-30,0.3556
CL406,2016-01-31,0.3556
CL406,2016-02-01,0.3556
CL406,2016-02-02,0.7112
CL406,2016-02-03,0.7112
CL406,2016-02-04,0.7112
CL406,2016-02-05,0.7112
CL406,2016-02-06,0.7112
CL406,2016-02-07,0.7112
CL406,2016-02-08,0.7112
CL406,2016-02-09,2.0104
CL406,2016-02-10,0.3556
CL406,2016-02-11,0.3556
CL406,2016-02-12,0.6832
CL406,2016-02-13,0.3556
CL406,2016-02-14,0.3556
CL406,2016-02-15,0.3556
CL406,2016-02-16,0.7112
CL406,2016-02-17,0.7112
CL406,2016-02-18,0.7112
CL406,2016-02-19,0.3556
CL406,2016-02-20,0.3556
CL406,2016-02-21,0.7112
CL406,2016-02-22,0.7112
CL406,2016-02-23,1.0668
CL406,2016-02-24,1.0668
CL406,2016-02-25,0.322
CL406,2016-02-26,0.7112
CL406,2016-02-27,0.7112
CL406,2016-02-28,0.7112
CL406,2016-02-29,0.7112
CL406,2016-03-01,1.0668
CL406,2016-03-02,1.0668
CL406,2016-03-03,1.0668
CL406,2016-03-04,0.7112
CL406,2016-03-05,1.0668
CL406,2016-03-06,1.0668
CL406,2016-03-07,1.4
CL406,2016-03-08,0.7112
CL406,2016-03-09,1.0668
CL406,2016-03-10,1.0668
CL406,2016-03-11,1.0668
CL406,2016-03-12,1.0668
CL406,2016-03-13,1.0668
CL406,2016-03-14,1.4224
CL406,2016-03-15,1.4224
CL406,2016-03-16,1.4224
CL406,2016-03-17,1.4224
CL406,2016-03-18,1.0668
CL406,2016-03-19,1.0668
CL406,2016-03-20,1.0668
CL406,2016-03-21,1.0668
CL406,2016-03-22,1.4224
CL406,2016-03-23,1.4224
CL406,2016-03-24,1.4224
CL406,2016-03-25,1.778
CL406,2016-03-26,1.778
CL406,2016-03-27,1.778
CL406,2016-03-28,1.778
CL406,2016-03-29,1.4224
CL406,2016-03-30,3.038
CL406,2016-03-31,0.7112
CL406,2016-04-01,1.9544
CL406,2016-04-02,0.7112
CL406,2016-04-03,0.3864
CL406,2016-04-04,0.616
CL406,2016-04-05,1.0668
CL406,2016-04-06,0.7112
CL406,2016-04-07,1.778
CL406,2016-04-08,2.1336
CL406,2016-04-09,2.1336
CL406,2016-04-10,1.778
CL406,2016-04-11,2.4892
CL406,2016-04-12,2.4892
CL406,2016-04-13,1.778
CL406,2016-04-14,3.2004
CL406,2016-04-15,2.8448
CL406,2016-04-16,2.8448
CL406,2016-04-17,2.4892
CL406,2016-04-18,2.4892
CL406,2016-04-19,1.778
CL406,2016-04-20,2.4892
CL406,2016-04-21,2.8448
CL406,2016-04-22,3.2004
CL406,2016-04-23,3.556
CL406,2016-04-24,3.2004
CL406,2016-04-25,3.2004
CL406,2016-04-26,3.2004
CL406,2016-04-27,3.2004
CL406,2016-04-28,2.4892
CL406,2016-04-29,2.8448
CL406,2016-04-30,2.8448
CL406,2016-05-01,2.8448
CL406,2016-05-02,0.9716
CL406,2016-05-03,1.778
CL406,2016-05-04,1.778
CL406,2016-05-05,2.1336
CL406,2016-05-06,2.1336
CL406,2016-05-07,2.4892
CL406,2016-05-08,12.1576
CL406,2016-05-09,1.4224
CL406,2016-05-10,1.778
CL406,2016-05-11,1.778
CL406,2016-05-12,2.1336
CL406,2016-05-13,1.7668
CL406,2016-05-14,0.5992
CL406,2016-05-15,1.0668
CL406,2016-05-16,1.4224
CL406,2016-05-17,1.778
CL406,2016-05-18,2.1336
CL406,2016-05-19,0.2828
CL406,2016-05-20,1.7668
CL406,2016-05-21,3.2816
CL406,2016-05-22,1.1312
CL406,2016-05-23,0.7112
CL406,2016-05-24,1.0668
CL406,2016-05-25,2.45
CL406,2016-05-26,-1.008
CL406,2016-05-27,4.802
CL406,2016-05-28,1.0668
CL406,2016-05-29,0.966
CL406,2016-05-30,1.778
CL406,2016-05-31,1.4224
CL406,2016-06-01,1.2096
CL406,2016-06-02,1.4224
CL406,2016-06-03,1.778
CL406,2016-06-04,1.778
CL406,2016-06-05,1.778
CL406,2016-06-06,2.044
CL406,2016-06-07,2.828
CL406,2016-06-08,2.3408
CL406,2016-06-09,0.6328
CL406,2016-06-10,1.778
CL406,2016-06-11,2.1336
CL406,2016-06-12,6.0396
CL406,2016-06-13,1.4
CL406,2016-06-14,0.2996
CL406,2016-06-15,1.4224
CL406,2016-06-16,1.4224
CL406,2016-06-17,1.0388
CL406,2016-06-18,1.0332
CL406,2016-06-19,1.778
CL406,2016-06-20,1.778
CL406,2016-06-21,2.1336
CL406,2016-06-22,0.3332
CL406,2016-06-23,0.9716
CL406,2016-06-24,1.778
CL406,2016-06-25,2.7384
CL406,2016-06-26,1.778
CL406,2016-06-27,2.072
CL406,2016-06-28,2.1336
CL406,2016-06-29,1.778
CL406,2016-07-01,1.778
CL406,2016-07-02,0.6552
CL406,2016-07-03,1.778
CL406,2016-07-04,2.0972
CL406,2016-07-05,0.6272
CL406,2016-07-06,1.8424
CL406,2016-07-07,0.2828
CL406,2016-07-08,0.6832
CL406,2016-07-09,2.8168
CL406,2016-07-10,0.938
CL406,2016-07-11,1.3832
CL406,2016-07-12,1.0668
CL406,2016-07-13,1.0668
CL406,2016-07-14,0.6944
CL406,2016-07-15,1.4224
CL406,2016-07-16,4.4744
CL406,2016-07-17,-0.0616
CL406,2016-07-18,1.3076
CL406,2016-07-19,4.0936
CL406,2016-07-20,0.7112
CL406,2016-07-21,-2.17
CL406,2016-07-22,0.7112
CL406,2016-07-23,-0.0812
CL406,2016-07-24,1.0388
CL406,2016-07-25,1.638
CL406,2016-07-26,1.26
CL406,2016-07-27,0.6888
CL406,2016-07-28,0.7112
CL406,2016-07-29,0.6944
CL406,2016-07-30,0.7112
CL406,2016-07-31,3.052
CL406,2016-08-01,1.3944
CL406,2016-08-02,0.994
CL406,2016-08-03,0.9996
CL406,2016-08-04,1.4
CL406,2016-08-05,0.7112
CL406,2016-08-06,1.6828
CL406,2016-08-07,1.6716
CL406,2016-08-08,1.0668
CL406,2016-08-09,0.994
CL406,2016-08-10,1.2992
CL406,2016-08-11,0.5712
CL406,2016-08-12,0.3556
CL406,2016-08-13,0.7112
CL406,2016-08-14,0.7112
CL406,2016-08-15,1.0668
CL406,2016-08-16,1.0668
CL406,2016-08-17,1.554
CL406,2016-08-18,-0.5264
CL406,2016-08-19,1.0668
CL406,2016-08-20,1.0668
CL406,2016-08-21,2.4332
CL406,2016-08-22,11.508
CL406,2016-08-23,1.4056
CL406,2016-08-24,0.7112
CL406,2016-08-25,1.4224
CL406,2016-08-26,2.2148
CL406,2016-08-27,1.778
CL406,2016-08-28,2.1336
CL406,2016-08-29,0.2828
CL406,2016-08-30,2.1336
CL406,2016-08-31,2.1336
CL406,2016-09-01,2.4892
CL406,2016-09-02,1.3832
CL406,2016-09-03,2.1336
CL406,2016-09-04,2.1336
CL406,2016-09-05,2.0944
CL406,2016-09-06,0.504
CL406,2016-09-07,0.9996
CL406,2016-09-08,1.75
CL406,2016-09-09,1.778
CL406,2016-09-10,2.4892
CL406,2016-09-11,1.778
CL406,2016-09-12,1.0668
CL406,2016-09-13,1.778
CL406,2016-09-14,0.854
CL406,2016-09-15,2.4892
CL406,2016-09-16,2.8448
CL406,2016-09-17,2.4892
CL406,2016-09-18,3.2004
CL406,2016-09-19,3.4664
CL406,2016-09-20,1.778
CL406,2016-09-21,1.0556
CL406,2016-09-22,1.778
CL406,2016-09-23,1.778
CL406,2016-09-24,1.4224
CL406,2016-09-25,1.3888
CL406,2016-09-26,1.4224
CL406,2016-09-27,1.2908
CL406,2016-09-28,2.1364
CL406,2016-09-29,0.3556
CL406,2016-09-30,1.778
CL406,2016-10-01,1.778
CL406,2016-10-02,2.1336
CL406,2016-10-03,2.4892
CL406,2016-10-04,2.1336
CL406,2016-10-05,2.1336
CL406,2016-10-06,1.778
CL406,2016-10-07,1.778
CL406,2016-10-08,2.1336
CL406,2016-10-09,1.4224
CL406,2016-10-10,2.1336
CL406,2016-10-11,1.7108
CL406,2016-10-12,-0.0896
CL406,2016-10-13,1.778
CL406,2016-10-14,1.4224
CL406,2016-10-15,2.4892
CL406,2016-10-16,2.4892
CL406,2016-10-17,2.8448
CL406,2016-10-18,2.8448
CL406,2016-10-19,2.4892
CL406,2016-10-20,2.1336
CL406,2016-10-21,2.4892
CL406,2016-10-22,2.1336
CL406,2016-10-23,2.1336
CL406,2016-10-24,2.4892
CL406,2016-10-25,2.1336
CL406,2016-10-26,2.1336
CL406,2016-10-27,2.1252
CL406,2016-10-28,0.2548
CL406,2016-10-29,1.3776
CL406,2016-10-30,2.2204
CL406,2016-10-31,1.4224
CL406,2016-11-01,1.4224
CL406,2016-11-02,1.778
CL406,2016-11-03,2.1336
CL406,2016-11-04,2.1336
CL406,2016-11-05,1.2544
CL406,2016-11-06,0.5992
CL406,2016-11-07,1.0668
CL406,2016-11-08,1.0668
CL406,2016-11-09,1.778
CL406,2016-11-10,1.0668
CL406,2016-11-11,1.4224
CL406,2016-11-12,1.0668
CL406,2016-11-13,1.0668
CL406,2016-11-14,1.4224
CL406,2016-11-15,1.778
CL406,2016-11-16,2.1336
CL406,2016-11-17,1.778
CL406,2016-11-18,2.1336
CL406,2016-11-19,2.1336
CL406,2016-11-20,1.778
CL406,2016-11-21,1.778
CL406,2016-11-22,1.4224
CL406,2016-11-23,1.4224
CL406,2016-11-24,1.4224
CL406,2016-11-25,1.0668
CL406,2016-11-26,1.0668
CL406,2016-11-27,0.7112
CL406,2016-11-28,0.7112
CL406,2016-11-29,1.0668
CL406,2016-11-30,1.0668
CL406,2016-12-01,1.0668
CL406,2016-12-02,1.4224
CL406,2016-12-03,1.4224
CL406,2016-12-04,1.4224
CL406,2016-12-05,1.4224
CL406,2016-12-06,1.4224
CL406,2016-12-07,0.7112
CL406,2016-12-08,1.0668
CL406,2016-12-09,1.0668
CL406,2016-12-10,1.4224
CL406,2016-12-11,0.7112
CL406,2016-12-12,0.7112
CL406,2016-12-13,1.0668
CL406,2016-12-14,1.0668
CL406,2016-12-15,1.0668
CL406,2016-12-16,1.0668
CL406,2016-12-17,0.7112
CL406,2016-12-18,0.7112
CL406,2016-12-19,1.0668
CL406,2016-12-20,1.0668
CL406,2016-12-21,1.0668
CL406,2016-12-22,1.0668
CL406,2016-12-23,0.7112
CL406,2016-12-24,0.7112
CL406,2016-12-25,0.7112
CL406,2016-12-26,0.7112
CL406,2016-12-27,0.7112
CL406,2016-12-28,1.0668
CL406,2016-12-29,1.0668
CL406,2016-12-30,0.7112
CL406,2016-12-31,0.7112
CL406,2017-01-01,0.7112
CL406,2017-01-02,0.7112
CL406,2017-01-03,0.7112
CL406,2017-01-04,1.0668
CL406,2017-01-05,1.0668
CL406,2017-01-06,0.7112
CL406,2017-01-07,0.7112
CL406,2017-01-08,1.0668
CL406,2017-01-09,1.778
CL406,2017-01-10,1.4224
CL406,2017-01-11,1.4224
CL406,2017-01-12,1.0668
CL406,2017-01-13,1.4224
CL406,2017-01-14,1.4224
CL406,2017-01-15,1.4224
CL406,2017-01-16,1.4224
CL406,2017-01-17,1.4224
CL406,2017-01-18,1.0668
CL406,2017-01-19,1.0668
CL406,2017-01-20,1.778
CL406,2017-01-21,1.4224
CL406,2017-01-22,1.4224
CL406,2017-01-23,1.4224
CL406,2017-01-24,1.4224
CL406,2017-01-25,1.0668
CL406,2017-01-26,1.4224
CL406,2017-01-27,1.4224
CL406,2017-01-28,1.4224
CL406,2017-01-29,1.4224
CL406,2017-01-30,1.4224
CL406,2017-01-31,1.778
CL406,2017-02-01,1.4224
CL406,2017-02-02,1.4224
CL406,2017-02-03,1.4224
CL406,2017-02-04,1.4224
CL406,2017-02-05,2.1336
CL406,2017-02-06,2.1336
CL406,2017-02-07,1.4224
CL406,2017-02-08,2.4892
CL406,2017-02-09,2.4892
CL406,2017-02-10,2.4892
CL406,2017-02-11,2.4892
CL406,2017-02-12,1.4224
CL406,2017-02-13,1.4224
CL406,2017-02-14,2.1336
CL406,2017-02-15,2.1336
CL406,2017-02-16,1.4224
CL406,2017-02-17,1.4224
CL406,2017-02-18,1.778
CL406,2017-02-19,1.778
CL406,2017-02-20,1.4224
CL406,2017-02-21,1.4224
CL406,2017-02-22,2.1336
CL406,2017-02-23,2.1336
CL406,2017-02-24,2.1336
CL406,2017-02-25,2.4892
CL406,2017-02-26,2.8448
CL406,2017-02-27,2.8448
CL406,2017-02-28,2.4892
CL406,2017-03-01,2.4892
CL406,2017-03-02,2.4892
CL406,2017-03-03,2.1336
CL406,2017-03-04,2.1336
CL406,2017-03-05,2.1336
CL406,2017-03-06,2.0328
CL406,2017-03-07,2.8448
CL406,2017-03-08,2.1336
CL406,2017-03-09,4.5724
CL406,2017-03-10,0.7112
CL406,2017-03-11,2.5816
CL406,2017-03-12,0.9436
CL406,2017-03-13,2.8448
CL406,2017-03-14,2.4892
CL406,2017-03-15,2.8448
CL406,2017-03-16,2.8448
CL406,2017-03-17,2.8448
CL406,2017-03-18,2.4892
CL406,2017-03-19,1.4224
CL406,2017-03-20,2.8
CL406,2017-03-21,1.0556
CL406,2017-03-22,2.1336
CL406,2017-03-23,2.1336
CL406,2017-03-24,2.1336
CL406,2017-03-25,2.1336
CL406,2017-03-26,2.4892
CL406,2017-03-27,1.4224
CL406,2017-03-28,1.778
CL406,2017-03-29,2.1336
CL406,2017-03-30,2.254
CL406,2017-03-31,2.8448
CL406,2017-04-01,2.8448
CL406,2017-04-02,3.2004
CL406,2017-04-03,3.2004
CL406,2017-04-04,3.1556
CL406,2017-04-05,3.556
CL406,2017-04-06,3.556
CL406,2017-04-07,1.4224
CL406,2017-04-08,2.4892
CL406,2017-04-09,2.8448
CL406,2017-04-10,3.2004
CL406,2017-04-11,3.556
CL406,2017-04-12,3.9116
CL406,2017-04-13,3.9116
CL406,2017-04-14,3.9116
CL406,2017-04-15,3.556
CL406,2017-04-16,5.334
CL406,2017-04-17,4.2672
CL406,2017-04-18,4.2672
CL406,2017-04-19,3.556
CL406,2017-04-20,0.154
CL406,2017-04-21,1.778
CL406,2017-04-22,0.9828
CL406,2017-04-23,0.9688
CL406,2017-04-24,1.3048
CL406,2017-04-25,0.5264
CL406,2017-04-26,2.4892
CL406,2017-04-27,2.8448
CL406,2017-04-28,2.8448
CL406,2017-04-29,2.8448
CL406,2017-04-30,3.178
CL406,2017-05-01,3.5112
CL406,2017-05-02,3.5028
CL406,2017-05-03,2.1336
CL406,2017-05-04,2.1336
CL406,2017-05-05,2.8448
CL406,2017-05-06,3.556
CL406,2017-05-07,2.8448
CL406,2017-05-08,3.2004
CL406,2017-05-09,3.2004
CL406,2017-05-10,2.1756
CL406,2017-05-11,2.8448
CL406,2017-05-12,2.8448
CL406,2017-05-13,3.2004
CL406,2017-05-14,3.2004
CL406,2017-05-15,3.2312
CL406,2017-05-16,2.8308
CL406,2017-05-17,2.4724
CL406,2017-05-18,3.5812
CL406,2017-05-19,1.778
CL406,2017-05-20,3.556
CL406,2017-05-21,4.2672
CL406,2017-05-22,3.556
CL406,2017-05-23,3.2004
CL406,2017-05-24,3.2004
CL406,2017-05-25,3.2004
CL406,2017-05-26,2.8448
CL406,2017-05-27,3.2004
CL406,2017-05-28,2.8448
CL406,2017-05-29,2.8448
CL406,2017-05-30,2.3884
CL406,2017-05-31,2.17
CL406,2017-06-01,2.3492
CL406,2017-06-02,2.842
CL406,2017-06-03,1.0808
CL406,2017-06-04,3.2004
CL406,2017-06-05,3.556
CL406,2017-06-06,2.0216
CL406,2017-06-07,1.778
CL406,2017-06-08,3.2004
CL406,2017-06-09,2.8448
CL406,2017-06-10,2.7664
CL406,2017-06-11,3.8332
CL406,2017-06-12,2.7244
CL406,2017-06-13,-0.0084
CL406,2017-06-14,1.0668
CL406,2017-06-15,2.8168
CL406,2017-06-16,2.408
CL406,2017-06-17,0.1876
CL406,2017-06-18,2.4332
CL406,2017-06-19,2.0328
CL406,2017-06-20,2.142
CL406,2017-06-21,1.778
CL406,2017-06-22,1.4224
CL406,2017-06-23,1.778
CL406,2017-06-24,2.1336
CL406,2017-06-25,2.4892
CL406,2017-06-26,2.8224
CL406,2017-06-27,2.4724
CL406,2017-06-28,2.1336
CL406,2017-06-29,4.5724
CL406,2017-06-30,2.0776
CL406,2017-07-01,2.408
CL406,2017-07-02,1.7612
CL406,2017-07-03,2.3716
CL406,2017-07-04,0.6272
CL406,2017-07-05,0.5992
CL406,2017-07-06,0.1008
CL406,2017-07-07,1.4224
CL406,2017-07-08,2.0776
CL406,2017-07-09,1.4224
CL406,2017-07-10,1.7052
CL406,2017-07-11,3.0912
CL406,2017-07-12,0.238
CL406,2017-07-13,0.6272
CL406,2017-07-14,2.1336
CL406,2017-07-15,3.2004
CL406,2017-07-16,3.2004
CL406,2017-07-17,3.556
CL406,2017-07-18,3.528
CL406,2017-07-19,3.5448
CL406,2017-07-20,2.4808
CL406,2017-07-21,1.7808
CL406,2017-07-22,0.8708
CL406,2017-07-23,1.4224
CL406,2017-07-24,1.8844
CL406,2017-07-25,-0.826
CL406,2017-07-26,0.5852
CL406,2017-07-27,0.5152
CL406,2017-07-28,1.778
CL406,2017-07-29,3.2004
CL406,2017-07-30,3.2004
CL406,2017-07-31,2.1336
CL406,2017-08-01,2.4892
CL406,2017-08-02,2.3604
CL406,2017-08-03,0.3332
CL406,2017-08-04,8.3804
CL406,2017-08-05,1.7612
CL406,2017-08-06,1.4224
CL406,2017-08-07,2.954
CL406,2017-08-08,1.778
CL406,2017-08-09,3.556
CL406,2017-08-10,3.2004
CL406,2017-08-11,1.8872
CL406,2017-08-12,0.9044
CL406,2017-08-13,-1.0948
CL406,2017-08-14,0.7112
CL406,2017-08-15,1.0668
CL406,2017-08-16,2.1168
CL406,2017-08-17,1.778
CL406,2017-08-18,1.0668
CL406,2017-08-19,1.778
CL406,2017-08-20,2.1336
CL406,2017-08-21,-1.0948
CL406,2017-08-22,2.7944
CL406,2017-08-23,-2.744
CL406,2017-08-24,1.778
CL406,2017-08-25,2.4892
CL406,2017-08-26,2.4276
CL406,2017-08-27,2.4724
CL406,2017-08-28,2.3716
CL406,2017-08-29,2.4892
CL406,2017-08-30,2.1336
CL406,2017-08-31,1.5876
CL406,2017-09-01,0.5908
CL406,2017-09-02,1.1872
CL406,2017-09-03,1.288
CL406,2017-09-04,2.1168
CL406,2017-09-05,3.2004
CL406,2017-09-06,1.3216
CL406,2017-09-07,3.2004
CL406,2017-09-08,3.2004
CL406,2017-09-09,2.4892
CL406,2017-09-10,1.5708
CL406,2017-09-11,1.9152
CL406,2017-09-12,0.9912
CL406,2017-09-13,1.0668
CL406,2017-09-14,2.044
CL406,2017-09-15,1.0668
CL406,2017-09-16,1.0668
CL406,2017-09-17,2.4892
CL406,2017-09-18,0.9716
CL406,2017-09-19,2.1
CL406,2017-09-20,0.9492
CL406,2017-09-21,1.4112
CL406,2017-09-22,0.6552
CL406,2017-09-23,2.8448
CL406,2017-09-24,2.8448
CL406,2017-09-25,2.4892
CL406,2017-09-26,1.4224
CL406,2017-09-27,0.7112
CL406,2017-09-28,0.0
CL406,2017-09-29,0.6328
CL406,2017-09-30,0.322
CL406,2017-10-01,-0.1456
CL406,2017-10-02,0.9604
CL406,2017-10-03,0.6496
CL406,2017-10-04,1.778
CL406,2017-10-05,1.778
CL406,2017-10-06,2.1336
CL406,2017-10-07,2.4892
CL406,2017-10-08,2.4892
CL406,2017-10-09,-3.2256
CL406,2017-10-10,0.742
CL406,2017-10-11,1.3496
CL406,2017-10-12,2.4892
CL406,2017-10-13,2.1336
CL406,2017-10-14,2.4892
CL406,2017-10-15,2.4892
CL406,2017-10-16,1.4224
CL406,2017-10-17,2.1336
CL406,2017-10-18,1.4224
CL406,2017-10-19,1.4224
CL406,2017-10-20,0.2884
CL406,2017-10-21,6.958
CL406,2017-10-22,-2.8252
CL406,2017-10-23,1.4224
CL406,2017-10-24,1.4224
CL406,2017-10-25,0.7112
CL406,2017-10-26,1.0668
CL406,2017-10-27,1.4224
CL406,2017-10-28,1.778
CL406,2017-10-29,1.4224
CL406,2017-10-30,1.0668
CL406,2017-10-31,1.4224
CL406,2017-11-01,1.4224
CL406,2017-11-02,1.4224
CL406,2017-11-03,1.778
CL406,2017-11-04,1.0668
CL406,2017-11-05,1.0668
CL406,2017-11-06,1.4224
CL406,2017-11-07,1.4224
CL406,2017-11-08,1.778
CL406,2017-11-09,1.4224
CL406,2017-11-10,1.778
CL406,2017-11-11,1.778
CL406,2017-11-12,1.778
CL406,2017-11-13,2.1336
CL406,2017-11-14,1.778
CL406,2017-11-15,1.4224
CL406,2017-11-16,0.6272
CL406,2017-11-17,0.3388
CL406,2017-11-18,0.6888
CL406,2017-11-19,1.0668
CL406,2017-11-20,1.4224
CL406,2017-11-21,1.778
CL406,2017-11-22,1.778
CL406,2017-11-23,1.4224
CL406,2017-11-24,1.4224
CL406,2017-11-25,1.0668
CL406,2017-11-26,1.0668
CL406,2017-11-27,1.0668
CL406,2017-11-28,0.7112
CL406,2017-11-29,0.7112
CL406,2017-11-30,1.0668
CL406,2017-12-01,1.0668
CL406,2017-12-02,1.4224
CL406,2017-12-03,1.4224
CL406,2017-12-04,1.4224
CL406,2017-12-05,1.0668
CL406,2017-12-06,1.4224
CL406,2017-12-07,1.0668
CL406,2017-12-08,1.0668
CL406,2017-12-09,0.3332
CL406,2017-12-10,0.3752
CL406,2017-12-11,0.7
CL406,2017-12-12,0.0
CL406,2017-12-13,1.0668
CL406,2017-12-14,1.4224
CL406,2017-12-15,1.0668
CL406,2017-12-16,0.7112
CL406,2017-12-17,0.7112
CL406,2017-12-18,0.7112
CL406,2017-12-19,0.7112
CL406,2017-12-20,1.0668
CL406,2017-12-21,0.7112
CL406,2017-12-22,1.0668
CL406,2017-12-23,1.0668
CL406,2017-12-24,0.7112
CL406,2017-12-25,1.0668
CL406,2017-12-26,0.7112
CL406,2017-12-27,1.0668
CL406,2017-12-28,1.0668
CL406,2017-12-29,0.7112
CL406,2017-12-30,1.0668
CL406,2017-12-31,1.0668
CL406,2018-01-01,1.0668
CL406,2018-01-02,1.0668
CL406,2018-01-03,1.0668
CL406,2018-01-04,1.0668
CL406,2018-01-05,0.7112
CL406,2018-01-06,0.7112
CL406,2018-01-07,1.0668
CL406,2018-01-08,1.0668
CL406,2018-01-09,1.0668
CL406,2018-01-10,0.7112
CL406,2018-01-11,0.7112
CL406,2018-01-12,0.7112
CL406,2018-01-13,0.7112
CL406,2018-01-14,0.7112
CL406,2018-01-15,1.0668
CL406,2018-01-16,1.0668
CL406,2018-01-17,1.0668
CL406,2018-01-18,1.0668
CL406,2018-01-19,1.0668
CL406,2018-01-20,1.0668
CL406,2018-01-21,1.0668
CL406,2018-01-22,1.4224
CL406,2018-01-23,1.4224
CL406,2018-01-24,1.0668
CL406,2018-01-25,1.0668
CL406,2018-01-26,1.0668
CL406,2018-01-27,1.0668
CL406,2018-01-28,1.0668
CL406,2018-01-29,1.4224
CL406,2018-01-30,1.4224
CL406,2018-01-31,1.4224
CL406,2018-02-01,1.4224
CL406,2018-02-02,1.0668
CL406,2018-02-03,1.0668
CL406,2018-02-04,1.4224
CL406,2018-02-05,1.0668
CL406,2018-02-06,1.4224
CL406,2018-02-07,1.4224
CL406,2018-02-08,1.778
CL406,2018-02-09,1.778
CL406,2018-02-10,1.778
CL406,2018-02-11,1.778
CL406,2018-02-12,2.4892
CL406,2018-02-13,2.4892
CL406,2018-02-14,2.1336
CL406,2018-02-15,2.4892
CL406,2018-02-16,2.1336
CL406,2018-02-17,2.1336
CL406,2018-02-18,2.1336
CL406,2018-02-19,2.1336
CL406,2018-02-20,2.1336
CL406,2018-02-21,2.1336
CL406,2018-02-22,2.1336
CL406,2018-02-23,2.1336
CL406,2018-02-24,2.1336
CL406,2018-02-25,2.8448
CL406,2018-02-26,2.45
CL406,2018-02-27,1.778
CL406,2018-02-28,2.1336
CL406,2018-03-01,2.1336
CL406,2018-03-02,2.1336
CL406,2018-03-03,2.4892
CL406,2018-03-04,2.4892
CL406,2018-03-05,2.4892
CL406,2018-03-06,2.4892
CL406,2018-03-07,3.2004
CL406,2018-03-08,3.556
CL406,2018-03-09,3.556
CL406,2018-03-10,3.556
CL406,2018-03-11,3.556
CL406,2018-03-12,3.2004
CL406,2018-03-13,2.8448
CL406,2018-03-14,3.2004
CL406,2018-03-15,3.556
CL406,2018-03-16,2.8448
CL406,2018-03-17,2.4892
CL406,2018-03-18,2.4892
CL406,2018-03-19,2.8448
CL406,2018-03-20,3.2004
CL406,2018-03-21,2.8448
CL406,2018-03-22,2.1336
CL406,2018-03-23,1.778
CL406,2018-03-24,2.1336
CL406,2018-03-25,2.1336
CL406,2018-03-26,2.4892
CL406,2018-03-27,2.4892
CL406,2018-03-28,2.1336
CL406,2018-03-29,2.4108
CL406,2018-03-30,2.1336
CL406,2018-03-31,5.9052
CL406,2018-04-01,1.778
CL406,2018-04-02,2.4892
CL406,2018-04-03,2.4892
CL406,2018-04-04,2.8448
CL406,2018-04-05,2.8448
CL406,2018-04-06,2.8448
CL406,2018-04-07,0.7644
CL406,2018-04-08,-2.8476
CL406,2018-04-09,2.8448
CL406,2018-04-10,2.4892
CL406,2018-04-11,2.4892
CL406,2018-04-12,1.554
CL406,2018-04-13,2.4892
CL406,2018-04-14,2.8448
CL406,2018-04-15,2.8336
CL406,2018-04-16,2.8448
CL406,2018-04-17,3.3992
CL406,2018-04-18,2.2204
CL406,2018-04-19,2.4108
CL406,2018-04-20,0.7532
CL406,2018-04-21,0.966
CL406,2018-04-22,2.1336
CL406,2018-04-23,1.3104
CL406,2018-04-24,1.4224
CL406,2018-04-25,2.8448
CL406,2018-04-26,3.1052
CL406,2018-04-27,3.15
CL406,2018-04-28,2.8448
CL406,2018-04-29,3.2004
CL406,2018-04-30,1.2656
CL406,2018-05-01,0.4984
CL406,2018-05-02,2.1336
CL406,2018-05-03,1.5372
CL406,2018-05-04,1.7556
CL406,2018-05-05,2.3548
CL406,2018-05-06,0.9884
CL406,2018-05-07,1.778
CL406,2018-05-08,2.4556
CL406,2018-05-09,1.778
CL406,2018-05-10,2.1336
CL406,2018-05-11,2.7048
CL406,2018-05-12,1.288
CL406,2018-05-13,3.2004
CL406,2018-05-14,1.6716
CL406,2018-05-15,0.588
CL406,2018-05-16,1.6268
CL406,2018-05-17,0.5712
CL406,2018-05-18,2.4892
CL406,2018-05-19,2.0692
CL406,2018-05-20,2.4892
CL406,2018-05-21,1.2712
CL406,2018-05-22,2.1168
CL406,2018-05-23,2.1224
CL406,2018-05-24,0.3164
CL406,2018-05-25,2.1336
CL406,2018-05-26,0.5712
CL406,2018-05-27,2.8448
CL406,2018-05-28,2.8448
CL406,2018-05-29,3.556
CL406,2018-05-30,3.556
CL406,2018-05-31,1.8144
CL406,2018-06-01,1.148
CL406,2018-06-02,1.0416
CL406,2018-06-03,1.778
CL406,2018-06-04,2.1336
CL406,2018-06-05,2.4892
CL406,2018-06-06,2.8448
CL406,2018-06-07,2.8448
CL406,2018-06-08,3.2004
CL406,2018-06-09,3.2004
CL406,2018-06-10,3.4944
CL406,2018-06-11,0.9436
CL406,2018-06-12,1.2488
CL406,2018-06-13,0.6048
CL406,2018-06-14,2.1336
CL406,2018-06-15,2.4892
CL406,2018-06-16,2.1756
CL406,2018-06-17,-0.0756
CL406,2018-06-18,2.4556
CL406,2018-06-19,3.444
CL406,2018-06-20,1.778
CL406,2018-06-21,2.1056
CL406,2018-06-22,1.778
CL406,2018-06-23,0.322
CL406,2018-06-24,1.344
CL406,2018-06-25,1.6884
CL406,2018-06-26,-0.1456
CL406,2018-06-27,2.478
CL406,2018-06-28,1.3384
CL406,2018-06-29,3.1724
CL406,2018-06-30,2.1336
CL406,2018-07-01,3.5448
CL406,2018-07-02,3.08
CL406,2018-07-03,2.072
CL406,2018-07-04,-0.2184
CL406,2018-07-05,1.2656
CL406,2018-07-06,2.1336
CL406,2018-07-07,2.1336
CL406,2018-07-08,3.2004
CL406,2018-07-09,3.5224
CL406,2018-07-10,1.1928
CL406,2018-07-11,1.9544
CL406,2018-07-12,1.6604
CL406,2018-07-13,2.8168
CL406,2018-07-14,2.8448
CL406,2018-07-15,3.2004
CL406,2018-07-16,3.2004
CL406,2018-07-17,1.022
CL406,2018-07-18,0.966
CL406,2018-07-19,2.1336
CL406,2018-07-20,2.716
CL406,2018-07-21,2.0664
CL406,2018-07-22,0.3864
CL406,2018-07-23,3.5028
CL406,2018-07-24,0.616
CL406,2018-07-25,5.068
CL406,2018-07-26,2.1364
CL406,2018-07-27,-0.1344
CL406,2018-07-28,0.6916
CL406,2018-07-29,0.3276
CL406,2018-07-30,1.778
CL406,2018-07-31,1.4224
CL406,2018-08-01,0.3388
CL406,2018-08-02,2.1224
CL406,2018-08-03,1.2544
CL406,2018-08-04,1.778
CL406,2018-08-05,2.1336
CL406,2018-08-06,2.1
CL406,2018-08-07,2.3604
CL406,2018-08-08,2.8448
CL406,2018-08-09,2.0832
CL406,2018-08-10,2.8448
CL406,2018-08-11,2.8448
CL406,2018-08-12,3.094
CL406,2018-08-13,1.778
CL406,2018-08-14,2.772
CL406,2018-08-15,3.2004
CL406,2018-08-16,3.556
CL406,2018-08-17,2.1336
CL406,2018-08-18,2.4892
CL406,2018-08-19,4.5836
CL406,2018-08-20,1.778
CL406,2018-08-21,2.1336
CL406,2018-08-22,2.1336
CL406,2018-08-23,0.8232
CL406,2018-08-24,1.4224
CL406,2018-08-25,1.4224
CL406,2018-08-26,0.6384
CL406,2018-08-27,2.45
CL406,2018-08-28,2.4724
CL406,2018-08-29,0.6664
CL406,2018-08-30,2.4892
CL406,2018-08-31,2.4724
CL406,2018-09-01,0.0
CL406,2018-09-02,0.0
CL406,2018-09-03,0.0
CL406,2018-09-04,0.0
CL406,2018-09-05,0.0
CL406,2018-09-06,0.0
CL406,2018-09-07,0.0
CL406,2018-09-08,0.0
CL406,2018-09-09,0.0
CL406,2018-09-10,0.0
CL406,2018-09-11,0.0
CL406,2018-09-12,0.0
CL406,2018-09-13,0.0
CL406,2018-09-14,0.0
CL406,2018-09-15,0.0
CL406,2018-09-16,0.0
CL406,2018-09-17,0.0
CL406,2018-09-18,0.0
CL406,2018-09-19,0.0
CL406,2018-09-20,0.0
CL406,2018-09-21,0.0
CL406,2018-09-22,0.0
CL406,2018-09-23,0.0
CL406,2018-09-24,0.0
CL406,2018-09-25,0.0
CL406,2018-09-26,0.0
CL406,2018-09-27,0.0
CL406,2018-09-28,0.0
CL406,2018-09-29,0.0
CL406,2018-09-30,0.0
CL406,2018-10-01,2.8448
CL406,2018-10-02,2.1336
CL406,2018-10-03,2.1336
CL406,2018-10-04,2.1336
CL406,2018-10-05,2.4892
CL406,2018-10-06,2.4892
CL406,2018-10-07,2.1336
CL406,2018-10-08,2.4892
CL406,2018-10-09,2.8448
CL406,2018-10-10,1.778
CL406,2018-10-11,3.9704
CL406,2018-10-12,0.6608
CL406,2018-10-13,0.966
CL406,2018-10-14,-0.2128
CL406,2018-10-15,2.1336
CL406,2018-10-16,1.4224
CL406,2018-10-17,1.778
CL406,2018-10-18,1.778
CL406,2018-10-19,1.778
CL406,2018-10-20,1.778
CL406,2018-10-21,1.4224
CL406,2018-10-22,1.4224
CL406,2018-10-23,1.778
CL406,2018-10-24,1.778
CL406,2018-10-25,2.1336
CL406,2018-10-26,2.1336
CL406,2018-10-27,1.778
CL406,2018-10-28,1.778
CL406,2018-10-29,1.0668
CL406,2018-10-30,1.0668
CL406,2018-10-31,0.0
CL406,2018-11-01,1.0668
CL406,2018-11-02,1.4224
CL406,2018-11-03,1.4224
CL406,2018-11-04,1.4224
CL406,2018-11-05,0.854
CL406,2018-11-06,1.4224
CL406,2018-11-07,1.4224
CL406,2018-11-08,1.4224
CL406,2018-11-09,1.4224
CL406,2018-11-10,1.4224
CL406,2018-11-11,1.4224
CL406,2018-11-12,1.4224
CL406,2018-11-13,1.778
CL406,2018-11-14,1.778
CL406,2018-11-15,1.778
CL406,2018-11-16,1.778
CL406,2018-11-17,1.778
CL406,2018-11-18,1.778
CL406,2018-11-19,1.4224
CL406,2018-11-20,1.4224
CL406,2018-11-21,1.4224
CL406,2018-11-22,1.4224
CL406,2018-11-23,1.4224
CL406,2018-11-24,1.4224
CL406,2018-11-25,1.4224
CL406,2018-11-26,1.4224
CL406,2018-11-27,1.4224
CL406,2018-11-28,1.778
CL406,2018-11-29,1.778
CL406,2018-11-30,1.778
CL406,2018-12-01,1.778
CL406,2018-12-02,2.1336
CL406,2018-12-03,1.778
CL406,2018-12-04,1.778
CL406,2018-12-05,1.4224
CL406,2018-12-06,1.4224
CL406,2018-12-07,1.778
CL406,2018-12-08,1.778
CL406,2018-12-09,1.4224
CL406,2018-12-10,1.4224
CL406,2018-12-11,1.778
CL406,2018-12-12,1.4224
CL406,2018-12-13,1.4224
CL406,2018-12-14,1.4224
CL406,2018-12-15,1.4224
CL406,2018-12-16,1.4224
CL406,2018-12-17,2.8112
CL406,2018-12-18,0.6104
CL406,2018-12-19,1.7556
CL406,2018-12-20,0.7112
CL406,2018-12-21,0.7112
CL406,2018-12-22,1.0668
CL406,2018-12-23,1.0668
CL406,2018-12-24,1.0668
CL406,2018-12-25,1.4224
CL406,2018-12-26,1.4224
CL406,2018-12-27,1.4224
CL406,2018-12-28,1.4224
CL406,2018-12-29,1.4224
CL406,2018-12-30,1.4224
CL406,2018-12-31,1.4224
CL406,2019-01-01,1.778
CL406,2019-01-02,1.778
CL406,2019-01-03,1.4224
CL406,2019-01-04,1.4224
CL406,2019-01-05,1.4224
CL406,2019-01-06,1.4224
CL406,2019-01-07,1.4224
CL406,2019-01-08,1.4224
CL406,2019-01-09,1.4224
CL406,2019-01-10,1.4224
CL406,2019-01-11,1.4224
CL406,2019-01-12,1.4224
CL406,2019-01-13,1.4224
CL406,2019-01-14,0.0
CL406,2019-01-15,0.0
CL406,2019-01-16,0.0
CL406,2019-01-17,0.0
CL406,2019-01-18,0.0
CL406,2019-01-19,0.0
CL406,2019-01-20,0.0
CL406,2019-01-21,0.0
CL406,2019-01-22,0.0
CL406,2019-01-23,0.0
CL406,2019-01-24,0.0
CL406,2019-01-25,0.0
CL406,2019-01-26,0.0
CL406,2019-01-27,0.0
CL406,2019-01-28,0.0
CL406,2019-01-29,0.0
CL406,2019-01-30,0.0
CL406,2019-01-31,0.0
CL406,2019-02-01,0.0
CL406,2019-02-02,0.0
CL406,2019-02-03,0.0
CL406,2019-02-04,0.0
CL406,2019-02-05,0.0
CL406,2019-02-06,0.0
CL406,2019-02-07,0.0
CL406,2019-02-08,0.0
CL406,2019-02-09,0.0
CL406,2019-02-10,0.0
CL406,2019-02-11,0.0
CL406,2019-02-12,0.0
CL406,2019-02-13,0.0
CL406,2019-02-14,0.0
CL406,2019-02-15,0.0
CL406,2019-02-16,0.0
CL406,2019-02-17,0.0
CL406,2019-02-18,0.0
CL406,2019-02-19,0.0
CL406,2019-02-20,0.0
CL406,2019-02-21,0.0
CL406,2019-02-22,0.0
CL406,2019-02-23,0.0
CL406,2019-02-24,0.0
CL406,2019-02-25,0.0
CL406,2019-02-26,0.0
CL406,2019-02-27,0.0
CL406,2019-02-28,0.0
CL406,2019-03-01,1.0668
CL406,2019-03-02,1.778
CL406,2019-03-03,2.1336
CL406,2019-03-04,1.778
CL406,2019-03-05,3.1668
CL406,2019-03-06,1.4224
CL406,2019-03-07,1.4224
CL406,2019-03-08,1.778
CL406,2019-03-09,1.778
CL406,2019-03-10,1.4224
CL406,2019-03-11,1.4224
CL406,2019-03-12,1.4224
CL406,2019-03-13,1.778
CL406,2019-03-14,1.778
CL406,2019-03-15,2.1336
CL406,2019-03-16,2.8448
CL406,2019-03-17,3.2004
CL406,2019-03-18,3.556
CL406,2019-03-19,3.2004
CL406,2019-03-20,3.2004
CL406,2019-03-21,3.2004
CL406,2019-03-22,3.2004
CL406,2019-03-23,3.2004
CL406,2019-03-24,3.556
CL406,2019-03-25,3.556
CL406,2019-03-26,3.556
CL406,2019-03-27,3.556
CL406,2019-03-28,2.4892
CL406,2019-03-29,2.1336
CL406,2019-03-30,1.778
CL406,2019-03-31,2.1336
CL406,2019-04-01,0.0
CL406,2019-04-02,0.0
CL406,2019-04-03,0.0
CL406,2019-04-04,0.0
CL406,2019-04-05,0.0
CL406,2019-04-06,0.0
CL406,2019-04-07,0.0
CL406,2019-04-08,0.0
CL406,2019-04-09,0.0
CL406,2019-04-10,0.0
CL406,2019-04-11,0.0
CL406,2019-04-12,0.0
CL406,2019-04-13,0.0
CL406,2019-04-14,0.0
CL406,2019-04-15,0.0
CL406,2019-04-16,0.0
CL406,2019-04-17,0.0
CL406,2019-04-18,0.0
CL406,2019-04-19,0.0
CL406,2019-04-20,0.0
CL406,2019-04-21,0.0
CL406,2019-04-22,0.0
CL406,2019-04-23,0.0
CL406,2019-04-24,0.0
CL406,2019-04-25,0.0
CL406,2019-04-26,0.0
CL406,2019-04-27,0.0
CL406,2019-04-28,0.0
CL406,2019-04-29,0.0
CL406,2019-04-30,0.0
CL406,2019-05-01,0.0
CL406,2019-05-02,0.0
CL406,2019-05-03,0.0
CL406,2019-05-04,0.0
CL406,2019-05-05,0.0
CL406,2019-05-06,0.0
CL406,2019-05-07,0.0
CL406,2019-05-08,0.0
CL406,2019-05-09,0.0
CL406,2019-05-10,0.0
CL406,2019-05-11,0.0
CL406,2019-05-12,0.0
CL406,2019-05-13,0.0
CL406,2019-05-14,0.0
CL406,2019-05-15,0.0
CL406,2019-05-16,0.0
CL406,2019-05-17,0.0
CL406,2019-05-18,0.0
CL406,2019-05-19,0.0
CL406,2019-05-20,0.0
CL406,2019-05-21,0.0
CL406,2019-05-22,0.0
CL406,2019-05-23,0.0
CL406,2019-05-24,0.0
CL406,2019-05-25,0.0
CL406,2019-05-26,0.0
CL406,2019-05-27,0.0
CL406,2019-05-28,0.0
CL406,2019-05-29,0.0
CL406,2019-05-30,0.0
CL406,2019-05-31,0.0
CL406,2019-06-01,2.8448
CL406,2019-06-02,3.1668
CL406,2019-06-03,0.0364
CL406,2019-06-04,1.022
CL406,2019-06-05,1.3664
CL406,2019-06-06,1.0164
CL406,2019-06-07,1.7052
CL406,2019-06-08,2.4892
CL406,2019-06-09,2.0664
CL406,2019-06-10,2.1336
CL406,2019-06-11,2.4892
CL406,2019-06-12,3.2004
CL406,2019-06-13,3.2004
CL406,2019-06-14,2.8448
CL406,2019-06-15,2.1336
CL406,2019-06-16,1.4224
CL406,2019-06-17,2.1336
CL406,2019-06-18,3.0716
CL406,2019-06-19,2.1336
CL406,2019-06-20,2.1336
CL406,2019-06-21,2.4892
CL406,2019-06-22,1.3216
CL406,2019-06-23,1.3552
CL406,2019-06-24,2.4892
CL406,2019-06-25,3.2004
CL406,2019-06-26,3.2004
CL406,2019-06-27,3.1388
CL406,2019-06-28,2.45
CL406,2019-06-29,1.4224
CL406,2019-06-30,1.778
CL406,2019-07-01,3.2004
CL406,2019-07-02,3.556
CL406,2019-07-03,1.2908
CL406,2019-07-04,2.1
CL406,2019-07-05,2.1336
CL406,2019-07-06,3.2004
CL406,2019-07-07,5.5552
CL406,2019-07-08,0.3556
CL406,2019-07-09,-3.6372
CL406,2019-07-10,-0.2156
CL406,2019-07-11,6.2048
CL406,2019-07-12,-0.2408
CL406,2019-07-13,0.098
CL406,2019-07-14,1.5876
CL406,2019-07-15,-0.084
CL406,2019-07-16,1.778
CL406,2019-07-17,2.4892
CL406,2019-07-18,2.8448
CL406,2019-07-19,2.4892
CL406,2019-07-20,2.1336
CL406,2019-07-21,2.4892
CL406,2019-07-22,-0.7924
CL406,2019-07-23,2.4892
CL406,2019-07-24,2.8448
CL406,2019-07-25,8.4224
CL406,2019-07-26,33.222
CL406,2019-07-27,25.2112
CL406,2019-07-28,30.0776
CL406,2019-07-29,1.778
CL406,2019-07-30,2.1336
CL406,2019-07-31,1.7332
CL406,2019-08-01,1.9376
CL406,2019-08-02,0.6888
CL406,2019-08-03,2.828
CL406,2019-08-04,0.5712
CL406,2019-08-05,3.2004
CL406,2019-08-06,3.1276
CL406,2019-08-07,3.8948
CL406,2019-08-08,0.4144
CL406,2019-08-09,0.56
CL406,2019-08-10,1.0668
CL406,2019-08-11,2.8448
CL406,2019-08-12,3.1836
CL406,2019-08-13,3.8696
CL406,2019-08-14,1.0332
CL406,2019-08-15,0.8036
CL406,2019-08-16,0.3276
CL406,2019-08-17,2.4556
CL406,2019-08-18,1.778
CL406,2019-08-19,2.1336
CL406,2019-08-20,2.4892
CL406,2019-08-21,2.8448
CL406,2019-08-22,3.2004
CL406,2019-08-23,3.4328
CL406,2019-08-24,2.0888
CL406,2019-08-25,2.0552
CL406,2019-08-26,2.4892
CL406,2019-08-27,2.8448
CL406,2019-08-28,2.8448
CL406,2019-08-29,3.2004
CL406,2019-08-30,3.2004
CL406,2019-08-31,2.8448
CL406,2019-09-01,1.778
CL406,2019-09-02,2.478
CL406,2019-09-03,2.4892
CL406,2019-09-04,2.4892
CL406,2019-09-05,3.1724
CL406,2019-09-06,2.1336
CL406,2019-09-07,2.1168
CL406,2019-09-08,2.1336
CL406,2019-09-09,2.1336
CL406,2019-09-10,3.5252
CL406,2019-09-11,2.4892
CL406,2019-09-12,2.8112
CL406,2019-09-13,1.6492
CL406,2019-09-14,0.2996
CL406,2019-09-15,1.778
CL406,2019-09-16,2.1336
CL406,2019-09-17,2.4892
CL406,2019-09-18,2.8448
CL406,2019-09-19,2.8448
CL406,2019-09-20,2.8448
CL406,2019-09-21,3.556
CL406,2019-09-22,3.556
CL406,2019-09-23,-2.422
CL406,2019-09-24,1.778
CL406,2019-09-25,1.2992
CL406,2019-09-26,0.3528
CL406,2019-09-27,1.4112
CL406,2019-09-28,0.7112
CL406,2019-09-29,1.4056
CL406,2019-09-30,1.778
CL406,2019-10-01,1.0388
CL406,2019-10-02,0.0364
CL406,2019-10-03,1.778
CL406,2019-10-04,0.1428
CL406,2019-10-05,1.778
CL406,2019-10-06,2.1336
CL406,2019-10-07,3.2004
CL406,2019-10-08,0.1428
CL406,2019-10-09,1.316
CL406,2019-10-10,1.7332
CL406,2019-10-11,1.7556
CL406,2019-10-12,2.1336
CL406,2019-10-13,2.1336
CL406,2019-10-14,2.4892
CL406,2019-10-15,2.4892
CL406,2019-10-16,1.778
CL406,2019-10-17,0.1484
CL406,2019-10-18,2.1336
CL406,2019-10-19,2.4892
CL406,2019-10-20,2.4892
CL406,2019-10-21,2.4892
CL406,2019-10-22,1.4224
CL406,2019-10-23,1.778
CL406,2019-10-24,1.3048
CL406,2019-10-25,-0.1624
CL406,2019-10-26,0.5936
CL406,2019-10-27,0.7112
CL406,2019-10-28,1.0668
CL406,2019-10-29,2.1336
CL406,2019-10-30,2.4892
CL406,2019-10-31,1.4224
CL406,2019-11-01,1.4224
CL406,2019-11-02,1.0668
CL406,2019-11-03,1.4224
CL406,2019-11-04,1.778
CL406,2019-11-05,1.778
CL406,2019-11-06,1.778
CL406,2019-11-07,1.778
CL406,2019-11-08,1.778
CL406,2019-11-09,1.2992
CL406,2019-11-10,-0.2296
CL406,2019-11-11,0.6832
CL406,2019-11-12,1.4224
CL406,2019-11-13,1.778
CL406,2019-11-14,1.778
CL406,2019-11-15,1.778
CL406,2019-11-16,2.1336
CL406,2019-11-17,1.4224
CL406,2019-11-18,1.4224
CL406,2019-11-19,1.4224
CL406,2019-11-20,1.4224
CL406,2019-11-21,1.778
CL406,2019-11-22,1.778
CL406,2019-11-23,1.778
CL406,2019-11-24,1.778
CL406,2019-11-25,1.4224
CL406,2019-11-26,1.4224
CL406,2019-11-27,1.4224
CL406,2019-11-28,1.4224
CL406,2019-11-29,1.4224
CL406,2019-11-30,1.4224
CL406,2019-12-01,1.4224
CL406,2019-12-02,1.0668
CL406,2019-12-03,1.2446
CL406,2019-12-04,1.2446
CL406,2019-12-05,1.2446
CL406,2019-12-06,1.4224
CL406,2019-12-07,1.778
CL406,2019-12-08,1.778
CL406,2019-12-09,1.778
CL406,2019-12-10,1.778
CL406,2019-12-11,1.4224
CL406,2019-12-12,1.4224
CL406,2019-12-13,1.4224
CL406,2019-12-14,1.2446
CL406,2019-12-15,1.2446
CL406,2019-12-16,1.2446
CL406,2019-12-17,1.6002
CL406,2019-12-18,1.6002
CL406,2019-12-19,1.2446
CL406,2019-12-20,1.2446
CL406,2019-12-21,1.0668
CL406,2019-12-22,1.0668
CL406,2019-12-23,0.889
CL406,2019-12-24,0.7112
CL406,2019-12-25,0.7112
CL406,2019-12-26,0.5334
CL406,2019-12-27,0.6216
CL406,2019-12-28,0.5334
CL406,2019-12-29,0.7112
CL406,2019-12-30,0.889
CL406,2019-12-31,0.889
CL406,2020-01-01,0.7112
CL406,2020-01-02,0.889
CL406,2020-01-03,-0.518
CL406,2020-01-04,0.9884
CL406,2020-01-05,0.3556
CL406,2020-01-06,0.3556
CL406,2020-01-07,0.3556
CL406,2020-01-08,0.5334
CL406,2020-01-09,0.5334
CL406,2020-01-10,0.7112
CL406,2020-01-11,0.7112
CL406,2020-01-12,0.7112
CL406,2020-01-13,0.889
CL406,2020-01-14,0.889
CL406,2020-01-15,0.7112
CL406,2020-01-16,0.7112
CL406,2020-01-17,0.889
CL406,2020-01-18,1.0668
CL406,2020-01-19,1.0668
CL406,2020-01-20,1.2446
CL406,2020-01-21,1.2446
CL406,2020-01-22,1.2446
CL406,2020-01-23,1.2446
CL406,2020-01-24,1.2446
CL406,2020-01-25,1.4224
CL406,2020-01-26,1.4224
CL406,2020-01-27,1.4224
CL406,2020-01-28,1.2446
CL406,2020-01-29,1.2446
CL406,2020-01-30,1.4224
CL406,2020-01-31,1.4224
CL406,2020-02-01,1.2446
CL406,2020-02-02,1.4224
CL406,2020-02-03,1.4224
CL406,2020-02-04,1.6002
CL406,2020-02-05,1.6002
CL406,2020-02-06,1.4224
CL406,2020-02-07,1.2446
CL406,2020-02-08,1.2446
CL406,2020-02-09,1.0668
CL406,2020-02-10,1.4224
CL406,2020-02-11,1.4224
CL406,2020-02-12,1.2446
CL406,2020-02-13,1.2446
CL406,2020-02-14,1.4224
CL406,2020-02-15,1.4224
CL406,2020-02-16,1.4224
CL406,2020-02-17,1.9558
CL406,2020-02-18,1.6002
CL406,2020-02-19,1.6002
CL406,2020-02-20,1.4224
CL406,2020-02-21,1.4224
CL406,2020-02-22,1.4224
CL406,2020-02-23,1.6002
CL406,2020-02-24,1.6002
CL406,2020-02-25,1.0668
CL406,2020-02-26,0.7112
CL406,2020-02-27,0.3556
CL406,2020-02-28,0.3556
CL406,2020-02-29,0.7112
CL406,2020-03-01,1.778
CL406,2020-03-02,2.1336
CL406,2020-03-03,0.6328
CL406,2020-03-04,1.0052
CL406,2020-03-05,1.5764
CL406,2020-03-06,1.0668
CL406,2020-03-07,1.4224
CL406,2020-03-08,1.4224
CL406,2020-03-09,1.2446
CL406,2020-03-10,1.2446
CL406,2020-03-11,1.4224
CL406,2020-03-12,1.4224
CL406,2020-03-13,1.9558
CL406,2020-03-14,1.9558
CL406,2020-03-15,2.4892
CL406,2020-03-16,2.8448
CL406,2020-03-17,3.3782
CL406,2020-03-18,3.556
CL406,2020-03-19,3.3782
CL406,2020-03-20,3.2004
CL406,2020-03-21,3.2004
CL406,2020-03-22,3.2004
CL406,2020-03-23,3.556
CL406,2020-03-24,3.7338
CL406,2020-03-25,3.7338
CL406,2020-03-26,3.556
CL406,2020-03-27,4.2448
CL406,2020-03-28,2.8448
CL406,2020-03-29,3.2004
CL406,2020-03-30,3.2004
CL406,2020-03-31,3.556
CL406,2020-04-01,3.7338
CL406,2020-04-02,3.9116
CL406,2020-04-03,5.9836
CL406,2020-04-04,2.8448
CL406,2020-04-05,2.8448
CL406,2020-04-06,3.178
CL406,2020-04-07,2.1336
CL406,2020-04-08,2.4892
CL406,2020-04-09,3.5224
CL406,2020-04-10,2.1336
CL406,2020-04-11,2.3114
CL406,2020-04-12,4.5892
CL406,2020-04-13,2.8448
CL406,2020-04-14,2.4052
CL406,2020-04-15,3.2004
CL406,2020-04-16,2.8448
CL406,2020-04-17,3.2004
CL406,2020-04-18,2.4388
CL406,2020-04-19,0.9828
CL406,2020-04-20,3.5392
CL406,2020-04-21,3.178
CL406,2020-04-22,2.3114
CL406,2020-04-23,1.778
CL406,2020-04-24,3.528
CL406,2020-04-25,1.2264
CL406,2020-04-26,3.178
CL406,2020-04-27,0.3584
CL406,2020-04-28,2.4892
CL406,2020-04-29,0.9492
CL406,2020-04-30,1.3552
CL406,2020-05-01,1.778
CL406,2020-05-02,1.9824
CL406,2020-05-03,0.5936
CL406,2020-05-04,2.4892
CL406,2020-05-05,2.8448
CL406,2020-05-06,2.5144
CL406,2020-05-07,2.1336
CL406,2020-05-08,2.0888
CL406,2020-05-09,0.9884
CL406,2020-05-10,3.178
CL406,2020-05-11,2.8448
CL406,2020-05-12,3.2004
CL406,2020-05-13,3.2004
CL406,2020-05-14,3.8388
CL406,2020-05-15,2.814
CL406,2020-05-16,2.198
CL406,2020-05-17,2.4892
CL406,2020-05-18,2.8448
CL406,2020-05-19,2.8448
CL406,2020-05-20,1.9992
CL406,2020-05-21,-3.1948
CL406,2020-05-22,1.7612
CL406,2020-05-23,2.4892
CL406,2020-05-24,2.8448
CL406,2020-05-25,2.8448
CL406,2020-05-26,3.0226
CL406,2020-05-27,2.0832
CL406,2020-05-28,1.75
CL406,2020-05-29,1.778
CL406,2020-05-30,1.778
CL406,2020-05-31,1.9558
CL406,2020-06-01,3.3782
CL406,2020-06-02,0.3052
CL406,2020-06-03,3.1836
CL406,2020-06-04,2.0608
CL406,2020-06-05,1.778
CL406,2020-06-06,2.9372
CL406,2020-06-07,2.4276
CL406,2020-06-08,2.1168
CL406,2020-06-09,1.9558
CL406,2020-06-10,4.0376
CL406,2020-06-11,1.6002
CL406,2020-06-12,1.9558
CL406,2020-06-13,2.38
CL406,2020-06-14,1.0164
CL406,2020-06-15,2.8
CL406,2020-06-16,1.778
CL406,2020-06-17,0.9828
CL406,2020-06-18,1.0136
CL406,2020-06-19,0.3276
CL406,2020-06-20,0.378
CL406,2020-06-21,2.0944
CL406,2020-06-22,1.2264
CL406,2020-06-23,2.4892
CL406,2020-06-24,2.8448
CL406,2020-06-25,3.0226
CL406,2020-06-26,3.0226
CL406,2020-06-27,2.4892
CL406,2020-06-28,2.4668
CL406,2020-06-29,0.8596
CL406,2020-06-30,2.1336
CL406,2020-07-01,2.3114
CL406,2020-07-02,3.2004
CL406,2020-07-03,3.2004
CL406,2020-07-04,4.2672
CL406,2020-07-05,1.9936
CL406,2020-07-06,1.7332
CL406,2020-07-07,2.1336
CL406,2020-07-08,1.5792
CL406,2020-07-09,1.0332
CL406,2020-07-10,2.0048
CL406,2020-07-11,2.8448
CL406,2020-07-12,1.1816
CL406,2020-07-13,0.6328
CL406,2020-07-14,1.6604
CL406,2020-07-15,1.4
CL406,2020-07-16,2.7832
CL406,2020-07-17,4.2448
CL406,2020-07-18,2.4892
CL406,2020-07-19,0.9828
CL406,2020-07-20,2.0804
CL406,2020-07-21,1.2824
CL406,2020-07-22,1.1704
CL406,2020-07-23,0.9996
CL406,2020-07-24,-0.0224
CL406,2020-07-25,3.556
CL406,2020-07-26,1.0556
CL406,2020-07-27,2.2946
CL406,2020-07-28,2.3408
CL406,2020-07-29,-1.7836
CL406,2020-07-30,0.3556
CL406,2020-07-31,2.4892
CL406,2020-08-01,2.4892
CL406,2020-08-02,0.5992
CL406,2020-08-03,2.1336
CL406,2020-08-04,2.4892
CL406,2020-08-05,1.5372
CL406,2020-08-06,2.3604
CL406,2020-08-07,1.3272
CL406,2020-08-08,4.2672
CL406,2020-08-09,2.8448
CL406,2020-08-10,2.4108
CL406,2020-08-11,2.4892
CL406,2020-08-12,2.667
CL406,2020-08-13,2.2204
CL406,2020-08-14,2.8448
CL406,2020-08-15,3.0226
CL406,2020-08-16,0.1372
CL406,2020-08-17,3.2004
CL406,2020-08-18,1.0276
CL406,2020-08-19,2.3436
CL406,2020-08-20,2.4556
CL406,2020-08-21,0.6608
CL406,2020-08-22,0.448
CL406,2020-08-23,0.3332
CL406,2020-08-24,0.6328
CL406,2020-08-25,3.0058
CL406,2020-08-26,3.0226
CL406,2020-08-27,1.316
CL406,2020-08-28,1.3692
CL406,2020-08-29,0.9548
CL406,2020-08-30,1.7612
CL406,2020-08-31,1.4224
CL406,2020-09-01,1.9558
CL406,2020-09-02,2.5816
CL406,2020-09-03,0.9492
CL406,2020-09-04,2.3114
CL406,2020-09-05,2.8448
CL406,2020-09-06,2.8448
CL406,2020-09-07,2.4892
CL406,2020-09-08,1.5932
CL406,2020-09-09,0.3808
CL406,2020-09-10,2.3114
CL406,2020-09-11,2.4892
CL406,2020-09-12,2.45
CL406,2020-09-13,1.3384
CL406,2020-09-14,0.4928
CL406,2020-09-15,1.2152
CL406,2020-09-16,0.672
CL406,2020-09-17,2.1336
CL406,2020-09-18,1.1844
CL406,2020-09-19,2.4892
CL406,2020-09-20,2.8448
CL406,2020-09-21,2.4668
CL406,2020-09-22,1.316
CL406,2020-09-23,1.0276
CL406,2020-09-24,0.6048
CL406,2020-09-25,1.0668
CL406,2020-09-26,1.0276
CL406,2020-09-27,0.2716
CL406,2020-09-28,2.3114
CL406,2020-09-29,1.778
CL406,2020-09-30,2.1336
CL406,2020-10-01,2.4892
CL406,2020-10-02,1.2096
CL406,2020-10-03,1.7668
CL406,2020-10-04,1.4224
CL406,2020-10-05,0.8274
CL406,2020-10-06,2.716
CL406,2020-10-07,0.7112
CL406,2020-10-08,0.7112
CL406,2020-10-09,2.1336
CL406,2020-10-10,2.667
CL406,2020-10-11,2.1336
CL406,2020-10-12,2.1336
CL406,2020-10-13,2.1336
CL406,2020-10-14,1.778
CL406,2020-10-15,2.1336
CL406,2020-10-16,1.6002
CL406,2020-10-17,1.4224
CL406,2020-10-18,1.6002
CL406,2020-10-19,1.6002
CL406,2020-10-20,1.4224
CL406,2020-10-21,1.778
CL406,2020-10-22,1.288
CL406,2020-10-23,0.1316
CL406,2020-10-24,0.5362
CL406,2020-10-25,0.7112
CL406,2020-10-26,1.2446
CL406,2020-10-27,1.2446
CL406,2020-10-28,1.4224
CL406,2020-10-29,1.6002
CL406,2020-10-30,2.1336
CL406,2020-10-31,2.4892
CL406,2020-11-01,0.3556
CL406,2020-11-02,0.5054
CL406,2020-11-03,1.2446
CL406,2020-11-04,1.6002
CL406,2020-11-05,1.4224
CL406,2020-11-06,1.4224
CL406,2020-11-07,1.6002
CL406,2020-11-08,1.778
CL406,2020-11-09,1.778
CL406,2020-11-10,1.778
CL406,2020-11-11,1.778
CL406,2020-11-12,1.9558
CL406,2020-11-13,1.9558
CL406,2020-11-14,1.9558
CL406,2020-11-15,1.9558
CL406,2020-11-16,1.778
CL406,2020-11-17,1.778
CL406,2020-11-18,1.6002
CL406,2020-11-19,1.6002
CL406,2020-11-20,1.4224
CL406,2020-11-21,1.7976
CL406,2020-11-22,1.0668
CL406,2020-11-23,1.4224
CL406,2020-11-24,1.4224
CL406,2020-11-25,1.4224
CL406,2020-11-26,0.889
CL406,2020-11-27,0.889
CL406,2020-11-28,1.0668
CL406,2020-11-29,1.2446
CL406,2020-11-30,1.2446
CL406,2020-12-01,0.7112
CL406,2020-12-02,0.7112
CL406,2020-12-03,0.7112
CL406,2020-12-04,0.7112
CL406,2020-12-05,0.889
CL406,2020-12-06,0.7112
CL406,2020-12-07,0.7112
CL406,2020-12-08,0.5334
CL406,2020-12-09,0.5334
CL406,2020-12-10,0.3556
CL406,2020-12-11,0.3556
CL406,2020-12-12,0.3556
CL406,2020-12-13,0.5334
CL406,2020-12-14,0.5334
CL406,2020-12-15,0.5334
CL406,2020-12-16,0.5334
CL406,2020-12-17,0.7112
CL406,2020-12-18,0.7112
CL406,2020-12-19,0.889
CL406,2020-12-20,0.889
CL406,2020-12-21,0.889
CL406,2020-12-22,0.7112
CL406,2020-12-23,0.7112
CL406,2020-12-24,0.7112
CL406,2020-12-25,0.7112
CL406,2020-12-26,0.889
CL406,2020-12-27,1.0668
CL406,2020-12-28,0.7112
CL406,2020-12-29,0.7112
CL406,2020-12-30,1.0668
CL406,2020-12-31,1.0668
CL406,2021-01-01,1.4224
CL406,2021-01-02,1.0668
CL406,2021-01-03,1.0668
CL406,2021-01-04,1.0668
CL406,2021-01-05,1.0668
CL406,2021-01-06,0.889
CL406,2021-01-07,0.889
CL406,2021-01-08,0.889
CL406,2021-01-09,0.889
CL406,2021-01-10,0.7112
CL406,2021-01-11,0.7112
CL406,2021-01-12,0.889
CL406,2021-01-13,1.0668
CL406,2021-01-14,1.0668
CL406,2021-01-15,1.0668
CL406,2021-01-16,1.0668
CL406,2021-01-17,0.7112
CL406,2021-01-18,0.7112
CL406,2021-01-19,0.7112
CL406,2021-01-20,0.7112
CL406,2021-01-21,0.5334
CL406,2021-01-22,0.5334
CL406,2021-01-23,0.7112
CL406,2021-01-24,0.7112
CL406,2021-01-25,0.889
CL406,2021-01-26,0.889
CL406,2021-01-27,0.889
CL406,2021-01-28,0.889
CL406,2021-01-29,1.0668
CL406,2021-01-30,1.0668
CL406,2021-01-31,1.0668
CL406,2021-02-01,1.0668
CL406,2021-02-02,1.0668
CL406,2021-02-03,0.889
CL406,2021-02-04,0.889
CL406,2021-02-05,1.0668
CL406,2021-02-06,1.0668
CL406,2021-02-07,1.0668
CL406,2021-02-08,1.4224
CL406,2021-02-09,1.4224
CL406,2021-02-10,1.6002
CL406,2021-02-11,1.0668
CL406,2021-02-12,1.0668
CL406,2021-02-13,1.4224
CL406,2021-02-14,1.4224
CL406,2021-02-15,1.4224
CL406,2021-02-16,1.2446
CL406,2021-02-17,1.2446
CL406,2021-02-18,1.2446
CL406,2021-02-19,1.2446
CL406,2021-02-20,1.2446
CL406,2021-02-21,1.2446
CL406,2021-02-22,1.4224
CL406,2021-02-23,1.4224
CL406,2021-02-24,1.4224
CL406,2021-02-25,2.1336
CL406,2021-02-26,2.1336
CL406,2021-02-27,2.1336
CL406,2021-02-28,2.1336
CL406,2021-03-01,2.1336
CL406,2021-03-02,2.4892
CL406,2021-03-03,2.4892
CL406,2021-03-04,2.4892
CL406,2021-03-05,2.1336
CL406,2021-03-06,2.1336
CL406,2021-03-07,1.778
CL406,2021-03-08,1.778
CL406,2021-03-09,1.4224
CL406,2021-03-10,1.4224
CL406,2021-03-11,1.6002
CL406,2021-03-12,1.6002
CL406,2021-03-13,1.6002
CL406,2021-03-14,2.3114
CL406,2021-03-15,2.667
CL406,2021-03-16,2.3114
CL406,2021-03-17,2.8448
CL406,2021-03-18,2.8448
CL406,2021-03-19,2.4892
CL406,2021-03-20,2.4892
CL406,2021-03-21,2.4892
CL406,2021-03-22,2.667
CL406,2021-03-23,2.667
CL406,2021-03-24,2.4892
CL406,2021-03-25,1.4224
CL406,2021-03-26,1.4224
CL406,2021-03-27,3.2004
CL406,2021-03-28,3.2004
CL406,2021-03-29,2.4892
CL406,2021-03-30,2.1336
CL406,2021-03-31,2.1336
CL406,2021-04-01,2.4892
CL406,2021-04-02,3.556
CL406,2021-04-03,3.2004
CL406,2021-04-04,3.2004
CL406,2021-04-05,5.5664
CL406,2021-04-06,2.1336
CL406,2021-04-07,1.778
CL406,2021-04-08,2.4892
CL406,2021-04-09,2.4892
CL406,2021-04-10,2.4892
CL406,2021-04-11,2.1336
CL406,2021-04-12,3.556
CL406,2021-04-13,3.2004
CL406,2021-04-14,3.556
CL406,2021-04-15,3.2004
CL406,2021-04-16,3.2004
CL406,2021-04-17,2.8448
CL406,2021-04-18,3.556
CL406,2021-04-19,3.3782
CL406,2021-04-20,3.9116
CL406,2021-04-21,3.9116
CL406,2021-04-22,3.9116
CL406,2021-04-23,2.4892
CL406,2021-04-24,3.2004
CL406,2021-04-25,3.9116
CL406,2021-04-26,3.9116
CL406,2021-04-27,3.9116
CL406,2021-04-28,3.556
CL406,2021-04-29,3.9116
CL406,2021-04-30,3.556
CL406,2021-05-01,3.9004
CL406,2021-05-02,3.1444
CL406,2021-05-03,2.366
CL406,2021-05-04,1.778
CL406,2021-05-05,1.4224
CL406,2021-05-06,3.2004
CL406,2021-05-07,3.9116
CL406,2021-05-08,3.556
CL406,2021-05-09,2.1336
CL406,2021-05-10,2.1336
CL406,2021-05-11,3.178
CL406,2021-05-12,7.896
CL406,2021-05-13,2.1336
CL406,2021-05-14,-8.9684
CL406,2021-05-15,-0.3556
CL406,2021-05-16,17.2004
CL406,2021-05-17,-0.0448
CL406,2021-05-18,3.2004
CL406,2021-05-19,9.0552
CL406,2021-05-20,1.778
CL406,2021-05-21,3.2004
CL406,2021-05-22,3.2004
CL406,2021-05-23,3.556
CL406,2021-05-24,3.556
CL406,2021-05-25,8.6996
CL406,2021-05-26,2.1112
CL406,2021-05-27,1.9544
CL406,2021-05-28,2.667
CL406,2021-05-29,2.667
CL406,2021-05-30,2.8448
CL406,2021-05-31,2.548
CL406,2021-06-01,-1.4868
CL406,2021-06-02,0.5334
CL406,2021-06-03,1.778
CL406,2021-06-04,2.4892
CL406,2021-06-05,3.0226
CL406,2021-06-06,3.0226
CL406,2021-06-07,1.8256
CL406,2021-06-08,1.071
CL406,2021-06-09,3.0226
CL406,2021-06-10,-1.5876
CL406,2021-06-11,2.4892
CL406,2021-06-12,0.4368
CL406,2021-06-13,-0.1624
CL406,2021-06-14,2.1168
CL406,2021-06-15,2.2946
CL406,2021-06-16,-1.1424
CL406,2021-06-17,1.75
CL406,2021-06-18,-1.932
CL406,2021-06-19,-1.4896
CL406,2021-06-20,-0.98
CL406,2021-06-21,0.5334
CL406,2021-06-22,1.6002
CL406,2021-06-23,0.4774
CL406,2021-06-24,2.4892
CL406,2021-06-25,2.667
CL406,2021-06-26,2.667
CL406,2021-06-27,2.8448
CL406,2021-06-28,3.0226
CL406,2021-06-29,3.0226
CL406,2021-06-30,3.3782
CL406,2021-07-01,0.1372
CL406,2021-07-02,-1.722
CL406,2021-07-03,-0.056
CL406,2021-07-04,-2.8588
CL406,2021-07-05,1.4588
CL406,2021-07-06,1.4224
CL406,2021-07-07,1.4224
CL406,2021-07-08,1.9558
CL406,2021-07-09,1.9558
CL406,2021-07-10,2.667
CL406,2021-07-11,2.667
CL406,2021-07-12,3.0226
CL406,2021-07-13,3.0226
CL406,2021-07-14,3.0884
CL406,2021-07-15,2.8448
CL406,2021-07-16,3.2004
CL406,2021-07-17,3.3782
CL406,2021-07-18,0.504
CL406,2021-07-19,1.5834
CL406,2021-07-20,-2.8896
CL406,2021-07-21,0.3976
CL406,2021-07-22,1.211
CL406,2021-07-23,2.4892
CL406,2021-07-24,-24.444
CL406,2021-07-25,0.5334
CL406,2021-07-26,2.8448
CL406,2021-07-27,1.778
CL406,2021-07-28,0.8708
CL406,2021-07-29,0.6272
CL406,2021-07-30,0.2156
CL406,2021-07-31,1.3104
CL406,2021-08-01,1.3104
CL406,2021-08-02,1.3608
CL406,2021-08-03,1.7668
CL406,2021-08-04,0.5488
CL406,2021-08-05,1.0668
CL406,2021-08-06,1.0164
CL406,2021-08-07,1.3384
CL406,2021-08-08,0.889
CL406,2021-08-09,1.5834
CL406,2021-08-10,0.6832
CL406,2021-08-11,1.3552
CL406,2021-08-12,1.9558
CL406,2021-08-13,3.0212
CL406,2021-08-14,1.0668
CL406,2021-08-15,1.7612
CL406,2021-08-16,2.1336
CL406,2021-08-17,0.9632
CL406,2021-08-18,3.6442
CL406,2021-08-19,1.2446
CL406,2021-08-20,2.828
CL406,2021-08-21,2.0384
CL406,2021-08-22,2.4892
CL406,2021-08-23,1.8942
CL406,2021-08-24,3.248
CL406,2021-08-25,1.6492
CL406,2021-08-26,0.1932
CL406,2021-08-27,0.3248
CL406,2021-08-28,1.7584
CL406,2021-08-29,1.0668
CL406,2021-08-30,2.7608
CL406,2021-08-31,1.0696
CL406,2021-09-01,1.778
CL406,2021-09-02,1.778
CL406,2021-09-03,2.3114
CL406,2021-09-04,2.3114
CL406,2021-09-05,1.0052
CL406,2021-09-06,1.0108
CL406,2021-09-07,1.7668
CL406,2021-09-08,2.2988
CL406,2021-09-09,1.4224
CL406,2021-09-10,1.778
CL406,2021-09-11,2.3114
CL406,2021-09-12,2.8448
CL406,2021-09-13,2.667
CL406,2021-09-14,0.5096
CL406,2021-09-15,1.3608
CL406,2021-09-16,2.1336
CL406,2021-09-17,1.778
CL406,2021-09-18,1.778
CL406,2021-09-19,0.7112
CL406,2021-09-20,0.7112
CL406,2021-09-21,1.0668
CL406,2021-09-22,1.4224
CL406,2021-09-23,1.3328
CL406,2021-09-24,2.4892
CL406,2021-09-25,1.4224
CL406,2021-09-26,1.0668
CL406,2021-09-27,3.3656
CL406,2021-09-28,1.722
CL406,2021-09-29,2.45
CL406,2021-09-30,1.2446
CL406,2021-10-01,1.4224
CL406,2021-10-02,2.4892
CL406,2021-10-03,2.4892
CL406,2021-10-04,15.0948
CL406,2021-10-05,1.0556
CL406,2021-10-06,0.9828
CL406,2021-10-07,1.778
CL406,2021-10-08,2.1336
CL406,2021-10-09,1.778
CL406,2021-10-10,1.778
CL406,2021-10-11,2.1336
CL406,2021-10-12,2.1336
CL406,2021-10-13,2.4892
CL406,2021-10-14,2.3828
CL406,2021-10-15,1.771
CL406,2021-10-16,2.1336
CL406,2021-10-17,3.2004
CL406,2021-10-18,2.3828
CL406,2021-10-19,4.354
CL406,2021-10-20,0.6664
CL406,2021-10-21,0.5166
CL406,2021-10-22,0.3388
CL406,2021-10-23,1.6002
CL406,2021-10-24,1.778
CL406,2021-10-25,1.9558
CL406,2021-10-26,1.9558
CL406,2021-10-27,1.4224
CL406,2021-10-28,1.0668
CL406,2021-10-29,1.6002
CL406,2021-10-30,2.1336
CL406,2021-10-31,2.4892
CL406,2021-11-01,2.4892
CL406,2021-11-02,1.778
CL406,2021-11-03,1.4224
CL406,2021-11-04,1.6002
CL406,2021-11-05,1.778
CL406,2021-11-06,1.778
CL406,2021-11-07,1.4224
CL406,2021-11-08,1.4224
CL406,2021-11-09,1.778
CL406,2021-11-10,1.2446
CL406,2021-11-11,1.0668
CL406,2021-11-12,1.0668
CL406,2021-11-13,0.6776
CL406,2021-11-14,2.0328
CL406,2021-11-15,-0.3892
CL406,2021-11-16,0.3556
CL406,2021-11-17,0.889
CL406,2021-11-18,1.0668
CL406,2021-11-19,1.0668
CL406,2021-11-20,1.4224
CL406,2021-11-21,1.0668
CL406,2021-11-22,1.0668
CL406,2021-11-23,1.2446
CL406,2021-11-24,1.0668
CL406,2021-11-25,1.0668
CL406,2021-11-26,1.0668
CL406,2021-11-27,1.2446
CL406,2021-11-28,1.0668
CL406,2021-11-29,1.2446
CL406,2021-11-30,1.2446
CL406,2021-12-01,1.2446
CL406,2021-12-02,1.2446
CL406,2021-12-03,1.0668
CL406,2021-12-04,1.0668
CL406,2021-12-05,1.0668
CL406,2021-12-06,9.268
CL406,2021-12-07,2.66
CL406,2021-12-08,0.6776
CL406,2021-12-09,0.3556
CL406,2021-12-10,0.889
CL406,2021-12-11,1.0668
CL406,2021-12-12,1.0668
CL406,2021-12-13,0.7112
CL406,2021-12-14,0.7112
CL406,2021-12-15,0.7112
CL406,2021-12-16,0.5334
CL406,2021-12-17,0.5334
CL406,2021-12-18,0.3556
CL406,2021-12-19,0.5334
CL406,2021-12-20,0.5334
CL406,2021-12-21,0.7112
CL406,2021-12-22,0.5334
CL406,2021-12-23,0.7112
CL406,2021-12-24,0.5334
CL406,2021-12-25,0.5334
CL406,2021-12-26,0.7112
CL406,2021-12-27,0.3556
CL406,2021-12-28,0.5334
CL406,2021-12-29,0.5334
CL406,2021-12-30,0.5334
CL406,2021-12-31,0.7112
CL406,2022-01-01,0.889
CL406,2022-01-02,0.889
CL406,2022-01-03,0.889
CL406,2022-01-04,0.5334
CL406,2022-01-05,0.5334
CL406,2022-01-06,0.3556
CL406,2022-01-07,0.3556
CL406,2022-01-08,0.5334
CL406,2022-01-09,0.5334
CL406,2022-01-10,0.5334
CL406,2022-01-11,0.7112
CL406,2022-01-12,0.7112
CL406,2022-01-13,0.7112
CL406,2022-01-14,0.889
CL406,2022-01-15,0.889
CL406,2022-01-16,0.889
CL406,2022-01-17,1.2446
CL406,2022-01-18,1.2446
CL406,2022-01-19,0.7112
CL406,2022-01-20,0.7112
CL406,2022-01-21,0.889
CL406,2022-01-22,0.889
CL406,2022-01-23,0.889
CL406,2022-01-24,0.8386
CL406,2022-01-25,0.5334
CL406,2022-01-26,0.889
CL406,2022-01-27,0.889
CL406,2022-01-28,1.0668
CL406,2022-01-29,1.0668
CL406,2022-01-30,1.0668
CL406,2022-01-31,1.0668
CL406,2022-02-01,1.0668
CL406,2022-02-02,1.0668
CL406,2022-02-03,1.0668
CL406,2022-02-04,1.0668
CL406,2022-02-05,1.2264
CL406,2022-02-06,0.7112
CL406,2022-02-07,0.889
CL406,2022-02-08,0.889
CL406,2022-02-09,1.0668
CL406,2022-02-10,1.0668
CL406,2022-02-11,1.0668
CL406,2022-02-12,1.0668
CL406,2022-02-13,1.0668
CL406,2022-02-14,1.2446
CL406,2022-02-15,1.2446
CL406,2022-02-16,1.2446
CL406,2022-02-17,1.0668
CL406,2022-02-18,1.0668
CL406,2022-02-19,1.2446
CL406,2022-02-20,1.6002
CL406,2022-02-21,1.6002
CL406,2022-02-22,1.6002
CL406,2022-02-23,1.6002
CL406,2022-02-24,1.6002
CL406,2022-02-25,0.5936
CL406,2022-02-26,1.0668
CL406,2022-02-27,1.2446
CL406,2022-02-28,1.2446
CL406,2022-03-01,1.4224
CL406,2022-03-02,1.4224
CL406,2022-03-03,1.6002
CL406,2022-03-04,1.6002
CL406,2022-03-05,1.6002
CL406,2022-03-06,1.6002
CL406,2022-03-07,1.778
CL406,2022-03-08,1.9558
CL406,2022-03-09,1.9558
CL406,2022-03-10,2.1336
CL406,2022-03-11,2.1336
CL406,2022-03-12,2.1336
CL406,2022-03-13,1.9558
CL406,2022-03-14,2.3114
CL406,2022-03-15,2.4892
CL406,2022-03-16,2.4892
CL406,2022-03-17,2.4892
CL406,2022-03-18,2.4892
CL406,2022-03-19,2.8448
CL406,2022-03-20,3.0226
CL406,2022-03-21,3.0226
CL406,2022-03-22,2.4892
CL406,2022-03-23,2.1336
CL406,2022-03-24,1.9558
CL406,2022-03-25,1.9558
CL406,2022-03-26,2.667
CL406,2022-03-27,2.1336
CL406,2022-03-28,2.1336
CL406,2022-03-29,2.4892
CL406,2022-03-30,2.4892
CL406,2022-03-31,2.667
CL406,2022-04-01,2.667
CL406,2022-04-02,2.667
CL406,2022-04-03,2.8448
CL406,2022-04-04,2.8448
CL406,2022-04-05,2.667
CL406,2022-04-06,2.667
CL406,2022-04-07,2.8448
CL406,2022-04-08,2.8448
CL406,2022-04-09,2.667
CL406,2022-04-10,2.4892
CL406,2022-04-11,2.3114
CL406,2022-04-12,2.1336
CL406,2022-04-13,2.3114
CL406,2022-04-14,2.3114
CL406,2022-04-15,2.3114
CL406,2022-04-16,2.4892
CL406,2022-04-17,2.4892
CL406,2022-04-18,2.667
CL406,2022-04-19,2.667
CL406,2022-04-20,1.2264
CL406,2022-04-21,2.4892
CL406,2022-04-22,2.4892
CL406,2022-04-23,0.4536
CL406,2022-04-24,2.4892
CL406,2022-04-25,2.8448
CL406,2022-04-26,3.2004
CL406,2022-04-27,3.2004
CL406,2022-04-28,3.2004
CL406,2022-04-29,2.4892
CL406,2022-04-30,4.5948
CL406,2022-05-01,2.667
CL406,2022-05-02,2.667
CL406,2022-05-03,1.778
CL406,2022-05-04,3.5476
CL406,2022-05-05,-1.1648
CL406,2022-05-06,2.4892
CL406,2022-05-07,2.667
CL406,2022-05-08,2.667
CL406,2022-05-09,2.4892
CL406,2022-05-10,3.0226
CL406,2022-05-11,-1.5372
CL406,2022-05-12,-0.1512
CL406,2022-05-13,3.556
CL406,2022-05-14,3.2004
CL406,2022-05-15,2.8448
CL406,2022-05-16,2.8448
CL406,2022-05-17,2.8448
CL406,2022-05-18,2.4892
CL406,2022-05-19,2.3114
CL406,2022-05-20,3.1668
CL406,2022-05-21,-0.2296
CL406,2022-05-22,2.1336
CL406,2022-05-23,2.3114
CL406,2022-05-24,2.1336
CL406,2022-05-25,2.45
CL406,2022-05-26,-2.0524
CL406,2022-05-27,4.3708
CL406,2022-05-28,2.1336
CL406,2022-05-29,1.7052
CL406,2022-05-30,1.778
CL406,2022-05-31,1.778
CL406,2022-06-01,2.898
CL406,2022-06-02,2.1336
CL406,2022-06-03,2.1336
CL406,2022-06-04,2.3114
CL406,2022-06-05,2.3114
CL406,2022-06-06,2.4892
CL406,2022-06-07,2.8224
CL406,2022-06-08,2.667
CL406,2022-06-09,2.667
CL406,2022-06-10,1.078
CL406,2022-06-11,2.3114
CL406,2022-06-12,2.1336
CL406,2022-06-13,2.1336
CL406,2022-06-14,1.5708
CL406,2022-06-15,2.4892
CL406,2022-06-16,2.667
CL406,2022-06-17,1.099
CL406,2022-06-18,1.2824
CL406,2022-06-19,-0.2842
CL406,2022-06-20,2.6334
CL406,2022-06-21,1.778
CL406,2022-06-22,-0.3962
CL406,2022-06-23,4.6256
CL406,2022-06-24,1.778
CL406,2022-06-25,1.9558
CL406,2022-06-26,0.8932
CL406,2022-06-27,2.667
CL406,2022-06-28,2.4892
CL406,2022-06-29,2.4892
CL406,2022-06-30,1.3272
CL406,2022-07-01,-0.0392
CL406,2022-07-02,1.6828
CL406,2022-07-03,3.2004
CL406,2022-07-04,2.4892
CL406,2022-07-05,0.6104
CL406,2022-07-06,1.4224
CL406,2022-07-07,0.3276
CL406,2022-07-08,1.778
CL406,2022-07-09,2.1336
CL406,2022-07-10,2.1336
CL406,2022-07-11,2.4892
CL406,2022-07-12,2.072
CL406,2022-07-13,3.0226
CL406,2022-07-14,3.556
CL406,2022-07-15,3.7338
CL406,2022-07-16,3.3782
CL406,2022-07-17,3.3782
CL406,2022-07-18,3.556
CL406,2022-07-19,3.556
CL406,2022-07-20,3.8276
CL406,2022-07-21,2.8168
CL406,2022-07-22,2.667
CL406,2022-07-23,2.8448
CL406,2022-07-24,2.828
CL406,2022-07-25,1.9264
CL406,2022-07-26,1.0668
CL406,2022-07-27,1.316
CL406,2022-07-28,4.578
CL406,2022-07-29,0.0
CL406,2022-07-30,-0.5096
CL406,2022-07-31,2.1336
CL406,2022-08-01,0.854
CL406,2022-08-02,1.316
CL406,2022-08-03,0.3164
CL406,2022-08-04,0.6104
CL406,2022-08-05,1.9558
CL406,2022-08-06,2.639
CL406,2022-08-07,1.6002
CL406,2022-08-08,2.667
CL406,2022-08-09,3.0226
CL406,2022-08-10,2.6054
CL406,2022-08-11,2.667
CL406,2022-08-12,2.8448
CL406,2022-08-13,2.8448
CL406,2022-08-14,1.9166
CL406,2022-08-15,-0.252
CL406,2022-08-16,1.0668
CL406,2022-08-17,2.4892
CL406,2022-08-18,3.0226
CL406,2022-08-19,1.3804
CL406,2022-08-20,1.9558
CL406,2022-08-21,2.1336
CL406,2022-08-22,2.3114
CL406,2022-08-23,-2.8588
CL406,2022-08-24,1.3608
CL406,2022-08-25,2.3114
CL406,2022-08-26,2.4892
CL406,2022-08-27,2.4892
CL406,2022-08-28,2.4892
CL406,2022-08-29,4.578
CL406,2022-08-30,2.4892
CL406,2022-08-31,0.0
CL406,2022-09-01,2.8448
CL406,2022-09-02,2.8448
CL406,2022-09-03,3.556
CL406,2022-09-04,2.7216
CL406,2022-09-05,1.778
CL406,2022-09-06,0.5824
CL406,2022-09-07,-1.8368
CL406,2022-09-08,2.828
CL406,2022-09-09,2.1336
CL406,2022-09-10,2.3114
CL406,2022-09-11,2.8224
CL406,2022-09-12,0.5824
CL406,2022-09-13,0.0812
CL406,2022-09-14,-2.8196
CL406,2022-09-15,-1.036
CL406,2022-09-16,1.0668
CL406,2022-09-17,1.778
CL406,2022-09-18,1.939
CL406,2022-09-19,1.4224
CL406,2022-09-20,1.778
CL406,2022-09-21,2.2946
CL406,2022-09-22,1.7668
CL406,2022-09-23,1.4224
CL406,2022-09-24,1.6002
CL406,2022-09-25,1.9558
CL406,2022-09-26,2.1336
CL406,2022-09-27,2.1336
CL406,2022-09-28,2.3114
CL406,2022-09-29,2.3114
CL406,2022-09-30,2.4892
CL406,2022-10-01,2.4892
CL406,2022-10-02,1.5148
CL406,2022-10-03,1.0164
CL406,2022-10-04,-0.4732
CL406,2022-10-05,1.0444
CL406,2022-10-06,1.778
CL406,2022-10-07,1.778
CL406,2022-10-08,2.1336
CL406,2022-10-09,2.3114
CL406,2022-10-10,2.4892
CL406,2022-10-11,2.9834
CL406,2022-10-12,2.667
CL406,2022-10-13,1.5148
CL406,2022-10-14,-0.2072
CL406,2022-10-15,2.3114
CL406,2022-10-16,2.3114
CL406,2022-10-17,2.4892
CL406,2022-10-18,2.4892
CL406,2022-10-19,2.8448
CL406,2022-10-20,2.4892
CL406,2022-10-21,2.3114
CL406,2022-10-22,2.4892
CL406,2022-10-23,2.4892
CL406,2022-10-24,0.2044
CL406,2022-10-25,-22.6044
CL406,2022-10-26,2.1336
CL406,2022-10-27,2.1336
CL406,2022-10-28,2.4892
CL406,2022-10-29,2.667
CL406,2022-10-30,2.8448
CL406,2022-10-31,2.4892
CL406,2022-11-01,2.4892
CL406,2022-11-02,2.4892
CL406,2022-11-03,1.9558
CL406,2022-11-04,1.6002
CL406,2022-11-05,1.6002
CL406,2022-11-06,1.778
CL406,2022-11-07,1.778
CL406,2022-11-08,1.778
CL406,2022-11-09,1.9558
CL406,2022-11-10,2.667
CL406,2022-11-11,2.667
CL406,2022-11-12,3.2004
CL406,2022-11-13,3.3782
CL406,2022-11-14,3.3782
CL406,2022-11-15,3.0226
CL406,2022-11-16,3.0226
CL406,2022-11-17,2.8448
CL406,2022-11-18,2.667
CL406,2022-11-19,3.2004
CL406,2022-11-20,3.2004
CL406,2022-11-21,3.2004
CL406,2022-11-22,3.2004
CL406,2022-11-23,3.2004
CL406,2022-11-24,2.91592
CL406,2022-11-25,2.91592
CL406,2022-11-26,2.56032
CL406,2022-11-27,2.8448
CL406,2022-11-28,2.4892
CL406,2022-11-29,2.4892
CL406,2022-11-30,2.20472
CL406,2022-12-01,0.0
CL406,2022-12-02,0.0
CL406,2022-12-03,0.0
CL406,2022-12-04,0.0
CL406,2022-12-05,0.0
CL406,2022-12-06,0.0
CL406,2022-12-07,0.0
CL406,2022-12-08,0.0
CL406,2022-12-09,0.0
CL406,2022-12-10,0.0
CL406,2022-12-11,0.0
CL406,2022-12-12,0.0
CL406,2022-12-13,0.0
CL406,2022-12-14,0.0
CL406,2022-12-15,0.0
CL406,2022-12-16,0.0
CL406,2022-12-17,0.0
CL406,2022-12-18,0.0
CL406,2022-12-19,0.0
CL406,2022-12-20,0.0
CL406,2022-12-21,0.0
CL406,2022-12-22,0.0
CL406,2022-12-23,0.0
CL406,2022-12-24,0.0
CL406,2022-12-25,0.0
CL406,2022-12-26,0.0
CL406,2022-12-27,0.0
CL406,2022-12-28,0.0
CL406,2022-12-29,0.0
CL406,2022-12-30,0.0
CL406,2022-12-31,0.0
CL406,2023-01-01,6.7564
CL406,2023-01-02,6.7564
CL406,2023-01-03,6.7564
CL406,2023-01-04,6.0452
CL406,2023-01-05,5.6896
CL406,2023-01-06,5.6896
CL406,2023-01-07,4.2672
CL406,2023-01-08,4.2672
CL406,2023-01-09,3.556
CL406,2023-01-10,3.556
CL406,2023-01-11,3.556
CL406,2023-01-12,3.2004
CL406,2023-01-13,3.2004
CL406,2023-01-14,3.2004
CL406,2023-01-15,2.8448
CL406,2023-01-16,2.4892
CL406,2023-01-17,2.3114
CL406,2023-01-18,2.1336
CL406,2023-01-19,2.1336
CL406,2023-01-20,2.4892
CL406,2023-01-21,2.4892
CL406,2023-01-22,3.2004
CL406,2023-01-23,3.2004
CL406,2023-01-24,3.2004
CL406,2023-01-25,3.2004
CL406,2023-01-26,3.556
CL406,2023-01-27,3.9116
CL406,2023-01-28,3.9116
CL406,2023-01-29,4.2672
CL406,2023-01-30,4.2672
CL406,2023-01-31,4.2672
CL406,2023-02-01,3.556
CL406,2023-02-02,3.2004
CL406,2023-02-03,3.2004
CL406,2023-02-04,2.8448
CL406,2023-02-05,2.8448
CL406,2023-02-06,2.4892
CL406,2023-02-07,2.4892
CL406,2023-02-08,2.4892
CL406,2023-02-09,2.1336
CL406,2023-02-10,2.1336
CL406,2023-02-11,2.1336
CL406,2023-02-12,2.1336
CL406,2023-02-13,1.778
CL406,2023-02-14,1.778
CL406,2023-02-15,1.778
CL406,2023-02-16,1.778
CL406,2023-02-17,1.4224
CL406,2023-02-18,1.4224
CL406,2023-02-19,1.4224
CL406,2023-02-20,1.4224
CL406,2023-02-21,1.0668
CL406,2023-02-22,1.0668
CL406,2023-02-23,1.0668
CL406,2023-02-24,1.4224
CL406,2023-02-25,1.4224
CL406,2023-02-26,1.4224
CL406,2023-02-27,1.4224
CL406,2023-02-28,1.4224
CL406,2023-03-01,1.4224
CL406,2023-03-02,1.4224
CL406,2023-03-03,2.1336
CL406,2023-03-04,2.1336
CL406,2023-03-05,2.8448
CL406,2023-03-06,2.4892
CL406,2023-03-07,2.4892
CL406,2023-03-08,2.8448
CL406,2023-03-09,2.8448
CL406,2023-03-10,2.1336
CL406,2023-03-11,2.4892
CL406,2023-03-12,1.778
CL406,2023-03-13,2.8448
CL406,2023-03-14,2.8448
CL406,2023-03-15,2.8448
CL406,2023-03-16,2.8448
CL406,2023-03-17,2.4892
CL406,2023-03-18,1.4224
CL406,2023-03-19,1.4224
CL406,2023-03-20,1.3664
CL406,2023-03-21,2.4836
CL406,2023-03-22,1.778
CL406,2023-03-23,1.778
CL406,2023-03-24,2.1336
CL406,2023-03-25,1.778
CL406,2023-03-26,2.4892
CL406,2023-03-27,2.1336
CL406,2023-03-28,2.4892
CL406,2023-03-29,2.4892
CL406,2023-03-30,2.8392
CL406,2023-03-31,2.4892
CL406,2023-04-01,0.5208
CL406,2023-04-02,1.2446
CL406,2023-04-03,1.778
CL406,2023-04-04,2.4892
CL406,2023-04-05,2.4892
CL406,2023-04-06,2.8448
CL406,2023-04-07,3.0226
CL406,2023-04-08,3.0226
CL406,2023-04-09,3.556
CL406,2023-04-10,3.556
CL406,2023-04-11,4.2672
CL406,2023-04-12,4.2672
CL406,2023-04-13,3.9116
CL406,2023-04-14,3.9116
CL406,2023-04-15,3.9116
CL406,2023-04-16,3.7338
CL406,2023-04-17,3.7338
CL406,2023-04-18,3.2004
CL406,2023-04-19,3.2004
CL406,2023-04-20,3.2004
CL406,2023-04-21,3.3782
CL406,2023-04-22,3.556
CL406,2023-04-23,3.556
CL406,2023-04-24,3.2004
CL406,2023-04-25,2.4612
CL406,2023-04-26,3.2004
CL406,2023-04-27,3.2004
CL406,2023-04-28,-0.2688
CL406,2023-04-29,3.2004
CL406,2023-04-30,12.1604
CL406,2023-05-01,2.1336
CL406,2023-05-02,2.478
CL406,2023-05-03,2.4892
CL406,2023-05-04,2.1168
CL406,2023-05-05,2.478
CL406,2023-05-06,2.1336
CL406,2023-05-07,3.1724
CL406,2023-05-08,2.8448
CL406,2023-05-09,3.2004
CL406,2023-05-10,3.2004
CL406,2023-05-11,-1.3692
CL406,2023-05-12,2.8448
CL406,2023-05-13,2.8448
CL406,2023-05-14,1.778
CL406,2023-05-15,1.778
CL406,2023-05-16,1.778
CL406,2023-05-17,8.6996
CL406,2023-05-18,2.2932
CL406,2023-05-19,1.4224
CL406,2023-05-20,2.1336
CL406,2023-05-21,1.4224
CL406,2023-05-22,1.0668
CL406,2023-05-23,1.0668
CL406,2023-05-24,-1.092
CL406,2023-05-25,1.0668
CL406,2023-05-26,9.1336
CL406,2023-05-27,18.1216
CL406,2023-05-28,-21.336
CL406,2023-05-29,1.778
CL406,2023-05-30,2.1336
CL406,2023-05-31,2.8448
CL406,2023-06-01,4.2672
CL406,2023-06-02,2.4892
CL406,2023-06-03,3.2004
CL406,2023-06-04,3.556
CL406,2023-06-05,3.9116
CL406,2023-06-06,4.2672
CL406,2023-06-07,4.6228
CL406,2023-06-08,2.3114
CL406,2023-06-09,2.3114
CL406,2023-06-10,0.3164
CL406,2023-06-11,2.1336
CL406,2023-06-12,2.1336
CL406,2023-06-13,1.7668
CL406,2023-06-14,2.1168
CL406,2023-06-15,4.2
CL406,2023-06-16,3.15
CL406,2023-06-17,3.2004
CL406,2023-06-18,3.556
CL406,2023-06-19,2.1336
CL406,2023-06-20,2.8448
CL406,2023-06-21,1.5428
CL406,2023-06-22,2.1336
CL406,2023-06-23,1.4224
CL406,2023-06-24,1.4224
CL406,2023-06-25,3.2004
CL406,2023-06-26,3.1668
CL406,2023-06-27,1.7164
CL406,2023-06-28,0.5152
CL406,2023-06-29,2.912
CL406,2023-06-30,0.2828
CL406,2023-07-01,4.2364
CL406,2023-07-02,2.9904
CL406,2023-07-03,0.0
CL406,2023-07-04,2.1336
CL406,2023-07-05,2.4892
CL406,2023-07-06,1.372
CL406,2023-07-07,4.214
CL406,2023-07-08,0.5166
CL406,2023-07-09,0.6944
CL406,2023-07-10,0.3556
CL406,2023-07-11,3.9116
CL406,2023-07-12,3.556
CL406,2023-07-13,3.556
CL406,2023-07-14,0.4942
CL406,2023-07-15,8.834
CL406,2023-07-16,0.2548
CL406,2023-07-17,1.0556
CL406,2023-07-18,2.1336
CL406,2023-07-19,3.556
CL406,2023-07-20,3.2004
CL406,2023-07-21,3.9116
CL406,2023-07-22,3.556
CL406,2023-07-23,3.9116
CL406,2023-07-24,4.5836
CL406,2023-07-25,3.556
CL406,2023-07-26,3.556
CL406,2023-07-27,4.928
CL406,2023-07-28,3.2004
CL406,2023-07-29,3.1668
CL406,2023-07-30,0.5376
CL406,2023-07-31,2.6502
CL406,2023-08-01,6.4162
CL406,2023-08-02,2.5816
CL406,2023-08-03,6.6836
CL406,2023-08-04,1.0668
CL406,2023-08-05,0.5824
CL406,2023-08-06,0.5992
CL406,2023-08-07,1.0108
CL406,2023-08-08,8.302
CL406,2023-08-09,1.0668
CL406,2023-08-10,8.1116
CL406,2023-08-11,2.9036
CL406,2023-08-12,1.4224
CL406,2023-08-13,1.3608
CL406,2023-08-14,1.2936
CL406,2023-08-15,1.4224
CL406,2023-08-16,1.1998
CL406,2023-08-17,-1.092
CL406,2023-08-18,2.4612
CL406,2023-08-19,1.4224
CL406,2023-08-20,1.6156
CL406,2023-08-21,2.4892
CL406,2023-08-22,2.8448
CL406,2023-08-23,1.7164
CL406,2023-08-24,-0.7756
CL406,2023-08-25,0.8484
CL406,2023-08-26,1.6156
CL406,2023-08-27,0.6832
CL406,2023-08-28,2.8448
CL406,2023-08-29,2.8448
CL406,2023-08-30,2.667
CL406,2023-08-31,2.667
CL406,2023-09-01,2.8448
CL406,2023-09-02,2.1252
CL406,2023-09-03,1.3832
CL406,2023-09-04,2.0776
CL406,2023-09-05,1.6002
CL406,2023-09-06,1.8998
CL406,2023-09-07,1.7556
CL406,2023-09-08,0.6832
CL406,2023-09-09,0.7112
CL406,2023-09-10,1.778
CL406,2023-09-11,1.9558
CL406,2023-09-12,1.778
CL406,2023-09-13,1.9558
CL406,2023-09-14,2.1
CL406,2023-09-15,5.082
CL406,2023-09-16,2.1336
CL406,2023-09-17,2.3114
CL406,2023-09-18,2.4892
CL406,2023-09-19,4.0264
CL406,2023-09-20,3.416
CL406,2023-09-21,0.2996
CL406,2023-09-22,2.7328
CL406,2023-09-23,1.2152
CL406,2023-09-24,2.4892
CL406,2023-09-25,0.8428
CL406,2023-09-26,25.5948
CL406,2023-09-27,2.4892
CL406,2023-09-28,2.8448
CL406,2023-09-29,2.8336
CL406,2023-09-30,3.5336
CL406,2023-10-01,0.7588
CL406,2023-10-02,1.3832
CL406,2023-10-03,1.0108
CL406,2023-10-04,-0.756
CL406,2023-10-05,1.7052
CL406,2023-10-06,41.958
CL406,2023-10-07,0.7112
CL406,2023-10-08,0.7112
CL406,2023-10-09,0.889
CL406,2023-10-10,3.1668
CL406,2023-10-11,19.432
CL406,2023-10-12,0.0
CL406,2023-10-13,0.7
CL406,2023-10-14,0.7112
CL406,2023-10-15,1.4224
CL406,2023-10-16,1.0668
CL406,2023-10-17,2.1336
CL406,2023-10-18,2.4892
CL406,2023-10-19,2.4892
CL406,2023-10-20,2.1336
CL406,2023-10-21,2.4892
CL406,2023-10-22,2.4892
CL406,2023-10-23,2.4892
CL406,2023-10-24,1.0444
CL406,2023-10-25,1.778
CL406,2023-10-26,1.778
CL406,2023-10-27,1.4224
CL406,2023-10-28,1.0668
CL406,2023-10-29,2.1336
CL406,2023-10-30,2.1336
CL406,2023-10-31,0.7112
CL406,2023-11-01,1.0668
CL406,2023-11-02,1.4224
CL406,2023-11-03,2.1336
CL406,2023-11-04,1.4224
CL406,2023-11-05,1.4224
CL406,2023-11-06,1.4224
CL406,2023-11-07,2.1336
CL406,2023-11-08,1.778
CL406,2023-11-09,1.778
CL406,2023-11-10,0.889
CL406,2023-11-11,1.0668
CL406,2023-11-12,1.778
CL406,2023-11-13,1.4224
CL406,2023-11-14,0.7112
CL406,2023-11-15,0.7112
CL406,2023-11-16,1.0668
CL406,2023-11-17,1.7276
CL406,2023-11-18,0.7112
CL406,2023-11-19,1.0668
CL406,2023-11-20,1.0668
CL406,2023-11-21,1.4224
CL406,2023-11-22,1.0668
CL406,2023-11-23,1.0668
CL406,2023-11-24,1.0668
CL406,2023-11-25,1.0668
CL406,2023-11-26,0.7112
CL406,2023-11-27,0.7112
CL406,2023-11-28,0.7112
CL406,2023-11-29,0.7112
CL406,2023-11-30,1.0668
CL406,2023-12-01,1.0668
CL406,2023-12-02,1.4224
CL406,2023-12-03,1.4224
CL406,2023-12-04,1.4224
CL406,2023-12-05,1.778
CL406,2023-12-06,1.0668
CL406,2023-12-07,1.708
CL406,2023-12-08,20.104
CL406,2023-12-09,0.7112
CL406,2023-12-10,0.7112
CL406,2023-12-11,1.0668
CL406,2023-12-12,1.0668
CL406,2023-12-13,1.4224
CL406,2023-12-14,0.7112
CL406,2023-12-15,1.0668
CL406,2023-12-16,1.0668
CL406,2023-12-17,2.1336
CL406,2023-12-18,1.4224
CL406,2023-12-19,1.4224
CL406,2023-12-20,1.4224
CL406,2023-12-21,1.4224
CL406,2023-12-22,1.0668
CL406,2023-12-23,1.4224
CL406,2023-12-24,1.0668
CL406,2023-12-25,1.0668
CL406,2023-12-26,0.7112
CL406,2023-12-27,0.3556
CL406,2023-12-28,0.7112
CL406,2023-12-29,1.4224
CL406,2023-12-30,1.4224
CL406,2023-12-31,1.0668
CL406,2024-01-01,0.7112
CL406,2024-01-02,0.7112
CL406,2024-01-03,0.3556
CL406,2024-01-04,0.7112
CL406,2024-01-05,1.0668
CL406,2024-01-06,1.4224
CL406,2024-01-07,1.4224
CL406,2024-01-08,1.0668
CL406,2024-01-09,1.0668
CL406,2024-01-10,0.7112
CL406,2024-01-11,0.3556
CL406,2024-01-12,0.7112
CL406,2024-01-13,0.7112
CL406,2024-01-14,0.7112
CL406,2024-01-15,0.1778
CL406,2024-01-16,0.3556
CL406,2024-01-17,0.3556
CL406,2024-01-18,0.3556
CL406,2024-01-19,0.3556
CL406,2024-01-20,0.3556
CL406,2024-01-21,0.1778
CL406,2024-01-22,0.7112
CL406,2024-01-23,0.889
CL406,2024-01-24,0.3556
CL406,2024-01-25,0.3556
CL406,2024-01-26,0.7112
CL406,2024-01-27,1.0668
CL406,2024-01-28,1.0668
CL406,2024-01-29,0.889
CL406,2024-01-30,0.7112
CL406,2024-01-31,0.7112
CL406,2024-02-01,0.3556
CL406,2024-02-02,0.8442
CL406,2024-02-03,0.7112
CL406,2024-02-04,1.0668
CL406,2024-02-05,1.778
CL406,2024-02-06,1.0668
CL406,2024-02-07,1.0668
CL406,2024-02-08,1.4224
CL406,2024-02-09,1.778
CL406,2024-02-10,1.4224
CL406,2024-02-11,1.4224
CL406,2024-02-12,1.4224
CL406,2024-02-13,1.4224
CL406,2024-02-14,1.4224
CL406,2024-02-15,1.0668
CL406,2024-02-16,1.4224
CL406,2024-02-17,1.778
CL406,2024-02-18,1.4224
CL406,2024-02-19,1.0668
CL406,2024-02-20,1.4224
CL406,2024-02-21,1.0668
CL406,2024-02-22,1.0668
CL406,2024-02-23,1.7612
CL406,2024-02-24,1.0668
CL406,2024-02-25,1.4224
CL406,2024-02-26,1.4224
CL406,2024-02-27,2.1336
CL406,2024-02-28,2.1336
CL406,2024-02-29,1.778
CL406,2024-03-01,1.778
CL406,2024-03-02,2.1336
CL406,2024-03-03,2.1336
CL406,2024-03-04,2.1336
CL406,2024-03-05,2.1336
CL406,2024-03-06,2.1336
CL406,2024-03-07,2.8448
CL406,2024-03-08,2.1336
CL406,2024-03-09,2.1336
CL406,2024-03-10,2.4892
CL406,2024-03-11,2.8448
CL406,2024-03-12,2.4892
CL406,2024-03-13,2.1336
CL406,2024-03-14,2.4892
CL406,2024-03-15,1.3328
CL406,2024-03-16,1.778
CL406,2024-03-17,0.7112
CL406,2024-03-18,1.778
CL406,2024-03-19,1.4224
CL406,2024-03-20,3.5336
CL406,2024-03-21,0.7112
CL406,2024-03-22,2.1336
CL406,2024-03-23,2.1336
CL406,2024-03-24,1.4224
CL406,2024-03-25,1.778
CL406,2024-03-26,2.4892
CL406,2024-03-27,2.1336
CL406,2024-03-28,2.1336
CL406,2024-03-29,1.4224
CL406,2024-03-30,2.1336
CL406,2024-03-31,2.4668
CL406,2024-04-01,2.1336
CL406,2024-04-02,2.8448
CL406,2024-04-03,2.1336
CL406,2024-04-04,2.8448
CL406,2024-04-05,2.4892
CL406,2024-04-06,2.8448
CL406,2024-04-07,2.4892
CL406,2024-04-08,2.1336
CL406,2024-04-09,1.4224
CL406,2024-04-10,3.2004
CL406,2024-04-11,3.556
CL406,2024-04-12,3.2004
CL406,2024-04-13,3.556
CL406,2024-04-14,3.9116
CL406,2024-04-15,3.2004
CL406,2024-04-16,3.556
CL406,2024-04-17,2.6544
CL406,2024-04-18,2.4892
CL406,2024-04-19,2.8448
CL406,2024-04-20,3.2004
CL406,2024-04-21,3.556
CL406,2024-04-22,3.2004
CL406,2024-04-23,3.556
CL406,2024-04-24,3.556
CL406,2024-04-25,3.556
CL406,2024-04-26,3.556
CL406,2024-04-27,3.556
CL406,2024-04-28,3.2004
CL406,2024-04-29,3.556
CL406,2024-04-30,3.556
CL406,2024-05-01,3.2004
CL406,2024-05-02,3.556
CL406,2024-05-03,4.2672
CL406,2024-05-04,4.2672
CL406,2024-05-05,3.556
CL406,2024-05-06,3.556
CL406,2024-05-07,1.778
CL406,2024-05-08,0.8092
CL406,2024-05-09,0.7112
CL406,2024-05-10,2.492
CL406,2024-05-11,1.778
CL406,2024-05-12,1.4224
CL406,2024-05-13,2.1336
CL406,2024-05-14,1.4224
CL406,2024-05-15,2.1336
CL406,2024-05-16,2.4892
CL406,2024-05-17,3.556
CL406,2024-05-18,2.4892
CL406,2024-05-19,3.556
CL406,2024-05-20,4.2672
CL406,2024-05-21,1.3832
CL406,2024-05-22,2.4892
CL406,2024-05-23,4.0208
CL406,2024-05-24,1.4224
CL406,2024-05-25,3.2004
CL406,2024-05-26,4.2672
CL406,2024-05-27,1.82
CL406,2024-05-28,12.1884
CL406,2024-05-29,0.7112
CL406,2024-05-30,3.556
CL406,2024-05-31,2.8448
CL406,2024-06-01,2.8448
CL406,2024-06-02,3.2004
CL406,2024-06-03,3.556
CL406,2024-06-04,2.8448
CL406,2024-06-05,3.9284
CL406,2024-06-06,2.8448
CL406,2024-06-07,2.4892
CL406,2024-06-08,2.4892
CL406,2024-06-09,2.4892
CL406,2024-06-10,1.778
CL406,2024-06-11,1.778
CL406,2024-06-12,2.4892
CL406,2024-06-13,2.4892
CL406,2024-06-14,2.8448
CL406,2024-06-15,2.8448
CL406,2024-06-16,2.4892
CL406,2024-06-17,2.8448
CL406,2024-06-18,2.1336
CL406,2024-06-19,2.4892
CL406,2024-06-20,2.8448
CL406,2024-06-21,2.3884
CL406,2024-06-22,2.4892
CL406,2024-06-23,1.778
CL406,2024-06-24,2.1336
CL406,2024-06-25,3.2004
CL406,2024-06-26,2.8448
CL406,2024-06-27,2.4892
CL406,2024-06-28,2.1336
CL406,2024-06-29,1.778
CL406,2024-06-30,1.4224
CL406,2024-07-01,2.0888
CL406,2024-07-02,13.286
CL406,2024-07-03,2.3884
CL406,2024-07-04,8.6296
CL406,2024-07-05,1.4
CL406,2024-07-06,5.11
CL406,2024-07-07,6.566
CL406,2024-07-08,2.4892
CL406,2024-07-09,0.7
CL406,2024-07-10,2.1336
CL406,2024-07-11,2.8448
CL406,2024-07-12,9.2736
CL406,2024-07-13,1.5988
CL406,2024-07-14,1.0668
CL406,2024-07-15,2.1336
CL406,2024-07-16,2.4892
CL406,2024-07-17,2.422
CL406,2024-07-18,2.1336
CL406,2024-07-19,2.4892
CL406,2024-07-20,3.5392
CL406,2024-07-21,5.978
CL406,2024-07-22,4.844
CL406,2024-07-23,3.7996
CL406,2024-07-24,3.7548
CL406,2024-07-25,1.0108
CL406,2024-07-26,2.1336
CL406,2024-07-27,1.0388
CL406,2024-07-28,2.8448
CL406,2024-07-29,9.6768
CL406,2024-07-30,2.4892
CL406,2024-07-31,1.778
CL406,2024-08-01,3.92
CL406,2024-08-02,4.452
CL406,2024-08-03,3.976
CL406,2024-08-04,-0.5572
CL406,2024-08-05,0.7112
CL406,2024-08-06,1.4224
CL406,2024-08-07,2.0328
CL406,2024-08-08,2.1336
CL406,2024-08-09,-0.0336
CL406,2024-08-10,1.4224
CL406,2024-08-11,2.4892
CL406,2024-08-12,1.7668
CL406,2024-08-13,1.778
CL406,2024-08-14,1.7668
CL406,2024-08-15,2.4892
CL406,2024-08-16,1.4112
CL406,2024-08-17,-0.4116
CL406,2024-08-18,18.5108
CL406,2024-08-19,-10.8472
CL406,2024-08-20,2.4892
CL406,2024-08-21,2.044
CL406,2024-08-22,-0.6496
CL406,2024-08-23,-1.2012
CL406,2024-08-24,1.4
CL406,2024-08-25,1.6548
CL406,2024-08-26,1.6548
CL406,2024-08-27,1.4224
CL406,2024-08-28,2.0552
CL406,2024-08-29,1.3664
CL406,2024-08-30,2.1336
CL406,2024-08-31,1.4224
CL406,2024-09-01,5.4768
CL406,2024-09-02,1.0444
CL406,2024-09-03,1.778
CL406,2024-09-04,2.8448
CL406,2024-09-05,1.4224
CL406,2024-09-06,0.7
CL406,2024-09-07,4.1104
CL406,2024-09-08,2.1336
CL406,2024-09-09,3.2004
CL406,2024-09-10,0.7
CL406,2024-09-11,0.6776
CL406,2024-09-12,-0.0224
CL406,2024-09-13,-0.8232
CL406,2024-09-14,2.8448
CL406,2024-09-15,21.8456
CL406,2024-09-16,24.9032
CL406,2024-09-17,0.5432
CL406,2024-09-18,0.0
CL406,2024-09-19,2.4892
CL406,2024-09-20,2.4892
CL406,2024-09-21,2.1336
CL406,2024-09-22,2.4892
CL406,2024-09-23,1.778
CL406,2024-09-24,3.178
CL406,2024-09-25,1.0444
CL406,2024-09-26,29.428
CL406,2024-09-27,-0.3808
CL406,2024-09-28,1.7444
CL406,2024-09-29,0.3556
CL406,2024-09-30,4.8832
CL406,2024-10-01,1.75
CL406,2024-10-02,7.35
CL406,2024-10-03,4.1832
CL406,2024-10-04,2.044
CL406,2024-10-05,-0.4032
CL406,2024-10-06,1.7276
CL406,2024-10-07,1.778
CL406,2024-10-08,2.1336
CL406,2024-10-09,2.4892
CL406,2024-10-10,1.4224
CL406,2024-10-11,0.7
CL406,2024-10-12,0.7
CL406,2024-10-13,0.0
CL406,2024-10-14,2.4892
CL406,2024-10-15,2.1336
CL406,2024-10-16,1.4224
CL406,2024-10-17,1.778
CL406,2024-10-18,1.0668
CL406,2024-10-19,-0.0224
CL406,2024-10-20,0.7112
CL406,2024-10-21,0.3556
CL406,2024-10-22,1.4224
CL406,2024-10-23,2.4892
CL406,2024-10-24,2.7104
CL406,2024-10-25,1.9992
CL406,2024-10-26,1.0668
CL406,2024-10-27,1.4224
CL406,2024-10-28,1.778
CL406,2024-10-29,1.4224
CL406,2024-10-30,1.0668
CL406,2024-10-31,0.7112
CL406,2024-11-07,1.778
CL406,2024-11-08,2.4892
CL406,2024-11-09,1.4224
CL406,2024-11-10,2.1336
CL406,2024-11-11,2.1336
CL406,2024-11-12,2.1336
CL406,2024-11-13,2.1336
CL406,2024-11-14,2.1336
CL406,2024-11-15,2.1336
CL406,2024-11-16,1.4224
CL406,2024-11-17,1.0668
CL406,2024-11-18,1.778
CL406,2024-11-19,1.4224
CL406,2024-11-20,1.778
CL406,2024-11-21,1.4224
CL406,2024-11-22,0.7112
CL406,2024-11-23,0.7112
CL406,2024-11-24,1.0668
CL406,2024-11-25,1.778
CL406,2024-11-26,1.778
CL406,2024-11-27,2.1336
CL406,2024-11-28,0.7112
CL406,2024-11-29,0.0
CL406,2024-11-30,0.0
CL406,2024-12-01,1.7612
CL406,2024-12-02,1.4224
CL406,2024-12-03,2.1336
CL406,2024-12-04,1.0668
CL406,2024-12-05,1.778
CL406,2024-12-06,0.7112
CL406,2024-12-07,0.3556
CL406,2024-12-08,0.7112
CL406,2024-12-09,0.3556
CL406,2024-12-10,1.0668
CL406,2024-12-11,0.7112
CL406,2024-12-12,0.7112
CL406,2024-12-13,1.4224
CL406,2024-12-14,0.7112
CL406,2024-12-15,0.3556
CL406,2024-12-16,0.3556
CL406,2024-12-17,0.3556
CL406,2024-12-18,1.0668
CL406,2024-12-19,0.3556
CL406,2024-12-20,0.3556
CL406,2024-12-21,0.3556
CL406,2024-12-22,0.7112
CL406,2024-12-23,0.7112
CL406,2024-12-24,1.0668
CL406,2024-12-25,0.3556
CL406,2024-12-26,0.0
CL406,2024-12-27,0.0
CL406,2024-12-28,0.0
CL406,2024-12-29,0.7112
CL406,2024-12-30,0.3556
CL406,2024-12-31,0.3556
CL406,2025-01-01,0.7112
CL406,2025-01-02,0.7112
CL406,2025-01-03,0.3556
CL406,2025-01-04,0.0
CL406,2025-01-05,0.3556
CL406,2025-01-06,0.0
CL406,2025-01-07,0.3556
CL406,2025-01-08,0.7112
CL406,2025-01-09,0.7112
CL406,2025-01-10,0.7112
CL406,2025-01-11,0.7112
CL406,2025-01-12,0.7112
CL406,2025-01-13,0.3556
CL406,2025-01-14,0.7112
CL406,2025-01-15,0.7112
CL406,2025-01-16,0.7112
CL406,2025-01-17,0.3556
CL406,2025-01-18,0.3556
CL406,2025-01-19,0.3556
CL406,2025-01-20,0.0
CL406,2025-01-21,0.7112
CL406,2025-01-22,0.7112
CL406,2025-01-23,0.3556
CL406,2025-01-24,0.7112
CL406,2025-01-25,0.0
CL406,2025-01-26,0.3556
CL406,2025-01-27,0.7112
CL406,2025-01-28,0.0
CL406,2025-01-29,0.3556
CL406,2025-01-30,0.3556
CL406,2025-01-31,0.7112
CL406,2025-02-01,0.7112
CL406,2025-02-02,0.3556
CL406,2025-02-03,0.7112
CL406,2025-02-04,1.778
CL406,2025-02-05,1.4224
CL406,2025-02-06,1.4224
CL406,2025-02-07,0.7112
CL406,2025-02-08,1.0668
CL406,2025-02-09,1.0668
CL406,2025-02-10,2.1336
CL406,2025-02-11,1.778
CL406,2025-02-12,1.0668
CL406,2025-02-13,0.7112
CL406,2025-02-14,1.778
CL406,2025-02-15,1.0668
CL406,2025-02-16,1.4224
CL406,2025-02-17,1.4224
CL406,2025-02-18,0.3556
CL406,2025-02-19,1.0668
CL406,2025-02-20,0.7112
CL406,2025-02-21,1.0668
CL406,2025-02-22,2.1336
CL406,2025-02-23,1.4224
CL406,2025-02-24,2.4892
CL406,2025-02-25,1.778
CL406,2025-02-26,1.4224
CL406,2025-02-27,2.4892
CL406,2025-02-28,1.778
CL406,2025-03-01,2.4892
CL406,2025-03-02,1.4224
CL406,2025-03-03,1.0668
CL406,2025-03-04,1.778
CL406,2025-03-05,2.8448
CL406,2025-03-06,2.8448
CL406,2025-03-07,2.8448
CL406,2025-03-08,1.4224
CL406,2025-03-09,1.778
CL406,2025-03-10,1.778
CL406,2025-03-11,1.4224
CL406,2025-03-12,1.778
CL406,2025-03-13,1.4224
CL406,2025-03-14,1.4224
CL406,2025-03-15,1.778
CL406,2025-03-16,1.778
CL406,2025-03-17,2.5592
CL406,2025-03-18,-0.3612
CL406,2025-03-19,1.4224
CL406,2025-03-20,2.1336
CL406,2025-03-21,1.4224
CL406,2025-03-22,2.4892
CL406,2025-03-23,1.778
CL406,2025-03-24,2.1336
CL406,2025-03-25,2.8448
CL406,2025-03-26,3.2004
CL406,2025-03-27,2.8448
CL406,2025-03-28,2.4892
CL406,2025-03-29,2.8448
CL406,2025-03-30,2.4892
CL406,2025-03-31,2.1336
CL406,2025-04-01,2.8448
CL406,2025-04-02,2.4892
CL406,2025-04-03,2.8448
CL406,2025-04-04,2.8448
CL406,2025-04-05,2.4892
CL406,2025-04-06,1.778
CL406,2025-04-07,2.8448
CL406,2025-04-08,2.4892
CL406,2025-04-09,2.8448
CL406,2025-04-10,2.1336
CL406,2025-04-11,1.7416
CL406,2025-04-12,1.4224
CL406,2025-04-13,2.1336
CL406,2025-04-14,1.4224
CL406,2025-04-15,2.1336
CL406,2025-04-16,1.778
CL406,2025-04-17,-7.1932
CL406,2025-04-18,0.3388
CL406,2025-04-19,1.4224
CL406,2025-04-20,1.4224
CL406,2025-04-21,2.1336
CL406,2025-04-22,4.3876
CL406,2025-04-23,2.1336
CL406,2025-04-24,2.8448
CL406,2025-04-25,2.8448
CL406,2025-04-26,2.1336
CL406,2025-04-27,2.4892
CL406,2025-04-28,2.8448
CL406,2025-04-29,2.058
CL406,2025-04-30,2.1336
CL406,2025-05-01,2.408
CL406,2025-05-02,1.4224
CL406,2025-05-03,2.8448
CL406,2025-05-04,2.4892
CL406,2025-05-05,6.132
CL406,2025-05-06,2.8448
CL406,2025-05-07,3.2004
CL406,2025-05-08,3.556
CL406,2025-05-09,4.2672
CL406,2025-05-10,3.556
CL406,2025-05-11,4.2672
CL406,2025-05-12,3.556
CL406,2025-05-13,3.2004
CL406,2025-05-14,3.556
CL406,2025-05-15,4.2672
CL406,2025-05-16,12.1632
CL406,2025-05-17,0.0
CL406,2025-05-18,2.1336
CL406,2025-05-19,0.8512
CL406,2025-05-20,1.176
CL406,2025-05-21,-1.092
CL406,2025-05-22,4.0096
CL406,2025-05-23,0.0
CL406,2025-05-24,-2.996
CL406,2025-05-25,0.6832
CL406,2025-05-26,0.3164
CL406,2025-05-27,15.6744
CL406,2025-05-28,0.3276
CL406,2025-05-29,5.7988
CL406,2025-05-30,8.876
CL406,2025-05-31,7.476
CL406,2025-06-01,7.9408
CL406,2025-06-02,3.4328
CL406,2025-06-03,3.0464
CL406,2025-06-04,9.2036
CL406,2025-06-05,0.3556
CL406,2025-06-06,-0.7896
CL406,2025-06-07,-1.6464
CL406,2025-06-08,0.3388
CL406,2025-06-09,2.1336
CL406,2025-06-10,2.4892
CL406,2025-06-11,2.8448
CL406,2025-06-12,2.8448
CL406,2025-06-13,2.8448
CL406,2025-06-14,2.8448
CL406,2025-06-15,0.7112
CL406,2025-06-16,2.1336
CL406,2025-06-17,2.7664
CL406,2025-06-18,-0.1232
CL406,2025-06-19,3.962
CL406,2025-06-20,5.8856
CL406,2025-06-21,3.8444
CL406,2025-06-22,2.1336
CL406,2025-06-23,-2.0076
CL406,2025-06-24,2.1336
CL406,2025-06-25,2.1
CL406,2025-06-26,2.45
CL406,2025-06-27,4.1132
CL406,2025-06-28,-0.3556
CL406,2025-06-29,0.7112
CL406,2025-06-30,0.7112
CL406,2025-07-01,1.0668
CL406,2025-07-02,1.8368
CL406,2025-07-03,2.8112
CL406,2025-07-04,-0.9576
CL406,2025-07-05,4.2196
CL406,2025-07-06,1.7612
CL406,2025-07-07,7.1876
CL406,2025-07-08,3.01
CL406,2025-07-09,-0.1232
CL406,2025-07-10,-0.3584
CL406,2025-07-11,-6.7928
CL406,2025-07-12,0.7112
CL406,2025-07-13,1.4112
CL406,2025-07-14,4.144
CL406,2025-07-15,-0.2688
CL406,2025-07-16,-0.0896
CL406,2025-07-17,2.0552
CL406,2025-07-18,-0.0112
CL406,2025-07-19,0.266
CL406,2025-07-20,1.4224
CL406,2025-07-21,1.4224
CL406,2025-07-22,1.4224
CL406,2025-07-23,2.1336
CL406,2025-07-24,14.728
CL406,2025-07-25,-0.3892
CL406,2025-07-26,-0.0336
CL406,2025-07-27,1.4112
CL406,2025-07-28,12.6728
CL406,2025-07-29,-0.1008
CL406,2025-07-30,14.7504
CL406,2025-07-31,3.3208
CL406,2025-08-01,-0.0644
CL406,2025-08-02,-0.3724
CL406,2025-08-03,1.2376
CL406,2025-08-04,10.8892
CL406,2025-08-05,-0.056
CL406,2025-08-06,1.7276
CL406,2025-08-07,2.8448
CL406,2025-08-08,2.1336
CL406,2025-08-09,0.4088
CL406,2025-08-10,2.7328
CL406,2025-08-11,1.4224
CL406,2025-08-12,1.4224
CL406,2025-08-13,2.1336
CL406,2025-08-14,0.3388
CL406,2025-08-15,-0.4144
CL406,2025-08-16,2.1336
CL406,2025-08-17,-0.0056
CL406,2025-08-18,1.4224
CL406,2025-08-19,0.7112
CL406,2025-08-20,0.1484
CL406,2025-08-21,0.1932
CL406,2025-08-22,-0.3892
CL406,2025-08-23,0.2828
CL406,2025-08-24,0.1708
CL406,2025-08-25,-0.0672
CL406,2025-08-26,2.8448
CL406,2025-08-27,2.1336
CL406,2025-08-28,2.4892
CL406,2025-08-29,1.4224
CL406,2025-08-30,2.1336
CL406,2025-08-31,-0.3248
CL406,2025-09-01,2.1336
CL406,2025-09-02,1.4224
CL406,2025-09-03,2.1336
CL406,2025-09-04,2.4892
CL406,2025-09-05,-0.4564
CL406,2025-09-06,1.778
CL406,2025-09-07,2.1336
CL406,2025-09-08,1.778
CL406,2025-09-09,1.4224
CL406,2025-09-10,1.4224
CL406,2025-09-11,1.778
CL406,2025-09-12,-3.0492
CL406,2025-09-13,1.0668
CL406,2025-09-14,-0.0112
CL406,2025-09-15,0.7056
CL406,2025-09-16,-0.2464
CL406,2025-09-17,0.7056
CL406,2025-09-18,-2.114
CL406,2025-09-19,0.7112
CL406,2025-09-20,1.4224
CL406,2025-09-21,1.778
CL406,2025-09-22,-0.2128
CL406,2025-09-23,-0.056
CL406,2025-09-24,2.8448
CL406,2025-09-25,2.1336
CL406,2025-09-26,0.2044
CL406,2025-09-27,1.0668
CL406,2025-09-28,1.4224
CL406,2025-09-29,2.1336
CL406,2025-09-30,1.778
CL406,2025-10-01,0.7112
CL406,2025-10-02,0.4956
CL406,2025-10-03,3.4328
CL406,2025-10-04,2.1616
CL406,2025-10-05,3.01
CL406,2025-10-06,4.9308
CL406,2025-10-07,4.7432
CL406,2025-10-08,1.0976
CL406,2025-10-09,1.0668
CL406,2025-10-10,0.2268
CL406,2025-10-11,-0.3052
CL406,2025-10-12,0.7112
CL406,2025-10-13,1.4224
CL406,2025-10-14,0.3556
CL406,2025-10-15,1.0668
CL406,2025-10-16,0.7112
CL406,2025-10-17,1.778
CL406,2025-10-18,1.4224
CL406,2025-10-19,2.1336
CL406,2025-10-20,1.4224
CL406,2025-10-21,1.0668
CL406,2025-10-22,1.778
CL406,2025-10-23,2.1336
CL406,2025-10-24,1.4224
CL406,2025-10-25,1.0668
CL406,2025-10-26,1.778
CL406,2025-10-27,1.4224
CL406,2025-10-28,1.4224
CL406,2025-10-29,2.4892
CL406,2025-10-30,1.0444
CL406,2025-10-31,1.4224
CL406,2025-11-01,0.7112
CL406,2025-11-02,-0.546
CL406,2025-11-03,1.0668
CL406,2025-11-04,1.4224
CL406,2025-11-05,0.3556
CL406,2025-11-06,0.3556
CL406,2025-11-07,0.0
CL406,2025-11-08,1.0668
CL406,2025-11-09,0.7112
CL406,2025-11-10,0.3556
CL406,2025-11-11,0.3556
CL406,2025-11-12,1.0668
CL406,2025-11-13,0.7112
CL406,2025-11-14,0.3556
CL406,2025-11-15,0.3556
CL406,2025-11-16,0.7112
CL406,2025-11-17,0.3556
CL406,2025-11-18,1.0668
CL406,2025-11-19,0.3556
CL406,2025-11-20,0.0
CL406,2025-11-21,0.7112
CL406,2025-11-22,0.3556
CL406,2025-11-23,0.3556
CL406,2025-11-24,0.3556
CL406,2025-11-25,0.0
CL406,2025-11-26,0.3556
CL406,2025-11-27,0.7112
CL406,2025-11-28,0.3556
CL406,2025-11-29,0.3556
CL406,2025-11-30,0.3556
CL406,2025-12-01,0.7112
CL406,2025-12-02,0.0
CL406,2025-12-03,0.7112
CL406,2025-12-04,0.3556
CL406,2025-12-05,0.3556
CL406,2025-12-06,0.0
CL406,2025-12-07,0.3556
CL406,2025-12-08,0.3556
CL406,2025-12-09,0.7112
CL406,2025-12-10,0.3556
CL406,2025-12-11,0.0
CL406,2025-12-12,0.3556
CL406,2025-12-13,0.3556
CL406,2025-12-14,0.3556
CL406,2025-12-15,0.3556
CL406,2025-12-16,0.3556
CL406,2025-12-17,0.3556
CL406,2025-12-18,0.0
CL406,2025-12-19,0.3556
CL406,2025-12-20,0.3556
CL406,2025-12-21,0.3556
CL406,2025-12-22,0.3556
CL406,2025-12-23,0.3556
CL406,2025-12-24,0.3556
CL406,2025-12-25,0.3556
CL406,2025-12-26,0.0
CL406,2025-12-27,0.3556
CL406,2025-12-28,0.0
CL406,2025-12-29,0.0
CL406,2025-12-30,0.3556
CL406,2025-12-31,0.3556
