target,window_days,start,monsoon,PI,full_PI
11,7,2023-01-01,False,0.8015306358220754,0.9215056529488377
11,7,2023-01-04,False,0.5932359209843233,0.9215056529488377
11,7,2023-01-07,False,0.7735207606452081,0.9215056529488377
11,7,2023-01-10,False,0.9035348836696856,0.9215056529488377
11,7,2023-01-13,False,0.7497310642355137,0.9215056529488377
11,7,2023-01-16,False,0.8084254987262853,0.9215056529488377
11,7,2023-01-19,False,0.6312221738038633,0.9215056529488377
11,7,2023-01-22,False,0.70540411042722,0.9215056529488377
11,7,2023-01-25,False,0.8878401433026044,0.9215056529488377
11,7,2023-01-28,False,0.8207485859254008,0.9215056529488377
11,7,2023-01-31,False,0.7032981820750541,0.9215056529488377
11,7,2023-02-03,False,0.7431685709970285,0.9215056529488377
11,7,2023-02-06,False,0.48799852723548176,0.9215056529488377
11,7,2023-02-09,False,0.7080811933830502,0.9215056529488377
11,7,2023-02-12,False,0.7652548737224969,0.9215056529488377
11,7,2023-02-15,False,0.6877322393607816,0.9215056529488377
11,7,2023-02-18,False,0.6871533844650146,0.9215056529488377
11,7,2023-02-21,False,0.7724400629675789,0.9215056529488377
11,7,2023-02-24,False,0.8204223177878721,0.9215056529488377
11,7,2023-02-27,False,0.7904613187324931,0.9215056529488377
11,7,2023-03-02,False,0.7907159696478623,0.9215056529488377
11,7,2023-03-05,False,0.9588388634661138,0.9215056529488377
11,7,2023-03-08,False,0.7543798790747241,0.9215056529488377
11,7,2023-03-11,False,0.684681733680524,0.9215056529488377
11,7,2023-03-14,False,0.7618605819017943,0.9215056529488377
11,7,2023-03-17,False,0.8681286538645515,0.9215056529488377
11,7,2023-03-20,False,0.8675521806388019,0.9215056529488377
11,7,2023-03-23,False,0.6996884595487004,0.9215056529488377
11,7,2023-03-26,False,0.8398113570360407,0.9215056529488377
11,7,2023-03-29,False,0.9029337866621265,0.9215056529488377
11,7,2023-04-01,False,0.9010315900965502,0.9215056529488377
11,7,2023-04-04,False,0.889287546240487,0.9215056529488377
11,7,2023-04-07,False,0.5061421593761909,0.9215056529488377
11,7,2023-04-10,False,0.49160003347526704,0.9215056529488377
11,7,2023-04-13,False,0.7984266561274016,0.9215056529488377
11,7,2023-04-16,False,0.08257884142468941,0.9215056529488377
11,7,2023-04-19,False,0.4721089236011272,0.9215056529488377
11,7,2023-04-22,False,0.7993521204843994,0.9215056529488377
11,7,2023-04-25,False,0.9587713381415365,0.9215056529488377
11,7,2023-04-28,False,0.9800184311318957,0.9215056529488377
11,7,2023-05-01,False,0.8923818483212286,0.9215056529488377
11,7,2023-05-04,False,0.6585167114402302,0.9215056529488377
11,7,2023-05-07,False,0.9263085728225486,0.9215056529488377
11,7,2023-05-10,False,0.9355125773092845,0.9215056529488377
11,7,2023-05-13,False,0.863467867674491,0.9215056529488377
11,7,2023-05-16,False,0.6106402314386088,0.9215056529488377
11,7,2023-05-19,False,0.7249146721293619,0.9215056529488377
11,7,2023-05-22,False,0.7250558018215105,0.9215056529488377
11,7,2023-05-25,False,0.8284330614930563,0.9215056529488377
11,7,2023-05-28,False,0.844309720924334,0.9215056529488377
11,7,2023-05-31,True,0.4237439643820786,0.9215056529488377
11,7,2023-06-03,True,0.7155428880740894,0.9215056529488377
11,7,2023-06-06,True,0.809511496655345,0.9215056529488377
11,7,2023-06-09,True,0.9273232128513169,0.9215056529488377
11,7,2023-06-12,True,0.9926125887401602,0.9215056529488377
11,7,2023-06-15,True,0.994936861101013,0.9215056529488377
11,7,2023-06-18,True,0.995243413699254,0.9215056529488377
11,7,2023-06-21,True,0.9820009840935646,0.9215056529488377
11,7,2023-06-24,True,0.909037933977385,0.9215056529488377
11,7,2023-06-27,True,0.9078207877269336,0.9215056529488377
11,7,2023-06-30,True,0.92342438715098,0.9215056529488377
11,7,2023-07-03,True,0.9155711778632573,0.9215056529488377
11,7,2023-07-06,True,0.9384684854786363,0.9215056529488377
11,7,2023-07-09,True,0.9770353520183956,0.9215056529488377
11,7,2023-07-12,True,0.9310768126658175,0.9215056529488377
11,7,2023-07-15,True,0.815873235357139,0.9215056529488377
11,7,2023-07-18,True,0.6209888533234333,0.9215056529488377
11,7,2023-07-21,True,0.6788199687364914,0.9215056529488377
11,7,2023-07-24,True,0.5288310023684273,0.9215056529488377
11,7,2023-07-27,True,0.8866161782500536,0.9215056529488377
11,7,2023-07-30,True,0.820947291879562,0.9215056529488377
11,7,2023-08-02,True,0.8210955906129765,0.9215056529488377
11,7,2023-08-05,True,0.9734145415700185,0.9215056529488377
11,7,2023-08-08,True,0.9786756350181192,0.9215056529488377
11,7,2023-08-11,True,0.9633962259248164,0.9215056529488377
11,7,2023-08-14,True,0.8936261874268698,0.9215056529488377
11,7,2023-08-17,True,0.9461056401187802,0.9215056529488377
11,7,2023-08-20,True,0.958791412751056,0.9215056529488377
11,7,2023-08-23,True,0.9584601682727799,0.9215056529488377
11,7,2023-08-26,True,0.9853616922973931,0.9215056529488377
11,7,2023-08-29,True,0.9876516430399211,0.9215056529488377
11,7,2023-09-01,True,0.962723042271465,0.9215056529488377
11,7,2023-09-04,True,0.9736931270247297,0.9215056529488377
11,7,2023-09-07,True,0.9556680818627368,0.9215056529488377
11,7,2023-09-10,True,0.9252196980449982,0.9215056529488377
11,7,2023-09-13,True,0.8528572982013534,0.9215056529488377
11,7,2023-09-16,True,0.8117759988777316,0.9215056529488377
11,7,2023-09-19,True,0.8931361609720547,0.9215056529488377
11,7,2023-09-22,True,0.9171329922043858,0.9215056529488377
11,7,2023-09-25,True,0.8093556456035228,0.9215056529488377
11,7,2023-09-28,True,0.25255100626571136,0.9215056529488377
11,7,2023-10-01,True,-0.0289629036735346,0.9215056529488377
11,7,2023-10-04,True,-0.05042101471575977,0.9215056529488377
11,7,2023-10-07,True,0.854978362598102,0.9215056529488377
11,7,2023-10-10,True,-0.5450851128141248,0.9215056529488377
11,7,2023-10-13,True,0.9453096523769015,0.9215056529488377
11,7,2023-10-16,True,0.9840033352498705,0.9215056529488377
11,7,2023-10-19,True,0.859879836517253,0.9215056529488377
11,7,2023-10-22,True,0.7999969547440047,0.9215056529488377
11,7,2023-10-25,True,0.8729223567825084,0.9215056529488377
11,7,2023-10-28,True,0.9704190356012723,0.9215056529488377
11,7,2023-10-31,False,0.9717585760726681,0.9215056529488377
11,7,2023-11-03,False,0.9764794500469406,0.9215056529488377
11,7,2023-11-06,False,0.9580478418134716,0.9215056529488377
11,7,2023-11-09,False,0.827595924340454,0.9215056529488377
11,7,2023-11-12,False,0.5988519434403776,0.9215056529488377
11,7,2023-11-15,False,0.8609823727634569,0.9215056529488377
11,7,2023-11-18,False,0.8856802605250976,0.9215056529488377
11,7,2023-11-21,False,0.9203339468678072,0.9215056529488377
11,7,2023-11-24,False,0.4744328286407734,0.9215056529488377
11,7,2023-11-27,False,0.7017971802425573,0.9215056529488377
11,7,2023-11-30,False,0.82088119954817,0.9215056529488377
11,7,2023-12-03,False,0.9395916735347568,0.9215056529488377
11,7,2023-12-06,False,0.302300562404507,0.9215056529488377
11,7,2023-12-09,False,0.00783261642911992,0.9215056529488377
11,7,2023-12-12,False,0.5140409052373893,0.9215056529488377
11,7,2023-12-15,False,0.7081401892161051,0.9215056529488377
11,7,2023-12-18,False,0.8115323027272082,0.9215056529488377
11,7,2023-12-21,False,-0.096302351751268,0.9215056529488377
11,7,2023-12-24,False,0.593093984363432,0.9215056529488377
11,7,2023-12-27,False,0.7329012301399063,0.9215056529488377
11,7,2023-12-30,False,0.7983220970669354,0.9215056529488377
11,7,2024-01-02,False,0.8344193826094662,0.9215056529488377
11,7,2024-01-05,False,0.5392029162049411,0.9215056529488377
11,7,2024-01-08,False,0.26780522499994075,0.9215056529488377
11,7,2024-01-11,False,0.36704569314439695,0.9215056529488377
11,7,2024-01-14,False,0.7415420138903196,0.9215056529488377
11,7,2024-01-17,False,0.7835026700168884,0.9215056529488377
11,7,2024-01-20,False,0.7053406943924152,0.9215056529488377
11,7,2024-01-23,False,-0.07859795887595067,0.9215056529488377
11,7,2024-01-26,False,-0.2037606941392338,0.9215056529488377
11,7,2024-01-29,False,0.33161472866747854,0.9215056529488377
11,7,2024-02-01,False,0.6605983953210939,0.9215056529488377
11,7,2024-02-04,False,0.4863628073848959,0.9215056529488377
11,7,2024-02-07,False,0.6825117206056412,0.9215056529488377
11,7,2024-02-10,False,0.8845556809940314,0.9215056529488377
11,7,2024-02-13,False,0.7775863021420106,0.9215056529488377
11,7,2024-02-16,False,0.7288157214358589,0.9215056529488377
11,7,2024-02-19,False,0.5435607695679876,0.9215056529488377
11,7,2024-02-22,False,0.4772651710825683,0.9215056529488377
11,7,2024-02-25,False,0.34875944915809465,0.9215056529488377
11,7,2024-02-28,False,0.6481148030855974,0.9215056529488377
11,7,2024-03-02,False,0.5169941500787099,0.9215056529488377
11,7,2024-03-05,False,0.6385393156215946,0.9215056529488377
11,7,2024-03-08,False,0.7032156490041008,0.9215056529488377
11,7,2024-03-11,False,0.7181236244258085,0.9215056529488377
11,7,2024-03-14,False,0.81307839460095,0.9215056529488377
11,7,2024-03-17,False,0.6667492887170531,0.9215056529488377
11,7,2024-03-20,False,0.5437831711589431,0.9215056529488377
11,7,2024-03-23,False,0.5048945743317302,0.9215056529488377
11,7,2024-03-26,False,0.8415754633068373,0.9215056529488377
11,7,2024-03-29,False,0.5149320208410946,0.9215056529488377
11,7,2024-04-01,False,0.9212977550691398,0.9215056529488377
11,7,2024-04-04,False,0.935928856567062,0.9215056529488377
11,7,2024-04-07,False,0.9502092319088323,0.9215056529488377
11,7,2024-04-10,False,0.9176212210919884,0.9215056529488377
11,7,2024-04-13,False,0.9012126156738367,0.9215056529488377
11,7,2024-04-16,False,0.921983471714166,0.9215056529488377
11,7,2024-04-19,False,0.7660406342826178,0.9215056529488377
11,7,2024-04-22,False,0.9014885467686347,0.9215056529488377
11,7,2024-04-25,False,0.9562796150676202,0.9215056529488377
11,7,2024-04-28,False,0.9112639722311169,0.9215056529488377
11,7,2024-05-01,False,0.8931442378401344,0.9215056529488377
11,7,2024-05-04,False,0.851870910116773,0.9215056529488377
11,7,2024-05-07,False,0.9233428380550254,0.9215056529488377
11,7,2024-05-10,False,0.9656943872764556,0.9215056529488377
11,7,2024-05-13,False,0.9672093711390894,0.9215056529488377
11,7,2024-05-16,False,0.8591770729800531,0.9215056529488377
11,7,2024-05-19,False,0.8671542135363852,0.9215056529488377
11,7,2024-05-22,False,0.9505685102168843,0.9215056529488377
11,7,2024-05-25,False,0.959228275509711,0.9215056529488377
11,7,2024-05-28,False,0.9129940586317271,0.9215056529488377
11,7,2024-05-31,True,0.9888250322581622,0.9215056529488377
11,7,2024-06-03,True,0.9940340254299461,0.9215056529488377
11,7,2024-06-06,True,0.995669670692944,0.9215056529488377
11,7,2024-06-09,True,0.9796364237512056,0.9215056529488377
11,7,2024-06-12,True,0.9819532581647575,0.9215056529488377
11,7,2024-06-15,True,0.9934425553390379,0.9215056529488377
11,7,2024-06-18,True,0.9923012154825646,0.9215056529488377
11,7,2024-06-21,True,0.9565759775308751,0.9215056529488377
11,7,2024-06-24,True,0.9031656535159496,0.9215056529488377
11,7,2024-06-27,True,0.9431093121287577,0.9215056529488377
11,7,2024-06-30,True,0.9855536278462058,0.9215056529488377
11,7,2024-07-03,True,0.9877468380809314,0.9215056529488377
11,7,2024-07-06,True,0.8835482360702143,0.9215056529488377
11,7,2024-07-09,True,0.5159186701695546,0.9215056529488377
11,7,2024-07-12,True,0.7111146421500757,0.9215056529488377
11,7,2024-07-15,True,0.8595937928538916,0.9215056529488377
11,7,2024-07-18,True,0.9698856983889593,0.9215056529488377
11,7,2024-07-21,True,0.9130606113215979,0.9215056529488377
11,7,2024-07-24,True,0.8643681982821839,0.9215056529488377
11,7,2024-07-27,True,0.9309947002566441,0.9215056529488377
11,7,2024-07-30,True,0.8915426586535697,0.9215056529488377
11,7,2024-08-02,True,0.5440738848928082,0.9215056529488377
11,7,2024-08-05,True,0.91517478416399,0.9215056529488377
11,7,2024-08-08,True,0.941998919830985,0.9215056529488377
11,7,2024-08-11,True,0.9079606955147815,0.9215056529488377
11,7,2024-08-14,True,0.8037211351642655,0.9215056529488377
11,7,2024-08-17,True,0.8084697372219096,0.9215056529488377
11,7,2024-08-20,True,0.9291877479438173,0.9215056529488377
11,7,2024-08-23,True,0.9447729846526012,0.9215056529488377
11,7,2024-08-26,True,0.8983896572756837,0.9215056529488377
11,7,2024-08-29,True,0.7795545837511683,0.9215056529488377
11,7,2024-09-01,True,0.6854609087804141,0.9215056529488377
11,7,2024-09-04,True,0.7524507906926488,0.9215056529488377
11,7,2024-09-07,True,0.9503250930443419,0.9215056529488377
11,7,2024-09-10,True,0.8678990546732726,0.9215056529488377
11,7,2024-09-13,True,0.8713806170930409,0.9215056529488377
11,7,2024-09-16,True,0.9089361903049169,0.9215056529488377
11,7,2024-09-19,True,0.8802662833539568,0.9215056529488377
11,7,2024-09-22,True,0.823251485282843,0.9215056529488377
11,7,2024-09-25,True,0.8320069620616481,0.9215056529488377
11,7,2024-09-28,True,0.8795803801545646,0.9215056529488377
11,7,2024-10-01,True,0.8955513659045696,0.9215056529488377
11,7,2024-10-04,True,0.9418354444782155,0.9215056529488377
11,7,2024-10-07,True,0.9200013295342148,0.9215056529488377
11,7,2024-10-10,True,0.8668819301122825,0.9215056529488377
11,7,2024-10-13,True,0.8464703421422393,0.9215056529488377
11,7,2024-10-16,True,0.909467712445947,0.9215056529488377
11,7,2024-10-19,True,0.8499108829151452,0.9215056529488377
11,7,2024-10-22,True,0.8770622359605181,0.9215056529488377
11,7,2024-10-25,True,0.9323377054970482,0.9215056529488377
11,7,2024-10-28,True,0.9754570467252994,0.9215056529488377
11,7,2024-10-31,False,0.9593887598268211,0.9215056529488377
11,7,2024-11-03,False,0.978880722422153,0.9215056529488377
11,7,2024-11-06,False,0.9715202535615988,0.9215056529488377
11,7,2024-11-09,False,0.9514476180463743,0.9215056529488377
11,7,2024-11-12,False,0.9579811131740403,0.9215056529488377
11,7,2024-11-15,False,0.984871862676056,0.9215056529488377
11,7,2024-11-18,False,0.9415574296464442,0.9215056529488377
11,7,2024-11-21,False,0.9419196461119697,0.9215056529488377
11,7,2024-11-24,False,0.9183418466580815,0.9215056529488377
11,7,2024-11-27,False,0.8375984868430736,0.9215056529488377
11,7,2024-11-30,False,0.9313485492277094,0.9215056529488377
11,7,2024-12-03,False,0.9598857893831358,0.9215056529488377
11,7,2024-12-06,False,0.9202789271226637,0.9215056529488377
11,7,2024-12-09,False,0.6960051080555583,0.9215056529488377
11,7,2024-12-12,False,0.6183742256202212,0.9215056529488377
11,7,2024-12-15,False,0.6555169930911804,0.9215056529488377
11,7,2024-12-18,False,0.820144365107601,0.9215056529488377
11,7,2024-12-21,False,0.8076462550910906,0.9215056529488377
11,7,2024-12-24,False,0.8177081476496169,0.9215056529488377
11,7,2024-12-27,False,0.8353831079916433,0.9215056529488377
11,7,2024-12-30,False,0.7706919811231183,0.9215056529488377
11,7,2025-01-02,False,0.7636046512549289,0.9215056529488377
11,7,2025-01-05,False,0.8324955728199961,0.9215056529488377
11,7,2025-01-08,False,0.8323360302823579,0.9215056529488377
11,7,2025-01-11,False,0.5535302328150562,0.9215056529488377
11,7,2025-01-14,False,0.5299694299302135,0.9215056529488377
11,7,2025-01-17,False,0.4771048304440443,0.9215056529488377
11,7,2025-01-20,False,0.7589557082373564,0.9215056529488377
11,7,2025-01-23,False,0.8028287494759891,0.9215056529488377
11,7,2025-01-26,False,0.7473793491461379,0.9215056529488377
11,7,2025-01-29,False,0.749126688370531,0.9215056529488377
11,7,2025-02-01,False,0.841964048135871,0.9215056529488377
11,7,2025-02-04,False,0.6648682586617154,0.9215056529488377
11,7,2025-02-07,False,0.6047154613348329,0.9215056529488377
11,7,2025-02-10,False,0.5732248368573147,0.9215056529488377
11,7,2025-02-13,False,0.6932630114886722,0.9215056529488377
11,7,2025-02-16,False,0.6203522010319575,0.9215056529488377
11,7,2025-02-19,False,0.49987528310656504,0.9215056529488377
11,7,2025-02-22,False,0.8190222539872014,0.9215056529488377
11,7,2025-02-25,False,0.8406405012405314,0.9215056529488377
11,7,2025-02-28,False,0.7837225481978207,0.9215056529488377
11,7,2025-03-03,False,0.7638836650281595,0.9215056529488377
11,7,2025-03-06,False,0.9409997927292207,0.9215056529488377
11,7,2025-03-09,False,0.7626510382460958,0.9215056529488377
11,7,2025-03-12,False,0.7654246444533757,0.9215056529488377
11,7,2025-03-15,False,0.874468242196088,0.9215056529488377
11,7,2025-03-18,False,0.6896872992249677,0.9215056529488377
11,7,2025-03-21,False,0.8364017117554652,0.9215056529488377
11,7,2025-03-24,False,0.8599408093825892,0.9215056529488377
11,7,2025-03-27,False,0.8430134240847718,0.9215056529488377
11,7,2025-03-30,False,0.840756598908108,0.9215056529488377
11,7,2025-04-02,False,0.8369647197740224,0.9215056529488377
11,7,2025-04-05,False,0.7561143030306663,0.9215056529488377
11,7,2025-04-08,False,0.9033458533298019,0.9215056529488377
11,7,2025-04-11,False,0.8162724581866405,0.9215056529488377
11,7,2025-04-14,False,-0.42096315749648094,0.9215056529488377
11,7,2025-04-17,False,0.19302167794656233,0.9215056529488377
11,7,2025-04-20,False,0.9169334266858932,0.9215056529488377
11,7,2025-04-23,False,0.7967278509259339,0.9215056529488377
11,7,2025-04-26,False,0.9521982805190126,0.9215056529488377
11,7,2025-04-29,False,0.956041405404778,0.9215056529488377
11,7,2025-05-02,False,0.9772161776885804,0.9215056529488377
11,7,2025-05-05,False,0.9568273484954759,0.9215056529488377
11,7,2025-05-08,False,0.9444960095624092,0.9215056529488377
11,7,2025-05-11,False,0.9353441814204929,0.9215056529488377
11,7,2025-05-14,False,0.9333361416218838,0.9215056529488377
11,7,2025-05-17,False,0.9382101564372661,0.9215056529488377
11,7,2025-05-20,False,0.9208403694240531,0.9215056529488377
11,7,2025-05-23,False,0.8351564950245672,0.9215056529488377
11,7,2025-05-26,False,0.6302631054985275,0.9215056529488377
11,7,2025-05-29,True,0.9140827614129786,0.9215056529488377
11,7,2025-06-01,True,0.9561728738171283,0.9215056529488377
11,7,2025-06-04,True,0.9704472270561575,0.9215056529488377
11,7,2025-06-07,True,0.980187517312683,0.9215056529488377
11,7,2025-06-10,True,0.9677302705628301,0.9215056529488377
11,7,2025-06-13,True,0.8987436028780525,0.9215056529488377
11,7,2025-06-16,True,0.9049311929425378,0.9215056529488377
11,7,2025-06-19,True,0.9477682417484455,0.9215056529488377
11,7,2025-06-22,True,0.9659934838408054,0.9215056529488377
11,7,2025-06-25,True,0.9659248495908461,0.9215056529488377
11,7,2025-06-28,True,0.932589495806942,0.9215056529488377
11,7,2025-07-01,True,0.8668683473480159,0.9215056529488377
11,7,2025-07-04,True,0.9107819266537815,0.9215056529488377
11,7,2025-07-07,True,0.9141701355551476,0.9215056529488377
11,7,2025-07-10,True,0.8232032500821852,0.9215056529488377
11,7,2025-07-13,True,0.490533442979195,0.9215056529488377
11,7,2025-07-16,True,0.6752592776525567,0.9215056529488377
11,7,2025-07-19,True,0.8780756294839392,0.9215056529488377
11,7,2025-07-22,True,0.905318318910496,0.9215056529488377
11,7,2025-07-25,True,0.8012302446982988,0.9215056529488377
11,7,2025-07-28,True,0.764637644781734,0.9215056529488377
11,7,2025-07-31,True,0.9178075204817873,0.9215056529488377
11,7,2025-08-03,True,0.989547730347626,0.9215056529488377
11,7,2025-08-06,True,0.9883937043639786,0.9215056529488377
11,7,2025-08-09,True,0.9760852144670787,0.9215056529488377
11,7,2025-08-12,True,0.9537673162374689,0.9215056529488377
11,7,2025-08-15,True,0.9636884504744299,0.9215056529488377
11,7,2025-08-18,True,0.9444202440299118,0.9215056529488377
11,7,2025-08-21,True,0.9485384654143156,0.9215056529488377
11,7,2025-08-24,True,0.8855418371843834,0.9215056529488377
11,7,2025-08-27,True,0.8767762093296781,0.9215056529488377
11,7,2025-08-30,True,0.9032147154699437,0.9215056529488377
11,7,2025-09-02,True,0.9046157405791116,0.9215056529488377
11,7,2025-09-05,True,0.8270903311452069,0.9215056529488377
11,7,2025-09-08,True,0.8682495621495997,0.9215056529488377
11,7,2025-09-11,True,0.8147259913833799,0.9215056529488377
11,7,2025-09-14,True,0.9163733828619761,0.9215056529488377
11,7,2025-09-17,True,0.8729946020213558,0.9215056529488377
11,7,2025-09-20,True,0.780668608545146,0.9215056529488377
11,7,2025-09-23,True,0.9704126274260699,0.9215056529488377
11,7,2025-09-26,True,0.9835761165260194,0.9215056529488377
11,7,2025-09-29,True,0.9737523653415858,0.9215056529488377
11,7,2025-10-02,True,0.9149241054759201,0.9215056529488377
11,7,2025-10-05,True,0.8783951320484128,0.9215056529488377
11,7,2025-10-08,True,0.8701988132260334,0.9215056529488377
11,7,2025-10-11,True,0.9573839898391936,0.9215056529488377
11,7,2025-10-14,True,0.968834574766095,0.9215056529488377
11,7,2025-10-17,True,0.9799883753099496,0.9215056529488377
11,7,2025-10-20,True,0.9894381134111464,0.9215056529488377
11,7,2025-10-23,True,0.9828095987189249,0.9215056529488377
11,7,2025-10-26,True,0.9746296089753311,0.9215056529488377
11,7,2025-10-29,False,0.9813426948977125,0.9215056529488377
11,7,2025-11-01,False,0.9794790019621481,0.9215056529488377
11,7,2025-11-04,False,0.9487951996712201,0.9215056529488377
11,7,2025-11-07,False,0.9555153712637972,0.9215056529488377
11,7,2025-11-10,False,0.9816381290003603,0.9215056529488377
11,7,2025-11-13,False,0.9764756294390057,0.9215056529488377
11,7,2025-11-16,False,0.9719423107906869,0.9215056529488377
11,7,2025-11-19,False,0.9709308067106367,0.9215056529488377
11,7,2025-11-22,False,0.970012631591392,0.9215056529488377
11,7,2025-11-25,False,0.9538335725768883,0.9215056529488377
11,7,2025-11-28,False,0.9430967177531863,0.9215056529488377
11,7,2025-12-01,False,0.8819016890341378,0.9215056529488377
11,7,2025-12-04,False,0.936550177164047,0.9215056529488377
11,7,2025-12-07,False,0.8751242290492616,0.9215056529488377
11,7,2025-12-10,False,0.8919892863620715,0.9215056529488377
11,7,2025-12-13,False,0.8504412773954149,0.9215056529488377
11,7,2025-12-16,False,0.9295561039365734,0.9215056529488377
11,7,2025-12-19,False,0.7993227161813348,0.9215056529488377
11,7,2025-12-22,False,0.8276060288339698,0.9215056529488377
11,7,2025-12-25,False,0.8861385929223207,0.9215056529488377
11,14,2023-01-01,False,0.8111868623716019,0.9215056529488377
11,14,2023-01-04,False,0.7811088997032003,0.9215056529488377
11,14,2023-01-07,False,0.7597403423227045,0.9215056529488377
11,14,2023-01-10,False,0.8637715795878003,0.9215056529488377
11,14,2023-01-13,False,0.6884434485290754,0.9215056529488377
11,14,2023-01-16,False,0.7485786892930397,0.9215056529488377
11,14,2023-01-19,False,0.7630353633270579,0.9215056529488377
11,14,2023-01-22,False,0.737232821105166,0.9215056529488377
11,14,2023-01-25,False,0.8259014744221276,0.9215056529488377
11,14,2023-01-28,False,0.8185382280760074,0.9215056529488377
11,14,2023-01-31,False,0.6341584853712627,0.9215056529488377
11,14,2023-02-03,False,0.7274122310297808,0.9215056529488377
11,14,2023-02-06,False,0.7059175318160483,0.9215056529488377
11,14,2023-02-09,False,0.6873281173353842,0.9215056529488377
11,14,2023-02-12,False,0.7415743943873359,0.9215056529488377
11,14,2023-02-15,False,0.763160799715528,0.9215056529488377
11,14,2023-02-18,False,0.7397580754726014,0.9215056529488377
11,14,2023-02-21,False,0.7810459300577999,0.9215056529488377
11,14,2023-02-24,False,0.8184522734849292,0.9215056529488377
11,14,2023-02-27,False,0.8231149599491997,0.9215056529488377
11,14,2023-03-02,False,0.7647301722188141,0.9215056529488377
11,14,2023-03-05,False,0.8270053834310708,0.9215056529488377
11,14,2023-03-08,False,0.8686645342694341,0.9215056529488377
11,14,2023-03-11,False,0.8576369543011962,0.9215056529488377
11,14,2023-03-14,False,0.8515006932381584,0.9215056529488377
11,14,2023-03-17,False,0.8533358390809491,0.9215056529488377
11,14,2023-03-20,False,0.8655197379709392,0.9215056529488377
11,14,2023-03-23,False,0.8555735109952008,0.9215056529488377
11,14,2023-03-26,False,0.8915160223602935,0.9215056529488377
11,14,2023-03-29,False,0.8835634250105161,0.9215056529488377
11,14,2023-04-01,False,0.8898755553341546,0.9215056529488377
11,14,2023-04-04,False,0.866628067060757,0.9215056529488377
11,14,2023-04-07,False,0.5731959560211177,0.9215056529488377
11,14,2023-04-10,False,0.3263624841378462,0.9215056529488377
11,14,2023-04-13,False,0.5342385267399429,0.9215056529488377
11,14,2023-04-16,False,0.5504072732654731,0.9215056529488377
11,14,2023-04-19,False,0.7542854783899392,0.9215056529488377
11,14,2023-04-22,False,0.9079128126611902,0.9215056529488377
11,14,2023-04-25,False,0.8834666538655461,0.9215056529488377
11,14,2023-04-28,False,0.8973332509689673,0.9215056529488377
11,14,2023-05-01,False,0.9284983504191185,0.9215056529488377
11,14,2023-05-04,False,0.9021322597604704,0.9215056529488377
11,14,2023-05-07,False,0.8999669067625281,0.9215056529488377
11,14,2023-05-10,False,0.9160775296097302,0.9215056529488377
11,14,2023-05-13,False,0.8450536362976713,0.9215056529488377
11,14,2023-05-16,False,0.6599742431943603,0.9215056529488377
11,14,2023-05-19,False,0.803429911378029,0.9215056529488377
11,14,2023-05-22,False,0.7767562954907042,0.9215056529488377
11,14,2023-05-25,True,0.7025950729231076,0.9215056529488377
11,14,2023-05-28,True,0.8220124469661936,0.9215056529488377
11,14,2023-05-31,True,0.795169800818485,0.9215056529488377
11,14,2023-06-03,True,0.9136093239840131,0.9215056529488377
11,14,2023-06-06,True,0.9932381241533903,0.9215056529488377
11,14,2023-06-09,True,0.9941722012035737,0.9215056529488377
11,14,2023-06-12,True,0.9944583468419373,0.9215056529488377
11,14,2023-06-15,True,0.991158999573046,0.9215056529488377
11,14,2023-06-18,True,0.9893571815206014,0.9215056529488377
11,14,2023-06-21,True,0.9502295823627732,0.9215056529488377
11,14,2023-06-24,True,0.9171111307380378,0.9215056529488377
11,14,2023-06-27,True,0.9123582834985892,0.9215056529488377
11,14,2023-06-30,True,0.9133457961925597,0.9215056529488377
11,14,2023-07-03,True,0.9309181012458272,0.9215056529488377
11,14,2023-07-06,True,0.917257910397682,0.9215056529488377
11,14,2023-07-09,True,0.8471835572989481,0.9215056529488377
11,14,2023-07-12,True,0.8164443367336864,0.9215056529488377
11,14,2023-07-15,True,0.7763447017515802,0.9215056529488377
11,14,2023-07-18,True,0.5965263614196314,0.9215056529488377
11,14,2023-07-21,True,0.7676137992235142,0.9215056529488377
11,14,2023-07-24,True,0.759648030121751,0.9215056529488377
11,14,2023-07-27,True,0.8203259347091221,0.9215056529488377
11,14,2023-07-30,True,0.8819551203381881,0.9215056529488377
11,14,2023-08-02,True,0.8958587184146514,0.9215056529488377
11,14,2023-08-05,True,0.9594264993230527,0.9215056529488377
11,14,2023-08-08,True,0.9685650965842877,0.9215056529488377
11,14,2023-08-11,True,0.9665875429390346,0.9215056529488377
11,14,2023-08-14,True,0.9360908134551358,0.9215056529488377
11,14,2023-08-17,True,0.9654845680663146,0.9215056529488377
11,14,2023-08-20,True,0.9771232751415118,0.9215056529488377
11,14,2023-08-23,True,0.9735561007183618,0.9215056529488377
11,14,2023-08-26,True,0.973137557931772,0.9215056529488377
11,14,2023-08-29,True,0.9604912019770346,0.9215056529488377
11,14,2023-09-01,True,0.9579733145318584,0.9215056529488377
11,14,2023-09-04,True,0.9487147305541297,0.9215056529488377
11,14,2023-09-07,True,0.9381440936456426,0.9215056529488377
11,14,2023-09-10,True,0.9044912134392544,0.9215056529488377
11,14,2023-09-13,True,0.899764446575804,0.9215056529488377
11,14,2023-09-16,True,0.8944962621362247,0.9215056529488377
11,14,2023-09-19,True,0.8014204369882525,0.9215056529488377
11,14,2023-09-22,True,0.6732672606966561,0.9215056529488377
11,14,2023-09-25,True,0.5989057666527615,0.9215056529488377
11,14,2023-09-28,True,0.17316692125852517,0.9215056529488377
11,14,2023-10-01,True,0.16831330246017573,0.9215056529488377
11,14,2023-10-04,True,0.03256704150876033,0.9215056529488377
11,14,2023-10-07,True,0.9382470573165081,0.9215056529488377
11,14,2023-10-10,True,0.8838717899356135,0.9215056529488377
11,14,2023-10-13,True,0.8627435519140497,0.9215056529488377
11,14,2023-10-16,True,0.8835556142075699,0.9215056529488377
11,14,2023-10-19,True,0.8864319573606155,0.9215056529488377
11,14,2023-10-22,True,0.8549615770235445,0.9215056529488377
11,14,2023-10-25,False,0.9100000867731713,0.9215056529488377
11,14,2023-10-28,False,0.9712974568476928,0.9215056529488377
11,14,2023-10-31,False,0.9514348584611112,0.9215056529488377
11,14,2023-11-03,False,0.9431611352759669,0.9215056529488377
11,14,2023-11-06,False,0.8511157768669968,0.9215056529488377
11,14,2023-11-09,False,0.8745189658700806,0.9215056529488377
11,14,2023-11-12,False,0.8454421352018641,0.9215056529488377
11,14,2023-11-15,False,0.8538525996660873,0.9215056529488377
11,14,2023-11-18,False,0.8428538604473047,0.9215056529488377
11,14,2023-11-21,False,0.8514897151302849,0.9215056529488377
11,14,2023-11-24,False,0.7808945741983584,0.9215056529488377
11,14,2023-11-27,False,0.702924617787017,0.9215056529488377
11,14,2023-11-30,False,0.6342953593050632,0.9215056529488377
11,14,2023-12-03,False,0.6479776324654715,0.9215056529488377
11,14,2023-12-06,False,0.4618858152661155,0.9215056529488377
11,14,2023-12-09,False,0.38044488040169033,0.9215056529488377
11,14,2023-12-12,False,0.5979436843161425,0.9215056529488377
11,14,2023-12-15,False,0.5034290283061562,0.9215056529488377
11,14,2023-12-18,False,0.6267599289523832,0.9215056529488377
11,14,2023-12-21,False,0.6404559947573234,0.9215056529488377
11,14,2023-12-24,False,0.6269210070106905,0.9215056529488377
11,14,2023-12-27,False,0.7580526203461695,0.9215056529488377
11,14,2023-12-30,False,0.700491418056316,0.9215056529488377
11,14,2024-01-02,False,0.5716955308332317,0.9215056529488377
11,14,2024-01-05,False,0.5100475050517075,0.9215056529488377
11,14,2024-01-08,False,0.6803555991293824,0.9215056529488377
11,14,2024-01-11,False,0.6561268381101251,0.9215056529488377
11,14,2024-01-14,False,0.6768284423509154,0.9215056529488377
11,14,2024-01-17,False,0.7004088009377902,0.9215056529488377
11,14,2024-01-20,False,0.6397195331500476,0.9215056529488377
11,14,2024-01-23,False,0.4779751056684267,0.9215056529488377
11,14,2024-01-26,False,0.49280135982478723,0.9215056529488377
11,14,2024-01-29,False,0.5889557004236367,0.9215056529488377
11,14,2024-02-01,False,0.6634836608911339,0.9215056529488377
11,14,2024-02-04,False,0.7982671246086274,0.9215056529488377
11,14,2024-02-07,False,0.7462604829250676,0.9215056529488377
11,14,2024-02-10,False,0.7810264011180299,0.9215056529488377
11,14,2024-02-13,False,0.7162455013199529,0.9215056529488377
11,14,2024-02-16,False,0.6141569328897819,0.9215056529488377
11,14,2024-02-19,False,0.47417589219034983,0.9215056529488377
11,14,2024-02-22,False,0.4963758629628344,0.9215056529488377
11,14,2024-02-25,False,0.4327019224392351,0.9215056529488377
11,14,2024-02-28,False,0.665695888231373,0.9215056529488377
11,14,2024-03-02,False,0.6296793815941633,0.9215056529488377
11,14,2024-03-05,False,0.7301560475870901,0.9215056529488377
11,14,2024-03-08,False,0.7265842360161712,0.9215056529488377
11,14,2024-03-11,False,0.6412229305893042,0.9215056529488377
11,14,2024-03-14,False,0.646925114787691,0.9215056529488377
11,14,2024-03-17,False,0.6869265074550193,0.9215056529488377
11,14,2024-03-20,False,0.5732998644027572,0.9215056529488377
11,14,2024-03-23,False,0.5212544151429106,0.9215056529488377
11,14,2024-03-26,False,0.9118808551089655,0.9215056529488377
11,14,2024-03-29,False,0.9215436689180722,0.9215056529488377
11,14,2024-04-01,False,0.9267725133041461,0.9215056529488377
11,14,2024-04-04,False,0.9333656098363009,0.9215056529488377
11,14,2024-04-07,False,0.9270734871738059,0.9215056529488377
11,14,2024-04-10,False,0.9004048843064938,0.9215056529488377
11,14,2024-04-13,False,0.8958462730116554,0.9215056529488377
11,14,2024-04-16,False,0.9166000301453325,0.9215056529488377
11,14,2024-04-19,False,0.9080805362512615,0.9215056529488377
11,14,2024-04-22,False,0.8918930208414921,0.9215056529488377
11,14,2024-04-25,False,0.9023185539337539,0.9215056529488377
11,14,2024-04-28,False,0.9079245583609581,0.9215056529488377
11,14,2024-05-01,False,0.9224805130559721,0.9215056529488377
11,14,2024-05-04,False,0.9397257571849298,0.9215056529488377
11,14,2024-05-07,False,0.9568173613050757,0.9215056529488377
11,14,2024-05-10,False,0.9367304581563994,0.9215056529488377
11,14,2024-05-13,False,0.9552567482402117,0.9215056529488377
11,14,2024-05-16,False,0.9533733545972032,0.9215056529488377
11,14,2024-05-19,False,0.9538383034108503,0.9215056529488377
11,14,2024-05-22,False,0.9638522943181934,0.9215056529488377
11,14,2024-05-25,True,0.9731022473986446,0.9215056529488377
11,14,2024-05-28,True,0.9675856778514264,0.9215056529488377
11,14,2024-05-31,True,0.989790787867516,0.9215056529488377
11,14,2024-06-03,True,0.992641189972594,0.9215056529488377
11,14,2024-06-06,True,0.9920096371715313,0.9215056529488377
11,14,2024-06-09,True,0.9911391580499936,0.9215056529488377
11,14,2024-06-12,True,0.9894706794414466,0.9215056529488377
11,14,2024-06-15,True,0.983608196997284,0.9215056529488377
11,14,2024-06-18,True,0.9822152709027359,0.9215056529488377
11,14,2024-06-21,True,0.9777982498278813,0.9215056529488377
11,14,2024-06-24,True,0.978277859211191,0.9215056529488377
11,14,2024-06-27,True,0.9756860797804762,0.9215056529488377
11,14,2024-06-30,True,0.9682714623176017,0.9215056529488377
11,14,2024-07-03,True,0.9658442029436038,0.9215056529488377
11,14,2024-07-06,True,0.7741312472546701,0.9215056529488377
11,14,2024-07-09,True,0.7747723128410382,0.9215056529488377
11,14,2024-07-12,True,0.8369635776218146,0.9215056529488377
11,14,2024-07-15,True,0.890046781638526,0.9215056529488377
11,14,2024-07-18,True,0.9344558051616937,0.9215056529488377
11,14,2024-07-21,True,0.924758548396532,0.9215056529488377
11,14,2024-07-24,True,0.8617699403020258,0.9215056529488377
11,14,2024-07-27,True,0.8936584007783512,0.9215056529488377
11,14,2024-07-30,True,0.9162901463936896,0.9215056529488377
11,14,2024-08-02,True,0.8837060334368166,0.9215056529488377
11,14,2024-08-05,True,0.9157524361322944,0.9215056529488377
11,14,2024-08-08,True,0.91703319805098,0.9215056529488377
11,14,2024-08-11,True,0.8911333521015294,0.9215056529488377
11,14,2024-08-14,True,0.8594463763140536,0.9215056529488377
11,14,2024-08-17,True,0.8994236598315507,0.9215056529488377
11,14,2024-08-20,True,0.9191003661997762,0.9215056529488377
11,14,2024-08-23,True,0.8983087618940562,0.9215056529488377
11,14,2024-08-26,True,0.8791473865727126,0.9215056529488377
11,14,2024-08-29,True,0.8612583907098214,0.9215056529488377
11,14,2024-09-01,True,0.8176708663797758,0.9215056529488377
11,14,2024-09-04,True,0.8788526397091274,0.9215056529488377
11,14,2024-09-07,True,0.8893980147555611,0.9215056529488377
11,14,2024-09-10,True,0.8864569217178094,0.9215056529488377
11,14,2024-09-13,True,0.8737154812480299,0.9215056529488377
11,14,2024-09-16,True,0.8557239985519655,0.9215056529488377
11,14,2024-09-19,True,0.8511687715822615,0.9215056529488377
11,14,2024-09-22,True,0.8464617404959425,0.9215056529488377
11,14,2024-09-25,True,0.8705552027068963,0.9215056529488377
11,14,2024-09-28,True,0.898530454610334,0.9215056529488377
11,14,2024-10-01,True,0.854067611122204,0.9215056529488377
11,14,2024-10-04,True,0.8808835581965122,0.9215056529488377
11,14,2024-10-07,True,0.8770812508878985,0.9215056529488377
11,14,2024-10-10,True,0.8602273513732283,0.9215056529488377
11,14,2024-10-13,True,0.8549608713844435,0.9215056529488377
11,14,2024-10-16,True,0.8974554960934494,0.9215056529488377
11,14,2024-10-19,True,0.9018232427072588,0.9215056529488377
11,14,2024-10-22,True,0.89613152200928,0.9215056529488377
11,14,2024-10-25,False,0.9393500383533454,0.9215056529488377
11,14,2024-10-28,False,0.9734161465303012,0.9215056529488377
11,14,2024-10-31,False,0.9587159451420466,0.9215056529488377
11,14,2024-11-03,False,0.9600551845192159,0.9215056529488377
11,14,2024-11-06,False,0.9653000665760296,0.9215056529488377
11,14,2024-11-09,False,0.9664225275940302,0.9215056529488377
11,14,2024-11-12,False,0.9482164312593004,0.9215056529488377
11,14,2024-11-15,False,0.9534954247102746,0.9215056529488377
11,14,2024-11-18,False,0.9398974551407803,0.9215056529488377
11,14,2024-11-21,False,0.9306202876296239,0.9215056529488377
11,14,2024-11-24,False,0.9314088675808737,0.9215056529488377
11,14,2024-11-27,False,0.938137319885475,0.9215056529488377
11,14,2024-11-30,False,0.9065690873979831,0.9215056529488377
11,14,2024-12-03,False,0.8469695370922447,0.9215056529488377
11,14,2024-12-06,False,0.8147391392507798,0.9215056529488377
11,14,2024-12-09,False,0.7185641363918155,0.9215056529488377
11,14,2024-12-12,False,0.7597111081640361,0.9215056529488377
11,14,2024-12-15,False,0.7799136514183849,0.9215056529488377
11,14,2024-12-18,False,0.8155262206605484,0.9215056529488377
11,14,2024-12-21,False,0.8044042836837965,0.9215056529488377
11,14,2024-12-24,False,0.8107760018853499,0.9215056529488377
11,14,2024-12-27,False,0.8555437188501188,0.9215056529488377
11,14,2024-12-30,False,0.7938752362918258,0.9215056529488377
11,14,2025-01-02,False,0.7460186993173652,0.9215056529488377
11,14,2025-01-05,False,0.7061908392100094,0.9215056529488377
11,14,2025-01-08,False,0.6923430812801823,0.9215056529488377
11,14,2025-01-11,False,0.6276786310909854,0.9215056529488377
11,14,2025-01-14,False,0.598246748597526,0.9215056529488377
11,14,2025-01-17,False,0.7113459442652832,0.9215056529488377
11,14,2025-01-20,False,0.7404310990184332,0.9215056529488377
11,14,2025-01-23,False,0.7817107014204877,0.9215056529488377
11,14,2025-01-26,False,0.734013446663748,0.9215056529488377
11,14,2025-01-29,False,0.7054911639284831,0.9215056529488377
11,14,2025-02-01,False,0.6969204802740849,0.9215056529488377
11,14,2025-02-04,False,0.6952528203500244,0.9215056529488377
11,14,2025-02-07,False,0.6416058602181587,0.9215056529488377
11,14,2025-02-10,False,0.579019784905011,0.9215056529488377
11,14,2025-02-13,False,0.6356538236637705,0.9215056529488377
11,14,2025-02-16,False,0.7724020140867613,0.9215056529488377
11,14,2025-02-19,False,0.7744834918005123,0.9215056529488377
11,14,2025-02-22,False,0.8107303454377185,0.9215056529488377
11,14,2025-02-25,False,0.8268712970429888,0.9215056529488377
11,14,2025-02-28,False,0.796421265731468,0.9215056529488377
11,14,2025-03-03,False,0.7644230257288399,0.9215056529488377
11,14,2025-03-06,False,0.8086164599008432,0.9215056529488377
11,14,2025-03-09,False,0.7541818272184455,0.9215056529488377
11,14,2025-03-12,False,0.7354582029253374,0.9215056529488377
11,14,2025-03-15,False,0.8659850349158421,0.9215056529488377
11,14,2025-03-18,False,0.8354945255908705,0.9215056529488377
11,14,2025-03-21,False,0.8337239916611505,0.9215056529488377
11,14,2025-03-24,False,0.8496651157134711,0.9215056529488377
11,14,2025-03-27,False,0.8457419012768177,0.9215056529488377
11,14,2025-03-30,False,0.836364011359377,0.9215056529488377
11,14,2025-04-02,False,0.856309043458261,0.9215056529488377
11,14,2025-04-05,False,0.7834520551910601,0.9215056529488377
11,14,2025-04-08,False,0.7804764356500845,0.9215056529488377
11,14,2025-04-11,False,0.7989799312919691,0.9215056529488377
11,14,2025-04-14,False,0.879164133053572,0.9215056529488377
11,14,2025-04-17,False,0.8663608011716593,0.9215056529488377
11,14,2025-04-20,False,0.9511753799322944,0.9215056529488377
11,14,2025-04-23,False,0.9581792571676768,0.9215056529488377
11,14,2025-04-26,False,0.9563075201071696,0.9215056529488377
11,14,2025-04-29,False,0.9544101439861237,0.9215056529488377
11,14,2025-05-02,False,0.9765810388927727,0.9215056529488377
11,14,2025-05-05,False,0.9560040920800386,0.9215056529488377
11,14,2025-05-08,False,0.943493929309121,0.9215056529488377
11,14,2025-05-11,False,0.9358566671225603,0.9215056529488377
11,14,2025-05-14,False,0.9195662660574854,0.9215056529488377
11,14,2025-05-17,False,0.9189948959934743,0.9215056529488377
11,14,2025-05-20,False,0.8954908897344451,0.9215056529488377
11,14,2025-05-23,False,0.9310234605800646,0.9215056529488377
11,14,2025-05-26,True,0.9415810901233491,0.9215056529488377
11,14,2025-05-29,True,0.9563930304520158,0.9215056529488377
11,14,2025-06-01,True,0.9609893444255976,0.9215056529488377
11,14,2025-06-04,True,0.9674030264734754,0.9215056529488377
11,14,2025-06-07,True,0.9603667327699801,0.9215056529488377
11,14,2025-06-10,True,0.9607002297896017,0.9215056529488377
11,14,2025-06-13,True,0.9479517095744486,0.9215056529488377
11,14,2025-06-16,True,0.9619795251512464,0.9215056529488377
11,14,2025-06-19,True,0.9593297481281071,0.9215056529488377
11,14,2025-06-22,True,0.9532284943416581,0.9215056529488377
11,14,2025-06-25,True,0.9513019926470826,0.9215056529488377
11,14,2025-06-28,True,0.9181055786223995,0.9215056529488377
11,14,2025-07-01,True,0.887249602831902,0.9215056529488377
11,14,2025-07-04,True,0.8657506142663829,0.9215056529488377
11,14,2025-07-07,True,0.7867381416788293,0.9215056529488377
11,14,2025-07-10,True,0.8031077580752636,0.9215056529488377
11,14,2025-07-13,True,0.8187112692870405,0.9215056529488377
11,14,2025-07-16,True,0.8215341635430908,0.9215056529488377
11,14,2025-07-19,True,0.8430486378175588,0.9215056529488377
11,14,2025-07-22,True,0.8707259035950468,0.9215056529488377
11,14,2025-07-25,True,0.8865118855658408,0.9215056529488377
11,14,2025-07-28,True,0.9417701031333202,0.9215056529488377
11,14,2025-07-31,True,0.9707330355192705,0.9215056529488377
11,14,2025-08-03,True,0.9819264457051923,0.9215056529488377
11,14,2025-08-06,True,0.9752042157470326,0.9215056529488377
11,14,2025-08-09,True,0.9637733472597463,0.9215056529488377
11,14,2025-08-12,True,0.9532967410868114,0.9215056529488377
11,14,2025-08-15,True,0.9447988682603965,0.9215056529488377
11,14,2025-08-18,True,0.9280323496570956,0.9215056529488377
11,14,2025-08-21,True,0.931631388628014,0.9215056529488377
11,14,2025-08-24,True,0.8982054049078815,0.9215056529488377
11,14,2025-08-27,True,0.8834664570664075,0.9215056529488377
11,14,2025-08-30,True,0.8966179678973915,0.9215056529488377
11,14,2025-09-02,True,0.8985860645742607,0.9215056529488377
11,14,2025-09-05,True,0.8479014372422538,0.9215056529488377
11,14,2025-09-08,True,0.8954590104019269,0.9215056529488377
11,14,2025-09-11,True,0.821936078751694,0.9215056529488377
11,14,2025-09-14,True,0.9039811429631082,0.9215056529488377
11,14,2025-09-17,True,0.9738129911108343,0.9215056529488377
11,14,2025-09-20,True,0.9661146941710225,0.9215056529488377
11,14,2025-09-23,True,0.966391733527539,0.9215056529488377
11,14,2025-09-26,True,0.9328939651658466,0.9215056529488377
11,14,2025-09-29,True,0.9187240736709459,0.9215056529488377
11,14,2025-10-02,True,0.9093100750039037,0.9215056529488377
11,14,2025-10-05,True,0.9181571764485211,0.9215056529488377
11,14,2025-10-08,True,0.9127699034854143,0.9215056529488377
11,14,2025-10-11,True,0.9680866463567511,0.9215056529488377
11,14,2025-10-14,True,0.9761861258769369,0.9215056529488377
11,14,2025-10-17,True,0.9811891569217029,0.9215056529488377
11,14,2025-10-20,True,0.9820759924334554,0.9215056529488377
11,14,2025-10-23,True,0.981705878991015,0.9215056529488377
11,14,2025-10-26,False,0.9729744501779777,0.9215056529488377
11,14,2025-10-29,False,0.9690335263925471,0.9215056529488377
11,14,2025-11-01,False,0.9700603477944152,0.9215056529488377
11,14,2025-11-04,False,0.9681258521371126,0.9215056529488377
11,14,2025-11-07,False,0.9630478689360313,0.9215056529488377
11,14,2025-11-10,False,0.9763190364822681,0.9215056529488377
11,14,2025-11-13,False,0.976424842169392,0.9215056529488377
11,14,2025-11-16,False,0.9656291364475,0.9215056529488377
11,14,2025-11-19,False,0.9587690479264347,0.9215056529488377
11,14,2025-11-22,False,0.9575452843968821,0.9215056529488377
11,14,2025-11-25,False,0.9382471709237948,0.9215056529488377
11,14,2025-11-28,False,0.9312323570851343,0.9215056529488377
11,14,2025-12-01,False,0.885288323054902,0.9215056529488377
11,14,2025-12-04,False,0.8994653193523171,0.9215056529488377
11,14,2025-12-07,False,0.8930049947499498,0.9215056529488377
11,14,2025-12-10,False,0.8900849351853409,0.9215056529488377
11,14,2025-12-13,False,0.8434492228947054,0.9215056529488377
11,14,2025-12-16,False,0.8725307793223598,0.9215056529488377
11,30,2023-01-01,False,0.7790785673586074,0.9215056529488377
11,30,2023-01-04,False,0.7507709303073445,0.9215056529488377
11,30,2023-01-07,False,0.7502822931163413,0.9215056529488377
11,30,2023-01-10,False,0.7655975333818212,0.9215056529488377
11,30,2023-01-13,False,0.7218360287107496,0.9215056529488377
11,30,2023-01-16,False,0.731651253885717,0.9215056529488377
11,30,2023-01-19,False,0.7419632333982532,0.9215056529488377
11,30,2023-01-22,False,0.722448505357196,0.9215056529488377
11,30,2023-01-25,False,0.7305783833671073,0.9215056529488377
11,30,2023-01-28,False,0.7458358124759057,0.9215056529488377
11,30,2023-01-31,False,0.7492498606202809,0.9215056529488377
11,30,2023-02-03,False,0.7331597439823206,0.9215056529488377
11,30,2023-02-06,False,0.761866807154289,0.9215056529488377
11,30,2023-02-09,False,0.756554806059644,0.9215056529488377
11,30,2023-02-12,False,0.7731126979467466,0.9215056529488377
11,30,2023-02-15,False,0.7668456564311934,0.9215056529488377
11,30,2023-02-18,False,0.7570368693256964,0.9215056529488377
11,30,2023-02-21,False,0.8290745416264359,0.9215056529488377
11,30,2023-02-24,False,0.8324335405090428,0.9215056529488377
11,30,2023-02-27,False,0.8448363648367765,0.9215056529488377
11,30,2023-03-02,False,0.8319331549129734,0.9215056529488377
11,30,2023-03-05,False,0.8648084452396778,0.9215056529488377
11,30,2023-03-08,False,0.8757931829397972,0.9215056529488377
11,30,2023-03-11,False,0.8622287276875298,0.9215056529488377
11,30,2023-03-14,False,0.8632884787480773,0.9215056529488377
11,30,2023-03-17,False,0.8644666745372128,0.9215056529488377
11,30,2023-03-20,False,0.8746080597725174,0.9215056529488377
11,30,2023-03-23,False,0.7497005038478122,0.9215056529488377
11,30,2023-03-26,False,0.7726957690126576,0.9215056529488377
11,30,2023-03-29,False,0.7645544644145554,0.9215056529488377
11,30,2023-04-01,False,0.7784523303985686,0.9215056529488377
11,30,2023-04-04,False,0.8237132419005484,0.9215056529488377
11,30,2023-04-07,False,0.7551334650478743,0.9215056529488377
11,30,2023-04-10,False,0.7476268994615003,0.9215056529488377
11,30,2023-04-13,False,0.869410071980869,0.9215056529488377
11,30,2023-04-16,False,0.8852098474882497,0.9215056529488377
11,30,2023-04-19,False,0.8732196246442445,0.9215056529488377
11,30,2023-04-22,False,0.9010114757475273,0.9215056529488377
11,30,2023-04-25,False,0.9040727422558502,0.9215056529488377
11,30,2023-04-28,False,0.8989172996056228,0.9215056529488377
11,30,2023-05-01,False,0.900503232880017,0.9215056529488377
11,30,2023-05-04,False,0.8863915102410775,0.9215056529488377
11,30,2023-05-07,False,0.8897690175287842,0.9215056529488377
11,30,2023-05-10,False,0.8961522338987667,0.9215056529488377
11,30,2023-05-13,False,0.8388125110840142,0.9215056529488377
11,30,2023-05-16,False,0.7378468910791818,0.9215056529488377
11,30,2023-05-19,True,0.9305755753710365,0.9215056529488377
11,30,2023-05-22,True,0.9905099445902854,0.9215056529488377
11,30,2023-05-25,True,0.9911543010076809,0.9215056529488377
11,30,2023-05-28,True,0.9912925647321147,0.9215056529488377
11,30,2023-05-31,True,0.9885888959759582,0.9215056529488377
11,30,2023-06-03,True,0.9870665524638425,0.9215056529488377
11,30,2023-06-06,True,0.9845713047184802,0.9215056529488377
11,30,2023-06-09,True,0.9837489432415356,0.9215056529488377
11,30,2023-06-12,True,0.9836620937300252,0.9215056529488377
11,30,2023-06-15,True,0.9838075058039936,0.9215056529488377
11,30,2023-06-18,True,0.9812483278435808,0.9215056529488377
11,30,2023-06-21,True,0.9326108731112239,0.9215056529488377
11,30,2023-06-24,True,0.8892809586822426,0.9215056529488377
11,30,2023-06-27,True,0.8748688139949039,0.9215056529488377
11,30,2023-06-30,True,0.8572510578244608,0.9215056529488377
11,30,2023-07-03,True,0.8604258050543055,0.9215056529488377
11,30,2023-07-06,True,0.8457588342265558,0.9215056529488377
11,30,2023-07-09,True,0.8080599558398114,0.9215056529488377
11,30,2023-07-12,True,0.8149193923460025,0.9215056529488377
11,30,2023-07-15,True,0.8314707630197755,0.9215056529488377
11,30,2023-07-18,True,0.8111348296682203,0.9215056529488377
11,30,2023-07-21,True,0.8350683260898896,0.9215056529488377
11,30,2023-07-24,True,0.8670424924809562,0.9215056529488377
11,30,2023-07-27,True,0.9041296713463759,0.9215056529488377
11,30,2023-07-30,True,0.914139881748839,0.9215056529488377
11,30,2023-08-02,True,0.927519312275175,0.9215056529488377
11,30,2023-08-05,True,0.9703493014279613,0.9215056529488377
11,30,2023-08-08,True,0.9715147578714004,0.9215056529488377
11,30,2023-08-11,True,0.9725496725511948,0.9215056529488377
11,30,2023-08-14,True,0.9600036951414624,0.9215056529488377
11,30,2023-08-17,True,0.9604955871866097,0.9215056529488377
11,30,2023-08-20,True,0.9547162885986091,0.9215056529488377
11,30,2023-08-23,True,0.9517658636010898,0.9215056529488377
11,30,2023-08-26,True,0.9517385441884865,0.9215056529488377
11,30,2023-08-29,True,0.9454497242423798,0.9215056529488377
11,30,2023-09-01,True,0.9219821348105769,0.9215056529488377
11,30,2023-09-04,True,0.9059325757812628,0.9215056529488377
11,30,2023-09-07,True,0.8200840121970097,0.9215056529488377
11,30,2023-09-10,True,0.7613006259002186,0.9215056529488377
11,30,2023-09-13,True,0.672877417301213,0.9215056529488377
11,30,2023-09-16,True,0.6489499058753871,0.9215056529488377
11,30,2023-09-19,True,0.6565762770578444,0.9215056529488377
11,30,2023-09-22,True,0.7628589471617746,0.9215056529488377
11,30,2023-09-25,True,0.7453032480931341,0.9215056529488377
11,30,2023-09-28,True,0.7212298488593454,0.9215056529488377
11,30,2023-10-01,True,0.7658217265089613,0.9215056529488377
11,30,2023-10-04,True,0.7926583909105269,0.9215056529488377
11,30,2023-10-07,True,0.8942415647947758,0.9215056529488377
11,30,2023-10-10,True,0.9001295067365523,0.9215056529488377
11,30,2023-10-13,True,0.9021811915009846,0.9215056529488377
11,30,2023-10-16,True,0.9045248906806806,0.9215056529488377
11,30,2023-10-19,False,0.9001400163015181,0.9215056529488377
11,30,2023-10-22,False,0.8641630614565872,0.9215056529488377
11,30,2023-10-25,False,0.9025111130940855,0.9215056529488377
11,30,2023-10-28,False,0.9267022022113987,0.9215056529488377
11,30,2023-10-31,False,0.9148066843746514,0.9215056529488377
11,30,2023-11-03,False,0.8866315801472106,0.9215056529488377
11,30,2023-11-06,False,0.8657575016896746,0.9215056529488377
11,30,2023-11-09,False,0.8495783247781915,0.9215056529488377
11,30,2023-11-12,False,0.7748002913642249,0.9215056529488377
11,30,2023-11-15,False,0.7797136961554665,0.9215056529488377
11,30,2023-11-18,False,0.7540348452759233,0.9215056529488377
11,30,2023-11-21,False,0.7562575649320581,0.9215056529488377
11,30,2023-11-24,False,0.6439570070847123,0.9215056529488377
11,30,2023-11-27,False,0.6125501664031022,0.9215056529488377
11,30,2023-11-30,False,0.616548735548445,0.9215056529488377
11,30,2023-12-03,False,0.6580389454258142,0.9215056529488377
11,30,2023-12-06,False,0.579098029001686,0.9215056529488377
11,30,2023-12-09,False,0.5601569588384605,0.9215056529488377
11,30,2023-12-12,False,0.6756970659386248,0.9215056529488377
11,30,2023-12-15,False,0.6396511216286442,0.9215056529488377
11,30,2023-12-18,False,0.6339409231038569,0.9215056529488377
11,30,2023-12-21,False,0.622307262398029,0.9215056529488377
11,30,2023-12-24,False,0.6748475238373441,0.9215056529488377
11,30,2023-12-27,False,0.7069050977505726,0.9215056529488377
11,30,2023-12-30,False,0.677416863831388,0.9215056529488377
11,30,2024-01-02,False,0.6473826230691455,0.9215056529488377
11,30,2024-01-05,False,0.6188151957989636,0.9215056529488377
11,30,2024-01-08,False,0.6183618220504312,0.9215056529488377
11,30,2024-01-11,False,0.5741278298625463,0.9215056529488377
11,30,2024-01-14,False,0.6588408911333754,0.9215056529488377
11,30,2024-01-17,False,0.6954938847518934,0.9215056529488377
11,30,2024-01-20,False,0.7473989360491222,0.9215056529488377
11,30,2024-01-23,False,0.6720555088271711,0.9215056529488377
11,30,2024-01-26,False,0.7009161049728727,0.9215056529488377
11,30,2024-01-29,False,0.6437428090838584,0.9215056529488377
11,30,2024-02-01,False,0.6493874120266754,0.9215056529488377
11,30,2024-02-04,False,0.6498664984999956,0.9215056529488377
11,30,2024-02-07,False,0.628503958885632,0.9215056529488377
11,30,2024-02-10,False,0.6604893164138546,0.9215056529488377
11,30,2024-02-13,False,0.6520587952941408,0.9215056529488377
11,30,2024-02-16,False,0.6048555335350506,0.9215056529488377
11,30,2024-02-19,False,0.6670639381453922,0.9215056529488377
11,30,2024-02-22,False,0.6962071040429244,0.9215056529488377
11,30,2024-02-25,False,0.6191866347084491,0.9215056529488377
11,30,2024-02-28,False,0.6606139172288954,0.9215056529488377
11,30,2024-03-02,False,0.6606233711567815,0.9215056529488377
11,30,2024-03-05,False,0.6563845875122106,0.9215056529488377
11,30,2024-03-08,False,0.6788392191844047,0.9215056529488377
11,30,2024-03-11,False,0.7167538472914581,0.9215056529488377
11,30,2024-03-14,False,0.7316896807469604,0.9215056529488377
11,30,2024-03-17,False,0.7578340258187888,0.9215056529488377
11,30,2024-03-20,False,0.7479952664640384,0.9215056529488377
11,30,2024-03-23,False,0.7589980805579639,0.9215056529488377
11,30,2024-03-26,False,0.8984363403136713,0.9215056529488377
11,30,2024-03-29,False,0.9126716972695407,0.9215056529488377
11,30,2024-04-01,False,0.9105470124232034,0.9215056529488377
11,30,2024-04-04,False,0.9246374146508198,0.9215056529488377
11,30,2024-04-07,False,0.9067682095000515,0.9215056529488377
11,30,2024-04-10,False,0.9035703863790414,0.9215056529488377
11,30,2024-04-13,False,0.902294150203331,0.9215056529488377
11,30,2024-04-16,False,0.9261924242863077,0.9215056529488377
11,30,2024-04-19,False,0.9301855460890252,0.9215056529488377
11,30,2024-04-22,False,0.9221510116082764,0.9215056529488377
11,30,2024-04-25,False,0.9244304002790882,0.9215056529488377
11,30,2024-04-28,False,0.961740126659948,0.9215056529488377
11,30,2024-05-01,False,0.949159162875612,0.9215056529488377
11,30,2024-05-04,False,0.9521902835987812,0.9215056529488377
11,30,2024-05-07,False,0.9657581451277333,0.9215056529488377
11,30,2024-05-10,False,0.9694826746687661,0.9215056529488377
11,30,2024-05-13,False,0.9703170280041724,0.9215056529488377
11,30,2024-05-16,False,0.9703641380188477,0.9215056529488377
11,30,2024-05-19,True,0.9705941739278527,0.9215056529488377
11,30,2024-05-22,True,0.9767620130216406,0.9215056529488377
11,30,2024-05-25,True,0.9779345593105182,0.9215056529488377
11,30,2024-05-28,True,0.9773108280833411,0.9215056529488377
11,30,2024-05-31,True,0.9866056305251476,0.9215056529488377
11,30,2024-06-03,True,0.9870169433446075,0.9215056529488377
11,30,2024-06-06,True,0.9875494916087941,0.9215056529488377
11,30,2024-06-09,True,0.983814333949517,0.9215056529488377
11,30,2024-06-12,True,0.9823419472904007,0.9215056529488377
11,30,2024-06-15,True,0.9752582266895138,0.9215056529488377
11,30,2024-06-18,True,0.9724251196516318,0.9215056529488377
11,30,2024-06-21,True,0.9598601433503259,0.9215056529488377
11,30,2024-06-24,True,0.9572176739197078,0.9215056529488377
11,30,2024-06-27,True,0.9512368508145903,0.9215056529488377
11,30,2024-06-30,True,0.9570908333166044,0.9215056529488377
11,30,2024-07-03,True,0.9587823530475013,0.9215056529488377
11,30,2024-07-06,True,0.845810981089217,0.9215056529488377
11,30,2024-07-09,True,0.8290519602227036,0.9215056529488377
11,30,2024-07-12,True,0.859726867316649,0.9215056529488377
11,30,2024-07-15,True,0.9084370676312199,0.9215056529488377
11,30,2024-07-18,True,0.9164010876749683,0.9215056529488377
11,30,2024-07-21,True,0.9022011204655553,0.9215056529488377
11,30,2024-07-24,True,0.8935632530560651,0.9215056529488377
11,30,2024-07-27,True,0.9059952329340494,0.9215056529488377
11,30,2024-07-30,True,0.9114348814568122,0.9215056529488377
11,30,2024-08-02,True,0.8914757580766397,0.9215056529488377
11,30,2024-08-05,True,0.9048390555684889,0.9215056529488377
11,30,2024-08-08,True,0.908256310133967,0.9215056529488377
11,30,2024-08-11,True,0.8883063086169338,0.9215056529488377
11,30,2024-08-14,True,0.8914720487477233,0.9215056529488377
11,30,2024-08-17,True,0.8835687825679182,0.9215056529488377
11,30,2024-08-20,True,0.8920865583904811,0.9215056529488377
11,30,2024-08-23,True,0.8916567643148156,0.9215056529488377
11,30,2024-08-26,True,0.8786143051461563,0.9215056529488377
11,30,2024-08-29,True,0.8677669153748463,0.9215056529488377
11,30,2024-09-01,True,0.8667938627711299,0.9215056529488377
11,30,2024-09-04,True,0.8691922431381383,0.9215056529488377
11,30,2024-09-07,True,0.8750772030546078,0.9215056529488377
11,30,2024-09-10,True,0.8820178842695421,0.9215056529488377
11,30,2024-09-13,True,0.8723672936854592,0.9215056529488377
11,30,2024-09-16,True,0.8681118747071406,0.9215056529488377
11,30,2024-09-19,True,0.8670287240780415,0.9215056529488377
11,30,2024-09-22,True,0.8761027337517562,0.9215056529488377
11,30,2024-09-25,True,0.8726386918664621,0.9215056529488377
11,30,2024-09-28,True,0.8746491481615504,0.9215056529488377
11,30,2024-10-01,True,0.892014035108259,0.9215056529488377
11,30,2024-10-04,True,0.8969052229297738,0.9215056529488377
11,30,2024-10-07,True,0.8960891230907784,0.9215056529488377
11,30,2024-10-10,True,0.8998382273140878,0.9215056529488377
11,30,2024-10-13,True,0.9055550319060645,0.9215056529488377
11,30,2024-10-16,True,0.9161032108919669,0.9215056529488377
11,30,2024-10-19,False,0.9194066283993206,0.9215056529488377
11,30,2024-10-22,False,0.9227529716743613,0.9215056529488377
11,30,2024-10-25,False,0.9499141710817165,0.9215056529488377
11,30,2024-10-28,False,0.9621332533400317,0.9215056529488377
11,30,2024-10-31,False,0.9572494031176451,0.9215056529488377
11,30,2024-11-03,False,0.9521736513654231,0.9215056529488377
11,30,2024-11-06,False,0.9542461540712296,0.9215056529488377
11,30,2024-11-09,False,0.9498993954540204,0.9215056529488377
11,30,2024-11-12,False,0.9470947189998821,0.9215056529488377
11,30,2024-11-15,False,0.9312144202292637,0.9215056529488377
11,30,2024-11-18,False,0.9055300841391304,0.9215056529488377
11,30,2024-11-21,False,0.8962844215144383,0.9215056529488377
11,30,2024-11-24,False,0.8545694048537129,0.9215056529488377
11,30,2024-11-27,False,0.8318504079062756,0.9215056529488377
11,30,2024-11-30,False,0.8282935586654037,0.9215056529488377
11,30,2024-12-03,False,0.8330237393567075,0.9215056529488377
11,30,2024-12-06,False,0.8138259394026861,0.9215056529488377
11,30,2024-12-09,False,0.7825202192061174,0.9215056529488377
11,30,2024-12-12,False,0.7840961465894623,0.9215056529488377
11,30,2024-12-15,False,0.7943976925110081,0.9215056529488377
11,30,2024-12-18,False,0.7939214622762869,0.9215056529488377
11,30,2024-12-21,False,0.7563899265988204,0.9215056529488377
11,30,2024-12-24,False,0.7264761584412773,0.9215056529488377
11,30,2024-12-27,False,0.7332029147798065,0.9215056529488377
11,30,2024-12-30,False,0.7169919400489704,0.9215056529488377
11,30,2025-01-02,False,0.7180952647153038,0.9215056529488377
11,30,2025-01-05,False,0.7178787170220642,0.9215056529488377
11,30,2025-01-08,False,0.7493610195019513,0.9215056529488377
11,30,2025-01-11,False,0.7064312044265617,0.9215056529488377
11,30,2025-01-14,False,0.6909322887225366,0.9215056529488377
11,30,2025-01-17,False,0.6969584177368909,0.9215056529488377
11,30,2025-01-20,False,0.71490744276835,0.9215056529488377
11,30,2025-01-23,False,0.7038190941818938,0.9215056529488377
11,30,2025-01-26,False,0.6744981304506202,0.9215056529488377
11,30,2025-01-29,False,0.7088700538474375,0.9215056529488377
11,30,2025-02-01,False,0.7553409737849228,0.9215056529488377
11,30,2025-02-04,False,0.7286316357283158,0.9215056529488377
11,30,2025-02-07,False,0.7492994893004855,0.9215056529488377
11,30,2025-02-10,False,0.7621571119300254,0.9215056529488377
11,30,2025-02-13,False,0.7626145833606001,0.9215056529488377
11,30,2025-02-16,False,0.7754812662742708,0.9215056529488377
11,30,2025-02-19,False,0.7765414105333674,0.9215056529488377
11,30,2025-02-22,False,0.7738766888191555,0.9215056529488377
11,30,2025-02-25,False,0.7924145453051707,0.9215056529488377
11,30,2025-02-28,False,0.8185262040255714,0.9215056529488377
11,30,2025-03-03,False,0.806385141484894,0.9215056529488377
11,30,2025-03-06,False,0.8310968526495117,0.9215056529488377
11,30,2025-03-09,False,0.814886815929238,0.9215056529488377
11,30,2025-03-12,False,0.8196852381573342,0.9215056529488377
11,30,2025-03-15,False,0.8390360452209275,0.9215056529488377
11,30,2025-03-18,False,0.833164377169418,0.9215056529488377
11,30,2025-03-21,False,0.8287367470661549,0.9215056529488377
11,30,2025-03-24,False,0.839873321266335,0.9215056529488377
11,30,2025-03-27,False,0.8433133348801602,0.9215056529488377
11,30,2025-03-30,False,0.8604719672073846,0.9215056529488377
11,30,2025-04-02,False,0.9144243153409927,0.9215056529488377
11,30,2025-04-05,False,0.9373638072380568,0.9215056529488377
11,30,2025-04-08,False,0.9475023152715275,0.9215056529488377
11,30,2025-04-11,False,0.9478864663947446,0.9215056529488377
11,30,2025-04-14,False,0.9478167641416576,0.9215056529488377
11,30,2025-04-17,False,0.9486860722662533,0.9215056529488377
11,30,2025-04-20,False,0.9521733795346705,0.9215056529488377
11,30,2025-04-23,False,0.9513333748497933,0.9215056529488377
11,30,2025-04-26,False,0.9478544962697327,0.9215056529488377
11,30,2025-04-29,False,0.9396535940552505,0.9215056529488377
11,30,2025-05-02,False,0.9338837797050622,0.9215056529488377
11,30,2025-05-05,False,0.9130916723134201,0.9215056529488377
11,30,2025-05-08,False,0.9399931454247876,0.9215056529488377
11,30,2025-05-11,False,0.9407200142251749,0.9215056529488377
11,30,2025-05-14,False,0.9470617424355507,0.9215056529488377
11,30,2025-05-17,True,0.9452915555406174,0.9215056529488377
11,30,2025-05-20,True,0.9452450910559661,0.9215056529488377
11,30,2025-05-23,True,0.9439346842094901,0.9215056529488377
11,30,2025-05-26,True,0.9475910567794216,0.9215056529488377
11,30,2025-05-29,True,0.9551344230369526,0.9215056529488377
11,30,2025-06-01,True,0.9602128360886721,0.9215056529488377
11,30,2025-06-04,True,0.9655538529205663,0.9215056529488377
11,30,2025-06-07,True,0.9561567104658035,0.9215056529488377
11,30,2025-06-10,True,0.9558344114612631,0.9215056529488377
11,30,2025-06-13,True,0.9407840457036819,0.9215056529488377
11,30,2025-06-16,True,0.9450682051663437,0.9215056529488377
11,30,2025-06-19,True,0.9344633491868476,0.9215056529488377
11,30,2025-06-22,True,0.9320813129205101,0.9215056529488377
11,30,2025-06-25,True,0.9312839736704525,0.9215056529488377
11,30,2025-06-28,True,0.883346100903915,0.9215056529488377
11,30,2025-07-01,True,0.8537392330501363,0.9215056529488377
11,30,2025-07-04,True,0.8408465832790663,0.9215056529488377
11,30,2025-07-07,True,0.8449697778296731,0.9215056529488377
11,30,2025-07-10,True,0.8694286016546313,0.9215056529488377
11,30,2025-07-13,True,0.8867033171633514,0.9215056529488377
11,30,2025-07-16,True,0.8989281751425666,0.9215056529488377
11,30,2025-07-19,True,0.9234849477900375,0.9215056529488377
11,30,2025-07-22,True,0.9376428561618904,0.9215056529488377
11,30,2025-07-25,True,0.9386338603930106,0.9215056529488377
11,30,2025-07-28,True,0.9504861778185918,0.9215056529488377
11,30,2025-07-31,True,0.9547684428942282,0.9215056529488377
11,30,2025-08-03,True,0.9593120405634237,0.9215056529488377
11,30,2025-08-06,True,0.9580809902193141,0.9215056529488377
11,30,2025-08-09,True,0.9440917495923519,0.9215056529488377
11,30,2025-08-12,True,0.9367273200404457,0.9215056529488377
11,30,2025-08-15,True,0.9265369943460504,0.9215056529488377
11,30,2025-08-18,True,0.9198868867475176,0.9215056529488377
11,30,2025-08-21,True,0.9217584664032505,0.9215056529488377
11,30,2025-08-24,True,0.897551972189011,0.9215056529488377
11,30,2025-08-27,True,0.8654685118659714,0.9215056529488377
11,30,2025-08-30,True,0.9201636986450122,0.9215056529488377
11,30,2025-09-02,True,0.9566409042708528,0.9215056529488377
11,30,2025-09-05,True,0.9527058133620714,0.9215056529488377
11,30,2025-09-08,True,0.9610790134106194,0.9215056529488377
11,30,2025-09-11,True,0.924683708532624,0.9215056529488377
11,30,2025-09-14,True,0.9253643516648604,0.9215056529488377
11,30,2025-09-17,True,0.9363101416356372,0.9215056529488377
11,30,2025-09-20,True,0.9369067575414367,0.9215056529488377
11,30,2025-09-23,True,0.9407033347003841,0.9215056529488377
11,30,2025-09-26,True,0.9488159732962862,0.9215056529488377
11,30,2025-09-29,True,0.9481948369738049,0.9215056529488377
11,30,2025-10-02,True,0.9414218086597572,0.9215056529488377
11,30,2025-10-05,True,0.9472461274465066,0.9215056529488377
11,30,2025-10-08,True,0.9491692533445442,0.9215056529488377
11,30,2025-10-11,True,0.9695685639222561,0.9215056529488377
11,30,2025-10-14,True,0.9741958958713312,0.9215056529488377
11,30,2025-10-17,False,0.975642519273054,0.9215056529488377
11,30,2025-10-20,False,0.9759477196722862,0.9215056529488377
11,30,2025-10-23,False,0.9746407900368861,0.9215056529488377
11,30,2025-10-26,False,0.9727915528297075,0.9215056529488377
11,30,2025-10-29,False,0.971419401564475,0.9215056529488377
11,30,2025-11-01,False,0.9698834561410099,0.9215056529488377
11,30,2025-11-04,False,0.9658301620310857,0.9215056529488377
11,30,2025-11-07,False,0.9623172039615977,0.9215056529488377
11,30,2025-11-10,False,0.9684239221372525,0.9215056529488377
11,30,2025-11-13,False,0.9604893436403561,0.9215056529488377
11,30,2025-11-16,False,0.9426471767839792,0.9215056529488377
11,30,2025-11-19,False,0.9360817985546864,0.9215056529488377
11,30,2025-11-22,False,0.9340265723284923,0.9215056529488377
11,30,2025-11-25,False,0.913458985392153,0.9215056529488377
11,30,2025-11-28,False,0.8939144509449124,0.9215056529488377
11,30,2025-12-01,False,0.8871612362356143,0.9215056529488377
11,60,2023-01-01,False,0.759737186908684,0.9215056529488377
11,60,2023-01-04,False,0.7385498954033092,0.9215056529488377
11,60,2023-01-07,False,0.7583667240952046,0.9215056529488377
11,60,2023-01-10,False,0.7594241804857418,0.9215056529488377
11,60,2023-01-13,False,0.7572479401323695,0.9215056529488377
11,60,2023-01-16,False,0.7541688191703565,0.9215056529488377
11,60,2023-01-19,False,0.7518370810193904,0.9215056529488377
11,60,2023-01-22,False,0.7954360696681573,0.9215056529488377
11,60,2023-01-25,False,0.797576442287136,0.9215056529488377
11,60,2023-01-28,False,0.8003058374999545,0.9215056529488377
11,60,2023-01-31,False,0.7934160923542657,0.9215056529488377
11,60,2023-02-03,False,0.8010854306246841,0.9215056529488377
11,60,2023-02-06,False,0.8227412731054207,0.9215056529488377
11,60,2023-02-09,False,0.8141776538298152,0.9215056529488377
11,60,2023-02-12,False,0.8215004991665911,0.9215056529488377
11,60,2023-02-15,False,0.8209200439114884,0.9215056529488377
11,60,2023-02-18,False,0.821057256090411,0.9215056529488377
11,60,2023-02-21,False,0.804548151894525,0.9215056529488377
11,60,2023-02-24,False,0.8122778170371245,0.9215056529488377
11,60,2023-02-27,False,0.8155992639003231,0.9215056529488377
11,60,2023-03-02,False,0.8112423796493207,0.9215056529488377
11,60,2023-03-05,False,0.847100608941699,0.9215056529488377
11,60,2023-03-08,False,0.8349368860586714,0.9215056529488377
11,60,2023-03-11,False,0.8251836220397478,0.9215056529488377
11,60,2023-03-14,False,0.8668882139620193,0.9215056529488377
11,60,2023-03-17,False,0.8775517120107245,0.9215056529488377
11,60,2023-03-20,False,0.8737265304570819,0.9215056529488377
11,60,2023-03-23,False,0.8647468626475956,0.9215056529488377
11,60,2023-03-26,False,0.8708781336552386,0.9215056529488377
11,60,2023-03-29,False,0.8660536624268553,0.9215056529488377
11,60,2023-04-01,False,0.8702230028830956,0.9215056529488377
11,60,2023-04-04,False,0.8669115023981004,0.9215056529488377
11,60,2023-04-07,False,0.8547665778175029,0.9215056529488377
11,60,2023-04-10,False,0.8591629680006511,0.9215056529488377
11,60,2023-04-13,False,0.8609946934351633,0.9215056529488377
11,60,2023-04-16,False,0.8623440370188521,0.9215056529488377
11,60,2023-04-19,False,0.893917641645652,0.9215056529488377
11,60,2023-04-22,False,0.9757666461881758,0.9215056529488377
11,60,2023-04-25,False,0.9783890722123506,0.9215056529488377
11,60,2023-04-28,False,0.9778596615949706,0.9215056529488377
11,60,2023-05-01,False,0.9761178870314712,0.9215056529488377
11,60,2023-05-04,True,0.9744246693783185,0.9215056529488377
11,60,2023-05-07,True,0.9731528268760741,0.9215056529488377
11,60,2023-05-10,True,0.9734448517371748,0.9215056529488377
11,60,2023-05-13,True,0.9768145036750827,0.9215056529488377
11,60,2023-05-16,True,0.9770517954019358,0.9215056529488377
11,60,2023-05-19,True,0.9771060849990898,0.9215056529488377
11,60,2023-05-22,True,0.9748341841689959,0.9215056529488377
11,60,2023-05-25,True,0.9728052801856388,0.9215056529488377
11,60,2023-05-28,True,0.9702302807528989,0.9215056529488377
11,60,2023-05-31,True,0.9696588728424902,0.9215056529488377
11,60,2023-06-03,True,0.969760213102811,0.9215056529488377
11,60,2023-06-06,True,0.9656440815272033,0.9215056529488377
11,60,2023-06-09,True,0.9662279001930785,0.9215056529488377
11,60,2023-06-12,True,0.9664914876260936,0.9215056529488377
11,60,2023-06-15,True,0.9673352943533342,0.9215056529488377
11,60,2023-06-18,True,0.9655708767545061,0.9215056529488377
11,60,2023-06-21,True,0.9084921750711773,0.9215056529488377
11,60,2023-06-24,True,0.8820081212378734,0.9215056529488377
11,60,2023-06-27,True,0.8843753220464999,0.9215056529488377
11,60,2023-06-30,True,0.8798568799628321,0.9215056529488377
11,60,2023-07-03,True,0.8904225556255585,0.9215056529488377
11,60,2023-07-06,True,0.8948455123793778,0.9215056529488377
11,60,2023-07-09,True,0.9009740037591389,0.9215056529488377
11,60,2023-07-12,True,0.9176056323730667,0.9215056529488377
11,60,2023-07-15,True,0.9176657003563728,0.9215056529488377
11,60,2023-07-18,True,0.9176728040705925,0.9215056529488377
11,60,2023-07-21,True,0.9227824449125286,0.9215056529488377
11,60,2023-07-24,True,0.9285723271205647,0.9215056529488377
11,60,2023-07-27,True,0.9386929094323254,0.9215056529488377
11,60,2023-07-30,True,0.9372118581910933,0.9215056529488377
11,60,2023-08-02,True,0.9236633584719605,0.9215056529488377
11,60,2023-08-05,True,0.9230404248062627,0.9215056529488377
11,60,2023-08-08,True,0.878812200614634,0.9215056529488377
11,60,2023-08-11,True,0.8772233708712964,0.9215056529488377
11,60,2023-08-14,True,0.869751442729798,0.9215056529488377
11,60,2023-08-17,True,0.8659153481664144,0.9215056529488377
11,60,2023-08-20,True,0.8696633020774085,0.9215056529488377
11,60,2023-08-23,True,0.8804133050445131,0.9215056529488377
11,60,2023-08-26,True,0.868185742515029,0.9215056529488377
11,60,2023-08-29,True,0.862739937081008,0.9215056529488377
11,60,2023-09-01,True,0.860980300179505,0.9215056529488377
11,60,2023-09-04,True,0.8608172447972074,0.9215056529488377
11,60,2023-09-07,True,0.8540135730568952,0.9215056529488377
11,60,2023-09-10,True,0.8342834810036276,0.9215056529488377
11,60,2023-09-13,True,0.8183316427092646,0.9215056529488377
11,60,2023-09-16,True,0.8150249210870149,0.9215056529488377
11,60,2023-09-19,True,0.8159006782677646,0.9215056529488377
11,60,2023-09-22,True,0.8147788150363507,0.9215056529488377
11,60,2023-09-25,True,0.8173891077981204,0.9215056529488377
11,60,2023-09-28,True,0.7976173295764095,0.9215056529488377
11,60,2023-10-01,True,0.8151681782326936,0.9215056529488377
11,60,2023-10-04,False,0.8200121961149033,0.9215056529488377
11,60,2023-10-07,False,0.8872006370159843,0.9215056529488377
11,60,2023-10-10,False,0.8890251940621864,0.9215056529488377
11,60,2023-10-13,False,0.8753988627317818,0.9215056529488377
11,60,2023-10-16,False,0.8794025584822163,0.9215056529488377
11,60,2023-10-19,False,0.8732623548112858,0.9215056529488377
11,60,2023-10-22,False,0.8446653709127774,0.9215056529488377
11,60,2023-10-25,False,0.8647618342269796,0.9215056529488377
11,60,2023-10-28,False,0.8644039908253986,0.9215056529488377
11,60,2023-10-31,False,0.8451915265691876,0.9215056529488377
11,60,2023-11-03,False,0.8243258953352007,0.9215056529488377
11,60,2023-11-06,False,0.7918273646961489,0.9215056529488377
11,60,2023-11-09,False,0.7650859582699798,0.9215056529488377
11,60,2023-11-12,False,0.7483216804472476,0.9215056529488377
11,60,2023-11-15,False,0.739994458603084,0.9215056529488377
11,60,2023-11-18,False,0.716534252720278,0.9215056529488377
11,60,2023-11-21,False,0.7050626610319732,0.9215056529488377
11,60,2023-11-24,False,0.6599271043378934,0.9215056529488377
11,60,2023-11-27,False,0.6611084359502151,0.9215056529488377
11,60,2023-11-30,False,0.6447354783077552,0.9215056529488377
11,60,2023-12-03,False,0.6537256720909721,0.9215056529488377
11,60,2023-12-06,False,0.5965711039421421,0.9215056529488377
11,60,2023-12-09,False,0.5876920105762924,0.9215056529488377
11,60,2023-12-12,False,0.6226501530878311,0.9215056529488377
11,60,2023-12-15,False,0.650407835963269,0.9215056529488377
11,60,2023-12-18,False,0.6698664703237198,0.9215056529488377
11,60,2023-12-21,False,0.6960792750640584,0.9215056529488377
11,60,2023-12-24,False,0.673322173783863,0.9215056529488377
11,60,2023-12-27,False,0.7035405649439936,0.9215056529488377
11,60,2023-12-30,False,0.6562022093404443,0.9215056529488377
11,60,2024-01-02,False,0.6487423379772493,0.9215056529488377
11,60,2024-01-05,False,0.6405212825323425,0.9215056529488377
11,60,2024-01-08,False,0.6249520251879594,0.9215056529488377
11,60,2024-01-11,False,0.6336248100758447,0.9215056529488377
11,60,2024-01-14,False,0.6544970356831152,0.9215056529488377
11,60,2024-01-17,False,0.6383141171425605,0.9215056529488377
11,60,2024-01-20,False,0.695710526545172,0.9215056529488377
11,60,2024-01-23,False,0.6885020242259583,0.9215056529488377
11,60,2024-01-26,False,0.641849701552659,0.9215056529488377
11,60,2024-01-29,False,0.6553703069026136,0.9215056529488377
11,60,2024-02-01,False,0.6570427418885412,0.9215056529488377
11,60,2024-02-04,False,0.6542668552190555,0.9215056529488377
11,60,2024-02-07,False,0.66376114568209,0.9215056529488377
11,60,2024-02-10,False,0.6973726982746076,0.9215056529488377
11,60,2024-02-13,False,0.7053494058833417,0.9215056529488377
11,60,2024-02-16,False,0.7036006157082124,0.9215056529488377
11,60,2024-02-19,False,0.7163098879241911,0.9215056529488377
11,60,2024-02-22,False,0.7287357041125553,0.9215056529488377
11,60,2024-02-25,False,0.7229719531018339,0.9215056529488377
11,60,2024-02-28,False,0.7568642996072481,0.9215056529488377
11,60,2024-03-02,False,0.7566877707685625,0.9215056529488377
11,60,2024-03-05,False,0.8005408484592336,0.9215056529488377
11,60,2024-03-08,False,0.7984135647444677,0.9215056529488377
11,60,2024-03-11,False,0.811511204634713,0.9215056529488377
11,60,2024-03-14,False,0.818708654610223,0.9215056529488377
11,60,2024-03-17,False,0.8592819596074894,0.9215056529488377
11,60,2024-03-20,False,0.8578092843902971,0.9215056529488377
11,60,2024-03-23,False,0.8641531258196271,0.9215056529488377
11,60,2024-03-26,False,0.9175459779192413,0.9215056529488377
11,60,2024-03-29,False,0.9563961016014016,0.9215056529488377
11,60,2024-04-01,False,0.9453575549236939,0.9215056529488377
11,60,2024-04-04,False,0.9475971703758028,0.9215056529488377
11,60,2024-04-07,False,0.9582804799679229,0.9215056529488377
11,60,2024-04-10,False,0.9622257794513783,0.9215056529488377
11,60,2024-04-13,False,0.9624549340239017,0.9215056529488377
11,60,2024-04-16,False,0.9633734447202089,0.9215056529488377
11,60,2024-04-19,False,0.9642857281489392,0.9215056529488377
11,60,2024-04-22,False,0.9696852655710625,0.9215056529488377
11,60,2024-04-25,False,0.9707566427506109,0.9215056529488377
11,60,2024-04-28,False,0.971002679437373,0.9215056529488377
11,60,2024-05-01,False,0.9697103603552415,0.9215056529488377
11,60,2024-05-04,True,0.9708428179422883,0.9215056529488377
11,60,2024-05-07,True,0.9759912035722514,0.9215056529488377
11,60,2024-05-10,True,0.9753962405394017,0.9215056529488377
11,60,2024-05-13,True,0.9752705750601437,0.9215056529488377
11,60,2024-05-16,True,0.972397270593137,0.9215056529488377
11,60,2024-05-19,True,0.9713303525773747,0.9215056529488377
11,60,2024-05-22,True,0.9722538102148963,0.9215056529488377
11,60,2024-05-25,True,0.9730658631892843,0.9215056529488377
11,60,2024-05-28,True,0.969516315032753,0.9215056529488377
11,60,2024-05-31,True,0.9773055815832755,0.9215056529488377
11,60,2024-06-03,True,0.9778650416620973,0.9215056529488377
11,60,2024-06-06,True,0.9717565302306764,0.9215056529488377
11,60,2024-06-09,True,0.9675279089365991,0.9215056529488377
11,60,2024-06-12,True,0.9669681515111059,0.9215056529488377
11,60,2024-06-15,True,0.9664270170631727,0.9215056529488377
11,60,2024-06-18,True,0.9651821373244307,0.9215056529488377
11,60,2024-06-21,True,0.9495525372746896,0.9215056529488377
11,60,2024-06-24,True,0.9457092091089153,0.9215056529488377
11,60,2024-06-27,True,0.9429730833037797,0.9215056529488377
11,60,2024-06-30,True,0.947664028867856,0.9215056529488377
11,60,2024-07-03,True,0.946527615602395,0.9215056529488377
11,60,2024-07-06,True,0.8720303640083145,0.9215056529488377
11,60,2024-07-09,True,0.8679378167682851,0.9215056529488377
11,60,2024-07-12,True,0.8707144038165513,0.9215056529488377
11,60,2024-07-15,True,0.9019988429649329,0.9215056529488377
11,60,2024-07-18,True,0.9003680509670341,0.9215056529488377
11,60,2024-07-21,True,0.8967343429877318,0.9215056529488377
11,60,2024-07-24,True,0.8924421539426666,0.9215056529488377
11,60,2024-07-27,True,0.8892690340372309,0.9215056529488377
11,60,2024-07-30,True,0.8867343104040165,0.9215056529488377
11,60,2024-08-02,True,0.8763579743331614,0.9215056529488377
11,60,2024-08-05,True,0.882481195949296,0.9215056529488377
11,60,2024-08-08,True,0.8870347719944376,0.9215056529488377
11,60,2024-08-11,True,0.8838585197195479,0.9215056529488377
11,60,2024-08-14,True,0.8784497219959703,0.9215056529488377
11,60,2024-08-17,True,0.8747175436156579,0.9215056529488377
11,60,2024-08-20,True,0.8795529505127502,0.9215056529488377
11,60,2024-08-23,True,0.8833743561876384,0.9215056529488377
11,60,2024-08-26,True,0.8753220086576625,0.9215056529488377
11,60,2024-08-29,True,0.8717687063877199,0.9215056529488377
11,60,2024-09-01,True,0.8818917425575011,0.9215056529488377
11,60,2024-09-04,True,0.8856283237266668,0.9215056529488377
11,60,2024-09-07,True,0.8872104019927876,0.9215056529488377
11,60,2024-09-10,True,0.8921035686167094,0.9215056529488377
11,60,2024-09-13,True,0.8926407420093969,0.9215056529488377
11,60,2024-09-16,True,0.8979476290257113,0.9215056529488377
11,60,2024-09-19,True,0.9005296712444167,0.9215056529488377
11,60,2024-09-22,True,0.9016855349157842,0.9215056529488377
11,60,2024-09-25,True,0.9094142435282522,0.9215056529488377
11,60,2024-09-28,True,0.9125684725283281,0.9215056529488377
11,60,2024-10-01,True,0.9155873947063056,0.9215056529488377
11,60,2024-10-04,False,0.9154853578522054,0.9215056529488377
11,60,2024-10-07,False,0.9158084606177128,0.9215056529488377
11,60,2024-10-10,False,0.9162566788368424,0.9215056529488377
11,60,2024-10-13,False,0.9165652629997874,0.9215056529488377
11,60,2024-10-16,False,0.920011756840776,0.9215056529488377
11,60,2024-10-19,False,0.9158472012419561,0.9215056529488377
11,60,2024-10-22,False,0.9155834008508751,0.9215056529488377
11,60,2024-10-25,False,0.9203664320270317,0.9215056529488377
11,60,2024-10-28,False,0.9251864950993498,0.9215056529488377
11,60,2024-10-31,False,0.9148420002884695,0.9215056529488377
11,60,2024-11-03,False,0.9094583108299792,0.9215056529488377
11,60,2024-11-06,False,0.9065503493123053,0.9215056529488377
11,60,2024-11-09,False,0.8984762848399105,0.9215056529488377
11,60,2024-11-12,False,0.8828181259295453,0.9215056529488377
11,60,2024-11-15,False,0.8766615259732196,0.9215056529488377
11,60,2024-11-18,False,0.8586244053548169,0.9215056529488377
11,60,2024-11-21,False,0.8336125192602648,0.9215056529488377
11,60,2024-11-24,False,0.8105712169996951,0.9215056529488377
11,60,2024-11-27,False,0.7912471366474856,0.9215056529488377
11,60,2024-11-30,False,0.7840258694429586,0.9215056529488377
11,60,2024-12-03,False,0.7819444172938614,0.9215056529488377
11,60,2024-12-06,False,0.7686939706870626,0.9215056529488377
11,60,2024-12-09,False,0.763425189703383,0.9215056529488377
11,60,2024-12-12,False,0.7428328478972795,0.9215056529488377
11,60,2024-12-15,False,0.7357964123913673,0.9215056529488377
11,60,2024-12-18,False,0.7402233428022497,0.9215056529488377
11,60,2024-12-21,False,0.7334775524563779,0.9215056529488377
11,60,2024-12-24,False,0.7113038525946762,0.9215056529488377
11,60,2024-12-27,False,0.6957574762159222,0.9215056529488377
11,60,2024-12-30,False,0.7114425969881946,0.9215056529488377
11,60,2025-01-02,False,0.7429100418071992,0.9215056529488377
11,60,2025-01-05,False,0.7254129128339833,0.9215056529488377
11,60,2025-01-08,False,0.7493206991591945,0.9215056529488377
11,60,2025-01-11,False,0.7419012815259293,0.9215056529488377
11,60,2025-01-14,False,0.740217659803068,0.9215056529488377
11,60,2025-01-17,False,0.751178147467075,0.9215056529488377
11,60,2025-01-20,False,0.757370979088061,0.9215056529488377
11,60,2025-01-23,False,0.751589328793463,0.9215056529488377
11,60,2025-01-26,False,0.758353709855198,0.9215056529488377
11,60,2025-01-29,False,0.7952813579653493,0.9215056529488377
11,60,2025-02-01,False,0.7934367533366944,0.9215056529488377
11,60,2025-02-04,False,0.801814457400045,0.9215056529488377
11,60,2025-02-07,False,0.7953304121445004,0.9215056529488377
11,60,2025-02-10,False,0.8039319120209294,0.9215056529488377
11,60,2025-02-13,False,0.8106424387095635,0.9215056529488377
11,60,2025-02-16,False,0.8112242177786764,0.9215056529488377
11,60,2025-02-19,False,0.8086250064521653,0.9215056529488377
11,60,2025-02-22,False,0.8120885814962098,0.9215056529488377
11,60,2025-02-25,False,0.8212968101671518,0.9215056529488377
11,60,2025-02-28,False,0.829381885694104,0.9215056529488377
11,60,2025-03-03,False,0.8653357471171448,0.9215056529488377
11,60,2025-03-06,False,0.8949884841447453,0.9215056529488377
11,60,2025-03-09,False,0.9003030510619411,0.9215056529488377
11,60,2025-03-12,False,0.9028832964289736,0.9215056529488377
11,60,2025-03-15,False,0.9126116940573921,0.9215056529488377
11,60,2025-03-18,False,0.9125348632835633,0.9215056529488377
11,60,2025-03-21,False,0.9162040925961061,0.9215056529488377
11,60,2025-03-24,False,0.926383929380752,0.9215056529488377
11,60,2025-03-27,False,0.9249975320001572,0.9215056529488377
11,60,2025-03-30,False,0.9302325506342579,0.9215056529488377
11,60,2025-04-02,False,0.9267462789376245,0.9215056529488377
11,60,2025-04-05,False,0.9236601135462609,0.9215056529488377
11,60,2025-04-08,False,0.942386494333772,0.9215056529488377
11,60,2025-04-11,False,0.9430340652830312,0.9215056529488377
11,60,2025-04-14,False,0.9472828380547683,0.9215056529488377
11,60,2025-04-17,False,0.946277509879374,0.9215056529488377
11,60,2025-04-20,False,0.9474228061965511,0.9215056529488377
11,60,2025-04-23,False,0.9469875014786435,0.9215056529488377
11,60,2025-04-26,False,0.9477068252019631,0.9215056529488377
11,60,2025-04-29,False,0.9491753098386208,0.9215056529488377
11,60,2025-05-02,True,0.9519854858655639,0.9215056529488377
11,60,2025-05-05,True,0.9488231688645022,0.9215056529488377
11,60,2025-05-08,True,0.9459857334904783,0.9215056529488377
11,60,2025-05-11,True,0.9459746005301266,0.9215056529488377
11,60,2025-05-14,True,0.9453892622490351,0.9215056529488377
11,60,2025-05-17,True,0.9452385165040904,0.9215056529488377
11,60,2025-05-20,True,0.9426619409047716,0.9215056529488377
11,60,2025-05-23,True,0.9407085615186707,0.9215056529488377
11,60,2025-05-26,True,0.9428810702968136,0.9215056529488377
11,60,2025-05-29,True,0.945218171899894,0.9215056529488377
11,60,2025-06-01,True,0.9477686464846178,0.9215056529488377
11,60,2025-06-04,True,0.9509020420353478,0.9215056529488377
11,60,2025-06-07,True,0.9376277592795041,0.9215056529488377
11,60,2025-06-10,True,0.9384472951040979,0.9215056529488377
11,60,2025-06-13,True,0.9273203321097362,0.9215056529488377
11,60,2025-06-16,True,0.9311900928493329,0.9215056529488377
11,60,2025-06-19,True,0.9310840491979745,0.9215056529488377
11,60,2025-06-22,True,0.933779882587375,0.9215056529488377
11,60,2025-06-25,True,0.933558703922688,0.9215056529488377
11,60,2025-06-28,True,0.9158362422666989,0.9215056529488377
11,60,2025-07-01,True,0.9049982637289282,0.9215056529488377
11,60,2025-07-04,True,0.9036902911005007,0.9215056529488377
11,60,2025-07-07,True,0.912997403147369,0.9215056529488377
11,60,2025-07-10,True,0.9073093341718177,0.9215056529488377
11,60,2025-07-13,True,0.9109428664265266,0.9215056529488377
11,60,2025-07-16,True,0.9098763505441365,0.9215056529488377
11,60,2025-07-19,True,0.9221145836033744,0.9215056529488377
11,60,2025-07-22,True,0.9317573038184558,0.9215056529488377
11,60,2025-07-25,True,0.9282783250156971,0.9215056529488377
11,60,2025-07-28,True,0.9318013251148256,0.9215056529488377
11,60,2025-07-31,True,0.9439575456180822,0.9215056529488377
11,60,2025-08-03,True,0.958134993474253,0.9215056529488377
11,60,2025-08-06,True,0.9558596084984053,0.9215056529488377
11,60,2025-08-09,True,0.9528152034356994,0.9215056529488377
11,60,2025-08-12,True,0.9294627744040889,0.9215056529488377
11,60,2025-08-15,True,0.9257537936071015,0.9215056529488377
11,60,2025-08-18,True,0.9318590137042911,0.9215056529488377
11,60,2025-08-21,True,0.9329525076700048,0.9215056529488377
11,60,2025-08-24,True,0.9334649082067438,0.9215056529488377
11,60,2025-08-27,True,0.9375019251786426,0.9215056529488377
11,60,2025-08-30,True,0.9430448207875587,0.9215056529488377
11,60,2025-09-02,True,0.946186922129337,0.9215056529488377
11,60,2025-09-05,True,0.9488274292026389,0.9215056529488377
11,60,2025-09-08,True,0.9529105831487136,0.9215056529488377
11,60,2025-09-11,True,0.9506584102207418,0.9215056529488377
11,60,2025-09-14,True,0.9535066344393986,0.9215056529488377
11,60,2025-09-17,True,0.9558999984064543,0.9215056529488377
11,60,2025-09-20,True,0.956328574818355,0.9215056529488377
11,60,2025-09-23,True,0.9568793701478457,0.9215056529488377
11,60,2025-09-26,True,0.9595130971731827,0.9215056529488377
11,60,2025-09-29,True,0.9577591317462965,0.9215056529488377
11,60,2025-10-02,False,0.9535358867585617,0.9215056529488377
11,60,2025-10-05,False,0.9542326066136416,0.9215056529488377
11,60,2025-10-08,False,0.9531428457291677,0.9215056529488377
11,60,2025-10-11,False,0.9691807024576706,0.9215056529488377
11,60,2025-10-14,False,0.9700775473168126,0.9215056529488377
11,60,2025-10-17,False,0.9673609425334427,0.9215056529488377
11,60,2025-10-20,False,0.9672453392983601,0.9215056529488377
11,60,2025-10-23,False,0.9664748599293131,0.9215056529488377
11,60,2025-10-26,False,0.9623258573193211,0.9215056529488377
11,60,2025-10-29,False,0.9577021254958964,0.9215056529488377
11,60,2025-11-01,False,0.9558082515130834,0.9215056529488377
11,90,2023-01-01,False,0.7905248889667115,0.9215056529488377
11,90,2023-01-04,False,0.7922336523708936,0.9215056529488377
11,90,2023-01-07,False,0.8105840217516298,0.9215056529488377
11,90,2023-01-10,False,0.8057016628447448,0.9215056529488377
11,90,2023-01-13,False,0.8043664632916444,0.9215056529488377
11,90,2023-01-16,False,0.80300171535297,0.9215056529488377
11,90,2023-01-19,False,0.8057557535341346,0.9215056529488377
11,90,2023-01-22,False,0.7847174381095431,0.9215056529488377
11,90,2023-01-25,False,0.7913336825581583,0.9215056529488377
11,90,2023-01-28,False,0.7917389377391091,0.9215056529488377
11,90,2023-01-31,False,0.789643871161346,0.9215056529488377
11,90,2023-02-03,False,0.8074419951122225,0.9215056529488377
11,90,2023-02-06,False,0.8082192632874964,0.9215056529488377
11,90,2023-02-09,False,0.8004257519170552,0.9215056529488377
11,90,2023-02-12,False,0.8422803179867353,0.9215056529488377
11,90,2023-02-15,False,0.8521806806758571,0.9215056529488377
11,90,2023-02-18,False,0.8464277813952047,0.9215056529488377
11,90,2023-02-21,False,0.8522992273131893,0.9215056529488377
11,90,2023-02-24,False,0.8581285313651578,0.9215056529488377
11,90,2023-02-27,False,0.8597045642747645,0.9215056529488377
11,90,2023-03-02,False,0.8594170733531333,0.9215056529488377
11,90,2023-03-05,False,0.8662994715842718,0.9215056529488377
11,90,2023-03-08,False,0.861848051872272,0.9215056529488377
11,90,2023-03-11,False,0.8602136250126837,0.9215056529488377
11,90,2023-03-14,False,0.8617672874875685,0.9215056529488377
11,90,2023-03-17,False,0.8630463240716612,0.9215056529488377
11,90,2023-03-20,False,0.8887282140878263,0.9215056529488377
11,90,2023-03-23,False,0.9646072848559034,0.9215056529488377
11,90,2023-03-26,False,0.9686761678860494,0.9215056529488377
11,90,2023-03-29,False,0.968268142581287,0.9215056529488377
11,90,2023-04-01,False,0.9672961444414617,0.9215056529488377
11,90,2023-04-04,False,0.9663478964693665,0.9215056529488377
11,90,2023-04-07,False,0.9643020679595796,0.9215056529488377
11,90,2023-04-10,False,0.964966317189226,0.9215056529488377
11,90,2023-04-13,False,0.9649138291847232,0.9215056529488377
11,90,2023-04-16,False,0.9651038691417848,0.9215056529488377
11,90,2023-04-19,True,0.963967812507857,0.9215056529488377
11,90,2023-04-22,True,0.965551693269531,0.9215056529488377
11,90,2023-04-25,True,0.9643205506380457,0.9215056529488377
11,90,2023-04-28,True,0.9615067509875994,0.9215056529488377
11,90,2023-05-01,True,0.9611045726124751,0.9215056529488377
11,90,2023-05-04,True,0.9605643257990398,0.9215056529488377
11,90,2023-05-07,True,0.9576195943778094,0.9215056529488377
11,90,2023-05-10,True,0.958718799362752,0.9215056529488377
11,90,2023-05-13,True,0.9610435976927701,0.9215056529488377
11,90,2023-05-16,True,0.9616968488004171,0.9215056529488377
11,90,2023-05-19,True,0.9629541109753817,0.9215056529488377
11,90,2023-05-22,True,0.9634192664250969,0.9215056529488377
11,90,2023-05-25,True,0.964292869915666,0.9215056529488377
11,90,2023-05-28,True,0.964936403879048,0.9215056529488377
11,90,2023-05-31,True,0.9648403419507274,0.9215056529488377
11,90,2023-06-03,True,0.965556976287966,0.9215056529488377
11,90,2023-06-06,True,0.9660272122992497,0.9215056529488377
11,90,2023-06-09,True,0.9668417388671093,0.9215056529488377
11,90,2023-06-12,True,0.9674595072755938,0.9215056529488377
11,90,2023-06-15,True,0.9660125137691852,0.9215056529488377
11,90,2023-06-18,True,0.9646242555570274,0.9215056529488377
11,90,2023-06-21,True,0.9271883245268608,0.9215056529488377
11,90,2023-06-24,True,0.9144142515807994,0.9215056529488377
11,90,2023-06-27,True,0.9155365928840344,0.9215056529488377
11,90,2023-06-30,True,0.9144060094452207,0.9215056529488377
11,90,2023-07-03,True,0.9064003576359522,0.9215056529488377
11,90,2023-07-06,True,0.9006264838452103,0.9215056529488377
11,90,2023-07-09,True,0.8627186888704941,0.9215056529488377
11,90,2023-07-12,True,0.8630819819187969,0.9215056529488377
11,90,2023-07-15,True,0.8601069532140584,0.9215056529488377
11,90,2023-07-18,True,0.853934669321288,0.9215056529488377
11,90,2023-07-21,True,0.8625201533858062,0.9215056529488377
11,90,2023-07-24,True,0.8778728339876797,0.9215056529488377
11,90,2023-07-27,True,0.8747799280640354,0.9215056529488377
11,90,2023-07-30,True,0.8721924734066576,0.9215056529488377
11,90,2023-08-02,True,0.8749478623844433,0.9215056529488377
11,90,2023-08-05,True,0.8803914146133498,0.9215056529488377
11,90,2023-08-08,True,0.8840661003560266,0.9215056529488377
11,90,2023-08-11,True,0.8848603818561958,0.9215056529488377
11,90,2023-08-14,True,0.8811947153138159,0.9215056529488377
11,90,2023-08-17,True,0.879827845235321,0.9215056529488377
11,90,2023-08-20,True,0.8803442368049381,0.9215056529488377
11,90,2023-08-23,True,0.8757944190186402,0.9215056529488377
11,90,2023-08-26,True,0.8769477450049461,0.9215056529488377
11,90,2023-08-29,True,0.8742004364790925,0.9215056529488377
11,90,2023-09-01,True,0.8697057230201586,0.9215056529488377
11,90,2023-09-04,True,0.8644454503858972,0.9215056529488377
11,90,2023-09-07,True,0.8555474557573202,0.9215056529488377
11,90,2023-09-10,True,0.8362551258184957,0.9215056529488377
11,90,2023-09-13,True,0.8120423062090412,0.9215056529488377
11,90,2023-09-16,True,0.8100561403413443,0.9215056529488377
11,90,2023-09-19,False,0.8079501380694216,0.9215056529488377
11,90,2023-09-22,False,0.8088358217632217,0.9215056529488377
11,90,2023-09-25,False,0.8047816235818762,0.9215056529488377
11,90,2023-09-28,False,0.7820319019541123,0.9215056529488377
11,90,2023-10-01,False,0.7969730595242711,0.9215056529488377
11,90,2023-10-04,False,0.8040838825637472,0.9215056529488377
11,90,2023-10-07,False,0.8628267198107985,0.9215056529488377
11,90,2023-10-10,False,0.861713815041542,0.9215056529488377
11,90,2023-10-13,False,0.8611801679509503,0.9215056529488377
11,90,2023-10-16,False,0.8617101403639381,0.9215056529488377
11,90,2023-10-19,False,0.8548138358383319,0.9215056529488377
11,90,2023-10-22,False,0.8223088858521687,0.9215056529488377
11,90,2023-10-25,False,0.8390944813634058,0.9215056529488377
11,90,2023-10-28,False,0.8370410707440579,0.9215056529488377
11,90,2023-10-31,False,0.8170771129763498,0.9215056529488377
11,90,2023-11-03,False,0.7966587306374937,0.9215056529488377
11,90,2023-11-06,False,0.7626819455629313,0.9215056529488377
11,90,2023-11-09,False,0.7346160897259841,0.9215056529488377
11,90,2023-11-12,False,0.7089427514586848,0.9215056529488377
11,90,2023-11-15,False,0.7184372246910791,0.9215056529488377
11,90,2023-11-18,False,0.7101282246313029,0.9215056529488377
11,90,2023-11-21,False,0.7200746828670661,0.9215056529488377
11,90,2023-11-24,False,0.6645807105480649,0.9215056529488377
11,90,2023-11-27,False,0.6769320575088174,0.9215056529488377
11,90,2023-11-30,False,0.6442978424707679,0.9215056529488377
11,90,2023-12-03,False,0.6517284003268955,0.9215056529488377
11,90,2023-12-06,False,0.6235066621484647,0.9215056529488377
11,90,2023-12-09,False,0.6067692236232163,0.9215056529488377
11,90,2023-12-12,False,0.6429442342733693,0.9215056529488377
11,90,2023-12-15,False,0.6512327536956447,0.9215056529488377
11,90,2023-12-18,False,0.6374025690245186,0.9215056529488377
11,90,2023-12-21,False,0.6811210578948081,0.9215056529488377
11,90,2023-12-24,False,0.685642232109169,0.9215056529488377
11,90,2023-12-27,False,0.6534187606321025,0.9215056529488377
11,90,2023-12-30,False,0.6587734049683818,0.9215056529488377
11,90,2024-01-02,False,0.6557740739234188,0.9215056529488377
11,90,2024-01-05,False,0.6499163904860416,0.9215056529488377
11,90,2024-01-08,False,0.6574502901729842,0.9215056529488377
11,90,2024-01-11,False,0.6807839194701337,0.9215056529488377
11,90,2024-01-14,False,0.6980664305595159,0.9215056529488377
11,90,2024-01-17,False,0.7022078427581984,0.9215056529488377
11,90,2024-01-20,False,0.7218528965046052,0.9215056529488377
11,90,2024-01-23,False,0.7182951510851221,0.9215056529488377
11,90,2024-01-26,False,0.7186874957094576,0.9215056529488377
11,90,2024-01-29,False,0.7322045975208342,0.9215056529488377
11,90,2024-02-01,False,0.7326986091087645,0.9215056529488377
11,90,2024-02-04,False,0.7731036232094973,0.9215056529488377
11,90,2024-02-07,False,0.7697065060913777,0.9215056529488377
11,90,2024-02-10,False,0.7804487949569456,0.9215056529488377
11,90,2024-02-13,False,0.7862196780529842,0.9215056529488377
11,90,2024-02-16,False,0.8136964953352769,0.9215056529488377
11,90,2024-02-19,False,0.8189797412193723,0.9215056529488377
11,90,2024-02-22,False,0.8224143845927798,0.9215056529488377
11,90,2024-02-25,False,0.8252698923901304,0.9215056529488377
11,90,2024-02-28,False,0.9120652667587462,0.9215056529488377
11,90,2024-03-02,False,0.9065736316310653,0.9215056529488377
11,90,2024-03-05,False,0.9110512667079975,0.9215056529488377
11,90,2024-03-08,False,0.9294889434166068,0.9215056529488377
11,90,2024-03-11,False,0.9385062056964785,0.9215056529488377
11,90,2024-03-14,False,0.9393954897660283,0.9215056529488377
11,90,2024-03-17,False,0.9439465883773828,0.9215056529488377
11,90,2024-03-20,False,0.9441071505597957,0.9215056529488377
11,90,2024-03-23,False,0.9556314930145072,0.9215056529488377
11,90,2024-03-26,False,0.9674224729201848,0.9215056529488377
11,90,2024-03-29,False,0.9682506765065377,0.9215056529488377
11,90,2024-04-01,False,0.966932086967214,0.9215056529488377
11,90,2024-04-04,False,0.9669149363096499,0.9215056529488377
11,90,2024-04-07,False,0.9710423876394997,0.9215056529488377
11,90,2024-04-10,False,0.9705302137671009,0.9215056529488377
11,90,2024-04-13,False,0.9700625451091381,0.9215056529488377
11,90,2024-04-16,False,0.9678217769022714,0.9215056529488377
11,90,2024-04-19,True,0.9672324311095754,0.9215056529488377
11,90,2024-04-22,True,0.9673225597662972,0.9215056529488377
11,90,2024-04-25,True,0.967912009090726,0.9215056529488377
11,90,2024-04-28,True,0.9670033783691203,0.9215056529488377
11,90,2024-05-01,True,0.9671663891730032,0.9215056529488377
11,90,2024-05-04,True,0.9683780577003249,0.9215056529488377
11,90,2024-05-07,True,0.9687518716055796,0.9215056529488377
11,90,2024-05-10,True,0.9686229524973028,0.9215056529488377
11,90,2024-05-13,True,0.9688276778623369,0.9215056529488377
11,90,2024-05-16,True,0.9685916124507512,0.9215056529488377
11,90,2024-05-19,True,0.9682358211211254,0.9215056529488377
11,90,2024-05-22,True,0.9684095998553981,0.9215056529488377
11,90,2024-05-25,True,0.9691456848372131,0.9215056529488377
11,90,2024-05-28,True,0.9655384466728926,0.9215056529488377
11,90,2024-05-31,True,0.972314191237059,0.9215056529488377
11,90,2024-06-03,True,0.9720511826962203,0.9215056529488377
11,90,2024-06-06,True,0.9662850730555633,0.9215056529488377
11,90,2024-06-09,True,0.9620664134116232,0.9215056529488377
11,90,2024-06-12,True,0.9612554092748844,0.9215056529488377
11,90,2024-06-15,True,0.9608214578010359,0.9215056529488377
11,90,2024-06-18,True,0.9562181667960586,0.9215056529488377
11,90,2024-06-21,True,0.9395685339157075,0.9215056529488377
11,90,2024-06-24,True,0.9346211348895554,0.9215056529488377
11,90,2024-06-27,True,0.9286310624815852,0.9215056529488377
11,90,2024-06-30,True,0.9307333152360984,0.9215056529488377
11,90,2024-07-03,True,0.9287085932463233,0.9215056529488377
11,90,2024-07-06,True,0.8708165192095221,0.9215056529488377
11,90,2024-07-09,True,0.8712620380548745,0.9215056529488377
11,90,2024-07-12,True,0.8761581697183005,0.9215056529488377
11,90,2024-07-15,True,0.8887157346672379,0.9215056529488377
11,90,2024-07-18,True,0.8876098188876618,0.9215056529488377
11,90,2024-07-21,True,0.886306937085644,0.9215056529488377
11,90,2024-07-24,True,0.8858880806220555,0.9215056529488377
11,90,2024-07-27,True,0.8821444187398485,0.9215056529488377
11,90,2024-07-30,True,0.8814163269341855,0.9215056529488377
11,90,2024-08-02,True,0.8838324807677242,0.9215056529488377
11,90,2024-08-05,True,0.889369754400755,0.9215056529488377
11,90,2024-08-08,True,0.8912576920199374,0.9215056529488377
11,90,2024-08-11,True,0.8915253689615004,0.9215056529488377
11,90,2024-08-14,True,0.8924609976962034,0.9215056529488377
11,90,2024-08-17,True,0.8947818278103664,0.9215056529488377
11,90,2024-08-20,True,0.8982941385867403,0.9215056529488377
11,90,2024-08-23,True,0.8988381753459824,0.9215056529488377
11,90,2024-08-26,True,0.9001956591147766,0.9215056529488377
11,90,2024-08-29,True,0.8995906914889064,0.9215056529488377
11,90,2024-09-01,True,0.9009588465354869,0.9215056529488377
11,90,2024-09-04,True,0.9009989538736198,0.9215056529488377
11,90,2024-09-07,True,0.9025306376766078,0.9215056529488377
11,90,2024-09-10,True,0.9046121115646175,0.9215056529488377
11,90,2024-09-13,True,0.9024715227847593,0.9215056529488377
11,90,2024-09-16,True,0.9038771909724532,0.9215056529488377
11,90,2024-09-19,False,0.9014336132881462,0.9215056529488377
11,90,2024-09-22,False,0.9007714057000211,0.9215056529488377
11,90,2024-09-25,False,0.8997569721846074,0.9215056529488377
11,90,2024-09-28,False,0.900747363646542,0.9215056529488377
11,90,2024-10-01,False,0.9024561554153847,0.9215056529488377
11,90,2024-10-04,False,0.9024432614690209,0.9215056529488377
11,90,2024-10-07,False,0.9006630348974548,0.9215056529488377
11,90,2024-10-10,False,0.8992753366603939,0.9215056529488377
11,90,2024-10-13,False,0.8970691940244102,0.9215056529488377
11,90,2024-10-16,False,0.9016204776631861,0.9215056529488377
11,90,2024-10-19,False,0.8967298127684918,0.9215056529488377
11,90,2024-10-22,False,0.8868943198664193,0.9215056529488377
11,90,2024-10-25,False,0.8933150742690191,0.9215056529488377
11,90,2024-10-28,False,0.8934059174693275,0.9215056529488377
11,90,2024-10-31,False,0.8795416496934867,0.9215056529488377
11,90,2024-11-03,False,0.8668075348280591,0.9215056529488377
11,90,2024-11-06,False,0.8628238765926787,0.9215056529488377
11,90,2024-11-09,False,0.8545850306466037,0.9215056529488377
11,90,2024-11-12,False,0.8283291724716173,0.9215056529488377
11,90,2024-11-15,False,0.8130568034251899,0.9215056529488377
11,90,2024-11-18,False,0.8032046722915689,0.9215056529488377
11,90,2024-11-21,False,0.7913557838966357,0.9215056529488377
11,90,2024-11-24,False,0.766752265838074,0.9215056529488377
11,90,2024-11-27,False,0.742179631331558,0.9215056529488377
11,90,2024-11-30,False,0.7493208903759139,0.9215056529488377
11,90,2024-12-03,False,0.7694377136995612,0.9215056529488377
11,90,2024-12-06,False,0.7476994468944191,0.9215056529488377
11,90,2024-12-09,False,0.7560429709253982,0.9215056529488377
11,90,2024-12-12,False,0.7521464068494219,0.9215056529488377
11,90,2024-12-15,False,0.750676053544095,0.9215056529488377
11,90,2024-12-18,False,0.7597095462155984,0.9215056529488377
11,90,2024-12-21,False,0.757173458336471,0.9215056529488377
11,90,2024-12-24,False,0.7481827310109745,0.9215056529488377
11,90,2024-12-27,False,0.7548102100687196,0.9215056529488377
11,90,2024-12-30,False,0.7882763397453069,0.9215056529488377
11,90,2025-01-02,False,0.7849421332230718,0.9215056529488377
11,90,2025-01-05,False,0.792681815892064,0.9215056529488377
11,90,2025-01-08,False,0.7890977354629469,0.9215056529488377
11,90,2025-01-11,False,0.7907466938459491,0.9215056529488377
11,90,2025-01-14,False,0.7933501915593529,0.9215056529488377
11,90,2025-01-17,False,0.7945807131614679,0.9215056529488377
11,90,2025-01-20,False,0.7947381577406021,0.9215056529488377
11,90,2025-01-23,False,0.7943136387354512,0.9215056529488377
11,90,2025-01-26,False,0.7993590977143343,0.9215056529488377
11,90,2025-01-29,False,0.809348175666016,0.9215056529488377
11,90,2025-02-01,False,0.8506213809422289,0.9215056529488377
11,90,2025-02-04,False,0.8720976658997674,0.9215056529488377
11,90,2025-02-07,False,0.8804689314139011,0.9215056529488377
11,90,2025-02-10,False,0.8864322657172197,0.9215056529488377
11,90,2025-02-13,False,0.888521968209727,0.9215056529488377
11,90,2025-02-16,False,0.8904502699283858,0.9215056529488377
11,90,2025-02-19,False,0.8946329491997244,0.9215056529488377
11,90,2025-02-22,False,0.9050363042140597,0.9215056529488377
11,90,2025-02-25,False,0.9060571053294448,0.9215056529488377
11,90,2025-02-28,False,0.9018423472402,0.9215056529488377
11,90,2025-03-03,False,0.8985857321411165,0.9215056529488377
11,90,2025-03-06,False,0.9029190622501316,0.9215056529488377
11,90,2025-03-09,False,0.9232938398415887,0.9215056529488377
11,90,2025-03-12,False,0.924693162103247,0.9215056529488377
11,90,2025-03-15,False,0.9339796016591634,0.9215056529488377
11,90,2025-03-18,False,0.9330616273723142,0.9215056529488377
11,90,2025-03-21,False,0.9338375724167787,0.9215056529488377
11,90,2025-03-24,False,0.9355966716362265,0.9215056529488377
11,90,2025-03-27,False,0.9362755142265727,0.9215056529488377
11,90,2025-03-30,False,0.9447919527945694,0.9215056529488377
11,90,2025-04-02,False,0.9462287240319355,0.9215056529488377
11,90,2025-04-05,False,0.9465611215593194,0.9215056529488377
11,90,2025-04-08,False,0.9463306535414995,0.9215056529488377
11,90,2025-04-11,False,0.946428246468613,0.9215056529488377
11,90,2025-04-14,False,0.9459548583677666,0.9215056529488377
11,90,2025-04-17,True,0.9460586515896049,0.9215056529488377
11,90,2025-04-20,True,0.9451204630072639,0.9215056529488377
11,90,2025-04-23,True,0.9443030087232315,0.9215056529488377
11,90,2025-04-26,True,0.944661345430983,0.9215056529488377
11,90,2025-04-29,True,0.9432683753494693,0.9215056529488377
11,90,2025-05-02,True,0.9437917326235394,0.9215056529488377
11,90,2025-05-05,True,0.9398464202475141,0.9215056529488377
11,90,2025-05-08,True,0.9390134527790394,0.9215056529488377
11,90,2025-05-11,True,0.9398105027700575,0.9215056529488377
11,90,2025-05-14,True,0.9406271637295871,0.9215056529488377
11,90,2025-05-17,True,0.9409462622678533,0.9215056529488377
11,90,2025-05-20,True,0.9408154914839482,0.9215056529488377
11,90,2025-05-23,True,0.940380889504367,0.9215056529488377
11,90,2025-05-26,True,0.9423942618993632,0.9215056529488377
11,90,2025-05-29,True,0.9458222519863211,0.9215056529488377
11,90,2025-06-01,True,0.9485207003981162,0.9215056529488377
11,90,2025-06-04,True,0.9518875964995949,0.9215056529488377
11,90,2025-06-07,True,0.9417374570465185,0.9215056529488377
11,90,2025-06-10,True,0.9394162263468758,0.9215056529488377
11,90,2025-06-13,True,0.929104396422958,0.9215056529488377
11,90,2025-06-16,True,0.9304221765538088,0.9215056529488377
11,90,2025-06-19,True,0.9293014016131468,0.9215056529488377
11,90,2025-06-22,True,0.931948062792818,0.9215056529488377
11,90,2025-06-25,True,0.9301577172523907,0.9215056529488377
11,90,2025-06-28,True,0.9097941662573245,0.9215056529488377
11,90,2025-07-01,True,0.9078393503385283,0.9215056529488377
11,90,2025-07-04,True,0.9192968927194448,0.9215056529488377
11,90,2025-07-07,True,0.9248131151397135,0.9215056529488377
11,90,2025-07-10,True,0.9260630209288112,0.9215056529488377
11,90,2025-07-13,True,0.9167710557245956,0.9215056529488377
11,90,2025-07-16,True,0.9167478829190953,0.9215056529488377
11,90,2025-07-19,True,0.9292979047989145,0.9215056529488377
11,90,2025-07-22,True,0.9343934963079394,0.9215056529488377
11,90,2025-07-25,True,0.935182654397284,0.9215056529488377
11,90,2025-07-28,True,0.9417243314414939,0.9215056529488377
11,90,2025-07-31,True,0.9464204395781289,0.9215056529488377
11,90,2025-08-03,True,0.9499197539775635,0.9215056529488377
11,90,2025-08-06,True,0.9515237804072221,0.9215056529488377
11,90,2025-08-09,True,0.9508880795918875,0.9215056529488377
11,90,2025-08-12,True,0.9476351902355572,0.9215056529488377
11,90,2025-08-15,True,0.9488135157513442,0.9215056529488377
11,90,2025-08-18,True,0.950236285176827,0.9215056529488377
11,90,2025-08-21,True,0.9511169780892829,0.9215056529488377
11,90,2025-08-24,True,0.9512183588922318,0.9215056529488377
11,90,2025-08-27,True,0.9519869747892225,0.9215056529488377
11,90,2025-08-30,True,0.9533638829278358,0.9215056529488377
11,90,2025-09-02,True,0.9541801377039634,0.9215056529488377
11,90,2025-09-05,True,0.953922921945124,0.9215056529488377
11,90,2025-09-08,True,0.9550649368428943,0.9215056529488377
11,90,2025-09-11,True,0.9547222105624069,0.9215056529488377
11,90,2025-09-14,True,0.9548921593029126,0.9215056529488377
11,90,2025-09-17,False,0.9540044710988226,0.9215056529488377
11,90,2025-09-20,False,0.9538589908927031,0.9215056529488377
11,90,2025-09-23,False,0.9544317346440507,0.9215056529488377
11,90,2025-09-26,False,0.9554962448784501,0.9215056529488377
11,90,2025-09-29,False,0.9525650483158353,0.9215056529488377
11,90,2025-10-02,False,0.9482083266102863,0.9215056529488377
11,180,2023-01-01,False,0.9421488039687793,0.9215056529488377
11,180,2023-01-04,False,0.9415001130772103,0.9215056529488377
11,180,2023-01-07,False,0.9410393093568127,0.9215056529488377
11,180,2023-01-10,False,0.9412899199139081,0.9215056529488377
11,180,2023-01-13,False,0.9410380318207382,0.9215056529488377
11,180,2023-01-16,False,0.9413176075872436,0.9215056529488377
11,180,2023-01-19,False,0.9414916985376408,0.9215056529488377
11,180,2023-01-22,False,0.9393927373252324,0.9215056529488377
11,180,2023-01-25,False,0.9396497424999205,0.9215056529488377
11,180,2023-01-28,False,0.9374261583641349,0.9215056529488377
11,180,2023-01-31,False,0.9372126896026923,0.9215056529488377
11,180,2023-02-03,False,0.9375302116520394,0.9215056529488377
11,180,2023-02-06,False,0.935588005334761,0.9215056529488377
11,180,2023-02-09,False,0.9354906873312719,0.9215056529488377
11,180,2023-02-12,False,0.9365884973426555,0.9215056529488377
11,180,2023-02-15,False,0.9380679058596029,0.9215056529488377
11,180,2023-02-18,False,0.938016078595219,0.9215056529488377
11,180,2023-02-21,False,0.9400152640635627,0.9215056529488377
11,180,2023-02-24,False,0.9424357680055652,0.9215056529488377
11,180,2023-02-27,False,0.9444182180759397,0.9215056529488377
11,180,2023-03-02,False,0.9445151590767301,0.9215056529488377
11,180,2023-03-05,True,0.9470965512639586,0.9215056529488377
11,180,2023-03-08,True,0.947146396541613,0.9215056529488377
11,180,2023-03-11,True,0.9479793523104784,0.9215056529488377
11,180,2023-03-14,True,0.9494558389531227,0.9215056529488377
11,180,2023-03-17,True,0.9489354571684976,0.9215056529488377
11,180,2023-03-20,True,0.9494869459320574,0.9215056529488377
11,180,2023-03-23,True,0.9497623765079688,0.9215056529488377
11,180,2023-03-26,True,0.9506921830578156,0.9215056529488377
11,180,2023-03-29,True,0.9507650570792556,0.9215056529488377
11,180,2023-04-01,True,0.950040569387463,0.9215056529488377
11,180,2023-04-04,True,0.9469094069593528,0.9215056529488377
11,180,2023-04-07,True,0.9442593353553352,0.9215056529488377
11,180,2023-04-10,True,0.9350510059695116,0.9215056529488377
11,180,2023-04-13,True,0.9346523721783787,0.9215056529488377
11,180,2023-04-16,True,0.9347251894625226,0.9215056529488377
11,180,2023-04-19,True,0.9341151800476444,0.9215056529488377
11,180,2023-04-22,True,0.9373671075081488,0.9215056529488377
11,180,2023-04-25,True,0.9394533459596428,0.9215056529488377
11,180,2023-04-28,True,0.9360058950691079,0.9215056529488377
11,180,2023-05-01,True,0.9333901165099439,0.9215056529488377
11,180,2023-05-04,True,0.9332559327279066,0.9215056529488377
11,180,2023-05-07,True,0.9338893313815619,0.9215056529488377
11,180,2023-05-10,True,0.9352486837972592,0.9215056529488377
11,180,2023-05-13,True,0.9357267711448268,0.9215056529488377
11,180,2023-05-16,True,0.9354439532051745,0.9215056529488377
11,180,2023-05-19,True,0.9361386089671901,0.9215056529488377
11,180,2023-05-22,True,0.9363539905983178,0.9215056529488377
11,180,2023-05-25,True,0.9356158586778999,0.9215056529488377
11,180,2023-05-28,True,0.9364542370255018,0.9215056529488377
11,180,2023-05-31,True,0.93589282252775,0.9215056529488377
11,180,2023-06-03,True,0.9359479389219918,0.9215056529488377
11,180,2023-06-06,True,0.9352137172495657,0.9215056529488377
11,180,2023-06-09,True,0.9356954069922527,0.9215056529488377
11,180,2023-06-12,True,0.9358007039275832,0.9215056529488377
11,180,2023-06-15,True,0.9338170079985073,0.9215056529488377
11,180,2023-06-18,True,0.9317442988373271,0.9215056529488377
11,180,2023-06-21,True,0.8855986287010578,0.9215056529488377
11,180,2023-06-24,True,0.873064052904168,0.9215056529488377
11,180,2023-06-27,True,0.8728785938035338,0.9215056529488377
11,180,2023-06-30,True,0.8682635081911287,0.9215056529488377
11,180,2023-07-03,True,0.8682972988912869,0.9215056529488377
11,180,2023-07-06,True,0.866776285127566,0.9215056529488377
11,180,2023-07-09,True,0.8627581451608041,0.9215056529488377
11,180,2023-07-12,True,0.862602033470547,0.9215056529488377
11,180,2023-07-15,True,0.8604904762420175,0.9215056529488377
11,180,2023-07-18,True,0.8568350644767064,0.9215056529488377
11,180,2023-07-21,True,0.8597270425777612,0.9215056529488377
11,180,2023-07-24,True,0.8609895340030915,0.9215056529488377
11,180,2023-07-27,True,0.8649734304179688,0.9215056529488377
11,180,2023-07-30,True,0.8647426211191213,0.9215056529488377
11,180,2023-08-02,True,0.8637647173911762,0.9215056529488377
11,180,2023-08-05,False,0.8653565616414487,0.9215056529488377
11,180,2023-08-08,False,0.865446373871683,0.9215056529488377
11,180,2023-08-11,False,0.8633281183778275,0.9215056529488377
11,180,2023-08-14,False,0.8567174899133891,0.9215056529488377
11,180,2023-08-17,False,0.8560718565797151,0.9215056529488377
11,180,2023-08-20,False,0.8562159683874646,0.9215056529488377
11,180,2023-08-23,False,0.8546394243986577,0.9215056529488377
11,180,2023-08-26,False,0.8497951462606743,0.9215056529488377
11,180,2023-08-29,False,0.8482375447105456,0.9215056529488377
11,180,2023-09-01,False,0.8378800278017929,0.9215056529488377
11,180,2023-09-04,False,0.8344819889810449,0.9215056529488377
11,180,2023-09-07,False,0.8228777253372139,0.9215056529488377
11,180,2023-09-10,False,0.799711882535949,0.9215056529488377
11,180,2023-09-13,False,0.7795554845071141,0.9215056529488377
11,180,2023-09-16,False,0.7779549357482606,0.9215056529488377
11,180,2023-09-19,False,0.7706495650046435,0.9215056529488377
11,180,2023-09-22,False,0.7781628021251744,0.9215056529488377
11,180,2023-09-25,False,0.7725097468665365,0.9215056529488377
11,180,2023-09-28,False,0.7390400743224559,0.9215056529488377
11,180,2023-10-01,False,0.7501842781725103,0.9215056529488377
11,180,2023-10-04,False,0.7540459656607694,0.9215056529488377
11,180,2023-10-07,False,0.7912544645755306,0.9215056529488377
11,180,2023-10-10,False,0.790403060801929,0.9215056529488377
11,180,2023-10-13,False,0.7950819776894849,0.9215056529488377
11,180,2023-10-16,False,0.8002736962293155,0.9215056529488377
11,180,2023-10-19,False,0.7958891818111647,0.9215056529488377
11,180,2023-10-22,False,0.777334268756667,0.9215056529488377
11,180,2023-10-25,False,0.7824284657284015,0.9215056529488377
11,180,2023-10-28,False,0.7738238274622471,0.9215056529488377
11,180,2023-10-31,False,0.7689638195933683,0.9215056529488377
11,180,2023-11-03,False,0.7585494884626933,0.9215056529488377
11,180,2023-11-06,False,0.7697938360001724,0.9215056529488377
11,180,2023-11-09,False,0.7590098754696712,0.9215056529488377
11,180,2023-11-12,False,0.7596268996188268,0.9215056529488377
11,180,2023-11-15,False,0.76644342049762,0.9215056529488377
11,180,2023-11-18,False,0.7871681720713408,0.9215056529488377
11,180,2023-11-21,False,0.7951066833254716,0.9215056529488377
11,180,2023-11-24,False,0.7856698917845292,0.9215056529488377
11,180,2023-11-27,False,0.7911672246074501,0.9215056529488377
11,180,2023-11-30,False,0.8764708807766513,0.9215056529488377
11,180,2023-12-03,False,0.875594180953656,0.9215056529488377
11,180,2023-12-06,False,0.8803571058061644,0.9215056529488377
11,180,2023-12-09,False,0.9016887137983448,0.9215056529488377
11,180,2023-12-12,False,0.9129444828999992,0.9215056529488377
11,180,2023-12-15,False,0.9134731958721279,0.9215056529488377
11,180,2023-12-18,False,0.915080621355414,0.9215056529488377
11,180,2023-12-21,False,0.9166795332163121,0.9215056529488377
11,180,2023-12-24,False,0.9277256971569201,0.9215056529488377
11,180,2023-12-27,False,0.9310089065193825,0.9215056529488377
11,180,2023-12-30,False,0.9323950517843684,0.9215056529488377
11,180,2024-01-02,False,0.9318487010300235,0.9215056529488377
11,180,2024-01-05,False,0.9320535916359012,0.9215056529488377
11,180,2024-01-08,False,0.9406238370907417,0.9215056529488377
11,180,2024-01-11,False,0.9404084284599095,0.9215056529488377
11,180,2024-01-14,False,0.9406058159834257,0.9215056529488377
11,180,2024-01-17,False,0.938903429455348,0.9215056529488377
11,180,2024-01-20,False,0.9387561637119509,0.9215056529488377
11,180,2024-01-23,False,0.9389765699360331,0.9215056529488377
11,180,2024-01-26,False,0.9397324682776518,0.9215056529488377
11,180,2024-01-29,False,0.9395753882053552,0.9215056529488377
11,180,2024-02-01,False,0.9398586686334478,0.9215056529488377
11,180,2024-02-04,False,0.9402651042937407,0.9215056529488377
11,180,2024-02-07,False,0.9402997364918265,0.9215056529488377
11,180,2024-02-10,False,0.9410037571015907,0.9215056529488377
11,180,2024-02-13,False,0.9414037002284233,0.9215056529488377
11,180,2024-02-16,False,0.9418154459094142,0.9215056529488377
11,180,2024-02-19,False,0.9415776426989454,0.9215056529488377
11,180,2024-02-22,False,0.9427706776804571,0.9215056529488377
11,180,2024-02-25,False,0.9430161490141541,0.9215056529488377
11,180,2024-02-28,False,0.9456793539173042,0.9215056529488377
11,180,2024-03-02,False,0.9459805113505717,0.9215056529488377
11,180,2024-03-05,True,0.945906295177259,0.9215056529488377
11,180,2024-03-08,True,0.9463942911741793,0.9215056529488377
11,180,2024-03-11,True,0.9481683274762376,0.9215056529488377
11,180,2024-03-14,True,0.9483014151836048,0.9215056529488377
11,180,2024-03-17,True,0.9507443596634293,0.9215056529488377
11,180,2024-03-20,True,0.9489392101060693,0.9215056529488377
11,180,2024-03-23,True,0.9507585103576642,0.9215056529488377
11,180,2024-03-26,True,0.9582249458993046,0.9215056529488377
11,180,2024-03-29,True,0.9573306498308816,0.9215056529488377
11,180,2024-04-01,True,0.9568737043534676,0.9215056529488377
11,180,2024-04-04,True,0.9565956249689193,0.9215056529488377
11,180,2024-04-07,True,0.956342122062908,0.9215056529488377
11,180,2024-04-10,True,0.9563747353181594,0.9215056529488377
11,180,2024-04-13,True,0.9562909391223703,0.9215056529488377
11,180,2024-04-16,True,0.9565307030312632,0.9215056529488377
11,180,2024-04-19,True,0.9554431131416661,0.9215056529488377
11,180,2024-04-22,True,0.9552248879237608,0.9215056529488377
11,180,2024-04-25,True,0.9549345795942571,0.9215056529488377
11,180,2024-04-28,True,0.952666564940198,0.9215056529488377
11,180,2024-05-01,True,0.9519540200169023,0.9215056529488377
11,180,2024-05-04,True,0.9528685132739076,0.9215056529488377
11,180,2024-05-07,True,0.9540032650188983,0.9215056529488377
11,180,2024-05-10,True,0.954048000672187,0.9215056529488377
11,180,2024-05-13,True,0.9544379555277898,0.9215056529488377
11,180,2024-05-16,True,0.9540249024703815,0.9215056529488377
11,180,2024-05-19,True,0.9538186538255523,0.9215056529488377
11,180,2024-05-22,True,0.9546672420044138,0.9215056529488377
11,180,2024-05-25,True,0.9551785223049808,0.9215056529488377
11,180,2024-05-28,True,0.9493827939639772,0.9215056529488377
11,180,2024-05-31,True,0.9538352398215593,0.9215056529488377
11,180,2024-06-03,True,0.9534324526316622,0.9215056529488377
11,180,2024-06-06,True,0.9463491003263901,0.9215056529488377
11,180,2024-06-09,True,0.9421775726868138,0.9215056529488377
11,180,2024-06-12,True,0.9419756968642364,0.9215056529488377
11,180,2024-06-15,True,0.9413166189133385,0.9215056529488377
11,180,2024-06-18,True,0.9394009412507986,0.9215056529488377
11,180,2024-06-21,True,0.9254346559699531,0.9215056529488377
11,180,2024-06-24,True,0.921630461653953,0.9215056529488377
11,180,2024-06-27,True,0.9174365418570773,0.9215056529488377
11,180,2024-06-30,True,0.9193862084451605,0.9215056529488377
11,180,2024-07-03,True,0.9187180165452244,0.9215056529488377
11,180,2024-07-06,True,0.8874930917959372,0.9215056529488377
11,180,2024-07-09,True,0.886863811363173,0.9215056529488377
11,180,2024-07-12,True,0.8881096370592765,0.9215056529488377
11,180,2024-07-15,True,0.8931340036189847,0.9215056529488377
11,180,2024-07-18,True,0.894708969651153,0.9215056529488377
11,180,2024-07-21,True,0.8915018917288347,0.9215056529488377
11,180,2024-07-24,True,0.8863398890643047,0.9215056529488377
11,180,2024-07-27,True,0.8865658833195392,0.9215056529488377
11,180,2024-07-30,True,0.8857356996154552,0.9215056529488377
11,180,2024-08-02,True,0.8824215831076103,0.9215056529488377
11,180,2024-08-05,False,0.8819993878580473,0.9215056529488377
11,180,2024-08-08,False,0.8821447910645711,0.9215056529488377
11,180,2024-08-11,False,0.8795621735088892,0.9215056529488377
11,180,2024-08-14,False,0.8726990809930434,0.9215056529488377
11,180,2024-08-17,False,0.8702938651365545,0.9215056529488377
11,180,2024-08-20,False,0.869895601358234,0.9215056529488377
11,180,2024-08-23,False,0.8675645851846105,0.9215056529488377
11,180,2024-08-26,False,0.8629681645384876,0.9215056529488377
11,180,2024-08-29,False,0.858153718622361,0.9215056529488377
11,180,2024-09-01,False,0.8590082444507319,0.9215056529488377
11,180,2024-09-04,False,0.8608955819538049,0.9215056529488377
11,180,2024-09-07,False,0.8532884393423992,0.9215056529488377
11,180,2024-09-10,False,0.8568352125223567,0.9215056529488377
11,180,2024-09-13,False,0.8534364757118414,0.9215056529488377
11,180,2024-09-16,False,0.845693756529375,0.9215056529488377
11,180,2024-09-19,False,0.8452620280063239,0.9215056529488377
11,180,2024-09-22,False,0.8425350005065435,0.9215056529488377
11,180,2024-09-25,False,0.8384513365315422,0.9215056529488377
11,180,2024-09-28,False,0.8393073891758572,0.9215056529488377
11,180,2024-10-01,False,0.8423844164829317,0.9215056529488377
11,180,2024-10-04,False,0.8403093654012952,0.9215056529488377
11,180,2024-10-07,False,0.8414921405700004,0.9215056529488377
11,180,2024-10-10,False,0.8376016838469313,0.9215056529488377
11,180,2024-10-13,False,0.8383468011747729,0.9215056529488377
11,180,2024-10-16,False,0.8399397359476996,0.9215056529488377
11,180,2024-10-19,False,0.8383076961511413,0.9215056529488377
11,180,2024-10-22,False,0.8315918111973948,0.9215056529488377
11,180,2024-10-25,False,0.8306753927935963,0.9215056529488377
11,180,2024-10-28,False,0.8312275891611436,0.9215056529488377
11,180,2024-10-31,False,0.8305213481238154,0.9215056529488377
11,180,2024-11-03,False,0.8543630864999506,0.9215056529488377
11,180,2024-11-06,False,0.8702213261042206,0.9215056529488377
11,180,2024-11-09,False,0.8755481018634514,0.9215056529488377
11,180,2024-11-12,False,0.8761072112298857,0.9215056529488377
11,180,2024-11-15,False,0.8752646575297989,0.9215056529488377
11,180,2024-11-18,False,0.8752669759244751,0.9215056529488377
11,180,2024-11-21,False,0.8777168617793909,0.9215056529488377
11,180,2024-11-24,False,0.8860550283227848,0.9215056529488377
11,180,2024-11-27,False,0.8861761801944381,0.9215056529488377
11,180,2024-11-30,False,0.8821731544987954,0.9215056529488377
11,180,2024-12-03,False,0.8799002741296318,0.9215056529488377
11,180,2024-12-06,False,0.8802425200188791,0.9215056529488377
11,180,2024-12-09,False,0.9051429768797804,0.9215056529488377
11,180,2024-12-12,False,0.9067110378547177,0.9215056529488377
11,180,2024-12-15,False,0.9127552856129272,0.9215056529488377
11,180,2024-12-18,False,0.9131501979624093,0.9215056529488377
11,180,2024-12-21,False,0.9134582240490815,0.9215056529488377
11,180,2024-12-24,False,0.9138602566826739,0.9215056529488377
11,180,2024-12-27,False,0.9144627993624422,0.9215056529488377
11,180,2024-12-30,False,0.9190063186638227,0.9215056529488377
11,180,2025-01-02,False,0.9201666452645393,0.9215056529488377
11,180,2025-01-05,False,0.9203098155636302,0.9215056529488377
11,180,2025-01-08,False,0.919348596579938,0.9215056529488377
11,180,2025-01-11,False,0.9200086339455997,0.9215056529488377
11,180,2025-01-14,False,0.919747011289741,0.9215056529488377
11,180,2025-01-17,False,0.920322528968396,0.9215056529488377
11,180,2025-01-20,False,0.9197433858161667,0.9215056529488377
11,180,2025-01-23,False,0.919137445039292,0.9215056529488377
11,180,2025-01-26,False,0.9196891016311971,0.9215056529488377
11,180,2025-01-29,False,0.9191820084999273,0.9215056529488377
11,180,2025-02-01,False,0.9195843393540574,0.9215056529488377
11,180,2025-02-04,False,0.9193125659041591,0.9215056529488377
11,180,2025-02-07,False,0.9197644803266215,0.9215056529488377
11,180,2025-02-10,False,0.9220387246737397,0.9215056529488377
11,180,2025-02-13,False,0.9234535086742799,0.9215056529488377
11,180,2025-02-16,False,0.9243085618139077,0.9215056529488377
11,180,2025-02-19,False,0.924901277358749,0.9215056529488377
11,180,2025-02-22,False,0.9260238606290301,0.9215056529488377
11,180,2025-02-25,False,0.9269760497715293,0.9215056529488377
11,180,2025-02-28,False,0.9273123368564072,0.9215056529488377
11,180,2025-03-03,True,0.9273072618495001,0.9215056529488377
11,180,2025-03-06,True,0.929638067176115,0.9215056529488377
11,180,2025-03-09,True,0.9295434870641424,0.9215056529488377
11,180,2025-03-12,True,0.9293613929399145,0.9215056529488377
11,180,2025-03-15,True,0.9326626196862939,0.9215056529488377
11,180,2025-03-18,True,0.932400382213416,0.9215056529488377
11,180,2025-03-21,True,0.932715346531484,0.9215056529488377
11,180,2025-03-24,True,0.9346843694940468,0.9215056529488377
11,180,2025-03-27,True,0.9347776453384145,0.9215056529488377
11,180,2025-03-30,True,0.9388061950999242,0.9215056529488377
11,180,2025-04-02,True,0.9400332138714339,0.9215056529488377
11,180,2025-04-05,True,0.9416487063127219,0.9215056529488377
11,180,2025-04-08,True,0.942676235873751,0.9215056529488377
11,180,2025-04-11,True,0.9429186568780977,0.9215056529488377
11,180,2025-04-14,True,0.940532378036585,0.9215056529488377
11,180,2025-04-17,True,0.9405411376765195,0.9215056529488377
11,180,2025-04-20,True,0.9418722680200156,0.9215056529488377
11,180,2025-04-23,True,0.9422722462665707,0.9215056529488377
11,180,2025-04-26,True,0.9427649396894222,0.9215056529488377
11,180,2025-04-29,True,0.9429509978695038,0.9215056529488377
11,180,2025-05-02,True,0.9443957344685718,0.9215056529488377
11,180,2025-05-05,True,0.942347366083546,0.9215056529488377
11,180,2025-05-08,True,0.942307556032495,0.9215056529488377
11,180,2025-05-11,True,0.9427524663553123,0.9215056529488377
11,180,2025-05-14,True,0.9424498859268015,0.9215056529488377
11,180,2025-05-17,True,0.9429859309866665,0.9215056529488377
11,180,2025-05-20,True,0.9433928307184641,0.9215056529488377
11,180,2025-05-23,True,0.9435420939869728,0.9215056529488377
11,180,2025-05-26,True,0.9449371214483943,0.9215056529488377
11,180,2025-05-29,True,0.9475949560234124,0.9215056529488377
11,180,2025-06-01,True,0.9499473049541028,0.9215056529488377
11,180,2025-06-04,True,0.9525935488722601,0.9215056529488377
11,180,2025-06-07,True,0.9467454907393111,0.9215056529488377
11,180,2025-06-10,True,0.9461135943971735,0.9215056529488377
11,180,2025-06-13,True,0.9411478701809516,0.9215056529488377
11,180,2025-06-16,True,0.9425164800814685,0.9215056529488377
11,180,2025-06-19,True,0.9416250621902302,0.9215056529488377
11,180,2025-06-22,True,0.9427797115995422,0.9215056529488377
11,180,2025-06-25,True,0.9423118974891903,0.9215056529488377
11,180,2025-06-28,True,0.9372940055833716,0.9215056529488377
11,180,2025-07-01,True,0.9349594111627174,0.9215056529488377
11,180,2025-07-04,True,0.9352087222416978,0.9215056529488377
11,365,2023-01-01,True,0.9128944957432723,0.9215056529488377
11,365,2023-01-04,True,0.9127889969139293,0.9215056529488377
11,365,2023-01-07,True,0.912914355705044,0.9215056529488377
11,365,2023-01-10,True,0.9129959434798205,0.9215056529488377
11,365,2023-01-13,True,0.912562932189654,0.9215056529488377
11,365,2023-01-16,True,0.9122090636880478,0.9215056529488377
11,365,2023-01-19,True,0.9121685416835164,0.9215056529488377
11,365,2023-01-22,True,0.912227342382831,0.9215056529488377
11,365,2023-01-25,True,0.9131608758060007,0.9215056529488377
11,365,2023-01-28,True,0.9129851063812225,0.9215056529488377
11,365,2023-01-31,True,0.9128026508757509,0.9215056529488377
11,365,2023-02-03,True,0.9128873683775862,0.9215056529488377
11,365,2023-02-06,True,0.9127811726813823,0.9215056529488377
11,365,2023-02-09,True,0.9122704937238886,0.9215056529488377
11,365,2023-02-12,True,0.9125676582521792,0.9215056529488377
11,365,2023-02-15,True,0.9128695446861926,0.9215056529488377
11,365,2023-02-18,True,0.9131476236867145,0.9215056529488377
11,365,2023-02-21,True,0.9134220155593216,0.9215056529488377
11,365,2023-02-24,True,0.9143647269386052,0.9215056529488377
11,365,2023-02-27,True,0.9146062472154536,0.9215056529488377
11,365,2023-03-02,True,0.9131532912009643,0.9215056529488377
11,365,2023-03-05,True,0.9142627142977076,0.9215056529488377
11,365,2023-03-08,True,0.9138562086950894,0.9215056529488377
11,365,2023-03-11,True,0.913106351482115,0.9215056529488377
11,365,2023-03-14,True,0.9123000460289056,0.9215056529488377
11,365,2023-03-17,True,0.9120338550911299,0.9215056529488377
11,365,2023-03-20,True,0.9117967081578264,0.9215056529488377
11,365,2023-03-23,True,0.9110934122728652,0.9215056529488377
11,365,2023-03-26,True,0.9059721450962814,0.9215056529488377
11,365,2023-03-29,True,0.9059533241493204,0.9215056529488377
11,365,2023-04-01,True,0.9060606311244903,0.9215056529488377
11,365,2023-04-04,True,0.9058142673959305,0.9215056529488377
11,365,2023-04-07,True,0.9051920730200338,0.9215056529488377
11,365,2023-04-10,True,0.9063799629472178,0.9215056529488377
11,365,2023-04-13,True,0.9065222471741874,0.9215056529488377
11,365,2023-04-16,True,0.9066055602255736,0.9215056529488377
11,365,2023-04-19,True,0.906697405037192,0.9215056529488377
11,365,2023-04-22,True,0.9088905589725383,0.9215056529488377
11,365,2023-04-25,True,0.909127998627795,0.9215056529488377
11,365,2023-04-28,True,0.9092714034279185,0.9215056529488377
11,365,2023-05-01,True,0.909300556033851,0.9215056529488377
11,365,2023-05-04,False,0.9086822339270495,0.9215056529488377
11,365,2023-05-07,False,0.9086052350499252,0.9215056529488377
11,365,2023-05-10,False,0.9092880920639885,0.9215056529488377
11,365,2023-05-13,False,0.908881389958337,0.9215056529488377
11,365,2023-05-16,False,0.9087665180651666,0.9215056529488377
11,365,2023-05-19,False,0.9106478613066347,0.9215056529488377
11,365,2023-05-22,False,0.910750985128564,0.9215056529488377
11,365,2023-05-25,False,0.9103943974760762,0.9215056529488377
11,365,2023-05-28,False,0.9119886261911127,0.9215056529488377
11,365,2023-05-31,False,0.9173756190835884,0.9215056529488377
11,365,2023-06-03,False,0.9178386486715467,0.9215056529488377
11,365,2023-06-06,False,0.9210680833642748,0.9215056529488377
11,365,2023-06-09,False,0.9259549455307271,0.9215056529488377
11,365,2023-06-12,False,0.9261824827094605,0.9215056529488377
11,365,2023-06-15,False,0.9267405212934218,0.9215056529488377
11,365,2023-06-18,False,0.9253143054087252,0.9215056529488377
11,365,2023-06-21,False,0.9056072451172648,0.9215056529488377
11,365,2023-06-24,False,0.9065666500948323,0.9215056529488377
11,365,2023-06-27,False,0.9069591307299886,0.9215056529488377
11,365,2023-06-30,False,0.9059408332690693,0.9215056529488377
11,365,2023-07-03,False,0.9061777728394995,0.9215056529488377
11,365,2023-07-06,False,0.9122767680071653,0.9215056529488377
11,365,2023-07-09,False,0.913893138858603,0.9215056529488377
11,365,2023-07-12,False,0.9138888691536167,0.9215056529488377
11,365,2023-07-15,False,0.9122332679880647,0.9215056529488377
11,365,2023-07-18,False,0.9117960243869717,0.9215056529488377
11,365,2023-07-21,False,0.9129392499845675,0.9215056529488377
11,365,2023-07-24,False,0.9141351445957482,0.9215056529488377
11,365,2023-07-27,False,0.9157105467832088,0.9215056529488377
11,365,2023-07-30,False,0.9155987414348463,0.9215056529488377
11,365,2023-08-02,False,0.9158379690284502,0.9215056529488377
11,365,2023-08-05,False,0.917215307914042,0.9215056529488377
11,365,2023-08-08,False,0.9168071791734643,0.9215056529488377
11,365,2023-08-11,False,0.916759452154856,0.9215056529488377
11,365,2023-08-14,False,0.9162559826561901,0.9215056529488377
11,365,2023-08-17,False,0.9161844602002066,0.9215056529488377
11,365,2023-08-20,False,0.9162328643313329,0.9215056529488377
11,365,2023-08-23,False,0.9156843914250754,0.9215056529488377
11,365,2023-08-26,False,0.9154780015611718,0.9215056529488377
11,365,2023-08-29,False,0.9152795950389481,0.9215056529488377
11,365,2023-09-01,False,0.9146896448609996,0.9215056529488377
11,365,2023-09-04,False,0.9142214982934795,0.9215056529488377
11,365,2023-09-07,False,0.9128860807200446,0.9215056529488377
11,365,2023-09-10,False,0.9106985963268621,0.9215056529488377
11,365,2023-09-13,False,0.9102740983149233,0.9215056529488377
11,365,2023-09-16,False,0.909190318136496,0.9215056529488377
11,365,2023-09-19,False,0.9099966232226702,0.9215056529488377
11,365,2023-09-22,False,0.9102463298052903,0.9215056529488377
11,365,2023-09-25,False,0.9096850030817273,0.9215056529488377
11,365,2023-09-28,False,0.909516503727704,0.9215056529488377
11,365,2023-10-01,False,0.9114008845815473,0.9215056529488377
11,365,2023-10-04,False,0.913031508763626,0.9215056529488377
11,365,2023-10-07,False,0.921506127928548,0.9215056529488377
11,365,2023-10-10,False,0.9218833841356665,0.9215056529488377
11,365,2023-10-13,False,0.9220257714771514,0.9215056529488377
11,365,2023-10-16,False,0.9215911076544097,0.9215056529488377
11,365,2023-10-19,False,0.9213405233944734,0.9215056529488377
11,365,2023-10-22,False,0.9196203097818475,0.9215056529488377
11,365,2023-10-25,False,0.921056770948425,0.9215056529488377
11,365,2023-10-28,False,0.9226825431102141,0.9215056529488377
11,365,2023-10-31,False,0.9230088027111796,0.9215056529488377
11,365,2023-11-03,False,0.9229162950722338,0.9215056529488377
11,365,2023-11-06,False,0.9223174101874818,0.9215056529488377
11,365,2023-11-09,False,0.9223298392189052,0.9215056529488377
11,365,2023-11-12,False,0.9226272081318478,0.9215056529488377
11,365,2023-11-15,False,0.9230210023381991,0.9215056529488377
11,365,2023-11-18,False,0.9232246028871592,0.9215056529488377
11,365,2023-11-21,False,0.9243210525547884,0.9215056529488377
11,365,2023-11-24,False,0.9243409501789698,0.9215056529488377
11,365,2023-11-27,False,0.9245253070690038,0.9215056529488377
11,365,2023-11-30,False,0.9246996106738643,0.9215056529488377
11,365,2023-12-03,True,0.925387992965007,0.9215056529488377
11,365,2023-12-06,True,0.9253214502399438,0.9215056529488377
11,365,2023-12-09,True,0.9254434041425988,0.9215056529488377
11,365,2023-12-12,True,0.9273295004323222,0.9215056529488377
11,365,2023-12-15,True,0.9271335611660375,0.9215056529488377
11,365,2023-12-18,True,0.9266655046960494,0.9215056529488377
11,365,2023-12-21,True,0.9267003318569313,0.9215056529488377
11,365,2023-12-24,True,0.9258479042787796,0.9215056529488377
11,365,2023-12-27,True,0.9266994020732178,0.9215056529488377
11,365,2023-12-30,True,0.9269270336078758,0.9215056529488377
11,365,2024-01-02,True,0.9273107508223876,0.9215056529488377
11,365,2024-01-05,True,0.9272467176220849,0.9215056529488377
11,365,2024-01-08,True,0.9273438508988952,0.9215056529488377
11,365,2024-01-11,True,0.927536814767379,0.9215056529488377
11,365,2024-01-14,True,0.927441291299155,0.9215056529488377
11,365,2024-01-17,True,0.9271699143182351,0.9215056529488377
11,365,2024-01-20,True,0.9271540875524414,0.9215056529488377
11,365,2024-01-23,True,0.9268196644179061,0.9215056529488377
11,365,2024-01-26,True,0.9269724880242822,0.9215056529488377
11,365,2024-01-29,True,0.9270830427392398,0.9215056529488377
11,365,2024-02-01,True,0.927106377770551,0.9215056529488377
11,365,2024-02-04,True,0.9264498050464457,0.9215056529488377
11,365,2024-02-07,True,0.926659113783182,0.9215056529488377
11,365,2024-02-10,True,0.9261698887868852,0.9215056529488377
11,365,2024-02-13,True,0.925502420386583,0.9215056529488377
11,365,2024-02-16,True,0.9252105224782898,0.9215056529488377
11,365,2024-02-19,True,0.9247901013877795,0.9215056529488377
11,365,2024-02-22,True,0.9260085671730617,0.9215056529488377
11,365,2024-02-25,True,0.9246235006644129,0.9215056529488377
11,365,2024-02-28,True,0.9267431542186073,0.9215056529488377
11,365,2024-03-02,True,0.9263207121689414,0.9215056529488377
11,365,2024-03-05,True,0.9259268698475347,0.9215056529488377
11,365,2024-03-08,True,0.9251912430587562,0.9215056529488377
11,365,2024-03-11,True,0.9263416804971314,0.9215056529488377
11,365,2024-03-14,True,0.9257908819272906,0.9215056529488377
11,365,2024-03-17,True,0.9253937620367649,0.9215056529488377
11,365,2024-03-20,True,0.9247551591237316,0.9215056529488377
11,365,2024-03-23,True,0.9251497806119848,0.9215056529488377
11,365,2024-03-26,True,0.9300390579140412,0.9215056529488377
11,365,2024-03-29,True,0.9290856029345795,0.9215056529488377
11,365,2024-04-01,True,0.9267584604178123,0.9215056529488377
11,365,2024-04-04,True,0.9261996128296063,0.9215056529488377
11,365,2024-04-07,True,0.9255811344796049,0.9215056529488377
11,365,2024-04-10,True,0.9252880507428148,0.9215056529488377
11,365,2024-04-13,True,0.9251489478286574,0.9215056529488377
11,365,2024-04-16,True,0.9251688345168418,0.9215056529488377
11,365,2024-04-19,True,0.9248646383771655,0.9215056529488377
11,365,2024-04-22,True,0.9243585721140728,0.9215056529488377
11,365,2024-04-25,True,0.9248063508204091,0.9215056529488377
11,365,2024-04-28,True,0.9247523057388901,0.9215056529488377
11,365,2024-05-01,True,0.9232428653961525,0.9215056529488377
11,365,2024-05-04,False,0.9277265442072917,0.9215056529488377
11,365,2024-05-07,False,0.9294906605673369,0.9215056529488377
11,365,2024-05-10,False,0.9293946688946184,0.9215056529488377
11,365,2024-05-13,False,0.9294060629496003,0.9215056529488377
11,365,2024-05-16,False,0.9287332434386636,0.9215056529488377
11,365,2024-05-19,False,0.928801339730614,0.9215056529488377
11,365,2024-05-22,False,0.9295190511025049,0.9215056529488377
11,365,2024-05-25,False,0.9297337804421846,0.9215056529488377
11,365,2024-05-28,False,0.9213493435711175,0.9215056529488377
11,365,2024-05-31,False,0.923307121972995,0.9215056529488377
11,365,2024-06-03,False,0.9208007527770448,0.9215056529488377
11,365,2024-06-06,False,0.9208944691161749,0.9215056529488377
11,365,2024-06-09,False,0.9201909520920178,0.9215056529488377
11,365,2024-06-12,False,0.9230789280260678,0.9215056529488377
11,365,2024-06-15,False,0.9231307134525539,0.9215056529488377
11,365,2024-06-18,False,0.9224143617966434,0.9215056529488377
11,365,2024-06-21,False,0.916892709250906,0.9215056529488377
11,365,2024-06-24,False,0.9157595054695067,0.9215056529488377
11,365,2024-06-27,False,0.9172777380781278,0.9215056529488377
11,365,2024-06-30,False,0.9197335657190265,0.9215056529488377
11,365,2024-07-03,False,0.9195143119742442,0.9215056529488377
11,365,2024-07-06,False,0.912499252548381,0.9215056529488377
11,365,2024-07-09,False,0.9126349670569216,0.9215056529488377
11,365,2024-07-12,False,0.9128678441637756,0.9215056529488377
11,365,2024-07-15,False,0.9141766035600107,0.9215056529488377
11,365,2024-07-18,False,0.9141470771276666,0.9215056529488377
11,365,2024-07-21,False,0.9126194538255319,0.9215056529488377
11,365,2024-07-24,False,0.912466611347092,0.9215056529488377
11,365,2024-07-27,False,0.9126854872176787,0.9215056529488377
11,365,2024-07-30,False,0.9123732796542378,0.9215056529488377
11,365,2024-08-02,False,0.9114578424532968,0.9215056529488377
11,365,2024-08-05,False,0.9120293242421348,0.9215056529488377
11,365,2024-08-08,False,0.9128645300169351,0.9215056529488377
11,365,2024-08-11,False,0.9132290341309331,0.9215056529488377
11,365,2024-08-14,False,0.9134638142950802,0.9215056529488377
11,365,2024-08-17,False,0.9138911527642517,0.9215056529488377
11,365,2024-08-20,False,0.91411953055797,0.9215056529488377
11,365,2024-08-23,False,0.9145993433372119,0.9215056529488377
11,365,2024-08-26,False,0.9147113302886881,0.9215056529488377
11,365,2024-08-29,False,0.9144374529677141,0.9215056529488377
11,365,2024-09-01,False,0.9143743657046245,0.9215056529488377
11,365,2024-09-04,False,0.9147157545876778,0.9215056529488377
11,365,2024-09-07,False,0.9146428733664808,0.9215056529488377
11,365,2024-09-10,False,0.9148078547510059,0.9215056529488377
11,365,2024-09-13,False,0.9144141500501878,0.9215056529488377
11,365,2024-09-16,False,0.9149760241630912,0.9215056529488377
11,365,2024-09-19,False,0.9152255420849494,0.9215056529488377
11,365,2024-09-22,False,0.915164337797489,0.9215056529488377
11,365,2024-09-25,False,0.9155343097337261,0.9215056529488377
11,365,2024-09-28,False,0.9159005930008725,0.9215056529488377
11,365,2024-10-01,False,0.9178681531867553,0.9215056529488377
11,365,2024-10-04,False,0.9179747716782217,0.9215056529488377
11,365,2024-10-07,False,0.9179157931310412,0.9215056529488377
11,365,2024-10-10,False,0.916845168444743,0.9215056529488377
11,365,2024-10-13,False,0.9166560637584213,0.9215056529488377
11,365,2024-10-16,False,0.9182193927846115,0.9215056529488377
11,365,2024-10-19,False,0.9186987082114071,0.9215056529488377
11,365,2024-10-22,False,0.9188514696231747,0.9215056529488377
11,365,2024-10-25,False,0.9204644659084622,0.9215056529488377
11,365,2024-10-28,False,0.9213684697732939,0.9215056529488377
11,365,2024-10-31,False,0.9213823567335845,0.9215056529488377
11,365,2024-11-03,False,0.921553518472054,0.9215056529488377
11,365,2024-11-06,False,0.9226994177747855,0.9215056529488377
11,365,2024-11-09,False,0.9223108267008682,0.9215056529488377
11,365,2024-11-12,False,0.9221034179471883,0.9215056529488377
11,365,2024-11-15,False,0.9228909342587358,0.9215056529488377
11,365,2024-11-18,False,0.9231559825296849,0.9215056529488377
11,365,2024-11-21,False,0.9230772497415155,0.9215056529488377
11,365,2024-11-24,False,0.9231645576024735,0.9215056529488377
11,365,2024-11-27,False,0.9233870253586068,0.9215056529488377
11,365,2024-11-30,False,0.9233650742466617,0.9215056529488377
11,365,2024-12-03,True,0.923482937288777,0.9215056529488377
11,365,2024-12-06,True,0.9233679960356225,0.9215056529488377
11,365,2024-12-09,True,0.9232910344230821,0.9215056529488377
11,365,2024-12-12,True,0.9233127326584185,0.9215056529488377
11,365,2024-12-15,True,0.9233684605376157,0.9215056529488377
11,365,2024-12-18,True,0.9238483915338064,0.9215056529488377
11,365,2024-12-21,True,0.923811227814019,0.9215056529488377
11,365,2024-12-24,True,0.9244703838298756,0.9215056529488377
11,365,2024-12-27,True,0.9243484630788237,0.9215056529488377
11,365,2024-12-30,True,0.9243880119708042,0.9215056529488377
11,730,2023-01-01,False,0.9196934759263364,0.9215056529488377
11,730,2023-01-04,False,0.9197082832405801,0.9215056529488377
11,730,2023-01-07,False,0.9198699469006671,0.9215056529488377
11,730,2023-01-10,False,0.9199285895562556,0.9215056529488377
11,730,2023-01-13,False,0.9197333703322045,0.9215056529488377
11,730,2023-01-16,False,0.9196787918530802,0.9215056529488377
11,730,2023-01-19,False,0.9194322379718957,0.9215056529488377
11,730,2023-01-22,False,0.9192890647885436,0.9215056529488377
11,730,2023-01-25,False,0.919807356391287,0.9215056529488377
11,730,2023-01-28,False,0.9197765879982672,0.9215056529488377
11,730,2023-01-31,False,0.9196793658460738,0.9215056529488377
11,730,2023-02-03,False,0.9194854555730599,0.9215056529488377
11,730,2023-02-06,False,0.9195119738560932,0.9215056529488377
11,730,2023-02-09,False,0.9194893224868711,0.9215056529488377
11,730,2023-02-12,False,0.9188279723261126,0.9215056529488377
11,730,2023-02-15,False,0.918807013227809,0.9215056529488377
11,730,2023-02-18,False,0.9187266069475912,0.9215056529488377
11,730,2023-02-21,False,0.9193507078099362,0.9215056529488377
11,730,2023-02-24,False,0.9195761948214992,0.9215056529488377
11,730,2023-02-27,False,0.9198751044670688,0.9215056529488377
11,730,2023-03-02,False,0.9196159796169201,0.9215056529488377
11,730,2023-03-05,False,0.9199483387415686,0.9215056529488377
11,730,2023-03-08,False,0.9190892152458086,0.9215056529488377
11,730,2023-03-11,False,0.9191972224063042,0.9215056529488377
11,730,2023-03-14,False,0.9192618616798222,0.9215056529488377
11,730,2023-03-17,False,0.9180319911060526,0.9215056529488377
11,730,2023-03-20,False,0.9182350814633133,0.9215056529488377
11,730,2023-03-23,False,0.9182562648283836,0.9215056529488377
11,730,2023-03-26,False,0.9178578853847923,0.9215056529488377
11,730,2023-03-29,False,0.917382828207765,0.9215056529488377
11,730,2023-04-01,False,0.9164508892033761,0.9215056529488377
11,730,2023-04-04,False,0.9160892267757788,0.9215056529488377
11,730,2023-04-07,False,0.9157601516268451,0.9215056529488377
11,730,2023-04-10,False,0.915814856067075,0.9215056529488377
11,730,2023-04-13,False,0.9158381768734635,0.9215056529488377
11,730,2023-04-16,False,0.915864797922289,0.9215056529488377
11,730,2023-04-19,False,0.9157814645492315,0.9215056529488377
11,730,2023-04-22,False,0.9166906528208694,0.9215056529488377
11,730,2023-04-25,False,0.9168844204654049,0.9215056529488377
11,730,2023-04-28,False,0.9169856208936427,0.9215056529488377
11,730,2023-05-01,False,0.9159554300583802,0.9215056529488377
11,730,2023-05-04,False,0.9184351082805888,0.9215056529488377
11,730,2023-05-07,False,0.9192189245980276,0.9215056529488377
11,730,2023-05-10,False,0.9198330014267001,0.9215056529488377
11,730,2023-05-13,False,0.9197945707170947,0.9215056529488377
11,730,2023-05-16,False,0.9195638453553163,0.9215056529488377
11,730,2023-05-19,False,0.9201206572651693,0.9215056529488377
11,730,2023-05-22,False,0.9202532920844976,0.9215056529488377
11,730,2023-05-25,False,0.9209945242971959,0.9215056529488377
11,730,2023-05-28,False,0.9207022744834741,0.9215056529488377
11,730,2023-05-31,False,0.9203071463204602,0.9215056529488377
11,730,2023-06-03,True,0.9196700865300933,0.9215056529488377
11,730,2023-06-06,True,0.9200635835604652,0.9215056529488377
11,730,2023-06-09,True,0.9232837187869608,0.9215056529488377
11,730,2023-06-12,True,0.9243547271208744,0.9215056529488377
11,730,2023-06-15,True,0.9251550308156739,0.9215056529488377
11,730,2023-06-18,True,0.9241386924370351,0.9215056529488377
11,730,2023-06-21,True,0.9129616550008616,0.9215056529488377
11,730,2023-06-24,True,0.9111839316283918,0.9215056529488377
11,730,2023-06-27,True,0.9116324565648758,0.9215056529488377
11,730,2023-06-30,True,0.9133294323159984,0.9215056529488377
11,730,2023-07-03,True,0.9136500854428179,0.9215056529488377
11,730,2023-07-06,True,0.9136057880138373,0.9215056529488377
11,730,2023-07-09,True,0.9132062656609444,0.9215056529488377
11,730,2023-07-12,True,0.9136054256405932,0.9215056529488377
11,730,2023-07-15,True,0.9131287907414413,0.9215056529488377
11,730,2023-07-18,True,0.912875723774196,0.9215056529488377
11,730,2023-07-21,True,0.912990748794125,0.9215056529488377
11,730,2023-07-24,True,0.9132454919407633,0.9215056529488377
11,730,2023-07-27,True,0.9140541350161986,0.9215056529488377
11,730,2023-07-30,True,0.9140700295843236,0.9215056529488377
11,730,2023-08-02,True,0.9138186922179573,0.9215056529488377
11,730,2023-08-05,True,0.9143766832867145,0.9215056529488377
11,730,2023-08-08,True,0.9146216394429153,0.9215056529488377
11,730,2023-08-11,True,0.9149859617706959,0.9215056529488377
11,730,2023-08-14,True,0.914802804730597,0.9215056529488377
11,730,2023-08-17,True,0.9149763100922937,0.9215056529488377
11,730,2023-08-20,True,0.915009262483671,0.9215056529488377
11,730,2023-08-23,True,0.9150706329381257,0.9215056529488377
11,730,2023-08-26,True,0.9150847212130166,0.9215056529488377
11,730,2023-08-29,True,0.9150491942303888,0.9215056529488377
11,730,2023-09-01,True,0.9145758922952805,0.9215056529488377
11,730,2023-09-04,True,0.9144397006174313,0.9215056529488377
11,730,2023-09-07,True,0.9137920355489334,0.9215056529488377
11,730,2023-09-10,True,0.9128029088330951,0.9215056529488377
11,730,2023-09-13,True,0.9126070971284109,0.9215056529488377
11,730,2023-09-16,True,0.9125382717811669,0.9215056529488377
11,730,2023-09-19,True,0.9128232088974931,0.9215056529488377
11,730,2023-09-22,True,0.9128918464440636,0.9215056529488377
11,730,2023-09-25,True,0.9127121237214214,0.9215056529488377
11,730,2023-09-28,True,0.9126688656553644,0.9215056529488377
11,730,2023-10-01,True,0.9145342642729698,0.9215056529488377
11,730,2023-10-04,True,0.9157156622779787,0.9215056529488377
11,730,2023-10-07,True,0.9195879325583907,0.9215056529488377
11,730,2023-10-10,True,0.919749054833414,0.9215056529488377
11,730,2023-10-13,True,0.9192290555156486,0.9215056529488377
11,730,2023-10-16,True,0.9194886196980284,0.9215056529488377
11,730,2023-10-19,True,0.9198313941112397,0.9215056529488377
11,730,2023-10-22,True,0.9191413771301816,0.9215056529488377
11,730,2023-10-25,True,0.9206832813291463,0.9215056529488377
11,730,2023-10-28,True,0.9219354825045645,0.9215056529488377
11,730,2023-10-31,True,0.9220259475108947,0.9215056529488377
11,730,2023-11-03,False,0.9220669540255726,0.9215056529488377
11,730,2023-11-06,False,0.9225278769492886,0.9215056529488377
11,730,2023-11-09,False,0.9224800143011648,0.9215056529488377
11,730,2023-11-12,False,0.9222519391413498,0.9215056529488377
11,730,2023-11-15,False,0.9228433388714179,0.9215056529488377
11,730,2023-11-18,False,0.9231856494270387,0.9215056529488377
11,730,2023-11-21,False,0.9236504790895806,0.9215056529488377
11,730,2023-11-24,False,0.9235948752906572,0.9215056529488377
11,730,2023-11-27,False,0.9238945890635077,0.9215056529488377
11,730,2023-11-30,False,0.9239494952150309,0.9215056529488377
11,730,2023-12-03,False,0.9243368884539607,0.9215056529488377
11,730,2023-12-06,False,0.9242848663103149,0.9215056529488377
11,730,2023-12-09,False,0.9242252659558182,0.9215056529488377
11,730,2023-12-12,False,0.9250926668250795,0.9215056529488377
11,730,2023-12-15,False,0.9249242142485615,0.9215056529488377
11,730,2023-12-18,False,0.9250779432909125,0.9215056529488377
11,730,2023-12-21,False,0.9250950817913495,0.9215056529488377
11,730,2023-12-24,False,0.9251400716327866,0.9215056529488377
11,730,2023-12-27,False,0.9253451186133677,0.9215056529488377
11,730,2023-12-30,False,0.9254882297035094,0.9215056529488377
11,730,2024-01-02,False,0.9257142611917947,0.9215056529488377
12,7,2023-01-01,False,0.5904508201514156,0.8500220875276648
12,7,2023-01-04,False,0.423027825025864,0.8500220875276648
12,7,2023-01-07,False,0.5775059777207563,0.8500220875276648
12,7,2023-01-10,False,0.6128146927543834,0.8500220875276648
12,7,2023-01-13,False,0.6666953941392627,0.8500220875276648
12,7,2023-01-16,False,0.8798629495771702,0.8500220875276648
12,7,2023-01-19,False,0.8730345446280579,0.8500220875276648
12,7,2023-01-22,False,0.8782457140192271,0.8500220875276648
12,7,2023-01-25,False,0.8484855105410415,0.8500220875276648
12,7,2023-01-28,False,0.8233321024004657,0.8500220875276648
12,7,2023-01-31,False,0.8489831112368948,0.8500220875276648
12,7,2023-02-03,False,0.921975750017163,0.8500220875276648
12,7,2023-02-06,False,0.9857151196092375,0.8500220875276648
12,7,2023-02-09,False,0.927528645628751,0.8500220875276648
12,7,2023-02-12,False,0.848646677321614,0.8500220875276648
12,7,2023-02-15,False,0.8052370251219273,0.8500220875276648
12,7,2023-02-18,False,0.6684017586143928,0.8500220875276648
12,7,2023-02-21,False,0.7063343268760347,0.8500220875276648
12,7,2023-02-24,False,0.7632902070452519,0.8500220875276648
12,7,2023-02-27,False,0.9544639983098155,0.8500220875276648
12,7,2023-03-02,False,0.9302811231978535,0.8500220875276648
12,7,2023-03-05,False,0.8425572976641247,0.8500220875276648
12,7,2023-03-08,False,0.7047932718264716,0.8500220875276648
12,7,2023-03-11,False,0.7090752851177378,0.8500220875276648
12,7,2023-03-14,False,0.8160024421001737,0.8500220875276648
12,7,2023-03-17,False,0.8794303976252091,0.8500220875276648
12,7,2023-03-20,False,0.8620360363249369,0.8500220875276648
12,7,2023-03-23,False,0.8421792255875533,0.8500220875276648
12,7,2023-03-26,False,0.8488704704319856,0.8500220875276648
12,7,2023-03-29,False,0.88377732162299,0.8500220875276648
12,7,2023-04-01,False,0.9296025674495719,0.8500220875276648
12,7,2023-04-04,False,0.7235647367464331,0.8500220875276648
12,7,2023-04-07,False,0.3945237500544736,0.8500220875276648
12,7,2023-04-10,False,0.43237152354928066,0.8500220875276648
12,7,2023-04-13,False,0.8918022471945397,0.8500220875276648
12,7,2023-04-16,False,0.7587123989577438,0.8500220875276648
12,7,2023-04-19,False,0.8048768615016326,0.8500220875276648
12,7,2023-04-22,False,0.8326902721220247,0.8500220875276648
12,7,2023-04-25,False,0.9119079751408791,0.8500220875276648
12,7,2023-04-28,False,0.9035673849724382,0.8500220875276648
12,7,2023-05-01,False,0.7972633262192047,0.8500220875276648
12,7,2023-05-04,False,0.4179597739168507,0.8500220875276648
12,7,2023-05-07,False,0.7180684377144673,0.8500220875276648
12,7,2023-05-10,False,0.9138646511554078,0.8500220875276648
12,7,2023-05-13,False,0.8516732043061468,0.8500220875276648
12,7,2023-05-16,False,0.7885865326279077,0.8500220875276648
12,7,2023-05-19,False,0.8417810994156283,0.8500220875276648
12,7,2023-05-22,False,0.8383248625505171,0.8500220875276648
12,7,2023-05-25,False,0.7945438408598293,0.8500220875276648
12,7,2023-05-28,False,0.9454735687559307,0.8500220875276648
12,7,2023-05-31,True,0.8747074772454633,0.8500220875276648
12,7,2023-06-03,True,0.7963986251242551,0.8500220875276648
12,7,2023-06-06,True,0.8561387495350006,0.8500220875276648
12,7,2023-06-09,True,0.825241898125427,0.8500220875276648
12,7,2023-06-12,True,0.8862573666164079,0.8500220875276648
12,7,2023-06-15,True,0.9638251646015107,0.8500220875276648
12,7,2023-06-18,True,0.9696831846055901,0.8500220875276648
12,7,2023-06-21,True,0.9380022643994339,0.8500220875276648
12,7,2023-06-24,True,0.9109738109270761,0.8500220875276648
12,7,2023-06-27,True,0.7728573757433465,0.8500220875276648
12,7,2023-06-30,True,0.8036151271132623,0.8500220875276648
12,7,2023-07-03,True,0.8074218366725507,0.8500220875276648
12,7,2023-07-06,True,0.9263238046445303,0.8500220875276648
12,7,2023-07-09,True,0.9860193488056875,0.8500220875276648
12,7,2023-07-12,True,0.9619390194102849,0.8500220875276648
12,7,2023-07-15,True,0.9520983747012401,0.8500220875276648
12,7,2023-07-18,True,0.947120407305604,0.8500220875276648
12,7,2023-07-21,True,0.7978478205015204,0.8500220875276648
12,7,2023-07-24,True,0.7617717188785271,0.8500220875276648
12,7,2023-07-27,True,0.9214578304526119,0.8500220875276648
12,7,2023-07-30,True,0.8308388372648179,0.8500220875276648
12,7,2023-08-02,True,0.7848212138760351,0.8500220875276648
12,7,2023-08-05,True,0.516661716825705,0.8500220875276648
12,7,2023-08-08,True,0.8222683158730071,0.8500220875276648
12,7,2023-08-11,True,0.8592294333150478,0.8500220875276648
12,7,2023-08-14,True,0.778200770252115,0.8500220875276648
12,7,2023-08-17,True,0.9375437609663907,0.8500220875276648
12,7,2023-08-20,True,0.8978724731459587,0.8500220875276648
12,7,2023-08-23,True,0.8431802335714883,0.8500220875276648
12,7,2023-08-26,True,0.9082058974553607,0.8500220875276648
12,7,2023-08-29,True,0.9117453691444949,0.8500220875276648
12,7,2023-09-01,True,0.9216691146873226,0.8500220875276648
12,7,2023-09-04,True,0.9028653111614267,0.8500220875276648
12,7,2023-09-07,True,0.8821070610859272,0.8500220875276648
12,7,2023-09-10,True,0.8670197249141524,0.8500220875276648
12,7,2023-09-13,True,0.7776839673605995,0.8500220875276648
12,7,2023-09-16,True,0.7850097959648805,0.8500220875276648
12,7,2023-09-19,True,0.7647982375539495,0.8500220875276648
12,7,2023-09-22,True,0.8965978514074646,0.8500220875276648
12,7,2023-09-25,True,0.9568534105078118,0.8500220875276648
12,7,2023-09-28,True,0.9199479722645351,0.8500220875276648
12,7,2023-10-01,True,0.4417378256473701,0.8500220875276648
12,7,2023-10-04,True,0.597532050800872,0.8500220875276648
12,7,2023-10-07,True,0.5419318861746115,0.8500220875276648
12,7,2023-10-10,True,-0.4066120013246559,0.8500220875276648
12,7,2023-10-13,True,0.8944339430619402,0.8500220875276648
12,7,2023-10-16,True,0.9644748870262815,0.8500220875276648
12,7,2023-10-19,True,0.9352119114825547,0.8500220875276648
12,7,2023-10-22,True,0.8995073208137166,0.8500220875276648
12,7,2023-10-25,True,0.7880696681875954,0.8500220875276648
12,7,2023-10-28,True,0.8849383620893341,0.8500220875276648
12,7,2023-10-31,False,0.9100858371269774,0.8500220875276648
12,7,2023-11-03,False,0.9090408608823399,0.8500220875276648
12,7,2023-11-06,False,0.9092892851487273,0.8500220875276648
12,7,2023-11-09,False,0.7543730376259723,0.8500220875276648
12,7,2023-11-12,False,0.7244868227394079,0.8500220875276648
12,7,2023-11-15,False,0.9280613173506892,0.8500220875276648
12,7,2023-11-18,False,0.9249566690582832,0.8500220875276648
12,7,2023-11-21,False,0.8431539906001001,0.8500220875276648
12,7,2023-11-24,False,0.5678342910390675,0.8500220875276648
12,7,2023-11-27,False,0.752609887394077,0.8500220875276648
12,7,2023-11-30,False,0.7571950552337503,0.8500220875276648
12,7,2023-12-03,False,0.7213699677438719,0.8500220875276648
12,7,2023-12-06,False,0.6374604650658229,0.8500220875276648
12,7,2023-12-09,False,0.5083116789090536,0.8500220875276648
12,7,2023-12-12,False,0.498541831363713,0.8500220875276648
12,7,2023-12-15,False,0.7169773695732458,0.8500220875276648
12,7,2023-12-18,False,0.8449738179224915,0.8500220875276648
12,7,2023-12-21,False,0.8853298024276914,0.8500220875276648
12,7,2023-12-24,False,0.8201002161247518,0.8500220875276648
12,7,2023-12-27,False,0.8650675614814347,0.8500220875276648
12,7,2023-12-30,False,0.8640721097441,0.8500220875276648
12,7,2024-01-02,False,0.6326213998718214,0.8500220875276648
12,7,2024-01-05,False,0.7216937869641128,0.8500220875276648
12,7,2024-01-08,False,0.8114047885861091,0.8500220875276648
12,7,2024-01-11,False,0.7042810548571892,0.8500220875276648
12,7,2024-01-14,False,0.778969939342098,0.8500220875276648
12,7,2024-01-17,False,0.7168046818168473,0.8500220875276648
12,7,2024-01-20,False,0.6180382281765253,0.8500220875276648
12,7,2024-01-23,False,0.7179488882666745,0.8500220875276648
12,7,2024-01-26,False,0.44313952653981803,0.8500220875276648
12,7,2024-01-29,False,0.6172594855580953,0.8500220875276648
12,7,2024-02-01,False,0.7630008781749348,0.8500220875276648
12,7,2024-02-04,False,0.7583017583190392,0.8500220875276648
12,7,2024-02-07,False,0.7837934661045605,0.8500220875276648
12,7,2024-02-10,False,0.872612091002038,0.8500220875276648
12,7,2024-02-13,False,0.9101337194741691,0.8500220875276648
12,7,2024-02-16,False,0.8834959699519095,0.8500220875276648
12,7,2024-02-19,False,0.8004945296796862,0.8500220875276648
12,7,2024-02-22,False,0.7555986005300266,0.8500220875276648
12,7,2024-02-25,False,0.7179775124665935,0.8500220875276648
12,7,2024-02-28,False,0.7720477628755656,0.8500220875276648
12,7,2024-03-02,False,0.8015779463070476,0.8500220875276648
12,7,2024-03-05,False,0.8484342342753559,0.8500220875276648
12,7,2024-03-08,False,0.8572488895212735,0.8500220875276648
12,7,2024-03-11,False,0.8725395199402562,0.8500220875276648
12,7,2024-03-14,False,0.9117067163347152,0.8500220875276648
12,7,2024-03-17,False,0.9194454228203179,0.8500220875276648
12,7,2024-03-20,False,0.8835496470200565,0.8500220875276648
12,7,2024-03-23,False,0.8606990560868144,0.8500220875276648
12,7,2024-03-26,False,0.19316740849666614,0.8500220875276648
12,7,2024-03-29,False,0.6398488085488199,0.8500220875276648
12,7,2024-04-01,False,0.8730739692678156,0.8500220875276648
12,7,2024-04-04,False,0.8451774678327213,0.8500220875276648
12,7,2024-04-07,False,0.8173318070937439,0.8500220875276648
12,7,2024-04-10,False,0.6655302683439652,0.8500220875276648
12,7,2024-04-13,False,0.9016104256656693,0.8500220875276648
12,7,2024-04-16,False,0.8484740651180902,0.8500220875276648
12,7,2024-04-19,False,0.7603438454893683,0.8500220875276648
12,7,2024-04-22,False,0.04455578025951068,0.8500220875276648
12,7,2024-04-25,False,0.27313332414082325,0.8500220875276648
12,7,2024-04-28,False,0.7918493178058417,0.8500220875276648
12,7,2024-05-01,False,0.7451600302139452,0.8500220875276648
12,7,2024-05-04,False,0.607911124857486,0.8500220875276648
12,7,2024-05-07,False,0.4043724746285018,0.8500220875276648
12,7,2024-05-10,False,0.9239263038428543,0.8500220875276648
12,7,2024-05-13,False,0.9316929591459854,0.8500220875276648
12,7,2024-05-16,False,0.8635369763608792,0.8500220875276648
12,7,2024-05-19,False,0.9087213112323407,0.8500220875276648
12,7,2024-05-22,False,0.8176758485144346,0.8500220875276648
12,7,2024-05-25,False,0.8275667166104309,0.8500220875276648
12,7,2024-05-28,False,0.4474692044570442,0.8500220875276648
12,7,2024-05-31,True,0.9256006710461073,0.8500220875276648
12,7,2024-06-03,True,0.927122710215571,0.8500220875276648
12,7,2024-06-06,True,0.8635443239168362,0.8500220875276648
12,7,2024-06-09,True,0.743581911334914,0.8500220875276648
12,7,2024-06-12,True,0.8919827698588718,0.8500220875276648
12,7,2024-06-15,True,0.9508244053995148,0.8500220875276648
12,7,2024-06-18,True,0.901283090136672,0.8500220875276648
12,7,2024-06-21,True,0.4698729020248861,0.8500220875276648
12,7,2024-06-24,True,0.6256896318501152,0.8500220875276648
12,7,2024-06-27,True,0.8844467118680709,0.8500220875276648
12,7,2024-06-30,True,0.9718662575525631,0.8500220875276648
12,7,2024-07-03,True,0.9846312300214471,0.8500220875276648
12,7,2024-07-06,True,0.8597885394424054,0.8500220875276648
12,7,2024-07-09,True,0.4887988513470132,0.8500220875276648
12,7,2024-07-12,True,0.48711835894299094,0.8500220875276648
12,7,2024-07-15,True,0.41014878111149167,0.8500220875276648
12,7,2024-07-18,True,0.7314137758606574,0.8500220875276648
12,7,2024-07-21,True,0.6583479751481824,0.8500220875276648
12,7,2024-07-24,True,0.7530739061052686,0.8500220875276648
12,7,2024-07-27,True,0.7991344974323291,0.8500220875276648
12,7,2024-07-30,True,0.6471619409381766,0.8500220875276648
12,7,2024-08-02,True,0.15732296556687664,0.8500220875276648
12,7,2024-08-05,True,0.4000694681265021,0.8500220875276648
12,7,2024-08-08,True,0.7257941464598479,0.8500220875276648
12,7,2024-08-11,True,0.6276753383490803,0.8500220875276648
12,7,2024-08-14,True,0.7064378292637747,0.8500220875276648
12,7,2024-08-17,True,0.16852147814338303,0.8500220875276648
12,7,2024-08-20,True,0.39719054857284,0.8500220875276648
12,7,2024-08-23,True,0.8993530740966522,0.8500220875276648
12,7,2024-08-26,True,0.9134611482547362,0.8500220875276648
12,7,2024-08-29,True,0.37823578839265337,0.8500220875276648
12,7,2024-09-01,True,-0.060983564739298446,0.8500220875276648
12,7,2024-09-04,True,0.3780165194704307,0.8500220875276648
12,7,2024-09-07,True,0.8467240755835351,0.8500220875276648
12,7,2024-09-10,True,0.8269745070405615,0.8500220875276648
12,7,2024-09-13,True,0.8562265632356817,0.8500220875276648
12,7,2024-09-16,True,0.8748008979331998,0.8500220875276648
12,7,2024-09-19,True,0.8507984347979078,0.8500220875276648
12,7,2024-09-22,True,0.928546100583803,0.8500220875276648
12,7,2024-09-25,True,0.9406388452779757,0.8500220875276648
12,7,2024-09-28,True,0.840163583021935,0.8500220875276648
12,7,2024-10-01,True,0.8607067873651484,0.8500220875276648
12,7,2024-10-04,True,0.910207689660246,0.8500220875276648
12,7,2024-10-07,True,0.8372973456356845,0.8500220875276648
12,7,2024-10-10,True,0.5652716839110319,0.8500220875276648
12,7,2024-10-13,True,0.42296956930707197,0.8500220875276648
12,7,2024-10-16,True,0.8343132544427396,0.8500220875276648
12,7,2024-10-19,True,0.8736524052510761,0.8500220875276648
12,7,2024-10-22,True,0.9120665380973978,0.8500220875276648
12,7,2024-10-25,True,0.9054958647756863,0.8500220875276648
12,7,2024-10-28,True,0.915941332147283,0.8500220875276648
12,7,2024-10-31,False,0.728907301109065,0.8500220875276648
12,7,2024-11-03,False,0.7690879443335898,0.8500220875276648
12,7,2024-11-06,False,0.8077770791181,0.8500220875276648
12,7,2024-11-09,False,0.8647955577775793,0.8500220875276648
12,7,2024-11-12,False,0.7034295117628104,0.8500220875276648
12,7,2024-11-15,False,0.8750124444484757,0.8500220875276648
12,7,2024-11-18,False,0.8891367698931056,0.8500220875276648
12,7,2024-11-21,False,0.9131643601830327,0.8500220875276648
12,7,2024-11-24,False,0.8511358229161212,0.8500220875276648
12,7,2024-11-27,False,0.8025852618294552,0.8500220875276648
12,7,2024-11-30,False,0.7190070870061525,0.8500220875276648
12,7,2024-12-03,False,0.7387843439220388,0.8500220875276648
12,7,2024-12-06,False,0.773393065502304,0.8500220875276648
12,7,2024-12-09,False,0.7719416818217688,0.8500220875276648
12,7,2024-12-12,False,0.7034340553741882,0.8500220875276648
12,7,2024-12-15,False,0.6904091525217588,0.8500220875276648
12,7,2024-12-18,False,0.8991155494764501,0.8500220875276648
12,7,2024-12-21,False,0.9017821968386833,0.8500220875276648
12,7,2024-12-24,False,0.8310629634371506,0.8500220875276648
12,7,2024-12-27,False,0.7535391772024957,0.8500220875276648
12,7,2024-12-30,False,0.3886422255559737,0.8500220875276648
12,7,2025-01-02,False,0.5909326193894902,0.8500220875276648
12,7,2025-01-05,False,0.52123419027331,0.8500220875276648
12,7,2025-01-08,False,0.680207516801566,0.8500220875276648
12,7,2025-01-11,False,0.09221033806134349,0.8500220875276648
12,7,2025-01-14,False,0.4594489278008008,0.8500220875276648
12,7,2025-01-17,False,0.4917654051649013,0.8500220875276648
12,7,2025-01-20,False,0.8017508882916811,0.8500220875276648
12,7,2025-01-23,False,0.8421266342407336,0.8500220875276648
12,7,2025-01-26,False,0.8415233546622118,0.8500220875276648
12,7,2025-01-29,False,0.8447594421838434,0.8500220875276648
12,7,2025-02-01,False,0.8589846854396105,0.8500220875276648
12,7,2025-02-04,False,0.9182345692620268,0.8500220875276648
12,7,2025-02-07,False,0.9242610573487776,0.8500220875276648
12,7,2025-02-10,False,0.9109576889132365,0.8500220875276648
12,7,2025-02-13,False,0.8462820780160676,0.8500220875276648
12,7,2025-02-16,False,0.8472736336901057,0.8500220875276648
12,7,2025-02-19,False,0.8810698962050778,0.8500220875276648
12,7,2025-02-22,False,0.9061991492864162,0.8500220875276648
12,7,2025-02-25,False,0.8874711689411581,0.8500220875276648
12,7,2025-02-28,False,0.8941403191288068,0.8500220875276648
12,7,2025-03-03,False,0.9310970868416983,0.8500220875276648
12,7,2025-03-06,False,0.9131032800082164,0.8500220875276648
12,7,2025-03-09,False,0.8334262938500019,0.8500220875276648
12,7,2025-03-12,False,0.8017366462728267,0.8500220875276648
12,7,2025-03-15,False,0.8131896492033847,0.8500220875276648
12,7,2025-03-18,False,0.8752065349847643,0.8500220875276648
12,7,2025-03-21,False,0.8941692461844251,0.8500220875276648
12,7,2025-03-24,False,0.9006413023571757,0.8500220875276648
12,7,2025-03-27,False,0.9306956795195469,0.8500220875276648
12,7,2025-03-30,False,0.935689261621716,0.8500220875276648
12,7,2025-04-02,False,0.9405795015130486,0.8500220875276648
12,7,2025-04-05,False,0.9044928167699253,0.8500220875276648
12,7,2025-04-08,False,0.9347926849411378,0.8500220875276648
12,7,2025-04-11,False,0.8491224632699004,0.8500220875276648
12,7,2025-04-14,False,0.49724894507510264,0.8500220875276648
12,7,2025-04-17,False,0.7252254192437504,0.8500220875276648
12,7,2025-04-20,False,0.9041080062177218,0.8500220875276648
12,7,2025-04-23,False,0.9335978137765367,0.8500220875276648
12,7,2025-04-26,False,0.8293763342073112,0.8500220875276648
12,7,2025-04-29,False,0.7145345718731371,0.8500220875276648
12,7,2025-05-02,False,0.9127548864120747,0.8500220875276648
12,7,2025-05-05,False,0.8748353234491083,0.8500220875276648
12,7,2025-05-08,False,0.24872844696486995,0.8500220875276648
12,7,2025-05-11,False,0.7187476596195979,0.8500220875276648
12,7,2025-05-14,False,0.7363356303816444,0.8500220875276648
12,7,2025-05-17,False,0.9880393833167844,0.8500220875276648
12,7,2025-05-20,False,0.9597240297509334,0.8500220875276648
12,7,2025-05-23,False,0.883391259927576,0.8500220875276648
12,7,2025-05-26,False,0.6656665940413802,0.8500220875276648
12,7,2025-05-29,True,0.7634431118541858,0.8500220875276648
12,7,2025-06-01,True,0.8519385329780504,0.8500220875276648
12,7,2025-06-04,True,0.8906115910374847,0.8500220875276648
12,7,2025-06-07,True,0.842035941196037,0.8500220875276648
12,7,2025-06-10,True,0.8450051050569333,0.8500220875276648
12,7,2025-06-13,True,0.7505268998559196,0.8500220875276648
12,7,2025-06-16,True,0.7378251890033373,0.8500220875276648
12,7,2025-06-19,True,0.8933684922964065,0.8500220875276648
12,7,2025-06-22,True,0.9664860099819378,0.8500220875276648
12,7,2025-06-25,True,0.9617505636646837,0.8500220875276648
12,7,2025-06-28,True,0.7746272665985644,0.8500220875276648
12,7,2025-07-01,True,0.7901717544899793,0.8500220875276648
12,7,2025-07-04,True,0.8564390351056026,0.8500220875276648
12,7,2025-07-07,True,0.8527729697634782,0.8500220875276648
12,7,2025-07-10,True,0.7981054253338602,0.8500220875276648
12,7,2025-07-13,True,0.6519842067604975,0.8500220875276648
12,7,2025-07-16,True,0.7263034789348011,0.8500220875276648
12,7,2025-07-19,True,0.9400518684114152,0.8500220875276648
12,7,2025-07-22,True,0.9001611701527047,0.8500220875276648
12,7,2025-07-25,True,0.866620192240541,0.8500220875276648
12,7,2025-07-28,True,0.7854038185516985,0.8500220875276648
12,7,2025-07-31,True,0.8668639893471417,0.8500220875276648
12,7,2025-08-03,True,0.9642121516051915,0.8500220875276648
12,7,2025-08-06,True,0.9676040827832916,0.8500220875276648
12,7,2025-08-09,True,0.966528328131176,0.8500220875276648
12,7,2025-08-12,True,0.8415461078187367,0.8500220875276648
12,7,2025-08-15,True,0.5821360437906581,0.8500220875276648
12,7,2025-08-18,True,0.6390201404990121,0.8500220875276648
12,7,2025-08-21,True,0.717656328902148,0.8500220875276648
12,7,2025-08-24,True,0.728323845283087,0.8500220875276648
12,7,2025-08-27,True,0.8054312432083578,0.8500220875276648
12,7,2025-08-30,True,0.8694645747377118,0.8500220875276648
12,7,2025-09-02,True,0.8247170647244921,0.8500220875276648
12,7,2025-09-05,True,0.024319281013117755,0.8500220875276648
12,7,2025-09-08,True,0.3567211065235427,0.8500220875276648
12,7,2025-09-11,True,0.08605797006155891,0.8500220875276648
12,7,2025-09-14,True,0.40645401155769545,0.8500220875276648
12,7,2025-09-17,True,0.5366649970602005,0.8500220875276648
12,7,2025-09-20,True,0.22484303003573658,0.8500220875276648
12,7,2025-09-23,True,0.8495598477641425,0.8500220875276648
12,7,2025-09-26,True,0.9253450374168803,0.8500220875276648
12,7,2025-09-29,True,0.9049228427743805,0.8500220875276648
12,7,2025-10-02,True,0.6853300004035435,0.8500220875276648
12,7,2025-10-05,True,0.6623500160908102,0.8500220875276648
12,7,2025-10-08,True,0.7817692370506719,0.8500220875276648
12,7,2025-10-11,True,0.8546120952437714,0.8500220875276648
12,7,2025-10-14,True,0.8234423015506839,0.8500220875276648
12,7,2025-10-17,True,0.5425764346440907,0.8500220875276648
12,7,2025-10-20,True,0.7695206193647196,0.8500220875276648
12,7,2025-10-23,True,0.9487487365687197,0.8500220875276648
12,7,2025-10-26,True,0.9478614078835389,0.8500220875276648
12,7,2025-10-29,False,0.940138390392514,0.8500220875276648
12,7,2025-11-01,False,0.9488030782431176,0.8500220875276648
12,7,2025-11-04,False,0.9262590714668442,0.8500220875276648
12,7,2025-11-07,False,0.8911848234803951,0.8500220875276648
12,7,2025-11-10,False,0.9355793385511014,0.8500220875276648
12,7,2025-11-13,False,0.9235773243785408,0.8500220875276648
12,7,2025-11-16,False,0.7839127590514816,0.8500220875276648
12,7,2025-11-19,False,0.8923660084843978,0.8500220875276648
12,7,2025-11-22,False,0.8910945213869155,0.8500220875276648
12,7,2025-11-25,False,0.827915744079179,0.8500220875276648
12,7,2025-11-28,False,0.845079521356085,0.8500220875276648
12,7,2025-12-01,False,0.43231463962367367,0.8500220875276648
12,7,2025-12-04,False,0.5936667763591937,0.8500220875276648
12,7,2025-12-07,False,0.6546444834685035,0.8500220875276648
12,7,2025-12-10,False,0.7549636305532362,0.8500220875276648
12,7,2025-12-13,False,0.615718127620271,0.8500220875276648
12,7,2025-12-16,False,0.8437926075765139,0.8500220875276648
12,7,2025-12-19,False,0.8052403598917627,0.8500220875276648
12,7,2025-12-22,False,0.8063336915525126,0.8500220875276648
12,7,2025-12-25,False,0.8531223989606278,0.8500220875276648
12,14,2023-01-01,False,0.5382458762029645,0.8500220875276648
12,14,2023-01-04,False,0.6128817963939297,0.8500220875276648
12,14,2023-01-07,False,0.7009332987767416,0.8500220875276648
12,14,2023-01-10,False,0.8265540696417965,0.8500220875276648
12,14,2023-01-13,False,0.8356079373180767,0.8500220875276648
12,14,2023-01-16,False,0.8686256963446761,0.8500220875276648
12,14,2023-01-19,False,0.8620769604036512,0.8500220875276648
12,14,2023-01-22,False,0.8625615077868652,0.8500220875276648
12,14,2023-01-25,False,0.863673215007968,0.8500220875276648
12,14,2023-01-28,False,0.870849641464243,0.8500220875276648
12,14,2023-01-31,False,0.9069290781655696,0.8500220875276648
12,14,2023-02-03,False,0.9142751874677835,0.8500220875276648
12,14,2023-02-06,False,0.8858848863222537,0.8500220875276648
12,14,2023-02-09,False,0.8293919875378422,0.8500220875276648
12,14,2023-02-12,False,0.7318524782053428,0.8500220875276648
12,14,2023-02-15,False,0.7727682942870381,0.8500220875276648
12,14,2023-02-18,False,0.7831196931004727,0.8500220875276648
12,14,2023-02-21,False,0.8005791204471557,0.8500220875276648
12,14,2023-02-24,False,0.7931246473891516,0.8500220875276648
12,14,2023-02-27,False,0.919377169349719,0.8500220875276648
12,14,2023-03-02,False,0.8431572765069151,0.8500220875276648
12,14,2023-03-05,False,0.755012198873785,0.8500220875276648
12,14,2023-03-08,False,0.8424979621267524,0.8500220875276648
12,14,2023-03-11,False,0.8399446296427817,0.8500220875276648
12,14,2023-03-14,False,0.8416443498811613,0.8500220875276648
12,14,2023-03-17,False,0.8588427505304657,0.8500220875276648
12,14,2023-03-20,False,0.8717742562255878,0.8500220875276648
12,14,2023-03-23,False,0.8730864150053549,0.8500220875276648
12,14,2023-03-26,False,0.8823611937258188,0.8500220875276648
12,14,2023-03-29,False,0.810979218078697,0.8500220875276648
12,14,2023-04-01,False,0.8432026272427237,0.8500220875276648
12,14,2023-04-04,False,0.7597530281341419,0.8500220875276648
12,14,2023-04-07,False,0.7586584444652447,0.8500220875276648
12,14,2023-04-10,False,0.7618073689348928,0.8500220875276648
12,14,2023-04-13,False,0.8318525350551705,0.8500220875276648
12,14,2023-04-16,False,0.84289257140237,0.8500220875276648
12,14,2023-04-19,False,0.8331992843705495,0.8500220875276648
12,14,2023-04-22,False,0.8588819587554912,0.8500220875276648
12,14,2023-04-25,False,0.8451256694707411,0.8500220875276648
12,14,2023-04-28,False,0.7998207194034785,0.8500220875276648
12,14,2023-05-01,False,0.8401728301340217,0.8500220875276648
12,14,2023-05-04,False,0.8015310836032418,0.8500220875276648
12,14,2023-05-07,False,0.7731121547250268,0.8500220875276648
12,14,2023-05-10,False,0.849107927051384,0.8500220875276648
12,14,2023-05-13,False,0.8439994727561666,0.8500220875276648
12,14,2023-05-16,False,0.7947430285935198,0.8500220875276648
12,14,2023-05-19,False,0.8561474366413158,0.8500220875276648
12,14,2023-05-22,False,0.8716525956913889,0.8500220875276648
12,14,2023-05-25,True,0.8554168794218846,0.8500220875276648
12,14,2023-05-28,True,0.871312470818902,0.8500220875276648
12,14,2023-05-31,True,0.8739274361855136,0.8500220875276648
12,14,2023-06-03,True,0.8201890135441812,0.8500220875276648
12,14,2023-06-06,True,0.9487763593348405,0.8500220875276648
12,14,2023-06-09,True,0.9590729406591918,0.8500220875276648
12,14,2023-06-12,True,0.9608426058782917,0.8500220875276648
12,14,2023-06-15,True,0.9634915328924217,0.8500220875276648
12,14,2023-06-18,True,0.961154876496662,0.8500220875276648
12,14,2023-06-21,True,0.8777374206544568,0.8500220875276648
12,14,2023-06-24,True,0.8454367014777513,0.8500220875276648
12,14,2023-06-27,True,0.8164729895668927,0.8500220875276648
12,14,2023-06-30,True,0.8022546819405814,0.8500220875276648
12,14,2023-07-03,True,0.8729216804257894,0.8500220875276648
12,14,2023-07-06,True,0.9411806465951346,0.8500220875276648
12,14,2023-07-09,True,0.9562965278488033,0.8500220875276648
12,14,2023-07-12,True,0.9520874399434096,0.8500220875276648
12,14,2023-07-15,True,0.8705560784228707,0.8500220875276648
12,14,2023-07-18,True,0.7846000763720801,0.8500220875276648
12,14,2023-07-21,True,0.8223119130360932,0.8500220875276648
12,14,2023-07-24,True,0.8099555157171872,0.8500220875276648
12,14,2023-07-27,True,0.7695112903447416,0.8500220875276648
12,14,2023-07-30,True,0.8182049329712825,0.8500220875276648
12,14,2023-08-02,True,0.7979641597361153,0.8500220875276648
12,14,2023-08-05,True,0.8119168666148194,0.8500220875276648
12,14,2023-08-08,True,0.8891930597964796,0.8500220875276648
12,14,2023-08-11,True,0.9063666394413296,0.8500220875276648
12,14,2023-08-14,True,0.8568581894742747,0.8500220875276648
12,14,2023-08-17,True,0.8964806475768713,0.8500220875276648
12,14,2023-08-20,True,0.9225088212484571,0.8500220875276648
12,14,2023-08-23,True,0.9163487030534239,0.8500220875276648
12,14,2023-08-26,True,0.918030273178843,0.8500220875276648
12,14,2023-08-29,True,0.900763804060184,0.8500220875276648
12,14,2023-09-01,True,0.9018459047246903,0.8500220875276648
12,14,2023-09-04,True,0.8798976337666192,0.8500220875276648
12,14,2023-09-07,True,0.8619898764293038,0.8500220875276648
12,14,2023-09-10,True,0.8401386818304158,0.8500220875276648
12,14,2023-09-13,True,0.7887928392400123,0.8500220875276648
12,14,2023-09-16,True,0.8681049411991002,0.8500220875276648
12,14,2023-09-19,True,0.8787181211833275,0.8500220875276648
12,14,2023-09-22,True,0.8813311523567602,0.8500220875276648
12,14,2023-09-25,True,0.8649578290943551,0.8500220875276648
12,14,2023-09-28,True,0.7955980359039079,0.8500220875276648
12,14,2023-10-01,True,0.5423825322513639,0.8500220875276648
12,14,2023-10-04,True,0.5579099405085164,0.8500220875276648
12,14,2023-10-07,True,0.8119312916280823,0.8500220875276648
12,14,2023-10-10,True,0.9067683018101403,0.8500220875276648
12,14,2023-10-13,True,0.9186447061587601,0.8500220875276648
12,14,2023-10-16,True,0.9345284421596728,0.8500220875276648
12,14,2023-10-19,True,0.9095650220961633,0.8500220875276648
12,14,2023-10-22,True,0.878351413244155,0.8500220875276648
12,14,2023-10-25,False,0.8888867159638311,0.8500220875276648
12,14,2023-10-28,False,0.8913541064601945,0.8500220875276648
12,14,2023-10-31,False,0.8936948805829412,0.8500220875276648
12,14,2023-11-03,False,0.8967037510492758,0.8500220875276648
12,14,2023-11-06,False,0.8997072082240445,0.8500220875276648
12,14,2023-11-09,False,0.9133654867106122,0.8500220875276648
12,14,2023-11-12,False,0.9055083903095439,0.8500220875276648
12,14,2023-11-15,False,0.8652603475732148,0.8500220875276648
12,14,2023-11-18,False,0.8640949721468787,0.8500220875276648
12,14,2023-11-21,False,0.810970153483463,0.8500220875276648
12,14,2023-11-24,False,0.6855883422425559,0.8500220875276648
12,14,2023-11-27,False,0.7223437740383469,0.8500220875276648
12,14,2023-11-30,False,0.6928620224400288,0.8500220875276648
12,14,2023-12-03,False,0.646801622830566,0.8500220875276648
12,14,2023-12-06,False,0.5929392258049996,0.8500220875276648
12,14,2023-12-09,False,0.6454064942255677,0.8500220875276648
12,14,2023-12-12,False,0.669418248717397,0.8500220875276648
12,14,2023-12-15,False,0.7423699415485789,0.8500220875276648
12,14,2023-12-18,False,0.8397253470764625,0.8500220875276648
12,14,2023-12-21,False,0.8817846443145481,0.8500220875276648
12,14,2023-12-24,False,0.8316065558008047,0.8500220875276648
12,14,2023-12-27,False,0.7866204093544482,0.8500220875276648
12,14,2023-12-30,False,0.8269367612050005,0.8500220875276648
12,14,2024-01-02,False,0.7608329225538746,0.8500220875276648
12,14,2024-01-05,False,0.7117828371766923,0.8500220875276648
12,14,2024-01-08,False,0.7616187640046151,0.8500220875276648
12,14,2024-01-11,False,0.74098002766454,0.8500220875276648
12,14,2024-01-14,False,0.697644355239295,0.8500220875276648
12,14,2024-01-17,False,0.7231616612110809,0.8500220875276648
12,14,2024-01-20,False,0.6090762283823207,0.8500220875276648
12,14,2024-01-23,False,0.7093882558527368,0.8500220875276648
12,14,2024-01-26,False,0.758178507754602,0.8500220875276648
12,14,2024-01-29,False,0.7546449184753092,0.8500220875276648
12,14,2024-02-01,False,0.7257439442660996,0.8500220875276648
12,14,2024-02-04,False,0.8793260489388851,0.8500220875276648
12,14,2024-02-07,False,0.8879853212674589,0.8500220875276648
12,14,2024-02-10,False,0.8693475382799536,0.8500220875276648
12,14,2024-02-13,False,0.8597355764047883,0.8500220875276648
12,14,2024-02-16,False,0.8595128204702166,0.8500220875276648
12,14,2024-02-19,False,0.7836778065952861,0.8500220875276648
12,14,2024-02-22,False,0.7610123468713798,0.8500220875276648
12,14,2024-02-25,False,0.8224244585308113,0.8500220875276648
12,14,2024-02-28,False,0.8474163325604869,0.8500220875276648
12,14,2024-03-02,False,0.8320462169496563,0.8500220875276648
12,14,2024-03-05,False,0.8857362831953824,0.8500220875276648
12,14,2024-03-08,False,0.9031342036276411,0.8500220875276648
12,14,2024-03-11,False,0.8947791285399127,0.8500220875276648
12,14,2024-03-14,False,0.8882675793317334,0.8500220875276648
12,14,2024-03-17,False,0.9050678638770091,0.8500220875276648
12,14,2024-03-20,False,0.8494996524051944,0.8500220875276648
12,14,2024-03-23,False,0.8523863243577698,0.8500220875276648
12,14,2024-03-26,False,0.8332264191589852,0.8500220875276648
12,14,2024-03-29,False,0.7910054483133628,0.8500220875276648
12,14,2024-04-01,False,0.8397402796606248,0.8500220875276648
12,14,2024-04-04,False,0.8360310460310109,0.8500220875276648
12,14,2024-04-07,False,0.8384091662196131,0.8500220875276648
12,14,2024-04-10,False,0.8243347782149438,0.8500220875276648
12,14,2024-04-13,False,0.7901438916472808,0.8500220875276648
12,14,2024-04-16,False,0.7065329808990495,0.8500220875276648
12,14,2024-04-19,False,0.641024335169754,0.8500220875276648
12,14,2024-04-22,False,0.6031404203031501,0.8500220875276648
12,14,2024-04-25,False,0.6656894629252488,0.8500220875276648
12,14,2024-04-28,False,0.6374371545261022,0.8500220875276648
12,14,2024-05-01,False,0.7253479144490647,0.8500220875276648
12,14,2024-05-04,False,0.7660042814416813,0.8500220875276648
12,14,2024-05-07,False,0.7410282999893217,0.8500220875276648
12,14,2024-05-10,False,0.894073642215673,0.8500220875276648
12,14,2024-05-13,False,0.9433528818103087,0.8500220875276648
12,14,2024-05-16,False,0.8281429315069648,0.8500220875276648
12,14,2024-05-19,False,0.8297207487708815,0.8500220875276648
12,14,2024-05-22,False,0.8416150699778785,0.8500220875276648
12,14,2024-05-25,True,0.8428764619188163,0.8500220875276648
12,14,2024-05-28,True,0.5958077634317029,0.8500220875276648
12,14,2024-05-31,True,0.9177621148680145,0.8500220875276648
12,14,2024-06-03,True,0.9070829963869343,0.8500220875276648
12,14,2024-06-06,True,0.9116616119654443,0.8500220875276648
12,14,2024-06-09,True,0.9390619430465081,0.8500220875276648
12,14,2024-06-12,True,0.8819294076167706,0.8500220875276648
12,14,2024-06-15,True,0.8816344522356516,0.8500220875276648
12,14,2024-06-18,True,0.8858995388991588,0.8500220875276648
12,14,2024-06-21,True,0.8573396127454135,0.8500220875276648
12,14,2024-06-24,True,0.9342306694909889,0.8500220875276648
12,14,2024-06-27,True,0.9591000353586017,0.8500220875276648
12,14,2024-06-30,True,0.9424772382389853,0.8500220875276648
12,14,2024-07-03,True,0.9222300955073457,0.8500220875276648
12,14,2024-07-06,True,0.6187891481061858,0.8500220875276648
12,14,2024-07-09,True,0.502238446430298,0.8500220875276648
12,14,2024-07-12,True,0.585502260996028,0.8500220875276648
12,14,2024-07-15,True,0.6051198012276391,0.8500220875276648
12,14,2024-07-18,True,0.7879830648864368,0.8500220875276648
12,14,2024-07-21,True,0.7662988255939351,0.8500220875276648
12,14,2024-07-24,True,0.6395751888946233,0.8500220875276648
12,14,2024-07-27,True,0.6505143306371469,0.8500220875276648
12,14,2024-07-30,True,0.6171718784633433,0.8500220875276648
12,14,2024-08-02,True,0.4553059979300699,0.8500220875276648
12,14,2024-08-05,True,0.6080843297518639,0.8500220875276648
12,14,2024-08-08,True,0.5966472798333617,0.8500220875276648
12,14,2024-08-11,True,0.4351503760955753,0.8500220875276648
12,14,2024-08-14,True,0.6609813678402869,0.8500220875276648
12,14,2024-08-17,True,0.740931990533052,0.8500220875276648
12,14,2024-08-20,True,0.7255836373377857,0.8500220875276648
12,14,2024-08-23,True,0.8277815269089155,0.8500220875276648
12,14,2024-08-26,True,0.8186509592277664,0.8500220875276648
12,14,2024-08-29,True,0.6553886966484941,0.8500220875276648
12,14,2024-09-01,True,0.7566515621062553,0.8500220875276648
12,14,2024-09-04,True,0.8339504164114947,0.8500220875276648
12,14,2024-09-07,True,0.8406017284197436,0.8500220875276648
12,14,2024-09-10,True,0.8435842410625729,0.8500220875276648
12,14,2024-09-13,True,0.8591369359792568,0.8500220875276648
12,14,2024-09-16,True,0.9012469697699258,0.8500220875276648
12,14,2024-09-19,True,0.8697843040189285,0.8500220875276648
12,14,2024-09-22,True,0.8824534007248266,0.8500220875276648
12,14,2024-09-25,True,0.8892346150721357,0.8500220875276648
12,14,2024-09-28,True,0.8780722221290115,0.8500220875276648
12,14,2024-10-01,True,0.8208156765204695,0.8500220875276648
12,14,2024-10-04,True,0.8030856279508444,0.8500220875276648
12,14,2024-10-07,True,0.6999132233154345,0.8500220875276648
12,14,2024-10-10,True,0.8478741493697364,0.8500220875276648
12,14,2024-10-13,True,0.8280234711175503,0.8500220875276648
12,14,2024-10-16,True,0.8754771335110354,0.8500220875276648
12,14,2024-10-19,True,0.8893226582971815,0.8500220875276648
12,14,2024-10-22,True,0.8991375702570117,0.8500220875276648
12,14,2024-10-25,False,0.8724576438377196,0.8500220875276648
12,14,2024-10-28,False,0.8311988932686633,0.8500220875276648
12,14,2024-10-31,False,0.7667903619522941,0.8500220875276648
12,14,2024-11-03,False,0.772090389589946,0.8500220875276648
12,14,2024-11-06,False,0.7932867890111318,0.8500220875276648
12,14,2024-11-09,False,0.8875825985457533,0.8500220875276648
12,14,2024-11-12,False,0.8778896416469211,0.8500220875276648
12,14,2024-11-15,False,0.8888407500398701,0.8500220875276648
12,14,2024-11-18,False,0.8748198808045428,0.8500220875276648
12,14,2024-11-21,False,0.8583982304839317,0.8500220875276648
12,14,2024-11-24,False,0.813290631228795,0.8500220875276648
12,14,2024-11-27,False,0.7622213770373405,0.8500220875276648
12,14,2024-11-30,False,0.7715535692211728,0.8500220875276648
12,14,2024-12-03,False,0.7454730800535757,0.8500220875276648
12,14,2024-12-06,False,0.7388323325536053,0.8500220875276648
12,14,2024-12-09,False,0.8268979560509022,0.8500220875276648
12,14,2024-12-12,False,0.8424089950090918,0.8500220875276648
12,14,2024-12-15,False,0.8528528662051197,0.8500220875276648
12,14,2024-12-18,False,0.8788421409990814,0.8500220875276648
12,14,2024-12-21,False,0.8783244632757402,0.8500220875276648
12,14,2024-12-24,False,0.6515866684246103,0.8500220875276648
12,14,2024-12-27,False,0.7893986211676325,0.8500220875276648
12,14,2024-12-30,False,0.5236667154052712,0.8500220875276648
12,14,2025-01-02,False,0.6473449942423866,0.8500220875276648
12,14,2025-01-05,False,0.3973436211610436,0.8500220875276648
12,14,2025-01-08,False,0.5784924226137701,0.8500220875276648
12,14,2025-01-11,False,0.5201286864534728,0.8500220875276648
12,14,2025-01-14,False,0.5788049478537887,0.8500220875276648
12,14,2025-01-17,False,0.7205390200046441,0.8500220875276648
12,14,2025-01-20,False,0.7907507404541182,0.8500220875276648
12,14,2025-01-23,False,0.8391177064029653,0.8500220875276648
12,14,2025-01-26,False,0.86837094757353,0.8500220875276648
12,14,2025-01-29,False,0.8757071622707407,0.8500220875276648
12,14,2025-02-01,False,0.8846532651306661,0.8500220875276648
12,14,2025-02-04,False,0.911457261128318,0.8500220875276648
12,14,2025-02-07,False,0.9062713086747626,0.8500220875276648
12,14,2025-02-10,False,0.8838089661437573,0.8500220875276648
12,14,2025-02-13,False,0.8632615901521294,0.8500220875276648
12,14,2025-02-16,False,0.8966156688457503,0.8500220875276648
12,14,2025-02-19,False,0.8867548928798905,0.8500220875276648
12,14,2025-02-22,False,0.9135503214259312,0.8500220875276648
12,14,2025-02-25,False,0.9197531780384078,0.8500220875276648
12,14,2025-02-28,False,0.8797578696156035,0.8500220875276648
12,14,2025-03-03,False,0.8734843168438737,0.8500220875276648
12,14,2025-03-06,False,0.8611283087278203,0.8500220875276648
12,14,2025-03-09,False,0.850251017919323,0.8500220875276648
12,14,2025-03-12,False,0.8127827607699527,0.8500220875276648
12,14,2025-03-15,False,0.8887191726723297,0.8500220875276648
12,14,2025-03-18,False,0.9007994289532772,0.8500220875276648
12,14,2025-03-21,False,0.9123478947104013,0.8500220875276648
12,14,2025-03-24,False,0.9144454870032799,0.8500220875276648
12,14,2025-03-27,False,0.9303322322317225,0.8500220875276648
12,14,2025-03-30,False,0.9205049301261714,0.8500220875276648
12,14,2025-04-02,False,0.9111670445723856,0.8500220875276648
12,14,2025-04-05,False,0.8611421243669866,0.8500220875276648
12,14,2025-04-08,False,0.8650789459960804,0.8500220875276648
12,14,2025-04-11,False,0.853235969134769,0.8500220875276648
12,14,2025-04-14,False,0.8826650320313362,0.8500220875276648
12,14,2025-04-17,False,0.8392646594244549,0.8500220875276648
12,14,2025-04-20,False,0.8430838807195746,0.8500220875276648
12,14,2025-04-23,False,0.872893231856361,0.8500220875276648
12,14,2025-04-26,False,0.8207799664126079,0.8500220875276648
12,14,2025-04-29,False,0.7724838439369133,0.8500220875276648
12,14,2025-05-02,False,0.807971139643956,0.8500220875276648
12,14,2025-05-05,False,0.8357783554093282,0.8500220875276648
12,14,2025-05-08,False,0.8143787971630146,0.8500220875276648
12,14,2025-05-11,False,0.9334630938615182,0.8500220875276648
12,14,2025-05-14,False,0.9372322860610278,0.8500220875276648
12,14,2025-05-17,False,0.8717694211052355,0.8500220875276648
12,14,2025-05-20,False,0.7990678209415107,0.8500220875276648
12,14,2025-05-23,False,0.8284556280133413,0.8500220875276648
12,14,2025-05-26,True,0.8193661960240367,0.8500220875276648
12,14,2025-05-29,True,0.8314068463274127,0.8500220875276648
12,14,2025-06-01,True,0.8518424422527757,0.8500220875276648
12,14,2025-06-04,True,0.8747632570839823,0.8500220875276648
12,14,2025-06-07,True,0.821759033643148,0.8500220875276648
12,14,2025-06-10,True,0.8335034543070812,0.8500220875276648
12,14,2025-06-13,True,0.8617172208188421,0.8500220875276648
12,14,2025-06-16,True,0.9469172418680192,0.8500220875276648
12,14,2025-06-19,True,0.9286812187846605,0.8500220875276648
12,14,2025-06-22,True,0.9113823337055018,0.8500220875276648
12,14,2025-06-25,True,0.9157243140449739,0.8500220875276648
12,14,2025-06-28,True,0.8596659247078628,0.8500220875276648
12,14,2025-07-01,True,0.8475385482868899,0.8500220875276648
12,14,2025-07-04,True,0.8185130332279897,0.8500220875276648
12,14,2025-07-07,True,0.7683720417936989,0.8500220875276648
12,14,2025-07-10,True,0.7912472383297501,0.8500220875276648
12,14,2025-07-13,True,0.8428137662979676,0.8500220875276648
12,14,2025-07-16,True,0.840208336639936,0.8500220875276648
12,14,2025-07-19,True,0.8787841727188558,0.8500220875276648
12,14,2025-07-22,True,0.8819129405146393,0.8500220875276648
12,14,2025-07-25,True,0.8836557711078569,0.8500220875276648
12,14,2025-07-28,True,0.9306248964874492,0.8500220875276648
12,14,2025-07-31,True,0.9522347779539565,0.8500220875276648
12,14,2025-08-03,True,0.9606618525293622,0.8500220875276648
12,14,2025-08-06,True,0.9257441141150042,0.8500220875276648
12,14,2025-08-09,True,0.830629814954146,0.8500220875276648
12,14,2025-08-12,True,0.7510284574123243,0.8500220875276648
12,14,2025-08-15,True,0.6691007248982742,0.8500220875276648
12,14,2025-08-18,True,0.6806096745130336,0.8500220875276648
12,14,2025-08-21,True,0.7754602112832101,0.8500220875276648
12,14,2025-08-24,True,0.8032845322330107,0.8500220875276648
12,14,2025-08-27,True,0.7831947159586918,0.8500220875276648
12,14,2025-08-30,True,0.7654007477998899,0.8500220875276648
12,14,2025-09-02,True,0.7494104739970757,0.8500220875276648
12,14,2025-09-05,True,0.10211934953445656,0.8500220875276648
12,14,2025-09-08,True,0.43770644385478374,0.8500220875276648
12,14,2025-09-11,True,0.3622793735672334,0.8500220875276648
12,14,2025-09-14,True,0.43458240549727245,0.8500220875276648
12,14,2025-09-17,True,0.8681409908127252,0.8500220875276648
12,14,2025-09-20,True,0.8669448063850851,0.8500220875276648
12,14,2025-09-23,True,0.8633235062620198,0.8500220875276648
12,14,2025-09-26,True,0.850971118253505,0.8500220875276648
12,14,2025-09-29,True,0.8237070075364284,0.8500220875276648
12,14,2025-10-02,True,0.8081735108735694,0.8500220875276648
12,14,2025-10-05,True,0.7895318392477,0.8500220875276648
12,14,2025-10-08,True,0.7588457010748784,0.8500220875276648
12,14,2025-10-11,True,0.7957424716458308,0.8500220875276648
12,14,2025-10-14,True,0.8125443707504892,0.8500220875276648
12,14,2025-10-17,True,0.8106624713262935,0.8500220875276648
12,14,2025-10-20,True,0.8700092513161488,0.8500220875276648
12,14,2025-10-23,True,0.9498668719276183,0.8500220875276648
12,14,2025-10-26,False,0.9278662127924227,0.8500220875276648
12,14,2025-10-29,False,0.918930413015685,0.8500220875276648
12,14,2025-11-01,False,0.9258732944397328,0.8500220875276648
12,14,2025-11-04,False,0.9355290789582807,0.8500220875276648
12,14,2025-11-07,False,0.8937610594175185,0.8500220875276648
12,14,2025-11-10,False,0.9179324666637548,0.8500220875276648
12,14,2025-11-13,False,0.9067294239825787,0.8500220875276648
12,14,2025-11-16,False,0.8615208107578955,0.8500220875276648
12,14,2025-11-19,False,0.8649651511905414,0.8500220875276648
12,14,2025-11-22,False,0.8436039891642424,0.8500220875276648
12,14,2025-11-25,False,0.6873425106446965,0.8500220875276648
12,14,2025-11-28,False,0.6871757028114689,0.8500220875276648
12,14,2025-12-01,False,0.647657058651028,0.8500220875276648
12,14,2025-12-04,False,0.6332285269493227,0.8500220875276648
12,14,2025-12-07,False,0.6716828114288026,0.8500220875276648
12,14,2025-12-10,False,0.7632755001950724,0.8500220875276648
12,14,2025-12-13,False,0.7011641116707432,0.8500220875276648
12,14,2025-12-16,False,0.8350630009019115,0.8500220875276648
12,30,2023-01-01,False,0.7976645342159556,0.8500220875276648
12,30,2023-01-04,False,0.7936958197746443,0.8500220875276648
12,30,2023-01-07,False,0.827308240230952,0.8500220875276648
12,30,2023-01-10,False,0.8443657982264472,0.8500220875276648
12,30,2023-01-13,False,0.8571824058387152,0.8500220875276648
12,30,2023-01-16,False,0.8828687708194726,0.8500220875276648
12,30,2023-01-19,False,0.8702144143540789,0.8500220875276648
12,30,2023-01-22,False,0.8497942332568802,0.8500220875276648
12,30,2023-01-25,False,0.8432422225512408,0.8500220875276648
12,30,2023-01-28,False,0.7926412400297806,0.8500220875276648
12,30,2023-01-31,False,0.8101203303083978,0.8500220875276648
12,30,2023-02-03,False,0.8170137833822477,0.8500220875276648
12,30,2023-02-06,False,0.8225410137873096,0.8500220875276648
12,30,2023-02-09,False,0.8110106129053174,0.8500220875276648
12,30,2023-02-12,False,0.8086642777951314,0.8500220875276648
12,30,2023-02-15,False,0.7890038842111297,0.8500220875276648
12,30,2023-02-18,False,0.7876860938441752,0.8500220875276648
12,30,2023-02-21,False,0.8247335404528802,0.8500220875276648
12,30,2023-02-24,False,0.8130472557412005,0.8500220875276648
12,30,2023-02-27,False,0.8714197480305563,0.8500220875276648
12,30,2023-03-02,False,0.8407583433667849,0.8500220875276648
12,30,2023-03-05,False,0.8601399178228484,0.8500220875276648
12,30,2023-03-08,False,0.8654861164061043,0.8500220875276648
12,30,2023-03-11,False,0.8576854653675947,0.8500220875276648
12,30,2023-03-14,False,0.8339054694932369,0.8500220875276648
12,30,2023-03-17,False,0.8398028761064076,0.8500220875276648
12,30,2023-03-20,False,0.8563782572646904,0.8500220875276648
12,30,2023-03-23,False,0.8295903037377725,0.8500220875276648
12,30,2023-03-26,False,0.8232723157247974,0.8500220875276648
12,30,2023-03-29,False,0.8296361131698115,0.8500220875276648
12,30,2023-04-01,False,0.8394972231764363,0.8500220875276648
12,30,2023-04-04,False,0.8286124111707037,0.8500220875276648
12,30,2023-04-07,False,0.823080167676892,0.8500220875276648
12,30,2023-04-10,False,0.7949131380937302,0.8500220875276648
12,30,2023-04-13,False,0.823817496396908,0.8500220875276648
12,30,2023-04-16,False,0.8410560980731019,0.8500220875276648
12,30,2023-04-19,False,0.8224688210689712,0.8500220875276648
12,30,2023-04-22,False,0.8227602763492259,0.8500220875276648
12,30,2023-04-25,False,0.8413560525823813,0.8500220875276648
12,30,2023-04-28,False,0.8230705204481747,0.8500220875276648
12,30,2023-05-01,False,0.8204683826633357,0.8500220875276648
12,30,2023-05-04,False,0.8164126086546625,0.8500220875276648
12,30,2023-05-07,False,0.7985303020773111,0.8500220875276648
12,30,2023-05-10,False,0.857110699521141,0.8500220875276648
12,30,2023-05-13,False,0.849245273943304,0.8500220875276648
12,30,2023-05-16,False,0.8220418678779916,0.8500220875276648
12,30,2023-05-19,True,0.8578268854649793,0.8500220875276648
12,30,2023-05-22,True,0.9531258064664444,0.8500220875276648
12,30,2023-05-25,True,0.9521073689287944,0.8500220875276648
12,30,2023-05-28,True,0.9531772087979452,0.8500220875276648
12,30,2023-05-31,True,0.9511474189742063,0.8500220875276648
12,30,2023-06-03,True,0.9434190634581309,0.8500220875276648
12,30,2023-06-06,True,0.9256704188497887,0.8500220875276648
12,30,2023-06-09,True,0.9261904785443204,0.8500220875276648
12,30,2023-06-12,True,0.9276678516893464,0.8500220875276648
12,30,2023-06-15,True,0.9310400502748519,0.8500220875276648
12,30,2023-06-18,True,0.934791300232319,0.8500220875276648
12,30,2023-06-21,True,0.8883521122529153,0.8500220875276648
12,30,2023-06-24,True,0.8573943307110459,0.8500220875276648
12,30,2023-06-27,True,0.8578315770448676,0.8500220875276648
12,30,2023-06-30,True,0.8383378321242895,0.8500220875276648
12,30,2023-07-03,True,0.8512041736713287,0.8500220875276648
12,30,2023-07-06,True,0.8848036110303193,0.8500220875276648
12,30,2023-07-09,True,0.8508262999452493,0.8500220875276648
12,30,2023-07-12,True,0.8478171688432121,0.8500220875276648
12,30,2023-07-15,True,0.8530516149411005,0.8500220875276648
12,30,2023-07-18,True,0.8070456254148157,0.8500220875276648
12,30,2023-07-21,True,0.8217349168368799,0.8500220875276648
12,30,2023-07-24,True,0.8286286306376036,0.8500220875276648
12,30,2023-07-27,True,0.8357474164951181,0.8500220875276648
12,30,2023-07-30,True,0.8536294257617345,0.8500220875276648
12,30,2023-08-02,True,0.857424092926985,0.8500220875276648
12,30,2023-08-05,True,0.8917956475630481,0.8500220875276648
12,30,2023-08-08,True,0.9115490798633211,0.8500220875276648
12,30,2023-08-11,True,0.8979418667309196,0.8500220875276648
12,30,2023-08-14,True,0.8967716443373717,0.8500220875276648
12,30,2023-08-17,True,0.8990968671249261,0.8500220875276648
12,30,2023-08-20,True,0.8922185829179149,0.8500220875276648
12,30,2023-08-23,True,0.8814993301589766,0.8500220875276648
12,30,2023-08-26,True,0.8717906802504529,0.8500220875276648
12,30,2023-08-29,True,0.8797916911256,0.8500220875276648
12,30,2023-09-01,True,0.8921584655334195,0.8500220875276648
12,30,2023-09-04,True,0.8769668763664054,0.8500220875276648
12,30,2023-09-07,True,0.8620500155409725,0.8500220875276648
12,30,2023-09-10,True,0.8435219947352801,0.8500220875276648
12,30,2023-09-13,True,0.8075306566592835,0.8500220875276648
12,30,2023-09-16,True,0.8078526098893354,0.8500220875276648
12,30,2023-09-19,True,0.8109741333236197,0.8500220875276648
12,30,2023-09-22,True,0.8646599067998568,0.8500220875276648
12,30,2023-09-25,True,0.8833866515173148,0.8500220875276648
12,30,2023-09-28,True,0.8683108344098339,0.8500220875276648
12,30,2023-10-01,True,0.8331862031784473,0.8500220875276648
12,30,2023-10-04,True,0.8547533731360321,0.8500220875276648
12,30,2023-10-07,True,0.8713707991342465,0.8500220875276648
12,30,2023-10-10,True,0.897095891849599,0.8500220875276648
12,30,2023-10-13,True,0.9063608384823346,0.8500220875276648
12,30,2023-10-16,True,0.9111586455405108,0.8500220875276648
12,30,2023-10-19,False,0.9074865763597976,0.8500220875276648
12,30,2023-10-22,False,0.8954736974806357,0.8500220875276648
12,30,2023-10-25,False,0.8960670003286413,0.8500220875276648
12,30,2023-10-28,False,0.8895336485295053,0.8500220875276648
12,30,2023-10-31,False,0.8795565796842618,0.8500220875276648
12,30,2023-11-03,False,0.8782645826232002,0.8500220875276648
12,30,2023-11-06,False,0.8621387234777365,0.8500220875276648
12,30,2023-11-09,False,0.8157999100292216,0.8500220875276648
12,30,2023-11-12,False,0.8160678659570004,0.8500220875276648
12,30,2023-11-15,False,0.7828520584606543,0.8500220875276648
12,30,2023-11-18,False,0.763276170052196,0.8500220875276648
12,30,2023-11-21,False,0.7153644462983855,0.8500220875276648
12,30,2023-11-24,False,0.6891605977054476,0.8500220875276648
12,30,2023-11-27,False,0.7038540137407847,0.8500220875276648
12,30,2023-11-30,False,0.7136458387593894,0.8500220875276648
12,30,2023-12-03,False,0.7244962383188013,0.8500220875276648
12,30,2023-12-06,False,0.729774608730742,0.8500220875276648
12,30,2023-12-09,False,0.7193796613316376,0.8500220875276648
12,30,2023-12-12,False,0.729061583022705,0.8500220875276648
12,30,2023-12-15,False,0.7845400580672763,0.8500220875276648
12,30,2023-12-18,False,0.7990240414522538,0.8500220875276648
12,30,2023-12-21,False,0.789091080520796,0.8500220875276648
12,30,2023-12-24,False,0.7573453536948782,0.8500220875276648
12,30,2023-12-27,False,0.7442639843377549,0.8500220875276648
12,30,2023-12-30,False,0.7520261308901441,0.8500220875276648
12,30,2024-01-02,False,0.7159355316667502,0.8500220875276648
12,30,2024-01-05,False,0.6903332360866703,0.8500220875276648
12,30,2024-01-08,False,0.7251334461841796,0.8500220875276648
12,30,2024-01-11,False,0.7271028286509935,0.8500220875276648
12,30,2024-01-14,False,0.7202526498595159,0.8500220875276648
12,30,2024-01-17,False,0.7487582368753005,0.8500220875276648
12,30,2024-01-20,False,0.8052019105901154,0.8500220875276648
12,30,2024-01-23,False,0.840299246623543,0.8500220875276648
12,30,2024-01-26,False,0.839321170948342,0.8500220875276648
12,30,2024-01-29,False,0.8304413891464915,0.8500220875276648
12,30,2024-02-01,False,0.8337481868394754,0.8500220875276648
12,30,2024-02-04,False,0.8396369933740677,0.8500220875276648
12,30,2024-02-07,False,0.8260823927233274,0.8500220875276648
12,30,2024-02-10,False,0.8502687836653527,0.8500220875276648
12,30,2024-02-13,False,0.8523947342160377,0.8500220875276648
12,30,2024-02-16,False,0.8454347460937652,0.8500220875276648
12,30,2024-02-19,False,0.8644922935457271,0.8500220875276648
12,30,2024-02-22,False,0.8622537402009726,0.8500220875276648
12,30,2024-02-25,False,0.8772940971726495,0.8500220875276648
12,30,2024-02-28,False,0.873259127427258,0.8500220875276648
12,30,2024-03-02,False,0.8742293527115722,0.8500220875276648
12,30,2024-03-05,False,0.8702348238933848,0.8500220875276648
12,30,2024-03-08,False,0.8798595929550065,0.8500220875276648
12,30,2024-03-11,False,0.8785888128099717,0.8500220875276648
12,30,2024-03-14,False,0.8632362113099872,0.8500220875276648
12,30,2024-03-17,False,0.8829295111924828,0.8500220875276648
12,30,2024-03-20,False,0.8487732080775668,0.8500220875276648
12,30,2024-03-23,False,0.8478902324150479,0.8500220875276648
12,30,2024-03-26,False,0.804098457643693,0.8500220875276648
12,30,2024-03-29,False,0.7885940251431336,0.8500220875276648
12,30,2024-04-01,False,0.790888844905175,0.8500220875276648
12,30,2024-04-04,False,0.7945831640576031,0.8500220875276648
12,30,2024-04-07,False,0.7880456493708988,0.8500220875276648
12,30,2024-04-10,False,0.7135596231952275,0.8500220875276648
12,30,2024-04-13,False,0.7174039528266491,0.8500220875276648
12,30,2024-04-16,False,0.7387078177496268,0.8500220875276648
12,30,2024-04-19,False,0.7278333316881137,0.8500220875276648
12,30,2024-04-22,False,0.7145004599393162,0.8500220875276648
12,30,2024-04-25,False,0.7610204104679078,0.8500220875276648
12,30,2024-04-28,False,0.9335408509251494,0.8500220875276648
12,30,2024-05-01,False,0.8207758362636378,0.8500220875276648
12,30,2024-05-04,False,0.8232883050544961,0.8500220875276648
12,30,2024-05-07,False,0.8375322675926492,0.8500220875276648
12,30,2024-05-10,False,0.8470313760042238,0.8500220875276648
12,30,2024-05-13,False,0.8495676135195485,0.8500220875276648
12,30,2024-05-16,False,0.844052274774705,0.8500220875276648
12,30,2024-05-19,True,0.8445306874806132,0.8500220875276648
12,30,2024-05-22,True,0.8620972423690144,0.8500220875276648
12,30,2024-05-25,True,0.8532000004887063,0.8500220875276648
12,30,2024-05-28,True,0.7065103839184455,0.8500220875276648
12,30,2024-05-31,True,0.8968724563407964,0.8500220875276648
12,30,2024-06-03,True,0.8920444202436357,0.8500220875276648
12,30,2024-06-06,True,0.9159403899417393,0.8500220875276648
12,30,2024-06-09,True,0.9190402883749387,0.8500220875276648
12,30,2024-06-12,True,0.9192834064005722,0.8500220875276648
12,30,2024-06-15,True,0.904071662320943,0.8500220875276648
12,30,2024-06-18,True,0.8942341967306501,0.8500220875276648
12,30,2024-06-21,True,0.8352611111828263,0.8500220875276648
12,30,2024-06-24,True,0.8632858452971893,0.8500220875276648
12,30,2024-06-27,True,0.880240222808089,0.8500220875276648
12,30,2024-06-30,True,0.8769413385173362,0.8500220875276648
12,30,2024-07-03,True,0.8809362968938851,0.8500220875276648
12,30,2024-07-06,True,0.6847790835830954,0.8500220875276648
12,30,2024-07-09,True,0.5883758854392815,0.8500220875276648
12,30,2024-07-12,True,0.6164507182941257,0.8500220875276648
12,30,2024-07-15,True,0.6283546615292952,0.8500220875276648
12,30,2024-07-18,True,0.6760720030517692,0.8500220875276648
12,30,2024-07-21,True,0.6877031410885235,0.8500220875276648
12,30,2024-07-24,True,0.6014107799580695,0.8500220875276648
12,30,2024-07-27,True,0.6152311668299596,0.8500220875276648
12,30,2024-07-30,True,0.6897303458204833,0.8500220875276648
12,30,2024-08-02,True,0.6600834040759196,0.8500220875276648
12,30,2024-08-05,True,0.6620333844578079,0.8500220875276648
12,30,2024-08-08,True,0.7160216626126003,0.8500220875276648
12,30,2024-08-11,True,0.6879900470441005,0.8500220875276648
12,30,2024-08-14,True,0.7411020838077134,0.8500220875276648
12,30,2024-08-17,True,0.7894427627773537,0.8500220875276648
12,30,2024-08-20,True,0.8061945939779669,0.8500220875276648
12,30,2024-08-23,True,0.8388579144708367,0.8500220875276648
12,30,2024-08-26,True,0.8356745317764216,0.8500220875276648
12,30,2024-08-29,True,0.8312434255686215,0.8500220875276648
12,30,2024-09-01,True,0.8296897473609214,0.8500220875276648
12,30,2024-09-04,True,0.836314701632914,0.8500220875276648
12,30,2024-09-07,True,0.8498817768591501,0.8500220875276648
12,30,2024-09-10,True,0.8556618374341688,0.8500220875276648
12,30,2024-09-13,True,0.8646513158853288,0.8500220875276648
12,30,2024-09-16,True,0.8584941345828395,0.8500220875276648
12,30,2024-09-19,True,0.8039668674200287,0.8500220875276648
12,30,2024-09-22,True,0.8210137065580283,0.8500220875276648
12,30,2024-09-25,True,0.852283686430394,0.8500220875276648
12,30,2024-09-28,True,0.851306209999099,0.8500220875276648
12,30,2024-10-01,True,0.8652034359974135,0.8500220875276648
12,30,2024-10-04,True,0.8607681336938338,0.8500220875276648
12,30,2024-10-07,True,0.8504679773569083,0.8500220875276648
12,30,2024-10-10,True,0.8346727376987613,0.8500220875276648
12,30,2024-10-13,True,0.8394319305887115,0.8500220875276648
12,30,2024-10-16,True,0.8491001644915637,0.8500220875276648
12,30,2024-10-19,False,0.8574966109101684,0.8500220875276648
12,30,2024-10-22,False,0.8636734650163053,0.8500220875276648
12,30,2024-10-25,False,0.8563990997852045,0.8500220875276648
12,30,2024-10-28,False,0.852908539581471,0.8500220875276648
12,30,2024-10-31,False,0.8366995986405217,0.8500220875276648
12,30,2024-11-03,False,0.8351631347014616,0.8500220875276648
12,30,2024-11-06,False,0.8363067379286622,0.8500220875276648
12,30,2024-11-09,False,0.850857291272754,0.8500220875276648
12,30,2024-11-12,False,0.8328861630748676,0.8500220875276648
12,30,2024-11-15,False,0.8284578552153552,0.8500220875276648
12,30,2024-11-18,False,0.8197461037993018,0.8500220875276648
12,30,2024-11-21,False,0.8045423112124133,0.8500220875276648
12,30,2024-11-24,False,0.8301476119126372,0.8500220875276648
12,30,2024-11-27,False,0.8149817430311878,0.8500220875276648
12,30,2024-11-30,False,0.8169556060401352,0.8500220875276648
12,30,2024-12-03,False,0.8105530513457452,0.8500220875276648
12,30,2024-12-06,False,0.8089686975650968,0.8500220875276648
12,30,2024-12-09,False,0.8039515145263224,0.8500220875276648
12,30,2024-12-12,False,0.8305541809211074,0.8500220875276648
12,30,2024-12-15,False,0.7722758872276533,0.8500220875276648
12,30,2024-12-18,False,0.7826394311156786,0.8500220875276648
12,30,2024-12-21,False,0.7073166127177933,0.8500220875276648
12,30,2024-12-24,False,0.5975081261354805,0.8500220875276648
12,30,2024-12-27,False,0.6177054520852338,0.8500220875276648
12,30,2024-12-30,False,0.6209427204089066,0.8500220875276648
12,30,2025-01-02,False,0.705854363840243,0.8500220875276648
12,30,2025-01-05,False,0.6899566251387582,0.8500220875276648
12,30,2025-01-08,False,0.7473307045585429,0.8500220875276648
12,30,2025-01-11,False,0.7410180498033936,0.8500220875276648
12,30,2025-01-14,False,0.8008682071955784,0.8500220875276648
12,30,2025-01-17,False,0.8051566245995374,0.8500220875276648
12,30,2025-01-20,False,0.8614742184566981,0.8500220875276648
12,30,2025-01-23,False,0.8645936527144458,0.8500220875276648
12,30,2025-01-26,False,0.8721907471170641,0.8500220875276648
12,30,2025-01-29,False,0.8821250831996227,0.8500220875276648
12,30,2025-02-01,False,0.8840451385740036,0.8500220875276648
12,30,2025-02-04,False,0.9056457339114445,0.8500220875276648
12,30,2025-02-07,False,0.9092751548712426,0.8500220875276648
12,30,2025-02-10,False,0.9064220906452634,0.8500220875276648
12,30,2025-02-13,False,0.8882097598695526,0.8500220875276648
12,30,2025-02-16,False,0.8763550928957045,0.8500220875276648
12,30,2025-02-19,False,0.8810054278538546,0.8500220875276648
12,30,2025-02-22,False,0.8826648971120626,0.8500220875276648
12,30,2025-02-25,False,0.8723880323768929,0.8500220875276648
12,30,2025-02-28,False,0.8943436210566922,0.8500220875276648
12,30,2025-03-03,False,0.8918582755824973,0.8500220875276648
12,30,2025-03-06,False,0.9002349653766568,0.8500220875276648
12,30,2025-03-09,False,0.8917184110639458,0.8500220875276648
12,30,2025-03-12,False,0.8931353646643959,0.8500220875276648
12,30,2025-03-15,False,0.9061794274468425,0.8500220875276648
12,30,2025-03-18,False,0.9057769215581973,0.8500220875276648
12,30,2025-03-21,False,0.9066836890574338,0.8500220875276648
12,30,2025-03-24,False,0.8996310951913612,0.8500220875276648
12,30,2025-03-27,False,0.9145832737364442,0.8500220875276648
12,30,2025-03-30,False,0.9019860975603132,0.8500220875276648
12,30,2025-04-02,False,0.8781813687307034,0.8500220875276648
12,30,2025-04-05,False,0.8499813158407806,0.8500220875276648
12,30,2025-04-08,False,0.8683756826091663,0.8500220875276648
12,30,2025-04-11,False,0.8505946434748233,0.8500220875276648
12,30,2025-04-14,False,0.836060371660098,0.8500220875276648
12,30,2025-04-17,False,0.8377416419558572,0.8500220875276648
12,30,2025-04-20,False,0.8424177915361418,0.8500220875276648
12,30,2025-04-23,False,0.8883714655595703,0.8500220875276648
12,30,2025-04-26,False,0.8838103084779813,0.8500220875276648
12,30,2025-04-29,False,0.873907573221969,0.8500220875276648
12,30,2025-05-02,False,0.8359822518253527,0.8500220875276648
12,30,2025-05-05,False,0.8060667997571905,0.8500220875276648
12,30,2025-05-08,False,0.8448482862860933,0.8500220875276648
12,30,2025-05-11,False,0.8444233668882792,0.8500220875276648
12,30,2025-05-14,False,0.8500915138060315,0.8500220875276648
12,30,2025-05-17,True,0.8479132242454145,0.8500220875276648
12,30,2025-05-20,True,0.8469320023334075,0.8500220875276648
12,30,2025-05-23,True,0.830604245703604,0.8500220875276648
12,30,2025-05-26,True,0.8258904867565158,0.8500220875276648
12,30,2025-05-29,True,0.8400232068559206,0.8500220875276648
12,30,2025-06-01,True,0.8665397350247765,0.8500220875276648
12,30,2025-06-04,True,0.8854223041834451,0.8500220875276648
12,30,2025-06-07,True,0.8605360171653108,0.8500220875276648
12,30,2025-06-10,True,0.8825444934490525,0.8500220875276648
12,30,2025-06-13,True,0.8674299009087066,0.8500220875276648
12,30,2025-06-16,True,0.8841462650024887,0.8500220875276648
12,30,2025-06-19,True,0.8618502279965582,0.8500220875276648
12,30,2025-06-22,True,0.8688178403577109,0.8500220875276648
12,30,2025-06-25,True,0.8752337955504985,0.8500220875276648
12,30,2025-06-28,True,0.8345650680961288,0.8500220875276648
12,30,2025-07-01,True,0.8320875301388728,0.8500220875276648
12,30,2025-07-04,True,0.8263153708260861,0.8500220875276648
12,30,2025-07-07,True,0.8394492582144035,0.8500220875276648
12,30,2025-07-10,True,0.8553595150217808,0.8500220875276648
12,30,2025-07-13,True,0.8763982749280625,0.8500220875276648
12,30,2025-07-16,True,0.8952575846621512,0.8500220875276648
12,30,2025-07-19,True,0.9146886911511093,0.8500220875276648
12,30,2025-07-22,True,0.901469141286787,0.8500220875276648
12,30,2025-07-25,True,0.8746743397359578,0.8500220875276648
12,30,2025-07-28,True,0.8579505267639853,0.8500220875276648
12,30,2025-07-31,True,0.8524422382911624,0.8500220875276648
12,30,2025-08-03,True,0.8604748057448075,0.8500220875276648
12,30,2025-08-06,True,0.8616825847640133,0.8500220875276648
12,30,2025-08-09,True,0.8108549404202381,0.8500220875276648
12,30,2025-08-12,True,0.7592770193798585,0.8500220875276648
12,30,2025-08-15,True,0.7113911885268595,0.8500220875276648
12,30,2025-08-18,True,0.6863644332518738,0.8500220875276648
12,30,2025-08-21,True,0.7162307020968814,0.8500220875276648
12,30,2025-08-24,True,0.7280836901399133,0.8500220875276648
12,30,2025-08-27,True,0.6254551884294088,0.8500220875276648
12,30,2025-08-30,True,0.7467336511227811,0.8500220875276648
12,30,2025-09-02,True,0.8313103768563272,0.8500220875276648
12,30,2025-09-05,True,0.8108562056010553,0.8500220875276648
12,30,2025-09-08,True,0.8325762512476559,0.8500220875276648
12,30,2025-09-11,True,0.7975954252314342,0.8500220875276648
12,30,2025-09-14,True,0.8102880227615019,0.8500220875276648
12,30,2025-09-17,True,0.8298994750320865,0.8500220875276648
12,30,2025-09-20,True,0.821318696153558,0.8500220875276648
12,30,2025-09-23,True,0.8035966989965094,0.8500220875276648
12,30,2025-09-26,True,0.8273639965848263,0.8500220875276648
12,30,2025-09-29,True,0.8311669366668014,0.8500220875276648
12,30,2025-10-02,True,0.8058201035511268,0.8500220875276648
12,30,2025-10-05,True,0.815306823370364,0.8500220875276648
12,30,2025-10-08,True,0.8494399958195135,0.8500220875276648
12,30,2025-10-11,True,0.8790708666468539,0.8500220875276648
12,30,2025-10-14,True,0.8848181304049316,0.8500220875276648
12,30,2025-10-17,False,0.8950777236081551,0.8500220875276648
12,30,2025-10-20,False,0.9026899971921303,0.8500220875276648
12,30,2025-10-23,False,0.924240080797509,0.8500220875276648
12,30,2025-10-26,False,0.9301127168475165,0.8500220875276648
12,30,2025-10-29,False,0.9170228359523561,0.8500220875276648
12,30,2025-11-01,False,0.9132034347009786,0.8500220875276648
12,30,2025-11-04,False,0.9189853378137915,0.8500220875276648
12,30,2025-11-07,False,0.8713368061906842,0.8500220875276648
12,30,2025-11-10,False,0.8355335799790258,0.8500220875276648
12,30,2025-11-13,False,0.8104145908422422,0.8500220875276648
12,30,2025-11-16,False,0.7442128477307776,0.8500220875276648
12,30,2025-11-19,False,0.7447320068396581,0.8500220875276648
12,30,2025-11-22,False,0.7603738099602597,0.8500220875276648
12,30,2025-11-25,False,0.7094596328591593,0.8500220875276648
12,30,2025-11-28,False,0.7020553987472116,0.8500220875276648
12,30,2025-12-01,False,0.7093298012430972,0.8500220875276648
12,60,2023-01-01,False,0.8061445233498228,0.8500220875276648
12,60,2023-01-04,False,0.8101098265592405,0.8500220875276648
12,60,2023-01-07,False,0.8240250087036392,0.8500220875276648
12,60,2023-01-10,False,0.8219113971841391,0.8500220875276648
12,60,2023-01-13,False,0.8245878944508851,0.8500220875276648
12,60,2023-01-16,False,0.8259841588542186,0.8500220875276648
12,60,2023-01-19,False,0.8202140674594669,0.8500220875276648
12,60,2023-01-22,False,0.8366144481694107,0.8500220875276648
12,60,2023-01-25,False,0.826808652216495,0.8500220875276648
12,60,2023-01-28,False,0.828976486061152,0.8500220875276648
12,60,2023-01-31,False,0.8232142130582486,0.8500220875276648
12,60,2023-02-03,False,0.8368650031418545,0.8500220875276648
12,60,2023-02-06,False,0.8425130374021299,0.8500220875276648
12,60,2023-02-09,False,0.8333398096484241,0.8500220875276648
12,60,2023-02-12,False,0.8207758001532541,0.8500220875276648
12,60,2023-02-15,False,0.8145904851012926,0.8500220875276648
12,60,2023-02-18,False,0.8233051297981331,0.8500220875276648
12,60,2023-02-21,False,0.8270696819502015,0.8500220875276648
12,60,2023-02-24,False,0.8184343312334191,0.8500220875276648
12,60,2023-02-27,False,0.8483078400707562,0.8500220875276648
12,60,2023-03-02,False,0.8400406427670091,0.8500220875276648
12,60,2023-03-05,False,0.8431876840887176,0.8500220875276648
12,60,2023-03-08,False,0.8435376949543771,0.8500220875276648
12,60,2023-03-11,False,0.8258040003999146,0.8500220875276648
12,60,2023-03-14,False,0.8286588741186333,0.8500220875276648
12,60,2023-03-17,False,0.8404904937696516,0.8500220875276648
12,60,2023-03-20,False,0.838496411275873,0.8500220875276648
12,60,2023-03-23,False,0.8258066948426701,0.8500220875276648
12,60,2023-03-26,False,0.8318253503576802,0.8500220875276648
12,60,2023-03-29,False,0.826704830024013,0.8500220875276648
12,60,2023-04-01,False,0.8309434717079118,0.8500220875276648
12,60,2023-04-04,False,0.8236014758396648,0.8500220875276648
12,60,2023-04-07,False,0.8131283483301537,0.8500220875276648
12,60,2023-04-10,False,0.8209943220850666,0.8500220875276648
12,60,2023-04-13,False,0.8335186655943126,0.8500220875276648
12,60,2023-04-16,False,0.8348321400606219,0.8500220875276648
12,60,2023-04-19,False,0.8326813749515225,0.8500220875276648
12,60,2023-04-22,False,0.9029232259594865,0.8500220875276648
12,60,2023-04-25,False,0.9190132901728283,0.8500220875276648
12,60,2023-04-28,False,0.9176285344115347,0.8500220875276648
12,60,2023-05-01,False,0.9173074319176943,0.8500220875276648
12,60,2023-05-04,True,0.9136862141292105,0.8500220875276648
12,60,2023-05-07,True,0.8976076360183621,0.8500220875276648
12,60,2023-05-10,True,0.9118951850037545,0.8500220875276648
12,60,2023-05-13,True,0.9126626320327388,0.8500220875276648
12,60,2023-05-16,True,0.9121214642291408,0.8500220875276648
12,60,2023-05-19,True,0.9233789310713221,0.8500220875276648
12,60,2023-05-22,True,0.924649135421504,0.8500220875276648
12,60,2023-05-25,True,0.925297816902972,0.8500220875276648
12,60,2023-05-28,True,0.9239295816327605,0.8500220875276648
12,60,2023-05-31,True,0.9191978506705585,0.8500220875276648
12,60,2023-06-03,True,0.9184660990890628,0.8500220875276648
12,60,2023-06-06,True,0.9129235746890814,0.8500220875276648
12,60,2023-06-09,True,0.9097444819432519,0.8500220875276648
12,60,2023-06-12,True,0.9103864317322763,0.8500220875276648
12,60,2023-06-15,True,0.9134297584252952,0.8500220875276648
12,60,2023-06-18,True,0.9098752458287818,0.8500220875276648
12,60,2023-06-21,True,0.86604988219804,0.8500220875276648
12,60,2023-06-24,True,0.8443117297564791,0.8500220875276648
12,60,2023-06-27,True,0.8487573248477558,0.8500220875276648
12,60,2023-06-30,True,0.8449530449948293,0.8500220875276648
12,60,2023-07-03,True,0.8541672111689763,0.8500220875276648
12,60,2023-07-06,True,0.887371853484676,0.8500220875276648
12,60,2023-07-09,True,0.8830766382932389,0.8500220875276648
12,60,2023-07-12,True,0.879284922869299,0.8500220875276648
12,60,2023-07-15,True,0.8809852220244324,0.8500220875276648
12,60,2023-07-18,True,0.8692725792472012,0.8500220875276648
12,60,2023-07-21,True,0.8692140557612728,0.8500220875276648
12,60,2023-07-24,True,0.8633367905013917,0.8500220875276648
12,60,2023-07-27,True,0.8598519090413537,0.8500220875276648
12,60,2023-07-30,True,0.871314950774001,0.8500220875276648
12,60,2023-08-02,True,0.8802811158327729,0.8500220875276648
12,60,2023-08-05,True,0.8814452147795484,0.8500220875276648
12,60,2023-08-08,True,0.881947096359636,0.8500220875276648
12,60,2023-08-11,True,0.8747317349895082,0.8500220875276648
12,60,2023-08-14,True,0.8665006029793897,0.8500220875276648
12,60,2023-08-17,True,0.8688464910138867,0.8500220875276648
12,60,2023-08-20,True,0.8680939555383844,0.8500220875276648
12,60,2023-08-23,True,0.8753395285863113,0.8500220875276648
12,60,2023-08-26,True,0.87629768756199,0.8500220875276648
12,60,2023-08-29,True,0.8758314942088536,0.8500220875276648
12,60,2023-09-01,True,0.8743025082866543,0.8500220875276648
12,60,2023-09-04,True,0.8695047481370153,0.8500220875276648
12,60,2023-09-07,True,0.8656961279804994,0.8500220875276648
12,60,2023-09-10,True,0.8690851740690161,0.8500220875276648
12,60,2023-09-13,True,0.8613457969512373,0.8500220875276648
12,60,2023-09-16,True,0.8654131576128643,0.8500220875276648
12,60,2023-09-19,True,0.8671343911248439,0.8500220875276648
12,60,2023-09-22,True,0.8793213072044209,0.8500220875276648
12,60,2023-09-25,True,0.8886552064676244,0.8500220875276648
12,60,2023-09-28,True,0.8778899629588255,0.8500220875276648
12,60,2023-10-01,True,0.8550925614118892,0.8500220875276648
12,60,2023-10-04,False,0.8647849924726552,0.8500220875276648
12,60,2023-10-07,False,0.8678496376846954,0.8500220875276648
12,60,2023-10-10,False,0.8687126609131103,0.8500220875276648
12,60,2023-10-13,False,0.8749283663475469,0.8500220875276648
12,60,2023-10-16,False,0.8647851686176464,0.8500220875276648
12,60,2023-10-19,False,0.8534540617988433,0.8500220875276648
12,60,2023-10-22,False,0.8301415388609715,0.8500220875276648
12,60,2023-10-25,False,0.8175706958288587,0.8500220875276648
12,60,2023-10-28,False,0.8205850332905538,0.8500220875276648
12,60,2023-10-31,False,0.8153292374013594,0.8500220875276648
12,60,2023-11-03,False,0.8149076592882163,0.8500220875276648
12,60,2023-11-06,False,0.8089846301541402,0.8500220875276648
12,60,2023-11-09,False,0.7787256453891647,0.8500220875276648
12,60,2023-11-12,False,0.7811853470058713,0.8500220875276648
12,60,2023-11-15,False,0.7835215757841267,0.8500220875276648
12,60,2023-11-18,False,0.7763250005632507,0.8500220875276648
12,60,2023-11-21,False,0.7482219834208903,0.8500220875276648
12,60,2023-11-24,False,0.7218191841022543,0.8500220875276648
12,60,2023-11-27,False,0.7242521281659282,0.8500220875276648
12,60,2023-11-30,False,0.7327915426152591,0.8500220875276648
12,60,2023-12-03,False,0.7204971062740991,0.8500220875276648
12,60,2023-12-06,False,0.7104907730550805,0.8500220875276648
12,60,2023-12-09,False,0.7225807106510096,0.8500220875276648
12,60,2023-12-12,False,0.7279989639144417,0.8500220875276648
12,60,2023-12-15,False,0.751413054998193,0.8500220875276648
12,60,2023-12-18,False,0.7702457130912914,0.8500220875276648
12,60,2023-12-21,False,0.7981160613469578,0.8500220875276648
12,60,2023-12-24,False,0.8025929316559681,0.8500220875276648
12,60,2023-12-27,False,0.7963107996912464,0.8500220875276648
12,60,2023-12-30,False,0.7964971636070678,0.8500220875276648
12,60,2024-01-02,False,0.786632869406876,0.8500220875276648
12,60,2024-01-05,False,0.7853606863131197,0.8500220875276648
12,60,2024-01-08,False,0.7874122815350749,0.8500220875276648
12,60,2024-01-11,False,0.8117351686926304,0.8500220875276648
12,60,2024-01-14,False,0.8128047874462365,0.8500220875276648
12,60,2024-01-17,False,0.816718697648111,0.8500220875276648
12,60,2024-01-20,False,0.8465149499015813,0.8500220875276648
12,60,2024-01-23,False,0.8566267289277409,0.8500220875276648
12,60,2024-01-26,False,0.8672764704785232,0.8500220875276648
12,60,2024-01-29,False,0.8614012611438111,0.8500220875276648
12,60,2024-02-01,False,0.8626233120713009,0.8500220875276648
12,60,2024-02-04,False,0.8605544576296711,0.8500220875276648
12,60,2024-02-07,False,0.8631715086804853,0.8500220875276648
12,60,2024-02-10,False,0.867042172560882,0.8500220875276648
12,60,2024-02-13,False,0.8587850278329818,0.8500220875276648
12,60,2024-02-16,False,0.8654565423172154,0.8500220875276648
12,60,2024-02-19,False,0.8568035183948438,0.8500220875276648
12,60,2024-02-22,False,0.8567211297945423,0.8500220875276648
12,60,2024-02-25,False,0.8522737950841046,0.8500220875276648
12,60,2024-02-28,False,0.8440440227990826,0.8500220875276648
12,60,2024-03-02,False,0.8446905675770444,0.8500220875276648
12,60,2024-03-05,False,0.8426902122976913,0.8500220875276648
12,60,2024-03-08,False,0.8451826151090365,0.8500220875276648
12,60,2024-03-11,False,0.8141381002946254,0.8500220875276648
12,60,2024-03-14,False,0.807525320253499,0.8500220875276648
12,60,2024-03-17,False,0.8226346837653776,0.8500220875276648
12,60,2024-03-20,False,0.7971599780022699,0.8500220875276648
12,60,2024-03-23,False,0.7885470168548415,0.8500220875276648
12,60,2024-03-26,False,0.7826316567296829,0.8500220875276648
12,60,2024-03-29,False,0.9096334929337411,0.8500220875276648
12,60,2024-04-01,False,0.816463371435997,0.8500220875276648
12,60,2024-04-04,False,0.8191682247741701,0.8500220875276648
12,60,2024-04-07,False,0.8301939727935316,0.8500220875276648
12,60,2024-04-10,False,0.8282707852171083,0.8500220875276648
12,60,2024-04-13,False,0.8316995590791759,0.8500220875276648
12,60,2024-04-16,False,0.8285057990572395,0.8500220875276648
12,60,2024-04-19,False,0.8283453340715592,0.8500220875276648
12,60,2024-04-22,False,0.8456802953071301,0.8500220875276648
12,60,2024-04-25,False,0.8422929103417084,0.8500220875276648
12,60,2024-04-28,False,0.8425818891194017,0.8500220875276648
12,60,2024-05-01,False,0.8428571370348648,0.8500220875276648
12,60,2024-05-04,True,0.8418839372799076,0.8500220875276648
12,60,2024-05-07,True,0.8595016931783845,0.8500220875276648
12,60,2024-05-10,True,0.8667723637734193,0.8500220875276648
12,60,2024-05-13,True,0.8684634271744323,0.8500220875276648
12,60,2024-05-16,True,0.8610325210126328,0.8500220875276648
12,60,2024-05-19,True,0.8585116608923253,0.8500220875276648
12,60,2024-05-22,True,0.8572392948052827,0.8500220875276648
12,60,2024-05-25,True,0.8549036826218099,0.8500220875276648
12,60,2024-05-28,True,0.760814593709505,0.8500220875276648
12,60,2024-05-31,True,0.8894258934830156,0.8500220875276648
12,60,2024-06-03,True,0.8874639174679811,0.8500220875276648
12,60,2024-06-06,True,0.8683830001622221,0.8500220875276648
12,60,2024-06-09,True,0.8568894608105188,0.8500220875276648
12,60,2024-06-12,True,0.8571293185844617,0.8500220875276648
12,60,2024-06-15,True,0.8566433843607761,0.8500220875276648
12,60,2024-06-18,True,0.8581138944760461,0.8500220875276648
12,60,2024-06-21,True,0.798925092826668,0.8500220875276648
12,60,2024-06-24,True,0.7996121356699849,0.8500220875276648
12,60,2024-06-27,True,0.814722610934464,0.8500220875276648
12,60,2024-06-30,True,0.8219172650294464,0.8500220875276648
12,60,2024-07-03,True,0.82876717445416,0.8500220875276648
12,60,2024-07-06,True,0.675415644598915,0.8500220875276648
12,60,2024-07-09,True,0.6439017985096751,0.8500220875276648
12,60,2024-07-12,True,0.64343453714229,0.8500220875276648
12,60,2024-07-15,True,0.6874029430265598,0.8500220875276648
12,60,2024-07-18,True,0.7538483476853404,0.8500220875276648
12,60,2024-07-21,True,0.7693575036930349,0.8500220875276648
12,60,2024-07-24,True,0.7704754676442434,0.8500220875276648
12,60,2024-07-27,True,0.7669130243002759,0.8500220875276648
12,60,2024-07-30,True,0.7784855805250189,0.8500220875276648
12,60,2024-08-02,True,0.7749157055094168,0.8500220875276648
12,60,2024-08-05,True,0.7841111526845059,0.8500220875276648
12,60,2024-08-08,True,0.8129577757828983,0.8500220875276648
12,60,2024-08-11,True,0.8153735869707808,0.8500220875276648
12,60,2024-08-14,True,0.8202251688669074,0.8500220875276648
12,60,2024-08-17,True,0.8120615412699626,0.8500220875276648
12,60,2024-08-20,True,0.8056054904209256,0.8500220875276648
12,60,2024-08-23,True,0.8323971650234049,0.8500220875276648
12,60,2024-08-26,True,0.8431006995445494,0.8500220875276648
12,60,2024-08-29,True,0.8416801023366633,0.8500220875276648
12,60,2024-09-01,True,0.848696268395217,0.8500220875276648
12,60,2024-09-04,True,0.8489818693580417,0.8500220875276648
12,60,2024-09-07,True,0.8501702495523986,0.8500220875276648
12,60,2024-09-10,True,0.845231508276776,0.8500220875276648
12,60,2024-09-13,True,0.8507932776911922,0.8500220875276648
12,60,2024-09-16,True,0.851915110624269,0.8500220875276648
12,60,2024-09-19,True,0.8440324751849317,0.8500220875276648
12,60,2024-09-22,True,0.8472973819527234,0.8500220875276648
12,60,2024-09-25,True,0.85444150985019,0.8500220875276648
12,60,2024-09-28,True,0.8519767733678842,0.8500220875276648
12,60,2024-10-01,True,0.8544677287046758,0.8500220875276648
12,60,2024-10-04,False,0.8505369607349366,0.8500220875276648
12,60,2024-10-07,False,0.8449495462173298,0.8500220875276648
12,60,2024-10-10,False,0.8407069254493844,0.8500220875276648
12,60,2024-10-13,False,0.8372010938886372,0.8500220875276648
12,60,2024-10-16,False,0.8410798050693424,0.8500220875276648
12,60,2024-10-19,False,0.8432097903483119,0.8500220875276648
12,60,2024-10-22,False,0.8408792205310894,0.8500220875276648
12,60,2024-10-25,False,0.8444001084243686,0.8500220875276648
12,60,2024-10-28,False,0.8345964601374438,0.8500220875276648
12,60,2024-10-31,False,0.8263978011408641,0.8500220875276648
12,60,2024-11-03,False,0.823305089054396,0.8500220875276648
12,60,2024-11-06,False,0.8225991319453783,0.8500220875276648
12,60,2024-11-09,False,0.829159993391967,0.8500220875276648
12,60,2024-11-12,False,0.8316934086220835,0.8500220875276648
12,60,2024-11-15,False,0.803485848603502,0.8500220875276648
12,60,2024-11-18,False,0.8028511284220081,0.8500220875276648
12,60,2024-11-21,False,0.7541485777525613,0.8500220875276648
12,60,2024-11-24,False,0.7432106039226389,0.8500220875276648
12,60,2024-11-27,False,0.7305891849083197,0.8500220875276648
12,60,2024-11-30,False,0.733474070168751,0.8500220875276648
12,60,2024-12-03,False,0.755653536584741,0.8500220875276648
12,60,2024-12-06,False,0.7461974481909124,0.8500220875276648
12,60,2024-12-09,False,0.7686586432928894,0.8500220875276648
12,60,2024-12-12,False,0.7774483015697914,0.8500220875276648
12,60,2024-12-15,False,0.7903668117679289,0.8500220875276648
12,60,2024-12-18,False,0.7968695536859851,0.8500220875276648
12,60,2024-12-21,False,0.7971556144856339,0.8500220875276648
12,60,2024-12-24,False,0.7821976402168279,0.8500220875276648
12,60,2024-12-27,False,0.7833241568711246,0.8500220875276648
12,60,2024-12-30,False,0.7945512679798716,0.8500220875276648
12,60,2025-01-02,False,0.8114957031032053,0.8500220875276648
12,60,2025-01-05,False,0.8216990034786886,0.8500220875276648
12,60,2025-01-08,False,0.8411778891766996,0.8500220875276648
12,60,2025-01-11,False,0.8374801583097621,0.8500220875276648
12,60,2025-01-14,False,0.8543996147745047,0.8500220875276648
12,60,2025-01-17,False,0.8487690654940256,0.8500220875276648
12,60,2025-01-20,False,0.8738562817037127,0.8500220875276648
12,60,2025-01-23,False,0.8760358238420705,0.8500220875276648
12,60,2025-01-26,False,0.8723219244521896,0.8500220875276648
12,60,2025-01-29,False,0.8909001455531882,0.8500220875276648
12,60,2025-02-01,False,0.8895997906659796,0.8500220875276648
12,60,2025-02-04,False,0.9018359405172995,0.8500220875276648
12,60,2025-02-07,False,0.8975920331704044,0.8500220875276648
12,60,2025-02-10,False,0.8975187304700849,0.8500220875276648
12,60,2025-02-13,False,0.8988930846508112,0.8500220875276648
12,60,2025-02-16,False,0.8938161397597182,0.8500220875276648
12,60,2025-02-19,False,0.8959782200534814,0.8500220875276648
12,60,2025-02-22,False,0.8918093690970068,0.8500220875276648
12,60,2025-02-25,False,0.8956223881805457,0.8500220875276648
12,60,2025-02-28,False,0.8970835537732883,0.8500220875276648
12,60,2025-03-03,False,0.8868038002962125,0.8500220875276648
12,60,2025-03-06,False,0.8840493444777263,0.8500220875276648
12,60,2025-03-09,False,0.8834734643786403,0.8500220875276648
12,60,2025-03-12,False,0.8788209317677129,0.8500220875276648
12,60,2025-03-15,False,0.8830184018451562,0.8500220875276648
12,60,2025-03-18,False,0.883549223348884,0.8500220875276648
12,60,2025-03-21,False,0.8847971715846207,0.8500220875276648
12,60,2025-03-24,False,0.8948855833890501,0.8500220875276648
12,60,2025-03-27,False,0.9032143182711279,0.8500220875276648
12,60,2025-03-30,False,0.8893476380344112,0.8500220875276648
12,60,2025-04-02,False,0.8548598881203776,0.8500220875276648
12,60,2025-04-05,False,0.8243444877115201,0.8500220875276648
12,60,2025-04-08,False,0.8516311023981633,0.8500220875276648
12,60,2025-04-11,False,0.8460553680115708,0.8500220875276648
12,60,2025-04-14,False,0.8469887417527346,0.8500220875276648
12,60,2025-04-17,False,0.8457618364341042,0.8500220875276648
12,60,2025-04-20,False,0.8459403612354244,0.8500220875276648
12,60,2025-04-23,False,0.846871176914478,0.8500220875276648
12,60,2025-04-26,False,0.8415772177537806,0.8500220875276648
12,60,2025-04-29,False,0.8480429947917294,0.8500220875276648
12,60,2025-05-02,True,0.8554339505150863,0.8500220875276648
12,60,2025-05-05,True,0.8565757232320335,0.8500220875276648
12,60,2025-05-08,True,0.8498310547753716,0.8500220875276648
12,60,2025-05-11,True,0.8555074235671243,0.8500220875276648
12,60,2025-05-14,True,0.8539780548528801,0.8500220875276648
12,60,2025-05-17,True,0.8555087194500556,0.8500220875276648
12,60,2025-05-20,True,0.8501026550533634,0.8500220875276648
12,60,2025-05-23,True,0.839306279677738,0.8500220875276648
12,60,2025-05-26,True,0.8380179183801744,0.8500220875276648
12,60,2025-05-29,True,0.8389194635965571,0.8500220875276648
12,60,2025-06-01,True,0.8588326210541593,0.8500220875276648
12,60,2025-06-04,True,0.8719871079048772,0.8500220875276648
12,60,2025-06-07,True,0.8534256027944251,0.8500220875276648
12,60,2025-06-10,True,0.8720274870551941,0.8500220875276648
12,60,2025-06-13,True,0.8715625588173002,0.8500220875276648
12,60,2025-06-16,True,0.889345665031573,0.8500220875276648
12,60,2025-06-19,True,0.8862691717640063,0.8500220875276648
12,60,2025-06-22,True,0.8838170087565955,0.8500220875276648
12,60,2025-06-25,True,0.8750004328000193,0.8500220875276648
12,60,2025-06-28,True,0.844884327144471,0.8500220875276648
12,60,2025-07-01,True,0.8410082120339654,0.8500220875276648
12,60,2025-07-04,True,0.8411196967175609,0.8500220875276648
12,60,2025-07-07,True,0.8509175584518409,0.8500220875276648
12,60,2025-07-10,True,0.837434061362826,0.8500220875276648
12,60,2025-07-13,True,0.8344301201579924,0.8500220875276648
12,60,2025-07-16,True,0.8368338719967365,0.8500220875276648
12,60,2025-07-19,True,0.8419850424297158,0.8500220875276648
12,60,2025-07-22,True,0.8423386588635915,0.8500220875276648
12,60,2025-07-25,True,0.8279670721758119,0.8500220875276648
12,60,2025-07-28,True,0.7928754956779714,0.8500220875276648
12,60,2025-07-31,True,0.8096895177471405,0.8500220875276648
12,60,2025-08-03,True,0.8441213053652501,0.8500220875276648
12,60,2025-08-06,True,0.8371681629566495,0.8500220875276648
12,60,2025-08-09,True,0.8233531526003754,0.8500220875276648
12,60,2025-08-12,True,0.7844567357250346,0.8500220875276648
12,60,2025-08-15,True,0.783010008324478,0.8500220875276648
12,60,2025-08-18,True,0.7962069554544644,0.8500220875276648
12,60,2025-08-21,True,0.7967296471774603,0.8500220875276648
12,60,2025-08-24,True,0.7877657237145655,0.8500220875276648
12,60,2025-08-27,True,0.794247740774047,0.8500220875276648
12,60,2025-08-30,True,0.8102579797536887,0.8500220875276648
12,60,2025-09-02,True,0.816848480297165,0.8500220875276648
12,60,2025-09-05,True,0.813587334194267,0.8500220875276648
12,60,2025-09-08,True,0.8435184490088251,0.8500220875276648
12,60,2025-09-11,True,0.8455082460311423,0.8500220875276648
12,60,2025-09-14,True,0.852830099004657,0.8500220875276648
12,60,2025-09-17,True,0.8622158869829825,0.8500220875276648
12,60,2025-09-20,True,0.8613378015467374,0.8500220875276648
12,60,2025-09-23,True,0.8608495127712027,0.8500220875276648
12,60,2025-09-26,True,0.8751084687629064,0.8500220875276648
12,60,2025-09-29,True,0.8707284052000659,0.8500220875276648
12,60,2025-10-02,False,0.8594394779817895,0.8500220875276648
12,60,2025-10-05,False,0.8633218730921153,0.8500220875276648
12,60,2025-10-08,False,0.8566167325651561,0.8500220875276648
12,60,2025-10-11,False,0.8651802683590086,0.8500220875276648
12,60,2025-10-14,False,0.8638704784958764,0.8500220875276648
12,60,2025-10-17,False,0.8544630096326278,0.8500220875276648
12,60,2025-10-20,False,0.8601086936015698,0.8500220875276648
12,60,2025-10-23,False,0.8769732830284128,0.8500220875276648
12,60,2025-10-26,False,0.8735724716890123,0.8500220875276648
12,60,2025-10-29,False,0.8640354519976323,0.8500220875276648
12,60,2025-11-01,False,0.8598148602299213,0.8500220875276648
12,90,2023-01-01,False,0.8178066035030938,0.8500220875276648
12,90,2023-01-04,False,0.8288784508786426,0.8500220875276648
12,90,2023-01-07,False,0.839552508521304,0.8500220875276648
12,90,2023-01-10,False,0.8355676581918379,0.8500220875276648
12,90,2023-01-13,False,0.828152834363607,0.8500220875276648
12,90,2023-01-16,False,0.8312465080166715,0.8500220875276648
12,90,2023-01-19,False,0.8344936530375862,0.8500220875276648
12,90,2023-01-22,False,0.8343126596149487,0.8500220875276648
12,90,2023-01-25,False,0.8254742431926925,0.8500220875276648
12,90,2023-01-28,False,0.8292162133081777,0.8500220875276648
12,90,2023-01-31,False,0.8290890029750174,0.8500220875276648
12,90,2023-02-03,False,0.8339873846024944,0.8500220875276648
12,90,2023-02-06,False,0.8360444737733095,0.8500220875276648
12,90,2023-02-09,False,0.8206382773201106,0.8500220875276648
12,90,2023-02-12,False,0.8218163712115711,0.8500220875276648
12,90,2023-02-15,False,0.8246416744937844,0.8500220875276648
12,90,2023-02-18,False,0.8229986263477599,0.8500220875276648
12,90,2023-02-21,False,0.8254580302027854,0.8500220875276648
12,90,2023-02-24,False,0.8257927475645632,0.8500220875276648
12,90,2023-02-27,False,0.8405220965915994,0.8500220875276648
12,90,2023-03-02,False,0.8338308960370288,0.8500220875276648
12,90,2023-03-05,False,0.8358882717564192,0.8500220875276648
12,90,2023-03-08,False,0.8317989951644713,0.8500220875276648
12,90,2023-03-11,False,0.8342050814381521,0.8500220875276648
12,90,2023-03-14,False,0.8336592094810931,0.8500220875276648
12,90,2023-03-17,False,0.8366027786494763,0.8500220875276648
12,90,2023-03-20,False,0.8419061998509672,0.8500220875276648
12,90,2023-03-23,False,0.885567043960676,0.8500220875276648
12,90,2023-03-26,False,0.8950975791572071,0.8500220875276648
12,90,2023-03-29,False,0.895363081412728,0.8500220875276648
12,90,2023-04-01,False,0.898573187547606,0.8500220875276648
12,90,2023-04-04,False,0.8922972979064867,0.8500220875276648
12,90,2023-04-07,False,0.879379456727171,0.8500220875276648
12,90,2023-04-10,False,0.8858392044653671,0.8500220875276648
12,90,2023-04-13,False,0.8916289505284081,0.8500220875276648
12,90,2023-04-16,False,0.8934377967610589,0.8500220875276648
12,90,2023-04-19,True,0.8963902213830938,0.8500220875276648
12,90,2023-04-22,True,0.8981813590296293,0.8500220875276648
12,90,2023-04-25,True,0.9056532414566726,0.8500220875276648
12,90,2023-04-28,True,0.903077839912225,0.8500220875276648
12,90,2023-05-01,True,0.8994218413188322,0.8500220875276648
12,90,2023-05-04,True,0.8998611491576134,0.8500220875276648
12,90,2023-05-07,True,0.8942653103198833,0.8500220875276648
12,90,2023-05-10,True,0.9008266414825926,0.8500220875276648
12,90,2023-05-13,True,0.9008236493142816,0.8500220875276648
12,90,2023-05-16,True,0.9006485667142106,0.8500220875276648
12,90,2023-05-19,True,0.9034777424311928,0.8500220875276648
12,90,2023-05-22,True,0.9060043109076652,0.8500220875276648
12,90,2023-05-25,True,0.9068320365861304,0.8500220875276648
12,90,2023-05-28,True,0.908387688835181,0.8500220875276648
12,90,2023-05-31,True,0.9075536845879353,0.8500220875276648
12,90,2023-06-03,True,0.9064073131992729,0.8500220875276648
12,90,2023-06-06,True,0.9096842815141517,0.8500220875276648
12,90,2023-06-09,True,0.9101021315876597,0.8500220875276648
12,90,2023-06-12,True,0.907058577984327,0.8500220875276648
12,90,2023-06-15,True,0.9086740564353775,0.8500220875276648
12,90,2023-06-18,True,0.9067576761919899,0.8500220875276648
12,90,2023-06-21,True,0.8767429145965735,0.8500220875276648
12,90,2023-06-24,True,0.8616034311699957,0.8500220875276648
12,90,2023-06-27,True,0.8592013898298123,0.8500220875276648
12,90,2023-06-30,True,0.8614803152556836,0.8500220875276648
12,90,2023-07-03,True,0.8723378382564217,0.8500220875276648
12,90,2023-07-06,True,0.8825944309795706,0.8500220875276648
12,90,2023-07-09,True,0.8737956937628428,0.8500220875276648
12,90,2023-07-12,True,0.8679023317660304,0.8500220875276648
12,90,2023-07-15,True,0.862843793187275,0.8500220875276648
12,90,2023-07-18,True,0.8538508089927256,0.8500220875276648
12,90,2023-07-21,True,0.856314537230746,0.8500220875276648
12,90,2023-07-24,True,0.863700181597449,0.8500220875276648
12,90,2023-07-27,True,0.8668732029831414,0.8500220875276648
12,90,2023-07-30,True,0.8705263217976414,0.8500220875276648
12,90,2023-08-02,True,0.8698137557877252,0.8500220875276648
12,90,2023-08-05,True,0.8744799778793587,0.8500220875276648
12,90,2023-08-08,True,0.8790112556458916,0.8500220875276648
12,90,2023-08-11,True,0.8809976984614859,0.8500220875276648
12,90,2023-08-14,True,0.8780010138375173,0.8500220875276648
12,90,2023-08-17,True,0.8813016240946592,0.8500220875276648
12,90,2023-08-20,True,0.8796130973670286,0.8500220875276648
12,90,2023-08-23,True,0.8803583027597116,0.8500220875276648
12,90,2023-08-26,True,0.8805772064898766,0.8500220875276648
12,90,2023-08-29,True,0.8788603395537044,0.8500220875276648
12,90,2023-09-01,True,0.8754231936688112,0.8500220875276648
12,90,2023-09-04,True,0.8712567150342523,0.8500220875276648
12,90,2023-09-07,True,0.8650048492694256,0.8500220875276648
12,90,2023-09-10,True,0.8582260133110228,0.8500220875276648
12,90,2023-09-13,True,0.8511457374620446,0.8500220875276648
12,90,2023-09-16,True,0.8456188827689628,0.8500220875276648
12,90,2023-09-19,False,0.8402846805634492,0.8500220875276648
12,90,2023-09-22,False,0.8443796811096921,0.8500220875276648
12,90,2023-09-25,False,0.8482489414776467,0.8500220875276648
12,90,2023-09-28,False,0.8412579040017297,0.8500220875276648
12,90,2023-10-01,False,0.8225850520852102,0.8500220875276648
12,90,2023-10-04,False,0.8324939874994287,0.8500220875276648
12,90,2023-10-07,False,0.8397119503962872,0.8500220875276648
12,90,2023-10-10,False,0.8419737613378532,0.8500220875276648
12,90,2023-10-13,False,0.8473669719685084,0.8500220875276648
12,90,2023-10-16,False,0.8493798507576528,0.8500220875276648
12,90,2023-10-19,False,0.8438080895290794,0.8500220875276648
12,90,2023-10-22,False,0.820873003319357,0.8500220875276648
12,90,2023-10-25,False,0.801997795806828,0.8500220875276648
12,90,2023-10-28,False,0.7996293404733581,0.8500220875276648
12,90,2023-10-31,False,0.797721426008648,0.8500220875276648
12,90,2023-11-03,False,0.7886436506685791,0.8500220875276648
12,90,2023-11-06,False,0.7760535396449952,0.8500220875276648
12,90,2023-11-09,False,0.7612916293665104,0.8500220875276648
12,90,2023-11-12,False,0.7637589450180422,0.8500220875276648
12,90,2023-11-15,False,0.7647560200378168,0.8500220875276648
12,90,2023-11-18,False,0.767273347928748,0.8500220875276648
12,90,2023-11-21,False,0.7688540834020254,0.8500220875276648
12,90,2023-11-24,False,0.7650626490580956,0.8500220875276648
12,90,2023-11-27,False,0.7678866733521388,0.8500220875276648
12,90,2023-11-30,False,0.7713864819585557,0.8500220875276648
12,90,2023-12-03,False,0.767167744700785,0.8500220875276648
12,90,2023-12-06,False,0.7700543750947838,0.8500220875276648
12,90,2023-12-09,False,0.7714926484074707,0.8500220875276648
12,90,2023-12-12,False,0.794476043314566,0.8500220875276648
12,90,2023-12-15,False,0.8065906041210537,0.8500220875276648
12,90,2023-12-18,False,0.8135067203685767,0.8500220875276648
12,90,2023-12-21,False,0.8354732088455727,0.8500220875276648
12,90,2023-12-24,False,0.8391536160133034,0.8500220875276648
12,90,2023-12-27,False,0.845258903156039,0.8500220875276648
12,90,2023-12-30,False,0.8423155490110827,0.8500220875276648
12,90,2024-01-02,False,0.8390919445113805,0.8500220875276648
12,90,2024-01-05,False,0.8345027699343827,0.8500220875276648
12,90,2024-01-08,False,0.8408708809970331,0.8500220875276648
12,90,2024-01-11,False,0.8451316211370745,0.8500220875276648
12,90,2024-01-14,False,0.8380899004201262,0.8500220875276648
12,90,2024-01-17,False,0.8462580098252303,0.8500220875276648
12,90,2024-01-20,False,0.8474186512783088,0.8500220875276648
12,90,2024-01-23,False,0.8538499263403377,0.8500220875276648
12,90,2024-01-26,False,0.8498018921275925,0.8500220875276648
12,90,2024-01-29,False,0.8413161495637492,0.8500220875276648
12,90,2024-02-01,False,0.8424362165263255,0.8500220875276648
12,90,2024-02-04,False,0.8419959878212215,0.8500220875276648
12,90,2024-02-07,False,0.8410043625199659,0.8500220875276648
12,90,2024-02-10,False,0.824816494612028,0.8500220875276648
12,90,2024-02-13,False,0.8210275259834646,0.8500220875276648
12,90,2024-02-16,False,0.8303138211726662,0.8500220875276648
12,90,2024-02-19,False,0.8223752521527419,0.8500220875276648
12,90,2024-02-22,False,0.8231737505158053,0.8500220875276648
12,90,2024-02-25,False,0.8291431811929354,0.8500220875276648
12,90,2024-02-28,False,0.9009612716985687,0.8500220875276648
12,90,2024-03-02,False,0.8284854625466177,0.8500220875276648
12,90,2024-03-05,False,0.8294037258949958,0.8500220875276648
12,90,2024-03-08,False,0.8399461665712988,0.8500220875276648
12,90,2024-03-11,False,0.8373224877651675,0.8500220875276648
12,90,2024-03-14,False,0.8373589659675751,0.8500220875276648
12,90,2024-03-17,False,0.8377803147190558,0.8500220875276648
12,90,2024-03-20,False,0.8315533087511605,0.8500220875276648
12,90,2024-03-23,False,0.8459496264987856,0.8500220875276648
12,90,2024-03-26,False,0.8382274470626825,0.8500220875276648
12,90,2024-03-29,False,0.8368671896604969,0.8500220875276648
12,90,2024-04-01,False,0.8373018188211199,0.8500220875276648
12,90,2024-04-04,False,0.8367309450582069,0.8500220875276648
12,90,2024-04-07,False,0.8515439018473558,0.8500220875276648
12,90,2024-04-10,False,0.8505143709221845,0.8500220875276648
12,90,2024-04-13,False,0.8530098310049078,0.8500220875276648
12,90,2024-04-16,False,0.8475233608221795,0.8500220875276648
12,90,2024-04-19,True,0.8449565664405766,0.8500220875276648
12,90,2024-04-22,True,0.8439695297046492,0.8500220875276648
12,90,2024-04-25,True,0.8454831735431074,0.8500220875276648
12,90,2024-04-28,True,0.84838519318627,0.8500220875276648
12,90,2024-05-01,True,0.8478859824118925,0.8500220875276648
12,90,2024-05-04,True,0.8481132093190442,0.8500220875276648
12,90,2024-05-07,True,0.8476790467136777,0.8500220875276648
12,90,2024-05-10,True,0.8501608936858928,0.8500220875276648
12,90,2024-05-13,True,0.8519777282170982,0.8500220875276648
12,90,2024-05-16,True,0.8481156893415402,0.8500220875276648
12,90,2024-05-19,True,0.8488675343387302,0.8500220875276648
12,90,2024-05-22,True,0.847772809064753,0.8500220875276648
12,90,2024-05-25,True,0.841855641415813,0.8500220875276648
12,90,2024-05-28,True,0.7472607034400893,0.8500220875276648
12,90,2024-05-31,True,0.8625489994891753,0.8500220875276648
12,90,2024-06-03,True,0.8617458821623438,0.8500220875276648
12,90,2024-06-06,True,0.8424169572060987,0.8500220875276648
12,90,2024-06-09,True,0.839081413087155,0.8500220875276648
12,90,2024-06-12,True,0.8384297568921696,0.8500220875276648
12,90,2024-06-15,True,0.8382647527534968,0.8500220875276648
12,90,2024-06-18,True,0.8398704573253617,0.8500220875276648
12,90,2024-06-21,True,0.8014919849293913,0.8500220875276648
12,90,2024-06-24,True,0.8143467382440043,0.8500220875276648
12,90,2024-06-27,True,0.8221166025688403,0.8500220875276648
12,90,2024-06-30,True,0.82500292348677,0.8500220875276648
12,90,2024-07-03,True,0.8290727332618566,0.8500220875276648
12,90,2024-07-06,True,0.7543345788378649,0.8500220875276648
12,90,2024-07-09,True,0.7537193219807771,0.8500220875276648
12,90,2024-07-12,True,0.7588691444650917,0.8500220875276648
12,90,2024-07-15,True,0.7729434470873339,0.8500220875276648
12,90,2024-07-18,True,0.7800601533062009,0.8500220875276648
12,90,2024-07-21,True,0.7762293388041295,0.8500220875276648
12,90,2024-07-24,True,0.7850205117479488,0.8500220875276648
12,90,2024-07-27,True,0.7974336900260586,0.8500220875276648
12,90,2024-07-30,True,0.8079605972169085,0.8500220875276648
12,90,2024-08-02,True,0.8144675784095614,0.8500220875276648
12,90,2024-08-05,True,0.8170345290272645,0.8500220875276648
12,90,2024-08-08,True,0.8284245311552263,0.8500220875276648
12,90,2024-08-11,True,0.8236476630611492,0.8500220875276648
12,90,2024-08-14,True,0.8286485888691901,0.8500220875276648
12,90,2024-08-17,True,0.8281219530144208,0.8500220875276648
12,90,2024-08-20,True,0.8284569680501682,0.8500220875276648
12,90,2024-08-23,True,0.8438922912534343,0.8500220875276648
12,90,2024-08-26,True,0.8474910151468467,0.8500220875276648
12,90,2024-08-29,True,0.8447386747362753,0.8500220875276648
12,90,2024-09-01,True,0.8457648610828948,0.8500220875276648
12,90,2024-09-04,True,0.8454393249699865,0.8500220875276648
12,90,2024-09-07,True,0.846855673930683,0.8500220875276648
12,90,2024-09-10,True,0.8465144690512293,0.8500220875276648
12,90,2024-09-13,True,0.8468314992149193,0.8500220875276648
12,90,2024-09-16,True,0.8446910235999302,0.8500220875276648
12,90,2024-09-19,False,0.8364292978985519,0.8500220875276648
12,90,2024-09-22,False,0.8353790918723011,0.8500220875276648
12,90,2024-09-25,False,0.8470017040326177,0.8500220875276648
12,90,2024-09-28,False,0.841583473146468,0.8500220875276648
12,90,2024-10-01,False,0.8435424209075606,0.8500220875276648
12,90,2024-10-04,False,0.8397050962645699,0.8500220875276648
12,90,2024-10-07,False,0.8348190160142739,0.8500220875276648
12,90,2024-10-10,False,0.8317774354973099,0.8500220875276648
12,90,2024-10-13,False,0.8354530760606302,0.8500220875276648
12,90,2024-10-16,False,0.8247626182652454,0.8500220875276648
12,90,2024-10-19,False,0.8286533088689501,0.8500220875276648
12,90,2024-10-22,False,0.8017202204151271,0.8500220875276648
12,90,2024-10-25,False,0.7914946836481783,0.8500220875276648
12,90,2024-10-28,False,0.7770711333233051,0.8500220875276648
12,90,2024-10-31,False,0.7690638428591163,0.8500220875276648
12,90,2024-11-03,False,0.7825600970933537,0.8500220875276648
12,90,2024-11-06,False,0.7750038795030029,0.8500220875276648
12,90,2024-11-09,False,0.7936810627692561,0.8500220875276648
12,90,2024-11-12,False,0.7929631271542714,0.8500220875276648
12,90,2024-11-15,False,0.8023506850218405,0.8500220875276648
12,90,2024-11-18,False,0.8038627333172672,0.8500220875276648
12,90,2024-11-21,False,0.7992194758896236,0.8500220875276648
12,90,2024-11-24,False,0.7985398761106357,0.8500220875276648
12,90,2024-11-27,False,0.7934032925344547,0.8500220875276648
12,90,2024-11-30,False,0.801525345614702,0.8500220875276648
12,90,2024-12-03,False,0.8112414601776368,0.8500220875276648
12,90,2024-12-06,False,0.8184075615749016,0.8500220875276648
12,90,2024-12-09,False,0.8336349630872923,0.8500220875276648
12,90,2024-12-12,False,0.8359401563525641,0.8500220875276648
12,90,2024-12-15,False,0.8393318231732803,0.8500220875276648
12,90,2024-12-18,False,0.8365947354004754,0.8500220875276648
12,90,2024-12-21,False,0.8392754640662702,0.8500220875276648
12,90,2024-12-24,False,0.836864076515846,0.8500220875276648
12,90,2024-12-27,False,0.8335188284821557,0.8500220875276648
12,90,2024-12-30,False,0.8572994073037961,0.8500220875276648
12,90,2025-01-02,False,0.8591653589946939,0.8500220875276648
12,90,2025-01-05,False,0.8682251589419478,0.8500220875276648
12,90,2025-01-08,False,0.8682404374364652,0.8500220875276648
12,90,2025-01-11,False,0.8676587376536992,0.8500220875276648
12,90,2025-01-14,False,0.8789073389698793,0.8500220875276648
12,90,2025-01-17,False,0.8756814312564951,0.8500220875276648
12,90,2025-01-20,False,0.8892840144559717,0.8500220875276648
12,90,2025-01-23,False,0.8860725158377946,0.8500220875276648
12,90,2025-01-26,False,0.8912958605476313,0.8500220875276648
12,90,2025-01-29,False,0.8940753250681546,0.8500220875276648
12,90,2025-02-01,False,0.8862409455224803,0.8500220875276648
12,90,2025-02-04,False,0.8888376406919187,0.8500220875276648
12,90,2025-02-07,False,0.8898046587239988,0.8500220875276648
12,90,2025-02-10,False,0.885617171971693,0.8500220875276648
12,90,2025-02-13,False,0.8846460983393774,0.8500220875276648
12,90,2025-02-16,False,0.8812785214693076,0.8500220875276648
12,90,2025-02-19,False,0.8835822250578566,0.8500220875276648
12,90,2025-02-22,False,0.8908400776184164,0.8500220875276648
12,90,2025-02-25,False,0.8927411025373716,0.8500220875276648
12,90,2025-02-28,False,0.8918253732306753,0.8500220875276648
12,90,2025-03-03,False,0.8708737710679196,0.8500220875276648
12,90,2025-03-06,False,0.8597827799860869,0.8500220875276648
12,90,2025-03-09,False,0.8654817489953294,0.8500220875276648
12,90,2025-03-12,False,0.862191504479611,0.8500220875276648
12,90,2025-03-15,False,0.8653115201851701,0.8500220875276648
12,90,2025-03-18,False,0.863980372678121,0.8500220875276648
12,90,2025-03-21,False,0.8640673819748033,0.8500220875276648
12,90,2025-03-24,False,0.8615796568666201,0.8500220875276648
12,90,2025-03-27,False,0.8646560405315526,0.8500220875276648
12,90,2025-03-30,False,0.8601420655907143,0.8500220875276648
12,90,2025-04-02,False,0.8606047572823666,0.8500220875276648
12,90,2025-04-05,False,0.8552184483345068,0.8500220875276648
12,90,2025-04-08,False,0.853846994566715,0.8500220875276648
12,90,2025-04-11,False,0.8545092319375204,0.8500220875276648
12,90,2025-04-14,False,0.8507436724462523,0.8500220875276648
12,90,2025-04-17,True,0.8524007758650647,0.8500220875276648
12,90,2025-04-20,True,0.848708199403156,0.8500220875276648
12,90,2025-04-23,True,0.8507075705969352,0.8500220875276648
12,90,2025-04-26,True,0.8480389964334007,0.8500220875276648
12,90,2025-04-29,True,0.8458579893328588,0.8500220875276648
12,90,2025-05-02,True,0.8518151661802248,0.8500220875276648
12,90,2025-05-05,True,0.8518034560346639,0.8500220875276648
12,90,2025-05-08,True,0.8483868396128326,0.8500220875276648
12,90,2025-05-11,True,0.8554844947360941,0.8500220875276648
12,90,2025-05-14,True,0.8575825481477917,0.8500220875276648
12,90,2025-05-17,True,0.8616962246113626,0.8500220875276648
12,90,2025-05-20,True,0.8600758910156081,0.8500220875276648
12,90,2025-05-23,True,0.8493844749707771,0.8500220875276648
12,90,2025-05-26,True,0.8435008836301734,0.8500220875276648
12,90,2025-05-29,True,0.8415402864074486,0.8500220875276648
12,90,2025-06-01,True,0.8578830316508153,0.8500220875276648
12,90,2025-06-04,True,0.8702820283869319,0.8500220875276648
12,90,2025-06-07,True,0.8556078219416337,0.8500220875276648
12,90,2025-06-10,True,0.859369496913484,0.8500220875276648
12,90,2025-06-13,True,0.8485818396060103,0.8500220875276648
12,90,2025-06-16,True,0.8575025591474452,0.8500220875276648
12,90,2025-06-19,True,0.8507724138722548,0.8500220875276648
12,90,2025-06-22,True,0.8541169910763462,0.8500220875276648
12,90,2025-06-25,True,0.8510209184807835,0.8500220875276648
12,90,2025-06-28,True,0.8127584993822834,0.8500220875276648
12,90,2025-07-01,True,0.819385606320391,0.8500220875276648
12,90,2025-07-04,True,0.8376257975744514,0.8500220875276648
12,90,2025-07-07,True,0.8379141358248618,0.8500220875276648
12,90,2025-07-10,True,0.8357188299954548,0.8500220875276648
12,90,2025-07-13,True,0.8194334202336084,0.8500220875276648
12,90,2025-07-16,True,0.8247602652870023,0.8500220875276648
12,90,2025-07-19,True,0.8358292819587725,0.8500220875276648
12,90,2025-07-22,True,0.8315972556389081,0.8500220875276648
12,90,2025-07-25,True,0.8146681189559819,0.8500220875276648
12,90,2025-07-28,True,0.813151503551208,0.8500220875276648
12,90,2025-07-31,True,0.8215303769962311,0.8500220875276648
12,90,2025-08-03,True,0.8278917712089482,0.8500220875276648
12,90,2025-08-06,True,0.8276852639970356,0.8500220875276648
12,90,2025-08-09,True,0.8367963650278128,0.8500220875276648
12,90,2025-08-12,True,0.8302523482136189,0.8500220875276648
12,90,2025-08-15,True,0.8329575027363108,0.8500220875276648
12,90,2025-08-18,True,0.8386628211940492,0.8500220875276648
12,90,2025-08-21,True,0.8418394170798023,0.8500220875276648
12,90,2025-08-24,True,0.8446088119985022,0.8500220875276648
12,90,2025-08-27,True,0.8513799023717618,0.8500220875276648
12,90,2025-08-30,True,0.8520387864909967,0.8500220875276648
12,90,2025-09-02,True,0.8516671692771622,0.8500220875276648
12,90,2025-09-05,True,0.8500677108846304,0.8500220875276648
12,90,2025-09-08,True,0.8502038543165393,0.8500220875276648
12,90,2025-09-11,True,0.8433535933387126,0.8500220875276648
12,90,2025-09-14,True,0.8450768519106477,0.8500220875276648
12,90,2025-09-17,False,0.8439911693953851,0.8500220875276648
12,90,2025-09-20,False,0.8434243083730386,0.8500220875276648
12,90,2025-09-23,False,0.8446388629556356,0.8500220875276648
12,90,2025-09-26,False,0.8522493838631575,0.8500220875276648
12,90,2025-09-29,False,0.8486339353447638,0.8500220875276648
12,90,2025-10-02,False,0.8368494432961138,0.8500220875276648
12,180,2023-01-01,False,0.8702155299224793,0.8500220875276648
12,180,2023-01-04,False,0.8691134490815049,0.8500220875276648
12,180,2023-01-07,False,0.8643094568417676,0.8500220875276648
12,180,2023-01-10,False,0.8676828938969164,0.8500220875276648
12,180,2023-01-13,False,0.8685581649276715,0.8500220875276648
12,180,2023-01-16,False,0.8709123120789171,0.8500220875276648
12,180,2023-01-19,False,0.8730078918355346,0.8500220875276648
12,180,2023-01-22,False,0.8732981953427159,0.8500220875276648
12,180,2023-01-25,False,0.8728868921409342,0.8500220875276648
12,180,2023-01-28,False,0.8725292448313279,0.8500220875276648
12,180,2023-01-31,False,0.8709566594934125,0.8500220875276648
12,180,2023-02-03,False,0.8716281171028089,0.8500220875276648
12,180,2023-02-06,False,0.8699179506878901,0.8500220875276648
12,180,2023-02-09,False,0.8675369755761783,0.8500220875276648
12,180,2023-02-12,False,0.8671928807215704,0.8500220875276648
12,180,2023-02-15,False,0.8679069636149275,0.8500220875276648
12,180,2023-02-18,False,0.8670780947982779,0.8500220875276648
12,180,2023-02-21,False,0.8710065790991668,0.8500220875276648
12,180,2023-02-24,False,0.8715794720923299,0.8500220875276648
12,180,2023-02-27,False,0.8805393332553219,0.8500220875276648
12,180,2023-03-02,False,0.8785312036087625,0.8500220875276648
12,180,2023-03-05,True,0.8784657368806099,0.8500220875276648
12,180,2023-03-08,True,0.8795029244439501,0.8500220875276648
12,180,2023-03-11,True,0.8813598954276084,0.8500220875276648
12,180,2023-03-14,True,0.8807346474818812,0.8500220875276648
12,180,2023-03-17,True,0.8830613153643222,0.8500220875276648
12,180,2023-03-20,True,0.8833534747213868,0.8500220875276648
12,180,2023-03-23,True,0.8813006775675278,0.8500220875276648
12,180,2023-03-26,True,0.8811676281972748,0.8500220875276648
12,180,2023-03-29,True,0.8799120821433571,0.8500220875276648
12,180,2023-04-01,True,0.8827317898084103,0.8500220875276648
12,180,2023-04-04,True,0.8835598758152705,0.8500220875276648
12,180,2023-04-07,True,0.8807880866430806,0.8500220875276648
12,180,2023-04-10,True,0.8810643563506498,0.8500220875276648
12,180,2023-04-13,True,0.8820943354617041,0.8500220875276648
12,180,2023-04-16,True,0.8813470863438742,0.8500220875276648
12,180,2023-04-19,True,0.8800604007964347,0.8500220875276648
12,180,2023-04-22,True,0.881772262612357,0.8500220875276648
12,180,2023-04-25,True,0.888008850598711,0.8500220875276648
12,180,2023-04-28,True,0.8877975964151423,0.8500220875276648
12,180,2023-05-01,True,0.8872999640872038,0.8500220875276648
12,180,2023-05-04,True,0.8869160137719578,0.8500220875276648
12,180,2023-05-07,True,0.8862641068755936,0.8500220875276648
12,180,2023-05-10,True,0.8917914242470987,0.8500220875276648
12,180,2023-05-13,True,0.8923531703365211,0.8500220875276648
12,180,2023-05-16,True,0.8910844822900522,0.8500220875276648
12,180,2023-05-19,True,0.8939253908417752,0.8500220875276648
12,180,2023-05-22,True,0.8946797738570255,0.8500220875276648
12,180,2023-05-25,True,0.8953432315983578,0.8500220875276648
12,180,2023-05-28,True,0.8965336254882802,0.8500220875276648
12,180,2023-05-31,True,0.8954833304978628,0.8500220875276648
12,180,2023-06-03,True,0.8937233768169129,0.8500220875276648
12,180,2023-06-06,True,0.8943085660127633,0.8500220875276648
12,180,2023-06-09,True,0.8931709991212929,0.8500220875276648
12,180,2023-06-12,True,0.8912718606345422,0.8500220875276648
12,180,2023-06-15,True,0.89179293437451,0.8500220875276648
12,180,2023-06-18,True,0.8884896616160395,0.8500220875276648
12,180,2023-06-21,True,0.8637050852693428,0.8500220875276648
12,180,2023-06-24,True,0.8548170487493746,0.8500220875276648
12,180,2023-06-27,True,0.8550161039642931,0.8500220875276648
12,180,2023-06-30,True,0.854083652096068,0.8500220875276648
12,180,2023-07-03,True,0.8555081129155635,0.8500220875276648
12,180,2023-07-06,True,0.8653199076555786,0.8500220875276648
12,180,2023-07-09,True,0.8613413635001845,0.8500220875276648
12,180,2023-07-12,True,0.8587710350969141,0.8500220875276648
12,180,2023-07-15,True,0.8572979022078039,0.8500220875276648
12,180,2023-07-18,True,0.8521528734852846,0.8500220875276648
12,180,2023-07-21,True,0.8516288357794553,0.8500220875276648
12,180,2023-07-24,True,0.8493242749707678,0.8500220875276648
12,180,2023-07-27,True,0.8464063415388989,0.8500220875276648
12,180,2023-07-30,True,0.8477420357084641,0.8500220875276648
12,180,2023-08-02,True,0.8474448559636538,0.8500220875276648
12,180,2023-08-05,False,0.8478574928716065,0.8500220875276648
12,180,2023-08-08,False,0.8498120732188733,0.8500220875276648
12,180,2023-08-11,False,0.8491869189890249,0.8500220875276648
12,180,2023-08-14,False,0.8465761210857862,0.8500220875276648
12,180,2023-08-17,False,0.84844743327196,0.8500220875276648
12,180,2023-08-20,False,0.8469000382931383,0.8500220875276648
12,180,2023-08-23,False,0.8484292469821632,0.8500220875276648
12,180,2023-08-26,False,0.8475758451347475,0.8500220875276648
12,180,2023-08-29,False,0.8457794934715497,0.8500220875276648
12,180,2023-09-01,False,0.8434077587230641,0.8500220875276648
12,180,2023-09-04,False,0.8390824314292888,0.8500220875276648
12,180,2023-09-07,False,0.8344906283908352,0.8500220875276648
12,180,2023-09-10,False,0.8276645739510679,0.8500220875276648
12,180,2023-09-13,False,0.8273821281402879,0.8500220875276648
12,180,2023-09-16,False,0.8293229877786261,0.8500220875276648
12,180,2023-09-19,False,0.828230284931451,0.8500220875276648
12,180,2023-09-22,False,0.8401829792738305,0.8500220875276648
12,180,2023-09-25,False,0.8435732264538727,0.8500220875276648
12,180,2023-09-28,False,0.8434391790356144,0.8500220875276648
12,180,2023-10-01,False,0.8337777567751445,0.8500220875276648
12,180,2023-10-04,False,0.8361698178938877,0.8500220875276648
12,180,2023-10-07,False,0.8367937108422958,0.8500220875276648
12,180,2023-10-10,False,0.8413323735117995,0.8500220875276648
12,180,2023-10-13,False,0.8460511455231221,0.8500220875276648
12,180,2023-10-16,False,0.8428612425465267,0.8500220875276648
12,180,2023-10-19,False,0.8452550650771398,0.8500220875276648
12,180,2023-10-22,False,0.8371343627196977,0.8500220875276648
12,180,2023-10-25,False,0.8351626051807021,0.8500220875276648
12,180,2023-10-28,False,0.8314975893427082,0.8500220875276648
12,180,2023-10-31,False,0.8258413815397896,0.8500220875276648
12,180,2023-11-03,False,0.8240942955021253,0.8500220875276648
12,180,2023-11-06,False,0.8209759671198857,0.8500220875276648
12,180,2023-11-09,False,0.817524879541289,0.8500220875276648
12,180,2023-11-12,False,0.8068293765869569,0.8500220875276648
12,180,2023-11-15,False,0.8039971749558127,0.8500220875276648
12,180,2023-11-18,False,0.811252606430417,0.8500220875276648
12,180,2023-11-21,False,0.8057640615246827,0.8500220875276648
12,180,2023-11-24,False,0.8053170520647721,0.8500220875276648
12,180,2023-11-27,False,0.8097195828371806,0.8500220875276648
12,180,2023-11-30,False,0.8766430086677703,0.8500220875276648
12,180,2023-12-03,False,0.8181389975763212,0.8500220875276648
12,180,2023-12-06,False,0.8194660419653257,0.8500220875276648
12,180,2023-12-09,False,0.8291641444492792,0.8500220875276648
12,180,2023-12-12,False,0.829373935692412,0.8500220875276648
12,180,2023-12-15,False,0.8316306677082459,0.8500220875276648
12,180,2023-12-18,False,0.8327947671221712,0.8500220875276648
12,180,2023-12-21,False,0.8324378717160841,0.8500220875276648
12,180,2023-12-24,False,0.84431212846116,0.8500220875276648
12,180,2023-12-27,False,0.8400079408284448,0.8500220875276648
12,180,2023-12-30,False,0.8382392274389382,0.8500220875276648
12,180,2024-01-02,False,0.8377410258568515,0.8500220875276648
12,180,2024-01-05,False,0.8361798381642952,0.8500220875276648
12,180,2024-01-08,False,0.848972913080948,0.8500220875276648
12,180,2024-01-11,False,0.8491742638732187,0.8500220875276648
12,180,2024-01-14,False,0.8493073059223977,0.8500220875276648
12,180,2024-01-17,False,0.8471990997581249,0.8500220875276648
12,180,2024-01-20,False,0.8455924041934577,0.8500220875276648
12,180,2024-01-23,False,0.8466113369461857,0.8500220875276648
12,180,2024-01-26,False,0.8466385120916161,0.8500220875276648
12,180,2024-01-29,False,0.846502540893297,0.8500220875276648
12,180,2024-02-01,False,0.8464358274650869,0.8500220875276648
12,180,2024-02-04,False,0.8464765390146303,0.8500220875276648
12,180,2024-02-07,False,0.8457856951027733,0.8500220875276648
12,180,2024-02-10,False,0.8428456520630403,0.8500220875276648
12,180,2024-02-13,False,0.8431537467373716,0.8500220875276648
12,180,2024-02-16,False,0.8428247669717625,0.8500220875276648
12,180,2024-02-19,False,0.8411557607251601,0.8500220875276648
12,180,2024-02-22,False,0.8406168049369968,0.8500220875276648
12,180,2024-02-25,False,0.8381122334487765,0.8500220875276648
12,180,2024-02-28,False,0.8386447959688523,0.8500220875276648
12,180,2024-03-02,False,0.8400054622207432,0.8500220875276648
12,180,2024-03-05,True,0.8399975843833358,0.8500220875276648
12,180,2024-03-08,True,0.8406313686527658,0.8500220875276648
12,180,2024-03-11,True,0.8378024419329608,0.8500220875276648
12,180,2024-03-14,True,0.8376500067019022,0.8500220875276648
12,180,2024-03-17,True,0.8379188973048077,0.8500220875276648
12,180,2024-03-20,True,0.8341883281734084,0.8500220875276648
12,180,2024-03-23,True,0.8343313580622392,0.8500220875276648
12,180,2024-03-26,True,0.8321847872258833,0.8500220875276648
12,180,2024-03-29,True,0.8331706511813585,0.8500220875276648
12,180,2024-04-01,True,0.8342699539412821,0.8500220875276648
12,180,2024-04-04,True,0.8348262247361506,0.8500220875276648
12,180,2024-04-07,True,0.8343327042886775,0.8500220875276648
12,180,2024-04-10,True,0.8333834947069904,0.8500220875276648
12,180,2024-04-13,True,0.8359573604877356,0.8500220875276648
12,180,2024-04-16,True,0.8344690759051341,0.8500220875276648
12,180,2024-04-19,True,0.8335797792896733,0.8500220875276648
12,180,2024-04-22,True,0.8319691116974283,0.8500220875276648
12,180,2024-04-25,True,0.8338583726450409,0.8500220875276648
12,180,2024-04-28,True,0.8381122049677499,0.8500220875276648
12,180,2024-05-01,True,0.8392315382036657,0.8500220875276648
12,180,2024-05-04,True,0.8409219007691238,0.8500220875276648
12,180,2024-05-07,True,0.8410308553356788,0.8500220875276648
12,180,2024-05-10,True,0.8453610970307976,0.8500220875276648
12,180,2024-05-13,True,0.8456324867124446,0.8500220875276648
12,180,2024-05-16,True,0.8435959964624786,0.8500220875276648
12,180,2024-05-19,True,0.8440399191757119,0.8500220875276648
12,180,2024-05-22,True,0.8433075345165006,0.8500220875276648
12,180,2024-05-25,True,0.8423439897242261,0.8500220875276648
12,180,2024-05-28,True,0.7830144098688184,0.8500220875276648
12,180,2024-05-31,True,0.8555421181503384,0.8500220875276648
12,180,2024-06-03,True,0.8553051176255959,0.8500220875276648
12,180,2024-06-06,True,0.8437795871611063,0.8500220875276648
12,180,2024-06-09,True,0.8426731799402859,0.8500220875276648
12,180,2024-06-12,True,0.8422596857404193,0.8500220875276648
12,180,2024-06-15,True,0.8420919401045286,0.8500220875276648
12,180,2024-06-18,True,0.8417228182177632,0.8500220875276648
12,180,2024-06-21,True,0.816289147056383,0.8500220875276648
12,180,2024-06-24,True,0.8234939112114323,0.8500220875276648
12,180,2024-06-27,True,0.8336571091768343,0.8500220875276648
12,180,2024-06-30,True,0.8326591063109997,0.8500220875276648
12,180,2024-07-03,True,0.8357762115651307,0.8500220875276648
12,180,2024-07-06,True,0.8009738404636122,0.8500220875276648
12,180,2024-07-09,True,0.7975849479358792,0.8500220875276648
12,180,2024-07-12,True,0.7975746056145943,0.8500220875276648
12,180,2024-07-15,True,0.8071890239946872,0.8500220875276648
12,180,2024-07-18,True,0.8049393740943334,0.8500220875276648
12,180,2024-07-21,True,0.805367482499582,0.8500220875276648
12,180,2024-07-24,True,0.7936272982599323,0.8500220875276648
12,180,2024-07-27,True,0.7945818065344186,0.8500220875276648
12,180,2024-07-30,True,0.7945568401667306,0.8500220875276648
12,180,2024-08-02,True,0.7947491083803053,0.8500220875276648
12,180,2024-08-05,False,0.8012493515441006,0.8500220875276648
12,180,2024-08-08,False,0.8042987234201872,0.8500220875276648
12,180,2024-08-11,False,0.8099916588258721,0.8500220875276648
12,180,2024-08-14,False,0.8126767632875154,0.8500220875276648
12,180,2024-08-17,False,0.81608964793931,0.8500220875276648
12,180,2024-08-20,False,0.816964598892544,0.8500220875276648
12,180,2024-08-23,False,0.8236954025038679,0.8500220875276648
12,180,2024-08-26,False,0.8255026877045819,0.8500220875276648
12,180,2024-08-29,False,0.8219428063414624,0.8500220875276648
12,180,2024-09-01,False,0.8253555433308584,0.8500220875276648
12,180,2024-09-04,False,0.829394552297633,0.8500220875276648
12,180,2024-09-07,False,0.833147903852884,0.8500220875276648
12,180,2024-09-10,False,0.8401770189463532,0.8500220875276648
12,180,2024-09-13,False,0.8412744653047504,0.8500220875276648
12,180,2024-09-16,False,0.8416191200736188,0.8500220875276648
12,180,2024-09-19,False,0.8365264143538289,0.8500220875276648
12,180,2024-09-22,False,0.8376815848689434,0.8500220875276648
12,180,2024-09-25,False,0.8412731504698722,0.8500220875276648
12,180,2024-09-28,False,0.8369099411868326,0.8500220875276648
12,180,2024-10-01,False,0.8522710903468931,0.8500220875276648
12,180,2024-10-04,False,0.8522229089280632,0.8500220875276648
12,180,2024-10-07,False,0.857018724687646,0.8500220875276648
12,180,2024-10-10,False,0.8563168819500324,0.8500220875276648
12,180,2024-10-13,False,0.8569564967530414,0.8500220875276648
12,180,2024-10-16,False,0.8608821370809739,0.8500220875276648
12,180,2024-10-19,False,0.8600964255412098,0.8500220875276648
12,180,2024-10-22,False,0.8611356216215781,0.8500220875276648
12,180,2024-10-25,False,0.8572258304768445,0.8500220875276648
12,180,2024-10-28,False,0.8602313782080651,0.8500220875276648
12,180,2024-10-31,False,0.8607465577794218,0.8500220875276648
12,180,2024-11-03,False,0.8564118385822783,0.8500220875276648
12,180,2024-11-06,False,0.8566795667781383,0.8500220875276648
12,180,2024-11-09,False,0.8618218496471624,0.8500220875276648
12,180,2024-11-12,False,0.8585817194520681,0.8500220875276648
12,180,2024-11-15,False,0.8588470769012672,0.8500220875276648
12,180,2024-11-18,False,0.8570693583668255,0.8500220875276648
12,180,2024-11-21,False,0.8577827046102557,0.8500220875276648
12,180,2024-11-24,False,0.8635056798443596,0.8500220875276648
12,180,2024-11-27,False,0.8650766460188809,0.8500220875276648
12,180,2024-11-30,False,0.8648884158401476,0.8500220875276648
12,180,2024-12-03,False,0.8536399737139422,0.8500220875276648
12,180,2024-12-06,False,0.8472746281495701,0.8500220875276648
12,180,2024-12-09,False,0.8567808331229034,0.8500220875276648
12,180,2024-12-12,False,0.8550728359359142,0.8500220875276648
12,180,2024-12-15,False,0.8576032458704159,0.8500220875276648
12,180,2024-12-18,False,0.8559339425851442,0.8500220875276648
12,180,2024-12-21,False,0.8566762028443872,0.8500220875276648
12,180,2024-12-24,False,0.8540486844353079,0.8500220875276648
12,180,2024-12-27,False,0.8548786287619259,0.8500220875276648
12,180,2024-12-30,False,0.8590345820080787,0.8500220875276648
12,180,2025-01-02,False,0.8600357593025567,0.8500220875276648
12,180,2025-01-05,False,0.860712368598689,0.8500220875276648
12,180,2025-01-08,False,0.8599710469514437,0.8500220875276648
12,180,2025-01-11,False,0.8600966778980348,0.8500220875276648
12,180,2025-01-14,False,0.8630248123563424,0.8500220875276648
12,180,2025-01-17,False,0.8624810100484765,0.8500220875276648
12,180,2025-01-20,False,0.8660662594166022,0.8500220875276648
12,180,2025-01-23,False,0.8658625049184913,0.8500220875276648
12,180,2025-01-26,False,0.8676829154597948,0.8500220875276648
12,180,2025-01-29,False,0.8679536622200544,0.8500220875276648
12,180,2025-02-01,False,0.867582720464923,0.8500220875276648
12,180,2025-02-04,False,0.8690421572397202,0.8500220875276648
12,180,2025-02-07,False,0.8679226251591389,0.8500220875276648
12,180,2025-02-10,False,0.8693248812815594,0.8500220875276648
12,180,2025-02-13,False,0.8697374255940209,0.8500220875276648
12,180,2025-02-16,False,0.8704032530887738,0.8500220875276648
12,180,2025-02-19,False,0.8705947561330623,0.8500220875276648
12,180,2025-02-22,False,0.8690166862271338,0.8500220875276648
12,180,2025-02-25,False,0.8678305989029924,0.8500220875276648
12,180,2025-02-28,False,0.8659071757333764,0.8500220875276648
12,180,2025-03-03,True,0.8649793019048558,0.8500220875276648
12,180,2025-03-06,True,0.8645376265961232,0.8500220875276648
12,180,2025-03-09,True,0.862442753506763,0.8500220875276648
12,180,2025-03-12,True,0.8613743529129643,0.8500220875276648
12,180,2025-03-15,True,0.8608622596756237,0.8500220875276648
12,180,2025-03-18,True,0.8623606956655259,0.8500220875276648
12,180,2025-03-21,True,0.8607384115218102,0.8500220875276648
12,180,2025-03-24,True,0.8596717695800242,0.8500220875276648
12,180,2025-03-27,True,0.8612485655648247,0.8500220875276648
12,180,2025-03-30,True,0.8488000002549948,0.8500220875276648
12,180,2025-04-02,True,0.8504377137838518,0.8500220875276648
12,180,2025-04-05,True,0.8501239384521587,0.8500220875276648
12,180,2025-04-08,True,0.8494004603488003,0.8500220875276648
12,180,2025-04-11,True,0.8493511403884574,0.8500220875276648
12,180,2025-04-14,True,0.841597373056772,0.8500220875276648
12,180,2025-04-17,True,0.8443778642281339,0.8500220875276648
12,180,2025-04-20,True,0.8447297833123363,0.8500220875276648
12,180,2025-04-23,True,0.8448115691372098,0.8500220875276648
12,180,2025-04-26,True,0.8377804188582147,0.8500220875276648
12,180,2025-04-29,True,0.8359998713575846,0.8500220875276648
12,180,2025-05-02,True,0.842379640192743,0.8500220875276648
12,180,2025-05-05,True,0.8440862405316497,0.8500220875276648
12,180,2025-05-08,True,0.841435161515015,0.8500220875276648
12,180,2025-05-11,True,0.8491888953943878,0.8500220875276648
12,180,2025-05-14,True,0.8483822828234167,0.8500220875276648
12,180,2025-05-17,True,0.8519144544794262,0.8500220875276648
12,180,2025-05-20,True,0.8525798539366813,0.8500220875276648
12,180,2025-05-23,True,0.846658286431407,0.8500220875276648
12,180,2025-05-26,True,0.8439039297539281,0.8500220875276648
12,180,2025-05-29,True,0.8450852845010561,0.8500220875276648
12,180,2025-06-01,True,0.8555394186915897,0.8500220875276648
12,180,2025-06-04,True,0.8627194458022694,0.8500220875276648
12,180,2025-06-07,True,0.85287326460493,0.8500220875276648
12,180,2025-06-10,True,0.8546723679562458,0.8500220875276648
12,180,2025-06-13,True,0.8457145000527708,0.8500220875276648
12,180,2025-06-16,True,0.8503881866376137,0.8500220875276648
12,180,2025-06-19,True,0.8468671270091159,0.8500220875276648
12,180,2025-06-22,True,0.8479765384737845,0.8500220875276648
12,180,2025-06-25,True,0.8473020918181563,0.8500220875276648
12,180,2025-06-28,True,0.8371599697896043,0.8500220875276648
12,180,2025-07-01,True,0.8368738840333427,0.8500220875276648
12,180,2025-07-04,True,0.8372194614602441,0.8500220875276648
12,365,2023-01-01,True,0.8630221251484708,0.8500220875276648
12,365,2023-01-04,True,0.8638018374772595,0.8500220875276648
12,365,2023-01-07,True,0.8644233602255579,0.8500220875276648
12,365,2023-01-10,True,0.8642084244991027,0.8500220875276648
12,365,2023-01-13,True,0.8644694404782538,0.8500220875276648
12,365,2023-01-16,True,0.8649805608364975,0.8500220875276648
12,365,2023-01-19,True,0.8640378488502446,0.8500220875276648
12,365,2023-01-22,True,0.8636130792427287,0.8500220875276648
12,365,2023-01-25,True,0.8624324897367094,0.8500220875276648
12,365,2023-01-28,True,0.8618737828248824,0.8500220875276648
12,365,2023-01-31,True,0.8618915747813235,0.8500220875276648
12,365,2023-02-03,True,0.8616992768466605,0.8500220875276648
12,365,2023-02-06,True,0.8613662283502158,0.8500220875276648
12,365,2023-02-09,True,0.8608997820419939,0.8500220875276648
12,365,2023-02-12,True,0.8603333927710395,0.8500220875276648
12,365,2023-02-15,True,0.8590776263621527,0.8500220875276648
12,365,2023-02-18,True,0.8613473400277868,0.8500220875276648
12,365,2023-02-21,True,0.8630722805889084,0.8500220875276648
12,365,2023-02-24,True,0.8625105791311815,0.8500220875276648
12,365,2023-02-27,True,0.8667088629129694,0.8500220875276648
12,365,2023-03-02,True,0.8652774234867956,0.8500220875276648
12,365,2023-03-05,True,0.8646474981101546,0.8500220875276648
12,365,2023-03-08,True,0.8637574251605462,0.8500220875276648
12,365,2023-03-11,True,0.8644243079291793,0.8500220875276648
12,365,2023-03-14,True,0.8646107871138331,0.8500220875276648
12,365,2023-03-17,True,0.8643414098908582,0.8500220875276648
12,365,2023-03-20,True,0.8677151966108172,0.8500220875276648
12,365,2023-03-23,True,0.8663865703799286,0.8500220875276648
12,365,2023-03-26,True,0.8680342494024689,0.8500220875276648
12,365,2023-03-29,True,0.8671598878264389,0.8500220875276648
12,365,2023-04-01,True,0.8677949958264652,0.8500220875276648
12,365,2023-04-04,True,0.8659676090427152,0.8500220875276648
12,365,2023-04-07,True,0.8654308169547122,0.8500220875276648
12,365,2023-04-10,True,0.866949938271617,0.8500220875276648
12,365,2023-04-13,True,0.8669162737894549,0.8500220875276648
12,365,2023-04-16,True,0.867972404280632,0.8500220875276648
12,365,2023-04-19,True,0.866683838794929,0.8500220875276648
12,365,2023-04-22,True,0.8674675972265443,0.8500220875276648
12,365,2023-04-25,True,0.8697241341982967,0.8500220875276648
12,365,2023-04-28,True,0.8661141590919466,0.8500220875276648
12,365,2023-05-01,True,0.8654782040054606,0.8500220875276648
12,365,2023-05-04,False,0.864421326637092,0.8500220875276648
12,365,2023-05-07,False,0.8644766458577422,0.8500220875276648
12,365,2023-05-10,False,0.8655509662447018,0.8500220875276648
12,365,2023-05-13,False,0.8613392758562278,0.8500220875276648
12,365,2023-05-16,False,0.8614015919931044,0.8500220875276648
12,365,2023-05-19,False,0.8636583082042842,0.8500220875276648
12,365,2023-05-22,False,0.8637334090057365,0.8500220875276648
12,365,2023-05-25,False,0.8640042092655347,0.8500220875276648
12,365,2023-05-28,False,0.8669041907414291,0.8500220875276648
12,365,2023-05-31,False,0.855088141001702,0.8500220875276648
12,365,2023-06-03,False,0.8544555931303797,0.8500220875276648
12,365,2023-06-06,False,0.8577546359862546,0.8500220875276648
12,365,2023-06-09,False,0.8583238770461772,0.8500220875276648
12,365,2023-06-12,False,0.8582262593249529,0.8500220875276648
12,365,2023-06-15,False,0.8584479302836694,0.8500220875276648
12,365,2023-06-18,False,0.8573344558753984,0.8500220875276648
12,365,2023-06-21,False,0.8482798519742915,0.8500220875276648
12,365,2023-06-24,False,0.8478390008471586,0.8500220875276648
12,365,2023-06-27,False,0.8441763919495575,0.8500220875276648
12,365,2023-06-30,False,0.8435835279489088,0.8500220875276648
12,365,2023-07-03,False,0.8442879584388792,0.8500220875276648
12,365,2023-07-06,False,0.8521968313712575,0.8500220875276648
12,365,2023-07-09,False,0.8524134135474282,0.8500220875276648
12,365,2023-07-12,False,0.8522742097068544,0.8500220875276648
12,365,2023-07-15,False,0.8507130186302063,0.8500220875276648
12,365,2023-07-18,False,0.8474230510573469,0.8500220875276648
12,365,2023-07-21,False,0.8468610694249881,0.8500220875276648
12,365,2023-07-24,False,0.8461865543180853,0.8500220875276648
12,365,2023-07-27,False,0.8459881695848646,0.8500220875276648
12,365,2023-07-30,False,0.8464374546974536,0.8500220875276648
12,365,2023-08-02,False,0.846583933350649,0.8500220875276648
12,365,2023-08-05,False,0.8464706483512898,0.8500220875276648
12,365,2023-08-08,False,0.8448513454171583,0.8500220875276648
12,365,2023-08-11,False,0.8450817955619045,0.8500220875276648
12,365,2023-08-14,False,0.8436198997972002,0.8500220875276648
12,365,2023-08-17,False,0.8443924618183843,0.8500220875276648
12,365,2023-08-20,False,0.8441817405677505,0.8500220875276648
12,365,2023-08-23,False,0.8417322328051352,0.8500220875276648
12,365,2023-08-26,False,0.8404537819941338,0.8500220875276648
12,365,2023-08-29,False,0.8407834655721832,0.8500220875276648
12,365,2023-09-01,False,0.8408069677994919,0.8500220875276648
12,365,2023-09-04,False,0.8395441474560343,0.8500220875276648
12,365,2023-09-07,False,0.8374208916802759,0.8500220875276648
12,365,2023-09-10,False,0.8364567630382693,0.8500220875276648
12,365,2023-09-13,False,0.8339211191215967,0.8500220875276648
12,365,2023-09-16,False,0.8339967326752711,0.8500220875276648
12,365,2023-09-19,False,0.8360024129094827,0.8500220875276648
12,365,2023-09-22,False,0.8363625571785119,0.8500220875276648
12,365,2023-09-25,False,0.8368171310065279,0.8500220875276648
12,365,2023-09-28,False,0.8359959101835096,0.8500220875276648
12,365,2023-10-01,False,0.8339328233277428,0.8500220875276648
12,365,2023-10-04,False,0.8350653332109598,0.8500220875276648
12,365,2023-10-07,False,0.8357698158624463,0.8500220875276648
12,365,2023-10-10,False,0.8368556856894085,0.8500220875276648
12,365,2023-10-13,False,0.8378026524988971,0.8500220875276648
12,365,2023-10-16,False,0.8374813790217045,0.8500220875276648
12,365,2023-10-19,False,0.8369610855213414,0.8500220875276648
12,365,2023-10-22,False,0.8330037723587161,0.8500220875276648
12,365,2023-10-25,False,0.8347314300602517,0.8500220875276648
12,365,2023-10-28,False,0.8343416325615404,0.8500220875276648
12,365,2023-10-31,False,0.8358261483716076,0.8500220875276648
12,365,2023-11-03,False,0.8355102047835324,0.8500220875276648
12,365,2023-11-06,False,0.8346414676655777,0.8500220875276648
12,365,2023-11-09,False,0.8336715594440838,0.8500220875276648
12,365,2023-11-12,False,0.8332005070514138,0.8500220875276648
12,365,2023-11-15,False,0.8332030208644161,0.8500220875276648
12,365,2023-11-18,False,0.8329968281710589,0.8500220875276648
12,365,2023-11-21,False,0.8317117772081388,0.8500220875276648
12,365,2023-11-24,False,0.8321070709285663,0.8500220875276648
12,365,2023-11-27,False,0.8329876868716417,0.8500220875276648
12,365,2023-11-30,False,0.8337842097198205,0.8500220875276648
12,365,2023-12-03,True,0.8334251734840223,0.8500220875276648
12,365,2023-12-06,True,0.8332529749164881,0.8500220875276648
12,365,2023-12-09,True,0.8341195094787489,0.8500220875276648
12,365,2023-12-12,True,0.833722865080567,0.8500220875276648
12,365,2023-12-15,True,0.835378984466484,0.8500220875276648
12,365,2023-12-18,True,0.8354456112949726,0.8500220875276648
12,365,2023-12-21,True,0.8349654564429119,0.8500220875276648
12,365,2023-12-24,True,0.8361698891811006,0.8500220875276648
12,365,2023-12-27,True,0.8361946462393754,0.8500220875276648
12,365,2023-12-30,True,0.8363421415811612,0.8500220875276648
12,365,2024-01-02,True,0.8361894024996802,0.8500220875276648
12,365,2024-01-05,True,0.8354506812098987,0.8500220875276648
12,365,2024-01-08,True,0.8356270980499714,0.8500220875276648
12,365,2024-01-11,True,0.8360677511743893,0.8500220875276648
12,365,2024-01-14,True,0.8337911620966005,0.8500220875276648
12,365,2024-01-17,True,0.8344674900633,0.8500220875276648
12,365,2024-01-20,True,0.8311000873737355,0.8500220875276648
12,365,2024-01-23,True,0.832416032444264,0.8500220875276648
12,365,2024-01-26,True,0.8325294625337314,0.8500220875276648
12,365,2024-01-29,True,0.8324482764550687,0.8500220875276648
12,365,2024-02-01,True,0.8336175920304296,0.8500220875276648
12,365,2024-02-04,True,0.8321462638976702,0.8500220875276648
12,365,2024-02-07,True,0.833813233215722,0.8500220875276648
12,365,2024-02-10,True,0.8342028330740292,0.8500220875276648
12,365,2024-02-13,True,0.8349052828077147,0.8500220875276648
12,365,2024-02-16,True,0.8353898249265778,0.8500220875276648
12,365,2024-02-19,True,0.8335635521850567,0.8500220875276648
12,365,2024-02-22,True,0.8339825197948525,0.8500220875276648
12,365,2024-02-25,True,0.8344288110818562,0.8500220875276648
12,365,2024-02-28,True,0.8349660182346403,0.8500220875276648
12,365,2024-03-02,True,0.8368550780196816,0.8500220875276648
12,365,2024-03-05,True,0.8362046110930301,0.8500220875276648
12,365,2024-03-08,True,0.8395641152056936,0.8500220875276648
12,365,2024-03-11,True,0.8383722618209777,0.8500220875276648
12,365,2024-03-14,True,0.8377976046954949,0.8500220875276648
12,365,2024-03-17,True,0.838412192159355,0.8500220875276648
12,365,2024-03-20,True,0.8353507975015839,0.8500220875276648
12,365,2024-03-23,True,0.8361793647025277,0.8500220875276648
12,365,2024-03-26,True,0.8333098268977799,0.8500220875276648
12,365,2024-03-29,True,0.8391488122459759,0.8500220875276648
12,365,2024-04-01,True,0.84027519254486,0.8500220875276648
12,365,2024-04-04,True,0.8424107321495616,0.8500220875276648
12,365,2024-04-07,True,0.8432256840639633,0.8500220875276648
12,365,2024-04-10,True,0.8425451133026758,0.8500220875276648
12,365,2024-04-13,True,0.8451907784483328,0.8500220875276648
12,365,2024-04-16,True,0.8434397166100416,0.8500220875276648
12,365,2024-04-19,True,0.8435115960680851,0.8500220875276648
12,365,2024-04-22,True,0.8431694971171153,0.8500220875276648
12,365,2024-04-25,True,0.8446287447780461,0.8500220875276648
12,365,2024-04-28,True,0.8481596240374643,0.8500220875276648
12,365,2024-05-01,True,0.845858036228785,0.8500220875276648
12,365,2024-05-04,False,0.8462781658067735,0.8500220875276648
12,365,2024-05-07,False,0.8476168101244106,0.8500220875276648
12,365,2024-05-10,False,0.8501103818548,0.8500220875276648
12,365,2024-05-13,False,0.8510437607958121,0.8500220875276648
12,365,2024-05-16,False,0.8486860316833957,0.8500220875276648
12,365,2024-05-19,False,0.8493294679056553,0.8500220875276648
12,365,2024-05-22,False,0.8500252139531856,0.8500220875276648
12,365,2024-05-25,False,0.851881205448358,0.8500220875276648
12,365,2024-05-28,False,0.824815975474425,0.8500220875276648
12,365,2024-05-31,False,0.8567356399582011,0.8500220875276648
12,365,2024-06-03,False,0.8498735206904369,0.8500220875276648
12,365,2024-06-06,False,0.8506303887727931,0.8500220875276648
12,365,2024-06-09,False,0.8498700847758789,0.8500220875276648
12,365,2024-06-12,False,0.8517110935317058,0.8500220875276648
12,365,2024-06-15,False,0.8501803502991608,0.8500220875276648
12,365,2024-06-18,False,0.8503726099064481,0.8500220875276648
12,365,2024-06-21,False,0.8429666027076743,0.8500220875276648
12,365,2024-06-24,False,0.8454180407969691,0.8500220875276648
12,365,2024-06-27,False,0.8494877075613003,0.8500220875276648
12,365,2024-06-30,False,0.8512937032335888,0.8500220875276648
12,365,2024-07-03,False,0.8515762416259636,0.8500220875276648
12,365,2024-07-06,False,0.8425150979968832,0.8500220875276648
12,365,2024-07-09,False,0.8425259040011099,0.8500220875276648
12,365,2024-07-12,False,0.8433872211037081,0.8500220875276648
12,365,2024-07-15,False,0.8452845621499863,0.8500220875276648
12,365,2024-07-18,False,0.8461983746362147,0.8500220875276648
12,365,2024-07-21,False,0.8449877527220147,0.8500220875276648
12,365,2024-07-24,False,0.8465997062736262,0.8500220875276648
12,365,2024-07-27,False,0.8474350957179745,0.8500220875276648
12,365,2024-07-30,False,0.847442511870481,0.8500220875276648
12,365,2024-08-02,False,0.8473515020235289,0.8500220875276648
12,365,2024-08-05,False,0.8482652529578903,0.8500220875276648
12,365,2024-08-08,False,0.8511819816746308,0.8500220875276648
12,365,2024-08-11,False,0.8528305489110015,0.8500220875276648
12,365,2024-08-14,False,0.8538764573305511,0.8500220875276648
12,365,2024-08-17,False,0.854000867219697,0.8500220875276648
12,365,2024-08-20,False,0.8533604052281291,0.8500220875276648
12,365,2024-08-23,False,0.8546552116102542,0.8500220875276648
12,365,2024-08-26,False,0.8538844332694628,0.8500220875276648
12,365,2024-08-29,False,0.8531835116421251,0.8500220875276648
12,365,2024-09-01,False,0.853158996195873,0.8500220875276648
12,365,2024-09-04,False,0.8537287693105403,0.8500220875276648
12,365,2024-09-07,False,0.8541925696285033,0.8500220875276648
12,365,2024-09-10,False,0.8538200007830933,0.8500220875276648
12,365,2024-09-13,False,0.85371649048676,0.8500220875276648
12,365,2024-09-16,False,0.8538078899108811,0.8500220875276648
12,365,2024-09-19,False,0.8522918232446473,0.8500220875276648
12,365,2024-09-22,False,0.8522771775975945,0.8500220875276648
12,365,2024-09-25,False,0.850773633533902,0.8500220875276648
12,365,2024-09-28,False,0.8502562072973915,0.8500220875276648
12,365,2024-10-01,False,0.853122103291398,0.8500220875276648
12,365,2024-10-04,False,0.8532342265784649,0.8500220875276648
12,365,2024-10-07,False,0.8526450458893354,0.8500220875276648
12,365,2024-10-10,False,0.850043038458271,0.8500220875276648
12,365,2024-10-13,False,0.8493615489012794,0.8500220875276648
12,365,2024-10-16,False,0.8518031844987439,0.8500220875276648
12,365,2024-10-19,False,0.8510440396363659,0.8500220875276648
12,365,2024-10-22,False,0.850512106687194,0.8500220875276648
12,365,2024-10-25,False,0.8482791750583577,0.8500220875276648
12,365,2024-10-28,False,0.8488090477996758,0.8500220875276648
12,365,2024-10-31,False,0.8485628687126463,0.8500220875276648
12,365,2024-11-03,False,0.849840001294982,0.8500220875276648
12,365,2024-11-06,False,0.8525052059201288,0.8500220875276648
12,365,2024-11-09,False,0.8527919469401214,0.8500220875276648
12,365,2024-11-12,False,0.8531987249591796,0.8500220875276648
12,365,2024-11-15,False,0.8546465993958989,0.8500220875276648
12,365,2024-11-18,False,0.8548265430759384,0.8500220875276648
12,365,2024-11-21,False,0.8547384876827867,0.8500220875276648
12,365,2024-11-24,False,0.8541829963813762,0.8500220875276648
12,365,2024-11-27,False,0.8544549622854863,0.8500220875276648
12,365,2024-11-30,False,0.8540454038403081,0.8500220875276648
12,365,2024-12-03,True,0.8545185900514074,0.8500220875276648
12,365,2024-12-06,True,0.8542327923250866,0.8500220875276648
12,365,2024-12-09,True,0.8530092813526853,0.8500220875276648
12,365,2024-12-12,True,0.8530351701059566,0.8500220875276648
12,365,2024-12-15,True,0.8524735751527225,0.8500220875276648
12,365,2024-12-18,True,0.8527747643619691,0.8500220875276648
12,365,2024-12-21,True,0.8531660434434598,0.8500220875276648
12,365,2024-12-24,True,0.8516136064351584,0.8500220875276648
12,365,2024-12-27,True,0.8519573316334175,0.8500220875276648
12,365,2024-12-30,True,0.8518600426798804,0.8500220875276648
12,730,2023-01-01,False,0.8491623997891538,0.8500220875276648
12,730,2023-01-04,False,0.8490042442111188,0.8500220875276648
12,730,2023-01-07,False,0.8493270652036975,0.8500220875276648
12,730,2023-01-10,False,0.8493195246532302,0.8500220875276648
12,730,2023-01-13,False,0.8483160586716116,0.8500220875276648
12,730,2023-01-16,False,0.8489200014030741,0.8500220875276648
12,730,2023-01-19,False,0.8472203133631423,0.8500220875276648
12,730,2023-01-22,False,0.8471370581474227,0.8500220875276648
12,730,2023-01-25,False,0.8464540546238517,0.8500220875276648
12,730,2023-01-28,False,0.8464314330000244,0.8500220875276648
12,730,2023-01-31,False,0.8466428335659966,0.8500220875276648
12,730,2023-02-03,False,0.8465022117047372,0.8500220875276648
12,730,2023-02-06,False,0.8465054215449119,0.8500220875276648
12,730,2023-02-09,False,0.846591548483127,0.8500220875276648
12,730,2023-02-12,False,0.8464398373129279,0.8500220875276648
12,730,2023-02-15,False,0.8466329454839758,0.8500220875276648
12,730,2023-02-18,False,0.8468318044703739,0.8500220875276648
12,730,2023-02-21,False,0.8474549407880055,0.8500220875276648
12,730,2023-02-24,False,0.8474057293039051,0.8500220875276648
12,730,2023-02-27,False,0.8494939624883521,0.8500220875276648
12,730,2023-03-02,False,0.8494890042011165,0.8500220875276648
12,730,2023-03-05,False,0.8491159037699527,0.8500220875276648
12,730,2023-03-08,False,0.8495174256418699,0.8500220875276648
12,730,2023-03-11,False,0.8504647608291632,0.8500220875276648
12,730,2023-03-14,False,0.8503324538996518,0.8500220875276648
12,730,2023-03-17,False,0.8505049356899124,0.8500220875276648
12,730,2023-03-20,False,0.8504407006907817,0.8500220875276648
12,730,2023-03-23,False,0.8501521167820572,0.8500220875276648
12,730,2023-03-26,False,0.8504553757658497,0.8500220875276648
12,730,2023-03-29,False,0.8509876329072295,0.8500220875276648
12,730,2023-04-01,False,0.8526790879532304,0.8500220875276648
12,730,2023-04-04,False,0.8523404633966147,0.8500220875276648
12,730,2023-04-07,False,0.8531676444893794,0.8500220875276648
12,730,2023-04-10,False,0.8535215234979132,0.8500220875276648
12,730,2023-04-13,False,0.8547324916560557,0.8500220875276648
12,730,2023-04-16,False,0.8550254086572456,0.8500220875276648
12,730,2023-04-19,False,0.8542109229555201,0.8500220875276648
12,730,2023-04-22,False,0.8544809684245598,0.8500220875276648
12,730,2023-04-25,False,0.8546833969083053,0.8500220875276648
12,730,2023-04-28,False,0.8557066940720008,0.8500220875276648
12,730,2023-05-01,False,0.855837281700318,0.8500220875276648
12,730,2023-05-04,False,0.8547227018922481,0.8500220875276648
12,730,2023-05-07,False,0.854084663485493,0.8500220875276648
12,730,2023-05-10,False,0.8562332076271368,0.8500220875276648
12,730,2023-05-13,False,0.8555380258155972,0.8500220875276648
12,730,2023-05-16,False,0.854865994597284,0.8500220875276648
12,730,2023-05-19,False,0.8553074978437077,0.8500220875276648
12,730,2023-05-22,False,0.855494071528093,0.8500220875276648
12,730,2023-05-25,False,0.857190164529421,0.8500220875276648
12,730,2023-05-28,False,0.8576722048802352,0.8500220875276648
12,730,2023-05-31,False,0.8575852960583786,0.8500220875276648
12,730,2023-06-03,True,0.8526146284718434,0.8500220875276648
12,730,2023-06-06,True,0.8537334688951481,0.8500220875276648
12,730,2023-06-09,True,0.8544580378076609,0.8500220875276648
12,730,2023-06-12,True,0.8551295670062542,0.8500220875276648
12,730,2023-06-15,True,0.8549636802003565,0.8500220875276648
12,730,2023-06-18,True,0.8542908814792252,0.8500220875276648
12,730,2023-06-21,True,0.8478582913742736,0.8500220875276648
12,730,2023-06-24,True,0.8454487628736609,0.8500220875276648
12,730,2023-06-27,True,0.8461789548141416,0.8500220875276648
12,730,2023-06-30,True,0.8472539469448787,0.8500220875276648
12,730,2023-07-03,True,0.8474588228518805,0.8500220875276648
12,730,2023-07-06,True,0.8486534797233198,0.8500220875276648
12,730,2023-07-09,True,0.8478141205912018,0.8500220875276648
12,730,2023-07-12,True,0.8481333248688028,0.8500220875276648
12,730,2023-07-15,True,0.8474652038011989,0.8500220875276648
12,730,2023-07-18,True,0.8467170632465709,0.8500220875276648
12,730,2023-07-21,True,0.8460165892489218,0.8500220875276648
12,730,2023-07-24,True,0.8461529387308199,0.8500220875276648
12,730,2023-07-27,True,0.8468581030236771,0.8500220875276648
12,730,2023-07-30,True,0.8469669752525089,0.8500220875276648
12,730,2023-08-02,True,0.8468757116268366,0.8500220875276648
12,730,2023-08-05,True,0.8469984057756863,0.8500220875276648
12,730,2023-08-08,True,0.847632823043093,0.8500220875276648
12,730,2023-08-11,True,0.8485360533296582,0.8500220875276648
12,730,2023-08-14,True,0.8483743487556809,0.8500220875276648
12,730,2023-08-17,True,0.8490254231850598,0.8500220875276648
12,730,2023-08-20,True,0.8484401650867928,0.8500220875276648
12,730,2023-08-23,True,0.8478512309187366,0.8500220875276648
12,730,2023-08-26,True,0.8471434834472678,0.8500220875276648
12,730,2023-08-29,True,0.8469897634391811,0.8500220875276648
12,730,2023-09-01,True,0.8467108682925084,0.8500220875276648
12,730,2023-09-04,True,0.8461369925906836,0.8500220875276648
12,730,2023-09-07,True,0.8456275941606972,0.8500220875276648
12,730,2023-09-10,True,0.8450523817190111,0.8500220875276648
12,730,2023-09-13,True,0.8439987638343069,0.8500220875276648
12,730,2023-09-16,True,0.8441933526166455,0.8500220875276648
12,730,2023-09-19,True,0.8438519462251182,0.8500220875276648
12,730,2023-09-22,True,0.8439883189167192,0.8500220875276648
12,730,2023-09-25,True,0.84375559831498,0.8500220875276648
12,730,2023-09-28,True,0.8428665207935666,0.8500220875276648
12,730,2023-10-01,True,0.842833088004461,0.8500220875276648
12,730,2023-10-04,True,0.8438894809209081,0.8500220875276648
12,730,2023-10-07,True,0.8440099918918484,0.8500220875276648
12,730,2023-10-10,True,0.8434079539314446,0.8500220875276648
12,730,2023-10-13,True,0.8433484607748384,0.8500220875276648
12,730,2023-10-16,True,0.8444551357519355,0.8500220875276648
12,730,2023-10-19,True,0.8438287350077901,0.8500220875276648
12,730,2023-10-22,True,0.8425544407687848,0.8500220875276648
12,730,2023-10-25,True,0.8412303786612543,0.8500220875276648
12,730,2023-10-28,True,0.8416327312414418,0.8500220875276648
12,730,2023-10-31,True,0.8420331383321866,0.8500220875276648
12,730,2023-11-03,False,0.8420838717034371,0.8500220875276648
12,730,2023-11-06,False,0.8429079712067852,0.8500220875276648
12,730,2023-11-09,False,0.8431228939751201,0.8500220875276648
12,730,2023-11-12,False,0.8429037218223954,0.8500220875276648
12,730,2023-11-15,False,0.8439216817554115,0.8500220875276648
12,730,2023-11-18,False,0.8440852580785615,0.8500220875276648
12,730,2023-11-21,False,0.8435322819417138,0.8500220875276648
12,730,2023-11-24,False,0.8432143518913324,0.8500220875276648
12,730,2023-11-27,False,0.8437768332323053,0.8500220875276648
12,730,2023-11-30,False,0.8439638185210974,0.8500220875276648
12,730,2023-12-03,False,0.8439561226214357,0.8500220875276648
12,730,2023-12-06,False,0.8441283474641252,0.8500220875276648
12,730,2023-12-09,False,0.8434523485674802,0.8500220875276648
12,730,2023-12-12,False,0.8434150476996245,0.8500220875276648
12,730,2023-12-15,False,0.843890899759446,0.8500220875276648
12,730,2023-12-18,False,0.8441392365997662,0.8500220875276648
12,730,2023-12-21,False,0.8442311471890631,0.8500220875276648
12,730,2023-12-24,False,0.8441515307499149,0.8500220875276648
12,730,2023-12-27,False,0.8440109773784463,0.8500220875276648
12,730,2023-12-30,False,0.8441860291473604,0.8500220875276648
12,730,2024-01-02,False,0.8439929118742767,0.8500220875276648
15,7,2023-01-01,False,0.31508927819876476,0.6998633422814771
15,7,2023-01-04,False,-0.8595463158306742,0.6998633422814771
15,7,2023-01-07,False,0.4989031748281716,0.6998633422814771
15,7,2023-01-10,False,0.6890358556677049,0.6998633422814771
15,7,2023-01-13,False,0.699307034004021,0.6998633422814771
15,7,2023-01-16,False,0.8010117365583769,0.6998633422814771
15,7,2023-01-19,False,0.851425670879115,0.6998633422814771
15,7,2023-01-22,False,0.9188017968690881,0.6998633422814771
15,7,2023-01-25,False,0.9292556213767972,0.6998633422814771
15,7,2023-01-28,False,0.7832342894214436,0.6998633422814771
15,7,2023-01-31,False,0.5832473834762055,0.6998633422814771
15,7,2023-02-03,False,0.6741884926143002,0.6998633422814771
15,7,2023-02-06,False,0.7370309010244869,0.6998633422814771
15,7,2023-02-09,False,0.8125695875544308,0.6998633422814771
15,7,2023-02-12,False,0.7269347855253261,0.6998633422814771
15,7,2023-02-15,False,0.9035177413571072,0.6998633422814771
15,7,2023-02-18,False,0.8637445622487516,0.6998633422814771
15,7,2023-02-21,False,0.8153385793459688,0.6998633422814771
15,7,2023-02-24,False,0.7671014044161046,0.6998633422814771
15,7,2023-02-27,False,0.7115979611873944,0.6998633422814771
15,7,2023-03-02,False,0.5678736724895277,0.6998633422814771
15,7,2023-03-05,False,0.828253618269869,0.6998633422814771
15,7,2023-03-08,False,0.7854547591014442,0.6998633422814771
15,7,2023-03-11,False,0.7592402638433344,0.6998633422814771
15,7,2023-03-14,False,0.8178599858870292,0.6998633422814771
15,7,2023-03-17,False,0.8649237386523567,0.6998633422814771
15,7,2023-03-20,False,0.9849355377956426,0.6998633422814771
15,7,2023-03-23,False,0.9817486779622182,0.6998633422814771
15,7,2023-03-26,False,0.9010530068440028,0.6998633422814771
15,7,2023-03-29,False,0.8906104699004793,0.6998633422814771
15,7,2023-04-01,False,0.8980037388962698,0.6998633422814771
15,7,2023-04-04,False,0.7838215497558068,0.6998633422814771
15,7,2023-04-07,False,0.6995225159730803,0.6998633422814771
15,7,2023-04-10,False,0.6529001908458123,0.6998633422814771
15,7,2023-04-13,False,0.8812356419926446,0.6998633422814771
15,7,2023-04-16,False,0.803913518146541,0.6998633422814771
15,7,2023-04-19,False,0.8344121814318637,0.6998633422814771
15,7,2023-04-22,False,0.8971013431031856,0.6998633422814771
15,7,2023-04-25,False,0.9478175647835945,0.6998633422814771
15,7,2023-04-28,False,0.9072026674480673,0.6998633422814771
15,7,2023-05-01,False,0.859230479809496,0.6998633422814771
15,7,2023-05-04,False,0.8700984016172171,0.6998633422814771
15,7,2023-05-07,False,0.8181157622614958,0.6998633422814771
15,7,2023-05-10,False,0.8309767226452874,0.6998633422814771
15,7,2023-05-13,False,0.8184368523994021,0.6998633422814771
15,7,2023-05-16,False,0.855278748486996,0.6998633422814771
15,7,2023-05-19,False,0.8053960030195064,0.6998633422814771
15,7,2023-05-22,False,0.8785529253227087,0.6998633422814771
15,7,2023-05-25,False,0.8987140015161246,0.6998633422814771
15,7,2023-05-28,False,0.8388325417777163,0.6998633422814771
15,7,2023-05-31,True,0.746224595684456,0.6998633422814771
15,7,2023-06-03,True,0.7583970441459948,0.6998633422814771
15,7,2023-06-06,True,0.8215337943459194,0.6998633422814771
15,7,2023-06-09,True,0.7901395199722503,0.6998633422814771
15,7,2023-06-12,True,0.8191066184014524,0.6998633422814771
15,7,2023-06-15,True,0.8977621486202048,0.6998633422814771
15,7,2023-06-18,True,0.9222541440843799,0.6998633422814771
15,7,2023-06-21,True,0.8747714676135538,0.6998633422814771
15,7,2023-06-24,True,0.14235511215431185,0.6998633422814771
15,7,2023-06-27,True,-0.26629397825778134,0.6998633422814771
15,7,2023-06-30,True,0.7080689463036934,0.6998633422814771
15,7,2023-07-03,True,0.6700177940443358,0.6998633422814771
15,7,2023-07-06,True,0.6536547422263195,0.6998633422814771
15,7,2023-07-09,True,0.6665668457316689,0.6998633422814771
15,7,2023-07-12,True,0.7422120406575325,0.6998633422814771
15,7,2023-07-15,True,0.5879364841875704,0.6998633422814771
15,7,2023-07-18,True,0.1551197371225057,0.6998633422814771
15,7,2023-07-21,True,0.3111057360293559,0.6998633422814771
15,7,2023-07-24,True,0.3508695803133426,0.6998633422814771
15,7,2023-07-27,True,0.8086847141252075,0.6998633422814771
15,7,2023-07-30,True,0.8042811136288626,0.6998633422814771
15,7,2023-08-02,True,0.872339510916254,0.6998633422814771
15,7,2023-08-05,True,0.7369734867585944,0.6998633422814771
15,7,2023-08-08,True,0.6986406589407637,0.6998633422814771
15,7,2023-08-11,True,0.5368727303137099,0.6998633422814771
15,7,2023-08-14,True,0.7062874928548704,0.6998633422814771
15,7,2023-08-17,True,0.6029014492335012,0.6998633422814771
15,7,2023-08-20,True,0.5883383391169239,0.6998633422814771
15,7,2023-08-23,True,0.6881614837306094,0.6998633422814771
15,7,2023-08-26,True,0.7517730906872014,0.6998633422814771
15,7,2023-08-29,True,0.6364140190464056,0.6998633422814771
15,7,2023-09-01,True,0.44471462111461535,0.6998633422814771
15,7,2023-09-04,True,0.7616109964042423,0.6998633422814771
15,7,2023-09-07,True,0.7968896579692448,0.6998633422814771
15,7,2023-09-10,True,0.5470545800676208,0.6998633422814771
15,7,2023-09-13,True,0.5310572434073737,0.6998633422814771
15,7,2023-09-16,True,0.6126755728005553,0.6998633422814771
15,7,2023-09-19,True,0.7670774825838378,0.6998633422814771
15,7,2023-09-22,True,0.7823655477480558,0.6998633422814771
15,7,2023-09-25,True,0.7268725578227608,0.6998633422814771
15,7,2023-09-28,True,0.6445975325515426,0.6998633422814771
15,7,2023-10-01,True,0.3378588740123952,0.6998633422814771
15,7,2023-10-04,True,0.751852278307236,0.6998633422814771
15,7,2023-10-07,True,0.31464853504147994,0.6998633422814771
15,7,2023-10-10,True,-1.2046693401065802,0.6998633422814771
15,7,2023-10-13,True,0.5276160288489066,0.6998633422814771
15,7,2023-10-16,True,0.9766856139431557,0.6998633422814771
15,7,2023-10-19,True,0.8773629299877748,0.6998633422814771
15,7,2023-10-22,True,0.04192217258874276,0.6998633422814771
15,7,2023-10-25,True,-5.852470948349288,0.6998633422814771
15,7,2023-10-28,True,-0.7331637048786732,0.6998633422814771
15,7,2023-10-31,False,0.7141252932627005,0.6998633422814771
15,7,2023-11-03,False,0.8257854327062367,0.6998633422814771
15,7,2023-11-06,False,0.8475754413556559,0.6998633422814771
15,7,2023-11-09,False,0.5386580476180292,0.6998633422814771
15,7,2023-11-12,False,0.013276699223262911,0.6998633422814771
15,7,2023-11-15,False,0.049863213542068796,0.6998633422814771
15,7,2023-11-18,False,0.08691765975374444,0.6998633422814771
15,7,2023-11-21,False,0.7939218579870555,0.6998633422814771
15,7,2023-11-24,False,0.7826782706409268,0.6998633422814771
15,7,2023-11-27,False,0.9078909609116107,0.6998633422814771
15,7,2023-11-30,False,0.7392006254433869,0.6998633422814771
15,7,2023-12-03,False,0.6932715298293182,0.6998633422814771
15,7,2023-12-06,False,0.6785242900102733,0.6998633422814771
15,7,2023-12-09,False,0.7291942440248378,0.6998633422814771
15,7,2023-12-12,False,0.7919037976627626,0.6998633422814771
15,7,2023-12-15,False,0.8435861370454847,0.6998633422814771
15,7,2023-12-18,False,0.8519119668717372,0.6998633422814771
15,7,2023-12-21,False,0.5737459523159644,0.6998633422814771
15,7,2023-12-24,False,0.7175600289818012,0.6998633422814771
15,7,2023-12-27,False,0.8479066286239046,0.6998633422814771
15,7,2023-12-30,False,0.8890315139644641,0.6998633422814771
15,7,2024-01-02,False,0.25009664434029255,0.6998633422814771
15,7,2024-01-05,False,0.20761224072926132,0.6998633422814771
15,7,2024-01-08,False,0.2946443708844818,0.6998633422814771
15,7,2024-01-11,False,0.6649868053567922,0.6998633422814771
15,7,2024-01-14,False,0.764141336908907,0.6998633422814771
15,7,2024-01-17,False,0.8928998294231785,0.6998633422814771
15,7,2024-01-20,False,0.8542222570835432,0.6998633422814771
15,7,2024-01-23,False,0.7213566942893637,0.6998633422814771
15,7,2024-01-26,False,-0.4210878333592425,0.6998633422814771
15,7,2024-01-29,False,0.496579959287877,0.6998633422814771
15,7,2024-02-01,False,0.7445195127550076,0.6998633422814771
15,7,2024-02-04,False,0.7508641499189623,0.6998633422814771
15,7,2024-02-07,False,0.8521876049835,0.6998633422814771
15,7,2024-02-10,False,0.7831057281380376,0.6998633422814771
15,7,2024-02-13,False,0.7098501555284433,0.6998633422814771
15,7,2024-02-16,False,0.8810599643507275,0.6998633422814771
15,7,2024-02-19,False,0.8398741926931498,0.6998633422814771
15,7,2024-02-22,False,0.8050354374636302,0.6998633422814771
15,7,2024-02-25,False,0.5107685706645969,0.6998633422814771
15,7,2024-02-28,False,0.852842447317527,0.6998633422814771
15,7,2024-03-02,False,0.9391288336378085,0.6998633422814771
15,7,2024-03-05,False,0.9722729703884828,0.6998633422814771
15,7,2024-03-08,False,0.9624824562473446,0.6998633422814771
15,7,2024-03-11,False,0.8743697183001979,0.6998633422814771
15,7,2024-03-14,False,0.8780002641258664,0.6998633422814771
15,7,2024-03-17,False,0.9597934633577527,0.6998633422814771
15,7,2024-03-20,False,0.9466093967092447,0.6998633422814771
15,7,2024-03-23,False,0.7962633026874331,0.6998633422814771
15,7,2024-03-26,False,0.12674993380718036,0.6998633422814771
15,7,2024-03-29,False,0.5591206738905545,0.6998633422814771
15,7,2024-04-01,False,0.8366986768714809,0.6998633422814771
15,7,2024-04-04,False,0.7441429083839726,0.6998633422814771
15,7,2024-04-07,False,0.7062860914179023,0.6998633422814771
15,7,2024-04-10,False,0.7050293435783852,0.6998633422814771
15,7,2024-04-13,False,0.9229126219309174,0.6998633422814771
15,7,2024-04-16,False,0.9508477745022589,0.6998633422814771
15,7,2024-04-19,False,0.7831584017113433,0.6998633422814771
15,7,2024-04-22,False,0.4499305117048592,0.6998633422814771
15,7,2024-04-25,False,0.5689041783243632,0.6998633422814771
15,7,2024-04-28,False,0.8173827047792316,0.6998633422814771
15,7,2024-05-01,False,0.9145508624907867,0.6998633422814771
15,7,2024-05-04,False,0.2023707407769837,0.6998633422814771
15,7,2024-05-07,False,-0.13857539031944577,0.6998633422814771
15,7,2024-05-10,False,0.3106926461373464,0.6998633422814771
15,7,2024-05-13,False,0.8529035225250792,0.6998633422814771
15,7,2024-05-16,False,0.7377055750536272,0.6998633422814771
15,7,2024-05-19,False,0.6720660141186786,0.6998633422814771
15,7,2024-05-22,False,0.7717850694236645,0.6998633422814771
15,7,2024-05-25,False,0.8001225028037341,0.6998633422814771
15,7,2024-05-28,False,0.6702079160026793,0.6998633422814771
15,7,2024-05-31,True,0.972266505270225,0.6998633422814771
15,7,2024-06-03,True,0.6260216539146313,0.6998633422814771
15,7,2024-06-06,True,0.17125259142922955,0.6998633422814771
15,7,2024-06-09,True,0.837740473649118,0.6998633422814771
15,7,2024-06-12,True,0.8668508395661624,0.6998633422814771
15,7,2024-06-15,True,0.9467819880142221,0.6998633422814771
15,7,2024-06-18,True,0.8860209439967155,0.6998633422814771
15,7,2024-06-21,True,0.508872786823286,0.6998633422814771
15,7,2024-06-24,True,0.3713782014608531,0.6998633422814771
15,7,2024-06-27,True,0.502003688332316,0.6998633422814771
15,7,2024-06-30,True,0.8063220703490261,0.6998633422814771
15,7,2024-07-03,True,0.77943137927369,0.6998633422814771
15,7,2024-07-06,True,-0.15619476697184376,0.6998633422814771
15,7,2024-07-09,True,-0.024859105224832367,0.6998633422814771
15,7,2024-07-12,True,0.16639870235855447,0.6998633422814771
15,7,2024-07-15,True,-0.1412122106971041,0.6998633422814771
15,7,2024-07-18,True,0.09619222321130616,0.6998633422814771
15,7,2024-07-21,True,0.33406702774503594,0.6998633422814771
15,7,2024-07-24,True,0.7396136800112307,0.6998633422814771
15,7,2024-07-27,True,0.7386331120269773,0.6998633422814771
15,7,2024-07-30,True,0.7999945844630685,0.6998633422814771
15,7,2024-08-10,True,0.8745454019445847,0.6998633422814771
15,7,2024-08-13,True,0.8192378138515384,0.6998633422814771
15,7,2024-08-16,True,0.7739439959835671,0.6998633422814771
15,7,2024-08-19,True,0.3010098734379889,0.6998633422814771
15,7,2024-08-22,True,0.6200008008799707,0.6998633422814771
15,7,2024-08-25,True,0.766985180460386,0.6998633422814771
15,7,2024-08-28,True,0.8921789904306376,0.6998633422814771
15,7,2024-08-31,True,0.7712366479251823,0.6998633422814771
15,7,2024-09-03,True,-0.4101616084441251,0.6998633422814771
15,7,2024-09-06,True,0.8567654339875631,0.6998633422814771
15,7,2024-09-09,True,0.7752139907935979,0.6998633422814771
15,7,2024-09-12,True,0.746854388328116,0.6998633422814771
15,7,2024-09-15,True,0.6546859860960663,0.6998633422814771
15,7,2024-09-18,True,-0.6685465536225554,0.6998633422814771
15,7,2024-09-21,True,0.7018565261126413,0.6998633422814771
15,7,2024-09-24,True,0.47439268089478825,0.6998633422814771
15,7,2024-09-27,True,0.5205827207964124,0.6998633422814771
15,7,2024-09-30,True,0.6813139403009006,0.6998633422814771
15,7,2024-10-03,True,0.8228089392199509,0.6998633422814771
15,7,2024-10-06,True,0.8921929349556477,0.6998633422814771
15,7,2024-10-09,True,-0.2423452324966926,0.6998633422814771
15,7,2024-10-12,True,0.08913470785652067,0.6998633422814771
15,7,2024-10-15,True,0.5651052343298764,0.6998633422814771
15,7,2024-10-18,True,0.7542926227833173,0.6998633422814771
15,7,2024-10-21,True,0.8935392988373063,0.6998633422814771
15,7,2024-10-24,True,0.7689529202620337,0.6998633422814771
15,7,2024-10-27,True,0.01945038213580763,0.6998633422814771
15,7,2024-10-30,False,-0.25817197939824466,0.6998633422814771
15,7,2024-11-02,False,0.4075264683210923,0.6998633422814771
15,7,2024-11-05,False,0.8440081030254916,0.6998633422814771
15,7,2024-11-08,False,0.5976027126618095,0.6998633422814771
15,7,2024-11-11,False,-0.10964093598522684,0.6998633422814771
15,7,2024-11-14,False,0.6613241381291273,0.6998633422814771
15,7,2024-11-17,False,0.8691797991905749,0.6998633422814771
15,7,2024-11-20,False,0.9148133740025048,0.6998633422814771
15,7,2024-11-23,False,0.8636875063209937,0.6998633422814771
15,7,2024-11-26,False,0.5781820538079627,0.6998633422814771
15,7,2024-11-29,False,0.4347728771338055,0.6998633422814771
15,7,2024-12-02,False,0.6595596769398421,0.6998633422814771
15,7,2024-12-05,False,0.3059825080795052,0.6998633422814771
15,7,2024-12-08,False,0.4515028805233978,0.6998633422814771
15,7,2024-12-11,False,0.7117447570184723,0.6998633422814771
15,7,2024-12-14,False,0.4565150190838638,0.6998633422814771
15,7,2024-12-17,False,0.8604119134062933,0.6998633422814771
15,7,2024-12-20,False,0.8781097711638471,0.6998633422814771
15,7,2024-12-23,False,0.7444146221247647,0.6998633422814771
15,7,2024-12-26,False,0.45511012980987786,0.6998633422814771
15,7,2024-12-29,False,0.5337494240498748,0.6998633422814771
15,7,2025-01-01,False,0.8051298169386384,0.6998633422814771
15,7,2025-01-04,False,0.6808195353093829,0.6998633422814771
15,7,2025-01-07,False,0.7164464127118229,0.6998633422814771
15,7,2025-01-10,False,0.594895959770097,0.6998633422814771
15,7,2025-01-13,False,0.7132718515668963,0.6998633422814771
15,7,2025-01-16,False,0.8086040412271334,0.6998633422814771
15,7,2025-01-19,False,0.862907345337385,0.6998633422814771
15,7,2025-01-22,False,0.7606748422242099,0.6998633422814771
15,7,2025-01-25,False,0.8272798031911381,0.6998633422814771
15,7,2025-01-28,False,0.9307543443313349,0.6998633422814771
15,7,2025-01-31,False,0.9549403005994609,0.6998633422814771
15,7,2025-02-03,False,0.9089631848008539,0.6998633422814771
15,7,2025-02-06,False,0.8667648542089407,0.6998633422814771
15,7,2025-02-09,False,0.81652036548965,0.6998633422814771
15,7,2025-02-12,False,0.9327390580955198,0.6998633422814771
15,7,2025-02-15,False,0.9090926765144132,0.6998633422814771
15,7,2025-02-18,False,0.783215517277196,0.6998633422814771
15,7,2025-02-21,False,0.8441296551219929,0.6998633422814771
15,7,2025-02-24,False,0.8884316621860356,0.6998633422814771
15,7,2025-02-27,False,0.9597820054036266,0.6998633422814771
15,7,2025-03-02,False,0.9337262158554513,0.6998633422814771
15,7,2025-03-05,False,0.8939415113963457,0.6998633422814771
15,7,2025-03-08,False,0.9350857543399809,0.6998633422814771
15,7,2025-03-11,False,0.9143449682120914,0.6998633422814771
15,7,2025-03-14,False,0.8724370649022353,0.6998633422814771
15,7,2025-03-17,False,0.8057513003227921,0.6998633422814771
15,7,2025-03-20,False,0.8678167744419871,0.6998633422814771
15,7,2025-03-23,False,0.9021123500317533,0.6998633422814771
15,7,2025-03-26,False,0.8222452997745815,0.6998633422814771
15,7,2025-03-29,False,0.7775813187282173,0.6998633422814771
15,7,2025-04-01,False,0.7203335919867428,0.6998633422814771
15,7,2025-04-04,False,0.6668589564815186,0.6998633422814771
15,7,2025-04-07,False,0.8400358182179155,0.6998633422814771
15,7,2025-04-10,False,0.599230419717699,0.6998633422814771
15,7,2025-04-13,False,0.12823289619280442,0.6998633422814771
15,7,2025-04-16,False,0.6582282893320835,0.6998633422814771
15,7,2025-04-19,False,0.8829348129395735,0.6998633422814771
15,7,2025-04-22,False,0.9359438498636905,0.6998633422814771
15,7,2025-04-25,False,0.631941560189466,0.6998633422814771
15,7,2025-04-28,False,-1.3951891930870928,0.6998633422814771
15,7,2025-05-01,False,0.7849766723664784,0.6998633422814771
15,7,2025-05-04,False,0.8362719059110185,0.6998633422814771
15,7,2025-05-07,False,0.6993346827787295,0.6998633422814771
15,7,2025-05-10,False,-0.7015212361019894,0.6998633422814771
15,7,2025-05-13,False,-0.028307727251782655,0.6998633422814771
15,7,2025-05-16,False,0.34866119573330057,0.6998633422814771
15,7,2025-05-19,False,0.8884551460258098,0.6998633422814771
15,7,2025-05-22,False,0.7013308993021081,0.6998633422814771
15,7,2025-05-25,False,0.7072506552798091,0.6998633422814771
15,7,2025-05-28,False,0.6610983707959088,0.6998633422814771
15,7,2025-05-31,True,0.7042457468564592,0.6998633422814771
15,7,2025-06-03,True,0.7788575073117274,0.6998633422814771
15,7,2025-06-06,True,0.4580257793808489,0.6998633422814771
15,7,2025-06-09,True,0.45208391889339916,0.6998633422814771
15,7,2025-06-12,True,0.14706611552668813,0.6998633422814771
15,7,2025-06-15,True,-0.0874852975489806,0.6998633422814771
15,7,2025-06-18,True,0.04847994886952989,0.6998633422814771
15,7,2025-06-21,True,0.5768545210913214,0.6998633422814771
15,7,2025-06-24,True,0.8103701728241192,0.6998633422814771
15,7,2025-06-27,True,0.45980529199981546,0.6998633422814771
15,7,2025-06-30,True,0.7208811391546783,0.6998633422814771
15,7,2025-07-03,True,0.6795958798351709,0.6998633422814771
15,7,2025-07-06,True,0.4719665326910616,0.6998633422814771
15,7,2025-07-09,True,0.4925437408559926,0.6998633422814771
15,7,2025-07-12,True,0.5759479240198453,0.6998633422814771
15,7,2025-07-15,True,0.5147272174396044,0.6998633422814771
15,7,2025-07-18,True,0.8988523382577972,0.6998633422814771
15,7,2025-07-21,True,0.7899708396553764,0.6998633422814771
15,7,2025-07-24,True,0.765460786087419,0.6998633422814771
15,7,2025-07-27,True,0.7008543267227453,0.6998633422814771
15,7,2025-07-30,True,0.4071038488939187,0.6998633422814771
15,7,2025-08-02,True,0.8332677502620002,0.6998633422814771
15,7,2025-08-05,True,0.8052568828884321,0.6998633422814771
15,7,2025-08-08,True,0.7336425880758969,0.6998633422814771
15,7,2025-08-11,True,0.27093281211698883,0.6998633422814771
15,7,2025-08-14,True,0.29824506321563193,0.6998633422814771
15,7,2025-08-17,True,-0.10024641293083336,0.6998633422814771
15,7,2025-08-20,True,0.22942089390019127,0.6998633422814771
15,7,2025-08-23,True,0.5040030905023736,0.6998633422814771
15,7,2025-08-26,True,0.8479894367557163,0.6998633422814771
15,7,2025-08-29,True,0.8646483176538774,0.6998633422814771
15,7,2025-09-01,True,0.7995303486113874,0.6998633422814771
15,7,2025-09-04,True,-0.1564874058160728,0.6998633422814771
15,7,2025-09-07,True,0.10383096470482134,0.6998633422814771
15,7,2025-09-10,True,0.7553429780397563,0.6998633422814771
15,7,2025-09-13,True,0.9223793357125805,0.6998633422814771
15,7,2025-09-16,True,0.7462849359389918,0.6998633422814771
15,7,2025-09-19,True,0.7771305563103673,0.6998633422814771
15,7,2025-09-22,True,0.8270346753185183,0.6998633422814771
15,7,2025-09-25,True,0.9314979149132213,0.6998633422814771
15,7,2025-09-28,True,0.855539115249876,0.6998633422814771
15,7,2025-10-01,True,0.39343383542977317,0.6998633422814771
15,7,2025-10-04,True,0.46191512264381573,0.6998633422814771
15,7,2025-10-07,True,0.6509162886060386,0.6998633422814771
15,7,2025-10-10,True,0.879357105941839,0.6998633422814771
15,7,2025-10-13,True,0.8299331629264389,0.6998633422814771
15,7,2025-10-16,True,0.14715321679830762,0.6998633422814771
15,7,2025-10-19,True,0.3284339232941287,0.6998633422814771
15,7,2025-10-22,True,0.3504786468330795,0.6998633422814771
15,7,2025-10-25,True,0.7068495946675528,0.6998633422814771
15,7,2025-10-28,True,0.7785678160566354,0.6998633422814771
15,7,2025-10-31,False,0.8046297186862927,0.6998633422814771
15,7,2025-11-03,False,0.8382653418714945,0.6998633422814771
15,7,2025-11-06,False,0.930172539096526,0.6998633422814771
15,7,2025-11-09,False,0.9846572922486253,0.6998633422814771
15,7,2025-11-12,False,0.8888920964636744,0.6998633422814771
15,7,2025-11-15,False,-0.31699307050508807,0.6998633422814771
15,7,2025-11-18,False,0.6935629873615494,0.6998633422814771
15,7,2025-11-21,False,0.8598393711197172,0.6998633422814771
15,7,2025-11-24,False,0.9639328937810459,0.6998633422814771
15,7,2025-11-27,False,0.7557415967261747,0.6998633422814771
15,7,2025-11-30,False,0.22307788430678566,0.6998633422814771
15,7,2025-12-03,False,0.5792416289693659,0.6998633422814771
15,7,2025-12-06,False,0.7786910355192028,0.6998633422814771
15,7,2025-12-09,False,0.9213162189408246,0.6998633422814771
15,7,2025-12-12,False,0.8102635861320395,0.6998633422814771
15,7,2025-12-15,False,0.6487180184725039,0.6998633422814771
15,7,2025-12-18,False,0.6443137275542266,0.6998633422814771
15,7,2025-12-21,False,0.6590881440294729,0.6998633422814771
15,7,2025-12-24,False,0.7516654401486097,0.6998633422814771
15,14,2023-01-01,False,0.4797147728669805,0.6998633422814771
15,14,2023-01-04,False,0.5410096106258835,0.6998633422814771
15,14,2023-01-07,False,0.6684548119728515,0.6998633422814771
15,14,2023-01-10,False,0.766970071682995,0.6998633422814771
15,14,2023-01-13,False,0.8004785452123755,0.6998633422814771
15,14,2023-01-16,False,0.8671177967222183,0.6998633422814771
15,14,2023-01-19,False,0.8680489725773898,0.6998633422814771
15,14,2023-01-22,False,0.8463903353978969,0.6998633422814771
15,14,2023-01-25,False,0.8341174229872728,0.6998633422814771
15,14,2023-01-28,False,0.8092976274463239,0.6998633422814771
15,14,2023-01-31,False,0.7054211366982454,0.6998633422814771
15,14,2023-02-03,False,0.718116271308889,0.6998633422814771
15,14,2023-02-06,False,0.8479533330510374,0.6998633422814771
15,14,2023-02-09,False,0.8357013407683449,0.6998633422814771
15,14,2023-02-12,False,0.8319983364973776,0.6998633422814771
15,14,2023-02-15,False,0.839418221299284,0.6998633422814771
15,14,2023-02-18,False,0.8127741427092376,0.6998633422814771
15,14,2023-02-21,False,0.7648396762212607,0.6998633422814771
15,14,2023-02-24,False,0.7673727654335702,0.6998633422814771
15,14,2023-02-27,False,0.7533526623883713,0.6998633422814771
15,14,2023-03-02,False,0.6406547736517454,0.6998633422814771
15,14,2023-03-05,False,0.6812824113424737,0.6998633422814771
15,14,2023-03-08,False,0.8567937288252041,0.6998633422814771
15,14,2023-03-11,False,0.873675914065227,0.6998633422814771
15,14,2023-03-14,False,0.9147597675410262,0.6998633422814771
15,14,2023-03-17,False,0.8927216734507727,0.6998633422814771
15,14,2023-03-20,False,0.9423979485687306,0.6998633422814771
15,14,2023-03-23,False,0.941859147520305,0.6998633422814771
15,14,2023-03-26,False,0.8970582131997303,0.6998633422814771
15,14,2023-03-29,False,0.8307627375056514,0.6998633422814771
15,14,2023-04-01,False,0.8486362418123394,0.6998633422814771
15,14,2023-04-04,False,0.8233604055120367,0.6998633422814771
15,14,2023-04-07,False,0.8405689880644129,0.6998633422814771
15,14,2023-04-10,False,0.7575154387676919,0.6998633422814771
15,14,2023-04-13,False,0.8505795137603,0.6998633422814771
15,14,2023-04-16,False,0.8590104438021419,0.6998633422814771
15,14,2023-04-19,False,0.8412273798137971,0.6998633422814771
15,14,2023-04-22,False,0.8989244794197672,0.6998633422814771
15,14,2023-04-25,False,0.8949410327642391,0.6998633422814771
15,14,2023-04-28,False,0.8852532395448722,0.6998633422814771
15,14,2023-05-01,False,0.8472552197098774,0.6998633422814771
15,14,2023-05-04,False,0.8372151929150181,0.6998633422814771
15,14,2023-05-07,False,0.8272194415789653,0.6998633422814771
15,14,2023-05-10,False,0.8161756092310788,0.6998633422814771
15,14,2023-05-13,False,0.8232449511858522,0.6998633422814771
15,14,2023-05-16,False,0.8693540375414777,0.6998633422814771
15,14,2023-05-19,False,0.8105856883044007,0.6998633422814771
15,14,2023-05-22,False,0.8329603099933784,0.6998633422814771
15,14,2023-05-25,True,0.7724746433609376,0.6998633422814771
15,14,2023-05-28,True,0.7947149969124577,0.6998633422814771
15,14,2023-05-31,True,0.7767100063596469,0.6998633422814771
15,14,2023-06-03,True,0.7673323066141869,0.6998633422814771
15,14,2023-06-06,True,0.8461727798405064,0.6998633422814771
15,14,2023-06-09,True,0.8751290745868414,0.6998633422814771
15,14,2023-06-12,True,0.885472059003849,0.6998633422814771
15,14,2023-06-15,True,0.8770026337043044,0.6998633422814771
15,14,2023-06-18,True,0.8452828581189429,0.6998633422814771
15,14,2023-06-21,True,0.6424784884258795,0.6998633422814771
15,14,2023-06-24,True,0.5747576887759198,0.6998633422814771
15,14,2023-06-27,True,0.569358652998585,0.6998633422814771
15,14,2023-06-30,True,0.548109797201648,0.6998633422814771
15,14,2023-07-03,True,0.7028821944992343,0.6998633422814771
15,14,2023-07-06,True,0.6646810019564153,0.6998633422814771
15,14,2023-07-09,True,0.5699412109139804,0.6998633422814771
15,14,2023-07-12,True,0.5793752620789556,0.6998633422814771
15,14,2023-07-15,True,0.5818041859211842,0.6998633422814771
15,14,2023-07-18,True,0.16438611301595374,0.6998633422814771
15,14,2023-07-21,True,0.6851798403976312,0.6998633422814771
15,14,2023-07-24,True,0.7158226275594202,0.6998633422814771
15,14,2023-07-27,True,0.7794116131977753,0.6998633422814771
15,14,2023-07-30,True,0.7468974038679923,0.6998633422814771
15,14,2023-08-02,True,0.8177902424808133,0.6998633422814771
15,14,2023-08-05,True,0.6774106882723585,0.6998633422814771
15,14,2023-08-08,True,0.7357399563854294,0.6998633422814771
15,14,2023-08-11,True,0.6055512994904662,0.6998633422814771
15,14,2023-08-14,True,0.6339675692389559,0.6998633422814771
15,14,2023-08-17,True,0.6684089048873276,0.6998633422814771
15,14,2023-08-20,True,0.6796952983774873,0.6998633422814771
15,14,2023-08-23,True,0.6155687709026565,0.6998633422814771
15,14,2023-08-26,True,0.6232102844299517,0.6998633422814771
15,14,2023-08-29,True,0.7196133923138244,0.6998633422814771
15,14,2023-09-01,True,0.7191573745580491,0.6998633422814771
15,14,2023-09-04,True,0.7503413843334247,0.6998633422814771
15,14,2023-09-07,True,0.6964814412643785,0.6998633422814771
15,14,2023-09-10,True,0.6715791557999391,0.6998633422814771
15,14,2023-09-13,True,0.6660399424353259,0.6998633422814771
15,14,2023-09-16,True,0.6845968083601329,0.6998633422814771
15,14,2023-09-19,True,0.7360612829678588,0.6998633422814771
15,14,2023-09-22,True,0.6602790500692655,0.6998633422814771
15,14,2023-09-25,True,0.5991347765256119,0.6998633422814771
15,14,2023-09-28,True,0.6210105618003354,0.6998633422814771
15,14,2023-10-01,True,0.27944446023471725,0.6998633422814771
15,14,2023-10-04,True,0.4947939073122716,0.6998633422814771
15,14,2023-10-07,True,0.6994566722070097,0.6998633422814771
15,14,2023-10-10,True,0.7999633715685077,0.6998633422814771
15,14,2023-10-13,True,0.7704390331719486,0.6998633422814771
15,14,2023-10-16,True,0.7581434785579027,0.6998633422814771
15,14,2023-10-19,True,0.5093776656074895,0.6998633422814771
15,14,2023-10-22,True,-0.001732048321483104,0.6998633422814771
15,14,2023-10-25,False,0.4817576623143083,0.6998633422814771
15,14,2023-10-28,False,0.5101957989177548,0.6998633422814771
15,14,2023-10-31,False,0.7043483007252264,0.6998633422814771
15,14,2023-11-03,False,0.7395555086900694,0.6998633422814771
15,14,2023-11-06,False,0.08305262209747799,0.6998633422814771
15,14,2023-11-09,False,0.06479153401100934,0.6998633422814771
15,14,2023-11-12,False,0.07139295379889732,0.6998633422814771
15,14,2023-11-15,False,0.06435677009519158,0.6998633422814771
15,14,2023-11-18,False,0.10579626855005575,0.6998633422814771
15,14,2023-11-21,False,0.8734177061676983,0.6998633422814771
15,14,2023-11-24,False,0.731235591570174,0.6998633422814771
15,14,2023-11-27,False,0.7350868630573859,0.6998633422814771
15,14,2023-11-30,False,0.7676767720517762,0.6998633422814771
15,14,2023-12-03,False,0.7253069390585403,0.6998633422814771
15,14,2023-12-06,False,0.7464980127674132,0.6998633422814771
15,14,2023-12-09,False,0.8245953186125181,0.6998633422814771
15,14,2023-12-12,False,0.8022208388999575,0.6998633422814771
15,14,2023-12-15,False,0.7612038840445663,0.6998633422814771
15,14,2023-12-18,False,0.82018898314249,0.6998633422814771
15,14,2023-12-21,False,0.7693980754049282,0.6998633422814771
15,14,2023-12-24,False,0.7811555636652555,0.6998633422814771
15,14,2023-12-27,False,0.6409463075651802,0.6998633422814771
15,14,2023-12-30,False,0.5790017187483576,0.6998633422814771
15,14,2024-01-02,False,0.38443414021962885,0.6998633422814771
15,14,2024-01-05,False,0.45831498772285073,0.6998633422814771
15,14,2024-01-08,False,0.5603518850462156,0.6998633422814771
15,14,2024-01-11,False,0.8086888380024004,0.6998633422814771
15,14,2024-01-14,False,0.7885332638970799,0.6998633422814771
15,14,2024-01-17,False,0.804643849400934,0.6998633422814771
15,14,2024-01-20,False,0.640303051543722,0.6998633422814771
15,14,2024-01-23,False,0.7277526204628393,0.6998633422814771
15,14,2024-01-26,False,0.6223464979237578,0.6998633422814771
15,14,2024-01-29,False,0.7519731560020492,0.6998633422814771
15,14,2024-02-01,False,0.7347428753753199,0.6998633422814771
15,14,2024-02-04,False,0.8167338130608734,0.6998633422814771
15,14,2024-02-07,False,0.7828011987257271,0.6998633422814771
15,14,2024-02-10,False,0.8286470589317696,0.6998633422814771
15,14,2024-02-13,False,0.7704977874072038,0.6998633422814771
15,14,2024-02-16,False,0.8353315112441186,0.6998633422814771
15,14,2024-02-19,False,0.8025662596444516,0.6998633422814771
15,14,2024-02-22,False,0.8309823985324242,0.6998633422814771
15,14,2024-02-25,False,0.875532174238865,0.6998633422814771
15,14,2024-02-28,False,0.9519008440729708,0.6998633422814771
15,14,2024-03-02,False,0.9562369891833733,0.6998633422814771
15,14,2024-03-05,False,0.927782100294923,0.6998633422814771
15,14,2024-03-08,False,0.9185227148498579,0.6998633422814771
15,14,2024-03-11,False,0.9241778274682154,0.6998633422814771
15,14,2024-03-14,False,0.9039806457120445,0.6998633422814771
15,14,2024-03-17,False,0.9048096227851135,0.6998633422814771
15,14,2024-03-20,False,0.8532829936357311,0.6998633422814771
15,14,2024-03-23,False,0.7755822712576196,0.6998633422814771
15,14,2024-03-26,False,0.7319513692616191,0.6998633422814771
15,14,2024-03-29,False,0.692750406686598,0.6998633422814771
15,14,2024-04-01,False,0.7299970489318351,0.6998633422814771
15,14,2024-04-04,False,0.786770202592297,0.6998633422814771
15,14,2024-04-07,False,0.8354278494026852,0.6998633422814771
15,14,2024-04-10,False,0.8200324560724532,0.6998633422814771
15,14,2024-04-13,False,0.8478025030722933,0.6998633422814771
15,14,2024-04-16,False,0.8343635860209127,0.6998633422814771
15,14,2024-04-19,False,0.7751186386771804,0.6998633422814771
15,14,2024-04-22,False,0.6934974911496188,0.6998633422814771
15,14,2024-04-25,False,0.7156791867829275,0.6998633422814771
15,14,2024-04-28,False,0.39863249784122556,0.6998633422814771
15,14,2024-05-01,False,0.44966781705644066,0.6998633422814771
15,14,2024-05-04,False,0.48720294415622933,0.6998633422814771
15,14,2024-05-07,False,0.38003241376356967,0.6998633422814771
15,14,2024-05-10,False,0.4795655449509322,0.6998633422814771
15,14,2024-05-13,False,0.8274536430089052,0.6998633422814771
15,14,2024-05-16,False,0.7908004968830178,0.6998633422814771
15,14,2024-05-19,False,0.7939680433884485,0.6998633422814771
15,14,2024-05-22,False,0.8067728163314374,0.6998633422814771
15,14,2024-05-25,True,0.8093247475376082,0.6998633422814771
15,14,2024-05-28,True,0.6533614269796482,0.6998633422814771
15,14,2024-05-31,True,0.6905578183598274,0.6998633422814771
15,14,2024-06-03,True,0.6629141479760359,0.6998633422814771
15,14,2024-06-06,True,0.4922572447187157,0.6998633422814771
15,14,2024-06-09,True,0.9264533205492076,0.6998633422814771
15,14,2024-06-12,True,0.8361147284524391,0.6998633422814771
15,14,2024-06-15,True,0.8011894673556401,0.6998633422814771
15,14,2024-06-18,True,0.7140755907092431,0.6998633422814771
15,14,2024-06-21,True,0.6523974564439288,0.6998633422814771
15,14,2024-06-24,True,0.7016372547060548,0.6998633422814771
15,14,2024-06-27,True,0.6335612077160588,0.6998633422814771
15,14,2024-06-30,True,0.6772075883782358,0.6998633422814771
15,14,2024-07-03,True,0.7273035256658148,0.6998633422814771
15,14,2024-07-06,True,-0.10591004277735405,0.6998633422814771
15,14,2024-07-09,True,-0.1408006279176537,0.6998633422814771
15,14,2024-07-12,True,0.4569856157544321,0.6998633422814771
15,14,2024-07-15,True,0.2410816718410066,0.6998633422814771
15,14,2024-07-18,True,0.5660772133644378,0.6998633422814771
15,14,2024-07-21,True,0.6836545533880698,0.6998633422814771
15,14,2024-07-24,True,0.7484759445615439,0.6998633422814771
15,14,2024-07-27,True,0.760860244859746,0.6998633422814771
15,14,2024-07-30,True,0.8089504459517164,0.6998633422814771
15,14,2024-08-10,True,0.7740836519038858,0.6998633422814771
15,14,2024-08-13,True,0.5798509210061427,0.6998633422814771
15,14,2024-08-16,True,0.7231474870214707,0.6998633422814771
15,14,2024-08-19,True,0.7093050876609377,0.6998633422814771
15,14,2024-08-22,True,0.6859640243873231,0.6998633422814771
15,14,2024-08-25,True,0.7404911895599479,0.6998633422814771
15,14,2024-08-28,True,0.8044450542827226,0.6998633422814771
15,14,2024-08-31,True,0.7373163737965263,0.6998633422814771
15,14,2024-09-03,True,0.7723221224391702,0.6998633422814771
15,14,2024-09-06,True,0.7293752303807913,0.6998633422814771
15,14,2024-09-09,True,0.7082538972852027,0.6998633422814771
15,14,2024-09-12,True,0.7063281309582479,0.6998633422814771
15,14,2024-09-15,True,0.6498121456988721,0.6998633422814771
15,14,2024-09-18,True,-0.05307965559752237,0.6998633422814771
15,14,2024-09-21,True,0.6506675946558736,0.6998633422814771
15,14,2024-09-24,True,0.720052089149812,0.6998633422814771
15,14,2024-09-27,True,0.7528898025175633,0.6998633422814771
15,14,2024-09-30,True,0.8017083119967244,0.6998633422814771
15,14,2024-10-03,True,0.7224709798418083,0.6998633422814771
15,14,2024-10-06,True,0.524617496547051,0.6998633422814771
15,14,2024-10-09,True,0.7170085003014275,0.6998633422814771
15,14,2024-10-12,True,0.7053946919943421,0.6998633422814771
15,14,2024-10-15,True,0.7707063487142838,0.6998633422814771
15,14,2024-10-18,True,0.7080390938344425,0.6998633422814771
15,14,2024-10-21,True,0.6078125587913986,0.6998633422814771
15,14,2024-10-24,True,0.4485002490035721,0.6998633422814771
15,14,2024-10-27,False,0.4594917656701324,0.6998633422814771
15,14,2024-10-30,False,0.22474312661667362,0.6998633422814771
15,14,2024-11-02,False,0.3883253879978259,0.6998633422814771
15,14,2024-11-05,False,0.6116617539607869,0.6998633422814771
15,14,2024-11-08,False,0.6735813793521839,0.6998633422814771
15,14,2024-11-11,False,0.7323071285343692,0.6998633422814771
15,14,2024-11-14,False,0.8005197665101123,0.6998633422814771
15,14,2024-11-17,False,0.8250241455315949,0.6998633422814771
15,14,2024-11-20,False,0.8037172663778055,0.6998633422814771
15,14,2024-11-23,False,0.7159400910477631,0.6998633422814771
15,14,2024-11-26,False,0.6202366457964232,0.6998633422814771
15,14,2024-11-29,False,0.47294240347006167,0.6998633422814771
15,14,2024-12-02,False,0.5431363761685926,0.6998633422814771
15,14,2024-12-05,False,0.5786555886416779,0.6998633422814771
15,14,2024-12-08,False,0.5374134350010499,0.6998633422814771
15,14,2024-12-11,False,0.780193881158689,0.6998633422814771
15,14,2024-12-14,False,0.7864523806741999,0.6998633422814771
15,14,2024-12-17,False,0.7131418727974028,0.6998633422814771
15,14,2024-12-20,False,0.72293324503393,0.6998633422814771
15,14,2024-12-23,False,0.5965709166809137,0.6998633422814771
15,14,2024-12-26,False,0.40712120997275536,0.6998633422814771
15,14,2024-12-29,False,0.5442459975333926,0.6998633422814771
15,14,2025-01-01,False,0.6616443069097979,0.6998633422814771
15,14,2025-01-04,False,0.6504016449370674,0.6998633422814771
15,14,2025-01-07,False,0.6868737751076225,0.6998633422814771
15,14,2025-01-10,False,0.6997874838440891,0.6998633422814771
15,14,2025-01-13,False,0.7548133760435259,0.6998633422814771
15,14,2025-01-16,False,0.8274255528893423,0.6998633422814771
15,14,2025-01-19,False,0.8572402682307871,0.6998633422814771
15,14,2025-01-22,False,0.8928029903159646,0.6998633422814771
15,14,2025-01-25,False,0.8839063333919883,0.6998633422814771
15,14,2025-01-28,False,0.9121712829899643,0.6998633422814771
15,14,2025-01-31,False,0.9024292054488254,0.6998633422814771
15,14,2025-02-03,False,0.8902154822900146,0.6998633422814771
15,14,2025-02-06,False,0.8760669542155276,0.6998633422814771
15,14,2025-02-09,False,0.8424271717841756,0.6998633422814771
15,14,2025-02-12,False,0.8411632327609975,0.6998633422814771
15,14,2025-02-15,False,0.8801064565232801,0.6998633422814771
15,14,2025-02-18,False,0.8803394691526483,0.6998633422814771
15,14,2025-02-21,False,0.9159240451959421,0.6998633422814771
15,14,2025-02-24,False,0.9011163324192413,0.6998633422814771
15,14,2025-02-27,False,0.9295897425891623,0.6998633422814771
15,14,2025-03-02,False,0.9418348813769355,0.6998633422814771
15,14,2025-03-05,False,0.8984623118609902,0.6998633422814771
15,14,2025-03-08,False,0.904405688774948,0.6998633422814771
15,14,2025-03-11,False,0.8879391108237247,0.6998633422814771
15,14,2025-03-14,False,0.884774637431823,0.6998633422814771
15,14,2025-03-17,False,0.8989694201717223,0.6998633422814771
15,14,2025-03-20,False,0.8421301650942806,0.6998633422814771
15,14,2025-03-23,False,0.8436965514630539,0.6998633422814771
15,14,2025-03-26,False,0.8213210259725647,0.6998633422814771
15,14,2025-03-29,False,0.7646241469114309,0.6998633422814771
15,14,2025-04-01,False,0.7652809813087686,0.6998633422814771
15,14,2025-04-04,False,0.6493629408250194,0.6998633422814771
15,14,2025-04-07,False,0.6592352732434128,0.6998633422814771
15,14,2025-04-10,False,0.6412001454227725,0.6998633422814771
15,14,2025-04-13,False,0.7953513704292076,0.6998633422814771
15,14,2025-04-16,False,0.8331331988655211,0.6998633422814771
15,14,2025-04-19,False,0.6820525227047272,0.6998633422814771
15,14,2025-04-22,False,0.7068089095251602,0.6998633422814771
15,14,2025-04-25,False,0.6477342908700674,0.6998633422814771
15,14,2025-04-28,False,-0.010798129151162295,0.6998633422814771
15,14,2025-05-01,False,0.29980686532169376,0.6998633422814771
15,14,2025-05-04,False,-0.03247692213343756,0.6998633422814771
15,14,2025-05-07,False,0.022828952186210727,0.6998633422814771
15,14,2025-05-10,False,0.23422554580101163,0.6998633422814771
15,14,2025-05-13,False,0.34982762924778543,0.6998633422814771
15,14,2025-05-16,False,0.5196437871557225,0.6998633422814771
15,14,2025-05-19,False,0.7294048338222916,0.6998633422814771
15,14,2025-05-22,False,0.719631037743372,0.6998633422814771
15,14,2025-05-25,True,0.6923790482067649,0.6998633422814771
15,14,2025-05-28,True,0.6858739515292133,0.6998633422814771
15,14,2025-05-31,True,0.6863413069971406,0.6998633422814771
15,14,2025-06-03,True,0.7113270931664692,0.6998633422814771
15,14,2025-06-06,True,0.3623169834416561,0.6998633422814771
15,14,2025-06-09,True,0.06489729984229586,0.6998633422814771
15,14,2025-06-12,True,0.3881779520214329,0.6998633422814771
15,14,2025-06-15,True,0.5330469606958743,0.6998633422814771
15,14,2025-06-18,True,0.46961601286397836,0.6998633422814771
15,14,2025-06-21,True,0.5920453024618144,0.6998633422814771
15,14,2025-06-24,True,0.759168763196845,0.6998633422814771
15,14,2025-06-27,True,0.6472280888142516,0.6998633422814771
15,14,2025-06-30,True,0.5540611648873244,0.6998633422814771
15,14,2025-07-03,True,0.5943878485513392,0.6998633422814771
15,14,2025-07-06,True,0.5348251233333775,0.6998633422814771
15,14,2025-07-09,True,0.6142239129916645,0.6998633422814771
15,14,2025-07-12,True,0.7450303628167374,0.6998633422814771
15,14,2025-07-15,True,0.7508676532526466,0.6998633422814771
15,14,2025-07-18,True,0.7598483334128899,0.6998633422814771
15,14,2025-07-21,True,0.7776445825821028,0.6998633422814771
15,14,2025-07-24,True,0.7367858190922294,0.6998633422814771
15,14,2025-07-27,True,0.7816760935850582,0.6998633422814771
15,14,2025-07-30,True,0.7457516762573376,0.6998633422814771
15,14,2025-08-02,True,0.7287960051047488,0.6998633422814771
15,14,2025-08-05,True,0.7117420669994095,0.6998633422814771
15,14,2025-08-08,True,0.5823456097187194,0.6998633422814771
15,14,2025-08-11,True,-0.1309454250376807,0.6998633422814771
15,14,2025-08-14,True,0.2869612065985119,0.6998633422814771
15,14,2025-08-17,True,0.5171575095924577,0.6998633422814771
15,14,2025-08-20,True,0.5881511795594787,0.6998633422814771
15,14,2025-08-23,True,0.720390170860866,0.6998633422814771
15,14,2025-08-26,True,0.750519781174082,0.6998633422814771
15,14,2025-08-29,True,0.621409207231916,0.6998633422814771
15,14,2025-09-01,True,0.6309544866906064,0.6998633422814771
15,14,2025-09-04,True,0.4635569393028187,0.6998633422814771
15,14,2025-09-07,True,0.5502499354947501,0.6998633422814771
15,14,2025-09-10,True,0.7599120855962606,0.6998633422814771
15,14,2025-09-13,True,0.7894377068220454,0.6998633422814771
15,14,2025-09-16,True,0.8591631933239591,0.6998633422814771
15,14,2025-09-19,True,0.8244522337396583,0.6998633422814771
15,14,2025-09-22,True,0.8203979952529162,0.6998633422814771
15,14,2025-09-25,True,0.7595533447685783,0.6998633422814771
15,14,2025-09-28,True,0.7153802037040862,0.6998633422814771
15,14,2025-10-01,True,0.6761657815750594,0.6998633422814771
15,14,2025-10-04,True,0.7149543241256568,0.6998633422814771
15,14,2025-10-07,True,0.7145619792251354,0.6998633422814771
15,14,2025-10-10,True,0.7809181681834936,0.6998633422814771
15,14,2025-10-13,True,0.6308642109600155,0.6998633422814771
15,14,2025-10-16,True,0.29668781664493704,0.6998633422814771
15,14,2025-10-19,True,0.40647840147447856,0.6998633422814771
15,14,2025-10-22,True,0.5871751510231107,0.6998633422814771
15,14,2025-10-25,False,0.7391676581574593,0.6998633422814771
15,14,2025-10-28,False,0.8412068093098102,0.6998633422814771
15,14,2025-10-31,False,0.882985001058287,0.6998633422814771
15,14,2025-11-03,False,0.8858863807833657,0.6998633422814771
15,14,2025-11-06,False,0.9108804575051503,0.6998633422814771
15,14,2025-11-09,False,0.8998310952285369,0.6998633422814771
15,14,2025-11-12,False,0.8486171989666224,0.6998633422814771
15,14,2025-11-15,False,0.7791634928510918,0.6998633422814771
15,14,2025-11-18,False,0.7880630980123671,0.6998633422814771
15,14,2025-11-21,False,0.7962747652669339,0.6998633422814771
15,14,2025-11-24,False,0.7641647859903259,0.6998633422814771
15,14,2025-11-27,False,0.7292997590873238,0.6998633422814771
15,14,2025-11-30,False,0.7341006708234925,0.6998633422814771
15,14,2025-12-03,False,0.7668212329789372,0.6998633422814771
15,14,2025-12-06,False,0.7798464993262681,0.6998633422814771
15,14,2025-12-09,False,0.819411252769826,0.6998633422814771
15,14,2025-12-12,False,0.7635130348957281,0.6998633422814771
15,14,2025-12-15,False,0.6805439088710165,0.6998633422814771
15,14,2025-12-18,False,0.6909138112823217,0.6998633422814771
15,30,2023-01-01,False,0.7687356917338728,0.6998633422814771
15,30,2023-01-04,False,0.7490214095418033,0.6998633422814771
15,30,2023-01-07,False,0.7800202313535232,0.6998633422814771
15,30,2023-01-10,False,0.7930298421424169,0.6998633422814771
15,30,2023-01-13,False,0.8105003610281327,0.6998633422814771
15,30,2023-01-16,False,0.8114291185100603,0.6998633422814771
15,30,2023-01-19,False,0.8072925738942102,0.6998633422814771
15,30,2023-01-22,False,0.8535100097231065,0.6998633422814771
15,30,2023-01-25,False,0.8388743107202236,0.6998633422814771
15,30,2023-01-28,False,0.8190849090506417,0.6998633422814771
15,30,2023-01-31,False,0.8161912777651669,0.6998633422814771
15,30,2023-02-03,False,0.7968296678922511,0.6998633422814771
15,30,2023-02-06,False,0.8116471434981107,0.6998633422814771
15,30,2023-02-09,False,0.804752855259957,0.6998633422814771
15,30,2023-02-12,False,0.8026558423466521,0.6998633422814771
15,30,2023-02-15,False,0.8131976001941216,0.6998633422814771
15,30,2023-02-18,False,0.804659741992531,0.6998633422814771
15,30,2023-02-21,False,0.8037993818126371,0.6998633422814771
15,30,2023-02-24,False,0.8189112455163431,0.6998633422814771
15,30,2023-02-27,False,0.8600857206730232,0.6998633422814771
15,30,2023-03-02,False,0.8443064174960814,0.6998633422814771
15,30,2023-03-05,False,0.8994396004586859,0.6998633422814771
15,30,2023-03-08,False,0.9009478030553464,0.6998633422814771
15,30,2023-03-11,False,0.8931219670692709,0.6998633422814771
15,30,2023-03-14,False,0.8805041936498585,0.6998633422814771
15,30,2023-03-17,False,0.8737764432480961,0.6998633422814771
15,30,2023-03-20,False,0.8949394554754645,0.6998633422814771
15,30,2023-03-23,False,0.8555404237024875,0.6998633422814771
15,30,2023-03-26,False,0.8517406093544025,0.6998633422814771
15,30,2023-03-29,False,0.8465276402185976,0.6998633422814771
15,30,2023-04-01,False,0.8561966525708617,0.6998633422814771
15,30,2023-04-04,False,0.8506513168214371,0.6998633422814771
15,30,2023-04-07,False,0.8400472781095965,0.6998633422814771
15,30,2023-04-10,False,0.8521575356685698,0.6998633422814771
15,30,2023-04-13,False,0.860110246917168,0.6998633422814771
15,30,2023-04-16,False,0.8446589237912581,0.6998633422814771
15,30,2023-04-19,False,0.8490324017545732,0.6998633422814771
15,30,2023-04-22,False,0.8565592321031595,0.6998633422814771
15,30,2023-04-25,False,0.8569632909223616,0.6998633422814771
15,30,2023-04-28,False,0.8445078721858568,0.6998633422814771
15,30,2023-05-01,False,0.8430358135084051,0.6998633422814771
15,30,2023-05-04,False,0.82939197437671,0.6998633422814771
15,30,2023-05-07,False,0.8125363138049642,0.6998633422814771
15,30,2023-05-10,False,0.814670082168364,0.6998633422814771
15,30,2023-05-13,False,0.8107785912432218,0.6998633422814771
15,30,2023-05-16,False,0.8294043331899639,0.6998633422814771
15,30,2023-05-19,True,0.7962646052336764,0.6998633422814771
15,30,2023-05-22,True,0.8374169447155013,0.6998633422814771
15,30,2023-05-25,True,0.8458297435430657,0.6998633422814771
15,30,2023-05-28,True,0.8471274312597195,0.6998633422814771
15,30,2023-05-31,True,0.8356079571734942,0.6998633422814771
15,30,2023-06-03,True,0.8095974275274342,0.6998633422814771
15,30,2023-06-06,True,0.8143581409329715,0.6998633422814771
15,30,2023-06-09,True,0.786883704516617,0.6998633422814771
15,30,2023-06-12,True,0.7841925611265514,0.6998633422814771
15,30,2023-06-15,True,0.768134195965411,0.6998633422814771
15,30,2023-06-18,True,0.7787906234762734,0.6998633422814771
15,30,2023-06-21,True,0.6707668021416502,0.6998633422814771
15,30,2023-06-24,True,0.573861472129417,0.6998633422814771
15,30,2023-06-27,True,0.5302712385516655,0.6998633422814771
15,30,2023-06-30,True,0.5572665365470484,0.6998633422814771
15,30,2023-07-03,True,0.5636231683229791,0.6998633422814771
15,30,2023-07-06,True,0.6798689900608523,0.6998633422814771
15,30,2023-07-09,True,0.6611407299978821,0.6998633422814771
15,30,2023-07-12,True,0.6890339053328662,0.6998633422814771
15,30,2023-07-15,True,0.6812162776255395,0.6998633422814771
15,30,2023-07-18,True,0.6546564562649917,0.6998633422814771
15,30,2023-07-21,True,0.6856498514112064,0.6998633422814771
15,30,2023-07-24,True,0.682444624306124,0.6998633422814771
15,30,2023-07-27,True,0.7038804409074406,0.6998633422814771
15,30,2023-07-30,True,0.7029550614818139,0.6998633422814771
15,30,2023-08-02,True,0.7386675824575406,0.6998633422814771
15,30,2023-08-05,True,0.6594871200189578,0.6998633422814771
15,30,2023-08-08,True,0.6360102029766774,0.6998633422814771
15,30,2023-08-11,True,0.6919601969294182,0.6998633422814771
15,30,2023-08-14,True,0.6933802459441556,0.6998633422814771
15,30,2023-08-17,True,0.6946748820099272,0.6998633422814771
15,30,2023-08-20,True,0.6648733581374787,0.6998633422814771
15,30,2023-08-23,True,0.6653880869356176,0.6998633422814771
15,30,2023-08-26,True,0.7134030108600757,0.6998633422814771
15,30,2023-08-29,True,0.6894283685734528,0.6998633422814771
15,30,2023-09-01,True,0.7240634661694672,0.6998633422814771
15,30,2023-09-04,True,0.6568483680773238,0.6998633422814771
15,30,2023-09-07,True,0.6815377645977784,0.6998633422814771
15,30,2023-09-10,True,0.6341514520448995,0.6998633422814771
15,30,2023-09-13,True,0.6251190845280776,0.6998633422814771
15,30,2023-09-16,True,0.5859638796701988,0.6998633422814771
15,30,2023-09-19,True,0.6199182453814142,0.6998633422814771
15,30,2023-09-22,True,0.7037729259728507,0.6998633422814771
15,30,2023-09-25,True,0.6563888527145776,0.6998633422814771
15,30,2023-09-28,True,0.6557171469311405,0.6998633422814771
15,30,2023-10-01,True,0.47616752932529416,0.6998633422814771
15,30,2023-10-04,True,0.562971808197304,0.6998633422814771
15,30,2023-10-07,True,0.5790185730934794,0.6998633422814771
15,30,2023-10-10,True,0.6223449184947608,0.6998633422814771
15,30,2023-10-13,True,0.6409240043588577,0.6998633422814771
15,30,2023-10-16,True,0.6836871972199818,0.6998633422814771
15,30,2023-10-19,False,0.4076213029836617,0.6998633422814771
15,30,2023-10-22,False,0.10706108593819375,0.6998633422814771
15,30,2023-10-25,False,0.10936874420180387,0.6998633422814771
15,30,2023-10-28,False,0.12691908431824184,0.6998633422814771
15,30,2023-10-31,False,0.14521525874221264,0.6998633422814771
15,30,2023-11-03,False,0.16154048767343465,0.6998633422814771
15,30,2023-11-06,False,0.16464865402644668,0.6998633422814771
15,30,2023-11-09,False,0.15957712809438795,0.6998633422814771
15,30,2023-11-12,False,0.1604839403955638,0.6998633422814771
15,30,2023-11-15,False,0.16343406293378615,0.6998633422814771
15,30,2023-11-18,False,0.20412226045777904,0.6998633422814771
15,30,2023-11-21,False,0.7846620524191821,0.6998633422814771
15,30,2023-11-24,False,0.7795763615661451,0.6998633422814771
15,30,2023-11-27,False,0.7612981455378063,0.6998633422814771
15,30,2023-11-30,False,0.7678221208533252,0.6998633422814771
15,30,2023-12-03,False,0.7582445911504374,0.6998633422814771
15,30,2023-12-06,False,0.7739862366228514,0.6998633422814771
15,30,2023-12-09,False,0.7924593912947567,0.6998633422814771
15,30,2023-12-12,False,0.6756181584176797,0.6998633422814771
15,30,2023-12-15,False,0.6796673000177309,0.6998633422814771
15,30,2023-12-18,False,0.6519088023639119,0.6998633422814771
15,30,2023-12-21,False,0.63707755037159,0.6998633422814771
15,30,2023-12-24,False,0.6431617529985847,0.6998633422814771
15,30,2023-12-27,False,0.684296269682835,0.6998633422814771
15,30,2023-12-30,False,0.6797009511031503,0.6998633422814771
15,30,2024-01-02,False,0.5967639483574129,0.6998633422814771
15,30,2024-01-05,False,0.5687009804537393,0.6998633422814771
15,30,2024-01-08,False,0.6089788650710153,0.6998633422814771
15,30,2024-01-11,False,0.7457696940539115,0.6998633422814771
15,30,2024-01-14,False,0.7668947366297948,0.6998633422814771
15,30,2024-01-17,False,0.7599528460254964,0.6998633422814771
15,30,2024-01-20,False,0.7567518315259031,0.6998633422814771
15,30,2024-01-23,False,0.7685234805313512,0.6998633422814771
15,30,2024-01-26,False,0.7853586259562909,0.6998633422814771
15,30,2024-01-29,False,0.7687636254078208,0.6998633422814771
15,30,2024-02-01,False,0.7901351695114789,0.6998633422814771
15,30,2024-02-04,False,0.8051985605276533,0.6998633422814771
15,30,2024-02-07,False,0.8121820942143144,0.6998633422814771
15,30,2024-02-10,False,0.8680471390277935,0.6998633422814771
15,30,2024-02-13,False,0.8676675478532075,0.6998633422814771
15,30,2024-02-16,False,0.880617906614788,0.6998633422814771
15,30,2024-02-19,False,0.8975577703518252,0.6998633422814771
15,30,2024-02-22,False,0.9167147172839634,0.6998633422814771
15,30,2024-02-25,False,0.9191772088952724,0.6998633422814771
15,30,2024-02-28,False,0.9151203498085468,0.6998633422814771
15,30,2024-03-02,False,0.9082383880841458,0.6998633422814771
15,30,2024-03-05,False,0.8982739038973131,0.6998633422814771
15,30,2024-03-08,False,0.8905746873918651,0.6998633422814771
15,30,2024-03-11,False,0.8686973439859962,0.6998633422814771
15,30,2024-03-14,False,0.8218000374139669,0.6998633422814771
15,30,2024-03-17,False,0.8380854186309223,0.6998633422814771
15,30,2024-03-20,False,0.8256012161867112,0.6998633422814771
15,30,2024-03-23,False,0.8185546265155392,0.6998633422814771
15,30,2024-03-26,False,0.7868572086449726,0.6998633422814771
15,30,2024-03-29,False,0.7803621076598627,0.6998633422814771
15,30,2024-04-01,False,0.7928816138130792,0.6998633422814771
15,30,2024-04-04,False,0.7985585231909307,0.6998633422814771
15,30,2024-04-07,False,0.8237129550869468,0.6998633422814771
15,30,2024-04-10,False,0.7519050439076664,0.6998633422814771
15,30,2024-04-13,False,0.6119997433766372,0.6998633422814771
15,30,2024-04-16,False,0.6216964158325582,0.6998633422814771
15,30,2024-04-19,False,0.5955853569447794,0.6998633422814771
15,30,2024-04-22,False,0.5470505718362364,0.6998633422814771
15,30,2024-04-25,False,0.5553865717580233,0.6998633422814771
15,30,2024-04-28,False,0.8263229034432442,0.6998633422814771
15,30,2024-05-01,False,0.7638380951994859,0.6998633422814771
15,30,2024-05-04,False,0.7660460729714245,0.6998633422814771
15,30,2024-05-07,False,0.772531413382896,0.6998633422814771
15,30,2024-05-10,False,0.758423716461867,0.6998633422814771
15,30,2024-05-13,False,0.7863055335220771,0.6998633422814771
15,30,2024-05-16,False,0.7821344751769516,0.6998633422814771
15,30,2024-05-19,True,0.7815072455583537,0.6998633422814771
15,30,2024-05-22,True,0.7926963870981825,0.6998633422814771
15,30,2024-05-25,True,0.7924067811846403,0.6998633422814771
15,30,2024-05-28,True,0.6810022590308609,0.6998633422814771
15,30,2024-05-31,True,0.729208502447765,0.6998633422814771
15,30,2024-06-03,True,0.690224156966879,0.6998633422814771
15,30,2024-06-06,True,0.6472518885203526,0.6998633422814771
15,30,2024-06-09,True,0.7758922934091407,0.6998633422814771
15,30,2024-06-12,True,0.7340154503276393,0.6998633422814771
15,30,2024-06-15,True,0.7390130832589743,0.6998633422814771
15,30,2024-06-18,True,0.7211383746411483,0.6998633422814771
15,30,2024-06-21,True,0.5422214965850293,0.6998633422814771
15,30,2024-06-24,True,0.5118764635016627,0.6998633422814771
15,30,2024-06-27,True,0.5471204662500101,0.6998633422814771
15,30,2024-06-30,True,0.5645705835514452,0.6998633422814771
15,30,2024-07-03,True,0.6538029596921725,0.6998633422814771
15,30,2024-07-06,True,0.4873056703964147,0.6998633422814771
15,30,2024-07-09,True,0.5140864309046405,0.6998633422814771
15,30,2024-07-12,True,0.6334058747136315,0.6998633422814771
15,30,2024-07-15,True,0.6402941304942038,0.6998633422814771
15,30,2024-07-18,True,0.6343752622013012,0.6998633422814771
15,30,2024-07-21,True,0.6863181838574063,0.6998633422814771
15,30,2024-07-24,True,0.7347275341413904,0.6998633422814771
15,30,2024-07-27,True,0.7413472728903795,0.6998633422814771
15,30,2024-07-30,True,0.7469242075475448,0.6998633422814771
15,30,2024-08-10,True,0.7298162081503794,0.6998633422814771
15,30,2024-08-13,True,0.744703448612317,0.6998633422814771
15,30,2024-08-16,True,0.7653758103637387,0.6998633422814771
15,30,2024-08-19,True,0.7682826156848097,0.6998633422814771
15,30,2024-08-22,True,0.7054092066588387,0.6998633422814771
15,30,2024-08-25,True,0.7120691528504011,0.6998633422814771
15,30,2024-08-28,True,0.7156402646057395,0.6998633422814771
15,30,2024-08-31,True,0.70193473813048,0.6998633422814771
15,30,2024-09-03,True,0.6982445654069107,0.6998633422814771
15,30,2024-09-06,True,0.701736031395438,0.6998633422814771
15,30,2024-09-09,True,0.7143934265426959,0.6998633422814771
15,30,2024-09-12,True,0.7090506709093012,0.6998633422814771
15,30,2024-09-15,True,0.6712448365972343,0.6998633422814771
15,30,2024-09-18,True,0.4157116127690317,0.6998633422814771
15,30,2024-09-21,True,0.6400461289992965,0.6998633422814771
15,30,2024-09-24,True,0.722398800320992,0.6998633422814771
15,30,2024-09-27,True,0.7329317973617698,0.6998633422814771
15,30,2024-09-30,True,0.7745636548784629,0.6998633422814771
15,30,2024-10-03,True,0.7033118044219469,0.6998633422814771
15,30,2024-10-06,True,0.6168080782534877,0.6998633422814771
15,30,2024-10-09,True,0.5888842966216878,0.6998633422814771
15,30,2024-10-12,True,0.6087862857084256,0.6998633422814771
15,30,2024-10-15,True,0.5923035713700455,0.6998633422814771
15,30,2024-10-18,False,0.5958901968266668,0.6998633422814771
15,30,2024-10-21,False,0.6187114157874847,0.6998633422814771
15,30,2024-10-24,False,0.5400099664896327,0.6998633422814771
15,30,2024-10-27,False,0.5842329394613148,0.6998633422814771
15,30,2024-10-30,False,0.4951238610666694,0.6998633422814771
15,30,2024-11-02,False,0.6183211739187682,0.6998633422814771
15,30,2024-11-05,False,0.7285190784250696,0.6998633422814771
15,30,2024-11-08,False,0.7345277761208164,0.6998633422814771
15,30,2024-11-11,False,0.6252173858670154,0.6998633422814771
15,30,2024-11-14,False,0.6804355865953814,0.6998633422814771
15,30,2024-11-17,False,0.6992996500449696,0.6998633422814771
15,30,2024-11-20,False,0.675219402782016,0.6998633422814771
15,30,2024-11-23,False,0.690416223792387,0.6998633422814771
15,30,2024-11-26,False,0.6577741694423064,0.6998633422814771
15,30,2024-11-29,False,0.6475883988715949,0.6998633422814771
15,30,2024-12-02,False,0.6032020349594537,0.6998633422814771
15,30,2024-12-05,False,0.634355910956627,0.6998633422814771
15,30,2024-12-08,False,0.6004460888333653,0.6998633422814771
15,30,2024-12-11,False,0.7127201371912977,0.6998633422814771
15,30,2024-12-14,False,0.671975753817343,0.6998633422814771
15,30,2024-12-17,False,0.6719127227979653,0.6998633422814771
15,30,2024-12-20,False,0.6874591141104526,0.6998633422814771
15,30,2024-12-23,False,0.6686239902861741,0.6998633422814771
15,30,2024-12-26,False,0.6759560481120022,0.6998633422814771
15,30,2024-12-29,False,0.6768050386904395,0.6998633422814771
15,30,2025-01-01,False,0.7714409092269735,0.6998633422814771
15,30,2025-01-04,False,0.7805677998750823,0.6998633422814771
15,30,2025-01-07,False,0.8092541992665762,0.6998633422814771
15,30,2025-01-10,False,0.8201726437843117,0.6998633422814771
15,30,2025-01-13,False,0.8393525192604631,0.6998633422814771
15,30,2025-01-16,False,0.8712544401653265,0.6998633422814771
15,30,2025-01-19,False,0.8788913597193413,0.6998633422814771
15,30,2025-01-22,False,0.8762078392090102,0.6998633422814771
15,30,2025-01-25,False,0.8686459230278416,0.6998633422814771
15,30,2025-01-28,False,0.8792280346221596,0.6998633422814771
15,30,2025-01-31,False,0.8884619133978513,0.6998633422814771
15,30,2025-02-03,False,0.8964006567535597,0.6998633422814771
15,30,2025-02-06,False,0.9018178769786114,0.6998633422814771
15,30,2025-02-09,False,0.8829619153646067,0.6998633422814771
15,30,2025-02-12,False,0.9129547841436824,0.6998633422814771
15,30,2025-02-15,False,0.9064512636836483,0.6998633422814771
15,30,2025-02-18,False,0.8998868473487601,0.6998633422814771
15,30,2025-02-21,False,0.9033779324635238,0.6998633422814771
15,30,2025-02-24,False,0.8929907832655133,0.6998633422814771
15,30,2025-02-27,False,0.9175993155572579,0.6998633422814771
15,30,2025-03-02,False,0.8978005623661927,0.6998633422814771
15,30,2025-03-05,False,0.8758656973411362,0.6998633422814771
15,30,2025-03-08,False,0.8438668282532187,0.6998633422814771
15,30,2025-03-11,False,0.8442554325532469,0.6998633422814771
15,30,2025-03-14,False,0.8358930912036853,0.6998633422814771
15,30,2025-03-17,False,0.7991103172622391,0.6998633422814771
15,30,2025-03-20,False,0.8043638252498022,0.6998633422814771
15,30,2025-03-23,False,0.7797068849089752,0.6998633422814771
15,30,2025-03-26,False,0.8023754018357504,0.6998633422814771
15,30,2025-03-29,False,0.788573731329074,0.6998633422814771
15,30,2025-04-01,False,0.713168374242642,0.6998633422814771
15,30,2025-04-04,False,0.6683805397965665,0.6998633422814771
15,30,2025-04-07,False,0.6969775919556941,0.6998633422814771
15,30,2025-04-10,False,0.6878084486313905,0.6998633422814771
15,30,2025-04-13,False,0.6351406350149034,0.6998633422814771
15,30,2025-04-16,False,0.5291921432361026,0.6998633422814771
15,30,2025-04-19,False,0.3366178730286362,0.6998633422814771
15,30,2025-04-22,False,0.37111094869699035,0.6998633422814771
15,30,2025-04-25,False,0.3949177623935963,0.6998633422814771
15,30,2025-04-28,False,0.3051093047647223,0.6998633422814771
15,30,2025-05-01,False,0.44842995309083633,0.6998633422814771
15,30,2025-05-04,False,0.5292060916360608,0.6998633422814771
15,30,2025-05-07,False,0.5492315424323022,0.6998633422814771
15,30,2025-05-10,False,0.5467874839328484,0.6998633422814771
15,30,2025-05-13,False,0.5456151840116275,0.6998633422814771
15,30,2025-05-16,False,0.5884286496158445,0.6998633422814771
15,30,2025-05-19,True,0.7119168798038764,0.6998633422814771
15,30,2025-05-22,True,0.6948701790274603,0.6998633422814771
15,30,2025-05-25,True,0.6371201845032866,0.6998633422814771
15,30,2025-05-28,True,0.6499275869991223,0.6998633422814771
15,30,2025-05-31,True,0.6461607788680954,0.6998633422814771
15,30,2025-06-03,True,0.6108321742110054,0.6998633422814771
15,30,2025-06-06,True,0.5181316869033578,0.6998633422814771
15,30,2025-06-09,True,0.5093802958803756,0.6998633422814771
15,30,2025-06-12,True,0.5167232910848912,0.6998633422814771
15,30,2025-06-15,True,0.5679807794870608,0.6998633422814771
15,30,2025-06-18,True,0.540230934678783,0.6998633422814771
15,30,2025-06-21,True,0.5745718735122474,0.6998633422814771
15,30,2025-06-24,True,0.7020754518805665,0.6998633422814771
15,30,2025-06-27,True,0.702714096224008,0.6998633422814771
15,30,2025-06-30,True,0.7168637089727375,0.6998633422814771
15,30,2025-07-03,True,0.707191301180432,0.6998633422814771
15,30,2025-07-06,True,0.6935200662186405,0.6998633422814771
15,30,2025-07-09,True,0.7285497106401859,0.6998633422814771
15,30,2025-07-12,True,0.7449749771936298,0.6998633422814771
15,30,2025-07-15,True,0.7425978091614391,0.6998633422814771
15,30,2025-07-18,True,0.752126245300388,0.6998633422814771
15,30,2025-07-21,True,0.7456674610005692,0.6998633422814771
15,30,2025-07-24,True,0.7156536852624389,0.6998633422814771
15,30,2025-07-27,True,0.6155092417149157,0.6998633422814771
15,30,2025-07-30,True,0.627505028657044,0.6998633422814771
15,30,2025-08-02,True,0.6520085846036163,0.6998633422814771
15,30,2025-08-05,True,0.6833117539829575,0.6998633422814771
15,30,2025-08-08,True,0.6459376187657693,0.6998633422814771
15,30,2025-08-11,True,0.4639109217366013,0.6998633422814771
15,30,2025-08-14,True,0.5089182881690273,0.6998633422814771
15,30,2025-08-17,True,0.5776649602534538,0.6998633422814771
15,30,2025-08-20,True,0.5863564604544895,0.6998633422814771
15,30,2025-08-23,True,0.6630274421245319,0.6998633422814771
15,30,2025-08-26,True,0.7321332259499158,0.6998633422814771
15,30,2025-08-29,True,0.7166680190697801,0.6998633422814771
15,30,2025-09-01,True,0.8109837858742514,0.6998633422814771
15,30,2025-09-04,True,0.7578926059432987,0.6998633422814771
15,30,2025-09-07,True,0.7482121938263961,0.6998633422814771
15,30,2025-09-10,True,0.7263083160739148,0.6998633422814771
15,30,2025-09-13,True,0.7501078809255532,0.6998633422814771
15,30,2025-09-16,True,0.7862933146248265,0.6998633422814771
15,30,2025-09-19,True,0.7673164611429605,0.6998633422814771
15,30,2025-09-22,True,0.7531533726972408,0.6998633422814771
15,30,2025-09-25,True,0.68112114774001,0.6998633422814771
15,30,2025-09-28,True,0.6754820328328427,0.6998633422814771
15,30,2025-10-01,True,0.584009160396297,0.6998633422814771
15,30,2025-10-04,True,0.6309797062114635,0.6998633422814771
15,30,2025-10-07,True,0.655565710756999,0.6998633422814771
15,30,2025-10-10,True,0.7156775453687143,0.6998633422814771
15,30,2025-10-13,True,0.7707246781247452,0.6998633422814771
15,30,2025-10-16,True,0.7618246220377206,0.6998633422814771
15,30,2025-10-19,False,0.7725113443603536,0.6998633422814771
15,30,2025-10-22,False,0.7722067885806145,0.6998633422814771
15,30,2025-10-25,False,0.8215946953582884,0.6998633422814771
15,30,2025-10-28,False,0.857379982986339,0.6998633422814771
15,30,2025-10-31,False,0.8655670372507337,0.6998633422814771
15,30,2025-11-03,False,0.8602625209299025,0.6998633422814771
15,30,2025-11-06,False,0.8730053863966247,0.6998633422814771
15,30,2025-11-09,False,0.8624742571857759,0.6998633422814771
15,30,2025-11-12,False,0.799715457363771,0.6998633422814771
15,30,2025-11-15,False,0.7607539506999448,0.6998633422814771
15,30,2025-11-18,False,0.767751191019729,0.6998633422814771
15,30,2025-11-21,False,0.7827805639004022,0.6998633422814771
15,30,2025-11-24,False,0.7835945524213617,0.6998633422814771
15,30,2025-11-27,False,0.7440330969338076,0.6998633422814771
15,30,2025-11-30,False,0.7145156155282929,0.6998633422814771
15,60,2023-01-01,False,0.8014879178751391,0.6998633422814771
15,60,2023-01-04,False,0.7827134242260061,0.6998633422814771
15,60,2023-01-07,False,0.8017641114758778,0.6998633422814771
15,60,2023-01-10,False,0.8008534584039204,0.6998633422814771
15,60,2023-01-13,False,0.80550436100814,0.6998633422814771
15,60,2023-01-16,False,0.8125369169315525,0.6998633422814771
15,60,2023-01-19,False,0.8056536523743564,0.6998633422814771
15,60,2023-01-22,False,0.8260789478198542,0.6998633422814771
15,60,2023-01-25,False,0.8284584901609977,0.6998633422814771
15,60,2023-01-28,False,0.8366566854602338,0.6998633422814771
15,60,2023-01-31,False,0.8273908703520727,0.6998633422814771
15,60,2023-02-03,False,0.8394353497740468,0.6998633422814771
15,60,2023-02-06,False,0.850864203818488,0.6998633422814771
15,60,2023-02-09,False,0.8452058409130476,0.6998633422814771
15,60,2023-02-12,False,0.8393118799433686,0.6998633422814771
15,60,2023-02-15,False,0.8424647172336984,0.6998633422814771
15,60,2023-02-18,False,0.8522484392360732,0.6998633422814771
15,60,2023-02-21,False,0.8307604725797726,0.6998633422814771
15,60,2023-02-24,False,0.8382601521976983,0.6998633422814771
15,60,2023-02-27,False,0.851709577631176,0.6998633422814771
15,60,2023-03-02,False,0.8518732704270777,0.6998633422814771
15,60,2023-03-05,False,0.8690575114001957,0.6998633422814771
15,60,2023-03-08,False,0.8648068069545252,0.6998633422814771
15,60,2023-03-11,False,0.8691073364474575,0.6998633422814771
15,60,2023-03-14,False,0.8689006403611697,0.6998633422814771
15,60,2023-03-17,False,0.8563245593353411,0.6998633422814771
15,60,2023-03-20,False,0.8692390676002271,0.6998633422814771
15,60,2023-03-23,False,0.8561072497289821,0.6998633422814771
15,60,2023-03-26,False,0.8541779047870279,0.6998633422814771
15,60,2023-03-29,False,0.8456274877763771,0.6998633422814771
15,60,2023-04-01,False,0.8503323772596645,0.6998633422814771
15,60,2023-04-04,False,0.8412466888963835,0.6998633422814771
15,60,2023-04-07,False,0.827981395418263,0.6998633422814771
15,60,2023-04-10,False,0.8350770747734249,0.6998633422814771
15,60,2023-04-13,False,0.8370182708295781,0.6998633422814771
15,60,2023-04-16,False,0.8382983943767939,0.6998633422814771
15,60,2023-04-19,False,0.8307127345443521,0.6998633422814771
15,60,2023-04-22,False,0.8481448202104901,0.6998633422814771
15,60,2023-04-25,False,0.8516546109512043,0.6998633422814771
15,60,2023-04-28,False,0.8458303870511203,0.6998633422814771
15,60,2023-05-01,False,0.839249172891888,0.6998633422814771
15,60,2023-05-04,True,0.8205000452940225,0.6998633422814771
15,60,2023-05-07,True,0.813395020860359,0.6998633422814771
15,60,2023-05-10,True,0.8020007134240174,0.6998633422814771
15,60,2023-05-13,True,0.7986353764917371,0.6998633422814771
15,60,2023-05-16,True,0.8010903360079202,0.6998633422814771
15,60,2023-05-19,True,0.7872041488748427,0.6998633422814771
15,60,2023-05-22,True,0.7811458936241931,0.6998633422814771
15,60,2023-05-25,True,0.7655272929098236,0.6998633422814771
15,60,2023-05-28,True,0.7489603286109052,0.6998633422814771
15,60,2023-05-31,True,0.747876633415452,0.6998633422814771
15,60,2023-06-03,True,0.7164067252333828,0.6998633422814771
15,60,2023-06-06,True,0.7573464356719645,0.6998633422814771
15,60,2023-06-09,True,0.7381970419580675,0.6998633422814771
15,60,2023-06-12,True,0.7463673371839353,0.6998633422814771
15,60,2023-06-15,True,0.7324327861290723,0.6998633422814771
15,60,2023-06-18,True,0.7290975846311591,0.6998633422814771
15,60,2023-06-21,True,0.6788517147802332,0.6998633422814771
15,60,2023-06-24,True,0.641537228205327,0.6998633422814771
15,60,2023-06-27,True,0.6352968837838423,0.6998633422814771
15,60,2023-06-30,True,0.6453598516750729,0.6998633422814771
15,60,2023-07-03,True,0.6710118814692925,0.6998633422814771
15,60,2023-07-06,True,0.6693797723140098,0.6998633422814771
15,60,2023-07-09,True,0.6475288834417582,0.6998633422814771
15,60,2023-07-12,True,0.6907628528604446,0.6998633422814771
15,60,2023-07-15,True,0.6884636031358335,0.6998633422814771
15,60,2023-07-18,True,0.6798068083574249,0.6998633422814771
15,60,2023-07-21,True,0.6734424551411047,0.6998633422814771
15,60,2023-07-24,True,0.673082839908455,0.6998633422814771
15,60,2023-07-27,True,0.7093612321754592,0.6998633422814771
15,60,2023-07-30,True,0.695089434467486,0.6998633422814771
15,60,2023-08-02,True,0.7301250334946816,0.6998633422814771
15,60,2023-08-05,True,0.6578279745753568,0.6998633422814771
15,60,2023-08-08,True,0.6654273273476918,0.6998633422814771
15,60,2023-08-11,True,0.6605284601104784,0.6998633422814771
15,60,2023-08-14,True,0.6571087572352823,0.6998633422814771
15,60,2023-08-17,True,0.6399222300510438,0.6998633422814771
15,60,2023-08-20,True,0.6424694478313869,0.6998633422814771
15,60,2023-08-23,True,0.686106680677558,0.6998633422814771
15,60,2023-08-26,True,0.6853329452635104,0.6998633422814771
15,60,2023-08-29,True,0.6742183660356814,0.6998633422814771
15,60,2023-09-01,True,0.6399237646648728,0.6998633422814771
15,60,2023-09-04,True,0.6268166471590438,0.6998633422814771
15,60,2023-09-07,True,0.6489156185646932,0.6998633422814771
15,60,2023-09-10,True,0.6297696687443102,0.6998633422814771
15,60,2023-09-13,True,0.6312092751369213,0.6998633422814771
15,60,2023-09-16,True,0.6258540611949102,0.6998633422814771
15,60,2023-09-19,True,0.5115227701351442,0.6998633422814771
15,60,2023-09-22,True,0.27701001383297597,0.6998633422814771
15,60,2023-09-25,True,0.2561290635011768,0.6998633422814771
15,60,2023-09-28,True,0.2558041422007912,0.6998633422814771
15,60,2023-10-01,True,0.20642226168016486,0.6998633422814771
15,60,2023-10-04,False,0.23151367199755402,0.6998633422814771
15,60,2023-10-07,False,0.23869042641693594,0.6998633422814771
15,60,2023-10-10,False,0.24577639359794234,0.6998633422814771
15,60,2023-10-13,False,0.2520525132212085,0.6998633422814771
15,60,2023-10-16,False,0.2654942239359168,0.6998633422814771
15,60,2023-10-19,False,0.2617433736448126,0.6998633422814771
15,60,2023-10-22,False,0.23009828249765163,0.6998633422814771
15,60,2023-10-25,False,0.22883593256271928,0.6998633422814771
15,60,2023-10-28,False,0.23821256991929174,0.6998633422814771
15,60,2023-10-31,False,0.255964235188226,0.6998633422814771
15,60,2023-11-03,False,0.269098143679552,0.6998633422814771
15,60,2023-11-06,False,0.2543146094446025,0.6998633422814771
15,60,2023-11-09,False,0.23290004489278415,0.6998633422814771
15,60,2023-11-12,False,0.22398641944586006,0.6998633422814771
15,60,2023-11-15,False,0.2281212481520597,0.6998633422814771
15,60,2023-11-18,False,0.2659173089286193,0.6998633422814771
15,60,2023-11-21,False,0.7267411839106681,0.6998633422814771
15,60,2023-11-24,False,0.7255674988032856,0.6998633422814771
15,60,2023-11-27,False,0.7300240855821686,0.6998633422814771
15,60,2023-11-30,False,0.7326431994206675,0.6998633422814771
15,60,2023-12-03,False,0.7004091271227315,0.6998633422814771
15,60,2023-12-06,False,0.6908569415628827,0.6998633422814771
15,60,2023-12-09,False,0.7004348511391574,0.6998633422814771
15,60,2023-12-12,False,0.7097523951865663,0.6998633422814771
15,60,2023-12-15,False,0.7248227444225622,0.6998633422814771
15,60,2023-12-18,False,0.711340982492928,0.6998633422814771
15,60,2023-12-21,False,0.7049059703092138,0.6998633422814771
15,60,2023-12-24,False,0.7189404234697455,0.6998633422814771
15,60,2023-12-27,False,0.7454211224643048,0.6998633422814771
15,60,2023-12-30,False,0.7343188701972856,0.6998633422814771
15,60,2024-01-02,False,0.723218890169677,0.6998633422814771
15,60,2024-01-05,False,0.7290835210644315,0.6998633422814771
15,60,2024-01-08,False,0.7389539585211344,0.6998633422814771
15,60,2024-01-11,False,0.832497026461558,0.6998633422814771
15,60,2024-01-14,False,0.8336202355762381,0.6998633422814771
15,60,2024-01-17,False,0.8375520679811518,0.6998633422814771
15,60,2024-01-20,False,0.8496433635284019,0.6998633422814771
15,60,2024-01-23,False,0.8651996709373526,0.6998633422814771
15,60,2024-01-26,False,0.8728639145975311,0.6998633422814771
15,60,2024-01-29,False,0.8632637890738887,0.6998633422814771
15,60,2024-02-01,False,0.8666425537130227,0.6998633422814771
15,60,2024-02-04,False,0.8629914263548795,0.6998633422814771
15,60,2024-02-07,False,0.8636263959593773,0.6998633422814771
15,60,2024-02-10,False,0.8683911971187404,0.6998633422814771
15,60,2024-02-13,False,0.840986398460859,0.6998633422814771
15,60,2024-02-16,False,0.8562135784872501,0.6998633422814771
15,60,2024-02-19,False,0.8598533482728332,0.6998633422814771
15,60,2024-02-22,False,0.8695744163404876,0.6998633422814771
15,60,2024-02-25,False,0.8613487785625341,0.6998633422814771
15,60,2024-02-28,False,0.8553751056696348,0.6998633422814771
15,60,2024-03-02,False,0.8566454167552836,0.6998633422814771
15,60,2024-03-05,False,0.852355837019065,0.6998633422814771
15,60,2024-03-08,False,0.8604028050467212,0.6998633422814771
15,60,2024-03-11,False,0.8110090832716959,0.6998633422814771
15,60,2024-03-14,False,0.7268957116922474,0.6998633422814771
15,60,2024-03-17,False,0.7412563710301906,0.6998633422814771
15,60,2024-03-20,False,0.7219560624497172,0.6998633422814771
15,60,2024-03-23,False,0.6906586722950883,0.6998633422814771
15,60,2024-03-26,False,0.6669762078179733,0.6998633422814771
15,60,2024-03-29,False,0.8179495033768144,0.6998633422814771
15,60,2024-04-01,False,0.7677393632547462,0.6998633422814771
15,60,2024-04-04,False,0.7704380743023713,0.6998633422814771
15,60,2024-04-07,False,0.7797303497678231,0.6998633422814771
15,60,2024-04-10,False,0.7575466388708119,0.6998633422814771
15,60,2024-04-13,False,0.7631599338370825,0.6998633422814771
15,60,2024-04-16,False,0.7607227934665208,0.6998633422814771
15,60,2024-04-19,False,0.7580000774837282,0.6998633422814771
15,60,2024-04-22,False,0.7617272226345613,0.6998633422814771
15,60,2024-04-25,False,0.7608594328196264,0.6998633422814771
15,60,2024-04-28,False,0.7624342812907174,0.6998633422814771
15,60,2024-05-01,False,0.7581956478209394,0.6998633422814771
15,60,2024-05-04,True,0.7541973071604782,0.6998633422814771
15,60,2024-05-07,True,0.7545183454630764,0.6998633422814771
15,60,2024-05-10,True,0.7606031079132345,0.6998633422814771
15,60,2024-05-13,True,0.7800397493082718,0.6998633422814771
15,60,2024-05-16,True,0.7768214276703336,0.6998633422814771
15,60,2024-05-19,True,0.7740869517729582,0.6998633422814771
15,60,2024-05-22,True,0.7708322502276403,0.6998633422814771
15,60,2024-05-25,True,0.7697885400265643,0.6998633422814771
15,60,2024-05-28,True,0.6603864658169925,0.6998633422814771
15,60,2024-05-31,True,0.6769160994762067,0.6998633422814771
15,60,2024-06-03,True,0.6764687903784647,0.6998633422814771
15,60,2024-06-06,True,0.602074345740552,0.6998633422814771
15,60,2024-06-09,True,0.6957106019216271,0.6998633422814771
15,60,2024-06-12,True,0.6977940504704855,0.6998633422814771
15,60,2024-06-15,True,0.700624882548986,0.6998633422814771
15,60,2024-06-18,True,0.686924166905855,0.6998633422814771
15,60,2024-06-21,True,0.6157005062981874,0.6998633422814771
15,60,2024-06-24,True,0.6351795492883405,0.6998633422814771
15,60,2024-06-27,True,0.6487080689774896,0.6998633422814771
15,60,2024-06-30,True,0.6585828513291776,0.6998633422814771
15,60,2024-07-03,True,0.6836193472509584,0.6998633422814771
15,60,2024-07-06,True,0.6277878208156391,0.6998633422814771
15,60,2024-07-09,True,0.6996024370266873,0.6998633422814771
15,60,2024-07-12,True,0.7417295401208366,0.6998633422814771
15,60,2024-07-15,True,0.6905972870507039,0.6998633422814771
15,60,2024-07-18,True,0.6945857509697337,0.6998633422814771
15,60,2024-07-21,True,0.7082753288309235,0.6998633422814771
15,60,2024-07-24,True,0.7108296408901333,0.6998633422814771
15,60,2024-07-27,True,0.7094317885465344,0.6998633422814771
15,60,2024-07-30,True,0.7123089997117473,0.6998633422814771
15,60,2024-08-10,True,0.7171576775532772,0.6998633422814771
15,60,2024-08-13,True,0.7162036378345265,0.6998633422814771
15,60,2024-08-16,True,0.7142884758464261,0.6998633422814771
15,60,2024-08-19,True,0.7017562189941884,0.6998633422814771
15,60,2024-08-22,True,0.6902993680607781,0.6998633422814771
15,60,2024-08-25,True,0.7150307394199389,0.6998633422814771
15,60,2024-08-28,True,0.7207745816050508,0.6998633422814771
15,60,2024-08-31,True,0.7257457931559462,0.6998633422814771
15,60,2024-09-03,True,0.6999067024548986,0.6998633422814771
15,60,2024-09-06,True,0.6750545158593049,0.6998633422814771
15,60,2024-09-09,True,0.6783499255564989,0.6998633422814771
15,60,2024-09-12,True,0.6784045097177697,0.6998633422814771
15,60,2024-09-15,True,0.6398589655082167,0.6998633422814771
15,60,2024-09-18,True,0.5344636964990275,0.6998633422814771
15,60,2024-09-21,True,0.6274625711360353,0.6998633422814771
15,60,2024-09-24,True,0.6420385189977269,0.6998633422814771
15,60,2024-09-27,True,0.665283676797481,0.6998633422814771
15,60,2024-09-30,True,0.6686607092914849,0.6998633422814771
15,60,2024-10-03,False,0.6695553318262386,0.6998633422814771
15,60,2024-10-06,False,0.6577034502461254,0.6998633422814771
15,60,2024-10-09,False,0.6465907746133225,0.6998633422814771
15,60,2024-10-12,False,0.6146576235790148,0.6998633422814771
15,60,2024-10-15,False,0.6265628964565215,0.6998633422814771
15,60,2024-10-18,False,0.6366230676222975,0.6998633422814771
15,60,2024-10-21,False,0.6409945217700777,0.6998633422814771
15,60,2024-10-24,False,0.6122033094235244,0.6998633422814771
15,60,2024-10-27,False,0.6171498655445098,0.6998633422814771
15,60,2024-10-30,False,0.5711281626578208,0.6998633422814771
15,60,2024-11-02,False,0.6110580581441956,0.6998633422814771
15,60,2024-11-05,False,0.6794217693933586,0.6998633422814771
15,60,2024-11-08,False,0.6717294786376479,0.6998633422814771
15,60,2024-11-11,False,0.6707255626720308,0.6998633422814771
15,60,2024-11-14,False,0.6765576140131145,0.6998633422814771
15,60,2024-11-17,False,0.6859351466185009,0.6998633422814771
15,60,2024-11-20,False,0.681487718556687,0.6998633422814771
15,60,2024-11-23,False,0.6799669097915031,0.6998633422814771
15,60,2024-11-26,False,0.6667840145782276,0.6998633422814771
15,60,2024-11-29,False,0.662257804945513,0.6998633422814771
15,60,2024-12-02,False,0.6939924526009199,0.6998633422814771
15,60,2024-12-05,False,0.712807193567399,0.6998633422814771
15,60,2024-12-08,False,0.7302398662762775,0.6998633422814771
15,60,2024-12-11,False,0.7771331563587576,0.6998633422814771
15,60,2024-12-14,False,0.7808839317594349,0.6998633422814771
15,60,2024-12-17,False,0.7915177532183819,0.6998633422814771
15,60,2024-12-20,False,0.8033434391120946,0.6998633422814771
15,60,2024-12-23,False,0.7965553060414933,0.6998633422814771
15,60,2024-12-26,False,0.7938631264753441,0.6998633422814771
15,60,2024-12-29,False,0.8029165172054246,0.6998633422814771
15,60,2025-01-01,False,0.842634357523433,0.6998633422814771
15,60,2025-01-04,False,0.8532502397922246,0.6998633422814771
15,60,2025-01-07,False,0.8653736869210206,0.6998633422814771
15,60,2025-01-10,False,0.8572715396403487,0.6998633422814771
15,60,2025-01-13,False,0.8816249401511359,0.6998633422814771
15,60,2025-01-16,False,0.8926871123495156,0.6998633422814771
15,60,2025-01-19,False,0.8915059062359971,0.6998633422814771
15,60,2025-01-22,False,0.8932623703243452,0.6998633422814771
15,60,2025-01-25,False,0.8838393928550226,0.6998633422814771
15,60,2025-01-28,False,0.9041368984774772,0.6998633422814771
15,60,2025-01-31,False,0.8942348109227056,0.6998633422814771
15,60,2025-02-03,False,0.8836158380955412,0.6998633422814771
15,60,2025-02-06,False,0.8682422237481147,0.6998633422814771
15,60,2025-02-09,False,0.8594949940877296,0.6998633422814771
15,60,2025-02-12,False,0.8678752509251906,0.6998633422814771
15,60,2025-02-15,False,0.8472602941397319,0.6998633422814771
15,60,2025-02-18,False,0.8469095034139139,0.6998633422814771
15,60,2025-02-21,False,0.8414996750830863,0.6998633422814771
15,60,2025-02-24,False,0.8448809706332265,0.6998633422814771
15,60,2025-02-27,False,0.857959743353856,0.6998633422814771
15,60,2025-03-02,False,0.8155056917852825,0.6998633422814771
15,60,2025-03-05,False,0.8021121601410982,0.6998633422814771
15,60,2025-03-08,False,0.791732807243494,0.6998633422814771
15,60,2025-03-11,False,0.7942398058751988,0.6998633422814771
15,60,2025-03-14,False,0.7779557953152094,0.6998633422814771
15,60,2025-03-17,False,0.7098716067953569,0.6998633422814771
15,60,2025-03-20,False,0.6025412107317994,0.6998633422814771
15,60,2025-03-23,False,0.5870404799506233,0.6998633422814771
15,60,2025-03-26,False,0.616825032254094,0.6998633422814771
15,60,2025-03-29,False,0.5697210288184025,0.6998633422814771
15,60,2025-04-01,False,0.5682416812702169,0.6998633422814771
15,60,2025-04-04,False,0.5704202576356232,0.6998633422814771
15,60,2025-04-07,False,0.5889459306240583,0.6998633422814771
15,60,2025-04-10,False,0.5816605264776973,0.6998633422814771
15,60,2025-04-13,False,0.5648329747732973,0.6998633422814771
15,60,2025-04-16,False,0.5741682300876565,0.6998633422814771
15,60,2025-04-19,False,0.5702064664572091,0.6998633422814771
15,60,2025-04-22,False,0.5685346533291917,0.6998633422814771
15,60,2025-04-25,False,0.5352409827073578,0.6998633422814771
15,60,2025-04-28,False,0.5101798049134416,0.6998633422814771
15,60,2025-05-01,False,0.5416752794693183,0.6998633422814771
15,60,2025-05-04,True,0.5458386488827827,0.6998633422814771
15,60,2025-05-07,True,0.5442705550867056,0.6998633422814771
15,60,2025-05-10,True,0.5410961592819608,0.6998633422814771
15,60,2025-05-13,True,0.5411333740972768,0.6998633422814771
15,60,2025-05-16,True,0.5849199631233517,0.6998633422814771
15,60,2025-05-19,True,0.6758943758350627,0.6998633422814771
15,60,2025-05-22,True,0.669571461061875,0.6998633422814771
15,60,2025-05-25,True,0.653069261272152,0.6998633422814771
15,60,2025-05-28,True,0.6665888553224333,0.6998633422814771
15,60,2025-05-31,True,0.6731142830597794,0.6998633422814771
15,60,2025-06-03,True,0.6680865826926189,0.6998633422814771
15,60,2025-06-06,True,0.6307508620142872,0.6998633422814771
15,60,2025-06-09,True,0.6579602135249512,0.6998633422814771
15,60,2025-06-12,True,0.6740676496341442,0.6998633422814771
15,60,2025-06-15,True,0.6822678378384179,0.6998633422814771
15,60,2025-06-18,True,0.6738400366476547,0.6998633422814771
15,60,2025-06-21,True,0.6834964354050155,0.6998633422814771
15,60,2025-06-24,True,0.7101727602804512,0.6998633422814771
15,60,2025-06-27,True,0.6689824887273097,0.6998633422814771
15,60,2025-06-30,True,0.684537403095656,0.6998633422814771
15,60,2025-07-03,True,0.6872282573015414,0.6998633422814771
15,60,2025-07-06,True,0.6895657341954949,0.6998633422814771
15,60,2025-07-09,True,0.704011465528973,0.6998633422814771
15,60,2025-07-12,True,0.682208392464996,0.6998633422814771
15,60,2025-07-15,True,0.6861696859174372,0.6998633422814771
15,60,2025-07-18,True,0.7065000427722152,0.6998633422814771
15,60,2025-07-21,True,0.7072189806003208,0.6998633422814771
15,60,2025-07-24,True,0.7013868355645452,0.6998633422814771
15,60,2025-07-27,True,0.6646254651311402,0.6998633422814771
15,60,2025-07-30,True,0.6644194190207582,0.6998633422814771
15,60,2025-08-02,True,0.732675678667716,0.6998633422814771
15,60,2025-08-05,True,0.7191096152637947,0.6998633422814771
15,60,2025-08-08,True,0.7023341021690033,0.6998633422814771
15,60,2025-08-11,True,0.634696740247477,0.6998633422814771
15,60,2025-08-14,True,0.6717898539084395,0.6998633422814771
15,60,2025-08-17,True,0.7264687400273411,0.6998633422814771
15,60,2025-08-20,True,0.7198593314408207,0.6998633422814771
15,60,2025-08-23,True,0.7272714592432612,0.6998633422814771
15,60,2025-08-26,True,0.6981251738099785,0.6998633422814771
15,60,2025-08-29,True,0.6872494574719676,0.6998633422814771
15,60,2025-09-01,True,0.6827183353691535,0.6998633422814771
15,60,2025-09-04,True,0.6826963705843876,0.6998633422814771
15,60,2025-09-07,True,0.6891181616314729,0.6998633422814771
15,60,2025-09-10,True,0.719590243499262,0.6998633422814771
15,60,2025-09-13,True,0.763183919029671,0.6998633422814771
15,60,2025-09-16,True,0.7726209269085591,0.6998633422814771
15,60,2025-09-19,True,0.7701552002325224,0.6998633422814771
15,60,2025-09-22,True,0.7637769908008445,0.6998633422814771
15,60,2025-09-25,True,0.7625765659684138,0.6998633422814771
15,60,2025-09-28,True,0.7717388070279259,0.6998633422814771
15,60,2025-10-01,True,0.7504431524156729,0.6998633422814771
15,60,2025-10-04,False,0.7584157065472883,0.6998633422814771
15,60,2025-10-07,False,0.7568718412244781,0.6998633422814771
15,60,2025-10-10,False,0.7763677716943764,0.6998633422814771
15,60,2025-10-13,False,0.7792069865026775,0.6998633422814771
15,60,2025-10-16,False,0.7615250225528856,0.6998633422814771
15,60,2025-10-19,False,0.7711344863845255,0.6998633422814771
15,60,2025-10-22,False,0.7754558603391616,0.6998633422814771
15,60,2025-10-25,False,0.8104327958436772,0.6998633422814771
15,60,2025-10-28,False,0.8252187996649156,0.6998633422814771
15,60,2025-10-31,False,0.8241317626770681,0.6998633422814771
15,90,2023-01-01,False,0.8149173036331848,0.6998633422814771
15,90,2023-01-04,False,0.8216424330855692,0.6998633422814771
15,90,2023-01-07,False,0.8364734714704332,0.6998633422814771
15,90,2023-01-10,False,0.8341051113051123,0.6998633422814771
15,90,2023-01-13,False,0.8326342643680685,0.6998633422814771
15,90,2023-01-16,False,0.8351519066253522,0.6998633422814771
15,90,2023-01-19,False,0.8422295297804466,0.6998633422814771
15,90,2023-01-22,False,0.8371314397035111,0.6998633422814771
15,90,2023-01-25,False,0.8384280978619104,0.6998633422814771
15,90,2023-01-28,False,0.8406963197286417,0.6998633422814771
15,90,2023-01-31,False,0.8392240601265017,0.6998633422814771
15,90,2023-02-03,False,0.843996459315606,0.6998633422814771
15,90,2023-02-06,False,0.8466388261459112,0.6998633422814771
15,90,2023-02-09,False,0.8479407501390367,0.6998633422814771
15,90,2023-02-12,False,0.8472840515191062,0.6998633422814771
15,90,2023-02-15,False,0.8433852645692097,0.6998633422814771
15,90,2023-02-18,False,0.8509576676800213,0.6998633422814771
15,90,2023-02-21,False,0.8409565032648553,0.6998633422814771
15,90,2023-02-24,False,0.8446238757471688,0.6998633422814771
15,90,2023-02-27,False,0.8493195991848148,0.6998633422814771
15,90,2023-03-02,False,0.8488827389508037,0.6998633422814771
15,90,2023-03-05,False,0.8559413465525836,0.6998633422814771
15,90,2023-03-08,False,0.8482498419841196,0.6998633422814771
15,90,2023-03-11,False,0.8511887295624188,0.6998633422814771
15,90,2023-03-14,False,0.8495081126027257,0.6998633422814771
15,90,2023-03-17,False,0.8482477380569072,0.6998633422814771
15,90,2023-03-20,False,0.8524973064935459,0.6998633422814771
15,90,2023-03-23,False,0.8504290116552492,0.6998633422814771
15,90,2023-03-26,False,0.8516867897680886,0.6998633422814771
15,90,2023-03-29,False,0.8460961333287083,0.6998633422814771
15,90,2023-04-01,False,0.8456698737992635,0.6998633422814771
15,90,2023-04-04,False,0.8328553975380854,0.6998633422814771
15,90,2023-04-07,False,0.8241517368054643,0.6998633422814771
15,90,2023-04-10,False,0.8217594615809622,0.6998633422814771
15,90,2023-04-13,False,0.8220994286125632,0.6998633422814771
15,90,2023-04-16,False,0.8197928884383966,0.6998633422814771
15,90,2023-04-19,True,0.816583215885238,0.6998633422814771
15,90,2023-04-22,True,0.8156724823254067,0.6998633422814771
15,90,2023-04-25,True,0.8053995255576922,0.6998633422814771
15,90,2023-04-28,True,0.7875289102246966,0.6998633422814771
15,90,2023-05-01,True,0.785659401310373,0.6998633422814771
15,90,2023-05-04,True,0.7652537862421932,0.6998633422814771
15,90,2023-05-07,True,0.7790093738973165,0.6998633422814771
15,90,2023-05-10,True,0.7704966188100922,0.6998633422814771
15,90,2023-05-13,True,0.7732560519687565,0.6998633422814771
15,90,2023-05-16,True,0.7718838291838259,0.6998633422814771
15,90,2023-05-19,True,0.7531221097535379,0.6998633422814771
15,90,2023-05-22,True,0.7537847433226751,0.6998633422814771
15,90,2023-05-25,True,0.738261954247959,0.6998633422814771
15,90,2023-05-28,True,0.7344547336771967,0.6998633422814771
15,90,2023-05-31,True,0.7332645523455831,0.6998633422814771
15,90,2023-06-03,True,0.7247663942959888,0.6998633422814771
15,90,2023-06-06,True,0.7270006709374605,0.6998633422814771
15,90,2023-06-09,True,0.7061187337823804,0.6998633422814771
15,90,2023-06-12,True,0.726526819414459,0.6998633422814771
15,90,2023-06-15,True,0.7177050813489212,0.6998633422814771
15,90,2023-06-18,True,0.7151992382668659,0.6998633422814771
15,90,2023-06-21,True,0.6727534785064221,0.6998633422814771
15,90,2023-06-24,True,0.6518232737283052,0.6998633422814771
15,90,2023-06-27,True,0.6704955481273218,0.6998633422814771
15,90,2023-06-30,True,0.6654799370929627,0.6998633422814771
15,90,2023-07-03,True,0.6956114038949269,0.6998633422814771
15,90,2023-07-06,True,0.6635438197437418,0.6998633422814771
15,90,2023-07-09,True,0.6644395181790672,0.6998633422814771
15,90,2023-07-12,True,0.6673730178637653,0.6998633422814771
15,90,2023-07-15,True,0.6629242738023708,0.6998633422814771
15,90,2023-07-18,True,0.6432648128883844,0.6998633422814771
15,90,2023-07-21,True,0.6537147461492024,0.6998633422814771
15,90,2023-07-24,True,0.6851015878479556,0.6998633422814771
15,90,2023-07-27,True,0.6903852160036674,0.6998633422814771
15,90,2023-07-30,True,0.6823551941307544,0.6998633422814771
15,90,2023-08-02,True,0.6714369888693594,0.6998633422814771
15,90,2023-08-05,True,0.6361768172765943,0.6998633422814771
15,90,2023-08-08,True,0.6454069738460588,0.6998633422814771
15,90,2023-08-11,True,0.6512525521991388,0.6998633422814771
15,90,2023-08-14,True,0.6530645730717577,0.6998633422814771
15,90,2023-08-17,True,0.6512059755917659,0.6998633422814771
15,90,2023-08-20,True,0.5621350756149255,0.6998633422814771
15,90,2023-08-23,True,0.35289813670186754,0.6998633422814771
15,90,2023-08-26,True,0.3552187341439029,0.6998633422814771
15,90,2023-08-29,True,0.3549636016606904,0.6998633422814771
15,90,2023-09-01,True,0.3434287242779792,0.6998633422814771
15,90,2023-09-04,True,0.3465133732110004,0.6998633422814771
15,90,2023-09-07,True,0.36129653763684666,0.6998633422814771
15,90,2023-09-10,True,0.33894950738212926,0.6998633422814771
15,90,2023-09-13,True,0.339030226919826,0.6998633422814771
15,90,2023-09-16,True,0.3364575345763543,0.6998633422814771
15,90,2023-09-19,False,0.3382041048694233,0.6998633422814771
15,90,2023-09-22,False,0.34653031739518414,0.6998633422814771
15,90,2023-09-25,False,0.3278314519816554,0.6998633422814771
15,90,2023-09-28,False,0.32586759950866706,0.6998633422814771
15,90,2023-10-01,False,0.29058387181468226,0.6998633422814771
15,90,2023-10-04,False,0.3124517591681564,0.6998633422814771
15,90,2023-10-07,False,0.3051328251133324,0.6998633422814771
15,90,2023-10-10,False,0.298451821922999,0.6998633422814771
15,90,2023-10-13,False,0.29533213693542426,0.6998633422814771
15,90,2023-10-16,False,0.30826285305031853,0.6998633422814771
15,90,2023-10-19,False,0.301910362178489,0.6998633422814771
15,90,2023-10-22,False,0.27282360995293164,0.6998633422814771
15,90,2023-10-25,False,0.272177293034523,0.6998633422814771
15,90,2023-10-28,False,0.28600169709932954,0.6998633422814771
15,90,2023-10-31,False,0.3007545158256415,0.6998633422814771
15,90,2023-11-03,False,0.2990439137022587,0.6998633422814771
15,90,2023-11-06,False,0.28293164676926075,0.6998633422814771
15,90,2023-11-09,False,0.2721644480684141,0.6998633422814771
15,90,2023-11-12,False,0.2785688596402719,0.6998633422814771
15,90,2023-11-15,False,0.2919909601338597,0.6998633422814771
15,90,2023-11-18,False,0.33723715552469014,0.6998633422814771
15,90,2023-11-21,False,0.7369224391458193,0.6998633422814771
15,90,2023-11-24,False,0.7417610799051086,0.6998633422814771
15,90,2023-11-27,False,0.7512354714480183,0.6998633422814771
15,90,2023-11-30,False,0.7466447741337705,0.6998633422814771
15,90,2023-12-03,False,0.7366257531974293,0.6998633422814771
15,90,2023-12-06,False,0.7435011034003371,0.6998633422814771
15,90,2023-12-09,False,0.753063353674085,0.6998633422814771
15,90,2023-12-12,False,0.7956688487890715,0.6998633422814771
15,90,2023-12-15,False,0.796760378905182,0.6998633422814771
15,90,2023-12-18,False,0.7956038300772562,0.6998633422814771
15,90,2023-12-21,False,0.8057666126491634,0.6998633422814771
15,90,2023-12-24,False,0.8240544865824713,0.6998633422814771
15,90,2023-12-27,False,0.838087558715154,0.6998633422814771
15,90,2023-12-30,False,0.8297380954833251,0.6998633422814771
15,90,2024-01-02,False,0.8242459450928918,0.6998633422814771
15,90,2024-01-05,False,0.8181202182573155,0.6998633422814771
15,90,2024-01-08,False,0.8223095332217982,0.6998633422814771
15,90,2024-01-11,False,0.8485535775550579,0.6998633422814771
15,90,2024-01-14,False,0.8279538600525655,0.6998633422814771
15,90,2024-01-17,False,0.837799553609163,0.6998633422814771
15,90,2024-01-20,False,0.8395289556210592,0.6998633422814771
15,90,2024-01-23,False,0.8476574187465674,0.6998633422814771
15,90,2024-01-26,False,0.8439046148998122,0.6998633422814771
15,90,2024-01-29,False,0.835109261558295,0.6998633422814771
15,90,2024-02-01,False,0.8412763269830043,0.6998633422814771
15,90,2024-02-04,False,0.840671977907198,0.6998633422814771
15,90,2024-02-07,False,0.849636528874414,0.6998633422814771
15,90,2024-02-10,False,0.8287186590363775,0.6998633422814771
15,90,2024-02-13,False,0.7666696837775417,0.6998633422814771
15,90,2024-02-16,False,0.7818099602414906,0.6998633422814771
15,90,2024-02-19,False,0.7804193572398037,0.6998633422814771
15,90,2024-02-22,False,0.7729556852400724,0.6998633422814771
15,90,2024-02-25,False,0.7635939029595837,0.6998633422814771
15,90,2024-02-28,False,0.8360388330988754,0.6998633422814771
15,90,2024-03-02,False,0.7877430670632025,0.6998633422814771
15,90,2024-03-05,False,0.787905694990465,0.6998633422814771
15,90,2024-03-08,False,0.795920100648157,0.6998633422814771
15,90,2024-03-11,False,0.7710125442150172,0.6998633422814771
15,90,2024-03-14,False,0.7712812806927336,0.6998633422814771
15,90,2024-03-17,False,0.7716675995875308,0.6998633422814771
15,90,2024-03-20,False,0.7670294130636559,0.6998633422814771
15,90,2024-03-23,False,0.7687741713773668,0.6998633422814771
15,90,2024-03-26,False,0.7637253375464176,0.6998633422814771
15,90,2024-03-29,False,0.7644238883321615,0.6998633422814771
15,90,2024-04-01,False,0.7621829502324957,0.6998633422814771
15,90,2024-04-04,False,0.7593624859378806,0.6998633422814771
15,90,2024-04-07,False,0.7630235386799646,0.6998633422814771
15,90,2024-04-10,False,0.7595613174526812,0.6998633422814771
15,90,2024-04-13,False,0.7600823921071205,0.6998633422814771
15,90,2024-04-16,False,0.7583661415031722,0.6998633422814771
15,90,2024-04-19,True,0.7539795720243024,0.6998633422814771
15,90,2024-04-22,True,0.7447957270760464,0.6998633422814771
15,90,2024-04-25,True,0.7432679059414313,0.6998633422814771
15,90,2024-04-28,True,0.7464814809457911,0.6998633422814771
15,90,2024-05-01,True,0.744546153939194,0.6998633422814771
15,90,2024-05-04,True,0.7455009255017375,0.6998633422814771
15,90,2024-05-07,True,0.7402045835644966,0.6998633422814771
15,90,2024-05-10,True,0.7477342216261129,0.6998633422814771
15,90,2024-05-13,True,0.770779582071434,0.6998633422814771
15,90,2024-05-16,True,0.7668959822849449,0.6998633422814771
15,90,2024-05-19,True,0.763734387468506,0.6998633422814771
15,90,2024-05-22,True,0.7637951964111571,0.6998633422814771
15,90,2024-05-25,True,0.7666050401633381,0.6998633422814771
15,90,2024-05-28,True,0.672082458835906,0.6998633422814771
15,90,2024-05-31,True,0.6946016371925365,0.6998633422814771
15,90,2024-06-03,True,0.6869241194242292,0.6998633422814771
15,90,2024-06-06,True,0.6382152298952897,0.6998633422814771
15,90,2024-06-09,True,0.727998316089338,0.6998633422814771
15,90,2024-06-12,True,0.7397297593745263,0.6998633422814771
15,90,2024-06-15,True,0.703347557701284,0.6998633422814771
15,90,2024-06-18,True,0.7014057125708113,0.6998633422814771
15,90,2024-06-21,True,0.6759856299668464,0.6998633422814771
15,90,2024-06-24,True,0.6750881585770305,0.6998633422814771
15,90,2024-06-27,True,0.6783675036316942,0.6998633422814771
15,90,2024-06-30,True,0.6856812711648635,0.6998633422814771
15,90,2024-07-03,True,0.7033880220961383,0.6998633422814771
15,90,2024-07-06,True,0.6834525539512819,0.6998633422814771
15,90,2024-07-09,True,0.6863590826364352,0.6998633422814771
15,90,2024-07-12,True,0.690417977219949,0.6998633422814771
15,90,2024-07-15,True,0.6810686319743906,0.6998633422814771
15,90,2024-07-18,True,0.7011917299239796,0.6998633422814771
15,90,2024-07-21,True,0.7141994283243647,0.6998633422814771
15,90,2024-07-24,True,0.7275431698948026,0.6998633422814771
15,90,2024-07-27,True,0.7078070402859299,0.6998633422814771
15,90,2024-07-30,True,0.6875023767699393,0.6998633422814771
15,90,2024-08-10,True,0.685282077325721,0.6998633422814771
15,90,2024-08-13,True,0.6882437012692999,0.6998633422814771
15,90,2024-08-16,True,0.6821177970918235,0.6998633422814771
15,90,2024-08-19,True,0.6734601356929322,0.6998633422814771
15,90,2024-08-22,True,0.6724398549899055,0.6998633422814771
15,90,2024-08-25,True,0.6827887196486768,0.6998633422814771
15,90,2024-08-28,True,0.6936565084327495,0.6998633422814771
15,90,2024-08-31,True,0.6872973410122225,0.6998633422814771
15,90,2024-09-03,True,0.6854079724329947,0.6998633422814771
15,90,2024-09-06,True,0.6832649015344516,0.6998633422814771
15,90,2024-09-09,True,0.6872580737488861,0.6998633422814771
15,90,2024-09-12,True,0.6706785434530125,0.6998633422814771
15,90,2024-09-15,True,0.6480477912687244,0.6998633422814771
15,90,2024-09-18,False,0.5838949224394872,0.6998633422814771
15,90,2024-09-21,False,0.6407134447097542,0.6998633422814771
15,90,2024-09-24,False,0.6560250241744374,0.6998633422814771
15,90,2024-09-27,False,0.6632610799732921,0.6998633422814771
15,90,2024-09-30,False,0.6628945337383074,0.6998633422814771
15,90,2024-10-03,False,0.651734181966483,0.6998633422814771
15,90,2024-10-06,False,0.6510466685590693,0.6998633422814771
15,90,2024-10-09,False,0.6346512977957223,0.6998633422814771
15,90,2024-10-12,False,0.642030590740788,0.6998633422814771
15,90,2024-10-15,False,0.6378052918078794,0.6998633422814771
15,90,2024-10-18,False,0.6462553095886527,0.6998633422814771
15,90,2024-10-21,False,0.6545974070469208,0.6998633422814771
15,90,2024-10-24,False,0.6295020521492591,0.6998633422814771
15,90,2024-10-27,False,0.6351094409219941,0.6998633422814771
15,90,2024-10-30,False,0.6064799693465437,0.6998633422814771
15,90,2024-11-02,False,0.6688384876156335,0.6998633422814771
15,90,2024-11-05,False,0.7174961904785842,0.6998633422814771
15,90,2024-11-08,False,0.7315282632974669,0.6998633422814771
15,90,2024-11-11,False,0.7361356561574095,0.6998633422814771
15,90,2024-11-14,False,0.7515379536294761,0.6998633422814771
15,90,2024-11-17,False,0.7642560846833274,0.6998633422814771
15,90,2024-11-20,False,0.7683360497827255,0.6998633422814771
15,90,2024-11-23,False,0.7653453188870807,0.6998633422814771
15,90,2024-11-26,False,0.7553229970444717,0.6998633422814771
15,90,2024-11-29,False,0.760648810175961,0.6998633422814771
15,90,2024-12-02,False,0.7826773081635066,0.6998633422814771
15,90,2024-12-05,False,0.7999642845288474,0.6998633422814771
15,90,2024-12-08,False,0.8141517749714381,0.6998633422814771
15,90,2024-12-11,False,0.826237363726675,0.6998633422814771
15,90,2024-12-14,False,0.8426272222582415,0.6998633422814771
15,90,2024-12-17,False,0.8470320625783989,0.6998633422814771
15,90,2024-12-20,False,0.8493708966315192,0.6998633422814771
15,90,2024-12-23,False,0.850989295636086,0.6998633422814771
15,90,2024-12-26,False,0.8438178741670439,0.6998633422814771
15,90,2024-12-29,False,0.8643259956436393,0.6998633422814771
15,90,2025-01-01,False,0.8700084759381855,0.6998633422814771
15,90,2025-01-04,False,0.8647530017224713,0.6998633422814771
15,90,2025-01-07,False,0.8555864574995,0.6998633422814771
15,90,2025-01-10,False,0.8510707628954058,0.6998633422814771
15,90,2025-01-13,False,0.8611657484559809,0.6998633422814771
15,90,2025-01-16,False,0.852626512330281,0.6998633422814771
15,90,2025-01-19,False,0.8542124031343923,0.6998633422814771
15,90,2025-01-22,False,0.8494342913688262,0.6998633422814771
15,90,2025-01-25,False,0.8501162680384583,0.6998633422814771
15,90,2025-01-28,False,0.8627492466890819,0.6998633422814771
15,90,2025-01-31,False,0.8341127173714068,0.6998633422814771
15,90,2025-02-03,False,0.8286021686950851,0.6998633422814771
15,90,2025-02-06,False,0.8268442607748538,0.6998633422814771
15,90,2025-02-09,False,0.82142595712342,0.6998633422814771
15,90,2025-02-12,False,0.8232371654566415,0.6998633422814771
15,90,2025-02-15,False,0.7791760552130911,0.6998633422814771
15,90,2025-02-18,False,0.6957464964295971,0.6998633422814771
15,90,2025-02-21,False,0.6963151947938278,0.6998633422814771
15,90,2025-02-24,False,0.7065400751641283,0.6998633422814771
15,90,2025-02-27,False,0.7050596901745724,0.6998633422814771
15,90,2025-03-02,False,0.6869215363980345,0.6998633422814771
15,90,2025-03-05,False,0.6771316102970715,0.6998633422814771
15,90,2025-03-08,False,0.6726129522002398,0.6998633422814771
15,90,2025-03-11,False,0.6722000640687296,0.6998633422814771
15,90,2025-03-14,False,0.6586303229849151,0.6998633422814771
15,90,2025-03-17,False,0.6478800451565088,0.6998633422814771
15,90,2025-03-20,False,0.6480004500906744,0.6998633422814771
15,90,2025-03-23,False,0.6327870995001367,0.6998633422814771
15,90,2025-03-26,False,0.6246479375141607,0.6998633422814771
15,90,2025-03-29,False,0.6017343952740389,0.6998633422814771
15,90,2025-04-01,False,0.5938148826370082,0.6998633422814771
15,90,2025-04-04,False,0.5765884804891033,0.6998633422814771
15,90,2025-04-07,False,0.580316173535217,0.6998633422814771
15,90,2025-04-10,False,0.5730592909832819,0.6998633422814771
15,90,2025-04-13,False,0.5587701640848401,0.6998633422814771
15,90,2025-04-16,False,0.573327374176909,0.6998633422814771
15,90,2025-04-19,True,0.5659551165011409,0.6998633422814771
15,90,2025-04-22,True,0.5693780654334071,0.6998633422814771
15,90,2025-04-25,True,0.5617078502564286,0.6998633422814771
15,90,2025-04-28,True,0.5516226896215128,0.6998633422814771
15,90,2025-05-01,True,0.5811148205015817,0.6998633422814771
15,90,2025-05-04,True,0.5829150771743101,0.6998633422814771
15,90,2025-05-07,True,0.577481297185595,0.6998633422814771
15,90,2025-05-10,True,0.586565477505758,0.6998633422814771
15,90,2025-05-13,True,0.5933320649836326,0.6998633422814771
15,90,2025-05-16,True,0.6236008407909609,0.6998633422814771
15,90,2025-05-19,True,0.695994491274974,0.6998633422814771
15,90,2025-05-22,True,0.6900599610453688,0.6998633422814771
15,90,2025-05-25,True,0.669728605879497,0.6998633422814771
15,90,2025-05-28,True,0.6581073015994181,0.6998633422814771
15,90,2025-05-31,True,0.6650102043240189,0.6998633422814771
15,90,2025-06-03,True,0.6640359139775707,0.6998633422814771
15,90,2025-06-06,True,0.6459285265323174,0.6998633422814771
15,90,2025-06-09,True,0.6552832056404845,0.6998633422814771
15,90,2025-06-12,True,0.6393037286052645,0.6998633422814771
15,90,2025-06-15,True,0.6523767018712632,0.6998633422814771
15,90,2025-06-18,True,0.6562841275666346,0.6998633422814771
15,90,2025-06-21,True,0.6671365932393125,0.6998633422814771
15,90,2025-06-24,True,0.7016143396438366,0.6998633422814771
15,90,2025-06-27,True,0.6828517005592869,0.6998633422814771
15,90,2025-06-30,True,0.6910779232204196,0.6998633422814771
15,90,2025-07-03,True,0.7208263668018645,0.6998633422814771
15,90,2025-07-06,True,0.7075615339533704,0.6998633422814771
15,90,2025-07-09,True,0.7158337724785049,0.6998633422814771
15,90,2025-07-12,True,0.6951712833413384,0.6998633422814771
15,90,2025-07-15,True,0.7075442463305601,0.6998633422814771
15,90,2025-07-18,True,0.7379485067950377,0.6998633422814771
15,90,2025-07-21,True,0.7315212716608159,0.6998633422814771
15,90,2025-07-24,True,0.7222095112328237,0.6998633422814771
15,90,2025-07-27,True,0.672167297864702,0.6998633422814771
15,90,2025-07-30,True,0.6700459273026731,0.6998633422814771
15,90,2025-08-02,True,0.6736021243623542,0.6998633422814771
15,90,2025-08-05,True,0.6828848425438749,0.6998633422814771
15,90,2025-08-08,True,0.6792916921171684,0.6998633422814771
15,90,2025-08-11,True,0.6774345627864375,0.6998633422814771
15,90,2025-08-14,True,0.7251530799901782,0.6998633422814771
15,90,2025-08-17,True,0.7432480771011116,0.6998633422814771
15,90,2025-08-20,True,0.7446362709567769,0.6998633422814771
15,90,2025-08-23,True,0.7485358694790816,0.6998633422814771
15,90,2025-08-26,True,0.7572915872408221,0.6998633422814771
15,90,2025-08-29,True,0.7630111075805066,0.6998633422814771
15,90,2025-09-01,True,0.7649334774963704,0.6998633422814771
15,90,2025-09-04,True,0.7582932959831519,0.6998633422814771
15,90,2025-09-07,True,0.7548568540182763,0.6998633422814771
15,90,2025-09-10,True,0.7636208365906587,0.6998633422814771
15,90,2025-09-13,True,0.7707755195857147,0.6998633422814771
15,90,2025-09-16,True,0.7705040770473651,0.6998633422814771
15,90,2025-09-19,False,0.7697178511386457,0.6998633422814771
15,90,2025-09-22,False,0.7675451073450801,0.6998633422814771
15,90,2025-09-25,False,0.7666604365840106,0.6998633422814771
15,90,2025-09-28,False,0.7669373586750753,0.6998633422814771
15,90,2025-10-01,False,0.7438815012215587,0.6998633422814771
15,180,2023-01-01,False,0.8331121771706754,0.6998633422814771
15,180,2023-01-04,False,0.8280705092535541,0.6998633422814771
15,180,2023-01-07,False,0.8295902023003894,0.6998633422814771
15,180,2023-01-10,False,0.8271362306870562,0.6998633422814771
15,180,2023-01-13,False,0.8267794502702265,0.6998633422814771
15,180,2023-01-16,False,0.8265087461974113,0.6998633422814771
15,180,2023-01-19,False,0.8288161683835924,0.6998633422814771
15,180,2023-01-22,False,0.8262558555011312,0.6998633422814771
15,180,2023-01-25,False,0.8231638827423968,0.6998633422814771
15,180,2023-01-28,False,0.8168204841354133,0.6998633422814771
15,180,2023-01-31,False,0.8149053431206523,0.6998633422814771
15,180,2023-02-03,False,0.8103469687988996,0.6998633422814771
15,180,2023-02-06,False,0.8170579489736907,0.6998633422814771
15,180,2023-02-09,False,0.8140137886133015,0.6998633422814771
15,180,2023-02-12,False,0.8141994644464623,0.6998633422814771
15,180,2023-02-15,False,0.8130363144660386,0.6998633422814771
15,180,2023-02-18,False,0.8143943680242244,0.6998633422814771
15,180,2023-02-21,False,0.8064259823050999,0.6998633422814771
15,180,2023-02-24,False,0.8025306771507299,0.6998633422814771
15,180,2023-02-27,False,0.8011250181611924,0.6998633422814771
15,180,2023-03-02,False,0.7988963810239906,0.6998633422814771
15,180,2023-03-05,True,0.802142818403575,0.6998633422814771
15,180,2023-03-08,True,0.7978826495579878,0.6998633422814771
15,180,2023-03-11,True,0.7937139642851578,0.6998633422814771
15,180,2023-03-14,True,0.7974973870428445,0.6998633422814771
15,180,2023-03-17,True,0.7943909331192343,0.6998633422814771
15,180,2023-03-20,True,0.7963943314379567,0.6998633422814771
15,180,2023-03-23,True,0.7836981084764513,0.6998633422814771
15,180,2023-03-26,True,0.7780398951430961,0.6998633422814771
15,180,2023-03-29,True,0.7771613256308575,0.6998633422814771
15,180,2023-04-01,True,0.7728386720940973,0.6998633422814771
15,180,2023-04-04,True,0.7727073759098412,0.6998633422814771
15,180,2023-04-07,True,0.7528864710171215,0.6998633422814771
15,180,2023-04-10,True,0.753944303575584,0.6998633422814771
15,180,2023-04-13,True,0.7544951413618156,0.6998633422814771
15,180,2023-04-16,True,0.7519467877204102,0.6998633422814771
15,180,2023-04-19,True,0.7395121356761438,0.6998633422814771
15,180,2023-04-22,True,0.7419262216193894,0.6998633422814771
15,180,2023-04-25,True,0.7451405821799988,0.6998633422814771
15,180,2023-04-28,True,0.7380360081680772,0.6998633422814771
15,180,2023-05-01,True,0.7333295465117893,0.6998633422814771
15,180,2023-05-04,True,0.7167663740106657,0.6998633422814771
15,180,2023-05-07,True,0.7093100910083916,0.6998633422814771
15,180,2023-05-10,True,0.7088355357214476,0.6998633422814771
15,180,2023-05-13,True,0.7132474055324429,0.6998633422814771
15,180,2023-05-16,True,0.7118385058397882,0.6998633422814771
15,180,2023-05-19,True,0.6979407729999934,0.6998633422814771
15,180,2023-05-22,True,0.6478189838862466,0.6998633422814771
15,180,2023-05-25,True,0.47952251547921343,0.6998633422814771
15,180,2023-05-28,True,0.4810605767725411,0.6998633422814771
15,180,2023-05-31,True,0.4820643934386094,0.6998633422814771
15,180,2023-06-03,True,0.47055932389694766,0.6998633422814771
15,180,2023-06-06,True,0.475820515168065,0.6998633422814771
15,180,2023-06-09,True,0.47360235457955735,0.6998633422814771
15,180,2023-06-12,True,0.4768114924161212,0.6998633422814771
15,180,2023-06-15,True,0.4726446775475377,0.6998633422814771
15,180,2023-06-18,True,0.46934022805601583,0.6998633422814771
15,180,2023-06-21,True,0.44860572930827847,0.6998633422814771
15,180,2023-06-24,True,0.4463764645502346,0.6998633422814771
15,180,2023-06-27,True,0.44650086636765074,0.6998633422814771
15,180,2023-06-30,True,0.44768926801345565,0.6998633422814771
15,180,2023-07-03,True,0.45160178733148115,0.6998633422814771
15,180,2023-07-06,True,0.45374108641960986,0.6998633422814771
15,180,2023-07-09,True,0.44984979647586854,0.6998633422814771
15,180,2023-07-12,True,0.44911690002020754,0.6998633422814771
15,180,2023-07-15,True,0.4437295491185511,0.6998633422814771
15,180,2023-07-18,True,0.44084403618017454,0.6998633422814771
15,180,2023-07-21,True,0.44185750715917826,0.6998633422814771
15,180,2023-07-24,True,0.4488214418836901,0.6998633422814771
15,180,2023-07-27,True,0.45183415170133445,0.6998633422814771
15,180,2023-07-30,True,0.45372650758889477,0.6998633422814771
15,180,2023-08-02,True,0.456161493172196,0.6998633422814771
15,180,2023-08-05,False,0.43655772207876975,0.6998633422814771
15,180,2023-08-08,False,0.43563231055414475,0.6998633422814771
15,180,2023-08-11,False,0.4341506414900448,0.6998633422814771
15,180,2023-08-14,False,0.43780791516981854,0.6998633422814771
15,180,2023-08-17,False,0.4435441337728703,0.6998633422814771
15,180,2023-08-20,False,0.4406786974375083,0.6998633422814771
15,180,2023-08-23,False,0.44556181574427633,0.6998633422814771
15,180,2023-08-26,False,0.45120387913047966,0.6998633422814771
15,180,2023-08-29,False,0.4552682578582772,0.6998633422814771
15,180,2023-09-01,False,0.4485124767620442,0.6998633422814771
15,180,2023-09-04,False,0.44681259417410535,0.6998633422814771
15,180,2023-09-07,False,0.45376832017749735,0.6998633422814771
15,180,2023-09-10,False,0.43630490702242264,0.6998633422814771
15,180,2023-09-13,False,0.46278556198079934,0.6998633422814771
15,180,2023-09-16,False,0.4618635309942104,0.6998633422814771
15,180,2023-09-19,False,0.4687655803219706,0.6998633422814771
15,180,2023-09-22,False,0.48430120597137793,0.6998633422814771
15,180,2023-09-25,False,0.4897806290631752,0.6998633422814771
15,180,2023-09-28,False,0.49976508833397815,0.6998633422814771
15,180,2023-10-01,False,0.4808651782140382,0.6998633422814771
15,180,2023-10-04,False,0.49316252209700173,0.6998633422814771
15,180,2023-10-07,False,0.4880096628019649,0.6998633422814771
15,180,2023-10-10,False,0.4943968858256995,0.6998633422814771
15,180,2023-10-13,False,0.5024820493762261,0.6998633422814771
15,180,2023-10-16,False,0.5091421264817262,0.6998633422814771
15,180,2023-10-19,False,0.5145777699566173,0.6998633422814771
15,180,2023-10-22,False,0.5055284205591348,0.6998633422814771
15,180,2023-10-25,False,0.516371863049061,0.6998633422814771
15,180,2023-10-28,False,0.5184565180317589,0.6998633422814771
15,180,2023-10-31,False,0.5237728038300318,0.6998633422814771
15,180,2023-11-03,False,0.5309668922911299,0.6998633422814771
15,180,2023-11-06,False,0.5262967463197674,0.6998633422814771
15,180,2023-11-09,False,0.5340754723807986,0.6998633422814771
15,180,2023-11-12,False,0.5267586107705513,0.6998633422814771
15,180,2023-11-15,False,0.5061821196378352,0.6998633422814771
15,180,2023-11-18,False,0.5470709828938289,0.6998633422814771
15,180,2023-11-21,False,0.7658010992185564,0.6998633422814771
15,180,2023-11-24,False,0.7623571213985815,0.6998633422814771
15,180,2023-11-27,False,0.7593184641956772,0.6998633422814771
15,180,2023-11-30,False,0.817394108326901,0.6998633422814771
15,180,2023-12-03,False,0.7795174681925667,0.6998633422814771
15,180,2023-12-06,False,0.7810943887853365,0.6998633422814771
15,180,2023-12-09,False,0.7899307601500458,0.6998633422814771
15,180,2023-12-12,False,0.775098182313562,0.6998633422814771
15,180,2023-12-15,False,0.775488018009059,0.6998633422814771
15,180,2023-12-18,False,0.775840083293321,0.6998633422814771
15,180,2023-12-21,False,0.7743180899097415,0.6998633422814771
15,180,2023-12-24,False,0.779919269506828,0.6998633422814771
15,180,2023-12-27,False,0.7793617707746285,0.6998633422814771
15,180,2023-12-30,False,0.7780663335740866,0.6998633422814771
15,180,2024-01-02,False,0.7749969855589215,0.6998633422814771
15,180,2024-01-05,False,0.7714581458020547,0.6998633422814771
15,180,2024-01-08,False,0.7756966981340199,0.6998633422814771
15,180,2024-01-11,False,0.7788465254118718,0.6998633422814771
15,180,2024-01-14,False,0.7757424662969656,0.6998633422814771
15,180,2024-01-17,False,0.7774663554362937,0.6998633422814771
15,180,2024-01-20,False,0.7750349459218964,0.6998633422814771
15,180,2024-01-23,False,0.7713152291873712,0.6998633422814771
15,180,2024-01-26,False,0.7689121774056984,0.6998633422814771
15,180,2024-01-29,False,0.7689858251155155,0.6998633422814771
15,180,2024-02-01,False,0.7696806020004809,0.6998633422814771
15,180,2024-02-04,False,0.7700425608930263,0.6998633422814771
15,180,2024-02-07,False,0.7702467528292236,0.6998633422814771
15,180,2024-02-10,False,0.7699777355653918,0.6998633422814771
15,180,2024-02-13,False,0.7696284932505412,0.6998633422814771
15,180,2024-02-16,False,0.7711165148660402,0.6998633422814771
15,180,2024-02-19,False,0.7684247367192371,0.6998633422814771
15,180,2024-02-22,False,0.7664261093533004,0.6998633422814771
15,180,2024-02-25,False,0.7657421240679707,0.6998633422814771
15,180,2024-02-28,False,0.7673256511849733,0.6998633422814771
15,180,2024-03-02,False,0.7671775451510876,0.6998633422814771
15,180,2024-03-05,True,0.7660376925819925,0.6998633422814771
15,180,2024-03-08,True,0.766427875205168,0.6998633422814771
15,180,2024-03-11,True,0.7613094665052571,0.6998633422814771
15,180,2024-03-14,True,0.7623903779198582,0.6998633422814771
15,180,2024-03-17,True,0.7522531380550104,0.6998633422814771
15,180,2024-03-20,True,0.7478494137087721,0.6998633422814771
15,180,2024-03-23,True,0.7433933056967132,0.6998633422814771
15,180,2024-03-26,True,0.7394795238169534,0.6998633422814771
15,180,2024-03-29,True,0.7411043873178864,0.6998633422814771
15,180,2024-04-01,True,0.74142362312563,0.6998633422814771
15,180,2024-04-04,True,0.7437869412607503,0.6998633422814771
15,180,2024-04-07,True,0.7425275986621211,0.6998633422814771
15,180,2024-04-10,True,0.740682711899902,0.6998633422814771
15,180,2024-04-13,True,0.741713556467512,0.6998633422814771
15,180,2024-04-16,True,0.7373185821255672,0.6998633422814771
15,180,2024-04-19,True,0.7385271142347329,0.6998633422814771
15,180,2024-04-22,True,0.73573710450929,0.6998633422814771
15,180,2024-04-25,True,0.738483506271485,0.6998633422814771
15,180,2024-04-28,True,0.7349245821008921,0.6998633422814771
15,180,2024-05-01,True,0.7273057794546391,0.6998633422814771
15,180,2024-05-04,True,0.7278373101798186,0.6998633422814771
15,180,2024-05-07,True,0.7244861311708465,0.6998633422814771
15,180,2024-05-10,True,0.7277693663030311,0.6998633422814771
15,180,2024-05-13,True,0.7413552065134772,0.6998633422814771
15,180,2024-05-16,True,0.7385913181089574,0.6998633422814771
15,180,2024-05-19,True,0.739057625171031,0.6998633422814771
15,180,2024-05-22,True,0.7423444020654411,0.6998633422814771
15,180,2024-05-25,True,0.7425429014844133,0.6998633422814771
15,180,2024-05-28,True,0.6777753473075503,0.6998633422814771
15,180,2024-05-31,True,0.6879403898971292,0.6998633422814771
15,180,2024-06-03,True,0.6871242963876133,0.6998633422814771
15,180,2024-06-06,True,0.6586601003833907,0.6998633422814771
15,180,2024-06-09,True,0.6853382219285495,0.6998633422814771
15,180,2024-06-12,True,0.6825434636930461,0.6998633422814771
15,180,2024-06-15,True,0.6804220665932246,0.6998633422814771
15,180,2024-06-18,True,0.6847085728164568,0.6998633422814771
15,180,2024-06-21,True,0.6710215227839433,0.6998633422814771
15,180,2024-06-24,True,0.6703006126555624,0.6998633422814771
15,180,2024-06-27,True,0.667750801987243,0.6998633422814771
15,180,2024-06-30,True,0.672233123409351,0.6998633422814771
15,180,2024-07-03,True,0.6782039231733266,0.6998633422814771
15,180,2024-07-06,True,0.6671214148974538,0.6998633422814771
15,180,2024-07-09,True,0.6668772388182653,0.6998633422814771
15,180,2024-07-12,True,0.6723797045254759,0.6998633422814771
15,180,2024-07-15,True,0.6708099785241948,0.6998633422814771
15,180,2024-07-18,True,0.6767030684194743,0.6998633422814771
15,180,2024-07-21,True,0.687052129811383,0.6998633422814771
15,180,2024-07-24,True,0.6883053872093665,0.6998633422814771
15,180,2024-07-27,False,0.6943714030649366,0.6998633422814771
15,180,2024-07-30,False,0.6975353906812829,0.6998633422814771
15,180,2024-08-10,False,0.7015510938890713,0.6998633422814771
15,180,2024-08-13,False,0.7049616445356202,0.6998633422814771
15,180,2024-08-16,False,0.7074353860596077,0.6998633422814771
15,180,2024-08-19,False,0.7070649698566214,0.6998633422814771
15,180,2024-08-22,False,0.7081932858794555,0.6998633422814771
15,180,2024-08-25,False,0.7130371384514722,0.6998633422814771
15,180,2024-08-28,False,0.716001060776041,0.6998633422814771
15,180,2024-08-31,False,0.715060770119239,0.6998633422814771
15,180,2024-09-03,False,0.7239438439636976,0.6998633422814771
15,180,2024-09-06,False,0.7307997941481619,0.6998633422814771
15,180,2024-09-09,False,0.7404845394802948,0.6998633422814771
15,180,2024-09-12,False,0.736485177789582,0.6998633422814771
15,180,2024-09-15,False,0.7411915043598322,0.6998633422814771
15,180,2024-09-18,False,0.736567645436395,0.6998633422814771
15,180,2024-09-21,False,0.7628087216574744,0.6998633422814771
15,180,2024-09-24,False,0.7702686119327672,0.6998633422814771
15,180,2024-09-27,False,0.7677709543464895,0.6998633422814771
15,180,2024-09-30,False,0.7861206253085886,0.6998633422814771
15,180,2024-10-03,False,0.7859223099025086,0.6998633422814771
15,180,2024-10-06,False,0.7885203679645887,0.6998633422814771
15,180,2024-10-09,False,0.7814722995681518,0.6998633422814771
15,180,2024-10-12,False,0.7802096875887558,0.6998633422814771
15,180,2024-10-15,False,0.7857133417815626,0.6998633422814771
15,180,2024-10-18,False,0.7797208835436046,0.6998633422814771
15,180,2024-10-21,False,0.7869252844740207,0.6998633422814771
15,180,2024-10-24,False,0.7797045613978166,0.6998633422814771
15,180,2024-10-27,False,0.7826267700890772,0.6998633422814771
15,180,2024-10-30,False,0.7885741923347098,0.6998633422814771
15,180,2024-11-02,False,0.7823744486466827,0.6998633422814771
15,180,2024-11-05,False,0.794487773837814,0.6998633422814771
15,180,2024-11-08,False,0.7960903205191308,0.6998633422814771
15,180,2024-11-11,False,0.7935777055075053,0.6998633422814771
15,180,2024-11-14,False,0.7981037843264897,0.6998633422814771
15,180,2024-11-17,False,0.7739713738763705,0.6998633422814771
15,180,2024-11-20,False,0.7190680956693101,0.6998633422814771
15,180,2024-11-23,False,0.7184158960653467,0.6998633422814771
15,180,2024-11-26,False,0.7215891855737313,0.6998633422814771
15,180,2024-11-29,False,0.7226695231008577,0.6998633422814771
15,180,2024-12-02,False,0.7183147828157986,0.6998633422814771
15,180,2024-12-05,False,0.7150244948248798,0.6998633422814771
15,180,2024-12-08,False,0.718980920509793,0.6998633422814771
15,180,2024-12-11,False,0.722337981744859,0.6998633422814771
15,180,2024-12-14,False,0.7219841558517878,0.6998633422814771
15,180,2024-12-17,False,0.7187029710066646,0.6998633422814771
15,180,2024-12-20,False,0.7202575203656001,0.6998633422814771
15,180,2024-12-23,False,0.7142945718873828,0.6998633422814771
15,180,2024-12-26,False,0.7056950023385598,0.6998633422814771
15,180,2024-12-29,False,0.7111694133762312,0.6998633422814771
15,180,2025-01-01,False,0.7132522326911062,0.6998633422814771
15,180,2025-01-04,False,0.7126525024244175,0.6998633422814771
15,180,2025-01-07,False,0.7138947763822563,0.6998633422814771
15,180,2025-01-10,False,0.7101737924365403,0.6998633422814771
15,180,2025-01-13,False,0.7124751635068618,0.6998633422814771
15,180,2025-01-16,False,0.7118377966941588,0.6998633422814771
15,180,2025-01-19,False,0.709914572679401,0.6998633422814771
15,180,2025-01-22,False,0.7076190558681749,0.6998633422814771
15,180,2025-01-25,False,0.7075117287598178,0.6998633422814771
15,180,2025-01-28,False,0.7127163814572121,0.6998633422814771
15,180,2025-01-31,False,0.7088323244762662,0.6998633422814771
15,180,2025-02-03,False,0.706337409537669,0.6998633422814771
15,180,2025-02-06,False,0.7017758030905266,0.6998633422814771
15,180,2025-02-09,False,0.7010775106720297,0.6998633422814771
15,180,2025-02-12,False,0.701962151038998,0.6998633422814771
15,180,2025-02-15,False,0.6984017681797003,0.6998633422814771
15,180,2025-02-18,False,0.6958596544488345,0.6998633422814771
15,180,2025-02-21,False,0.6934673187886301,0.6998633422814771
15,180,2025-02-24,False,0.6905862960926703,0.6998633422814771
15,180,2025-02-27,False,0.6855472519623561,0.6998633422814771
15,180,2025-03-02,False,0.6785828914034727,0.6998633422814771
15,180,2025-03-05,True,0.6734841209632867,0.6998633422814771
15,180,2025-03-08,True,0.6654595021074865,0.6998633422814771
15,180,2025-03-11,True,0.6677818934877818,0.6998633422814771
15,180,2025-03-14,True,0.6534758743377906,0.6998633422814771
15,180,2025-03-17,True,0.6490939824777533,0.6998633422814771
15,180,2025-03-20,True,0.6502173301200012,0.6998633422814771
15,180,2025-03-23,True,0.6421349250203875,0.6998633422814771
15,180,2025-03-26,True,0.6458297360266732,0.6998633422814771
15,180,2025-03-29,True,0.6242703717128176,0.6998633422814771
15,180,2025-04-01,True,0.6214941444065605,0.6998633422814771
15,180,2025-04-04,True,0.6234098325702361,0.6998633422814771
15,180,2025-04-07,True,0.6218457350734434,0.6998633422814771
15,180,2025-04-10,True,0.619780225506726,0.6998633422814771
15,180,2025-04-13,True,0.604835805982562,0.6998633422814771
15,180,2025-04-16,True,0.6186489640593796,0.6998633422814771
15,180,2025-04-19,True,0.626336496658988,0.6998633422814771
15,180,2025-04-22,True,0.6263468076663403,0.6998633422814771
15,180,2025-04-25,True,0.6178459506705906,0.6998633422814771
15,180,2025-04-28,True,0.5879970654527658,0.6998633422814771
15,180,2025-05-01,True,0.6084225849474512,0.6998633422814771
15,180,2025-05-04,True,0.6105706481213873,0.6998633422814771
15,180,2025-05-07,True,0.610660446180884,0.6998633422814771
15,180,2025-05-10,True,0.6153592951533895,0.6998633422814771
15,180,2025-05-13,True,0.6192951675356784,0.6998633422814771
15,180,2025-05-16,True,0.6584361350435028,0.6998633422814771
15,180,2025-05-19,True,0.7140751081050088,0.6998633422814771
15,180,2025-05-22,True,0.7108826354120159,0.6998633422814771
15,180,2025-05-25,True,0.7009022589427527,0.6998633422814771
15,180,2025-05-28,True,0.6988069099295191,0.6998633422814771
15,180,2025-05-31,True,0.708326890688153,0.6998633422814771
15,180,2025-06-03,True,0.7165253295910871,0.6998633422814771
15,180,2025-06-06,True,0.7057618859537291,0.6998633422814771
15,180,2025-06-09,True,0.7091036653941769,0.6998633422814771
15,180,2025-06-12,True,0.7073958324258358,0.6998633422814771
15,180,2025-06-15,True,0.7178621736127069,0.6998633422814771
15,180,2025-06-18,True,0.7197948836125749,0.6998633422814771
15,180,2025-06-21,True,0.7246644732657939,0.6998633422814771
15,180,2025-06-24,True,0.7385053231330878,0.6998633422814771
15,180,2025-06-27,True,0.7301838029495342,0.6998633422814771
15,180,2025-06-30,True,0.734061755955607,0.6998633422814771
15,180,2025-07-03,True,0.7326655945189804,0.6998633422814771
15,365,2023-01-01,True,0.6306203697536901,0.6998633422814771
15,365,2023-01-04,True,0.6308224693710291,0.6998633422814771
15,365,2023-01-07,True,0.6328490191238045,0.6998633422814771
15,365,2023-01-10,True,0.6309056424491677,0.6998633422814771
15,365,2023-01-13,True,0.6303107364308078,0.6998633422814771
15,365,2023-01-16,True,0.6294823596150287,0.6998633422814771
15,365,2023-01-19,True,0.6296907062947361,0.6998633422814771
15,365,2023-01-22,True,0.6302636046277734,0.6998633422814771
15,365,2023-01-25,True,0.6297207484508907,0.6998633422814771
15,365,2023-01-28,True,0.6280338955569944,0.6998633422814771
15,365,2023-01-31,True,0.6246179412490078,0.6998633422814771
15,365,2023-02-03,True,0.6243704481717021,0.6998633422814771
15,365,2023-02-06,True,0.6260078669210236,0.6998633422814771
15,365,2023-02-09,True,0.6250400495056272,0.6998633422814771
15,365,2023-02-12,True,0.6256353603884317,0.6998633422814771
15,365,2023-02-15,True,0.6245606553409042,0.6998633422814771
15,365,2023-02-18,True,0.6272925138756198,0.6998633422814771
15,365,2023-02-21,True,0.6200926263492115,0.6998633422814771
15,365,2023-02-24,True,0.6225134307979514,0.6998633422814771
15,365,2023-02-27,True,0.6173993070419646,0.6998633422814771
15,365,2023-03-02,True,0.6146238115878444,0.6998633422814771
15,365,2023-03-05,True,0.6165396095602316,0.6998633422814771
15,365,2023-03-08,True,0.61705510647037,0.6998633422814771
15,365,2023-03-11,True,0.6221212979934309,0.6998633422814771
15,365,2023-03-14,True,0.6267219694681786,0.6998633422814771
15,365,2023-03-17,True,0.6278021563518921,0.6998633422814771
15,365,2023-03-20,True,0.6325616507074117,0.6998633422814771
15,365,2023-03-23,True,0.6274069171100214,0.6998633422814771
15,365,2023-03-26,True,0.6348501199577055,0.6998633422814771
15,365,2023-03-29,True,0.6295370084549141,0.6998633422814771
15,365,2023-04-01,True,0.6285702869064715,0.6998633422814771
15,365,2023-04-04,True,0.6243888501663035,0.6998633422814771
15,365,2023-04-07,True,0.6228034653257446,0.6998633422814771
15,365,2023-04-10,True,0.6259934931773413,0.6998633422814771
15,365,2023-04-13,True,0.6231579155406186,0.6998633422814771
15,365,2023-04-16,True,0.6257134980641053,0.6998633422814771
15,365,2023-04-19,True,0.6221601755060793,0.6998633422814771
15,365,2023-04-22,True,0.6273530411471796,0.6998633422814771
15,365,2023-04-25,True,0.6219308405517845,0.6998633422814771
15,365,2023-04-28,True,0.6158712281506147,0.6998633422814771
15,365,2023-05-01,True,0.6163938601511757,0.6998633422814771
15,365,2023-05-04,False,0.6121557356735364,0.6998633422814771
15,365,2023-05-07,False,0.6130527717331099,0.6998633422814771
15,365,2023-05-10,False,0.6128082973656831,0.6998633422814771
15,365,2023-05-13,False,0.598324718377454,0.6998633422814771
15,365,2023-05-16,False,0.6000013544002163,0.6998633422814771
15,365,2023-05-19,False,0.5927608810334714,0.6998633422814771
15,365,2023-05-22,False,0.5951817353014981,0.6998633422814771
15,365,2023-05-25,False,0.592210060814141,0.6998633422814771
15,365,2023-05-28,False,0.5985825001909983,0.6998633422814771
15,365,2023-05-31,False,0.653441186881039,0.6998633422814771
15,365,2023-06-03,False,0.6541720244159552,0.6998633422814771
15,365,2023-06-06,False,0.6601634374173887,0.6998633422814771
15,365,2023-06-09,False,0.6595798958321384,0.6998633422814771
15,365,2023-06-12,False,0.6531442461548865,0.6998633422814771
15,365,2023-06-15,False,0.6526634883658331,0.6998633422814771
15,365,2023-06-18,False,0.6517114614546926,0.6998633422814771
15,365,2023-06-21,False,0.6496853998304926,0.6998633422814771
15,365,2023-06-24,False,0.6510963866995887,0.6998633422814771
15,365,2023-06-27,False,0.6492664960323178,0.6998633422814771
15,365,2023-06-30,False,0.6493981421277866,0.6998633422814771
15,365,2023-07-03,False,0.6485310502709645,0.6998633422814771
15,365,2023-07-06,False,0.6522610198206711,0.6998633422814771
15,365,2023-07-09,False,0.6525633160013978,0.6998633422814771
15,365,2023-07-12,False,0.6505350803576049,0.6998633422814771
15,365,2023-07-15,False,0.6509293157168596,0.6998633422814771
15,365,2023-07-18,False,0.6489960058688652,0.6998633422814771
15,365,2023-07-21,False,0.6484670146977044,0.6998633422814771
15,365,2023-07-24,False,0.6481041102202616,0.6998633422814771
15,365,2023-07-27,False,0.6502138334015913,0.6998633422814771
15,365,2023-07-30,False,0.6481406200191835,0.6998633422814771
15,365,2023-08-02,False,0.6513793422535352,0.6998633422814771
15,365,2023-08-05,False,0.6477854407169654,0.6998633422814771
15,365,2023-08-08,False,0.6481073431008217,0.6998633422814771
15,365,2023-08-11,False,0.6474735434211081,0.6998633422814771
15,365,2023-08-14,False,0.6495645167227941,0.6998633422814771
15,365,2023-08-17,False,0.6490255514677579,0.6998633422814771
15,365,2023-08-20,False,0.6463594956979345,0.6998633422814771
15,365,2023-08-23,False,0.6494962380543088,0.6998633422814771
15,365,2023-08-26,False,0.650476010260661,0.6998633422814771
15,365,2023-08-29,False,0.6499191890344067,0.6998633422814771
15,365,2023-09-01,False,0.6491603938195492,0.6998633422814771
15,365,2023-09-04,False,0.649283241782242,0.6998633422814771
15,365,2023-09-07,False,0.6534514153680439,0.6998633422814771
15,365,2023-09-10,False,0.6579829372659235,0.6998633422814771
15,365,2023-09-13,False,0.654844862672405,0.6998633422814771
15,365,2023-09-16,False,0.6526509708418534,0.6998633422814771
15,365,2023-09-19,False,0.6546611972341408,0.6998633422814771
15,365,2023-09-22,False,0.6545173635736079,0.6998633422814771
15,365,2023-09-25,False,0.6517605940781468,0.6998633422814771
15,365,2023-09-28,False,0.6529511832603897,0.6998633422814771
15,365,2023-10-01,False,0.6509693973464313,0.6998633422814771
15,365,2023-10-04,False,0.656420368345341,0.6998633422814771
15,365,2023-10-07,False,0.6558295468222777,0.6998633422814771
15,365,2023-10-10,False,0.6543234680253587,0.6998633422814771
15,365,2023-10-13,False,0.6530795790278237,0.6998633422814771
15,365,2023-10-16,False,0.6596663452851772,0.6998633422814771
15,365,2023-10-19,False,0.6589841868517433,0.6998633422814771
15,365,2023-10-22,False,0.6570674330630268,0.6998633422814771
15,365,2023-10-25,False,0.6544531623381473,0.6998633422814771
15,365,2023-10-28,False,0.6509684848090755,0.6998633422814771
15,365,2023-10-31,False,0.6549998129773866,0.6998633422814771
15,365,2023-11-03,False,0.6572327329799149,0.6998633422814771
15,365,2023-11-06,False,0.6560396305767384,0.6998633422814771
15,365,2023-11-09,False,0.6530175486236165,0.6998633422814771
15,365,2023-11-12,False,0.6529103796928191,0.6998633422814771
15,365,2023-11-15,False,0.6542278581245995,0.6998633422814771
15,365,2023-11-18,False,0.6705090384512371,0.6998633422814771
15,365,2023-11-21,False,0.7478920799243371,0.6998633422814771
15,365,2023-11-24,False,0.747513858089574,0.6998633422814771
15,365,2023-11-27,False,0.7466344725654155,0.6998633422814771
15,365,2023-11-30,False,0.7464015462490813,0.6998633422814771
15,365,2023-12-03,True,0.7458236242014078,0.6998633422814771
15,365,2023-12-06,True,0.7431785037864276,0.6998633422814771
15,365,2023-12-09,True,0.7440405837850272,0.6998633422814771
15,365,2023-12-12,True,0.7440625576560436,0.6998633422814771
15,365,2023-12-15,True,0.7438725360774066,0.6998633422814771
15,365,2023-12-18,True,0.7450822481064805,0.6998633422814771
15,365,2023-12-21,True,0.7436572009890796,0.6998633422814771
15,365,2023-12-24,True,0.7423400616628182,0.6998633422814771
15,365,2023-12-27,True,0.7421174603095244,0.6998633422814771
15,365,2023-12-30,True,0.7420829513246832,0.6998633422814771
15,365,2024-01-02,True,0.74098508188014,0.6998633422814771
15,365,2024-01-05,True,0.7402472033448093,0.6998633422814771
15,365,2024-01-08,True,0.7400380292334129,0.6998633422814771
15,365,2024-01-11,True,0.7429942413058737,0.6998633422814771
15,365,2024-01-14,True,0.7430315175346768,0.6998633422814771
15,365,2024-01-17,True,0.744767827129916,0.6998633422814771
15,365,2024-01-20,True,0.7436685805089358,0.6998633422814771
15,365,2024-01-23,True,0.744388172595091,0.6998633422814771
15,365,2024-01-26,True,0.7448755559460861,0.6998633422814771
15,365,2024-01-29,True,0.7471655575198116,0.6998633422814771
15,365,2024-02-01,True,0.7487408176039378,0.6998633422814771
15,365,2024-02-04,True,0.7489715008304929,0.6998633422814771
15,365,2024-02-07,True,0.7499844596540378,0.6998633422814771
15,365,2024-02-10,True,0.749862895292476,0.6998633422814771
15,365,2024-02-13,True,0.7497790146678165,0.6998633422814771
15,365,2024-02-16,True,0.7510510747962769,0.6998633422814771
15,365,2024-02-19,True,0.7501179595695913,0.6998633422814771
15,365,2024-02-22,True,0.7524960252389863,0.6998633422814771
15,365,2024-02-25,True,0.7521146724153012,0.6998633422814771
15,365,2024-02-28,True,0.7566238295373598,0.6998633422814771
15,365,2024-03-02,True,0.756677857829353,0.6998633422814771
15,365,2024-03-05,True,0.757187485919234,0.6998633422814771
15,365,2024-03-08,True,0.7602420666413036,0.6998633422814771
15,365,2024-03-11,True,0.7550108030135231,0.6998633422814771
15,365,2024-03-14,True,0.7571829544142277,0.6998633422814771
15,365,2024-03-17,True,0.7562631197058931,0.6998633422814771
15,365,2024-03-20,True,0.7566592089979413,0.6998633422814771
15,365,2024-03-23,True,0.7572097244475,0.6998633422814771
15,365,2024-03-26,True,0.7530643500109087,0.6998633422814771
15,365,2024-03-29,True,0.7567132656522043,0.6998633422814771
15,365,2024-04-01,True,0.7549961083941147,0.6998633422814771
15,365,2024-04-04,True,0.756526139088297,0.6998633422814771
15,365,2024-04-07,True,0.7558354560295855,0.6998633422814771
15,365,2024-04-10,True,0.7528774019581576,0.6998633422814771
15,365,2024-04-13,True,0.754306242083274,0.6998633422814771
15,365,2024-04-16,True,0.7530983473568444,0.6998633422814771
15,365,2024-04-19,True,0.7566737868515929,0.6998633422814771
15,365,2024-04-22,True,0.7529199168889533,0.6998633422814771
15,365,2024-04-25,False,0.748978112281063,0.6998633422814771
15,365,2024-04-28,False,0.7503766795321777,0.6998633422814771
15,365,2024-05-01,False,0.7500910166992769,0.6998633422814771
15,365,2024-05-04,False,0.7501605422787333,0.6998633422814771
15,365,2024-05-07,False,0.7431029075693152,0.6998633422814771
15,365,2024-05-10,False,0.7407716058980476,0.6998633422814771
15,365,2024-05-13,False,0.7332201496870865,0.6998633422814771
15,365,2024-05-16,False,0.7341197834453607,0.6998633422814771
15,365,2024-05-19,False,0.7348586821677177,0.6998633422814771
15,365,2024-05-22,False,0.7333676600282178,0.6998633422814771
15,365,2024-05-25,False,0.731891737524069,0.6998633422814771
15,365,2024-05-28,False,0.6967339015832661,0.6998633422814771
15,365,2024-05-31,False,0.7051954054841636,0.6998633422814771
15,365,2024-06-03,False,0.7037410650488296,0.6998633422814771
15,365,2024-06-06,False,0.6945307955973721,0.6998633422814771
15,365,2024-06-09,False,0.7050879142444968,0.6998633422814771
15,365,2024-06-12,False,0.7020672638757545,0.6998633422814771
15,365,2024-06-15,False,0.6987005691433827,0.6998633422814771
15,365,2024-06-18,False,0.6995261106770949,0.6998633422814771
15,365,2024-06-21,False,0.6940425063218888,0.6998633422814771
15,365,2024-06-24,False,0.6939952581909434,0.6998633422814771
15,365,2024-06-27,False,0.69542207423709,0.6998633422814771
15,365,2024-06-30,False,0.696002719922522,0.6998633422814771
15,365,2024-07-03,False,0.6987399258230662,0.6998633422814771
15,365,2024-07-06,False,0.6919870776525504,0.6998633422814771
15,365,2024-07-09,False,0.6925650555142446,0.6998633422814771
15,365,2024-07-12,False,0.6947075273281088,0.6998633422814771
15,365,2024-07-15,False,0.6946925613767272,0.6998633422814771
15,365,2024-07-18,False,0.699720088930224,0.6998633422814771
15,365,2024-07-21,False,0.7020249540884582,0.6998633422814771
15,365,2024-07-24,False,0.7023212950412738,0.6998633422814771
15,365,2024-07-27,False,0.7028328735036383,0.6998633422814771
15,365,2024-07-30,False,0.7025142811188454,0.6998633422814771
15,365,2024-08-10,False,0.7046406477777138,0.6998633422814771
15,365,2024-08-13,False,0.7033875797062679,0.6998633422814771
15,365,2024-08-16,False,0.70224769136566,0.6998633422814771
15,365,2024-08-19,False,0.7006035817956044,0.6998633422814771
15,365,2024-08-22,False,0.6994382443247746,0.6998633422814771
15,365,2024-08-25,False,0.6985563381091823,0.6998633422814771
15,365,2024-08-28,False,0.6995345383897424,0.6998633422814771
15,365,2024-08-31,False,0.6991696745251251,0.6998633422814771
15,365,2024-09-03,False,0.6990684611461818,0.6998633422814771
15,365,2024-09-06,False,0.7000262911633073,0.6998633422814771
15,365,2024-09-09,False,0.6985432152589539,0.6998633422814771
15,365,2024-09-12,False,0.6967561139055749,0.6998633422814771
15,365,2024-09-15,False,0.692746129529872,0.6998633422814771
15,365,2024-09-18,False,0.6855816226793281,0.6998633422814771
15,365,2024-09-21,False,0.697153359118355,0.6998633422814771
15,365,2024-09-24,False,0.6972449742441353,0.6998633422814771
15,365,2024-09-27,False,0.6975131495238782,0.6998633422814771
15,365,2024-09-30,False,0.702009845277952,0.6998633422814771
15,365,2024-10-03,False,0.7022794331294662,0.6998633422814771
15,365,2024-10-06,False,0.7022566004544097,0.6998633422814771
15,365,2024-10-09,False,0.6978803574020565,0.6998633422814771
15,365,2024-10-12,False,0.6969150559100815,0.6998633422814771
15,365,2024-10-15,False,0.7007180761010394,0.6998633422814771
15,365,2024-10-18,False,0.7022124859845005,0.6998633422814771
15,365,2024-10-21,False,0.7041664184629325,0.6998633422814771
15,365,2024-10-24,False,0.6985794979882264,0.6998633422814771
15,365,2024-10-27,False,0.6943662499068279,0.6998633422814771
15,365,2024-10-30,False,0.6904559333197187,0.6998633422814771
15,365,2024-11-02,False,0.6967932918512646,0.6998633422814771
15,365,2024-11-05,False,0.7049534853573097,0.6998633422814771
15,365,2024-11-08,False,0.7046154679369411,0.6998633422814771
15,365,2024-11-11,False,0.7091944222521065,0.6998633422814771
15,365,2024-11-14,False,0.7151472823243917,0.6998633422814771
15,365,2024-11-17,False,0.7164793593197359,0.6998633422814771
15,365,2024-11-20,False,0.7159640514363605,0.6998633422814771
15,365,2024-11-23,False,0.7131608299122534,0.6998633422814771
15,365,2024-11-26,False,0.7133082419980661,0.6998633422814771
15,365,2024-11-29,False,0.7144461125002659,0.6998633422814771
15,365,2024-12-02,True,0.7142942591715609,0.6998633422814771
15,365,2024-12-05,True,0.7149373224640647,0.6998633422814771
15,365,2024-12-08,True,0.7130152173507397,0.6998633422814771
15,365,2024-12-11,True,0.7182090646793005,0.6998633422814771
15,365,2024-12-14,True,0.71852348505403,0.6998633422814771
15,365,2024-12-17,True,0.7191256593408749,0.6998633422814771
15,365,2024-12-20,True,0.7200680683841015,0.6998633422814771
15,365,2024-12-23,True,0.7179750932580194,0.6998633422814771
15,365,2024-12-26,True,0.7171788764531778,0.6998633422814771
15,365,2024-12-29,True,0.7178410899575959,0.6998633422814771
15,365,2025-01-01,True,0.7200727165442669,0.6998633422814771
15,730,2023-01-01,False,0.691797357284508,0.6998633422814771
15,730,2023-01-04,False,0.6915140975258798,0.6998633422814771
15,730,2023-01-07,False,0.6926312848112333,0.6998633422814771
15,730,2023-01-10,False,0.692299955166839,0.6998633422814771
15,730,2023-01-13,False,0.6926541162720377,0.6998633422814771
15,730,2023-01-16,False,0.6928708919537825,0.6998633422814771
15,730,2023-01-19,False,0.6931227692177291,0.6998633422814771
15,730,2023-01-22,False,0.6930399020096032,0.6998633422814771
15,730,2023-01-25,False,0.6937560225270893,0.6998633422814771
15,730,2023-01-28,False,0.6936161176950322,0.6998633422814771
15,730,2023-01-31,False,0.6941084076088089,0.6998633422814771
15,730,2023-02-03,False,0.6942716569610559,0.6998633422814771
15,730,2023-02-06,False,0.6956203756335055,0.6998633422814771
15,730,2023-02-09,False,0.6952983614224716,0.6998633422814771
15,730,2023-02-12,False,0.6956675984087253,0.6998633422814771
15,730,2023-02-15,False,0.6962509616873106,0.6998633422814771
15,730,2023-02-18,False,0.6956620115926229,0.6998633422814771
15,730,2023-02-21,False,0.6947711170051571,0.6998633422814771
15,730,2023-02-24,False,0.6958490538046497,0.6998633422814771
15,730,2023-02-27,False,0.697144152392235,0.6998633422814771
15,730,2023-03-02,False,0.6973329369295119,0.6998633422814771
15,730,2023-03-05,False,0.6982940834316774,0.6998633422814771
15,730,2023-03-08,False,0.7009380584577052,0.6998633422814771
15,730,2023-03-11,False,0.7002837424448264,0.6998633422814771
15,730,2023-03-14,False,0.7010278551576472,0.6998633422814771
15,730,2023-03-17,False,0.701123901631487,0.6998633422814771
15,730,2023-03-20,False,0.7022368799533814,0.6998633422814771
15,730,2023-03-23,False,0.7036941624360871,0.6998633422814771
15,730,2023-03-26,False,0.7012524945617549,0.6998633422814771
15,730,2023-03-29,False,0.7024427365055654,0.6998633422814771
15,730,2023-04-01,False,0.7016494902960138,0.6998633422814771
15,730,2023-04-04,False,0.7010329889771403,0.6998633422814771
15,730,2023-04-07,False,0.701270582984575,0.6998633422814771
15,730,2023-04-10,False,0.699534405433222,0.6998633422814771
15,730,2023-04-13,False,0.7000171988417324,0.6998633422814771
15,730,2023-04-16,False,0.6996038873019274,0.6998633422814771
15,730,2023-04-19,False,0.7002223740298037,0.6998633422814771
15,730,2023-04-22,False,0.701654220613269,0.6998633422814771
15,730,2023-04-25,False,0.6962534258906483,0.6998633422814771
15,730,2023-04-28,False,0.6948165808321596,0.6998633422814771
15,730,2023-05-01,False,0.6950387544445845,0.6998633422814771
15,730,2023-05-04,False,0.6934559281222106,0.6998633422814771
15,730,2023-05-07,False,0.6932892218039262,0.6998633422814771
15,730,2023-05-10,False,0.6869573866720462,0.6998633422814771
15,730,2023-05-13,False,0.6777808744773409,0.6998633422814771
15,730,2023-05-16,False,0.6794790997817506,0.6998633422814771
15,730,2023-05-19,False,0.6776378007541872,0.6998633422814771
15,730,2023-05-22,False,0.6759802611975823,0.6998633422814771
15,730,2023-05-25,False,0.677965547736632,0.6998633422814771
15,730,2023-05-28,False,0.6762671469805637,0.6998633422814771
15,730,2023-05-31,False,0.6772097334675352,0.6998633422814771
15,730,2023-06-03,True,0.6760189257708418,0.6998633422814771
15,730,2023-06-06,True,0.6764646468850888,0.6998633422814771
15,730,2023-06-09,True,0.6750073257382502,0.6998633422814771
15,730,2023-06-12,True,0.6741879397943052,0.6998633422814771
15,730,2023-06-15,True,0.672303148276121,0.6998633422814771
15,730,2023-06-18,True,0.6718980493028902,0.6998633422814771
15,730,2023-06-21,True,0.6702928745409426,0.6998633422814771
15,730,2023-06-24,True,0.6687663651989153,0.6998633422814771
15,730,2023-06-27,True,0.6686602795757035,0.6998633422814771
15,730,2023-06-30,True,0.669007991858436,0.6998633422814771
15,730,2023-07-03,True,0.6698015237619186,0.6998633422814771
15,730,2023-07-06,True,0.6697310391538152,0.6998633422814771
15,730,2023-07-09,True,0.6685670518828882,0.6998633422814771
15,730,2023-07-12,True,0.6692096328901036,0.6998633422814771
15,730,2023-07-15,True,0.6691868736606605,0.6998633422814771
15,730,2023-07-18,True,0.6697536830219107,0.6998633422814771
15,730,2023-07-21,True,0.6709708556644598,0.6998633422814771
15,730,2023-07-24,True,0.6714661888469973,0.6998633422814771
15,730,2023-07-27,True,0.6722854017133837,0.6998633422814771
15,730,2023-07-30,True,0.6715762713028668,0.6998633422814771
15,730,2023-08-02,True,0.6741070136625311,0.6998633422814771
15,730,2023-08-05,True,0.6720106600938406,0.6998633422814771
15,730,2023-08-08,True,0.6718457642170295,0.6998633422814771
15,730,2023-08-11,True,0.6712117155138753,0.6998633422814771
15,730,2023-08-14,True,0.6710798052324567,0.6998633422814771
15,730,2023-08-17,True,0.6701379389111652,0.6998633422814771
15,730,2023-08-20,True,0.6701601380029498,0.6998633422814771
15,730,2023-08-23,True,0.6705563657756685,0.6998633422814771
15,730,2023-08-26,True,0.6710298154366741,0.6998633422814771
15,730,2023-08-29,True,0.6714060071692864,0.6998633422814771
15,730,2023-09-01,True,0.670870336183671,0.6998633422814771
15,730,2023-09-04,True,0.6703583241776419,0.6998633422814771
15,730,2023-09-07,True,0.6711366258162047,0.6998633422814771
15,730,2023-09-10,True,0.6693888169529478,0.6998633422814771
15,730,2023-09-13,True,0.6699361608655369,0.6998633422814771
15,730,2023-09-16,True,0.6698640838783537,0.6998633422814771
15,730,2023-09-19,True,0.6709353304442722,0.6998633422814771
15,730,2023-09-22,True,0.6720061633120993,0.6998633422814771
15,730,2023-09-25,True,0.6718435026838219,0.6998633422814771
15,730,2023-09-28,True,0.6721565175197122,0.6998633422814771
15,730,2023-10-01,True,0.669951141586969,0.6998633422814771
15,730,2023-10-04,True,0.672467798079697,0.6998633422814771
15,730,2023-10-07,True,0.6727840129304623,0.6998633422814771
15,730,2023-10-10,True,0.6740481228744322,0.6998633422814771
15,730,2023-10-13,True,0.6740882537066816,0.6998633422814771
15,730,2023-10-16,True,0.6748873265705024,0.6998633422814771
15,730,2023-10-19,True,0.6731811729115963,0.6998633422814771
15,730,2023-10-22,True,0.6701682010143043,0.6998633422814771
15,730,2023-10-25,False,0.6706419718083577,0.6998633422814771
15,730,2023-10-28,False,0.6715716040016428,0.6998633422814771
15,730,2023-10-31,False,0.6745087103751206,0.6998633422814771
15,730,2023-11-03,False,0.6771224491263718,0.6998633422814771
15,730,2023-11-06,False,0.6785793636412621,0.6998633422814771
15,730,2023-11-09,False,0.6781996668971801,0.6998633422814771
15,730,2023-11-12,False,0.6781821563499368,0.6998633422814771
15,730,2023-11-15,False,0.6775702359222369,0.6998633422814771
15,730,2023-11-18,False,0.6873303298847637,0.6998633422814771
15,730,2023-11-21,False,0.7334854749262438,0.6998633422814771
15,730,2023-11-24,False,0.7334945712640398,0.6998633422814771
15,730,2023-11-27,False,0.7332033285401179,0.6998633422814771
15,730,2023-11-30,False,0.7325326146664408,0.6998633422814771
15,730,2023-12-03,False,0.7323609453311384,0.6998633422814771
15,730,2023-12-06,False,0.7328251407642757,0.6998633422814771
15,730,2023-12-09,False,0.733423248328273,0.6998633422814771
15,730,2023-12-12,False,0.7333057514620116,0.6998633422814771
15,730,2023-12-15,False,0.7329776198683609,0.6998633422814771
15,730,2023-12-18,False,0.7330372677483081,0.6998633422814771
15,730,2023-12-21,False,0.7323562473658398,0.6998633422814771
15,730,2023-12-24,False,0.7323510212131561,0.6998633422814771
