gauge,date,prob,y,dwl_next
4,2022-05-01,6.800162650418821e-05,0.0,0.020000000000000462
4,2022-05-02,0.00010295805266431941,0.0,0.03999999999999915
4,2022-05-03,0.0003054520496118101,0.0,0.11000000000000032
4,2022-05-04,0.007287202212537604,0.0,0.009999999999999787
4,2022-05-05,0.000375957559501981,0.0,-0.0699999999999994
4,2022-05-06,0.00022007281732275985,0.0,-0.1200000000000001
4,2022-05-07,7.782781708596331e-05,0.0,-0.08000000000000007
4,2022-05-08,5.415104424632375e-05,0.0,-0.07000000000000028
4,2022-05-09,5.235412008409546e-05,0.0,-0.03000000000000025
4,2022-05-10,6.50772783484534e-05,0.0,0.020000000000000462
4,2022-05-11,7.996275690931164e-05,0.0,-0.04999999999999982
4,2022-05-12,0.0001493077666024385,0.0,0.009999999999999787
4,2022-05-13,0.0005246415265577531,0.0,0.009999999999999787
4,2022-05-14,0.00025643540940203366,0.0,0.03000000000000025
4,2022-05-15,0.00018573917663175944,0.0,0.04999999999999982
4,2022-05-16,0.0004506696077191306,0.0,0.08999999999999986
4,2022-05-17,0.00033210850675861165,0.0,0.1200000000000001
4,2022-05-18,0.0041067875626861275,1.0,0.2999999999999998
4,2022-05-19,0.02322336799882298,1.0,0.6200000000000001
4,2022-05-20,0.01747119775348168,1.0,0.4400000000000004
4,2022-05-21,0.011434565625007297,0.0,0.16999999999999993
4,2022-05-22,0.0042109198204624285,0.0,0.16999999999999993
4,2022-05-23,0.0014744726990547823,0.0,0.08000000000000007
4,2022-05-24,0.0003043032660368372,0.0,-0.009999999999999787
4,2022-05-25,0.0004698666706418658,0.0,-0.07000000000000028
4,2022-05-26,0.00040303388767810736,0.0,-0.16999999999999993
4,2022-05-27,0.00013858481709032146,0.0,-0.1299999999999999
4,2022-05-28,0.00011842880948224423,0.0,-0.10000000000000053
4,2022-05-29,0.0003047790853251579,0.0,-0.0699999999999994
4,2022-05-30,0.00019302445132993659,0.0,-0.020000000000000462
4,2022-05-31,0.00023356649087578595,0.0,-0.019999999999999574
4,2022-06-01,0.0002196049998856811,0.0,-0.03000000000000025
4,2022-06-02,0.00015265374772639755,0.0,-0.03000000000000025
4,2022-06-03,0.0002884534878305199,0.0,-0.009999999999999787
4,2022-06-04,0.00012850155644331934,0.0,-0.040000000000000036
4,2022-06-05,0.00012252661910117592,0.0,-0.009999999999999787
4,2022-06-06,0.0004410924627664174,0.0,0.07000000000000028
4,2022-06-07,0.00011426153400986336,0.0,0.10999999999999943
4,2022-06-08,0.015503759318696545,0.0,0.11000000000000032
4,2022-06-09,0.04647427203891103,0.0,0.17999999999999972
4,2022-06-10,0.00161908838260825,0.0,0.1200000000000001
4,2022-06-11,0.0002809770388681154,0.0,0.1200000000000001
4,2022-06-12,0.10506474234532452,0.0,0.29000000000000004
4,2022-06-13,0.13821231800025566,1.0,0.2999999999999998
4,2022-06-14,0.004526003898405286,0.0,0.1900000000000004
4,2022-06-15,0.004452470766608785,0.0,0.1299999999999999
4,2022-06-16,0.041780497184289195,0.0,0.20000000000000018
4,2022-06-17,0.026845918503592314,0.0,0.27999999999999936
4,2022-06-18,0.011280971597684855,0.0,0.1900000000000004
4,2022-06-19,0.985195019790705,1.0,0.3000000000000007
4,2022-06-20,0.9545573189774088,1.0,0.33999999999999986
4,2022-06-21,0.3515537383305728,0.0,0.1899999999999995
4,2022-06-22,0.005143457197200147,0.0,0.15000000000000036
4,2022-06-23,0.8654327655732315,0.0,0.1899999999999995
4,2022-06-24,0.002381115877174336,0.0,-0.0600000000000005
4,2022-06-25,9.56750362271407e-05,0.0,-0.25
4,2022-06-26,0.0001992566073542431,0.0,-0.33000000000000007
4,2022-06-27,7.587224546603023e-05,0.0,-0.11999999999999922
4,2022-06-28,8.557142659128512e-05,0.0,-0.040000000000000924
4,2022-06-29,7.819651691343017e-05,0.0,0.0600000000000005
4,2022-06-30,0.004328319874515096,1.0,0.3100000000000005
4,2022-07-01,0.9976573728530941,1.0,0.379999999999999
4,2022-07-02,0.1279385668084669,0.0,0.28000000000000114
4,2022-07-03,0.022270749664682694,0.0,0.22999999999999865
4,2022-07-04,0.0017286361036803085,0.0,0.0600000000000005
4,2022-07-05,0.007572266608810382,0.0,0.07000000000000028
4,2022-07-06,0.001195814184884182,0.0,-0.14000000000000057
4,2022-07-07,0.00013597774837946126,0.0,-0.2699999999999996
4,2022-07-08,0.00017525688730150567,0.0,-0.16999999999999993
4,2022-07-09,7.39087078294491e-05,0.0,-0.20999999999999908
4,2022-07-10,5.954282359786502e-05,0.0,-0.1800000000000015
4,2022-07-11,6.264717905419536e-05,0.0,-0.1399999999999988
4,2022-07-12,7.089793494322684e-05,0.0,-0.08999999999999986
4,2022-07-13,8.318374127126706e-05,0.0,-0.030000000000001137
4,2022-07-14,7.948005234872451e-05,0.0,-0.05999999999999872
4,2022-07-15,0.00014196721559696124,0.0,-0.02000000000000135
4,2022-07-16,0.0001483572960129483,0.0,-0.019999999999999574
4,2022-07-17,9.54524406920178e-05,0.0,-0.02999999999999936
4,2022-07-18,7.85883871010288e-05,0.0,-0.030000000000001137
4,2022-07-19,0.00013895446490592438,0.0,-0.049999999999998934
4,2022-07-20,9.304775284333716e-05,0.0,-0.05000000000000071
4,2022-07-21,9.113418292685033e-05,0.0,-0.03999999999999915
4,2022-07-22,0.0002516510295998649,0.0,0.05999999999999872
4,2022-07-23,0.00013344157265407364,0.0,0.05000000000000071
4,2022-07-24,0.00040487235523326915,0.0,0.16999999999999993
4,2022-07-25,0.21832482896287783,1.0,0.41000000000000014
4,2022-07-26,0.6166604036304253,1.0,0.33999999999999986
4,2022-07-27,0.07586817854765811,1.0,0.3000000000000007
4,2022-07-28,0.3124731917274034,0.0,0.28999999999999915
4,2022-07-29,0.023192705773366136,0.0,0.20000000000000107
4,2022-07-30,0.026641645818905886,0.0,0.14999999999999858
4,2022-07-31,0.10501344114201092,0.0,0.19000000000000128
4,2022-08-01,0.011029941058549896,0.0,0.21999999999999886
4,2022-08-02,0.004505255151939286,0.0,0.15000000000000036
4,2022-08-03,0.9234968636677386,1.0,0.33999999999999986
4,2022-08-04,0.0018319781659788337,0.0,0.09999999999999964
4,2022-08-05,0.0004779882518953104,0.0,0.11000000000000121
4,2022-08-06,0.0001028014238358664,0.0,0.049999999999998934
4,2022-08-07,6.834543148543635e-05,0.0,0.019999999999999574
4,2022-08-08,4.0996354108844276e-05,0.0,-0.009999999999999787
4,2022-08-09,0.00014744740871110162,0.0,-0.02999999999999936
4,2022-08-10,9.382917868456981e-05,0.0,-0.08999999999999986
4,2022-08-11,0.00015433317070185113,0.0,-0.22000000000000064
4,2022-08-12,8.273698966181401e-05,0.0,-0.049999999999998934
4,2022-08-13,5.7756544455906914e-05,0.0,-0.0600000000000005
4,2022-08-14,8.990247045846692e-05,0.0,-0.17999999999999972
4,2022-08-15,7.714907967302938e-05,0.0,-0.23000000000000043
4,2022-08-16,8.208958545999986e-05,0.0,-0.17999999999999972
4,2022-08-17,8.208958545999986e-05,0.0,-0.09999999999999964
4,2022-08-18,9.57624147084183e-05,0.0,-0.10000000000000142
4,2022-08-19,9.456057902797149e-05,0.0,-0.009999999999999787
4,2022-08-20,7.804731117043697e-05,0.0,0.05000000000000071
4,2022-08-21,0.0032702194544064686,0.0,0.2599999999999998
4,2022-08-22,0.9990449533905599,1.0,0.46000000000000085
4,2022-08-23,0.9766287597709478,1.0,0.35999999999999943
4,2022-08-24,0.18584682151384568,0.0,0.10999999999999943
4,2022-08-25,9.049723191002627e-05,0.0,0.030000000000001137
4,2022-08-26,0.000304314358277006,0.0,0.02999999999999936
4,2022-08-27,0.0002120671052626042,0.0,0.08999999999999986
4,2022-08-28,0.0022640308670403703,0.0,0.0600000000000005
4,2022-08-29,0.00013876054609014276,0.0,0.08000000000000007
4,2022-08-30,5.461890434211909e-05,0.0,0.11999999999999922
4,2022-08-31,0.0001349100252820734,0.0,0.17999999999999972
4,2022-09-01,0.00016521633265709245,0.0,0.15000000000000036
4,2022-09-02,1.2331273524492834e-05,0.0,0.08999999999999986
4,2022-09-03,1.9326095821932428e-05,0.0,0.16000000000000014
4,2022-09-04,6.840844903995462e-05,0.0,0.08999999999999986
4,2022-09-05,1.0087936337630515e-05,0.0,0.120000000000001
4,2022-09-06,0.0001275031708525382,0.0,0.009999999999999787
4,2022-09-07,6.751151224148444e-05,0.0,-0.08000000000000007
4,2022-09-08,8.087419901250515e-05,0.0,-0.1899999999999995
4,2022-09-09,4.5982298063742316e-05,0.0,-0.33000000000000007
4,2022-09-10,5.22657859875195e-05,0.0,-0.23000000000000043
4,2022-09-11,3.4928591512832606e-05,0.0,-0.1899999999999995
4,2022-09-12,0.0003408206238930521,0.0,-0.030000000000001137
4,2022-09-13,0.0005508472553099393,0.0,-0.16000000000000014
4,2022-09-14,0.0004303752946002626,0.0,-0.17999999999999972
4,2022-09-15,0.00036591120059766864,0.0,-0.10999999999999943
4,2022-09-16,0.00015068520603072114,0.0,-0.09999999999999964
4,2022-09-17,0.000128517101824198,0.0,-0.15000000000000036
4,2022-09-18,9.993360238505572e-05,0.0,-0.07000000000000028
4,2022-09-19,0.0009567480719392869,0.0,0.16999999999999993
4,2022-09-20,0.0002344291765516793,0.0,0.14000000000000057
4,2022-09-21,6.336136126344612e-05,0.0,0.03999999999999915
4,2022-09-22,0.0007812472649931288,0.0,0.08000000000000007
4,2022-09-23,0.00037664690112127196,0.0,0.16000000000000014
4,2022-09-24,0.0063418090484684796,0.0,0.16000000000000014
4,2022-09-25,0.00019283810192012222,0.0,0.14000000000000057
4,2022-09-26,0.00011552798556449473,0.0,0.08000000000000007
4,2022-09-27,7.956008114601557e-05,0.0,0.02999999999999936
4,2022-09-28,6.786294136421266e-05,0.0,0.0
4,2022-09-29,5.342064955951218e-05,0.0,-0.09999999999999964
4,2022-09-30,4.9648306283897824e-05,0.0,-0.13000000000000078
4,2022-10-01,0.0005122117674763667,0.0,-0.0600000000000005
4,2022-10-02,0.00024489977386671157,0.0,-0.05999999999999872
4,2022-10-03,0.00022301064993896392,0.0,-0.05000000000000071
4,2022-10-04,0.000716889018002868,0.0,-0.14000000000000057
4,2022-10-05,0.0007069365030325965,0.0,-0.15999999999999837
4,2022-10-06,0.00012635424594986179,0.0,-0.030000000000001137
4,2022-10-07,8.152097540914341e-05,0.0,-0.08999999999999986
4,2022-10-08,0.00013906702773800567,0.0,-0.009999999999999787
4,2022-10-09,0.0001788943143099236,0.0,0.0600000000000005
4,2022-10-10,0.000607385866042979,0.0,0.07000000000000028
4,2022-10-11,0.00263361450240763,0.0,0.16999999999999993
4,2022-10-12,0.017773605468020526,1.0,0.33999999999999986
4,2022-10-13,0.0001987756218406135,0.0,0.20999999999999908
4,2022-10-14,0.0001630063140648471,0.0,0.15000000000000036
4,2022-10-15,0.00030190981387984855,0.0,0.10999999999999943
4,2022-10-16,2.0941515597131167e-05,0.0,0.030000000000001137
4,2022-10-17,6.850607230270477e-05,0.0,0.02999999999999936
4,2022-10-18,5.276736502899716e-05,0.0,0.03999999999999915
4,2022-10-19,6.121058037110747e-05,0.0,0.030000000000001137
4,2022-10-20,0.00010809756547078358,0.0,-0.040000000000000924
4,2022-10-21,4.3155129753376184e-05,0.0,-0.10999999999999943
4,2022-10-22,4.087471659633166e-05,0.0,-0.2400000000000002
4,2022-10-23,3.4928591512832606e-05,0.0,-0.2699999999999996
4,2022-10-24,0.00023936592179473417,0.0,-0.3200000000000003
4,2022-10-25,0.0001103930500795247,0.0,-0.25
4,2022-10-26,0.00012075139945915451,0.0,-0.22000000000000064
4,2022-10-27,8.208958545999986e-05,0.0,-0.1899999999999995
4,2022-10-28,6.741499037748222e-05,0.0,-0.1899999999999995
4,2022-10-29,6.741499037748222e-05,0.0,-0.15000000000000036
4,2022-10-30,6.741499037748222e-05,0.0,-0.09999999999999964
4,2022-10-31,6.741499037748222e-05,0.0,-0.08000000000000007
4,2023-05-01,0.00012331508863517806,0.0,0.040000000000000036
4,2023-05-02,0.001615245464218734,0.0,0.010000000000000231
4,2023-05-03,0.00036058734966198106,0.0,0.0
4,2023-05-04,8.689718916785756e-05,0.0,0.0
4,2023-05-05,0.00011817671498685821,0.0,0.020000000000000018
4,2023-05-06,9.218059055321924e-05,0.0,-0.010000000000000231
4,2023-05-07,8.719822438580757e-05,0.0,-0.029999999999999805
4,2023-05-08,9.670640468909566e-05,0.0,-0.03000000000000025
4,2023-05-09,7.884800911691995e-05,0.0,-0.020000000000000018
4,2023-05-10,9.28758622631788e-05,0.0,0.020000000000000018
4,2023-05-11,7.741329670207832e-05,0.0,0.010000000000000231
4,2023-05-12,9.047964207716724e-05,0.0,0.1200000000000001
4,2023-05-13,0.00048317600781065667,0.0,0.06999999999999984
4,2023-05-14,0.0009011118834434854,0.0,0.06000000000000005
4,2023-05-15,0.001226847503733277,0.0,0.0
4,2023-05-16,0.00022456129764177111,0.0,0.040000000000000036
4,2023-05-17,8.886273734453973e-05,0.0,0.03000000000000025
4,2023-05-18,0.0001138474014897462,0.0,-0.040000000000000036
4,2023-05-19,0.00011222136361500708,0.0,-0.040000000000000036
4,2023-05-20,9.799741570212773e-05,0.0,-0.020000000000000462
4,2023-05-21,6.839767519296922e-05,0.0,-0.009999999999999787
4,2023-05-22,7.770289033223138e-05,0.0,-0.029999999999999805
4,2023-05-23,0.0001568574177851542,0.0,0.0
4,2023-05-24,0.006689233089782166,0.0,0.0
4,2023-05-25,0.0013388825237418238,0.0,0.020000000000000018
4,2023-05-26,0.0017230995358895234,0.0,0.019999999999999574
4,2023-05-27,0.0010481119474233156,0.0,0.020000000000000462
4,2023-05-28,0.0007818533802720114,0.0,-0.010000000000000675
4,2023-05-29,0.00034969444258759765,0.0,0.020000000000000462
4,2023-05-30,0.000465554123665959,0.0,0.03000000000000025
4,2023-05-31,0.0002568802117226815,0.0,0.040000000000000036
4,2023-06-01,0.0006821137831160679,0.0,0.02999999999999936
4,2023-06-02,0.0019344452093840317,0.0,0.07000000000000028
4,2023-06-03,0.014302360543187665,0.0,0.09999999999999964
4,2023-06-04,0.010692107845926254,0.0,0.03000000000000025
4,2023-06-05,0.0012553257070909778,0.0,-0.019999999999999574
4,2023-06-06,0.0005924116986097312,0.0,-0.03000000000000025
4,2023-06-07,0.00042960098994090055,0.0,-0.13999999999999968
4,2023-06-08,0.00033165382054187967,0.0,-0.03000000000000025
4,2023-06-09,0.00014482525364549625,0.0,0.03000000000000025
4,2023-06-10,0.0001552717769384013,0.0,-0.010000000000000675
4,2023-06-11,0.00020326804197091087,0.0,-0.04999999999999982
4,2023-06-12,0.00042259225244310115,0.0,0.009999999999999787
4,2023-06-13,0.00019178885751110566,0.0,0.0
4,2023-06-14,0.0001137282279755491,0.0,0.040000000000000036
4,2023-06-15,0.0014598094108650998,0.0,0.0600000000000005
4,2023-06-16,0.028141855395914003,0.0,0.14999999999999947
4,2023-06-17,0.3385943936051516,1.0,0.40000000000000036
4,2023-06-18,0.6311161068771192,1.0,0.7000000000000002
4,2023-06-19,0.9883623385027019,1.0,0.6299999999999999
4,2023-06-20,0.10550945443957169,1.0,0.4299999999999997
4,2023-06-21,0.9986258687831452,1.0,0.39000000000000057
4,2023-06-22,0.5771083859500727,0.0,0.17999999999999972
4,2023-06-23,0.0014908164099443101,0.0,0.09999999999999964
4,2023-06-24,0.021862107964085647,0.0,0.020000000000000462
4,2023-06-25,0.00015929174044427267,0.0,-0.11000000000000032
4,2023-06-26,0.00016724631155444895,0.0,-0.08999999999999986
4,2023-06-27,0.00010686619646141764,0.0,0.0
4,2023-06-28,0.0004874697321998162,0.0,-0.009999999999999787
4,2023-06-29,0.00046354625867810775,0.0,-0.0600000000000005
4,2023-06-30,0.0022519460840748863,0.0,-0.0699999999999994
4,2023-07-01,0.00031748486303877525,0.0,-0.020000000000000462
4,2023-07-02,0.05168436182040484,1.0,0.33000000000000007
4,2023-07-03,0.9988857706515736,1.0,0.3799999999999999
4,2023-07-04,0.019230820908758068,0.0,0.1900000000000004
4,2023-07-05,0.00541775375111422,0.0,0.2599999999999998
4,2023-07-06,0.996017602635155,1.0,0.34999999999999964
4,2023-07-07,0.9930472825299983,1.0,0.34999999999999964
4,2023-07-08,0.9993091542106033,1.0,0.3000000000000007
4,2023-07-09,0.015839233863265714,0.0,0.16000000000000014
4,2023-07-10,0.007425654844045348,0.0,0.10999999999999943
4,2023-07-11,0.0028116873180491077,0.0,0.030000000000001137
4,2023-07-12,0.0002446663845820951,0.0,0.02999999999999936
4,2023-07-13,0.0003244731438663913,0.0,0.0600000000000005
4,2023-07-14,0.028744531069646997,0.0,0.14999999999999858
4,2023-07-15,0.5807784007730326,0.0,0.26000000000000156
4,2023-07-16,0.2682994796285415,0.0,0.25
4,2023-07-17,0.012720881998788515,0.0,0.08999999999999986
4,2023-07-18,8.116559570222928e-05,0.0,-0.009999999999999787
4,2023-07-19,0.00028352739735183313,0.0,-0.040000000000000924
4,2023-07-20,0.00016686838959168845,0.0,-0.009999999999999787
4,2023-07-21,0.00018334096306494164,0.0,0.0600000000000005
4,2023-07-22,0.00021493382209924743,0.0,-0.009999999999999787
4,2023-07-23,0.0004265403305332849,0.0,-0.0600000000000005
4,2023-07-24,0.0001460473074512557,0.0,-0.08000000000000007
4,2023-07-25,0.00011584651366948424,0.0,-0.02999999999999936
4,2023-07-26,0.000396626772319906,0.0,0.1399999999999988
4,2023-07-27,0.027140577465258116,0.0,0.16999999999999993
4,2023-07-28,0.0010695940704815322,0.0,0.13000000000000078
4,2023-07-29,0.001002183962681868,0.0,0.049999999999998934
4,2023-07-30,0.002967236937432713,0.0,0.05000000000000071
4,2023-07-31,0.0018921626224822625,0.0,0.05000000000000071
4,2023-08-01,0.0015075011308545837,0.0,0.129999999999999
4,2023-08-02,0.0008352877958748762,0.0,0.05000000000000071
4,2023-08-03,0.009041462791395267,0.0,0.049999999999998934
4,2023-08-04,0.007640267447613362,0.0,0.02000000000000135
4,2023-08-05,0.0001721220859799787,0.0,-0.0600000000000005
4,2023-08-06,0.00011521399956883926,0.0,-0.05000000000000071
4,2023-08-07,0.00012825455976911524,0.0,0.0
4,2023-08-08,0.0006119877645422209,0.0,0.08999999999999986
4,2023-08-09,0.006022917765332585,1.0,0.3100000000000005
4,2023-08-10,0.9388203221916368,1.0,0.33000000000000007
4,2023-08-11,0.7573823046769107,0.0,0.16000000000000014
4,2023-08-12,0.0005182180791404449,0.0,0.17999999999999972
4,2023-08-13,0.000116700924650175,0.0,0.09999999999999964
4,2023-08-14,2.3910424273393405e-05,0.0,0.030000000000001137
4,2023-08-15,0.00022905939410653039,0.0,0.05999999999999872
4,2023-08-16,6.177605375851851e-05,0.0,0.010000000000001563
4,2023-08-17,6.48864101067611e-05,0.0,-0.02000000000000135
4,2023-08-18,8.273570892149968e-05,0.0,-0.009999999999999787
4,2023-08-19,5.7635056814239084e-05,0.0,-0.0600000000000005
4,2023-08-20,6.0681923936464836e-05,0.0,-0.08999999999999986
4,2023-08-21,5.170745003511436e-05,0.0,-0.1999999999999993
4,2023-08-22,3.2414342654016074e-05,0.0,-0.0600000000000005
4,2023-08-23,3.7044114172102944e-05,0.0,-0.15000000000000036
4,2023-08-24,0.0002417840846508145,0.0,-0.129999999999999
4,2023-08-25,0.0006670628308121113,0.0,-0.02999999999999936
4,2023-08-26,0.00011049656505312908,0.0,0.009999999999999787
4,2023-08-27,0.0003364909618310957,0.0,0.1399999999999988
4,2023-08-28,0.001328977529475997,0.0,0.16000000000000014
4,2023-08-29,0.00034512329522817776,0.0,0.13000000000000078
4,2023-08-30,5.09118028414853e-05,0.0,0.1399999999999988
4,2023-08-31,0.0003426748692447438,0.0,0.10000000000000142
4,2023-09-01,6.957867609040113e-05,0.0,0.049999999999998934
4,2023-09-02,5.800142723506768e-05,0.0,-0.009999999999999787
4,2023-09-03,4.0154423922558693e-05,0.0,-0.07000000000000028
4,2023-09-04,3.776775940132862e-05,0.0,-0.1399999999999988
4,2023-09-05,4.528396878537655e-05,0.0,-0.1800000000000015
4,2023-09-06,3.99174612612919e-05,0.0,-0.14999999999999858
4,2023-09-07,0.0002417840846508145,0.0,-0.21000000000000085
4,2023-09-08,0.00012308096297876294,0.0,-0.1899999999999995
4,2023-09-09,0.0001159391272125841,0.0,-0.20000000000000107
4,2023-09-10,0.00011851277759950224,0.0,-0.1999999999999993
4,2023-09-11,7.15959102850633e-05,0.0,-0.16999999999999993
4,2023-09-12,6.741499037748222e-05,0.0,-0.11999999999999922
4,2023-09-13,7.714907967302938e-05,0.0,-0.07000000000000028
4,2023-09-14,9.57624147084183e-05,0.0,-0.09999999999999964
4,2023-09-15,0.00010530885803949207,0.0,-0.10000000000000142
4,2023-09-16,9.664532893575513e-05,0.0,-0.08999999999999986
4,2023-09-17,9.664532893575513e-05,0.0,-0.02999999999999936
4,2023-09-18,7.609397121363659e-05,0.0,0.08000000000000007
4,2023-09-19,0.00043082921339478766,0.0,0.049999999999998934
4,2023-09-20,0.00032539189574589165,0.0,0.030000000000001137
4,2023-09-21,0.00022943756751643853,0.0,0.009999999999999787
4,2023-09-22,0.0053025969338745356,0.0,0.08999999999999986
4,2023-09-23,0.014034670287039475,0.0,0.21000000000000085
4,2023-09-24,0.9951405743464375,1.0,0.4499999999999993
4,2023-09-25,0.10998955601446705,0.0,0.2400000000000002
4,2023-09-26,0.0002735356407856581,0.0,0.15000000000000036
4,2023-09-27,4.848753239296339e-05,0.0,0.03999999999999915
4,2023-09-28,3.9711647077729005e-05,0.0,-0.02999999999999936
4,2023-09-29,2.5640421879727298e-05,0.0,0.019999999999999574
4,2023-09-30,0.00018750145408911976,0.0,-0.019999999999999574
4,2023-10-01,0.00019669228537369388,0.0,-0.08999999999999986
4,2023-10-02,0.00024191194770348755,0.0,-0.15000000000000036
4,2023-10-03,0.0002248016388366652,0.0,-0.08000000000000007
4,2023-10-04,0.00011466610324938734,0.0,0.019999999999999574
4,2023-10-05,0.00015414365663039584,0.0,-0.009999999999999787
4,2023-10-06,0.00027188680915789064,0.0,-0.02999999999999936
4,2023-10-07,0.000404876625787743,0.0,0.05999999999999872
4,2023-10-08,0.008302292902284906,0.0,0.13000000000000078
4,2023-10-09,0.0006274072707925886,0.0,0.03999999999999915
4,2023-10-10,0.0005208815618908687,0.0,-0.05999999999999872
4,2023-10-11,5.1380348087832144e-05,0.0,-0.13000000000000078
4,2023-10-12,0.0001063695305818101,0.0,-0.17999999999999972
4,2023-10-13,8.314758320749722e-05,0.0,-0.1899999999999995
4,2023-10-14,8.314758320749722e-05,0.0,-0.15000000000000036
4,2023-10-15,8.314758320749722e-05,0.0,-0.15000000000000036
4,2023-10-16,8.314758320749722e-05,0.0,-0.20999999999999908
4,2023-10-17,6.741499037748222e-05,0.0,-0.21000000000000085
4,2023-10-18,6.741499037748222e-05,0.0,-0.22000000000000064
4,2023-10-19,6.741499037748222e-05,0.0,-0.1999999999999993
4,2023-10-20,6.741499037748222e-05,0.0,-0.16000000000000014
4,2023-10-21,6.741499037748222e-05,0.0,-0.22000000000000064
4,2023-10-22,6.741499037748222e-05,0.0,-0.1899999999999995
4,2023-10-23,6.741499037748222e-05,0.0,-0.15000000000000036
4,2023-10-24,6.741499037748222e-05,0.0,-0.16999999999999993
4,2023-10-25,6.741499037748222e-05,0.0,-0.1399999999999988
4,2023-10-26,6.566338256494134e-05,0.0,-0.13000000000000078
4,2023-10-27,6.566338256494134e-05,0.0,-0.14000000000000057
4,2023-10-28,8.150585237358633e-05,0.0,-0.11999999999999922
4,2023-10-29,6.896242443348746e-05,0.0,-0.05999999999999961
4,2023-10-30,6.242992064332492e-05,0.0,-0.05000000000000071
4,2023-10-31,6.591093513780181e-05,0.0,-0.1299999999999999
4,2024-05-01,9.072456391528817e-05,0.0,0.040000000000000036
4,2024-05-02,7.08850383609494e-05,0.0,0.020000000000000018
4,2024-05-03,0.00010136263480710068,0.0,-0.08000000000000007
4,2024-05-04,8.588602597842301e-05,0.0,-0.08999999999999986
4,2024-05-05,7.76995366308552e-05,0.0,0.0
4,2024-05-06,6.959397877036045e-05,0.0,0.040000000000000036
4,2024-05-07,6.331729626203849e-05,0.0,-0.040000000000000036
4,2024-05-08,8.843026466555475e-05,0.0,0.029999999999999805
4,2024-05-09,9.153844372952077e-05,0.0,0.029999999999999805
4,2024-05-10,6.1002278523067284e-05,0.0,0.08000000000000007
4,2024-05-11,0.00021404792828447843,0.0,0.0
4,2024-05-12,4.905390565301795e-05,0.0,-0.06999999999999984
4,2024-05-13,0.0005673738369904861,0.0,-0.040000000000000036
4,2024-05-14,0.0002891505096542104,0.0,-0.040000000000000036
4,2024-05-15,5.7978764379857356e-05,0.0,-0.06999999999999984
4,2024-05-16,7.514204956356227e-05,0.0,-0.050000000000000266
4,2024-05-17,0.00012411451985487785,0.0,0.0
4,2024-05-18,0.00010905302429900502,0.0,0.010000000000000231
4,2024-05-19,7.356417304498699e-05,0.0,0.0
4,2024-05-20,9.387380995837271e-05,0.0,0.009999999999999787
4,2024-05-21,0.00011180437790366985,0.0,0.020000000000000018
4,2024-05-22,0.00021954803917772762,0.0,0.040000000000000036
4,2024-05-23,0.0003439103744639603,0.0,0.03000000000000025
4,2024-05-24,0.000254302558131361,0.0,0.040000000000000036
4,2024-05-25,0.0003962145008003197,0.0,0.13999999999999968
4,2024-05-26,0.03005137181172841,1.0,0.4700000000000002
4,2024-05-27,0.45910391764771125,0.0,0.09999999999999964
4,2024-05-28,0.33782697749672547,0.0,-0.10999999999999943
4,2024-05-29,0.0065077420710117,0.0,-0.10000000000000009
4,2024-05-30,0.005995466317160704,0.0,-0.11000000000000032
4,2024-05-31,8.406863873135701e-05,0.0,-0.020000000000000018
4,2024-06-01,8.8870482172346e-05,0.0,0.0900000000000003
4,2024-06-02,0.0002817873798524528,0.0,0.16999999999999948
4,2024-06-03,0.0036056221900703186,0.0,0.22000000000000064
4,2024-06-04,0.04418027556246892,1.0,0.33000000000000007
4,2024-06-05,0.22316312452002102,1.0,0.3099999999999996
4,2024-06-06,0.03400425204187376,0.0,0.20000000000000018
4,2024-06-07,0.01894411800802485,0.0,0.20000000000000018
4,2024-06-08,0.17422406694227316,0.0,0.05999999999999961
4,2024-06-09,0.23492821295418959,0.0,0.03000000000000025
4,2024-06-10,0.006623177252714474,0.0,-0.07000000000000028
4,2024-06-11,0.00029816759686083583,0.0,-0.11000000000000032
4,2024-06-12,0.00018595394154621023,0.0,-0.11999999999999922
4,2024-06-13,7.787418346251117e-05,0.0,-0.03000000000000025
4,2024-06-14,7.787418346251117e-05,0.0,-0.04999999999999982
4,2024-06-15,0.00018388276422776791,0.0,0.009999999999999787
4,2024-06-16,0.00010136142181306541,0.0,0.16000000000000014
4,2024-06-17,0.0006399340578178038,0.0,0.25
4,2024-06-18,0.8715545463126892,1.0,0.34999999999999964
4,2024-06-19,0.9983361444466806,1.0,0.4299999999999997
4,2024-06-20,0.9684655178210005,1.0,0.41000000000000014
4,2024-06-21,0.9995482304587533,1.0,0.40000000000000036
4,2024-06-22,0.9719878796779664,0.0,0.2400000000000002
4,2024-06-23,0.9925221539864927,0.0,0.1899999999999995
4,2024-06-24,0.0050226645342207185,0.0,-0.0699999999999994
4,2024-06-25,0.00025402869399703047,0.0,-0.3100000000000005
4,2024-06-26,0.00018369976050373375,0.0,-0.20000000000000018
4,2024-06-27,6.884110525180406e-05,0.0,0.020000000000000462
4,2024-06-28,0.00951600498511542,0.0,0.28000000000000025
4,2024-06-29,0.999420689038138,1.0,0.33999999999999986
4,2024-06-30,0.016065466629274362,0.0,0.009999999999999787
4,2024-07-01,0.0007413911607937903,0.0,0.040000000000000036
4,2024-07-02,0.002171661637630722,1.0,0.3099999999999996
4,2024-07-03,0.9797689918626803,1.0,0.45000000000000107
4,2024-07-04,0.9123973170050022,1.0,0.3899999999999988
4,2024-07-05,0.6236623446464454,0.0,0.28000000000000114
4,2024-07-06,0.10749799451524764,0.0,0.11999999999999922
4,2024-07-07,0.027981066586506367,0.0,0.0600000000000005
4,2024-07-08,0.010907563140960242,0.0,0.1899999999999995
4,2024-07-09,0.9987213227778615,1.0,0.3100000000000005
4,2024-07-10,0.9892989293186649,1.0,0.34999999999999964
4,2024-07-11,0.992485941561424,1.0,0.4299999999999997
4,2024-07-12,0.9976579641151833,1.0,0.33000000000000007
4,2024-07-13,0.9043447255232342,0.0,0.2699999999999996
4,2024-07-14,0.03404699603290923,0.0,0.22000000000000064
4,2024-07-15,0.0004479450579954886,0.0,0.08999999999999986
4,2024-07-16,0.003303743150953277,0.0,0.0600000000000005
4,2024-07-17,0.00031924157560151535,0.0,-0.009999999999999787
4,2024-07-18,7.109455690548715e-05,0.0,-0.009999999999999787
4,2024-07-19,0.0010039900474213546,0.0,-0.09000000000000163
4,2024-07-20,0.00019077718347743314,0.0,-0.14999999999999858
4,2024-07-21,0.00010770994435094336,0.0,-0.120000000000001
4,2024-07-22,0.0001027521446789506,0.0,-0.07000000000000028
4,2024-07-23,0.00010912435301885996,0.0,-0.06999999999999851
4,2024-07-24,0.00010912435301885996,0.0,-0.040000000000000924
4,2024-07-25,0.00012996737194805865,0.0,0.019999999999999574
4,2024-07-26,0.00022932972866173394,0.0,0.009999999999999787
4,2024-07-27,0.00030169364566693085,0.0,-0.05999999999999872
4,2024-07-28,0.00015389371250434648,0.0,-0.0600000000000005
4,2024-07-29,0.00021312786320432228,0.0,-0.07000000000000028
4,2024-07-30,7.171128139121803e-05,0.0,-0.129999999999999
4,2024-07-31,7.171128139121803e-05,0.0,-0.0600000000000005
4,2024-08-01,7.961322852220921e-05,0.0,0.03999999999999915
4,2024-08-02,0.00043298441250764916,0.0,0.040000000000000924
4,2024-08-03,0.0001621660830987455,0.0,0.15000000000000036
4,2024-08-04,0.0745012977060778,0.0,0.08999999999999986
4,2024-08-05,0.0009563773920064256,0.0,0.05999999999999872
4,2024-08-06,0.0002840194416525557,0.0,0.05000000000000071
4,2024-08-07,0.00030653954589295604,0.0,0.15000000000000036
4,2024-08-08,0.0008569386998473761,0.0,0.16000000000000014
4,2024-08-09,0.003061320397723511,0.0,0.16999999999999993
4,2024-08-10,7.286466297159203e-05,0.0,0.03999999999999915
4,2024-08-11,0.00022936197246524158,0.0,0.2599999999999998
4,2024-08-12,0.000851783271124908,0.0,0.15000000000000036
4,2024-08-13,0.0008088705432144298,0.0,0.07000000000000028
4,2024-08-14,4.486255380282651e-05,0.0,0.08000000000000007
4,2024-08-15,9.552189748863056e-05,0.0,0.02999999999999936
4,2024-08-16,6.50455397915427e-05,0.0,0.0600000000000005
4,2024-08-17,5.0217941595941094e-05,0.0,-0.009999999999999787
4,2024-08-18,7.862443810396737e-05,0.0,0.019999999999999574
4,2024-08-19,4.035305180533781e-05,0.0,-0.07000000000000028
4,2024-08-20,6.415518161234659e-05,0.0,-0.08000000000000007
4,2024-08-21,5.658901330302352e-05,0.0,-0.049999999999998934
4,2024-08-22,3.4089800350039205e-05,0.0,-0.030000000000001137
4,2024-08-23,0.00010162218695752044,0.0,0.010000000000001563
4,2024-08-24,9.89759961679908e-05,0.0,-0.030000000000001137
4,2024-08-25,0.00012758235438438566,0.0,0.05000000000000071
4,2024-08-26,0.00018291230683861246,0.0,0.0
4,2024-08-27,8.0014044599956e-05,0.0,-0.030000000000001137
4,2024-08-28,6.33995299293034e-05,0.0,0.02000000000000135
4,2024-08-29,0.00017709907103663098,0.0,-0.030000000000001137
4,2024-08-30,4.257243562832455e-05,0.0,-0.05999999999999872
4,2024-08-31,3.974299475994619e-05,0.0,-0.08000000000000007
4,2024-09-01,5.8678445720431093e-05,0.0,-0.0600000000000005
4,2024-09-02,3.668352098938497e-05,0.0,-0.019999999999999574
4,2024-09-03,3.1965383257977326e-05,0.0,-0.030000000000001137
4,2024-09-04,4.112976301970614e-05,0.0,-0.049999999999998934
4,2024-09-05,0.0001854756232559364,0.0,0.0
4,2024-09-06,8.000711355145784e-05,0.0,-0.0600000000000005
4,2024-09-07,6.359808498086503e-05,0.0,-0.11999999999999922
4,2024-09-08,0.00041303442708312576,0.0,-0.09000000000000163
4,2024-09-09,0.00022723465835864615,0.0,-0.10999999999999943
4,2024-09-10,0.00012073877719030417,0.0,-0.08999999999999986
4,2024-09-11,0.00011567370445128072,0.0,-0.03999999999999915
4,2024-09-12,0.00010079708171474061,0.0,-0.15000000000000036
4,2024-09-13,0.00011231592356359052,0.0,-0.040000000000000924
4,2024-09-14,0.0001929790132700247,0.0,0.02000000000000135
4,2024-09-15,0.0004011254139265607,0.0,-0.010000000000001563
4,2024-09-16,0.0004011254139265607,0.0,-0.08999999999999986
4,2024-09-17,0.0009729538535418323,0.0,0.14000000000000057
4,2024-09-18,0.011595513068159213,0.0,0.25
4,2024-09-19,0.03245093614344635,0.0,0.25
4,2024-09-20,0.0008798878314909002,0.0,0.1899999999999995
4,2024-09-21,4.970118555136222e-05,0.0,0.27000000000000135
4,2024-09-22,0.0007723648047215313,0.0,0.16999999999999993
4,2024-09-23,0.00022828274223931423,0.0,0.10999999999999943
4,2024-09-24,2.702180772086621e-05,0.0,0.09999999999999964
4,2024-09-25,6.369942039398831e-05,0.0,0.040000000000000924
4,2024-09-26,4.7021262494370095e-05,0.0,-0.07000000000000028
4,2024-09-27,0.0001682919034962452,0.0,-0.05000000000000071
4,2024-09-28,0.00012231880359339916,0.0,-0.09999999999999964
4,2024-09-29,0.00013914598108471347,0.0,-0.08000000000000007
4,2024-09-30,0.00012245827946712467,0.0,0.0
4,2024-10-01,4.5056579918378425e-05,0.0,0.009999999999999787
4,2024-10-02,6.146222563952204e-05,0.0,0.02999999999999936
4,2024-10-03,0.0006004258721457547,0.0,0.040000000000000924
4,2024-10-04,0.0001696256373237844,0.0,0.07000000000000028
4,2024-10-05,5.9235211293666135e-05,0.0,0.0
4,2024-10-06,0.00017111684736956432,0.0,-0.08999999999999986
4,2024-10-07,0.00016564637824709424,0.0,-0.20000000000000107
4,2024-10-08,5.985172660921166e-05,0.0,-0.22999999999999865
4,2024-10-09,4.92332894092744e-05,0.0,-0.20000000000000107
4,2024-10-10,4.92332894092744e-05,0.0,-0.1899999999999995
4,2024-10-11,0.00022094580778056423,0.0,-0.17999999999999972
4,2024-10-12,0.00013488277789430682,0.0,-0.120000000000001
4,2024-10-13,0.00013879181285753002,0.0,-0.11999999999999922
4,2024-10-14,8.17492759422518e-05,0.0,-0.13000000000000078
4,2024-10-15,0.00011088237007575119,0.0,-0.11999999999999922
4,2024-10-16,6.741499037748222e-05,0.0,-0.09999999999999964
4,2024-10-17,9.57624147084183e-05,0.0,-0.15000000000000036
4,2024-10-18,7.714907967302938e-05,0.0,-0.16999999999999993
4,2024-10-19,7.714907967302938e-05,0.0,-0.16999999999999993
4,2024-10-20,6.741499037748222e-05,0.0,-0.11000000000000121
4,2024-10-21,6.741499037748222e-05,0.0,-0.17999999999999972
4,2024-10-22,6.741499037748222e-05,0.0,-0.15000000000000036
4,2024-10-23,6.741499037748222e-05,0.0,-0.11999999999999922
4,2024-10-24,9.57624147084183e-05,0.0,-0.07000000000000028
4,2024-10-25,0.00012107434364423896,0.0,-0.11999999999999922
4,2024-10-26,0.00013568092716419687,0.0,-0.09999999999999964
4,2024-10-27,0.00035338120197301985,0.0,-0.11000000000000121
4,2024-10-28,8.208958545999986e-05,0.0,-0.019999999999999574
4,2024-10-29,6.648128183448273e-05,0.0,-0.07000000000000028
4,2024-10-30,8.061205906571547e-05,0.0,-0.08000000000000007
4,2024-10-31,0.00011734477688105797,0.0,-0.11999999999999922
4,2025-05-01,0.00028218804209354426,0.0,0.1299999999999999
4,2025-05-02,0.0005498381037018124,0.0,0.08000000000000007
4,2025-05-03,0.0003814630833897655,0.0,0.009999999999999787
4,2025-05-04,0.00024518648898665086,0.0,-0.11000000000000032
4,2025-05-05,0.00015825528026631154,0.0,-0.10999999999999943
4,2025-05-06,0.00010487643385100376,0.0,-0.0900000000000003
4,2025-05-07,6.324173038897312e-05,0.0,-0.08000000000000007
4,2025-05-08,6.760811915199341e-05,0.0,-0.04999999999999982
4,2025-05-09,6.10598954939508e-05,0.0,-0.029999999999999805
4,2025-05-10,6.315560473987225e-05,0.0,-0.03000000000000025
4,2025-05-11,6.465699978964903e-05,0.0,0.020000000000000018
4,2025-05-12,0.00014582891088050988,0.0,0.0
4,2025-05-13,0.00016755469001262526,0.0,0.040000000000000036
4,2025-05-14,0.00026705973965596613,0.0,0.040000000000000036
4,2025-05-15,9.439660126200821e-05,0.0,0.04999999999999982
4,2025-05-16,0.0002576437141035006,0.0,0.040000000000000036
4,2025-05-17,0.00016896686601197887,0.0,0.08000000000000007
4,2025-05-18,0.0003015833235302461,0.0,0.050000000000000266
4,2025-05-19,0.0003325044680218093,0.0,0.040000000000000036
4,2025-05-20,0.0005753584017572731,0.0,0.10999999999999943
4,2025-05-21,0.0004606984836677325,0.0,0.20999999999999996
4,2025-05-22,0.039127101054420674,0.0,0.20000000000000018
4,2025-05-23,0.003550789382215354,0.0,0.20999999999999996
4,2025-05-24,0.4048742700720501,0.0,0.16000000000000014
4,2025-05-25,0.021440202373313483,0.0,0.09999999999999964
4,2025-05-26,0.09667687660788306,0.0,0.03000000000000025
4,2025-05-27,0.02366090651508236,0.0,0.020000000000000462
4,2025-05-28,0.011359961208719392,0.0,0.05999999999999961
4,2025-05-29,0.0021527537867810625,0.0,0.04999999999999982
4,2025-05-30,0.0028398498462757467,0.0,-0.1200000000000001
4,2025-05-31,0.0006044268821382435,0.0,-0.05999999999999961
4,2025-06-01,0.00017808767746820825,0.0,-0.020000000000000462
4,2025-06-02,7.21189297006072e-05,0.0,0.1200000000000001
4,2025-06-03,0.0001649192241103776,1.0,0.34000000000000075
4,2025-06-04,0.0004605433816301162,1.0,0.5499999999999998
4,2025-06-05,0.9877049211755915,1.0,0.45999999999999996
4,2025-06-06,0.9947354459522323,0.0,0.22999999999999954
4,2025-06-07,0.001465135160121835,0.0,-0.019999999999999574
4,2025-06-08,0.000488210098013146,0.0,-0.10000000000000053
4,2025-06-09,0.00013250033812515921,0.0,-0.27999999999999936
4,2025-06-10,0.00012899735702460172,0.0,-0.1800000000000006
4,2025-06-11,6.489687039397525e-05,0.0,-0.17999999999999972
4,2025-06-12,6.139446929413135e-05,0.0,-0.16999999999999993
4,2025-06-13,6.948025232393795e-05,0.0,-0.1299999999999999
4,2025-06-14,6.615644011298972e-05,0.0,-0.14000000000000057
4,2025-06-15,6.139446929413135e-05,0.0,-0.11999999999999922
4,2025-06-16,0.00010210774545189312,0.0,-0.05000000000000071
4,2025-06-17,0.00010210774545189312,0.0,-0.04999999999999982
4,2025-06-18,0.00010278322409681051,0.0,-0.05999999999999961
4,2025-06-19,0.017580979447259993,0.0,0.09999999999999964
4,2025-06-20,0.0018671705929945443,0.0,0.15000000000000036
4,2025-06-21,0.974334909097616,0.0,0.21999999999999975
4,2025-06-22,0.003368508125336223,0.0,0.15000000000000036
4,2025-06-23,0.02761406474526089,0.0,0.1200000000000001
4,2025-06-24,0.06827520576494585,0.0,0.1999999999999993
4,2025-06-25,0.981117782792899,1.0,0.4500000000000002
4,2025-06-26,0.9994973253048984,1.0,0.5
4,2025-06-27,0.9820499036309683,1.0,0.41999999999999993
4,2025-06-28,0.9870321169505394,0.0,0.20000000000000018
4,2025-06-29,0.006943837619945347,0.0,0.0
4,2025-06-30,0.0011314857436487196,0.0,0.040000000000000036
4,2025-07-01,0.00017038204902113257,0.0,0.019999999999999574
4,2025-07-02,0.00025481001973506987,0.0,0.010000000000000675
4,2025-07-03,0.0009327229204682693,0.0,-0.03000000000000025
4,2025-07-04,0.001093262407581319,0.0,-0.020000000000000462
4,2025-07-05,0.0016487311176560204,0.0,0.05000000000000071
4,2025-07-06,0.0044650949761519875,0.0,0.14999999999999947
4,2025-07-07,0.02374001045598824,1.0,0.35000000000000053
4,2025-07-08,0.995882639388987,1.0,0.33000000000000007
4,2025-07-09,0.03671059338464254,0.0,0.21999999999999886
4,2025-07-10,0.00165967742875057,0.0,0.05000000000000071
4,2025-07-11,0.0283326261975806,0.0,0.02999999999999936
4,2025-07-12,0.001100505978462824,0.0,0.10000000000000142
4,2025-07-13,0.7400948659961991,1.0,0.33999999999999986
4,2025-07-14,0.22588395182603496,0.0,0.25
4,2025-07-15,0.1416031118658724,0.0,0.21999999999999886
4,2025-07-16,0.8682036350595049,1.0,0.41000000000000014
4,2025-07-17,0.9994701809264626,1.0,0.40000000000000036
4,2025-07-18,0.7992581008244247,1.0,0.3800000000000008
4,2025-07-19,0.03108097368844343,0.0,0.1999999999999993
4,2025-07-20,5.0029969895809654e-05,0.0,0.1899999999999995
4,2025-07-21,0.07764143603716284,0.0,0.11000000000000121
4,2025-07-22,4.442552319418335e-05,0.0,0.11999999999999922
4,2025-07-23,0.00043062170441030895,0.0,0.08000000000000007
4,2025-07-24,5.795838912750725e-05,0.0,0.08000000000000007
4,2025-07-25,5.028401664712364e-05,0.0,0.02999999999999936
4,2025-07-26,9.770978686248337e-05,0.0,-0.10999999999999943
4,2025-07-27,3.709983138366717e-05,0.0,-0.21000000000000085
4,2025-07-28,4.1944124423545885e-05,0.0,-0.17999999999999972
4,2025-07-29,0.00014112941109759142,0.0,-0.14999999999999858
4,2025-07-30,0.00027947332831952486,0.0,-0.02000000000000135
4,2025-07-31,0.00015799144761849843,0.0,0.08999999999999986
4,2025-08-01,0.004837636209161926,0.0,0.0600000000000005
4,2025-08-02,0.0051788427625397045,0.0,0.16000000000000014
4,2025-08-03,0.0038304871969329184,0.0,0.13000000000000078
4,2025-08-04,0.0002982216327408479,0.0,0.1899999999999995
4,2025-08-05,0.0001590689534414059,0.0,0.16000000000000014
4,2025-08-06,3.779896666482441e-05,0.0,0.15000000000000036
4,2025-08-07,0.00012976055643400136,0.0,0.15999999999999837
4,2025-08-08,0.00022837967551228144,0.0,0.120000000000001
4,2025-08-09,0.0002489609171776163,0.0,0.16000000000000014
4,2025-08-10,0.00021704538218026025,0.0,0.14000000000000057
4,2025-08-11,2.8125247439508833e-05,0.0,0.09999999999999964
4,2025-08-12,0.00016854640229556833,0.0,0.08999999999999986
4,2025-08-13,4.5475338573447254e-05,0.0,0.02999999999999936
4,2025-08-14,0.0001377216023732751,0.0,0.009999999999999787
4,2025-08-15,8.583036197754224e-05,0.0,-0.009999999999999787
4,2025-08-16,4.695840923947225e-05,0.0,-0.09999999999999964
4,2025-08-17,4.3459221132608635e-05,0.0,-0.07000000000000028
4,2025-08-18,4.5982298063742316e-05,0.0,-0.16000000000000014
4,2025-08-19,3.4928591512832606e-05,0.0,-0.25
4,2025-08-20,3.724993587818717e-05,0.0,-0.20999999999999908
4,2025-08-21,3.4928591512832606e-05,0.0,-0.15000000000000036
4,2025-08-22,0.0001128189661779475,0.0,-0.14000000000000057
4,2025-08-23,8.225677799400428e-05,0.0,-0.15000000000000036
4,2025-08-24,8.225677799400428e-05,0.0,-0.08000000000000007
4,2025-08-25,5.4637719761795296e-05,0.0,-0.05999999999999872
4,2025-08-26,3.4089800350039205e-05,0.0,0.009999999999999787
4,2025-08-27,4.423014941058127e-05,0.0,0.019999999999999574
4,2025-08-28,6.374790987836334e-05,0.0,0.0600000000000005
4,2025-08-29,0.00010551665740294507,0.0,0.10999999999999943
4,2025-08-30,0.00015178653871771546,0.0,0.13000000000000078
4,2025-08-31,0.00013049288638453783,0.0,0.129999999999999
4,2025-09-01,0.00019239476828415244,0.0,0.120000000000001
4,2025-09-02,0.0001723909088180294,0.0,0.10999999999999943
4,2025-09-03,5.657203444674713e-05,0.0,0.0600000000000005
4,2025-09-04,4.8107303353753574e-05,0.0,0.02999999999999936
4,2025-09-05,4.6208028023647105e-05,0.0,-0.02999999999999936
4,2025-09-06,5.352506470709157e-05,0.0,-0.08000000000000007
4,2025-09-07,4.025395260389497e-05,0.0,-0.08999999999999986
4,2025-09-08,5.8678445720431093e-05,0.0,-0.08999999999999986
4,2025-09-09,4.023520749475796e-05,0.0,-0.05000000000000071
4,2025-09-10,3.9886547255751245e-05,0.0,0.03999999999999915
4,2025-09-11,4.32760862321424e-05,0.0,0.07000000000000028
4,2025-09-12,4.3929981371894257e-05,0.0,0.08999999999999986
4,2025-09-13,6.471458117677025e-05,0.0,0.08000000000000007
4,2025-09-14,4.3437010650861294e-05,0.0,0.05000000000000071
4,2025-09-15,7.257527082802673e-05,0.0,0.08000000000000007
4,2025-09-16,4.7088376768065525e-05,0.0,0.05000000000000071
4,2025-09-17,0.00013787287321354215,0.0,0.019999999999999574
4,2025-09-18,9.691576074316882e-05,0.0,0.049999999999998934
4,2025-09-19,7.15189071903622e-05,0.0,0.0
4,2025-09-20,0.00012233707209844362,0.0,-0.049999999999998934
4,2025-09-21,0.00014639789639183098,0.0,-0.08000000000000007
4,2025-09-22,7.155829943296698e-05,0.0,-0.08999999999999986
4,2025-09-23,5.67130601041057e-05,0.0,-0.05000000000000071
4,2025-09-24,4.9418903186738425e-05,0.0,-0.129999999999999
4,2025-09-25,3.997918347104762e-05,0.0,-0.16999999999999993
4,2025-09-26,4.3080181016622604e-05,0.0,-0.19000000000000128
4,2025-09-27,4.3080181016622604e-05,0.0,-0.1999999999999993
4,2025-09-28,4.3080181016622604e-05,0.0,-0.21000000000000085
4,2025-09-29,0.000181453337745035,0.0,-0.2599999999999998
4,2025-09-30,0.00011181579145493903,0.0,-0.1899999999999995
4,2025-10-01,0.0004524138132145373,0.0,-0.10999999999999943
4,2025-10-02,0.00027527796987765924,0.0,-0.08999999999999986
4,2025-10-03,0.0002064317277402275,0.0,-0.05000000000000071
4,2025-10-04,8.70811144175206e-05,0.0,-0.05000000000000071
4,2025-10-05,8.70811144175206e-05,0.0,0.08999999999999986
4,2025-10-06,0.00038415519873376004,0.0,0.16999999999999993
4,2025-10-07,0.007062994310389012,0.0,0.25
4,2025-10-08,0.0014388933834966326,0.0,0.120000000000001
4,2025-10-09,2.134129642694969e-05,0.0,0.049999999999998934
4,2025-10-10,0.00016237771352501393,0.0,-0.009999999999999787
4,2025-10-11,3.318231921467409e-05,0.0,-0.09999999999999964
4,2025-10-12,0.00016925931647118015,0.0,-0.17999999999999972
4,2025-10-13,0.00018044437554927425,0.0,-0.1999999999999993
4,2025-10-14,0.00011088237007575119,0.0,-0.22000000000000064
4,2025-10-15,8.314758320749722e-05,0.0,-0.08000000000000007
4,2025-10-16,8.314758320749722e-05,0.0,-0.13000000000000078
4,2025-10-17,8.368003164904574e-05,0.0,-0.1399999999999988
4,2025-10-18,7.765680265561e-05,0.0,-0.05000000000000071
4,2025-10-19,6.76691461081365e-05,0.0,-0.049999999999998934
4,2025-10-20,6.169593020261613e-05,0.0,-0.11000000000000121
4,2025-10-21,6.256243420290267e-05,0.0,-0.02999999999999936
4,2025-10-22,6.169593020261613e-05,0.0,-0.08999999999999986
4,2025-10-23,8.061205906571547e-05,0.0,-0.13000000000000078
4,2025-10-24,0.00011353245046538054,0.0,-0.049999999999998934
4,2025-10-25,7.291776742378173e-05,0.0,-0.10000000000000142
4,2025-10-26,6.256243420290267e-05,0.0,-0.15999999999999837
4,2025-10-27,6.741499037748222e-05,0.0,-0.14000000000000057
4,2025-10-28,8.368003164904574e-05,0.0,-0.030000000000001137
4,2025-10-29,7.458735692994485e-05,0.0,-0.08999999999999986
4,2025-10-30,8.772110339940888e-05,0.0,-0.11999999999999922
4,2025-10-31,0.000194670551493718,0.0,0.009999999999999787
10,2022-05-01,0.002084755753212476,0.0,0.14000000000000012
10,2022-05-02,0.006050794010711052,0.0,0.11999999999999966
10,2022-05-03,0.0004998704719921136,0.0,0.040000000000000036
10,2022-05-04,0.00031993038761772623,0.0,-0.029999999999999805
10,2022-05-05,5.936348668429932e-05,0.0,-0.18000000000000016
10,2022-05-06,0.00014572874916270903,0.0,-0.10000000000000009
10,2022-05-07,6.30888722188183e-05,0.0,-0.13999999999999968
10,2022-05-08,5.171450470997294e-05,0.0,-0.1200000000000001
10,2022-05-09,5.2520834214279014e-05,0.0,-0.06999999999999984
10,2022-05-10,5.764420120447744e-05,0.0,0.029999999999999805
10,2022-05-11,9.253297068538419e-05,0.0,0.010000000000000231
10,2022-05-12,6.0150101727027625e-05,0.0,0.04999999999999982
10,2022-05-13,0.00036647963911349673,0.0,0.04999999999999982
10,2022-05-14,0.0001807707670568662,0.0,0.11000000000000032
10,2022-05-15,0.009158071888048108,0.0,0.09999999999999964
10,2022-05-16,0.06992385366313379,0.0,0.18000000000000016
10,2022-05-17,0.9923298533807033,1.0,0.2899999999999996
10,2022-05-18,0.9998697460059367,1.0,0.4900000000000002
10,2022-05-19,0.9999176727068744,1.0,0.8100000000000005
10,2022-05-20,0.9998666662333212,1.0,0.39999999999999947
10,2022-05-21,0.8970241717231416,0.0,0.20999999999999996
10,2022-05-22,0.0009907270066315831,0.0,0.1200000000000001
10,2022-05-23,0.0002246292500822845,0.0,0.04999999999999982
10,2022-05-24,5.951641056470287e-05,0.0,-0.04999999999999982
10,2022-05-25,3.22442168132889e-05,0.0,-0.16000000000000014
10,2022-05-26,4.469454246143838e-05,0.0,-0.1999999999999993
10,2022-05-27,5.514758039893592e-05,0.0,-0.23000000000000043
10,2022-05-28,5.278611829057663e-05,0.0,-0.16999999999999993
10,2022-05-29,3.6259024696546314e-05,0.0,-0.17999999999999972
10,2022-05-30,4.312542573751165e-05,0.0,-0.1299999999999999
10,2022-05-31,3.9937362532226875e-05,0.0,-0.11000000000000032
10,2022-06-01,4.460556999994557e-05,0.0,-0.10000000000000053
10,2022-06-02,4.5570321651693574e-05,0.0,0.03000000000000025
10,2022-06-03,8.336810795281289e-05,0.0,0.020000000000000462
10,2022-06-04,3.834839038909441e-05,0.0,-0.010000000000000675
10,2022-06-05,5.7181064428026696e-05,0.0,-0.040000000000000036
10,2022-06-06,5.543107926726029e-05,0.0,-0.019999999999999574
10,2022-06-07,0.1236251862926967,1.0,0.2400000000000002
10,2022-06-08,0.008092440735354077,0.0,0.08000000000000007
10,2022-06-09,0.0013704878755106428,0.0,0.13999999999999968
10,2022-06-10,0.0010332851773656362,0.0,0.08999999999999986
10,2022-06-11,0.0005227007285359788,0.0,0.20000000000000018
10,2022-06-12,0.013055120977385468,0.0,0.17999999999999972
10,2022-06-13,0.6488590981027182,1.0,0.2600000000000007
10,2022-06-14,0.3068818175443335,1.0,0.23999999999999932
10,2022-06-15,0.005014691407282671,0.0,0.20000000000000018
10,2022-06-16,0.9894583530268531,1.0,0.2999999999999998
10,2022-06-17,0.996292607663209,1.0,0.35000000000000053
10,2022-06-18,0.3426961634455119,0.0,0.17999999999999972
10,2022-06-19,0.002159803043883011,0.0,0.13999999999999968
10,2022-06-20,0.06040533497330285,0.0,0.20999999999999996
10,2022-06-21,0.05448683968923614,0.0,0.14000000000000057
10,2022-06-22,8.034815916176275e-05,0.0,0.04999999999999982
10,2022-06-23,0.0002086021893188095,0.0,0.0
10,2022-06-24,4.7017679240126364e-05,0.0,-0.15000000000000036
10,2022-06-25,4.9888156143613346e-05,0.0,-0.21999999999999975
10,2022-06-26,0.00010689110667560316,0.0,-0.3099999999999996
10,2022-06-27,9.954100789870194e-05,0.0,-0.25
10,2022-06-28,7.733826160042943e-05,0.0,-0.040000000000000036
10,2022-06-29,4.400920272799199e-05,0.0,0.04999999999999982
10,2022-06-30,0.0012671124326139114,1.0,0.2699999999999996
10,2022-07-01,0.003986767797137591,0.0,0.10000000000000053
10,2022-07-02,3.074942658669458e-05,0.0,0.08999999999999986
10,2022-07-03,7.670911780838887e-05,0.0,0.09999999999999964
10,2022-07-04,1.268372081794632e-05,0.0,-0.019999999999999574
10,2022-07-05,6.161876070954572e-05,0.0,-0.0600000000000005
10,2022-07-06,4.1163764445773635e-05,0.0,-0.14999999999999947
10,2022-07-07,8.260857739562577e-05,0.0,-0.25
10,2022-07-08,0.00010430324819496621,0.0,-0.1900000000000004
10,2022-07-09,8.565514109600835e-05,0.0,-0.13999999999999968
10,2022-07-10,7.07372584746659e-05,0.0,-0.07000000000000028
10,2022-07-11,7.062129527898337e-05,0.0,-0.040000000000000036
10,2022-07-12,4.448956975464806e-05,0.0,-0.05999999999999961
10,2022-07-13,3.941251321332335e-05,0.0,-0.04999999999999982
10,2022-07-14,4.200860436201098e-05,0.0,-0.08000000000000007
10,2022-07-15,3.8320525245897475e-05,0.0,-0.010000000000000675
10,2022-07-16,3.8320525245897475e-05,0.0,-0.05999999999999961
10,2022-07-17,3.425150047494913e-05,0.0,-0.05999999999999961
10,2022-07-18,4.074224776129691e-05,0.0,-0.13000000000000078
10,2022-07-19,4.703894105207038e-05,0.0,-0.11999999999999922
10,2022-07-20,4.8525674752488875e-05,0.0,-0.11000000000000032
10,2022-07-21,4.6472555368850786e-05,0.0,-0.07000000000000028
10,2022-07-22,5.109766565135774e-05,0.0,-0.04999999999999982
10,2022-07-23,4.514193876263052e-05,0.0,0.04999999999999982
10,2022-07-24,0.025350644861875656,0.0,0.1900000000000004
10,2022-07-25,0.6952846204798521,1.0,0.2599999999999998
10,2022-07-26,0.025111273562947928,0.0,0.20000000000000018
10,2022-07-27,0.07592593271301917,0.0,0.14999999999999947
10,2022-07-28,0.00027054512301004954,0.0,0.10000000000000053
10,2022-07-29,9.721033026630882e-05,0.0,0.08999999999999986
10,2022-07-30,4.92682967176181e-05,0.0,0.0
10,2022-07-31,4.461309591640731e-05,0.0,0.05999999999999961
10,2022-08-01,0.0004758960581814434,0.0,0.07000000000000028
10,2022-08-02,0.011699203998791279,0.0,0.14000000000000057
10,2022-08-03,0.9779048742096317,1.0,0.2599999999999998
10,2022-08-04,0.00021898469086196112,0.0,0.1299999999999999
10,2022-08-05,5.1322313978060864e-05,0.0,0.009999999999999787
10,2022-08-06,4.206118841556382e-05,0.0,-0.009999999999999787
10,2022-08-07,3.5964449959999995e-05,0.0,-0.03000000000000025
10,2022-08-08,4.150039077687143e-05,0.0,-0.03000000000000025
10,2022-08-09,3.970905203505562e-05,0.0,-0.009999999999999787
10,2022-08-10,3.530063301141894e-05,0.0,0.0
10,2022-08-11,3.265098076459444e-05,0.0,-0.1200000000000001
10,2022-08-12,4.419974930117133e-05,0.0,-0.14999999999999947
10,2022-08-13,6.285171107210254e-05,0.0,0.009999999999999787
10,2022-08-14,4.708771629971472e-05,0.0,-0.05999999999999961
10,2022-08-15,4.362488698391551e-05,0.0,-0.21000000000000085
10,2022-08-16,0.00016689269191760207,0.0,-0.14999999999999947
10,2022-08-17,0.0001374350473357935,0.0,-0.13999999999999968
10,2022-08-18,4.129706176360537e-05,0.0,-0.07000000000000028
10,2022-08-19,4.1646463571502624e-05,0.0,0.019999999999999574
10,2022-08-20,3.937629511181103e-05,0.0,-0.08000000000000007
10,2022-08-21,3.804800113133103e-05,0.0,-0.0699999999999994
10,2022-08-22,0.0007886731472581777,0.0,0.16000000000000014
10,2022-08-23,0.005107461716312029,0.0,0.16999999999999993
10,2022-08-24,0.0001264309705815602,0.0,0.10999999999999943
10,2022-08-25,5.191144460977531e-05,0.0,-0.040000000000000036
10,2022-08-26,3.566026554191551e-05,0.0,0.010000000000000675
10,2022-08-27,3.8146772610075936e-05,0.0,0.0699999999999994
10,2022-08-28,5.3525708143769996e-05,0.0,0.020000000000000462
10,2022-08-29,5.0317691730085585e-05,0.0,0.009999999999999787
10,2022-08-30,5.009331553908806e-05,0.0,0.08999999999999986
10,2022-08-31,6.791111601227183e-05,0.0,0.15000000000000036
10,2022-09-01,0.0004320543242660993,0.0,0.1899999999999995
10,2022-09-02,5.305035785043619e-05,0.0,0.040000000000000036
10,2022-09-03,0.004051374830749263,0.0,0.1800000000000006
10,2022-09-04,5.5195472491188294e-05,0.0,0.07999999999999918
10,2022-09-05,2.104434235822209e-05,0.0,0.03000000000000025
10,2022-09-06,4.1236442050831306e-05,0.0,0.009999999999999787
10,2022-09-07,5.012726777822842e-05,0.0,-0.02999999999999936
10,2022-09-08,6.625842728788529e-05,0.0,-0.03000000000000025
10,2022-09-09,0.00016551558341085793,0.0,0.04999999999999982
10,2022-09-10,0.005973895644371792,0.0,0.020000000000000462
10,2022-09-11,0.000362203116160973,0.0,-0.010000000000000675
10,2022-09-12,9.753616458758642e-05,0.0,-0.02999999999999936
10,2022-09-13,0.0001044385767117082,0.0,-0.08000000000000007
10,2022-09-14,0.0001136817825251614,0.0,-0.1900000000000004
10,2022-09-15,0.00012283527744102882,0.0,-0.16999999999999993
10,2022-09-16,4.466276047243786e-05,0.0,-0.20000000000000018
10,2022-09-17,4.0875313640172045e-05,0.0,-0.20999999999999996
10,2022-09-18,3.8437136984041424e-05,0.0,-0.08999999999999986
10,2022-09-19,3.744679054912757e-05,0.0,0.040000000000000036
10,2022-09-20,0.00018574271009373742,0.0,0.040000000000000036
10,2022-09-21,4.544726939505643e-05,0.0,-0.040000000000000036
10,2022-09-22,4.1869813902144935e-05,0.0,-0.03000000000000025
10,2022-09-23,4.2170674747095726e-05,0.0,0.0600000000000005
10,2022-09-24,8.91203462359921e-05,0.0,0.03000000000000025
10,2022-09-25,6.578550619310098e-05,0.0,0.04999999999999982
10,2022-09-26,0.00018201893838650808,0.0,0.10999999999999943
10,2022-09-27,7.054659609190907e-05,0.0,0.14000000000000057
10,2022-09-28,0.00025467955542567025,0.0,0.05999999999999961
10,2022-09-29,0.00012067233665303629,0.0,0.020000000000000462
10,2022-09-30,4.4575862765380486e-05,0.0,0.0
10,2022-10-01,4.426323453445095e-05,0.0,0.0
10,2022-10-02,4.0047319514853484e-05,0.0,-0.010000000000000675
10,2022-10-03,3.740093669678124e-05,0.0,-0.04999999999999982
10,2022-10-04,4.121222481411888e-05,0.0,-0.13999999999999968
10,2022-10-05,4.789133699151308e-05,0.0,-0.1900000000000004
10,2022-10-06,6.817009632937054e-05,0.0,-0.08000000000000007
10,2022-10-07,3.8437136984041424e-05,0.0,-0.09999999999999964
10,2022-10-08,3.8437136984041424e-05,0.0,-0.05999999999999961
10,2022-10-09,3.864717930394615e-05,0.0,-0.010000000000000675
10,2022-10-10,3.3334568603309066e-05,0.0,0.0600000000000005
10,2022-10-11,0.0008536648372870756,0.0,0.16999999999999993
10,2022-10-12,0.3945414462455325,1.0,0.2400000000000002
10,2022-10-13,0.9994694078301886,1.0,0.29000000000000004
10,2022-10-14,0.22116313549125077,0.0,0.1999999999999993
10,2022-10-15,0.0009698327675734503,0.0,0.10000000000000053
10,2022-10-16,1.537140848619386e-05,0.0,0.040000000000000036
10,2022-10-17,3.3647984442851515e-05,0.0,0.040000000000000036
10,2022-10-18,3.201690438704474e-05,0.0,0.009999999999999787
10,2022-10-19,3.513068212690687e-05,0.0,-0.13999999999999968
10,2022-10-20,4.423000365152343e-05,0.0,-0.09000000000000075
10,2022-10-21,4.0047722115048914e-05,0.0,-0.1299999999999999
10,2022-10-22,3.764742008926854e-05,0.0,-0.22999999999999954
10,2022-10-23,5.606618851788265e-05,0.0,-0.1800000000000006
10,2022-10-24,9.492597272914921e-05,0.0,-0.09999999999999964
10,2022-10-25,0.0002891468744337139,0.0,-0.2400000000000002
10,2022-10-26,0.00013174792752647293,0.0,-0.1899999999999995
10,2022-10-27,8.600646505170346e-05,0.0,-0.15000000000000036
10,2022-10-28,0.00010168654494223179,0.0,-0.16000000000000014
10,2022-10-29,0.00010168654494223179,0.0,-0.10999999999999943
10,2022-10-30,0.00010168654494223179,0.0,-0.08000000000000007
10,2022-10-31,9.407840143539811e-05,0.0,-0.020000000000000462
10,2023-05-01,0.019608322975461768,0.0,0.1200000000000001
10,2023-05-02,0.004561224955577995,0.0,0.08999999999999986
10,2023-05-03,0.0007517627804996087,0.0,0.050000000000000266
10,2023-05-04,0.00126856378293663,0.0,0.040000000000000036
10,2023-05-05,0.0029280684228244567,0.0,0.040000000000000036
10,2023-05-06,0.00029544606315618524,0.0,0.03999999999999959
10,2023-05-07,0.0002559439933739701,0.0,-0.020000000000000018
10,2023-05-08,0.00011502420201649822,0.0,-0.03999999999999959
10,2023-05-09,0.00032964963211857607,0.0,0.05999999999999961
10,2023-05-10,0.8833432799729455,1.0,0.26000000000000023
10,2023-05-11,0.9740930618205793,1.0,0.25
10,2023-05-12,0.23977399960932722,0.0,0.18000000000000016
10,2023-05-13,0.02415968861612302,0.0,0.1299999999999999
10,2023-05-14,0.0014794602993855315,0.0,-0.040000000000000036
10,2023-05-15,6.920012981757068e-05,0.0,0.020000000000000018
10,2023-05-16,6.203539130505238e-05,0.0,0.04999999999999982
10,2023-05-17,5.918816195969868e-05,0.0,0.020000000000000018
10,2023-05-18,9.492514145430392e-05,0.0,-0.04999999999999982
10,2023-05-19,7.335394650675169e-05,0.0,-0.010000000000000231
10,2023-05-20,6.678629084565098e-05,0.0,-0.06000000000000005
10,2023-05-21,5.139765400693079e-05,0.0,-0.03999999999999959
10,2023-05-22,6.544420246453557e-05,0.0,-0.10000000000000009
10,2023-05-23,6.952816930844728e-05,0.0,-0.08000000000000007
10,2023-05-24,5.8491651090173305e-05,0.0,0.040000000000000036
10,2023-05-25,0.00010088018121427276,0.0,0.020000000000000018
10,2023-05-26,0.0001234700064757007,0.0,-0.010000000000000231
10,2023-05-27,0.00011223233393394682,0.0,0.010000000000000231
10,2023-05-28,0.00018508499197896294,0.0,0.06000000000000005
10,2023-05-29,0.008086080050290349,0.0,0.06999999999999984
10,2023-05-30,0.019220923339343013,0.0,0.009999999999999787
10,2023-05-31,8.29801781336074e-05,0.0,0.020000000000000018
10,2023-06-01,0.0001704815991216797,0.0,0.020000000000000018
10,2023-06-02,0.00013302622564213454,0.0,0.040000000000000036
10,2023-06-03,0.00021366144639282288,0.0,0.020000000000000018
10,2023-06-04,0.00010723845218538518,0.0,0.050000000000000266
10,2023-06-05,0.00021823989862497902,0.0,0.009999999999999787
10,2023-06-06,5.081981334469634e-05,0.0,-0.04999999999999982
10,2023-06-07,6.262101220074093e-05,0.0,-0.07000000000000028
10,2023-06-08,0.0001004693605662814,0.0,-0.05999999999999961
10,2023-06-09,6.725946150556352e-05,0.0,0.029999999999999805
10,2023-06-10,7.032887241943793e-05,0.0,0.040000000000000036
10,2023-06-11,6.73621981212478e-05,0.0,0.06999999999999984
10,2023-06-12,0.00028788269342889633,0.0,0.040000000000000036
10,2023-06-13,0.0032000513630546525,0.0,-0.040000000000000036
10,2023-06-14,0.0001209542229597454,0.0,0.1299999999999999
10,2023-06-15,0.0690886190703346,0.0,0.14000000000000012
10,2023-06-16,0.12260109348942035,1.0,0.22999999999999998
10,2023-06-17,0.9998375543949444,1.0,0.6100000000000003
10,2023-06-18,0.9999091174619429,1.0,0.75
10,2023-06-19,0.9998214509639223,1.0,0.5999999999999996
10,2023-06-20,0.999150015582558,1.0,0.3700000000000001
10,2023-06-21,0.982100054402269,1.0,0.27000000000000046
10,2023-06-22,0.00322032021525414,0.0,0.14999999999999947
10,2023-06-23,3.0137616016174038e-05,0.0,0.0600000000000005
10,2023-06-24,5.121549649809266e-05,0.0,-0.07000000000000028
10,2023-06-25,5.059321898618411e-05,0.0,-0.08000000000000007
10,2023-06-26,5.9383790777746796e-05,0.0,-0.13999999999999968
10,2023-06-27,5.043280217474909e-05,0.0,-0.1200000000000001
10,2023-06-28,4.6818092706808015e-05,0.0,-0.16000000000000014
10,2023-06-29,3.883566810850731e-05,0.0,-0.20000000000000018
10,2023-06-30,3.792310186866166e-05,0.0,-0.08999999999999986
10,2023-07-01,4.0885636962947555e-05,0.0,-0.009999999999999787
10,2023-07-02,3.885678314761336e-05,0.0,0.040000000000000036
10,2023-07-03,7.767087263505591e-05,0.0,0.10999999999999943
10,2023-07-04,0.0002178518202080012,0.0,0.16000000000000014
10,2023-07-05,0.002842664330967535,1.0,0.28000000000000025
10,2023-07-06,0.3112906816641887,0.0,0.16000000000000014
10,2023-07-07,4.975442473831713e-05,0.0,0.02999999999999936
10,2023-07-08,3.854567640110805e-05,0.0,0.010000000000000675
10,2023-07-09,8.875154469769925e-05,0.0,-0.03000000000000025
10,2023-07-10,9.447703612497356e-05,0.0,0.04999999999999982
10,2023-07-11,0.0011932686948899446,0.0,0.04999999999999982
10,2023-07-12,5.310577129921025e-05,0.0,0.11000000000000032
10,2023-07-13,0.00012539357588867609,0.0,0.08999999999999986
10,2023-07-14,0.0011586494126105274,1.0,0.2400000000000002
10,2023-07-15,0.04608306762474977,0.0,0.20000000000000018
10,2023-07-16,0.00019075172458496838,0.0,0.02999999999999936
10,2023-07-17,7.307019823335703e-05,0.0,0.0
10,2023-07-18,4.337654097625959e-05,0.0,0.0
10,2023-07-19,3.591922549973387e-05,0.0,-0.019999999999999574
10,2023-07-20,4.72606122493421e-05,0.0,-0.040000000000000036
10,2023-07-21,3.6500889475967144e-05,0.0,-0.04999999999999982
10,2023-07-22,3.760172732195515e-05,0.0,-0.10000000000000053
10,2023-07-23,4.0719039092887606e-05,0.0,-0.17999999999999972
10,2023-07-24,4.107416380431424e-05,0.0,-0.16000000000000014
10,2023-07-25,3.573478688465001e-05,0.0,-0.08000000000000007
10,2023-07-26,3.573478688465001e-05,0.0,-0.019999999999999574
10,2023-07-27,3.4355043862701915e-05,0.0,-0.07000000000000028
10,2023-07-28,4.420851980050315e-05,0.0,0.0
10,2023-07-29,4.942450194914011e-05,0.0,0.0
10,2023-07-30,6.198125970530643e-05,0.0,0.03000000000000025
10,2023-07-31,8.173472942278773e-05,0.0,0.07000000000000028
10,2023-08-01,7.903796116512488e-05,1.0,0.22999999999999954
10,2023-08-02,5.722763535469519e-05,0.0,0.03000000000000025
10,2023-08-03,7.354948872118818e-05,0.0,0.009999999999999787
10,2023-08-04,4.8166428395342454e-05,0.0,0.009999999999999787
10,2023-08-05,6.300302561227824e-05,0.0,-0.040000000000000036
10,2023-08-06,5.184184744685664e-05,0.0,-0.04999999999999982
10,2023-08-07,7.902246351047238e-05,0.0,0.040000000000000036
10,2023-08-08,0.000126775501497392,0.0,0.020000000000000462
10,2023-08-09,6.849806428405943e-05,0.0,0.03999999999999915
10,2023-08-10,0.0072234997884607745,0.0,0.15000000000000036
10,2023-08-11,0.028589175472656048,0.0,0.16999999999999993
10,2023-08-12,0.0001206001139500904,0.0,0.11000000000000032
10,2023-08-13,5.3290765219498043e-05,0.0,0.1200000000000001
10,2023-08-14,5.000298499658011e-05,0.0,0.0699999999999994
10,2023-08-15,2.151577925347079e-05,0.0,0.10000000000000053
10,2023-08-16,3.6113569823190116e-05,0.0,0.02999999999999936
10,2023-08-17,3.226495445239078e-05,0.0,-0.02999999999999936
10,2023-08-18,3.0492911939479062e-05,0.0,0.0
10,2023-08-19,3.530063301141894e-05,0.0,-0.04999999999999982
10,2023-08-20,3.270459711459738e-05,0.0,-0.11000000000000032
10,2023-08-21,3.800496207888345e-05,0.0,-0.1200000000000001
10,2023-08-22,5.567752391095561e-05,0.0,-0.07000000000000028
10,2023-08-23,2.8751367624303442e-05,0.0,-0.10999999999999943
10,2023-08-24,2.9310141851001325e-05,0.0,-0.07000000000000028
10,2023-08-25,3.106659919229522e-05,0.0,-0.019999999999999574
10,2023-08-26,4.3614676644118766e-05,0.0,0.040000000000000036
10,2023-08-27,4.387788312614655e-05,0.0,0.11999999999999922
10,2023-08-28,0.00018228653843646467,0.0,0.08000000000000007
10,2023-08-29,5.781263299406409e-05,0.0,0.14000000000000057
10,2023-08-30,7.139745480878629e-05,0.0,0.13999999999999968
10,2023-08-31,3.255265632998941e-05,0.0,0.1200000000000001
10,2023-09-01,2.2789673267807565e-05,0.0,0.1200000000000001
10,2023-09-02,2.2154172613280306e-05,0.0,0.04999999999999982
10,2023-09-03,2.647584577397375e-05,0.0,-0.05999999999999961
10,2023-09-04,2.9126509499767234e-05,0.0,-0.17000000000000082
10,2023-09-05,4.398006049985094e-05,0.0,-0.22999999999999954
10,2023-09-06,7.336578912367869e-05,0.0,-0.20999999999999996
10,2023-09-07,4.233942193630587e-05,0.0,-0.20999999999999996
10,2023-09-08,5.041071616961093e-05,0.0,-0.25
10,2023-09-09,7.985587872286055e-05,0.0,-0.2599999999999998
10,2023-09-10,7.985587872286055e-05,0.0,-0.16999999999999993
10,2023-09-11,7.247110178075656e-05,0.0,-0.16000000000000014
10,2023-09-12,7.247110178075656e-05,0.0,-0.10000000000000053
10,2023-09-13,7.774144965138756e-05,0.0,-0.009999999999999787
10,2023-09-14,7.103245813272603e-05,0.0,0.0
10,2023-09-15,5.264870836618834e-05,0.0,-0.08999999999999986
10,2023-09-16,4.903769618907734e-05,0.0,-0.09999999999999964
10,2023-09-17,6.913621191976887e-05,0.0,-0.040000000000000036
10,2023-09-18,4.95541737572328e-05,0.0,0.02999999999999936
10,2023-09-19,5.885989652288961e-05,0.0,0.03000000000000025
10,2023-09-20,9.358762688170533e-05,0.0,0.0
10,2023-09-21,5.9534526495075906e-05,0.0,-0.05999999999999961
10,2023-09-22,8.577195801577947e-05,0.0,0.009999999999999787
10,2023-09-23,0.00011141149013158795,0.0,0.13999999999999968
10,2023-09-24,0.004684611527128543,0.0,0.20999999999999996
10,2023-09-25,0.020644801651200636,0.0,0.1800000000000006
10,2023-09-26,0.002854908178509595,0.0,0.09999999999999964
10,2023-09-27,3.394434718718583e-05,0.0,0.04999999999999982
10,2023-09-28,4.8088811899303326e-05,0.0,0.040000000000000036
10,2023-09-29,4.526982278562676e-05,0.0,0.11000000000000032
10,2023-09-30,0.00011343483417155091,0.0,0.0699999999999994
10,2023-10-01,5.0429312615560006e-05,0.0,-0.019999999999999574
10,2023-10-02,3.714073929221416e-05,0.0,-0.08000000000000007
10,2023-10-03,3.740093669678124e-05,0.0,-0.09999999999999964
10,2023-10-04,5.174691707597841e-05,0.0,-0.0600000000000005
10,2023-10-05,5.228695181270341e-05,0.0,0.08999999999999986
10,2023-10-06,8.162006591930629e-05,0.0,-0.09999999999999964
10,2023-10-07,4.325399619644514e-05,0.0,-0.1299999999999999
10,2023-10-08,4.102400269557516e-05,0.0,-0.040000000000000036
10,2023-10-09,3.424377203021131e-05,0.0,-0.020000000000000462
10,2023-10-10,3.780083590975766e-05,0.0,0.0
10,2023-10-11,4.4217479063201605e-05,0.0,0.0
10,2023-10-12,5.9042154884672424e-05,0.0,0.0
10,2023-10-13,0.000632314293696698,0.0,0.0
10,2023-10-14,0.0006893051111113017,0.0,0.010000000000000675
10,2023-10-15,0.00031576484620001534,0.0,0.009999999999999787
10,2023-10-16,0.0001261688320759088,0.0,-0.07000000000000028
10,2023-10-17,0.00012862064205284668,0.0,-0.1200000000000001
10,2023-10-18,0.00014892469902106115,0.0,-0.16999999999999993
10,2023-10-19,8.407710580093941e-05,0.0,-0.1899999999999995
10,2023-10-20,9.24125536214022e-05,0.0,-0.1900000000000004
10,2023-10-21,7.331996232420616e-05,0.0,-0.1899999999999995
10,2023-10-22,6.778551582090577e-05,0.0,-0.1800000000000006
10,2023-10-23,6.778551582090577e-05,0.0,-0.1299999999999999
10,2023-10-24,5.440032479375489e-05,0.0,-0.11000000000000032
10,2023-10-25,5.440032479375489e-05,0.0,-0.09999999999999964
10,2023-10-26,4.945659463191156e-05,0.0,-0.08999999999999986
10,2023-10-27,5.440032479375489e-05,0.0,-0.11000000000000032
10,2023-10-28,4.518844101283881e-05,0.0,-0.08999999999999986
10,2023-10-29,4.518844101283881e-05,0.0,-0.08999999999999986
10,2023-10-30,4.2725205934281484e-05,0.0,-0.07000000000000028
10,2023-10-31,4.2725205934281484e-05,0.0,-0.09999999999999964
10,2024-05-01,0.004556734125316611,0.0,0.18999999999999995
10,2024-05-02,0.15377537167125815,0.0,0.16000000000000014
10,2024-05-03,0.0047974909840493365,0.0,-0.009999999999999787
10,2024-05-04,9.39639538546212e-05,0.0,0.0
10,2024-05-05,0.00011645133024404876,0.0,0.040000000000000036
10,2024-05-06,0.0003910295821728146,0.0,0.06999999999999984
10,2024-05-07,0.0327033652687597,0.0,0.06000000000000005
10,2024-05-08,0.0013373620176044482,0.0,0.06000000000000005
10,2024-05-09,0.0003312819372821288,0.0,0.11999999999999966
10,2024-05-10,0.08613487778411531,0.0,0.06000000000000005
10,2024-05-11,0.00046938044627476696,0.0,-0.04999999999999982
10,2024-05-12,8.169862794180492e-05,0.0,-0.1499999999999999
10,2024-05-13,8.138119419721785e-05,0.0,-0.16000000000000014
10,2024-05-14,4.3186695578160394e-05,0.0,-0.1499999999999999
10,2024-05-15,4.137703386327848e-05,0.0,-0.14000000000000012
10,2024-05-16,4.808382713956795e-05,0.0,-0.10000000000000009
10,2024-05-17,6.016542513421101e-05,0.0,0.0
10,2024-05-18,5.580543744050585e-05,0.0,-0.020000000000000018
10,2024-05-19,4.033617320958038e-05,0.0,0.03000000000000025
10,2024-05-20,0.0001966161264117051,0.0,0.029999999999999805
10,2024-05-21,0.00012260482563389795,0.0,0.050000000000000266
10,2024-05-22,0.0007120034882664245,0.0,0.09999999999999964
10,2024-05-23,0.03136986483496954,0.0,0.06000000000000005
10,2024-05-24,0.00018404629871539077,0.0,0.0900000000000003
10,2024-05-25,0.003748903899334665,0.0,0.20999999999999996
10,2024-05-26,0.020284895602167386,1.0,0.6799999999999997
10,2024-05-27,0.9787417448668957,0.0,0.03000000000000025
10,2024-05-28,0.00016812882192920203,0.0,-0.28000000000000025
10,2024-05-29,6.9676776644939e-05,0.0,-0.10999999999999988
10,2024-05-30,7.52275240204357e-05,0.0,-0.08000000000000007
10,2024-05-31,0.0005070241611731637,0.0,0.050000000000000266
10,2024-06-01,0.014419631848539123,1.0,0.23999999999999977
10,2024-06-02,0.944373993692161,1.0,0.22999999999999998
10,2024-06-03,0.6216598415676065,1.0,0.3200000000000003
10,2024-06-04,0.9998785779920151,1.0,0.41000000000000014
10,2024-06-05,0.9921934581706335,1.0,0.2999999999999998
10,2024-06-06,0.7855106414414564,0.0,0.20000000000000018
10,2024-06-07,0.009800047237557992,0.0,0.09999999999999964
10,2024-06-08,0.00019391036190597805,0.0,0.009999999999999787
10,2024-06-09,6.070929991336499e-05,0.0,-0.0699999999999994
10,2024-06-10,6.011158471443504e-05,0.0,-0.08000000000000007
10,2024-06-11,5.514722964781549e-05,0.0,-0.1299999999999999
10,2024-06-12,5.380839718621693e-05,0.0,-0.11000000000000032
10,2024-06-13,5.3952075916176877e-05,0.0,-0.03000000000000025
10,2024-06-14,0.00011068396644750853,0.0,-0.040000000000000036
10,2024-06-15,9.522176956166422e-05,0.0,0.08000000000000007
10,2024-06-16,0.15602776903631077,0.0,0.1900000000000004
10,2024-06-17,0.11234983785018979,1.0,0.25
10,2024-06-18,0.5768116953793228,1.0,0.3199999999999994
10,2024-06-19,0.999162636808844,1.0,0.40000000000000036
10,2024-06-20,0.8361548647077284,1.0,0.2599999999999998
10,2024-06-21,0.08273477517446162,0.0,0.15000000000000036
10,2024-06-22,0.004086831915588779,0.0,0.04999999999999982
10,2024-06-23,0.00011353813402707153,0.0,-0.1200000000000001
10,2024-06-24,5.958863059123047e-05,0.0,-0.1200000000000001
10,2024-06-25,6.4920475150509e-05,0.0,-0.09999999999999964
10,2024-06-26,6.391605101598232e-05,0.0,-0.04999999999999982
10,2024-06-27,9.573308338358655e-05,0.0,0.08000000000000007
10,2024-06-28,0.0020652082487064003,0.0,0.04999999999999982
10,2024-06-29,0.0001959792229874633,0.0,0.019999999999999574
10,2024-06-30,2.0348269742582436e-05,0.0,0.04999999999999982
10,2024-07-01,5.521269904352731e-05,0.0,0.14000000000000057
10,2024-07-02,0.04871540867630101,1.0,0.33000000000000007
10,2024-07-03,0.9890467509809132,1.0,0.45999999999999996
10,2024-07-04,0.999611256534465,1.0,0.33000000000000007
10,2024-07-05,0.8597228719477805,0.0,0.16000000000000014
10,2024-07-06,4.708866619590752e-05,0.0,0.07999999999999918
10,2024-07-07,1.9894080387192318e-05,0.0,0.05000000000000071
10,2024-07-08,5.8980592724628034e-05,0.0,-0.03000000000000025
10,2024-07-09,6.465236045898665e-05,0.0,-0.020000000000000462
10,2024-07-10,0.00019438776012263863,0.0,0.020000000000000462
10,2024-07-11,0.00014334861163717473,0.0,0.16000000000000014
10,2024-07-12,0.0008015339976280021,0.0,0.009999999999999787
10,2024-07-13,3.276405389532098e-05,0.0,-0.040000000000000036
10,2024-07-14,6.405682304922324e-05,0.0,-0.040000000000000036
10,2024-07-15,0.00014813939091426186,0.0,-0.05999999999999961
10,2024-07-16,6.415928134903719e-05,0.0,-0.0600000000000005
10,2024-07-17,5.5899147595994035e-05,0.0,-0.08999999999999986
10,2024-07-18,4.468730442422957e-05,0.0,-0.05999999999999961
10,2024-07-19,4.00855701906545e-05,0.0,-0.040000000000000036
10,2024-07-20,3.741687993886585e-05,0.0,-0.0600000000000005
10,2024-07-21,3.800496207888345e-05,0.0,-0.1299999999999999
10,2024-07-22,7.34862585647662e-05,0.0,-0.08000000000000007
10,2024-07-23,3.7798409992918975e-05,0.0,-0.08999999999999986
10,2024-07-24,3.167036782667014e-05,0.0,-0.04999999999999982
10,2024-07-25,3.167036782667014e-05,0.0,-0.020000000000000462
10,2024-07-26,2.961762053754951e-05,0.0,-0.019999999999999574
10,2024-07-27,3.809206295185647e-05,0.0,-0.0600000000000005
10,2024-07-28,5.9331367559461944e-05,0.0,-0.04999999999999982
10,2024-07-29,4.548528133255586e-05,0.0,-0.0699999999999994
10,2024-07-30,4.633538243960606e-05,0.0,-0.13000000000000078
10,2024-07-31,5.782257888757275e-05,0.0,-0.08999999999999986
10,2024-08-01,3.567620297860915e-05,0.0,0.07000000000000028
10,2024-08-02,4.6911268458637656e-05,0.0,0.009999999999999787
10,2024-08-03,5.073571759546461e-05,0.0,-0.03000000000000025
10,2024-08-04,5.978271558307128e-05,0.0,0.0
10,2024-08-05,4.413883739786059e-05,0.0,0.010000000000000675
10,2024-08-06,4.665090924039615e-05,0.0,-0.03000000000000025
10,2024-08-07,4.499791314900983e-05,0.0,0.03000000000000025
10,2024-08-08,9.958801484283785e-05,0.0,0.10999999999999943
10,2024-08-09,0.00016278584069626188,0.0,0.09000000000000075
10,2024-08-10,0.000276654870007538,0.0,0.09999999999999964
10,2024-08-11,0.0007949085315271054,0.0,0.09999999999999964
10,2024-08-12,0.00036651393538417924,0.0,0.08000000000000007
10,2024-08-13,3.980137691402148e-05,0.0,0.020000000000000462
10,2024-08-14,1.977092647069536e-05,0.0,0.02999999999999936
10,2024-08-15,4.703175304771e-05,0.0,0.03000000000000025
10,2024-08-16,4.891919495332836e-05,0.0,0.0600000000000005
10,2024-08-17,4.5144695327394797e-05,0.0,0.009999999999999787
10,2024-08-18,4.607371595569098e-05,0.0,-0.04999999999999982
10,2024-08-19,4.585474729329899e-05,0.0,-0.1200000000000001
10,2024-08-20,5.283243069727413e-05,0.0,-0.009999999999999787
10,2024-08-21,4.10653176514488e-05,0.0,-0.03000000000000025
10,2024-08-22,2.9293193937975812e-05,0.0,-0.040000000000000036
10,2024-08-23,3.823028375311592e-05,0.0,-0.08999999999999986
10,2024-08-24,4.042619931091393e-05,0.0,-0.08000000000000007
10,2024-08-25,4.481786314212784e-05,0.0,-0.009999999999999787
10,2024-08-26,3.341860892049055e-05,0.0,-0.11000000000000032
10,2024-08-27,3.2705477237737284e-05,0.0,-0.1200000000000001
10,2024-08-28,4.1792289090254186e-05,0.0,-0.04999999999999982
10,2024-08-29,3.530158299478656e-05,0.0,-0.08999999999999986
10,2024-08-30,3.319199190765227e-05,0.0,-0.010000000000000675
10,2024-08-31,4.633538243960606e-05,0.0,-0.009999999999999787
10,2024-09-01,3.0751022342269105e-05,0.0,-0.04999999999999982
10,2024-09-02,4.00298877710482e-05,0.0,0.019999999999999574
10,2024-09-03,6.295574666110389e-05,0.0,0.0
10,2024-09-04,4.088114698895504e-05,0.0,0.0
10,2024-09-05,3.3275626959168585e-05,0.0,0.010000000000000675
10,2024-09-06,3.9255638915277085e-05,0.0,-0.010000000000000675
10,2024-09-07,3.707580357411075e-05,0.0,-0.009999999999999787
10,2024-09-08,3.647264650031139e-05,0.0,-0.009999999999999787
10,2024-09-09,3.9812330912272055e-05,0.0,-0.07000000000000028
10,2024-09-10,3.9812330912272055e-05,0.0,-0.10999999999999943
10,2024-09-11,4.23836653846547e-05,0.0,-0.08000000000000007
10,2024-09-12,3.5053536272971035e-05,0.0,-0.1200000000000001
10,2024-09-13,4.7837193695548366e-05,0.0,0.05999999999999961
10,2024-09-14,4.638512085249236e-05,0.0,0.15000000000000036
10,2024-09-15,0.0035783145663991246,0.0,-0.03000000000000025
10,2024-09-16,6.89042475494434e-05,0.0,-0.14999999999999947
10,2024-09-17,5.249509924535678e-05,0.0,-0.0600000000000005
10,2024-09-18,5.207043103430166e-05,0.0,0.07000000000000028
10,2024-09-19,0.0003370347477518646,0.0,0.08999999999999986
10,2024-09-20,6.411463130174797e-05,0.0,0.07000000000000028
10,2024-09-21,3.967005341921267e-05,0.0,0.05999999999999961
10,2024-09-22,0.00019210785811923147,0.0,0.0600000000000005
10,2024-09-23,7.062242276649477e-05,0.0,0.019999999999999574
10,2024-09-24,5.107988413962212e-05,0.0,0.11000000000000032
10,2024-09-25,0.00012122399670271567,0.0,0.040000000000000036
10,2024-09-26,3.30376970424258e-05,0.0,-0.0600000000000005
10,2024-09-27,6.986122632426021e-05,0.0,-0.019999999999999574
10,2024-09-28,5.145185540599543e-05,0.0,0.009999999999999787
10,2024-09-29,0.0005837962195185529,0.0,0.15000000000000036
10,2024-09-30,0.14709512244756806,0.0,0.13999999999999968
10,2024-10-01,0.000406859830602265,0.0,-0.04999999999999982
10,2024-10-02,4.2277214782149614e-05,0.0,-0.08000000000000007
10,2024-10-03,4.266441438734734e-05,0.0,0.1200000000000001
10,2024-10-04,6.838885488427118e-05,0.0,0.05999999999999961
10,2024-10-05,4.413413625164822e-05,0.0,0.040000000000000036
10,2024-10-06,0.0001671810333173667,0.0,0.08000000000000007
10,2024-10-07,5.1431027091340946e-05,0.0,-0.05999999999999961
10,2024-10-08,4.3499943729639627e-05,0.0,-0.10000000000000053
10,2024-10-09,0.00013548455838949006,0.0,-0.08999999999999986
10,2024-10-10,0.00023907806896424763,0.0,-0.009999999999999787
10,2024-10-11,0.00013820355653504848,0.0,-0.010000000000000675
10,2024-10-12,0.00019197294311630185,0.0,-0.0699999999999994
10,2024-10-13,0.00011963070360739975,0.0,-0.009999999999999787
10,2024-10-14,0.00012684914821798861,0.0,-0.14000000000000057
10,2024-10-15,6.63470889548681e-05,0.0,-0.10999999999999943
10,2024-10-16,0.00012684914821798861,0.0,0.0
10,2024-10-17,7.02482225756781e-05,0.0,-0.040000000000000036
10,2024-10-18,6.508228114272547e-05,0.0,-0.0600000000000005
10,2024-10-19,0.00013919589727566864,0.0,-0.08000000000000007
10,2024-10-20,0.000163369485042461,0.0,-0.1299999999999999
10,2024-10-21,0.0001406674976938504,0.0,-0.040000000000000036
10,2024-10-22,9.24125536214022e-05,0.0,-0.3200000000000003
10,2024-10-23,7.331996232420616e-05,0.0,-0.08999999999999986
10,2024-10-24,0.00013927303237685148,0.0,-0.040000000000000036
10,2024-10-25,5.630717717261063e-05,0.0,-0.09999999999999964
10,2024-10-26,0.00013594138167631373,0.0,-0.1200000000000001
10,2024-10-27,5.850584626794308e-05,0.0,-0.16999999999999993
10,2024-10-28,4.518844101283881e-05,0.0,-0.11000000000000032
10,2024-10-29,4.2725205934281484e-05,0.0,-0.09999999999999964
10,2024-10-30,4.2493001019580275e-05,0.0,-0.08999999999999986
10,2024-10-31,4.2725205934281484e-05,0.0,-0.08000000000000007
10,2025-05-01,0.9997781736301148,1.0,0.31000000000000005
10,2025-05-02,0.737016165441873,0.0,0.17999999999999972
10,2025-05-03,0.0006759632851495821,0.0,-0.03999999999999959
10,2025-05-04,4.243290213249071e-05,0.0,-0.14000000000000012
10,2025-05-05,7.552077827182324e-05,0.0,-0.18999999999999995
10,2025-05-06,7.008611043687978e-05,0.0,-0.16999999999999993
10,2025-05-07,5.2807102265560235e-05,0.0,-0.14000000000000012
10,2025-05-08,5.2807102265560235e-05,0.0,-0.10999999999999988
10,2025-05-09,5.6163305426846355e-05,0.0,-0.08000000000000007
10,2025-05-10,5.201146222816712e-05,0.0,-0.040000000000000036
10,2025-05-11,4.890335250946051e-05,0.0,0.0
10,2025-05-12,0.012512296154722862,0.0,0.009999999999999787
10,2025-05-13,0.00011439192443289054,0.0,0.020000000000000018
10,2025-05-14,5.285801579274739e-05,0.0,0.050000000000000266
10,2025-05-15,0.06321270781883039,0.0,0.09999999999999964
10,2025-05-16,0.00018741859449617623,0.0,0.16000000000000014
10,2025-05-17,0.21461640490003872,0.0,0.1200000000000001
10,2025-05-18,0.0003076116130822246,0.0,0.08999999999999986
10,2025-05-19,0.004779981704578519,0.0,0.08999999999999986
10,2025-05-20,0.8463930843299925,1.0,0.29000000000000004
10,2025-05-21,0.9959535953633857,1.0,0.33000000000000007
10,2025-05-22,0.938153602509303,0.0,0.20999999999999996
10,2025-05-23,0.0012801935091031533,0.0,0.16000000000000014
10,2025-05-24,0.0006296441229902758,0.0,0.09999999999999964
10,2025-05-25,0.0012694062917590696,0.0,0.020000000000000462
10,2025-05-26,0.001594811021997747,0.0,-0.040000000000000036
10,2025-05-27,7.403338482448764e-05,0.0,-0.0600000000000005
10,2025-05-28,5.911154599223524e-05,0.0,0.07000000000000028
10,2025-05-29,0.00012218507614787698,0.0,0.11000000000000032
10,2025-05-30,0.000733835293688931,0.0,-0.1299999999999999
10,2025-05-31,6.537877528705738e-05,0.0,-0.07000000000000028
10,2025-06-01,7.94593453498959e-05,0.0,0.03000000000000025
10,2025-06-02,0.011095469425627386,1.0,0.3199999999999994
10,2025-06-03,0.9997287552499637,1.0,0.5300000000000002
10,2025-06-04,0.9997373437369694,1.0,0.5499999999999998
10,2025-06-05,0.9996650672713266,1.0,0.3700000000000001
10,2025-06-06,0.26285188469234705,0.0,0.14000000000000057
10,2025-06-07,2.5802121983073292e-05,0.0,-0.07000000000000028
10,2025-06-08,3.813791736523996e-05,0.0,-0.2400000000000002
10,2025-06-09,6.908506748060474e-05,0.0,-0.29000000000000004
10,2025-06-10,4.938530470331878e-05,0.0,-0.22999999999999954
10,2025-06-11,5.574449641513293e-05,0.0,-0.20000000000000018
10,2025-06-12,5.436080892393136e-05,0.0,-0.23000000000000043
10,2025-06-13,5.75922909814894e-05,0.0,-0.1299999999999999
10,2025-06-14,5.758074032022209e-05,0.0,-0.09999999999999964
10,2025-06-15,5.758074032022209e-05,0.0,-0.11000000000000032
10,2025-06-16,5.4157015274315954e-05,0.0,-0.019999999999999574
10,2025-06-17,5.4452955248467065e-05,0.0,-0.10000000000000053
10,2025-06-18,4.890287087280584e-05,0.0,-0.02999999999999936
10,2025-06-19,6.32156259664722e-05,0.0,0.0
10,2025-06-20,7.921013392335123e-05,0.0,0.0
10,2025-06-21,0.00013215804112482352,0.0,0.08999999999999986
10,2025-06-22,0.004165527573042696,0.0,0.10999999999999943
10,2025-06-23,0.0008179324802071545,0.0,0.09000000000000075
10,2025-06-24,0.001683100602135231,0.0,0.15999999999999925
10,2025-06-25,0.9910884364969672,1.0,0.34000000000000075
10,2025-06-26,0.9989947246554558,1.0,0.3799999999999999
10,2025-06-27,0.3366442105707152,1.0,0.22999999999999954
10,2025-06-28,0.007635791944236794,0.0,0.10000000000000053
10,2025-06-29,0.0012037828974000037,0.0,0.04999999999999982
10,2025-06-30,4.298181326734088e-05,0.0,0.040000000000000036
10,2025-07-01,3.096369485361825e-05,0.0,-0.07000000000000028
10,2025-07-02,4.263198667346844e-05,0.0,-0.1200000000000001
10,2025-07-03,2.5592057037539735e-05,0.0,-0.13999999999999968
10,2025-07-04,6.39151348590987e-05,0.0,-0.1299999999999999
10,2025-07-05,5.09561863704237e-05,0.0,-0.0600000000000005
10,2025-07-06,5.546094238624208e-05,0.0,0.03000000000000025
10,2025-07-07,0.0001015352642874489,0.0,0.08000000000000007
10,2025-07-08,0.0004827375062499078,0.0,0.1299999999999999
10,2025-07-09,0.00019221945862523518,0.0,0.13999999999999968
10,2025-07-10,0.00028558141804781585,0.0,0.040000000000000036
10,2025-07-11,0.00015261775694161897,0.0,0.05000000000000071
10,2025-07-12,3.7710242502564934e-05,0.0,0.009999999999999787
10,2025-07-13,4.834378966901991e-05,0.0,0.04999999999999982
10,2025-07-14,0.0008083328681076932,0.0,0.05999999999999961
10,2025-07-15,8.48879237930036e-05,0.0,-0.09999999999999964
10,2025-07-16,8.520169281290835e-05,0.0,0.0
10,2025-07-17,0.00030559293478320926,0.0,0.09999999999999964
10,2025-07-18,0.00023389871446390228,0.0,0.13000000000000078
10,2025-07-19,0.00010981107161840763,0.0,0.009999999999999787
10,2025-07-20,2.8700592744788063e-05,0.0,0.08999999999999986
10,2025-07-21,0.00012160822142988222,0.0,0.1899999999999995
10,2025-07-22,0.0008523933419158435,0.0,0.10000000000000053
10,2025-07-23,7.38987982448549e-05,0.0,0.1200000000000001
10,2025-07-24,0.00013683644003425634,0.0,-0.020000000000000462
10,2025-07-25,6.726214807068017e-05,0.0,0.07000000000000028
10,2025-07-26,7.706218682065384e-05,0.0,-0.03000000000000025
10,2025-07-27,4.3809535293359714e-05,0.0,-0.08999999999999986
10,2025-07-28,5.279966105337522e-05,0.0,-0.11000000000000032
10,2025-07-29,0.0005422514415628776,0.0,-0.04999999999999982
10,2025-07-30,0.0002937411562620948,0.0,0.03000000000000025
10,2025-07-31,0.0006222257359091505,0.0,0.0
10,2025-08-01,0.0001267634546700317,0.0,-0.040000000000000036
10,2025-08-02,4.680485794713162e-05,0.0,0.009999999999999787
10,2025-08-03,8.690393773040458e-05,0.0,0.11000000000000032
10,2025-08-04,0.00018312305480122336,0.0,0.08000000000000007
10,2025-08-05,0.00028928690251283745,0.0,0.1299999999999999
10,2025-08-06,0.00038280982456544073,0.0,0.13999999999999968
10,2025-08-07,4.7168488552743826e-05,0.0,0.1299999999999999
10,2025-08-08,3.1333460473143156e-05,0.0,0.1200000000000001
10,2025-08-09,1.8402818900168634e-05,0.0,0.07000000000000028
10,2025-08-10,3.0397144875043918e-05,0.0,0.1200000000000001
10,2025-08-11,5.00375004839051e-05,0.0,0.08999999999999986
10,2025-08-12,2.2071248553032766e-05,0.0,0.11000000000000032
10,2025-08-13,2.6868324573299546e-05,0.0,0.05999999999999961
10,2025-08-14,3.599025668162326e-05,0.0,0.08000000000000007
10,2025-08-15,0.0003543927420664882,0.0,0.05000000000000071
10,2025-08-16,0.00015588033723540944,0.0,0.0
10,2025-08-17,4.1619536828417754e-05,0.0,-0.0600000000000005
10,2025-08-18,3.5565982280727294e-05,0.0,-0.04999999999999982
10,2025-08-19,5.0161322951238265e-05,0.0,-0.13000000000000078
10,2025-08-20,0.00011272809331529556,0.0,-0.15999999999999925
10,2025-08-21,0.00011291318987174555,0.0,-0.14000000000000057
10,2025-08-22,5.934469511630227e-05,0.0,-0.09999999999999964
10,2025-08-23,4.7633214509734875e-05,0.0,-0.08999999999999986
10,2025-08-24,4.153226530464858e-05,0.0,-0.08000000000000007
10,2025-08-25,3.3441365786839675e-05,0.0,-0.0600000000000005
10,2025-08-26,3.161844695225863e-05,0.0,-0.019999999999999574
10,2025-08-27,2.880866374496799e-05,0.0,0.0
10,2025-08-28,4.2199087351269684e-05,0.0,0.019999999999999574
10,2025-08-29,4.832975017959977e-05,0.0,0.03000000000000025
10,2025-08-30,5.576851766248242e-05,0.0,0.040000000000000036
10,2025-08-31,0.00010031844142579564,0.0,0.04999999999999982
10,2025-09-01,0.00011654460896682777,0.0,0.10000000000000053
10,2025-09-02,6.518078039979154e-05,0.0,0.05999999999999961
10,2025-09-03,2.4038892903630357e-05,0.0,0.08000000000000007
10,2025-09-04,1.9122810663604344e-05,0.0,0.03000000000000025
10,2025-09-05,3.4033142947268284e-05,0.0,-0.010000000000000675
10,2025-09-06,3.707070513238993e-05,0.0,-0.07999999999999918
10,2025-09-07,3.270459711459738e-05,0.0,-0.07000000000000028
10,2025-09-08,3.800496207888345e-05,0.0,-0.08000000000000007
10,2025-09-09,2.9310141851001325e-05,0.0,-0.04999999999999982
10,2025-09-10,2.9310141851001325e-05,0.0,-0.010000000000000675
10,2025-09-11,2.7224495545490607e-05,0.0,0.0
10,2025-09-12,3.889608111243104e-05,0.0,0.010000000000000675
10,2025-09-13,4.4419137175803204e-05,0.0,0.040000000000000036
10,2025-09-14,4.964781102486583e-05,0.0,0.02999999999999936
10,2025-09-15,2.7560723486169937e-05,0.0,0.05000000000000071
10,2025-09-16,4.5534523704591854e-05,0.0,0.0699999999999994
10,2025-09-17,3.430793513028743e-05,0.0,0.08999999999999986
10,2025-09-18,8.958936168941572e-05,0.0,0.07000000000000028
10,2025-09-19,2.353590791711444e-05,0.0,0.009999999999999787
10,2025-09-20,6.283400151411697e-05,0.0,0.020000000000000462
10,2025-09-21,4.833270380095272e-05,0.0,0.019999999999999574
10,2025-09-22,3.8497036738474954e-05,0.0,-0.019999999999999574
10,2025-09-23,3.289763435574505e-05,0.0,-0.0600000000000005
10,2025-09-24,3.289763435574505e-05,0.0,-0.02999999999999936
10,2025-09-25,3.550899267988245e-05,0.0,-0.08999999999999986
10,2025-09-26,7.39199897194618e-05,0.0,-0.09000000000000075
10,2025-09-27,0.00011357960052793878,0.0,-0.16999999999999993
10,2025-09-28,0.00022001759660407854,0.0,-0.20999999999999996
10,2025-09-29,7.837727668524965e-05,0.0,-0.17999999999999972
10,2025-09-30,7.837727668524965e-05,0.0,-0.08999999999999986
10,2025-10-01,7.837727668524965e-05,0.0,-0.08000000000000007
10,2025-10-02,7.837727668524965e-05,0.0,-0.0600000000000005
10,2025-10-03,4.0875313640172045e-05,0.0,-0.08999999999999986
10,2025-10-04,4.0808302655848306e-05,0.0,-0.0699999999999994
10,2025-10-05,4.6532460816080215e-05,0.0,0.0
10,2025-10-06,0.005442014594978674,0.0,0.17999999999999972
10,2025-10-07,0.9884910071363906,1.0,0.2699999999999996
10,2025-10-08,0.0011052744046403987,0.0,0.0600000000000005
10,2025-10-09,3.531106280336538e-05,0.0,-0.0600000000000005
10,2025-10-10,4.957207549329038e-05,0.0,-0.05999999999999961
10,2025-10-11,8.251932464786394e-05,0.0,-0.07000000000000028
10,2025-10-12,9.163673868284872e-05,0.0,-0.09999999999999964
10,2025-10-13,6.151713002936716e-05,0.0,-0.16000000000000014
10,2025-10-14,7.837727668524965e-05,0.0,-0.20000000000000018
10,2025-10-15,7.837727668524965e-05,0.0,-0.1299999999999999
10,2025-10-16,8.407710580093941e-05,0.0,-0.09999999999999964
10,2025-10-17,8.407710580093941e-05,0.0,-0.10000000000000053
10,2025-10-18,7.682139695259833e-05,0.0,0.0
10,2025-10-19,4.384800784580048e-05,0.0,-0.05999999999999961
10,2025-10-20,4.4651035888278084e-05,0.0,-0.10000000000000053
10,2025-10-21,7.271997458237168e-05,0.0,-0.10999999999999943
10,2025-10-22,5.950801126539409e-05,0.0,-0.10000000000000053
10,2025-10-23,5.630717717261063e-05,0.0,-0.10999999999999943
10,2025-10-24,5.630717717261063e-05,0.0,-0.10000000000000053
10,2025-10-25,4.512102111462386e-05,0.0,-0.1299999999999999
10,2025-10-26,4.518844101283881e-05,0.0,-0.1299999999999999
10,2025-10-27,4.518844101283881e-05,0.0,-0.1299999999999999
10,2025-10-28,4.970554352127467e-05,0.0,-0.09999999999999964
10,2025-10-29,4.518844101283881e-05,0.0,-0.07000000000000028
10,2025-10-30,4.970554352127467e-05,0.0,-0.09999999999999964
10,2025-10-31,4.2725205934281484e-05,0.0,-0.040000000000000036
12,2022-05-01,0.0012801104094440768,0.0,-0.009999999999999787
12,2022-05-02,0.0025668675310512004,0.0,0.019999999999999574
12,2022-05-03,0.00037969488210202573,0.0,0.040000000000000036
12,2022-05-04,0.0008754536105776644,0.0,-0.040000000000000036
12,2022-05-05,0.0001616618287639015,0.0,-0.10999999999999988
12,2022-05-06,7.148318085295932e-05,0.0,-0.1200000000000001
12,2022-05-07,0.00024011245056429706,0.0,-0.09999999999999987
12,2022-05-08,0.0002173618357079779,0.0,-0.06999999999999984
12,2022-05-09,0.0003832594416819961,0.0,0.039999999999999813
12,2022-05-10,0.002294295119520327,0.0,0.10000000000000009
12,2022-05-11,0.0055440246035817495,0.0,0.1200000000000001
12,2022-05-12,0.23263368110519764,0.0,0.10000000000000009
12,2022-05-13,0.04163007554927531,0.0,0.13999999999999968
12,2022-05-14,0.7441804115346685,0.0,0.10000000000000009
12,2022-05-15,0.023854268797889065,0.0,0.10000000000000009
12,2022-05-16,0.21807967041908513,0.0,0.06000000000000005
12,2022-05-17,0.9528546144778939,0.0,0.08000000000000007
12,2022-05-18,0.9979361086137063,1.0,0.23999999999999977
12,2022-05-19,0.9957874224145449,1.0,0.4500000000000002
12,2022-05-20,0.9677496590163547,1.0,0.2599999999999998
12,2022-05-21,0.08766091019179306,0.0,0.10000000000000009
12,2022-05-22,0.00011698570081123774,0.0,0.06000000000000005
12,2022-05-23,0.009452193821082148,0.0,0.04999999999999982
12,2022-05-24,0.0011479844701613364,0.0,0.010000000000000231
12,2022-05-25,0.0002837271489470193,0.0,-0.07000000000000028
12,2022-05-26,8.284088410514363e-05,0.0,-0.09999999999999964
12,2022-05-27,0.0001220796764354786,0.0,-0.15000000000000036
12,2022-05-28,0.00028289144800745016,0.0,-0.09999999999999964
12,2022-05-29,0.00016849953682494137,0.0,-0.11000000000000032
12,2022-05-30,0.00013494960570592483,0.0,-0.1299999999999999
12,2022-05-31,0.00010792849320116284,0.0,-0.06999999999999984
12,2022-06-01,0.0001583923845128484,0.0,-0.06000000000000005
12,2022-06-02,0.0001648863630566126,0.0,0.0
12,2022-06-03,0.00028273532680786435,0.0,0.020000000000000018
12,2022-06-04,0.0003323193466111994,0.0,-0.020000000000000018
12,2022-06-05,0.0036696039738850173,0.0,-0.040000000000000036
12,2022-06-06,0.00021308797265807156,0.0,0.040000000000000036
12,2022-06-07,0.05129517444145677,0.0,0.08000000000000007
12,2022-06-08,0.34559678107682856,0.0,0.1299999999999999
12,2022-06-09,0.05759937708101846,0.0,0.08000000000000007
12,2022-06-10,0.005137708737136763,0.0,0.1299999999999999
12,2022-06-11,0.02804995443261821,0.0,0.1499999999999999
12,2022-06-12,0.04406360519357567,0.0,0.10000000000000009
12,2022-06-13,0.27669557235250075,0.0,0.14000000000000012
12,2022-06-14,0.9685802049415257,0.0,0.14000000000000012
12,2022-06-15,0.15273840706305247,0.0,0.09999999999999964
12,2022-06-16,0.9097192392573803,1.0,0.20999999999999996
12,2022-06-17,0.9912614281044666,1.0,0.20999999999999996
12,2022-06-18,0.914992584237079,0.0,0.1200000000000001
12,2022-06-19,0.018880545584840282,1.0,0.16999999999999993
12,2022-06-20,0.051029467422718564,1.0,0.16999999999999993
12,2022-06-21,0.009362203017153946,0.0,0.08000000000000007
12,2022-06-22,0.00024664601636759787,0.0,0.009999999999999787
12,2022-06-23,0.00021214970957919677,0.0,-0.02999999999999936
12,2022-06-24,4.082124701732913e-05,0.0,-0.05000000000000071
12,2022-06-25,6.649029186497664e-05,0.0,-0.1899999999999995
12,2022-06-26,0.00014097026308768036,0.0,-0.20999999999999996
12,2022-06-27,0.0003403269527736492,0.0,-0.17999999999999972
12,2022-06-28,0.0003566174654267776,0.0,-0.05000000000000071
12,2022-06-29,0.0003102561608342488,0.0,0.03000000000000025
12,2022-06-30,0.22654240102459494,0.0,0.1200000000000001
12,2022-07-01,0.05999637324155221,0.0,0.04999999999999982
12,2022-07-02,0.003520352456537597,0.0,0.08999999999999986
12,2022-07-03,0.001088616183706869,0.0,0.08000000000000007
12,2022-07-04,0.0001833971810476462,0.0,-0.019999999999999574
12,2022-07-05,0.0006121856096347711,0.0,0.0
12,2022-07-06,0.00013682254306189253,0.0,-0.15000000000000036
12,2022-07-07,0.00010050068046923683,0.0,-0.17999999999999972
12,2022-07-08,0.00010269235111150895,0.0,-0.1200000000000001
12,2022-07-09,0.0003028761525423496,0.0,-0.04999999999999982
12,2022-07-10,0.0003028761525423496,0.0,-0.03000000000000025
12,2022-07-11,0.0002964402915676777,0.0,-0.03000000000000025
12,2022-07-12,0.00015692505113128782,0.0,-0.009999999999999787
12,2022-07-13,0.001021070034721794,0.0,-0.019999999999999574
12,2022-07-14,0.0011415522664824209,0.0,-0.08000000000000007
12,2022-07-15,0.00030760240154422953,0.0,-0.05000000000000071
12,2022-07-16,0.00014727884379556555,0.0,-0.02999999999999936
12,2022-07-17,0.0002221914442517467,0.0,-0.0900000000000003
12,2022-07-18,0.00031263214599811076,0.0,-0.1299999999999999
12,2022-07-19,0.00015784408248777635,0.0,-0.10999999999999988
12,2022-07-20,0.00032320378928659495,0.0,-0.11000000000000032
12,2022-07-21,0.0002269875549541548,0.0,-0.09999999999999964
12,2022-07-22,0.000944585883585392,0.0,-0.050000000000000266
12,2022-07-23,0.00014995201182087776,0.0,0.040000000000000036
12,2022-07-24,0.003305823346075617,0.0,0.10000000000000009
12,2022-07-25,0.3716493560495952,0.0,0.1299999999999999
12,2022-07-26,0.015680899093226508,0.0,0.10000000000000009
12,2022-07-27,0.004183460531747052,0.0,0.06000000000000005
12,2022-07-28,0.0006085871978976714,0.0,0.06000000000000005
12,2022-07-29,0.0005596544536168767,0.0,0.04999999999999982
12,2022-07-30,0.002359559080709516,0.0,0.03000000000000025
12,2022-07-31,0.0015915076596705532,0.0,0.07999999999999963
12,2022-08-01,0.01489373076916442,0.0,0.040000000000000036
12,2022-08-02,0.005555908961429135,0.0,0.10000000000000053
12,2022-08-03,0.7105677986524216,1.0,0.23999999999999932
12,2022-08-04,0.24286466836415022,0.0,0.11000000000000032
12,2022-08-05,0.0011436970218635554,0.0,0.03000000000000025
12,2022-08-06,0.00033104750768079227,0.0,0.02999999999999936
12,2022-08-07,0.00010172208002404055,0.0,0.020000000000000462
12,2022-08-08,0.00035736736777620937,0.0,0.04999999999999982
12,2022-08-09,0.002323651245469077,0.0,0.08000000000000007
12,2022-08-10,0.009055802568271232,0.0,0.0
12,2022-08-11,0.0007168561226619123,0.0,-0.15000000000000036
12,2022-08-12,0.0001577015389540173,0.0,-0.08000000000000007
12,2022-08-13,0.00026744662503635293,0.0,0.10000000000000053
12,2022-08-14,0.012949445738210635,0.0,-0.1299999999999999
12,2022-08-15,0.00025956746179903146,0.0,-0.1900000000000004
12,2022-08-16,0.0001470166186265074,0.0,-0.20000000000000018
12,2022-08-17,0.0002629586505121733,0.0,-0.16999999999999948
12,2022-08-18,0.0002943793313946297,0.0,0.040000000000000036
12,2022-08-19,0.016597535500736456,0.0,0.04999999999999938
12,2022-08-20,0.033477156445993805,0.0,-0.1599999999999997
12,2022-08-21,0.000726596365855829,0.0,-0.08999999999999986
12,2022-08-22,0.0008325478251397183,0.0,0.06999999999999984
12,2022-08-23,0.054279231568213064,1.0,0.17999999999999972
12,2022-08-24,0.01322383827340614,0.0,-0.009999999999999787
12,2022-08-25,0.0008022562971928829,0.0,-0.009999999999999787
12,2022-08-26,0.0001780827961251979,0.0,0.009999999999999787
12,2022-08-27,0.002957964127301147,0.0,0.07000000000000028
12,2022-08-28,0.015921504865417754,0.0,0.0
12,2022-08-29,0.0018617589271267073,0.0,0.03000000000000025
12,2022-08-30,0.0005377762580913507,0.0,0.08000000000000007
12,2022-08-31,0.003758834352305492,0.0,0.1299999999999999
12,2022-09-01,0.003968512223740334,0.0,0.09999999999999964
12,2022-09-02,0.0005724278037115164,0.0,0.0600000000000005
12,2022-09-03,0.004176298784793874,0.0,0.09999999999999964
12,2022-09-04,0.0006207647076910682,0.0,0.04999999999999982
12,2022-09-05,0.0001405403925097871,0.0,0.020000000000000462
12,2022-09-06,7.791221800119763e-05,0.0,0.019999999999999574
12,2022-09-07,0.0003411318010223949,0.0,0.009999999999999787
12,2022-09-08,0.0005546533833591465,0.0,0.05000000000000071
12,2022-09-09,0.004716825769775017,0.0,0.09999999999999964
12,2022-09-10,0.5293139531009103,0.0,0.08999999999999986
12,2022-09-11,0.14342907455348874,0.0,0.04999999999999982
12,2022-09-12,0.004053697011907163,0.0,-0.019999999999999574
12,2022-09-13,0.002287127728129446,0.0,-0.08999999999999986
12,2022-09-14,0.00012266538728212026,0.0,-0.20000000000000018
12,2022-09-15,0.0001500470434462226,0.0,-0.1200000000000001
12,2022-09-16,0.00018292583801864549,0.0,-0.20999999999999996
12,2022-09-17,0.0002185869120855844,0.0,-0.16000000000000014
12,2022-09-18,0.0002147432047043568,0.0,-0.09999999999999964
12,2022-09-19,0.001153323477069551,0.0,0.08999999999999986
12,2022-09-20,0.003952746888138811,0.0,0.009999999999999787
12,2022-09-21,0.0004186254482223671,0.0,-0.040000000000000036
12,2022-09-22,6.752159464169151e-05,0.0,-0.04999999999999982
12,2022-09-23,0.00021907077943597928,0.0,0.04999999999999982
12,2022-09-24,0.0011107036921261355,0.0,0.040000000000000036
12,2022-09-25,0.0004192259053545755,0.0,0.07000000000000028
12,2022-09-26,0.0002752695775993658,0.0,0.08999999999999986
12,2022-09-27,7.700434407249055e-05,0.0,0.07000000000000028
12,2022-09-28,0.00010573491163929807,0.0,0.040000000000000036
12,2022-09-29,0.00027883436317813556,0.0,0.02999999999999936
12,2022-09-30,0.00012082354116069612,0.0,-0.040000000000000036
12,2022-10-01,0.00010943529727443696,0.0,-0.019999999999999574
12,2022-10-02,0.0002454286778712134,0.0,0.03000000000000025
12,2022-10-03,0.00029943491441126845,0.0,-0.08000000000000007
12,2022-10-04,0.0001208175879746003,0.0,-0.07000000000000028
12,2022-10-05,6.273493254006886e-05,0.0,-0.07000000000000028
12,2022-10-06,9.193602155691048e-05,0.0,-0.0699999999999994
12,2022-10-07,0.00022518171330043093,0.0,-0.040000000000000036
12,2022-10-08,0.00031678977871989704,0.0,0.019999999999999574
12,2022-10-09,0.0009686837180327881,0.0,0.020000000000000462
12,2022-10-10,0.0011841065877404224,0.0,0.019999999999999574
12,2022-10-11,0.00032693828162406525,0.0,0.07000000000000028
12,2022-10-12,0.017654054703407245,0.0,0.08999999999999986
12,2022-10-13,0.06005275434425333,0.0,0.1200000000000001
12,2022-10-14,0.6724563331694272,0.0,0.1299999999999999
12,2022-10-15,0.002691864086797932,0.0,0.05999999999999961
12,2022-10-16,0.00020461162579685362,0.0,0.05000000000000071
12,2022-10-17,9.967219817916965e-05,0.0,0.019999999999999574
12,2022-10-18,0.00045316188108502356,0.0,-0.03000000000000025
12,2022-10-19,0.0007723773560332155,0.0,-0.05999999999999961
12,2022-10-20,0.00016194705233339287,0.0,-0.03000000000000025
12,2022-10-21,0.00025386362247461483,0.0,-0.10999999999999943
12,2022-10-22,0.00019789334678062178,0.0,-0.11000000000000032
12,2022-10-23,0.00022084909150027756,0.0,0.03000000000000025
12,2022-10-24,0.010867904079500453,1.0,0.16999999999999993
12,2022-10-25,0.016586698225165467,0.0,-0.29000000000000004
12,2022-10-26,0.0005554248959264807,0.0,-0.23000000000000043
12,2022-10-27,0.0009521598198181655,0.0,-0.18999999999999995
12,2022-10-28,0.001624439674086887,0.0,-0.13999999999999968
12,2022-10-29,0.0011114663385637371,0.0,-0.11000000000000032
12,2022-10-30,0.0009707359959869515,0.0,-0.06999999999999984
12,2022-10-31,0.0006373208068579583,0.0,-0.06999999999999984
12,2023-05-01,0.04600374998350276,0.0,0.10000000000000009
12,2023-05-02,0.050311620602225736,1.0,0.18999999999999995
12,2023-05-03,0.077484509344947,0.0,0.10000000000000009
12,2023-05-04,0.005121257431611963,0.0,0.07999999999999985
12,2023-05-05,0.010204308646775986,0.0,0.06000000000000005
12,2023-05-06,0.03043310193206889,0.0,-0.030000000000000027
12,2023-05-07,0.00046705735854804314,0.0,-0.020000000000000018
12,2023-05-08,0.0010686358807935107,0.0,-0.040000000000000036
12,2023-05-09,0.0004978952220629258,0.0,0.0
12,2023-05-10,0.004557517400744918,0.0,0.13000000000000012
12,2023-05-11,0.45883929419061403,0.0,0.08999999999999986
12,2023-05-12,0.09294254482195213,0.0,0.16000000000000014
12,2023-05-13,0.7034126084055824,0.0,0.11999999999999988
12,2023-05-14,0.06754953222693148,0.0,0.040000000000000036
12,2023-05-15,0.001122737425182764,1.0,0.2400000000000002
12,2023-05-16,0.036829733248642874,0.0,0.009999999999999787
12,2023-05-17,0.0010555327349063258,0.0,0.020000000000000018
12,2023-05-18,0.0002853894257446005,0.0,-0.04999999999999982
12,2023-05-19,0.00011996177403659818,0.0,-0.010000000000000231
12,2023-05-20,0.00012510097801098302,0.0,-0.10999999999999988
12,2023-05-21,0.00025498263542384126,0.0,-0.06000000000000005
12,2023-05-22,0.00024065789606084954,0.0,-0.06000000000000005
12,2023-05-23,0.0001439960975275728,0.0,-0.09999999999999987
12,2023-05-24,0.00020559381177831976,0.0,-0.010000000000000009
12,2023-05-25,0.0008504997175964874,0.0,0.0
12,2023-05-26,0.0008905139279190083,0.0,-0.040000000000000036
12,2023-05-27,0.00011299855659241981,0.0,-0.030000000000000027
12,2023-05-28,0.00011185269388173561,0.0,-0.030000000000000027
12,2023-05-29,0.0002599323928831094,0.0,0.030000000000000027
12,2023-05-30,0.002594657338798819,0.0,0.07000000000000006
12,2023-05-31,0.02256932573544386,0.0,0.10999999999999988
12,2023-06-01,0.10379318309057038,0.0,0.08000000000000007
12,2023-06-02,0.19888146609043666,0.0,0.06999999999999984
12,2023-06-03,0.05594054618276961,0.0,0.050000000000000266
12,2023-06-04,0.0035228989886387347,0.0,0.0
12,2023-06-05,0.0005847570807704359,0.0,-0.020000000000000018
12,2023-06-06,0.004677972111061413,0.0,-0.06000000000000005
12,2023-06-07,0.00045144029189077257,0.0,-0.08000000000000007
12,2023-06-08,0.00011087134435277957,0.0,-0.050000000000000044
12,2023-06-09,0.00016624180164068794,0.0,0.040000000000000036
12,2023-06-10,0.0016140522537208353,0.0,0.039999999999999813
12,2023-06-11,0.001758669234580722,0.0,0.06000000000000005
12,2023-06-12,0.0021580651042074836,0.0,0.050000000000000266
12,2023-06-13,0.012669161147750867,0.0,0.1200000000000001
12,2023-06-14,0.21721138533695833,0.0,0.08999999999999986
12,2023-06-15,0.08177654136414873,0.0,0.06999999999999984
12,2023-06-16,0.23084309345754478,0.0,0.14000000000000012
12,2023-06-17,0.9960752208826607,1.0,0.23999999999999977
12,2023-06-18,0.9977974793494628,1.0,0.41000000000000014
12,2023-06-19,0.9975001470163152,1.0,0.3999999999999999
12,2023-06-20,0.9796690279810779,1.0,0.3400000000000003
12,2023-06-21,0.9909476422778445,0.0,0.16999999999999948
12,2023-06-22,0.00852584537054661,0.0,0.10000000000000053
12,2023-06-23,8.864776590530418e-05,0.0,0.040000000000000036
12,2023-06-24,0.0003463762396004861,0.0,-0.040000000000000036
12,2023-06-25,0.00010219651796856648,0.0,-0.040000000000000036
12,2023-06-26,0.00015104091684608057,0.0,-0.04999999999999982
12,2023-06-27,0.000555600514426399,0.0,-0.11000000000000032
12,2023-06-28,0.0003781914884533516,0.0,-0.1299999999999999
12,2023-06-29,7.090272805513507e-05,0.0,-0.1499999999999999
12,2023-06-30,7.148958829187234e-05,0.0,-0.050000000000000266
12,2023-07-01,7.868200138227884e-05,0.0,-0.009999999999999787
12,2023-07-02,0.0017110567003990993,0.0,0.029999999999999805
12,2023-07-03,0.007916323152307794,0.0,0.06000000000000005
12,2023-07-04,0.01943856794857088,0.0,0.10999999999999988
12,2023-07-05,0.16075467788797318,1.0,0.27
12,2023-07-06,0.21477582851823968,0.0,0.15000000000000036
12,2023-07-07,0.001295838549793039,0.0,-0.04999999999999982
12,2023-07-08,0.00034683239311911266,0.0,-0.03000000000000025
12,2023-07-09,0.0003158510729761694,0.0,-0.04999999999999982
12,2023-07-10,0.00018068327278650425,0.0,0.019999999999999574
12,2023-07-11,0.0005239958687770917,0.0,0.03000000000000025
12,2023-07-12,0.0006845051596009189,0.0,0.0699999999999994
12,2023-07-13,0.004618335573376566,0.0,0.11000000000000032
12,2023-07-14,0.08202478321216534,0.0,0.15000000000000036
12,2023-07-15,0.3341244151030373,0.0,0.14999999999999947
12,2023-07-16,0.0026516695986876586,0.0,0.010000000000000675
12,2023-07-17,0.0029771104830778514,0.0,-0.020000000000000462
12,2023-07-18,7.054118561377264e-05,0.0,0.0
12,2023-07-19,0.0005700976673261208,0.0,-0.019999999999999574
12,2023-07-20,0.001371029146925318,0.0,-0.020000000000000462
12,2023-07-21,0.00017348876258032185,0.0,-0.04999999999999982
12,2023-07-22,0.0004235786664117774,0.0,-0.08999999999999986
12,2023-07-23,0.00014212177871884664,0.0,-0.14000000000000057
12,2023-07-24,0.00015723763983574045,0.0,-0.1299999999999999
12,2023-07-25,0.00013943655349597594,0.0,0.020000000000000462
12,2023-07-26,0.005069303378092119,0.0,-0.08000000000000007
12,2023-07-27,0.0006220789533395221,0.0,-0.07000000000000028
12,2023-07-28,0.0005119459924935328,0.0,-0.03000000000000025
12,2023-07-29,0.0004051204914944881,0.0,-0.019999999999999574
12,2023-07-30,0.000420135626985028,0.0,0.03000000000000025
12,2023-07-31,0.0004234599658343623,0.0,0.08999999999999986
12,2023-08-01,0.002076895873689453,1.0,0.2699999999999996
12,2023-08-02,0.0667422104216466,0.0,-0.05999999999999961
12,2023-08-03,0.0002270251838308377,0.0,0.009999999999999787
12,2023-08-04,0.00018330457792360884,0.0,0.009999999999999787
12,2023-08-05,0.00023011197906125226,0.0,0.0
12,2023-08-06,0.0003509055508596143,0.0,-0.04999999999999982
12,2023-08-07,0.00010571713012912262,0.0,-0.009999999999999787
12,2023-08-08,0.0003393827514682937,0.0,-0.03000000000000025
12,2023-08-09,0.00027472883391111796,0.0,0.0
12,2023-08-10,0.0009289183841403648,0.0,0.07000000000000028
12,2023-08-11,0.013335725223195571,0.0,0.11000000000000032
12,2023-08-12,0.014046096309504846,0.0,0.10999999999999943
12,2023-08-13,0.00043929416381552317,0.0,0.0600000000000005
12,2023-08-14,0.0001882037549823816,0.0,0.040000000000000036
12,2023-08-15,0.00025736636391814803,0.0,0.0699999999999994
12,2023-08-16,0.00018612424580365756,0.0,0.04999999999999982
12,2023-08-17,0.0035201161844365093,0.0,0.08000000000000007
12,2023-08-18,0.023645403729742744,0.0,0.05000000000000071
12,2023-08-19,0.004913906265059027,0.0,-0.07000000000000028
12,2023-08-20,0.0003525817368306526,0.0,-0.08999999999999986
12,2023-08-21,0.00015171838195804222,0.0,-0.10000000000000053
12,2023-08-22,0.00021110443323387173,0.0,-0.09999999999999964
12,2023-08-23,0.0005122347172059358,0.0,-0.08999999999999986
12,2023-08-24,0.0002520267456847791,0.0,-0.08000000000000007
12,2023-08-25,0.0001970506129748728,0.0,-0.0600000000000005
12,2023-08-26,0.0003684135953045123,0.0,0.020000000000000462
12,2023-08-27,0.002767262681892194,0.0,0.11000000000000032
12,2023-08-28,0.02696114985586246,0.0,0.0699999999999994
12,2023-08-29,0.0012992632456209476,0.0,0.10000000000000053
12,2023-08-30,0.0006203297804389935,0.0,0.13999999999999968
12,2023-08-31,0.0007344027982440223,0.0,0.1299999999999999
12,2023-09-01,0.0002588745207935791,0.0,0.08999999999999986
12,2023-09-02,2.5932373965351035e-05,0.0,0.0600000000000005
12,2023-09-03,8.615647332581735e-05,0.0,-0.010000000000000675
12,2023-09-04,0.0005168437397137329,0.0,-0.14999999999999947
12,2023-09-05,8.650661174575425e-05,0.0,-0.20999999999999996
12,2023-09-06,0.00021260434616243173,0.0,-0.16999999999999993
12,2023-09-07,0.0002632836406057235,0.0,-0.14000000000000057
12,2023-09-08,0.000263261388041889,0.0,-0.2599999999999998
12,2023-09-09,0.0004042626394408928,0.0,-0.18999999999999995
12,2023-09-10,0.0004042968055272504,0.0,-0.16000000000000014
12,2023-09-11,0.00036553786948772,0.0,-0.06999999999999984
12,2023-09-12,0.0005107524613575114,0.0,0.03000000000000025
12,2023-09-13,0.006507236219407804,0.0,0.06999999999999984
12,2023-09-14,0.13049059460851842,0.0,-0.050000000000000266
12,2023-09-15,0.0006832117727427158,0.0,-0.1499999999999999
12,2023-09-16,0.00015461716564610543,0.0,-0.08000000000000007
12,2023-09-17,0.0002493627084445567,0.0,-0.009999999999999787
12,2023-09-18,0.0016265637422094759,0.0,0.040000000000000036
12,2023-09-19,0.008681357893806894,0.0,0.10999999999999988
12,2023-09-20,8.471144781796531e-05,0.0,-0.040000000000000036
12,2023-09-21,7.079735576557312e-05,0.0,-0.1200000000000001
12,2023-09-22,0.00010314712080245529,0.0,-0.07999999999999963
12,2023-09-23,0.00013996284617858693,0.0,0.040000000000000036
12,2023-09-24,0.00035241999627206796,0.0,0.07999999999999963
12,2023-09-25,0.0014041582831079327,0.0,0.1200000000000001
12,2023-09-26,0.0004612708006457029,0.0,0.1299999999999999
12,2023-09-27,7.122153049536232e-05,0.0,0.11000000000000032
12,2023-09-28,0.00011242195873859076,0.0,0.10999999999999943
12,2023-09-29,0.0008606003516010543,0.0,0.16000000000000014
12,2023-09-30,0.009008219217440492,0.0,0.07000000000000028
12,2023-10-01,0.00027309124473982334,0.0,-0.03000000000000025
12,2023-10-02,0.00021507286544696387,0.0,-0.019999999999999574
12,2023-10-03,6.464233865305385e-05,0.0,-0.07000000000000028
12,2023-10-04,0.00015890969720881216,0.0,-0.08999999999999986
12,2023-10-05,0.0002211582707594023,0.0,0.009999999999999787
12,2023-10-06,0.0006275091678861395,0.0,-0.07999999999999963
12,2023-10-07,0.0001049228643652102,0.0,-0.0900000000000003
12,2023-10-08,0.00026091781465792933,0.0,-0.06999999999999984
12,2023-10-09,0.0008353714901417436,0.0,-0.040000000000000036
12,2023-10-10,0.0001814127118448769,0.0,0.020000000000000018
12,2023-10-11,0.00017598362190149945,0.0,0.029999999999999805
12,2023-10-12,0.00016104393008612255,0.0,0.0
12,2023-10-13,0.0001275041677677653,0.0,0.010000000000000231
12,2023-10-14,0.0013753926143998873,0.0,-0.020000000000000018
12,2023-10-15,0.002463407851290554,0.0,0.0
12,2023-10-16,0.0015096030294931245,0.0,-0.03000000000000025
12,2023-10-17,0.00018150521078903073,0.0,-0.07999999999999963
12,2023-10-18,0.00020005155708373312,0.0,-0.13000000000000034
12,2023-10-19,0.0005073458444424496,0.0,-0.16999999999999993
12,2023-10-20,0.0005520224995470725,0.0,-0.16999999999999993
12,2023-10-21,0.0005044347385728567,0.0,-0.1299999999999999
12,2023-10-22,0.00046303531146009165,0.0,-0.16000000000000014
12,2023-10-23,0.00047598013644397453,0.0,-0.04999999999999982
12,2023-10-24,0.0004015505447229821,0.0,-0.040000000000000036
12,2023-10-25,0.000961783255704626,0.0,-0.03000000000000025
12,2023-10-26,0.0003595567769462182,0.0,-0.04999999999999982
12,2023-10-27,0.0005850355867236409,0.0,-0.06000000000000005
12,2023-10-28,0.00034303150998754383,0.0,-0.06000000000000005
12,2023-10-29,0.00031414881186576617,0.0,-0.10000000000000009
12,2023-10-30,0.0009472889006156367,0.0,-0.09999999999999964
12,2023-10-31,0.0004284747860056854,0.0,-0.08000000000000007
12,2024-05-01,0.4355878662575692,0.0,0.06000000000000005
12,2024-05-02,0.04142181580753638,0.0,0.08000000000000007
12,2024-05-03,0.2322597923897282,0.0,0.05999999999999983
12,2024-05-04,0.04875679853353176,0.0,0.10000000000000009
12,2024-05-05,0.08433939785901098,1.0,0.19999999999999996
12,2024-05-06,0.7899576174441005,0.0,0.0
12,2024-05-07,0.003090961893935277,0.0,0.020000000000000018
12,2024-05-08,0.0005506896224972636,0.0,-0.1399999999999999
12,2024-05-09,0.0003419206585859046,0.0,-0.030000000000000027
12,2024-05-10,0.0059223437256285755,0.0,0.010000000000000009
12,2024-05-11,0.004524186899936834,0.0,-0.040000000000000036
12,2024-05-12,0.0011247296710065436,0.0,-0.10000000000000009
12,2024-05-13,0.0005016340164518463,0.0,-0.1399999999999999
12,2024-05-14,0.00018137968122955786,0.0,-0.1200000000000001
12,2024-05-15,0.00025976121752901494,0.0,-0.10999999999999988
12,2024-05-16,0.00035752184489802277,0.0,-0.030000000000000027
12,2024-05-17,0.0003094940637314045,0.0,0.06000000000000005
12,2024-05-18,0.01638067994483831,0.0,0.06000000000000005
12,2024-05-19,0.3438712591854385,0.0,0.06999999999999984
12,2024-05-20,0.2724563539714398,0.0,0.040000000000000036
12,2024-05-21,0.036497519398169274,0.0,0.10000000000000009
12,2024-05-22,0.19352627638457598,0.0,0.08999999999999986
12,2024-05-23,0.22508021354335297,0.0,0.09000000000000008
12,2024-05-24,0.03015243604199764,0.0,0.08000000000000007
12,2024-05-25,0.07539862175145048,1.0,0.28
12,2024-05-26,0.9137584191008726,1.0,0.8399999999999999
12,2024-05-27,0.28420365608390585,0.0,-0.2799999999999998
12,2024-05-28,2.5693075452974065e-05,0.0,-0.31000000000000005
12,2024-05-29,9.278169399202359e-05,0.0,-0.1499999999999999
12,2024-05-30,7.892778303123822e-05,0.0,-0.1200000000000001
12,2024-05-31,0.0001495806534146426,0.0,-0.08000000000000007
12,2024-06-01,0.0009237315414071379,0.0,0.1299999999999999
12,2024-06-02,0.7354681644530562,1.0,0.20000000000000018
12,2024-06-03,0.9768097676778154,1.0,0.21999999999999975
12,2024-06-04,0.9860426897796363,1.0,0.2200000000000002
12,2024-06-05,0.17715154847854386,0.0,0.14000000000000012
12,2024-06-06,0.09858515807382416,0.0,0.09999999999999964
12,2024-06-07,0.0016293937443403802,0.0,0.040000000000000036
12,2024-06-08,0.003449019295878231,0.0,0.010000000000000231
12,2024-06-09,0.0001757625849107624,0.0,-0.040000000000000036
12,2024-06-10,9.35713287022075e-05,0.0,-0.06999999999999984
12,2024-06-11,0.00026151945940728987,0.0,-0.0900000000000003
12,2024-06-12,0.00013244779566946394,0.0,-0.020000000000000018
12,2024-06-13,0.0012011927761421796,0.0,-0.020000000000000018
12,2024-06-14,0.011714057450990533,0.0,0.0
12,2024-06-15,0.0006095472081100979,0.0,0.010000000000000231
12,2024-06-16,0.0037434987150211534,0.0,0.1200000000000001
12,2024-06-17,0.7520491370905769,1.0,0.16999999999999993
12,2024-06-18,0.9743107721970081,1.0,0.23999999999999977
12,2024-06-19,0.8221728872141993,1.0,0.31000000000000005
12,2024-06-20,0.32300514913840833,0.0,0.1299999999999999
12,2024-06-21,0.8917716917434398,0.0,0.13000000000000034
12,2024-06-22,0.001970702847515831,0.0,-0.010000000000000231
12,2024-06-23,0.002119359490445165,0.0,-0.06000000000000005
12,2024-06-24,0.00017687903011039563,0.0,-0.040000000000000036
12,2024-06-25,0.00026522789747148736,0.0,-0.04999999999999982
12,2024-06-26,0.0002360713590525224,0.0,0.009999999999999787
12,2024-06-27,0.002077394498912656,0.0,0.13000000000000034
12,2024-06-28,0.17888558656120845,0.0,0.06000000000000005
12,2024-06-29,0.15861245891422046,0.0,-0.020000000000000018
12,2024-06-30,0.004541396892961327,0.0,0.009999999999999787
12,2024-07-01,6.881430046699473e-05,0.0,0.029999999999999805
12,2024-07-02,0.15629736726848004,1.0,0.1900000000000004
12,2024-07-03,0.9947371680369789,1.0,0.3199999999999994
12,2024-07-04,0.9957366360999195,1.0,0.23000000000000043
12,2024-07-05,0.6003445850333393,0.0,0.09999999999999964
12,2024-07-06,0.0004698454602399603,0.0,0.09000000000000075
12,2024-07-07,3.480349129915074e-05,0.0,0.04999999999999982
12,2024-07-08,0.0004919701745248073,0.0,0.019999999999999574
12,2024-07-09,0.0011320067694679452,0.0,-0.009999999999999787
12,2024-07-10,0.0027824969445748122,0.0,0.0
12,2024-07-11,0.004606395622376372,0.0,0.15000000000000036
12,2024-07-12,0.008934283409028033,0.0,-0.020000000000000462
12,2024-07-13,0.00013714764036512492,0.0,-0.040000000000000036
12,2024-07-14,0.00014627819661866884,0.0,0.0
12,2024-07-15,0.0004941699585173182,0.0,-0.040000000000000036
12,2024-07-16,0.0004476870044296189,0.0,-0.08999999999999986
12,2024-07-17,0.00021933237818864344,0.0,-0.07000000000000028
12,2024-07-18,0.00011124921285995874,0.0,0.03000000000000025
12,2024-07-19,0.000999897004774059,0.0,0.020000000000000462
12,2024-07-20,0.0004090587003261836,0.0,0.0
12,2024-07-21,0.00019899468592476417,0.0,-0.08000000000000007
12,2024-07-22,9.772284340021467e-05,0.0,-0.0600000000000005
12,2024-07-23,0.00017023974595988754,0.0,-0.0699999999999994
12,2024-07-24,0.00027158764822417345,0.0,-0.08000000000000007
12,2024-07-25,0.0003008306829191812,0.0,-0.05000000000000071
12,2024-07-26,0.0004368944142901385,0.0,0.0
12,2024-07-27,0.000381589665298407,0.0,-0.0699999999999994
12,2024-07-28,0.00012185812578848542,0.0,-0.0600000000000005
12,2024-07-29,0.00016765325966692054,0.0,-0.10999999999999943
12,2024-07-30,0.00020235716730282975,0.0,-0.1200000000000001
12,2024-07-31,0.0001729881243722596,0.0,0.0
12,2024-08-01,0.0005510844483664571,0.0,0.0699999999999994
12,2024-08-02,0.014998913747111231,0.0,0.020000000000000462
12,2024-08-03,0.0017255511422071003,0.0,-0.0600000000000005
12,2024-08-04,0.0003083544618234729,0.0,-0.05999999999999961
12,2024-08-05,0.00011760654536168112,0.0,-0.019999999999999574
12,2024-08-06,0.00204593115494888,0.0,0.019999999999999574
12,2024-08-07,0.005504100184459281,0.0,0.040000000000000036
12,2024-08-08,0.006498161110869177,0.0,0.09999999999999964
12,2024-08-09,0.024791316905842346,0.0,0.020000000000000462
12,2024-08-10,0.00042361586636977764,0.0,0.03000000000000025
12,2024-08-11,0.0012918646308855758,0.0,0.02999999999999936
12,2024-08-12,0.0009207536841053119,0.0,0.040000000000000036
12,2024-08-13,0.0007353834082044999,0.0,0.0
12,2024-08-14,0.00028219343751844283,0.0,0.040000000000000036
12,2024-08-15,0.0004170157513003925,0.0,0.04999999999999982
12,2024-08-16,0.005042528810050315,0.0,0.03000000000000025
12,2024-08-17,0.0014838834143083895,0.0,0.10000000000000053
12,2024-08-18,0.001570579321346037,0.0,0.02999999999999936
12,2024-08-19,0.001492388254571534,0.0,0.010000000000000675
12,2024-08-20,0.0003285731231058964,0.0,0.009999999999999787
12,2024-08-21,0.001064377525758801,0.0,-0.020000000000000462
12,2024-08-22,0.00015237195763990224,0.0,0.03000000000000025
12,2024-08-23,0.0005577246268225344,0.0,-0.07000000000000028
12,2024-08-24,0.00016102908778490741,0.0,-0.10999999999999943
12,2024-08-25,0.0002285370475529212,0.0,-0.010000000000000675
12,2024-08-26,0.0007651434137720435,0.0,-0.09999999999999964
12,2024-08-27,0.00048063801921542426,0.0,-0.13999999999999968
12,2024-08-28,0.00020012715402233796,0.0,-0.040000000000000036
12,2024-08-29,0.00020370280042240497,0.0,-0.020000000000000462
12,2024-08-30,0.00023547709802984533,0.0,0.040000000000000036
12,2024-08-31,0.0016237549665567615,0.0,0.020000000000000462
12,2024-09-01,0.0006568687702847236,0.0,-0.05000000000000071
12,2024-09-02,0.00019598651756576622,0.0,0.0
12,2024-09-03,0.0006271192629647615,0.0,-0.02999999999999936
12,2024-09-04,0.0002802038318808903,0.0,0.009999999999999787
12,2024-09-05,0.0008026309408572319,0.0,0.0
12,2024-09-06,0.0014030391252603251,0.0,0.0
12,2024-09-07,0.0006577317028886709,0.0,0.019999999999999574
12,2024-09-08,0.0005892808620200758,0.0,0.0
12,2024-09-09,0.0006563044328181532,0.0,-0.09999999999999964
12,2024-09-10,0.00020427353414920527,0.0,-0.13999999999999968
12,2024-09-11,0.0002511371022695102,0.0,-0.11000000000000032
12,2024-09-12,0.0003340569709146123,0.0,-0.14000000000000012
12,2024-09-13,0.00018068115383966906,1.0,0.2200000000000002
12,2024-09-14,0.018244503849067565,1.0,0.1900000000000004
12,2024-09-15,0.04960497149792239,0.0,-0.010000000000000675
12,2024-09-16,0.00015728726764287524,0.0,-0.16000000000000014
12,2024-09-17,0.00012986068117732638,0.0,-0.03999999999999959
12,2024-09-18,0.00037337319561,0.0,0.020000000000000018
12,2024-09-19,0.0032187531589102838,0.0,0.03000000000000025
12,2024-09-20,0.0005029346999560546,0.0,0.04999999999999982
12,2024-09-21,0.0007791152556035177,0.0,0.03000000000000025
12,2024-09-22,0.00023122815112664293,0.0,0.009999999999999787
12,2024-09-23,0.00011568244086966293,0.0,0.03000000000000025
12,2024-09-24,7.739259966111515e-05,0.0,0.09999999999999964
12,2024-09-25,3.562724572094927e-05,0.0,0.019999999999999574
12,2024-09-26,4.725059095660916e-05,0.0,-0.05999999999999961
12,2024-09-27,5.314658938946197e-05,0.0,-0.040000000000000036
12,2024-09-28,0.00017756710875724182,0.0,-0.03000000000000025
12,2024-09-29,0.0001821112531251,0.0,0.05000000000000071
12,2024-09-30,0.01195882427070371,0.0,0.10999999999999943
12,2024-10-01,0.00967026432761347,0.0,0.0
12,2024-10-02,0.00016820066727398666,0.0,0.009999999999999787
12,2024-10-03,0.0003537089830415595,0.0,0.10000000000000053
12,2024-10-04,0.0001761825000165518,0.0,0.08000000000000007
12,2024-10-05,0.00017782277268299862,0.0,-0.040000000000000036
12,2024-10-06,6.899246937056767e-05,0.0,-0.020000000000000462
12,2024-10-07,9.084953555370426e-05,0.0,-0.05999999999999961
12,2024-10-08,0.00013354448837977004,0.0,-0.08000000000000007
12,2024-10-09,0.0001868151239887753,0.0,-0.07000000000000028
12,2024-10-10,0.0002162881989920179,0.0,-0.02999999999999936
12,2024-10-11,0.00024554484213183567,0.0,0.0
12,2024-10-12,0.0002688013609619282,0.0,-0.05000000000000071
12,2024-10-13,0.0002986218066323222,0.0,-0.040000000000000036
12,2024-10-14,0.0002240656159828793,0.0,-0.040000000000000036
12,2024-10-15,0.00034299481357601656,0.0,-0.019999999999999574
12,2024-10-16,0.0014829919835155473,0.0,0.040000000000000036
12,2024-10-17,0.0133012341995507,0.0,0.05999999999999961
12,2024-10-18,0.011319402200849354,0.0,-0.08999999999999986
12,2024-10-19,0.0004179588724538711,0.0,-0.13999999999999968
12,2024-10-20,0.00031627016753496063,0.0,-0.16000000000000014
12,2024-10-21,0.0004987539625975281,0.0,-0.1499999999999999
12,2024-10-22,0.00046303531146009165,0.0,-0.1499999999999999
12,2024-10-23,0.00046303531146009165,0.0,0.0
12,2024-10-24,0.009940987191637812,0.0,0.029999999999999805
12,2024-10-25,0.0018805815542207846,0.0,-0.14000000000000012
12,2024-10-26,0.0002354206223214898,0.0,-0.18999999999999995
12,2024-10-27,0.00019986447845060719,0.0,-0.10999999999999988
12,2024-10-28,0.0003113208992600755,0.0,-0.08000000000000007
12,2024-10-29,0.0006110327233077753,0.0,-0.040000000000000036
12,2024-10-30,0.0004334050334946603,0.0,-0.029999999999999805
12,2024-10-31,0.000387734306004215,0.0,-0.03000000000000025
12,2025-05-01,0.7869169310817692,0.0,0.1399999999999999
12,2025-05-02,0.20731686758444653,0.0,0.040000000000000036
12,2025-05-03,0.02696437953293896,0.0,-0.050000000000000044
12,2025-05-04,0.0002478681774044091,0.0,-0.08999999999999986
12,2025-05-05,0.00012706585426964308,0.0,-0.14000000000000012
12,2025-05-06,0.00027001393854616124,0.0,-0.10999999999999988
12,2025-05-07,0.00033138069673038014,0.0,-0.030000000000000027
12,2025-05-08,0.00024567277471500406,0.0,0.0
12,2025-05-09,0.0013416829990452893,0.0,0.020000000000000018
12,2025-05-10,0.0018242264400783208,0.0,0.040000000000000036
12,2025-05-11,0.00418841748868403,0.0,0.039999999999999813
12,2025-05-12,0.01622427807304698,0.0,0.050000000000000044
12,2025-05-13,0.004797072590112168,0.0,-0.030000000000000027
12,2025-05-14,0.0003277229291837062,0.0,0.0
12,2025-05-15,0.000492141942488184,0.0,0.030000000000000027
12,2025-05-16,0.008838145869482889,0.0,0.09000000000000008
12,2025-05-17,0.24615067046886627,0.0,0.050000000000000044
12,2025-05-18,0.0316412506180521,0.0,0.039999999999999813
12,2025-05-19,0.027902728938000262,0.0,0.050000000000000044
12,2025-05-20,0.008426324398102581,0.0,0.15999999999999992
12,2025-05-21,0.8579746378877616,1.0,0.22999999999999998
12,2025-05-22,0.8129678319958236,0.0,0.1200000000000001
12,2025-05-23,0.04533876600217808,1.0,0.16999999999999993
12,2025-05-24,0.08255655622911535,0.0,0.13000000000000034
12,2025-05-25,0.005492204497805244,0.0,0.07999999999999963
12,2025-05-26,0.001789724686941018,0.0,0.020000000000000018
12,2025-05-27,0.00033423744338795475,0.0,0.020000000000000018
12,2025-05-28,0.00011631106538295723,1.0,0.27
12,2025-05-29,0.0018936360795349862,0.0,0.11000000000000032
12,2025-05-30,0.02435925095096937,0.0,-0.29000000000000004
12,2025-05-31,0.00020856183684579398,0.0,-0.06000000000000005
12,2025-06-01,0.00012963357373455602,0.0,-0.08000000000000007
12,2025-06-02,0.003156708381811562,0.0,0.08000000000000007
12,2025-06-03,0.9846960741595145,1.0,0.33999999999999986
12,2025-06-04,0.9961687189959753,1.0,0.41999999999999993
12,2025-06-05,0.9952630514522737,1.0,0.30000000000000027
12,2025-06-06,0.9706510771887388,0.0,0.13999999999999968
12,2025-06-07,1.3003681820099763e-05,0.0,-0.05999999999999961
12,2025-06-08,0.00012913413302314362,0.0,-0.15000000000000036
12,2025-06-09,0.00011416162524464425,0.0,-0.16999999999999993
12,2025-06-10,0.00016969592366530067,0.0,-0.18000000000000016
12,2025-06-11,0.00016222582041107718,0.0,-0.1499999999999999
12,2025-06-12,0.00016067187084864003,0.0,-0.1499999999999999
12,2025-06-13,0.0001961355096162263,0.0,-0.10999999999999988
12,2025-06-14,0.00024049070001206727,0.0,-0.050000000000000266
12,2025-06-15,0.0001513471240239414,0.0,-0.020000000000000018
12,2025-06-16,0.0008046216279720347,0.0,0.040000000000000036
12,2025-06-17,0.006000741529382788,0.0,-0.04999999999999982
12,2025-06-18,0.00022241073592546456,0.0,-0.06000000000000005
12,2025-06-19,0.00023575814439431327,0.0,-0.009999999999999787
12,2025-06-20,0.00036363326511565527,0.0,-0.07000000000000028
12,2025-06-21,0.0005107010542354586,0.0,0.08000000000000007
12,2025-06-22,0.008800364164310081,0.0,0.06000000000000005
12,2025-06-23,0.003847499563049471,0.0,0.1299999999999999
12,2025-06-24,0.05840026764739241,0.0,0.14000000000000012
12,2025-06-25,0.9651401006675507,1.0,0.16999999999999993
12,2025-06-26,0.9693422749792739,0.0,0.16000000000000014
12,2025-06-27,0.00486259411232214,0.0,0.11999999999999966
12,2025-06-28,0.09330435850672993,0.0,0.050000000000000266
12,2025-06-29,0.004158738739250855,0.0,0.08999999999999986
12,2025-06-30,0.00022542900479761074,0.0,0.0
12,2025-07-01,0.0002746231033072944,0.0,-0.029999999999999805
12,2025-07-02,0.00016841976090795522,0.0,-0.050000000000000266
12,2025-07-03,0.00010832145211798144,0.0,-0.1299999999999999
12,2025-07-04,0.00018870438581790726,0.0,-0.10999999999999988
12,2025-07-05,0.00029318055527203623,0.0,-0.07000000000000028
12,2025-07-06,0.0002321799358002783,0.0,0.03000000000000025
12,2025-07-07,0.0017345875194562438,0.0,0.10000000000000009
12,2025-07-08,0.30296329717041187,0.0,0.10999999999999988
12,2025-07-09,0.026870367011261855,0.0,0.10000000000000009
12,2025-07-10,0.006429368272960576,0.0,0.029999999999999805
12,2025-07-11,0.0005092332113535949,0.0,-0.029999999999999805
12,2025-07-12,5.412211504222488e-05,0.0,-0.010000000000000231
12,2025-07-13,0.00116814660465357,0.0,0.16000000000000014
12,2025-07-14,0.0034031653425608648,0.0,0.019999999999999574
12,2025-07-15,0.0022704826840155537,0.0,-0.0699999999999994
12,2025-07-16,0.00012506744154154972,0.0,-0.040000000000000036
12,2025-07-17,0.0018448502770626843,0.0,-0.010000000000000231
12,2025-07-18,0.0034998475239227268,0.0,0.03000000000000025
12,2025-07-19,0.00183196126804462,0.0,0.06000000000000005
12,2025-07-20,0.0017131166766550022,0.0,0.0699999999999994
12,2025-07-21,0.0031903822002385556,0.0,0.10000000000000053
12,2025-07-22,0.029529426064870714,0.0,0.1299999999999999
12,2025-07-23,0.0032538530138165396,0.0,0.1200000000000001
12,2025-07-24,0.001156318677046497,0.0,0.16000000000000014
12,2025-07-25,7.603321902330247e-05,0.0,0.04999999999999982
12,2025-07-26,0.00016699133676039972,0.0,-0.08000000000000007
12,2025-07-27,0.00018858438681794196,0.0,-0.040000000000000036
12,2025-07-28,7.606733301419173e-05,0.0,-0.07000000000000028
12,2025-07-29,0.00018732324105285602,0.0,-0.08000000000000007
12,2025-07-30,0.00016263230509173124,0.0,-0.02999999999999936
12,2025-07-31,0.0003198554373267729,0.0,-0.05000000000000071
12,2025-08-01,0.0006526579336586552,0.0,-0.019999999999999574
12,2025-08-02,0.0023434683495220255,0.0,-0.009999999999999787
12,2025-08-03,0.0012977950059423382,0.0,0.04999999999999982
12,2025-08-04,0.002642052881448756,0.0,0.04999999999999982
12,2025-08-05,0.002200946435748503,0.0,0.08999999999999986
12,2025-08-06,0.001019622828646817,0.0,0.1299999999999999
12,2025-08-07,0.0020254397032757328,0.0,0.16000000000000014
12,2025-08-08,0.0020045833070130095,0.0,0.11000000000000032
12,2025-08-09,0.0016097845491335027,0.0,0.07000000000000028
12,2025-08-10,0.0006473194849692307,0.0,0.0699999999999994
12,2025-08-11,0.0002204316277942608,0.0,0.08000000000000007
12,2025-08-12,0.00038412424951170905,0.0,0.08999999999999986
12,2025-08-13,3.396028565225613e-05,0.0,0.09000000000000075
12,2025-08-14,0.0001484333018296234,0.0,0.03999999999999915
12,2025-08-15,0.00024381065493374226,0.0,0.020000000000000462
12,2025-08-16,0.000413387925514722,0.0,-0.040000000000000036
12,2025-08-17,0.00011606603059985224,0.0,-0.04999999999999982
12,2025-08-18,7.833609728120268e-05,0.0,-0.020000000000000462
12,2025-08-19,0.00010682532139786917,0.0,-0.0699999999999994
12,2025-08-20,0.00015481140957320156,0.0,-0.08000000000000007
12,2025-08-21,0.00024114330705964388,0.0,-0.11000000000000032
12,2025-08-22,0.00045398268632704296,0.0,-0.03000000000000025
12,2025-08-23,0.0009198062963045423,0.0,-0.08000000000000007
12,2025-08-24,0.0003477011703386951,0.0,-0.10999999999999943
12,2025-08-25,0.00015663523903482817,0.0,-0.0600000000000005
12,2025-08-26,0.0001996793808179358,0.0,-0.02999999999999936
12,2025-08-27,0.00021115736091611504,0.0,-0.010000000000000675
12,2025-08-28,0.00048470166815751996,0.0,-0.019999999999999574
12,2025-08-29,0.005606553948722674,0.0,-0.03000000000000025
12,2025-08-30,0.000619403140356515,0.0,0.0
12,2025-08-31,0.0016787104786451206,0.0,0.009999999999999787
12,2025-09-01,0.0009269357726422218,0.0,0.15000000000000036
12,2025-09-02,0.003946921981562557,0.0,0.08999999999999986
12,2025-09-03,0.0005953665474494197,0.0,0.07000000000000028
12,2025-09-04,6.907249212767076e-05,0.0,0.0
12,2025-09-05,0.00015124617016007378,0.0,-0.009999999999999787
12,2025-09-06,0.0002445670337950979,0.0,-0.03000000000000025
12,2025-09-07,0.00015882824840667762,0.0,-0.03000000000000025
12,2025-09-08,0.0002088954035036545,0.0,-0.040000000000000036
12,2025-09-09,0.0004128719802192021,0.0,-0.040000000000000036
12,2025-09-10,0.00028026112890264227,0.0,0.020000000000000462
12,2025-09-11,0.004074769607028196,0.0,0.0
12,2025-09-12,0.009443692089632805,0.0,-0.03000000000000025
12,2025-09-13,0.00034195363382964565,0.0,-0.040000000000000036
12,2025-09-14,0.00025778635796528407,0.0,0.0
12,2025-09-15,0.0006538299140305337,0.0,0.03000000000000025
12,2025-09-16,0.0002402245164365316,0.0,0.03000000000000025
12,2025-09-17,9.791132227678529e-05,0.0,0.03999999999999915
12,2025-09-18,6.0545429441243725e-05,0.0,0.07000000000000028
12,2025-09-19,1.4217193501301863e-05,0.0,0.03000000000000025
12,2025-09-20,0.00017111468601199029,0.0,0.040000000000000036
12,2025-09-21,0.00021072634320398856,0.0,0.08000000000000007
12,2025-09-22,0.0004862414387808357,0.0,-0.020000000000000462
12,2025-09-23,0.00012551081134065838,0.0,-0.02999999999999936
12,2025-09-24,8.54129337039471e-05,0.0,-0.040000000000000036
12,2025-09-25,9.852447044132695e-05,0.0,-0.020000000000000462
12,2025-09-26,8.192176781159308e-05,0.0,-0.04999999999999982
12,2025-09-27,0.00017348594741645765,0.0,-0.20000000000000018
12,2025-09-28,0.00015836354794982496,0.0,-0.20000000000000018
12,2025-09-29,0.0002592309261390806,0.0,-0.21999999999999975
12,2025-09-30,0.0002592309261390806,0.0,-0.05999999999999961
12,2025-10-01,0.00020328632610181106,0.0,0.009999999999999787
12,2025-10-02,0.00038745172968318256,0.0,-0.009999999999999787
12,2025-10-03,0.00012618082571733195,0.0,-0.10000000000000053
12,2025-10-04,0.00019972911768717551,0.0,-0.040000000000000036
12,2025-10-05,0.0003046379837950944,0.0,0.03000000000000025
12,2025-10-06,0.004336144681892131,0.0,0.09999999999999964
12,2025-10-07,0.06752980647925393,1.0,0.20000000000000018
12,2025-10-08,0.00694872915679296,0.0,0.040000000000000036
12,2025-10-09,0.00024324103812230796,0.0,-0.07000000000000028
12,2025-10-10,4.036213089161192e-05,0.0,-0.019999999999999574
12,2025-10-11,6.83597128627806e-05,0.0,-0.11000000000000032
12,2025-10-12,0.00013012969921963314,0.0,-0.1299999999999999
12,2025-10-13,0.0001248107825983298,0.0,-0.16999999999999993
12,2025-10-14,0.000242361629799732,0.0,-0.13999999999999968
12,2025-10-15,0.0003722972902334434,0.0,-0.11000000000000032
12,2025-10-16,0.0012232747279576303,0.0,-0.08000000000000007
12,2025-10-17,0.0003417387982244754,0.0,-0.029999999999999805
12,2025-10-18,0.000384990269495847,0.0,-0.010000000000000231
12,2025-10-19,0.0026577440951057996,0.0,-0.019999999999999574
12,2025-10-20,0.0011916181883353271,0.0,-0.08000000000000007
12,2025-10-21,0.00013513597110635398,0.0,-0.10000000000000009
12,2025-10-22,0.0002711594445044511,0.0,-0.06000000000000005
12,2025-10-23,0.00019789334678062178,0.0,-0.08000000000000007
12,2025-10-24,0.00015662097425546184,0.0,-0.08999999999999986
12,2025-10-25,0.00047389013297606644,0.0,-0.1299999999999999
12,2025-10-26,0.0004111671403031608,0.0,-0.0900000000000003
12,2025-10-27,0.0005357770880294521,0.0,-0.08999999999999986
12,2025-10-28,0.0019701631334863084,0.0,-0.04999999999999982
12,2025-10-29,0.0008711725660195509,0.0,-0.06000000000000005
12,2025-10-30,0.0027328443766458416,0.0,-0.14000000000000012
12,2025-10-31,0.00046464207999052655,0.0,0.0
