gauge,year,start,duration_d,total_rise_m,max_daily_rise_cm,start_margin_m,start_doy,peak_margin_m,reached_danger,cluster
1,2011,2011-05-08,21,0.7100000000000009,16.999999999999993,-9.01,128,-8.28,0,0
1,2011,2011-06-11,29,6.01,78.00000000000011,-8.01,162,-2.0,0,0
1,2011,2011-07-18,16,2.3900000000000006,30.00000000000007,-3.1400000000000006,199,-0.75,0,1
1,2011,2011-08-07,15,1.2299999999999969,18.999999999999773,-1.1199999999999974,219,0.10999999999999943,1,1
1,2011,2011-09-11,7,0.9699999999999989,34.99999999999979,-2.0799999999999983,254,-1.1099999999999994,0,1
1,2012,2012-05-30,8,0.6999999999999993,26.999999999999957,-8.059999999999999,151,-7.359999999999999,0,0
1,2012,2012-06-12,9,0.5999999999999996,46.000000000000085,-7.639999999999999,164,-6.879999999999999,0,0
1,2012,2012-06-21,11,1.2899999999999991,45.00000000000011,-7.139999999999999,173,-5.8199999999999985,0,0
1,2012,2012-07-04,19,2.6899999999999995,39.00000000000006,-5.999999999999998,186,-3.3099999999999987,0,0
1,2012,2012-07-24,10,0.6999999999999993,16.999999999999815,-3.419999999999998,206,-2.719999999999999,0,1
1,2012,2012-08-04,9,1.1900000000000013,28.000000000000114,-2.8200000000000003,217,-1.629999999999999,0,1
1,2012,2012-08-25,9,0.8500000000000014,17.99999999999997,-2.3900000000000006,238,-1.5399999999999991,0,1
1,2012,2012-09-14,12,2.1700000000000017,41.000000000000014,-2.6799999999999997,258,-0.509999999999998,0,1
1,2013,2013-05-27,6,1.6899999999999995,80.00000000000007,-8.899999999999999,147,-7.209999999999999,0,0
1,2013,2013-06-06,6,1.2699999999999996,66.00000000000001,-7.789999999999999,157,-6.52,0,0
1,2013,2013-06-17,29,5.590000000000002,66.00000000000001,-7.01,168,-1.4199999999999982,0,0
1,2013,2013-07-21,22,1.509999999999998,12.0000000000001,-1.7099999999999973,202,-0.1999999999999993,0,1
1,2013,2013-08-27,11,0.610000000000003,8.000000000000185,-0.05000000000000071,239,0.5600000000000023,1,1
1,2013,2013-10-06,14,2.169999999999998,38.000000000000256,-4.619999999999997,279,-2.4499999999999993,0,1
1,2014,2014-05-26,7,1.2199999999999989,45.00000000000011,-8.669999999999998,146,-7.449999999999999,0,0
1,2014,2014-06-06,6,0.6400000000000006,33.999999999999986,-8.04,157,-7.399999999999999,0,0
1,2014,2014-06-19,9,1.1899999999999995,50.99999999999998,-7.709999999999999,170,-6.379999999999999,0,0
1,2014,2014-06-29,9,1.3800000000000008,41.99999999999999,-6.729999999999999,180,-5.25,0,0
1,2014,2014-07-20,10,1.5300000000000011,28.000000000000114,-4.859999999999999,201,-3.3299999999999983,0,1
1,2014,2014-08-02,20,2.3800000000000026,27.99999999999976,-3.5500000000000007,214,-1.1699999999999982,0,1
1,2014,2014-09-12,13,0.8200000000000003,12.9999999999999,-3.6999999999999993,255,-2.879999999999999,0,1
1,2014,2014-10-16,8,1.0600000000000005,56.00000000000005,-5.9399999999999995,289,-4.869999999999997,0,1
1,2015,2015-06-25,6,0.5899999999999999,71.00000000000009,-7.379999999999999,176,-6.409999999999998,0,0
1,2015,2015-07-01,8,1.9799999999999986,83.9999999999998,-6.8199999999999985,182,-4.84,0,0
1,2015,2015-07-11,14,1.9600000000000009,33.000000000000185,-5.25,192,-3.289999999999999,0,0
1,2015,2015-07-29,8,1.8500000000000014,51.000000000000156,-3.8599999999999994,210,-2.009999999999998,0,1
1,2015,2015-08-13,15,2.3999999999999986,26.999999999999957,-3.3099999999999987,225,-0.9100000000000001,0,1
1,2016,2016-05-16,17,0.6799999999999997,24.00000000000002,-10.479999999999999,137,-9.799999999999999,0,0
1,2016,2016-06-07,7,1.2400000000000002,72.00000000000006,-10.37,159,-9.129999999999999,0,0
1,2016,2016-06-21,8,2.4700000000000006,88.99999999999989,-8.62,173,-6.139999999999999,0,0
1,2016,2016-07-01,30,5.66,64.99999999999986,-6.52,183,-0.8499999999999979,0,0
1,2016,2016-08-11,18,1.6500000000000021,19.000000000000128,-1.3200000000000003,224,0.33000000000000185,1,1
1,2016,2016-09-28,7,0.5600000000000023,14.000000000000057,-2.41,272,-1.8499999999999979,0,1
1,2017,2017-06-12,18,1.8100000000000005,59.00000000000016,-9.52,163,-7.709999999999999,0,0
1,2017,2017-06-30,19,4.719999999999999,88.9999999999997,-7.649999999999999,181,-2.9299999999999997,0,0
1,2017,2017-07-25,9,1.360000000000003,41.999999999999815,-3.8200000000000003,206,-2.4399999999999977,0,1
1,2017,2017-08-05,18,1.9800000000000004,23.000000000000043,-2.599999999999998,217,-0.6199999999999974,0,1
1,2018,2018-05-22,11,0.8100000000000005,45.99999999999991,-10.299999999999999,142,-9.479999999999999,0,0
1,2018,2018-06-10,13,2.289999999999999,68.99999999999994,-10.229999999999999,161,-7.799999999999999,0,0
1,2018,2018-06-25,27,3.9800000000000004,111.00000000000011,-8.45,176,-4.469999999999999,0,0
1,2018,2018-07-26,16,3.530000000000001,69.99999999999993,-5.199999999999999,207,-1.6699999999999982,0,0
1,2018,2018-08-25,23,1.5,15.000000000000213,-1.9699999999999989,237,-0.46999999999999886,0,1
1,2019,2019-06-08,7,0.6199999999999992,32.00000000000003,-10.069999999999999,159,-9.45,0,0
1,2019,2019-06-17,7,1.1500000000000004,41.000000000000014,-9.559999999999999,168,-8.409999999999998,0,0
1,2019,2019-07-05,16,6.26,85.99999999999994,-8.6,186,-2.34,0,0
1,2019,2019-08-08,8,0.6400000000000006,22.00000000000024,-3.5599999999999987,220,-2.919999999999998,0,1
1,2019,2019-08-18,9,1.9800000000000004,48.999999999999844,-3.2300000000000004,230,-1.2399999999999984,0,1
1,2019,2019-09-13,21,3.1000000000000014,41.000000000000014,-2.969999999999999,256,0.13000000000000256,1,1
1,2020,2020-06-02,6,1.25,39.99999999999986,-8.489999999999998,154,-7.239999999999998,0,0
1,2020,2020-06-10,24,4.83,52.00000000000031,-7.4399999999999995,162,-2.6099999999999994,0,0
1,2020,2020-07-05,17,1.2699999999999996,20.99999999999973,-2.719999999999999,187,-1.4499999999999993,0,1
1,2020,2020-09-23,9,1.25,35.99999999999994,-2.8900000000000006,267,-1.6400000000000006,0,1
1,2021,2021-05-21,15,3.5600000000000005,77.99999999999994,-10.77,141,-7.0699999999999985,0,0
1,2021,2021-06-15,11,4.85,123.00000000000004,-8.19,166,-3.34,0,0
1,2021,2021-07-03,6,0.8300000000000018,32.00000000000003,-3.8200000000000003,184,-2.9899999999999984,0,1
1,2021,2021-07-18,14,0.7699999999999996,14.000000000000057,-2.9399999999999977,199,-2.16,0,1
1,2021,2021-08-01,20,2.4299999999999997,35.99999999999994,-2.219999999999999,213,0.21000000000000085,1,1
1,2021,2021-10-19,10,1.5900000000000034,55.99999999999987,-4.300000000000001,292,-2.7099999999999973,0,1
1,2022,2022-06-03,21,3.6500000000000004,67.0,-10.209999999999999,154,-6.559999999999999,0,0
1,2022,2022-06-27,9,1.870000000000001,62.0000000000001,-7.309999999999999,178,-5.439999999999998,0,0
1,2022,2022-07-20,20,4.219999999999999,42.00000000000017,-6.789999999999999,201,-2.5700000000000003,0,0
1,2022,2022-08-19,18,3.539999999999999,60.00000000000014,-4.119999999999997,231,-0.5799999999999983,0,0
1,2022,2022-09-17,11,1.5100000000000016,28.999999999999915,-3.539999999999999,260,-2.0299999999999976,0,1
1,2022,2022-10-08,13,1.9100000000000001,38.9999999999997,-3.3000000000000007,281,-1.3900000000000006,0,1
1,2023,2023-05-28,7,0.5,18.99999999999995,-10.93,148,-10.43,0,0
1,2023,2023-06-15,8,2.869999999999999,79.00000000000009,-11.169999999999998,166,-8.299999999999999,0,0
1,2023,2023-06-30,18,4.130000000000001,73.99999999999984,-8.1,181,-3.969999999999999,0,0
1,2023,2023-07-24,13,1.3400000000000034,37.9999999999999,-4.300000000000001,205,-2.9499999999999993,0,1
1,2023,2023-08-06,10,1.6700000000000017,53.000000000000114,-2.9800000000000004,218,-1.3099999999999987,0,1
1,2023,2023-08-26,7,0.8499999999999979,18.999999999999773,-2.509999999999998,238,-1.6600000000000001,0,1
1,2023,2023-09-17,11,1.7300000000000004,48.999999999999844,-3.8099999999999987,260,-2.0799999999999983,0,1
1,2023,2023-10-05,6,0.5,18.999999999999773,-2.6400000000000006,278,-2.1400000000000006,0,1
1,2024,2024-06-04,6,0.8300000000000001,38.00000000000008,-11.219999999999999,156,-10.389999999999999,0,0
1,2024,2024-06-14,10,3.4499999999999993,81.00000000000006,-10.829999999999998,166,-7.379999999999999,0,0
1,2024,2024-07-01,18,4.749999999999998,60.99999999999994,-7.0699999999999985,183,-2.3200000000000003,0,0
1,2024,2024-08-01,17,2.4800000000000004,30.00000000000007,-3.3000000000000007,214,-0.8200000000000003,0,1
1,2024,2024-09-15,11,2.1000000000000014,37.9999999999999,-2.4299999999999997,259,-0.3299999999999983,0,1
1,2025,2025-05-15,14,0.7400000000000002,16.999999999999993,-10.45,135,-9.709999999999999,0,0
1,2025,2025-05-31,7,1.5700000000000003,85.99999999999994,-9.969999999999999,151,-8.399999999999999,0,0
1,2025,2025-06-17,13,3.3499999999999996,67.99999999999997,-9.659999999999998,168,-6.09,0,0
1,2025,2025-06-30,26,4.959999999999999,69.00000000000013,-6.249999999999998,181,-1.2899999999999991,0,0
1,2025,2025-07-31,15,2.2099999999999973,26.999999999999957,-2.1199999999999974,212,0.10999999999999943,1,1
1,2025,2025-08-26,10,1.0499999999999972,21.999999999999886,-1.6899999999999977,238,-0.6400000000000006,0,1
1,2025,2025-09-09,9,0.5199999999999996,12.0000000000001,-1.0999999999999979,252,-0.5799999999999983,0,1
1,2025,2025-10-04,7,0.870000000000001,35.99999999999994,-2.6999999999999993,277,-1.8299999999999983,0,1
2,2011,2011-05-09,26,1.1800000000000006,21.000000000000085,-9.780000000000001,129,-8.59,0,0
2,2011,2011-06-12,28,6.800000000000001,131.00000000000006,-8.48,163,-1.6799999999999997,0,0
2,2011,2011-07-18,17,1.9499999999999993,23.000000000000043,-2.6099999999999994,199,-0.6600000000000001,0,1
2,2011,2011-08-08,15,1.0800000000000018,16.000000000000014,-1.0100000000000016,220,0.07000000000000028,1,1
2,2011,2011-09-11,7,0.8200000000000003,36.999999999999744,-1.75,254,-0.9299999999999997,0,1
2,2011,2011-09-26,6,0.5700000000000003,19.000000000000128,-0.870000000000001,269,-0.3000000000000007,0,1
2,2012,2012-06-01,8,0.8100000000000005,21.999999999999886,-8.41,153,-7.6,0,0
2,2012,2012-06-16,16,2.130000000000001,41.99999999999999,-7.880000000000001,168,-5.75,0,0
2,2012,2012-07-05,19,3.1900000000000013,54.99999999999989,-6.130000000000001,187,-2.9399999999999995,0,0
2,2012,2012-07-25,10,0.620000000000001,16.000000000000014,-3.0500000000000007,207,-2.4299999999999997,0,1
2,2012,2012-08-04,10,1.1600000000000001,25.99999999999998,-2.5,217,-1.3300000000000018,0,1
2,2012,2012-08-26,8,0.8499999999999979,16.999999999999993,-2.09,239,-1.240000000000002,0,1
2,2012,2012-09-14,12,2.0900000000000016,41.00000000000019,-2.3100000000000005,258,-0.21999999999999886,0,1
2,2013,2013-05-28,10,1.4900000000000002,62.0000000000001,-9.43,148,-7.6,0,0
2,2013,2013-06-07,6,1.1000000000000014,56.00000000000005,-8.200000000000001,158,-7.1,0,0
2,2013,2013-06-18,28,6.380000000000001,95.00000000000011,-7.6,169,-1.2199999999999989,0,0
2,2013,2013-07-21,22,1.3000000000000007,14.000000000000057,-1.5100000000000016,202,-0.21000000000000085,0,1
2,2013,2013-08-16,9,0.5399999999999991,12.0000000000001,-0.41000000000000014,228,0.129999999999999,1,1
2,2013,2013-08-27,12,0.5500000000000007,10.000000000000142,0.05000000000000071,239,0.6000000000000014,1,1
2,2013,2013-10-07,13,2.130000000000001,42.99999999999997,-4.450000000000001,280,-2.3200000000000003,0,1
2,2014,2014-05-25,10,0.9900000000000002,41.99999999999999,-8.700000000000001,145,-7.710000000000001,0,0
2,2014,2014-06-19,10,1.3000000000000007,68.99999999999994,-7.700000000000001,170,-6.4,0,0
2,2014,2014-06-30,9,1.4499999999999993,38.00000000000008,-6.6,181,-5.1,0,0
2,2014,2014-07-21,10,1.7400000000000002,35.99999999999994,-4.540000000000001,202,-2.8000000000000007,0,1
2,2014,2014-08-03,21,2.4099999999999984,33.999999999999986,-3.08,215,-0.6600000000000001,0,1
2,2014,2014-09-12,13,0.7699999999999996,10.999999999999943,-3.1799999999999997,255,-2.41,0,1
2,2014,2014-10-17,7,0.8499999999999996,33.999999999999986,-5.59,290,-4.74,0,1
2,2015,2015-05-21,9,0.5800000000000001,32.00000000000003,-8.700000000000001,141,-8.120000000000001,0,0
2,2015,2015-06-12,6,1.3400000000000016,59.00000000000016,-8.450000000000001,163,-7.109999999999999,0,0
2,2015,2015-06-21,19,2.709999999999999,61.00000000000012,-7.58,172,-4.73,0,0
2,2015,2015-07-12,13,2.0,31.00000000000005,-4.98,193,-2.9800000000000004,0,1
2,2015,2015-07-29,9,1.6099999999999994,50.0,-3.5600000000000005,210,-1.92,0,1
2,2015,2015-08-14,14,2.290000000000001,28.000000000000114,-3.0999999999999996,226,-0.8099999999999987,0,1
2,2016,2016-05-10,6,0.5100000000000007,26.999999999999957,-11.22,131,-10.71,0,0
2,2016,2016-05-18,16,0.7599999999999998,19.00000000000004,-10.81,139,-10.05,0,0
2,2016,2016-06-09,7,1.2399999999999993,58.999999999999986,-10.629999999999999,161,-9.39,0,0
2,2016,2016-06-21,8,3.0199999999999996,97.99999999999986,-8.64,173,-5.620000000000001,0,0
2,2016,2016-07-01,31,5.350000000000001,61.99999999999992,-6.16,183,-0.8099999999999987,0,0
2,2016,2016-08-12,18,1.7399999999999984,21.000000000000085,-1.3999999999999986,225,0.35999999999999943,1,1
2,2017,2017-06-17,33,6.800000000000001,83.0,-9.46,168,-2.66,0,0
2,2017,2017-07-26,8,1.1899999999999995,33.999999999999986,-3.5700000000000003,207,-2.380000000000001,0,1
2,2017,2017-08-05,18,1.9700000000000024,23.999999999999844,-2.530000000000001,217,-0.5599999999999987,0,1
2,2018,2018-05-10,24,1.2200000000000006,37.0000000000001,-10.14,130,-8.91,0,0
2,2018,2018-06-10,13,1.959999999999999,41.000000000000014,-9.51,161,-7.550000000000001,0,0
2,2018,2018-06-25,16,2.639999999999999,45.00000000000011,-7.92,176,-5.280000000000001,0,0
2,2018,2018-07-11,12,0.8499999999999996,20.999999999999908,-5.390000000000001,192,-4.530000000000001,0,1
2,2018,2018-07-26,16,3.0599999999999987,47.000000000000064,-4.76,207,-1.700000000000001,0,0
2,2018,2018-08-25,24,1.1899999999999995,11.00000000000012,-1.950000000000001,237,-0.7600000000000016,0,1
2,2019,2019-06-10,15,1.4299999999999997,34.999999999999964,-9.25,161,-7.82,0,0
2,2019,2019-06-27,6,0.8000000000000007,31.00000000000005,-8.13,178,-7.33,0,0
2,2019,2019-07-06,15,5.57,86.99999999999991,-7.82,187,-2.25,0,0
2,2019,2019-08-18,10,1.6400000000000006,37.0000000000001,-3.030000000000001,230,-1.3900000000000006,0,1
2,2019,2019-09-13,21,2.789999999999999,35.00000000000014,-2.710000000000001,256,0.0799999999999983,1,1
2,2020,2020-05-26,6,0.7799999999999994,33.999999999999986,-7.77,147,-6.970000000000001,0,0
2,2020,2020-06-11,23,3.9800000000000004,43.99999999999995,-7.17,163,-3.1899999999999995,0,0
2,2020,2020-07-10,12,1.6899999999999995,35.00000000000014,-3.17,192,-1.4800000000000004,0,1
2,2020,2020-09-23,9,0.9500000000000011,20.999999999999908,-2.51,267,-1.5599999999999987,0,1
2,2021,2021-05-07,29,4.3999999999999995,67.0,-10.379999999999999,127,-5.98,0,0
2,2021,2021-06-15,16,3.790000000000001,100.0,-6.960000000000001,166,-3.17,0,0
2,2021,2021-07-03,8,0.629999999999999,25.0,-3.42,184,-2.780000000000001,0,1
2,2021,2021-08-02,19,2.17,21.999999999999886,-2.42,214,-0.25,0,1
2,2021,2021-10-19,10,1.2100000000000009,37.0000000000001,-3.7200000000000006,292,-2.51,0,1
2,2022,2022-05-13,20,1.0600000000000005,16.999999999999993,-9.370000000000001,133,-8.31,0,0
2,2022,2022-06-04,21,3.4099999999999984,47.000000000000064,-8.36,155,-4.950000000000001,0,0
2,2022,2022-06-28,8,1.4600000000000009,41.000000000000014,-5.530000000000001,179,-4.07,0,0
2,2022,2022-07-21,17,2.8100000000000005,31.99999999999985,-5.33,202,-2.380000000000001,0,0
2,2022,2022-08-19,19,2.7499999999999982,42.99999999999997,-3.67,231,-0.9200000000000017,0,0
2,2022,2022-09-18,11,1.1600000000000001,18.99999999999995,-3.210000000000001,261,-2.0500000000000007,0,1
2,2022,2022-10-08,13,1.290000000000001,25.99999999999998,-2.870000000000001,281,-1.58,0,1
2,2023,2023-06-15,9,1.9799999999999995,58.00000000000001,-9.850000000000001,166,-7.870000000000001,0,0
2,2023,2023-06-30,19,3.74,58.999999999999986,-7.6,181,-3.8499999999999996,0,0
2,2023,2023-07-25,11,1.0,23.000000000000043,-3.880000000000001,206,-2.880000000000001,0,1
2,2023,2023-08-07,10,1.3699999999999992,37.0000000000001,-2.99,219,-1.620000000000001,0,1
2,2023,2023-08-26,8,0.6499999999999986,22.000000000000064,-2.2699999999999996,238,-1.620000000000001,0,1
2,2023,2023-09-17,12,1.3900000000000006,40.000000000000036,-3.6400000000000006,260,-2.25,0,1
2,2024,2024-06-05,6,0.5999999999999996,25.0,-10.16,157,-9.56,0,0
2,2024,2024-06-14,11,3.1999999999999993,69.99999999999993,-9.84,166,-6.640000000000001,0,0
2,2024,2024-06-27,22,5.5,65.00000000000003,-7.5,179,-2.0,0,0
2,2024,2024-08-01,17,1.8599999999999994,20.000000000000284,-2.8900000000000006,214,-1.0300000000000011,0,1
2,2024,2024-09-15,12,1.5799999999999983,26.999999999999957,-2.2699999999999996,259,-0.6900000000000013,0,1
2,2025,2025-05-16,14,0.9799999999999995,21.999999999999975,-10.379999999999999,136,-9.370000000000001,0,0
2,2025,2025-06-02,6,1.1799999999999988,64.00000000000006,-9.629999999999999,153,-8.36,0,0
2,2025,2025-06-18,12,3.34,71.00000000000009,-9.51,169,-6.120000000000001,0,0
2,2025,2025-06-30,26,4.990000000000002,51.99999999999996,-6.210000000000001,181,-1.2199999999999989,0,0
2,2025,2025-07-31,15,1.879999999999999,25.0,-1.9600000000000009,212,-0.08000000000000185,0,1
2,2025,2025-08-26,11,0.8999999999999986,16.999999999999815,-1.5199999999999996,238,-0.620000000000001,0,1
2,2025,2025-10-05,6,0.7799999999999994,39.00000000000006,-2.42,278,-1.6400000000000006,0,1
3,2011,2011-05-09,31,1.4699999999999998,16.999999999999993,-9.170000000000002,129,-7.700000000000001,0,0
3,2011,2011-06-12,28,6.68,109.99999999999997,-7.780000000000001,163,-1.1000000000000014,0,0
3,2011,2011-07-18,17,1.6000000000000014,18.99999999999995,-1.8900000000000006,199,-0.28000000000000114,0,1
3,2011,2011-08-08,14,0.7900000000000009,12.9999999999999,-0.5600000000000005,220,0.23000000000000043,1,1
3,2011,2011-09-11,7,0.5500000000000007,25.0,-1.1300000000000008,254,-0.5800000000000001,0,1
3,2011,2011-09-26,6,0.5,20.99999999999973,-0.5500000000000007,269,-0.05000000000000071,0,1
3,2012,2012-06-01,7,0.8499999999999996,33.00000000000001,-7.870000000000001,153,-7.020000000000001,0,0
3,2012,2012-06-14,19,2.4300000000000015,44.00000000000013,-7.350000000000001,166,-4.91,0,0
3,2012,2012-07-06,18,2.92,48.999999999999844,-5.09,188,-2.17,0,0
3,2012,2012-07-25,9,0.6199999999999992,16.999999999999993,-2.24,207,-1.620000000000001,0,1
3,2012,2012-08-04,10,0.9199999999999999,24.00000000000002,-1.700000000000001,217,-0.7800000000000011,0,1
3,2012,2012-08-26,8,0.6899999999999995,16.000000000000014,-1.4000000000000004,239,-0.7000000000000011,0,1
3,2012,2012-09-16,10,1.42,30.999999999999872,-2.0,260,-0.5800000000000001,0,1
3,2013,2013-05-28,9,1.9600000000000009,68.99999999999994,-8.870000000000001,148,-6.91,0,0
3,2013,2013-06-18,28,5.609999999999999,76.99999999999996,-7.130000000000001,169,-1.5200000000000014,0,0
3,2013,2013-07-21,23,1.1300000000000008,12.9999999999999,-1.7700000000000014,202,-0.6400000000000006,0,1
3,2013,2013-08-15,23,0.8599999999999994,11.999999999999922,-0.6900000000000013,227,0.16999999999999815,1,1
3,2013,2013-10-07,13,1.8200000000000003,33.00000000000001,-3.9000000000000004,280,-2.08,0,1
3,2014,2014-05-26,9,1.1600000000000001,57.00000000000003,-8.49,146,-7.270000000000001,0,0
3,2014,2014-06-17,12,1.5999999999999996,49.00000000000002,-7.25,168,-5.65,0,0
3,2014,2014-06-30,9,1.4699999999999989,32.00000000000003,-5.83,181,-4.300000000000001,0,1
3,2014,2014-07-13,6,0.9699999999999989,39.99999999999986,-4.59,194,-3.620000000000001,0,1
3,2014,2014-07-20,11,1.4600000000000009,25.0,-3.7700000000000014,201,-2.3100000000000005,0,1
3,2014,2014-08-03,20,2.0199999999999996,21.999999999999886,-2.5500000000000007,215,-0.5300000000000011,0,1
3,2014,2014-09-12,13,0.7300000000000004,10.999999999999943,-2.790000000000001,255,-2.0600000000000005,0,1
3,2014,2014-10-17,7,0.8000000000000007,27.999999999999936,-4.9300000000000015,290,-4.130000000000001,0,1
3,2015,2015-06-10,8,1.3499999999999996,58.999999999999986,-7.800000000000001,161,-6.450000000000001,0,0
3,2015,2015-06-21,18,2.9800000000000004,61.99999999999992,-7.07,172,-4.09,0,0
3,2015,2015-07-11,14,1.8599999999999994,28.000000000000114,-4.390000000000001,192,-2.530000000000001,0,1
3,2015,2015-07-29,8,1.4100000000000001,40.000000000000036,-3.0500000000000007,210,-1.6400000000000006,0,1
3,2015,2015-08-13,15,1.8699999999999992,25.0,-2.67,225,-0.8000000000000007,0,1
3,2016,2016-05-19,15,0.8300000000000001,19.00000000000004,-10.02,140,-9.190000000000001,0,0
3,2016,2016-06-09,7,1.2200000000000006,56.00000000000005,-9.830000000000002,161,-8.61,0,0
3,2016,2016-06-21,9,2.49,83.0,-7.9300000000000015,173,-5.380000000000001,0,0
3,2016,2016-06-30,33,5.27,50.0,-5.34,182,-0.060000000000002274,0,0
3,2016,2016-08-14,15,1.0399999999999991,15.000000000000036,-1.2100000000000009,227,-0.1700000000000017,0,1
3,2017,2017-06-16,34,7.18,69.99999999999993,-9.280000000000001,167,-2.1000000000000014,0,0
3,2017,2017-07-26,8,1.0500000000000007,34.999999999999964,-2.9300000000000015,207,-1.8800000000000008,0,1
3,2017,2017-08-05,18,1.6300000000000008,20.999999999999908,-1.9900000000000002,217,-0.3500000000000014,0,1
3,2018,2018-05-09,25,1.1500000000000004,26.999999999999957,-8.96,129,-7.8100000000000005,0,0
3,2018,2018-06-11,13,1.4899999999999993,41.99999999999999,-8.68,162,-7.130000000000001,0,0
3,2018,2018-06-25,16,2.6500000000000004,47.000000000000064,-7.360000000000001,176,-4.710000000000001,0,0
3,2018,2018-07-11,12,0.8399999999999999,19.000000000000128,-4.850000000000001,192,-4.010000000000002,0,1
3,2018,2018-07-26,16,2.710000000000001,48.999999999999844,-4.190000000000001,207,-1.4800000000000004,0,0
3,2018,2018-08-26,22,0.8100000000000005,11.999999999999922,-1.620000000000001,238,-0.8100000000000005,0,1
3,2019,2019-06-10,15,1.1600000000000001,28.999999999999915,-8.530000000000001,161,-7.370000000000001,0,0
3,2019,2019-06-28,6,0.8399999999999999,31.00000000000005,-7.75,179,-6.91,0,0
3,2019,2019-07-06,15,5.719999999999999,87.9999999999999,-7.4,187,-1.6800000000000015,0,0
3,2019,2019-08-18,9,1.4800000000000004,42.00000000000017,-2.7600000000000016,230,-1.2800000000000011,0,1
3,2019,2019-09-13,17,2.2500000000000018,31.00000000000005,-2.450000000000001,256,-0.1999999999999993,0,1
3,2020,2020-07-10,12,1.5099999999999998,33.00000000000001,-2.8000000000000007,192,-1.290000000000001,0,1
3,2020,2020-09-23,9,0.9100000000000001,26.999999999999957,-2.1000000000000014,267,-1.1900000000000013,0,1
3,2021,2021-05-07,18,0.8200000000000003,18.00000000000006,-9.96,127,-9.13,0,0
3,2021,2021-05-25,11,3.34,63.99999999999988,-9.13,145,-5.790000000000001,0,0
3,2021,2021-06-12,18,3.9800000000000004,84.99999999999997,-6.82,163,-2.84,0,0
3,2021,2021-07-03,8,0.5899999999999999,23.000000000000043,-3.09,184,-2.4800000000000004,0,1
3,2021,2021-08-02,19,1.9499999999999993,16.999999999999993,-2.210000000000001,214,-0.26000000000000156,0,1
3,2021,2021-10-19,9,1.1600000000000001,38.00000000000008,-3.360000000000001,292,-2.200000000000001,0,1
3,2022,2022-05-13,20,1.0000000000000009,16.999999999999993,-8.920000000000002,133,-7.92,0,0
3,2022,2022-06-04,21,3.030000000000001,37.0000000000001,-8.010000000000002,155,-4.98,0,0
3,2022,2022-06-28,8,1.3499999999999996,37.0000000000001,-5.530000000000001,179,-4.1800000000000015,0,1
3,2022,2022-07-21,19,3.0999999999999996,30.999999999999872,-5.380000000000001,202,-2.280000000000001,0,0
3,2022,2022-08-19,19,2.4499999999999993,41.000000000000014,-3.41,231,-0.9600000000000009,0,1
3,2022,2022-09-18,11,1.0700000000000003,17.99999999999997,-2.880000000000001,261,-1.8100000000000005,0,1
3,2022,2022-10-09,9,1.040000000000001,22.000000000000064,-2.610000000000001,282,-1.5600000000000005,0,1
3,2023,2023-06-15,10,2.04,47.000000000000064,-9.52,166,-7.48,0,0
3,2023,2023-06-27,22,3.7399999999999984,50.0,-7.59,178,-3.84,0,0
3,2023,2023-07-25,11,0.9399999999999995,23.000000000000043,-3.8900000000000006,206,-2.950000000000001,0,1
3,2023,2023-08-07,10,1.25,34.999999999999964,-3.030000000000001,219,-1.75,0,1
3,2023,2023-08-26,8,0.6999999999999993,19.000000000000128,-2.25,238,-1.5500000000000007,0,1
3,2023,2023-09-17,12,1.3800000000000008,36.99999999999992,-3.6800000000000015,260,-2.3000000000000007,0,1
3,2024,2024-06-05,7,0.7200000000000006,28.000000000000025,-10.120000000000001,157,-9.38,0,0
3,2024,2024-06-15,10,2.889999999999999,53.999999999999915,-9.57,167,-6.6800000000000015,0,0
3,2024,2024-06-27,22,5.130000000000001,57.00000000000003,-7.520000000000001,179,-2.3900000000000006,0,0
3,2024,2024-08-01,17,1.620000000000001,25.99999999999998,-2.960000000000001,214,-1.3399999999999999,0,1
3,2024,2024-09-15,12,1.4300000000000015,23.999999999999844,-2.3500000000000014,259,-0.9199999999999999,0,1
3,2025,2025-05-16,14,0.9900000000000002,29.000000000000004,-10.22,136,-9.23,0,0
3,2025,2025-06-02,6,1.410000000000001,67.0,-9.5,153,-8.09,0,0
3,2025,2025-06-18,38,7.510000000000001,59.999999999999964,-9.100000000000001,169,-1.5899999999999999,0,0
3,2025,2025-07-31,16,1.700000000000001,21.000000000000085,-2.2200000000000006,212,-0.5199999999999996,0,1
3,2025,2025-08-26,11,0.870000000000001,16.000000000000014,-1.7800000000000011,238,-0.9100000000000001,0,1
3,2025,2025-10-05,6,0.8000000000000007,33.00000000000001,-2.6900000000000013,278,-1.8900000000000006,0,1
4,2011,2011-05-10,26,1.1599999999999993,16.000000000000014,-8.59,130,-7.43,0,0
4,2011,2011-06-06,8,0.5899999999999999,21.999999999999975,-7.52,157,-6.93,0,0
4,2011,2011-06-15,24,5.879999999999999,82.00000000000003,-6.959999999999999,166,-1.08,0,0
4,2011,2011-07-19,17,1.5699999999999985,22.000000000000064,-2.0599999999999987,200,-0.4900000000000002,0,1
4,2011,2011-08-09,14,0.7600000000000016,13.000000000000078,-0.9100000000000001,221,-0.14999999999999858,0,1
4,2012,2012-06-01,12,1.6600000000000001,25.99999999999998,-8.39,153,-6.7299999999999995,0,0
4,2012,2012-06-15,7,0.9100000000000001,25.0,-7.039999999999999,167,-6.129999999999999,0,1
4,2012,2012-06-24,10,1.8899999999999997,41.000000000000014,-6.249999999999999,176,-4.359999999999999,0,0
4,2012,2012-07-07,17,2.869999999999999,41.000000000000014,-4.789999999999999,189,-1.92,0,0
4,2012,2012-08-05,7,0.6599999999999984,14.000000000000057,-1.6499999999999986,218,-0.9900000000000002,0,1
4,2012,2012-08-26,9,0.7199999999999989,15.000000000000036,-1.8199999999999985,239,-1.0999999999999996,0,1
4,2012,2012-09-15,12,1.6799999999999997,27.999999999999936,-2.01,259,-0.33000000000000007,0,1
4,2013,2013-05-28,10,1.62,60.00000000000006,-7.989999999999999,148,-6.369999999999999,0,0
4,2013,2013-06-07,7,0.6699999999999999,46.99999999999997,-6.4399999999999995,158,-5.77,0,0
4,2013,2013-06-20,26,5.61,83.0,-6.339999999999999,171,-0.7299999999999986,0,0
4,2013,2013-07-21,25,0.9600000000000009,12.0000000000001,-1.0899999999999999,202,-0.129999999999999,0,1
4,2013,2013-10-07,13,1.5799999999999983,32.00000000000003,-3.5699999999999985,280,-1.9900000000000002,0,1
4,2014,2014-05-14,10,0.7999999999999998,16.999999999999993,-8.53,134,-7.7299999999999995,0,0
4,2014,2014-06-17,13,1.5200000000000005,64.00000000000006,-6.64,168,-5.119999999999999,0,0
4,2014,2014-06-30,9,1.120000000000001,29.999999999999893,-5.18,181,-4.059999999999999,0,1
4,2014,2014-07-12,8,0.7300000000000004,38.99999999999988,-4.18,193,-3.4499999999999993,0,1
4,2014,2014-07-21,10,1.4499999999999993,28.999999999999915,-3.5699999999999985,202,-2.119999999999999,0,1
4,2014,2014-08-03,21,1.9399999999999995,25.0,-2.5199999999999996,215,-0.5800000000000001,0,1
4,2014,2014-09-12,14,0.8000000000000007,24.00000000000002,-2.6899999999999995,255,-1.8899999999999988,0,1
4,2014,2014-10-18,6,0.9100000000000001,44.99999999999993,-4.66,291,-3.75,0,1
4,2015,2015-05-21,28,2.2800000000000002,22.000000000000064,-7.64,141,-5.359999999999999,0,0
4,2015,2015-06-22,18,2.1000000000000005,58.999999999999986,-5.64,173,-3.539999999999999,0,0
4,2015,2015-07-12,13,1.58,30.00000000000007,-3.7299999999999986,193,-2.1499999999999986,0,1
4,2015,2015-07-30,8,1.129999999999999,30.00000000000007,-2.639999999999999,211,-1.5099999999999998,0,1
4,2015,2015-08-13,16,2.16,25.99999999999998,-2.299999999999999,225,-0.1399999999999988,0,1
4,2016,2016-05-18,9,1.5,33.999999999999986,-8.79,139,-7.289999999999999,0,0
4,2016,2016-06-11,19,3.74,50.999999999999886,-8.049999999999999,163,-4.309999999999999,0,0
4,2016,2016-07-02,31,4.42,69.00000000000013,-4.649999999999999,184,-0.22999999999999865,0,0
4,2016,2016-08-13,16,1.2899999999999991,16.999999999999993,-1.049999999999999,226,0.27000000000000135,1,1
4,2016,2016-09-28,8,0.5300000000000011,11.999999999999922,-1.8499999999999996,272,-1.3199999999999985,0,1
4,2017,2017-05-24,18,1.5700000000000003,30.99999999999996,-8.41,144,-6.839999999999999,0,0
4,2017,2017-06-16,13,1.37,29.000000000000004,-7.43,167,-6.039999999999999,0,0
4,2017,2017-07-01,18,4.279999999999999,71.99999999999989,-6.109999999999999,182,-1.83,0,0
4,2017,2017-07-27,7,0.9000000000000004,31.99999999999985,-2.6799999999999997,208,-1.7799999999999994,0,1
4,2017,2017-08-05,17,1.8499999999999996,26.000000000000156,-1.8899999999999988,217,-0.03999999999999915,0,1
4,2018,2018-05-11,11,0.5300000000000002,13.000000000000034,-9.239999999999998,131,-8.709999999999999,0,0
4,2018,2018-05-26,10,1.4000000000000004,47.99999999999996,-8.78,146,-7.379999999999999,0,0
4,2018,2018-06-12,12,2.08,37.999999999999986,-8.1,163,-6.02,0,0
4,2018,2018-07-02,10,2.0,46.000000000000085,-5.9399999999999995,183,-3.869999999999999,0,0
4,2018,2018-07-12,11,0.6700000000000017,12.9999999999999,-3.99,193,-3.3199999999999985,0,1
4,2018,2018-07-27,15,2.549999999999999,42.99999999999997,-3.549999999999999,208,-1.0,0,0
4,2018,2018-08-25,24,1.1600000000000001,12.0000000000001,-1.3599999999999994,237,-0.1999999999999993,0,1
4,2019,2019-05-02,13,1.3100000000000005,21.999999999999975,-8.61,122,-7.299999999999999,0,0
4,2019,2019-06-12,7,0.75,29.999999999999982,-8.18,163,-7.369999999999999,0,0
4,2019,2019-06-19,7,0.75,26.999999999999957,-7.39,170,-6.64,0,1
4,2019,2019-06-27,7,0.9500000000000002,29.000000000000004,-6.76,178,-5.81,0,1
4,2019,2019-07-08,14,5.16,93.00000000000014,-6.26,189,-1.0999999999999996,0,0
4,2019,2019-08-19,9,1.3100000000000005,31.00000000000005,-2.1899999999999995,231,-0.879999999999999,0,1
4,2019,2019-09-14,20,2.540000000000001,37.0000000000001,-2.1099999999999994,257,0.4300000000000015,1,1
4,2020,2020-05-19,14,1.6800000000000006,45.000000000000014,-7.89,140,-6.169999999999999,0,0
4,2020,2020-06-04,31,4.56,45.99999999999991,-6.4799999999999995,156,-1.9100000000000001,0,0
4,2020,2020-07-10,11,1.4499999999999993,36.99999999999992,-1.9699999999999989,192,-0.5199999999999996,0,1
4,2020,2020-09-24,9,0.7599999999999998,19.000000000000128,-1.6899999999999995,268,-0.9299999999999997,0,1
4,2021,2021-05-09,28,4.279999999999999,51.00000000000007,-9.76,129,-5.4799999999999995,0,0
4,2021,2021-06-12,19,3.7300000000000004,89.00000000000006,-6.129999999999999,163,-2.3999999999999986,0,0
4,2021,2021-07-03,7,0.6600000000000001,26.000000000000156,-2.5599999999999987,184,-1.8999999999999986,0,1
4,2021,2021-08-02,20,2.08,20.000000000000107,-1.7699999999999996,214,0.3100000000000005,1,1
4,2021,2021-10-19,10,1.0399999999999991,29.999999999999893,-2.6999999999999993,292,-1.6600000000000001,0,1
4,2022,2022-05-13,12,2.08,62.000000000000014,-8.78,133,-6.699999999999999,0,0
4,2022,2022-06-05,20,3.45,33.999999999999986,-7.3999999999999995,156,-3.9499999999999993,0,0
4,2022,2022-06-29,7,1.3200000000000003,37.9999999999999,-4.75,180,-3.4299999999999997,0,1
4,2022,2022-07-22,18,3.1499999999999986,41.000000000000014,-4.889999999999999,203,-1.7400000000000002,0,0
4,2022,2022-08-20,19,2.450000000000001,46.000000000000085,-3.0,232,-0.5499999999999989,0,1
4,2022,2022-09-19,10,1.0,16.999999999999993,-2.369999999999999,262,-1.3699999999999992,0,1
4,2022,2022-10-09,12,1.2400000000000002,33.999999999999986,-2.1999999999999993,282,-0.9599999999999991,0,1
4,2023,2023-06-13,13,3.1000000000000005,70.00000000000001,-8.93,164,-5.829999999999999,0,0
4,2023,2023-07-01,19,3.2700000000000005,37.999999999999986,-6.169999999999999,182,-2.889999999999999,0,0
4,2023,2023-07-25,12,0.8100000000000005,16.999999999999993,-3.039999999999999,206,-2.2299999999999986,0,1
4,2023,2023-08-07,11,1.2700000000000014,33.00000000000001,-2.34,219,-1.0699999999999985,0,1
4,2023,2023-08-26,8,0.7299999999999986,16.000000000000014,-1.8199999999999985,238,-1.0899999999999999,0,1
4,2023,2023-09-18,12,1.3200000000000003,44.99999999999993,-3.119999999999999,261,-1.7699999999999996,0,1
4,2024,2024-05-18,11,0.8599999999999999,47.00000000000002,-9.709999999999999,139,-8.85,0,0
4,2024,2024-06-01,10,1.6100000000000003,33.00000000000001,-9.19,153,-7.579999999999999,0,0
4,2024,2024-06-15,10,2.4399999999999995,42.99999999999997,-7.959999999999999,167,-5.52,0,0
4,2024,2024-06-27,22,4.540000000000001,45.00000000000011,-6.1,179,-1.549999999999999,0,0
4,2024,2024-08-01,18,1.5899999999999999,25.99999999999998,-2.459999999999999,214,-0.8599999999999994,0,1
4,2024,2024-09-16,11,1.4300000000000015,27.000000000000135,-2.08,260,-0.6499999999999986,0,1
4,2025,2025-05-12,18,1.44,20.999999999999996,-9.299999999999999,132,-7.859999999999999,0,0
4,2025,2025-06-01,8,1.6600000000000001,54.999999999999986,-7.989999999999999,152,-6.31,0,0
4,2025,2025-06-19,14,2.5699999999999994,50.0,-7.789999999999999,170,-5.22,0,0
4,2025,2025-07-05,21,4.0600000000000005,41.000000000000014,-5.26,186,-1.1999999999999993,0,0
4,2025,2025-07-31,16,1.75,18.99999999999995,-1.8399999999999999,212,-0.08999999999999986,0,1
4,2025,2025-08-27,10,0.7699999999999996,13.000000000000078,-1.459999999999999,239,-0.6899999999999995,0,1
4,2025,2025-09-10,10,0.5299999999999994,8.999999999999986,-1.0299999999999994,253,-0.5,0,1
4,2025,2025-10-05,6,0.6799999999999997,25.0,-2.42,278,-1.7400000000000002,0,1
5,2011,2011-05-16,34,1.3999999999999995,12.00000000000001,-8.4,136,-6.98,0,0
5,2011,2011-06-21,20,3.8099999999999996,40.000000000000036,-7.010000000000001,172,-3.200000000000001,0,0
5,2011,2011-07-17,19,1.3699999999999992,15.999999999999837,-3.8200000000000003,198,-2.450000000000001,0,1
5,2011,2011-08-08,14,0.7400000000000002,9.999999999999964,-2.6500000000000004,220,-1.9100000000000001,0,1
5,2012,2012-05-20,8,0.54,17.99999999999997,-8.8,141,-8.21,0,0
5,2012,2012-06-02,11,1.3600000000000003,22.999999999999954,-8.68,154,-7.32,0,0
5,2012,2012-06-15,8,0.8099999999999996,22.999999999999954,-7.590000000000001,167,-6.780000000000001,0,0
5,2012,2012-06-24,11,1.7599999999999998,54.999999999999986,-6.920000000000001,176,-5.160000000000001,0,0
5,2012,2012-07-08,17,2.88,41.000000000000014,-5.2700000000000005,190,-2.3900000000000006,0,0
5,2012,2012-08-26,9,0.8099999999999987,14.999999999999858,-2.41,239,-1.6000000000000014,0,1
5,2012,2012-09-14,14,1.6100000000000012,22.000000000000064,-2.4300000000000015,258,-0.8200000000000003,0,1
5,2013,2013-05-19,19,1.7699999999999996,37.000000000000014,-8.52,139,-6.69,0,0
5,2013,2013-06-20,27,5.420000000000001,65.00000000000003,-6.840000000000001,171,-1.4100000000000001,0,0
5,2013,2013-07-22,25,1.1099999999999994,10.999999999999943,-1.6500000000000004,203,-0.5400000000000009,0,1
5,2013,2013-10-07,15,1.3999999999999986,30.00000000000007,-4.34,280,-2.9400000000000013,0,1
5,2014,2014-05-12,11,0.96,22.999999999999954,-8.84,132,-7.880000000000001,0,0
5,2014,2014-05-30,7,0.7800000000000002,24.00000000000002,-8.25,150,-7.470000000000001,0,0
5,2014,2014-06-16,23,2.630000000000001,33.999999999999986,-7.220000000000001,167,-4.59,0,0
5,2014,2014-07-12,10,0.75,28.000000000000114,-4.73,193,-3.9800000000000004,0,1
5,2014,2014-07-22,9,1.1600000000000001,26.000000000000156,-4.030000000000001,203,-2.870000000000001,0,1
5,2014,2014-08-01,25,1.8499999999999996,12.9999999999999,-2.9800000000000004,213,-1.1300000000000008,0,1
5,2014,2014-09-14,13,0.8499999999999996,8.000000000000007,-3.120000000000001,257,-2.2700000000000014,0,1
5,2014,2014-10-16,8,0.7999999999999989,26.999999999999957,-5.23,289,-4.4300000000000015,0,1
5,2015,2015-05-15,34,2.0699999999999994,16.999999999999993,-8.100000000000001,135,-6.030000000000001,0,0
5,2015,2015-07-03,23,4.110000000000001,126.99999999999996,-6.780000000000001,184,-2.67,0,0
5,2015,2015-07-30,8,0.9699999999999989,26.000000000000156,-3.0700000000000003,211,-2.1000000000000014,0,1
5,2015,2015-08-13,16,2.2699999999999996,25.99999999999998,-2.91,225,-0.6400000000000006,0,1
5,2016,2016-05-17,9,0.8799999999999999,18.00000000000006,-8.61,138,-7.73,0,0
5,2016,2016-05-30,7,0.8099999999999996,31.99999999999994,-8.18,151,-7.370000000000001,0,0
5,2016,2016-06-11,19,2.8400000000000007,43.00000000000006,-7.580000000000001,163,-4.74,0,0
5,2016,2016-07-02,11,1.4300000000000006,28.999999999999915,-5.1000000000000005,184,-3.67,0,1
5,2016,2016-07-14,16,4.050000000000001,128.0000000000001,-4.220000000000001,196,-0.16999999999999993,0,0
5,2016,2016-08-13,19,1.5,14.999999999999858,-1.950000000000001,226,-0.45000000000000107,0,1
5,2017,2017-05-22,10,0.5,8.000000000000007,-8.31,142,-7.8100000000000005,0,0
5,2017,2017-06-04,7,0.71,16.999999999999993,-8.09,155,-7.380000000000001,0,0
5,2017,2017-06-16,13,1.3999999999999995,35.00000000000006,-7.930000000000001,167,-6.530000000000001,0,0
5,2017,2017-07-01,18,4.179999999999999,57.00000000000003,-6.61,182,-2.4300000000000015,0,0
5,2017,2017-07-27,7,0.75,26.999999999999957,-3.2300000000000004,208,-2.4800000000000004,0,1
5,2017,2017-08-05,16,1.9900000000000002,33.00000000000001,-2.58,217,-0.5899999999999999,0,1
5,2018,2018-05-10,12,0.56,8.000000000000007,-9.120000000000001,130,-8.56,0,0
5,2018,2018-05-26,11,1.29,25.99999999999998,-8.68,146,-7.390000000000001,0,0
5,2018,2018-06-12,13,1.7800000000000002,33.00000000000001,-8.18,163,-6.370000000000001,0,0
5,2018,2018-06-26,16,2.3500000000000005,35.00000000000006,-6.5200000000000005,177,-4.140000000000001,0,0
5,2018,2018-07-12,11,0.5500000000000007,8.000000000000007,-4.210000000000001,193,-3.66,0,1
5,2018,2018-07-27,15,2.3499999999999996,39.99999999999986,-3.860000000000001,208,-1.5100000000000016,0,1
5,2018,2018-08-26,23,1.0,7.000000000000028,-1.8200000000000003,238,-0.8200000000000003,0,1
5,2019,2019-05-02,13,1.2999999999999998,15.999999999999925,-8.61,122,-7.3100000000000005,0,0
5,2019,2019-06-12,23,2.1399999999999997,24.00000000000002,-8.11,163,-5.970000000000001,0,0
5,2019,2019-07-08,14,4.640000000000001,83.99999999999999,-6.200000000000001,189,-1.5600000000000005,0,0
5,2019,2019-08-19,9,1.0099999999999998,19.000000000000128,-2.620000000000001,231,-1.6100000000000012,0,1
5,2019,2019-09-13,21,2.5100000000000016,39.00000000000006,-2.6000000000000014,256,-0.08999999999999986,0,1
5,2020,2020-05-09,24,1.7300000000000004,18.00000000000006,-8.71,130,-6.98,0,0
5,2020,2020-06-02,18,1.2799999999999994,27.000000000000046,-7.0600000000000005,154,-5.780000000000001,0,0
5,2020,2020-06-22,14,3.8,124.00000000000003,-5.930000000000001,174,-2.120000000000001,0,0
5,2020,2020-07-11,19,2.26,40.99999999999984,-2.6900000000000013,193,-0.41000000000000014,0,1
5,2020,2020-09-24,9,0.6300000000000008,17.99999999999997,-1.8000000000000007,268,-1.17,0,1
5,2021,2021-05-08,29,4.0200000000000005,49.00000000000002,-9.790000000000001,128,-5.7700000000000005,0,0
5,2021,2021-06-17,15,3.2,74.00000000000003,-5.840000000000001,168,-2.6400000000000006,0,0
5,2021,2021-07-03,7,0.620000000000001,23.000000000000043,-2.780000000000001,184,-2.16,0,1
5,2021,2021-08-03,19,1.6999999999999993,21.000000000000085,-2.0700000000000003,215,-0.370000000000001,0,1
5,2021,2021-10-19,11,1.0,34.999999999999964,-3.3100000000000005,292,-2.3100000000000005,0,1
5,2022,2022-05-11,15,2.0599999999999996,54.0,-8.86,131,-6.800000000000001,0,0
5,2022,2022-06-05,20,3.37,32.00000000000003,-7.510000000000001,156,-4.140000000000001,0,0
5,2022,2022-06-29,8,1.2699999999999996,33.00000000000001,-4.970000000000001,180,-3.700000000000001,0,1
5,2022,2022-07-22,19,3.1000000000000005,33.999999999999986,-5.19,203,-2.09,0,0
5,2022,2022-08-20,18,2.3200000000000003,50.0,-3.24,232,-0.9199999999999999,0,1
5,2022,2022-09-19,10,0.8499999999999996,13.000000000000078,-2.620000000000001,262,-1.7700000000000014,0,1
5,2022,2022-10-09,11,1.1600000000000001,24.00000000000002,-2.5500000000000007,282,-1.3900000000000006,0,1
5,2023,2023-06-10,15,3.2699999999999996,69.99999999999993,-9.02,161,-5.750000000000001,0,0
5,2023,2023-07-01,19,3.0699999999999994,41.000000000000014,-6.330000000000001,182,-3.25,0,0
5,2023,2023-07-26,11,0.7400000000000002,16.999999999999993,-3.540000000000001,207,-2.8000000000000007,0,1
5,2023,2023-08-07,12,1.1799999999999997,30.00000000000007,-2.860000000000001,219,-1.6800000000000015,0,1
5,2023,2023-08-26,9,0.7200000000000006,16.000000000000014,-2.290000000000001,238,-1.5700000000000003,0,1
5,2023,2023-09-18,13,1.2400000000000002,42.99999999999997,-3.7200000000000006,261,-2.4700000000000006,0,1
5,2024,2024-05-18,11,0.8300000000000001,49.99999999999996,-9.81,139,-8.98,0,0
5,2024,2024-06-01,10,1.63,34.999999999999964,-9.31,153,-7.680000000000001,0,0
5,2024,2024-06-15,10,2.3200000000000003,42.99999999999997,-8.080000000000002,167,-5.760000000000001,0,0
5,2024,2024-06-27,22,4.31,43.99999999999995,-6.2700000000000005,179,-1.9300000000000015,0,0
5,2024,2024-08-01,18,1.3299999999999983,19.99999999999993,-2.84,214,-1.5100000000000016,0,1
5,2024,2024-09-16,11,1.4700000000000006,25.99999999999998,-2.6900000000000013,260,-1.2200000000000006,0,1
5,2025,2025-05-11,21,1.4899999999999998,20.000000000000018,-9.41,131,-7.920000000000001,0,0
5,2025,2025-06-02,7,1.3600000000000003,51.99999999999996,-7.960000000000001,153,-6.580000000000001,0,0
5,2025,2025-06-18,16,2.4699999999999998,55.99999999999996,-7.880000000000001,169,-5.410000000000001,0,0
5,2025,2025-07-05,22,3.9800000000000004,43.99999999999995,-5.470000000000001,186,-1.4900000000000002,0,0
5,2025,2025-08-01,14,1.6500000000000004,22.000000000000064,-2.4400000000000013,213,-0.7900000000000009,0,1
5,2025,2025-08-27,10,0.8499999999999996,22.000000000000064,-2.2200000000000006,239,-1.370000000000001,0,1
5,2025,2025-10-05,6,0.5700000000000003,24.00000000000002,-3.0100000000000016,278,-2.4400000000000013,0,1
6,2011,2011-05-08,37,2.19,31.99999999999994,-6.9,128,-4.7,0,0
6,2011,2011-06-21,20,4.050000000000001,55.99999999999996,-4.84,172,-0.7899999999999991,0,0
6,2011,2011-07-16,20,1.1399999999999988,13.99999999999988,-1.129999999999999,197,0.009999999999999787,1,1
6,2011,2011-08-08,15,0.7299999999999986,13.000000000000078,-0.129999999999999,220,0.5999999999999996,1,1
6,2011,2011-09-12,12,0.9000000000000004,23.000000000000043,-1.25,255,-0.34999999999999964,0,1
6,2012,2012-05-02,8,0.6299999999999999,16.000000000000014,-7.619999999999999,123,-6.99,0,0
6,2012,2012-05-18,8,1.15,58.999999999999986,-7.6,139,-6.449999999999999,0,0
6,2012,2012-06-02,11,2.0,40.000000000000036,-6.96,154,-4.96,0,0
6,2012,2012-06-15,7,0.9299999999999997,29.999999999999982,-5.51,167,-4.58,0,1
6,2012,2012-06-24,10,1.8200000000000003,39.99999999999994,-4.82,176,-3.0,0,0
6,2012,2012-07-11,14,1.8600000000000012,36.00000000000003,-3.8200000000000003,193,-1.9399999999999995,0,1
6,2012,2012-08-27,8,0.7199999999999989,20.000000000000107,-2.2799999999999994,240,-1.5600000000000005,0,1
6,2012,2012-09-15,13,1.8499999999999988,37.9999999999999,-2.3999999999999995,259,-0.5500000000000007,0,1
6,2013,2013-05-06,8,1.0999999999999996,43.000000000000014,-7.6,126,-6.49,0,0
6,2013,2013-05-18,26,1.81,20.000000000000018,-7.0600000000000005,138,-5.25,0,0
6,2013,2013-06-21,25,4.489999999999999,67.99999999999997,-5.81,172,-1.3200000000000003,0,0
6,2013,2013-10-07,12,1.1600000000000001,25.99999999999998,-3.88,280,-2.7199999999999998,0,1
6,2014,2014-05-10,14,1.88,42.99999999999997,-8.14,130,-6.26,0,0
6,2014,2014-05-29,23,1.3800000000000003,18.99999999999995,-6.77,149,-5.39,0,0
6,2014,2014-06-22,19,1.92,41.99999999999999,-5.3999999999999995,173,-3.4799999999999995,0,0
6,2014,2014-07-12,19,1.4899999999999993,19.99999999999993,-3.54,193,-2.0500000000000007,0,1
6,2014,2014-08-03,22,1.7599999999999998,18.99999999999995,-2.34,215,-0.5800000000000001,0,1
6,2014,2014-09-13,14,0.7900000000000009,16.999999999999993,-2.5,256,-1.709999999999999,0,1
6,2014,2014-10-18,7,0.6299999999999999,16.999999999999993,-4.45,291,-3.8200000000000003,0,1
6,2015,2015-05-18,19,1.6099999999999999,12.99999999999999,-6.98,138,-5.37,0,0
6,2015,2015-06-06,11,1.3899999999999997,32.00000000000003,-5.3999999999999995,157,-4.01,0,0
6,2015,2015-07-01,10,0.9799999999999995,34.999999999999964,-4.3,182,-3.3200000000000003,0,1
6,2015,2015-07-14,11,1.04,26.999999999999957,-3.6399999999999997,195,-2.5999999999999996,0,1
6,2015,2015-07-30,8,0.6000000000000005,16.000000000000014,-2.96,211,-2.3599999999999994,0,1
6,2015,2015-08-13,15,2.12,36.99999999999992,-2.8999999999999995,225,-0.7799999999999994,0,1
6,2016,2016-05-19,8,1.5799999999999996,37.999999999999986,-7.869999999999999,140,-6.29,0,0
6,2016,2016-06-12,18,4.4,62.000000000000014,-7.17,164,-2.7699999999999996,0,0
6,2016,2016-07-02,30,3.539999999999999,25.0,-3.1899999999999995,184,0.34999999999999964,1,0
6,2016,2016-08-13,17,0.9199999999999999,16.999999999999993,-1.1099999999999994,226,-0.1899999999999995,0,1
6,2017,2017-05-02,8,0.6399999999999997,21.999999999999975,-6.89,122,-6.25,0,0
6,2017,2017-05-24,18,2.07,42.99999999999997,-6.91,144,-4.82,0,0
6,2017,2017-06-15,12,1.2000000000000002,33.00000000000001,-5.55,166,-4.35,0,0
6,2017,2017-07-01,17,2.87,37.000000000000014,-4.53,182,-1.6500000000000004,0,0
6,2017,2017-07-28,6,0.5199999999999996,19.000000000000128,-2.5,209,-1.9800000000000004,0,1
6,2017,2017-08-05,15,2.1500000000000004,35.99999999999994,-2.0299999999999994,217,0.120000000000001,1,1
6,2018,2018-05-10,12,0.6799999999999997,13.000000000000034,-7.22,130,-6.54,0,0
6,2018,2018-05-27,9,1.6599999999999997,46.99999999999997,-6.66,147,-5.0,0,0
6,2018,2018-06-12,12,1.88,43.99999999999995,-5.8,163,-3.92,0,0
6,2018,2018-07-01,10,1.4800000000000004,28.000000000000025,-4.12,182,-2.6399999999999997,0,1
6,2018,2018-07-27,15,1.8800000000000008,32.99999999999983,-2.76,208,-0.879999999999999,0,1
6,2018,2018-08-25,25,1.25,12.9999999999999,-1.25,237,0.0,1,1
6,2019,2019-05-07,15,1.5,25.0,-6.64,127,-5.14,0,0
6,2019,2019-06-13,22,2.4299999999999997,33.999999999999986,-5.88,164,-3.45,0,0
6,2019,2019-07-08,14,3.830000000000001,53.000000000000114,-3.7800000000000002,189,0.05000000000000071,1,0
6,2019,2019-08-19,9,0.8800000000000008,23.000000000000043,-1.4700000000000006,231,-0.5899999999999999,0,1
6,2019,2019-09-12,22,2.3100000000000005,25.99999999999998,-1.5999999999999996,255,0.7100000000000009,1,1
6,2020,2020-05-19,14,2.53,44.00000000000004,-6.4,140,-3.8599999999999994,0,0
6,2020,2020-06-07,8,0.6799999999999997,20.000000000000018,-4.64,159,-3.96,0,1
6,2020,2020-06-17,18,2.99,37.0000000000001,-4.09,169,-1.0999999999999996,0,0
6,2020,2020-07-10,12,1.5900000000000016,33.999999999999986,-1.4700000000000006,192,0.120000000000001,1,1
6,2020,2020-09-25,8,0.6600000000000001,20.000000000000107,-1.0099999999999998,269,-0.34999999999999964,0,1
6,2021,2021-05-04,44,3.45,54.0,-7.55,124,-4.1,0,0
6,2021,2021-06-18,22,2.8199999999999994,52.00000000000004,-4.13,169,-1.3100000000000005,0,0
6,2021,2021-08-03,19,1.5999999999999996,24.00000000000002,-1.379999999999999,215,0.22000000000000064,1,1
6,2021,2021-10-20,10,1.1000000000000005,67.0,-2.88,293,-1.7799999999999994,0,1
6,2022,2022-05-11,14,2.23,69.00000000000004,-6.949999999999999,131,-4.72,0,0
6,2022,2022-06-07,18,3.3200000000000003,50.0,-5.52,158,-2.1999999999999993,0,0
6,2022,2022-06-29,7,0.8500000000000005,20.000000000000018,-3.0300000000000002,180,-2.1799999999999997,0,1
6,2022,2022-07-23,18,2.6499999999999995,54.0,-3.62,204,-0.9700000000000006,0,0
6,2022,2022-08-20,18,1.8499999999999996,33.00000000000001,-2.1099999999999994,232,-0.2599999999999998,0,1
6,2022,2022-09-19,11,0.6799999999999997,12.9999999999999,-1.7799999999999994,262,-1.0999999999999996,0,1
6,2022,2022-10-10,10,1.2199999999999989,33.999999999999986,-1.7799999999999994,283,-0.5600000000000005,0,1
6,2023,2023-05-09,7,0.5599999999999996,20.000000000000018,-7.6,129,-7.04,0,0
6,2023,2023-06-10,16,3.3300000000000005,63.99999999999997,-7.1899999999999995,161,-3.8200000000000003,0,0
6,2023,2023-07-02,18,2.3500000000000005,37.999999999999986,-3.9699999999999998,183,-1.6199999999999992,0,0
6,2023,2023-07-26,11,0.6799999999999997,16.000000000000014,-2.0,207,-1.3200000000000003,0,1
6,2023,2023-08-08,10,0.9800000000000004,24.00000000000002,-1.4100000000000001,220,-0.4299999999999997,0,1
6,2023,2023-08-26,9,0.8300000000000001,16.000000000000014,-1.0999999999999996,238,-0.2699999999999996,0,1
6,2023,2023-09-18,14,1.1500000000000004,29.999999999999893,-2.3200000000000003,261,-1.17,0,1
6,2024,2024-05-19,10,1.17,56.999999999999986,-8.12,140,-6.949999999999999,0,0
6,2024,2024-06-01,9,1.3599999999999994,34.00000000000003,-7.35,153,-5.99,0,0
6,2024,2024-06-16,11,2.29,71.99999999999997,-6.3,168,-3.9399999999999995,0,0
6,2024,2024-06-28,20,2.919999999999999,43.00000000000006,-4.14,180,-1.2200000000000006,0,0
6,2024,2024-08-02,17,1.2100000000000009,33.00000000000001,-2.08,215,-0.8699999999999992,0,1
6,2024,2024-09-17,10,1.2300000000000004,25.0,-2.2300000000000004,261,-1.0,0,1
6,2025,2025-05-13,18,1.17,14.999999999999991,-7.609999999999999,133,-6.4399999999999995,0,0
6,2025,2025-06-01,7,1.3100000000000005,63.99999999999997,-6.5,152,-5.1899999999999995,0,0
6,2025,2025-06-20,14,2.39,42.99999999999997,-6.57,171,-4.18,0,0
6,2025,2025-07-05,24,2.499999999999999,20.000000000000107,-4.22,186,-1.7200000000000006,0,0
6,2025,2025-08-02,15,1.5900000000000016,18.99999999999995,-2.0500000000000007,214,-0.4599999999999991,0,1
6,2025,2025-08-27,10,0.6199999999999992,13.000000000000078,-1.8499999999999996,239,-1.2300000000000004,0,1
6,2025,2025-10-05,6,0.5999999999999988,29.000000000000092,-2.3999999999999995,278,-1.8000000000000007,0,1
7,2011,2011-05-24,20,1.7199999999999998,31.00000000000005,-4.67,144,-2.95,0,0
7,2011,2011-06-21,20,2.9400000000000004,37.9999999999999,-3.0200000000000005,172,-0.08000000000000007,0,0
7,2011,2011-07-17,19,0.9100000000000001,19.99999999999993,-0.2699999999999996,198,0.6500000000000004,1,1
7,2011,2011-09-12,12,0.7699999999999996,20.999999999999908,-0.7200000000000006,255,0.049999999999998934,1,1
7,2012,2012-05-02,8,0.6500000000000004,14.999999999999991,-5.65,123,-5.0,0,1
7,2012,2012-05-18,8,1.1600000000000001,41.99999999999999,-5.74,139,-4.58,0,0
7,2012,2012-05-31,13,2.2,50.99999999999998,-5.07,152,-2.87,0,0
7,2012,2012-06-15,6,0.8399999999999999,22.000000000000064,-3.3900000000000006,167,-2.5500000000000007,0,1
7,2012,2012-06-24,10,1.75,44.00000000000004,-2.8100000000000005,176,-1.0600000000000005,0,1
7,2012,2012-07-12,12,1.5199999999999996,29.999999999999893,-1.9900000000000002,194,-0.47000000000000064,0,1
7,2012,2012-08-25,9,0.5099999999999989,12.0000000000001,-1.21,238,-0.6600000000000001,0,1
7,2012,2012-09-14,15,1.919999999999999,29.000000000000004,-1.4500000000000002,258,0.46999999999999886,1,1
7,2013,2013-05-04,10,1.3399999999999999,39.99999999999999,-6.0600000000000005,124,-4.71,0,0
7,2013,2013-05-19,24,1.75,19.00000000000004,-5.07,139,-3.29,0,0
7,2013,2013-06-21,24,3.7700000000000005,50.99999999999998,-4.03,172,-0.2599999999999998,0,0
7,2013,2013-08-28,14,0.7599999999999998,13.000000000000078,-0.46000000000000085,240,0.29999999999999893,1,1
7,2013,2013-10-08,11,0.8200000000000003,16.999999999999993,-2.5600000000000005,281,-1.7400000000000002,0,1
7,2014,2014-05-07,16,2.34,45.000000000000014,-6.5600000000000005,127,-4.220000000000001,0,0
7,2014,2014-06-06,15,1.0099999999999998,18.00000000000006,-4.63,157,-3.62,0,1
7,2014,2014-06-23,16,1.4400000000000004,32.00000000000003,-3.6800000000000006,174,-2.24,0,1
7,2014,2014-07-12,18,0.9900000000000002,13.999999999999968,-2.2800000000000002,193,-1.29,0,1
7,2014,2014-08-06,19,1.6900000000000004,19.99999999999993,-1.5300000000000002,218,0.16000000000000014,1,1
7,2014,2014-09-15,12,0.7800000000000002,20.000000000000018,-1.71,258,-0.9299999999999997,0,1
7,2015,2015-05-16,20,1.9699999999999998,24.00000000000002,-5.53,136,-3.5600000000000005,0,0
7,2015,2015-06-06,11,1.4000000000000004,26.000000000000068,-3.6400000000000006,157,-2.24,0,1
7,2015,2015-07-02,8,0.7000000000000002,18.00000000000006,-2.5300000000000002,183,-1.83,0,1
7,2015,2015-07-15,10,0.75,25.99999999999998,-2.21,196,-1.46,0,1
7,2015,2015-08-12,16,2.0300000000000002,33.999999999999986,-1.7600000000000007,224,0.2699999999999996,1,1
7,2016,2016-05-16,10,1.6799999999999997,34.00000000000007,-4.83,137,-3.1500000000000004,0,0
7,2016,2016-06-12,17,2.6500000000000004,41.99999999999999,-3.9700000000000006,164,-1.3200000000000003,0,0
7,2016,2016-07-02,10,0.7399999999999993,13.999999999999968,-1.6900000000000004,184,-0.9500000000000011,0,1
7,2016,2016-07-13,19,2.0700000000000003,16.999999999999993,-0.9800000000000004,195,1.0899999999999999,1,1
7,2017,2017-05-24,18,2.0999999999999996,41.99999999999999,-4.5,144,-2.4000000000000004,0,0
7,2017,2017-06-15,12,1.2000000000000002,23.000000000000043,-3.08,166,-1.88,0,1
7,2017,2017-06-30,17,2.3999999999999995,27.000000000000135,-2.1100000000000003,181,0.28999999999999915,1,1
7,2017,2017-08-04,15,2.0,40.99999999999984,-0.5500000000000007,216,1.4499999999999993,1,1
7,2018,2018-05-08,13,0.8900000000000001,12.00000000000001,-6.220000000000001,128,-5.33,0,0
7,2018,2018-05-25,11,1.8299999999999996,37.999999999999986,-5.68,145,-3.8500000000000005,0,0
7,2018,2018-06-12,12,1.8500000000000005,44.00000000000004,-4.720000000000001,163,-2.87,0,0
7,2018,2018-07-01,10,1.4699999999999998,31.99999999999994,-2.96,182,-1.4900000000000002,0,1
7,2018,2018-07-27,15,1.410000000000001,27.000000000000046,-1.8500000000000005,208,-0.4399999999999995,0,1
7,2018,2018-08-25,15,0.5500000000000007,9.999999999999964,-0.9000000000000004,237,-0.34999999999999964,0,1
7,2019,2019-05-02,13,1.9700000000000002,29.999999999999982,-6.26,122,-4.29,0,0
7,2019,2019-06-12,23,2.34,25.0,-4.86,163,-2.5200000000000005,0,0
7,2019,2019-07-09,12,3.2399999999999993,45.000000000000014,-2.87,190,0.3699999999999992,1,0
7,2019,2019-08-19,9,0.5099999999999989,13.999999999999968,-1.29,231,-0.7800000000000011,0,1
7,2019,2019-09-12,22,1.7600000000000007,26.999999999999957,-1.5300000000000002,255,0.23000000000000043,1,1
7,2020,2020-05-13,10,0.79,62.000000000000014,-5.8100000000000005,134,-4.9,0,0
7,2020,2020-05-23,9,2.3199999999999994,45.000000000000014,-5.04,144,-2.7200000000000006,0,0
7,2020,2020-06-06,9,0.7699999999999996,16.999999999999993,-3.49,158,-2.7200000000000006,0,1
7,2020,2020-06-17,18,2.63,31.00000000000005,-2.88,169,-0.25,0,0
7,2020,2020-07-10,11,1.4300000000000015,31.99999999999985,-0.7800000000000011,192,0.6500000000000004,1,1
7,2020,2020-09-24,10,0.5100000000000016,12.0000000000001,-0.45000000000000107,268,0.0600000000000005,1,1
7,2021,2021-05-08,30,3.19,50.0,-7.09,128,-3.87,0,0
7,2021,2021-06-07,10,0.75,23.000000000000043,-3.92,158,-3.17,0,1
7,2021,2021-06-19,21,2.5999999999999996,63.99999999999997,-3.42,170,-0.8200000000000003,0,0
7,2021,2021-08-03,20,1.4000000000000004,15.000000000000036,-1.0099999999999998,215,0.39000000000000057,1,1
7,2021,2021-10-19,7,0.79,35.99999999999994,-2.33,292,-1.4900000000000002,0,1
7,2022,2022-05-11,14,2.9000000000000004,83.0,-5.8100000000000005,131,-2.91,0,0
7,2022,2022-06-05,19,2.9400000000000004,26.000000000000068,-4.220000000000001,156,-1.2800000000000002,0,0
7,2022,2022-06-29,7,0.6899999999999995,22.999999999999954,-2.21,180,-1.5200000000000005,0,1
7,2022,2022-07-23,17,2.2699999999999996,27.000000000000046,-3.1500000000000004,204,-0.8800000000000008,0,1
7,2022,2022-08-20,18,1.4800000000000004,29.000000000000004,-1.9700000000000006,232,-0.4900000000000002,0,1
7,2022,2022-09-19,13,0.5300000000000002,10.000000000000053,-1.5300000000000002,262,-0.9800000000000004,0,1
7,2022,2022-10-09,10,1.1099999999999994,28.999999999999915,-1.58,282,-0.47000000000000064,0,1
7,2023,2023-05-08,9,0.79,24.00000000000002,-6.470000000000001,128,-5.68,0,0
7,2023,2023-06-10,15,3.4200000000000004,70.00000000000001,-5.790000000000001,161,-2.37,0,0
7,2023,2023-07-02,18,1.83,24.00000000000002,-3.16,183,-1.33,0,1
7,2023,2023-07-27,10,0.5,10.999999999999943,-1.7300000000000004,208,-1.2300000000000004,0,1
7,2023,2023-08-08,10,0.8099999999999996,20.000000000000018,-1.29,220,-0.4800000000000004,0,1
7,2023,2023-08-26,9,0.7300000000000004,14.000000000000057,-1.0300000000000011,238,-0.3000000000000007,0,1
7,2023,2023-09-18,14,0.9100000000000001,44.99999999999993,-2.16,261,-1.25,0,1
7,2024,2024-05-02,11,0.6399999999999997,25.99999999999998,-6.41,123,-5.75,0,0
7,2024,2024-05-18,11,1.2999999999999998,79.0,-6.53,139,-5.23,0,0
7,2024,2024-05-31,10,1.83,40.000000000000036,-5.69,152,-3.8600000000000003,0,0
7,2024,2024-06-15,9,1.7599999999999998,41.99999999999999,-4.29,167,-2.5300000000000002,0,0
7,2024,2024-06-27,20,2.5199999999999996,48.00000000000004,-2.9000000000000004,179,-0.3800000000000008,0,0
7,2024,2024-08-02,16,0.7799999999999994,12.9999999999999,-1.3399999999999999,215,-0.5600000000000005,0,1
7,2024,2024-09-17,10,0.910000000000001,16.999999999999993,-1.9300000000000006,261,-1.0199999999999996,0,1
7,2025,2025-05-12,16,1.6400000000000001,34.999999999999964,-6.09,132,-4.41,0,0
7,2025,2025-06-01,7,1.7800000000000002,58.00000000000001,-4.470000000000001,152,-2.6900000000000004,0,0
7,2025,2025-06-20,12,1.6800000000000006,44.00000000000004,-4.300000000000001,171,-2.62,0,0
7,2025,2025-07-06,20,1.9700000000000006,20.000000000000018,-3.0600000000000005,187,-1.0899999999999999,0,1
7,2025,2025-07-31,17,1.3099999999999996,12.9999999999999,-1.46,212,-0.15000000000000036,0,1
7,2025,2025-08-27,10,0.5700000000000003,11.999999999999922,-1.17,239,-0.5999999999999996,0,1
7,2025,2025-10-05,6,0.5899999999999999,27.000000000000046,-1.79,278,-1.1800000000000006,0,1
8,2011,2011-05-06,6,0.5500000000000007,11.999999999999922,-4.563000000000001,126,-4.013,0,1
8,2011,2011-05-22,11,0.9700000000000006,32.00000000000003,-4.2330000000000005,142,-3.1930000000000014,0,1
8,2011,2011-06-03,8,1.3699999999999992,42.99999999999997,-3.3630000000000013,154,-1.993000000000002,0,1
8,2011,2011-06-21,34,2.4499999999999993,23.000000000000043,-2.3930000000000007,172,0.05699999999999861,1,0
8,2011,2011-09-15,7,0.8300000000000018,35.99999999999994,-2.3530000000000015,258,-1.5229999999999997,0,1
8,2012,2012-05-16,8,1.5599999999999987,58.00000000000001,-4.4830000000000005,137,-2.923000000000002,0,0
8,2012,2012-05-28,14,2.330000000000002,57.00000000000003,-3.553000000000001,149,-1.222999999999999,0,0
8,2012,2012-06-14,6,1.2399999999999984,35.00000000000014,-1.9329999999999998,166,-0.6930000000000014,0,1
8,2012,2012-06-23,9,2.2699999999999996,72.99999999999969,-1.2929999999999993,175,0.9770000000000003,1,0
8,2012,2012-07-11,11,0.9199999999999982,35.99999999999994,-0.5429999999999993,193,0.3769999999999989,1,1
8,2012,2012-08-20,10,1.0399999999999991,18.999999999999773,-1.5429999999999993,233,-0.5030000000000001,0,1
8,2012,2012-09-13,16,2.5400000000000027,55.99999999999987,-1.6730000000000018,257,0.8670000000000009,1,1
8,2013,2013-07-05,8,0.8499999999999979,21.000000000000085,-0.7530000000000001,186,0.09699999999999775,1,1
8,2013,2013-08-27,16,2.4499999999999993,44.00000000000013,-2.123000000000001,239,0.3269999999999982,1,1
8,2014,2014-06-03,15,1.3200000000000003,32.00000000000003,-3.6630000000000003,154,-2.343,0,1
8,2014,2014-06-21,10,1.6500000000000021,33.999999999999986,-2.673000000000002,172,-1.0130000000000017,0,1
8,2014,2014-07-17,8,0.620000000000001,17.99999999999997,-1.243000000000002,198,-0.6230000000000011,0,1
8,2014,2014-08-09,13,1.7000000000000028,55.00000000000007,-1.4230000000000018,221,0.277000000000001,1,1
8,2015,2015-05-16,19,3.09,41.000000000000014,-5.143000000000001,136,-2.053000000000001,0,0
8,2015,2015-06-05,10,2.299999999999997,50.9999999999998,-2.3629999999999995,156,-0.06300000000000239,0,0
8,2015,2015-08-06,19,3.3900000000000006,73.00000000000004,-3.0330000000000013,218,0.3569999999999993,1,0
8,2015,2015-08-30,8,0.7899999999999991,19.99999999999993,-0.2029999999999994,242,0.5869999999999997,1,1
8,2015,2015-09-20,10,0.6999999999999993,28.999999999999915,-1.5730000000000004,263,-0.8730000000000011,0,1
8,2016,2016-05-16,9,2.240000000000002,50.0,-4.463000000000001,137,-2.222999999999999,0,0
8,2016,2016-06-11,17,3.24,78.00000000000011,-3.4930000000000003,163,-0.2530000000000001,0,0
8,2016,2016-07-02,8,1.0399999999999991,28.000000000000114,-1.1030000000000015,184,-0.06300000000000239,0,1
8,2016,2016-07-16,14,1.7199999999999989,30.999999999999872,-0.593,198,1.126999999999999,1,1
8,2016,2016-09-01,14,2.0,30.999999999999872,-2.743000000000002,245,-0.7430000000000021,0,1
8,2016,2016-09-21,11,1.0600000000000023,19.99999999999993,-1.833000000000002,265,-0.7729999999999997,0,1
8,2016,2016-10-11,7,1.360000000000003,58.999999999999986,-2.4030000000000022,285,-1.0429999999999993,0,1
8,2017,2017-05-23,17,2.7500000000000018,68.99999999999977,-4.293000000000001,143,-1.5429999999999993,0,0
8,2017,2017-06-14,11,1.6900000000000013,33.000000000000185,-2.7330000000000005,165,-1.0429999999999993,0,1
8,2017,2017-06-28,16,2.1099999999999994,30.00000000000007,-1.3530000000000015,179,0.7569999999999979,1,1
8,2017,2017-08-08,8,2.3000000000000007,62.0000000000001,-1.0530000000000008,220,1.2469999999999999,1,1
8,2017,2017-09-01,12,0.9100000000000001,25.0,-1.1129999999999995,244,-0.2029999999999994,0,1
8,2017,2017-09-25,9,0.6799999999999997,25.9999999999998,-1.713000000000001,268,-1.0330000000000013,0,1
8,2018,2018-05-07,12,0.9400000000000013,25.99999999999998,-5.443000000000001,127,-4.503,0,0
8,2018,2018-05-24,11,2.290000000000001,42.99999999999997,-5.013,144,-2.722999999999999,0,0
8,2018,2018-06-13,10,2.3499999999999996,66.99999999999982,-3.833,164,-1.4830000000000005,0,0
8,2018,2018-06-30,9,1.6900000000000013,39.00000000000006,-1.7830000000000013,181,-0.09299999999999997,0,1
8,2018,2018-07-30,10,0.8300000000000018,28.999999999999915,-1.1930000000000014,211,-0.36299999999999955,0,1
8,2018,2018-08-26,11,0.6499999999999986,16.000000000000014,-1.3230000000000004,238,-0.6730000000000018,0,1
8,2018,2018-09-10,9,0.9200000000000017,33.999999999999986,-0.9430000000000014,253,-0.022999999999999687,0,1
8,2019,2019-05-02,11,2.5699999999999985,50.0,-5.673,122,-3.1030000000000015,0,0
8,2019,2019-06-10,15,1.9400000000000013,33.000000000000185,-3.803000000000001,161,-1.8629999999999995,0,0
8,2019,2019-06-25,9,0.9899999999999984,39.00000000000006,-1.9130000000000003,176,-0.9230000000000018,0,1
8,2019,2019-07-07,12,3.0,53.000000000000114,-1.4230000000000018,188,1.5769999999999982,1,0
8,2019,2019-09-05,19,2.0199999999999996,40.00000000000021,-2.7929999999999993,248,-0.7729999999999997,0,1
8,2020,2020-05-18,13,3.99,67.0,-5.113000000000001,139,-1.123000000000001,0,0
8,2020,2020-06-05,9,1.0399999999999991,28.000000000000114,-2.593,157,-1.5530000000000008,0,1
8,2020,2020-06-16,15,2.610000000000003,40.00000000000021,-1.833000000000002,168,0.777000000000001,1,0
8,2020,2020-07-09,8,1.5600000000000023,41.000000000000014,-0.35300000000000153,191,1.2070000000000007,1,1
8,2020,2020-08-11,8,0.629999999999999,17.00000000000017,-0.963000000000001,224,-0.33300000000000196,0,1
8,2020,2020-09-14,6,0.9499999999999993,33.999999999999986,-1.2330000000000005,258,-0.28300000000000125,0,1
8,2021,2021-05-06,25,2.8100000000000005,74.00000000000003,-6.133000000000001,126,-3.3230000000000004,0,0
8,2021,2021-06-05,10,1.1399999999999988,33.999999999999986,-3.383000000000001,156,-2.243000000000002,0,1
8,2021,2021-06-25,13,1.8599999999999994,42.99999999999997,-2.553000000000001,176,-0.6930000000000014,0,1
8,2021,2021-08-12,11,1.9299999999999997,39.00000000000006,-2.472999999999999,224,-0.5429999999999993,0,1
8,2021,2021-08-23,12,1.1000000000000014,17.99999999999997,-0.5530000000000008,235,0.5470000000000006,1,1
8,2022,2022-05-12,12,3.4400000000000013,92.99999999999997,-4.57,132,-1.129999999999999,0,0
8,2022,2022-06-01,21,3.5,56.00000000000023,-2.9400000000000013,152,0.5599999999999987,1,0
8,2022,2022-06-28,6,0.6400000000000006,30.00000000000007,-1.0,179,-0.35999999999999943,0,1
8,2022,2022-07-21,8,1.0299999999999976,32.99999999999983,-2.6799999999999997,202,-1.6500000000000021,0,1
8,2022,2022-07-30,6,0.8099999999999987,41.000000000000014,-1.7699999999999996,211,-0.9600000000000009,0,1
8,2022,2022-08-28,15,2.25,42.99999999999997,-3.039999999999999,240,-0.7899999999999991,0,1
8,2022,2022-09-24,8,0.9699999999999989,22.00000000000024,-2.4499999999999993,267,-1.4800000000000004,0,1
8,2022,2022-10-09,9,1.6700000000000017,46.999999999999886,-2.460000000000001,282,-0.7899999999999991,0,1
8,2023,2023-05-07,7,1.3699999999999992,41.99999999999999,-5.42,127,-4.050000000000001,0,0
8,2023,2023-05-22,9,0.5899999999999999,17.99999999999997,-4.67,142,-4.08,0,1
8,2023,2023-06-07,16,4.020000000000001,85.00000000000014,-4.4300000000000015,158,-0.41000000000000014,0,0
8,2023,2023-07-08,9,1.1999999999999993,30.999999999999872,-1.2600000000000016,189,-0.03999999999999915,0,1
8,2023,2023-08-06,11,1.0100000000000016,16.000000000000014,-1.1900000000000013,218,-0.16000000000000014,0,1
8,2023,2023-08-23,11,1.0200000000000031,24.0000000000002,-0.7200000000000024,235,0.3000000000000007,1,1
8,2023,2023-09-21,10,1.2300000000000004,35.00000000000014,-3.1000000000000014,264,-1.870000000000001,0,1
8,2023,2023-10-09,7,0.7100000000000009,25.0,-2.620000000000001,282,-1.9100000000000001,0,1
8,2024,2024-05-05,6,0.6199999999999992,22.000000000000064,-4.91,126,-4.290000000000001,0,1
8,2024,2024-05-19,20,2.91,53.000000000000114,-5.210000000000001,140,-2.3000000000000007,0,0
8,2024,2024-06-13,10,2.0799999999999983,50.0,-2.8000000000000007,165,-0.7200000000000024,0,0
8,2024,2024-06-29,8,2.3200000000000003,64.00000000000006,-1.4000000000000021,181,0.9299999999999997,1,1
8,2024,2024-08-07,10,0.6400000000000006,14.999999999999858,-1.5899999999999999,220,-0.9499999999999993,0,1
8,2024,2024-09-25,6,1.42,54.00000000000009,-3.83,269,-2.41,0,1
8,2024,2024-10-03,10,1.5999999999999979,32.99999999999983,-3.0700000000000003,277,-1.4700000000000024,0,1
8,2025,2025-05-12,12,1.9100000000000001,48.00000000000004,-4.640000000000001,132,-2.7300000000000004,0,0
8,2025,2025-05-30,8,2.75,72.99999999999969,-3.1000000000000014,150,-0.3500000000000014,0,0
8,2025,2025-06-18,13,1.5999999999999979,42.99999999999997,-2.91,169,-1.3100000000000023,0,1
8,2025,2025-08-02,15,1.4200000000000017,21.999999999999886,-2.1000000000000014,214,-0.6799999999999997,0,1
8,2025,2025-09-12,9,0.6999999999999993,17.99999999999997,-1.629999999999999,255,-0.9299999999999997,0,1
9,2011,2011-05-24,10,0.75,20.000000000000018,-5.066999999999999,144,-4.316999999999999,0,1
9,2011,2011-06-05,8,1.04,31.99999999999994,-4.376999999999999,156,-3.336999999999999,0,1
9,2011,2011-06-22,20,2.4000000000000004,27.000000000000046,-3.5069999999999997,173,-1.1069999999999993,0,0
9,2011,2011-07-16,10,0.54,12.99999999999999,-1.2169999999999996,197,-0.6769999999999996,0,1
9,2011,2011-09-12,11,0.7699999999999996,16.999999999999993,-1.786999999999999,255,-1.0169999999999995,0,1
9,2012,2012-05-02,7,0.69,16.000000000000014,-5.0969999999999995,123,-4.406999999999999,0,1
9,2012,2012-05-18,8,1.2399999999999998,43.00000000000006,-5.296999999999999,139,-4.036999999999999,0,0
9,2012,2012-05-30,14,2.0300000000000002,41.99999999999999,-4.5569999999999995,151,-2.5069999999999997,0,0
9,2012,2012-06-15,6,0.8099999999999996,21.999999999999975,-2.986999999999999,167,-2.1769999999999996,0,1
9,2012,2012-06-24,9,1.5599999999999996,47.000000000000064,-2.3969999999999994,176,-0.8369999999999997,0,1
9,2012,2012-07-12,12,1.2299999999999995,22.000000000000064,-1.8369999999999989,194,-0.6069999999999993,0,1
9,2013,2013-05-03,10,1.4499999999999997,56.00000000000001,-5.796999999999999,123,-4.3469999999999995,0,0
9,2013,2013-05-18,10,0.6200000000000001,17.99999999999997,-4.786999999999999,138,-4.166999999999999,0,1
9,2013,2013-05-29,13,1.0099999999999998,24.00000000000002,-4.206999999999999,149,-3.156999999999999,0,1
9,2013,2013-06-21,24,3.09,32.00000000000003,-3.8469999999999995,172,-0.7569999999999997,0,0
9,2013,2013-08-28,15,1.1100000000000003,18.00000000000015,-1.2169999999999996,240,-0.10699999999999932,0,1
9,2013,2013-10-09,10,0.5700000000000003,14.000000000000057,-3.0169999999999995,282,-2.446999999999999,0,1
9,2014,2014-05-06,17,2.7799999999999994,56.00000000000001,-6.576999999999999,126,-3.7969999999999997,0,0
9,2014,2014-06-05,15,1.0,25.0,-4.336999999999999,156,-3.326999999999999,0,1
9,2014,2014-06-23,10,1.1800000000000006,33.999999999999986,-3.3869999999999996,174,-2.206999999999999,0,1
9,2014,2014-08-07,18,1.8200000000000003,23.000000000000043,-2.1069999999999993,219,-0.28699999999999903,0,1
9,2014,2014-09-15,12,0.9100000000000001,24.00000000000002,-2.2769999999999992,258,-1.366999999999999,0,1
9,2015,2015-05-17,19,2.2100000000000004,32.00000000000003,-5.376999999999999,137,-3.166999999999999,0,0
9,2015,2015-06-06,10,1.25,29.000000000000004,-3.336999999999999,157,-2.086999999999999,0,1
9,2015,2015-08-11,17,2.09,40.000000000000036,-2.456999999999999,223,-0.3669999999999991,0,1
9,2016,2016-05-16,10,1.81,33.999999999999986,-5.087,137,-3.2769999999999992,0,0
9,2016,2016-06-12,17,2.51,47.99999999999996,-4.196999999999999,164,-1.6869999999999994,0,0
9,2016,2016-07-02,9,0.6399999999999997,10.000000000000053,-2.126999999999999,184,-1.4869999999999992,0,1
9,2016,2016-07-15,17,1.8399999999999999,20.000000000000107,-1.6769999999999996,197,0.16300000000000026,1,1
9,2016,2016-10-12,7,0.5099999999999998,21.999999999999975,-2.366999999999999,286,-1.8569999999999993,0,1
9,2017,2017-05-23,19,2.0500000000000007,50.99999999999998,-4.637,143,-2.586999999999999,0,0
9,2017,2017-06-15,11,1.0999999999999996,20.999999999999996,-3.2769999999999992,166,-2.1769999999999996,0,1
9,2017,2017-06-30,16,1.950000000000001,20.000000000000018,-2.4269999999999996,181,-0.47699999999999854,0,1
9,2017,2017-08-04,15,2.0699999999999994,46.000000000000085,-1.7369999999999992,216,0.3330000000000002,1,1
9,2018,2018-05-08,13,0.9299999999999997,15.000000000000036,-5.726999999999999,128,-4.797,0,0
9,2018,2018-05-26,10,2.0200000000000005,39.00000000000006,-5.186999999999999,146,-3.166999999999999,0,0
9,2018,2018-06-12,12,2.0700000000000003,47.000000000000064,-4.0969999999999995,163,-2.0269999999999992,0,0
9,2018,2018-07-01,10,0.8099999999999996,23.999999999999932,-2.236999999999999,182,-1.4269999999999996,0,1
9,2018,2018-07-27,14,1.0299999999999994,21.999999999999975,-2.036999999999999,208,-1.0069999999999997,0,1
9,2018,2018-08-25,15,0.5600000000000005,8.000000000000007,-1.5469999999999997,237,-0.9769999999999994,0,1
9,2019,2019-05-02,13,2.01,33.999999999999986,-6.106999999999999,122,-4.0969999999999995,0,0
9,2019,2019-06-12,22,2.1799999999999997,29.999999999999982,-4.536999999999999,163,-2.3569999999999993,0,0
9,2019,2019-07-08,13,2.6999999999999993,34.99999999999987,-2.6869999999999994,189,0.0129999999999999,1,1
9,2019,2019-08-18,10,0.54,12.00000000000001,-2.0669999999999993,230,-1.5269999999999992,0,1
9,2019,2019-09-11,16,1.6099999999999994,25.99999999999998,-2.126999999999999,254,-0.5169999999999995,0,1
9,2020,2020-05-02,12,0.69,13.000000000000034,-6.276999999999999,123,-5.587,0,0
9,2020,2020-05-15,18,3.12,43.99999999999995,-5.606999999999999,136,-2.486999999999999,0,0
9,2020,2020-06-10,7,0.7599999999999998,23.000000000000043,-3.2669999999999995,162,-2.5069999999999997,0,1
9,2020,2020-06-18,16,2.1999999999999993,37.999999999999986,-2.536999999999999,170,-0.33699999999999974,0,1
9,2020,2020-07-10,9,1.3200000000000003,34.999999999999964,-1.0169999999999995,192,0.3030000000000008,1,1
9,2021,2021-05-12,36,4.23,71.0,-7.186999999999999,132,-2.9369999999999994,0,0
9,2021,2021-06-19,21,1.8299999999999992,47.000000000000064,-3.126999999999999,170,-1.2969999999999997,0,0
9,2021,2021-08-03,21,1.3899999999999997,15.999999999999925,-1.746999999999999,215,-0.3569999999999993,0,1
9,2022,2022-05-11,15,2.92,84.99999999999997,-5.449999999999999,131,-2.4899999999999993,0,0
9,2022,2022-06-05,19,2.91,37.000000000000014,-3.8599999999999994,156,-0.9499999999999993,0,0
9,2022,2022-06-29,7,0.5800000000000001,16.000000000000014,-1.9999999999999991,180,-1.419999999999999,0,1
9,2022,2022-07-23,15,1.67,25.0,-3.0999999999999996,204,-1.4299999999999997,0,1
9,2022,2022-08-21,22,1.2999999999999998,16.999999999999993,-2.509999999999999,233,-1.209999999999999,0,1
9,2022,2022-09-23,9,0.5,13.999999999999968,-2.1599999999999993,266,-1.6599999999999993,0,1
9,2022,2022-10-10,9,1.08,29.000000000000004,-2.289999999999999,283,-1.209999999999999,0,1
9,2023,2023-05-10,7,1.0299999999999998,33.999999999999986,-6.35,130,-5.239999999999999,0,0
9,2023,2023-06-08,17,3.2700000000000005,71.0,-5.319999999999999,159,-2.049999999999999,0,0
9,2023,2023-07-02,16,1.58,30.99999999999996,-2.9799999999999995,183,-1.3999999999999995,0,1
9,2023,2023-07-29,20,1.2199999999999998,12.99999999999999,-2.1999999999999993,210,-0.9799999999999995,0,1
9,2023,2023-08-26,9,0.7400000000000002,15.000000000000036,-1.549999999999999,238,-0.8099999999999987,0,1
9,2023,2023-09-22,11,0.96,22.000000000000064,-2.789999999999999,265,-1.8299999999999992,0,1
9,2024,2024-05-02,10,0.6699999999999999,21.999999999999975,-5.969999999999999,123,-5.299999999999999,0,0
9,2024,2024-05-19,10,1.1999999999999997,58.00000000000001,-6.049999999999999,140,-4.85,0,0
9,2024,2024-05-31,10,1.7599999999999998,42.99999999999997,-5.199999999999999,152,-3.4299999999999997,0,0
9,2024,2024-06-16,8,1.6500000000000004,41.99999999999999,-3.8599999999999994,168,-2.209999999999999,0,1
9,2024,2024-06-27,12,1.6600000000000001,44.00000000000004,-2.549999999999999,179,-0.8899999999999988,0,1
9,2024,2024-09-19,15,0.7999999999999998,16.000000000000014,-2.289999999999999,263,-1.4899999999999993,0,1
9,2025,2025-05-13,16,1.5299999999999998,40.000000000000036,-5.67,133,-4.009999999999999,0,0
9,2025,2025-06-02,7,1.1100000000000003,34.999999999999964,-4.199999999999999,153,-3.089999999999999,0,1
9,2025,2025-06-20,14,1.3899999999999997,37.000000000000014,-3.9099999999999993,171,-2.499999999999999,0,1
9,2025,2025-07-08,11,0.6500000000000004,19.99999999999993,-2.8099999999999996,189,-2.1599999999999993,0,1
9,2025,2025-07-20,12,0.7299999999999995,22.999999999999954,-2.209999999999999,201,-1.4799999999999995,0,1
9,2025,2025-08-04,15,1.0200000000000005,12.0000000000001,-1.759999999999999,216,-0.7399999999999984,0,1
9,2025,2025-09-15,9,0.5199999999999996,12.99999999999999,-1.6599999999999993,258,-1.1099999999999994,0,1
10,2011,2011-05-26,9,0.75,15.000000000000036,-3.829999999999999,146,-3.079999999999999,0,1
10,2011,2011-06-04,9,1.0700000000000003,26.999999999999957,-3.119999999999999,155,-2.049999999999999,0,1
10,2011,2011-06-23,17,1.9799999999999995,25.99999999999998,-2.219999999999999,174,-0.23999999999999932,0,1
10,2011,2011-07-15,12,0.79,16.999999999999993,-0.4899999999999993,196,0.3000000000000007,1,1
10,2011,2011-09-12,11,0.7299999999999995,15.000000000000036,-0.7999999999999989,255,-0.0699999999999994,0,1
10,2012,2012-05-02,8,0.6399999999999997,14.999999999999991,-4.049999999999999,123,-3.3999999999999995,0,1
10,2012,2012-05-18,8,1.2000000000000002,42.000000000000036,-4.199999999999999,139,-2.999999999999999,0,0
10,2012,2012-05-31,13,2.1500000000000004,40.000000000000036,-3.579999999999999,152,-1.4299999999999988,0,0
10,2012,2012-06-15,6,0.8799999999999999,23.000000000000043,-1.959999999999999,167,-1.0799999999999992,0,1
10,2012,2012-06-24,9,1.4800000000000004,41.99999999999999,-1.3599999999999994,176,0.120000000000001,1,1
10,2012,2012-07-12,12,1.0500000000000007,27.000000000000046,-0.8599999999999994,194,0.19000000000000128,1,1
10,2012,2012-08-23,13,0.5,9.999999999999964,-0.7799999999999994,236,-0.27999999999999936,0,1
10,2012,2012-09-14,16,1.9000000000000004,25.99999999999998,-0.9899999999999993,258,0.910000000000001,1,1
10,2013,2013-05-05,9,1.3800000000000003,55.00000000000003,-4.729999999999999,125,-3.3199999999999994,0,0
10,2013,2013-05-18,10,0.6000000000000001,17.000000000000036,-3.649999999999999,138,-3.049999999999999,0,1
10,2013,2013-05-28,14,1.04,26.999999999999957,-3.0599999999999987,148,-1.9899999999999993,0,1
10,2013,2013-06-22,23,2.9499999999999993,37.000000000000014,-2.7699999999999987,173,0.19000000000000128,1,0
10,2013,2013-08-30,13,1.0399999999999991,16.000000000000014,-0.34999999999999876,242,0.6900000000000004,1,1
10,2014,2014-05-07,17,2.7899999999999996,52.0,-5.479999999999999,127,-2.6899999999999995,0,0
10,2014,2014-06-06,14,1.08,22.999999999999954,-3.2299999999999995,157,-2.1499999999999995,0,1
10,2014,2014-06-22,10,1.0999999999999996,31.99999999999994,-2.209999999999999,173,-1.1099999999999994,0,1
10,2014,2014-08-07,19,1.5899999999999999,20.999999999999996,-0.9799999999999995,219,0.6100000000000003,1,1
10,2014,2014-09-16,11,0.7799999999999994,24.00000000000002,-1.0999999999999988,259,-0.3199999999999994,0,1
10,2015,2015-05-16,20,2.1199999999999997,30.00000000000007,-4.1,136,-1.9799999999999995,0,0
10,2015,2015-06-07,10,1.42,29.999999999999982,-2.129999999999999,158,-0.7099999999999991,0,1
10,2015,2015-08-11,17,2.0200000000000005,36.00000000000003,-1.1899999999999995,223,0.830000000000001,1,1
10,2016,2016-05-16,11,1.7599999999999998,38.99999999999997,-3.749999999999999,137,-1.9799999999999995,0,0
10,2016,2016-06-13,16,2.3600000000000003,50.0,-2.8599999999999994,165,-0.4999999999999991,0,0
10,2016,2016-07-02,10,0.6699999999999999,12.99999999999999,-0.8299999999999992,184,-0.15999999999999925,0,1
10,2016,2016-07-15,17,1.8200000000000003,23.000000000000043,-0.41999999999999904,197,1.4000000000000012,1,1
10,2016,2016-09-24,10,0.5200000000000005,9.000000000000075,-0.8699999999999992,268,-0.34999999999999876,0,1
10,2016,2016-10-13,6,0.5300000000000002,20.999999999999996,-1.169999999999999,287,-0.6399999999999988,0,1
10,2017,2017-05-23,19,2.1599999999999997,47.99999999999996,-3.569999999999999,143,-1.4099999999999993,0,0
10,2017,2017-06-15,12,1.17,27.999999999999936,-2.1599999999999993,166,-0.9899999999999993,0,1
10,2017,2017-06-30,17,1.9200000000000008,20.000000000000018,-1.2899999999999991,181,0.6300000000000017,1,1
10,2017,2017-08-04,15,2.1599999999999993,48.99999999999993,-0.7099999999999991,216,1.4500000000000002,1,1
10,2018,2018-05-11,10,0.8200000000000003,21.999999999999975,-4.659999999999999,131,-3.839999999999999,0,1
10,2018,2018-05-26,10,1.8600000000000003,40.000000000000036,-4.239999999999999,146,-2.379999999999999,0,0
10,2018,2018-06-12,12,1.8800000000000008,46.0,-3.2299999999999995,163,-1.3499999999999988,0,0
10,2018,2018-07-01,10,1.2000000000000002,23.000000000000043,-1.459999999999999,182,-0.2599999999999989,0,1
10,2018,2018-07-27,14,1.0099999999999998,18.99999999999995,-0.879999999999999,208,0.13000000000000078,1,1
10,2019,2019-05-02,13,1.9800000000000004,41.99999999999999,-4.829999999999999,122,-2.8499999999999988,0,0
10,2019,2019-06-13,22,2.3200000000000003,25.99999999999998,-3.459999999999999,164,-1.1399999999999988,0,0
10,2019,2019-07-09,12,2.540000000000001,34.00000000000007,-1.4799999999999995,190,1.0600000000000014,1,1
10,2019,2019-09-11,15,1.29,21.999999999999975,-0.9299999999999988,254,0.3600000000000012,1,1
10,2020,2020-05-14,9,0.8599999999999999,68.00000000000001,-4.529999999999999,135,-3.529999999999999,0,0
10,2020,2020-05-23,9,2.4899999999999998,42.99999999999997,-3.689999999999999,144,-1.1999999999999993,0,0
10,2020,2020-06-06,9,0.79,16.999999999999993,-2.039999999999999,158,-1.2499999999999991,0,1
10,2020,2020-06-17,18,2.3499999999999996,28.000000000000025,-1.4899999999999993,169,0.8600000000000003,1,1
10,2020,2020-07-10,10,1.2299999999999995,30.999999999999872,0.19000000000000128,192,1.4600000000000017,1,1
10,2021,2021-05-08,30,3.04,50.0,-5.579999999999999,128,-2.509999999999999,0,0
10,2021,2021-06-07,10,0.9299999999999997,27.999999999999936,-2.5599999999999987,158,-1.629999999999999,0,1
10,2021,2021-06-19,21,1.79,33.00000000000001,-1.9399999999999995,170,-0.14999999999999947,0,1
10,2021,2021-08-03,21,1.4400000000000004,16.000000000000014,-0.5399999999999991,215,0.9000000000000012,1,1
10,2022,2022-05-11,14,2.8699999999999997,81.00000000000006,-4.27,131,-1.3999999999999995,0,0
10,2022,2022-06-06,18,2.9800000000000004,35.00000000000006,-2.7299999999999995,157,0.2500000000000009,1,0
10,2022,2022-06-29,7,0.5899999999999999,26.999999999999957,-0.7199999999999989,180,-0.10999999999999943,0,1
10,2022,2022-07-23,15,1.71,25.99999999999998,-1.8299999999999992,204,-0.11999999999999922,0,1
10,2022,2022-08-21,18,1.21,18.99999999999995,-1.1499999999999995,233,0.0600000000000005,1,1
10,2022,2022-10-10,9,1.1400000000000006,29.000000000000004,-1.0699999999999994,283,0.07000000000000117,1,1
10,2023,2023-05-09,10,0.9299999999999997,26.00000000000002,-5.029999999999999,129,-4.1,0,0
10,2023,2023-06-09,16,3.45,75.0,-4.259999999999999,160,-0.8099999999999987,0,0
10,2023,2023-07-02,17,1.5299999999999994,28.000000000000025,-1.6799999999999988,183,-0.14999999999999947,0,1
10,2023,2023-08-07,11,0.8499999999999996,16.999999999999993,-0.5799999999999992,219,0.27000000000000046,1,1
10,2023,2023-08-26,9,0.8099999999999996,14.000000000000057,-0.3099999999999987,238,0.5000000000000009,1,1
10,2023,2023-09-22,10,0.9099999999999993,20.999999999999996,-1.5599999999999987,265,-0.6499999999999995,0,1
10,2024,2024-05-02,10,0.56,16.000000000000014,-4.739999999999999,123,-4.18,0,1
10,2024,2024-05-18,11,1.2600000000000002,67.99999999999997,-4.93,139,-3.669999999999999,0,0
10,2024,2024-05-31,10,1.8599999999999999,41.000000000000014,-4.139999999999999,152,-2.2799999999999994,0,0
10,2024,2024-06-14,10,1.6600000000000001,40.000000000000036,-2.6999999999999993,166,-1.0399999999999991,0,1
10,2024,2024-06-27,12,1.75,46.0,-1.4299999999999988,179,0.3200000000000012,1,1
10,2024,2024-08-06,13,0.6299999999999999,10.999999999999943,-0.7199999999999989,219,-0.08999999999999897,0,1
10,2024,2024-09-18,9,0.5200000000000005,11.000000000000032,-1.3699999999999992,262,-0.8499999999999988,0,1
10,2025,2025-05-12,15,1.75,33.00000000000001,-4.629999999999999,132,-2.879999999999999,0,0
10,2025,2025-06-01,7,1.9400000000000004,54.999999999999986,-2.999999999999999,152,-1.0599999999999987,0,0
10,2025,2025-06-20,12,1.5899999999999999,37.999999999999986,-2.8099999999999987,171,-1.2199999999999989,0,1
10,2025,2025-07-06,10,0.5899999999999999,13.999999999999968,-1.7399999999999993,187,-1.1499999999999995,0,1
10,2025,2025-07-17,10,0.79,18.99999999999995,-1.2499999999999991,198,-0.4599999999999991,0,1
10,2025,2025-08-02,15,1.3000000000000007,13.999999999999968,-0.7499999999999991,214,0.5500000000000016,1,1
11,2011,2011-05-16,19,0.8499999999999996,13.999999999999968,-4.1899999999999995,136,-3.34,0,1
11,2011,2011-06-04,9,1.0899999999999999,26.000000000000068,-3.38,155,-2.29,0,1
11,2011,2011-06-22,20,2.26,22.999999999999954,-2.4899999999999993,173,-0.20999999999999996,0,1
11,2011,2011-07-16,11,0.5499999999999998,11.999999999999922,-0.2999999999999998,197,0.25,1,1
11,2011,2011-09-12,11,0.7000000000000002,15.000000000000036,-0.8899999999999997,255,-0.1899999999999995,0,1
11,2012,2012-05-02,8,0.6000000000000005,14.000000000000012,-3.9699999999999998,123,-3.3499999999999996,0,1
11,2012,2012-05-18,8,1.1499999999999995,41.99999999999999,-4.1499999999999995,139,-2.9899999999999993,0,0
11,2012,2012-05-31,13,2.01,41.99999999999999,-3.51,152,-1.5,0,0
11,2012,2012-06-15,6,0.8700000000000001,20.999999999999996,-2.0199999999999996,167,-1.1499999999999995,0,1
11,2012,2012-06-24,10,1.58,46.0,-1.42,176,0.16000000000000014,1,1
11,2012,2012-07-12,12,1.0099999999999998,24.00000000000002,-0.8099999999999996,194,0.20000000000000018,1,1
11,2012,2012-09-14,16,1.8099999999999996,29.000000000000004,-1.04,258,0.7699999999999996,1,1
11,2013,2013-05-04,10,1.38,48.99999999999998,-4.7299999999999995,124,-3.33,0,0
11,2013,2013-05-18,10,0.7200000000000002,20.999999999999996,-3.6699999999999995,138,-2.9499999999999993,0,1
11,2013,2013-05-29,13,1.0600000000000005,24.00000000000002,-3.04,149,-1.9699999999999998,0,1
11,2013,2013-06-21,24,2.79,42.99999999999997,-2.6499999999999995,172,0.14000000000000057,1,0
11,2013,2013-08-29,14,0.9600000000000009,15.000000000000036,-0.25,241,0.7100000000000009,1,1
11,2014,2014-05-08,15,2.6399999999999997,54.0,-5.39,128,-2.75,0,0
11,2014,2014-06-06,14,1.0700000000000003,20.000000000000018,-3.3,157,-2.2299999999999995,0,1
11,2014,2014-06-22,11,1.0699999999999994,29.999999999999982,-2.2799999999999994,173,-1.21,0,1
11,2014,2014-07-11,18,0.5700000000000003,8.000000000000007,-1.2599999999999998,192,-0.6899999999999995,0,1
11,2014,2014-08-08,19,1.63,20.000000000000018,-1.0499999999999998,220,0.5800000000000001,1,1
11,2014,2014-09-15,12,0.8399999999999999,22.000000000000064,-1.1599999999999993,258,-0.3199999999999994,0,1
11,2015,2015-05-16,21,2.04,27.000000000000046,-4.1,136,-2.0599999999999996,0,0
11,2015,2015-06-07,9,1.3200000000000003,25.99999999999998,-2.17,158,-0.8499999999999996,0,1
11,2015,2015-08-12,16,1.87,33.00000000000001,-1.21,224,0.6600000000000001,1,1
11,2016,2016-05-16,11,1.6199999999999997,37.999999999999986,-3.7899999999999996,137,-2.13,0,0
11,2016,2016-06-13,16,2.3,52.999999999999936,-2.9499999999999993,165,-0.6499999999999995,0,0
11,2016,2016-07-15,17,1.6999999999999993,17.00000000000008,-0.6999999999999993,197,1.0,1,1
11,2017,2017-05-24,18,1.9299999999999997,33.999999999999986,-3.4499999999999993,144,-1.5199999999999996,0,0
11,2017,2017-06-16,10,1.1500000000000004,29.999999999999982,-2.25,167,-1.0999999999999996,0,1
11,2017,2017-07-01,16,1.7000000000000002,20.000000000000018,-1.3499999999999996,182,0.35000000000000053,1,1
11,2017,2017-07-30,20,2.3599999999999994,42.99999999999997,-1.0299999999999994,211,1.33,1,1
11,2018,2018-05-09,12,0.8000000000000003,12.00000000000001,-4.449999999999999,129,-3.6499999999999995,0,1
11,2018,2018-05-25,11,1.8500000000000005,41.000000000000014,-4.01,145,-2.1599999999999993,0,0
11,2018,2018-06-12,12,1.96,41.99999999999999,-3.0299999999999994,163,-1.0699999999999994,0,0
11,2018,2018-07-01,10,1.1399999999999997,32.00000000000003,-1.4899999999999993,182,-0.34999999999999964,0,1
11,2018,2018-07-27,14,0.9500000000000002,20.999999999999996,-0.8999999999999995,208,0.05000000000000071,1,1
11,2019,2019-05-02,13,1.9700000000000002,35.999999999999986,-4.779999999999999,122,-2.8099999999999996,0,0
11,2019,2019-06-12,23,2.16,20.999999999999996,-3.33,163,-1.17,0,0
11,2019,2019-07-09,12,2.3899999999999997,33.00000000000001,-1.46,190,0.9299999999999997,1,1
11,2019,2019-09-12,14,1.33,19.00000000000004,-1.0499999999999998,255,0.28000000000000025,1,1
11,2020,2020-05-14,9,0.9199999999999999,66.00000000000001,-4.539999999999999,135,-3.5199999999999996,0,0
11,2020,2020-05-23,9,2.3999999999999995,41.99999999999999,-3.6499999999999995,144,-1.25,0,0
11,2020,2020-06-06,9,0.71,18.00000000000006,-2.0599999999999996,158,-1.3499999999999996,0,1
11,2020,2020-06-17,18,2.1499999999999995,27.000000000000046,-1.5599999999999996,169,0.5899999999999999,1,1
11,2020,2020-07-10,11,1.1600000000000001,25.0,-0.02999999999999936,192,1.1300000000000008,1,1
11,2021,2021-05-07,30,3.02,52.99999999999998,-5.529999999999999,127,-2.5,0,0
11,2021,2021-06-06,10,0.8499999999999996,25.99999999999998,-2.5299999999999994,157,-1.6799999999999997,0,1
11,2021,2021-06-19,21,1.5499999999999998,29.000000000000004,-1.88,170,-0.33000000000000007,0,1
11,2021,2021-08-02,23,1.2600000000000007,12.99999999999999,-0.6499999999999995,214,0.6100000000000012,1,1
11,2022,2022-05-10,15,2.91,64.00000000000006,-4.26,130,-1.3499999999999996,0,0
11,2022,2022-06-05,19,2.7299999999999995,36.00000000000003,-2.6499999999999995,156,0.08000000000000007,1,0
11,2022,2022-07-23,16,1.5599999999999996,20.999999999999996,-1.9899999999999993,204,-0.4299999999999997,0,1
11,2022,2022-08-21,18,1.12,16.000000000000014,-1.38,233,-0.2599999999999998,0,1
11,2022,2022-10-09,10,1.0,25.0,-1.1599999999999993,282,-0.15999999999999925,0,1
11,2023,2023-05-08,10,0.8900000000000001,27.0,-5.0,128,-4.109999999999999,0,0
11,2023,2023-06-09,16,3.26,67.99999999999997,-4.2299999999999995,160,-0.9699999999999998,0,0
11,2023,2023-07-02,16,1.2999999999999998,21.999999999999975,-1.7399999999999993,183,-0.4399999999999995,0,1
11,2023,2023-08-06,13,0.6600000000000001,12.00000000000001,-0.7799999999999994,218,-0.11999999999999922,0,1
11,2023,2023-08-26,9,0.7000000000000002,12.00000000000001,-0.5699999999999994,238,0.13000000000000078,1,1
11,2023,2023-09-22,10,0.8299999999999992,20.000000000000018,-1.6599999999999993,265,-0.8300000000000001,0,1
11,2024,2024-05-02,10,0.52,12.99999999999999,-4.67,123,-4.1499999999999995,0,1
11,2024,2024-05-19,10,1.25,66.00000000000001,-4.8999999999999995,140,-3.6499999999999995,0,0
11,2024,2024-05-31,10,1.81,40.000000000000036,-4.08,152,-2.2699999999999996,0,0
11,2024,2024-06-14,10,1.5499999999999998,34.999999999999964,-2.6799999999999997,166,-1.13,0,1
11,2024,2024-06-27,12,1.5,40.000000000000036,-1.4299999999999997,179,0.07000000000000028,1,1
11,2024,2024-08-06,12,0.5800000000000001,10.000000000000053,-0.9199999999999999,219,-0.33999999999999986,0,1
11,2024,2024-09-18,9,0.5900000000000007,9.000000000000075,-1.46,262,-0.8699999999999992,0,1
11,2025,2025-05-12,15,1.7200000000000002,33.00000000000001,-4.619999999999999,132,-2.8999999999999995,0,0
11,2025,2025-06-01,7,1.8399999999999999,54.0,-3.0199999999999996,152,-1.1799999999999997,0,0
11,2025,2025-06-20,12,1.4800000000000004,35.99999999999994,-2.8499999999999996,171,-1.3699999999999992,0,1
11,2025,2025-07-06,10,0.5,12.99999999999999,-1.8699999999999992,187,-1.3699999999999992,0,1
11,2025,2025-07-17,10,0.7000000000000002,12.00000000000001,-1.4399999999999995,198,-0.7399999999999993,0,1
11,2025,2025-07-31,18,1.1999999999999993,12.99999999999999,-0.9899999999999993,212,0.20999999999999996,1,1
12,2011,2011-05-26,18,1.3900000000000001,20.999999999999996,-3.8099999999999996,146,-2.4199999999999995,0,1
12,2011,2011-06-24,32,2.19,26.00000000000002,-2.4999999999999996,175,-0.3099999999999996,0,0
12,2011,2011-09-12,12,0.5700000000000003,12.00000000000001,-1.2699999999999996,255,-0.6999999999999993,0,1
12,2012,2012-05-02,8,0.54,12.00000000000001,-3.82,123,-3.28,0,1
12,2012,2012-05-19,7,0.8899999999999999,31.000000000000007,-3.88,140,-2.9899999999999998,0,1
12,2012,2012-05-30,14,1.6300000000000003,31.000000000000007,-3.4099999999999997,151,-1.7799999999999994,0,1
12,2012,2012-06-15,7,0.77,18.99999999999995,-2.1599999999999997,167,-1.3899999999999997,0,1
12,2012,2012-06-25,9,1.2300000000000004,39.00000000000006,-1.5899999999999999,177,-0.35999999999999943,0,1
12,2012,2012-07-13,11,0.9000000000000004,15.000000000000036,-1.1799999999999997,195,-0.27999999999999936,0,1
12,2012,2012-09-14,16,1.5099999999999998,21.999999999999975,-1.3699999999999992,258,0.14000000000000057,1,1
12,2013,2013-05-02,12,0.9100000000000001,33.00000000000001,-4.14,122,-3.1999999999999997,0,0
12,2013,2013-05-18,13,0.77,16.999999999999993,-3.4299999999999997,138,-2.6599999999999997,0,1
12,2013,2013-06-02,8,0.6500000000000004,21.000000000000043,-2.84,153,-2.1899999999999995,0,1
12,2013,2013-06-21,24,2.3299999999999996,48.99999999999998,-2.7099999999999995,172,-0.3699999999999992,0,0
12,2013,2013-08-31,12,0.7699999999999996,10.999999999999943,-0.7299999999999995,243,0.040000000000000036,1,1
12,2014,2014-05-06,18,1.98,35.00000000000001,-4.66,126,-2.6799999999999997,0,0
12,2014,2014-06-06,16,0.9699999999999998,21.999999999999975,-3.1699999999999995,157,-2.1999999999999997,0,1
12,2014,2014-06-22,10,0.79,24.00000000000002,-2.1899999999999995,173,-1.3999999999999995,0,1
12,2014,2014-08-07,25,1.3900000000000006,14.999999999999947,-1.42,219,-0.02999999999999936,0,1
12,2014,2014-09-17,10,0.75,16.000000000000014,-1.6099999999999994,260,-0.8599999999999994,0,1
12,2015,2015-05-13,24,1.4900000000000002,16.000000000000014,-3.8499999999999996,133,-2.3499999999999996,0,0
12,2015,2015-06-06,10,1.0699999999999998,20.000000000000018,-2.3799999999999994,157,-1.3099999999999996,0,1
12,2015,2015-08-11,18,1.5899999999999999,25.0,-1.67,223,-0.08000000000000007,0,1
12,2016,2016-05-15,12,1.31,31.000000000000007,-3.6899999999999995,136,-2.3499999999999996,0,1
12,2016,2016-06-14,15,1.8300000000000005,34.00000000000003,-2.9499999999999997,166,-1.1199999999999992,0,1
12,2016,2016-07-15,18,1.3899999999999997,12.99999999999999,-1.1099999999999994,197,0.28000000000000025,1,1
12,2017,2017-05-02,6,0.6600000000000001,24.00000000000002,-3.9299999999999997,122,-3.2699999999999996,0,1
12,2017,2017-05-21,13,0.6699999999999999,16.999999999999993,-3.6599999999999997,141,-2.9899999999999998,0,1
12,2017,2017-06-03,9,0.8199999999999998,26.999999999999957,-3.0199999999999996,154,-2.1699999999999995,0,1
12,2017,2017-06-16,11,0.8599999999999999,20.999999999999996,-2.53,167,-1.67,0,1
12,2017,2017-06-30,17,1.3800000000000003,18.00000000000006,-1.9099999999999997,181,-0.5299999999999994,0,1
12,2017,2017-07-31,20,1.7600000000000007,30.99999999999996,-1.58,212,0.1800000000000006,1,1
12,2018,2018-05-10,10,0.6399999999999999,16.999999999999993,-4.319999999999999,130,-3.6799999999999997,0,1
12,2018,2018-05-24,12,1.0,23.99999999999998,-3.9299999999999997,144,-2.9299999999999997,0,1
12,2018,2018-06-10,15,1.2000000000000002,18.999999999999993,-3.3299999999999996,161,-2.1199999999999997,0,1
12,2018,2018-07-01,10,0.9100000000000001,19.00000000000004,-2.2199999999999998,182,-1.3099999999999996,0,1
12,2018,2018-07-27,15,0.8100000000000005,15.000000000000036,-1.75,208,-0.9399999999999995,0,1
12,2018,2018-08-31,21,0.7700000000000005,16.000000000000014,-1.29,243,-0.5199999999999996,0,1
12,2019,2019-05-06,15,0.8599999999999999,16.999999999999993,-3.7499999999999996,126,-2.8899999999999997,0,1
12,2019,2019-06-12,22,1.6099999999999999,20.000000000000018,-3.4499999999999997,163,-1.8399999999999999,0,1
12,2019,2019-07-09,13,2.1399999999999997,31.99999999999994,-2.0999999999999996,190,0.040000000000000036,1,1
12,2019,2019-09-11,22,1.5100000000000002,16.000000000000014,-1.8699999999999997,254,-0.35999999999999943,0,1
12,2020,2020-05-15,8,1.1300000000000001,64.00000000000001,-4.38,136,-2.9999999999999996,0,0
12,2020,2020-05-23,10,1.33,29.000000000000004,-3.4099999999999997,144,-2.05,0,1
12,2020,2020-06-07,7,0.5,14.999999999999991,-2.4499999999999997,159,-1.9499999999999997,0,1
12,2020,2020-06-16,19,1.9499999999999997,24.00000000000002,-2.0799999999999996,168,-0.1299999999999999,0,1
12,2020,2020-07-11,11,1.0999999999999996,27.000000000000046,-0.6899999999999995,193,0.41000000000000014,1,1
12,2021,2021-05-19,9,1.6900000000000002,46.99999999999997,-4.4399999999999995,139,-2.7499999999999996,0,0
12,2021,2021-06-03,13,0.9100000000000001,25.0,-3.1399999999999997,154,-2.2299999999999995,0,1
12,2021,2021-06-20,6,0.5299999999999998,18.999999999999993,-2.4199999999999995,171,-1.8899999999999997,0,1
12,2021,2021-06-28,12,0.6699999999999995,12.00000000000001,-1.9599999999999995,179,-1.2799999999999994,0,1
12,2021,2021-08-03,23,1.2400000000000002,16.000000000000014,-1.5999999999999996,215,-0.34999999999999964,0,1
12,2022,2022-05-09,16,1.9999999999999998,45.000000000000014,-3.9899999999999993,129,-1.9899999999999998,0,0
12,2022,2022-06-06,18,2.0599999999999996,20.999999999999996,-2.8099999999999996,157,-0.75,0,1
12,2022,2022-07-23,19,1.35,23.999999999999932,-2.4499999999999997,204,-1.0999999999999996,0,1
12,2022,2022-08-26,18,0.9699999999999998,12.99999999999999,-1.8499999999999996,238,-0.8799999999999999,0,1
12,2022,2022-10-09,10,0.5800000000000001,12.99999999999999,-1.7199999999999998,282,-1.1399999999999997,0,1
12,2023,2023-05-09,9,0.79,24.00000000000002,-4.43,129,-3.6399999999999997,0,1
12,2023,2023-06-09,16,2.3100000000000005,41.000000000000014,-3.92,160,-1.6099999999999994,0,0
12,2023,2023-07-02,7,0.5700000000000003,27.0,-2.1899999999999995,183,-1.5699999999999994,0,1
12,2023,2023-07-11,7,0.5200000000000005,15.000000000000036,-1.6799999999999997,192,-1.1599999999999993,0,1
12,2023,2023-08-09,11,0.6400000000000006,11.000000000000032,-1.5499999999999998,221,-0.9099999999999993,0,1
12,2023,2023-08-26,9,0.7200000000000006,13.999999999999968,-1.5,238,-0.7799999999999994,0,1
12,2023,2023-09-23,10,0.7899999999999996,16.000000000000014,-2.4199999999999995,266,-1.5999999999999996,0,1
12,2024,2024-05-17,12,1.4300000000000002,83.99999999999999,-4.6,138,-2.8899999999999997,0,0
12,2024,2024-06-01,9,1.06,22.00000000000002,-3.8299999999999996,153,-2.7699999999999996,0,1
12,2024,2024-06-15,9,1.1,31.000000000000007,-3.01,167,-1.8999999999999995,0,1
12,2024,2024-06-26,18,1.3399999999999999,31.99999999999994,-2.0599999999999996,178,-0.6999999999999993,0,1
12,2024,2024-08-06,17,0.5299999999999994,10.000000000000053,-1.6599999999999993,219,-1.1099999999999994,0,1
12,2025,2025-05-15,16,1.5700000000000003,27.0,-4.18,135,-2.6099999999999994,0,0
12,2025,2025-06-02,6,1.2799999999999998,41.99999999999999,-3.0399999999999996,153,-1.7599999999999998,0,1
12,2025,2025-06-21,11,1.0,16.999999999999993,-2.9499999999999997,172,-1.9499999999999997,0,1
12,2025,2025-07-18,9,0.7200000000000002,16.000000000000014,-1.9499999999999997,199,-1.2299999999999995,0,1
12,2025,2025-08-02,15,1.04,16.000000000000014,-1.5999999999999996,214,-0.5599999999999996,0,1
13,2011,2011-05-26,9,0.54,18.000000000000014,-3.813,146,-3.2630000000000003,0,1
13,2011,2011-06-04,9,0.77,25.0,-3.293,155,-2.523,0,1
13,2011,2011-06-23,22,1.6500000000000004,22.00000000000002,-2.583,174,-0.9329999999999998,0,1
13,2012,2012-05-18,8,0.8499999999999999,31.999999999999986,-3.843,139,-2.9930000000000003,0,1
13,2012,2012-05-30,14,1.5299999999999998,27.99999999999998,-3.423,151,-1.8930000000000002,0,1
13,2012,2012-06-15,7,0.69,16.999999999999993,-2.2230000000000003,167,-1.5330000000000004,0,1
13,2012,2012-06-25,9,1.1100000000000003,29.000000000000004,-1.6930000000000005,177,-0.5830000000000002,0,1
13,2012,2012-07-13,11,0.8200000000000003,15.000000000000036,-1.2930000000000001,195,-0.47299999999999986,0,1
13,2012,2012-09-14,16,1.2599999999999998,15.000000000000036,-1.4329999999999998,258,-0.17300000000000004,0,1
13,2013,2013-05-05,8,0.8500000000000001,33.999999999999986,-4.083,125,-3.233,0,1
13,2013,2013-05-18,13,0.7600000000000002,16.999999999999993,-3.4330000000000003,138,-2.673,0,1
13,2013,2013-06-02,8,0.6299999999999999,20.000000000000018,-2.853,153,-2.2230000000000003,0,1
13,2013,2013-06-21,24,2.11,28.000000000000025,-2.773,172,-0.6530000000000005,0,0
13,2013,2013-09-01,11,0.79,16.000000000000014,-1.1930000000000005,244,-0.40300000000000047,0,1
13,2014,2014-05-07,17,1.9100000000000001,27.0,-4.703,127,-2.793,0,0
13,2014,2014-06-06,16,0.9100000000000001,20.999999999999996,-3.2430000000000003,157,-2.333,0,1
13,2014,2014-06-22,10,0.7199999999999998,22.00000000000002,-2.3230000000000004,173,-1.6030000000000006,0,1
13,2014,2014-08-07,25,1.3099999999999996,12.00000000000001,-1.633,219,-0.3230000000000004,0,1
13,2014,2014-09-18,10,0.5999999999999996,15.000000000000036,-1.7030000000000003,261,-1.093,0,1
13,2015,2015-05-13,24,1.38,17.000000000000036,-3.833,133,-2.4530000000000003,0,0
13,2015,2015-06-06,10,1.0099999999999998,18.999999999999993,-2.463,157,-1.4530000000000003,0,1
13,2015,2015-08-11,19,1.4599999999999995,20.999999999999996,-1.8130000000000002,223,-0.35300000000000065,0,1
13,2016,2016-05-15,12,1.29,29.999999999999982,-3.673,136,-2.353,0,1
13,2016,2016-06-14,15,1.69,33.00000000000001,-2.943,166,-1.2530000000000001,0,1
13,2016,2016-07-15,18,1.29,12.99999999999999,-1.2730000000000006,197,0.01699999999999946,1,1
13,2017,2017-05-02,6,0.6400000000000001,22.999999999999975,-3.8930000000000002,122,-3.253,0,1
13,2017,2017-05-21,13,0.6700000000000004,18.000000000000014,-3.6130000000000004,141,-2.943,0,1
13,2017,2017-06-03,9,0.8200000000000003,27.0,-2.9730000000000003,154,-2.123,0,1
13,2017,2017-06-16,11,0.8400000000000003,18.999999999999993,-2.483,167,-1.6429999999999998,0,1
13,2017,2017-06-30,16,1.3099999999999996,20.000000000000018,-1.8730000000000002,181,-0.5630000000000006,0,1
13,2017,2017-08-04,16,1.4699999999999998,29.999999999999982,-1.5330000000000004,216,-0.06300000000000061,0,1
13,2018,2018-05-10,10,0.6399999999999999,17.999999999999993,-4.283,130,-3.6430000000000002,0,1
13,2018,2018-05-24,13,0.98,23.99999999999998,-3.9130000000000003,144,-2.9330000000000003,0,1
13,2018,2018-06-10,15,1.1500000000000004,18.999999999999993,-3.3030000000000004,161,-2.153,0,1
13,2018,2018-07-01,10,0.8700000000000001,20.000000000000018,-2.2430000000000003,182,-1.3730000000000002,0,1
13,2018,2018-07-27,15,0.7899999999999996,14.000000000000057,-1.8130000000000002,208,-1.0230000000000006,0,1
13,2018,2018-08-31,21,0.7300000000000004,13.999999999999968,-1.3530000000000006,243,-0.6230000000000002,0,1
13,2019,2019-05-06,15,0.8399999999999999,16.999999999999993,-3.713,126,-2.873,0,1
13,2019,2019-06-12,22,1.5300000000000002,19.99999999999997,-3.4130000000000003,163,-1.883,0,1
13,2019,2019-07-09,13,1.9900000000000002,28.999999999999957,-2.1130000000000004,190,-0.12300000000000022,0,1
13,2019,2019-09-11,22,1.44,19.00000000000004,-1.9330000000000003,254,-0.4930000000000003,0,1
13,2020,2020-05-15,8,1.14,62.999999999999986,-4.383,136,-3.0130000000000003,0,0
13,2020,2020-05-23,10,1.2999999999999998,27.99999999999998,-3.423,144,-2.083,0,1
13,2020,2020-06-16,20,1.87,25.0,-2.173,168,-0.28300000000000036,0,1
13,2020,2020-07-10,12,1.0099999999999998,25.0,-0.7530000000000001,192,0.2569999999999997,1,1
13,2021,2021-05-19,9,1.67,44.99999999999997,-4.413,139,-2.7430000000000003,0,0
13,2021,2021-06-03,13,0.8900000000000001,21.999999999999975,-3.1430000000000002,154,-2.253,0,1
13,2021,2021-06-20,6,0.52,18.999999999999993,-2.4530000000000003,171,-1.9330000000000003,0,1
13,2021,2021-06-28,12,0.6299999999999999,12.00000000000001,-1.9930000000000003,179,-1.3630000000000004,0,1
13,2021,2021-08-03,27,1.2999999999999998,14.999999999999947,-1.6829999999999998,215,-0.383,0,1
13,2022,2022-05-09,16,2.01,43.99999999999999,-4.0,129,-1.9900000000000002,0,0
13,2022,2022-06-06,18,1.9699999999999998,19.00000000000004,-2.79,157,-0.8200000000000003,0,1
13,2022,2022-07-23,19,1.31,23.999999999999932,-2.43,204,-1.12,0,1
13,2022,2022-08-26,18,1.0,12.99999999999999,-1.87,238,-0.8700000000000001,0,1
13,2022,2022-10-08,11,0.6000000000000005,15.000000000000036,-1.7200000000000006,281,-1.12,0,1
13,2023,2023-05-09,9,0.7799999999999998,24.0,-4.390000000000001,129,-3.6100000000000003,0,1
13,2023,2023-06-09,16,2.31,43.000000000000014,-3.89,160,-1.58,0,0
13,2023,2023-07-02,7,0.5700000000000003,21.999999999999975,-2.16,183,-1.5899999999999999,0,1
13,2023,2023-07-10,8,0.5099999999999998,15.000000000000036,-1.67,191,-1.1600000000000001,0,1
13,2023,2023-08-09,11,0.6499999999999995,12.00000000000001,-1.5499999999999998,221,-0.9000000000000004,0,1
13,2023,2023-08-26,9,0.71,15.000000000000036,-1.4800000000000004,238,-0.7700000000000005,0,1
13,2023,2023-09-23,9,0.81,18.000000000000014,-2.4200000000000004,266,-1.6100000000000003,0,1
13,2024,2024-05-17,12,1.4400000000000002,75.0,-4.5600000000000005,138,-2.91,0,0
13,2024,2024-06-01,9,1.0499999999999998,22.00000000000002,-3.7800000000000002,153,-2.72,0,1
13,2024,2024-06-15,9,1.0900000000000003,31.999999999999986,-2.9600000000000004,167,-1.87,0,1
13,2024,2024-06-26,18,1.1999999999999997,29.999999999999982,-2.02,178,-0.7999999999999998,0,1
13,2024,2024-08-06,17,0.5,12.00000000000001,-1.6400000000000006,219,-1.1000000000000005,0,1
13,2025,2025-05-15,16,1.5499999999999998,26.00000000000002,-4.140000000000001,135,-2.5900000000000003,0,0
13,2025,2025-06-02,6,1.19,38.99999999999997,-3.0100000000000002,153,-1.8200000000000003,0,1
13,2025,2025-06-21,11,0.96,16.999999999999993,-2.9200000000000004,172,-1.9600000000000004,0,1
13,2025,2025-07-18,9,0.6999999999999997,16.999999999999993,-1.9700000000000002,199,-1.2700000000000005,0,1
13,2025,2025-08-03,13,0.9199999999999999,16.000000000000014,-1.63,215,-0.71,0,1
