Station_ID,Date,Mean_3h,N_Readings,Delivered_Avg,Midpoint
SW93.5L,2015-01-01,1.0036666666666667,6,1.007,1.022
SW93.5L,2015-01-02,1.107,5,1.107,1.092
SW93.5L,2015-01-03,1.2155714285714285,7,1.207,1.197
SW93.5L,2015-01-04,1.2927142857142857,7,1.287,1.287
SW93.5L,2015-01-05,1.2998571428571428,7,1.297,1.307
SW93.5L,2015-01-06,1.2189999999999999,5,1.227,1.237
SW93.5L,2015-01-07,1.223,5,1.227,1.237
SW93.5L,2015-01-08,1.2369999999999999,6,1.237,1.217
SW93.5L,2015-01-09,1.1941428571428572,7,1.197,1.197
SW93.5L,2015-01-10,1.1312857142857142,7,1.137,1.157
SW93.5L,2015-01-11,1.037,6,1.047,1.092
SW93.5L,2015-01-12,1.0027142857142857,7,0.997,0.987
SW93.5L,2015-01-13,0.9803333333333333,6,0.977,0.967
SW93.5L,2015-01-14,0.9198571428571428,7,0.917,0.9219999999999999
SW93.5L,2015-01-15,0.907,7,0.897,0.9319999999999999
SW93.5L,2015-01-16,0.9586666666666667,6,0.957,0.962
SW93.5L,2015-01-17,0.987,6,0.987,0.997
SW93.5L,2015-01-18,1.0286666666666666,6,1.017,0.997
SW93.5L,2015-01-19,1.0512857142857144,7,1.047,1.0470000000000002
SW93.5L,2015-01-20,1.1127142857142858,7,1.117,1.112
SW93.5L,2015-01-21,1.187,6,1.177,1.162
SW93.5L,2015-01-22,1.197,5,1.207,1.2269999999999999
SW93.5L,2015-01-23,1.3086666666666666,6,1.297,1.272
SW93.5L,2015-01-24,1.2627142857142857,7,1.267,1.267
SW93.5L,2015-01-25,1.1236666666666666,6,1.137,1.177
SW93.5L,2015-01-26,1.0503333333333333,6,1.047,1.0470000000000002
SW93.5L,2015-01-27,0.8684285714285715,7,0.867,0.872
SW93.5L,2015-01-28,0.7553333333333333,6,0.757,0.767
SW93.5L,2015-01-29,0.672,6,0.677,0.697
SW93.5L,2015-01-30,0.6453333333333333,6,0.637,0.627
SW93.5L,2015-01-31,0.613,5,0.607,0.602
SW93.5L,2015-02-01,0.6155714285714285,7,0.617,0.607
SW93.5L,2015-02-02,0.6541428571428571,7,0.657,0.6619999999999999
SW93.5L,2015-02-03,0.7190000000000001,5,0.717,0.7170000000000001
SW93.5L,2015-02-04,0.759,5,0.757,0.7769999999999999
SW93.5L,2015-02-05,0.771,5,0.767,0.8069999999999999
SW93.5L,2015-02-06,0.8053333333333333,6,0.807,0.7869999999999999
SW93.5L,2015-02-07,0.7686666666666667,6,0.767,0.757
SW93.5L,2015-02-08,0.7198571428571429,7,0.717,0.7370000000000001
SW93.5L,2015-02-09,0.6984285714285715,7,0.697,0.722
SW93.5L,2015-02-10,0.6336666666666666,6,0.637,0.6819999999999999
SW93.5L,2015-02-11,0.627,6,0.627,0.607
SW93.5L,2015-02-12,0.5184285714285715,7,0.517,0.527
SW93.5L,2015-02-13,0.44533333333333336,6,0.447,0.457
SW93.5L,2015-02-14,0.471,5,0.467,0.45699999999999996
SW93.5L,2015-02-15,0.4703333333333333,6,0.467,0.482
SW93.5L,2015-02-16,0.5803333333333333,6,0.577,0.542
SW93.5L,2015-02-17,0.6184285714285714,7,0.617,0.607
SW93.5L,2015-02-18,0.7541428571428571,7,0.757,0.747
SW93.5L,2015-02-19,0.883,5,0.887,0.877
SW93.5L,2015-02-20,0.9730000000000001,5,0.977,0.977
SW93.5L,2015-02-21,1.037,6,1.037,1.017
SW93.5L,2015-02-22,0.997,7,0.997,1.007
SW93.5L,2015-02-23,0.9098571428571428,7,0.907,0.9470000000000001
SW93.5L,2015-02-24,0.7836666666666666,6,0.787,0.847
SW93.5L,2015-02-25,0.7486666666666667,6,0.747,0.732
SW93.5L,2015-02-26,0.617,6,0.617,0.637
SW93.5L,2015-02-27,0.549,5,0.547,0.5670000000000001
SW93.5L,2015-02-28,0.48033333333333333,6,0.477,0.522
SW93.5L,2015-03-01,0.47700000000000004,5,0.477,0.492
SW93.5L,2015-03-02,0.5027142857142858,7,0.507,0.512
SW93.5L,2015-03-03,0.5484285714285714,7,0.547,0.547
SW93.5L,2015-03-04,0.6212857142857143,7,0.617,0.612
SW93.5L,2015-03-05,0.6584285714285715,7,0.657,0.667
SW93.5L,2015-03-06,0.683,5,0.687,0.717
SW93.5L,2015-03-07,0.627,5,0.627,0.672
SW93.5L,2015-03-08,0.6336666666666667,6,0.637,0.622
SW93.5L,2015-03-09,0.5427142857142857,7,0.547,0.562
SW93.5L,2015-03-10,0.5684285714285714,7,0.567,0.587
SW93.5L,2015-03-11,0.5586666666666666,6,0.557,0.617
SW93.5L,2015-03-12,0.5753333333333334,6,0.577,0.612
SW93.5L,2015-03-13,0.5553333333333333,6,0.557,0.537
SW93.5L,2015-03-14,0.5198571428571428,7,0.517,0.517
SW93.5L,2015-03-15,0.537,5,0.537,0.522
SW93.5L,2015-03-16,0.537,6,0.537,0.562
SW93.5L,2015-03-17,0.609,5,0.607,0.602
SW93.5L,2015-03-18,0.7512857142857143,7,0.747,0.732
SW93.5L,2015-03-19,0.8984285714285714,7,0.897,0.872
SW93.5L,2015-03-20,1.0155714285714286,7,1.017,0.982
SW93.5L,2015-03-21,1.057,7,1.057,1.072
SW93.5L,2015-03-22,1.137,6,1.137,1.137
SW93.5L,2015-03-23,1.114142857142857,7,1.117,1.1320000000000001
SW93.5L,2015-03-24,1.074142857142857,7,1.077,1.097
SW93.5L,2015-03-25,0.9886666666666667,6,0.987,0.9970000000000001
SW93.5L,2015-03-26,0.8303333333333334,6,0.827,0.867
SW93.5L,2015-03-27,0.7184285714285714,7,0.717,0.727
SW93.5L,2015-03-28,0.661,5,0.657,0.657
SW93.5L,2015-03-29,0.5936666666666667,6,0.597,0.617
SW93.5L,2015-03-30,0.641,5,0.637,0.627
SW93.5L,2015-03-31,0.7386666666666667,6,0.737,0.692
SW93.5L,2015-04-01,0.7841428571428571,7,0.787,0.762
SW93.5L,2015-04-02,1.0041428571428572,7,1.007,0.9770000000000001
SW93.5L,2015-04-03,1.1841428571428572,7,1.187,1.162
SW93.5L,2015-04-04,1.312,6,1.317,1.3319999999999999
SW93.5L,2015-04-05,1.333,5,1.337,1.387
SW93.5L,2015-04-06,1.2384285714285714,7,1.237,1.277
SW93.5L,2015-04-07,1.2636666666666667,6,1.267,1.252
SW93.5L,2015-04-08,1.1686666666666665,6,1.167,1.147
SW93.5L,2015-04-09,1.122,6,1.127,1.127
SW93.5L,2015-04-10,1.037,6,1.037,1.072
SW93.5L,2015-04-11,1.067,7,1.067,1.072
SW93.5L,2015-04-12,1.0398571428571428,7,1.037,1.032
SW93.5L,2015-04-13,1.043,5,1.047,1.022
SW93.5L,2015-04-14,1.0903333333333334,6,1.087,1.097
SW93.5L,2015-04-15,1.2553333333333334,6,1.257,1.2570000000000001
SW93.5L,2015-04-16,1.403,5,1.407,1.3719999999999999
SW93.5L,2015-04-17,1.527,6,1.527,1.4769999999999999
SW93.5L,2015-04-18,1.6253333333333335,6,1.627,1.6219999999999999
SW93.5L,2015-04-19,1.8484285714285715,7,1.847,1.832
SW93.5L,2015-04-20,1.8355714285714286,7,1.837,1.872
SW93.5L,2015-04-21,1.8010000000000002,5,1.797,1.8319999999999999
SW93.5L,2015-04-22,1.8053333333333335,6,1.807,1.787
SW93.5L,2015-04-23,1.8053333333333335,6,1.807,1.7970000000000002
SW93.5L,2015-04-24,1.677,5,1.677,1.697
SW93.5L,2015-04-25,1.5555714285714284,7,1.557,1.557
SW93.5L,2015-04-26,1.4341428571428572,7,1.437,1.427
SW93.5L,2015-04-27,1.482,6,1.487,1.4569999999999999
SW93.5L,2015-04-28,1.562,6,1.567,1.5670000000000002
SW93.5L,2015-04-29,1.6436666666666666,6,1.647,1.6469999999999998
SW93.5L,2015-04-30,1.7269999999999999,5,1.727,1.722
SW93.5L,2015-05-01,1.8127142857142857,7,1.817,1.7970000000000002
SW93.5L,2015-05-02,1.852714285714286,7,1.857,1.832
SW93.5L,2015-05-03,1.9555714285714285,7,1.957,1.947
SW93.5L,2015-05-04,1.9884285714285714,7,1.987,1.992
SW93.5L,2015-05-05,1.9689999999999999,5,1.967,1.9969999999999999
SW93.5L,2015-05-06,1.9609999999999999,5,1.957,1.9769999999999999
SW93.5L,2015-05-07,2.010333333333333,6,2.007,2.002
SW93.5L,2015-05-08,2.0003333333333333,6,1.997,1.9869999999999999
SW93.5L,2015-05-09,1.9320000000000002,6,1.937,1.932
SW93.5L,2015-05-10,1.9086666666666667,6,1.907,1.9220000000000002
SW93.5L,2015-05-11,1.917,6,1.917,1.912
SW93.5L,2015-05-12,1.8984285714285714,7,1.897,1.877
SW93.5L,2015-05-13,1.9036666666666668,6,1.907,1.8820000000000001
SW93.5L,2015-05-14,1.9003333333333334,6,1.897,1.912
SW93.5L,2015-05-15,1.9509999999999998,5,1.947,1.962
SW93.5L,2015-05-16,2.0170000000000003,5,2.017,1.992
SW93.5L,2015-05-17,2.042,6,2.047,2.052
SW93.5L,2015-05-18,2.0984285714285713,7,2.097,2.1020000000000003
SW93.5L,2015-05-19,2.1598571428571427,7,2.157,2.167
SW93.5L,2015-05-20,2.1003333333333334,6,2.097,2.157
SW93.5L,2015-05-21,2.161,5,2.157,2.1870000000000003
SW93.5L,2015-05-22,2.2503333333333333,6,2.247,2.267
SW93.5L,2015-05-23,2.2827142857142855,7,2.287,2.307
SW93.5L,2015-05-24,2.399,5,2.397,2.387
SW93.5L,2015-05-25,2.5627142857142857,7,2.567,2.557
SW93.5L,2015-05-26,2.602,6,2.607,2.602
SW93.5L,2015-05-27,2.6686666666666667,6,2.667,2.6420000000000003
SW93.5L,2015-05-28,2.6484285714285716,7,2.647,2.627
SW93.5L,2015-05-29,2.682,6,2.687,2.702
SW93.5L,2015-05-30,2.807,5,2.807,2.807
SW93.5L,2015-05-31,2.9303333333333335,6,2.927,2.947
SW93.5L,2015-06-01,3.061,5,3.057,3.057
SW93.5L,2015-06-02,3.163,5,3.157,3.1420000000000003
SW93.5L,2015-06-03,3.2329999999999997,5,3.227,3.2270000000000003
SW93.5L,2015-06-04,3.289,5,3.287,3.2969999999999997
SW93.5L,2015-06-05,3.285,5,3.287,3.307
SW93.5L,2015-06-06,3.271,5,3.277,3.277
SW93.5L,2015-06-07,3.2729999999999997,5,3.277,3.287
SW93.5L,2015-06-08,3.3310000000000004,5,3.337,3.3369999999999997
SW93.5L,2015-06-09,3.503,5,3.497,3.487
SW93.5L,2015-06-10,3.6710000000000003,5,3.667,3.662
SW93.5L,2015-06-11,3.807,5,3.807,3.822
SW93.5L,2015-06-12,3.9949999999999997,5,3.997,4.012
SW93.5L,2015-06-13,4.186999999999999,5,4.177,4.162000000000001
SW93.5L,2015-06-14,4.255,5,4.257,4.247
SW93.5L,2015-06-15,4.293,5,4.287,4.282
SW93.5L,2015-06-16,4.323,5,4.317,4.311999999999999
SW93.5L,2015-06-17,4.237,5,4.237,4.222
SW93.5L,2015-06-18,4.121,5,4.037,3.927
SW93.5L,2015-06-19,4.0969999999999995,5,4.097,4.0969999999999995
SW93.5L,2015-06-20,4.182,4,4.177,4.172000000000001
SW93.5L,2015-06-21,4.245,5,4.247,4.247
SW93.5L,2015-06-22,4.279,5,4.277,4.287
SW93.5L,2015-06-23,4.173,5,4.177,4.187
SW93.5L,2015-06-24,4.087000000000001,5,4.077,4.067
SW93.5L,2015-06-25,4.005,5,3.997,3.987
SW93.5L,2015-06-26,4.009,5,4.007,4.007
SW93.5L,2015-06-27,4.055,5,4.047,4.042
SW93.5L,2015-06-28,4.069,5,4.067,4.057
SW93.5L,2015-06-29,4.055,5,4.057,4.047
SW93.5L,2015-06-30,4.0409999999999995,5,4.027,4.007
SW93.5L,2015-07-01,4.047,5,4.037,4.022
SW93.5L,2015-07-02,4.047,5,4.037,4.027
SW93.5L,2015-07-03,4.015,5,4.017,4.0169999999999995
SW93.5L,2015-07-04,4.009,5,4.007,4.0169999999999995
SW93.5L,2015-07-05,4.063,5,4.057,4.057
SW93.5L,2015-07-06,4.099,5,4.107,4.122
SW93.5L,2015-07-07,4.167,5,4.167,4.167
SW93.5L,2015-07-08,4.199,5,4.197,4.187
SW93.5L,2015-07-09,4.321,5,4.317,4.307
SW93.5L,2015-07-10,4.311,5,4.307,4.307
SW93.5L,2015-07-11,4.243,5,4.237,4.231999999999999
SW93.5L,2015-07-12,4.111,5,4.107,4.087
SW93.5L,2015-07-13,4.003,5,3.997,3.982
SW93.5L,2015-07-14,3.9510000000000005,5,3.947,3.9370000000000003
SW93.5L,2015-07-15,3.911,5,3.907,3.912
SW93.5L,2015-07-16,3.8869999999999996,5,3.887,3.887
SW93.5L,2015-07-17,3.915,5,3.917,3.912
SW93.5L,2015-07-18,3.993,5,3.997,4.0120000000000005
SW93.5L,2015-07-19,4.115,5,4.117,4.112
SW93.5L,2015-07-20,4.1770000000000005,5,4.177,4.182
SW93.5L,2015-07-21,4.1850000000000005,5,4.187,4.192
SW93.5L,2015-07-22,4.170999999999999,5,4.177,4.182
SW93.5L,2015-07-23,4.199,5,4.197,4.202
SW93.5L,2015-07-24,4.181,5,4.177,4.172
SW93.5L,2015-07-25,4.139,5,4.137,4.127000000000001
SW93.5L,2015-07-26,4.059,5,4.057,4.052
SW93.5L,2015-07-27,4.059,5,4.057,4.037
SW93.5L,2015-07-28,4.095000000000001,5,4.097,4.092
SW93.5L,2015-07-29,4.071,5,4.067,4.052
SW93.5L,2015-07-30,4.049,5,4.047,4.026999999999999
SW93.5L,2015-07-31,4.1370000000000005,5,4.137,4.122
SW93.5L,2015-08-01,4.353,5,4.347,4.3469999999999995
SW93.5L,2015-08-02,4.327,5,4.327,4.337
SW93.5L,2015-08-03,4.239,5,4.247,4.257
SW93.5L,2015-08-04,4.212999999999999,5,4.217,4.227
SW93.5L,2015-08-05,4.2170000000000005,5,4.217,4.2170000000000005
SW93.5L,2015-08-06,4.175,5,4.177,4.197
SW93.5L,2015-08-07,4.125,5,4.127,4.122
SW93.5L,2015-08-08,4.055,5,4.047,4.037
SW93.5L,2015-08-09,3.993,5,3.997,3.992
SW93.5L,2015-08-10,3.961,5,3.957,3.942
SW93.5L,2015-08-11,3.931,5,3.927,3.917
SW93.5L,2015-08-12,4.0009999999999994,5,3.997,3.9819999999999998
SW93.5L,2015-08-13,4.051,5,4.047,4.042
SW93.5L,2015-08-14,4.043,5,4.037,4.032
SW93.5L,2015-08-15,4.059,5,4.067,4.072
SW93.5L,2015-08-16,4.121,5,4.127,4.127000000000001
SW93.5L,2015-08-17,4.177,5,4.177,4.172000000000001
SW93.5L,2015-08-18,4.2490000000000006,5,4.247,4.252000000000001
SW93.5L,2015-08-19,4.319,5,4.317,4.317
SW93.5L,2015-08-20,4.385,5,4.387,4.377
SW93.5L,2015-08-21,4.509,5,4.507,4.507
SW93.5L,2015-08-22,4.7010000000000005,5,4.697,4.686999999999999
SW93.5L,2015-08-23,4.911,5,4.907,4.897
SW93.5L,2015-08-24,5.089,5,5.087,5.0920000000000005
SW93.5L,2015-08-25,5.205,5,5.207,5.212
SW93.5L,2015-08-26,5.2909999999999995,5,5.297,5.297000000000001
SW93.5L,2015-08-27,5.3549999999999995,5,5.357,5.356999999999999
SW93.5L,2015-08-28,5.387,5,5.387,5.3919999999999995
SW93.5L,2015-08-29,5.385,5,5.387,5.377
SW93.5L,2015-08-30,5.367,5,5.367,5.367
SW93.5L,2015-08-31,5.345000000000001,5,5.347,5.3469999999999995
SW93.5L,2015-09-01,5.357,5,5.357,5.356999999999999
SW93.5L,2015-09-02,5.375,5,5.377,5.372
SW93.5L,2015-09-03,5.361,5,5.357,5.356999999999999
SW93.5L,2015-09-04,5.377,5,5.377,5.362
SW93.5L,2015-09-05,5.391,5,5.387,5.3870000000000005
SW93.5L,2015-09-06,5.375,5,5.377,5.367
SW93.5L,2015-09-07,5.369,5,5.367,5.362
SW93.5L,2015-09-08,5.3549999999999995,5,5.357,5.3469999999999995
SW93.5L,2015-09-09,5.305000000000001,5,5.307,5.307
SW93.5L,2015-09-10,5.211,5,5.207,5.212
SW93.5L,2015-09-11,5.083,5,5.087,5.087
SW93.5L,2015-09-12,4.963,5,4.967,4.9670000000000005
SW93.5L,2015-09-13,4.821,5,4.817,4.811999999999999
SW93.5L,2015-09-14,4.711,5,4.707,4.707
SW93.5L,2015-09-15,4.667,5,4.667,4.677
SW93.5L,2015-09-16,4.6049999999999995,5,4.607,4.612
SW93.5L,2015-09-17,4.427,5,4.427,4.432
SW93.5L,2015-09-18,4.265,5,4.267,4.272
SW93.5L,2015-09-19,4.163,5,4.167,4.167
SW93.5L,2015-09-20,4.253,5,4.257,4.2620000000000005
SW93.5L,2015-09-21,4.2509999999999994,5,4.247,4.237
SW93.5L,2015-09-22,4.154999999999999,5,4.157,4.157
SW93.5L,2015-09-23,4.095000000000001,5,4.097,4.0969999999999995
SW93.5L,2015-09-24,4.111,5,4.117,4.122
SW93.5L,2015-09-25,4.119,5,4.117,4.112
SW93.5L,2015-09-26,4.151,5,4.147,4.127000000000001
SW93.5L,2015-09-27,4.187,5,4.187,4.182
SW93.5L,2015-09-28,4.225,5,4.227,4.247
SW93.5L,2015-09-29,4.253,5,4.257,4.2620000000000005
SW93.5L,2015-09-30,4.295,5,4.297,4.302
SW93.5L,2015-10-01,4.263,5,4.267,4.2669999999999995
SW93.5L,2015-10-02,4.169,5,4.177,4.182
SW93.5L,2015-10-03,4.039,5,4.047,4.052
SW93.5L,2015-10-04,3.853,5,3.857,3.857
SW93.5L,2015-10-05,3.7030000000000003,5,3.697,3.692
SW93.5L,2015-10-06,3.5810000000000004,5,3.577,3.572
SW93.5L,2015-10-07,3.4850000000000003,5,3.477,3.467
SW93.5L,2015-10-08,3.479,5,3.477,3.462
SW93.5L,2015-10-09,3.409,5,3.407,3.392
SW93.5L,2015-10-10,3.343,5,3.347,3.347
SW93.5L,2015-10-11,3.2730000000000006,5,3.267,3.2569999999999997
SW93.5L,2015-10-12,3.2009999999999996,5,3.197,3.1870000000000003
SW93.5L,2015-10-13,3.181,5,3.187,3.1870000000000003
SW93.5L,2015-10-14,3.177,5,3.177,3.1820000000000004
SW93.5L,2015-10-15,3.1109999999999998,5,3.117,3.122
SW93.5L,2015-10-16,3.0229999999999997,5,3.027,3.032
SW93.5L,2015-10-17,2.939,5,2.937,2.942
SW93.5L,2015-10-18,2.859,5,2.857,2.857
SW93.5L,2015-10-19,2.7489999999999997,5,2.757,2.767
SW93.5L,2015-10-20,2.677,5,2.677,2.672
SW93.5L,2015-10-21,2.5789999999999997,5,2.577,2.5620000000000003
SW93.5L,2015-10-22,2.509,5,2.507,2.492
SW93.5L,2015-10-23,2.461,5,2.457,2.4320000000000004
SW93.5L,2015-10-24,2.443,5,2.437,2.417
SW93.5L,2015-10-25,2.441,5,2.437,2.412
SW93.5L,2015-10-26,2.467,5,2.457,2.447
SW93.5L,2015-10-27,2.521,5,2.517,2.507
SW93.5L,2015-10-28,2.5469999999999997,5,2.547,2.542
SW93.5L,2015-10-29,2.523,5,2.527,2.542
SW93.5L,2015-10-30,2.441,5,2.447,2.457
SW93.5L,2015-10-31,2.393,5,2.397,2.3970000000000002
SW93.5L,2015-11-01,2.321,5,2.327,2.3369999999999997
SW93.5L,2015-11-02,2.291,5,2.287,2.287
SW93.5L,2015-11-03,2.1710000000000003,5,2.167,2.167
SW93.5L,2015-11-04,2.053,5,2.057,2.052
SW93.5L,2015-11-05,1.9649999999999999,5,1.967,1.9569999999999999
SW93.5L,2015-11-06,1.8969999999999998,5,1.897,1.892
SW93.5L,2015-11-07,1.8670000000000002,5,1.867,1.857
SW93.5L,2015-11-08,1.831,5,1.827,1.8170000000000002
SW93.5L,2015-11-09,1.8350000000000002,5,1.827,1.807
SW93.5L,2015-11-10,1.889,5,1.887,1.8719999999999999
SW93.5L,2015-11-11,1.911,5,1.907,1.912
SW93.5L,2015-11-12,1.939,5,1.937,1.937
SW93.5L,2015-11-13,1.9629999999999999,5,1.967,1.967
SW93.5L,2015-11-14,1.9489999999999998,5,1.957,1.967
SW93.5L,2015-11-15,1.957,5,1.957,1.967
SW93.5L,2015-11-16,1.927,5,1.937,1.947
SW93.5L,2015-11-17,1.879,5,1.887,1.902
SW93.5L,2015-11-18,1.827,5,1.827,1.8370000000000002
SW93.5L,2015-11-19,1.719,5,1.727,1.732
SW93.5L,2015-11-20,1.6510000000000002,5,1.647,1.642
SW93.5L,2015-11-21,1.607,5,1.607,1.607
SW93.5L,2015-11-22,1.605,5,1.597,1.592
SW93.5L,2015-11-23,1.641,5,1.637,1.622
SW93.5L,2015-11-24,1.705,5,1.697,1.677
SW93.5L,2015-11-25,1.775,5,1.767,1.752
SW93.5L,2015-11-26,1.843,5,1.837,1.837
SW93.5L,2015-11-27,1.839,5,1.837,1.8370000000000002
SW93.5L,2015-11-28,1.7870000000000001,5,1.797,1.812
SW93.5L,2015-11-29,1.657,5,1.667,1.677
SW93.5L,2015-11-30,1.5690000000000002,5,1.577,1.5870000000000002
SW93.5L,2015-12-01,1.511,5,1.507,1.5070000000000001
SW93.5L,2015-12-02,1.423,5,1.427,1.442
SW93.5L,2015-12-03,1.385,5,1.387,1.392
SW93.5L,2015-12-04,1.355,5,1.347,1.342
SW93.5L,2015-12-05,1.275,5,1.277,1.272
SW93.5L,2015-12-06,1.249,5,1.247,1.242
SW93.5L,2015-12-07,1.275,5,1.267,1.2570000000000001
SW93.5L,2015-12-08,1.3210000000000002,5,1.317,1.307
SW93.5L,2015-12-09,1.389,5,1.387,1.3820000000000001
SW93.5L,2015-12-10,1.403,5,1.407,1.407
SW93.5L,2015-12-11,1.455,5,1.457,1.467
SW93.5L,2015-12-12,1.499,5,1.507,1.522
SW93.5L,2015-12-13,1.525,5,1.537,1.552
SW93.5L,2015-12-14,1.443,5,1.447,1.467
SW93.5L,2015-12-15,1.3809999999999998,5,1.387,1.387
SW93.5L,2015-12-16,1.277,5,1.277,1.292
SW93.5L,2015-12-17,1.207,5,1.207,1.222
SW93.5L,2015-12-18,1.185,5,1.187,1.192
SW93.5L,2015-12-19,1.155,5,1.157,1.162
SW93.5L,2015-12-20,1.073,5,1.067,1.067
SW93.5L,2015-12-21,1.093,5,1.087,1.067
SW93.5L,2015-12-22,1.123,5,1.117,1.1119999999999999
SW93.5L,2015-12-23,1.175,5,1.167,1.152
SW93.5L,2015-12-24,1.201,5,1.197,1.172
SW93.5L,2015-12-25,1.189,5,1.187,1.182
SW93.5L,2015-12-26,1.103,5,1.107,1.1019999999999999
SW93.5L,2015-12-27,1.093,5,1.107,1.127
SW93.5L,2015-12-28,1.155,5,1.157,1.157
SW93.5L,2015-12-29,1.135,5,1.137,1.127
SW93.5L,2015-12-30,1.111,5,1.107,1.112
SW93.5L,2015-12-31,1.059,5,1.067,1.072
SW93.5L,2016-01-01,1.001,5,1.007,1.017
SW93.5L,2016-01-02,0.9029999999999999,5,0.907,0.9019999999999999
SW93.5L,2016-01-03,0.835,5,0.837,0.827
SW93.5L,2016-01-04,0.7889999999999999,5,0.787,0.782
SW93.5L,2016-01-05,0.779,5,0.777,0.772
SW93.5L,2016-01-06,0.781,5,0.777,0.772
SW93.5L,2016-01-07,0.7849999999999999,5,0.787,0.7869999999999999
SW93.5L,2016-01-08,0.8190000000000002,5,0.817,0.812
SW93.5L,2016-01-09,0.915,5,0.917,0.9119999999999999
SW93.5L,2016-01-10,0.9970000000000001,5,1.007,1.0170000000000001
SW93.5L,2016-01-11,1.003,5,1.007,1.022
SW93.5L,2016-01-12,1.021,5,1.027,1.057
SW93.5L,2016-01-13,1.059,5,1.067,1.077
SW93.5L,2016-01-14,1.049,5,1.047,1.047
SW93.5L,2016-01-15,0.937,5,0.947,0.9570000000000001
SW93.5L,2016-01-16,0.883,5,0.887,0.9119999999999999
SW93.5L,2016-01-17,0.8130000000000001,5,0.817,0.812
SW93.5L,2016-01-18,0.687,5,0.687,0.677
SW93.5L,2016-01-19,0.639,5,0.637,0.632
SW93.5L,2016-01-20,0.659,5,0.657,0.652
SW93.5L,2016-01-21,0.709,5,0.707,0.712
SW93.5L,2016-01-22,0.713,5,0.707,0.6970000000000001
SW93.5L,2016-01-23,0.687,5,0.687,0.6819999999999999
SW93.5L,2016-01-24,0.717,5,0.717,0.7270000000000001
SW93.5L,2016-01-25,0.727,5,0.737,0.762
SW93.5L,2016-01-26,0.767,5,0.777,0.7969999999999999
SW93.5L,2016-01-27,0.7929999999999999,5,0.797,0.8119999999999999
SW93.5L,2016-01-28,0.8310000000000001,5,0.837,0.837
SW93.5L,2016-01-29,0.7969999999999999,5,0.807,0.822
SW93.5L,2016-01-30,0.733,5,0.737,0.752
SW93.5L,2016-01-31,0.6950000000000001,5,0.697,0.7170000000000001
SW93.5L,2016-02-01,0.641,5,0.637,0.637
SW93.5L,2016-02-02,0.561,5,0.557,0.547
SW93.5L,2016-02-03,0.483,5,0.487,0.502
SW93.5L,2016-02-04,0.457,5,0.457,0.45199999999999996
SW93.5L,2016-02-05,0.46900000000000003,5,0.467,0.46699999999999997
SW93.5L,2016-02-06,0.545,5,0.547,0.542
SW93.5L,2016-02-07,0.663,5,0.657,0.637
SW93.5L,2016-02-08,0.8089999999999999,5,0.807,0.8069999999999999
SW93.5L,2016-02-09,0.869,5,0.887,0.9470000000000001
SW93.5L,2016-02-10,1.0030000000000001,5,1.017,1.047
SW93.5L,2016-02-11,1.049,5,1.057,1.072
SW93.5L,2016-02-12,1.087,5,1.087,1.092
SW93.5L,2016-02-13,1.0070000000000001,5,1.017,1.047
SW93.5L,2016-02-14,0.8789999999999999,5,0.887,0.907
SW93.5L,2016-02-15,0.733,5,0.737,0.742
SW93.5L,2016-02-16,0.621,5,0.617,0.612
SW93.5L,2016-02-17,0.563,5,0.557,0.5569999999999999
SW93.5L,2016-02-18,0.579,5,0.577,0.5720000000000001
SW93.5L,2016-02-19,0.659,5,0.657,0.637
SW93.5L,2016-02-20,0.769,5,0.757,0.742
SW93.5L,2016-02-21,0.8869999999999999,5,0.887,0.887
SW93.5L,2016-02-22,0.959,5,0.957,0.9670000000000001
SW93.5L,2016-02-23,0.9810000000000001,5,0.987,1.002
SW93.5L,2016-02-24,1.0070000000000001,5,1.017,1.042
SW93.5L,2016-02-25,0.9550000000000001,5,0.967,1.012
SW93.5L,2016-02-26,0.8629999999999999,5,0.877,0.922
SW93.5L,2016-02-27,0.763,5,0.777,0.822
SW93.5L,2016-02-28,0.713,5,0.727,0.7669999999999999
SW93.5L,2016-02-29,0.6609999999999999,5,0.677,0.702
SW93.5L,2016-03-01,0.595,5,0.607,0.622
SW93.5L,2016-03-02,0.5509999999999999,5,0.547,0.552
SW93.5L,2016-03-03,0.513,5,0.517,0.512
SW93.5L,2016-03-04,0.533,5,0.527,0.517
SW93.5L,2016-03-05,0.627,5,0.627,0.612
SW93.5L,2016-03-06,0.7070000000000001,5,0.707,0.6970000000000001
SW93.5L,2016-03-07,0.7929999999999999,5,0.787,0.772
SW93.5L,2016-03-08,0.925,5,0.917,0.912
SW93.5L,2016-03-09,1.0230000000000001,5,1.017,1.017
SW93.5L,2016-03-10,1.115,5,1.127,1.147
SW93.5L,2016-03-11,1.101,5,1.117,1.157
SW93.5L,2016-03-12,1.095,5,1.107,1.137
SW93.5L,2016-03-13,1.045,5,1.057,1.087
SW93.5L,2016-03-14,0.843,5,0.857,0.8819999999999999
SW93.5L,2016-03-15,0.717,5,0.727,0.737
SW93.5L,2016-03-16,0.657,5,0.657,0.647
SW93.5L,2016-03-17,0.625,5,0.627,0.627
SW93.5L,2016-03-18,0.607,5,0.607,0.617
SW93.5L,2016-03-19,0.663,5,0.657,0.647
SW93.5L,2016-03-20,0.759,5,0.747,0.732
SW93.5L,2016-03-21,0.889,5,0.877,0.852
SW93.5L,2016-03-22,0.999,5,0.997,0.982
SW93.5L,2016-03-23,0.991,5,0.997,1.0170000000000001
SW93.5L,2016-03-24,0.985,5,0.997,1.032
SW93.5L,2016-03-25,0.975,5,0.987,1.027
SW93.5L,2016-03-26,1.0030000000000001,5,1.007,1.032
SW93.5L,2016-03-27,1.0070000000000001,5,1.017,1.037
SW93.5L,2016-03-28,1.0690000000000002,5,1.077,1.097
SW93.5L,2016-03-29,1.043,5,1.047,1.072
SW93.5L,2016-03-30,0.9969999999999999,5,1.007,1.017
SW93.5L,2016-03-31,0.9369999999999999,5,0.937,0.952
SW93.5L,2016-04-01,0.861,5,0.867,0.872
SW93.5L,2016-04-02,0.843,5,0.837,0.827
SW93.5L,2016-04-03,0.8969999999999999,5,0.887,0.8719999999999999
SW93.5L,2016-04-04,1.029,5,1.027,1.012
SW93.5L,2016-04-05,1.2269999999999999,5,1.217,1.197
SW93.5L,2016-04-06,1.5050000000000001,5,1.497,1.472
SW93.5L,2016-04-07,1.623,5,1.617,1.597
SW93.5L,2016-04-08,1.721,5,1.717,1.707
SW93.5L,2016-04-09,1.6989999999999998,5,1.707,1.717
SW93.5L,2016-04-10,1.661,5,1.677,1.707
SW93.5L,2016-04-11,1.605,5,1.617,1.6520000000000001
SW93.5L,2016-04-12,1.563,5,1.577,1.612
SW93.5L,2016-04-13,1.471,5,1.477,1.487
SW93.5L,2016-04-14,1.353,5,1.367,1.392
SW93.5L,2016-04-15,1.391,5,1.387,1.377
SW93.5L,2016-04-16,1.557,5,1.557,1.562
SW93.5L,2016-04-17,1.761,5,1.757,1.762
SW93.5L,2016-04-18,1.879,5,1.877,1.8570000000000002
SW93.5L,2016-04-19,1.943,5,1.937,1.9220000000000002
SW93.5L,2016-04-20,2.0189999999999997,5,2.017,2.012
SW93.5L,2016-04-21,2.173,5,2.167,2.1470000000000002
SW93.5L,2016-04-22,2.291,5,2.287,2.2720000000000002
SW93.5L,2016-04-23,2.355,5,2.357,2.357
SW93.5L,2016-04-24,2.371,5,2.377,2.3970000000000002
SW93.5L,2016-04-25,2.303,5,2.307,2.3120000000000003
SW93.5L,2016-04-26,2.277,5,2.277,2.287
SW93.5L,2016-04-27,2.263,5,2.267,2.277
SW93.5L,2016-04-28,2.319,5,2.317,2.317
SW93.5L,2016-04-29,2.409,5,2.407,2.407
SW93.5L,2016-04-30,2.487,5,2.487,2.487
SW93.5L,2016-05-01,2.631,5,2.627,2.622
SW93.5L,2016-05-02,2.657,5,2.657,2.6470000000000002
SW93.5L,2016-05-03,2.6550000000000002,5,2.647,2.622
SW93.5L,2016-05-04,2.6310000000000002,5,2.627,2.6020000000000003
SW93.5L,2016-05-05,2.633,5,2.627,2.612
SW93.5L,2016-05-06,2.673,5,2.667,2.642
SW93.5L,2016-05-07,2.7369999999999997,5,2.727,2.717
SW93.5L,2016-05-08,2.741,5,2.737,2.737
SW93.5L,2016-05-09,2.661,5,2.657,2.6470000000000002
SW93.5L,2016-05-10,2.535,5,2.537,2.532
SW93.5L,2016-05-11,2.387,5,2.387,2.392
SW93.5L,2016-05-12,2.285,5,2.287,2.287
SW93.5L,2016-05-13,2.179,5,2.177,2.167
SW93.5L,2016-05-14,2.109,5,2.107,2.112
SW93.5L,2016-05-15,2.073,5,2.067,2.0620000000000003
SW93.5L,2016-05-16,2.073,5,2.067,2.0620000000000003
SW93.5L,2016-05-17,2.129,5,2.127,2.122
SW93.5L,2016-05-18,2.197,5,2.197,2.192
SW93.5L,2016-05-19,2.323,5,2.317,2.312
SW93.5L,2016-05-20,2.523,5,2.527,2.5220000000000002
SW93.5L,2016-05-21,2.8310000000000004,5,2.827,2.832
SW93.5L,2016-05-22,2.863,5,2.867,2.862
SW93.5L,2016-05-23,3.023,5,3.017,3.017
SW93.5L,2016-05-24,3.2630000000000003,5,3.257,3.247
SW93.5L,2016-05-25,3.3869999999999996,5,3.387,3.3970000000000002
SW93.5L,2016-05-26,3.351,5,3.357,3.372
SW93.5L,2016-05-27,3.311,5,3.317,3.322
SW93.5L,2016-05-28,3.213,5,3.217,3.212
SW93.5L,2016-05-29,3.147,5,3.147,3.132
SW93.5L,2016-05-30,3.137,5,3.127,3.112
SW93.5L,2016-05-31,3.113,5,3.107,3.102
SW93.5L,2016-06-01,3.085,5,3.087,3.082
SW93.5L,2016-06-02,3.0949999999999998,5,3.087,3.082
SW93.5L,2016-06-03,3.137,5,3.127,3.117
SW93.5L,2016-06-04,3.193,5,3.187,3.172
SW93.5L,2016-06-05,3.2049999999999996,5,3.187,3.152
SW93.5L,2016-06-06,3.143,5,3.137,3.112
SW93.5L,2016-06-07,3.089,5,3.097,3.102
SW93.5L,2016-06-08,3.071,5,3.077,3.077
SW93.5L,2016-06-09,3.045,5,3.047,3.062
SW93.5L,2016-06-10,2.949,5,2.947,2.957
SW93.5L,2016-06-11,2.8689999999999998,5,2.867,2.872
SW93.5L,2016-06-12,2.901,5,2.897,2.887
SW93.5L,2016-06-13,2.8549999999999995,5,2.867,2.8970000000000002
SW93.5L,2016-06-14,2.805,5,2.797,2.792
SW93.5L,2016-06-15,2.817,5,2.817,2.817
SW93.5L,2016-06-16,2.911,5,2.917,2.927
SW93.5L,2016-06-17,3.2369999999999997,5,3.247,3.287
SW93.5L,2016-06-18,3.489,5,3.497,3.502
SW93.5L,2016-06-19,3.595,5,3.587,3.567
SW93.5L,2016-06-20,3.6049999999999995,5,3.607,3.597
SW93.5L,2016-06-21,3.623,5,3.617,3.607
SW93.5L,2016-06-22,3.6149999999999998,5,3.617,3.637
SW93.5L,2016-06-23,3.7090000000000005,5,3.707,3.697
SW93.5L,2016-06-24,3.897,5,3.897,3.8819999999999997
SW93.5L,2016-06-25,4.053,5,4.057,4.062
SW93.5L,2016-06-26,4.213,5,4.217,4.212
SW93.5L,2016-06-27,4.385,5,4.377,4.367
SW93.5L,2016-06-28,4.491,5,4.487,4.462
SW93.5L,2016-06-29,4.413,5,4.407,4.407
SW93.5L,2016-06-30,4.307,5,4.307,4.297000000000001
SW93.5L,2016-07-01,4.2509999999999994,5,4.247,4.227
SW93.5L,2016-07-02,4.276999999999999,5,4.277,4.2620000000000005
SW93.5L,2016-07-03,4.4030000000000005,5,4.397,4.3919999999999995
SW93.5L,2016-07-04,4.433,5,4.437,4.436999999999999
SW93.5L,2016-07-05,4.4030000000000005,5,4.407,4.422000000000001
SW93.5L,2016-07-06,4.475,5,4.477,4.477
SW93.5L,2016-07-07,4.513,5,4.517,4.532
SW93.5L,2016-07-08,4.551,5,4.557,4.567
SW93.5L,2016-07-09,4.629,5,4.637,4.647
SW93.5L,2016-07-10,4.661,5,4.657,4.652
SW93.5L,2016-07-11,4.641,5,4.637,4.627
SW93.5L,2016-07-12,4.611,5,4.607,4.5969999999999995
SW93.5L,2016-07-13,4.551,5,4.547,4.542
SW93.5L,2016-07-14,4.476999999999999,5,4.467,4.457
SW93.5L,2016-07-15,4.468999999999999,5,4.467,4.457
SW93.5L,2016-07-16,4.523000000000001,5,4.517,4.507
SW93.5L,2016-07-17,4.557,5,4.547,4.532
SW93.5L,2016-07-18,4.575,5,4.567,4.552
SW93.5L,2016-07-19,4.641,5,4.637,4.622
SW93.5L,2016-07-20,4.737,5,4.737,4.732
SW93.5L,2016-07-21,4.831,5,4.827,4.832
SW93.5L,2016-07-22,4.951,5,4.957,4.962
SW93.5L,2016-07-23,5.071,5,5.067,5.072
SW93.5L,2016-07-24,5.183,5,5.187,5.187
SW93.5L,2016-07-25,5.2909999999999995,5,5.297,5.297
SW93.5L,2016-07-26,5.391,5,5.387,5.362
SW93.5L,2016-07-27,5.412999999999999,5,5.407,5.401999999999999
SW93.5L,2016-07-28,5.476999999999999,5,5.477,5.487
SW93.5L,2016-07-29,5.589,5,5.587,5.592
SW93.5L,2016-07-30,5.665000000000001,5,5.667,5.662
SW93.5L,2016-07-31,5.741,5,5.737,5.742
SW93.5L,2016-08-01,5.7509999999999994,5,5.757,5.757
SW93.5L,2016-08-02,5.725,5,5.727,5.7170000000000005
SW93.5L,2016-08-03,5.665,5,5.657,5.652
SW93.5L,2016-08-04,5.601,5,5.597,5.5969999999999995
SW93.5L,2016-08-05,5.525,5,5.527,5.532
SW93.5L,2016-08-06,5.433,5,5.427,5.422000000000001
SW93.5L,2016-08-07,5.299,5,5.297,5.287000000000001
SW93.5L,2016-08-08,5.119,5,5.127,5.132
SW93.5L,2016-08-09,4.997,5,4.997,5.002
SW93.5L,2016-08-10,4.953,5,4.957,4.952
SW93.5L,2016-08-11,4.745,5,4.747,4.742
SW93.5L,2016-08-12,4.627,5,4.627,4.622
SW93.5L,2016-08-13,4.559,5,4.557,4.542
SW93.5L,2016-08-14,4.499,5,4.497,4.492
SW93.5L,2016-08-15,4.489,5,4.487,4.492
SW93.5L,2016-08-16,4.521,5,4.517,4.522
SW93.5L,2016-08-17,4.683,5,4.687,4.687
SW93.5L,2016-08-18,4.787000000000001,5,4.787,4.777
SW93.5L,2016-08-19,4.739,5,4.737,4.742
SW93.5L,2016-08-20,4.711,5,4.717,4.7219999999999995
SW93.5L,2016-08-21,4.785,5,4.777,4.7669999999999995
SW93.5L,2016-08-22,4.781000000000001,5,4.787,4.787
SW93.5L,2016-08-23,4.718999999999999,5,4.727,4.737
SW93.5L,2016-08-24,4.689,5,4.687,4.677
SW93.5L,2016-08-25,4.669,5,4.667,4.647
SW93.5L,2016-08-26,4.639,5,4.637,4.617
SW93.5L,2016-08-27,4.613,5,4.607,4.606999999999999
SW93.5L,2016-08-28,4.619,5,4.617,4.5969999999999995
SW93.5L,2016-08-29,4.617,5,4.617,4.602
SW93.5L,2016-08-30,4.635,5,4.637,4.632
SW93.5L,2016-08-31,4.654999999999999,5,4.657,4.651999999999999
SW93.5L,2016-09-01,4.669,5,4.667,4.672000000000001
SW93.5L,2016-09-02,4.6450000000000005,5,4.647,4.667
SW93.5L,2016-09-03,4.671,5,4.677,4.677
SW93.5L,2016-09-04,4.641,5,4.647,4.651999999999999
SW93.5L,2016-09-05,4.641,5,4.637,4.6419999999999995
SW93.5L,2016-09-06,4.609,5,4.607,4.612
SW93.5L,2016-09-07,4.525,5,4.537,4.552
SW93.5L,2016-09-08,4.493,5,4.487,4.477
SW93.5L,2016-09-09,4.4350000000000005,5,4.427,4.412
SW93.5L,2016-09-10,4.411,5,4.407,4.3870000000000005
SW93.5L,2016-09-11,4.389,5,4.387,4.3919999999999995
SW93.5L,2016-09-12,4.4030000000000005,5,4.407,4.401999999999999
SW93.5L,2016-09-13,4.4590000000000005,5,4.457,4.462
SW93.5L,2016-09-14,4.5329999999999995,5,4.527,4.522
SW93.5L,2016-09-15,4.615,5,4.617,4.617
SW93.5L,2016-09-16,4.687,5,4.687,4.677
SW93.5L,2016-09-17,4.6530000000000005,5,4.657,4.662
SW93.5L,2016-09-18,4.5969999999999995,5,4.607,4.622
SW93.5L,2016-09-19,4.535,5,4.537,4.547000000000001
SW93.5L,2016-09-20,4.493,5,4.497,4.497
SW93.5L,2016-09-21,4.433,5,4.437,4.436999999999999
SW93.5L,2016-09-22,4.339,5,4.337,4.3469999999999995
SW93.5L,2016-09-23,4.263,5,4.267,4.2620000000000005
SW93.5L,2016-09-24,4.247,5,4.247,4.237
SW93.5L,2016-09-25,4.191,5,4.187,4.177
SW93.5L,2016-09-26,4.193,5,4.187,4.182
SW93.5L,2016-09-27,4.2170000000000005,5,4.217,4.207
SW93.5L,2016-09-28,4.263,5,4.257,4.247
SW93.5L,2016-09-29,4.340999999999999,5,4.337,4.332
SW93.5L,2016-09-30,4.411,5,4.417,4.417
SW93.5L,2016-10-01,4.471,5,4.477,4.481999999999999
SW93.5L,2016-10-02,4.5409999999999995,5,4.537,4.542
SW93.5L,2016-10-03,4.557,5,4.557,4.552
SW93.5L,2016-10-04,4.553,5,4.547,4.542
SW93.5L,2016-10-05,4.495,5,4.497,4.502000000000001
SW93.5L,2016-10-06,4.415,5,4.417,4.417
SW93.5L,2016-10-07,4.321,5,4.327,4.327
SW93.5L,2016-10-08,4.161,5,4.157,4.162
SW93.5L,2016-10-09,4.041,5,4.037,4.032
SW93.5L,2016-10-10,3.941,5,3.937,3.927
SW93.5L,2016-10-11,3.925,5,3.927,3.927
SW93.5L,2016-10-12,4.019,5,4.007,3.992
SW93.5L,2016-10-13,3.911,5,3.907,3.887
SW93.5L,2016-10-14,3.939,5,3.937,3.917
SW93.5L,2016-10-15,4.077,5,4.067,4.042
SW93.5L,2016-10-16,4.195,5,4.187,4.177
SW93.5L,2016-10-17,4.259,5,4.257,4.2669999999999995
SW93.5L,2016-10-18,4.297,5,4.307,4.317
SW93.5L,2016-10-19,4.2989999999999995,5,4.297,4.302
SW93.5L,2016-10-20,4.233,5,4.237,4.252
SW93.5L,2016-10-21,4.059,5,4.067,4.077
SW93.5L,2016-10-22,3.8549999999999995,5,3.857,3.862
SW93.5L,2016-10-23,3.6710000000000003,5,3.667,3.6470000000000002
SW93.5L,2016-10-24,3.505,5,3.507,3.502
SW93.5L,2016-10-25,3.3909999999999996,5,3.387,3.367
SW93.5L,2016-10-26,3.335,5,3.337,3.332
SW93.5L,2016-10-27,3.3009999999999997,5,3.287,3.267
SW93.5L,2016-10-28,3.2310000000000003,5,3.227,3.207
SW93.5L,2016-10-29,3.183,5,3.177,3.167
SW93.5L,2016-10-30,3.159,5,3.157,3.137
SW93.5L,2016-10-31,3.0829999999999997,5,3.077,3.077
SW93.5L,2016-11-01,2.963,5,2.957,2.952
SW93.5L,2016-11-02,2.875,5,2.877,2.8970000000000002
SW93.5L,2016-11-03,2.817,5,2.827,2.842
SW93.5L,2016-11-04,2.743,5,2.747,2.762
SW93.5L,2016-11-05,2.679,5,2.677,2.682
SW93.5L,2016-11-06,2.699,5,2.697,2.6769999999999996
SW93.5L,2016-11-07,2.587,5,2.587,2.602
SW93.5L,2016-11-08,2.513,5,2.517,2.517
SW93.5L,2016-11-09,2.423,5,2.417,2.402
SW93.5L,2016-11-10,2.377,5,2.377,2.367
SW93.5L,2016-11-11,2.391,5,2.387,2.362
SW93.5L,2016-11-12,2.409,5,2.397,2.377
SW93.5L,2016-11-13,2.4370000000000003,5,2.427,2.412
SW93.5L,2016-11-14,2.523,5,2.517,2.487
SW93.5L,2016-11-15,2.481,5,2.477,2.457
SW93.5L,2016-11-16,2.435,5,2.437,2.442
SW93.5L,2016-11-17,2.339,5,2.347,2.372
SW93.5L,2016-11-18,2.275,5,2.277,2.277
SW93.5L,2016-11-19,2.165,5,2.177,2.192
SW93.5L,2016-11-20,2.1149999999999998,5,2.117,2.122
SW93.5L,2016-11-21,2.037,5,2.037,2.032
SW93.5L,2016-11-22,1.953,5,1.947,1.9420000000000002
SW93.5L,2016-11-23,1.8969999999999998,5,1.897,1.897
SW93.5L,2016-11-24,1.877,5,1.877,1.867
SW93.5L,2016-11-25,1.8509999999999998,5,1.847,1.832
SW93.5L,2016-11-26,1.855,5,1.847,1.842
SW93.5L,2016-11-27,1.857,5,1.847,1.8370000000000002
SW93.5L,2016-11-28,1.855,5,1.857,1.862
SW93.5L,2016-11-29,1.871,5,1.867,1.867
SW93.5L,2016-11-30,1.8690000000000002,5,1.867,1.8770000000000002
SW93.5L,2016-12-01,1.8510000000000002,5,1.847,1.847
SW93.5L,2016-12-02,1.783,5,1.787,1.807
SW93.5L,2016-12-03,1.7429999999999999,5,1.747,1.752
SW93.5L,2016-12-04,1.627,5,1.627,1.637
SW93.5L,2016-12-05,1.527,5,1.537,1.5470000000000002
SW93.5L,2016-12-06,1.473,5,1.477,1.472
SW93.5L,2016-12-07,1.441,5,1.437,1.442
SW93.5L,2016-12-08,1.423,5,1.427,1.4369999999999998
SW93.5L,2016-12-09,1.417,5,1.417,1.427
SW93.5L,2016-12-10,1.423,5,1.417,1.412
SW93.5L,2016-12-11,1.475,5,1.467,1.462
SW93.5L,2016-12-12,1.593,5,1.587,1.5619999999999998
SW93.5L,2016-12-13,1.7109999999999999,5,1.707,1.6920000000000002
SW93.5L,2016-12-14,1.7269999999999999,5,1.727,1.717
SW93.5L,2016-12-15,1.7530000000000001,5,1.747,1.737
SW93.5L,2016-12-16,1.659,5,1.667,1.702
SW93.5L,2016-12-17,1.613,5,1.627,1.647
SW93.5L,2016-12-18,1.557,5,1.567,1.577
SW93.5L,2016-12-19,1.497,5,1.497,1.4969999999999999
SW93.5L,2016-12-20,1.393,5,1.397,1.417
SW93.5L,2016-12-21,1.299,5,1.297,1.302
SW93.5L,2016-12-22,1.1949999999999998,5,1.197,1.1869999999999998
SW93.5L,2016-12-23,1.145,5,1.157,1.172
SW93.5L,2016-12-24,1.155,5,1.157,1.152
SW93.5L,2016-12-25,1.169,5,1.157,1.137
SW93.5L,2016-12-26,1.189,5,1.187,1.1669999999999998
SW93.5L,2016-12-27,1.223,5,1.217,1.217
SW93.5L,2016-12-28,1.205,5,1.207,1.197
SW93.5L,2016-12-29,1.241,5,1.247,1.252
SW93.5L,2016-12-30,1.3030000000000002,5,1.307,1.317
SW93.5L,2016-12-31,1.307,5,1.317,1.337
SW93.5L,2017-01-01,1.263,5,1.277,1.307
SW93.5L,2017-01-02,1.225,5,1.227,1.2469999999999999
SW93.5L,2017-01-03,1.177,5,1.187,1.202
SW93.5L,2017-01-04,1.113,5,1.117,1.1320000000000001
SW93.5L,2017-01-05,1.0230000000000001,5,1.027,1.042
SW93.5L,2017-01-06,0.933,5,0.937,0.937
SW93.5L,2017-01-07,0.883,5,0.887,0.8819999999999999
SW93.5L,2017-01-08,0.883,5,0.867,0.832
SW93.5L,2017-01-09,0.915,5,0.907,0.8819999999999999
SW93.5L,2017-01-10,0.9730000000000001,5,0.967,0.952
SW93.5L,2017-01-11,0.9789999999999999,5,0.977,0.962
SW93.5L,2017-01-12,1.0310000000000001,5,1.027,1.027
SW93.5L,2017-01-13,1.041,5,1.047,1.057
SW93.5L,2017-01-14,1.0150000000000001,5,1.027,1.042
SW93.5L,2017-01-15,0.9870000000000001,5,1.007,1.042
SW93.5L,2017-01-16,0.977,5,0.977,0.992
SW93.5L,2017-01-17,0.9710000000000001,5,0.977,0.982
SW93.5L,2017-01-18,0.913,5,0.917,0.922
SW93.5L,2017-01-19,0.749,5,0.757,0.772
SW93.5L,2017-01-20,0.693,5,0.697,0.702
SW93.5L,2017-01-21,0.619,5,0.617,0.617
SW93.5L,2017-01-22,0.607,5,0.607,0.597
SW93.5L,2017-01-23,0.651,5,0.657,0.657
SW93.5L,2017-01-24,0.729,5,0.727,0.7370000000000001
SW93.5L,2017-01-25,0.7969999999999999,5,0.797,0.782
SW93.5L,2017-01-26,0.849,5,0.847,0.837
SW93.5L,2017-01-27,0.925,5,0.927,0.932
SW93.5L,2017-01-28,0.953,5,0.957,0.967
SW93.5L,2017-01-29,0.945,5,0.947,0.967
SW93.5L,2017-01-30,0.9109999999999999,5,0.927,0.952
SW93.5L,2017-01-31,0.901,5,0.907,0.922
SW93.5L,2017-02-01,0.891,5,0.897,0.902
SW93.5L,2017-02-02,0.8089999999999999,5,0.827,0.872
SW93.5L,2017-02-03,0.6910000000000001,5,0.697,0.7170000000000001
SW93.5L,2017-02-04,0.617,5,0.617,0.622
SW93.5L,2017-02-05,0.599,5,0.597,0.592
SW93.5L,2017-02-06,0.627,5,0.617,0.592
SW93.5L,2017-02-07,0.659,5,0.657,0.657
SW93.5L,2017-02-08,0.6849999999999999,5,0.687,0.677
SW93.5L,2017-02-09,0.705,5,0.707,0.6970000000000001
SW93.5L,2017-02-10,0.7849999999999999,5,0.797,0.812
SW93.5L,2017-02-11,0.825,5,0.837,0.857
SW93.5L,2017-02-12,0.8550000000000001,5,0.867,0.892
SW93.5L,2017-02-13,0.8390000000000001,5,0.847,0.877
SW93.5L,2017-02-14,0.7989999999999999,5,0.807,0.8420000000000001
SW93.5L,2017-02-15,0.769,5,0.777,0.782
SW93.5L,2017-02-16,0.6950000000000001,5,0.707,0.732
SW93.5L,2017-02-17,0.629,5,0.637,0.657
SW93.5L,2017-02-18,0.579,5,0.587,0.607
SW93.5L,2017-02-19,0.507,5,0.507,0.507
SW93.5L,2017-02-20,0.457,5,0.457,0.46199999999999997
SW93.5L,2017-02-21,0.537,5,0.537,0.532
SW93.5L,2017-02-22,0.651,5,0.647,0.642
SW93.5L,2017-02-23,0.6689999999999999,5,0.667,0.672
SW93.5L,2017-02-24,0.6689999999999999,5,0.667,0.667
SW93.5L,2017-02-25,0.713,5,0.717,0.712
SW93.5L,2017-02-26,0.799,5,0.797,0.787
SW93.5L,2017-02-27,0.873,5,0.877,0.897
SW93.5L,2017-02-28,0.893,5,0.897,0.917
SW93.5L,2017-03-01,0.881,5,0.897,0.9369999999999999
SW93.5L,2017-03-02,0.889,5,0.897,0.927
SW93.5L,2017-03-03,0.873,5,0.887,0.922
SW93.5L,2017-03-04,0.829,5,0.847,0.887
SW93.5L,2017-03-05,0.7809999999999999,5,0.787,0.8119999999999999
SW93.5L,2017-03-06,0.7929999999999999,5,0.787,0.7869999999999999
SW93.5L,2017-03-07,0.7030000000000001,5,0.697,0.687
SW93.5L,2017-03-08,0.6910000000000001,5,0.687,0.677
SW93.5L,2017-03-09,0.6890000000000001,5,0.687,0.672
SW93.5L,2017-03-10,0.7849999999999999,5,0.777,0.752
SW93.5L,2017-03-11,0.9349999999999999,5,0.927,0.897
SW93.5L,2017-03-12,0.9730000000000001,5,0.977,0.982
SW93.5L,2017-03-13,0.923,5,0.927,0.947
SW93.5L,2017-03-14,0.8230000000000001,5,0.837,0.877
SW93.5L,2017-03-15,0.807,5,0.827,0.867
SW93.5L,2017-03-16,0.817,5,0.827,0.867
SW93.5L,2017-03-17,0.837,5,0.847,0.862
SW93.5L,2017-03-18,0.849,5,0.847,0.852
SW93.5L,2017-03-19,0.795,5,0.797,0.817
SW93.5L,2017-03-20,0.6849999999999999,5,0.687,0.7070000000000001
SW93.5L,2017-03-21,0.5650000000000001,5,0.567,0.557
SW93.5L,2017-03-22,0.545,5,0.537,0.517
SW93.5L,2017-03-23,0.575,5,0.567,0.542
SW93.5L,2017-03-24,0.655,5,0.647,0.627
SW93.5L,2017-03-25,0.757,5,0.747,0.7270000000000001
SW93.5L,2017-03-26,0.859,5,0.847,0.822
SW93.5L,2017-03-27,1.0210000000000001,5,1.017,0.992
SW93.5L,2017-03-28,1.2109999999999999,5,1.197,1.177
SW93.5L,2017-03-29,1.339,5,1.337,1.342
SW93.5L,2017-03-30,1.457,5,1.467,1.4969999999999999
SW93.5L,2017-03-31,1.457,5,1.467,1.502
SW93.5L,2017-04-01,1.421,5,1.437,1.4769999999999999
SW93.5L,2017-04-02,1.401,5,1.407,1.4220000000000002
SW93.5L,2017-04-03,1.417,5,1.417,1.427
SW93.5L,2017-04-04,1.361,5,1.357,1.337
SW93.5L,2017-04-05,1.309,5,1.297,1.2770000000000001
SW93.5L,2017-04-06,1.2810000000000001,5,1.277,1.252
SW93.5L,2017-04-07,1.261,5,1.257,1.237
SW93.5L,2017-04-08,1.323,5,1.317,1.287
SW93.5L,2017-04-09,1.419,5,1.407,1.377
SW93.5L,2017-04-10,1.509,5,1.497,1.467
SW93.5L,2017-04-11,1.589,5,1.587,1.577
SW93.5L,2017-04-12,1.655,5,1.667,1.6869999999999998
SW93.5L,2017-04-13,1.627,5,1.637,1.6520000000000001
SW93.5L,2017-04-14,1.597,5,1.607,1.6219999999999999
SW93.5L,2017-04-15,1.607,5,1.617,1.6320000000000001
SW93.5L,2017-04-16,1.609,5,1.617,1.6520000000000001
SW93.5L,2017-04-17,1.5070000000000001,5,1.517,1.5270000000000001
SW93.5L,2017-04-18,1.4949999999999999,5,1.497,1.5070000000000001
SW93.5L,2017-04-19,1.611,5,1.617,1.617
SW93.5L,2017-04-20,1.661,5,1.667,1.6869999999999998
SW93.5L,2017-04-21,1.6629999999999998,5,1.657,1.632
SW93.5L,2017-04-22,1.7449999999999999,5,1.737,1.732
SW93.5L,2017-04-23,1.827,5,1.817,1.802
SW93.5L,2017-04-24,1.9149999999999998,5,1.917,1.9169999999999998
SW93.5L,2017-04-25,2.055,5,2.047,2.037
SW93.5L,2017-04-26,2.181,5,2.167,2.127
SW93.5L,2017-04-27,2.165,5,2.167,2.157
SW93.5L,2017-04-28,2.0629999999999997,5,2.077,2.122
SW93.5L,2017-04-29,2.003,5,2.017,2.037
SW93.5L,2017-04-30,1.935,5,1.947,1.9869999999999999
SW93.5L,2017-05-01,1.8809999999999998,5,1.887,1.9169999999999998
SW93.5L,2017-05-02,1.841,5,1.847,1.847
SW93.5L,2017-05-03,2.003,5,1.997,1.982
SW93.5L,2017-05-04,2.223,5,2.227,2.237
SW93.5L,2017-05-05,2.375,5,2.377,2.367
SW93.5L,2017-05-06,2.4850000000000003,5,2.477,2.4619999999999997
SW93.5L,2017-05-07,2.493,5,2.487,2.467
SW93.5L,2017-05-08,2.447,5,2.437,2.4219999999999997
SW93.5L,2017-05-09,2.465,5,2.457,2.4320000000000004
SW93.5L,2017-05-10,2.4210000000000003,5,2.417,2.422
SW93.5L,2017-05-11,2.409,5,2.417,2.4219999999999997
SW93.5L,2017-05-12,2.347,5,2.357,2.367
SW93.5L,2017-05-13,2.3329999999999997,5,2.337,2.342
SW93.5L,2017-05-14,2.379,5,2.387,2.3970000000000002
SW93.5L,2017-05-15,2.423,5,2.427,2.4370000000000003
SW93.5L,2017-05-16,2.4050000000000002,5,2.407,2.3970000000000002
SW93.5L,2017-05-17,2.321,5,2.327,2.327
SW93.5L,2017-05-18,2.243,5,2.247,2.257
SW93.5L,2017-05-19,2.191,5,2.187,2.172
SW93.5L,2017-05-20,2.151,5,2.147,2.1470000000000002
SW93.5L,2017-05-21,2.1350000000000002,5,2.127,2.097
SW93.5L,2017-05-22,2.123,5,2.117,2.112
SW93.5L,2017-05-23,2.161,5,2.157,2.162
SW93.5L,2017-05-24,2.229,5,2.227,2.227
SW93.5L,2017-05-25,2.325,5,2.327,2.322
SW93.5L,2017-05-26,2.371,5,2.367,2.3419999999999996
SW93.5L,2017-05-27,2.387,5,2.397,2.4219999999999997
SW93.5L,2017-05-28,2.463,5,2.467,2.487
SW93.5L,2017-05-29,2.575,5,2.577,2.597
SW93.5L,2017-05-30,2.555,5,2.557,2.572
SW93.5L,2017-05-31,2.739,5,2.737,2.732
SW93.5L,2017-06-01,2.777,5,2.777,2.777
SW93.5L,2017-06-02,2.7990000000000004,5,2.797,2.782
SW93.5L,2017-06-03,2.7670000000000003,5,2.767,2.757
SW93.5L,2017-06-04,2.777,5,2.777,2.777
SW93.5L,2017-06-05,2.8369999999999997,5,2.837,2.847
SW93.5L,2017-06-06,2.9130000000000003,5,2.917,2.9320000000000004
SW93.5L,2017-06-07,3.189,5,3.187,3.197
SW93.5L,2017-06-08,3.4229999999999996,5,3.427,3.4219999999999997
SW93.5L,2017-06-09,3.5810000000000004,5,3.577,3.552
SW93.5L,2017-06-10,3.617,5,3.617,3.627
SW93.5L,2017-06-11,3.575,5,3.587,3.607
SW93.5L,2017-06-12,3.725,5,3.727,3.732
SW93.5L,2017-06-13,3.4490000000000003,5,3.447,3.457
SW93.5L,2017-06-14,3.279,5,3.287,3.307
SW93.5L,2017-06-15,3.221,5,3.227,3.237
SW93.5L,2017-06-16,3.253,5,3.257,3.252
SW93.5L,2017-06-17,3.251,5,3.247,3.247
SW93.5L,2017-06-18,3.2590000000000003,5,3.247,3.2270000000000003
SW93.5L,2017-06-19,3.3649999999999998,5,3.367,3.362
SW93.5L,2017-06-20,3.5409999999999995,5,3.537,3.5220000000000002
SW93.5L,2017-06-21,3.721,5,3.727,3.742
SW93.5L,2017-06-22,3.905,5,3.907,3.912
SW93.5L,2017-06-23,3.961,5,3.957,3.932
SW93.5L,2017-06-24,4.026999999999999,5,4.027,4.0120000000000005
SW93.5L,2017-06-25,4.043,5,4.047,4.067
SW93.5L,2017-06-26,4.0969999999999995,5,4.097,4.102
SW93.5L,2017-06-27,4.039,5,4.047,4.052
SW93.5L,2017-06-28,3.9829999999999997,5,3.997,4.022
SW93.5L,2017-06-29,3.905,5,3.907,3.9269999999999996
SW93.5L,2017-06-30,3.8590000000000004,5,3.867,3.872
SW93.5L,2017-07-01,3.8589999999999995,5,3.847,3.832
SW93.5L,2017-07-02,3.937,5,3.927,3.917
SW93.5L,2017-07-03,3.9650000000000007,5,3.957,3.952
SW93.5L,2017-07-04,4.025,5,4.027,4.027
SW93.5L,2017-07-05,4.0969999999999995,5,4.097,4.082
SW93.5L,2017-07-06,4.179,5,4.177,4.186999999999999
SW93.5L,2017-07-07,4.377,5,4.377,4.377
SW93.5L,2017-07-08,4.487,5,4.487,4.477
SW93.5L,2017-07-09,4.611,5,4.607,4.607
SW93.5L,2017-07-10,4.679,5,4.677,4.682
SW93.5L,2017-07-11,4.773000000000001,5,4.777,4.772
SW93.5L,2017-07-12,4.879,5,4.877,4.877
SW93.5L,2017-07-13,5.003,5,4.997,4.981999999999999
SW93.5L,2017-07-14,5.131,5,5.127,5.117
SW93.5L,2017-07-15,5.173,5,5.177,5.182
SW93.5L,2017-07-16,5.189,5,5.187,5.182
SW93.5L,2017-07-17,5.129,5,5.127,5.117
SW93.5L,2017-07-18,4.971,5,4.977,4.982
SW93.5L,2017-07-19,4.889,5,4.897,4.902
SW93.5L,2017-07-20,4.825,5,4.827,4.832
SW93.5L,2017-07-21,4.739,5,4.737,4.732
SW93.5L,2017-07-22,4.622999999999999,5,4.617,4.612
SW93.5L,2017-07-23,4.511,5,4.507,4.507
SW93.5L,2017-07-24,4.5409999999999995,5,4.537,4.542
SW93.5L,2017-07-25,4.581,5,4.587,4.5920000000000005
SW93.5L,2017-07-26,4.537,5,4.547,4.557
SW93.5L,2017-07-27,4.423,5,4.427,4.452
SW93.5L,2017-07-28,4.339,5,4.347,4.372
SW93.5L,2017-07-29,4.225,5,4.227,4.242
SW93.5L,2017-07-30,4.165,5,4.157,4.142
SW93.5L,2017-07-31,4.159000000000001,5,4.147,4.117
SW93.5L,2017-08-01,4.197,5,4.197,4.182
SW93.5L,2017-08-02,4.212999999999999,5,4.217,4.2170000000000005
SW93.5L,2017-08-03,4.223000000000001,5,4.227,4.2219999999999995
SW93.5L,2017-08-04,4.212999999999999,5,4.207,4.202
SW93.5L,2017-08-05,4.225,5,4.217,4.207
SW93.5L,2017-08-06,4.281000000000001,5,4.277,4.2620000000000005
SW93.5L,2017-08-07,4.349,5,4.347,4.3420000000000005
SW93.5L,2017-08-08,4.365,5,4.367,4.382
SW93.5L,2017-08-09,4.407,5,4.417,4.427
SW93.5L,2017-08-10,4.423,5,4.437,4.447
SW93.5L,2017-08-11,4.559,5,4.577,4.572
SW93.5L,2017-08-12,4.659,5,4.657,4.647
SW93.5L,2017-08-13,4.8229999999999995,5,4.817,4.807
SW93.5L,2017-08-14,5.125,5,5.117,5.106999999999999
SW93.5L,2017-08-15,5.3469999999999995,5,5.347,5.332000000000001
SW93.5L,2017-08-16,5.481,5,5.487,5.487
SW93.5L,2017-08-17,5.601000000000001,5,5.607,5.607
SW93.5L,2017-08-18,5.661,5,5.667,5.672
SW93.5L,2017-08-19,5.6850000000000005,5,5.677,5.672
SW93.5L,2017-08-20,5.629,5,5.637,5.647
SW93.5L,2017-08-21,5.633,5,5.627,5.622
SW93.5L,2017-08-22,5.553,5,5.557,5.557
SW93.5L,2017-08-23,5.555000000000001,5,5.557,5.561999999999999
SW93.5L,2017-08-24,5.519,5,5.517,5.527
SW93.5L,2017-08-25,5.443,5,5.447,5.457
SW93.5L,2017-08-26,5.353,5,5.357,5.367
SW93.5L,2017-08-27,5.259,5,5.257,5.2620000000000005
SW93.5L,2017-08-28,5.147,5,5.157,5.157
SW93.5L,2017-08-29,5.087,5,5.087,5.082
SW93.5L,2017-08-30,4.917,5,4.917,4.917
SW93.5L,2017-08-31,4.787000000000001,5,4.787,4.777
SW93.5L,2017-09-01,4.695,5,4.697,4.686999999999999
SW93.5L,2017-09-02,4.621,5,4.617,4.617
SW93.5L,2017-09-03,4.577,5,4.577,4.572
SW93.5L,2017-09-04,4.557,5,4.547,4.537
SW93.5L,2017-09-05,4.5409999999999995,5,4.537,4.532
SW93.5L,2017-09-06,4.534999999999999,5,4.537,4.532
SW93.5L,2017-09-07,4.527,5,4.537,4.552
SW93.5L,2017-09-08,4.573,5,4.577,4.592
SW93.5L,2017-09-09,4.603,5,4.607,4.627
SW93.5L,2017-09-10,4.648999999999999,5,4.657,4.672000000000001
SW93.5L,2017-09-11,4.627000000000001,5,4.627,4.642
SW93.5L,2017-09-12,4.593,5,4.597,4.612
SW93.5L,2017-09-13,4.547,5,4.547,4.561999999999999
SW93.5L,2017-09-14,4.451,5,4.447,4.442
SW93.5L,2017-09-15,4.372999999999999,5,4.367,4.367
SW93.5L,2017-09-16,4.315,5,4.307,4.302
SW93.5L,2017-09-17,4.2909999999999995,5,4.287,4.2669999999999995
SW93.5L,2017-09-18,4.2909999999999995,5,4.287,4.276999999999999
SW93.5L,2017-09-19,4.327,5,4.317,4.302
SW93.5L,2017-09-20,4.353,5,4.357,4.352
SW93.5L,2017-09-21,4.311,5,4.307,4.302
SW93.5L,2017-09-22,4.175,5,4.187,4.212
SW93.5L,2017-09-23,4.089,5,4.097,4.112
SW93.5L,2017-09-24,3.999,5,4.007,4.022
SW93.5L,2017-09-25,3.9230000000000005,5,3.927,3.9370000000000003
SW93.5L,2017-09-26,3.8310000000000004,5,3.837,3.842
SW93.5L,2017-09-27,3.7729999999999997,5,3.777,3.787
SW93.5L,2017-09-28,3.761,5,3.757,3.7569999999999997
SW93.5L,2017-09-29,3.8770000000000002,5,3.877,3.872
SW93.5L,2017-09-30,3.8649999999999998,5,3.867,3.872
SW93.5L,2017-10-01,3.8269999999999995,5,3.827,3.822
SW93.5L,2017-10-02,3.8549999999999995,5,3.857,3.847
SW93.5L,2017-10-03,3.931,5,3.927,3.922
SW93.5L,2017-10-04,3.969,5,3.967,3.957
SW93.5L,2017-10-05,3.9490000000000003,5,3.947,3.957
SW93.5L,2017-10-06,3.9769999999999994,5,3.977,3.987
SW93.5L,2017-10-07,3.999,5,4.007,4.032
SW93.5L,2017-10-08,4.047,5,4.057,4.067
SW93.5L,2017-10-09,4.119,5,4.117,4.117
SW93.5L,2017-10-10,4.029,5,4.037,4.052
SW93.5L,2017-10-11,3.8770000000000002,5,3.887,3.8970000000000002
SW93.5L,2017-10-12,3.7410000000000005,5,3.747,3.747
SW93.5L,2017-10-13,3.653,5,3.647,3.6319999999999997
SW93.5L,2017-10-14,3.511,5,3.517,3.517
SW93.5L,2017-10-15,3.4869999999999997,5,3.487,3.4720000000000004
SW93.5L,2017-10-16,3.429,5,3.427,3.417
SW93.5L,2017-10-17,3.399,5,3.397,3.387
SW93.5L,2017-10-18,3.4490000000000003,5,3.437,3.417
SW93.5L,2017-10-19,3.5149999999999997,5,3.507,3.487
SW93.5L,2017-10-20,3.685,5,3.687,3.702
SW93.5L,2017-10-21,4.037,5,4.037,4.047
SW93.5L,2017-10-22,3.8089999999999997,5,3.817,3.822
SW93.5L,2017-10-23,3.655,5,3.667,3.682
SW93.5L,2017-10-24,3.539,5,3.547,3.572
SW93.5L,2017-10-25,3.3950000000000005,5,3.397,3.3970000000000002
SW93.5L,2017-10-26,3.275,5,3.277,3.277
SW93.5L,2017-10-27,3.191,5,3.197,3.207
SW93.5L,2017-10-28,3.163,5,3.167,3.167
SW93.5L,2017-10-29,3.1550000000000002,5,3.157,3.152
SW93.5L,2017-10-30,3.129,5,3.127,3.117
SW93.5L,2017-10-31,3.143,5,3.137,3.127
SW93.5L,2017-11-01,3.217,5,3.207,3.1870000000000003
SW93.5L,2017-11-02,3.2310000000000003,5,3.227,3.207
SW93.5L,2017-11-03,3.181,5,3.177,3.157
SW93.5L,2017-11-04,3.141,5,3.137,3.112
SW93.5L,2017-11-05,3.035,5,3.027,3.017
SW93.5L,2017-11-06,2.955,5,2.957,2.972
SW93.5L,2017-11-07,2.803,5,2.807,2.827
SW93.5L,2017-11-08,2.729,5,2.737,2.747
SW93.5L,2017-11-09,2.6130000000000004,5,2.617,2.612
SW93.5L,2017-11-10,2.467,5,2.467,2.452
SW93.5L,2017-11-11,2.317,5,2.317,2.3019999999999996
SW93.5L,2017-11-12,2.251,5,2.247,2.232
SW93.5L,2017-11-13,2.1950000000000003,5,2.197,2.197
SW93.5L,2017-11-14,2.1870000000000003,5,2.177,2.152
SW93.5L,2017-11-15,2.197,5,2.187,2.162
SW93.5L,2017-11-16,2.161,5,2.157,2.137
SW93.5L,2017-11-17,2.215,5,2.207,2.177
SW93.5L,2017-11-18,2.217,5,2.207,2.192
SW93.5L,2017-11-19,2.141,5,2.137,2.122
SW93.5L,2017-11-20,2.033,5,2.037,2.057
SW93.5L,2017-11-21,1.9129999999999998,5,1.917,1.942
SW93.5L,2017-11-22,1.8050000000000002,5,1.817,1.832
SW93.5L,2017-11-23,1.7469999999999999,5,1.757,1.772
SW93.5L,2017-11-24,1.717,5,1.717,1.7269999999999999
SW93.5L,2017-11-25,1.6829999999999998,5,1.687,1.692
SW93.5L,2017-11-26,1.655,5,1.657,1.672
SW93.5L,2017-11-27,1.623,5,1.617,1.617
SW93.5L,2017-11-28,1.591,5,1.587,1.592
SW93.5L,2017-11-29,1.577,5,1.577,1.562
SW93.5L,2017-11-30,1.6190000000000002,5,1.607,1.592
SW93.5L,2017-12-01,1.659,5,1.647,1.6219999999999999
SW93.5L,2017-12-02,1.7690000000000001,5,1.767,1.7469999999999999
SW93.5L,2017-12-03,1.823,5,1.817,1.802
SW93.5L,2017-12-04,1.859,5,1.847,1.8319999999999999
SW93.5L,2017-12-05,1.8649999999999998,5,1.857,1.8519999999999999
SW93.5L,2017-12-06,1.7850000000000001,5,1.797,1.8370000000000002
SW93.5L,2017-12-07,1.703,5,1.707,1.722
SW93.5L,2017-12-08,1.595,5,1.607,1.627
SW93.5L,2017-12-09,1.567,5,1.567,1.5619999999999998
SW93.5L,2017-12-10,1.653,5,1.657,1.662
SW93.5L,2017-12-11,1.643,5,1.647,1.642
SW93.5L,2017-12-12,1.5050000000000001,5,1.497,1.482
SW93.5L,2017-12-13,1.4449999999999998,5,1.437,1.422
SW93.5L,2017-12-14,1.433,5,1.427,1.417
SW93.5L,2017-12-15,1.431,5,1.427,1.427
SW93.5L,2017-12-16,1.405,5,1.397,1.392
SW93.5L,2017-12-17,1.4369999999999998,5,1.437,1.4220000000000002
SW93.5L,2017-12-18,1.4609999999999999,5,1.457,1.447
SW93.5L,2017-12-19,1.451,5,1.457,1.462
SW93.5L,2017-12-20,1.433,5,1.437,1.462
SW93.5L,2017-12-21,1.411,5,1.417,1.4420000000000002
SW93.5L,2017-12-22,1.403,5,1.407,1.4020000000000001
SW93.5L,2017-12-23,1.339,5,1.347,1.3519999999999999
SW93.5L,2017-12-24,1.2730000000000001,5,1.277,1.277
SW93.5L,2017-12-25,1.1629999999999998,5,1.177,1.197
SW93.5L,2017-12-26,1.097,5,1.107,1.132
SW93.5L,2017-12-27,1.0230000000000001,5,1.027,1.022
SW93.5L,2017-12-28,1.019,5,1.017,1.0070000000000001
SW93.5L,2017-12-29,1.085,5,1.067,1.032
SW93.5L,2017-12-30,1.125,5,1.117,1.112
SW93.5L,2017-12-31,1.2570000000000001,5,1.247,1.217
SW93.5L,2018-01-01,1.363,5,1.357,1.347
SW93.5L,2018-01-02,1.451,5,1.437,1.412
SW93.5L,2018-01-03,1.459,5,1.457,1.442
SW93.5L,2018-01-04,1.325,5,1.337,1.3519999999999999
SW93.5L,2018-01-05,1.225,5,1.237,1.252
SW93.5L,2018-01-06,1.181,5,1.187,1.187
SW93.5L,2018-01-07,1.075,5,1.087,1.127
SW93.5L,2018-01-08,0.875,5,0.877,0.8919999999999999
SW93.5L,2018-01-09,0.741,5,0.737,0.737
SW93.5L,2018-01-10,0.6849999999999999,5,0.687,0.682
SW93.5L,2018-01-11,0.673,5,0.657,0.632
SW93.5L,2018-01-12,0.687,5,0.677,0.662
SW93.5L,2018-01-13,0.7470000000000001,5,0.747,0.7370000000000001
SW93.5L,2018-01-14,0.765,5,0.767,0.7769999999999999
SW93.5L,2018-01-15,0.805,5,0.807,0.817
SW93.5L,2018-01-16,0.859,5,0.857,0.867
SW93.5L,2018-01-17,0.9049999999999999,5,0.907,0.912
SW93.5L,2018-01-18,0.9410000000000001,5,0.947,0.9670000000000001
SW93.5L,2018-01-19,0.917,5,0.927,0.9670000000000001
SW93.5L,2018-01-20,0.917,5,0.927,0.9670000000000001
SW93.5L,2018-01-21,0.891,5,0.897,0.917
SW93.5L,2018-01-22,0.8310000000000001,5,0.837,0.862
SW93.5L,2018-01-23,0.783,5,0.797,0.822
SW93.5L,2018-01-24,0.745,5,0.747,0.762
SW93.5L,2018-01-25,0.7150000000000001,5,0.717,0.7170000000000001
SW93.5L,2018-01-26,0.657,5,0.657,0.6719999999999999
SW93.5L,2018-01-27,0.609,5,0.607,0.607
SW93.5L,2018-01-28,0.625,5,0.617,0.602
SW93.5L,2018-01-29,0.703,5,0.697,0.687
SW93.5L,2018-01-30,0.837,5,0.827,0.817
SW93.5L,2018-01-31,0.975,5,0.967,0.952
SW93.5L,2018-02-01,1.0710000000000002,5,1.067,1.0670000000000002
SW93.5L,2018-02-02,1.125,5,1.147,1.202
SW93.5L,2018-02-03,1.077,5,1.087,1.122
SW93.5L,2018-02-04,1.035,5,1.047,1.077
SW93.5L,2018-02-05,0.953,5,0.967,0.997
SW93.5L,2018-02-06,0.8629999999999999,5,0.877,0.912
SW93.5L,2018-02-07,0.795,5,0.807,0.832
SW93.5L,2018-02-08,0.683,5,0.697,0.7270000000000001
SW93.5L,2018-02-09,0.653,5,0.647,0.632
SW93.5L,2018-02-10,0.567,5,0.567,0.572
SW93.5L,2018-02-11,0.515,5,0.517,0.522
SW93.5L,2018-02-12,0.48699999999999993,5,0.487,0.477
SW93.5L,2018-02-13,0.517,5,0.517,0.512
SW93.5L,2018-02-14,0.575,5,0.577,0.582
SW93.5L,2018-02-15,0.647,5,0.647,0.6619999999999999
SW93.5L,2018-02-16,0.647,5,0.657,0.6819999999999999
SW93.5L,2018-02-17,0.6829999999999999,5,0.697,0.722
SW93.5L,2018-02-18,0.783,5,0.797,0.8320000000000001
SW93.5L,2018-02-19,0.7809999999999999,5,0.797,0.837
SW93.5L,2018-02-20,0.791,5,0.797,0.817
SW93.5L,2018-02-21,0.7369999999999999,5,0.747,0.7769999999999999
SW93.5L,2018-02-22,0.713,5,0.717,0.737
SW93.5L,2018-02-23,0.6689999999999999,5,0.677,0.702
SW93.5L,2018-02-24,0.617,5,0.617,0.622
SW93.5L,2018-02-25,0.553,5,0.547,0.527
SW93.5L,2018-02-26,0.603,5,0.597,0.577
SW93.5L,2018-02-27,0.7310000000000001,5,0.727,0.717
SW93.5L,2018-02-28,0.8150000000000001,5,0.807,0.792
SW93.5L,2018-03-01,0.899,5,0.887,0.8720000000000001
SW93.5L,2018-03-02,1.011,5,1.007,1.002
SW93.5L,2018-03-03,1.053,5,1.057,1.0670000000000002
SW93.5L,2018-03-04,1.089,5,1.097,1.112
SW93.5L,2018-03-05,1.013,5,1.037,1.082
SW93.5L,2018-03-06,0.8550000000000001,5,0.877,0.9420000000000001
SW93.5L,2018-03-07,0.7729999999999999,5,0.787,0.827
SW93.5L,2018-03-08,0.623,5,0.637,0.672
SW93.5L,2018-03-09,0.503,5,0.507,0.527
SW93.5L,2018-03-10,0.421,5,0.427,0.42699999999999994
SW93.5L,2018-03-11,0.41100000000000003,5,0.407,0.392
SW93.5L,2018-03-12,0.48100000000000004,5,0.477,0.46199999999999997
SW93.5L,2018-03-13,0.597,5,0.587,0.5720000000000001
SW93.5L,2018-03-14,0.6529999999999999,5,0.647,0.647
SW93.5L,2018-03-15,0.765,5,0.757,0.752
SW93.5L,2018-03-16,0.8870000000000001,5,0.887,0.887
SW93.5L,2018-03-17,0.999,5,0.997,0.982
SW93.5L,2018-03-18,1.009,5,1.017,1.042
SW93.5L,2018-03-19,0.9630000000000001,5,0.987,1.032
SW93.5L,2018-03-20,0.931,5,0.947,1.002
SW93.5L,2018-03-21,0.9269999999999999,5,0.937,0.9520000000000001
SW93.5L,2018-03-22,0.877,5,0.887,0.927
SW93.5L,2018-03-23,0.8310000000000001,5,0.847,0.872
SW93.5L,2018-03-24,0.763,5,0.777,0.8069999999999999
SW93.5L,2018-03-25,0.665,5,0.667,0.657
SW93.5L,2018-03-26,0.629,5,0.627,0.612
SW93.5L,2018-03-27,0.725,5,0.707,0.662
SW93.5L,2018-03-28,0.825,5,0.817,0.802
SW93.5L,2018-03-29,0.9289999999999999,5,0.917,0.897
SW93.5L,2018-03-30,1.077,5,1.067,1.042
SW93.5L,2018-03-31,1.157,5,1.147,1.112
SW93.5L,2018-04-01,1.131,5,1.127,1.117
SW93.5L,2018-04-02,0.9950000000000001,5,1.017,1.067
SW93.5L,2018-04-03,0.915,5,0.937,0.997
SW93.5L,2018-04-04,0.915,5,0.927,0.967
SW93.5L,2018-04-05,0.9189999999999999,5,0.937,0.972
SW93.5L,2018-04-06,0.907,5,0.917,0.932
SW93.5L,2018-04-07,0.841,5,0.847,0.867
SW93.5L,2018-04-08,0.7310000000000001,5,0.737,0.747
SW93.5L,2018-04-09,0.7310000000000001,5,0.727,0.727
SW93.5L,2018-04-10,0.6930000000000001,5,0.687,0.657
SW93.5L,2018-04-11,0.735,5,0.727,0.702
SW93.5L,2018-04-12,0.759,5,0.757,0.737
SW93.5L,2018-04-13,0.8009999999999999,5,0.787,0.7669999999999999
SW93.5L,2018-04-14,0.909,5,0.897,0.872
SW93.5L,2018-04-15,1.0310000000000001,5,1.017,0.967
SW93.5L,2018-04-16,1.185,5,1.167,1.117
SW93.5L,2018-04-17,1.271,5,1.257,1.232
SW93.5L,2018-04-18,1.2449999999999999,5,1.257,1.2770000000000001
SW93.5L,2018-04-19,1.325,5,1.347,1.392
SW93.5L,2018-04-20,1.371,5,1.387,1.432
SW93.5L,2018-04-21,1.363,5,1.377,1.417
SW93.5L,2018-04-22,1.351,5,1.357,1.3719999999999999
SW93.5L,2018-04-23,1.301,5,1.307,1.307
SW93.5L,2018-04-24,1.2550000000000001,5,1.247,1.222
SW93.5L,2018-04-25,1.2650000000000001,5,1.257,1.2469999999999999
SW93.5L,2018-04-26,1.327,5,1.327,1.312
SW93.5L,2018-04-27,1.347,5,1.337,1.3119999999999998
SW93.5L,2018-04-28,1.385,5,1.377,1.347
SW93.5L,2018-04-29,1.453,5,1.437,1.4020000000000001
SW93.5L,2018-04-30,1.511,5,1.507,1.492
SW93.5L,2018-05-01,1.541,5,1.547,1.572
SW93.5L,2018-05-02,1.551,5,1.557,1.5819999999999999
SW93.5L,2018-05-03,1.529,5,1.537,1.557
SW93.5L,2018-05-04,1.533,5,1.547,1.5670000000000002
SW93.5L,2018-05-05,1.549,5,1.557,1.582
SW93.5L,2018-05-06,1.529,5,1.537,1.562
SW93.5L,2018-05-07,1.5210000000000001,5,1.527,1.532
SW93.5L,2018-05-08,1.527,5,1.517,1.4969999999999999
SW93.5L,2018-05-09,1.4869999999999999,5,1.477,1.467
SW93.5L,2018-05-10,1.4689999999999999,5,1.457,1.442
SW93.5L,2018-05-11,1.4449999999999998,5,1.447,1.447
SW93.5L,2018-05-12,1.573,5,1.567,1.567
SW93.5L,2018-05-13,1.6809999999999998,5,1.677,1.667
SW93.5L,2018-05-14,1.8670000000000002,5,1.857,1.847
SW93.5L,2018-05-15,1.975,5,1.967,1.932
SW93.5L,2018-05-16,2.059,5,2.047,2.012
SW93.5L,2018-05-17,2.037,5,2.047,2.0620000000000003
SW93.5L,2018-05-18,2.069,5,2.077,2.112
SW93.5L,2018-05-19,2.093,5,2.097,2.117
SW93.5L,2018-05-20,2.041,5,2.057,2.082
SW93.5L,2018-05-21,2.025,5,2.027,2.042
SW93.5L,2018-05-22,1.9489999999999998,5,1.947,1.947
SW93.5L,2018-05-23,1.875,5,1.867,1.852
SW93.5L,2018-05-24,1.831,5,1.827,1.807
SW93.5L,2018-05-25,1.829,5,1.817,1.802
SW93.5L,2018-05-26,1.8810000000000002,5,1.877,1.862
SW93.5L,2018-05-27,1.9009999999999998,5,1.887,1.867
SW93.5L,2018-05-28,1.957,5,1.947,1.937
SW93.5L,2018-05-29,2.1130000000000004,5,2.107,2.077
SW93.5L,2018-05-30,2.2030000000000003,5,2.197,2.177
SW93.5L,2018-05-31,2.441,5,2.437,2.422
SW93.5L,2018-06-01,2.565,5,2.567,2.5869999999999997
SW93.5L,2018-06-02,2.653,5,2.657,2.652
SW93.5L,2018-06-03,2.661,5,2.647,2.607
SW93.5L,2018-06-04,2.805,5,2.807,2.807
SW93.5L,2018-06-05,2.807,5,2.807,2.817
SW93.5L,2018-06-06,2.705,5,2.697,2.6870000000000003
SW93.5L,2018-06-07,2.593,5,2.597,2.5919999999999996
SW93.5L,2018-06-08,2.525,5,2.517,2.512
SW93.5L,2018-06-09,2.4829999999999997,5,2.477,2.472
SW93.5L,2018-06-10,2.441,5,2.437,2.412
SW93.5L,2018-06-11,2.455,5,2.457,2.472
SW93.5L,2018-06-12,2.597,5,2.587,2.5620000000000003
SW93.5L,2018-06-13,2.751,5,2.737,2.7119999999999997
SW93.5L,2018-06-14,2.785,5,2.767,2.732
SW93.5L,2018-06-15,2.807,5,2.807,2.792
SW93.5L,2018-06-16,2.849,5,2.847,2.8520000000000003
SW93.5L,2018-06-17,2.855,5,2.867,2.887
SW93.5L,2018-06-18,2.915,5,2.917,2.9320000000000004
SW93.5L,2018-06-19,3.0789999999999997,5,3.077,3.057
SW93.5L,2018-06-20,3.2310000000000003,5,3.237,3.237
SW93.5L,2018-06-21,3.435,5,3.427,3.407
SW93.5L,2018-06-22,3.533,5,3.527,3.527
SW93.5L,2018-06-23,3.593,5,3.587,3.5869999999999997
SW93.5L,2018-06-24,3.589,5,3.587,3.5869999999999997
SW93.5L,2018-06-25,3.569,5,3.557,3.542
SW93.5L,2018-06-26,3.533,5,3.527,3.5069999999999997
SW93.5L,2018-06-27,3.6350000000000002,5,3.627,3.602
SW93.5L,2018-06-28,3.711,5,3.707,3.702
SW93.5L,2018-06-29,3.6130000000000004,5,3.617,3.622
SW93.5L,2018-06-30,3.529,5,3.537,3.5469999999999997
SW93.5L,2018-07-01,3.497,5,3.497,3.5069999999999997
SW93.5L,2018-07-02,3.527,5,3.527,3.532
SW93.5L,2018-07-03,3.585,5,3.587,3.592
SW93.5L,2018-07-04,3.6770000000000005,5,3.677,3.667
SW93.5L,2018-07-05,3.761,5,3.757,3.747
SW93.5L,2018-07-06,3.875,5,3.867,3.862
SW93.5L,2018-07-07,4.069,5,4.067,4.061999999999999
SW93.5L,2018-07-08,4.207,5,4.207,4.212
SW93.5L,2018-07-09,4.335,5,4.327,4.327
SW93.5L,2018-07-10,4.369,5,4.367,4.377
SW93.5L,2018-07-11,4.349,5,4.347,4.3420000000000005
SW93.5L,2018-07-12,4.321,5,4.317,4.302
SW93.5L,2018-07-13,4.303,5,4.297,4.297000000000001
SW93.5L,2018-07-14,4.271,5,4.277,4.287
SW93.5L,2018-07-15,4.297,5,4.307,4.317
SW93.5L,2018-07-16,4.349,5,4.357,4.372
SW93.5L,2018-07-17,4.3469999999999995,5,4.347,4.3469999999999995
SW93.5L,2018-07-18,4.253,5,4.267,4.292
SW93.5L,2018-07-19,4.161,5,4.167,4.167
SW93.5L,2018-07-20,4.079,5,4.067,4.052
SW93.5L,2018-07-21,4.111,5,4.107,4.102
SW93.5L,2018-07-22,4.137,5,4.127,4.117
SW93.5L,2018-07-23,4.0489999999999995,5,4.037,4.022
SW93.5L,2018-07-24,3.969,5,3.967,3.952
SW93.5L,2018-07-25,3.9850000000000003,5,3.977,3.952
SW93.5L,2018-07-26,3.947,5,3.947,3.932
SW93.5L,2018-07-27,3.9269999999999996,5,3.927,3.912
SW93.5L,2018-07-28,3.9189999999999996,5,3.907,3.882
SW93.5L,2018-07-29,3.957,5,3.957,3.972
SW93.5L,2018-07-30,3.971,5,3.977,3.987
SW93.5L,2018-07-31,4.011,5,4.017,4.027
SW93.5L,2018-08-01,4.077,5,4.077,4.077
SW93.5L,2018-08-02,4.131,5,4.127,4.122
SW93.5L,2018-08-03,4.225,5,4.217,4.212
SW93.5L,2018-08-04,4.359,5,4.357,4.357
SW93.5L,2018-08-05,4.407,5,4.407,4.412000000000001
SW93.5L,2018-08-06,4.439,5,4.447,4.457
SW93.5L,2018-08-07,4.553,5,4.567,4.587
SW93.5L,2018-08-08,4.665,5,4.667,4.677
SW93.5L,2018-08-09,4.7170000000000005,5,4.717,4.7219999999999995
SW93.5L,2018-08-10,4.725,5,4.717,4.707000000000001
SW93.5L,2018-08-11,4.721,5,4.717,4.707000000000001
SW93.5L,2018-08-12,4.715,5,4.717,4.7170000000000005
SW93.5L,2018-08-13,4.726999999999999,5,4.727,4.737
SW93.5L,2018-08-14,4.675,5,4.697,4.742
SW93.5L,2018-08-15,4.761,5,4.767,4.772
SW93.5L,2018-08-16,4.771,5,4.777,4.787
SW93.5L,2018-08-17,4.661,5,4.667,4.687
SW93.5L,2018-08-18,4.557,5,4.557,4.561999999999999
SW93.5L,2018-08-19,4.505,5,4.497,4.481999999999999
SW93.5L,2018-08-20,4.507,5,4.507,4.522
SW93.5L,2018-08-21,4.5009999999999994,5,4.487,4.462
SW93.5L,2018-08-22,4.436999999999999,5,4.437,4.422000000000001
SW93.5L,2018-08-23,4.389,5,4.387,4.382
SW93.5L,2018-08-24,4.321,5,4.317,4.322
SW93.5L,2018-08-25,4.293,5,4.287,4.287
SW93.5L,2018-08-26,4.319,5,4.317,4.321999999999999
SW93.5L,2018-08-27,4.385,5,4.387,4.407
SW93.5L,2018-08-28,4.415000000000001,5,4.417,4.432
SW93.5L,2018-08-29,4.421,5,4.427,4.437
SW93.5L,2018-08-30,4.411,5,4.417,4.422
SW93.5L,2018-08-31,4.393,5,4.387,4.3870000000000005
SW93.5L,2018-09-01,4.4030000000000005,5,4.407,4.417
SW93.5L,2018-09-02,4.468999999999999,5,4.467,4.4670000000000005
SW93.5L,2018-09-03,4.507,5,4.507,4.507
SW93.5L,2018-09-04,4.4670000000000005,5,4.467,4.4670000000000005
SW93.5L,2018-09-05,4.497,5,4.497,4.507
SW93.5L,2018-09-06,4.633,5,4.637,4.662
SW93.5L,2018-09-07,4.693,5,4.697,4.7170000000000005
SW93.5L,2018-09-08,4.731,5,4.727,4.7219999999999995
SW93.5L,2018-09-09,4.721,5,4.727,4.727
SW93.5L,2018-09-10,4.757,5,4.757,4.757
SW93.5L,2018-09-11,4.755,5,4.767,4.782
SW93.5L,2018-09-12,4.781000000000001,5,4.787,4.787
SW93.5L,2018-09-13,4.833,5,4.837,4.837
SW93.5L,2018-09-14,4.917,5,4.917,4.917
SW93.5L,2018-09-15,4.951,5,4.947,4.937
SW93.5L,2018-09-16,4.983,5,4.977,4.977
SW93.5L,2018-09-17,5.017,5,5.007,5.002000000000001
SW93.5L,2018-09-18,5.079,5,5.077,5.077
SW93.5L,2018-09-19,5.095000000000001,5,5.097,5.0969999999999995
SW93.5L,2018-09-20,5.111,5,5.117,5.117
SW93.5L,2018-09-21,5.151,5,5.147,5.1419999999999995
SW93.5L,2018-09-22,4.9670000000000005,5,4.967,4.9719999999999995
SW93.5L,2018-09-23,4.718999999999999,5,4.717,4.702
SW93.5L,2018-09-24,4.476999999999999,5,4.477,4.477
SW93.5L,2018-09-25,4.233,5,4.237,4.232
SW93.5L,2018-09-26,4.043,5,4.047,4.057
SW93.5L,2018-09-27,3.871,5,3.877,3.907
SW93.5L,2018-09-28,3.8289999999999997,5,3.837,3.8569999999999998
SW93.5L,2018-09-29,3.815,5,3.817,3.827
SW93.5L,2018-09-30,3.7670000000000003,5,3.767,3.757
SW93.5L,2018-10-01,3.6730000000000005,5,3.687,3.717
SW93.5L,2018-10-02,3.507,5,3.497,3.487
SW93.5L,2018-10-03,3.367,5,3.367,3.357
SW93.5L,2018-10-04,3.289,5,3.297,3.307
SW93.5L,2018-10-05,3.221,5,3.217,3.202
SW93.5L,2018-10-06,3.2049999999999996,5,3.197,3.1719999999999997
SW93.5L,2018-10-07,3.183,5,3.187,3.1820000000000004
SW93.5L,2018-10-08,3.1710000000000003,5,3.167,3.162
SW93.5L,2018-10-09,3.2729999999999997,5,3.267,3.257
SW93.5L,2018-10-10,3.2769999999999997,5,3.277,3.2720000000000002
SW93.5L,2018-10-11,3.3009999999999997,5,3.307,3.322
SW93.5L,2018-10-12,3.2590000000000003,5,3.267,3.292
SW93.5L,2018-10-13,3.1350000000000002,5,3.147,3.167
SW93.5L,2018-10-14,3.031,5,3.027,3.032
SW93.5L,2018-10-15,2.7689999999999997,5,2.767,2.777
SW93.5L,2018-10-16,2.599,5,2.597,2.607
SW93.5L,2018-10-17,2.447,5,2.447,2.4370000000000003
SW93.5L,2018-10-18,2.341,5,2.337,2.327
SW93.5L,2018-10-19,2.347,5,2.337,2.327
SW93.5L,2018-10-20,2.3609999999999998,5,2.357,2.342
SW93.5L,2018-10-21,2.423,5,2.407,2.377
SW93.5L,2018-10-22,2.455,5,2.447,2.427
SW93.5L,2018-10-23,2.521,5,2.517,2.497
SW93.5L,2018-10-24,2.521,5,2.517,2.502
SW93.5L,2018-10-25,2.4989999999999997,5,2.497,2.482
SW93.5L,2018-10-26,2.457,5,2.457,2.457
SW93.5L,2018-10-27,2.397,5,2.397,2.412
SW93.5L,2018-10-28,2.3689999999999998,5,2.367,2.372
SW93.5L,2018-10-29,2.287,5,2.287,2.2969999999999997
SW93.5L,2018-10-30,2.251,5,2.247,2.252
SW93.5L,2018-10-31,2.179,5,2.187,2.197
SW93.5L,2018-11-01,2.1109999999999998,5,2.117,2.117
SW93.5L,2018-11-02,2.011,5,2.007,2.002
SW93.5L,2018-11-03,2.021,5,2.027,2.032
SW93.5L,2018-11-04,2.035,5,2.027,2.002
SW93.5L,2018-11-05,2.065,5,2.057,2.032
SW93.5L,2018-11-06,2.1049999999999995,5,2.097,2.082
SW93.5L,2018-11-07,2.067,5,2.067,2.057
SW93.5L,2018-11-08,1.989,5,1.987,1.9969999999999999
SW93.5L,2018-11-09,1.951,5,1.947,1.952
SW93.5L,2018-11-10,1.925,5,1.927,1.947
SW93.5L,2018-11-11,1.8850000000000002,5,1.897,1.927
SW93.5L,2018-11-12,1.8350000000000002,5,1.837,1.8570000000000002
SW93.5L,2018-11-13,1.8489999999999998,5,1.847,1.8370000000000002
SW93.5L,2018-11-14,1.829,5,1.827,1.812
SW93.5L,2018-11-15,1.7890000000000001,5,1.787,1.7970000000000002
SW93.5L,2018-11-16,1.723,5,1.717,1.712
SW93.5L,2018-11-17,1.6649999999999998,5,1.667,1.672
SW93.5L,2018-11-18,1.627,5,1.627,1.617
SW93.5L,2018-11-19,1.623,5,1.617,1.602
SW93.5L,2018-11-20,1.645,5,1.637,1.617
SW93.5L,2018-11-21,1.709,5,1.707,1.687
SW93.5L,2018-11-22,1.735,5,1.727,1.7069999999999999
SW93.5L,2018-11-23,1.809,5,1.797,1.772
SW93.5L,2018-11-24,1.8650000000000002,5,1.867,1.857
SW93.5L,2018-11-25,1.921,5,1.927,1.9420000000000002
SW93.5L,2018-11-26,1.9170000000000003,5,1.927,1.952
SW93.5L,2018-11-27,1.873,5,1.877,1.8820000000000001
SW93.5L,2018-11-28,1.799,5,1.807,1.812
SW93.5L,2018-11-29,1.685,5,1.687,1.6920000000000002
SW93.5L,2018-11-30,1.6010000000000002,5,1.597,1.597
SW93.5L,2018-12-01,1.5210000000000001,5,1.517,1.517
SW93.5L,2018-12-02,1.4849999999999999,5,1.477,1.472
SW93.5L,2018-12-03,1.4849999999999999,5,1.477,1.462
SW93.5L,2018-12-04,1.4809999999999999,5,1.477,1.462
SW93.5L,2018-12-05,1.5050000000000001,5,1.497,1.482
SW93.5L,2018-12-06,1.5070000000000001,5,1.497,1.487
SW93.5L,2018-12-07,1.487,5,1.487,1.472
SW93.5L,2018-12-08,1.411,5,1.417,1.432
SW93.5L,2018-12-09,1.377,5,1.387,1.4020000000000001
SW93.5L,2018-12-10,1.351,5,1.357,1.387
SW93.5L,2018-12-11,1.3130000000000002,5,1.327,1.347
SW93.5L,2018-12-12,1.279,5,1.287,1.297
SW93.5L,2018-12-13,1.221,5,1.227,1.242
SW93.5L,2018-12-14,1.141,5,1.147,1.157
SW93.5L,2018-12-15,1.059,5,1.067,1.072
SW93.5L,2018-12-16,0.983,5,0.987,0.992
SW93.5L,2018-12-17,0.931,5,0.927,0.907
SW93.5L,2018-12-18,0.923,5,0.917,0.9119999999999999
SW93.5L,2018-12-19,1.013,5,1.007,0.982
SW93.5L,2018-12-20,1.0530000000000002,5,1.047,1.022
SW93.5L,2018-12-21,1.137,5,1.137,1.152
SW93.5L,2018-12-22,1.2189999999999999,5,1.227,1.232
SW93.5L,2018-12-23,1.315,5,1.317,1.3119999999999998
SW93.5L,2018-12-24,1.365,5,1.357,1.3519999999999999
SW93.5L,2018-12-25,1.361,5,1.367,1.392
SW93.5L,2018-12-26,1.321,5,1.327,1.357
SW93.5L,2018-12-27,1.2269999999999999,5,1.237,1.267
SW93.5L,2018-12-28,1.167,5,1.167,1.182
SW93.5L,2018-12-29,1.061,5,1.067,1.072
SW93.5L,2018-12-30,0.9410000000000001,5,0.937,0.9319999999999999
SW93.5L,2018-12-31,0.9109999999999999,5,0.907,0.882
SW93.5L,2019-01-01,0.9390000000000001,5,0.937,0.9319999999999999
SW93.5L,2019-01-02,0.959,5,0.957,0.9570000000000001
SW93.5L,2019-01-03,0.9789999999999999,5,0.977,0.9770000000000001
SW93.5L,2019-01-04,0.9730000000000001,5,0.967,0.9570000000000001
SW93.5L,2019-01-05,0.933,5,0.937,0.937
SW93.5L,2019-01-06,0.9410000000000001,5,0.947,0.9570000000000001
SW93.5L,2019-01-07,0.977,5,0.977,0.992
SW93.5L,2019-01-08,1.0150000000000001,5,1.017,1.037
SW93.5L,2019-01-09,0.993,5,1.007,1.037
SW93.5L,2019-01-10,0.999,5,1.007,1.012
SW93.5L,2019-01-11,0.9349999999999999,5,0.937,0.9570000000000001
SW93.5L,2019-01-12,0.851,5,0.857,0.882
SW93.5L,2019-01-13,0.7809999999999999,5,0.787,0.8119999999999999
SW93.5L,2019-01-14,0.725,5,0.727,0.722
SW93.5L,2019-01-15,0.689,5,0.687,0.677
SW93.5L,2019-01-16,0.591,5,0.597,0.602
SW93.5L,2019-01-17,0.593,5,0.597,0.592
SW93.5L,2019-01-18,0.6689999999999999,5,0.667,0.6519999999999999
SW93.5L,2019-01-19,0.729,5,0.727,0.732
SW93.5L,2019-01-20,0.8109999999999999,5,0.807,0.7869999999999999
SW93.5L,2019-01-21,0.931,5,0.927,0.9269999999999999
SW93.5L,2019-01-22,0.977,5,0.987,0.997
SW93.5L,2019-01-23,1.041,5,1.047,1.072
SW93.5L,2019-01-24,1.017,5,1.037,1.087
SW93.5L,2019-01-25,0.9490000000000001,5,0.957,0.987
SW93.5L,2019-01-26,0.8150000000000001,5,0.827,0.872
SW93.5L,2019-01-27,0.725,5,0.737,0.7669999999999999
SW93.5L,2019-01-28,0.579,5,0.577,0.572
SW93.5L,2019-01-29,0.433,5,0.437,0.43699999999999994
SW93.5L,2019-01-30,0.333,5,0.337,0.352
SW93.5L,2019-01-31,0.305,5,0.307,0.302
SW93.5L,2019-02-01,0.40700000000000003,5,0.407,0.41200000000000003
SW93.5L,2019-02-02,0.515,5,0.507,0.502
SW93.5L,2019-02-03,0.5549999999999999,5,0.547,0.542
SW93.5L,2019-02-04,0.537,5,0.537,0.552
SW93.5L,2019-02-05,0.533,5,0.537,0.537
SW93.5L,2019-02-06,0.583,5,0.597,0.622
SW93.5L,2019-02-07,0.623,5,0.637,0.6819999999999999
SW93.5L,2019-02-08,0.661,5,0.677,0.702
SW93.5L,2019-02-09,0.631,5,0.637,0.657
SW93.5L,2019-02-10,0.5589999999999999,5,0.567,0.582
SW93.5L,2019-02-11,0.449,5,0.457,0.487
SW93.5L,2019-02-12,0.39899999999999997,5,0.407,0.432
SW93.5L,2019-02-13,0.341,5,0.347,0.367
SW93.5L,2019-02-14,0.327,5,0.327,0.317
SW93.5L,2019-02-15,0.355,5,0.347,0.33199999999999996
SW93.5L,2019-02-16,0.403,5,0.397,0.38699999999999996
SW93.5L,2019-02-17,0.5269999999999999,5,0.527,0.512
SW93.5L,2019-02-18,0.743,5,0.737,0.712
SW93.5L,2019-02-19,0.877,5,0.867,0.8520000000000001
SW93.5L,2019-02-20,0.951,5,0.947,0.952
SW93.5L,2019-02-21,0.959,5,0.967,0.997
SW93.5L,2019-02-22,0.899,5,0.917,0.952
SW93.5L,2019-02-23,0.881,5,0.897,0.9269999999999999
SW93.5L,2019-02-24,0.8150000000000001,5,0.827,0.847
SW93.5L,2019-02-25,0.689,5,0.697,0.732
SW93.5L,2019-02-26,0.613,5,0.617,0.632
SW93.5L,2019-02-27,0.503,5,0.507,0.512
SW93.5L,2019-02-28,0.45099999999999996,5,0.447,0.43699999999999994
SW93.5L,2019-03-01,0.43099999999999994,5,0.427,0.427
SW93.5L,2019-03-02,0.40099999999999997,5,0.397,0.39699999999999996
SW93.5L,2019-03-03,0.379,5,0.377,0.387
SW93.5L,2019-03-04,0.517,5,0.517,0.522
SW93.5L,2019-03-05,0.643,5,0.647,0.652
SW93.5L,2019-03-06,0.771,5,0.777,0.792
SW93.5L,2019-03-07,0.8009999999999999,5,0.807,0.837
SW93.5L,2019-03-08,0.7729999999999999,5,0.787,0.8320000000000001
SW93.5L,2019-03-09,0.7729999999999999,5,0.787,0.8320000000000001
SW93.5L,2019-03-10,0.7929999999999999,5,0.807,0.827
SW93.5L,2019-03-11,0.805,5,0.817,0.847
SW93.5L,2019-03-12,0.757,5,0.767,0.8069999999999999
SW93.5L,2019-03-13,0.717,5,0.727,0.762
SW93.5L,2019-03-14,0.665,5,0.667,0.6819999999999999
SW93.5L,2019-03-15,0.571,5,0.567,0.572
SW93.5L,2019-03-16,0.515,5,0.517,0.517
SW93.5L,2019-03-17,0.579,5,0.567,0.552
SW93.5L,2019-03-18,0.579,5,0.567,0.552
SW93.5L,2019-03-19,0.763,5,0.747,0.717
SW93.5L,2019-03-20,0.9789999999999999,5,0.967,0.927
SW93.5L,2019-03-21,1.1350000000000002,5,1.127,1.102
SW93.5L,2019-03-22,1.1969999999999998,5,1.197,1.212
SW93.5L,2019-03-23,1.129,5,1.147,1.177
SW93.5L,2019-03-24,1.057,5,1.077,1.142
SW93.5L,2019-03-25,0.923,5,0.947,0.997
SW93.5L,2019-03-26,0.923,5,0.947,0.997
SW93.5L,2019-03-27,0.643,5,0.647,0.672
SW93.5L,2019-03-28,0.629,5,0.627,0.637
SW93.5L,2019-03-29,0.5890000000000001,5,0.587,0.567
SW93.5L,2019-03-30,0.585,5,0.587,0.577
SW93.5L,2019-03-31,0.723,5,0.717,0.692
SW93.5L,2019-04-01,0.8949999999999999,5,0.887,0.867
SW93.5L,2019-04-02,0.9390000000000001,5,0.927,0.912
SW93.5L,2019-04-03,1.043,5,1.027,0.9969999999999999
SW93.5L,2019-04-04,1.091,5,1.087,1.067
SW93.5L,2019-04-05,1.137,5,1.127,1.107
SW93.5L,2019-04-06,1.2109999999999999,5,1.207,1.2069999999999999
SW93.5L,2019-04-07,1.117,5,1.127,1.167
SW93.5L,2019-04-08,1.135,5,1.157,1.202
SW93.5L,2019-04-09,1.181,5,1.187,1.202
SW93.5L,2019-04-10,1.133,5,1.137,1.152
SW93.5L,2019-04-11,1.029,5,1.037,1.072
SW93.5L,2019-04-12,1.0310000000000001,5,1.037,1.052
SW93.5L,2019-04-13,0.9869999999999999,5,0.987,0.977
SW93.5L,2019-04-14,0.961,5,0.957,0.937
SW93.5L,2019-04-15,0.991,5,0.987,0.9670000000000001
SW93.5L,2019-04-16,1.061,5,1.057,1.0419999999999998
SW93.5L,2019-04-17,1.1469999999999998,5,1.127,1.092
SW93.5L,2019-04-18,1.223,5,1.207,1.182
SW93.5L,2019-04-19,1.275,5,1.257,1.222
SW93.5L,2019-04-20,1.295,5,1.287,1.277
SW93.5L,2019-04-21,1.307,5,1.317,1.3519999999999999
SW93.5L,2019-04-22,1.201,5,1.217,1.242
SW93.5L,2019-04-23,1.1789999999999998,5,1.187,1.207
SW93.5L,2019-04-24,1.093,5,1.107,1.132
SW93.5L,2019-04-25,1.029,5,1.037,1.062
SW93.5L,2019-04-26,1.0210000000000001,5,1.027,1.032
SW93.5L,2019-04-27,1.053,5,1.047,1.0470000000000002
SW93.5L,2019-04-28,1.143,5,1.137,1.137
SW93.5L,2019-04-29,1.2189999999999999,5,1.217,1.217
SW93.5L,2019-04-30,1.3130000000000002,5,1.307,1.292
SW93.5L,2019-05-01,1.399,5,1.397,1.3820000000000001
SW93.5L,2019-05-02,1.5150000000000001,5,1.507,1.492
SW93.5L,2019-05-03,1.6810000000000003,5,1.687,1.702
SW93.5L,2019-05-04,2.283,5,2.277,2.252
SW93.5L,2019-05-05,2.039,5,2.027,2.007
SW93.5L,2019-05-06,2.027,5,2.027,2.032
SW93.5L,2019-05-07,2.075,5,2.087,2.1020000000000003
SW93.5L,2019-05-08,2.159,5,2.167,2.182
SW93.5L,2019-05-09,2.2489999999999997,5,2.247,2.242
SW93.5L,2019-05-10,2.415,5,2.417,2.417
SW93.5L,2019-05-11,2.435,5,2.437,2.447
SW93.5L,2019-05-12,2.445,5,2.437,2.4320000000000004
SW93.5L,2019-05-13,2.499,5,2.497,2.492
SW93.5L,2019-05-14,2.561,5,2.557,2.537
SW93.5L,2019-05-15,2.539,5,2.527,2.507
SW93.5L,2019-05-16,2.559,5,2.547,2.527
SW93.5L,2019-05-17,2.593,5,2.587,2.557
SW93.5L,2019-05-18,2.757,5,2.747,2.737
SW93.5L,2019-05-19,2.8649999999999998,5,2.867,2.857
SW93.5L,2019-05-20,2.873,5,2.867,2.867
SW93.5L,2019-05-21,2.819,5,2.827,2.832
SW93.5L,2019-05-22,2.729,5,2.737,2.752
SW93.5L,2019-05-23,2.597,5,2.607,2.622
SW93.5L,2019-05-24,2.571,5,2.577,2.577
SW93.5L,2019-05-25,2.589,5,2.597,2.602
SW93.5L,2019-05-26,2.519,5,2.517,2.517
SW93.5L,2019-05-27,2.457,5,2.457,2.467
SW93.5L,2019-05-28,2.467,5,2.457,2.442
SW93.5L,2019-05-29,2.487,5,2.487,2.4770000000000003
SW93.5L,2019-05-30,2.491,5,2.487,2.4720000000000004
SW93.5L,2019-05-31,2.477,5,2.477,2.4619999999999997
SW93.5L,2019-06-01,2.525,5,2.517,2.497
SW93.5L,2019-06-02,2.581,5,2.577,2.552
SW93.5L,2019-06-03,2.689,5,2.687,2.667
SW93.5L,2019-06-04,2.749,5,2.747,2.7569999999999997
SW93.5L,2019-06-05,2.815,5,2.807,2.792
SW93.5L,2019-06-06,2.707,5,2.717,2.737
SW93.5L,2019-06-07,2.673,5,2.677,2.682
SW93.5L,2019-06-08,2.619,5,2.627,2.6420000000000003
SW93.5L,2019-06-09,2.551,5,2.557,2.567
SW93.5L,2019-06-10,2.465,5,2.457,2.442
SW93.5L,2019-06-11,2.3850000000000002,5,2.377,2.3520000000000003
SW93.5L,2019-06-12,2.3329999999999997,5,2.327,2.3019999999999996
SW93.5L,2019-06-13,2.3609999999999998,5,2.357,2.362
SW93.5L,2019-06-14,2.4210000000000003,5,2.417,2.417
SW93.5L,2019-06-15,2.557,5,2.567,2.577
SW93.5L,2019-06-16,2.679,5,2.667,2.652
SW93.5L,2019-06-17,2.7969999999999997,5,2.787,2.772
SW93.5L,2019-06-18,2.871,5,2.867,2.867
SW93.5L,2019-06-19,2.831,5,2.837,2.847
SW93.5L,2019-06-20,2.855,5,2.867,2.887
SW93.5L,2019-06-21,2.989,5,2.987,2.992
SW93.5L,2019-06-22,3.0469999999999997,5,3.057,3.072
SW93.5L,2019-06-23,3.007,5,3.007,3.012
SW93.5L,2019-06-24,3.025,5,3.027,3.037
SW93.5L,2019-06-25,3.107,5,3.107,3.0919999999999996
SW93.5L,2019-06-26,3.087,5,3.077,3.072
SW93.5L,2019-06-27,3.099,5,3.097,3.092
SW93.5L,2019-06-28,3.149,5,3.137,3.122
SW93.5L,2019-06-29,3.311,5,3.317,3.327
SW93.5L,2019-06-30,3.439,5,3.447,3.467
SW93.5L,2019-07-01,3.6409999999999996,5,3.647,3.657
SW93.5L,2019-07-02,3.8269999999999995,5,3.827,3.822
SW93.5L,2019-07-03,3.853,5,3.857,3.8520000000000003
SW93.5L,2019-07-04,3.7630000000000003,5,3.767,3.787
SW93.5L,2019-07-05,3.739,5,3.747,3.772
SW93.5L,2019-07-06,3.7769999999999997,5,3.787,3.802
SW93.5L,2019-07-07,3.7369999999999997,5,3.747,3.767
SW93.5L,2019-07-08,3.6049999999999995,5,3.597,3.5919999999999996
SW93.5L,2019-07-09,3.625,5,3.627,3.617
SW93.5L,2019-07-10,3.625,5,3.627,3.622
SW93.5L,2019-07-11,3.723,5,3.717,3.7169999999999996
SW93.5L,2019-07-12,3.843,5,3.847,3.867
SW93.5L,2019-07-13,4.135,5,4.137,4.157
SW93.5L,2019-07-14,4.411,5,4.407,4.407
SW93.5L,2019-07-15,4.659000000000001,5,4.667,4.677
SW93.5L,2019-07-16,4.925,5,4.927,4.927
SW93.5L,2019-07-17,5.117,5,5.107,5.0969999999999995
SW93.5L,2019-07-18,5.359,5,5.357,5.357
SW93.5L,2019-07-19,5.489,5,5.487,5.477
SW93.5L,2019-07-20,5.601,5,5.607,5.606999999999999
SW93.5L,2019-07-21,5.615,5,5.617,5.627
SW93.5L,2019-07-22,5.577,5,5.577,5.592
SW93.5L,2019-07-23,5.462999999999999,5,5.467,5.4719999999999995
SW93.5L,2019-07-24,5.331,5,5.327,5.332
SW93.5L,2019-07-25,5.281000000000001,5,5.277,5.267
SW93.5L,2019-07-26,5.295,5,5.287,5.272
SW93.5L,2019-07-27,5.323,5,5.317,5.307
SW93.5L,2019-07-28,5.239,5,5.237,5.227
SW93.5L,2019-07-29,5.197,5,5.197,5.182
SW93.5L,2019-07-30,5.109,5,5.107,5.102
SW93.5L,2019-07-31,5.021,5,5.017,5.007
SW93.5L,2019-08-01,4.9030000000000005,5,4.907,4.907
SW93.5L,2019-08-02,4.831,5,4.837,4.8420000000000005
SW93.5L,2019-08-03,4.753,5,4.757,4.752000000000001
SW93.5L,2019-08-04,4.693,5,4.697,4.7170000000000005
SW93.5L,2019-08-05,4.661,5,4.667,4.682
SW93.5L,2019-08-06,4.631,5,4.637,4.642
SW93.5L,2019-08-07,4.657,5,4.647,4.627000000000001
SW93.5L,2019-08-08,4.795,5,4.797,4.792
SW93.5L,2019-08-09,4.581,5,4.577,4.567
SW93.5L,2019-08-10,4.407,5,4.407,4.401999999999999
SW93.5L,2019-08-11,4.295,5,4.287,4.282
SW93.5L,2019-08-12,4.275,5,4.267,4.2620000000000005
SW93.5L,2019-08-13,4.383,5,4.377,4.362
SW93.5L,2019-08-14,4.359,5,4.357,4.352
SW93.5L,2019-08-15,4.317,5,4.317,4.322
SW93.5L,2019-08-16,4.269,5,4.267,4.277
SW93.5L,2019-08-17,4.255,5,4.247,4.237
SW93.5L,2019-08-18,4.2010000000000005,5,4.207,4.222
SW93.5L,2019-08-19,4.1850000000000005,5,4.187,4.202
SW93.5L,2019-08-20,4.159000000000001,5,4.167,4.177
SW93.5L,2019-08-21,4.125,5,4.127,4.1419999999999995
SW93.5L,2019-08-22,4.090999999999999,5,4.097,4.112
SW93.5L,2019-08-23,4.135,5,4.137,4.147
SW93.5L,2019-08-24,4.193,5,4.187,4.162
SW93.5L,2019-08-25,4.265,5,4.267,4.262
SW93.5L,2019-08-26,4.339,5,4.327,4.312
SW93.5L,2019-08-27,4.343,5,4.347,4.352
SW93.5L,2019-08-28,4.369,5,4.367,4.362
SW93.5L,2019-08-29,4.393,5,4.387,4.377000000000001
SW93.5L,2019-08-30,4.361,5,4.357,4.352
SW93.5L,2019-08-31,4.2829999999999995,5,4.287,4.287
SW93.5L,2019-09-01,4.203,5,4.207,4.207
SW93.5L,2019-09-02,4.162999999999999,5,4.167,4.182
SW93.5L,2019-09-03,4.179,5,4.187,4.192
SW93.5L,2019-09-04,4.249,5,4.247,4.247
SW93.5L,2019-09-05,4.173,5,4.177,4.177
SW93.5L,2019-09-06,4.1450000000000005,5,4.147,4.147
SW93.5L,2019-09-07,4.057,5,4.047,4.037
SW93.5L,2019-09-08,3.9810000000000003,5,3.977,3.9619999999999997
SW93.5L,2019-09-09,3.901,5,3.897,3.8970000000000002
SW93.5L,2019-09-10,3.8310000000000004,5,3.827,3.812
SW93.5L,2019-09-11,3.809,5,3.807,3.787
SW93.5L,2019-09-12,3.871,5,3.867,3.842
SW93.5L,2019-09-13,3.897,5,3.887,3.877
SW93.5L,2019-09-14,3.905,5,3.907,3.8970000000000002
SW93.5L,2019-09-15,3.899,5,3.897,3.907
SW93.5L,2019-09-16,4.003,5,3.997,3.992
SW93.5L,2019-09-17,4.159000000000001,5,4.157,4.157
SW93.5L,2019-09-18,4.287000000000001,5,4.287,4.282
SW93.5L,2019-09-19,4.489,5,4.477,4.462
SW93.5L,2019-09-20,4.509,5,4.507,4.502
SW93.5L,2019-09-21,4.583,5,4.577,4.567
SW93.5L,2019-09-22,4.633,5,4.637,4.632
SW93.5L,2019-09-23,4.6530000000000005,5,4.657,4.667
SW93.5L,2019-09-24,4.7909999999999995,5,4.797,4.797000000000001
SW93.5L,2019-09-25,4.853,5,4.857,4.852
SW93.5L,2019-09-26,4.875,5,4.877,4.872
SW93.5L,2019-09-27,4.912999999999999,5,4.917,4.917
SW93.5L,2019-09-28,4.957,5,4.957,4.9670000000000005
SW93.5L,2019-09-29,5.017,5,5.017,5.007
SW93.5L,2019-09-30,5.083,5,5.087,5.102
SW93.5L,2019-10-01,5.195,5,5.187,5.152
SW93.5L,2019-10-02,5.243,5,5.247,5.242
SW93.5L,2019-10-03,5.2170000000000005,5,5.217,5.232
SW93.5L,2019-10-04,5.181,5,5.177,5.182
SW93.5L,2019-10-05,5.127000000000001,5,5.127,5.117
SW93.5L,2019-10-06,4.991,5,4.987,4.9670000000000005
SW93.5L,2019-10-07,4.893,5,4.887,4.8870000000000005
SW93.5L,2019-10-08,4.821,5,4.827,4.832
SW93.5L,2019-10-09,4.755,5,4.757,4.757
SW93.5L,2019-10-10,4.671,5,4.667,4.667
SW93.5L,2019-10-11,4.617,5,4.617,4.622
SW93.5L,2019-10-12,4.483,5,4.487,4.487
SW93.5L,2019-10-13,4.319,5,4.317,4.311999999999999
SW93.5L,2019-10-14,4.167,5,4.167,4.167
SW93.5L,2019-10-15,3.971,5,3.977,3.982
SW93.5L,2019-10-16,3.875,5,3.877,3.8970000000000002
SW93.5L,2019-10-17,3.7270000000000003,5,3.737,3.747
SW93.5L,2019-10-18,3.595,5,3.597,3.607
SW93.5L,2019-10-19,3.457,5,3.457,3.472
SW93.5L,2019-10-20,3.2909999999999995,5,3.287,3.282
SW93.5L,2019-10-21,3.129,5,3.127,3.1319999999999997
SW93.5L,2019-10-22,3.0149999999999997,5,3.007,2.997
SW93.5L,2019-10-23,2.911,5,2.907,2.8920000000000003
SW93.5L,2019-10-24,2.821,5,2.817,2.802
SW93.5L,2019-10-25,2.793,5,2.797,2.792
SW93.5L,2019-10-26,2.999,5,2.987,2.9619999999999997
SW93.5L,2019-10-27,3.021,5,3.007,2.972
SW93.5L,2019-10-28,2.989,5,2.977,2.952
SW93.5L,2019-10-29,2.951,5,2.957,2.9619999999999997
SW93.5L,2019-10-30,2.965,5,2.967,2.982
SW93.5L,2019-10-31,2.897,5,2.907,2.927
SW93.5L,2019-11-01,2.791,5,2.797,2.7969999999999997
SW93.5L,2019-11-02,2.6770000000000005,5,2.687,2.697
SW93.5L,2019-11-03,2.647,5,2.647,2.652
SW93.5L,2019-11-04,2.623,5,2.617,2.617
SW93.5L,2019-11-05,2.601,5,2.597,2.577
SW93.5L,2019-11-06,2.523,5,2.517,2.512
SW93.5L,2019-11-07,2.475,5,2.467,2.457
SW93.5L,2019-11-08,2.501,5,2.497,2.487
SW93.5L,2019-11-09,2.637,5,2.637,2.637
SW93.5L,2019-11-10,2.897,5,2.897,2.912
SW93.5L,2019-11-11,2.727,5,2.727,2.722
SW93.5L,2019-11-12,2.575,5,2.577,2.572
SW93.5L,2019-11-13,2.511,5,2.507,2.482
SW93.5L,2019-11-14,2.439,5,2.437,2.4370000000000003
SW93.5L,2019-11-15,2.3630000000000004,5,2.367,2.377
SW93.5L,2019-11-16,2.275,5,2.287,2.327
SW93.5L,2019-11-17,2.183,5,2.187,2.207
SW93.5L,2019-11-18,2.119,5,2.127,2.1470000000000002
SW93.5L,2019-11-19,2.005,5,2.007,2.012
SW93.5L,2019-11-20,1.903,5,1.907,1.9020000000000001
SW93.5L,2019-11-21,1.8190000000000002,5,1.817,1.8170000000000002
SW93.5L,2019-11-22,1.797,5,1.787,1.7770000000000001
SW93.5L,2019-11-23,1.823,5,1.827,1.822
SW93.5L,2019-11-24,1.891,5,1.887,1.867
SW93.5L,2019-11-25,1.923,5,1.917,1.9020000000000001
SW93.5L,2019-11-26,1.957,5,1.947,1.9220000000000002
SW93.5L,2019-11-27,1.9649999999999999,5,1.957,1.932
SW93.5L,2019-11-28,1.8969999999999998,5,1.897,1.8970000000000002
SW93.5L,2019-11-29,1.815,5,1.827,1.8519999999999999
SW93.5L,2019-11-30,1.765,5,1.767,1.782
SW93.5L,2019-12-01,1.659,5,1.667,1.677
SW93.5L,2019-12-02,1.533,5,1.537,1.552
SW93.5L,2019-12-03,1.421,5,1.427,1.4369999999999998
SW93.5L,2019-12-04,1.311,5,1.317,1.307
SW93.5L,2019-12-05,1.219,5,1.217,1.217
SW93.5L,2019-12-06,1.185,5,1.187,1.182
SW93.5L,2019-12-07,1.2550000000000001,5,1.247,1.232
SW93.5L,2019-12-08,1.315,5,1.317,1.307
SW93.5L,2019-12-09,1.383,5,1.377,1.3719999999999999
SW93.5L,2019-12-10,1.4529999999999998,5,1.447,1.432
SW93.5L,2019-12-11,1.487,5,1.487,1.472
SW93.5L,2019-12-12,1.535,5,1.527,1.5070000000000001
SW93.5L,2019-12-13,1.559,5,1.557,1.5419999999999998
SW93.5L,2019-12-14,1.543,5,1.547,1.552
SW93.5L,2019-12-15,1.441,5,1.457,1.482
SW93.5L,2019-12-16,1.349,5,1.357,1.367
SW93.5L,2019-12-17,1.251,5,1.247,1.252
SW93.5L,2019-12-18,1.125,5,1.127,1.117
SW93.5L,2019-12-19,0.993,5,0.987,0.982
SW93.5L,2019-12-20,0.959,5,0.957,0.942
SW93.5L,2019-12-21,0.977,5,0.967,0.952
SW93.5L,2019-12-22,0.969,5,0.967,0.972
SW93.5L,2019-12-23,0.991,5,0.987,0.992
SW93.5L,2019-12-24,1.025,5,1.027,1.022
SW93.5L,2019-12-25,1.105,5,1.107,1.097
SW93.5L,2019-12-26,1.135,5,1.137,1.132
SW93.5L,2019-12-27,1.121,5,1.117,1.1219999999999999
SW93.5L,2019-12-28,1.095,5,1.097,1.1119999999999999
SW93.5L,2019-12-29,1.025,5,1.027,1.042
SW93.5L,2019-12-30,1.089,5,1.087,1.072
SW93.5L,2019-12-31,1.077,5,1.077,1.0619999999999998
SW93.5L,2020-01-01,1.0150000000000001,5,1.017,1.032
SW93.5L,2020-01-02,0.959,5,0.967,0.977
SW93.5L,2020-01-03,0.913,5,0.917,0.917
SW93.5L,2020-01-04,0.861,5,0.867,0.882
SW93.5L,2020-01-05,0.857,5,0.857,0.847
SW93.5L,2020-01-06,0.8370000000000001,5,0.847,0.862
SW93.5L,2020-01-07,0.741,5,0.737,0.737
SW93.5L,2020-01-08,0.787,5,0.787,0.797
SW93.5L,2020-01-09,0.869,5,0.867,0.8719999999999999
SW93.5L,2020-01-10,0.9469999999999998,5,0.947,0.952
SW93.5L,2020-01-11,0.969,5,0.967,0.9570000000000001
SW93.5L,2020-01-12,0.9650000000000001,5,0.967,0.972
SW93.5L,2020-01-13,1.0070000000000001,5,1.017,1.042
SW93.5L,2020-01-14,1.065,5,1.067,1.072
SW93.5L,2020-01-15,1.037,5,1.037,1.047
SW93.5L,2020-01-16,1.013,5,1.017,1.027
SW93.5L,2020-01-17,0.907,5,0.907,0.9219999999999999
SW93.5L,2020-01-18,0.835,5,0.837,0.832
SW93.5L,2020-01-19,0.779,5,0.777,0.767
SW93.5L,2020-01-20,0.7310000000000001,5,0.737,0.737
SW93.5L,2020-01-21,0.701,5,0.697,0.6970000000000001
SW93.5L,2020-01-22,0.6950000000000001,5,0.697,0.692
SW93.5L,2020-01-23,0.765,5,0.767,0.767
SW93.5L,2020-01-24,0.869,5,0.867,0.862
SW93.5L,2020-01-25,0.899,5,0.907,0.927
SW93.5L,2020-01-26,0.9369999999999999,5,0.937,0.952
SW93.5L,2020-01-27,0.9189999999999999,5,0.927,0.942
SW93.5L,2020-01-28,0.867,5,0.877,0.892
SW93.5L,2020-01-29,0.8390000000000001,5,0.847,0.862
SW93.5L,2020-01-30,0.783,5,0.787,0.802
SW93.5L,2020-01-31,0.7430000000000001,5,0.747,0.762
SW93.5L,2020-02-01,0.657,5,0.667,0.687
SW93.5L,2020-02-02,0.601,5,0.597,0.597
SW93.5L,2020-02-03,0.5309999999999999,5,0.527,0.517
SW93.5L,2020-02-04,0.493,5,0.497,0.497
SW93.5L,2020-02-05,0.493,5,0.497,0.497
SW93.5L,2020-02-06,0.5589999999999999,5,0.557,0.557
SW93.5L,2020-02-07,0.637,5,0.637,0.632
SW93.5L,2020-02-08,0.727,5,0.727,0.722
SW93.5L,2020-02-09,0.765,5,0.767,0.767
SW93.5L,2020-02-10,0.867,5,0.867,0.862
SW93.5L,2020-02-11,0.9189999999999999,5,0.927,0.932
SW93.5L,2020-02-12,0.899,5,0.907,0.9420000000000001
SW93.5L,2020-02-13,0.885,5,0.897,0.917
SW93.5L,2020-02-14,0.857,5,0.867,0.887
SW93.5L,2020-02-15,0.8089999999999999,5,0.817,0.827
SW93.5L,2020-02-16,0.767,5,0.767,0.772
SW93.5L,2020-02-17,0.575,5,0.567,0.562
SW93.5L,2020-02-18,0.499,5,0.507,0.512
SW93.5L,2020-02-19,0.499,5,0.497,0.497
SW93.5L,2020-02-20,0.5429999999999999,5,0.547,0.552
SW93.5L,2020-02-21,0.5650000000000001,5,0.567,0.577
SW93.5L,2020-02-22,0.655,5,0.657,0.677
SW93.5L,2020-02-23,0.773,5,0.777,0.802
SW93.5L,2020-02-24,0.813,5,0.827,0.852
SW93.5L,2020-02-25,0.813,5,0.827,0.857
SW93.5L,2020-02-26,0.7849999999999999,5,0.797,0.842
SW93.5L,2020-02-27,0.779,5,0.787,0.817
SW93.5L,2020-02-28,0.6990000000000001,5,0.707,0.737
SW93.5L,2020-02-29,0.649,5,0.657,0.682
SW93.5L,2020-03-01,0.577,5,0.587,0.627
SW93.5L,2020-03-02,0.533,5,0.537,0.5469999999999999
SW93.5L,2020-03-03,0.465,5,0.467,0.472
SW93.5L,2020-03-04,0.43099999999999994,5,0.427,0.41700000000000004
SW93.5L,2020-03-05,0.393,5,0.397,0.40700000000000003
SW93.5L,2020-03-06,0.46699999999999997,5,0.467,0.45699999999999996
SW93.5L,2020-03-07,0.567,5,0.567,0.5720000000000001
SW93.5L,2020-03-08,0.7390000000000001,5,0.737,0.717
SW93.5L,2020-03-09,0.897,5,0.897,0.902
SW93.5L,2020-03-10,1.001,5,0.997,0.992
SW93.5L,2020-03-11,1.0310000000000001,5,1.037,1.037
SW93.5L,2020-03-12,1.003,5,1.017,1.057
SW93.5L,2020-03-13,0.9570000000000001,5,0.977,1.022
SW93.5L,2020-03-14,0.889,5,0.907,0.9620000000000001
SW93.5L,2020-03-15,0.687,5,0.697,0.737
SW93.5L,2020-03-16,0.579,5,0.577,0.587
SW93.5L,2020-03-17,0.509,5,0.507,0.502
SW93.5L,2020-03-18,0.445,5,0.447,0.45199999999999996
SW93.5L,2020-03-19,0.513,5,0.517,0.512
SW93.5L,2020-03-20,0.5730000000000001,5,0.567,0.567
SW93.5L,2020-03-21,0.7070000000000001,5,0.707,0.6970000000000001
SW93.5L,2020-03-22,0.717,5,0.717,0.727
SW93.5L,2020-03-23,0.7609999999999999,5,0.767,0.7769999999999999
SW93.5L,2020-03-24,0.805,5,0.817,0.842
SW93.5L,2020-03-25,0.8230000000000001,5,0.837,0.887
SW93.5L,2020-03-26,0.825,5,0.847,0.892
SW93.5L,2020-03-27,0.857,5,0.867,0.902
SW93.5L,2020-03-28,0.845,5,0.857,0.892
SW93.5L,2020-03-29,0.829,5,0.837,0.872
SW93.5L,2020-03-30,0.813,5,0.817,0.842
SW93.5L,2020-03-31,0.743,5,0.757,0.782
SW93.5L,2020-04-01,0.673,5,0.677,0.672
SW93.5L,2020-04-02,0.647,5,0.647,0.652
SW93.5L,2020-04-03,0.635,5,0.637,0.642
SW93.5L,2020-04-04,0.727,5,0.727,0.7170000000000001
SW93.5L,2020-04-05,0.829,5,0.817,0.7919999999999999
SW93.5L,2020-04-06,0.993,5,0.977,0.932
SW93.5L,2020-04-07,1.175,5,1.157,1.117
SW93.5L,2020-04-08,1.369,5,1.357,1.312
SW93.5L,2020-04-09,1.451,5,1.437,1.412
SW93.5L,2020-04-10,1.3969999999999998,5,1.407,1.4169999999999998
SW93.5L,2020-04-11,1.305,5,1.327,1.367
SW93.5L,2020-04-12,1.1869999999999998,5,1.197,1.207
SW93.5L,2020-04-13,1.099,5,1.107,1.142
SW93.5L,2020-04-14,1.0150000000000001,5,1.027,1.042
SW93.5L,2020-04-15,0.9309999999999998,5,0.937,0.952
SW93.5L,2020-04-16,0.825,5,0.817,0.802
SW93.5L,2020-04-17,0.921,5,0.927,0.927
SW93.5L,2020-04-18,1.0230000000000001,5,1.007,0.972
SW93.5L,2020-04-19,1.087,5,1.077,1.052
SW93.5L,2020-04-20,1.109,5,1.097,1.072
SW93.5L,2020-04-21,1.155,5,1.137,1.107
SW93.5L,2020-04-22,1.171,5,1.167,1.142
SW93.5L,2020-04-23,1.2550000000000001,5,1.247,1.222
SW93.5L,2020-04-24,1.329,5,1.327,1.3119999999999998
SW93.5L,2020-04-25,1.3030000000000002,5,1.307,1.327
SW93.5L,2020-04-26,1.347,5,1.357,1.367
SW93.5L,2020-04-27,1.301,5,1.307,1.337
SW93.5L,2020-04-28,1.283,5,1.287,1.3119999999999998
SW93.5L,2020-04-29,1.2970000000000002,5,1.307,1.3170000000000002
SW93.5L,2020-04-30,1.377,5,1.387,1.402
SW93.5L,2020-05-01,1.443,5,1.447,1.447
SW93.5L,2020-05-02,1.4949999999999999,5,1.497,1.487
SW93.5L,2020-05-03,1.491,5,1.487,1.472
SW93.5L,2020-05-04,1.5370000000000001,5,1.537,1.522
SW93.5L,2020-05-05,1.6509999999999998,5,1.647,1.6320000000000001
SW93.5L,2020-05-06,1.7570000000000001,5,1.747,1.707
SW93.5L,2020-05-07,1.827,5,1.807,1.752
SW93.5L,2020-05-08,1.7429999999999999,5,1.727,1.697
SW93.5L,2020-05-09,1.6949999999999998,5,1.707,1.722
SW93.5L,2020-05-10,1.605,5,1.617,1.6320000000000001
SW93.5L,2020-05-11,1.491,5,1.507,1.5419999999999998
SW93.5L,2020-05-12,1.449,5,1.457,1.4769999999999999
SW93.5L,2020-05-13,1.403,5,1.407,1.427
SW93.5L,2020-05-14,1.363,5,1.367,1.367
SW93.5L,2020-05-15,1.361,5,1.357,1.342
SW93.5L,2020-05-16,1.397,5,1.397,1.387
SW93.5L,2020-05-17,1.489,5,1.477,1.4569999999999999
SW93.5L,2020-05-18,1.569,5,1.567,1.552
SW93.5L,2020-05-19,1.6789999999999998,5,1.687,1.702
SW93.5L,2020-05-20,2.053,5,2.097,2.207
SW93.5L,2020-05-21,2.751,5,2.727,2.682
SW93.5L,2020-05-22,2.5130000000000003,5,2.497,2.447
SW93.5L,2020-05-23,2.331,5,2.317,2.292
SW93.5L,2020-05-24,2.351,5,2.337,2.302
SW93.5L,2020-05-25,2.503,5,2.517,2.542
SW93.5L,2020-05-26,2.725,5,2.737,2.752
SW93.5L,2020-05-27,2.9869999999999997,5,2.977,2.9669999999999996
SW93.5L,2020-05-28,3.059,5,3.067,3.072
SW93.5L,2020-05-29,3.207,5,3.217,3.2270000000000003
SW93.5L,2020-05-30,3.503,5,3.497,3.487
SW93.5L,2020-05-31,3.655,5,3.657,3.6470000000000002
SW93.5L,2020-06-01,3.629,5,3.617,3.592
SW93.5L,2020-06-02,3.5509999999999997,5,3.537,3.517
SW93.5L,2020-06-03,3.4270000000000005,5,3.417,3.3970000000000002
SW93.5L,2020-06-04,3.377,5,3.367,3.3369999999999997
SW93.5L,2020-06-05,3.357,5,3.347,3.317
SW93.5L,2020-06-06,3.311,5,3.307,3.287
SW93.5L,2020-06-07,3.2730000000000006,5,3.277,3.282
SW93.5L,2020-06-08,3.309,5,3.317,3.327
SW93.5L,2020-06-09,3.375,5,3.377,3.387
SW93.5L,2020-06-10,3.439,5,3.447,3.4619999999999997
SW93.5L,2020-06-11,3.571,5,3.567,3.572
SW93.5L,2020-06-12,3.6189999999999998,5,3.627,3.632
SW93.5L,2020-06-13,3.7030000000000003,5,3.697,3.6870000000000003
SW93.5L,2020-06-14,3.681,5,3.677,3.657
SW93.5L,2020-06-15,3.6109999999999998,5,3.607,3.602
SW93.5L,2020-06-16,3.571,5,3.567,3.567
SW93.5L,2020-06-17,3.571,5,3.567,3.562
SW93.5L,2020-06-18,3.617,5,3.627,3.642
SW93.5L,2020-06-19,3.729,5,3.727,3.732
SW93.5L,2020-06-20,3.8289999999999997,5,3.827,3.827
SW93.5L,2020-06-21,4.0329999999999995,5,4.037,4.042
SW93.5L,2020-06-22,4.151,5,4.147,4.1419999999999995
SW93.5L,2020-06-23,4.169,5,4.177,4.182
SW93.5L,2020-06-24,4.195,5,4.197,4.2170000000000005
SW93.5L,2020-06-25,4.225,5,4.227,4.247
SW93.5L,2020-06-26,4.281000000000001,5,4.287,4.292
SW93.5L,2020-06-27,4.453,5,4.447,4.442
SW93.5L,2020-06-28,4.647,5,4.647,4.6370000000000005
SW93.5L,2020-06-29,4.901,5,4.897,4.8919999999999995
SW93.5L,2020-06-30,5.098999999999999,5,5.107,5.112
SW93.5L,2020-07-01,5.207,5,5.207,5.202
SW93.5L,2020-07-02,5.297,5,5.297,5.287
SW93.5L,2020-07-03,5.349,5,5.347,5.352
SW93.5L,2020-07-04,5.455,5,5.457,5.462
SW93.5L,2020-07-05,5.4350000000000005,5,5.437,5.452
SW93.5L,2020-07-06,5.385,5,5.387,5.3870000000000005
SW93.5L,2020-07-07,5.2829999999999995,5,5.287,5.287
SW93.5L,2020-07-08,5.1450000000000005,5,5.147,5.167
SW93.5L,2020-07-09,5.045,5,5.047,5.061999999999999
SW93.5L,2020-07-10,4.987,5,4.987,4.992
SW93.5L,2020-07-11,4.987,5,4.987,4.977
SW93.5L,2020-07-12,5.057,5,5.057,5.052
SW93.5L,2020-07-13,5.201,5,5.207,5.2170000000000005
SW93.5L,2020-07-14,5.391,5,5.397,5.397
SW93.5L,2020-07-15,5.643,5,5.647,5.6419999999999995
SW93.5L,2020-07-16,5.801,5,5.797,5.802
SW93.5L,2020-07-17,5.939,5,5.937,5.936999999999999
SW93.5L,2020-07-18,5.927,5,5.927,5.922000000000001
SW93.5L,2020-07-19,5.949,5,5.947,5.936999999999999
SW93.5L,2020-07-20,5.991,5,5.987,5.992
SW93.5L,2020-07-21,5.995,5,5.997,6.002
SW93.5L,2020-07-22,5.984999999999999,5,5.987,5.992
SW93.5L,2020-07-23,5.973000000000001,5,5.977,5.987
SW93.5L,2020-07-24,6.017,5,6.017,6.0120000000000005
SW93.5L,2020-07-25,6.049,5,6.047,6.052
SW93.5L,2020-07-26,6.087,5,6.087,6.0969999999999995
SW93.5L,2020-07-27,6.087000000000001,5,6.087,6.082
SW93.5L,2020-07-28,6.081,5,6.077,6.077
SW93.5L,2020-07-29,6.0329999999999995,5,6.037,6.037
SW93.5L,2020-07-30,5.939,5,5.937,5.932
SW93.5L,2020-07-31,5.8950000000000005,5,5.897,5.892
SW93.5L,2020-08-01,5.821,5,5.827,5.832
SW93.5L,2020-08-02,5.805,5,5.807,5.807
SW93.5L,2020-08-03,5.807,5,5.807,5.812
SW93.5L,2020-08-04,5.7829999999999995,5,5.787,5.797000000000001
SW93.5L,2020-08-05,5.743,5,5.747,5.747
SW93.5L,2020-08-06,5.791,5,5.797,5.797000000000001
SW93.5L,2020-08-07,5.694999999999999,5,5.697,5.702
SW93.5L,2020-08-08,5.585,5,5.587,5.587
SW93.5L,2020-08-09,5.489,5,5.497,5.502000000000001
SW93.5L,2020-08-10,5.404999999999999,5,5.407,5.417
SW93.5L,2020-08-11,5.275,5,5.277,5.282
SW93.5L,2020-08-12,5.215,5,5.217,5.207000000000001
SW93.5L,2020-08-13,5.215,5,5.207,5.192
SW93.5L,2020-08-14,5.179,5,5.177,5.177
SW93.5L,2020-08-15,5.233,5,5.237,5.237
SW93.5L,2020-08-16,5.307,5,5.307,5.311999999999999
SW93.5L,2020-08-17,5.299,5,5.307,5.311999999999999
SW93.5L,2020-08-18,5.369,5,5.367,5.367
SW93.5L,2020-08-19,5.4030000000000005,5,5.407,5.402
SW93.5L,2020-08-20,5.499,5,5.497,5.497
SW93.5L,2020-08-21,5.5009999999999994,5,5.507,5.507
SW93.5L,2020-08-22,5.471,5,5.467,5.4719999999999995
SW93.5L,2020-08-23,5.436999999999999,5,5.437,5.452
SW93.5L,2020-08-24,5.385,5,5.387,5.382
SW93.5L,2020-08-25,5.3469999999999995,5,5.347,5.352
SW93.5L,2020-08-26,5.317,5,5.317,5.322
SW93.5L,2020-08-27,5.251,5,5.257,5.247
SW93.5L,2020-08-28,5.093,5,5.087,5.087
SW93.5L,2020-08-29,4.983,5,4.977,4.977
SW93.5L,2020-08-30,4.889,5,4.887,4.8870000000000005
SW93.5L,2020-08-31,4.811,5,4.817,4.822
SW93.5L,2020-09-01,4.723000000000001,5,4.727,4.7219999999999995
SW93.5L,2020-09-02,4.763,5,4.767,4.767
SW93.5L,2020-09-03,4.785,5,4.787,4.797000000000001
SW93.5L,2020-09-04,4.7829999999999995,5,4.787,4.802
SW93.5L,2020-09-05,4.757,5,4.757,4.752
SW93.5L,2020-09-06,4.721,5,4.727,4.731999999999999
SW93.5L,2020-09-07,4.6850000000000005,5,4.687,4.677
SW93.5L,2020-09-08,4.679,5,4.677,4.687
SW93.5L,2020-09-09,4.629,5,4.637,4.6419999999999995
SW93.5L,2020-09-10,4.623,5,4.627,4.6370000000000005
SW93.5L,2020-09-11,4.647,5,4.647,4.652
SW93.5L,2020-09-12,4.629,5,4.627,4.632
SW93.5L,2020-09-13,4.585,5,4.587,4.577
SW93.5L,2020-09-14,4.553,5,4.557,4.561999999999999
SW93.5L,2020-09-15,4.5729999999999995,5,4.567,4.547
SW93.5L,2020-09-16,4.625,5,4.617,4.587
SW93.5L,2020-09-17,4.703,5,4.707,4.707
SW93.5L,2020-09-18,4.853,5,4.857,4.872
SW93.5L,2020-09-19,4.945,5,4.947,4.957
SW93.5L,2020-09-20,4.975,5,4.977,4.992
SW93.5L,2020-09-21,5.005,5,5.007,5.002000000000001
SW93.5L,2020-09-22,5.037,5,5.037,5.026999999999999
SW93.5L,2020-09-23,4.955,5,4.957,4.957000000000001
SW93.5L,2020-09-24,4.853,5,4.857,4.852
SW93.5L,2020-09-25,4.809,5,4.807,4.797
SW93.5L,2020-09-26,4.837000000000001,5,4.837,4.832
SW93.5L,2020-09-27,4.851000000000001,5,4.847,4.8420000000000005
SW93.5L,2020-09-28,4.907,5,4.907,4.897
SW93.5L,2020-09-29,4.929,5,4.937,4.927
SW93.5L,2020-09-30,5.007,5,5.007,5.002000000000001
SW93.5L,2020-10-01,5.095000000000001,5,5.097,5.0969999999999995
SW93.5L,2020-10-02,5.165,5,5.167,5.172000000000001
SW93.5L,2020-10-03,5.189,5,5.197,5.207000000000001
SW93.5L,2020-10-04,5.169,5,5.177,5.182
SW93.5L,2020-10-05,5.081,5,5.087,5.102
SW93.5L,2020-10-06,4.936999999999999,5,4.937,4.927
SW93.5L,2020-10-07,4.779,5,4.787,4.797000000000001
SW93.5L,2020-10-08,4.695,5,4.697,4.707
SW93.5L,2020-10-09,4.493,5,4.497,4.502
SW93.5L,2020-10-10,4.404999999999999,5,4.397,4.3870000000000005
SW93.5L,2020-10-11,4.341,5,4.337,4.322
SW93.5L,2020-10-12,4.323,5,4.317,4.317
SW93.5L,2020-10-13,4.329,5,4.327,4.311999999999999
SW93.5L,2020-10-14,4.321,5,4.317,4.292
SW93.5L,2020-10-15,4.269,5,4.267,4.247
SW93.5L,2020-10-16,4.195,5,4.187,4.167
SW93.5L,2020-10-17,4.084999999999999,5,4.077,4.057
SW93.5L,2020-10-18,4.025,5,4.027,4.032
SW93.5L,2020-10-19,3.8550000000000004,5,3.857,3.877
SW93.5L,2020-10-20,3.721,5,3.727,3.752
SW93.5L,2020-10-21,3.697,5,3.697,3.687
SW93.5L,2020-10-22,3.7350000000000003,5,3.727,3.702
SW93.5L,2020-10-23,3.849,5,3.847,3.8419999999999996
SW93.5L,2020-10-24,3.6630000000000003,5,3.667,3.662
SW93.5L,2020-10-25,3.375,5,3.367,3.357
SW93.5L,2020-10-26,3.2329999999999997,5,3.227,3.2169999999999996
SW93.5L,2020-10-27,3.161,5,3.147,3.117
SW93.5L,2020-10-28,3.1390000000000002,5,3.127,3.1020000000000003
SW93.5L,2020-10-29,3.141,5,3.137,3.132
SW93.5L,2020-10-30,3.133,5,3.127,3.102
SW93.5L,2020-10-31,3.261,5,3.257,3.237
SW93.5L,2020-11-01,3.309,5,3.297,3.277
SW93.5L,2020-11-02,3.303,5,3.307,3.307
SW93.5L,2020-11-03,3.195,5,3.197,3.217
SW93.5L,2020-11-04,3.071,5,3.077,3.097
SW93.5L,2020-11-05,2.967,5,2.967,2.972
SW93.5L,2020-11-06,2.821,5,2.827,2.8520000000000003
SW93.5L,2020-11-07,2.625,5,2.627,2.627
SW93.5L,2020-11-08,2.5309999999999997,5,2.537,2.537
SW93.5L,2020-11-09,2.457,5,2.457,2.447
SW93.5L,2020-11-10,2.425,5,2.427,2.427
SW93.5L,2020-11-11,2.435,5,2.437,2.4370000000000003
SW93.5L,2020-11-12,2.501,5,2.497,2.497
SW93.5L,2020-11-13,2.5729999999999995,5,2.567,2.537
SW93.5L,2020-11-14,2.621,5,2.607,2.582
SW93.5L,2020-11-15,2.593,5,2.587,2.582
SW93.5L,2020-11-16,2.5669999999999997,5,2.567,2.567
SW93.5L,2020-11-17,2.477,5,2.477,2.492
SW93.5L,2020-11-18,2.391,5,2.397,2.417
SW93.5L,2020-11-19,2.253,5,2.247,2.242
SW93.5L,2020-11-20,2.117,5,2.117,2.112
SW93.5L,2020-11-21,2.021,5,2.027,2.037
SW93.5L,2020-11-22,1.887,5,1.887,1.887
SW93.5L,2020-11-23,1.761,5,1.757,1.752
SW93.5L,2020-11-24,1.703,5,1.697,1.682
SW93.5L,2020-11-25,1.723,5,1.717,1.697
SW93.5L,2020-11-26,1.735,5,1.737,1.7469999999999999
SW93.5L,2020-11-27,1.781,5,1.777,1.7770000000000001
SW93.5L,2020-11-28,1.777,5,1.767,1.7570000000000001
SW93.5L,2020-11-29,1.777,5,1.777,1.772
SW93.5L,2020-11-30,1.783,5,1.787,1.782
SW93.5L,2020-12-01,1.7890000000000001,5,1.787,1.787
SW93.5L,2020-12-02,1.7890000000000001,5,1.797,1.8170000000000002
SW93.5L,2020-12-03,1.781,5,1.787,1.7970000000000002
SW93.5L,2020-12-04,1.7289999999999999,5,1.727,1.732
SW93.5L,2020-12-05,1.6949999999999998,5,1.687,1.682
SW93.5L,2020-12-06,1.657,5,1.657,1.647
SW93.5L,2020-12-07,1.579,5,1.577,1.5870000000000002
SW93.5L,2020-12-08,1.5230000000000001,5,1.517,1.5070000000000001
SW93.5L,2020-12-09,1.4689999999999999,5,1.467,1.4569999999999999
SW93.5L,2020-12-10,1.4809999999999999,5,1.477,1.4569999999999999
SW93.5L,2020-12-11,1.5050000000000001,5,1.497,1.487
SW93.5L,2020-12-12,1.583,5,1.577,1.562
SW93.5L,2020-12-13,1.675,5,1.677,1.667
SW93.5L,2020-12-14,1.7510000000000001,5,1.737,1.717
SW93.5L,2020-12-15,1.691,5,1.687,1.6720000000000002
SW93.5L,2020-12-16,1.623,5,1.627,1.642
SW93.5L,2020-12-17,1.525,5,1.537,1.5619999999999998
SW93.5L,2020-12-18,1.453,5,1.467,1.492
SW93.5L,2020-12-19,1.363,5,1.367,1.377
SW93.5L,2020-12-20,1.2570000000000001,5,1.257,1.267
SW93.5L,2020-12-21,1.267,5,1.267,1.262
SW93.5L,2020-12-22,1.267,5,1.267,1.282
SW93.5L,2020-12-23,1.2730000000000001,5,1.267,1.252
SW93.5L,2020-12-24,1.2429999999999999,5,1.237,1.237
SW93.5L,2020-12-25,1.217,5,1.217,1.217
SW93.5L,2020-12-26,1.191,5,1.187,1.192
SW93.5L,2020-12-27,1.191,5,1.187,1.182
SW93.5L,2020-12-28,1.2109999999999999,5,1.207,1.192
SW93.5L,2020-12-29,1.237,5,1.237,1.2269999999999999
SW93.5L,2020-12-30,1.263,5,1.267,1.2770000000000001
SW93.5L,2020-12-31,1.2550000000000001,5,1.267,1.287
SW93.5L,2021-01-01,1.277,5,1.287,1.322
SW93.5L,2021-01-02,1.291,5,1.297,1.307
SW93.5L,2021-01-03,1.287,5,1.287,1.297
SW93.5L,2021-01-04,1.2570000000000001,5,1.257,1.262
SW93.5L,2021-01-05,1.205,5,1.207,1.217
SW93.5L,2021-01-06,1.1629999999999998,5,1.157,1.147
SW93.5L,2021-01-07,1.131,5,1.127,1.107
SW93.5L,2021-01-08,1.085,5,1.077,1.0470000000000002
SW93.5L,2021-01-09,1.067,5,1.067,1.057
SW93.5L,2021-01-10,1.125,5,1.117,1.107
SW93.5L,2021-01-11,1.2109999999999999,5,1.207,1.197
SW93.5L,2021-01-12,1.307,5,1.307,1.297
SW93.5L,2021-01-13,1.331,5,1.327,1.3319999999999999
SW93.5L,2021-01-14,1.301,5,1.307,1.317
SW93.5L,2021-01-15,1.259,5,1.267,1.302
SW93.5L,2021-01-16,1.219,5,1.227,1.2570000000000001
SW93.5L,2021-01-17,1.145,5,1.147,1.162
SW93.5L,2021-01-18,1.047,5,1.047,1.0619999999999998
SW93.5L,2021-01-19,0.9870000000000001,5,0.997,1.017
SW93.5L,2021-01-20,0.9710000000000001,5,0.977,0.9870000000000001
SW93.5L,2021-01-21,0.9309999999999998,5,0.937,0.947
SW93.5L,2021-01-22,0.825,5,0.827,0.837
SW93.5L,2021-01-23,0.771,5,0.767,0.772
SW93.5L,2021-01-24,0.783,5,0.777,0.777
SW93.5L,2021-01-25,0.791,5,0.797,0.7969999999999999
SW93.5L,2021-01-26,0.819,5,0.817,0.822
SW93.5L,2021-01-27,0.845,5,0.847,0.837
SW93.5L,2021-01-28,0.861,5,0.867,0.872
SW93.5L,2021-01-29,0.977,5,0.987,0.9969999999999999
SW93.5L,2021-01-30,1.057,5,1.067,1.102
SW93.5L,2021-01-31,1.043,5,1.057,1.077
SW93.5L,2021-02-01,1.029,5,1.037,1.057
SW93.5L,2021-02-02,1.015,5,1.027,1.057
SW93.5L,2021-02-03,0.975,5,0.987,1.012
SW93.5L,2021-02-04,0.9309999999999998,5,0.937,0.9570000000000001
SW93.5L,2021-02-05,0.915,5,0.917,0.917
SW93.5L,2021-02-06,0.875,5,0.867,0.842
SW93.5L,2021-02-07,0.7889999999999999,5,0.797,0.8069999999999999
SW93.5L,2021-02-08,0.7270000000000001,5,0.727,0.742
SW93.5L,2021-02-09,0.7769999999999999,5,0.777,0.762
SW93.5L,2021-02-10,0.869,5,0.867,0.852
SW93.5L,2021-02-11,0.975,5,0.967,0.9570000000000001
SW93.5L,2021-02-12,1.0130000000000001,5,1.017,1.027
SW93.5L,2021-02-13,0.9890000000000001,5,0.997,1.022
SW93.5L,2021-02-14,0.953,5,0.967,1.012
SW93.5L,2021-02-15,0.921,5,0.937,0.977
SW93.5L,2021-02-16,0.881,5,0.887,0.912
SW93.5L,2021-02-17,0.825,5,0.837,0.862
SW93.5L,2021-02-18,0.743,5,0.757,0.782
SW93.5L,2021-02-19,0.6970000000000001,5,0.707,0.747
SW93.5L,2021-02-20,0.611,5,0.607,0.612
SW93.5L,2021-02-21,0.475,5,0.487,0.502
SW93.5L,2021-02-22,0.449,5,0.457,0.46199999999999997
SW93.5L,2021-02-23,0.513,5,0.517,0.517
SW93.5L,2021-02-24,0.599,5,0.597,0.587
SW93.5L,2021-02-25,0.709,5,0.707,0.6920000000000001
SW93.5L,2021-02-26,0.867,5,0.857,0.8320000000000001
SW93.5L,2021-02-27,1.031,5,1.017,0.997
SW93.5L,2021-02-28,1.111,5,1.117,1.117
SW93.5L,2021-03-01,1.125,5,1.137,1.172
SW93.5L,2021-03-02,1.1030000000000002,5,1.117,1.157
SW93.5L,2021-03-03,1.095,5,1.107,1.1320000000000001
SW93.5L,2021-03-04,1.059,5,1.067,1.087
SW93.5L,2021-03-05,0.953,5,0.967,0.9869999999999999
SW93.5L,2021-03-06,0.9349999999999999,5,0.927,0.9219999999999999
SW93.5L,2021-03-07,0.843,5,0.837,0.817
SW93.5L,2021-03-08,0.7350000000000001,5,0.737,0.7270000000000001
SW93.5L,2021-03-09,0.725,5,0.717,0.712
SW93.5L,2021-03-10,0.7929999999999999,5,0.787,0.7669999999999999
SW93.5L,2021-03-11,0.875,5,0.867,0.847
SW93.5L,2021-03-12,0.951,5,0.947,0.927
SW93.5L,2021-03-13,0.959,5,0.957,0.947
SW93.5L,2021-03-14,0.8550000000000001,5,0.867,0.882
SW93.5L,2021-03-15,0.8550000000000001,5,0.877,0.917
SW93.5L,2021-03-16,0.869,5,0.887,0.917
SW93.5L,2021-03-17,0.837,5,0.857,0.892
SW93.5L,2021-03-18,0.805,5,0.817,0.847
SW93.5L,2021-03-19,0.757,5,0.767,0.782
SW93.5L,2021-03-20,0.6769999999999999,5,0.687,0.6970000000000001
SW93.5L,2021-03-21,0.619,5,0.627,0.6519999999999999
SW93.5L,2021-03-22,0.5389999999999999,5,0.537,0.537
SW93.5L,2021-03-23,0.493,5,0.497,0.492
SW93.5L,2021-03-24,0.549,5,0.547,0.542
SW93.5L,2021-03-25,0.6369999999999999,5,0.637,0.627
SW93.5L,2021-03-26,0.743,5,0.737,0.707
SW93.5L,2021-03-27,0.8789999999999999,5,0.867,0.8420000000000001
SW93.5L,2021-03-28,0.991,5,0.967,0.922
SW93.5L,2021-03-29,1.123,5,1.107,1.072
SW93.5L,2021-03-30,1.279,5,1.267,1.252
SW93.5L,2021-03-31,1.439,5,1.467,1.537
SW93.5L,2021-04-01,1.5210000000000001,5,1.537,1.582
SW93.5L,2021-04-02,1.387,5,1.397,1.427
SW93.5L,2021-04-03,1.097,5,1.117,1.1720000000000002
SW93.5L,2021-04-04,0.909,5,0.907,0.9119999999999999
SW93.5L,2021-04-05,0.7030000000000001,5,0.697,0.687
SW93.5L,2021-04-06,0.737,5,0.727,0.702
SW93.5L,2021-04-07,0.825,5,0.817,0.7969999999999999
SW93.5L,2021-04-08,0.983,5,0.967,0.937
SW93.5L,2021-04-09,1.0850000000000002,5,1.077,1.052
SW93.5L,2021-04-10,1.105,5,1.097,1.072
SW93.5L,2021-04-11,1.155,5,1.137,1.102
SW93.5L,2021-04-12,1.181,5,1.167,1.1320000000000001
SW93.5L,2021-04-13,1.155,5,1.157,1.177
SW93.5L,2021-04-14,1.1809999999999998,5,1.197,1.2469999999999999
SW93.5L,2021-04-15,1.209,5,1.227,1.277
SW93.5L,2021-04-16,1.1949999999999998,5,1.207,1.2369999999999999
SW93.5L,2021-04-17,1.1149999999999998,5,1.127,1.142
SW93.5L,2021-04-18,1.0210000000000001,5,1.037,1.072
SW93.5L,2021-04-19,0.967,5,0.977,1.017
SW93.5L,2021-04-20,0.923,5,0.927,0.927
SW93.5L,2021-04-21,0.901,5,0.897,0.8819999999999999
SW93.5L,2021-04-22,0.9469999999999998,5,0.937,0.9119999999999999
SW93.5L,2021-04-23,0.9810000000000001,5,0.977,0.952
SW93.5L,2021-04-24,1.095,5,1.087,1.067
SW93.5L,2021-04-25,1.2349999999999999,5,1.227,1.212
SW93.5L,2021-04-26,1.415,5,1.397,1.362
SW93.5L,2021-04-27,1.611,5,1.577,1.502
SW93.5L,2021-04-28,1.6670000000000003,5,1.657,1.6320000000000001
SW93.5L,2021-04-29,1.623,5,1.627,1.6320000000000001
SW93.5L,2021-04-30,1.5070000000000001,5,1.517,1.552
SW93.5L,2021-05-01,1.465,5,1.477,1.492
SW93.5L,2021-05-02,1.359,5,1.367,1.4020000000000001
SW93.5L,2021-05-03,1.2570000000000001,5,1.257,1.272
SW93.5L,2021-05-04,1.145,5,1.137,1.127
SW93.5L,2021-05-05,1.041,5,1.027,0.992
SW93.5L,2021-05-06,1.0070000000000001,5,0.997,0.972
SW93.5L,2021-05-07,1.017,5,1.007,0.9870000000000001
SW93.5L,2021-05-08,1.091,5,1.087,1.0619999999999998
SW93.5L,2021-05-09,1.173,5,1.167,1.137
SW93.5L,2021-05-10,1.2530000000000001,5,1.237,1.1920000000000002
SW93.5L,2021-05-11,1.337,5,1.317,1.267
SW93.5L,2021-05-12,1.351,5,1.337,1.297
SW93.5L,2021-05-13,1.385,5,1.377,1.362
SW93.5L,2021-05-14,1.359,5,1.367,1.3820000000000001
SW93.5L,2021-05-15,1.339,5,1.347,1.3719999999999999
SW93.5L,2021-05-16,1.309,5,1.317,1.327
SW93.5L,2021-05-17,1.3050000000000002,5,1.307,1.3170000000000002
SW93.5L,2021-05-18,1.3190000000000002,5,1.327,1.332
SW93.5L,2021-05-19,1.323,5,1.327,1.332
SW93.5L,2021-05-20,1.315,5,1.307,1.2970000000000002
SW93.5L,2021-05-21,1.345,5,1.347,1.3370000000000002
SW93.5L,2021-05-22,1.465,5,1.467,1.4569999999999999
SW93.5L,2021-05-23,1.6510000000000002,5,1.577,1.392
SW93.5L,2021-05-24,1.907,5,1.917,1.942
SW93.5L,2021-05-25,2.315,5,2.337,2.402
SW93.5L,2021-05-26,2.787,5,2.787,2.7720000000000002
SW93.5L,2021-05-27,3.017,5,2.997,2.9320000000000004
SW93.5L,2021-05-28,2.943,5,2.937,2.9219999999999997
SW93.5L,2021-05-29,2.757,5,2.767,2.777
SW93.5L,2021-05-30,2.665,5,2.667,2.6719999999999997
SW93.5L,2021-05-31,2.653,5,2.657,2.657
SW93.5L,2021-06-01,2.6870000000000003,5,2.687,2.677
SW93.5L,2021-06-02,2.6409999999999996,5,2.637,2.637
SW93.5L,2021-06-03,2.603,5,2.597,2.597
SW93.5L,2021-06-04,2.663,5,2.667,2.662
SW93.5L,2021-06-05,2.7329999999999997,5,2.727,2.7119999999999997
SW93.5L,2021-06-06,2.745,5,2.737,2.732
SW93.5L,2021-06-07,2.773,5,2.777,2.782
SW93.5L,2021-06-08,2.839,5,2.827,2.802
SW93.5L,2021-06-09,2.897,5,2.897,2.887
SW93.5L,2021-06-10,3.027,5,3.027,3.027
SW93.5L,2021-06-11,3.253,5,3.247,3.242
SW93.5L,2021-06-12,3.415,5,3.407,3.3970000000000002
SW93.5L,2021-06-13,3.425,5,3.427,3.432
SW93.5L,2021-06-14,3.439,5,3.447,3.4619999999999997
SW93.5L,2021-06-15,3.4769999999999994,5,3.487,3.5069999999999997
SW93.5L,2021-06-16,3.5149999999999997,5,3.517,3.537
SW93.5L,2021-06-17,3.399,5,3.397,3.402
SW93.5L,2021-06-18,3.4090000000000003,5,3.397,3.382
SW93.5L,2021-06-19,3.351,5,3.347,3.347
SW93.5L,2021-06-20,3.2950000000000004,5,3.287,3.252
SW93.5L,2021-06-21,3.3950000000000005,5,3.387,3.372
SW93.5L,2021-06-22,3.571,5,3.577,3.597
SW93.5L,2021-06-23,3.675,5,3.677,3.682
SW93.5L,2021-06-24,3.793,5,3.797,3.8019999999999996
SW93.5L,2021-06-25,3.819,5,3.807,3.777
SW93.5L,2021-06-26,3.7969999999999997,5,3.797,3.8019999999999996
SW93.5L,2021-06-27,3.7630000000000003,5,3.767,3.777
SW93.5L,2021-06-28,3.739,5,3.747,3.752
SW93.5L,2021-06-29,3.7329999999999997,5,3.737,3.7569999999999997
SW93.5L,2021-06-30,3.787,5,3.787,3.787
SW93.5L,2021-07-01,3.905,5,3.907,3.8970000000000002
SW93.5L,2021-07-02,4.035,5,4.027,4.022
SW93.5L,2021-07-03,4.085,5,4.087,4.087
SW93.5L,2021-07-04,4.075,5,4.077,4.087
SW93.5L,2021-07-05,4.143,5,4.137,4.1370000000000005
SW93.5L,2021-07-06,4.218999999999999,5,4.227,4.247
SW93.5L,2021-07-07,4.297,5,4.297,4.297000000000001
SW93.5L,2021-07-08,4.369,5,4.367,4.362
SW93.5L,2021-07-09,4.385,5,4.377,4.367
SW93.5L,2021-07-10,4.371,5,4.367,4.362
SW93.5L,2021-07-11,4.341,5,4.337,4.3420000000000005
SW93.5L,2021-07-12,4.319,5,4.327,4.337
SW93.5L,2021-07-13,4.308999999999999,5,4.317,4.332
SW93.5L,2021-07-14,4.345000000000001,5,4.347,4.357
SW93.5L,2021-07-15,4.281000000000001,5,4.287,4.297000000000001
SW93.5L,2021-07-16,4.221,5,4.217,4.207000000000001
SW93.5L,2021-07-17,4.259,5,4.257,4.237
SW93.5L,2021-07-18,4.273000000000001,5,4.267,4.247
SW93.5L,2021-07-19,4.257,5,4.257,4.247
SW93.5L,2021-07-20,4.253,5,4.247,4.242
SW93.5L,2021-07-21,4.231,5,4.227,4.222
SW93.5L,2021-07-22,4.271,5,4.267,4.272
SW93.5L,2021-07-23,4.381,5,4.377,4.367
SW93.5L,2021-07-24,4.417,5,4.417,4.432
SW93.5L,2021-07-25,4.377,5,4.377,4.382
SW93.5L,2021-07-26,4.281000000000001,5,4.287,4.297
SW93.5L,2021-07-27,4.205,5,4.207,4.212
SW93.5L,2021-07-28,4.269,5,4.277,4.282
SW93.5L,2021-07-29,4.331,5,4.327,4.332000000000001
SW93.5L,2021-07-30,4.265,5,4.267,4.2669999999999995
SW93.5L,2021-07-31,4.186999999999999,5,4.197,4.207
SW93.5L,2021-08-01,4.147,5,4.147,4.132
SW93.5L,2021-08-02,4.107,5,4.107,4.0920000000000005
SW93.5L,2021-08-03,4.063,5,4.057,4.042
SW93.5L,2021-08-04,4.079,5,4.077,4.072
SW93.5L,2021-08-05,4.121,5,4.117,4.122
SW93.5L,2021-08-06,4.193,5,4.187,4.182
SW93.5L,2021-08-07,4.343,5,4.337,4.327
SW93.5L,2021-08-08,4.398999999999999,5,4.387,4.372
SW93.5L,2021-08-09,4.409000000000001,5,4.407,4.407
SW93.5L,2021-08-10,4.436999999999999,5,4.437,4.437
SW93.5L,2021-08-11,4.463,5,4.477,4.5120000000000005
SW93.5L,2021-08-12,4.579,5,4.577,4.582
SW93.5L,2021-08-13,4.651,5,4.657,4.662
SW93.5L,2021-08-14,4.705,5,4.707,4.702
SW93.5L,2021-08-15,4.747,5,4.747,4.737
SW93.5L,2021-08-16,4.833,5,4.827,4.817
SW93.5L,2021-08-17,4.9030000000000005,5,4.907,4.907
SW93.5L,2021-08-18,4.977,5,4.977,4.962
SW93.5L,2021-08-19,5.031000000000001,5,5.037,5.042
SW93.5L,2021-08-20,5.117,5,5.117,5.117
SW93.5L,2021-08-21,5.162999999999999,5,5.157,5.151999999999999
SW93.5L,2021-08-22,5.195,5,5.197,5.186999999999999
SW93.5L,2021-08-23,5.225,5,5.227,5.232
SW93.5L,2021-08-24,5.265,5,5.267,5.2620000000000005
SW93.5L,2021-08-25,5.255,5,5.257,5.2669999999999995
SW93.5L,2021-08-26,5.305,5,5.307,5.307
SW93.5L,2021-08-27,5.317,5,5.317,5.311999999999999
SW93.5L,2021-08-28,5.3149999999999995,5,5.317,5.311999999999999
SW93.5L,2021-08-29,5.357,5,5.357,5.352
SW93.5L,2021-08-30,5.339,5,5.337,5.3469999999999995
SW93.5L,2021-08-31,5.317,5,5.317,5.322
SW93.5L,2021-09-01,5.359,5,5.357,5.3469999999999995
SW93.5L,2021-09-02,5.385,5,5.387,5.392
SW93.5L,2021-09-03,5.451,5,5.457,5.457
SW93.5L,2021-09-04,5.5409999999999995,5,5.537,5.542
SW93.5L,2021-09-05,5.577,5,5.577,5.567
SW93.5L,2021-09-06,5.585,5,5.587,5.577
SW93.5L,2021-09-07,5.543,5,5.537,5.532
SW93.5L,2021-09-08,5.395,5,5.397,5.3870000000000005
SW93.5L,2021-09-09,5.251,5,5.257,5.257
SW93.5L,2021-09-10,5.1450000000000005,5,5.147,5.1419999999999995
SW93.5L,2021-09-11,5.055,5,5.057,5.072
SW93.5L,2021-09-12,4.975,5,4.977,4.997
SW93.5L,2021-09-13,4.915000000000001,5,4.917,4.927
SW93.5L,2021-09-14,4.793,5,4.797,4.807
SW93.5L,2021-09-15,4.559,5,4.557,4.537
SW93.5L,2021-09-16,4.357,5,4.357,4.3469999999999995
SW93.5L,2021-09-17,4.255,5,4.247,4.231999999999999
SW93.5L,2021-09-18,4.223000000000001,5,4.217,4.212
SW93.5L,2021-09-19,4.241,5,4.227,4.207000000000001
SW93.5L,2021-09-20,4.186999999999999,5,4.177,4.151999999999999
SW93.5L,2021-09-21,4.207,5,4.197,4.172000000000001
SW93.5L,2021-09-22,4.195,5,4.197,4.192
SW93.5L,2021-09-23,4.101,5,4.107,4.117
SW93.5L,2021-09-24,4.009,5,4.017,4.042
SW93.5L,2021-09-25,3.975,5,3.977,3.982
SW93.5L,2021-09-26,3.9730000000000003,5,3.977,3.992
SW93.5L,2021-09-27,3.883,5,3.887,3.887
SW93.5L,2021-09-28,3.871,5,3.867,3.8469999999999995
SW93.5L,2021-09-29,3.8230000000000004,5,3.827,3.8369999999999997
SW93.5L,2021-09-30,3.7049999999999996,5,3.707,3.697
SW93.5L,2021-10-01,3.6149999999999998,5,3.617,3.622
SW93.5L,2021-10-02,3.563,5,3.557,3.5469999999999997
SW93.5L,2021-10-03,3.563,5,3.567,3.567
SW93.5L,2021-10-04,3.647,5,3.637,3.622
SW93.5L,2021-10-05,3.7590000000000003,5,3.747,3.7119999999999997
SW93.5L,2021-10-06,3.851,5,3.837,3.812
SW93.5L,2021-10-07,3.871,5,3.867,3.8520000000000003
SW93.5L,2021-10-08,3.871,5,3.867,3.867
SW93.5L,2021-10-09,3.8230000000000004,5,3.827,3.8369999999999997
SW93.5L,2021-10-10,3.789,5,3.787,3.7969999999999997
SW93.5L,2021-10-11,3.7230000000000003,5,3.737,3.7569999999999997
SW93.5L,2021-10-12,3.599,5,3.597,3.6020000000000003
SW93.5L,2021-10-13,3.527,5,3.537,3.552
SW93.5L,2021-10-14,3.435,5,3.427,3.417
SW93.5L,2021-10-15,3.335,5,3.327,3.317
SW93.5L,2021-10-16,3.343,5,3.337,3.322
SW93.5L,2021-10-17,3.2909999999999995,5,3.287,3.2720000000000002
SW93.5L,2021-10-18,3.4450000000000003,5,3.437,3.402
SW93.5L,2021-10-19,3.4850000000000003,5,3.467,3.432
SW93.5L,2021-10-20,3.429,5,3.417,3.372
SW93.5L,2021-10-21,3.335,5,3.337,3.3520000000000003
SW93.5L,2021-10-22,3.4869999999999997,5,3.497,3.507
SW93.5L,2021-10-23,3.6390000000000002,5,3.637,3.642
SW93.5L,2021-10-24,3.6369999999999996,5,3.637,3.642
SW93.5L,2021-10-25,3.617,5,3.617,3.627
SW93.5L,2021-10-26,3.535,5,3.537,3.542
SW93.5L,2021-10-27,3.535,5,3.537,3.527
SW93.5L,2021-10-28,3.5469999999999997,5,3.547,3.552
SW93.5L,2021-10-29,3.585,5,3.587,3.582
SW93.5L,2021-10-30,3.5490000000000004,5,3.547,3.537
SW93.5L,2021-10-31,3.4590000000000005,5,3.457,3.447
SW93.5L,2021-11-01,3.357,5,3.347,3.3369999999999997
SW93.5L,2021-11-02,3.3049999999999997,5,3.297,3.277
SW93.5L,2021-11-03,3.2730000000000006,5,3.267,3.237
SW93.5L,2021-11-04,3.2689999999999997,5,3.257,3.217
SW93.5L,2021-11-05,3.223,5,3.217,3.187
SW93.5L,2021-11-06,3.153,5,3.147,3.1470000000000002
SW93.5L,2021-11-07,3.075,5,3.077,3.092
SW93.5L,2021-11-08,2.9690000000000003,5,2.977,2.997
SW93.5L,2021-11-09,2.8689999999999998,5,2.877,2.907
SW93.5L,2021-11-10,2.779,5,2.787,2.812
SW93.5L,2021-11-11,2.7030000000000003,5,2.707,2.702
SW93.5L,2021-11-12,2.623,5,2.617,2.617
SW93.5L,2021-11-13,2.501,5,2.497,2.477
SW93.5L,2021-11-14,2.425,5,2.427,2.417
SW93.5L,2021-11-15,2.415,5,2.417,2.407
SW93.5L,2021-11-16,2.393,5,2.387,2.377
SW93.5L,2021-11-17,2.3810000000000002,5,2.377,2.357
SW93.5L,2021-11-18,2.357,5,2.357,2.352
SW93.5L,2021-11-19,2.381,5,2.377,2.367
SW93.5L,2021-11-20,2.341,5,2.337,2.3419999999999996
SW93.5L,2021-11-21,2.291,5,2.297,2.317
SW93.5L,2021-11-22,2.223,5,2.227,2.242
SW93.5L,2021-11-23,2.129,5,2.127,2.137
SW93.5L,2021-11-24,2.053,5,2.057,2.077
SW93.5L,2021-11-25,1.989,5,1.997,2.007
SW93.5L,2021-11-26,1.941,5,1.947,1.952
SW93.5L,2021-11-27,1.875,5,1.877,1.8820000000000001
SW93.5L,2021-11-28,1.799,5,1.807,1.812
SW93.5L,2021-11-29,1.7710000000000001,5,1.767,1.762
SW93.5L,2021-11-30,1.7670000000000001,5,1.767,1.7570000000000001
SW93.5L,2021-12-01,1.815,5,1.807,1.802
SW93.5L,2021-12-02,1.919,5,1.917,1.8970000000000002
SW93.5L,2021-12-03,2.011,5,1.997,1.967
SW93.5L,2021-12-04,2.065,5,2.057,2.0220000000000002
SW93.5L,2021-12-05,2.153,5,2.157,2.157
SW93.5L,2021-12-06,2.219,5,2.227,2.237
SW93.5L,2021-12-07,2.287,5,2.307,2.3419999999999996
SW93.5L,2021-12-08,2.095,5,2.107,2.127
SW93.5L,2021-12-09,1.8990000000000002,5,1.907,1.932
SW93.5L,2021-12-10,1.7269999999999999,5,1.727,1.717
SW93.5L,2021-12-11,1.613,5,1.617,1.617
SW93.5L,2021-12-12,1.5070000000000001,5,1.497,1.487
SW93.5L,2021-12-13,1.427,5,1.417,1.407
SW93.5L,2021-12-14,1.423,5,1.417,1.412
SW93.5L,2021-12-15,1.415,5,1.417,1.407
SW93.5L,2021-12-16,1.473,5,1.477,1.482
SW93.5L,2021-12-17,1.4769999999999999,5,1.477,1.472
SW93.5L,2021-12-18,1.459,5,1.457,1.452
SW93.5L,2021-12-19,1.431,5,1.427,1.432
SW93.5L,2021-12-20,1.365,5,1.377,1.397
SW93.5L,2021-12-21,1.365,5,1.367,1.387
SW93.5L,2021-12-22,1.403,5,1.407,1.407
SW93.5L,2021-12-23,1.379,5,1.387,1.392
SW93.5L,2021-12-24,1.3210000000000002,5,1.327,1.342
SW93.5L,2021-12-25,1.2710000000000001,5,1.277,1.282
SW93.5L,2021-12-26,1.215,5,1.217,1.217
SW93.5L,2021-12-27,1.147,5,1.147,1.162
SW93.5L,2021-12-28,1.095,5,1.097,1.102
SW93.5L,2021-12-29,1.099,5,1.097,1.082
SW93.5L,2021-12-30,1.097,5,1.097,1.0870000000000002
SW93.5L,2021-12-31,1.123,5,1.117,1.112
SW93.5L,2022-01-01,1.1320000000000001,5,1.13,1.115
SW93.5L,2022-01-02,1.214,5,1.21,1.1949999999999998
SW93.5L,2022-01-03,1.29,5,1.29,1.29
SW93.5L,2022-01-04,1.298,5,1.3,1.315
SW93.5L,2022-01-05,1.25,5,1.26,1.28
SW93.5L,2022-01-06,1.234,5,1.23,1.22
SW93.5L,2022-01-07,1.17,5,1.17,1.175
SW93.5L,2022-01-08,1.0779999999999998,5,1.08,1.095
SW93.5L,2022-01-09,1.008,5,1.01,1.02
SW93.5L,2022-01-10,0.93,5,0.93,0.925
SW93.5L,2022-01-11,0.8560000000000001,5,0.85,0.84
SW93.5L,2022-01-12,0.806,5,0.81,0.825
SW93.5L,2022-01-13,0.8039999999999999,5,0.8,0.8049999999999999
SW93.5L,2022-01-14,0.8280000000000001,5,0.83,0.8300000000000001
SW93.5L,2022-01-15,0.8140000000000001,5,0.81,0.815
SW93.5L,2022-01-16,0.8099999999999999,5,0.81,0.815
SW93.5L,2022-01-17,0.8299999999999998,5,0.83,0.8400000000000001
SW93.5L,2022-01-18,0.9219999999999999,5,0.92,0.9099999999999999
SW93.5L,2022-01-19,0.9960000000000001,5,1.01,1.04
SW93.5L,2022-01-20,1.002,5,1.01,1.03
SW93.5L,2022-01-21,1.028,5,1.03,1.045
SW93.5L,2022-01-22,1.052,5,1.06,1.07
SW93.5L,2022-01-23,1.018,5,1.02,1.04
SW93.5L,2022-01-24,0.9960000000000001,5,1.0,1.005
SW93.5L,2022-01-25,0.994,5,0.99,0.995
SW93.5L,2022-01-26,0.968,5,0.97,0.9600000000000001
SW93.5L,2022-01-27,0.892,5,0.89,0.875
SW93.5L,2022-01-28,0.818,5,0.82,0.83
SW93.5L,2022-01-29,0.776,5,0.78,0.7849999999999999
SW93.5L,2022-01-30,0.8240000000000001,5,0.82,0.815
SW93.5L,2022-01-31,0.95,5,0.95,0.94
SW93.5L,2022-02-01,1.106,5,1.11,1.105
SW93.5L,2022-02-02,1.222,5,1.22,1.23
SW93.5L,2022-02-03,1.188,5,1.2,1.235
SW93.5L,2022-02-04,1.176,5,1.18,1.18
SW93.5L,2022-02-05,1.154,5,1.16,1.19
SW93.5L,2022-02-06,1.006,5,1.02,1.06
SW93.5L,2022-02-07,0.828,5,0.84,0.88
SW93.5L,2022-02-08,0.754,5,0.76,0.77
SW93.5L,2022-02-09,0.6639999999999999,5,0.66,0.665
SW93.5L,2022-02-10,0.586,5,0.58,0.58
SW93.5L,2022-02-11,0.542,5,0.55,0.555
SW93.5L,2022-02-12,0.5199999999999999,5,0.53,0.5499999999999999
SW93.5L,2022-02-13,0.476,5,0.48,0.48
SW93.5L,2022-02-14,0.594,5,0.6,0.6
SW93.5L,2022-02-15,0.71,5,0.72,0.73
SW93.5L,2022-02-16,0.8540000000000001,5,0.86,0.865
SW93.5L,2022-02-17,0.9099999999999999,5,0.92,0.9349999999999999
SW93.5L,2022-02-18,0.9359999999999999,5,0.95,0.98
SW93.5L,2022-02-19,0.966,5,0.98,1.0150000000000001
SW93.5L,2022-02-20,0.994,5,1.0,1.025
SW93.5L,2022-02-21,1.088,5,1.1,1.115
SW93.5L,2022-02-22,1.064,5,1.07,1.1
SW93.5L,2022-02-23,0.954,5,0.96,0.97
SW93.5L,2022-02-24,0.8460000000000001,5,0.85,0.865
SW93.5L,2022-02-25,0.72,5,0.72,0.7050000000000001
SW93.5L,2022-02-26,0.6839999999999999,5,0.68,0.685
SW93.5L,2022-02-27,0.7220000000000001,5,0.72,0.7250000000000001
SW93.5L,2022-02-28,0.8039999999999999,5,0.8,0.775
SW93.5L,2022-03-01,0.8940000000000001,5,0.89,0.875
SW93.5L,2022-03-02,0.9400000000000001,5,0.94,0.95
SW93.5L,2022-03-03,0.9800000000000001,5,0.99,1.0
SW93.5L,2022-03-04,0.9800000000000001,5,0.99,1.025
SW93.5L,2022-03-05,0.982,5,1.0,1.04
SW93.5L,2022-03-06,0.976,5,0.99,1.02
SW93.5L,2022-03-07,0.8779999999999999,5,0.89,0.9149999999999999
SW93.5L,2022-03-08,0.798,5,0.81,0.825
SW93.5L,2022-03-09,0.7,5,0.71,0.7350000000000001
SW93.5L,2022-03-10,0.604,5,0.61,0.615
SW93.5L,2022-03-11,0.52,5,0.52,0.52
SW93.5L,2022-03-12,0.43599999999999994,5,0.45,0.47
SW93.5L,2022-03-13,0.45,5,0.45,0.45
SW93.5L,2022-03-14,0.522,5,0.52,0.51
SW93.5L,2022-03-15,0.6439999999999999,5,0.64,0.615
SW93.5L,2022-03-16,0.76,5,0.75,0.735
SW93.5L,2022-03-17,0.8520000000000001,5,0.85,0.8600000000000001
SW93.5L,2022-03-18,0.976,5,0.97,0.95
SW93.5L,2022-03-19,1.024,5,1.03,1.0499999999999998
SW93.5L,2022-03-20,1.0699999999999998,5,1.09,1.1400000000000001
SW93.5L,2022-03-21,1.1199999999999999,5,1.14,1.185
SW93.5L,2022-03-22,1.1099999999999999,5,1.12,1.155
SW93.5L,2022-03-23,1.0699999999999998,5,1.09,1.125
SW93.5L,2022-03-24,0.9960000000000001,5,1.01,1.05
SW93.5L,2022-03-25,1.056,5,1.06,1.06
SW93.5L,2022-03-26,1.0459999999999998,5,1.05,1.05
SW93.5L,2022-03-27,1.0379999999999998,5,1.03,1.015
SW93.5L,2022-03-28,1.06,5,1.05,1.04
SW93.5L,2022-03-29,1.174,5,1.16,1.13
SW93.5L,2022-03-30,1.334,5,1.32,1.2850000000000001
SW93.5L,2022-03-31,1.496,5,1.48,1.455
SW93.5L,2022-04-01,1.584,5,1.57,1.54
SW93.5L,2022-04-02,1.6039999999999999,5,1.6,1.585
SW93.5L,2022-04-03,1.508,5,1.52,1.56
SW93.5L,2022-04-04,1.55,5,1.57,1.605
SW93.5L,2022-04-05,1.532,5,1.54,1.57
SW93.5L,2022-04-06,1.468,5,1.48,1.5
SW93.5L,2022-04-07,1.386,5,1.4,1.42
SW93.5L,2022-04-08,1.376,5,1.38,1.3900000000000001
SW93.5L,2022-04-09,1.488,5,1.49,1.48
SW93.5L,2022-04-10,1.748,5,1.74,1.73
SW93.5L,2022-04-11,1.9759999999999998,5,1.97,1.9649999999999999
SW93.5L,2022-04-12,2.124,5,2.12,2.105
SW93.5L,2022-04-13,2.166,5,2.16,2.15
SW93.5L,2022-04-14,2.2359999999999998,5,2.23,2.2
SW93.5L,2022-04-15,2.3120000000000003,5,2.3,2.255
SW93.5L,2022-04-16,2.354,5,2.34,2.295
SW93.5L,2022-04-17,2.406,5,2.39,2.3600000000000003
SW93.5L,2022-04-18,2.316,5,2.31,2.295
SW93.5L,2022-04-19,2.198,5,2.21,2.225
SW93.5L,2022-04-20,2.202,5,2.21,2.2350000000000003
SW93.5L,2022-04-21,2.128,5,2.13,2.15
SW93.5L,2022-04-22,2.2380000000000004,5,2.24,2.24
SW93.5L,2022-04-23,2.398,5,2.4,2.3899999999999997
SW93.5L,2022-04-24,2.444,5,2.44,2.4299999999999997
SW93.5L,2022-04-25,2.386,5,2.38,2.375
SW93.5L,2022-04-26,2.276,5,2.27,2.26
SW93.5L,2022-04-27,2.184,5,2.18,2.1550000000000002
SW93.5L,2022-04-28,2.154,5,2.14,2.115
SW93.5L,2022-04-29,2.174,5,2.16,2.12
SW93.5L,2022-04-30,2.19,5,2.17,2.13
SW93.5L,2022-05-01,2.184,5,2.17,2.145
SW93.5L,2022-05-02,2.148,5,2.15,2.17
SW93.5L,2022-05-03,2.164,5,2.17,2.2
SW93.5L,2022-05-04,2.1879999999999997,5,2.2,2.225
SW93.5L,2022-05-05,2.15,5,2.16,2.17
SW93.5L,2022-05-06,2.028,5,2.03,2.04
SW93.5L,2022-05-07,1.92,5,1.92,1.92
SW93.5L,2022-05-08,1.812,5,1.81,1.8199999999999998
SW93.5L,2022-05-09,1.7420000000000002,5,1.74,1.7349999999999999
SW93.5L,2022-05-10,1.8,5,1.79,1.77
SW93.5L,2022-05-11,1.9119999999999997,5,1.91,1.9049999999999998
SW93.5L,2022-05-12,2.0260000000000002,5,2.03,2.035
SW93.5L,2022-05-13,2.1079999999999997,5,2.11,2.1149999999999998
SW93.5L,2022-05-14,2.252,5,2.25,2.26
SW93.5L,2022-05-15,2.368,5,2.36,2.355
SW93.5L,2022-05-16,2.502,5,2.49,2.4450000000000003
SW93.5L,2022-05-17,2.568,5,2.55,2.52
SW93.5L,2022-05-18,2.62,5,2.63,2.645
SW93.5L,2022-05-19,2.8579999999999997,5,2.85,2.8449999999999998
SW93.5L,2022-05-20,3.2920000000000003,5,3.29,3.285
SW93.5L,2022-05-21,3.528,5,3.53,3.5300000000000002
SW93.5L,2022-05-22,3.6519999999999997,5,3.65,3.6399999999999997
SW93.5L,2022-05-23,3.724,5,3.72,3.7
SW93.5L,2022-05-24,3.758,5,3.75,3.73
SW93.5L,2022-05-25,3.7700000000000005,5,3.76,3.75
SW93.5L,2022-05-26,3.7,5,3.69,3.67
SW93.5L,2022-05-27,3.594,5,3.59,3.565
SW93.5L,2022-05-28,3.4579999999999997,5,3.45,3.425
SW93.5L,2022-05-29,3.3600000000000003,5,3.35,3.325
SW93.5L,2022-05-30,3.252,5,3.24,3.2
SW93.5L,2022-05-31,3.128,5,3.12,3.115
SW93.5L,2022-06-01,3.036,5,3.05,3.0700000000000003
SW93.5L,2022-06-02,2.978,5,2.98,3.0
SW93.5L,2022-06-03,2.9859999999999998,5,2.99,3.0
SW93.5L,2022-06-04,3.0,5,3.0,3.0
SW93.5L,2022-06-05,2.978,5,2.98,2.98
SW93.5L,2022-06-06,2.948,5,2.95,2.945
SW93.5L,2022-06-07,2.988,5,2.99,2.99
SW93.5L,2022-06-08,3.0759999999999996,5,3.07,3.045
SW93.5L,2022-06-09,3.194,5,3.2,3.2
SW93.5L,2022-06-10,3.272,5,3.27,3.2800000000000002
SW93.5L,2022-06-11,3.382,5,3.39,3.4050000000000002
SW93.5L,2022-06-12,3.532,5,3.54,3.5549999999999997
SW93.5L,2022-06-13,3.6380000000000003,5,3.64,3.645
SW93.5L,2022-06-14,3.786,5,3.78,3.7750000000000004
SW93.5L,2022-06-15,3.918,5,3.91,3.9
SW93.5L,2022-06-16,4.026,5,4.03,4.025
SW93.5L,2022-06-17,4.228,5,4.22,4.205
SW93.5L,2022-06-18,4.414,5,4.41,4.395
SW93.5L,2022-06-19,4.526,5,4.52,4.515000000000001
SW93.5L,2022-06-20,4.67,5,4.66,4.640000000000001
SW93.5L,2022-06-21,4.82,5,4.81,4.795
SW93.5L,2022-06-22,4.902,5,4.9,4.905
SW93.5L,2022-06-23,4.918,5,4.92,4.92
SW93.5L,2022-06-24,4.901999999999999,5,4.9,4.890000000000001
SW93.5L,2022-06-25,4.837999999999999,5,4.84,4.83
SW93.5L,2022-06-26,4.682,5,4.68,4.675
SW93.5L,2022-06-27,4.482,5,4.48,4.49
SW93.5L,2022-06-28,4.306,5,4.3,4.295
SW93.5L,2022-06-29,4.254,5,4.26,4.27
SW93.5L,2022-06-30,4.282,5,4.28,4.29
SW93.5L,2022-07-01,4.3759999999999994,5,4.38,4.390000000000001
SW93.5L,2022-07-02,4.432,5,4.44,4.449999999999999
SW93.5L,2022-07-03,4.522,5,4.52,4.525
SW93.5L,2022-07-04,4.596,5,4.6,4.6
SW93.5L,2022-07-05,4.58,5,4.58,4.575
SW93.5L,2022-07-06,4.58,5,4.58,4.57
SW93.5L,2022-07-07,4.432,5,4.43,4.43
SW93.5L,2022-07-08,4.264,5,4.26,4.245
SW93.5L,2022-07-09,4.142,5,4.14,4.12
SW93.5L,2022-07-10,4.082,5,4.08,4.0600000000000005
SW93.5L,2022-07-11,4.034000000000001,5,4.03,4.0200000000000005
SW93.5L,2022-07-12,4.054,5,4.04,4.01
SW93.5L,2022-07-13,4.0280000000000005,5,4.02,3.985
SW93.5L,2022-07-14,3.992,5,3.98,3.965
SW93.5L,2022-07-15,3.9159999999999995,5,3.92,3.935
SW93.5L,2022-07-16,3.878,5,3.88,3.8899999999999997
SW93.5L,2022-07-17,3.85,5,3.85,3.8649999999999998
SW93.5L,2022-07-18,3.75,5,3.76,3.77
SW93.5L,2022-07-19,3.63,5,3.63,3.625
SW93.5L,2022-07-20,3.5100000000000002,5,3.51,3.51
SW93.5L,2022-07-21,3.446,5,3.44,3.41
SW93.5L,2022-07-22,3.35,5,3.34,3.315
SW93.5L,2022-07-23,3.31,5,3.31,3.3
SW93.5L,2022-07-24,3.3480000000000003,5,3.35,3.3550000000000004
SW93.5L,2022-07-25,3.444,5,3.45,3.465
SW93.5L,2022-07-26,3.5700000000000003,5,3.57,3.58
SW93.5L,2022-07-27,3.664,5,3.66,3.64
SW93.5L,2022-07-28,3.724,5,3.72,3.715
SW93.5L,2022-07-29,3.78,5,3.78,3.7800000000000002
SW93.5L,2022-07-30,3.8200000000000003,5,3.82,3.83
SW93.5L,2022-07-31,3.832,5,3.84,3.85
SW93.5L,2022-08-01,3.904,5,3.9,3.89
SW93.5L,2022-08-02,3.9480000000000004,5,3.95,3.94
SW93.5L,2022-08-03,4.032,5,4.03,4.035
SW93.5L,2022-08-04,4.268,5,4.27,4.26
SW93.5L,2022-08-05,4.404,5,4.4,4.395
SW93.5L,2022-08-06,4.45,5,4.45,4.4399999999999995
SW93.5L,2022-08-07,4.486,5,4.48,4.455
SW93.5L,2022-08-08,4.4799999999999995,5,4.48,4.48
SW93.5L,2022-08-09,4.54,5,4.53,4.52
SW93.5L,2022-08-10,4.622,5,4.62,4.605
SW93.5L,2022-08-11,4.636,5,4.62,4.595
SW93.5L,2022-08-12,4.49,5,4.48,4.46
SW93.5L,2022-08-13,4.406000000000001,5,4.41,4.415
SW93.5L,2022-08-14,4.497999999999999,5,4.5,4.5
SW93.5L,2022-08-15,4.37,5,4.37,4.365
SW93.5L,2022-08-16,4.17,5,4.18,4.195
SW93.5L,2022-08-17,3.96,5,3.97,4.0
SW93.5L,2022-08-18,3.7980000000000005,5,3.8,3.795
SW93.5L,2022-08-19,3.8560000000000003,5,3.85,3.83
SW93.5L,2022-08-20,3.912,5,3.9,3.885
SW93.5L,2022-08-21,3.748,5,3.74,3.7199999999999998
SW93.5L,2022-08-22,3.646,5,3.65,3.65
SW93.5L,2022-08-23,3.714,5,3.71,3.715
SW93.5L,2022-08-24,3.8899999999999997,5,3.9,3.92
SW93.5L,2022-08-25,3.8980000000000006,5,3.89,3.865
SW93.5L,2022-08-26,3.8899999999999997,5,3.87,3.845
SW93.5L,2022-08-27,3.904,5,3.9,3.875
SW93.5L,2022-08-28,3.9619999999999997,5,3.96,3.9699999999999998
SW93.5L,2022-08-29,3.9579999999999997,5,3.96,3.9699999999999998
SW93.5L,2022-08-30,4.0,5,4.0,4.005
SW93.5L,2022-08-31,4.08,5,4.08,4.09
SW93.5L,2022-09-01,4.218,5,4.21,4.205
SW93.5L,2022-09-02,4.298,5,4.3,4.295
SW93.5L,2022-09-03,4.366,5,4.36,4.359999999999999
SW93.5L,2022-09-04,4.465999999999999,5,4.46,4.449999999999999
SW93.5L,2022-09-05,4.5120000000000005,5,4.51,4.51
SW93.5L,2022-09-06,4.532,5,4.53,4.525
SW93.5L,2022-09-07,4.5520000000000005,5,4.55,4.550000000000001
SW93.5L,2022-09-08,4.576,5,4.57,4.5649999999999995
SW93.5L,2022-09-09,4.62,5,4.62,4.63
SW93.5L,2022-09-10,4.742,5,4.74,4.725
SW93.5L,2022-09-11,4.808,5,4.8,4.795
SW93.5L,2022-09-12,4.864,5,4.87,4.88
SW93.5L,2022-09-13,4.858,5,4.86,4.859999999999999
SW93.5L,2022-09-14,4.766,5,4.77,4.775
SW93.5L,2022-09-15,4.6259999999999994,5,4.63,4.64
SW93.5L,2022-09-16,4.418,5,4.42,4.43
SW93.5L,2022-09-17,4.232,5,4.23,4.24
SW93.5L,2022-09-18,4.064,5,4.06,4.065
SW93.5L,2022-09-19,3.982,5,3.98,3.96
SW93.5L,2022-09-20,4.064,5,4.07,4.075
SW93.5L,2022-09-21,4.07,5,4.07,4.0600000000000005
SW93.5L,2022-09-22,4.036,5,4.03,4.025
SW93.5L,2022-09-23,3.9899999999999998,5,3.98,3.97
SW93.5L,2022-09-24,4.0280000000000005,5,4.02,4.0
SW93.5L,2022-09-25,4.078,5,4.07,4.05
SW93.5L,2022-09-26,4.142,5,4.14,4.13
SW93.5L,2022-09-27,4.2219999999999995,5,4.23,4.255
SW93.5L,2022-09-28,4.294,5,4.3,4.3149999999999995
SW93.5L,2022-09-29,4.346,5,4.35,4.355
SW93.5L,2022-09-30,4.3740000000000006,5,4.38,4.395
SW93.5L,2022-10-01,4.348,5,4.34,4.335
SW93.5L,2022-10-02,4.316,5,4.31,4.305
SW93.5L,2022-10-03,4.348,5,4.35,4.34
SW93.5L,2022-10-04,4.2780000000000005,5,4.27,4.265000000000001
SW93.5L,2022-10-05,4.184,5,4.18,4.175
SW93.5L,2022-10-06,4.122,5,4.12,4.109999999999999
SW93.5L,2022-10-07,4.064,5,4.05,4.03
SW93.5L,2022-10-08,4.024,5,4.02,4.0
SW93.5L,2022-10-09,4.045999999999999,5,4.04,4.01
SW93.5L,2022-10-10,4.0600000000000005,5,4.06,4.05
SW93.5L,2022-10-11,4.076,5,4.08,4.08
SW93.5L,2022-10-12,4.148,5,4.15,4.16
SW93.5L,2022-10-13,4.258,5,4.25,4.24
SW93.5L,2022-10-14,4.38,5,4.37,4.36
SW93.5L,2022-10-15,4.412000000000001,5,4.39,4.32
SW93.5L,2022-10-16,4.544,5,4.54,4.54
SW93.5L,2022-10-17,4.59,5,4.59,4.59
SW93.5L,2022-10-18,4.6240000000000006,5,4.62,4.609999999999999
SW93.5L,2022-10-19,4.593999999999999,5,4.59,4.595000000000001
SW93.5L,2022-10-20,4.544,5,4.54,4.545
SW93.5L,2022-10-21,4.502,5,4.5,4.49
SW93.5L,2022-10-22,4.412,5,4.41,4.405
SW93.5L,2022-10-23,4.302,5,4.29,4.275
SW93.5L,2022-10-24,4.3100000000000005,5,4.32,4.355
SW93.5L,2022-10-25,4.492,5,4.49,4.47
SW93.5L,2022-10-26,4.194,5,4.19,4.1850000000000005
SW93.5L,2022-10-27,3.9479999999999995,5,3.95,3.96
SW93.5L,2022-10-28,3.78,5,3.79,3.8
SW93.5L,2022-10-29,3.6399999999999997,5,3.65,3.665
SW93.5L,2022-10-30,3.5420000000000003,5,3.54,3.545
SW93.5L,2022-10-31,3.472,5,3.47,3.475
SW93.5L,2022-11-01,3.41,5,3.41,3.415
SW93.5L,2022-11-02,3.3659999999999997,5,3.36,3.335
SW93.5L,2022-11-03,3.276,5,3.27,3.2649999999999997
SW93.5L,2022-11-04,3.1580000000000004,5,3.15,3.14
SW93.5L,2022-11-05,3.116,5,3.1,3.075
SW93.5L,2022-11-06,3.092,5,3.08,3.0650000000000004
SW93.5L,2022-11-07,3.0439999999999996,5,3.05,3.075
SW93.5L,2022-11-08,2.976,5,2.97,2.965
SW93.5L,2022-11-09,2.884,5,2.89,2.9050000000000002
SW93.5L,2022-11-10,2.7560000000000002,5,2.76,2.775
SW93.5L,2022-11-11,2.66,5,2.66,2.675
SW93.5L,2022-11-12,2.576,5,2.59,2.6100000000000003
SW93.5L,2022-11-13,2.4539999999999997,5,2.46,2.475
SW93.5L,2022-11-14,2.338,5,2.34,2.355
SW93.5L,2022-11-15,2.254,5,2.26,2.27
SW93.5L,2022-11-16,2.184,5,2.19,2.19
SW93.5L,2022-11-17,2.0740000000000003,5,2.07,2.0700000000000003
SW93.5L,2022-11-18,1.9779999999999998,5,1.98,1.98
SW93.5L,2022-11-19,1.9780000000000002,5,1.97,1.96
SW93.5L,2022-11-20,2.002,5,2.0,1.985
SW93.5L,2022-11-21,2.056,5,2.05,2.025
SW93.5L,2022-11-22,2.068,5,2.06,2.05
SW93.5L,2022-11-23,2.088,5,2.08,2.05
SW93.5L,2022-11-24,2.132,5,2.12,2.08
SW93.5L,2022-11-25,2.146,5,2.14,2.12
SW93.5L,2022-11-26,2.136,5,2.15,2.185
SW93.5L,2022-11-27,2.052,5,2.06,2.09
SW93.5L,2022-11-28,1.9460000000000002,5,1.95,1.96
SW93.5L,2022-11-29,1.902,5,1.9,1.9100000000000001
SW93.5L,2022-11-30,1.8980000000000001,5,1.9,1.895
SW93.5L,2022-12-01,1.778,5,1.78,1.785
SW93.5L,2022-12-02,1.6600000000000001,5,1.65,1.635
SW93.5L,2022-12-03,1.6019999999999999,5,1.6,1.585
SW93.5L,2022-12-04,1.6,5,1.6,1.5899999999999999
SW93.5L,2022-12-05,1.6460000000000001,5,1.64,1.635
SW93.5L,2022-12-06,1.65,5,1.65,1.6400000000000001
SW93.5L,2022-12-07,1.6460000000000001,5,1.65,1.645
SW93.5L,2022-12-08,1.6480000000000001,5,1.65,1.645
SW93.5L,2022-12-09,1.6320000000000001,5,1.64,1.645
SW93.5L,2022-12-10,1.656,5,1.66,1.68
SW93.5L,2022-12-11,1.674,5,1.69,1.7149999999999999
SW93.5L,2022-12-12,1.582,5,1.59,1.6099999999999999
SW93.5L,2022-12-13,1.498,5,1.51,1.535
SW93.5L,2022-12-14,1.436,5,1.44,1.4500000000000002
SW93.5L,2022-12-15,1.3359999999999999,5,1.34,1.345
SW93.5L,2022-12-16,1.256,5,1.26,1.285
SW93.5L,2022-12-17,1.176,5,1.18,1.1800000000000002
SW93.5L,2022-12-18,1.186,5,1.18,1.17
SW93.5L,2022-12-19,1.204,5,1.2,1.185
SW93.5L,2022-12-20,1.244,5,1.24,1.245
SW93.5L,2022-12-21,1.3539999999999999,5,1.35,1.345
SW93.5L,2022-12-22,1.432,5,1.42,1.4049999999999998
SW93.5L,2022-12-23,1.504,5,1.5,1.5
SW93.5L,2022-12-24,1.522,5,1.53,1.55
SW93.5L,2022-12-25,1.6179999999999999,5,1.62,1.6099999999999999
SW93.5L,2022-12-26,1.578,5,1.6,1.6400000000000001
SW93.5L,2022-12-27,1.562,5,1.57,1.59
SW93.5L,2022-12-28,1.512,5,1.51,1.5150000000000001
SW93.5L,2022-12-29,1.332,5,1.34,1.37
SW93.5L,2022-12-30,1.234,5,1.24,1.255
SW93.5L,2022-12-31,1.134,5,1.13,1.125
SW93.5L,2023-01-01,1.058,5,1.06,1.05
SW93.5L,2023-01-02,0.9879999999999999,5,0.99,0.99
SW93.5L,2023-01-03,0.9199999999999999,5,0.92,0.935
SW93.5L,2023-01-04,0.874,5,0.88,0.88
SW93.5L,2023-01-05,0.876,5,0.88,0.88
SW93.5L,2023-01-06,0.8720000000000001,5,0.87,0.8600000000000001
SW93.5L,2023-01-07,0.9380000000000001,5,0.93,0.92
SW93.5L,2023-01-08,0.992,5,1.0,1.0150000000000001
SW93.5L,2023-01-09,1.0,5,1.01,1.035
SW93.5L,2023-01-10,1.016,5,1.02,1.04
SW93.5L,2023-01-11,1.016,5,1.02,1.0150000000000001
SW93.5L,2023-01-12,0.952,5,0.96,0.965
SW93.5L,2023-01-13,0.95,5,0.96,0.975
SW93.5L,2023-01-14,0.922,5,0.93,0.935
SW93.5L,2023-01-15,0.8960000000000001,5,0.9,0.9
SW93.5L,2023-01-16,0.8240000000000001,5,0.82,0.825
SW93.5L,2023-01-17,0.752,5,0.75,0.755
SW93.5L,2023-01-18,0.742,5,0.75,0.755
SW93.5L,2023-01-19,0.724,5,0.73,0.735
SW93.5L,2023-01-20,0.774,5,0.77,0.77
SW93.5L,2023-01-21,0.8800000000000001,5,0.88,0.865
SW93.5L,2023-01-22,1.018,5,1.02,1.0350000000000001
SW93.5L,2023-01-23,1.116,5,1.12,1.12
SW93.5L,2023-01-24,1.1099999999999999,5,1.12,1.135
SW93.5L,2023-01-25,1.086,5,1.09,1.1
SW93.5L,2023-01-26,1.036,5,1.04,1.0550000000000002
SW93.5L,2023-01-27,0.9199999999999999,5,0.93,0.95
SW93.5L,2023-01-28,0.8039999999999999,5,0.81,0.8200000000000001
SW93.5L,2023-01-29,0.67,5,0.67,0.665
SW93.5L,2023-01-30,0.632,5,0.63,0.62
SW93.5L,2023-01-31,0.632,5,0.63,0.64
SW93.5L,2023-02-01,0.642,5,0.64,0.6499999999999999
SW93.5L,2023-02-02,0.602,5,0.61,0.625
SW93.5L,2023-02-03,0.588,5,0.59,0.6
SW93.5L,2023-02-04,0.6799999999999999,5,0.68,0.68
SW93.5L,2023-02-05,0.766,5,0.77,0.775
SW93.5L,2023-02-06,0.8300000000000001,5,0.84,0.8699999999999999
SW93.5L,2023-02-07,0.9099999999999999,5,0.92,0.94
SW93.5L,2023-02-08,0.962,5,0.97,1.0
SW93.5L,2023-02-09,0.974,5,0.99,1.0150000000000001
SW93.5L,2023-02-10,0.9259999999999999,5,0.93,0.945
SW93.5L,2023-02-11,0.8800000000000001,5,0.88,0.8899999999999999
SW93.5L,2023-02-12,0.818,5,0.82,0.8300000000000001
SW93.5L,2023-02-13,0.752,5,0.76,0.7749999999999999
SW93.5L,2023-02-14,0.6020000000000001,5,0.6,0.585
SW93.5L,2023-02-15,0.538,5,0.53,0.525
SW93.5L,2023-02-16,0.564,5,0.56,0.55
SW93.5L,2023-02-17,0.6679999999999999,5,0.66,0.655
SW93.5L,2023-02-18,0.808,5,0.8,0.775
SW93.5L,2023-02-19,0.982,5,0.97,0.9450000000000001
SW93.5L,2023-02-20,1.1640000000000001,5,1.16,1.155
SW93.5L,2023-02-21,1.26,5,1.26,1.2650000000000001
SW93.5L,2023-02-22,1.262,5,1.27,1.29
SW93.5L,2023-02-23,1.236,5,1.24,1.265
SW93.5L,2023-02-24,1.1800000000000002,5,1.19,1.21
SW93.5L,2023-02-25,0.982,5,0.99,1.0150000000000001
SW93.5L,2023-02-26,0.82,5,0.83,0.8600000000000001
SW93.5L,2023-02-27,0.72,5,0.73,0.745
SW93.5L,2023-02-28,0.5740000000000001,5,0.57,0.5599999999999999
SW93.5L,2023-03-01,0.43600000000000005,5,0.45,0.47
SW93.5L,2023-03-02,0.42400000000000004,5,0.42,0.425
SW93.5L,2023-03-03,0.472,5,0.47,0.465
SW93.5L,2023-03-04,0.55,5,0.55,0.56
SW93.5L,2023-03-05,0.6519999999999999,5,0.65,0.66
SW93.5L,2023-03-06,0.724,5,0.72,0.725
SW93.5L,2023-03-07,0.8,5,0.81,0.8200000000000001
SW93.5L,2023-03-08,0.8240000000000001,5,0.84,0.8699999999999999
SW93.5L,2023-03-09,0.78,5,0.8,0.845
SW93.5L,2023-03-10,0.806,5,0.82,0.855
SW93.5L,2023-03-11,0.8219999999999998,5,0.83,0.865
SW93.5L,2023-03-12,0.748,5,0.76,0.785
SW93.5L,2023-03-13,0.7,5,0.71,0.735
SW93.5L,2023-03-14,0.682,5,0.69,0.71
SW93.5L,2023-03-15,0.704,5,0.71,0.7250000000000001
SW93.5L,2023-03-16,0.634,5,0.63,0.62
SW93.5L,2023-03-17,0.58,5,0.57,0.55
SW93.5L,2023-03-18,0.614,5,0.61,0.59
SW93.5L,2023-03-19,0.772,5,0.76,0.74
SW93.5L,2023-03-20,0.982,5,0.96,0.9199999999999999
SW93.5L,2023-03-21,1.168,5,1.15,1.115
SW93.5L,2023-03-22,1.222,5,1.21,1.185
SW93.5L,2023-03-23,1.218,5,1.22,1.215
SW93.5L,2023-03-24,1.1320000000000001,5,1.15,1.18
SW93.5L,2023-03-25,1.068,5,1.08,1.1099999999999999
SW93.5L,2023-03-26,0.9719999999999999,5,0.98,0.995
SW93.5L,2023-03-27,0.8400000000000001,5,0.86,0.915
SW93.5L,2023-03-28,0.732,5,0.74,0.77
SW93.5L,2023-03-29,0.63,5,0.64,0.655
SW93.5L,2023-03-30,0.542,5,0.54,0.54
SW93.5L,2023-03-31,0.5539999999999999,5,0.55,0.5449999999999999
SW93.5L,2023-04-01,0.65,5,0.65,0.65
SW93.5L,2023-04-02,0.758,5,0.76,0.755
SW93.5L,2023-04-03,0.9099999999999999,5,0.91,0.905
SW93.5L,2023-04-04,0.976,5,0.97,0.96
SW93.5L,2023-04-05,1.116,5,1.1,1.075
SW93.5L,2023-04-06,1.21,5,1.2,1.18
SW93.5L,2023-04-07,1.168,5,1.18,1.225
SW93.5L,2023-04-08,1.16,5,1.18,1.225
SW93.5L,2023-04-09,1.0779999999999998,5,1.09,1.115
SW93.5L,2023-04-10,1.1019999999999999,5,1.11,1.1300000000000001
SW93.5L,2023-04-11,1.094,5,1.11,1.155
SW93.5L,2023-04-12,1.018,5,1.02,1.035
SW93.5L,2023-04-13,0.9640000000000001,5,0.97,0.9750000000000001
SW93.5L,2023-04-14,0.9259999999999999,5,0.92,0.915
SW93.5L,2023-04-15,0.9560000000000001,5,0.95,0.925
SW93.5L,2023-04-16,1.018,5,1.01,0.98
SW93.5L,2023-04-17,1.1780000000000002,5,1.17,1.145
SW93.5L,2023-04-18,1.334,5,1.32,1.29
SW93.5L,2023-04-19,1.4620000000000002,5,1.44,1.385
SW93.5L,2023-04-20,1.56,5,1.54,1.49
SW93.5L,2023-04-21,1.588,5,1.58,1.57
SW93.5L,2023-04-22,1.498,5,1.5,1.495
SW93.5L,2023-04-23,1.314,5,1.32,1.325
SW93.5L,2023-04-24,1.184,5,1.19,1.2
SW93.5L,2023-04-25,1.056,5,1.06,1.075
SW93.5L,2023-04-26,0.9720000000000001,5,0.98,0.9950000000000001
SW93.5L,2023-04-27,0.8879999999999999,5,0.89,0.9
SW93.5L,2023-04-28,0.8099999999999999,5,0.81,0.7949999999999999
SW93.5L,2023-04-29,0.8,5,0.79,0.775
SW93.5L,2023-04-30,0.8379999999999999,5,0.84,0.84
SW93.5L,2023-05-01,0.9199999999999999,5,0.91,0.9
SW93.5L,2023-05-02,1.014,5,1.01,1.01
SW93.5L,2023-05-03,1.204,5,1.2,1.175
SW93.5L,2023-05-04,1.31,5,1.29,1.25
SW93.5L,2023-05-05,1.392,5,1.38,1.355
SW93.5L,2023-05-06,1.4440000000000002,5,1.44,1.415
SW93.5L,2023-05-07,1.402,5,1.41,1.42
SW93.5L,2023-05-08,1.3699999999999999,5,1.38,1.4
SW93.5L,2023-05-09,1.342,5,1.35,1.3599999999999999
SW93.5L,2023-05-10,1.358,5,1.37,1.3900000000000001
SW93.5L,2023-05-11,1.476,5,1.48,1.505
SW93.5L,2023-05-12,1.574,5,1.57,1.565
SW93.5L,2023-05-13,1.738,5,1.74,1.73
SW93.5L,2023-05-14,1.842,5,1.84,1.845
SW93.5L,2023-05-15,1.888,5,1.89,1.895
SW93.5L,2023-05-16,2.128,5,2.13,2.12
SW93.5L,2023-05-17,2.132,5,2.13,2.13
SW93.5L,2023-05-18,2.17,5,2.16,2.135
SW93.5L,2023-05-19,2.124,5,2.11,2.085
SW93.5L,2023-05-20,2.1119999999999997,5,2.1,2.085
SW93.5L,2023-05-21,1.998,5,2.0,1.995
SW93.5L,2023-05-22,1.9280000000000002,5,1.93,1.94
SW93.5L,2023-05-23,1.8679999999999999,5,1.87,1.8900000000000001
SW93.5L,2023-05-24,1.77,5,1.78,1.79
SW93.5L,2023-05-25,1.766,5,1.77,1.77
SW93.5L,2023-05-26,1.764,5,1.77,1.79
SW93.5L,2023-05-27,1.7259999999999998,5,1.73,1.73
SW93.5L,2023-05-28,1.706,5,1.7,1.6800000000000002
SW93.5L,2023-05-29,1.672,5,1.66,1.645
SW93.5L,2023-05-30,1.706,5,1.7,1.69
SW93.5L,2023-05-31,1.768,5,1.77,1.76
SW93.5L,2023-06-01,1.8719999999999999,5,1.88,1.89
SW93.5L,2023-06-02,1.9620000000000002,5,1.96,1.965
SW93.5L,2023-06-03,2.032,5,2.03,2.035
SW93.5L,2023-06-04,2.0759999999999996,5,2.07,2.045
SW93.5L,2023-06-05,2.056,5,2.06,2.085
SW93.5L,2023-06-06,2.052,5,2.06,2.065
SW93.5L,2023-06-07,1.986,5,1.99,1.9900000000000002
SW93.5L,2023-06-08,1.9119999999999997,5,1.92,1.9249999999999998
SW93.5L,2023-06-09,1.848,5,1.85,1.865
SW93.5L,2023-06-10,1.89,5,1.89,1.9049999999999998
SW93.5L,2023-06-11,1.9299999999999997,5,1.93,1.9249999999999998
SW93.5L,2023-06-12,1.986,5,1.98,1.965
SW93.5L,2023-06-13,2.036,5,2.04,2.045
SW93.5L,2023-06-14,2.154,5,2.16,2.165
SW93.5L,2023-06-15,2.246,5,2.25,2.26
SW93.5L,2023-06-16,2.334,5,2.33,2.3049999999999997
SW93.5L,2023-06-17,2.4579999999999997,5,2.46,2.45
SW93.5L,2023-06-18,2.702,5,2.71,2.715
SW93.5L,2023-06-19,3.1079999999999997,5,3.09,3.0549999999999997
SW93.5L,2023-06-20,3.532,5,3.52,3.4850000000000003
SW93.5L,2023-06-21,3.8299999999999996,5,3.82,3.81
SW93.5L,2023-06-22,4.023999999999999,5,4.02,4.015000000000001
SW93.5L,2023-06-23,4.1259999999999994,5,4.12,4.115
SW93.5L,2023-06-24,4.162000000000001,5,4.16,4.154999999999999
SW93.5L,2023-06-25,4.112,5,4.11,4.105
SW93.5L,2023-06-26,4.058,5,4.05,4.04
SW93.5L,2023-06-27,4.014,5,4.01,3.99
SW93.5L,2023-06-28,3.918,5,3.91,3.885
SW93.5L,2023-06-29,3.79,5,3.78,3.7649999999999997
SW93.5L,2023-06-30,3.6380000000000003,5,3.64,3.6399999999999997
SW93.5L,2023-07-01,3.59,5,3.59,3.595
SW93.5L,2023-07-02,3.59,5,3.58,3.5700000000000003
SW93.5L,2023-07-03,3.62,5,3.61,3.59
SW93.5L,2023-07-04,3.678,5,3.67,3.665
SW93.5L,2023-07-05,3.7880000000000003,5,3.79,3.7800000000000002
SW93.5L,2023-07-06,4.014,5,4.01,4.005
SW93.5L,2023-07-07,4.151999999999999,5,4.15,4.15
SW93.5L,2023-07-08,4.146,5,4.15,4.16
SW93.5L,2023-07-09,4.116,5,4.11,4.09
SW93.5L,2023-07-10,4.068,5,4.07,4.06
SW93.5L,2023-07-11,4.101999999999999,5,4.09,4.055
SW93.5L,2023-07-12,4.118,5,4.11,4.105
SW93.5L,2023-07-13,4.188,5,4.18,4.175
SW93.5L,2023-07-14,4.284,5,4.29,4.29
SW93.5L,2023-07-15,4.434,5,4.43,4.4350000000000005
SW93.5L,2023-07-16,4.59,5,4.58,4.5649999999999995
SW93.5L,2023-07-17,4.5840000000000005,5,4.58,4.585
SW93.5L,2023-07-18,4.576,5,4.58,4.595000000000001
SW93.5L,2023-07-19,4.566,5,4.57,4.585
SW93.5L,2023-07-20,4.552,5,4.56,4.5649999999999995
SW93.5L,2023-07-21,4.529999999999999,5,4.53,4.54
SW93.5L,2023-07-22,4.478,5,4.48,4.494999999999999
SW93.5L,2023-07-23,4.396,5,4.4,4.41
SW93.5L,2023-07-24,4.242,5,4.25,4.26
SW93.5L,2023-07-25,4.118,5,4.12,4.13
SW93.5L,2023-07-26,4.148000000000001,5,4.14,4.135
SW93.5L,2023-07-27,4.07,5,4.06,4.05
SW93.5L,2023-07-28,3.972,5,3.97,3.9749999999999996
SW93.5L,2023-07-29,3.9520000000000004,5,3.95,3.9450000000000003
SW93.5L,2023-07-30,3.9379999999999997,5,3.94,3.9299999999999997
SW93.5L,2023-07-31,3.97,5,3.97,3.96
SW93.5L,2023-08-01,4.046,5,4.05,4.0649999999999995
SW93.5L,2023-08-02,4.318,5,4.31,4.28
SW93.5L,2023-08-03,4.256,5,4.26,4.275
SW93.5L,2023-08-04,4.252,5,4.26,4.275
SW93.5L,2023-08-05,4.264,5,4.27,4.295
SW93.5L,2023-08-06,4.2620000000000005,5,4.27,4.279999999999999
SW93.5L,2023-08-07,4.2299999999999995,5,4.23,4.225
SW93.5L,2023-08-08,4.2219999999999995,5,4.22,4.21
SW93.5L,2023-08-09,4.194,5,4.19,4.175
SW93.5L,2023-08-10,4.204,5,4.2,4.185
SW93.5L,2023-08-11,4.258,5,4.26,4.279999999999999
SW93.5L,2023-08-12,4.36,5,4.36,4.359999999999999
SW93.5L,2023-08-13,4.474,5,4.48,4.48
SW93.5L,2023-08-14,4.5280000000000005,5,4.53,4.52
SW93.5L,2023-08-15,4.586,5,4.59,4.6
SW93.5L,2023-08-16,4.646,5,4.65,4.655
SW93.5L,2023-08-17,4.696,5,4.7,4.715
SW93.5L,2023-08-18,4.779999999999999,5,4.78,4.79
SW93.5L,2023-08-19,4.8340000000000005,5,4.84,4.845
SW93.5L,2023-08-20,4.768,5,4.77,4.77
SW93.5L,2023-08-21,4.67,5,4.67,4.675000000000001
SW93.5L,2023-08-22,4.572,5,4.57,4.58
SW93.5L,2023-08-23,4.4719999999999995,5,4.48,4.484999999999999
SW93.5L,2023-08-24,4.3740000000000006,5,4.37,4.365
SW93.5L,2023-08-25,4.308,5,4.3,4.29
SW93.5L,2023-08-26,4.256,5,4.26,4.255000000000001
SW93.5L,2023-08-27,4.272,5,4.27,4.275
SW93.5L,2023-08-28,4.39,5,4.39,4.395
SW93.5L,2023-08-29,4.456,5,4.45,4.4399999999999995
SW93.5L,2023-08-30,4.552,5,4.55,4.545
SW93.5L,2023-08-31,4.702,5,4.7,4.699999999999999
SW93.5L,2023-09-01,4.818,5,4.82,4.835
SW93.5L,2023-09-02,4.91,5,4.91,4.915
SW93.5L,2023-09-03,4.962,5,4.97,4.984999999999999
SW93.5L,2023-09-04,4.934,5,4.94,4.97
SW93.5L,2023-09-05,4.790000000000001,5,4.79,4.805
SW93.5L,2023-09-06,4.588,5,4.59,4.6
SW93.5L,2023-09-07,4.424,5,4.42,4.42
SW93.5L,2023-09-08,4.254,5,4.25,4.245
SW93.5L,2023-09-09,4.006,5,4.0,4.0
SW93.5L,2023-09-10,3.8200000000000003,5,3.81,3.785
SW93.5L,2023-09-11,3.678,5,3.68,3.67
SW93.5L,2023-09-12,3.6100000000000003,5,3.6,3.58
SW93.5L,2023-09-13,3.636,5,3.63,3.615
SW93.5L,2023-09-14,3.7079999999999997,5,3.7,3.67
SW93.5L,2023-09-15,3.6519999999999997,5,3.65,3.645
SW93.5L,2023-09-16,3.5,5,3.51,3.525
SW93.5L,2023-09-17,3.408,5,3.42,3.4400000000000004
SW93.5L,2023-09-18,3.406,5,3.41,3.43
SW93.5L,2023-09-19,3.44,5,3.45,3.46
SW93.5L,2023-09-20,3.5700000000000003,5,3.56,3.55
SW93.5L,2023-09-21,3.526,5,3.53,3.5300000000000002
SW93.5L,2023-09-22,3.3920000000000003,5,3.4,3.41
SW93.5L,2023-09-23,3.3200000000000003,5,3.32,3.3200000000000003
SW93.5L,2023-09-24,3.346,5,3.35,3.365
SW93.5L,2023-09-25,3.432,5,3.44,3.4450000000000003
SW93.5L,2023-09-26,3.5420000000000003,5,3.54,3.55
SW93.5L,2023-09-27,3.684,5,3.69,3.69
SW93.5L,2023-09-28,3.804,5,3.8,3.7750000000000004
SW93.5L,2023-09-29,3.908,5,3.9,3.885
SW93.5L,2023-09-30,4.086,5,4.08,4.055
SW93.5L,2023-10-01,4.1259999999999994,5,4.13,4.155
SW93.5L,2023-10-02,4.096,5,4.1,4.12
SW93.5L,2023-10-03,4.074,5,4.08,4.1049999999999995
SW93.5L,2023-10-04,4.012,5,4.01,4.02
SW93.5L,2023-10-05,3.9299999999999997,5,3.93,3.925
SW93.5L,2023-10-06,3.9539999999999997,5,3.96,3.96
SW93.5L,2023-10-07,3.8619999999999997,5,3.86,3.855
SW93.5L,2023-10-08,3.7700000000000005,5,3.77,3.77
SW93.5L,2023-10-09,3.714,5,3.71,3.705
SW93.5L,2023-10-10,3.684,5,3.68,3.665
SW93.5L,2023-10-11,3.696,5,3.69,3.69
SW93.5L,2023-10-12,3.7159999999999997,5,3.71,3.695
SW93.5L,2023-10-13,3.726,5,3.72,3.71
SW93.5L,2023-10-14,3.732,5,3.73,3.73
SW93.5L,2023-10-15,3.7159999999999997,5,3.72,3.7249999999999996
SW93.5L,2023-10-16,3.696,5,3.7,3.7249999999999996
SW93.5L,2023-10-17,3.6740000000000004,5,3.68,3.685
SW93.5L,2023-10-18,3.594,5,3.6,3.615
SW93.5L,2023-10-19,3.4799999999999995,5,3.48,3.48
SW93.5L,2023-10-20,3.308,5,3.31,3.3150000000000004
SW93.5L,2023-10-21,3.1399999999999997,5,3.14,3.1399999999999997
SW93.5L,2023-10-22,3.0140000000000002,5,3.01,3.005
SW93.5L,2023-10-23,2.862,5,2.86,2.845
SW93.5L,2023-10-24,2.804,5,2.81,2.81
SW93.5L,2023-10-25,2.762,5,2.76,2.755
SW93.5L,2023-10-26,2.748,5,2.73,2.7
SW93.5L,2023-10-27,2.684,5,2.67,2.64
SW93.5L,2023-10-28,2.632,5,2.62,2.605
SW93.5L,2023-10-29,2.5580000000000003,5,2.56,2.565
SW93.5L,2023-10-30,2.4579999999999997,5,2.46,2.465
SW93.5L,2023-10-31,2.354,5,2.36,2.385
SW93.5L,2023-11-01,2.284,5,2.29,2.3049999999999997
SW93.5L,2023-11-02,2.19,5,2.19,2.205
SW93.5L,2023-11-03,2.096,5,2.1,2.115
SW93.5L,2023-11-04,1.97,5,1.97,1.98
SW93.5L,2023-11-05,1.866,5,1.87,1.8900000000000001
SW93.5L,2023-11-06,1.734,5,1.73,1.725
SW93.5L,2023-11-07,1.6439999999999997,5,1.64,1.63
SW93.5L,2023-11-08,1.6480000000000001,5,1.65,1.6400000000000001
SW93.5L,2023-11-09,1.654,5,1.65,1.635
SW93.5L,2023-11-10,1.6800000000000002,5,1.67,1.6600000000000001
SW93.5L,2023-11-11,1.7260000000000002,5,1.72,1.705
SW93.5L,2023-11-12,1.7740000000000002,5,1.77,1.76
SW93.5L,2023-11-13,1.784,5,1.78,1.7650000000000001
SW93.5L,2023-11-14,1.7899999999999998,5,1.79,1.8
SW93.5L,2023-11-15,1.762,5,1.77,1.785
SW93.5L,2023-11-16,1.716,5,1.72,1.725
SW93.5L,2023-11-17,1.748,5,1.74,1.725
SW93.5L,2023-11-18,1.8199999999999998,5,1.83,1.865
SW93.5L,2023-11-19,1.6440000000000001,5,1.65,1.6749999999999998
SW93.5L,2023-11-20,1.556,5,1.56,1.56
SW93.5L,2023-11-21,1.4620000000000002,5,1.47,1.48
SW93.5L,2023-11-22,1.41,5,1.4,1.38
SW93.5L,2023-11-23,1.3800000000000001,5,1.37,1.3599999999999999
SW93.5L,2023-11-24,1.418,5,1.41,1.3900000000000001
SW93.5L,2023-11-25,1.474,5,1.47,1.45
SW93.5L,2023-11-26,1.502,5,1.5,1.4849999999999999
SW93.5L,2023-11-27,1.528,5,1.53,1.525
SW93.5L,2023-11-28,1.476,5,1.49,1.51
SW93.5L,2023-11-29,1.434,5,1.45,1.4849999999999999
SW93.5L,2023-11-30,1.378,5,1.38,1.4
SW93.5L,2023-12-01,1.3439999999999999,5,1.35,1.35
SW93.5L,2023-12-02,1.264,5,1.27,1.2850000000000001
SW93.5L,2023-12-03,1.1560000000000001,5,1.16,1.18
SW93.5L,2023-12-04,1.076,5,1.08,1.09
SW93.5L,2023-12-05,1.002,5,1.0,1.005
SW93.5L,2023-12-06,0.9099999999999999,5,0.92,0.93
SW93.5L,2023-12-07,0.908,5,0.9,0.885
SW93.5L,2023-12-08,0.992,5,0.99,0.9850000000000001
SW93.5L,2023-12-09,1.014,5,1.01,1.015
SW93.5L,2023-12-10,1.042,5,1.04,1.045
SW93.5L,2023-12-11,1.0699999999999998,5,1.07,1.07
SW93.5L,2023-12-12,1.108,5,1.11,1.1
SW93.5L,2023-12-13,1.202,5,1.2,1.2
SW93.5L,2023-12-14,1.1960000000000002,5,1.2,1.22
SW93.5L,2023-12-15,1.1039999999999999,5,1.11,1.14
SW93.5L,2023-12-16,1.0779999999999998,5,1.08,1.0999999999999999
SW93.5L,2023-12-17,1.096,5,1.1,1.105
SW93.5L,2023-12-18,1.008,5,1.02,1.04
SW93.5L,2023-12-19,0.9339999999999999,5,0.94,0.9400000000000001
SW93.5L,2023-12-20,0.8539999999999999,5,0.85,0.855
SW93.5L,2023-12-21,0.85,5,0.84,0.8300000000000001
SW93.5L,2023-12-22,0.8879999999999999,5,0.88,0.85
SW93.5L,2023-12-23,0.9399999999999998,5,0.94,0.94
SW93.5L,2023-12-24,0.9800000000000001,5,0.98,0.98
SW93.5L,2023-12-25,1.012,5,1.01,1.0150000000000001
SW93.5L,2023-12-26,1.046,5,1.05,1.0550000000000002
SW93.5L,2023-12-27,1.048,5,1.05,1.065
SW93.5L,2023-12-28,1.052,5,1.05,1.06
SW93.5L,2023-12-29,0.992,5,1.0,1.0150000000000001
SW93.5L,2023-12-30,0.914,5,0.92,0.95
SW93.5L,2023-12-31,0.882,5,0.89,0.905
SW93.5L,2024-01-01,0.7939999999999999,5,0.8,0.825
SW93.5L,2024-01-02,0.726,5,0.73,0.75
SW93.5L,2024-01-03,0.6639999999999999,5,0.67,0.6799999999999999
SW93.5L,2024-01-04,0.632,5,0.64,0.6599999999999999
SW93.5L,2024-01-05,0.6140000000000001,5,0.62,0.63
SW93.5L,2024-01-06,0.596,5,0.59,0.58
SW93.5L,2024-01-07,0.588,5,0.59,0.61
SW93.5L,2024-01-08,0.618,5,0.62,0.625
SW93.5L,2024-01-09,0.682,5,0.69,0.705
SW93.5L,2024-01-10,0.738,5,0.74,0.745
SW93.5L,2024-01-11,0.8620000000000001,5,0.86,0.85
SW93.5L,2024-01-12,0.882,5,0.88,0.89
SW93.5L,2024-01-13,0.8539999999999999,5,0.86,0.89
SW93.5L,2024-01-14,0.8739999999999999,5,0.88,0.9099999999999999
SW93.5L,2024-01-15,0.8960000000000001,5,0.89,0.89
SW93.5L,2024-01-16,0.8879999999999999,5,0.9,0.9199999999999999
SW93.5L,2024-01-17,0.758,5,0.77,0.79
SW93.5L,2024-01-18,0.688,5,0.69,0.71
SW93.5L,2024-01-19,0.5820000000000001,5,0.58,0.58
SW93.5L,2024-01-20,0.488,5,0.49,0.49
SW93.5L,2024-01-21,0.512,5,0.51,0.52
SW93.5L,2024-01-22,0.51,5,0.51,0.52
SW93.5L,2024-01-23,0.53,5,0.54,0.555
SW93.5L,2024-01-24,0.638,5,0.64,0.65
SW93.5L,2024-01-25,0.58,5,0.6,0.665
SW93.5L,2024-01-26,0.64,5,0.65,0.69
SW93.5L,2024-01-27,0.6140000000000001,5,0.63,0.6599999999999999
SW93.5L,2024-01-28,0.6140000000000001,5,0.62,0.645
SW93.5L,2024-01-29,0.642,5,0.64,0.65
SW93.5L,2024-01-30,0.696,5,0.69,0.685
SW93.5L,2024-01-31,0.724,5,0.73,0.75
SW93.5L,2024-02-01,0.688,5,0.7,0.72
SW93.5L,2024-02-02,0.654,5,0.66,0.675
SW93.5L,2024-02-03,0.61,5,0.61,0.625
SW93.5L,2024-02-04,0.526,5,0.53,0.535
SW93.5L,2024-02-05,0.45999999999999996,5,0.46,0.45999999999999996
SW93.5L,2024-02-06,0.462,5,0.46,0.465
SW93.5L,2024-02-07,0.516,5,0.52,0.52
SW93.5L,2024-02-08,0.5820000000000001,5,0.58,0.57
SW93.5L,2024-02-09,0.602,5,0.61,0.62
SW93.5L,2024-02-10,0.614,5,0.62,0.645
SW93.5L,2024-02-11,0.72,5,0.73,0.7450000000000001
SW93.5L,2024-02-12,0.7619999999999999,5,0.77,0.78
SW93.5L,2024-02-13,0.798,5,0.8,0.7999999999999999
SW93.5L,2024-02-14,0.792,5,0.8,0.8099999999999999
SW93.5L,2024-02-15,0.6619999999999999,5,0.68,0.715
SW93.5L,2024-02-16,0.52,5,0.53,0.545
SW93.5L,2024-02-17,0.41400000000000003,5,0.41,0.40499999999999997
SW93.5L,2024-02-18,0.32,5,0.32,0.31
SW93.5L,2024-02-19,0.296,5,0.3,0.325
SW93.5L,2024-02-20,0.33199999999999996,5,0.33,0.33999999999999997
SW93.5L,2024-02-21,0.438,5,0.43,0.41500000000000004
SW93.5L,2024-02-22,0.5640000000000001,5,0.56,0.55
SW93.5L,2024-02-23,0.648,5,0.65,0.6499999999999999
SW93.5L,2024-02-24,0.662,5,0.67,0.675
SW93.5L,2024-02-25,0.66,5,0.67,0.685
SW93.5L,2024-02-26,0.5720000000000001,5,0.59,0.63
SW93.5L,2024-02-27,0.554,5,0.57,0.6
SW93.5L,2024-02-28,0.618,5,0.62,0.63
SW93.5L,2024-02-29,0.634,5,0.64,0.655
SW93.5L,2024-03-01,0.5740000000000001,5,0.59,0.615
SW93.5L,2024-03-02,0.48,5,0.5,0.54
SW93.5L,2024-03-03,0.394,5,0.41,0.44
SW93.5L,2024-03-04,0.308,5,0.31,0.32
SW93.5L,2024-03-05,0.22999999999999998,5,0.23,0.235
SW93.5L,2024-03-06,0.26799999999999996,5,0.28,0.29500000000000004
SW93.5L,2024-03-07,0.346,5,0.34,0.33999999999999997
SW93.5L,2024-03-08,0.442,5,0.43,0.405
SW93.5L,2024-03-09,0.638,5,0.63,0.595
SW93.5L,2024-03-10,0.798,5,0.79,0.7649999999999999
SW93.5L,2024-03-11,0.812,5,0.82,0.83
SW93.5L,2024-03-12,0.858,5,0.89,0.96
SW93.5L,2024-03-13,0.922,5,0.94,0.99
SW93.5L,2024-03-14,0.924,5,0.93,0.9550000000000001
SW93.5L,2024-03-15,0.8379999999999999,5,0.86,0.9099999999999999
SW93.5L,2024-03-16,0.622,5,0.63,0.665
SW93.5L,2024-03-17,0.45,5,0.46,0.47
SW93.5L,2024-03-18,0.292,5,0.29,0.3
SW93.5L,2024-03-19,0.242,5,0.24,0.25
SW93.5L,2024-03-20,0.288,5,0.29,0.29500000000000004
SW93.5L,2024-03-21,0.362,5,0.35,0.325
SW93.5L,2024-03-22,0.626,5,0.62,0.5900000000000001
SW93.5L,2024-03-23,0.7140000000000001,5,0.7,0.675
SW93.5L,2024-03-24,0.8799999999999999,5,0.87,0.855
SW93.5L,2024-03-25,0.9039999999999999,5,0.91,0.935
SW93.5L,2024-03-26,0.8960000000000001,5,0.92,0.9850000000000001
SW93.5L,2024-03-27,0.86,5,0.89,0.9600000000000001
SW93.5L,2024-03-28,0.86,5,0.89,0.9600000000000001
SW93.5L,2024-03-29,0.874,5,0.89,0.94
SW93.5L,2024-03-30,0.8879999999999999,5,0.89,0.9099999999999999
SW93.5L,2024-03-31,0.8779999999999999,5,0.9,0.94
SW93.5L,2024-04-01,0.868,5,0.89,0.945
SW93.5L,2024-04-02,0.834,5,0.85,0.875
SW93.5L,2024-04-03,0.776,5,0.77,0.75
SW93.5L,2024-04-04,0.776,5,0.77,0.75
SW93.5L,2024-04-05,0.9,5,0.9,0.895
SW93.5L,2024-04-06,1.03,5,1.01,0.97
SW93.5L,2024-04-07,1.198,5,1.17,1.105
SW93.5L,2024-04-08,1.282,5,1.25,1.175
SW93.5L,2024-04-09,1.298,5,1.28,1.24
SW93.5L,2024-04-10,1.234,5,1.24,1.255
SW93.5L,2024-04-11,1.1380000000000001,5,1.16,1.215
SW93.5L,2024-04-12,1.1099999999999999,5,1.12,1.15
SW93.5L,2024-04-13,1.022,5,1.03,1.065
SW93.5L,2024-04-14,0.914,5,0.93,0.96
SW93.5L,2024-04-15,0.8219999999999998,5,0.83,0.845
SW93.5L,2024-04-16,0.8240000000000001,5,0.81,0.78
SW93.5L,2024-04-17,0.9359999999999999,5,0.93,0.92
SW93.5L,2024-04-18,1.0539999999999998,5,1.04,1.005
SW93.5L,2024-04-19,1.1199999999999999,5,1.11,1.095
SW93.5L,2024-04-20,1.254,5,1.24,1.205
SW93.5L,2024-04-21,1.3679999999999999,5,1.35,1.31
SW93.5L,2024-04-22,1.448,5,1.43,1.385
SW93.5L,2024-04-23,1.4120000000000001,5,1.39,1.3399999999999999
SW93.5L,2024-04-24,1.4,5,1.4,1.385
SW93.5L,2024-04-25,1.3599999999999999,5,1.38,1.435
SW93.5L,2024-04-26,1.378,5,1.4,1.46
SW93.5L,2024-04-27,1.388,5,1.4,1.4449999999999998
SW93.5L,2024-04-28,1.366,5,1.38,1.4049999999999998
SW93.5L,2024-04-29,1.326,5,1.34,1.37
SW93.5L,2024-04-30,1.284,5,1.29,1.32
SW93.5L,2024-05-01,1.3599999999999999,5,1.36,1.365
SW93.5L,2024-05-02,1.424,5,1.43,1.435
SW93.5L,2024-05-03,1.51,5,1.5,1.49
SW93.5L,2024-05-04,1.564,5,1.56,1.56
SW93.5L,2024-05-05,1.6480000000000001,5,1.66,1.6749999999999998
SW93.5L,2024-05-06,1.8519999999999999,5,1.85,1.8599999999999999
SW93.5L,2024-05-07,1.8619999999999997,5,1.86,1.855
SW93.5L,2024-05-08,1.904,5,1.89,1.855
SW93.5L,2024-05-09,1.7719999999999998,5,1.77,1.76
SW93.5L,2024-05-10,1.7259999999999998,5,1.74,1.765
SW93.5L,2024-05-11,1.73,5,1.74,1.7650000000000001
SW93.5L,2024-05-12,1.6940000000000002,5,1.7,1.7149999999999999
SW93.5L,2024-05-13,1.5939999999999999,5,1.59,1.595
SW93.5L,2024-05-14,1.454,5,1.46,1.475
SW93.5L,2024-05-15,1.342,5,1.34,1.345
SW93.5L,2024-05-16,1.222,5,1.22,1.215
SW93.5L,2024-05-17,1.186,5,1.18,1.175
SW93.5L,2024-05-18,1.24,5,1.24,1.24
SW93.5L,2024-05-19,1.288,5,1.3,1.315
SW93.5L,2024-05-20,1.364,5,1.36,1.36
SW93.5L,2024-05-21,1.422,5,1.42,1.4249999999999998
SW93.5L,2024-05-22,1.516,5,1.51,1.5
SW93.5L,2024-05-23,1.6039999999999999,5,1.59,1.565
SW93.5L,2024-05-24,1.6920000000000002,5,1.68,1.635
SW93.5L,2024-05-25,1.7719999999999998,5,1.78,1.785
SW93.5L,2024-05-26,2.0700000000000003,5,2.08,2.1100000000000003
SW93.5L,2024-05-27,2.87,5,2.83,2.7199999999999998
SW93.5L,2024-05-28,2.622,5,2.62,2.5999999999999996
SW93.5L,2024-05-29,2.2960000000000003,5,2.31,2.34
SW93.5L,2024-05-30,2.156,5,2.16,2.17
SW93.5L,2024-05-31,2.0460000000000003,5,2.04,2.04
SW93.5L,2024-06-01,1.97,5,1.96,1.9449999999999998
SW93.5L,2024-06-02,2.0940000000000003,5,2.09,2.08
SW93.5L,2024-06-03,2.288,5,2.29,2.285
SW93.5L,2024-06-04,2.5,5,2.51,2.525
SW93.5L,2024-06-05,2.726,5,2.73,2.735
SW93.5L,2024-06-06,2.874,5,2.87,2.85
SW93.5L,2024-06-07,2.972,5,2.96,2.9450000000000003
SW93.5L,2024-06-08,3.016,5,3.02,3.0149999999999997
SW93.5L,2024-06-09,3.004,5,3.01,3.035
SW93.5L,2024-06-10,2.968,5,2.97,2.9850000000000003
SW93.5L,2024-06-11,2.9,5,2.9,2.895
SW93.5L,2024-06-12,2.806,5,2.81,2.8200000000000003
SW93.5L,2024-06-13,2.806,5,2.81,2.805
SW93.5L,2024-06-14,2.788,5,2.78,2.77
SW93.5L,2024-06-15,2.786,5,2.78,2.75
SW93.5L,2024-06-16,2.804,5,2.8,2.79
SW93.5L,2024-06-17,2.904,5,2.91,2.915
SW93.5L,2024-06-18,3.068,5,3.07,3.075
SW93.5L,2024-06-19,3.3020000000000005,5,3.31,3.34
SW93.5L,2024-06-20,3.614,5,3.63,3.655
SW93.5L,2024-06-21,3.7659999999999996,5,3.76,3.74
SW93.5L,2024-06-22,3.88,5,3.87,3.8600000000000003
SW93.5L,2024-06-23,3.864,5,3.87,3.875
SW93.5L,2024-06-24,3.8120000000000003,5,3.81,3.8200000000000003
SW93.5L,2024-06-25,3.7700000000000005,5,3.77,3.785
SW93.5L,2024-06-26,3.7159999999999997,5,3.72,3.735
SW93.5L,2024-06-27,3.742,5,3.74,3.73
SW93.5L,2024-06-28,3.8520000000000003,5,3.86,3.865
SW93.5L,2024-06-29,3.9259999999999997,5,3.93,3.9299999999999997
SW93.5L,2024-06-30,3.906,5,3.9,3.885
SW93.5L,2024-07-01,3.918,5,3.91,3.9050000000000002
SW93.5L,2024-07-02,3.944,5,3.95,3.95
SW93.5L,2024-07-03,4.128,5,4.13,4.15
SW93.5L,2024-07-04,4.432,5,4.43,4.4399999999999995
SW93.5L,2024-07-05,4.646,5,4.64,4.625
SW93.5L,2024-07-06,4.718,5,4.71,4.705
SW93.5L,2024-07-07,4.768,5,4.77,4.775
SW93.5L,2024-07-08,4.792,5,4.79,4.795
SW93.5L,2024-07-09,4.806,5,4.81,4.82
SW93.5L,2024-07-10,4.814,5,4.82,4.825
SW93.5L,2024-07-11,4.816,5,4.82,4.83
SW93.5L,2024-07-12,4.936,5,4.94,4.95
SW93.5L,2024-07-13,4.928,5,4.92,4.915
SW93.5L,2024-07-14,4.882,5,4.88,4.865
SW93.5L,2024-07-15,4.886,5,4.88,4.87
SW93.5L,2024-07-16,4.837999999999999,5,4.84,4.845
SW93.5L,2024-07-17,4.779999999999999,5,4.78,4.765000000000001
SW93.5L,2024-07-18,4.714,5,4.71,4.695
SW93.5L,2024-07-19,4.744,5,4.74,4.74
SW93.5L,2024-07-20,4.774,5,4.76,4.74
SW93.5L,2024-07-21,4.76,5,4.75,4.74
SW93.5L,2024-07-22,4.686,5,4.68,4.675
SW93.5L,2024-07-23,4.642,5,4.64,4.645
SW93.5L,2024-07-24,4.568,5,4.57,4.58
SW93.5L,2024-07-25,4.518,5,4.53,4.550000000000001
SW93.5L,2024-07-26,4.514,5,4.51,4.51
SW93.5L,2024-07-27,4.5,5,4.51,4.525
SW93.5L,2024-07-28,4.4399999999999995,5,4.44,4.43
SW93.5L,2024-07-29,4.384,5,4.38,4.36
SW93.5L,2024-07-30,4.272,5,4.27,4.265000000000001
SW93.5L,2024-07-31,4.154,5,4.15,4.145
SW93.5L,2024-08-01,4.152,5,4.16,4.17
SW93.5L,2024-08-02,4.196,5,4.2,4.195
SW93.5L,2024-08-03,4.226,5,4.22,4.1899999999999995
SW93.5L,2024-08-04,4.1579999999999995,5,4.15,4.140000000000001
SW93.5L,2024-08-05,4.12,5,4.12,4.125
SW93.5L,2024-08-06,4.096,5,4.1,4.1
SW93.5L,2024-08-07,4.106,5,4.11,4.125
SW93.5L,2024-08-08,4.136,5,4.14,4.154999999999999
SW93.5L,2024-08-09,4.236,5,4.23,4.23
SW93.5L,2024-08-10,4.26,5,4.25,4.24
SW93.5L,2024-08-11,4.273999999999999,5,4.27,4.265000000000001
SW93.5L,2024-08-12,4.279999999999999,5,4.28,4.279999999999999
SW93.5L,2024-08-13,4.32,5,4.32,4.335000000000001
SW93.5L,2024-08-14,4.328,5,4.33,4.325
SW93.5L,2024-08-15,4.356,5,4.36,4.355
SW93.5L,2024-08-16,4.386,5,4.39,4.404999999999999
SW93.5L,2024-08-17,4.428,5,4.42,4.415
SW93.5L,2024-08-18,4.544,5,4.54,4.52
SW93.5L,2024-08-19,4.6,5,4.59,4.58
SW93.5L,2024-08-20,4.608,5,4.6,4.595000000000001
SW93.5L,2024-08-21,4.642,5,4.64,4.65
SW93.5L,2024-08-22,4.593999999999999,5,4.6,4.615
SW93.5L,2024-08-23,4.604,5,4.61,4.625
SW93.5L,2024-08-24,4.5760000000000005,5,4.58,4.59
SW93.5L,2024-08-25,4.482,5,4.48,4.49
SW93.5L,2024-08-26,4.464,5,4.46,4.465
SW93.5L,2024-08-27,4.362,5,4.36,4.345000000000001
SW93.5L,2024-08-28,4.2219999999999995,5,4.22,4.22
SW93.5L,2024-08-29,4.156000000000001,5,4.15,4.145
SW93.5L,2024-08-30,4.142,5,4.14,4.130000000000001
SW93.5L,2024-08-31,4.164,5,4.16,4.15
SW93.5L,2024-09-01,4.196,5,4.19,4.17
SW93.5L,2024-09-02,4.166,5,4.16,4.15
SW93.5L,2024-09-03,4.164,5,4.16,4.164999999999999
SW93.5L,2024-09-04,4.13,5,4.13,4.145
SW93.5L,2024-09-05,4.116,5,4.12,4.14
SW93.5L,2024-09-06,4.128,5,4.14,4.16
SW93.5L,2024-09-07,4.138,5,4.15,4.165
SW93.5L,2024-09-08,4.156000000000001,5,4.16,4.16
SW93.5L,2024-09-09,4.146,5,4.14,4.135
SW93.5L,2024-09-10,4.086,5,4.09,4.09
SW93.5L,2024-09-11,3.946,5,3.95,3.955
SW93.5L,2024-09-12,3.8280000000000003,5,3.82,3.81
SW93.5L,2024-09-13,3.7019999999999995,5,3.7,3.69
SW93.5L,2024-09-14,3.9,5,3.91,3.9299999999999997
SW93.5L,2024-09-15,4.078,5,4.08,4.09
SW93.5L,2024-09-16,4.1,5,4.09,4.055
SW93.5L,2024-09-17,3.946,5,3.93,3.9000000000000004
SW93.5L,2024-09-18,3.896,5,3.89,3.865
SW93.5L,2024-09-19,3.9219999999999997,5,3.92,3.92
SW93.5L,2024-09-20,3.9159999999999995,5,3.93,3.955
SW93.5L,2024-09-21,3.9859999999999998,5,3.99,4.015000000000001
SW93.5L,2024-09-22,4.034,5,4.03,4.035
SW93.5L,2024-09-23,4.038,5,4.04,4.04
SW93.5L,2024-09-24,4.078,5,4.07,4.045
SW93.5L,2024-09-25,4.174,5,4.17,4.165
SW93.5L,2024-09-26,4.178,5,4.18,4.17
SW93.5L,2024-09-27,4.122,5,4.12,4.119999999999999
SW93.5L,2024-09-28,4.0840000000000005,5,4.08,4.08
SW93.5L,2024-09-29,4.078,5,4.07,4.0600000000000005
SW93.5L,2024-09-30,4.114,5,4.11,4.109999999999999
SW93.5L,2024-10-01,4.215999999999999,5,4.21,4.199999999999999
SW93.5L,2024-10-02,4.218,5,4.22,4.220000000000001
SW93.5L,2024-10-03,4.234,5,4.23,4.23
SW93.5L,2024-10-04,4.328,5,4.33,4.345000000000001
SW93.5L,2024-10-05,4.401999999999999,5,4.41,4.42
SW93.5L,2024-10-06,4.356,5,4.36,4.365
SW93.5L,2024-10-07,4.336,5,4.34,4.345
SW93.5L,2024-10-08,4.279999999999999,5,4.28,4.275
SW93.5L,2024-10-09,4.204,5,4.2,4.205
SW93.5L,2024-10-10,4.132,5,4.13,4.14
SW93.5L,2024-10-11,4.106,5,4.11,4.109999999999999
SW93.5L,2024-10-12,4.102,5,4.1,4.095000000000001
SW93.5L,2024-10-13,4.0600000000000005,5,4.06,4.07
SW93.5L,2024-10-14,4.024,5,4.02,3.995
SW93.5L,2024-10-15,3.9880000000000004,5,3.98,3.95
SW93.5L,2024-10-16,3.9799999999999995,5,3.96,3.925
SW93.5L,2024-10-17,4.01,5,4.0,3.965
SW93.5L,2024-10-18,4.029999999999999,5,4.02,3.995
SW93.5L,2024-10-19,3.964,5,3.97,3.975
SW93.5L,2024-10-20,3.844,5,3.86,3.89
SW93.5L,2024-10-21,3.656,5,3.66,3.685
SW93.5L,2024-10-22,3.518,5,3.52,3.5300000000000002
SW93.5L,2024-10-23,3.364,5,3.37,3.385
SW93.5L,2024-10-24,3.368,5,3.37,3.365
SW93.5L,2024-10-25,3.382,5,3.38,3.39
SW93.5L,2024-10-26,3.2600000000000002,5,3.26,3.245
SW93.5L,2024-10-27,3.084,5,3.08,3.06
SW93.5L,2024-10-28,2.9619999999999997,5,2.96,2.94
SW93.5L,2024-10-29,2.884,5,2.88,2.8600000000000003
SW93.5L,2024-10-30,2.85,5,2.84,2.825
SW93.5L,2024-10-31,2.816,5,2.81,2.7800000000000002
SW93.5L,2024-11-01,2.782,5,2.78,2.77
SW93.5L,2024-11-02,2.714,5,2.71,2.7
SW93.5L,2024-11-03,2.644,5,2.65,2.6550000000000002
SW93.5L,2024-11-04,2.574,5,2.59,2.62
SW93.5L,2024-11-05,2.504,5,2.51,2.53
SW93.5L,2024-11-06,2.4539999999999997,5,2.46,2.465
SW93.5L,2024-11-07,2.408,5,2.41,2.4050000000000002
SW93.5L,2024-11-08,2.3,5,2.3,2.3
SW93.5L,2024-11-09,2.2039999999999997,5,2.2,2.2
SW93.5L,2024-11-10,2.116,5,2.12,2.12
SW93.5L,2024-11-11,2.1,5,2.09,2.08
SW93.5L,2024-11-12,2.088,5,2.08,2.0700000000000003
SW93.5L,2024-11-13,2.08,5,2.07,2.045
SW93.5L,2024-11-14,2.122,5,2.11,2.08
SW93.5L,2024-11-15,2.166,5,2.15,2.125
SW93.5L,2024-11-16,2.1759999999999997,5,2.17,2.15
SW93.5L,2024-11-17,2.1,5,2.1,2.1
SW93.5L,2024-11-18,2.028,5,2.04,2.065
SW93.5L,2024-11-19,1.934,5,1.94,1.9649999999999999
SW93.5L,2024-11-20,1.8559999999999999,5,1.86,1.8650000000000002
SW93.5L,2024-11-21,1.762,5,1.76,1.77
SW93.5L,2024-11-22,1.6600000000000001,5,1.67,1.68
SW93.5L,2024-11-23,1.576,5,1.57,1.5699999999999998
SW93.5L,2024-11-24,1.4620000000000002,5,1.45,1.435
SW93.5L,2024-11-25,1.402,5,1.4,1.385
SW93.5L,2024-11-26,1.378,5,1.38,1.37
SW93.5L,2024-11-27,1.4120000000000001,5,1.4,1.385
SW93.5L,2024-11-28,1.45,5,1.45,1.44
SW93.5L,2024-11-29,1.488,5,1.49,1.48
SW93.5L,2024-11-30,1.584,5,1.58,1.57
SW93.5L,2024-12-01,1.6640000000000001,5,1.66,1.655
SW93.5L,2024-12-02,1.688,5,1.69,1.69
SW93.5L,2024-12-03,1.6560000000000001,5,1.66,1.685
SW93.5L,2024-12-04,1.6199999999999999,5,1.64,1.6749999999999998
SW93.5L,2024-12-05,1.6059999999999999,5,1.61,1.63
SW93.5L,2024-12-06,1.562,5,1.56,1.56
SW93.5L,2024-12-07,1.432,5,1.44,1.455
SW93.5L,2024-12-08,1.356,5,1.36,1.38
SW93.5L,2024-12-09,1.312,5,1.31,1.31
SW93.5L,2024-12-10,1.276,5,1.27,1.2650000000000001
SW93.5L,2024-12-11,1.24,5,1.24,1.23
SW93.5L,2024-12-12,1.24,5,1.23,1.22
SW93.5L,2024-12-13,1.3679999999999999,5,1.36,1.34
SW93.5L,2024-12-14,1.472,5,1.47,1.475
SW93.5L,2024-12-15,1.454,5,1.45,1.455
SW93.5L,2024-12-16,1.486,5,1.49,1.51
SW93.5L,2024-12-17,1.502,5,1.51,1.52
SW93.5L,2024-12-18,1.464,5,1.48,1.535
SW93.5L,2024-12-19,1.454,5,1.46,1.48
SW93.5L,2024-12-20,1.41,5,1.41,1.42
SW93.5L,2024-12-21,1.3119999999999998,5,1.32,1.325
SW93.5L,2024-12-22,1.1440000000000001,5,1.15,1.165
SW93.5L,2024-12-23,1.024,5,1.02,1.015
SW93.5L,2024-12-24,0.982,5,0.98,0.965
SW93.5L,2024-12-25,0.968,5,0.96,0.925
SW93.5L,2024-12-26,0.914,5,0.92,0.92
SW93.5L,2024-12-27,0.8780000000000001,5,0.88,0.8800000000000001
SW93.5L,2024-12-28,0.916,5,0.91,0.91
SW93.5L,2024-12-29,1.014,5,1.01,0.995
SW93.5L,2024-12-30,1.06,5,1.06,1.0550000000000002
SW93.5L,2024-12-31,1.014,5,1.01,1.0150000000000001
SW93.5L,2025-01-01,0.9880000000000001,5,1.0,1.02
SW93.5L,2025-01-02,0.9879999999999999,5,1.0,1.045
SW93.5L,2025-01-03,1.0,5,1.0,1.015
SW93.5L,2025-01-04,1.068,5,1.07,1.06
SW93.5L,2025-01-05,1.0699999999999998,5,1.07,1.06
SW93.5L,2025-01-06,1.008,5,1.02,1.05
SW93.5L,2025-01-07,1.014,5,1.02,1.02
SW93.5L,2025-01-08,0.974,5,0.97,0.96
SW93.5L,2025-01-09,0.858,5,0.85,0.835
SW93.5L,2025-01-10,0.8,5,0.8,0.8049999999999999
SW93.5L,2025-01-11,0.8800000000000001,5,0.88,0.8799999999999999
SW93.5L,2025-01-12,0.9339999999999999,5,0.93,0.9299999999999999
SW93.5L,2025-01-13,1.028,5,1.02,1.0
SW93.5L,2025-01-14,1.052,5,1.05,1.045
SW93.5L,2025-01-15,0.976,5,0.99,1.03
SW93.5L,2025-01-16,0.954,5,0.97,1.0
SW93.5L,2025-01-17,1.022,5,1.03,1.045
SW93.5L,2025-01-18,0.994,5,1.0,1.0150000000000001
SW93.5L,2025-01-19,0.85,5,0.86,0.885
SW93.5L,2025-01-20,0.76,5,0.77,0.8
SW93.5L,2025-01-21,0.736,5,0.74,0.765
SW93.5L,2025-01-22,0.72,5,0.73,0.745
SW93.5L,2025-01-23,0.632,5,0.63,0.615
SW93.5L,2025-01-24,0.546,5,0.55,0.5549999999999999
SW93.5L,2025-01-25,0.542,5,0.55,0.555
SW93.5L,2025-01-26,0.558,5,0.56,0.555
SW93.5L,2025-01-27,0.6140000000000001,5,0.61,0.595
SW93.5L,2025-01-28,0.728,5,0.72,0.71
SW93.5L,2025-01-29,0.858,5,0.85,0.84
SW93.5L,2025-01-30,0.9620000000000001,5,0.96,0.97
SW93.5L,2025-01-31,1.072,5,1.09,1.125
SW93.5L,2025-02-01,1.044,5,1.06,1.115
SW93.5L,2025-02-02,1.042,5,1.05,1.08
SW93.5L,2025-02-03,0.9720000000000001,5,0.98,1.0
SW93.5L,2025-02-04,0.82,5,0.84,0.875
SW93.5L,2025-02-05,0.716,5,0.73,0.75
SW93.5L,2025-02-06,0.636,5,0.63,0.615
SW93.5L,2025-02-07,0.5199999999999999,5,0.52,0.525
SW93.5L,2025-02-08,0.458,5,0.46,0.475
SW93.5L,2025-02-09,0.46799999999999997,5,0.47,0.46
SW93.5L,2025-02-10,0.5800000000000001,5,0.57,0.55
SW93.5L,2025-02-11,0.704,5,0.71,0.715
SW93.5L,2025-02-12,0.796,5,0.8,0.8099999999999999
SW93.5L,2025-02-13,0.8300000000000001,5,0.85,0.885
SW93.5L,2025-02-14,0.8560000000000001,5,0.88,0.9400000000000001
SW93.5L,2025-02-15,0.836,5,0.85,0.9
SW93.5L,2025-02-16,0.8160000000000001,5,0.83,0.865
SW93.5L,2025-02-17,0.782,5,0.79,0.81
SW93.5L,2025-02-18,0.7140000000000001,5,0.73,0.755
SW93.5L,2025-02-19,0.63,5,0.64,0.6799999999999999
SW93.5L,2025-02-20,0.562,5,0.57,0.595
SW93.5L,2025-02-21,0.446,5,0.45,0.47000000000000003
SW93.5L,2025-02-22,0.42800000000000005,5,0.43,0.42
SW93.5L,2025-02-23,0.41200000000000003,5,0.42,0.43
SW93.5L,2025-02-24,0.476,5,0.47,0.45999999999999996
SW93.5L,2025-02-25,0.572,5,0.56,0.54
SW93.5L,2025-02-26,0.682,5,0.67,0.63
SW93.5L,2025-02-27,0.8200000000000001,5,0.8,0.7649999999999999
SW93.5L,2025-02-28,1.004,5,1.0,0.9849999999999999
SW93.5L,2025-03-01,1.08,5,1.08,1.07
SW93.5L,2025-03-02,1.1099999999999999,5,1.12,1.1600000000000001
SW93.5L,2025-03-03,1.068,5,1.09,1.1400000000000001
SW93.5L,2025-03-04,0.9720000000000001,5,0.99,1.03
SW93.5L,2025-03-05,0.8219999999999998,5,0.84,0.8999999999999999
SW93.5L,2025-03-06,0.642,5,0.66,0.705
SW93.5L,2025-03-07,0.48200000000000004,5,0.48,0.485
SW93.5L,2025-03-08,0.426,5,0.42,0.41
SW93.5L,2025-03-09,0.472,5,0.47,0.475
SW93.5L,2025-03-10,0.47400000000000003,5,0.47,0.455
SW93.5L,2025-03-11,0.5740000000000001,5,0.56,0.53
SW93.5L,2025-03-12,0.6799999999999999,5,0.66,0.61
SW93.5L,2025-03-13,0.916,5,0.89,0.83
SW93.5L,2025-03-14,1.094,5,1.09,1.075
SW93.5L,2025-03-15,1.074,5,1.08,1.085
SW93.5L,2025-03-16,0.97,5,0.99,1.04
SW93.5L,2025-03-17,0.954,5,0.97,1.02
SW93.5L,2025-03-18,0.95,5,0.97,1.015
SW93.5L,2025-03-19,0.8959999999999999,5,0.92,0.9650000000000001
SW93.5L,2025-03-20,0.798,5,0.81,0.85
SW93.5L,2025-03-21,0.6679999999999999,5,0.68,0.72
SW93.5L,2025-03-22,0.488,5,0.5,0.5449999999999999
SW93.5L,2025-03-23,0.414,5,0.42,0.43
SW93.5L,2025-03-24,0.384,5,0.38,0.38
SW93.5L,2025-03-25,0.446,5,0.44,0.425
SW93.5L,2025-03-26,0.622,5,0.61,0.575
SW93.5L,2025-03-27,0.85,5,0.83,0.78
SW93.5L,2025-03-28,1.174,5,1.14,1.065
SW93.5L,2025-03-29,1.4120000000000001,5,1.38,1.295
SW93.5L,2025-03-30,1.502,5,1.48,1.4100000000000001
SW93.5L,2025-03-31,1.434,5,1.44,1.45
SW93.5L,2025-04-01,1.292,5,1.32,1.3800000000000001
SW93.5L,2025-04-02,1.23,5,1.24,1.26
SW93.5L,2025-04-03,1.058,5,1.07,1.1099999999999999
SW93.5L,2025-04-04,0.874,5,0.89,0.94
SW93.5L,2025-04-05,0.762,5,0.77,0.79
SW93.5L,2025-04-06,0.712,5,0.7,0.675
SW93.5L,2025-04-07,0.724,5,0.72,0.7
SW93.5L,2025-04-08,0.834,5,0.82,0.795
SW93.5L,2025-04-09,0.876,5,0.86,0.83
SW93.5L,2025-04-10,0.9720000000000001,5,0.96,0.925
SW93.5L,2025-04-11,1.112,5,1.09,1.02
SW93.5L,2025-04-12,1.262,5,1.24,1.195
SW93.5L,2025-04-13,1.276,5,1.26,1.21
SW93.5L,2025-04-14,1.218,5,1.22,1.225
SW93.5L,2025-04-15,1.136,5,1.15,1.185
SW93.5L,2025-04-16,1.1300000000000001,5,1.15,1.185
SW93.5L,2025-04-17,1.122,5,1.14,1.195
SW93.5L,2025-04-18,1.108,5,1.12,1.16
SW93.5L,2025-04-19,1.072,5,1.09,1.13
SW93.5L,2025-04-20,1.028,5,1.03,1.05
SW93.5L,2025-04-21,0.9720000000000001,5,0.97,0.9600000000000001
SW93.5L,2025-04-22,0.9099999999999999,5,0.9,0.885
SW93.5L,2025-04-23,1.038,5,1.03,1.01
SW93.5L,2025-04-24,1.238,5,1.23,1.21
SW93.5L,2025-04-25,1.416,5,1.41,1.405
SW93.5L,2025-04-26,1.556,5,1.55,1.52
SW93.5L,2025-04-27,1.684,5,1.66,1.5899999999999999
SW93.5L,2025-04-28,1.6800000000000002,5,1.65,1.5899999999999999
SW93.5L,2025-04-29,1.5859999999999999,5,1.58,1.58
SW93.5L,2025-04-30,1.534,5,1.56,1.62
SW93.5L,2025-05-01,1.7079999999999997,5,1.72,1.755
SW93.5L,2025-05-02,1.85,5,1.86,1.88
SW93.5L,2025-05-03,1.8960000000000001,5,1.9,1.895
SW93.5L,2025-05-04,1.834,5,1.83,1.835
SW93.5L,2025-05-05,1.752,5,1.75,1.755
SW93.5L,2025-05-06,1.624,5,1.62,1.605
SW93.5L,2025-05-07,1.5239999999999998,5,1.51,1.49
SW93.5L,2025-05-08,1.496,5,1.49,1.47
SW93.5L,2025-05-09,1.486,5,1.48,1.475
SW93.5L,2025-05-10,1.514,5,1.51,1.4849999999999999
SW93.5L,2025-05-11,1.558,5,1.54,1.5
SW93.5L,2025-05-12,1.6059999999999999,5,1.58,1.52
SW93.5L,2025-05-13,1.636,5,1.63,1.6
SW93.5L,2025-05-14,1.5959999999999999,5,1.6,1.615
SW93.5L,2025-05-15,1.5899999999999999,5,1.6,1.625
SW93.5L,2025-05-16,1.6219999999999999,5,1.63,1.65
SW93.5L,2025-05-17,1.7120000000000002,5,1.72,1.73
SW93.5L,2025-05-18,1.764,5,1.77,1.795
SW93.5L,2025-05-19,1.796,5,1.8,1.805
SW93.5L,2025-05-20,1.848,5,1.85,1.8399999999999999
SW93.5L,2025-05-21,2.016,5,2.01,2.0
SW93.5L,2025-05-22,2.2399999999999998,5,2.24,2.2249999999999996
SW93.5L,2025-05-23,2.368,5,2.36,2.355
SW93.5L,2025-05-24,2.536,5,2.54,2.545
SW93.5L,2025-05-25,2.668,5,2.67,2.685
SW93.5L,2025-05-26,2.738,5,2.74,2.735
SW93.5L,2025-05-27,2.7800000000000002,5,2.76,2.715
SW93.5L,2025-05-28,2.792,5,2.78,2.7350000000000003
SW93.5L,2025-05-29,3.044,5,3.04,3.0149999999999997
SW93.5L,2025-05-30,3.146,5,3.15,3.16
SW93.5L,2025-05-31,2.8600000000000003,5,2.87,2.89
SW93.5L,2025-06-01,2.794,5,2.81,2.85
SW93.5L,2025-06-02,2.726,5,2.73,2.73
SW93.5L,2025-06-03,2.816,5,2.81,2.7800000000000002
SW93.5L,2025-06-04,3.142,5,3.14,3.1399999999999997
SW93.5L,2025-06-05,3.524,5,3.53,3.545
SW93.5L,2025-06-06,3.804,5,3.8,3.8049999999999997
SW93.5L,2025-06-07,3.9299999999999997,5,3.92,3.9099999999999997
SW93.5L,2025-06-08,3.8800000000000003,5,3.87,3.845
SW93.5L,2025-06-09,3.75,5,3.74,3.715
SW93.5L,2025-06-10,3.568,5,3.56,3.5250000000000004
SW93.5L,2025-06-11,3.4240000000000004,5,3.41,3.385
SW93.5L,2025-06-12,3.2700000000000005,5,3.29,3.33
SW93.5L,2025-06-13,3.12,5,3.12,3.135
SW93.5L,2025-06-14,3.022,5,3.02,3.0250000000000004
SW93.5L,2025-06-15,2.982,5,2.98,2.99
SW93.5L,2025-06-16,2.956,5,2.96,2.965
SW93.5L,2025-06-17,3.008,5,3.01,3.02
SW93.5L,2025-06-18,2.9579999999999997,5,2.96,2.9749999999999996
SW93.5L,2025-06-19,2.9080000000000004,5,2.9,2.8899999999999997
SW93.5L,2025-06-20,2.896,5,2.89,2.875
SW93.5L,2025-06-21,2.82,5,2.82,2.8049999999999997
SW93.5L,2025-06-22,2.9,5,2.9,2.885
SW93.5L,2025-06-23,2.952,5,2.96,2.965
SW93.5L,2025-06-24,3.064,5,3.07,3.075
SW93.5L,2025-06-25,3.196,5,3.2,3.215
SW93.5L,2025-06-26,3.378,5,3.37,3.3449999999999998
SW93.5L,2025-06-27,3.508,5,3.51,3.52
SW93.5L,2025-06-28,3.6100000000000003,5,3.62,3.6550000000000002
SW93.5L,2025-06-29,3.6799999999999997,5,3.69,3.715
SW93.5L,2025-06-30,3.776,5,3.78,3.8
SW93.5L,2025-07-01,3.776,5,3.78,3.785
SW93.5L,2025-07-02,3.726,5,3.73,3.7350000000000003
SW93.5L,2025-07-03,3.7039999999999997,5,3.7,3.69
SW93.5L,2025-07-04,3.5759999999999996,5,3.57,3.5650000000000004
SW93.5L,2025-07-05,3.47,5,3.47,3.46
SW93.5L,2025-07-06,3.406,5,3.4,3.395
SW93.5L,2025-07-07,3.4299999999999997,5,3.43,3.415
SW93.5L,2025-07-08,3.518,5,3.52,3.5149999999999997
SW93.5L,2025-07-09,3.6339999999999995,5,3.63,3.63
SW93.5L,2025-07-10,3.7159999999999997,5,3.72,3.715
SW93.5L,2025-07-11,3.7619999999999996,5,3.76,3.76
SW93.5L,2025-07-12,3.7399999999999998,5,3.74,3.7350000000000003
SW93.5L,2025-07-13,3.724,5,3.73,3.745
SW93.5L,2025-07-14,3.8739999999999997,5,3.88,3.8899999999999997
SW93.5L,2025-07-15,3.878,5,3.89,3.905
SW93.5L,2025-07-16,3.8259999999999996,5,3.83,3.83
SW93.5L,2025-07-17,3.774,5,3.78,3.7800000000000002
SW93.5L,2025-07-18,3.772,5,3.77,3.77
SW93.5L,2025-07-19,3.816,5,3.81,3.8
SW93.5L,2025-07-20,3.84,5,3.84,3.8499999999999996
SW93.5L,2025-07-21,3.8920000000000003,5,3.89,3.8899999999999997
SW93.5L,2025-07-22,3.996,5,4.0,4.005
SW93.5L,2025-07-23,4.114,5,4.11,4.115
SW93.5L,2025-07-24,4.2459999999999996,5,4.24,4.21
SW93.5L,2025-07-25,4.406,5,4.41,4.42
SW93.5L,2025-07-26,4.470000000000001,5,4.47,4.470000000000001
SW93.5L,2025-07-27,4.388,5,4.4,4.415
SW93.5L,2025-07-28,4.34,5,4.35,4.359999999999999
SW93.5L,2025-07-29,4.292,5,4.29,4.300000000000001
SW93.5L,2025-07-30,4.214,5,4.22,4.225
SW93.5L,2025-07-31,4.192,5,4.19,4.195
SW93.5L,2025-08-01,4.146,5,4.15,4.15
SW93.5L,2025-08-02,4.126,5,4.12,4.095
SW93.5L,2025-08-03,4.116,5,4.11,4.105
SW93.5L,2025-08-04,4.154,5,4.15,4.14
SW93.5L,2025-08-05,4.194,5,4.2,4.215
SW93.5L,2025-08-06,4.298,5,4.3,4.3100000000000005
SW93.5L,2025-08-07,4.42,5,4.42,4.425000000000001
SW93.5L,2025-08-08,4.576,5,4.58,4.574999999999999
SW93.5L,2025-08-09,4.676,5,4.66,4.635
SW93.5L,2025-08-10,4.744,5,4.74,4.74
SW93.5L,2025-08-11,4.796,5,4.8,4.805
SW93.5L,2025-08-12,4.848000000000001,5,4.85,4.859999999999999
SW93.5L,2025-08-13,4.932,5,4.93,4.935
SW93.5L,2025-08-14,5.002000000000001,5,5.0,4.98
SW93.5L,2025-08-15,5.04,5,5.03,5.015000000000001
SW93.5L,2025-08-16,5.024,5,5.03,5.029999999999999
SW93.5L,2025-08-17,4.994,5,4.99,4.984999999999999
SW93.5L,2025-08-18,4.970000000000001,5,4.97,4.96
SW93.5L,2025-08-19,4.964,5,4.97,4.975
SW93.5L,2025-08-20,4.924,5,4.92,4.914999999999999
SW93.5L,2025-08-21,4.848000000000001,5,4.84,4.835
SW93.5L,2025-08-22,4.7780000000000005,5,4.77,4.755000000000001
SW93.5L,2025-08-23,4.744,5,4.74,4.73
SW93.5L,2025-08-24,4.67,5,4.67,4.675
SW93.5L,2025-08-25,4.558,5,4.56,4.58
SW93.5L,2025-08-26,4.498,5,4.5,4.52
SW93.5L,2025-08-27,4.494,5,4.5,4.5
SW93.5L,2025-08-28,4.486,5,4.48,4.48
SW93.5L,2025-08-29,4.458,5,4.46,4.47
SW93.5L,2025-08-30,4.418,5,4.42,4.43
SW93.5L,2025-08-31,4.412,5,4.41,4.404999999999999
SW93.5L,2025-09-01,4.4079999999999995,5,4.4,4.395
SW93.5L,2025-09-02,4.5120000000000005,5,4.51,4.51
SW93.5L,2025-09-03,4.587999999999999,5,4.59,4.6
SW93.5L,2025-09-04,4.664,5,4.66,4.66
SW93.5L,2025-09-05,4.67,5,4.67,4.655
SW93.5L,2025-09-06,4.662000000000001,5,4.65,4.635
SW93.5L,2025-09-07,4.65,5,4.64,4.630000000000001
SW93.5L,2025-09-08,4.616,5,4.61,4.605
SW93.5L,2025-09-09,4.5840000000000005,5,4.58,4.58
SW93.5L,2025-09-10,4.566,5,4.57,4.57
SW93.5L,2025-09-11,4.55,5,4.55,4.5649999999999995
SW93.5L,2025-09-12,4.5600000000000005,5,4.56,4.5600000000000005
SW93.5L,2025-09-13,4.52,5,4.52,4.535
SW93.5L,2025-09-14,4.492,5,4.49,4.495
SW93.5L,2025-09-15,4.49,5,4.48,4.46
SW93.5L,2025-09-16,4.526,5,4.52,4.52
SW93.5L,2025-09-17,4.524,5,4.53,4.54
SW93.5L,2025-09-18,4.574,5,4.57,4.57
SW93.5L,2025-09-19,4.662000000000001,5,4.66,4.65
SW93.5L,2025-09-20,4.712,5,4.71,4.6899999999999995
SW93.5L,2025-09-21,4.7299999999999995,5,4.72,4.705
SW93.5L,2025-09-22,4.828,5,4.83,4.82
SW93.5L,2025-09-23,4.808,5,4.81,4.825
SW93.5L,2025-09-24,4.79,5,4.8,4.8149999999999995
SW93.5L,2025-09-25,4.746,5,4.75,4.76
SW93.5L,2025-09-26,4.728,5,4.73,4.75
SW93.5L,2025-09-27,4.676,5,4.68,4.7
SW93.5L,2025-09-28,4.492,5,4.5,4.505
SW93.5L,2025-09-29,4.304,5,4.31,4.32
SW93.5L,2025-09-30,4.11,5,4.11,4.11
SW93.5L,2025-10-01,4.0600000000000005,5,4.06,4.045
SW93.5L,2025-10-02,4.0760000000000005,5,4.07,4.0600000000000005
SW93.5L,2025-10-03,4.056,5,4.05,4.045
SW93.5L,2025-10-04,3.9579999999999997,5,3.95,3.925
SW93.5L,2025-10-05,3.928,5,3.92,3.885
SW93.5L,2025-10-06,3.96,5,3.95,3.91
SW93.5L,2025-10-07,4.062,5,4.05,4.01
SW93.5L,2025-10-08,4.242,5,4.24,4.24
SW93.5L,2025-10-09,4.2620000000000005,5,4.26,4.255000000000001
SW93.5L,2025-10-10,4.194,5,4.2,4.22
SW93.5L,2025-10-11,4.162000000000001,5,4.16,4.17
SW93.5L,2025-10-12,4.072,5,4.08,4.095
SW93.5L,2025-10-13,3.936,5,3.94,3.9349999999999996
SW93.5L,2025-10-14,3.778,5,3.78,3.77
SW93.5L,2025-10-15,3.628,5,3.62,3.6100000000000003
SW93.5L,2025-10-16,3.5379999999999994,5,3.54,3.5300000000000002
SW93.5L,2025-10-17,3.4880000000000004,5,3.47,3.435
SW93.5L,2025-10-18,3.434,5,3.42,3.3899999999999997
SW93.5L,2025-10-19,3.4159999999999995,5,3.41,3.385
SW93.5L,2025-10-20,3.386,5,3.38,3.37
SW93.5L,2025-10-21,3.314,5,3.31,3.31
SW93.5L,2025-10-22,3.222,5,3.22,3.2249999999999996
SW93.5L,2025-10-23,3.156,5,3.16,3.175
SW93.5L,2025-10-24,3.086,5,3.1,3.125
SW93.5L,2025-10-25,3.012,5,3.02,3.04
SW93.5L,2025-10-26,2.878,5,2.89,2.91
SW93.5L,2025-10-27,2.77,5,2.78,2.79
SW93.5L,2025-10-28,2.678,5,2.68,2.6950000000000003
SW93.5L,2025-10-29,2.628,5,2.63,2.625
SW93.5L,2025-10-30,2.564,5,2.56,2.5650000000000004
SW93.5L,2025-10-31,2.444,5,2.44,2.435
SW93.5L,2025-11-01,2.428,5,2.43,2.42
SW93.5L,2025-11-02,2.5740000000000003,5,2.57,2.565
SW93.5L,2025-11-03,2.664,5,2.66,2.645
SW93.5L,2025-11-04,2.862,5,2.85,2.81
SW93.5L,2025-11-05,3.03,5,3.01,2.965
SW93.5L,2025-11-06,3.13,5,3.12,3.1
SW93.5L,2025-11-07,3.102,5,3.1,3.0949999999999998
SW93.5L,2025-11-08,2.966,5,2.98,3.005
SW93.5L,2025-11-09,2.8579999999999997,5,2.86,2.865
SW93.5L,2025-11-10,2.822,5,2.82,2.81
SW93.5L,2025-11-11,2.668,5,2.67,2.67
SW93.5L,2025-11-12,2.5300000000000002,5,2.53,2.535
SW93.5L,2025-11-13,2.4,5,2.4,2.395
SW93.5L,2025-11-14,2.3120000000000003,5,2.31,2.29
SW93.5L,2025-11-15,2.272,5,2.27,2.25
SW93.5L,2025-11-16,2.25,5,2.25,2.2350000000000003
SW93.5L,2025-11-17,2.238,5,2.23,2.2199999999999998
SW93.5L,2025-11-18,2.27,5,2.26,2.245
SW93.5L,2025-11-19,2.276,5,2.27,2.26
SW93.5L,2025-11-20,2.246,5,2.25,2.255
SW93.5L,2025-11-21,2.19,5,2.19,2.1950000000000003
SW93.5L,2025-11-22,2.1100000000000003,5,2.12,2.13
SW93.5L,2025-11-23,2.04,5,2.05,2.075
SW93.5L,2025-11-24,1.94,5,1.95,1.9649999999999999
SW93.5L,2025-11-25,1.8399999999999999,5,1.84,1.8499999999999999
SW93.5L,2025-11-26,1.8099999999999998,5,1.81,1.82
SW93.5L,2025-11-27,1.7440000000000002,5,1.74,1.7349999999999999
SW93.5L,2025-11-28,1.686,5,1.68,1.6800000000000002
SW93.5L,2025-11-29,1.64,5,1.64,1.63
SW93.5L,2025-11-30,1.634,5,1.62,1.6
SW93.5L,2025-12-01,1.6640000000000001,5,1.66,1.635
SW93.5L,2025-12-02,1.6920000000000002,5,1.69,1.6749999999999998
SW93.5L,2025-12-03,1.7079999999999997,5,1.7,1.69
SW93.5L,2025-12-04,1.736,5,1.73,1.7149999999999999
SW93.5L,2025-12-05,1.798,5,1.8,1.805
SW93.5L,2025-12-06,1.7280000000000002,5,1.73,1.75
SW93.5L,2025-12-07,1.6320000000000001,5,1.64,1.675
SW93.5L,2025-12-08,1.58,5,1.58,1.585
SW93.5L,2025-12-09,1.5879999999999999,5,1.58,1.575
SW93.5L,2025-12-10,1.476,5,1.48,1.49
SW93.5L,2025-12-11,1.3699999999999999,5,1.37,1.37
SW93.5L,2025-12-12,1.318,5,1.32,1.31
SW93.5L,2025-12-13,1.238,5,1.23,1.2000000000000002
SW93.5L,2025-12-14,1.19,5,1.19,1.185
SW93.5L,2025-12-15,1.152,5,1.15,1.155
SW93.5L,2025-12-16,1.168,5,1.17,1.165
SW93.5L,2025-12-17,1.1800000000000002,5,1.18,1.1949999999999998
SW93.5L,2025-12-18,1.198,5,1.2,1.205
SW93.5L,2025-12-19,1.278,5,1.28,1.27
SW93.5L,2025-12-20,1.3359999999999999,5,1.34,1.3450000000000002
SW93.5L,2025-12-21,1.298,5,1.31,1.33
SW93.5L,2025-12-22,1.234,5,1.25,1.295
SW93.5L,2025-12-23,1.232,5,1.24,1.26
SW93.5L,2025-12-24,1.224,5,1.23,1.23
SW93.5L,2025-12-25,1.158,5,1.16,1.17
SW93.5L,2025-12-26,1.072,5,1.08,1.105
SW93.5L,2025-12-27,1.0539999999999998,5,1.06,1.07
SW93.5L,2025-12-28,1.02,5,1.02,1.005
SW93.5L,2025-12-29,0.96,5,0.95,0.935
SW93.5L,2025-12-30,0.9279999999999999,5,0.92,0.9
SW93.5L,2025-12-31,0.9560000000000001,5,0.96,0.96
SW95,2015-01-01,0.18500000000000003,6,0.19,0.255
SW95,2015-01-02,0.27166666666666667,6,0.27,0.195
SW95,2015-01-03,0.24833333333333332,6,0.25,0.22999999999999998
SW95,2015-01-04,0.4066666666666667,6,0.41,0.34500000000000003
SW95,2015-01-05,0.5850000000000001,6,0.59,0.505
SW95,2015-01-06,0.605,6,0.61,0.555
SW95,2015-01-07,0.5,6,0.5,0.54
SW95,2015-01-08,0.48666666666666664,6,0.49,0.51
SW95,2015-01-09,0.5114285714285715,7,0.51,0.49
SW95,2015-01-10,0.49666666666666665,6,0.5,0.445
SW95,2015-01-11,0.4066666666666667,6,0.41,0.38
SW95,2015-01-12,0.184,5,0.18,0.25
SW95,2015-01-13,0.08166666666666665,6,0.08,0.175
SW95,2015-01-14,0.10666666666666667,6,0.11,0.13
SW95,2015-01-15,0.031428571428571424,7,0.03,0.039999999999999994
SW95,2015-01-16,0.045000000000000005,6,0.05,0.065
SW95,2015-01-17,0.19857142857142857,7,0.2,0.12
SW95,2015-01-18,0.17499999999999996,6,0.18,0.16499999999999998
SW95,2015-01-19,0.296,5,0.3,0.265
SW95,2015-01-20,0.368,5,0.37,0.32999999999999996
SW95,2015-01-21,0.39714285714285713,7,0.4,0.37
SW95,2015-01-22,0.47714285714285715,7,0.48,0.495
SW95,2015-01-23,0.5583333333333333,6,0.56,0.5
SW95,2015-01-24,0.42800000000000005,5,0.43,0.48000000000000004
SW95,2015-01-25,0.4166666666666667,6,0.42,0.41
SW95,2015-01-26,0.22142857142857145,7,0.22,0.28
SW95,2015-01-27,0.03799999999999999,5,0.04,0.13
SW95,2015-01-28,-0.0066666666666666706,6,-0.01,-0.04000000000000001
SW95,2015-01-29,-0.16142857142857142,7,-0.16,-0.16999999999999998
SW95,2015-01-30,-0.13333333333333333,6,-0.13,-0.18
SW95,2015-01-31,-0.18142857142857144,7,-0.18,-0.2
SW95,2015-02-01,-0.138,5,-0.14,-0.13
SW95,2015-02-02,-0.10857142857142857,7,-0.11,-0.105
SW95,2015-02-03,-0.025714285714285714,7,-0.03,-0.01999999999999999
SW95,2015-02-04,0.029999999999999992,7,0.03,0.07999999999999999
SW95,2015-02-05,0.038571428571428576,7,0.04,0.11000000000000001
SW95,2015-02-06,0.0,5,0.0,0.044999999999999984
SW95,2015-02-07,-0.036000000000000004,5,-0.04,0.0050000000000000044
SW95,2015-02-08,-0.006666666666666672,6,-0.01,0.0
SW95,2015-02-09,-0.05333333333333334,6,-0.05,-0.024999999999999994
SW95,2015-02-10,-0.18333333333333335,6,-0.18,-0.12
SW95,2015-02-11,-0.25,6,-0.25,-0.18
SW95,2015-02-12,-0.285,6,-0.28,-0.245
SW95,2015-02-13,-0.3485714285714286,7,-0.35,-0.32499999999999996
SW95,2015-02-14,-0.3385714285714286,7,-0.34,-0.32499999999999996
SW95,2015-02-15,-0.21666666666666667,6,-0.22,-0.23
SW95,2015-02-16,-0.215,6,-0.21,-0.16999999999999998
SW95,2015-02-17,-0.118,5,-0.12,-0.09499999999999999
SW95,2015-02-18,-0.01800000000000001,5,-0.02,0.06999999999999998
SW95,2015-02-19,0.12,6,0.12,0.11500000000000002
SW95,2015-02-20,0.16,7,0.16,0.14500000000000002
SW95,2015-02-21,0.23142857142857146,7,0.23,0.27
SW95,2015-02-22,0.21200000000000002,5,0.21,0.235
SW95,2015-02-23,0.2733333333333333,6,0.27,0.21
SW95,2015-02-24,0.24833333333333332,6,0.25,0.185
SW95,2015-02-25,0.07500000000000001,6,0.08,0.11000000000000001
SW95,2015-02-26,0.004999999999999995,6,0.01,0.05499999999999999
SW95,2015-02-27,-0.025714285714285717,7,-0.03,-0.01999999999999999
SW95,2015-02-28,-0.07142857142857142,7,-0.07,-0.044999999999999984
SW95,2015-03-01,-0.09,5,-0.09,-0.105
SW95,2015-03-02,-0.11571428571428573,7,-0.12,-0.105
SW95,2015-03-03,-0.085,6,-0.08,-0.10999999999999999
SW95,2015-03-04,-0.06333333333333334,6,-0.06,-0.06
SW95,2015-03-05,0.05000000000000001,7,0.05,0.0050000000000000044
SW95,2015-03-06,0.03000000000000001,7,0.03,0.020000000000000018
SW95,2015-03-07,-0.044285714285714296,7,-0.04,-0.010000000000000009
SW95,2015-03-08,-0.13428571428571429,7,-0.13,-0.06999999999999998
SW95,2015-03-09,-0.25,5,-0.25,-0.16
SW95,2015-03-10,-0.17166666666666666,6,-0.17,-0.18000000000000002
SW95,2015-03-11,-0.21571428571428572,7,-0.22,-0.16000000000000003
SW95,2015-03-12,-0.20714285714285713,7,-0.21,-0.16
SW95,2015-03-13,-0.30833333333333335,6,-0.31,-0.215
SW95,2015-03-14,-0.27999999999999997,7,-0.28,-0.24
SW95,2015-03-15,-0.2885714285714286,7,-0.29,-0.27
SW95,2015-03-16,-0.22999999999999998,6,-0.23,-0.24
SW95,2015-03-17,-0.19,7,-0.19,-0.19
SW95,2015-03-18,-0.06666666666666667,6,-0.07,-0.01999999999999999
SW95,2015-03-19,0.174,5,0.17,0.13
SW95,2015-03-20,0.32,5,0.32,0.27999999999999997
SW95,2015-03-21,0.3885714285714285,7,0.39,0.33
SW95,2015-03-22,0.4471428571428571,7,0.45,0.43
SW95,2015-03-23,0.35857142857142854,7,0.36,0.43
SW95,2015-03-24,0.198,5,0.2,0.295
SW95,2015-03-25,0.21666666666666667,6,0.22,0.255
SW95,2015-03-26,0.03142857142857143,7,0.03,0.11499999999999999
SW95,2015-03-27,-0.03500000000000001,6,-0.03,0.01999999999999999
SW95,2015-03-28,-0.15142857142857144,7,-0.15,-0.1
SW95,2015-03-29,-0.12166666666666666,6,-0.12,-0.125
SW95,2015-03-30,-0.1571428571428571,7,-0.16,-0.16999999999999998
SW95,2015-03-31,-0.09000000000000001,6,-0.09,-0.09
SW95,2015-04-01,0.05,5,0.05,0.03
SW95,2015-04-02,0.236,5,0.24,0.255
SW95,2015-04-03,0.472,5,0.47,0.43
SW95,2015-04-04,0.61,5,0.61,0.58
SW95,2015-04-05,0.6866666666666666,6,0.69,0.555
SW95,2015-04-06,0.5785714285714285,7,0.58,0.515
SW95,2015-04-07,0.49142857142857144,7,0.49,0.48000000000000004
SW95,2015-04-08,0.31833333333333336,6,0.32,0.355
SW95,2015-04-09,0.265,6,0.27,0.29500000000000004
SW95,2015-04-10,0.24333333333333332,6,0.24,0.24999999999999997
SW95,2015-04-11,0.1685714285714286,7,0.17,0.23500000000000001
SW95,2015-04-12,0.10833333333333334,6,0.11,0.19
SW95,2015-04-13,0.1366666666666667,6,0.14,0.125
SW95,2015-04-14,0.09000000000000001,6,0.09,0.10500000000000001
SW95,2015-04-15,0.33166666666666667,6,0.33,0.28500000000000003
SW95,2015-04-16,0.418,5,0.42,0.435
SW95,2015-04-17,0.48666666666666664,6,0.49,0.5800000000000001
SW95,2015-04-18,0.79,5,0.79,0.765
SW95,2015-04-19,0.9183333333333333,6,0.92,0.9299999999999999
SW95,2015-04-20,0.9428571428571428,7,0.94,0.8800000000000001
SW95,2015-04-21,0.8942857142857142,7,0.89,0.885
SW95,2015-04-22,0.7416666666666667,6,0.74,0.87
SW95,2015-04-23,0.774,5,0.77,0.85
SW95,2015-04-24,0.7566666666666667,6,0.76,0.755
SW95,2015-04-25,0.516,5,0.52,0.585
SW95,2015-04-26,0.3933333333333333,6,0.39,0.39
SW95,2015-04-27,0.36000000000000004,6,0.36,0.385
SW95,2015-04-28,0.47500000000000003,6,0.48,0.43000000000000005
SW95,2015-04-29,0.5599999999999999,6,0.56,0.515
SW95,2015-04-30,0.5566666666666666,6,0.56,0.63
SW95,2015-05-01,0.6233333333333334,6,0.62,0.6799999999999999
SW95,2015-05-02,0.6866666666666666,6,0.69,0.7799999999999999
SW95,2015-05-03,0.852,5,0.85,0.86
SW95,2015-05-04,0.8366666666666666,6,0.84,0.83
SW95,2015-05-05,0.8728571428571428,7,0.87,0.7999999999999999
SW95,2015-05-06,0.8485714285714286,7,0.85,0.7899999999999999
SW95,2015-05-07,0.868,5,0.87,0.9199999999999999
SW95,2015-05-08,0.8416666666666667,6,0.84,0.8049999999999999
SW95,2015-05-09,0.6980000000000001,5,0.7,0.745
SW95,2015-05-10,0.674,5,0.67,0.7050000000000001
SW95,2015-05-11,0.715,6,0.72,0.645
SW95,2015-05-12,0.6028571428571429,7,0.6,0.61
SW95,2015-05-13,0.585,6,0.59,0.6699999999999999
SW95,2015-05-14,0.658,5,0.66,0.685
SW95,2015-05-15,0.79,6,0.79,0.7949999999999999
SW95,2015-05-16,0.9400000000000001,6,0.94,0.87
SW95,2015-05-17,0.96,6,0.96,1.02
SW95,2015-05-18,1.096,5,1.1,1.155
SW95,2015-05-19,1.1320000000000001,5,1.13,1.105
SW95,2015-05-20,1.1257142857142857,7,1.13,1.075
SW95,2015-05-21,1.0714285714285714,7,1.07,1.075
SW95,2015-05-22,1.0379999999999998,5,1.04,1.075
SW95,2015-05-23,1.0999999999999999,6,1.1,1.065
SW95,2015-05-24,1.0116666666666667,6,1.01,1.065
SW95,2015-05-25,1.1866666666666668,6,1.19,1.185
SW95,2015-05-26,1.2816666666666665,6,1.28,1.23
SW95,2015-05-27,1.262,5,1.26,1.27
SW95,2015-05-28,1.25,6,1.25,1.2850000000000001
SW95,2015-05-29,1.3416666666666668,6,1.34,1.28
SW95,2015-05-30,1.3916666666666666,6,1.39,1.345
SW95,2015-05-31,1.5533333333333335,6,1.55,1.55
SW95,2015-06-01,1.596,5,1.6,1.6099999999999999
SW95,2015-06-02,1.706,5,1.69,1.645
SW95,2015-06-03,1.7399999999999998,5,1.72,1.675
SW95,2015-06-04,1.77,5,1.75,1.7049999999999998
SW95,2015-06-05,1.7559999999999998,5,1.76,1.76
SW95,2015-06-06,1.6960000000000002,5,1.71,1.7449999999999999
SW95,2015-06-07,1.702,5,1.71,1.74
SW95,2015-06-08,1.77,5,1.77,1.77
SW95,2015-06-09,1.828,5,1.81,1.765
SW95,2015-06-10,2.016,5,2.01,2.005
SW95,2015-06-11,2.1079999999999997,5,2.09,2.055
SW95,2015-06-12,2.226,5,2.23,2.23
SW95,2015-06-13,2.396,5,2.38,2.355
SW95,2015-06-14,2.4739999999999998,5,2.46,2.4299999999999997
SW95,2015-06-15,2.5780000000000003,5,2.57,2.5549999999999997
SW95,2015-06-16,2.606,5,2.6,2.59
SW95,2015-06-17,2.552,5,2.55,2.5300000000000002
SW95,2015-06-18,2.412,5,2.42,2.455
SW95,2015-06-19,2.434,5,2.44,2.455
SW95,2015-06-20,2.482,5,2.5,2.545
SW95,2015-06-21,2.548,5,2.57,2.615
SW95,2015-06-22,2.5759999999999996,5,2.59,2.61
SW95,2015-06-23,2.5100000000000002,5,2.52,2.545
SW95,2015-06-24,2.4059999999999997,5,2.41,2.42
SW95,2015-06-25,2.334,5,2.34,2.3499999999999996
SW95,2015-06-26,2.33,5,2.33,2.3449999999999998
SW95,2015-06-27,2.39,5,2.39,2.385
SW95,2015-06-28,2.468,5,2.46,2.455
SW95,2015-06-29,2.48,5,2.48,2.47
SW95,2015-06-30,2.492,5,2.48,2.46
SW95,2015-07-01,2.502,5,2.51,2.545
SW95,2015-07-02,2.536,5,2.53,2.52
SW95,2015-07-03,2.516,5,2.51,2.51
SW95,2015-07-04,2.4699999999999998,5,2.46,2.445
SW95,2015-07-05,2.436,5,2.44,2.435
SW95,2015-07-06,2.3920000000000003,5,2.41,2.46
SW95,2015-07-07,2.4899999999999998,5,2.48,2.4699999999999998
SW95,2015-07-08,2.484,5,2.49,2.5
SW95,2015-07-09,2.584,5,2.59,2.61
SW95,2015-07-10,2.58,5,2.59,2.605
SW95,2015-07-11,2.544,5,2.55,2.58
SW95,2015-07-12,2.464,5,2.48,2.5149999999999997
SW95,2015-07-13,2.43,5,2.45,2.49
SW95,2015-07-14,2.436,5,2.43,2.41
SW95,2015-07-15,2.46,5,2.45,2.4400000000000004
SW95,2015-07-16,2.448,5,2.45,2.45
SW95,2015-07-17,2.418,5,2.43,2.445
SW95,2015-07-18,2.448,5,2.45,2.46
SW95,2015-07-19,2.45,5,2.47,2.505
SW95,2015-07-20,2.484,5,2.51,2.57
SW95,2015-07-21,2.478,5,2.5,2.565
SW95,2015-07-22,2.478,5,2.5,2.565
SW95,2015-07-23,2.46,5,2.48,2.5300000000000002
SW95,2015-07-24,2.4739999999999998,5,2.49,2.5300000000000002
SW95,2015-07-25,2.4699999999999998,5,2.48,2.505
SW95,2015-07-26,2.416,5,2.42,2.44
SW95,2015-07-27,2.404,5,2.41,2.42
SW95,2015-07-28,2.492,5,2.47,2.43
SW95,2015-07-29,2.55,5,2.52,2.46
SW95,2015-07-30,2.528,5,2.51,2.46
SW95,2015-07-31,2.4560000000000004,5,2.46,2.46
SW95,2015-08-01,2.692,5,2.71,2.77
SW95,2015-08-02,2.902,5,2.88,2.825
SW95,2015-08-03,2.838,5,2.81,2.745
SW95,2015-08-04,2.7600000000000002,5,2.74,2.675
SW95,2015-08-05,2.614,5,2.62,2.62
SW95,2015-08-06,2.4699999999999998,5,2.49,2.535
SW95,2015-08-07,2.352,5,2.38,2.42
SW95,2015-08-08,2.242,5,2.24,2.2199999999999998
SW95,2015-08-09,2.2,5,2.2,2.205
SW95,2015-08-10,2.2199999999999998,5,2.2,2.16
SW95,2015-08-11,2.18,5,2.18,2.1950000000000003
SW95,2015-08-12,2.278,5,2.28,2.3
SW95,2015-08-13,2.3600000000000003,5,2.36,2.3449999999999998
SW95,2015-08-14,2.408,5,2.41,2.4050000000000002
SW95,2015-08-15,2.3920000000000003,5,2.39,2.39
SW95,2015-08-16,2.356,5,2.38,2.375
SW95,2015-08-17,2.44,5,2.44,2.455
SW95,2015-08-18,2.456,5,2.46,2.49
SW95,2015-08-19,2.442,5,2.45,2.49
SW95,2015-08-20,2.5060000000000002,5,2.51,2.505
SW95,2015-08-21,2.568,5,2.57,2.565
SW95,2015-08-22,2.722,5,2.72,2.715
SW95,2015-08-23,2.944,5,2.94,2.94
SW95,2015-08-24,3.06,5,3.06,3.0700000000000003
SW95,2015-08-25,3.166,5,3.17,3.165
SW95,2015-08-26,3.25,5,3.25,3.24
SW95,2015-08-27,3.434,5,3.44,3.445
SW95,2015-08-28,3.526,5,3.52,3.505
SW95,2015-08-29,3.572,5,3.57,3.565
SW95,2015-08-30,3.588,5,3.58,3.5599999999999996
SW95,2015-08-31,3.566,5,3.56,3.56
SW95,2015-09-01,3.562,5,3.57,3.5949999999999998
SW95,2015-09-02,3.558,5,3.57,3.5999999999999996
SW95,2015-09-03,3.524,5,3.53,3.5549999999999997
SW95,2015-09-04,3.504,5,3.51,3.515
SW95,2015-09-05,3.438,5,3.44,3.46
SW95,2015-09-06,3.4159999999999995,5,3.42,3.4450000000000003
SW95,2015-09-07,3.378,5,3.39,3.415
SW95,2015-09-08,3.378,5,3.38,3.385
SW95,2015-09-09,3.322,5,3.33,3.355
SW95,2015-09-10,3.2879999999999994,5,3.3,3.315
SW95,2015-09-11,3.278,5,3.27,3.26
SW95,2015-09-12,3.112,5,3.1,3.085
SW95,2015-09-13,3.038,5,3.03,3.02
SW95,2015-09-14,3.006,5,3.0,2.9749999999999996
SW95,2015-09-15,2.946,5,2.94,2.9400000000000004
SW95,2015-09-16,2.848,5,2.86,2.875
SW95,2015-09-17,2.636,5,2.65,2.685
SW95,2015-09-18,2.5100000000000002,5,2.53,2.575
SW95,2015-09-19,2.48,5,2.5,2.55
SW95,2015-09-20,2.532,5,2.54,2.545
SW95,2015-09-21,2.52,5,2.52,2.535
SW95,2015-09-22,2.524,5,2.53,2.55
SW95,2015-09-23,2.528,5,2.53,2.53
SW95,2015-09-24,2.206,5,2.23,2.295
SW95,2015-09-25,2.082,5,2.08,2.085
SW95,2015-09-26,1.972,5,1.97,1.9649999999999999
SW95,2015-09-27,1.9759999999999998,5,1.99,2.025
SW95,2015-09-28,2.2800000000000002,5,2.32,2.425
SW95,2015-09-29,2.804,5,2.81,2.81
SW95,2015-09-30,2.718,5,2.71,2.7
SW95,2015-10-01,2.6100000000000003,5,2.63,2.675
SW95,2015-10-02,2.3240000000000003,5,2.37,2.47
SW95,2015-10-03,2.2239999999999998,5,2.26,2.3499999999999996
SW95,2015-10-04,2.032,5,2.03,2.04
SW95,2015-10-05,1.984,5,1.98,1.9749999999999999
SW95,2015-10-06,1.9140000000000001,5,1.92,1.9
SW95,2015-10-07,1.922,5,1.92,1.915
SW95,2015-10-08,1.884,5,1.89,1.9
SW95,2015-10-09,1.972,5,1.96,1.92
SW95,2015-10-10,2.028,5,2.01,1.95
SW95,2015-10-11,1.952,5,1.93,1.8599999999999999
SW95,2015-10-12,1.6960000000000002,5,1.71,1.745
SW95,2015-10-13,1.734,5,1.73,1.7199999999999998
SW95,2015-10-14,1.7619999999999998,5,1.75,1.72
SW95,2015-10-15,1.65,5,1.67,1.69
SW95,2015-10-16,1.494,5,1.5,1.53
SW95,2015-10-17,1.384,5,1.41,1.46
SW95,2015-10-18,1.31,5,1.32,1.355
SW95,2015-10-19,1.258,5,1.26,1.28
SW95,2015-10-20,1.144,5,1.16,1.19
SW95,2015-10-21,1.046,5,1.06,1.09
SW95,2015-10-22,0.96,5,0.97,0.985
SW95,2015-10-23,0.9179999999999999,5,0.93,0.965
SW95,2015-10-24,1.01,5,1.0,0.96
SW95,2015-10-25,1.032,5,1.02,0.9950000000000001
SW95,2015-10-26,1.1219999999999999,5,1.11,1.065
SW95,2015-10-27,1.2040000000000002,5,1.19,1.145
SW95,2015-10-28,1.274,5,1.26,1.22
SW95,2015-10-29,1.214,5,1.23,1.255
SW95,2015-10-30,1.144,5,1.16,1.21
SW95,2015-10-31,1.012,5,1.05,1.145
SW95,2015-11-01,0.9799999999999999,5,1.0,1.055
SW95,2015-11-02,0.9480000000000001,5,0.96,0.9950000000000001
SW95,2015-11-03,0.9800000000000001,5,0.97,0.96
SW95,2015-11-04,0.8880000000000001,5,0.89,0.905
SW95,2015-11-05,0.76,5,0.77,0.78
SW95,2015-11-06,0.744,5,0.74,0.745
SW95,2015-11-07,0.714,5,0.7,0.675
SW95,2015-11-08,0.626,5,0.64,0.655
SW95,2015-11-09,0.626,5,0.63,0.63
SW95,2015-11-10,0.67,5,0.66,0.64
SW95,2015-11-11,0.71,5,0.71,0.72
SW95,2015-11-12,0.754,5,0.76,0.7649999999999999
SW95,2015-11-13,0.728,5,0.74,0.7649999999999999
SW95,2015-11-14,0.734,5,0.73,0.73
SW95,2015-11-15,0.73,5,0.74,0.78
SW95,2015-11-16,0.69,5,0.71,0.77
SW95,2015-11-17,0.678,5,0.69,0.73
SW95,2015-11-18,0.616,5,0.63,0.655
SW95,2015-11-19,0.47800000000000004,5,0.49,0.535
SW95,2015-11-20,0.512,5,0.51,0.515
SW95,2015-11-21,0.516,5,0.53,0.555
SW95,2015-11-22,0.558,5,0.56,0.56
SW95,2015-11-23,0.662,5,0.66,0.64
SW95,2015-11-24,0.782,5,0.78,0.7799999999999999
SW95,2015-11-25,0.9,5,0.89,0.88
SW95,2015-11-26,0.966,5,0.96,0.9349999999999999
SW95,2015-11-27,0.974,5,0.98,0.98
SW95,2015-11-28,0.9119999999999999,5,0.91,0.895
SW95,2015-11-29,0.76,5,0.77,0.8049999999999999
SW95,2015-11-30,0.634,5,0.66,0.7250000000000001
SW95,2015-12-01,0.544,5,0.56,0.615
SW95,2015-12-02,0.544,5,0.54,0.53
SW95,2015-12-03,0.516,5,0.51,0.495
SW95,2015-12-04,0.47000000000000003,5,0.48,0.49000000000000005
SW95,2015-12-05,0.40599999999999997,5,0.41,0.43
SW95,2015-12-06,0.382,5,0.4,0.43
SW95,2015-12-07,0.40199999999999997,5,0.41,0.42
SW95,2015-12-08,0.45999999999999996,5,0.45,0.435
SW95,2015-12-09,0.54,5,0.52,0.46
SW95,2015-12-10,0.634,5,0.62,0.5700000000000001
SW95,2015-12-11,0.702,5,0.67,0.605
SW95,2015-12-12,0.7859999999999999,5,0.76,0.6799999999999999
SW95,2015-12-13,0.82,5,0.79,0.73
SW95,2015-12-14,0.762,5,0.73,0.655
SW95,2015-12-15,0.614,5,0.61,0.595
SW95,2015-12-16,0.442,5,0.45,0.48
SW95,2015-12-17,0.33,5,0.35,0.39
SW95,2015-12-18,0.316,5,0.33,0.35500000000000004
SW95,2015-12-19,0.27,5,0.28,0.3
SW95,2015-12-20,0.244,5,0.24,0.235
SW95,2015-12-21,0.192,5,0.18,0.155
SW95,2015-12-22,0.196,5,0.19,0.18
SW95,2015-12-23,0.254,5,0.25,0.24000000000000002
SW95,2015-12-24,0.3,5,0.31,0.265
SW95,2015-12-25,0.312,5,0.33,0.29000000000000004
SW95,2015-12-26,0.182,5,0.21,0.29000000000000004
SW95,2015-12-27,0.414,5,0.38,0.445
SW95,2015-12-28,0.256,5,0.26,0.275
SW95,2015-12-29,0.22799999999999998,5,0.24,0.28
SW95,2015-12-30,0.21600000000000003,5,0.22,0.24
SW95,2015-12-31,0.21600000000000003,5,0.22,0.21500000000000002
SW95,2016-01-01,0.22999999999999998,5,0.22,0.21000000000000002
SW95,2016-01-02,0.22800000000000004,5,0.22,0.185
SW95,2016-01-03,0.198,5,0.19,0.15499999999999997
SW95,2016-01-04,0.18,5,0.17,0.14
SW95,2016-01-05,0.032,5,0.04,0.07
SW95,2016-01-06,-0.06000000000000001,5,-0.06,-0.05499999999999999
SW95,2016-01-07,-0.066,5,-0.07,-0.095
SW95,2016-01-08,0.009999999999999998,5,0.0,-0.03
SW95,2016-01-09,0.08,5,0.06,0.024999999999999994
SW95,2016-01-10,0.176,5,0.16,0.12000000000000002
SW95,2016-01-11,0.16999999999999998,5,0.16,0.14999999999999997
SW95,2016-01-12,0.16399999999999998,5,0.16,0.15999999999999998
SW95,2016-01-13,0.176,5,0.18,0.20500000000000002
SW95,2016-01-14,0.156,5,0.17,0.195
SW95,2016-01-15,0.078,5,0.1,0.16999999999999998
SW95,2016-01-16,0.022,5,0.05,0.11000000000000001
SW95,2016-01-17,-0.09999999999999999,5,-0.09,-0.05
SW95,2016-01-18,-0.178,5,-0.18,-0.16999999999999998
SW95,2016-01-19,-0.27,5,-0.27,-0.255
SW95,2016-01-20,-0.252,5,-0.25,-0.25
SW95,2016-01-21,-0.154,5,-0.17,-0.20500000000000002
SW95,2016-01-22,-0.17,5,-0.18,-0.195
SW95,2016-01-23,-0.144,5,-0.15,-0.165
SW95,2016-01-24,-0.10999999999999999,5,-0.12,-0.13
SW95,2016-01-25,-0.164,5,-0.15,-0.10499999999999998
SW95,2016-01-26,-0.068,5,-0.07,-0.06
SW95,2016-01-27,-0.06599999999999999,5,-0.05,-0.024999999999999994
SW95,2016-01-28,-0.04,5,-0.02,0.01999999999999999
SW95,2016-01-29,-0.06999999999999999,5,-0.05,0.0050000000000000044
SW95,2016-01-30,-0.11400000000000002,5,-0.1,-0.08
SW95,2016-01-31,-0.128,5,-0.13,-0.11000000000000001
SW95,2016-02-01,-0.13999999999999999,5,-0.13,-0.10499999999999998
SW95,2016-02-02,-0.172,5,-0.15,-0.09499999999999999
SW95,2016-02-03,-0.258,5,-0.25,-0.24
SW95,2016-02-04,-0.184,5,-0.2,-0.245
SW95,2016-02-05,-0.13999999999999999,5,-0.15,-0.16999999999999998
SW95,2016-02-06,0.008000000000000004,5,-0.01,-0.06999999999999999
SW95,2016-02-07,0.084,5,0.06,0.0
SW95,2016-02-08,0.144,5,0.12,0.044999999999999984
SW95,2016-02-09,0.362,5,0.34,0.29500000000000004
SW95,2016-02-10,0.466,5,0.43,0.34
SW95,2016-02-11,0.45599999999999996,5,0.44,0.4
SW95,2016-02-12,0.414,5,0.41,0.415
SW95,2016-02-13,0.3,5,0.32,0.38
SW95,2016-02-14,0.176,5,0.19,0.21999999999999997
SW95,2016-02-15,-0.011999999999999997,5,0.0,0.03
SW95,2016-02-16,-0.11400000000000002,5,-0.11,-0.1
SW95,2016-02-17,-0.088,5,-0.09,-0.11
SW95,2016-02-18,-0.154,5,-0.15,-0.155
SW95,2016-02-19,-0.007999999999999997,5,-0.04,-0.10499999999999998
SW95,2016-02-20,0.11000000000000001,5,0.08,0.01999999999999999
SW95,2016-02-21,0.236,5,0.21,0.14
SW95,2016-02-22,0.176,5,0.2,0.26999999999999996
SW95,2016-02-23,0.418,5,0.4,0.345
SW95,2016-02-24,0.43,5,0.42,0.38
SW95,2016-02-25,0.322,5,0.34,0.37
SW95,2016-02-26,0.15,5,0.17,0.22000000000000003
SW95,2016-02-27,0.041999999999999996,5,0.07,0.13
SW95,2016-02-28,-0.041999999999999996,5,-0.01,0.06
SW95,2016-02-29,-0.064,5,-0.03,0.06
SW95,2016-03-01,-0.078,5,-0.05,0.0050000000000000044
SW95,2016-03-02,-0.154,5,-0.13,-0.08000000000000002
SW95,2016-03-03,-0.21400000000000002,5,-0.2,-0.155
SW95,2016-03-04,-0.15,5,-0.16,-0.195
SW95,2016-03-05,-0.02799999999999999,5,-0.05,-0.115
SW95,2016-03-06,0.025999999999999995,5,0.02,0.01999999999999999
SW95,2016-03-07,0.16999999999999998,5,0.16,0.125
SW95,2016-03-08,0.336,5,0.32,0.29500000000000004
SW95,2016-03-09,0.49000000000000005,5,0.46,0.385
SW95,2016-03-10,0.586,5,0.55,0.47
SW95,2016-03-11,0.5740000000000001,5,0.56,0.535
SW95,2016-03-12,0.44400000000000006,5,0.46,0.505
SW95,2016-03-13,0.308,5,0.33,0.395
SW95,2016-03-14,0.27799999999999997,5,0.3,0.35
SW95,2016-03-15,0.34199999999999997,5,0.34,0.325
SW95,2016-03-16,0.33999999999999997,5,0.33,0.3
SW95,2016-03-17,0.1,5,0.12,0.18
SW95,2016-03-18,0.004000000000000009,5,0.02,0.07
SW95,2016-03-19,0.016000000000000004,5,0.02,0.03
SW95,2016-03-20,0.10600000000000001,5,0.1,0.07
SW95,2016-03-21,0.27199999999999996,5,0.26,0.22499999999999998
SW95,2016-03-22,0.40199999999999997,5,0.36,0.27999999999999997
SW95,2016-03-23,0.362,5,0.33,0.255
SW95,2016-03-24,0.40199999999999997,5,0.35,0.225
SW95,2016-03-25,0.34199999999999997,5,0.3,0.16999999999999998
SW95,2016-03-26,0.302,5,0.27,0.205
SW95,2016-03-27,0.174,5,0.18,0.20500000000000002
SW95,2016-03-28,0.196,5,0.19,0.19
SW95,2016-03-29,0.13399999999999998,5,0.15,0.2
SW95,2016-03-30,0.23000000000000004,5,0.24,0.28
SW95,2016-03-31,0.196,5,0.21,0.255
SW95,2016-04-01,0.184,5,0.2,0.24
SW95,2016-04-02,0.174,5,0.18,0.205
SW95,2016-04-03,0.186,5,0.2,0.23
SW95,2016-04-04,0.382,5,0.35,0.255
SW95,2016-04-05,0.626,5,0.61,0.5700000000000001
SW95,2016-04-06,0.8460000000000001,5,0.84,0.83
SW95,2016-04-07,1.08,5,1.05,0.99
SW95,2016-04-08,1.166,5,1.13,1.0550000000000002
SW95,2016-04-09,1.166,5,1.13,1.05
SW95,2016-04-10,1.02,5,1.02,1.03
SW95,2016-04-11,0.8140000000000001,5,0.86,0.9299999999999999
SW95,2016-04-12,0.778,5,0.81,0.8999999999999999
SW95,2016-04-13,0.7619999999999999,5,0.77,0.78
SW95,2016-04-14,0.686,5,0.69,0.71
SW95,2016-04-15,0.6639999999999999,5,0.66,0.655
SW95,2016-04-16,0.728,5,0.72,0.715
SW95,2016-04-17,0.9039999999999999,5,0.91,0.94
SW95,2016-04-18,1.0699999999999998,5,1.09,1.13
SW95,2016-04-19,1.214,5,1.21,1.205
SW95,2016-04-20,1.214,5,1.21,1.205
SW95,2016-04-21,1.3359999999999999,5,1.32,1.295
SW95,2016-04-22,1.4940000000000002,5,1.47,1.42
SW95,2016-04-23,1.5879999999999999,5,1.59,1.5299999999999998
SW95,2016-04-24,1.5939999999999999,5,1.58,1.5299999999999998
SW95,2016-04-25,1.416,5,1.42,1.42
SW95,2016-04-26,1.284,5,1.31,1.37
SW95,2016-04-27,1.192,5,1.22,1.28
SW95,2016-04-28,1.198,5,1.22,1.275
SW95,2016-04-29,1.216,5,1.23,1.255
SW95,2016-04-30,1.244,5,1.25,1.28
SW95,2016-05-01,1.3980000000000001,5,1.39,1.355
SW95,2016-05-02,1.41,5,1.41,1.42
SW95,2016-05-03,1.492,5,1.49,1.48
SW95,2016-05-04,1.568,5,1.56,1.5350000000000001
SW95,2016-05-05,1.64,5,1.64,1.63
SW95,2016-05-06,1.706,5,1.71,1.705
SW95,2016-05-07,1.784,5,1.78,1.765
SW95,2016-05-08,1.78,5,1.77,1.73
SW95,2016-05-09,1.736,5,1.73,1.7149999999999999
SW95,2016-05-10,1.526,5,1.55,1.605
SW95,2016-05-11,1.366,5,1.39,1.445
SW95,2016-05-12,1.346,5,1.36,1.395
SW95,2016-05-13,1.1,5,1.13,1.205
SW95,2016-05-14,1.09,5,1.11,1.155
SW95,2016-05-15,1.1179999999999999,5,1.11,1.1
SW95,2016-05-16,1.1019999999999999,5,1.1,1.0899999999999999
SW95,2016-05-17,1.224,5,1.2,1.155
SW95,2016-05-18,1.2719999999999998,5,1.27,1.255
SW95,2016-05-19,1.422,5,1.41,1.38
SW95,2016-05-20,1.6619999999999997,5,1.65,1.63
SW95,2016-05-21,1.796,5,1.76,1.665
SW95,2016-05-22,2.0460000000000003,5,1.99,1.835
SW95,2016-05-23,2.152,5,2.14,2.12
SW95,2016-05-24,2.1759999999999997,5,2.17,2.15
SW95,2016-05-25,2.184,5,2.17,2.15
SW95,2016-05-26,2.082,5,2.1,2.13
SW95,2016-05-27,2.098,5,2.1,2.12
SW95,2016-05-28,2.066,5,2.07,2.075
SW95,2016-05-29,2.0140000000000002,5,2.02,2.04
SW95,2016-05-30,2.004,5,2.01,2.01
SW95,2016-05-31,2.008,5,2.0,1.9949999999999999
SW95,2016-06-01,2.02,5,2.01,1.995
SW95,2016-06-02,2.098,5,2.07,2.005
SW95,2016-06-03,2.19,5,2.17,2.115
SW95,2016-06-04,2.256,5,2.24,2.205
SW95,2016-06-05,2.312,5,2.32,2.335
SW95,2016-06-06,2.3259999999999996,5,2.32,2.3049999999999997
SW95,2016-06-07,2.306,5,2.29,2.26
SW95,2016-06-08,2.1879999999999997,5,2.18,2.155
SW95,2016-06-09,2.0780000000000003,5,2.09,2.105
SW95,2016-06-10,2.0100000000000002,5,2.01,1.9949999999999999
SW95,2016-06-11,1.864,5,1.88,1.925
SW95,2016-06-12,1.9140000000000001,5,1.92,1.9449999999999998
SW95,2016-06-13,1.94,5,1.94,1.93
SW95,2016-06-14,1.8619999999999997,5,1.86,1.845
SW95,2016-06-15,1.884,5,1.86,1.8399999999999999
SW95,2016-06-16,1.94,5,1.94,1.93
SW95,2016-06-17,2.1060000000000003,5,2.11,2.13
SW95,2016-06-18,2.2800000000000002,5,2.28,2.2800000000000002
SW95,2016-06-19,2.4259999999999997,5,2.41,2.38
SW95,2016-06-20,2.464,5,2.44,2.37
SW95,2016-06-21,2.442,5,2.42,2.38
SW95,2016-06-22,2.416,5,2.4,2.355
SW95,2016-06-23,2.4,5,2.39,2.38
SW95,2016-06-24,2.4219999999999997,5,2.44,2.49
SW95,2016-06-25,2.516,5,2.53,2.5549999999999997
SW95,2016-06-26,2.66,5,2.66,2.67
SW95,2016-06-27,2.7359999999999998,5,2.75,2.79
SW95,2016-06-28,2.854,5,2.83,2.7800000000000002
SW95,2016-06-29,2.956,5,2.94,2.9050000000000002
SW95,2016-06-30,2.9539999999999997,5,2.95,2.93
SW95,2016-07-01,2.902,5,2.9,2.9000000000000004
SW95,2016-07-02,3.0060000000000002,5,2.99,2.955
SW95,2016-07-03,3.056,5,3.07,3.12
SW95,2016-07-04,3.15,5,3.14,3.13
SW95,2016-07-05,3.1399999999999997,5,3.12,3.06
SW95,2016-07-06,3.064,5,3.06,3.04
SW95,2016-07-07,3.036,5,3.04,3.045
SW95,2016-07-08,2.964,5,2.97,2.995
SW95,2016-07-09,2.95,5,2.96,2.98
SW95,2016-07-10,2.966,5,2.97,2.9749999999999996
SW95,2016-07-11,2.996,5,2.99,2.96
SW95,2016-07-12,3.028,5,3.01,2.955
SW95,2016-07-13,2.9859999999999998,5,2.98,2.965
SW95,2016-07-14,2.916,5,2.91,2.91
SW95,2016-07-15,2.896,5,2.9,2.92
SW95,2016-07-16,2.95,5,2.95,2.9450000000000003
SW95,2016-07-17,2.9979999999999998,5,3.0,3.01
SW95,2016-07-18,3.018,5,3.02,3.025
SW95,2016-07-19,3.04,5,3.04,3.045
SW95,2016-07-20,3.122,5,3.12,3.13
SW95,2016-07-21,3.166,5,3.16,3.15
SW95,2016-07-22,3.2980000000000005,5,3.29,3.2800000000000002
SW95,2016-07-23,3.3240000000000003,5,3.33,3.3449999999999998
SW95,2016-07-24,3.3600000000000003,5,3.38,3.415
SW95,2016-07-25,3.476,5,3.48,3.495
SW95,2016-07-26,3.5140000000000002,5,3.52,3.53
SW95,2016-07-27,3.474,5,3.49,3.545
SW95,2016-07-28,3.53,5,3.52,3.51
SW95,2016-07-29,3.588,5,3.59,3.58
SW95,2016-07-30,3.6480000000000006,5,3.64,3.63
SW95,2016-07-31,3.72,5,3.71,3.6799999999999997
SW95,2016-08-01,3.8579999999999997,5,3.87,3.89
SW95,2016-08-02,3.998,5,3.98,3.945
SW95,2016-08-03,3.912,5,3.91,3.91
SW95,2016-08-04,3.8579999999999997,5,3.86,3.88
SW95,2016-08-05,3.75,5,3.77,3.805
SW95,2016-08-06,3.5700000000000003,5,3.59,3.6550000000000002
SW95,2016-08-07,3.47,5,3.48,3.5149999999999997
SW95,2016-08-08,3.35,5,3.36,3.38
SW95,2016-08-09,3.2159999999999997,5,3.23,3.255
SW95,2016-08-10,3.186,5,3.2,3.23
SW95,2016-08-11,3.002,5,3.0,3.005
SW95,2016-08-12,2.88,5,2.89,2.915
SW95,2016-08-13,2.82,5,2.82,2.83
SW95,2016-08-14,2.788,5,2.78,2.765
SW95,2016-08-15,2.814,5,2.81,2.795
SW95,2016-08-16,2.894,5,2.9,2.9050000000000002
SW95,2016-08-17,3.094,5,3.1,3.105
SW95,2016-08-18,3.176,5,3.15,3.09
SW95,2016-08-19,2.93,5,2.9,2.815
SW95,2016-08-20,3.01,5,3.01,2.995
SW95,2016-08-21,2.964,5,2.98,3.005
SW95,2016-08-22,2.994,5,3.0,3.0300000000000002
SW95,2016-08-23,2.938,5,2.96,3.02
SW95,2016-08-24,2.838,5,2.86,2.9050000000000002
SW95,2016-08-25,2.702,5,2.74,2.82
SW95,2016-08-26,2.65,5,2.65,2.635
SW95,2016-08-27,2.552,5,2.56,2.58
SW95,2016-08-28,2.58,5,2.58,2.59
SW95,2016-08-29,2.6399999999999997,5,2.65,2.69
SW95,2016-08-30,2.696,5,2.71,2.73
SW95,2016-08-31,2.782,5,2.79,2.81
SW95,2016-09-01,2.8,5,2.81,2.83
SW95,2016-09-02,2.9379999999999997,5,2.91,2.835
SW95,2016-09-03,2.852,5,2.85,2.84
SW95,2016-09-04,2.836,5,2.85,2.88
SW95,2016-09-05,2.854,5,2.87,2.92
SW95,2016-09-06,2.846,5,2.86,2.88
SW95,2016-09-07,2.7,5,2.72,2.69
SW95,2016-09-08,2.744,5,2.73,2.705
SW95,2016-09-09,2.69,5,2.68,2.67
SW95,2016-09-10,2.622,5,2.62,2.63
SW95,2016-09-11,2.5420000000000003,5,2.56,2.59
SW95,2016-09-12,2.476,5,2.5,2.55
SW95,2016-09-13,2.574,5,2.57,2.55
SW95,2016-09-14,2.648,5,2.64,2.62
SW95,2016-09-15,2.742,5,2.73,2.705
SW95,2016-09-16,2.848,5,2.83,2.79
SW95,2016-09-17,2.9059999999999997,5,2.89,2.855
SW95,2016-09-18,2.904,5,2.9,2.875
SW95,2016-09-19,2.906,5,2.88,2.8049999999999997
SW95,2016-09-20,2.734,5,2.74,2.755
SW95,2016-09-21,2.632,5,2.65,2.705
SW95,2016-09-22,2.5100000000000002,5,2.55,2.645
SW95,2016-09-23,2.472,5,2.49,2.5199999999999996
SW95,2016-09-24,2.468,5,2.48,2.505
SW95,2016-09-25,2.448,5,2.44,2.435
SW95,2016-09-26,2.452,5,2.45,2.4400000000000004
SW95,2016-09-27,2.462,5,2.46,2.45
SW95,2016-09-28,2.456,5,2.45,2.45
SW95,2016-09-29,2.548,5,2.55,2.56
SW95,2016-09-30,2.632,5,2.62,2.575
SW95,2016-10-01,2.638,5,2.63,2.61
SW95,2016-10-02,2.6759999999999997,5,2.65,2.59
SW95,2016-10-03,2.6399999999999997,5,2.62,2.58
SW95,2016-10-04,2.57,5,2.57,2.585
SW95,2016-10-05,2.516,5,2.52,2.545
SW95,2016-10-06,2.424,5,2.45,2.505
SW95,2016-10-07,2.37,5,2.4,2.4699999999999998
SW95,2016-10-08,2.256,5,2.28,2.33
SW95,2016-10-09,2.058,5,2.07,2.105
SW95,2016-10-10,2.02,5,2.02,2.015
SW95,2016-10-11,2.064,5,2.05,2.03
SW95,2016-10-12,2.168,5,2.14,2.075
SW95,2016-10-13,2.1279999999999997,5,2.11,2.075
SW95,2016-10-14,2.1719999999999997,5,2.15,2.09
SW95,2016-10-15,2.192,5,2.2,2.205
SW95,2016-10-16,2.346,5,2.33,2.285
SW95,2016-10-17,2.398,5,2.37,2.315
SW95,2016-10-18,2.398,5,2.39,2.38
SW95,2016-10-19,2.33,5,2.35,2.3899999999999997
SW95,2016-10-20,2.234,5,2.25,2.29
SW95,2016-10-21,2.104,5,2.12,2.155
SW95,2016-10-22,2.024,5,2.03,2.04
SW95,2016-10-23,1.816,5,1.83,1.86
SW95,2016-10-24,1.674,5,1.69,1.73
SW95,2016-10-25,1.6,5,1.6,1.605
SW95,2016-10-26,1.6300000000000001,5,1.62,1.605
SW95,2016-10-27,1.682,5,1.67,1.6400000000000001
SW95,2016-10-28,1.714,5,1.7,1.665
SW95,2016-10-29,1.73,5,1.73,1.73
SW95,2016-10-30,1.746,5,1.75,1.7650000000000001
SW95,2016-10-31,1.746,5,1.76,1.785
SW95,2016-11-01,1.608,5,1.6,1.58
SW95,2016-11-02,1.3960000000000001,5,1.41,1.445
SW95,2016-11-03,1.378,5,1.38,1.37
SW95,2016-11-04,1.326,5,1.34,1.37
SW95,2016-11-05,1.3119999999999998,5,1.32,1.325
SW95,2016-11-06,1.308,5,1.31,1.305
SW95,2016-11-07,1.262,5,1.27,1.29
SW95,2016-11-08,1.238,5,1.24,1.235
SW95,2016-11-09,1.216,5,1.21,1.205
SW95,2016-11-10,1.208,5,1.2,1.175
SW95,2016-11-11,1.21,5,1.19,1.145
SW95,2016-11-12,1.23,5,1.22,1.18
SW95,2016-11-13,1.286,5,1.28,1.2550000000000001
SW95,2016-11-14,1.33,5,1.32,1.28
SW95,2016-11-15,1.3559999999999999,5,1.36,1.355
SW95,2016-11-16,1.324,5,1.32,1.3
SW95,2016-11-17,1.124,5,1.13,1.155
SW95,2016-11-18,1.042,5,1.06,1.105
SW95,2016-11-19,0.9719999999999999,5,0.98,1.005
SW95,2016-11-20,0.9400000000000001,5,0.95,0.9600000000000001
SW95,2016-11-21,0.9700000000000001,5,0.96,0.93
SW95,2016-11-22,0.828,5,0.84,0.88
SW95,2016-11-23,0.776,5,0.78,0.8049999999999999
SW95,2016-11-24,0.798,5,0.8,0.805
SW95,2016-11-25,0.74,5,0.73,0.715
SW95,2016-11-26,0.77,5,0.76,0.72
SW95,2016-11-27,0.796,5,0.78,0.75
SW95,2016-11-28,0.8480000000000001,5,0.84,0.8049999999999999
SW95,2016-11-29,0.8619999999999999,5,0.86,0.85
SW95,2016-11-30,0.8640000000000001,5,0.87,0.88
SW95,2016-12-01,0.8539999999999999,5,0.85,0.855
SW95,2016-12-02,0.78,5,0.78,0.78
SW95,2016-12-03,0.732,5,0.74,0.7549999999999999
SW95,2016-12-04,0.58,5,0.6,0.635
SW95,2016-12-05,0.488,5,0.5,0.5449999999999999
SW95,2016-12-06,0.48,5,0.48,0.48
SW95,2016-12-07,0.45999999999999996,5,0.46,0.445
SW95,2016-12-08,0.454,5,0.44,0.42
SW95,2016-12-09,0.382,5,0.4,0.43000000000000005
SW95,2016-12-10,0.43200000000000005,5,0.44,0.445
SW95,2016-12-11,0.576,5,0.56,0.515
SW95,2016-12-12,0.712,5,0.69,0.64
SW95,2016-12-13,0.82,5,0.81,0.77
SW95,2016-12-14,0.9,5,0.88,0.83
SW95,2016-12-15,0.9099999999999999,5,0.9,0.875
SW95,2016-12-16,0.844,5,0.85,0.86
SW95,2016-12-17,0.788,5,0.81,0.85
SW95,2016-12-18,0.688,5,0.7,0.72
SW95,2016-12-19,0.634,5,0.64,0.6799999999999999
SW95,2016-12-20,0.4640000000000001,5,0.49,0.545
SW95,2016-12-21,0.312,5,0.32,0.35
SW95,2016-12-22,0.268,5,0.27,0.265
SW95,2016-12-23,0.22000000000000003,5,0.22,0.21500000000000002
SW95,2016-12-24,0.21400000000000002,5,0.21,0.195
SW95,2016-12-25,0.27,5,0.25,0.205
SW95,2016-12-26,0.33,5,0.32,0.28500000000000003
SW95,2016-12-27,0.33199999999999996,5,0.32,0.3
SW95,2016-12-28,0.328,5,0.33,0.32
SW95,2016-12-29,0.384,5,0.37,0.33999999999999997
SW95,2016-12-30,0.442,5,0.44,0.42000000000000004
SW95,2016-12-31,0.422,5,0.43,0.445
SW95,2017-01-01,0.372,5,0.38,0.39
SW95,2017-01-02,0.31399999999999995,5,0.33,0.37
SW95,2017-01-03,0.244,5,0.27,0.32999999999999996
SW95,2017-01-04,0.172,5,0.2,0.255
SW95,2017-01-05,0.136,5,0.15,0.17
SW95,2017-01-06,0.11200000000000002,5,0.12,0.12499999999999999
SW95,2017-01-07,0.086,5,0.09,0.11000000000000001
SW95,2017-01-08,0.046000000000000006,5,0.06,0.095
SW95,2017-01-09,0.1,5,0.1,0.085
SW95,2017-01-10,0.11199999999999999,5,0.11,0.1
SW95,2017-01-11,0.13799999999999998,5,0.13,0.12499999999999999
SW95,2017-01-12,0.27599999999999997,5,0.26,0.22000000000000003
SW95,2017-01-13,0.21600000000000003,5,0.25,0.34500000000000003
SW95,2017-01-14,0.196,5,0.23,0.3
SW95,2017-01-15,0.14799999999999996,5,0.16,0.19
SW95,2017-01-16,0.13999999999999999,5,0.15,0.18
SW95,2017-01-17,0.06799999999999999,5,0.09,0.14500000000000002
SW95,2017-01-18,0.030000000000000006,5,0.05,0.09999999999999998
SW95,2017-01-19,0.019999999999999997,5,0.01,-0.01999999999999999
SW95,2017-01-20,-0.098,5,-0.09,-0.08000000000000002
SW95,2017-01-21,-0.248,5,-0.23,-0.195
SW95,2017-01-22,-0.26799999999999996,5,-0.26,-0.255
SW95,2017-01-23,-0.27,5,-0.28,-0.29500000000000004
SW95,2017-01-24,-0.148,5,-0.17,-0.19999999999999998
SW95,2017-01-25,-0.02799999999999999,5,-0.05,-0.09499999999999999
SW95,2017-01-26,0.05600000000000001,5,0.04,-0.0050000000000000044
SW95,2017-01-27,0.144,5,0.13,0.10500000000000001
SW95,2017-01-28,0.21000000000000002,5,0.19,0.15499999999999997
SW95,2017-01-29,0.20600000000000002,5,0.19,0.14500000000000002
SW95,2017-01-30,0.202,5,0.19,0.15
SW95,2017-01-31,0.1,5,0.11,0.12000000000000001
SW95,2017-02-01,-0.04800000000000001,5,-0.02,0.05499999999999999
SW95,2017-02-02,-0.084,5,-0.05,0.024999999999999994
SW95,2017-02-03,-0.1,5,-0.08,-0.045
SW95,2017-02-04,-0.22200000000000003,5,-0.2,-0.155
SW95,2017-02-05,-0.22799999999999998,5,-0.22,-0.195
SW95,2017-02-06,-0.21000000000000002,5,-0.21,-0.215
SW95,2017-02-07,-0.152,5,-0.16,-0.16999999999999998
SW95,2017-02-08,-0.096,5,-0.11,-0.13499999999999998
SW95,2017-02-09,-0.078,5,-0.09,-0.12499999999999999
SW95,2017-02-10,0.06200000000000001,5,0.05,0.01999999999999999
SW95,2017-02-11,0.10800000000000001,5,0.09,0.06
SW95,2017-02-12,0.154,5,0.14,0.09
SW95,2017-02-13,0.09,5,0.09,0.07499999999999998
SW95,2017-02-14,0.006000000000000005,5,0.01,0.01999999999999999
SW95,2017-02-15,-0.1,5,-0.09,-0.04999999999999999
SW95,2017-02-16,-0.17200000000000001,5,-0.15,-0.11000000000000001
SW95,2017-02-17,-0.178,5,-0.17,-0.145
SW95,2017-02-18,-0.23200000000000004,5,-0.22,-0.19
SW95,2017-02-19,-0.29000000000000004,5,-0.28,-0.245
SW95,2017-02-20,-0.34400000000000003,5,-0.34,-0.32
SW95,2017-02-21,-0.28200000000000003,5,-0.29,-0.305
SW95,2017-02-22,-0.188,5,-0.19,-0.19999999999999998
SW95,2017-02-23,-0.10200000000000001,5,-0.1,-0.1
SW95,2017-02-24,-0.094,5,-0.09,-0.075
SW95,2017-02-25,-0.018000000000000006,5,-0.03,-0.05499999999999999
SW95,2017-02-26,0.04,5,0.03,0.0
SW95,2017-02-27,0.132,5,0.11,0.06999999999999998
SW95,2017-02-28,0.21600000000000003,5,0.19,0.12000000000000002
SW95,2017-03-01,0.172,5,0.16,0.14500000000000002
SW95,2017-03-02,0.11400000000000002,5,0.12,0.14
SW95,2017-03-03,0.052000000000000005,5,0.07,0.11499999999999999
SW95,2017-03-04,0.028000000000000004,5,0.05,0.09
SW95,2017-03-05,-0.03,5,-0.01,0.04000000000000001
SW95,2017-03-06,-0.048,5,-0.04,-0.014999999999999986
SW95,2017-03-07,-0.164,5,-0.13,-0.045
SW95,2017-03-08,-0.13999999999999999,5,-0.13,-0.09000000000000001
SW95,2017-03-09,-0.10400000000000001,5,-0.12,-0.145
SW95,2017-03-10,-0.0040000000000000036,5,-0.02,-0.06
SW95,2017-03-11,0.13799999999999998,5,0.12,0.065
SW95,2017-03-12,0.08600000000000001,5,0.09,0.10000000000000003
SW95,2017-03-13,0.062,5,0.08,0.13000000000000003
SW95,2017-03-14,0.064,5,0.08,0.10500000000000001
SW95,2017-03-15,0.007999999999999985,5,0.03,0.06999999999999998
SW95,2017-03-16,-0.02400000000000001,5,-0.01,0.009999999999999981
SW95,2017-03-17,-0.024,5,-0.03,-0.034999999999999976
SW95,2017-03-18,-0.012,5,-0.02,-0.03
SW95,2017-03-19,-0.018,5,-0.02,-0.035
SW95,2017-03-20,-0.134,5,-0.12,-0.06999999999999999
SW95,2017-03-21,-0.202,5,-0.17,-0.1
SW95,2017-03-22,-0.242,5,-0.22,-0.18
SW95,2017-03-23,-0.242,5,-0.23,-0.195
SW95,2017-03-24,-0.166,5,-0.17,-0.16499999999999998
SW95,2017-03-25,-0.025999999999999995,5,-0.04,-0.065
SW95,2017-03-26,0.06999999999999999,5,0.05,0.0
SW95,2017-03-27,0.21800000000000003,5,0.22,0.22000000000000003
SW95,2017-03-28,0.372,5,0.36,0.32
SW95,2017-03-29,0.496,5,0.47,0.415
SW95,2017-03-30,0.772,5,0.74,0.6599999999999999
SW95,2017-03-31,0.8699999999999999,5,0.85,0.8049999999999999
SW95,2017-04-01,0.756,5,0.74,0.7
SW95,2017-04-02,0.5800000000000001,5,0.6,0.66
SW95,2017-04-03,0.596,5,0.61,0.65
SW95,2017-04-04,0.612,5,0.62,0.635
SW95,2017-04-05,0.5900000000000001,5,0.6,0.63
SW95,2017-04-06,0.584,5,0.59,0.595
SW95,2017-04-07,0.618,5,0.6,0.55
SW95,2017-04-08,0.646,5,0.63,0.595
SW95,2017-04-09,0.722,5,0.71,0.665
SW95,2017-04-10,0.786,5,0.76,0.71
SW95,2017-04-11,0.8560000000000001,5,0.83,0.7749999999999999
SW95,2017-04-12,0.9179999999999999,5,0.9,0.855
SW95,2017-04-13,0.86,5,0.85,0.83
SW95,2017-04-14,0.8039999999999999,5,0.81,0.83
SW95,2017-04-15,0.748,5,0.77,0.83
SW95,2017-04-16,0.752,5,0.77,0.83
SW95,2017-04-17,0.648,5,0.66,0.69
SW95,2017-04-18,0.6439999999999999,5,0.67,0.72
SW95,2017-04-19,0.734,5,0.73,0.73
SW95,2017-04-20,0.76,5,0.75,0.75
SW95,2017-04-21,0.874,5,0.87,0.855
SW95,2017-04-22,0.9,5,0.89,0.8799999999999999
SW95,2017-04-23,1.094,5,1.08,1.055
SW95,2017-04-24,1.248,5,1.24,1.22
SW95,2017-04-25,1.3880000000000001,5,1.38,1.345
SW95,2017-04-26,1.52,5,1.49,1.42
SW95,2017-04-27,1.522,5,1.51,1.495
SW95,2017-04-28,1.448,5,1.45,1.47
SW95,2017-04-29,1.314,5,1.3,1.28
SW95,2017-04-30,1.076,5,1.1,1.17
SW95,2017-05-01,1.008,5,1.02,1.065
SW95,2017-05-02,0.992,5,1.0,1.03
SW95,2017-05-03,0.99,5,0.99,1.0
SW95,2017-05-04,1.0399999999999998,5,1.04,1.055
SW95,2017-05-05,1.198,5,1.22,1.2850000000000001
SW95,2017-05-06,1.376,5,1.37,1.37
SW95,2017-05-07,1.426,5,1.42,1.4049999999999998
SW95,2017-05-08,1.4220000000000002,5,1.41,1.395
SW95,2017-05-09,1.458,5,1.45,1.415
SW95,2017-05-10,1.464,5,1.44,1.395
SW95,2017-05-11,1.4140000000000001,5,1.41,1.395
SW95,2017-05-12,1.3780000000000001,5,1.36,1.32
SW95,2017-05-13,1.348,5,1.33,1.3
SW95,2017-05-14,1.35,5,1.33,1.27
SW95,2017-05-15,1.312,5,1.32,1.33
SW95,2017-05-16,1.3039999999999998,5,1.33,1.385
SW95,2017-05-17,1.258,5,1.27,1.315
SW95,2017-05-18,1.202,5,1.23,1.29
SW95,2017-05-19,1.1960000000000002,5,1.21,1.23
SW95,2017-05-20,1.186,5,1.2,1.23
SW95,2017-05-21,1.2,5,1.2,1.21
SW95,2017-05-22,1.158,5,1.18,1.2349999999999999
SW95,2017-05-23,1.262,5,1.27,1.2850000000000001
SW95,2017-05-24,1.316,5,1.32,1.345
SW95,2017-05-25,1.4460000000000002,5,1.46,1.48
SW95,2017-05-26,1.492,5,1.5,1.5299999999999998
SW95,2017-05-27,1.55,5,1.55,1.5499999999999998
SW95,2017-05-28,1.5539999999999998,5,1.55,1.53
SW95,2017-05-29,1.566,5,1.56,1.5299999999999998
SW95,2017-05-30,1.43,5,1.46,1.54
SW95,2017-05-31,1.558,5,1.59,1.665
SW95,2017-06-01,1.6,5,1.62,1.63
SW95,2017-06-02,1.7100000000000002,5,1.7,1.69
SW95,2017-06-03,1.7120000000000002,5,1.72,1.73
SW95,2017-06-04,1.6960000000000002,5,1.68,1.645
SW95,2017-06-05,1.7599999999999998,5,1.72,1.63
SW95,2017-06-06,1.782,5,1.76,1.71
SW95,2017-06-07,1.9439999999999997,5,1.93,1.895
SW95,2017-06-08,1.986,5,1.97,1.935
SW95,2017-06-09,2.028,5,2.03,2.02
SW95,2017-06-10,2.1,5,2.09,2.065
SW95,2017-06-11,2.182,5,2.17,2.15
SW95,2017-06-12,2.232,5,2.22,2.19
SW95,2017-06-13,2.056,5,2.07,2.11
SW95,2017-06-14,1.92,5,1.95,2.0149999999999997
SW95,2017-06-15,1.828,5,1.85,1.9000000000000001
SW95,2017-06-16,1.9259999999999997,5,1.93,1.925
SW95,2017-06-17,1.8820000000000001,5,1.88,1.875
SW95,2017-06-18,1.876,5,1.87,1.85
SW95,2017-06-19,1.918,5,1.9,1.87
SW95,2017-06-20,2.028,5,2.02,1.9849999999999999
SW95,2017-06-21,2.084,5,2.09,2.1
SW95,2017-06-22,2.13,5,2.13,2.115
SW95,2017-06-23,2.19,5,2.18,2.15
SW95,2017-06-24,2.414,5,2.4,2.365
SW95,2017-06-25,2.484,5,2.48,2.465
SW95,2017-06-26,2.552,5,2.52,2.455
SW95,2017-06-27,2.184,5,2.21,2.29
SW95,2017-06-28,2.034,5,2.1,2.275
SW95,2017-06-29,2.276,5,2.27,2.25
SW95,2017-06-30,2.2800000000000002,5,2.27,2.235
SW95,2017-07-01,2.2359999999999998,5,2.23,2.21
SW95,2017-07-02,2.244,5,2.23,2.195
SW95,2017-07-03,2.3880000000000003,5,2.33,2.1950000000000003
SW95,2017-07-04,2.2960000000000003,5,2.27,2.1950000000000003
SW95,2017-07-05,2.336,5,2.33,2.3
SW95,2017-07-06,2.384,5,2.36,2.3
SW95,2017-07-07,2.462,5,2.44,2.37
SW95,2017-07-08,2.564,5,2.54,2.49
SW95,2017-07-09,2.69,5,2.7,2.705
SW95,2017-07-10,2.7,5,2.71,2.7249999999999996
SW95,2017-07-11,2.73,5,2.73,2.7199999999999998
SW95,2017-07-12,2.7800000000000002,5,2.77,2.73
SW95,2017-07-13,2.798,5,2.82,2.8600000000000003
SW95,2017-07-14,2.918,5,2.93,2.9400000000000004
SW95,2017-07-15,2.9419999999999997,5,2.95,2.98
SW95,2017-07-16,3.0300000000000002,5,3.03,3.035
SW95,2017-07-17,2.9899999999999998,5,2.98,2.965
SW95,2017-07-18,2.9560000000000004,5,2.95,2.9450000000000003
SW95,2017-07-19,2.944,5,2.94,2.93
SW95,2017-07-20,2.998,5,2.99,2.965
SW95,2017-07-21,2.9579999999999997,5,2.94,2.91
SW95,2017-07-22,2.946,5,2.94,2.92
SW95,2017-07-23,2.946,5,2.94,2.92
SW95,2017-07-24,2.988,5,2.98,2.955
SW95,2017-07-25,2.9560000000000004,5,2.95,2.95
SW95,2017-07-26,2.864,5,2.89,2.94
SW95,2017-07-27,2.7380000000000004,5,2.72,2.675
SW95,2017-07-28,2.536,5,2.56,2.6100000000000003
SW95,2017-07-29,2.404,5,2.41,2.43
SW95,2017-07-30,2.386,5,2.39,2.41
SW95,2017-07-31,2.348,5,2.36,2.385
SW95,2017-08-01,2.34,5,2.33,2.3049999999999997
SW95,2017-08-02,2.278,5,2.28,2.295
SW95,2017-08-03,2.252,5,2.27,2.3
SW95,2017-08-04,2.314,5,2.31,2.315
SW95,2017-08-05,2.356,5,2.37,2.3899999999999997
SW95,2017-08-06,2.434,5,2.44,2.45
SW95,2017-08-07,2.558,5,2.56,2.5549999999999997
SW95,2017-08-08,2.636,5,2.62,2.595
SW95,2017-08-09,2.6399999999999997,5,2.63,2.61
SW95,2017-08-10,2.71,5,2.69,2.63
SW95,2017-08-11,2.7,5,2.7,2.69
SW95,2017-08-12,2.722,5,2.72,2.73
SW95,2017-08-13,2.87,5,2.88,2.91
SW95,2017-08-14,3.054,5,3.07,3.115
SW95,2017-08-15,3.154,5,3.15,3.135
SW95,2017-08-16,3.2979999999999996,5,3.3,3.295
SW95,2017-08-17,3.41,5,3.4,3.385
SW95,2017-08-18,3.6100000000000003,5,3.61,3.605
SW95,2017-08-19,3.696,5,3.72,3.77
SW95,2017-08-20,3.7619999999999996,5,3.77,3.795
SW95,2017-08-21,3.7840000000000003,5,3.78,3.7800000000000002
SW95,2017-08-22,3.768,5,3.76,3.755
SW95,2017-08-23,3.748,5,3.74,3.735
SW95,2017-08-24,3.646,5,3.66,3.685
SW95,2017-08-25,3.6100000000000003,5,3.62,3.63
SW95,2017-08-26,3.492,5,3.49,3.4699999999999998
SW95,2017-08-27,3.418,5,3.42,3.41
SW95,2017-08-28,3.3840000000000003,5,3.4,3.425
SW95,2017-08-29,3.248,5,3.25,3.27
SW95,2017-08-30,3.09,5,3.11,3.12
SW95,2017-08-31,3.028,5,3.03,3.045
SW95,2017-09-01,2.8899999999999997,5,2.89,2.905
SW95,2017-09-02,2.876,5,2.87,2.855
SW95,2017-09-03,2.916,5,2.91,2.88
SW95,2017-09-04,2.8920000000000003,5,2.89,2.88
SW95,2017-09-05,2.908,5,2.89,2.8600000000000003
SW95,2017-09-06,2.8899999999999997,5,2.88,2.8449999999999998
SW95,2017-09-07,2.908,5,2.89,2.85
SW95,2017-09-08,2.83,5,2.83,2.8449999999999998
SW95,2017-09-09,2.9,5,2.9,2.9050000000000002
SW95,2017-09-10,2.83,5,2.85,2.89
SW95,2017-09-11,2.84,5,2.85,2.88
SW95,2017-09-12,2.8240000000000003,5,2.83,2.855
SW95,2017-09-13,2.75,5,2.76,2.79
SW95,2017-09-14,2.6799999999999997,5,2.69,2.705
SW95,2017-09-15,2.664,5,2.66,2.6399999999999997
SW95,2017-09-16,2.58,5,2.57,2.5549999999999997
SW95,2017-09-17,2.5780000000000003,5,2.58,2.59
SW95,2017-09-18,2.602,5,2.6,2.5949999999999998
SW95,2017-09-19,2.6719999999999997,5,2.67,2.6799999999999997
SW95,2017-09-20,2.8280000000000003,5,2.82,2.795
SW95,2017-09-21,2.784,5,2.78,2.7800000000000002
SW95,2017-09-22,2.692,5,2.7,2.73
SW95,2017-09-23,2.5,5,2.53,2.5949999999999998
SW95,2017-09-24,2.398,5,2.41,2.455
SW95,2017-09-25,2.302,5,2.33,2.3899999999999997
SW95,2017-09-26,2.248,5,2.27,2.33
SW95,2017-09-27,2.19,5,2.21,2.255
SW95,2017-09-28,2.158,5,2.17,2.19
SW95,2017-09-29,2.178,5,2.17,2.145
SW95,2017-09-30,2.266,5,2.26,2.255
SW95,2017-10-01,2.268,5,2.27,2.28
SW95,2017-10-02,2.322,5,2.32,2.315
SW95,2017-10-03,2.342,5,2.34,2.35
SW95,2017-10-04,2.3899999999999997,5,2.39,2.375
SW95,2017-10-05,2.438,5,2.43,2.4050000000000002
SW95,2017-10-06,2.482,5,2.47,2.4349999999999996
SW95,2017-10-07,2.5700000000000003,5,2.56,2.52
SW95,2017-10-08,2.572,5,2.56,2.52
SW95,2017-10-09,2.522,5,2.55,2.605
SW95,2017-10-10,2.418,5,2.44,2.5
SW95,2017-10-11,2.354,5,2.36,2.3899999999999997
SW95,2017-10-12,2.186,5,2.2,2.245
SW95,2017-10-13,2.116,5,2.13,2.1550000000000002
SW95,2017-10-14,2.0759999999999996,5,2.08,2.0949999999999998
SW95,2017-10-15,2.018,5,2.03,2.075
SW95,2017-10-16,2.0300000000000002,5,2.02,2.005
SW95,2017-10-17,2.02,5,2.0,1.9449999999999998
SW95,2017-10-18,2.0799999999999996,5,2.06,2.02
SW95,2017-10-19,2.16,5,2.15,2.1149999999999998
SW95,2017-10-20,2.496,5,2.48,2.455
SW95,2017-10-21,2.81,5,2.77,2.68
SW95,2017-10-22,2.57,5,2.54,2.455
SW95,2017-10-23,2.33,5,2.32,2.3049999999999997
SW95,2017-10-24,2.122,5,2.14,2.1799999999999997
SW95,2017-10-25,1.7899999999999998,5,1.84,1.98
SW95,2017-10-26,1.876,5,1.89,1.92
SW95,2017-10-27,1.784,5,1.79,1.815
SW95,2017-10-28,1.7120000000000002,5,1.73,1.775
SW95,2017-10-29,1.65,5,1.67,1.72
SW95,2017-10-30,1.6920000000000002,5,1.68,1.6600000000000001
SW95,2017-10-31,1.722,5,1.71,1.665
SW95,2017-11-01,1.736,5,1.72,1.6949999999999998
SW95,2017-11-02,1.768,5,1.77,1.775
SW95,2017-11-03,1.834,5,1.83,1.815
SW95,2017-11-04,1.8820000000000001,5,1.88,1.8849999999999998
SW95,2017-11-05,1.862,5,1.86,1.85
SW95,2017-11-06,1.732,5,1.71,1.67
SW95,2017-11-07,1.544,5,1.54,1.54
SW95,2017-11-08,1.4899999999999998,5,1.49,1.505
SW95,2017-11-09,1.3519999999999999,5,1.36,1.395
SW95,2017-11-10,1.26,5,1.26,1.27
SW95,2017-11-11,1.136,5,1.16,1.18
SW95,2017-11-12,1.062,5,1.06,1.07
SW95,2017-11-13,1.014,5,1.0,0.98
SW95,2017-11-14,1.02,5,1.01,0.97
SW95,2017-11-15,1.048,5,1.03,0.975
SW95,2017-11-16,1.044,5,1.03,0.99
SW95,2017-11-17,1.166,5,1.16,1.13
SW95,2017-11-18,1.1960000000000002,5,1.18,1.145
SW95,2017-11-19,1.1940000000000002,5,1.18,1.16
SW95,2017-11-20,1.154,5,1.16,1.16
SW95,2017-11-21,0.95,5,0.95,0.955
SW95,2017-11-22,0.7859999999999999,5,0.82,0.905
SW95,2017-11-23,0.738,5,0.77,0.865
SW95,2017-11-24,0.7859999999999999,5,0.8,0.825
SW95,2017-11-25,0.74,5,0.76,0.815
SW95,2017-11-26,0.738,5,0.75,0.78
SW95,2017-11-27,0.702,5,0.72,0.75
SW95,2017-11-28,0.692,5,0.7,0.73
SW95,2017-11-29,0.72,5,0.72,0.72
SW95,2017-11-30,0.78,5,0.76,0.7050000000000001
SW95,2017-12-01,0.76,5,0.77,0.78
SW95,2017-12-02,1.022,5,1.0,0.9450000000000001
SW95,2017-12-03,1.116,5,1.12,1.13
SW95,2017-12-04,1.036,5,1.06,1.105
SW95,2017-12-05,0.9720000000000001,5,1.0,1.045
SW95,2017-12-06,0.9099999999999999,5,0.91,0.895
SW95,2017-12-07,0.826,5,0.82,0.8049999999999999
SW95,2017-12-08,0.536,5,0.6,0.7549999999999999
SW95,2017-12-09,0.652,5,0.66,0.68
SW95,2017-12-10,0.746,5,0.74,0.725
SW95,2017-12-11,0.7819999999999999,5,0.78,0.76
SW95,2017-12-12,0.6799999999999999,5,0.69,0.73
SW95,2017-12-13,0.584,5,0.58,0.56
SW95,2017-12-14,0.542,5,0.55,0.575
SW95,2017-12-15,0.5900000000000001,5,0.59,0.59
SW95,2017-12-16,0.6220000000000001,5,0.62,0.63
SW95,2017-12-17,0.6140000000000001,5,0.61,0.61
SW95,2017-12-18,0.596,5,0.6,0.61
SW95,2017-12-19,0.636,5,0.63,0.61
SW95,2017-12-20,0.6060000000000001,5,0.61,0.61
SW95,2017-12-21,0.63,5,0.62,0.6
SW95,2017-12-22,0.5559999999999999,5,0.56,0.5800000000000001
SW95,2017-12-23,0.504,5,0.51,0.53
SW95,2017-12-24,0.45,5,0.47,0.505
SW95,2017-12-25,0.366,5,0.39,0.435
SW95,2017-12-26,0.33399999999999996,5,0.35,0.38
SW95,2017-12-27,0.306,5,0.32,0.37
SW95,2017-12-28,0.27599999999999997,5,0.29,0.325
SW95,2017-12-29,0.23600000000000004,5,0.23,0.23
SW95,2017-12-30,0.26,5,0.26,0.265
SW95,2017-12-31,0.41,5,0.42,0.45
SW95,2018-01-01,0.62,5,0.62,0.63
SW95,2018-01-02,0.6599999999999999,5,0.65,0.6399999999999999
SW95,2018-01-03,0.63,5,0.61,0.5700000000000001
SW95,2018-01-04,0.5599999999999999,5,0.54,0.505
SW95,2018-01-05,0.47000000000000003,5,0.47,0.48
SW95,2018-01-06,0.33599999999999997,5,0.33,0.32999999999999996
SW95,2018-01-07,0.19,5,0.21,0.255
SW95,2018-01-08,0.05199999999999999,5,0.07,0.13
SW95,2018-01-09,-0.054000000000000006,5,-0.04,0.0050000000000000044
SW95,2018-01-10,-0.10400000000000001,5,-0.09,-0.07
SW95,2018-01-11,-0.11200000000000002,5,-0.12,-0.135
SW95,2018-01-12,-0.05800000000000001,5,-0.07,-0.095
SW95,2018-01-13,-0.030000000000000006,5,-0.04,-0.05499999999999999
SW95,2018-01-14,0.006,5,0.0,-0.020000000000000004
SW95,2018-01-15,0.039999999999999994,5,0.04,0.05499999999999999
SW95,2018-01-16,0.1,5,0.12,0.15500000000000003
SW95,2018-01-17,0.15999999999999998,5,0.17,0.19499999999999998
SW95,2018-01-18,0.18,5,0.18,0.18
SW95,2018-01-19,0.16999999999999998,5,0.16,0.13
SW95,2018-01-20,0.154,5,0.13,0.08000000000000002
SW95,2018-01-21,0.06599999999999999,5,0.06,0.05499999999999999
SW95,2018-01-22,0.016000000000000014,5,0.02,0.03
SW95,2018-01-23,-0.045999999999999985,5,-0.05,-0.06999999999999998
SW95,2018-01-24,-0.09199999999999998,5,-0.09,-0.08499999999999999
SW95,2018-01-25,-0.096,5,-0.1,-0.10499999999999998
SW95,2018-01-26,-0.07000000000000002,5,-0.1,-0.16
SW95,2018-01-27,-0.11000000000000001,5,-0.12,-0.14500000000000002
SW95,2018-01-28,-0.08,5,-0.09,-0.12
SW95,2018-01-29,0.03,5,0.02,-0.01999999999999999
SW95,2018-01-30,0.13999999999999999,5,0.12,0.05499999999999999
SW95,2018-01-31,0.2,5,0.2,0.20499999999999996
SW95,2018-02-01,0.546,5,0.55,0.555
SW95,2018-02-02,0.362,5,0.36,0.355
SW95,2018-02-03,0.37,5,0.38,0.40499999999999997
SW95,2018-02-04,0.3,5,0.32,0.355
SW95,2018-02-05,0.162,5,0.2,0.28
SW95,2018-02-06,0.11200000000000002,5,0.13,0.18
SW95,2018-02-07,0.096,5,0.1,0.095
SW95,2018-02-08,0.008000000000000002,5,0.02,0.05499999999999999
SW95,2018-02-09,-0.074,5,-0.06,-0.01999999999999999
SW95,2018-02-10,-0.16999999999999998,5,-0.16,-0.145
SW95,2018-02-11,-0.304,5,-0.3,-0.29500000000000004
SW95,2018-02-12,-0.33799999999999997,5,-0.34,-0.335
SW95,2018-02-13,-0.22000000000000003,5,-0.23,-0.24000000000000002
SW95,2018-02-14,-0.10600000000000001,5,-0.11,-0.11999999999999998
SW95,2018-02-15,-0.05,5,-0.06,-0.08499999999999999
SW95,2018-02-16,-0.011999999999999993,5,-0.03,-0.06999999999999998
SW95,2018-02-17,-0.005999999999999994,5,-0.02,-0.06
SW95,2018-02-18,0.034,5,0.02,-0.010000000000000009
SW95,2018-02-19,0.05,5,0.04,0.0050000000000000044
SW95,2018-02-20,0.014000000000000002,5,0.02,0.03
SW95,2018-02-21,-0.06599999999999999,5,-0.05,-0.01999999999999999
SW95,2018-02-22,-0.07999999999999999,5,-0.08,-0.06999999999999998
SW95,2018-02-23,-0.10400000000000001,5,-0.09,-0.06999999999999998
SW95,2018-02-24,-0.2,5,-0.2,-0.19
SW95,2018-02-25,-0.20400000000000001,5,-0.2,-0.185
SW95,2018-02-26,-0.174,5,-0.16,-0.135
SW95,2018-02-27,0.010000000000000004,5,-0.01,-0.044999999999999984
SW95,2018-02-28,0.07999999999999999,5,0.07,0.03
SW95,2018-03-01,0.21200000000000002,5,0.18,0.10500000000000001
SW95,2018-03-02,0.366,5,0.35,0.31999999999999995
SW95,2018-03-03,0.45999999999999996,5,0.45,0.43
SW95,2018-03-04,0.5,5,0.49,0.455
SW95,2018-03-05,0.364,5,0.38,0.43000000000000005
SW95,2018-03-06,0.21200000000000002,5,0.23,0.28
SW95,2018-03-07,0.296,5,0.3,0.295
SW95,2018-03-08,0.020000000000000007,5,0.02,0.03
SW95,2018-03-09,-0.06399999999999999,5,-0.06,-0.044999999999999984
SW95,2018-03-10,-0.2,5,-0.17,-0.09499999999999999
SW95,2018-03-11,-0.21000000000000002,5,-0.19,-0.145
SW95,2018-03-12,-0.22999999999999998,5,-0.21,-0.14500000000000002
SW95,2018-03-13,-0.21400000000000002,5,-0.19,-0.125
SW95,2018-03-14,-0.06999999999999999,5,-0.08,-0.09499999999999997
SW95,2018-03-15,0.06999999999999999,5,0.07,0.05499999999999999
SW95,2018-03-16,0.236,5,0.22,0.19
SW95,2018-03-17,0.29,5,0.29,0.29500000000000004
SW95,2018-03-18,0.332,5,0.32,0.28
SW95,2018-03-19,0.35,5,0.32,0.255
SW95,2018-03-20,0.21000000000000002,5,0.2,0.18
SW95,2018-03-21,0.09000000000000001,5,0.11,0.16000000000000003
SW95,2018-03-22,0.04999999999999999,5,0.07,0.10499999999999998
SW95,2018-03-23,0.009999999999999986,5,0.02,0.03
SW95,2018-03-24,-0.05199999999999999,5,-0.05,-0.044999999999999984
SW95,2018-03-25,-0.188,5,-0.17,-0.13
SW95,2018-03-26,-0.27999999999999997,5,-0.27,-0.255
SW95,2018-03-27,-0.268,5,-0.25,-0.22
SW95,2018-03-28,-0.088,5,-0.09,-0.08000000000000002
SW95,2018-03-29,0.13599999999999998,5,0.12,0.06999999999999998
SW95,2018-03-30,0.242,5,0.22,0.16999999999999998
SW95,2018-03-31,0.37,5,0.34,0.27
SW95,2018-04-01,0.41400000000000003,5,0.39,0.32
SW95,2018-04-02,0.34,5,0.34,0.345
SW95,2018-04-03,0.21400000000000002,5,0.23,0.28
SW95,2018-04-04,0.10200000000000001,5,0.13,0.195
SW95,2018-04-05,0.11000000000000001,5,0.13,0.19
SW95,2018-04-06,0.06000000000000001,5,0.07,0.09499999999999999
SW95,2018-04-07,0.044,5,0.05,0.08
SW95,2018-04-08,-0.02,5,-0.01,0.030000000000000013
SW95,2018-04-09,-0.1,5,-0.08,-0.020000000000000004
SW95,2018-04-10,-0.039999999999999994,5,-0.04,-0.045
SW95,2018-04-11,-0.054000000000000006,5,-0.06,-0.07
SW95,2018-04-12,0.026000000000000006,5,0.02,0.020000000000000004
SW95,2018-04-13,0.076,5,0.07,0.06999999999999999
SW95,2018-04-14,0.16399999999999998,5,0.15,0.13
SW95,2018-04-15,0.32999999999999996,5,0.31,0.255
SW95,2018-04-16,0.418,5,0.39,0.305
SW95,2018-04-17,0.54,5,0.51,0.445
SW95,2018-04-18,0.63,5,0.59,0.48
SW95,2018-04-19,0.67,5,0.63,0.52
SW95,2018-04-20,0.5700000000000001,5,0.59,0.63
SW95,2018-04-21,0.558,5,0.58,0.63
SW95,2018-04-22,0.5599999999999999,5,0.58,0.63
SW95,2018-04-23,0.43,5,0.43,0.43000000000000005
SW95,2018-04-24,0.366,5,0.37,0.395
SW95,2018-04-25,0.378,5,0.39,0.41
SW95,2018-04-26,0.466,5,0.46,0.43000000000000005
SW95,2018-04-27,0.596,5,0.58,0.55
SW95,2018-04-28,0.62,5,0.62,0.63
SW95,2018-04-29,0.642,5,0.64,0.65
SW95,2018-04-30,0.706,5,0.71,0.715
SW95,2018-05-01,0.7699999999999999,5,0.76,0.73
SW95,2018-05-02,0.7300000000000001,5,0.73,0.73
SW95,2018-05-03,0.6940000000000001,5,0.68,0.66
SW95,2018-05-04,0.6719999999999999,5,0.66,0.625
SW95,2018-05-05,0.69,5,0.67,0.63
SW95,2018-05-06,0.678,5,0.68,0.6799999999999999
SW95,2018-05-07,0.6900000000000001,5,0.7,0.73
SW95,2018-05-08,0.682,5,0.69,0.7050000000000001
SW95,2018-05-09,0.644,5,0.65,0.6799999999999999
SW95,2018-05-10,0.636,5,0.63,0.605
SW95,2018-05-11,0.61,5,0.59,0.53
SW95,2018-05-12,0.704,5,0.72,0.745
SW95,2018-05-13,0.852,5,0.85,0.83
SW95,2018-05-14,0.9719999999999999,5,0.96,0.9349999999999999
SW95,2018-05-15,1.138,5,1.11,1.055
SW95,2018-05-16,1.252,5,1.24,1.205
SW95,2018-05-17,1.238,5,1.22,1.17
SW95,2018-05-18,1.252,5,1.26,1.28
SW95,2018-05-19,1.1,5,1.13,1.19
SW95,2018-05-20,0.994,5,1.01,1.065
SW95,2018-05-21,0.9960000000000001,5,1.02,1.07
SW95,2018-05-22,0.96,5,0.97,1.005
SW95,2018-05-23,0.8720000000000001,5,0.89,0.9199999999999999
SW95,2018-05-24,0.8560000000000001,5,0.87,0.895
SW95,2018-05-25,0.858,5,0.85,0.8400000000000001
SW95,2018-05-26,0.874,5,0.87,0.845
SW95,2018-05-27,0.9059999999999999,5,0.89,0.8699999999999999
SW95,2018-05-28,0.9780000000000001,5,0.98,0.9750000000000001
SW95,2018-05-29,1.066,5,1.08,1.13
SW95,2018-05-30,1.192,5,1.2,1.205
SW95,2018-05-31,1.342,5,1.32,1.27
SW95,2018-06-01,1.3679999999999999,5,1.36,1.33
SW95,2018-06-02,1.4140000000000001,5,1.41,1.4
SW95,2018-06-03,1.392,5,1.4,1.43
SW95,2018-06-04,1.424,5,1.43,1.45
SW95,2018-06-05,1.4380000000000002,5,1.44,1.46
SW95,2018-06-06,1.402,5,1.4,1.405
SW95,2018-06-07,1.3699999999999999,5,1.37,1.37
SW95,2018-06-08,1.332,5,1.33,1.335
SW95,2018-06-09,1.302,5,1.3,1.305
SW95,2018-06-10,1.27,5,1.25,1.205
SW95,2018-06-11,1.41,5,1.38,1.3399999999999999
SW95,2018-06-12,1.56,5,1.53,1.455
SW95,2018-06-13,1.7259999999999998,5,1.74,1.78
SW95,2018-06-14,1.7399999999999998,5,1.74,1.73
SW95,2018-06-15,1.8199999999999998,5,1.8,1.745
SW95,2018-06-16,1.8199999999999998,5,1.8,1.745
SW95,2018-06-17,1.6900000000000002,5,1.71,1.745
SW95,2018-06-18,1.7,5,1.69,1.68
SW95,2018-06-19,1.72,5,1.73,1.755
SW95,2018-06-20,1.8099999999999998,5,1.82,1.855
SW95,2018-06-21,2.0,5,1.99,1.975
SW95,2018-06-22,2.05,5,2.04,2.03
SW95,2018-06-23,2.102,5,2.09,2.0549999999999997
SW95,2018-06-24,2.1,5,2.09,2.075
SW95,2018-06-25,2.15,5,2.14,2.12
SW95,2018-06-26,2.138,5,2.14,2.15
SW95,2018-06-27,2.25,5,2.26,2.2800000000000002
SW95,2018-06-28,2.34,5,2.33,2.3049999999999997
SW95,2018-06-29,2.2399999999999998,5,2.22,2.18
SW95,2018-06-30,2.182,5,2.16,2.12
SW95,2018-07-01,2.156,5,2.14,2.105
SW95,2018-07-02,2.066,5,2.07,2.075
SW95,2018-07-03,2.052,5,2.06,2.0700000000000003
SW95,2018-07-04,2.06,5,2.07,2.08
SW95,2018-07-05,2.1399999999999997,5,2.15,2.1799999999999997
SW95,2018-07-06,2.176,5,2.18,2.205
SW95,2018-07-07,2.3939999999999997,5,2.38,2.355
SW95,2018-07-08,2.548,5,2.54,2.505
SW95,2018-07-09,2.6740000000000004,5,2.68,2.685
SW95,2018-07-10,2.7119999999999997,5,2.71,2.715
SW95,2018-07-11,2.786,5,2.77,2.745
SW95,2018-07-12,2.778,5,2.79,2.815
SW95,2018-07-13,2.864,5,2.86,2.8499999999999996
SW95,2018-07-14,2.802,5,2.81,2.84
SW95,2018-07-15,2.818,5,2.81,2.8049999999999997
SW95,2018-07-16,2.79,5,2.79,2.7750000000000004
SW95,2018-07-17,2.746,5,2.75,2.755
SW95,2018-07-18,2.688,5,2.7,2.725
SW95,2018-07-19,2.658,5,2.66,2.665
SW95,2018-07-20,2.632,5,2.61,2.55
SW95,2018-07-21,2.586,5,2.59,2.6
SW95,2018-07-22,2.572,5,2.57,2.55
SW95,2018-07-23,2.526,5,2.53,2.5300000000000002
SW95,2018-07-24,2.494,5,2.48,2.44
SW95,2018-07-25,2.468,5,2.46,2.44
SW95,2018-07-26,2.498,5,2.49,2.455
SW95,2018-07-27,2.528,5,2.52,2.49
SW95,2018-07-28,2.56,5,2.55,2.54
SW95,2018-07-29,2.544,5,2.53,2.485
SW95,2018-07-30,2.508,5,2.49,2.44
SW95,2018-07-31,2.374,5,2.39,2.4450000000000003
SW95,2018-08-01,2.42,5,2.44,2.4749999999999996
SW95,2018-08-02,2.428,5,2.44,2.485
SW95,2018-08-03,2.48,5,2.48,2.485
SW95,2018-08-04,2.548,5,2.54,2.515
SW95,2018-08-05,2.626,5,2.6,2.55
SW95,2018-08-06,2.648,5,2.64,2.63
SW95,2018-08-07,2.8120000000000003,5,2.81,2.79
SW95,2018-08-08,2.888,5,2.89,2.8899999999999997
SW95,2018-08-09,2.902,5,2.92,2.955
SW95,2018-08-10,2.9560000000000004,5,2.95,2.9400000000000004
SW95,2018-08-11,2.91,5,2.9,2.88
SW95,2018-08-12,2.9739999999999998,5,2.96,2.94
SW95,2018-08-13,3.0300000000000002,5,3.02,2.98
SW95,2018-08-14,3.074,5,3.05,3.005
SW95,2018-08-15,2.964,5,2.99,3.0549999999999997
SW95,2018-08-16,2.984,5,3.0,3.055
SW95,2018-08-17,2.818,5,2.82,2.82
SW95,2018-08-18,2.626,5,2.66,2.74
SW95,2018-08-19,2.5919999999999996,5,2.62,2.675
SW95,2018-08-20,2.6100000000000003,5,2.6,2.575
SW95,2018-08-21,2.6399999999999997,5,2.63,2.605
SW95,2018-08-22,2.626,5,2.62,2.61
SW95,2018-08-23,2.55,5,2.55,2.55
SW95,2018-08-24,2.54,5,2.54,2.54
SW95,2018-08-25,2.54,5,2.54,2.55
SW95,2018-08-26,2.57,5,2.57,2.575
SW95,2018-08-27,2.67,5,2.64,2.575
SW95,2018-08-28,2.7380000000000004,5,2.71,2.635
SW95,2018-08-29,2.71,5,2.7,2.66
SW95,2018-08-30,2.526,5,2.55,2.6
SW95,2018-08-31,2.544,5,2.55,2.575
SW95,2018-09-01,2.522,5,2.53,2.55
SW95,2018-09-02,2.552,5,2.55,2.54
SW95,2018-09-03,2.506,5,2.52,2.55
SW95,2018-09-04,2.468,5,2.48,2.525
SW95,2018-09-05,2.494,5,2.49,2.49
SW95,2018-09-06,2.59,5,2.58,2.56
SW95,2018-09-07,2.782,5,2.79,2.815
SW95,2018-09-08,2.8920000000000003,5,2.86,2.775
SW95,2018-09-09,2.772,5,2.77,2.7649999999999997
SW95,2018-09-10,2.806,5,2.79,2.7649999999999997
SW95,2018-09-11,2.8120000000000003,5,2.8,2.7649999999999997
SW95,2018-09-12,2.7399999999999998,5,2.76,2.8200000000000003
SW95,2018-09-13,2.7060000000000004,5,2.74,2.815
SW95,2018-09-14,2.684,5,2.7,2.75
SW95,2018-09-15,2.662,5,2.67,2.6900000000000004
SW95,2018-09-16,2.664,5,2.68,2.725
SW95,2018-09-17,2.678,5,2.68,2.7
SW95,2018-09-18,2.666,5,2.66,2.6399999999999997
SW95,2018-09-19,2.6719999999999997,5,2.66,2.63
SW95,2018-09-20,2.786,5,2.79,2.81
SW95,2018-09-21,2.98,5,2.99,3.025
SW95,2018-09-22,2.906,5,2.91,2.915
SW95,2018-09-23,2.756,5,2.74,2.71
SW95,2018-09-24,2.5060000000000002,5,2.5,2.475
SW95,2018-09-25,2.4699999999999998,5,2.45,2.4000000000000004
SW95,2018-09-26,2.34,5,2.34,2.3499999999999996
SW95,2018-09-27,2.1919999999999997,5,2.19,2.175
SW95,2018-09-28,2.052,5,2.07,2.0999999999999996
SW95,2018-09-29,2.1100000000000003,5,2.11,2.0999999999999996
SW95,2018-09-30,1.9899999999999998,5,2.01,2.05
SW95,2018-10-01,1.988,5,2.0,2.02
SW95,2018-10-02,1.8980000000000001,5,1.91,1.93
SW95,2018-10-03,1.7899999999999998,5,1.79,1.7999999999999998
SW95,2018-10-04,1.7240000000000002,5,1.74,1.785
SW95,2018-10-05,1.7100000000000002,5,1.71,1.7
SW95,2018-10-06,1.7399999999999998,5,1.73,1.7
SW95,2018-10-07,1.7259999999999998,5,1.72,1.7
SW95,2018-10-08,1.7759999999999998,5,1.77,1.75
SW95,2018-10-09,1.9600000000000002,5,1.93,1.85
SW95,2018-10-10,1.9620000000000002,5,1.93,1.8450000000000002
SW95,2018-10-11,2.094,5,2.04,1.9000000000000001
SW95,2018-10-12,1.9939999999999998,5,1.98,1.94
SW95,2018-10-13,1.9120000000000001,5,1.92,1.9249999999999998
SW95,2018-10-14,1.698,5,1.7,1.7000000000000002
SW95,2018-10-15,1.432,5,1.43,1.425
SW95,2018-10-16,1.23,5,1.24,1.28
SW95,2018-10-17,1.1460000000000001,5,1.16,1.18
SW95,2018-10-18,1.046,5,1.07,1.13
SW95,2018-10-19,1.03,5,1.03,1.025
SW95,2018-10-20,1.096,5,1.09,1.075
SW95,2018-10-21,1.098,5,1.09,1.055
SW95,2018-10-22,1.184,5,1.2,1.24
SW95,2018-10-23,1.298,5,1.29,1.275
SW95,2018-10-24,1.33,5,1.32,1.305
SW95,2018-10-25,1.33,5,1.31,1.265
SW95,2018-10-26,1.316,5,1.3,1.255
SW95,2018-10-27,1.28,5,1.26,1.225
SW95,2018-10-28,1.236,5,1.22,1.185
SW95,2018-10-29,1.056,5,1.07,1.1099999999999999
SW95,2018-10-30,0.942,5,0.98,1.06
SW95,2018-10-31,0.8960000000000001,5,0.94,1.04
SW95,2018-11-01,0.8940000000000001,5,0.91,0.95
SW95,2018-11-02,0.866,5,0.85,0.815
SW95,2018-11-03,0.8140000000000001,5,0.8,0.79
SW95,2018-11-04,0.9039999999999999,5,0.91,0.885
SW95,2018-11-05,0.954,5,0.95,0.925
SW95,2018-11-06,0.9199999999999999,5,0.93,0.96
SW95,2018-11-07,0.9460000000000001,5,0.95,0.95
SW95,2018-11-08,0.8560000000000001,5,0.86,0.875
SW95,2018-11-09,0.876,5,0.88,0.885
SW95,2018-11-10,0.876,5,0.86,0.835
SW95,2018-11-11,0.8299999999999998,5,0.83,0.825
SW95,2018-11-12,0.766,5,0.78,0.83
SW95,2018-11-13,0.742,5,0.76,0.8
SW95,2018-11-14,0.71,5,0.72,0.74
SW95,2018-11-15,0.6819999999999999,5,0.69,0.71
SW95,2018-11-16,0.662,5,0.67,0.675
SW95,2018-11-17,0.61,5,0.62,0.65
SW95,2018-11-18,0.62,5,0.62,0.625
SW95,2018-11-19,0.6859999999999999,5,0.67,0.625
SW95,2018-11-20,0.64,5,0.63,0.6
SW95,2018-11-21,0.708,5,0.71,0.6950000000000001
SW95,2018-11-22,0.728,5,0.72,0.71
SW95,2018-11-23,0.764,5,0.76,0.76
SW95,2018-11-24,0.754,5,0.77,0.81
SW95,2018-11-25,0.906,5,0.89,0.865
SW95,2018-11-26,0.9099999999999999,5,0.9,0.8700000000000001
SW95,2018-11-27,0.844,5,0.85,0.855
SW95,2018-11-28,0.704,5,0.72,0.7749999999999999
SW95,2018-11-29,0.658,5,0.68,0.73
SW95,2018-11-30,0.472,5,0.51,0.6
SW95,2018-12-01,0.45199999999999996,5,0.46,0.48
SW95,2018-12-02,0.418,5,0.43,0.45
SW95,2018-12-03,0.418,5,0.42,0.42500000000000004
SW95,2018-12-04,0.43600000000000005,5,0.44,0.44000000000000006
SW95,2018-12-05,0.534,5,0.52,0.5
SW95,2018-12-06,0.594,5,0.58,0.5599999999999999
SW95,2018-12-07,0.57,5,0.57,0.565
SW95,2018-12-08,0.43,5,0.45,0.5
SW95,2018-12-09,0.422,5,0.43,0.44
SW95,2018-12-10,0.41000000000000003,5,0.42,0.45
SW95,2018-12-11,0.354,5,0.36,0.385
SW95,2018-12-12,0.21200000000000002,5,0.24,0.325
SW95,2018-12-13,0.22399999999999998,5,0.23,0.24
SW95,2018-12-14,0.148,5,0.15,0.15
SW95,2018-12-15,0.088,5,0.09,0.09
SW95,2018-12-16,0.05600000000000001,5,0.06,0.06000000000000001
SW95,2018-12-17,-0.06,5,-0.05,-0.020000000000000004
SW95,2018-12-18,-0.012000000000000005,5,0.0,0.014999999999999986
SW95,2018-12-19,0.126,5,0.12,0.12
SW95,2018-12-20,0.24,5,0.22,0.18
SW95,2018-12-21,0.38,5,0.35,0.26
SW95,2018-12-22,0.36,5,0.37,0.38
SW95,2018-12-23,0.406,5,0.41,0.41
SW95,2018-12-24,0.534,5,0.51,0.45
SW95,2018-12-25,0.5660000000000001,5,0.54,0.49
SW95,2018-12-26,0.484,5,0.49,0.5
SW95,2018-12-27,0.384,5,0.4,0.44
SW95,2018-12-28,0.308,5,0.32,0.34
SW95,2018-12-29,0.23199999999999998,5,0.25,0.3
SW95,2018-12-30,0.048,5,0.11,0.26
SW95,2018-12-31,-0.034,5,-0.03,-0.010000000000000009
SW95,2019-01-01,0.001999999999999995,5,-0.01,-0.04500000000000001
SW95,2019-01-02,0.041999999999999996,5,0.02,-0.04000000000000001
SW95,2019-01-03,0.146,5,0.12,0.06000000000000001
SW95,2019-01-04,0.126,5,0.13,0.135
SW95,2019-01-05,0.076,5,0.07,0.06
SW95,2019-01-06,0.094,5,0.1,0.12
SW95,2019-01-07,0.14999999999999997,5,0.16,0.175
SW95,2019-01-08,0.156,5,0.17,0.19
SW95,2019-01-09,0.17600000000000002,5,0.18,0.2
SW95,2019-01-10,0.16999999999999998,5,0.18,0.2
SW95,2019-01-11,0.04600000000000002,5,0.06,0.08500000000000002
SW95,2019-01-12,-0.049999999999999996,5,-0.03,0.035
SW95,2019-01-13,-0.14,5,-0.11,-0.04999999999999999
SW95,2019-01-14,-0.178,5,-0.17,-0.14
SW95,2019-01-15,-0.28200000000000003,5,-0.25,-0.185
SW95,2019-01-16,-0.388,5,-0.37,-0.315
SW95,2019-01-17,-0.378,5,-0.37,-0.365
SW95,2019-01-18,-0.184,5,-0.21,-0.28500000000000003
SW95,2019-01-19,-0.12,5,-0.13,-0.15
SW95,2019-01-20,-0.05,5,-0.06,-0.09
SW95,2019-01-21,0.045999999999999985,5,0.04,0.009999999999999981
SW95,2019-01-22,0.13599999999999998,5,0.12,0.095
SW95,2019-01-23,0.256,5,0.24,0.21
SW95,2019-01-24,0.20600000000000002,5,0.2,0.17500000000000002
SW95,2019-01-25,0.13599999999999998,5,0.13,0.11999999999999997
SW95,2019-01-26,-0.03,5,-0.02,-0.009999999999999981
SW95,2019-01-27,-0.11599999999999999,5,-0.11,-0.07999999999999999
SW95,2019-01-28,-0.194,5,-0.17,-0.125
SW95,2019-01-29,-0.47000000000000003,5,-0.47,-0.46499999999999997
SW95,2019-01-30,-0.5980000000000001,5,-0.6,-0.59
SW95,2019-01-31,-0.5399999999999999,5,-0.54,-0.54
SW95,2019-02-01,-0.35,5,-0.36,-0.39
SW95,2019-02-02,-0.288,5,-0.3,-0.34
SW95,2019-02-03,-0.27,5,-0.29,-0.34
SW95,2019-02-04,-0.256,5,-0.27,-0.315
SW95,2019-02-05,-0.22600000000000003,5,-0.24,-0.29000000000000004
SW95,2019-02-06,-0.154,5,-0.18,-0.23500000000000004
SW95,2019-02-07,-0.128,5,-0.15,-0.21000000000000002
SW95,2019-02-08,-0.15,5,-0.15,-0.135
SW95,2019-02-09,-0.274,5,-0.26,-0.21000000000000002
SW95,2019-02-10,-0.32999999999999996,5,-0.33,-0.32
SW95,2019-02-11,-0.45999999999999996,5,-0.42,-0.32499999999999996
SW95,2019-02-12,-0.546,5,-0.55,-0.55
SW95,2019-02-13,-0.52,5,-0.51,-0.5
SW95,2019-02-14,-0.538,5,-0.53,-0.525
SW95,2019-02-15,-0.52,5,-0.52,-0.5249999999999999
SW95,2019-02-16,-0.514,5,-0.51,-0.485
SW95,2019-02-17,-0.382,5,-0.36,-0.32
SW95,2019-02-18,-0.13,5,-0.14,-0.16999999999999998
SW95,2019-02-19,-0.014000000000000002,5,-0.05,-0.125
SW95,2019-02-20,0.186,5,0.14,0.030000000000000027
SW95,2019-02-21,0.13999999999999999,5,0.13,0.09000000000000002
SW95,2019-02-22,0.12600000000000003,5,0.12,0.09000000000000002
SW95,2019-02-23,0.1,5,0.09,0.06500000000000003
SW95,2019-02-24,-0.01399999999999999,5,-0.01,0.0050000000000000044
SW95,2019-02-25,-0.13,5,-0.1,-0.010000000000000009
SW95,2019-02-26,-0.274,5,-0.22,-0.08499999999999999
SW95,2019-02-27,-0.302,5,-0.28,-0.21000000000000002
SW95,2019-02-28,-0.35,5,-0.33,-0.26499999999999996
SW95,2019-03-01,-0.378,5,-0.37,-0.34
SW95,2019-03-02,-0.346,5,-0.35,-0.36
SW95,2019-03-03,-0.33199999999999996,5,-0.35,-0.41000000000000003
SW95,2019-03-04,-0.262,5,-0.28,-0.315
SW95,2019-03-05,-0.029999999999999992,5,-0.05,-0.1
SW95,2019-03-06,0.043999999999999984,5,0.02,-0.04000000000000001
SW95,2019-03-07,0.05400000000000001,5,0.04,-0.0050000000000000044
SW95,2019-03-08,0.072,5,0.05,-0.015000000000000013
SW95,2019-03-09,0.054000000000000006,5,0.04,-0.010000000000000009
SW95,2019-03-10,0.012,5,0.01,-0.009999999999999981
SW95,2019-03-11,-0.04800000000000001,5,-0.04,-0.015000000000000013
SW95,2019-03-12,-0.08399999999999999,5,-0.07,-0.034999999999999976
SW95,2019-03-13,-0.142,5,-0.12,-0.07500000000000001
SW95,2019-03-14,-0.254,5,-0.22,-0.15
SW95,2019-03-15,-0.376,5,-0.33,-0.22999999999999998
SW95,2019-03-16,-0.36,5,-0.35,-0.34
SW95,2019-03-17,-0.24,5,-0.25,-0.29000000000000004
SW95,2019-03-18,-0.198,5,-0.21,-0.23500000000000001
SW95,2019-03-19,-0.092,5,-0.09,-0.09
SW95,2019-03-20,0.128,5,0.12,0.11000000000000001
SW95,2019-03-21,0.306,5,0.28,0.21000000000000002
SW95,2019-03-22,0.44400000000000006,5,0.41,0.31000000000000005
SW95,2019-03-23,0.44000000000000006,5,0.41,0.33999999999999997
SW95,2019-03-24,0.22200000000000003,5,0.24,0.29000000000000004
SW95,2019-03-25,0.019999999999999997,5,0.04,0.08499999999999999
SW95,2019-03-26,-0.11000000000000001,5,-0.1,-0.09
SW95,2019-03-27,-0.244,5,-0.24,-0.24
SW95,2019-03-28,-0.308,5,-0.29,-0.25
SW95,2019-03-29,-0.304,5,-0.31,-0.315
SW95,2019-03-30,-0.294,5,-0.29,-0.275
SW95,2019-03-31,-0.144,5,-0.17,-0.225
SW95,2019-04-01,0.166,5,0.15,0.10999999999999999
SW95,2019-04-02,0.22999999999999998,5,0.22,0.195
SW95,2019-04-03,0.296,5,0.28,0.24
SW95,2019-04-04,0.366,5,0.35,0.29500000000000004
SW95,2019-04-05,0.418,5,0.4,0.36
SW95,2019-04-06,0.504,5,0.47,0.385
SW95,2019-04-07,0.48,5,0.45,0.37
SW95,2019-04-08,0.438,5,0.41,0.33999999999999997
SW95,2019-04-09,0.37,5,0.36,0.35
SW95,2019-04-10,0.25,5,0.28,0.33999999999999997
SW95,2019-04-11,0.182,5,0.19,0.225
SW95,2019-04-12,0.11000000000000001,5,0.13,0.175
SW95,2019-04-13,0.10600000000000001,5,0.13,0.18000000000000002
SW95,2019-04-14,0.092,5,0.11,0.15
SW95,2019-04-15,0.17600000000000002,5,0.16,0.12
SW95,2019-04-16,0.31,5,0.29,0.23
SW95,2019-04-17,0.41400000000000003,5,0.41,0.39
SW95,2019-04-18,0.496,5,0.48,0.45
SW95,2019-04-19,0.528,5,0.51,0.455
SW95,2019-04-20,0.534,5,0.52,0.48
SW95,2019-04-21,0.546,5,0.54,0.525
SW95,2019-04-22,0.492,5,0.5,0.535
SW95,2019-04-23,0.298,5,0.28,0.24
SW95,2019-04-24,0.078,5,0.09,0.105
SW95,2019-04-25,0.066,5,0.07,0.06500000000000002
SW95,2019-04-26,0.009999999999999998,5,0.03,0.08
SW95,2019-04-27,0.164,5,0.14,0.09
SW95,2019-04-28,0.22599999999999998,5,0.22,0.19999999999999998
SW95,2019-04-29,0.242,5,0.24,0.24
SW95,2019-04-30,0.33799999999999997,5,0.33,0.3
SW95,2019-05-01,0.518,5,0.51,0.475
SW95,2019-05-02,0.664,5,0.65,0.61
SW95,2019-05-03,0.808,5,0.82,0.84
SW95,2019-05-04,1.3679999999999999,5,1.37,1.38
SW95,2019-05-05,1.176,5,1.15,1.1
SW95,2019-05-06,1.09,5,1.07,1.01
SW95,2019-05-07,0.8859999999999999,5,0.89,0.89
SW95,2019-05-08,1.158,5,1.17,1.185
SW95,2019-05-09,1.1059999999999999,5,1.12,1.155
SW95,2019-05-10,1.16,5,1.16,1.145
SW95,2019-05-11,1.19,5,1.2,1.225
SW95,2019-05-12,1.136,5,1.15,1.185
SW95,2019-05-13,1.216,5,1.21,1.1800000000000002
SW95,2019-05-14,1.24,5,1.23,1.21
SW95,2019-05-15,1.26,5,1.24,1.205
SW95,2019-05-16,1.298,5,1.28,1.225
SW95,2019-05-17,1.4260000000000002,5,1.43,1.435
SW95,2019-05-18,1.526,5,1.54,1.585
SW95,2019-05-19,1.666,5,1.65,1.6099999999999999
SW95,2019-05-20,1.58,5,1.56,1.525
SW95,2019-05-21,1.496,5,1.5,1.495
SW95,2019-05-22,1.326,5,1.32,1.31
SW95,2019-05-23,1.1800000000000002,5,1.21,1.27
SW95,2019-05-24,1.242,5,1.25,1.2850000000000001
SW95,2019-05-25,1.266,5,1.27,1.2850000000000001
SW95,2019-05-26,1.2,5,1.22,1.26
SW95,2019-05-27,1.1320000000000001,5,1.12,1.1
SW95,2019-05-28,1.1119999999999999,5,1.12,1.15
SW95,2019-05-29,1.214,5,1.22,1.24
SW95,2019-05-30,1.166,5,1.16,1.135
SW95,2019-05-31,1.216,5,1.21,1.21
SW95,2019-06-01,1.262,5,1.28,1.3250000000000002
SW95,2019-06-02,1.3599999999999999,5,1.37,1.4100000000000001
SW95,2019-06-03,1.46,5,1.46,1.4500000000000002
SW95,2019-06-04,1.512,5,1.5,1.455
SW95,2019-06-05,1.6019999999999999,5,1.58,1.5299999999999998
SW95,2019-06-06,1.518,5,1.52,1.525
SW95,2019-06-07,1.514,5,1.51,1.495
SW95,2019-06-08,1.3800000000000001,5,1.4,1.445
SW95,2019-06-09,1.3679999999999999,5,1.38,1.4
SW95,2019-06-10,1.284,5,1.29,1.3199999999999998
SW95,2019-06-11,1.252,5,1.26,1.275
SW95,2019-06-12,1.182,5,1.18,1.1600000000000001
SW95,2019-06-13,1.19,5,1.2,1.23
SW95,2019-06-14,1.262,5,1.27,1.3
SW95,2019-06-15,1.434,5,1.45,1.485
SW95,2019-06-16,1.556,5,1.57,1.6099999999999999
SW95,2019-06-17,1.668,5,1.67,1.685
SW95,2019-06-18,1.716,5,1.71,1.6800000000000002
SW95,2019-06-19,1.6019999999999999,5,1.6,1.6099999999999999
SW95,2019-06-20,1.592,5,1.59,1.585
SW95,2019-06-21,1.552,5,1.54,1.525
SW95,2019-06-22,1.404,5,1.42,1.47
SW95,2019-06-23,1.376,5,1.39,1.4100000000000001
SW95,2019-06-24,1.41,5,1.41,1.4100000000000001
SW95,2019-06-25,1.416,5,1.42,1.42
SW95,2019-06-26,1.4300000000000002,5,1.43,1.425
SW95,2019-06-27,1.464,5,1.46,1.45
SW95,2019-06-28,1.542,5,1.54,1.52
SW95,2019-06-29,1.6320000000000001,5,1.62,1.6
SW95,2019-06-30,1.7939999999999998,5,1.8,1.81
SW95,2019-07-01,1.9939999999999998,5,2.01,2.035
SW95,2019-07-02,2.222,5,2.24,2.275
SW95,2019-07-03,2.268,5,2.27,2.28
SW95,2019-07-04,2.306,5,2.3,2.27
SW95,2019-07-05,2.352,5,2.35,2.35
SW95,2019-07-06,2.3560000000000003,5,2.36,2.3600000000000003
SW95,2019-07-07,2.2640000000000002,5,2.28,2.3049999999999997
SW95,2019-07-08,2.212,5,2.22,2.25
SW95,2019-07-09,2.2,5,2.22,2.275
SW95,2019-07-10,2.25,5,2.23,2.1799999999999997
SW95,2019-07-11,2.2960000000000003,5,2.27,2.21
SW95,2019-07-12,2.318,5,2.32,2.3200000000000003
SW95,2019-07-13,2.484,5,2.49,2.5
SW95,2019-07-14,2.58,5,2.6,2.6399999999999997
SW95,2019-07-15,2.8259999999999996,5,2.84,2.885
SW95,2019-07-16,2.9240000000000004,5,2.92,2.91
SW95,2019-07-17,2.996,5,3.02,3.065
SW95,2019-07-18,3.1079999999999997,5,3.12,3.1399999999999997
SW95,2019-07-19,3.198,5,3.21,3.2199999999999998
SW95,2019-07-20,3.226,5,3.23,3.2199999999999998
SW95,2019-07-21,3.2619999999999996,5,3.27,3.27
SW95,2019-07-22,3.25,5,3.26,3.2800000000000002
SW95,2019-07-23,3.28,5,3.3,3.31
SW95,2019-07-24,3.2340000000000004,5,3.25,3.285
SW95,2019-07-25,3.2159999999999997,5,3.22,3.2249999999999996
SW95,2019-07-26,3.1919999999999997,5,3.19,3.1799999999999997
SW95,2019-07-27,3.2359999999999998,5,3.24,3.2350000000000003
SW95,2019-07-28,3.28,5,3.28,3.2800000000000002
SW95,2019-07-29,3.3259999999999996,5,3.33,3.325
SW95,2019-07-30,3.278,5,3.29,3.3049999999999997
SW95,2019-07-31,3.194,5,3.2,3.2249999999999996
SW95,2019-08-01,3.1559999999999997,5,3.16,3.17
SW95,2019-08-02,3.17,5,3.16,3.15
SW95,2019-08-03,3.132,5,3.12,3.09
SW95,2019-08-04,3.026,5,3.04,3.07
SW95,2019-08-05,2.952,5,2.97,3.005
SW95,2019-08-06,2.9859999999999998,5,3.0,3.045
SW95,2019-08-07,3.146,5,3.16,3.185
SW95,2019-08-08,3.13,5,3.14,3.18
SW95,2019-08-09,2.934,5,2.94,2.955
SW95,2019-08-10,2.754,5,2.77,2.82
SW95,2019-08-11,2.656,5,2.65,2.6500000000000004
SW95,2019-08-12,2.654,5,2.66,2.66
SW95,2019-08-13,2.824,5,2.81,2.785
SW95,2019-08-14,2.822,5,2.82,2.82
SW95,2019-08-15,2.7700000000000005,5,2.77,2.7750000000000004
SW95,2019-08-16,2.69,5,2.72,2.785
SW95,2019-08-17,2.732,5,2.73,2.725
SW95,2019-08-18,2.688,5,2.68,2.67
SW95,2019-08-19,2.5900000000000003,5,2.61,2.6550000000000002
SW95,2019-08-20,2.54,5,2.56,2.5999999999999996
SW95,2019-08-21,2.506,5,2.53,2.585
SW95,2019-08-22,2.5140000000000002,5,2.52,2.53
SW95,2019-08-23,2.52,5,2.52,2.525
SW95,2019-08-24,2.566,5,2.57,2.565
SW95,2019-08-25,2.59,5,2.58,2.5599999999999996
SW95,2019-08-26,2.6260000000000003,5,2.62,2.5999999999999996
SW95,2019-08-27,2.614,5,2.62,2.625
SW95,2019-08-28,2.684,5,2.69,2.705
SW95,2019-08-29,2.714,5,2.72,2.75
SW95,2019-08-30,2.728,5,2.72,2.705
SW95,2019-08-31,2.7640000000000002,5,2.74,2.6799999999999997
SW95,2019-09-01,2.638,5,2.64,2.66
SW95,2019-09-02,2.6260000000000003,5,2.64,2.67
SW95,2019-09-03,2.6399999999999997,5,2.66,2.71
SW95,2019-09-04,2.822,5,2.8,2.755
SW95,2019-09-05,2.644,5,2.67,2.73
SW95,2019-09-06,2.532,5,2.58,2.7
SW95,2019-09-07,2.4859999999999998,5,2.49,2.5149999999999997
SW95,2019-09-08,2.402,5,2.41,2.42
SW95,2019-09-09,2.326,5,2.32,2.315
SW95,2019-09-10,2.218,5,2.22,2.23
SW95,2019-09-11,2.276,5,2.28,2.275
SW95,2019-09-12,2.4259999999999997,5,2.41,2.385
SW95,2019-09-13,2.472,5,2.46,2.44
SW95,2019-09-14,2.478,5,2.48,2.4699999999999998
SW95,2019-09-15,2.452,5,2.45,2.435
SW95,2019-09-16,2.496,5,2.47,2.415
SW95,2019-09-17,2.542,5,2.53,2.5
SW95,2019-09-18,2.58,5,2.57,2.5549999999999997
SW95,2019-09-19,2.646,5,2.66,2.685
SW95,2019-09-20,2.676,5,2.68,2.6950000000000003
SW95,2019-09-21,2.6719999999999997,5,2.67,2.67
SW95,2019-09-22,2.714,5,2.72,2.7199999999999998
SW95,2019-09-23,2.7600000000000002,5,2.77,2.8
SW95,2019-09-24,2.8920000000000003,5,2.89,2.885
SW95,2019-09-25,2.902,5,2.9,2.9000000000000004
SW95,2019-09-26,2.93,5,2.94,2.955
SW95,2019-09-27,2.952,5,2.96,2.97
SW95,2019-09-28,3.032,5,3.03,3.03
SW95,2019-09-29,3.154,5,3.14,3.12
SW95,2019-09-30,3.2,5,3.18,3.145
SW95,2019-10-01,3.192,5,3.13,2.9749999999999996
SW95,2019-10-02,3.168,5,3.19,3.24
SW95,2019-10-03,3.136,5,3.13,3.145
SW95,2019-10-04,3.008,5,3.05,3.17
SW95,2019-10-05,2.9240000000000004,5,2.94,2.9450000000000003
SW95,2019-10-06,2.85,5,2.86,2.885
SW95,2019-10-07,2.7800000000000002,5,2.8,2.845
SW95,2019-10-08,2.726,5,2.72,2.7199999999999998
SW95,2019-10-09,2.714,5,2.71,2.705
SW95,2019-10-10,2.712,5,2.72,2.755
SW95,2019-10-11,2.71,5,2.72,2.73
SW95,2019-10-12,2.6719999999999997,5,2.66,2.63
SW95,2019-10-13,2.57,5,2.56,2.545
SW95,2019-10-14,2.408,5,2.41,2.425
SW95,2019-10-15,2.318,5,2.32,2.325
SW95,2019-10-16,2.232,5,2.24,2.26
SW95,2019-10-17,2.0620000000000003,5,2.06,2.065
SW95,2019-10-18,1.9439999999999997,5,1.96,1.99
SW95,2019-10-19,1.8739999999999999,5,1.89,1.9300000000000002
SW95,2019-10-20,1.78,5,1.78,1.79
SW95,2019-10-21,1.706,5,1.7,1.7
SW95,2019-10-22,1.564,5,1.57,1.585
SW95,2019-10-23,1.41,5,1.41,1.425
SW95,2019-10-24,1.3399999999999999,5,1.33,1.315
SW95,2019-10-25,1.376,5,1.37,1.365
SW95,2019-10-26,1.6300000000000001,5,1.64,1.6800000000000002
SW95,2019-10-27,1.7100000000000002,5,1.68,1.6149999999999998
SW95,2019-10-28,1.6800000000000002,5,1.67,1.63
SW95,2019-10-29,1.7120000000000002,5,1.7,1.655
SW95,2019-10-30,1.6199999999999999,5,1.63,1.6400000000000001
SW95,2019-10-31,1.538,5,1.53,1.525
SW95,2019-11-01,1.282,5,1.27,1.2650000000000001
SW95,2019-11-02,1.284,5,1.28,1.26
SW95,2019-11-03,1.1640000000000001,5,1.15,1.125
SW95,2019-11-04,1.1460000000000001,5,1.15,1.155
SW95,2019-11-05,1.08,5,1.09,1.12
SW95,2019-11-06,1.022,5,1.01,0.99
SW95,2019-11-07,1.076,5,1.06,1.025
SW95,2019-11-08,1.1019999999999999,5,1.1,1.105
SW95,2019-11-09,1.358,5,1.38,1.4249999999999998
SW95,2019-11-10,1.524,5,1.54,1.565
SW95,2019-11-11,1.288,5,1.29,1.29
SW95,2019-11-12,1.3359999999999999,5,1.32,1.275
SW95,2019-11-13,1.274,5,1.26,1.24
SW95,2019-11-14,1.186,5,1.2,1.2349999999999999
SW95,2019-11-15,1.116,5,1.11,1.1
SW95,2019-11-16,1.016,5,1.02,1.02
SW95,2019-11-17,0.8939999999999999,5,0.91,0.95
SW95,2019-11-18,0.8380000000000001,5,0.84,0.85
SW95,2019-11-19,0.778,5,0.77,0.765
SW95,2019-11-20,0.6719999999999999,5,0.68,0.7
SW95,2019-11-21,0.626,5,0.63,0.625
SW95,2019-11-22,0.616,5,0.62,0.62
SW95,2019-11-23,0.666,5,0.65,0.605
SW95,2019-11-24,0.784,5,0.76,0.7
SW95,2019-11-25,0.8460000000000001,5,0.84,0.84
SW95,2019-11-26,0.8779999999999999,5,0.87,0.86
SW95,2019-11-27,0.914,5,0.9,0.86
SW95,2019-11-28,0.89,5,0.89,0.89
SW95,2019-11-29,0.82,5,0.83,0.85
SW95,2019-11-30,0.7060000000000001,5,0.72,0.75
SW95,2019-12-01,0.5820000000000001,5,0.6,0.63
SW95,2019-12-02,0.44000000000000006,5,0.44,0.44000000000000006
SW95,2019-12-03,0.34,5,0.34,0.35000000000000003
SW95,2019-12-04,0.21400000000000002,5,0.22,0.25
SW95,2019-12-05,0.13999999999999999,5,0.14,0.15
SW95,2019-12-06,0.158,5,0.16,0.16499999999999998
SW95,2019-12-07,0.18,5,0.18,0.19
SW95,2019-12-08,0.292,5,0.3,0.315
SW95,2019-12-09,0.396,5,0.38,0.35000000000000003
SW95,2019-12-10,0.47000000000000003,5,0.47,0.475
SW95,2019-12-11,0.516,5,0.51,0.49
SW95,2019-12-12,0.5900000000000001,5,0.58,0.55
SW95,2019-12-13,0.646,5,0.64,0.625
SW95,2019-12-14,0.644,5,0.63,0.59
SW95,2019-12-15,0.522,5,0.52,0.53
SW95,2019-12-16,0.37,5,0.39,0.43
SW95,2019-12-17,0.236,5,0.23,0.215
SW95,2019-12-18,0.134,5,0.14,0.15000000000000002
SW95,2019-12-19,0.005999999999999997,5,0.03,0.07499999999999998
SW95,2019-12-20,-0.014000000000000002,5,-0.01,0.0
SW95,2019-12-21,-0.015999999999999997,5,-0.01,0.015
SW95,2019-12-22,-0.001999999999999999,5,-0.02,-0.05
SW95,2019-12-23,0.064,5,0.06,0.035
SW95,2019-12-24,0.11000000000000001,5,0.1,0.08999999999999998
SW95,2019-12-25,0.2,5,0.19,0.175
SW95,2019-12-26,0.256,5,0.25,0.22500000000000003
SW95,2019-12-27,0.246,5,0.23,0.2
SW95,2019-12-28,0.22999999999999998,5,0.24,0.25
SW95,2019-12-29,0.152,5,0.17,0.2
SW95,2019-12-30,0.16,5,0.17,0.2
SW95,2019-12-31,0.15,5,0.15,0.15000000000000002
SW95,2020-01-01,0.10999999999999999,5,0.1,0.09
SW95,2020-01-02,0.042,5,0.05,0.06000000000000001
SW95,2020-01-03,-0.011999999999999997,5,0.0,0.04000000000000001
SW95,2020-01-04,-0.020000000000000004,5,-0.02,-0.015
SW95,2020-01-05,-0.033999999999999996,5,-0.03,-0.024999999999999994
SW95,2020-01-06,-0.11000000000000001,5,-0.11,-0.125
SW95,2020-01-07,-0.166,5,-0.17,-0.175
SW95,2020-01-08,-0.068,5,-0.06,-0.024999999999999994
SW95,2020-01-09,0.038,5,0.04,0.04999999999999999
SW95,2020-01-10,0.11599999999999999,5,0.11,0.085
SW95,2020-01-11,0.156,5,0.14,0.10500000000000001
SW95,2020-01-12,0.156,5,0.18,0.22500000000000003
SW95,2020-01-13,0.19,5,0.21,0.25
SW95,2020-01-14,0.202,5,0.21,0.21499999999999997
SW95,2020-01-15,0.16,5,0.16,0.175
SW95,2020-01-16,0.122,5,0.13,0.14
SW95,2020-01-17,0.02200000000000001,5,0.03,0.065
SW95,2020-01-18,-0.028000000000000004,5,-0.03,-0.03
SW95,2020-01-19,-0.08,5,-0.09,-0.1
SW95,2020-01-20,-0.09,5,-0.11,-0.155
SW95,2020-01-21,-0.13999999999999999,5,-0.14,-0.12499999999999999
SW95,2020-01-22,-0.092,5,-0.1,-0.135
SW95,2020-01-23,-0.04000000000000001,5,-0.05,-0.085
SW95,2020-01-24,0.08,5,0.07,0.04999999999999999
SW95,2020-01-25,0.126,5,0.11,0.05500000000000001
SW95,2020-01-26,0.178,5,0.17,0.14999999999999997
SW95,2020-01-27,0.13999999999999999,5,0.15,0.175
SW95,2020-01-28,0.054000000000000006,5,0.07,0.10999999999999999
SW95,2020-01-29,-0.05,5,-0.03,0.03
SW95,2020-01-30,-0.144,5,-0.14,-0.135
SW95,2020-01-31,-0.16399999999999998,5,-0.17,-0.17
SW95,2020-02-01,-0.252,5,-0.24,-0.21
SW95,2020-02-02,-0.32199999999999995,5,-0.31,-0.27
SW95,2020-02-03,-0.41600000000000004,5,-0.42,-0.44
SW95,2020-02-04,-0.48200000000000004,5,-0.49,-0.495
SW95,2020-02-05,-0.392,5,-0.41,-0.44
SW95,2020-02-06,-0.306,5,-0.3,-0.29500000000000004
SW95,2020-02-07,-0.23199999999999998,5,-0.23,-0.235
SW95,2020-02-08,-0.124,5,-0.13,-0.145
SW95,2020-02-09,-0.064,5,-0.07,-0.07999999999999999
SW95,2020-02-10,0.05800000000000001,5,0.05,0.015000000000000013
SW95,2020-02-11,0.05800000000000001,5,0.06,0.06000000000000001
SW95,2020-02-12,-0.018000000000000006,5,-0.01,0.024999999999999994
SW95,2020-02-13,-0.048,5,-0.03,0.015000000000000013
SW95,2020-02-14,-0.02599999999999999,5,-0.03,-0.035
SW95,2020-02-15,-0.06,5,-0.05,-0.009999999999999981
SW95,2020-02-16,-0.19,5,-0.17,-0.13
SW95,2020-02-17,-0.304,5,-0.31,-0.32
SW95,2020-02-18,-0.384,5,-0.39,-0.42
SW95,2020-02-19,-0.33399999999999996,5,-0.34,-0.355
SW95,2020-02-20,-0.3,5,-0.3,-0.295
SW95,2020-02-21,-0.25,5,-0.26,-0.26999999999999996
SW95,2020-02-22,-0.13999999999999999,5,-0.15,-0.17
SW95,2020-02-23,0.004000000000000009,5,-0.01,-0.044999999999999984
SW95,2020-02-24,0.094,5,0.06,-0.01999999999999999
SW95,2020-02-25,0.044,5,0.05,0.05499999999999999
SW95,2020-02-26,-0.05,5,-0.03,0.03
SW95,2020-02-27,-0.1,5,-0.08,-0.024999999999999994
SW95,2020-02-28,-0.21400000000000002,5,-0.19,-0.14500000000000002
SW95,2020-02-29,-0.22800000000000004,5,-0.23,-0.22
SW95,2020-03-01,-0.27,5,-0.26,-0.245
SW95,2020-03-02,-0.324,5,-0.31,-0.27
SW95,2020-03-03,-0.382,5,-0.37,-0.35000000000000003
SW95,2020-03-04,-0.44000000000000006,5,-0.43,-0.42
SW95,2020-03-05,-0.43600000000000005,5,-0.44,-0.435
SW95,2020-03-06,-0.33999999999999997,5,-0.36,-0.395
SW95,2020-03-07,-0.246,5,-0.26,-0.285
SW95,2020-03-08,-0.08199999999999999,5,-0.1,-0.145
SW95,2020-03-09,0.10600000000000001,5,0.08,0.03
SW95,2020-03-10,0.22000000000000003,5,0.19,0.12000000000000002
SW95,2020-03-11,0.304,5,0.27,0.19000000000000003
SW95,2020-03-12,0.248,5,0.23,0.195
SW95,2020-03-13,0.066,5,0.09,0.145
SW95,2020-03-14,-0.026000000000000002,5,-0.01,0.03
SW95,2020-03-15,-0.202,5,-0.2,-0.19499999999999998
SW95,2020-03-16,-0.30999999999999994,5,-0.28,-0.21
SW95,2020-03-17,-0.366,5,-0.36,-0.33
SW95,2020-03-18,-0.384,5,-0.39,-0.42
SW95,2020-03-19,-0.33199999999999996,5,-0.34,-0.375
SW95,2020-03-20,-0.242,5,-0.26,-0.295
SW95,2020-03-21,-0.152,5,-0.16,-0.195
SW95,2020-03-22,-0.11200000000000002,5,-0.12,-0.145
SW95,2020-03-23,-0.032,5,-0.05,-0.105
SW95,2020-03-24,0.017999999999999995,5,0.0,-0.05499999999999999
SW95,2020-03-25,0.096,5,0.06,-0.014999999999999986
SW95,2020-03-26,0.08399999999999999,5,0.07,0.03
SW95,2020-03-27,0.068,5,0.06,0.05000000000000002
SW95,2020-03-28,-0.008000000000000002,5,0.01,0.05499999999999999
SW95,2020-03-29,-0.06,5,-0.04,0.01999999999999999
SW95,2020-03-30,-0.10800000000000001,5,-0.08,-0.01999999999999999
SW95,2020-03-31,-0.166,5,-0.16,-0.16
SW95,2020-04-01,-0.21000000000000002,5,-0.2,-0.16999999999999998
SW95,2020-04-02,-0.242,5,-0.23,-0.21000000000000002
SW95,2020-04-03,-0.22999999999999998,5,-0.23,-0.22
SW95,2020-04-04,-0.122,5,-0.13,-0.15
SW95,2020-04-05,-0.015999999999999993,5,-0.03,-0.06999999999999999
SW95,2020-04-06,0.16399999999999998,5,0.15,0.10499999999999998
SW95,2020-04-07,0.34199999999999997,5,0.32,0.27
SW95,2020-04-08,0.514,5,0.49,0.42500000000000004
SW95,2020-04-09,0.61,5,0.58,0.505
SW95,2020-04-10,0.634,5,0.61,0.5650000000000001
SW95,2020-04-11,0.454,5,0.47,0.505
SW95,2020-04-12,0.176,5,0.2,0.26999999999999996
SW95,2020-04-13,0.13399999999999998,5,0.15,0.19999999999999998
SW95,2020-04-14,0.07399999999999998,5,0.09,0.13
SW95,2020-04-15,-0.03,5,-0.02,0.0050000000000000044
SW95,2020-04-16,-0.096,5,-0.1,-0.12
SW95,2020-04-17,-5.551115123125783e-18,5,0.0,0.0050000000000000044
SW95,2020-04-18,0.11000000000000001,5,0.09,0.05500000000000001
SW95,2020-04-19,0.17,5,0.16,0.14500000000000002
SW95,2020-04-20,0.174,5,0.17,0.15999999999999998
SW95,2020-04-21,0.22999999999999998,5,0.22,0.18
SW95,2020-04-22,0.246,5,0.23,0.19499999999999998
SW95,2020-04-23,0.354,5,0.34,0.305
SW95,2020-04-24,0.45,5,0.43,0.38
SW95,2020-04-25,0.532,5,0.5,0.41000000000000003
SW95,2020-04-26,0.526,5,0.51,0.48
SW95,2020-04-27,0.39,5,0.42,0.505
SW95,2020-04-28,0.306,5,0.33,0.375
SW95,2020-04-29,0.298,5,0.31,0.355
SW95,2020-04-30,0.36,5,0.37,0.41000000000000003
SW95,2020-05-01,0.382,5,0.38,0.38
SW95,2020-05-02,0.394,5,0.39,0.36500000000000005
SW95,2020-05-03,0.45,5,0.45,0.44499999999999995
SW95,2020-05-04,0.558,5,0.55,0.53
SW95,2020-05-05,0.742,5,0.73,0.705
SW95,2020-05-06,0.8379999999999999,5,0.81,0.745
SW95,2020-05-07,0.868,5,0.86,0.8450000000000001
SW95,2020-05-08,0.8640000000000001,5,0.84,0.78
SW95,2020-05-09,0.866,5,0.83,0.755
SW95,2020-05-10,0.7140000000000001,5,0.71,0.7050000000000001
SW95,2020-05-11,0.48200000000000004,5,0.51,0.565
SW95,2020-05-12,0.46799999999999997,5,0.47,0.465
SW95,2020-05-13,0.368,5,0.37,0.38
SW95,2020-05-14,0.34800000000000003,5,0.35,0.355
SW95,2020-05-15,0.32599999999999996,5,0.33,0.32999999999999996
SW95,2020-05-16,0.36,5,0.35,0.32999999999999996
SW95,2020-05-17,0.44399999999999995,5,0.44,0.445
SW95,2020-05-18,0.532,5,0.53,0.53
SW95,2020-05-19,0.736,5,0.74,0.735
SW95,2020-05-20,1.1560000000000001,5,1.18,1.23
SW95,2020-05-21,1.8059999999999998,5,1.79,1.755
SW95,2020-05-22,1.432,5,1.4,1.33
SW95,2020-05-23,1.254,5,1.24,1.205
SW95,2020-05-24,1.274,5,1.26,1.215
SW95,2020-05-25,1.42,5,1.39,1.315
SW95,2020-05-26,1.56,5,1.53,1.455
SW95,2020-05-27,1.576,5,1.58,1.5899999999999999
SW95,2020-05-28,1.534,5,1.53,1.52
SW95,2020-05-29,1.682,5,1.69,1.705
SW95,2020-05-30,1.83,5,1.83,1.8199999999999998
SW95,2020-05-31,1.968,5,1.96,1.955
SW95,2020-06-01,1.9299999999999997,5,1.94,1.97
SW95,2020-06-02,1.9780000000000002,5,1.97,1.95
SW95,2020-06-03,1.9739999999999998,5,1.96,1.94
SW95,2020-06-04,1.9899999999999998,5,1.97,1.9300000000000002
SW95,2020-06-05,1.95,5,1.95,1.94
SW95,2020-06-06,1.948,5,1.94,1.915
SW95,2020-06-07,1.9600000000000002,5,1.93,1.87
SW95,2020-06-08,1.94,5,1.92,1.8800000000000001
SW95,2020-06-09,1.8379999999999999,5,1.86,1.915
SW95,2020-06-10,1.8559999999999999,5,1.87,1.915
SW95,2020-06-11,1.9760000000000002,5,1.98,1.98
SW95,2020-06-12,2.07,5,2.07,2.0549999999999997
SW95,2020-06-13,2.104,5,2.11,2.12
SW95,2020-06-14,2.082,5,2.08,2.08
SW95,2020-06-15,2.024,5,2.02,2.02
SW95,2020-06-16,2.012,5,2.01,2.005
SW95,2020-06-17,2.038,5,2.03,2.01
SW95,2020-06-18,2.156,5,2.15,2.13
SW95,2020-06-19,2.18,5,2.17,2.14
SW95,2020-06-20,2.276,5,2.28,2.2800000000000002
SW95,2020-06-21,2.4259999999999997,5,2.43,2.455
SW95,2020-06-22,2.54,5,2.53,2.52
SW95,2020-06-23,2.536,5,2.52,2.475
SW95,2020-06-24,2.468,5,2.47,2.4699999999999998
SW95,2020-06-25,2.432,5,2.45,2.495
SW95,2020-06-26,2.474,5,2.49,2.545
SW95,2020-06-27,2.586,5,2.59,2.605
SW95,2020-06-28,2.676,5,2.69,2.6900000000000004
SW95,2020-06-29,2.882,5,2.88,2.88
SW95,2020-06-30,2.98,5,2.97,2.955
SW95,2020-07-01,3.024,5,3.02,3.005
SW95,2020-07-02,3.12,5,3.12,3.13
SW95,2020-07-03,3.186,5,3.19,3.205
SW95,2020-07-04,3.2439999999999998,5,3.26,3.29
SW95,2020-07-05,3.332,5,3.33,3.34
SW95,2020-07-06,3.338,5,3.34,3.335
SW95,2020-07-07,3.2840000000000003,5,3.28,3.2699999999999996
SW95,2020-07-08,3.09,5,3.1,3.115
SW95,2020-07-09,2.9859999999999998,5,3.0,3.0300000000000002
SW95,2020-07-10,2.948,5,2.96,2.9749999999999996
SW95,2020-07-11,2.94,5,2.95,2.9699999999999998
SW95,2020-07-12,2.968,5,2.97,2.985
SW95,2020-07-13,3.0420000000000003,5,3.04,3.04
SW95,2020-07-14,3.136,5,3.14,3.145
SW95,2020-07-15,3.274,5,3.28,3.2800000000000002
SW95,2020-07-16,3.344,5,3.35,3.36
SW95,2020-07-17,3.3619999999999997,5,3.37,3.375
SW95,2020-07-18,3.37,5,3.37,3.37
SW95,2020-07-19,3.4520000000000004,5,3.46,3.4749999999999996
SW95,2020-07-20,3.562,5,3.57,3.59
SW95,2020-07-21,3.592,5,3.6,3.63
SW95,2020-07-22,3.604,5,3.6,3.605
SW95,2020-07-23,3.562,5,3.57,3.5949999999999998
SW95,2020-07-24,3.614,5,3.62,3.63
SW95,2020-07-25,3.622,5,3.62,3.625
SW95,2020-07-26,3.63,5,3.63,3.6449999999999996
SW95,2020-07-27,3.596,5,3.6,3.62
SW95,2020-07-28,3.604,5,3.6,3.6
SW95,2020-07-29,3.614,5,3.62,3.63
SW95,2020-07-30,3.592,5,3.59,3.5700000000000003
SW95,2020-07-31,3.604,5,3.6,3.6
SW95,2020-08-01,3.588,5,3.59,3.59
SW95,2020-08-02,3.5840000000000005,5,3.58,3.575
SW95,2020-08-03,3.558,5,3.56,3.555
SW95,2020-08-04,3.626,5,3.64,3.66
SW95,2020-08-05,3.7380000000000004,5,3.75,3.795
SW95,2020-08-06,3.7439999999999998,5,3.75,3.76
SW95,2020-08-07,3.592,5,3.6,3.635
SW95,2020-08-08,3.518,5,3.53,3.545
SW95,2020-08-09,3.4659999999999997,5,3.47,3.485
SW95,2020-08-10,3.3880000000000003,5,3.39,3.4050000000000002
SW95,2020-08-11,3.29,5,3.3,3.3200000000000003
SW95,2020-08-12,3.186,5,3.19,3.1950000000000003
SW95,2020-08-13,3.15,5,3.18,3.26
SW95,2020-08-14,3.17,5,3.17,3.17
SW95,2020-08-15,3.2659999999999996,5,3.27,3.27
SW95,2020-08-16,3.3659999999999997,5,3.36,3.355
SW95,2020-08-17,3.37,5,3.37,3.375
SW95,2020-08-18,3.402,5,3.4,3.4050000000000002
SW95,2020-08-19,3.482,5,3.49,3.52
SW95,2020-08-20,3.636,5,3.64,3.635
SW95,2020-08-21,3.6020000000000003,5,3.6,3.605
SW95,2020-08-22,3.4899999999999998,5,3.5,3.5300000000000002
SW95,2020-08-23,3.432,5,3.45,3.49
SW95,2020-08-24,3.376,5,3.38,3.4050000000000002
SW95,2020-08-25,3.3299999999999996,5,3.34,3.36
SW95,2020-08-26,3.3660000000000005,5,3.37,3.39
SW95,2020-08-27,3.25,5,3.25,3.265
SW95,2020-08-28,3.1079999999999997,5,3.11,3.12
SW95,2020-08-29,3.034,5,3.03,3.035
SW95,2020-08-30,2.9579999999999997,5,2.95,2.9450000000000003
SW95,2020-08-31,2.914,5,2.92,2.92
SW95,2020-09-01,2.9219999999999997,5,2.93,2.935
SW95,2020-09-02,2.978,5,2.97,2.96
SW95,2020-09-03,2.966,5,2.95,2.9050000000000002
SW95,2020-09-04,2.926,5,2.92,2.9
SW95,2020-09-05,2.852,5,2.86,2.89
SW95,2020-09-06,2.784,5,2.81,2.87
SW95,2020-09-07,2.784,5,2.8,2.835
SW95,2020-09-08,2.766,5,2.77,2.795
SW95,2020-09-09,2.7079999999999997,5,2.72,2.76
SW95,2020-09-10,2.696,5,2.7,2.7
SW95,2020-09-11,2.706,5,2.71,2.7199999999999998
SW95,2020-09-12,2.692,5,2.69,2.67
SW95,2020-09-13,2.658,5,2.66,2.665
SW95,2020-09-14,2.67,5,2.67,2.675
SW95,2020-09-15,2.738,5,2.74,2.75
SW95,2020-09-16,2.804,5,2.8,2.8
SW95,2020-09-17,2.9579999999999997,5,2.95,2.92
SW95,2020-09-18,3.118,5,3.1,3.06
SW95,2020-09-19,3.168,5,3.14,3.08
SW95,2020-09-20,3.104,5,3.12,3.145
SW95,2020-09-21,3.134,5,3.15,3.205
SW95,2020-09-22,3.1879999999999997,5,3.2,3.24
SW95,2020-09-23,3.098,5,3.11,3.145
SW95,2020-09-24,2.94,5,2.95,2.9699999999999998
SW95,2020-09-25,2.862,5,2.86,2.87
SW95,2020-09-26,2.896,5,2.89,2.875
SW95,2020-09-27,2.906,5,2.9,2.895
SW95,2020-09-28,2.932,5,2.94,2.95
SW95,2020-09-29,2.966,5,2.96,2.955
SW95,2020-09-30,3.028,5,3.03,3.025
SW95,2020-10-01,3.1060000000000003,5,3.1,3.1
SW95,2020-10-02,3.214,5,3.21,3.205
SW95,2020-10-03,3.2020000000000004,5,3.2,3.21
SW95,2020-10-04,3.162,5,3.16,3.17
SW95,2020-10-05,3.0740000000000003,5,3.08,3.105
SW95,2020-10-06,2.9739999999999998,5,2.99,3.045
SW95,2020-10-07,2.87,5,2.9,2.9699999999999998
SW95,2020-10-08,2.7359999999999998,5,2.76,2.8099999999999996
SW95,2020-10-09,2.6100000000000003,5,2.62,2.645
SW95,2020-10-10,2.504,5,2.51,2.52
SW95,2020-10-11,2.466,5,2.46,2.445
SW95,2020-10-12,2.4560000000000004,5,2.46,2.465
SW95,2020-10-13,2.5260000000000002,5,2.53,2.5300000000000002
SW95,2020-10-14,2.588,5,2.59,2.58
SW95,2020-10-15,2.598,5,2.59,2.58
SW95,2020-10-16,2.554,5,2.54,2.505
SW95,2020-10-17,2.54,5,2.52,2.48
SW95,2020-10-18,2.5580000000000003,5,2.54,2.51
SW95,2020-10-19,2.44,5,2.43,2.42
SW95,2020-10-20,2.2079999999999997,5,2.22,2.245
SW95,2020-10-21,2.14,5,2.16,2.215
SW95,2020-10-22,2.216,5,2.22,2.235
SW95,2020-10-23,2.414,5,2.39,2.3449999999999998
SW95,2020-10-24,2.128,5,2.14,2.155
SW95,2020-10-25,1.846,5,1.84,1.835
SW95,2020-10-26,1.7440000000000002,5,1.73,1.705
SW95,2020-10-27,1.688,5,1.68,1.67
SW95,2020-10-28,1.6760000000000002,5,1.67,1.65
SW95,2020-10-29,1.686,5,1.67,1.635
SW95,2020-10-30,1.7079999999999997,5,1.69,1.635
SW95,2020-10-31,1.876,5,1.86,1.815
SW95,2020-11-01,1.964,5,1.94,1.8900000000000001
SW95,2020-11-02,2.004,5,1.99,1.94
SW95,2020-11-03,1.9240000000000002,5,1.91,1.875
SW95,2020-11-04,1.7559999999999998,5,1.75,1.75
SW95,2020-11-05,1.58,5,1.58,1.595
SW95,2020-11-06,1.3940000000000001,5,1.41,1.435
SW95,2020-11-07,1.236,5,1.25,1.27
SW95,2020-11-08,1.154,5,1.14,1.12
SW95,2020-11-09,1.082,5,1.09,1.095
SW95,2020-11-10,1.068,5,1.07,1.065
SW95,2020-11-11,1.0879999999999999,5,1.09,1.1
SW95,2020-11-12,1.2200000000000002,5,1.21,1.18
SW95,2020-11-13,1.33,5,1.31,1.245
SW95,2020-11-14,1.3980000000000001,5,1.39,1.365
SW95,2020-11-15,1.3800000000000001,5,1.36,1.32
SW95,2020-11-16,1.44,5,1.42,1.375
SW95,2020-11-17,1.394,5,1.39,1.365
SW95,2020-11-18,1.272,5,1.29,1.32
SW95,2020-11-19,1.036,5,1.06,1.105
SW95,2020-11-20,0.8879999999999999,5,0.9,0.9199999999999999
SW95,2020-11-21,0.788,5,0.8,0.845
SW95,2020-11-22,0.688,5,0.69,0.6950000000000001
SW95,2020-11-23,0.512,5,0.51,0.52
SW95,2020-11-24,0.496,5,0.5,0.495
SW95,2020-11-25,0.5519999999999999,5,0.55,0.53
SW95,2020-11-26,0.6,5,0.59,0.56
SW95,2020-11-27,0.6639999999999999,5,0.65,0.63
SW95,2020-11-28,0.702,5,0.69,0.675
SW95,2020-11-29,0.696,5,0.69,0.665
SW95,2020-11-30,0.746,5,0.74,0.71
SW95,2020-12-01,0.772,5,0.76,0.7450000000000001
SW95,2020-12-02,0.8039999999999999,5,0.8,0.78
SW95,2020-12-03,0.77,5,0.78,0.7999999999999999
SW95,2020-12-04,0.6839999999999999,5,0.69,0.71
SW95,2020-12-05,0.6020000000000001,5,0.62,0.675
SW95,2020-12-06,0.5740000000000001,5,0.58,0.595
SW95,2020-12-07,0.518,5,0.52,0.5349999999999999
SW95,2020-12-08,0.434,5,0.45,0.48
SW95,2020-12-09,0.41200000000000003,5,0.41,0.42000000000000004
SW95,2020-12-10,0.442,5,0.45,0.45999999999999996
SW95,2020-12-11,0.484,5,0.48,0.47
SW95,2020-12-12,0.588,5,0.57,0.53
SW95,2020-12-13,0.73,5,0.71,0.675
SW95,2020-12-14,0.79,5,0.77,0.72
SW95,2020-12-15,0.734,5,0.73,0.72
SW95,2020-12-16,0.73,5,0.72,0.6950000000000001
SW95,2020-12-17,0.58,5,0.57,0.545
SW95,2020-12-18,0.41600000000000004,5,0.43,0.47
SW95,2020-12-19,0.314,5,0.33,0.38
SW95,2020-12-20,0.248,5,0.26,0.305
SW95,2020-12-21,0.256,5,0.26,0.27999999999999997
SW95,2020-12-22,0.27,5,0.28,0.31500000000000006
SW95,2020-12-23,0.266,5,0.27,0.27499999999999997
SW95,2020-12-24,0.242,5,0.24,0.245
SW95,2020-12-25,0.20600000000000002,5,0.21,0.20500000000000002
SW95,2020-12-26,0.202,5,0.2,0.20500000000000002
SW95,2020-12-27,0.246,5,0.24,0.21
SW95,2020-12-28,0.288,5,0.28,0.275
SW95,2020-12-29,0.32799999999999996,5,0.32,0.295
SW95,2020-12-30,0.374,5,0.36,0.325
SW95,2020-12-31,0.40199999999999997,5,0.39,0.355
SW95,2021-01-01,0.44800000000000006,5,0.43,0.37
SW95,2021-01-02,0.396,5,0.4,0.39999999999999997
SW95,2021-01-03,0.344,5,0.35,0.37
SW95,2021-01-04,0.30799999999999994,5,0.32,0.355
SW95,2021-01-05,0.31,5,0.33,0.37
SW95,2021-01-06,0.258,5,0.27,0.3
SW95,2021-01-07,0.20400000000000001,5,0.22,0.245
SW95,2021-01-08,0.16599999999999998,5,0.18,0.2
SW95,2021-01-09,0.14,5,0.14,0.13
SW95,2021-01-10,0.256,5,0.24,0.19999999999999998
SW95,2021-01-11,0.384,5,0.36,0.315
SW95,2021-01-12,0.43599999999999994,5,0.43,0.40499999999999997
SW95,2021-01-13,0.53,5,0.52,0.48
SW95,2021-01-14,0.608,5,0.59,0.5599999999999999
SW95,2021-01-15,0.5599999999999999,5,0.55,0.52
SW95,2021-01-16,0.476,5,0.48,0.5
SW95,2021-01-17,0.328,5,0.35,0.41
SW95,2021-01-18,0.23399999999999999,5,0.26,0.31
SW95,2021-01-19,0.22999999999999998,5,0.23,0.24
SW95,2021-01-20,0.198,5,0.21,0.23500000000000001
SW95,2021-01-21,0.128,5,0.15,0.195
SW95,2021-01-22,0.036,5,0.04,0.045
SW95,2021-01-23,-0.008000000000000002,5,-0.01,-0.0049999999999999906
SW95,2021-01-24,0.023999999999999997,5,0.02,0.009999999999999995
SW95,2021-01-25,0.086,5,0.07,0.045
SW95,2021-01-26,0.076,5,0.07,0.06
SW95,2021-01-27,0.12,5,0.11,0.09499999999999999
SW95,2021-01-28,0.17400000000000002,5,0.16,0.11499999999999999
SW95,2021-01-29,0.32,5,0.29,0.21999999999999997
SW95,2021-01-30,0.434,5,0.4,0.32
SW95,2021-01-31,0.346,5,0.34,0.325
SW95,2021-02-01,0.254,5,0.27,0.305
SW95,2021-02-02,0.22600000000000003,5,0.25,0.295
SW95,2021-02-03,0.21800000000000003,5,0.23,0.265
SW95,2021-02-04,0.188,5,0.2,0.235
SW95,2021-02-05,0.142,5,0.16,0.19499999999999998
SW95,2021-02-06,0.154,5,0.15,0.13
SW95,2021-02-07,0.014000000000000002,5,0.02,0.04000000000000001
SW95,2021-02-08,0.012,5,0.01,0.004999999999999977
SW95,2021-02-09,0.06599999999999999,5,0.05,0.020000000000000018
SW95,2021-02-10,0.16,5,0.14,0.10499999999999998
SW95,2021-02-11,0.288,5,0.27,0.22999999999999998
SW95,2021-02-12,0.354,5,0.34,0.3
SW95,2021-02-13,0.346,5,0.33,0.285
SW95,2021-02-14,0.302,5,0.29,0.255
SW95,2021-02-15,0.17800000000000002,5,0.19,0.22
SW95,2021-02-16,0.098,5,0.12,0.16999999999999998
SW95,2021-02-17,0.05199999999999999,5,0.07,0.09999999999999998
SW95,2021-02-18,0.005999999999999994,5,0.02,0.04000000000000001
SW95,2021-02-19,-0.009999999999999998,5,0.0,0.010000000000000009
SW95,2021-02-20,-0.138,5,-0.12,-0.06999999999999999
SW95,2021-02-21,-0.262,5,-0.25,-0.235
SW95,2021-02-22,-0.298,5,-0.29,-0.27
SW95,2021-02-23,-0.182,5,-0.19,-0.20500000000000002
SW95,2021-02-24,-0.06999999999999999,5,-0.08,-0.12
SW95,2021-02-25,0.022000000000000002,5,0.01,-0.01999999999999999
SW95,2021-02-26,0.182,5,0.17,0.125
SW95,2021-02-27,0.378,5,0.36,0.31
SW95,2021-02-28,0.492,5,0.46,0.365
SW95,2021-03-01,0.516,5,0.49,0.42
SW95,2021-03-02,0.426,5,0.41,0.375
SW95,2021-03-03,0.21400000000000002,5,0.23,0.28
SW95,2021-03-04,0.146,5,0.16,0.21000000000000002
SW95,2021-03-05,0.13399999999999998,5,0.14,0.14500000000000002
SW95,2021-03-06,0.072,5,0.09,0.125
SW95,2021-03-07,0.006000000000000003,5,0.01,0.035
SW95,2021-03-08,-0.1,5,-0.11,-0.13
SW95,2021-03-09,-0.076,5,-0.1,-0.145
SW95,2021-03-10,0.017999999999999995,5,0.0,-0.044999999999999984
SW95,2021-03-11,0.07399999999999998,5,0.06,0.01999999999999999
SW95,2021-03-12,0.158,5,0.14,0.095
SW95,2021-03-13,0.198,5,0.18,0.125
SW95,2021-03-14,0.138,5,0.11,0.044999999999999984
SW95,2021-03-15,0.188,5,0.16,0.09
SW95,2021-03-16,0.13599999999999998,5,0.12,0.09
SW95,2021-03-17,0.01399999999999999,5,0.03,0.06
SW95,2021-03-18,-0.08399999999999999,5,-0.05,0.01999999999999999
SW95,2021-03-19,-0.132,5,-0.12,-0.07999999999999999
SW95,2021-03-20,-0.15599999999999997,5,-0.16,-0.16
SW95,2021-03-21,-0.22999999999999998,5,-0.22,-0.19
SW95,2021-03-22,-0.316,5,-0.3,-0.25
SW95,2021-03-23,-0.346,5,-0.35,-0.375
SW95,2021-03-24,-0.302,5,-0.31,-0.33
SW95,2021-03-25,-0.132,5,-0.13,-0.14
SW95,2021-03-26,-0.04999999999999998,5,-0.07,-0.11499999999999999
SW95,2021-03-27,0.057999999999999996,5,0.04,-0.010000000000000009
SW95,2021-03-28,0.188,5,0.17,0.11000000000000001
SW95,2021-03-29,0.368,5,0.34,0.265
SW95,2021-03-30,0.592,5,0.55,0.43
SW95,2021-03-31,0.86,5,0.8,0.655
SW95,2021-04-01,0.844,5,0.81,0.735
SW95,2021-04-02,0.42800000000000005,5,0.45,0.495
SW95,2021-04-03,0.23199999999999998,5,0.24,0.26
SW95,2021-04-04,0.028000000000000008,5,0.04,0.08
SW95,2021-04-05,0.3525,4,0.37,0.395
SW95,2021-04-06,0.33799999999999997,5,0.34,0.34500000000000003
SW95,2021-04-07,0.5,5,0.48,0.445
SW95,2021-04-08,0.6679999999999999,5,0.64,0.58
SW95,2021-04-09,0.728,5,0.71,0.655
SW95,2021-04-10,0.742,5,0.72,0.67
SW95,2021-04-11,0.812,5,0.79,0.735
SW95,2021-04-12,0.842,5,0.82,0.77
SW95,2021-04-13,0.8940000000000001,5,0.86,0.77
SW95,2021-04-14,0.9640000000000001,5,0.93,0.845
SW95,2021-04-15,0.9800000000000001,5,0.96,0.9
SW95,2021-04-16,0.8480000000000001,5,0.84,0.825
SW95,2021-04-17,0.654,5,0.67,0.7200000000000001
SW95,2021-04-18,0.608,5,0.63,0.67
SW95,2021-04-19,0.6,5,0.61,0.63
SW95,2021-04-20,0.538,5,0.55,0.585
SW95,2021-04-21,0.512,5,0.51,0.52
SW95,2021-04-22,0.5439999999999999,5,0.54,0.52
SW95,2021-04-23,0.608,5,0.6,0.595
SW95,2021-04-24,0.76,5,0.73,0.67
SW95,2021-04-25,0.908,5,0.89,0.8300000000000001
SW95,2021-04-26,1.06,5,1.05,1.03
SW95,2021-04-27,1.2280000000000002,5,1.22,1.19
SW95,2021-04-28,1.3719999999999999,5,1.35,1.305
SW95,2021-04-29,1.374,5,1.32,1.185
SW95,2021-04-30,1.224,5,1.2,1.145
SW95,2021-05-01,0.954,5,0.98,1.045
SW95,2021-05-02,0.9339999999999999,5,0.95,0.985
SW95,2021-05-03,0.78,5,0.8,0.845
SW95,2021-05-04,0.716,5,0.72,0.73
SW95,2021-05-05,0.6140000000000001,5,0.61,0.605
SW95,2021-05-06,0.604,5,0.59,0.5700000000000001
SW95,2021-05-07,0.6839999999999999,5,0.67,0.625
SW95,2021-05-08,0.748,5,0.73,0.68
SW95,2021-05-09,0.768,5,0.76,0.745
SW95,2021-05-10,0.852,5,0.85,0.845
SW95,2021-05-11,0.962,5,0.96,0.945
SW95,2021-05-12,1.014,5,1.0,0.97
SW95,2021-05-13,1.0719999999999998,5,1.06,1.02
SW95,2021-05-14,1.066,5,1.03,0.9450000000000001
SW95,2021-05-15,0.992,5,0.98,0.9650000000000001
SW95,2021-05-16,0.8480000000000001,5,0.87,0.915
SW95,2021-05-17,0.8059999999999998,5,0.83,0.885
SW95,2021-05-18,0.8320000000000001,5,0.84,0.8600000000000001
SW95,2021-05-19,0.812,5,0.82,0.855
SW95,2021-05-20,0.8280000000000001,5,0.83,0.845
SW95,2021-05-21,0.8720000000000001,5,0.87,0.875
SW95,2021-05-22,0.986,5,0.99,0.9850000000000001
SW95,2021-05-23,1.168,5,1.17,1.1600000000000001
SW95,2021-05-24,1.506,5,1.5,1.47
SW95,2021-05-25,1.966,5,1.95,1.895
SW95,2021-05-26,2.5140000000000002,5,2.43,2.23
SW95,2021-05-27,2.388,5,2.37,2.34
SW95,2021-05-28,2.28,5,2.24,2.1550000000000002
SW95,2021-05-29,2.0620000000000003,5,2.02,1.9300000000000002
SW95,2021-05-30,1.688,5,1.71,1.78
SW95,2021-05-31,1.7099999999999997,5,1.72,1.73
SW95,2021-06-01,1.734,5,1.73,1.7199999999999998
SW95,2021-06-02,1.67,5,1.67,1.6749999999999998
SW95,2021-06-03,1.64,5,1.63,1.605
SW95,2021-06-04,1.6320000000000001,5,1.63,1.62
SW95,2021-06-05,1.686,5,1.68,1.68
SW95,2021-06-06,1.752,5,1.75,1.74
SW95,2021-06-07,1.8399999999999999,5,1.84,1.85
SW95,2021-06-08,1.8939999999999997,5,1.89,1.875
SW95,2021-06-09,1.92,5,1.93,1.95
SW95,2021-06-10,2.0100000000000002,5,2.02,2.045
SW95,2021-06-11,2.268,5,2.28,2.315
SW95,2021-06-12,2.444,5,2.44,2.4299999999999997
SW95,2021-06-13,2.476,5,2.46,2.415
SW95,2021-06-14,2.456,5,2.45,2.4299999999999997
SW95,2021-06-15,2.372,5,2.39,2.425
SW95,2021-06-16,2.396,5,2.4,2.415
SW95,2021-06-17,2.334,5,2.35,2.375
SW95,2021-06-18,2.342,5,2.35,2.3600000000000003
SW95,2021-06-19,2.2939999999999996,5,2.29,2.28
SW95,2021-06-20,2.276,5,2.27,2.245
SW95,2021-06-21,2.284,5,2.28,2.27
SW95,2021-06-22,2.428,5,2.43,2.4450000000000003
SW95,2021-06-23,2.58,5,2.57,2.55
SW95,2021-06-24,2.6559999999999997,5,2.65,2.64
SW95,2021-06-25,2.6759999999999997,5,2.68,2.6950000000000003
SW95,2021-06-26,2.7439999999999998,5,2.72,2.67
SW95,2021-06-27,2.65,5,2.64,2.605
SW95,2021-06-28,2.4899999999999998,5,2.51,2.55
SW95,2021-06-29,2.488,5,2.5,2.54
SW95,2021-06-30,2.5140000000000002,5,2.52,2.53
SW95,2021-07-01,2.5780000000000003,5,2.57,2.5549999999999997
SW95,2021-07-02,2.684,5,2.68,2.675
SW95,2021-07-03,2.75,5,2.74,2.715
SW95,2021-07-04,2.7600000000000002,5,2.76,2.755
SW95,2021-07-05,2.7800000000000002,5,2.78,2.785
SW95,2021-07-06,2.832,5,2.83,2.8099999999999996
SW95,2021-07-07,2.9,5,2.9,2.91
SW95,2021-07-08,2.992,5,3.0,3.005
SW95,2021-07-09,3.002,5,3.01,3.015
SW95,2021-07-10,2.9699999999999998,5,2.98,2.995
SW95,2021-07-11,2.996,5,2.99,2.98
SW95,2021-07-12,3.008,5,3.0,2.965
SW95,2021-07-13,2.956,5,2.96,2.985
SW95,2021-07-14,2.948,5,2.96,2.99
SW95,2021-07-15,2.91,5,2.92,2.955
SW95,2021-07-16,2.872,5,2.88,2.915
SW95,2021-07-17,2.8600000000000003,5,2.87,2.88
SW95,2021-07-18,2.8600000000000003,5,2.86,2.855
SW95,2021-07-19,2.866,5,2.86,2.85
SW95,2021-07-20,2.85,5,2.85,2.835
SW95,2021-07-21,2.886,5,2.88,2.87
SW95,2021-07-22,3.02,5,3.01,2.99
SW95,2021-07-23,3.1420000000000003,5,3.14,3.14
SW95,2021-07-24,3.2600000000000002,5,3.26,3.25
SW95,2021-07-25,3.222,5,3.21,3.1900000000000004
SW95,2021-07-26,3.1239999999999997,5,3.11,3.09
SW95,2021-07-27,2.888,5,2.9,2.9349999999999996
SW95,2021-07-28,2.95,5,2.97,3.02
SW95,2021-07-29,3.008,5,3.02,3.05
SW95,2021-07-30,3.0100000000000002,5,3.02,3.035
SW95,2021-07-31,2.882,5,2.89,2.915
SW95,2021-08-01,2.804,5,2.81,2.815
SW95,2021-08-02,2.7560000000000002,5,2.75,2.7249999999999996
SW95,2021-08-03,2.698,5,2.69,2.685
SW95,2021-08-04,2.734,5,2.73,2.725
SW95,2021-08-05,2.7960000000000003,5,2.79,2.785
SW95,2021-08-06,2.83,5,2.83,2.825
SW95,2021-08-07,2.984,5,2.98,2.9699999999999998
SW95,2021-08-08,3.034,5,3.03,3.025
SW95,2021-08-09,3.07,5,3.06,3.045
SW95,2021-08-10,3.118,5,3.11,3.085
SW95,2021-08-11,3.084,5,3.08,3.0650000000000004
SW95,2021-08-12,3.054,5,3.08,3.1500000000000004
SW95,2021-08-13,3.13,5,3.15,3.1849999999999996
SW95,2021-08-14,3.1420000000000003,5,3.15,3.1799999999999997
SW95,2021-08-15,3.164,5,3.16,3.1500000000000004
SW95,2021-08-16,3.1719999999999997,5,3.18,3.185
SW95,2021-08-17,3.2560000000000002,5,3.25,3.2350000000000003
SW95,2021-08-18,3.3240000000000003,5,3.32,3.315
SW95,2021-08-19,3.3880000000000003,5,3.39,3.4
SW95,2021-08-20,3.4120000000000004,5,3.41,3.415
SW95,2021-08-21,3.404,5,3.41,3.425
SW95,2021-08-22,3.4880000000000004,5,3.48,3.46
SW95,2021-08-23,3.53,5,3.52,3.505
SW95,2021-08-24,3.5100000000000002,5,3.5,3.49
SW95,2021-08-25,3.4259999999999997,5,3.44,3.475
SW95,2021-08-26,3.464,5,3.48,3.515
SW95,2021-08-27,3.4939999999999998,5,3.51,3.5549999999999997
SW95,2021-08-28,3.502,5,3.51,3.5149999999999997
SW95,2021-08-29,3.518,5,3.52,3.515
SW95,2021-08-30,3.4619999999999997,5,3.47,3.4749999999999996
SW95,2021-08-31,3.4539999999999997,5,3.46,3.465
SW95,2021-09-01,3.472,5,3.46,3.4450000000000003
SW95,2021-09-02,3.4899999999999998,5,3.49,3.5
SW95,2021-09-03,3.55,5,3.55,3.54
SW95,2021-09-04,3.63,5,3.64,3.6550000000000002
SW95,2021-09-05,3.7560000000000002,5,3.76,3.775
SW95,2021-09-06,3.938,5,3.94,3.96
SW95,2021-09-07,4.018,5,4.01,3.9749999999999996
SW95,2021-09-08,3.928,5,3.92,3.885
SW95,2021-09-09,3.8200000000000003,5,3.81,3.795
SW95,2021-09-10,3.69,5,3.7,3.725
SW95,2021-09-11,3.658,5,3.67,3.715
SW95,2021-09-12,3.664,5,3.67,3.6950000000000003
SW95,2021-09-13,3.6439999999999997,5,3.65,3.67
SW95,2021-09-14,3.526,5,3.55,3.6100000000000003
SW95,2021-09-15,3.2920000000000003,5,3.29,3.285
SW95,2021-09-16,3.076,5,3.07,3.065
SW95,2021-09-17,3.0620000000000003,5,3.06,3.065
SW95,2021-09-18,3.0780000000000003,5,3.07,3.065
SW95,2021-09-19,3.12,5,3.11,3.0999999999999996
SW95,2021-09-20,3.112,5,3.1,3.0700000000000003
SW95,2021-09-21,3.154,5,3.14,3.1
SW95,2021-09-22,3.1399999999999997,5,3.12,3.065
SW95,2021-09-23,3.036,5,3.03,3.0
SW95,2021-09-24,2.85,5,2.86,2.8899999999999997
SW95,2021-09-25,2.804,5,2.82,2.86
SW95,2021-09-26,2.806,5,2.82,2.85
SW95,2021-09-27,2.744,5,2.76,2.785
SW95,2021-09-28,2.7640000000000002,5,2.75,2.715
SW95,2021-09-29,2.69,5,2.69,2.6799999999999997
SW95,2021-09-30,2.538,5,2.54,2.535
SW95,2021-10-01,2.456,5,2.45,2.4299999999999997
SW95,2021-10-02,2.418,5,2.41,2.4
SW95,2021-10-03,2.462,5,2.47,2.48
SW95,2021-10-04,2.5759999999999996,5,2.57,2.56
SW95,2021-10-05,2.666,5,2.66,2.66
SW95,2021-10-06,2.77,5,2.76,2.7249999999999996
SW95,2021-10-07,2.83,5,2.81,2.75
SW95,2021-10-08,2.868,5,2.85,2.81
SW95,2021-10-09,2.776,5,2.76,2.7350000000000003
SW95,2021-10-10,2.67,5,2.69,2.745
SW95,2021-10-11,2.582,5,2.6,2.635
SW95,2021-10-12,2.48,5,2.49,2.51
SW95,2021-10-13,2.402,5,2.41,2.425
SW95,2021-10-14,2.35,5,2.34,2.33
SW95,2021-10-15,2.286,5,2.28,2.27
SW95,2021-10-16,2.3240000000000003,5,2.32,2.32
SW95,2021-10-17,2.332,5,2.33,2.31
SW95,2021-10-18,2.558,5,2.53,2.4699999999999998
SW95,2021-10-19,2.568,5,2.56,2.535
SW95,2021-10-20,2.524,5,2.51,2.46
SW95,2021-10-21,2.472,5,2.46,2.425
SW95,2021-10-22,2.518,5,2.5,2.46
SW95,2021-10-23,2.588,5,2.58,2.5700000000000003
SW95,2021-10-24,2.538,5,2.54,2.55
SW95,2021-10-25,2.4379999999999997,5,2.46,2.5300000000000002
SW95,2021-10-26,2.384,5,2.39,2.42
SW95,2021-10-27,2.382,5,2.39,2.42
SW95,2021-10-28,2.3899999999999997,5,2.39,2.395
SW95,2021-10-29,2.38,5,2.37,2.35
SW95,2021-10-30,2.348,5,2.34,2.335
SW95,2021-10-31,2.284,5,2.28,2.2800000000000002
SW95,2021-11-01,2.2399999999999998,5,2.24,2.225
SW95,2021-11-02,2.2399999999999998,5,2.23,2.2199999999999998
SW95,2021-11-03,2.2600000000000002,5,2.25,2.24
SW95,2021-11-04,2.306,5,2.29,2.255
SW95,2021-11-05,2.292,5,2.28,2.255
SW95,2021-11-06,2.312,5,2.3,2.265
SW95,2021-11-07,2.272,5,2.27,2.25
SW95,2021-11-08,2.118,5,2.13,2.175
SW95,2021-11-09,1.9780000000000002,5,2.0,2.05
SW95,2021-11-10,1.9120000000000001,5,1.92,1.9549999999999998
SW95,2021-11-11,1.834,5,1.85,1.875
SW95,2021-11-12,1.786,5,1.79,1.7999999999999998
SW95,2021-11-13,1.672,5,1.66,1.6400000000000001
SW95,2021-11-14,1.614,5,1.61,1.6
SW95,2021-11-15,1.64,5,1.63,1.605
SW95,2021-11-16,1.6620000000000001,5,1.65,1.625
SW95,2021-11-17,1.686,5,1.67,1.6400000000000001
SW95,2021-11-18,1.656,5,1.65,1.625
SW95,2021-11-19,1.7060000000000002,5,1.69,1.665
SW95,2021-11-20,1.702,5,1.69,1.65
SW95,2021-11-21,1.6560000000000001,5,1.66,1.655
SW95,2021-11-22,1.584,5,1.58,1.575
SW95,2021-11-23,1.498,5,1.51,1.54
SW95,2021-11-24,1.4,5,1.41,1.4449999999999998
SW95,2021-11-25,1.338,5,1.35,1.375
SW95,2021-11-26,1.308,5,1.31,1.3
SW95,2021-11-27,1.222,5,1.23,1.25
SW95,2021-11-28,1.1300000000000001,5,1.14,1.16
SW95,2021-11-29,1.15,5,1.14,1.105
SW95,2021-11-30,1.142,5,1.13,1.095
SW95,2021-12-01,1.238,5,1.23,1.1949999999999998
SW95,2021-12-02,1.3780000000000001,5,1.37,1.35
SW95,2021-12-03,1.5,5,1.49,1.4500000000000002
SW95,2021-12-04,1.558,5,1.54,1.5
SW95,2021-12-05,1.638,5,1.62,1.585
SW95,2021-12-06,1.75,5,1.75,1.75
SW95,2021-12-07,1.8679999999999999,5,1.85,1.81
SW95,2021-12-08,1.542,5,1.55,1.585
SW95,2021-12-09,1.344,5,1.36,1.385
SW95,2021-12-10,1.184,5,1.19,1.21
SW95,2021-12-11,1.0879999999999999,5,1.1,1.135
SW95,2021-12-12,0.9359999999999999,5,0.95,0.975
SW95,2021-12-13,0.884,5,0.88,0.8600000000000001
SW95,2021-12-14,0.852,5,0.86,0.875
SW95,2021-12-15,0.9359999999999999,5,0.93,0.91
SW95,2021-12-16,0.99,5,0.99,0.995
SW95,2021-12-17,1.06,5,1.04,1.005
SW95,2021-12-18,1.02,5,1.01,0.99
SW95,2021-12-19,0.986,5,0.98,0.97
SW95,2021-12-20,0.9339999999999999,5,0.92,0.87
SW95,2021-12-21,0.9480000000000001,5,0.92,0.86
SW95,2021-12-22,1.026,5,1.03,1.04
SW95,2021-12-23,0.966,5,0.98,1.0150000000000001
SW95,2021-12-24,0.89,5,0.91,0.96
SW95,2021-12-25,0.85,5,0.86,0.8799999999999999
SW95,2021-12-26,0.798,5,0.81,0.8350000000000001
SW95,2021-12-27,0.704,5,0.71,0.735
SW95,2021-12-28,0.682,5,0.69,0.71
SW95,2021-12-29,0.6799999999999999,5,0.68,0.6799999999999999
SW95,2021-12-30,0.728,5,0.72,0.7050000000000001
SW95,2021-12-31,0.75,5,0.75,0.75
SW95,2022-01-01,0.784,5,0.78,0.775
SW95,2022-01-02,0.93,5,0.91,0.865
SW95,2022-01-03,0.9960000000000001,5,0.98,0.935
SW95,2022-01-04,1.068,5,1.05,1.0
SW95,2022-01-05,0.986,5,1.0,1.035
SW95,2022-01-06,0.8960000000000001,5,0.91,0.9600000000000001
SW95,2022-01-07,0.8380000000000001,5,0.85,0.875
SW95,2022-01-08,0.756,5,0.76,0.785
SW95,2022-01-09,0.7060000000000001,5,0.72,0.75
SW95,2022-01-10,0.592,5,0.6,0.635
SW95,2022-01-11,0.52,5,0.53,0.55
SW95,2022-01-12,0.488,5,0.49,0.51
SW95,2022-01-13,0.5,5,0.49,0.46
SW95,2022-01-14,0.548,5,0.55,0.54
SW95,2022-01-15,0.542,5,0.53,0.5
SW95,2022-01-16,0.554,5,0.54,0.515
SW95,2022-01-17,0.5660000000000001,5,0.56,0.535
SW95,2022-01-18,0.678,5,0.66,0.61
SW95,2022-01-19,0.764,5,0.75,0.71
SW95,2022-01-20,0.784,5,0.77,0.7450000000000001
SW95,2022-01-21,0.784,5,0.79,0.82
SW95,2022-01-22,0.754,5,0.77,0.7999999999999999
SW95,2022-01-23,0.706,5,0.72,0.765
SW95,2022-01-24,0.708,5,0.71,0.72
SW95,2022-01-25,0.7060000000000001,5,0.71,0.735
SW95,2022-01-26,0.64,5,0.66,0.71
SW95,2022-01-27,0.572,5,0.58,0.595
SW95,2022-01-28,0.548,5,0.56,0.585
SW95,2022-01-29,0.546,5,0.54,0.51
SW95,2022-01-30,0.656,5,0.64,0.61
SW95,2022-01-31,0.8,5,0.78,0.735
SW95,2022-02-01,0.874,5,0.86,0.8099999999999999
SW95,2022-02-02,1.036,5,1.01,0.9450000000000001
SW95,2022-02-03,1.0459999999999998,5,1.03,1.0
SW95,2022-02-04,0.924,5,0.93,0.935
SW95,2022-02-05,0.8640000000000001,5,0.87,0.9
SW95,2022-02-06,0.704,5,0.72,0.7550000000000001
SW95,2022-02-07,0.544,5,0.56,0.59
SW95,2022-02-08,0.484,5,0.49,0.51
SW95,2022-02-09,0.362,5,0.38,0.435
SW95,2022-02-10,0.288,5,0.29,0.3
SW95,2022-02-11,0.252,5,0.24,0.2
SW95,2022-02-12,0.20600000000000002,5,0.2,0.175
SW95,2022-02-13,0.23399999999999999,5,0.22,0.19
SW95,2022-02-14,0.378,5,0.37,0.335
SW95,2022-02-15,0.514,5,0.5,0.475
SW95,2022-02-16,0.6439999999999999,5,0.64,0.625
SW95,2022-02-17,0.764,5,0.75,0.7250000000000001
SW95,2022-02-18,0.8,5,0.79,0.75
SW95,2022-02-19,0.73,5,0.73,0.74
SW95,2022-02-20,0.76,5,0.78,0.825
SW95,2022-02-21,0.8099999999999999,5,0.83,0.875
SW95,2022-02-22,0.8320000000000001,5,0.84,0.875
SW95,2022-02-23,0.72,5,0.74,0.775
SW95,2022-02-24,0.5900000000000001,5,0.6,0.625
SW95,2022-02-25,0.454,5,0.45,0.44
SW95,2022-02-26,0.43600000000000005,5,0.43,0.42500000000000004
SW95,2022-02-27,0.522,5,0.51,0.485
SW95,2022-02-28,0.612,5,0.6,0.565
SW95,2022-03-01,0.728,5,0.71,0.665
SW95,2022-03-02,0.772,5,0.76,0.7150000000000001
SW95,2022-03-03,0.8379999999999999,5,0.82,0.7749999999999999
SW95,2022-03-04,0.8719999999999999,5,0.86,0.835
SW95,2022-03-05,0.882,5,0.87,0.825
SW95,2022-03-06,0.744,5,0.77,0.8049999999999999
SW95,2022-03-07,0.588,5,0.61,0.65
SW95,2022-03-08,0.542,5,0.56,0.595
SW95,2022-03-09,0.472,5,0.47,0.44999999999999996
SW95,2022-03-10,0.382,5,0.39,0.4
SW95,2022-03-11,0.304,5,0.32,0.37
SW95,2022-03-12,0.20600000000000002,5,0.2,0.19999999999999998
SW95,2022-03-13,0.22800000000000004,5,0.22,0.205
SW95,2022-03-14,0.34,5,0.32,0.28500000000000003
SW95,2022-03-15,0.46399999999999997,5,0.46,0.435
SW95,2022-03-16,0.588,5,0.57,0.525
SW95,2022-03-17,0.7060000000000001,5,0.68,0.615
SW95,2022-03-18,0.8800000000000001,5,0.84,0.74
SW95,2022-03-19,0.9719999999999999,5,0.94,0.865
SW95,2022-03-20,1.028,5,1.01,0.9550000000000001
SW95,2022-03-21,1.106,5,1.09,1.04
SW95,2022-03-22,0.842,5,0.86,0.91
SW95,2022-03-23,0.782,5,0.8,0.85
SW95,2022-03-24,0.78,5,0.81,0.875
SW95,2022-03-25,0.82,5,0.84,0.8999999999999999
SW95,2022-03-26,0.86,5,0.87,0.8899999999999999
SW95,2022-03-27,0.798,5,0.78,0.75
SW95,2022-03-28,0.8699999999999999,5,0.86,0.8350000000000001
SW95,2022-03-29,0.986,5,0.98,0.95
SW95,2022-03-30,1.134,5,1.12,1.075
SW95,2022-03-31,1.238,5,1.21,1.155
SW95,2022-04-01,1.364,5,1.34,1.285
SW95,2022-04-02,1.418,5,1.39,1.315
SW95,2022-04-03,1.384,5,1.36,1.305
SW95,2022-04-04,1.386,5,1.37,1.325
SW95,2022-04-05,1.266,5,1.27,1.29
SW95,2022-04-06,1.1320000000000001,5,1.15,1.2
SW95,2022-04-07,1.052,5,1.06,1.09
SW95,2022-04-08,1.0,5,1.01,1.045
SW95,2022-04-09,1.012,5,1.02,1.05
SW95,2022-04-10,1.1199999999999999,5,1.12,1.12
SW95,2022-04-11,1.342,5,1.33,1.2999999999999998
SW95,2022-04-12,1.504,5,1.51,1.5150000000000001
SW95,2022-04-13,1.6199999999999999,5,1.61,1.6
SW95,2022-04-14,1.7759999999999998,5,1.76,1.7349999999999999
SW95,2022-04-15,1.884,5,1.88,1.8599999999999999
SW95,2022-04-16,1.972,5,1.96,1.94
SW95,2022-04-17,2.0119999999999996,5,2.0,1.97
SW95,2022-04-18,1.984,5,1.96,1.91
SW95,2022-04-19,1.9280000000000002,5,1.89,1.81
SW95,2022-04-20,1.8399999999999999,5,1.83,1.81
SW95,2022-04-21,1.67,5,1.69,1.7349999999999999
SW95,2022-04-22,1.7259999999999998,5,1.74,1.7599999999999998
SW95,2022-04-23,1.59,5,1.62,1.685
SW95,2022-04-24,1.6019999999999999,5,1.61,1.625
SW95,2022-04-25,1.582,5,1.58,1.575
SW95,2022-04-26,1.542,5,1.53,1.495
SW95,2022-04-27,1.5379999999999998,5,1.53,1.525
SW95,2022-04-28,1.592,5,1.58,1.56
SW95,2022-04-29,1.6300000000000001,5,1.62,1.6
SW95,2022-04-30,1.6780000000000002,5,1.66,1.625
SW95,2022-05-01,1.6619999999999997,5,1.8,1.6800000000000002
SW95,2022-05-02,1.704,5,1.68,1.625
SW95,2022-05-03,1.682,5,1.67,1.63
SW95,2022-05-04,1.6480000000000001,5,1.64,1.63
SW95,2022-05-05,1.55,5,1.56,1.6
SW95,2022-05-06,1.394,5,1.38,1.45
SW95,2022-05-07,1.322,5,1.33,1.36
SW95,2022-05-08,1.248,5,1.26,1.275
SW95,2022-05-09,1.198,5,1.2,1.2000000000000002
SW95,2022-05-10,1.332,5,1.33,1.335
SW95,2022-05-11,1.454,5,1.45,1.4249999999999998
SW95,2022-05-12,1.6199999999999999,5,1.61,1.6
SW95,2022-05-13,1.7399999999999998,5,1.72,1.67
SW95,2022-05-14,1.932,5,1.9,1.8250000000000002
SW95,2022-05-15,2.024,5,2.01,1.96
SW95,2022-05-16,2.05,5,2.05,2.06
SW95,2022-05-17,2.118,5,2.11,2.0949999999999998
SW95,2022-05-18,2.202,5,2.19,2.145
SW95,2022-05-19,2.2800000000000002,5,2.27,2.2600000000000002
SW95,2022-05-20,2.318,5,2.33,2.3600000000000003
SW95,2022-05-21,2.484,5,2.49,2.515
SW95,2022-05-22,2.5420000000000003,5,2.54,2.55
SW95,2022-05-23,2.648,5,2.65,2.645
SW95,2022-05-24,2.65,5,2.65,2.66
SW95,2022-05-25,2.6879999999999997,5,2.69,2.685
SW95,2022-05-26,2.69,5,2.68,2.645
SW95,2022-05-27,2.6380000000000003,5,2.62,2.56
SW95,2022-05-28,2.596,5,2.58,2.535
SW95,2022-05-29,2.524,5,2.51,2.49
SW95,2022-05-30,2.4579999999999997,5,2.45,2.445
SW95,2022-05-31,2.3899999999999997,5,2.37,2.335
SW95,2022-06-01,2.342,5,2.33,2.3
SW95,2022-06-02,2.26,5,2.25,2.2199999999999998
SW95,2022-06-03,2.2600000000000002,5,2.25,2.23
SW95,2022-06-04,2.2439999999999998,5,2.25,2.26
SW95,2022-06-05,2.2079999999999997,5,2.22,2.24
SW95,2022-06-06,2.162,5,2.17,2.1849999999999996
SW95,2022-06-07,2.18,5,2.17,2.16
SW95,2022-06-08,2.244,5,2.24,2.2350000000000003
SW95,2022-06-09,2.366,5,2.36,2.3449999999999998
SW95,2022-06-10,2.43,5,2.43,2.42
SW95,2022-06-11,2.518,5,2.52,2.51
SW95,2022-06-12,2.694,5,2.68,2.6399999999999997
SW95,2022-06-13,2.804,5,2.8,2.775
SW95,2022-06-14,2.884,5,2.88,2.88
SW95,2022-06-15,2.972,5,2.97,2.965
SW95,2022-06-16,3.082,5,3.08,3.0650000000000004
SW95,2022-06-17,3.146,5,3.14,3.13
SW95,2022-06-18,3.1399999999999997,5,3.15,3.19
SW95,2022-06-19,3.2380000000000004,5,3.24,3.245
SW95,2022-06-20,3.3579999999999997,5,3.35,3.34
SW95,2022-06-21,3.4899999999999998,5,3.48,3.465
SW95,2022-06-22,3.5,5,3.5,3.495
SW95,2022-06-23,3.4799999999999995,5,3.48,3.49
SW95,2022-06-24,3.5,5,3.5,3.51
SW95,2022-06-25,3.504,5,3.5,3.5
SW95,2022-06-26,3.464,5,3.46,3.46
SW95,2022-06-27,3.3280000000000003,5,3.33,3.335
SW95,2022-06-28,3.276,5,3.28,3.2750000000000004
SW95,2022-06-29,3.2479999999999998,5,3.25,3.25
SW95,2022-06-30,3.25,5,3.24,3.2199999999999998
SW95,2022-07-01,3.286,5,3.27,3.24
SW95,2022-07-02,3.2560000000000002,5,3.26,3.2800000000000002
SW95,2022-07-03,3.3020000000000005,5,3.31,3.32
SW95,2022-07-04,3.3259999999999996,5,3.33,3.35
SW95,2022-07-05,3.338,5,3.35,3.385
SW95,2022-07-06,3.3979999999999997,5,3.41,3.425
SW95,2022-07-07,3.25,5,3.26,3.27
SW95,2022-07-08,3.186,5,3.18,3.17
SW95,2022-07-09,3.132,5,3.13,3.12
SW95,2022-07-10,3.098,5,3.1,3.11
SW95,2022-07-11,3.128,5,3.12,3.1100000000000003
SW95,2022-07-12,3.1919999999999997,5,3.18,3.165
SW95,2022-07-13,3.198,5,3.19,3.185
SW95,2022-07-14,3.196,5,3.2,3.2
SW95,2022-07-15,3.186,5,3.18,3.18
SW95,2022-07-16,3.2119999999999997,5,3.19,3.1399999999999997
SW95,2022-07-17,3.086,5,3.09,3.1100000000000003
SW95,2022-07-18,2.9240000000000004,5,2.94,2.99
SW95,2022-07-19,2.822,5,2.83,2.84
SW95,2022-07-20,2.6740000000000004,5,2.69,2.74
SW95,2022-07-21,2.568,5,2.58,2.5949999999999998
SW95,2022-07-22,2.476,5,2.48,2.49
SW95,2022-07-23,2.436,5,2.43,2.42
SW95,2022-07-24,2.4539999999999997,5,2.46,2.46
SW95,2022-07-25,2.5420000000000003,5,2.55,2.5599999999999996
SW95,2022-07-26,2.596,5,2.59,2.575
SW95,2022-07-27,2.678,5,2.68,2.675
SW95,2022-07-28,2.732,5,2.73,2.73
SW95,2022-07-29,2.814,5,2.81,2.79
SW95,2022-07-30,2.848,5,2.85,2.84
SW95,2022-07-31,2.836,5,2.84,2.835
SW95,2022-08-01,2.836,5,2.85,2.89
SW95,2022-08-02,2.83,5,2.84,2.875
SW95,2022-08-03,2.914,5,2.91,2.915
SW95,2022-08-04,3.1399999999999997,5,3.13,3.11
SW95,2022-08-05,3.2039999999999997,5,3.2,3.1799999999999997
SW95,2022-08-06,3.2159999999999997,5,3.22,3.215
SW95,2022-08-07,3.322,5,3.31,3.29
SW95,2022-08-08,3.3259999999999996,5,3.32,3.3200000000000003
SW95,2022-08-09,3.4539999999999997,5,3.46,3.465
SW95,2022-08-10,3.594,5,3.58,3.555
SW95,2022-08-11,3.6,5,3.6,3.59
SW95,2022-08-12,3.46,5,3.46,3.46
SW95,2022-08-13,3.4479999999999995,5,3.45,3.44
SW95,2022-08-14,3.6340000000000003,5,3.62,3.59
SW95,2022-08-15,3.4,5,3.42,3.455
SW95,2022-08-16,3.088,5,3.11,3.165
SW95,2022-08-17,2.912,5,2.91,2.92
SW95,2022-08-18,2.7939999999999996,5,2.8,2.83
SW95,2022-08-19,2.8080000000000003,5,2.8,2.77
SW95,2022-08-20,2.8259999999999996,5,2.83,2.825
SW95,2022-08-21,2.668,5,2.67,2.665
SW95,2022-08-22,2.54,5,2.53,2.515
SW95,2022-08-23,2.568,5,2.58,2.5999999999999996
SW95,2022-08-24,2.7800000000000002,5,2.79,2.8
SW95,2022-08-25,2.756,5,2.76,2.7750000000000004
SW95,2022-08-26,2.7359999999999998,5,2.74,2.74
SW95,2022-08-27,2.776,5,2.77,2.75
SW95,2022-08-28,2.878,5,2.86,2.83
SW95,2022-08-29,2.836,5,2.83,2.81
SW95,2022-08-30,2.848,5,2.85,2.8449999999999998
SW95,2022-08-31,2.8579999999999997,5,2.86,2.875
SW95,2022-09-01,2.868,5,2.89,2.94
SW95,2022-09-02,2.9379999999999997,5,2.95,2.9749999999999996
SW95,2022-09-03,2.996,5,3.0,3.01
SW95,2022-09-04,3.036,5,3.04,3.05
SW95,2022-09-05,3.0,5,3.0,2.9850000000000003
SW95,2022-09-06,3.064,5,3.07,3.075
SW95,2022-09-07,3.076,5,3.08,3.075
SW95,2022-09-08,3.132,5,3.14,3.175
SW95,2022-09-09,3.254,5,3.26,3.27
SW95,2022-09-10,3.378,5,3.38,3.4
SW95,2022-09-11,3.526,5,3.52,3.5
SW95,2022-09-12,3.6439999999999997,5,3.63,3.5949999999999998
SW95,2022-09-13,3.536,5,3.53,3.525
SW95,2022-09-14,3.3659999999999997,5,3.38,3.425
SW95,2022-09-15,3.2,5,3.21,3.25
SW95,2022-09-16,3.0799999999999996,5,3.09,3.12
SW95,2022-09-17,2.912,5,2.92,2.925
SW95,2022-09-18,2.778,5,2.78,2.7800000000000002
SW95,2022-09-19,2.716,5,2.72,2.745
SW95,2022-09-20,2.844,5,2.85,2.865
SW95,2022-09-21,2.85,5,2.84,2.8150000000000004
SW95,2022-09-22,2.79,5,2.79,2.7750000000000004
SW95,2022-09-23,2.784,5,2.78,2.76
SW95,2022-09-24,2.8259999999999996,5,2.82,2.79
SW95,2022-09-25,2.874,5,2.87,2.85
SW95,2022-09-26,2.956,5,2.95,2.925
SW95,2022-09-27,3.0439999999999996,5,3.02,2.95
SW95,2022-09-28,3.084,5,3.06,3.01
SW95,2022-09-29,3.0780000000000003,5,3.07,3.06
SW95,2022-09-30,2.988,5,3.01,3.05
SW95,2022-10-01,2.94,5,2.95,2.985
SW95,2022-10-02,2.948,5,2.95,2.9450000000000003
SW95,2022-10-03,3.0300000000000002,5,3.01,2.9749999999999996
SW95,2022-10-04,2.95,5,2.95,2.965
SW95,2022-10-05,2.876,5,2.87,2.865
SW95,2022-10-06,2.87,5,2.86,2.835
SW95,2022-10-07,2.87,5,2.87,2.8600000000000003
SW95,2022-10-08,2.854,5,2.84,2.8200000000000003
SW95,2022-10-09,2.886,5,2.87,2.84
SW95,2022-10-10,2.944,5,2.92,2.875
SW95,2022-10-11,2.996,5,2.97,2.9
SW95,2022-10-12,2.946,5,2.94,2.92
SW95,2022-10-13,2.9200000000000004,5,2.93,2.9400000000000004
SW95,2022-10-14,2.932,5,2.93,2.935
SW95,2022-10-15,2.938,5,2.95,2.97
SW95,2022-10-16,2.944,5,2.94,2.9400000000000004
SW95,2022-10-17,2.96,5,2.96,2.9699999999999998
SW95,2022-10-18,2.992,5,2.98,2.965
SW95,2022-10-19,2.962,5,2.96,2.95
SW95,2022-10-20,2.996,5,2.99,2.9850000000000003
SW95,2022-10-21,2.9859999999999998,5,2.98,2.9749999999999996
SW95,2022-10-22,2.9579999999999997,5,2.95,2.9400000000000004
SW95,2022-10-23,2.9560000000000004,5,2.94,2.915
SW95,2022-10-24,3.038,5,3.04,3.0549999999999997
SW95,2022-10-25,3.37,5,3.36,3.3499999999999996
SW95,2022-10-26,3.166,5,3.16,3.14
SW95,2022-10-27,3.016,5,3.0,2.9749999999999996
SW95,2022-10-28,2.7399999999999998,5,2.76,2.825
SW95,2022-10-29,2.598,5,2.62,2.68
SW95,2022-10-30,2.568,5,2.58,2.615
SW95,2022-10-31,2.556,5,2.56,2.56
SW95,2022-11-01,2.4539999999999997,5,2.46,2.465
SW95,2022-11-02,2.4059999999999997,5,2.41,2.4050000000000002
SW95,2022-11-03,2.346,5,2.34,2.34
SW95,2022-11-04,2.276,5,2.27,2.24
SW95,2022-11-05,2.29,5,2.27,2.21
SW95,2022-11-06,2.3259999999999996,5,2.31,2.285
SW95,2022-11-07,2.35,5,2.34,2.3200000000000003
SW95,2022-11-08,2.3600000000000003,5,2.34,2.305
SW95,2022-11-09,2.346,5,2.34,2.31
SW95,2022-11-10,2.228,5,2.23,2.24
SW95,2022-11-11,2.08,5,2.07,2.05
SW95,2022-11-12,2.004,5,2.0,1.9849999999999999
SW95,2022-11-13,1.8820000000000001,5,1.9,1.94
SW95,2022-11-14,1.764,5,1.77,1.795
SW95,2022-11-15,1.7100000000000002,5,1.72,1.75
SW95,2022-11-16,1.6199999999999999,5,1.62,1.635
SW95,2022-11-17,1.514,5,1.52,1.5350000000000001
SW95,2022-11-18,1.454,5,1.47,1.5
SW95,2022-11-19,1.482,5,1.48,1.47
SW95,2022-11-20,1.596,5,1.6,1.5950000000000002
SW95,2022-11-21,1.6600000000000001,5,1.65,1.62
SW95,2022-11-22,1.7259999999999998,5,1.72,1.71
SW95,2022-11-23,1.778,5,1.76,1.72
SW95,2022-11-24,1.842,5,1.83,1.7850000000000001
SW95,2022-11-25,1.94,5,1.92,1.8849999999999998
SW95,2022-11-26,1.95,5,1.94,1.91
SW95,2022-11-27,1.828,5,1.83,1.835
SW95,2022-11-28,1.734,5,1.75,1.7850000000000001
SW95,2022-11-29,1.704,5,1.71,1.7349999999999999
SW95,2022-11-30,1.6079999999999999,5,1.62,1.66
SW95,2022-12-01,1.508,5,1.51,1.52
SW95,2022-12-02,1.392,5,1.41,1.46
SW95,2022-12-03,1.3599999999999999,5,1.35,1.34
SW95,2022-12-04,1.4,5,1.39,1.37
SW95,2022-12-05,1.4120000000000001,5,1.41,1.39
SW95,2022-12-06,1.5,5,1.49,1.4500000000000002
SW95,2022-12-07,1.524,5,1.51,1.4700000000000002
SW95,2022-12-08,1.55,5,1.53,1.4849999999999999
SW95,2022-12-09,1.544,5,1.53,1.505
SW95,2022-12-10,1.572,5,1.56,1.5299999999999998
SW95,2022-12-11,1.59,5,1.57,1.5350000000000001
SW95,2022-12-12,1.44,5,1.45,1.4700000000000002
SW95,2022-12-13,1.364,5,1.36,1.3599999999999999
SW95,2022-12-14,1.254,5,1.27,1.32
SW95,2022-12-15,1.1800000000000002,5,1.19,1.2
SW95,2022-12-16,1.1039999999999999,5,1.12,1.16
SW95,2022-12-17,1.048,5,1.06,1.09
SW95,2022-12-18,1.044,5,1.05,1.0550000000000002
SW95,2022-12-19,1.0859999999999999,5,1.07,1.0150000000000001
SW95,2022-12-20,1.186,5,1.18,1.1500000000000001
SW95,2022-12-21,1.302,5,1.28,1.24
SW95,2022-12-22,1.444,5,1.43,1.395
SW95,2022-12-23,1.512,5,1.49,1.435
SW95,2022-12-24,1.54,5,1.53,1.5
SW95,2022-12-25,1.6320000000000001,5,1.62,1.59
SW95,2022-12-26,1.652,5,1.63,1.58
SW95,2022-12-27,1.568,5,1.56,1.555
SW95,2022-12-28,1.434,5,1.45,1.4849999999999999
SW95,2022-12-29,1.3439999999999999,5,1.35,1.355
SW95,2022-12-30,1.166,5,1.18,1.22
SW95,2022-12-31,1.138,5,1.13,1.12
SW95,2023-01-01,1.068,5,1.07,1.07
SW95,2023-01-02,1.002,5,0.99,0.96
SW95,2023-01-03,0.966,5,0.95,0.9099999999999999
SW95,2023-01-04,0.9899999999999999,5,0.98,0.95
SW95,2023-01-05,0.982,5,0.97,0.94
SW95,2023-01-06,0.9640000000000001,5,0.97,0.97
SW95,2023-01-07,1.018,5,1.02,1.02
SW95,2023-01-08,1.058,5,1.06,1.06
SW95,2023-01-09,1.046,5,1.05,1.06
SW95,2023-01-10,1.036,5,1.05,1.085
SW95,2023-01-11,1.0619999999999998,5,1.07,1.095
SW95,2023-01-12,1.008,5,1.02,1.05
SW95,2023-01-13,0.984,5,0.99,1.02
SW95,2023-01-14,0.8859999999999999,5,0.9,0.925
SW95,2023-01-15,0.772,5,0.79,0.83
SW95,2023-01-16,0.658,5,0.66,0.6799999999999999
SW95,2023-01-17,0.612,5,0.61,0.605
SW95,2023-01-18,0.542,5,0.54,0.53
SW95,2023-01-19,0.6,5,0.58,0.535
SW95,2023-01-20,0.6839999999999999,5,0.67,0.6499999999999999
SW95,2023-01-21,0.748,5,0.74,0.7150000000000001
SW95,2023-01-22,0.86,5,0.85,0.835
SW95,2023-01-23,0.97,5,0.95,0.89
SW95,2023-01-24,1.028,5,1.01,0.95
SW95,2023-01-25,0.9400000000000001,5,0.94,0.935
SW95,2023-01-26,0.8320000000000001,5,0.85,0.89
SW95,2023-01-27,0.782,5,0.77,0.74
SW95,2023-01-28,0.6599999999999999,5,0.67,0.69
SW95,2023-01-29,0.52,5,0.53,0.5650000000000001
SW95,2023-01-30,0.47400000000000003,5,0.48,0.49
SW95,2023-01-31,0.458,5,0.46,0.45
SW95,2023-02-01,0.534,5,0.53,0.52
SW95,2023-02-02,0.518,5,0.51,0.5
SW95,2023-02-03,0.5439999999999999,5,0.54,0.525
SW95,2023-02-04,0.564,5,0.56,0.5549999999999999
SW95,2023-02-05,0.67,5,0.67,0.6599999999999999
SW95,2023-02-06,0.72,5,0.73,0.755
SW95,2023-02-07,0.8140000000000001,5,0.81,0.7999999999999999
SW95,2023-02-08,0.8800000000000001,5,0.87,0.85
SW95,2023-02-09,0.906,5,0.9,0.87
SW95,2023-02-10,0.75,5,0.77,0.8049999999999999
SW95,2023-02-11,0.696,5,0.7,0.6950000000000001
SW95,2023-02-12,0.6719999999999999,5,0.69,0.72
SW95,2023-02-13,0.58,5,0.6,0.64
SW95,2023-02-14,0.466,5,0.49,0.54
SW95,2023-02-15,0.38,5,0.39,0.41500000000000004
SW95,2023-02-16,0.316,5,0.3,0.30000000000000004
SW95,2023-02-17,0.42000000000000004,5,0.41,0.375
SW95,2023-02-18,0.524,5,0.51,0.47
SW95,2023-02-19,0.7300000000000001,5,0.71,0.66
SW95,2023-02-20,0.8879999999999999,5,0.86,0.7949999999999999
SW95,2023-02-21,1.034,5,0.99,0.885
SW95,2023-02-22,1.124,5,1.11,1.06
SW95,2023-02-23,1.026,5,1.02,1.0
SW95,2023-02-24,0.748,5,0.76,0.795
SW95,2023-02-25,0.63,5,0.65,0.685
SW95,2023-02-26,0.552,5,0.55,0.56
SW95,2023-02-27,0.366,5,0.39,0.44
SW95,2023-02-28,0.284,5,0.29,0.31
SW95,2023-03-01,0.184,5,0.21,0.265
SW95,2023-03-02,0.242,5,0.24,0.235
SW95,2023-03-03,0.3,5,0.3,0.3
SW95,2023-03-04,0.41400000000000003,5,0.41,0.385
SW95,2023-03-05,0.472,5,0.46,0.425
SW95,2023-03-06,0.536,5,0.52,0.47000000000000003
SW95,2023-03-07,0.616,5,0.6,0.56
SW95,2023-03-08,0.628,5,0.62,0.6
SW95,2023-03-09,0.636,5,0.62,0.575
SW95,2023-03-10,0.656,5,0.64,0.585
SW95,2023-03-11,0.5559999999999999,5,0.56,0.585
SW95,2023-03-12,0.466,5,0.49,0.55
SW95,2023-03-13,0.42200000000000004,5,0.44,0.48500000000000004
SW95,2023-03-14,0.41200000000000003,5,0.42,0.435
SW95,2023-03-15,0.41,5,0.41,0.415
SW95,2023-03-16,0.336,5,0.35,0.385
SW95,2023-03-17,0.31,5,0.32,0.335
SW95,2023-03-18,0.42000000000000004,5,0.41,0.385
SW95,2023-03-19,0.592,5,0.57,0.515
SW95,2023-03-20,0.75,5,0.73,0.685
SW95,2023-03-21,0.914,5,0.89,0.8200000000000001
SW95,2023-03-22,1.016,5,0.99,0.91
SW95,2023-03-23,1.006,5,0.99,0.94
SW95,2023-03-24,0.9259999999999999,5,0.91,0.885
SW95,2023-03-25,0.786,5,0.8,0.825
SW95,2023-03-26,0.612,5,0.64,0.6950000000000001
SW95,2023-03-27,0.5,5,0.51,0.535
SW95,2023-03-28,0.398,5,0.42,0.465
SW95,2023-03-29,0.268,5,0.29,0.36
SW95,2023-03-30,0.246,5,0.26,0.29000000000000004
SW95,2023-03-31,0.22400000000000003,5,0.23,0.235
SW95,2023-04-01,0.346,5,0.34,0.31000000000000005
SW95,2023-04-02,0.462,5,0.45,0.42
SW95,2023-04-03,0.5780000000000001,5,0.58,0.575
SW95,2023-04-04,0.6799999999999999,5,0.66,0.61
SW95,2023-04-05,0.8140000000000001,5,0.8,0.76
SW95,2023-04-06,0.9339999999999999,5,0.91,0.86
SW95,2023-04-07,0.95,5,0.93,0.875
SW95,2023-04-08,0.914,5,0.89,0.835
SW95,2023-04-09,0.7899999999999999,5,0.79,0.7949999999999999
SW95,2023-04-10,0.66,5,0.67,0.7100000000000001
SW95,2023-04-11,0.63,5,0.64,0.675
SW95,2023-04-12,0.5640000000000001,5,0.56,0.5549999999999999
SW95,2023-04-13,0.48,5,0.5,0.555
SW95,2023-04-14,0.4779999999999999,5,0.49,0.53
SW95,2023-04-15,0.518,5,0.51,0.505
SW95,2023-04-16,0.64,5,0.62,0.585
SW95,2023-04-17,0.8300000000000001,5,0.8,0.725
SW95,2023-04-18,1.062,5,1.03,0.94
SW95,2023-04-19,1.174,5,1.16,1.11
SW95,2023-04-20,1.262,5,1.24,1.19
SW95,2023-04-21,1.3800000000000001,5,1.37,1.33
SW95,2023-04-22,1.3539999999999999,5,1.32,1.25
SW95,2023-04-23,1.216,5,1.19,1.115
SW95,2023-04-24,0.892,5,0.91,0.955
SW95,2023-04-25,0.74,5,0.76,0.8049999999999999
SW95,2023-04-26,0.654,5,0.66,0.69
SW95,2023-04-27,0.5519999999999999,5,0.57,0.62
SW95,2023-04-28,0.442,5,0.47,0.535
SW95,2023-04-29,0.48600000000000004,5,0.49,0.495
SW95,2023-04-30,0.526,5,0.53,0.53
SW95,2023-05-01,0.592,5,0.59,0.59
SW95,2023-05-02,0.738,5,0.74,0.7549999999999999
SW95,2023-05-03,0.9259999999999999,5,0.92,0.89
SW95,2023-05-04,1.01,5,1.01,1.005
SW95,2023-05-05,1.09,5,1.09,1.105
SW95,2023-05-06,1.202,5,1.2,1.19
SW95,2023-05-07,1.2120000000000002,5,1.19,1.1300000000000001
SW95,2023-05-08,1.162,5,1.13,1.065
SW95,2023-05-09,1.002,5,1.02,1.07
SW95,2023-05-10,0.96,5,0.97,1.01
SW95,2023-05-11,0.994,5,1.0,1.03
SW95,2023-05-12,1.02,5,1.02,1.03
SW95,2023-05-13,1.21,5,1.22,1.23
SW95,2023-05-14,1.278,5,1.29,1.32
SW95,2023-05-15,1.3900000000000001,5,1.4,1.44
SW95,2023-05-16,1.746,5,1.73,1.69
SW95,2023-05-17,1.7700000000000002,5,1.76,1.7349999999999999
SW95,2023-05-18,1.778,5,1.77,1.75
SW95,2023-05-19,1.72,5,1.72,1.71
SW95,2023-05-20,1.738,5,1.72,1.69
SW95,2023-05-21,1.672,5,1.65,1.605
SW95,2023-05-22,1.59,5,1.58,1.555
SW95,2023-05-23,1.4140000000000001,5,1.43,1.48
SW95,2023-05-24,1.3039999999999998,5,1.33,1.38
SW95,2023-05-25,1.278,5,1.29,1.335
SW95,2023-05-26,1.266,5,1.28,1.3
SW95,2023-05-27,1.236,5,1.25,1.27
SW95,2023-05-28,1.19,5,1.2,1.23
SW95,2023-05-29,1.1400000000000001,5,1.14,1.14
SW95,2023-05-30,1.158,5,1.16,1.165
SW95,2023-05-31,1.224,5,1.21,1.18
SW95,2023-06-01,1.4300000000000002,5,1.41,1.365
SW95,2023-06-02,1.6059999999999999,5,1.57,1.49
SW95,2023-06-03,1.652,5,1.65,1.63
SW95,2023-06-04,1.7,5,1.71,1.73
SW95,2023-06-05,1.7700000000000002,5,1.76,1.73
SW95,2023-06-06,1.738,5,1.71,1.6349999999999998
SW95,2023-06-07,1.546,5,1.56,1.58
SW95,2023-06-08,1.4060000000000001,5,1.43,1.505
SW95,2023-06-09,1.3599999999999999,5,1.38,1.44
SW95,2023-06-10,1.3960000000000001,5,1.41,1.43
SW95,2023-06-11,1.456,5,1.46,1.4649999999999999
SW95,2023-06-12,1.6039999999999999,5,1.59,1.565
SW95,2023-06-13,1.636,5,1.64,1.655
SW95,2023-06-14,1.7559999999999998,5,1.74,1.7000000000000002
SW95,2023-06-15,1.8820000000000001,5,1.88,1.88
SW95,2023-06-16,1.9760000000000002,5,1.97,1.95
SW95,2023-06-17,2.0460000000000003,5,2.05,2.0549999999999997
SW95,2023-06-18,2.152,5,2.15,2.16
SW95,2023-06-19,2.338,5,2.35,2.365
SW95,2023-06-20,2.582,5,2.57,2.545
SW95,2023-06-21,2.726,5,2.73,2.755
SW95,2023-06-22,2.802,5,2.81,2.83
SW95,2023-06-23,2.87,5,2.88,2.9
SW95,2023-06-24,2.9240000000000004,5,2.93,2.96
SW95,2023-06-25,2.938,5,2.95,2.9699999999999998
SW95,2023-06-26,2.916,5,2.92,2.9450000000000003
SW95,2023-06-27,2.9299999999999997,5,2.93,2.9299999999999997
SW95,2023-06-28,2.884,5,2.88,2.87
SW95,2023-06-29,2.808,5,2.81,2.82
SW95,2023-06-30,2.758,5,2.76,2.77
SW95,2023-07-01,2.7600000000000002,5,2.76,2.77
SW95,2023-07-02,2.762,5,2.78,2.815
SW95,2023-07-03,2.804,5,2.81,2.8200000000000003
SW95,2023-07-04,2.88,5,2.88,2.895
SW95,2023-07-05,3.018,5,3.02,3.02
SW95,2023-07-06,3.2439999999999998,5,3.23,3.18
SW95,2023-07-07,3.176,5,3.2,3.27
SW95,2023-07-08,3.148,5,3.16,3.1950000000000003
SW95,2023-07-09,3.09,5,3.1,3.13
SW95,2023-07-10,3.018,5,3.03,3.045
SW95,2023-07-11,3.018,5,3.02,3.01
SW95,2023-07-12,3.042,5,3.04,3.03
SW95,2023-07-13,3.128,5,3.13,3.145
SW95,2023-07-14,3.184,5,3.19,3.2
SW95,2023-07-15,3.28,5,3.29,3.305
SW95,2023-07-16,3.406,5,3.4,3.395
SW95,2023-07-17,3.3839999999999995,5,3.38,3.38
SW95,2023-07-18,3.406,5,3.41,3.41
SW95,2023-07-19,3.44,5,3.44,3.455
SW95,2023-07-20,3.3840000000000003,5,3.38,3.38
SW95,2023-07-21,3.376,5,3.38,3.38
SW95,2023-07-22,3.3240000000000003,5,3.33,3.335
SW95,2023-07-23,3.258,5,3.27,3.29
SW95,2023-07-24,3.178,5,3.19,3.2350000000000003
SW95,2023-07-25,3.084,5,3.11,3.16
SW95,2023-07-26,3.156,5,3.15,3.135
SW95,2023-07-27,3.088,5,3.09,3.1100000000000003
SW95,2023-07-28,3.0,5,3.0,3.01
SW95,2023-07-29,2.996,5,2.99,2.97
SW95,2023-07-30,3.006,5,3.0,2.9850000000000003
SW95,2023-07-31,3.038,5,3.04,3.04
SW95,2023-08-01,3.136,5,3.15,3.2
SW95,2023-08-02,3.406,5,3.41,3.415
SW95,2023-08-03,3.4299999999999997,5,3.42,3.385
SW95,2023-08-04,3.382,5,3.38,3.3600000000000003
SW95,2023-08-05,3.222,5,3.24,3.295
SW95,2023-08-06,3.22,5,3.25,3.31
SW95,2023-08-07,3.2380000000000004,5,3.26,3.315
SW95,2023-08-08,3.118,5,3.14,3.185
SW95,2023-08-09,3.084,5,3.09,3.1
SW95,2023-08-10,3.044,5,3.05,3.075
SW95,2023-08-11,3.0620000000000003,5,3.06,3.0549999999999997
SW95,2023-08-12,3.1439999999999997,5,3.16,3.185
SW95,2023-08-13,3.1919999999999997,5,3.19,3.2
SW95,2023-08-14,3.226,5,3.23,3.245
SW95,2023-08-15,3.282,5,3.28,3.29
SW95,2023-08-16,3.3280000000000003,5,3.33,3.325
SW95,2023-08-17,3.418,5,3.41,3.385
SW95,2023-08-18,3.5780000000000003,5,3.57,3.535
SW95,2023-08-19,3.6,5,3.6,3.585
SW95,2023-08-20,3.428,5,3.45,3.49
SW95,2023-08-21,3.322,5,3.34,3.385
SW95,2023-08-22,3.3,5,3.32,3.355
SW95,2023-08-23,3.2700000000000005,5,3.28,3.3
SW95,2023-08-24,3.1799999999999997,5,3.19,3.2300000000000004
SW95,2023-08-25,3.132,5,3.13,3.12
SW95,2023-08-26,3.07,5,3.07,3.075
SW95,2023-08-27,3.082,5,3.08,3.0599999999999996
SW95,2023-08-28,3.196,5,3.2,3.2199999999999998
SW95,2023-08-29,3.258,5,3.28,3.325
SW95,2023-08-30,3.3619999999999997,5,3.37,3.395
SW95,2023-08-31,3.53,5,3.53,3.52
SW95,2023-09-01,3.664,5,3.65,3.63
SW95,2023-09-02,3.728,5,3.71,3.66
SW95,2023-09-03,3.59,5,3.61,3.66
SW95,2023-09-04,3.596,5,3.62,3.6849999999999996
SW95,2023-09-05,3.5379999999999994,5,3.56,3.605
SW95,2023-09-06,3.46,5,3.46,3.475
SW95,2023-09-07,3.364,5,3.38,3.4050000000000002
SW95,2023-09-08,3.2620000000000005,5,3.27,3.3049999999999997
SW95,2023-09-09,3.016,5,3.02,3.035
SW95,2023-09-10,2.918,5,2.92,2.925
SW95,2023-09-11,2.8579999999999997,5,2.86,2.87
SW95,2023-09-12,2.816,5,2.82,2.82
SW95,2023-09-13,2.916,5,2.92,2.9450000000000003
SW95,2023-09-14,3.028,5,3.02,3.01
SW95,2023-09-15,2.9939999999999998,5,2.98,2.935
SW95,2023-09-16,2.9299999999999997,5,2.91,2.87
SW95,2023-09-17,2.7760000000000002,5,2.77,2.76
SW95,2023-09-18,2.806,5,2.79,2.745
SW95,2023-09-19,2.786,5,2.79,2.79
SW95,2023-09-20,2.918,5,2.93,2.95
SW95,2023-09-21,2.814,5,2.84,2.89
SW95,2023-09-22,2.68,5,2.69,2.725
SW95,2023-09-23,2.552,5,2.56,2.585
SW95,2023-09-24,2.484,5,2.49,2.495
SW95,2023-09-25,2.516,5,2.52,2.5149999999999997
SW95,2023-09-26,2.6100000000000003,5,2.61,2.605
SW95,2023-09-27,2.758,5,2.77,2.785
SW95,2023-09-28,2.882,5,2.88,2.87
SW95,2023-09-29,3.012,5,3.01,3.01
SW95,2023-09-30,3.252,5,3.24,3.215
SW95,2023-10-01,3.438,5,3.42,3.385
SW95,2023-10-02,3.4159999999999995,5,3.42,3.42
SW95,2023-10-03,3.47,5,3.45,3.4050000000000002
SW95,2023-10-04,3.2700000000000005,5,3.29,3.355
SW95,2023-10-05,3.226,5,3.25,3.31
SW95,2023-10-06,3.168,5,3.18,3.1950000000000003
SW95,2023-10-07,3.0940000000000003,5,3.1,3.12
SW95,2023-10-08,2.996,5,3.02,3.065
SW95,2023-10-09,2.946,5,2.95,2.945
SW95,2023-10-10,2.934,5,2.93,2.935
SW95,2023-10-11,2.9699999999999998,5,2.96,2.95
SW95,2023-10-12,3.022,5,3.01,2.9699999999999998
SW95,2023-10-13,3.07,5,3.06,3.02
SW95,2023-10-14,3.102,5,3.08,3.04
SW95,2023-10-15,3.114,5,3.09,3.035
SW95,2023-10-16,3.074,5,3.06,3.02
SW95,2023-10-17,3.034,5,3.02,2.99
SW95,2023-10-18,2.93,5,2.93,2.9299999999999997
SW95,2023-10-19,2.816,5,2.83,2.85
SW95,2023-10-20,2.636,5,2.65,2.685
SW95,2023-10-21,2.48,5,2.48,2.495
SW95,2023-10-22,2.378,5,2.38,2.375
SW95,2023-10-23,2.2920000000000003,5,2.3,2.3200000000000003
SW95,2023-10-24,2.3280000000000003,5,2.32,2.3049999999999997
SW95,2023-10-25,2.3,5,2.3,2.295
SW95,2023-10-26,2.332,5,2.32,2.3
SW95,2023-10-27,2.298,5,2.29,2.27
SW95,2023-10-28,2.3120000000000003,5,2.29,2.25
SW95,2023-10-29,2.286,5,2.27,2.23
SW95,2023-10-30,2.2600000000000002,5,2.24,2.2
SW95,2023-10-31,2.2,5,2.2,2.205
SW95,2023-11-01,2.144,5,2.14,2.13
SW95,2023-11-02,2.008,5,2.02,2.05
SW95,2023-11-03,1.972,5,1.98,1.9899999999999998
SW95,2023-11-04,1.8679999999999999,5,1.87,1.8900000000000001
SW95,2023-11-05,1.6960000000000002,5,1.71,1.73
SW95,2023-11-06,1.546,5,1.56,1.58
SW95,2023-11-07,1.482,5,1.48,1.48
SW95,2023-11-08,1.498,5,1.5,1.495
SW95,2023-11-09,1.5699999999999998,5,1.56,1.535
SW95,2023-11-10,1.596,5,1.58,1.5550000000000002
SW95,2023-11-11,1.6600000000000001,5,1.65,1.615
SW95,2023-11-12,1.7420000000000002,5,1.73,1.71
SW95,2023-11-13,1.8,5,1.79,1.75
SW95,2023-11-14,1.812,5,1.81,1.8050000000000002
SW95,2023-11-15,1.796,5,1.79,1.775
SW95,2023-11-16,1.8079999999999998,5,1.8,1.79
SW95,2023-11-17,2.124,5,2.12,2.125
SW95,2023-11-18,1.3599999999999999,5,1.36,1.375
SW95,2023-11-19,1.198,5,1.21,1.25
SW95,2023-11-20,1.114,5,1.14,1.19
SW95,2023-11-21,1.028,5,1.04,1.0750000000000002
SW95,2023-11-22,0.966,5,0.98,1.01
SW95,2023-11-23,0.9720000000000001,5,0.97,0.965
SW95,2023-11-24,1.052,5,1.06,1.065
SW95,2023-11-25,1.126,5,1.11,1.075
SW95,2023-11-26,1.1800000000000002,5,1.17,1.135
SW95,2023-11-27,1.186,5,1.18,1.155
SW95,2023-11-28,1.19,5,1.19,1.1800000000000002
SW95,2023-11-29,1.154,5,1.16,1.175
SW95,2023-11-30,1.076,5,1.09,1.1400000000000001
SW95,2023-12-01,0.998,5,1.02,1.06
SW95,2023-12-02,0.908,5,0.93,1.0
SW95,2023-12-03,0.796,5,0.82,0.875
SW95,2023-12-04,0.722,5,0.74,0.8
SW95,2023-12-05,0.556,5,0.57,0.615
SW95,2023-12-06,0.40199999999999997,5,0.41,0.445
SW95,2023-12-07,0.386,5,0.4,0.42
SW95,2023-12-08,0.51,5,0.51,0.5
SW95,2023-12-09,0.524,5,0.52,0.525
SW95,2023-12-10,0.5980000000000001,5,0.59,0.57
SW95,2023-12-11,0.64,5,0.63,0.605
SW95,2023-12-12,0.682,5,0.67,0.64
SW95,2023-12-13,0.77,5,0.76,0.72
SW95,2023-12-14,0.808,5,0.79,0.745
SW95,2023-12-15,0.772,5,0.76,0.7150000000000001
SW95,2023-12-16,0.6599999999999999,5,0.67,0.685
SW95,2023-12-17,0.6559999999999999,5,0.67,0.6950000000000001
SW95,2023-12-18,0.588,5,0.6,0.645
SW95,2023-12-19,0.47400000000000003,5,0.5,0.56
SW95,2023-12-20,0.372,5,0.39,0.42000000000000004
SW95,2023-12-21,0.404,5,0.41,0.41500000000000004
SW95,2023-12-22,0.434,5,0.43,0.41000000000000003
SW95,2023-12-23,0.526,5,0.52,0.49
SW95,2023-12-24,0.546,5,0.54,0.54
SW95,2023-12-25,0.64,5,0.63,0.61
SW95,2023-12-26,0.7140000000000001,5,0.7,0.655
SW95,2023-12-27,0.738,5,0.72,0.675
SW95,2023-12-28,0.736,5,0.71,0.66
SW95,2023-12-29,0.65,5,0.65,0.65
SW95,2023-12-30,0.514,5,0.53,0.585
SW95,2023-12-31,0.462,5,0.48,0.54
SW95,2024-01-01,0.398,5,0.42,0.46
SW95,2024-01-02,0.33999999999999997,5,0.36,0.395
SW95,2024-01-03,0.268,5,0.29,0.33999999999999997
SW95,2024-01-04,0.25,5,0.27,0.31
SW95,2024-01-05,0.24,5,0.25,0.27
SW95,2024-01-06,0.20400000000000001,5,0.21,0.235
SW95,2024-01-07,0.258,5,0.25,0.24000000000000002
SW95,2024-01-08,0.16999999999999998,5,0.17,0.175
SW95,2024-01-09,0.266,5,0.26,0.24000000000000002
SW95,2024-01-10,0.28600000000000003,5,0.26,0.2
SW95,2024-01-11,0.376,5,0.36,0.31
SW95,2024-01-12,0.42400000000000004,5,0.41,0.375
SW95,2024-01-13,0.43,5,0.43,0.42500000000000004
SW95,2024-01-14,0.45,5,0.45,0.45
SW95,2024-01-15,0.502,5,0.49,0.475
SW95,2024-01-16,0.4,5,0.41,0.425
SW95,2024-01-17,0.31199999999999994,5,0.33,0.375
SW95,2024-01-18,0.22199999999999998,5,0.23,0.235
SW95,2024-01-19,0.124,5,0.14,0.17
SW95,2024-01-20,0.074,5,0.07,0.05
SW95,2024-01-21,0.088,5,0.08,0.07
SW95,2024-01-22,0.13999999999999999,5,0.13,0.1
SW95,2024-01-23,0.20400000000000001,5,0.19,0.15999999999999998
SW95,2024-01-24,0.32599999999999996,5,0.31,0.26
SW95,2024-01-25,0.32599999999999996,5,0.31,0.28
SW95,2024-01-26,0.346,5,0.34,0.31
SW95,2024-01-27,0.33799999999999997,5,0.33,0.31
SW95,2024-01-28,0.27199999999999996,5,0.29,0.32
SW95,2024-01-29,0.24,5,0.24,0.24999999999999997
SW95,2024-01-30,0.238,5,0.24,0.25
SW95,2024-01-31,0.22600000000000003,5,0.24,0.265
SW95,2024-02-01,0.21600000000000003,5,0.23,0.25
SW95,2024-02-02,0.196,5,0.21,0.23500000000000004
SW95,2024-02-03,0.128,5,0.14,0.175
SW95,2024-02-04,0.033999999999999996,5,0.05,0.09999999999999999
SW95,2024-02-05,-0.038000000000000006,5,-0.03,-0.024999999999999994
SW95,2024-02-06,0.025999999999999995,5,0.02,-0.0050000000000000044
SW95,2024-02-07,0.05600000000000001,5,0.05,0.03499999999999999
SW95,2024-02-08,0.152,5,0.13,0.08499999999999999
SW95,2024-02-09,0.242,5,0.22,0.15000000000000002
SW95,2024-02-10,0.172,5,0.18,0.21499999999999997
SW95,2024-02-11,0.34199999999999997,5,0.33,0.285
SW95,2024-02-12,0.41000000000000003,5,0.41,0.425
SW95,2024-02-13,0.404,5,0.41,0.415
SW95,2024-02-14,0.254,5,0.27,0.31999999999999995
SW95,2024-02-15,0.174,5,0.19,0.235
SW95,2024-02-16,0.044,5,0.07,0.135
SW95,2024-02-17,-0.08,5,-0.06,-0.009999999999999981
SW95,2024-02-18,-0.088,5,-0.08,-0.06
SW95,2024-02-19,-0.14,5,-0.14,-0.15000000000000002
SW95,2024-02-20,-0.072,5,-0.09,-0.13
SW95,2024-02-21,0.088,5,0.07,0.024999999999999994
SW95,2024-02-22,0.202,5,0.19,0.15
SW95,2024-02-23,0.302,5,0.29,0.26
SW95,2024-02-24,0.32999999999999996,5,0.32,0.28
SW95,2024-02-25,0.272,5,0.26,0.23500000000000001
SW95,2024-02-26,0.23600000000000004,5,0.23,0.19999999999999998
SW95,2024-02-27,0.198,5,0.18,0.15000000000000002
SW95,2024-02-28,0.194,5,0.19,0.18999999999999997
SW95,2024-02-29,0.172,5,0.17,0.18000000000000002
SW95,2024-03-01,0.086,5,0.1,0.15
SW95,2024-03-02,0.02200000000000001,5,0.04,0.1
SW95,2024-03-03,-0.038,5,-0.01,0.065
SW95,2024-03-04,-0.16,5,-0.13,-0.04999999999999999
SW95,2024-03-05,-0.20400000000000001,5,-0.19,-0.15999999999999998
SW95,2024-03-06,-0.16799999999999998,5,-0.17,-0.19
SW95,2024-03-07,-0.098,5,-0.11,-0.14
SW95,2024-03-08,0.020000000000000007,5,0.0,-0.035
SW95,2024-03-09,0.2,5,0.18,0.13
SW95,2024-03-10,0.42000000000000004,5,0.4,0.335
SW95,2024-03-11,0.518,5,0.47,0.355
SW95,2024-03-12,0.5660000000000001,5,0.54,0.475
SW95,2024-03-13,0.5740000000000001,5,0.56,0.525
SW95,2024-03-14,0.44000000000000006,5,0.46,0.495
SW95,2024-03-15,0.34199999999999997,5,0.36,0.405
SW95,2024-03-16,0.20400000000000001,5,0.23,0.295
SW95,2024-03-17,-0.0040000000000000036,5,0.03,0.11000000000000001
SW95,2024-03-18,-0.138,5,-0.12,-0.08000000000000002
SW95,2024-03-19,-0.174,5,-0.18,-0.19
SW95,2024-03-20,-0.10800000000000001,5,-0.11,-0.125
SW95,2024-03-21,-0.028000000000000004,5,-0.04,-0.08
SW95,2024-03-22,0.21600000000000003,5,0.2,0.16499999999999998
SW95,2024-03-23,0.32,5,0.3,0.25
SW95,2024-03-24,0.488,5,0.47,0.41500000000000004
SW95,2024-03-25,0.546,5,0.52,0.44499999999999995
SW95,2024-03-26,0.594,5,0.56,0.48
SW95,2024-03-27,0.6060000000000001,5,0.58,0.525
SW95,2024-03-28,0.61,5,0.6,0.57
SW95,2024-03-29,0.488,5,0.5,0.53
SW95,2024-03-30,0.41600000000000004,5,0.44,0.495
SW95,2024-03-31,0.4,5,0.42,0.47
SW95,2024-04-01,0.43,5,0.45,0.48500000000000004
SW95,2024-04-02,0.378,5,0.4,0.45499999999999996
SW95,2024-04-03,0.33399999999999996,5,0.35,0.405
SW95,2024-04-04,0.32599999999999996,5,0.32,0.29500000000000004
SW95,2024-04-05,0.458,5,0.45,0.43
SW95,2024-04-06,0.64,5,0.62,0.565
SW95,2024-04-07,0.78,5,0.75,0.68
SW95,2024-04-08,0.826,5,0.81,0.76
SW95,2024-04-09,0.874,5,0.85,0.79
SW95,2024-04-10,0.908,5,0.88,0.8250000000000001
SW95,2024-04-11,0.834,5,0.83,0.8300000000000001
SW95,2024-04-12,0.5740000000000001,5,0.6,0.67
SW95,2024-04-13,0.476,5,0.51,0.5800000000000001
SW95,2024-04-14,0.402,5,0.43,0.49
SW95,2024-04-15,0.252,5,0.27,0.32999999999999996
SW95,2024-04-16,0.23199999999999998,5,0.24,0.27
SW95,2024-04-17,0.33799999999999997,5,0.33,0.31
SW95,2024-04-18,0.502,5,0.5,0.495
SW95,2024-04-19,0.618,5,0.61,0.6000000000000001
SW95,2024-04-20,0.772,5,0.76,0.7200000000000001
SW95,2024-04-21,0.8939999999999999,5,0.87,0.8200000000000001
SW95,2024-04-22,0.95,5,0.93,0.88
SW95,2024-04-23,0.9280000000000002,5,0.92,0.89
SW95,2024-04-24,0.944,5,0.93,0.9
SW95,2024-04-25,1.018,5,1.0,0.95
SW95,2024-04-26,1.028,5,1.01,0.95
SW95,2024-04-27,0.986,5,0.98,0.9550000000000001
SW95,2024-04-28,0.818,5,0.84,0.895
SW95,2024-04-29,0.7459999999999999,5,0.77,0.82
SW95,2024-04-30,0.732,5,0.74,0.775
SW95,2024-05-01,0.788,5,0.81,0.8699999999999999
SW95,2024-05-02,0.8699999999999999,5,0.87,0.8799999999999999
SW95,2024-05-03,0.8939999999999999,5,0.9,0.9099999999999999
SW95,2024-05-04,0.9620000000000001,5,0.95,0.9199999999999999
SW95,2024-05-05,1.122,5,1.11,1.075
SW95,2024-05-06,1.3299999999999998,5,1.31,1.27
SW95,2024-05-07,1.364,5,1.35,1.31
SW95,2024-05-08,1.256,5,1.25,1.23
SW95,2024-05-09,1.25,5,1.23,1.19
SW95,2024-05-10,1.4300000000000002,5,1.4,1.315
SW95,2024-05-11,1.28,5,1.29,1.33
SW95,2024-05-12,1.19,5,1.21,1.275
SW95,2024-05-13,1.084,5,1.09,1.095
SW95,2024-05-14,0.966,5,0.97,0.99
SW95,2024-05-15,0.8619999999999999,5,0.88,0.91
SW95,2024-05-16,0.78,5,0.79,0.8200000000000001
SW95,2024-05-17,0.772,5,0.77,0.775
SW95,2024-05-18,0.882,5,0.87,0.855
SW95,2024-05-19,1.046,5,1.06,1.08
SW95,2024-05-20,1.182,5,1.17,1.15
SW95,2024-05-21,1.224,5,1.23,1.24
SW95,2024-05-22,1.282,5,1.28,1.28
SW95,2024-05-23,1.3519999999999999,5,1.36,1.365
SW95,2024-05-24,1.474,5,1.47,1.47
SW95,2024-05-25,1.636,5,1.62,1.595
SW95,2024-05-26,1.884,5,1.86,1.8
SW95,2024-05-27,2.772,5,2.8,2.87
SW95,2024-05-28,2.166,5,2.18,2.21
SW95,2024-05-29,1.7,5,1.71,1.745
SW95,2024-05-30,1.492,5,1.51,1.545
SW95,2024-05-31,1.384,5,1.39,1.395
SW95,2024-06-01,1.344,5,1.35,1.37
SW95,2024-06-02,1.4,5,1.41,1.42
SW95,2024-06-03,1.588,5,1.59,1.585
SW95,2024-06-04,1.81,5,1.8,1.77
SW95,2024-06-05,1.98,5,1.99,2.005
SW95,2024-06-06,2.028,5,2.04,2.06
SW95,2024-06-07,2.114,5,2.12,2.12
SW95,2024-06-08,2.3280000000000003,5,2.32,2.31
SW95,2024-06-09,2.284,5,2.29,2.295
SW95,2024-06-10,2.154,5,2.18,2.23
SW95,2024-06-11,2.084,5,2.1,2.1500000000000004
SW95,2024-06-12,2.02,5,2.04,2.095
SW95,2024-06-13,2.0759999999999996,5,2.07,2.055
SW95,2024-06-14,2.0420000000000003,5,2.05,2.055
SW95,2024-06-15,2.1060000000000003,5,2.09,2.055
SW95,2024-06-16,2.118,5,2.1,2.045
SW95,2024-06-17,2.174,5,2.17,2.145
SW95,2024-06-18,2.304,5,2.3,2.29
SW95,2024-06-19,2.4880000000000004,5,2.48,2.4699999999999998
SW95,2024-06-20,2.692,5,2.69,2.7
SW95,2024-06-21,2.77,5,2.77,2.77
SW95,2024-06-22,2.864,5,2.86,2.8600000000000003
SW95,2024-06-23,2.904,5,2.9,2.88
SW95,2024-06-24,2.848,5,2.84,2.825
SW95,2024-06-25,2.7299999999999995,5,2.74,2.77
SW95,2024-06-26,2.668,5,2.68,2.71
SW95,2024-06-27,2.746,5,2.75,2.755
SW95,2024-06-28,2.8880000000000003,5,2.89,2.88
SW95,2024-06-29,2.924,5,2.93,2.95
SW95,2024-06-30,2.914,5,2.92,2.9450000000000003
SW95,2024-07-01,2.902,5,2.91,2.915
SW95,2024-07-02,2.8579999999999997,5,2.85,2.8449999999999998
SW95,2024-07-03,3.002,5,3.0,2.99
SW95,2024-07-04,3.228,5,3.23,3.2199999999999998
SW95,2024-07-05,3.338,5,3.34,3.34
SW95,2024-07-06,3.3920000000000003,5,3.4,3.41
SW95,2024-07-07,3.3979999999999997,5,3.4,3.4
SW95,2024-07-08,3.3480000000000003,5,3.36,3.38
SW95,2024-07-09,3.3020000000000005,5,3.31,3.34
SW95,2024-07-10,3.29,5,3.3,3.3099999999999996
SW95,2024-07-11,3.316,5,3.32,3.33
SW95,2024-07-12,3.378,5,3.39,3.42
SW95,2024-07-13,3.314,5,3.33,3.375
SW95,2024-07-14,3.3,5,3.31,3.34
SW95,2024-07-15,3.364,5,3.36,3.355
SW95,2024-07-16,3.368,5,3.37,3.3600000000000003
SW95,2024-07-17,3.3280000000000003,5,3.33,3.33
SW95,2024-07-18,3.312,5,3.32,3.33
SW95,2024-07-19,3.406,5,3.41,3.415
SW95,2024-07-20,3.476,5,3.48,3.4749999999999996
SW95,2024-07-21,3.4899999999999998,5,3.49,3.4850000000000003
SW95,2024-07-22,3.5,5,3.5,3.49
SW95,2024-07-23,3.5140000000000002,5,3.51,3.505
SW95,2024-07-24,3.402,5,3.41,3.4299999999999997
SW95,2024-07-25,3.2520000000000002,5,3.28,3.35
SW95,2024-07-26,3.276,5,3.29,3.335
SW95,2024-07-27,3.2979999999999996,5,3.31,3.335
SW95,2024-07-28,3.218,5,3.23,3.2750000000000004
SW95,2024-07-29,3.122,5,3.13,3.16
SW95,2024-07-30,2.914,5,2.92,2.935
SW95,2024-08-01,2.976,5,2.98,3.005
SW95,2024-08-02,3.034,5,3.04,3.05
SW95,2024-08-03,3.07,5,3.07,3.0700000000000003
SW95,2024-08-04,3.034,5,3.03,3.005
SW95,2024-08-05,3.044,5,3.03,3.0
SW95,2024-08-06,3.002,5,2.98,2.93
SW95,2024-08-07,2.964,5,2.96,2.965
SW95,2024-08-08,2.93,5,2.95,3.01
SW95,2024-08-09,2.9699999999999998,5,2.99,3.045
SW95,2024-08-10,2.97,5,2.99,3.0250000000000004
SW95,2024-08-11,2.942,5,2.95,2.975
SW95,2024-08-12,2.898,5,2.91,2.925
SW95,2024-08-13,2.88,5,2.88,2.8899999999999997
SW95,2024-08-14,2.862,5,2.86,2.8499999999999996
SW95,2024-08-15,2.87,5,2.87,2.885
SW95,2024-08-16,2.912,5,2.91,2.91
SW95,2024-08-17,2.974,5,2.97,2.955
SW95,2024-08-18,3.112,5,3.12,3.1399999999999997
SW95,2024-08-19,3.248,5,3.26,3.2750000000000004
SW95,2024-08-20,3.338,5,3.33,3.31
SW95,2024-08-21,3.4240000000000004,5,3.41,3.365
SW95,2024-08-22,3.414,5,3.4,3.35
SW95,2024-08-23,3.318,5,3.33,3.345
SW95,2024-08-24,3.2619999999999996,5,3.29,3.355
SW95,2024-08-25,3.224,5,3.26,3.35
SW95,2024-08-26,3.16,5,3.18,3.235
SW95,2024-08-27,2.9979999999999998,5,3.02,3.065
SW95,2024-08-28,2.884,5,2.91,2.965
SW95,2024-08-29,2.834,5,2.84,2.85
SW95,2024-08-30,2.8240000000000003,5,2.82,2.825
SW95,2024-08-31,2.9259999999999997,5,2.92,2.92
SW95,2024-09-01,2.976,5,2.98,2.995
SW95,2024-09-02,2.98,5,2.99,3.0
SW95,2024-09-03,3.0100000000000002,5,3.0,2.98
SW95,2024-09-04,2.988,5,2.97,2.94
SW95,2024-09-05,2.976,5,2.96,2.935
SW95,2024-09-06,2.926,5,2.92,2.915
SW95,2024-09-07,2.896,5,2.91,2.95
SW95,2024-09-08,2.88,5,2.9,2.95
SW95,2024-09-09,2.8939999999999997,5,2.92,2.9699999999999998
SW95,2024-09-10,2.8259999999999996,5,2.85,2.9050000000000002
SW95,2024-09-11,2.696,5,2.73,2.825
SW95,2024-09-12,2.504,5,2.52,2.5700000000000003
SW95,2024-09-13,2.19,5,2.19,2.175
SW95,2024-09-14,2.398,5,2.4,2.39
SW95,2024-09-15,2.918,5,2.91,2.895
SW95,2024-09-16,2.958,5,2.95,2.935
SW95,2024-09-17,2.82,5,2.8,2.76
SW95,2024-09-18,2.8240000000000003,5,2.81,2.79
SW95,2024-09-19,2.886,5,2.86,2.8
SW95,2024-09-20,2.908,5,2.9,2.87
SW95,2024-09-21,2.834,5,2.84,2.865
SW95,2024-09-22,2.684,5,2.71,2.7800000000000002
SW95,2024-09-23,2.646,5,2.66,2.7
SW95,2024-09-24,2.68,5,2.68,2.685
SW95,2024-09-25,2.7800000000000002,5,2.78,2.775
SW95,2024-09-26,2.7359999999999998,5,2.74,2.745
SW95,2024-09-27,2.662,5,2.66,2.67
SW95,2024-09-28,2.6559999999999997,5,2.65,2.635
SW95,2024-09-29,2.662,5,2.66,2.6500000000000004
SW95,2024-09-30,2.702,5,2.69,2.675
SW95,2024-10-01,2.786,5,2.78,2.75
SW95,2024-10-02,2.836,5,2.82,2.775
SW95,2024-10-03,2.912,5,2.9,2.855
SW95,2024-10-04,3.068,5,3.04,2.955
SW95,2024-10-05,3.1399999999999997,5,3.12,3.075
SW95,2024-10-06,3.0780000000000003,5,3.07,3.06
SW95,2024-10-07,2.896,5,2.91,2.94
SW95,2024-10-08,2.81,5,2.82,2.8600000000000003
SW95,2024-10-09,2.776,5,2.78,2.785
SW95,2024-10-10,2.746,5,2.74,2.7199999999999998
SW95,2024-10-11,2.712,5,2.71,2.715
SW95,2024-10-12,2.706,5,2.71,2.705
SW95,2024-10-13,2.698,5,2.69,2.67
SW95,2024-10-14,2.728,5,2.71,2.675
SW95,2024-10-15,2.748,5,2.74,2.71
SW95,2024-10-16,2.816,5,2.8,2.745
SW95,2024-10-17,2.8920000000000003,5,2.88,2.8600000000000003
SW95,2024-10-18,3.0300000000000002,5,3.01,2.95
SW95,2024-10-19,2.996,5,2.98,2.935
SW95,2024-10-20,2.85,5,2.84,2.825
SW95,2024-10-21,2.6740000000000004,5,2.69,2.73
SW95,2024-10-22,2.42,5,2.45,2.535
SW95,2024-10-23,2.338,5,2.36,2.41
SW95,2024-10-24,2.41,5,2.4,2.37
SW95,2024-10-25,2.438,5,2.44,2.44
SW95,2024-10-26,2.334,5,2.33,2.325
SW95,2024-10-27,2.164,5,2.16,2.145
SW95,2024-10-28,2.086,5,2.08,2.06
SW95,2024-10-29,2.0260000000000002,5,2.02,2.01
SW95,2024-10-30,2.086,5,2.07,2.035
SW95,2024-10-31,2.1719999999999997,5,2.15,2.105
SW95,2024-11-01,2.19,5,2.17,2.11
SW95,2024-11-02,2.274,5,2.26,2.215
SW95,2024-11-03,2.158,5,2.13,2.045
SW95,2024-11-04,2.066,5,2.06,2.0300000000000002
SW95,2024-11-05,2.0,5,1.99,1.975
SW95,2024-11-06,1.8699999999999999,5,1.88,1.89
SW95,2024-11-07,1.846,5,1.86,1.9000000000000001
SW95,2024-11-08,1.748,5,1.75,1.7600000000000002
SW95,2024-11-09,1.6620000000000001,5,1.68,1.715
SW95,2024-11-10,1.61,5,1.62,1.63
SW95,2024-11-11,1.6,5,1.6,1.6
SW95,2024-11-12,1.6199999999999999,5,1.61,1.58
SW95,2024-11-13,1.6920000000000002,5,1.68,1.665
SW95,2024-11-14,1.72,5,1.71,1.6949999999999998
SW95,2024-11-15,1.8039999999999998,5,1.79,1.7400000000000002
SW95,2024-11-16,1.864,5,1.84,1.7799999999999998
SW95,2024-11-17,1.8359999999999999,5,1.81,1.73
SW95,2024-11-18,1.75,5,1.73,1.6800000000000002
SW95,2024-11-19,1.634,5,1.64,1.665
SW95,2024-11-20,1.516,5,1.54,1.5999999999999999
SW95,2024-11-21,1.424,5,1.44,1.485
SW95,2024-11-22,1.3459999999999999,5,1.36,1.385
SW95,2024-11-23,1.234,5,1.26,1.31
SW95,2024-11-24,1.1179999999999999,5,1.14,1.19
SW95,2024-11-25,1.064,5,1.07,1.08
SW95,2024-11-26,1.084,5,1.08,1.07
SW95,2024-11-27,1.1199999999999999,5,1.12,1.11
SW95,2024-11-28,1.182,5,1.17,1.155
SW95,2024-11-29,1.262,5,1.24,1.2
SW95,2024-11-30,1.3719999999999999,5,1.36,1.3199999999999998
SW95,2024-12-01,1.44,5,1.41,1.3399999999999999
SW95,2024-12-02,1.524,5,1.48,1.38
SW95,2024-12-03,1.484,5,1.46,1.405
SW95,2024-12-04,1.4300000000000002,5,1.43,1.4300000000000002
SW95,2024-12-05,1.4140000000000001,5,1.41,1.395
SW95,2024-12-06,1.316,5,1.33,1.3599999999999999
SW95,2024-12-07,1.1800000000000002,5,1.19,1.23
SW95,2024-12-08,1.1099999999999999,5,1.14,1.205
SW95,2024-12-09,1.0879999999999999,5,1.1,1.13
SW95,2024-12-10,1.114,5,1.12,1.125
SW95,2024-12-11,1.078,5,1.09,1.105
SW95,2024-12-12,1.03,5,1.01,0.975
SW95,2024-12-13,1.17,5,1.16,1.15
SW95,2024-12-14,1.264,5,1.24,1.185
SW95,2024-12-15,1.3359999999999999,5,1.31,1.255
SW95,2024-12-16,1.3780000000000001,5,1.35,1.2650000000000001
SW95,2024-12-17,1.384,5,1.37,1.34
SW95,2024-12-18,1.33,5,1.34,1.37
SW95,2024-12-19,1.318,5,1.33,1.35
SW95,2024-12-20,1.25,5,1.27,1.3199999999999998
SW95,2024-12-21,1.126,5,1.14,1.1800000000000002
SW95,2024-12-22,0.992,5,1.01,1.045
SW95,2024-12-23,0.8560000000000001,5,0.88,0.925
SW95,2024-12-24,0.836,5,0.85,0.875
SW95,2024-12-25,0.8099999999999999,5,0.81,0.8200000000000001
SW95,2024-12-26,0.798,5,0.79,0.76
SW95,2024-12-27,0.74,5,0.75,0.77
SW95,2024-12-28,0.8320000000000001,5,0.82,0.8049999999999999
SW95,2024-12-29,0.916,5,0.9,0.865
SW95,2024-12-30,1.032,5,1.02,0.99
SW95,2024-12-31,1.068,5,1.05,0.99
SW95,2025-01-01,0.96,5,0.96,0.95
SW95,2025-01-02,0.96,5,0.94,0.9
SW95,2025-01-03,0.906,5,0.9,0.895
SW95,2025-01-04,0.9400000000000001,5,0.94,0.9450000000000001
SW95,2025-01-05,0.9380000000000001,5,0.94,0.96
SW95,2025-01-06,0.914,5,0.93,0.955
SW95,2025-01-07,0.93,5,0.92,0.905
SW95,2025-01-08,0.8779999999999999,5,0.89,0.905
SW95,2025-01-09,0.75,5,0.75,0.765
SW95,2025-01-10,0.736,5,0.73,0.705
SW95,2025-01-11,0.8,5,0.78,0.74
SW95,2025-01-12,0.9219999999999999,5,0.89,0.81
SW95,2025-01-13,1.032,5,1.01,0.9650000000000001
SW95,2025-01-14,1.134,5,1.11,1.045
SW95,2025-01-15,1.016,5,1.01,1.005
SW95,2025-01-16,0.9560000000000001,5,0.96,0.97
SW95,2025-01-17,0.99,5,0.99,0.985
SW95,2025-01-18,0.966,5,0.97,0.975
SW95,2025-01-19,0.8320000000000001,5,0.86,0.925
SW95,2025-01-20,0.772,5,0.78,0.7899999999999999
SW95,2025-01-21,0.688,5,0.69,0.7
SW95,2025-01-22,0.6719999999999999,5,0.68,0.685
SW95,2025-01-23,0.552,5,0.57,0.6000000000000001
SW95,2025-01-24,0.476,5,0.48,0.5
SW95,2025-01-25,0.518,5,0.51,0.49
SW95,2025-01-26,0.554,5,0.54,0.52
SW95,2025-01-27,0.67,5,0.65,0.605
SW95,2025-01-28,0.746,5,0.73,0.6900000000000001
SW95,2025-01-29,0.884,5,0.86,0.8099999999999999
SW95,2025-01-30,1.03,5,1.02,0.98
SW95,2025-01-31,1.124,5,1.11,1.08
SW95,2025-02-01,1.1019999999999999,5,1.07,0.985
SW95,2025-02-02,1.022,5,1.02,1.01
SW95,2025-02-03,0.9039999999999999,5,0.92,0.9650000000000001
SW95,2025-02-04,0.7300000000000001,5,0.75,0.8
SW95,2025-02-05,0.656,5,0.68,0.75
SW95,2025-02-06,0.562,5,0.57,0.6
SW95,2025-02-07,0.476,5,0.49,0.515
SW95,2025-02-08,0.43200000000000005,5,0.42,0.375
SW95,2025-02-09,0.462,5,0.45,0.40499999999999997
SW95,2025-02-10,0.602,5,0.58,0.515
SW95,2025-02-11,0.774,5,0.75,0.7000000000000001
SW95,2025-02-12,0.8619999999999999,5,0.84,0.7749999999999999
SW95,2025-02-13,0.924,5,0.9,0.8500000000000001
SW95,2025-02-14,0.954,5,0.94,0.9149999999999999
SW95,2025-02-15,0.916,5,0.92,0.9149999999999999
SW95,2025-02-16,0.8480000000000001,5,0.84,0.835
SW95,2025-02-17,0.748,5,0.76,0.7749999999999999
SW95,2025-02-18,0.624,5,0.64,0.67
SW95,2025-02-19,0.5660000000000001,5,0.58,0.625
SW95,2025-02-20,0.502,5,0.52,0.5700000000000001
SW95,2025-02-21,0.386,5,0.4,0.445
SW95,2025-02-22,0.386,5,0.41,0.455
SW95,2025-02-23,0.364,5,0.36,0.34
SW95,2025-02-24,0.44800000000000006,5,0.44,0.41500000000000004
SW95,2025-02-25,0.58,5,0.56,0.52
SW95,2025-02-26,0.708,5,0.69,0.645
SW95,2025-02-27,0.8620000000000001,5,0.84,0.775
SW95,2025-02-28,1.058,5,1.02,0.94
SW95,2025-03-01,1.1940000000000002,5,1.16,1.065
SW95,2025-03-02,1.234,5,1.21,1.135
SW95,2025-03-03,1.1480000000000001,5,1.13,1.0899999999999999
SW95,2025-03-04,0.9400000000000001,5,0.95,0.965
SW95,2025-03-05,0.744,5,0.78,0.86
SW95,2025-03-06,0.5900000000000001,5,0.62,0.7000000000000001
SW95,2025-03-07,0.42800000000000005,5,0.46,0.54
SW95,2025-03-08,0.384,5,0.42,0.495
SW95,2025-03-09,0.4779999999999999,5,0.47,0.44999999999999996
SW95,2025-03-10,0.502,5,0.49,0.47
SW95,2025-03-11,0.618,5,0.6,0.565
SW95,2025-03-12,0.734,5,0.72,0.675
SW95,2025-03-13,0.95,5,0.92,0.8600000000000001
SW95,2025-03-14,1.142,5,1.11,1.03
SW95,2025-03-15,1.17,5,1.14,1.075
SW95,2025-03-16,1.152,5,1.12,1.03
SW95,2025-03-17,1.092,5,1.07,1.025
SW95,2025-03-18,1.02,5,1.01,0.975
SW95,2025-03-19,0.924,5,0.92,0.895
SW95,2025-03-20,0.766,5,0.78,0.82
SW95,2025-03-21,0.5860000000000001,5,0.61,0.665
SW95,2025-03-22,0.47400000000000003,5,0.5,0.575
SW95,2025-03-23,0.45199999999999996,5,0.47,0.5
SW95,2025-03-24,0.40199999999999997,5,0.41,0.43999999999999995
SW95,2025-03-25,0.438,5,0.43,0.425
SW95,2025-03-26,0.622,5,0.61,0.5750000000000001
SW95,2025-03-27,0.8240000000000001,5,0.81,0.7749999999999999
SW95,2025-03-28,1.062,5,1.05,1.0050000000000001
SW95,2025-03-29,1.262,5,1.23,1.1500000000000001
SW95,2025-03-30,1.3820000000000001,5,1.35,1.255
SW95,2025-03-31,1.444,5,1.42,1.35
SW95,2025-04-01,1.4,5,1.38,1.315
SW95,2025-04-02,1.146,5,1.17,1.22
SW95,2025-04-03,0.9039999999999999,5,0.94,1.025
SW95,2025-04-04,0.762,5,0.8,0.9
SW95,2025-04-05,0.62,5,0.66,0.75
SW95,2025-04-06,0.666,5,0.68,0.725
SW95,2025-04-07,0.604,5,0.6,0.6
SW95,2025-04-08,0.758,5,0.75,0.735
SW95,2025-04-09,0.8440000000000001,5,0.83,0.7999999999999999
SW95,2025-04-10,0.9039999999999999,5,0.89,0.855
SW95,2025-04-11,1.034,5,1.03,1.01
SW95,2025-04-12,1.202,5,1.19,1.1600000000000001
SW95,2025-04-13,1.23,5,1.21,1.145
SW95,2025-04-14,1.236,5,1.21,1.16
SW95,2025-04-15,1.226,5,1.21,1.1600000000000001
SW95,2025-04-16,1.202,5,1.18,1.125
SW95,2025-04-17,1.096,5,1.1,1.1
SW95,2025-04-18,0.962,5,0.98,1.015
SW95,2025-04-19,0.93,5,0.95,0.9950000000000001
SW95,2025-04-20,0.93,5,0.95,0.99
SW95,2025-04-21,0.884,5,0.9,0.94
SW95,2025-04-22,0.826,5,0.84,0.8600000000000001
SW95,2025-04-23,0.9359999999999999,5,0.93,0.915
SW95,2025-04-24,1.1300000000000001,5,1.12,1.1
SW95,2025-04-25,1.376,5,1.34,1.25
SW95,2025-04-26,1.564,5,1.53,1.45
SW95,2025-04-27,1.6600000000000001,5,1.63,1.5550000000000002
SW95,2025-04-28,1.5879999999999999,5,1.57,1.525
SW95,2025-04-29,1.5639999999999998,5,1.54,1.4949999999999999
SW95,2025-04-30,1.598,5,1.56,1.475
SW95,2025-05-01,1.5559999999999998,5,1.53,1.47
SW95,2025-05-02,1.452,5,1.47,1.525
SW95,2025-05-03,1.496,5,1.51,1.545
SW95,2025-05-04,1.416,5,1.44,1.5
SW95,2025-05-05,1.3619999999999999,5,1.38,1.4100000000000001
SW95,2025-05-06,1.29,5,1.29,1.3
SW95,2025-05-07,1.23,5,1.22,1.2
SW95,2025-05-08,1.284,5,1.27,1.25
SW95,2025-05-09,1.318,5,1.31,1.275
SW95,2025-05-10,1.3679999999999999,5,1.36,1.335
SW95,2025-05-11,1.422,5,1.42,1.42
SW95,2025-05-12,1.454,5,1.45,1.455
SW95,2025-05-13,1.494,5,1.49,1.495
SW95,2025-05-14,1.6,5,1.61,1.63
SW95,2025-05-15,1.734,5,1.72,1.67
SW95,2025-05-16,1.722,5,1.72,1.73
SW95,2025-05-17,1.642,5,1.66,1.71
SW95,2025-05-18,1.258,5,1.27,1.315
SW95,2025-05-19,1.29,5,1.3,1.32
SW95,2025-05-20,1.302,5,1.31,1.3450000000000002
SW95,2025-05-21,1.4440000000000002,5,1.44,1.42
SW95,2025-05-22,1.65,5,1.64,1.62
SW95,2025-05-23,1.7100000000000002,5,1.71,1.72
SW95,2025-05-24,1.832,5,1.83,1.81
SW95,2025-05-25,2.04,5,2.03,2.0100000000000002
SW95,2025-05-26,2.146,5,2.15,2.145
SW95,2025-05-27,2.232,5,2.23,2.24
SW95,2025-05-28,2.376,5,2.37,2.355
SW95,2025-05-29,2.682,5,2.68,2.66
SW95,2025-05-30,2.7119999999999997,5,2.72,2.7249999999999996
SW95,2025-05-31,2.1919999999999997,5,2.23,2.31
SW95,2025-06-01,2.148,5,2.17,2.23
SW95,2025-06-02,2.082,5,2.11,2.175
SW95,2025-06-03,2.0940000000000003,5,2.1,2.125
SW95,2025-06-04,2.274,5,2.27,2.2699999999999996
SW95,2025-06-05,2.44,5,2.44,2.44
SW95,2025-06-06,2.564,5,2.56,2.535
SW95,2025-06-07,2.636,5,2.63,2.62
SW95,2025-06-08,2.6399999999999997,5,2.64,2.635
SW95,2025-06-09,2.586,5,2.59,2.5999999999999996
SW95,2025-06-10,2.532,5,2.53,2.535
SW95,2025-06-11,2.476,5,2.47,2.4699999999999998
SW95,2025-06-12,2.4419999999999997,5,2.43,2.41
SW95,2025-06-13,2.38,5,2.37,2.335
SW95,2025-06-14,2.316,5,2.31,2.28
SW95,2025-06-15,2.216,5,2.22,2.24
SW95,2025-06-16,2.182,5,2.2,2.235
SW95,2025-06-17,2.272,5,2.29,2.325
SW95,2025-06-18,2.318,5,2.34,2.38
SW95,2025-06-19,2.2640000000000002,5,2.29,2.34
SW95,2025-06-20,2.226,5,2.23,2.24
SW95,2025-06-21,2.246,5,2.25,2.245
SW95,2025-06-22,2.222,5,2.23,2.245
SW95,2025-06-23,2.282,5,2.28,2.275
SW95,2025-06-24,2.428,5,2.42,2.41
SW95,2025-06-25,2.54,5,2.56,2.5999999999999996
SW95,2025-06-26,2.65,5,2.65,2.6550000000000002
SW95,2025-06-27,2.6879999999999997,5,2.7,2.7199999999999998
SW95,2025-06-28,2.684,5,2.69,2.7
SW95,2025-06-29,2.5940000000000003,5,2.62,2.6950000000000003
SW95,2025-06-30,2.6879999999999997,5,2.68,2.6449999999999996
SW95,2025-07-01,2.6399999999999997,5,2.65,2.66
SW95,2025-07-02,2.622,5,2.63,2.6500000000000004
SW95,2025-07-03,2.626,5,2.62,2.6100000000000003
SW95,2025-07-04,2.516,5,2.52,2.535
SW95,2025-07-05,2.428,5,2.43,2.435
SW95,2025-07-06,2.404,5,2.4,2.38
SW95,2025-07-07,2.444,5,2.45,2.455
SW95,2025-07-08,2.552,5,2.55,2.56
SW95,2025-07-09,2.646,5,2.65,2.66
SW95,2025-07-10,2.694,5,2.7,2.7
SW95,2025-07-11,2.724,5,2.73,2.7350000000000003
SW95,2025-07-12,2.712,5,2.72,2.74
SW95,2025-07-13,2.734,5,2.74,2.77
SW95,2025-07-14,2.8920000000000003,5,2.89,2.885
SW95,2025-07-15,2.768,5,2.78,2.795
SW95,2025-07-16,2.6740000000000004,5,2.68,2.71
SW95,2025-07-17,2.62,5,2.64,2.675
SW95,2025-07-18,2.55,5,2.56,2.58
SW95,2025-07-19,2.5780000000000003,5,2.57,2.55
SW95,2025-07-20,2.6,5,2.58,2.545
SW95,2025-07-21,2.6100000000000003,5,2.61,2.6100000000000003
SW95,2025-07-22,2.71,5,2.71,2.705
SW95,2025-07-23,2.798,5,2.81,2.83
SW95,2025-07-24,2.95,5,2.95,2.94
SW95,2025-07-25,3.2340000000000004,5,3.26,3.315
SW95,2025-07-26,3.28,5,3.26,3.21
SW95,2025-07-27,3.214,5,3.2,3.15
SW95,2025-07-28,3.068,5,3.08,3.1
SW95,2025-07-29,2.9880000000000004,5,3.01,3.0650000000000004
SW95,2025-07-30,2.934,5,2.95,2.9749999999999996
SW95,2025-07-31,2.91,5,2.91,2.91
SW95,2025-08-01,2.818,5,2.83,2.85
SW95,2025-08-02,2.7380000000000004,5,2.75,2.77
SW95,2025-08-03,2.728,5,2.73,2.725
SW95,2025-08-04,2.7079999999999997,5,2.7,2.6900000000000004
SW95,2025-08-05,2.662,5,2.68,2.71
SW95,2025-08-06,2.844,5,2.84,2.835
SW95,2025-08-07,2.978,5,2.98,3.0
SW95,2025-08-08,3.13,5,3.13,3.125
SW95,2025-08-09,3.2340000000000004,5,3.23,3.2199999999999998
SW95,2025-08-10,3.312,5,3.3,3.2750000000000004
SW95,2025-08-11,3.3560000000000003,5,3.35,3.33
SW95,2025-08-12,3.38,5,3.37,3.34
SW95,2025-08-13,3.3280000000000003,5,3.34,3.37
SW95,2025-08-14,3.332,5,3.34,3.37
SW95,2025-08-15,3.406,5,3.41,3.435
SW95,2025-08-16,3.35,5,3.37,3.435
SW95,2025-08-17,3.276,5,3.29,3.3099999999999996
SW95,2025-08-18,3.342,5,3.34,3.34
SW95,2025-08-19,3.374,5,3.38,3.39
SW95,2025-08-20,3.408,5,3.42,3.435
SW95,2025-08-21,3.4299999999999997,5,3.43,3.445
SW95,2025-08-22,3.386,5,3.4,3.42
SW95,2025-08-23,3.446,5,3.44,3.42
SW95,2025-08-24,3.4200000000000004,5,3.41,3.385
SW95,2025-08-25,3.3579999999999997,5,3.34,3.285
SW95,2025-08-26,3.252,5,3.24,3.21
SW95,2025-08-27,3.2060000000000004,5,3.21,3.2199999999999998
SW95,2025-08-28,3.124,5,3.14,3.175
SW95,2025-08-29,3.098,5,3.11,3.135
SW95,2025-08-30,2.9479999999999995,5,2.99,3.0949999999999998
SW95,2025-08-31,2.968,5,2.98,3.01
SW95,2025-09-01,2.92,5,2.93,2.95
SW95,2025-09-02,3.0380000000000003,5,3.02,2.99
SW95,2025-09-03,3.102,5,3.11,3.12
SW95,2025-09-04,3.164,5,3.17,3.1900000000000004
SW95,2025-09-05,3.198,5,3.2,3.2
SW95,2025-09-06,3.18,5,3.18,3.1799999999999997
SW95,2025-09-07,3.228,5,3.22,3.21
SW95,2025-09-08,3.284,5,3.27,3.2199999999999998
SW95,2025-09-09,3.3240000000000003,5,3.3,3.24
SW95,2025-09-10,3.308,5,3.3,3.27
SW95,2025-09-11,3.2359999999999998,5,3.25,3.27
SW95,2025-09-12,3.164,5,3.18,3.2249999999999996
SW95,2025-09-13,3.114,5,3.13,3.165
SW95,2025-09-14,3.056,5,3.07,3.1
SW95,2025-09-15,2.9899999999999998,5,3.0,3.015
SW95,2025-09-16,3.0,5,3.0,3.01
SW95,2025-09-17,2.998,5,2.99,2.985
SW95,2025-09-18,3.0420000000000003,5,3.03,3.0149999999999997
SW95,2025-09-19,3.116,5,3.1,3.07
SW95,2025-09-20,3.162,5,3.15,3.13
SW95,2025-09-21,3.222,5,3.21,3.195
SW95,2025-09-22,3.382,5,3.36,3.3099999999999996
SW95,2025-09-23,3.372,5,3.35,3.2800000000000002
SW95,2025-09-24,3.374,5,3.35,3.3049999999999997
SW95,2025-09-25,3.2939999999999996,5,3.28,3.26
SW95,2025-09-26,3.2700000000000005,5,3.27,3.2800000000000002
SW95,2025-09-27,3.21,5,3.22,3.24
SW95,2025-09-28,3.0460000000000003,5,3.07,3.125
SW95,2025-09-29,2.91,5,2.92,2.95
SW95,2025-09-30,2.758,5,2.77,2.785
SW95,2025-10-01,2.754,5,2.75,2.745
SW95,2025-10-02,2.8600000000000003,5,2.86,2.8449999999999998
SW95,2025-10-03,2.862,5,2.86,2.87
SW95,2025-10-04,2.804,5,2.81,2.815
SW95,2025-10-05,2.79,5,2.78,2.765
SW95,2025-10-06,2.8299999999999996,5,2.82,2.8
SW95,2025-10-07,2.9219999999999997,5,2.91,2.88
SW95,2025-10-08,3.048,5,3.02,2.955
SW95,2025-10-09,3.096,5,3.07,3.01
SW95,2025-10-10,2.964,5,2.97,2.985
SW95,2025-10-11,2.8259999999999996,5,2.85,2.92
SW95,2025-10-12,2.7359999999999998,5,2.75,2.8
SW95,2025-10-13,2.62,5,2.64,2.7
SW95,2025-10-14,2.46,5,2.47,2.5
SW95,2025-10-15,2.3259999999999996,5,2.33,2.3449999999999998
SW95,2025-10-16,2.2399999999999998,5,2.24,2.23
SW95,2025-10-17,2.272,5,2.27,2.25
SW95,2025-10-18,2.262,5,2.26,2.24
SW95,2025-10-19,2.284,5,2.28,2.26
SW95,2025-10-20,2.254,5,2.24,2.215
SW95,2025-10-21,2.2439999999999998,5,2.23,2.19
SW95,2025-10-22,2.2079999999999997,5,2.19,2.14
SW95,2025-10-23,2.19,5,2.17,2.115
SW95,2025-10-24,2.254,5,2.23,2.17
SW95,2025-10-25,2.0420000000000003,5,2.04,2.05
SW95,2025-10-26,1.9460000000000002,5,1.97,2.02
SW95,2025-10-27,1.904,5,1.92,1.955
SW95,2025-10-28,1.8419999999999999,5,1.85,1.875
SW95,2025-10-29,1.834,5,1.83,1.83
SW95,2025-10-30,1.7719999999999998,5,1.77,1.77
SW95,2025-10-31,1.6780000000000002,5,1.68,1.6749999999999998
SW95,2025-11-01,1.67,5,1.67,1.66
SW95,2025-11-02,1.8219999999999998,5,1.81,1.77
SW95,2025-11-03,1.8980000000000001,5,1.89,1.86
SW95,2025-11-04,2.052,5,2.03,1.97
SW95,2025-11-05,2.202,5,2.19,2.1550000000000002
SW95,2025-11-06,2.37,5,2.35,2.31
SW95,2025-11-07,2.452,5,2.43,2.39
SW95,2025-11-08,2.3,5,2.31,2.345
SW95,2025-11-09,2.086,5,2.1,2.1399999999999997
SW95,2025-11-10,1.954,5,1.98,2.06
SW95,2025-11-11,1.8039999999999998,5,1.82,1.8599999999999999
SW95,2025-11-12,1.6740000000000002,5,1.69,1.72
SW95,2025-11-13,1.576,5,1.59,1.625
SW95,2025-11-14,1.518,5,1.52,1.51
SW95,2025-11-15,1.5,5,1.49,1.46
SW95,2025-11-16,1.516,5,1.51,1.495
SW95,2025-11-17,1.558,5,1.55,1.5150000000000001
SW95,2025-11-18,1.6199999999999999,5,1.61,1.575
SW95,2025-11-19,1.65,5,1.64,1.6199999999999999
SW95,2025-11-20,1.672,5,1.66,1.635
SW95,2025-11-21,1.658,5,1.65,1.6149999999999998
SW95,2025-11-22,1.59,5,1.58,1.5699999999999998
SW95,2025-11-23,1.502,5,1.5,1.495
SW95,2025-11-24,1.3800000000000001,5,1.39,1.4
SW95,2025-11-25,1.27,5,1.28,1.315
SW95,2025-11-26,1.23,5,1.24,1.26
SW95,2025-11-27,1.172,5,1.18,1.2
SW95,2025-11-28,1.114,5,1.12,1.14
SW95,2025-11-29,1.082,5,1.08,1.09
SW95,2025-11-30,1.078,5,1.08,1.085
SW95,2025-12-01,1.15,5,1.14,1.11
SW95,2025-12-02,1.206,5,1.2,1.17
SW95,2025-12-03,1.254,5,1.24,1.205
SW95,2025-12-04,1.302,5,1.29,1.25
SW95,2025-12-05,1.3699999999999999,5,1.36,1.35
SW95,2025-12-06,1.3820000000000001,5,1.38,1.36
SW95,2025-12-07,1.274,5,1.28,1.28
SW95,2025-12-08,1.1780000000000002,5,1.19,1.21
SW95,2025-12-09,1.152,5,1.16,1.17
SW95,2025-12-10,1.028,5,1.04,1.06
SW95,2025-12-11,0.9480000000000001,5,0.97,1.01
SW95,2025-12-12,0.892,5,0.91,0.96
SW95,2025-12-13,0.812,5,0.84,0.8999999999999999
SW95,2025-12-14,0.764,5,0.78,0.8200000000000001
SW95,2025-12-15,0.7220000000000001,5,0.72,0.72
SW95,2025-12-16,0.748,5,0.75,0.745
SW95,2025-12-17,0.798,5,0.79,0.755
SW95,2025-12-18,0.842,5,0.83,0.81
SW95,2025-12-19,0.9400000000000001,5,0.94,0.94
SW95,2025-12-20,1.002,5,1.0,0.9950000000000001
SW95,2025-12-21,1.03,5,1.02,0.9949999999999999
SW95,2025-12-22,0.9460000000000001,5,0.95,0.9600000000000001
SW95,2025-12-23,0.95,5,0.95,0.9600000000000001
SW95,2025-12-24,0.906,5,0.92,0.9400000000000001
SW95,2025-12-25,0.8300000000000001,5,0.83,0.835
SW95,2025-12-26,0.746,5,0.77,0.825
SW95,2025-12-27,0.728,5,0.74,0.77
SW95,2025-12-28,0.6980000000000001,5,0.71,0.725
SW95,2025-12-29,0.662,5,0.67,0.6900000000000001
SW95,2025-12-30,0.61,5,0.62,0.65
SW95,2025-12-31,0.638,5,0.63,0.605
